Date,S.No,Symbol,Conf.,Open,High,Low,Close,LTP,Close - LTP,Close - LTP %,VWAP,Vol,Prev. Close,Turnover,Trans.,Diff,Range,Diff %,Range %,VWAP %,52 Weeks High,52 Weeks Low,120 Days,180 Days
2025/08/25,11,ANLB,34.02,5660.0,5965.0,5660.0,5845.54,"5,900.00",-54.46,-0.01,"5,743.01",772.00,"5,770.52","4,433,604.90",49,75.02,305.0,1.3,5.39,1.75,"6,735.00","3,070.10",,
2025/08/26,10,ANLB,34.52,5732.1,5864.9,5619.0,5840.55,"5,864.90",-24.35,0.0,"5,656.04","1,324.00","5,845.54","7,488,603.00",33,-4.99,245.9,-0.09,4.38,3.16,"6,735.00","3,414.40",,
2025/08/27,10,ANLB,21.9,5750.0,5800.0,5735.1,5777.51,"5,800.00",-22.49,0.0,"5,740.62",284.00,"5,840.55","1,630,335.30",34,-63.04,64.9,-1.08,1.13,0.64,"6,735.00","3,414.40",,
2025/08/28,9,ANLB,33.65,5666.2,5890.0,5666.2,5864.55,"5,890.00",-25.45,0.0,"5,726.19",819.00,"5,777.51","4,689,747.70",51,87.04,223.8,1.51,3.95,2.36,"6,735.00","3,616.00",,
2025/08/31,9,ANLB,37.86,5750.0,5835.0,5750.0,5809.8,"5,829.00",-19.2,0.0,"5,780.49",184.00,"5,864.55","1,063,609.50",19,-54.75,85.0,-0.93,1.48,0.5,"6,735.00","3,840.00",,
2025/09/01,10,ANLB,23.81,5809.8,5840.0,5775.1,5835.33,"5,840.00",-4.67,0.0,"5,804.21",435.00,"5,809.80","2,524,830.60",40,25.53,64.9,0.44,1.12,0.53,"6,735.00","3,840.00",,
2025/09/02,10,ANLB,23.14,5719.1,5832.9,5719.0,5800.0,"5,800.00",0.0,0.0,"5,796.86",386.00,"5,835.33","2,237,588.60",32,-35.33,113.9,-0.61,1.99,0.05,"6,735.00","3,840.00",,
2025/09/03,10,ANLB,49.52,5701.1,5864.9,5700.0,5851.61,"5,864.90",-13.29,0.0,"5,777.25","3,501.00","5,800.00","20,226,162.40",47,51.61,164.9,0.89,2.89,1.27,"6,735.00","3,996.00",,
2025/09/04,10,ANLB,43.52,5800.0,6199.9,5800.0,6032.24,"6,199.90",-167.66,-0.03,"5,813.42","8,031.00","5,851.61","46,687,556.30",123,180.63,399.9,3.09,6.89,3.63,"6,735.00","4,116.00",,
2025/09/07,10,ANLB,40.51,5915.1,6176.0,5913.1,6080.18,"6,149.90",-69.72,-0.01,"6,027.29",797.00,"6,032.24","4,803,750.40",73,47.94,262.9,0.79,4.45,0.87,"6,735.00","4,146.00",,
2025/09/08,10,ANLB,41.78,5960.0,6299.0,5960.0,6230.15,"6,228.00",2.15,0.0,"6,078.90","1,163.00","6,080.18","7,069,763.50",95,149.97,339.0,2.47,5.69,2.43,"6,735.00","4,146.00",,
2025/09/21,10,ANLB,24.16,6105.6,6300.0,5900.0,6101.66,"6,300.00",-198.34,-0.03,"5,971.04","1,770.00","6,230.15","10,568,735.00",56,-128.49,400.00,-2.06,6.78,2.14,"6,735.00","4,146.00",,
2025/09/23,10,ANLB,21.84,6000.0,6263.0,6000.0,6145.0,"6,145.00",0.0,0.0,"6,064.81",395.00,"6,101.66","2,395,599.20",44,43.34,263.0,0.71,4.38,1.3,"6,735.00","4,146.00",,
2025/09/24,9,ANLB,26.27,6030.0,6288.0,6030.0,6288.0,"6,288.00",0.0,0.0,"6,111.72",527.00,"6,145.00","3,220,878.30",57,143.00,258.0,2.33,4.28,2.8,"6,735.00","4,146.00",,
2025/09/25,10,ANLB,24.0,6162.3,6284.0,6080.1,6244.0,"6,244.00",0.0,0.0,"6,159.94",939.00,"6,288.00","5,784,182.10",76,-44.0,203.9,-0.7,3.35,1.35,"6,735.00","4,146.00","5,534.00","5,444.07"
2025/07/30,10,ANLB,44.37,5677.1,5899.0,5677.1,5812.02,"5,899.00",-86.98,-0.01,"5,732.93",425.00,"5,791.76","2,436,494.60",42,20.26,221.9,0.35,3.91,1.36,"6,735.00","2,715.00",,
2025/07/31,10,ANLB,32.18,5812.02,5865.0,5684.1,5808.88,"5,865.00",-56.12,-0.01,"5,760.16",252.00,"5,812.02","1,451,560.70",32,-3.14,180.9,-0.05,3.18,0.84,"6,735.00","2,715.00",,
2025/08/03,10,ANLB,30.32,5700.4,5889.0,5700.1,5752.73,"5,825.00",-72.27,-0.01,"5,773.78",530.00,"5,808.88","3,060,103.40",55,-56.15,188.9,-0.97,3.31,-0.37,"6,735.00","2,753.00",,
2025/08/04,10,ANLB,32.99,5700.0,5786.0,5675.1,5701.0,"5,701.00",0.0,0.0,"5,694.39",451.00,"5,752.73","2,568,169.50",53,-51.73,110.9,-0.9,1.95,0.12,"6,735.00","2,753.00",,
2025/08/05,10,ANLB,33.99,5701.0,5865.0,5600.0,5762.68,"5,780.00",-17.32,0.0,"5,697.71","1,139.00","5,701.00","6,489,690.80",76,61.68,265.0,1.08,4.73,1.13,"6,735.00","2,753.00",,
2025/08/06,10,ANLB,28.12,5859.0,5877.0,5676.2,5761.96,"5,819.90",-57.94,-0.01,"5,752.22",735.00,"5,762.68","4,227,885.20",44,-0.72,200.80,-0.01,3.54,0.17,"6,735.00","2,792.00",,
2025/08/07,10,ANLB,28.25,5700.2,5858.8,5700.2,5814.45,"5,858.80",-44.35,-0.01,"5,742.98",527.00,"5,761.96","3,026,550.80",41,52.49,158.6,0.91,2.78,1.23,"6,735.00","2,792.00",,
2025/08/11,10,ANLB,40.12,5698.2,5812.1,5650.0,5715.62,"5,706.00",9.62,0.0,"5,672.96","2,587.00","5,814.45","14,675,939.00",34,-98.83,162.1,-1.7,2.87,0.75,"6,735.00","2,792.00",,
2025/08/12,10,ANLB,30.06,5655.0,5809.1,5655.0,5781.97,"5,809.00",-27.03,0.0,"5,705.19",635.00,"5,715.62","3,622,797.90",54,66.35,154.1,1.16,2.73,1.33,"6,735.00","2,792.00",,
2025/08/13,9,ANLB,26.32,5667.0,5813.0,5667.0,5772.53,"5,813.00",-40.47,-0.01,"5,751.11",298.00,"5,781.97","1,713,829.80",36,-9.44,146.0,-0.16,2.58,0.37,"6,735.00","2,792.00",,
2025/08/14,10,ANLB,26.76,5700.0,5844.0,5700.0,5807.49,"5,735.40",72.09,0.01,"5,765.17",454.00,"5,772.53","2,617,388.00",35,34.96,144.0,0.61,2.53,0.73,"6,735.00","2,792.00",,
2025/08/17,9,ANLB,26.5,5701.1,5829.0,5701.1,5778.34,"5,829.00",-50.66,-0.01,"5,752.15",769.00,"5,807.49","4,423,400.90",45,-29.15,127.9,-0.5,2.24,0.45,"6,735.00","2,902.70",,
2025/08/18,12,ANLB,30.34,5778.34,5840.9,5730.2,5837.17,"5,840.90",-3.73,0.0,"5,785.06",115.00,"5,778.34","665,281.60",18,58.83,110.7,1.02,1.93,0.89,"6,735.00","2,902.70",,
2025/08/19,9,ANLB,32.16,5720.5,5840.0,5720.5,5832.96,"5,830.00",2.96,0.0,"5,812.50",735.00,"5,837.17","4,272,189.60",20,-4.21,119.5,-0.07,2.09,0.35,"6,735.00","2,902.70",,
2025/08/20,10,ANLB,29.7,5720.0,5840.0,5720.0,5823.12,"5,839.90",-16.78,0.0,"5,774.81",475.00,"5,832.96","2,743,035.50",37,-9.84,120.0,-0.17,2.1,0.83,"6,735.00","2,902.70",,
2025/08/21,10,ANLB,26.82,5720.0,5869.9,5720.0,5833.57,"5,864.00",-30.43,-0.01,"5,795.10",265.00,"5,823.12","1,535,701.60",38,10.45,149.9,0.18,2.62,0.66,"6,735.00","2,902.70",,
2025/07/07,9,ANLB,30.91,5635.0,5635.0,5485.3,5559.46,"5,584.00",-24.54,0.0,"5,516.40",612.00,"5,596.95","3,376,039.30",24,-37.49,149.7,-0.67,2.73,0.77,"6,735.00","2,345.00",,
2025/07/08,9,ANLB,42.61,5450.0,5572.0,5450.0,5561.72,"5,572.00",-10.28,0.0,"5,494.98",179.00,"5,559.46","983,601.10",15,2.26,122.0,0.04,2.24,1.2,"6,735.00","2,345.00",,
2025/07/09,9,ANLB,49.61,5451.0,5840.0,5451.0,5705.77,"5,684.00",21.77,0.0,"5,545.95","1,513.00","5,561.72","8,391,026.80",47,144.05,389.0,2.59,7.14,2.8,"6,735.00","2,450.00",,
2025/07/10,10,ANLB,44.94,5591.7,5695.0,5479.1,5676.54,"5,695.00",-18.46,0.0,"5,585.93",549.00,"5,705.77","3,066,675.20",39,-29.23,215.9,-0.51,3.94,1.6,"6,735.00","2,550.00",,
2025/07/13,10,ANLB,27.08,5700.0,5780.0,5516.0,5534.0,"5,530.00",4.0,0.0,"5,550.09",465.00,"5,676.54","2,580,794.10",33,-142.54,264.0,-2.51,4.79,-0.29,"6,735.00","2,550.00",,
2025/07/14,10,ANLB,40.06,5534.0,5635.0,5427.0,5595.27,"5,635.00",-39.73,-0.01,"5,509.18",302.00,"5,534.00","1,663,773.00",13,61.27,208.00,1.11,3.83,1.54,"6,735.00","2,550.00",,
2025/07/15,10,ANLB,40.64,5485.0,5638.9,5485.0,5596.96,"5,638.90",-41.94,-0.01,"5,501.84",996.00,"5,595.27","5,479,835.40",15,1.69,153.90,0.03,2.81,1.7,"6,735.00","2,550.00",,
2025/07/16,10,ANLB,33.03,5525.0,5626.0,5520.1,5530.06,"5,530.00",0.06,0.0,"5,528.72","2,890.00","5,596.96","15,977,991.20",24,-66.9,105.9,-1.2,1.92,0.02,"6,735.00","2,616.70",,
2025/07/17,9,ANLB,29.98,5521.0,5595.0,5505.2,5580.0,"5,580.00",0.0,0.0,"5,514.09",775.00,"5,530.06","4,273,421.90",27,49.94,89.80,0.9,1.63,1.18,"6,735.00","2,616.70",,
2025/07/20,9,ANLB,36.63,5468.4,5580.0,5468.4,5540.3,"5,540.00",0.3,0.0,"5,487.25",803.00,"5,580.00","4,406,261.10",33,-39.7,111.6,-0.71,2.04,0.96,"6,735.00","2,616.70",,
2025/07/21,10,ANLB,37.67,5431.2,5649.0,5220.0,5600.29,"5,627.00",-26.71,0.0,"5,333.38","8,555.00","5,540.30","45,627,076.80",71,59.99,429.0,1.08,8.22,4.77,"6,735.00","2,616.70",,
2025/07/22,10,ANLB,41.1,5489.0,5760.0,5489.0,5717.05,"5,660.00",57.05,0.01,"5,609.12","2,296.00","5,600.29","12,878,543.80",102,116.76,271.0,2.08,4.94,1.89,"6,735.00","2,616.70",,
2025/07/23,10,ANLB,46.33,5830.0,5830.0,5550.0,5633.84,"5,632.20",1.64,0.0,"5,556.25","3,395.00","5,717.05","18,863,474.60",55,-83.21,280.00,-1.46,5.05,1.38,"6,735.00","2,616.70",,
2025/07/24,10,ANLB,47.36,5611.1,5929.0,5532.0,5785.0,"5,795.00",-10.0,0.0,"5,599.86","1,978.00","5,633.84","11,076,526.20",59,151.16,397.0,2.68,7.18,3.2,"6,735.00","2,616.70",,
2025/07/27,10,ANLB,47.03,5700.0,5813.0,5672.0,5764.37,"5,813.00",-48.63,-0.01,"5,705.25",624.00,"5,785.00","3,560,074.50",62,-20.63,141.0,-0.36,2.49,1.03,"6,735.00","2,715.00",,
2025/07/28,10,ANLB,40.39,5764.37,5764.37,5600.0,5686.99,"5,698.00",-11.01,0.0,"5,607.41","1,763.00","5,764.37","9,885,860.70",48,-77.38,164.37,-1.34,2.94,1.4,"6,735.00","2,715.00",,
2025/06/12,10,ANLB,30.56,5462.3,5680.0,5462.3,5617.98,"5,680.00",-62.02,-0.01,"5,491.41","1,644.00","5,573.11","9,027,873.70",38,44.87,217.7,0.81,3.99,2.25,"6,735.00","2,290.10",,
2025/06/15,10,ANLB,18.77,5506.0,5550.0,5450.0,5510.0,"5,510.00",0.0,0.0,"5,512.17",168.00,"5,617.98","926,045.00",14,-107.98,100.0,-1.92,1.83,-0.04,"6,735.00","2,290.10",,
2025/06/16,10,ANLB,23.31,5510.0,5599.0,5404.0,5500.45,"5,577.00",-76.55,-0.01,"5,457.68",505.00,"5,510.00","2,756,127.00",24,-9.55,195.0,-0.17,3.61,0.78,"6,735.00","2,290.10",,
2025/06/17,10,ANLB,25.2,5391.1,5599.0,5391.1,5555.5,"5,555.50",0.0,0.0,"5,532.83",271.00,"5,500.45","1,499,396.20",17,55.05,207.9,1.0,3.86,0.41,"6,735.00","2,290.10",,
2025/06/18,10,ANLB,28.68,5445.0,5550.0,5346.1,5538.4,"5,550.00",-11.6,0.0,"5,469.12",936.00,"5,555.50","5,119,091.90",34,-17.1,203.9,-0.31,3.81,1.25,"6,735.00","2,290.10",,
2025/06/19,10,ANLB,21.23,5538.4,5538.4,5400.1,5479.24,"5,532.00",-52.76,-0.01,"5,456.84",300.00,"5,538.40","1,637,052.00",18,-59.16,138.30,-1.07,2.56,0.41,"6,735.00","2,300.30",,
2025/06/22,10,ANLB,20.39,5401.2,5487.0,5377.3,5377.3,"5,377.30",0.0,0.0,"5,400.86",221.00,"5,479.24","1,193,589.80",16,-101.94,109.70,-1.86,2.04,-0.44,"6,735.00","2,300.30",,
2025/06/23,10,ANLB,35.58,5301.0,5415.2,5300.0,5415.2,"5,415.20",0.0,0.0,"5,322.57","1,374.00","5,377.30","7,313,215.00",26,37.9,115.20,0.7,2.17,1.71,"6,735.00","2,300.30",,
2025/06/24,10,ANLB,24.55,5311.1,5565.0,5311.1,5447.98,"5,565.00",-117.02,-0.02,"5,425.90",703.00,"5,415.20","3,814,405.40",36,32.78,253.90,0.61,4.78,0.41,"6,735.00","2,300.30",,
2025/06/25,10,ANLB,24.6,5339.1,5562.9,5339.1,5500.0,"5,500.00",0.0,0.0,"5,419.81",672.00,"5,447.98","3,642,110.50",20,52.02,223.8,0.95,4.19,1.46,"6,735.00","2,300.30",,
2025/06/26,10,ANLB,24.0,6162.3,6284.0,6080.1,6244.0,"6,244.00",0.0,0.0,"6,159.94",939.00,"6,288.00","5,784,182.10",76,-44.0,203.9,-0.7,3.35,1.35,"6,735.00","4,146.00","5,534.00","5,444.07"
2025/06/29,10,ANLB,36.81,5465.0,5649.0,5420.3,5568.98,"5,649.00",-80.02,-0.01,"5,461.00",232.00,"5,565.42","1,266,951.90",18,3.56,228.7,0.06,4.22,1.94,"6,735.00","2,300.30",,
2025/06/30,10,ANLB,34.71,5500.0,5590.0,5485.0,5577.25,"5,590.00",-12.75,0.0,"5,525.31",88.00,"5,568.98","486,227.00",13,8.27,105.00,0.15,1.91,0.93,"6,735.00","2,300.30",,
2025/07/01,10,ANLB,35.24,5465.8,5593.8,5465.8,5547.0,"5,500.20",46.8,0.01,"5,506.22",97.00,"5,577.25","534,103.50",6,-30.25,128.0,-0.54,2.34,0.74,"6,735.00","2,300.30",,
2025/07/02,10,ANLB,45.58,5437.0,5609.0,5310.0,5576.09,"5,570.00",6.09,0.0,"5,424.07","1,996.00","5,547.00","10,826,452.00",21,29.09,299.0,0.52,5.63,2.73,"6,735.00","2,300.30",,
2025/07/03,10,ANLB,36.81,5465.0,5598.8,5465.0,5578.34,"5,598.80",-20.46,0.0,"5,545.88",109.00,"5,576.09","604,501.40",11,2.25,133.8,0.04,2.45,0.58,"6,735.00","2,300.30",,
2025/05/18,9,ANLB,22.76,5250.0,5348.0,5238.1,5248.03,"5,238.10",9.93,0.0,"5,257.94",336.00,"5,345.00","1,766,669.40",27,-96.97,109.9,-1.81,2.1,-0.19,"6,735.00","2,150.00",,
2025/05/19,10,ANLB,28.04,5151.1,5304.0,5055.2,5299.5,"5,300.00",-0.5,0.0,"5,104.62","1,745.00","5,248.03","8,907,558.70",39,51.47,248.80,0.98,4.92,3.68,"6,735.00","2,150.00",,
2025/05/20,9,ANLB,28.33,5194.0,5285.0,5160.0,5207.66,"5,200.00",7.66,0.0,"5,198.26",234.00,"5,299.50","1,216,392.20",24,-91.84,125.0,-1.73,2.42,0.18,"6,735.00","2,200.20",,
2025/05/21,10,ANLB,24.0,6162.3,6284.0,6080.1,6244.0,"6,244.00",0.0,0.0,"6,159.94",939.00,"6,288.00","5,784,182.10",76,-44.0,203.9,-0.7,3.35,1.35,"6,735.00","4,146.00","5,534.00","5,444.07"
2025/05/22,9,ANLB,47.35,5200.0,5500.0,5153.4,5415.05,"5,450.00",-34.95,-0.01,"5,211.98","5,985.00","5,237.27","31,193,701.60",81,177.78,346.60,3.39,6.73,3.75,"6,735.00","2,200.20",,
2025/05/25,9,ANLB,40.05,5310.0,5360.0,5306.8,5353.13,"5,340.10",13.03,0.0,"5,332.84",259.00,"5,415.05","1,381,206.00",20,-61.92,53.2,-1.14,1.0,0.38,"6,735.00","2,200.20",,
2025/05/26,10,ANLB,42.81,5353.13,5500.0,5300.4,5424.18,"5,500.00",-75.82,-0.01,"5,396.42",927.00,"5,353.13","5,002,482.00",60,71.05,199.6,1.33,3.77,0.51,"6,735.00","2,200.20",,
2025/05/27,11,ANLB,48.71,5331.1,5439.0,5331.1,5437.3,"5,429.00",8.3,0.0,"5,435.38","3,022.00","5,424.18","16,425,721.90",30,13.12,107.9,0.24,2.02,0.04,"6,735.00","2,200.20",,
2025/05/28,10,ANLB,42.38,5437.3,5498.0,5345.4,5485.52,"5,485.00",0.52,0.0,"5,398.08",337.00,"5,437.30","1,819,151.90",21,48.22,152.6,0.89,2.85,1.59,"6,735.00","2,200.20",,
2025/06/02,9,ANLB,42.08,5376.0,5508.0,5350.0,5477.73,"5,500.00",-22.27,0.0,"5,486.63","2,906.00","5,485.52","15,944,140.60",50,-7.79,158.00,-0.14,2.95,-0.16,"6,735.00","2,200.20",,
2025/06/03,10,ANLB,47.09,5477.73,5650.0,5400.7,5594.41,"5,650.00",-55.59,-0.01,"5,532.81","4,508.00","5,477.73","24,941,888.30",90,116.68,249.3,2.13,4.62,1.1,"6,735.00","2,222.20",,
2025/06/04,10,ANLB,35.62,5550.0,5619.0,5450.2,5577.16,"5,619.00",-41.84,-0.01,"5,497.06",516.00,"5,594.41","2,836,484.00",27,-17.25,168.8,-0.31,3.1,1.44,"6,735.00","2,290.10",,
2025/06/05,10,ANLB,34.57,5466.0,5661.0,5466.0,5594.28,"5,661.00",-66.72,-0.01,"5,509.83",271.00,"5,577.16","1,493,163.70",22,17.12,195.0,0.31,3.57,1.51,"6,735.00","2,290.10",,
2025/06/08,11,ANLB,37.71,5483.1,5619.0,5483.1,5610.46,"5,609.00",1.46,0.0,"5,559.82",158.00,"5,594.28","878,451.70",15,16.18,135.9,0.29,2.48,0.9,"6,735.00","2,290.10",,
2025/06/09,10,ANLB,34.33,5500.1,5550.0,5418.0,5550.0,"5,550.00",0.0,0.0,"5,493.90",215.00,"5,610.46","1,181,188.60",18,-60.46,132.0,-1.08,2.44,1.01,"6,735.00","2,290.10",,
2025/06/10,9,ANLB,25.08,5639.0,5650.0,5440.1,5575.17,"5,628.00",-52.83,-0.01,"5,527.54",429.00,"5,550.00","2,371,315.60",27,25.17,209.9,0.45,3.86,0.85,"6,735.00","2,290.10",,
2024/08/12,10,ANLB,66.91,3126.4,3386.0,3126.4,3386.0,"3,386.00",0.0,0.0,"3,301.04","5,770.00","3,190.20","19,046,975.30",126,195.8,259.60,6.14,8.3,2.51,"3,386.00","1,550.00",,
2024/09/09,9,ANLB,48.46,5185.0,5199.0,5000.0,5085.1,"5,085.10",0.0,0.0,"5,091.39","2,902.00","5,290.00","14,775,208.40",150,-204.90,199.0,-3.87,3.98,-0.12,"5,624.00","1,550.00",,
2024/10/07,9,ANLB,-,4707.0,4780.0,4625.0,4705.0,"4,705.00",0.0,0.0,"4,710.71",857.00,"4,800.00","4,037,076.40",44,-95.00,155.00,-1.98,3.35,-0.12,"5,705.00","1,550.00",,
2024/11/10,10,ANLB,-,4704.0,4850.0,4700.0,4700.0,"4,700.00",0.0,0.0,"4,722.92","1,809.00","4,800.00","8,543,770.50",53,-100.0,150.00,-2.08,3.19,-0.49,"5,705.00","1,550.00",,
2024/12/04,9,ANLB,34.96,5120.0,5120.0,5017.1,5017.1,"5,017.10",0.0,0.0,"5,032.70",828.00,"5,100.00","4,167,073.80",30,-82.9,102.9,-1.63,2.05,-0.31,"5,705.00","1,550.00",,
2025/01/01,9,ANLB,42.41,5504.0,6090.0,5400.0,6090.0,"6,090.00",0.0,0.0,"5,589.36","1,731.00","5,540.00","9,675,182.40",105,550.0,690.0,9.93,12.78,8.22,"6,530.00","1,677.00",,
2025/01/27,10,ANLB,38.38,4765.0,5109.3,4765.0,5050.0,"5,050.00",0.0,0.0,"5,032.31","1,400.00","4,861.00","7,045,232.20",58,189.00,344.30,3.89,7.23,0.35,"6,735.00","1,777.60",,
2025/02/24,10,ANLB,26.56,4990.0,4990.0,4892.0,4892.0,"4,892.00",0.0,0.0,"4,912.41",624.00,"4,964.90","3,065,344.50",33,-72.90,98.00,-1.47,2.0,-0.42,"6,735.00","1,839.60",,
2025/03/23,9,ANLB,21.9,5070.0,5079.0,5005.0,5015.12,"5,048.90",-33.78,-0.01,"5,012.21","1,303.00","5,055.00","6,530,904.00",44,-39.88,74.0,-0.79,1.48,0.06,"6,735.00","1,894.00",,
2025/04/20,10,ANLB,24.62,5300.0,5460.0,5257.1,5370.83,"5,370.50",0.33,0.0,"5,309.89",866.00,"5,352.95","4,598,367.00",32,17.88,202.9,0.33,3.86,1.13,"6,735.00","1,910.00",,
2025/05/15,9,ANLB,26.23,5097.9,5353.9,5097.9,5345.0,"5,345.00",0.0,0.0,"5,278.03",877.00,"5,156.50","4,628,834.00",39,188.5,256.0,3.66,5.02,1.25,"6,735.00","2,093.00",,
2025/06/11,10,ANLB,22.27,5575.17,5580.0,5474.1,5573.11,"5,580.00",-6.89,0.0,"5,520.17",156.00,"5,575.17","861,146.70",18,-2.06,105.90,-0.04,1.93,0.95,"6,735.00","2,290.10",,
2025/07/06,10,ANLB,47.56,5668.9,5669.0,5470.0,5596.95,"5,597.00",-0.05,0.0,"5,549.74","1,290.00","5,578.34","7,159,170.00",20,18.61,199.0,0.33,3.64,0.84,"6,735.00","2,345.00",,
2025/07/29,10,ANLB,40.99,5605.1,5800.0,5605.1,5791.76,"5,800.00",-8.24,0.0,"5,687.13",791.00,"5,686.99","4,498,519.10",76,104.77,194.90,1.84,3.48,1.81,"6,735.00","2,715.00",,
2025/08/24,10,ANLB,24.47,5751.1,5831.9,5750.0,5770.52,"5,750.00",20.52,0.0,"5,754.72",289.00,"5,833.57","1,663,112.70",32,-63.05,81.9,-1.08,1.42,0.27,"6,735.00","3,070.10",,
2025/04/21,9,ANLB,26.36,5320.0,5450.0,5300.3,5412.74,"5,400.00",12.74,0.0,"5,394.21",734.00,"5,370.83","3,959,349.50",48,41.91,149.7,0.78,2.82,0.34,"6,735.00","1,910.00",,
2025/04/22,10,ANLB,35.43,5305.0,5453.0,5305.0,5361.74,"5,360.00",1.74,0.0,"5,377.91",814.00,"5,412.74","4,377,615.40",35,-51.0,148.0,-0.94,2.79,-0.3,"6,735.00","1,910.00",,
2025/04/23,10,ANLB,33.11,5361.74,5437.0,5280.0,5357.33,"5,330.00",27.33,0.01,"5,330.08",842.00,"5,361.74","4,487,925.70",39,-4.41,157.0,-0.08,2.97,0.51,"6,735.00","1,910.00",,
2025/04/24,9,ANLB,38.36,5270.0,5457.0,5260.1,5416.94,"5,400.00",16.94,0.0,"5,315.48","3,661.00","5,357.33","19,459,975.10",49,59.61,196.9,1.11,3.74,1.87,"6,735.00","1,910.00",,
2025/04/27,9,ANLB,22.67,5320.1,5321.0,5320.0,5320.12,"5,320.00",0.12,0.0,"5,319.58",442.00,"5,416.94","2,351,253.80",25,-96.82,1.0,-1.79,0.02,0.01,"6,735.00","1,910.00",,
2025/04/28,10,ANLB,24.98,5285.0,5349.0,5280.0,5300.11,"5,300.10",0.01,0.0,"5,298.58",908.00,"5,320.12","4,811,106.40",45,-20.01,69.0,-0.38,1.31,0.03,"6,735.00","1,910.00",,
2025/04/29,9,ANLB,20.97,5295.0,5295.0,5200.0,5220.28,"5,220.00",0.28,0.0,"5,224.69",319.00,"5,300.11","1,666,677.00",21,-79.83,95.0,-1.51,1.83,-0.08,"6,735.00","1,910.00",,
2025/04/30,10,ANLB,26.32,5250.0,5460.0,5200.0,5356.94,"5,445.00",-88.06,-0.02,"5,286.13",829.00,"5,220.28","4,382,203.00",46,136.66,260.0,2.62,5.0,1.32,"6,735.00","1,920.20",,
2025/05/04,10,ANLB,22.06,5398.0,5398.0,5271.0,5301.0,"5,301.00",0.0,0.0,"5,296.87",159.00,"5,356.94","842,201.60",13,-55.94,127.0,-1.04,2.41,0.08,"6,735.00","1,920.20",,
2025/05/05,9,ANLB,25.94,5250.1,5400.0,5250.0,5310.1,"5,310.10",0.0,0.0,"5,304.39",421.00,"5,301.00","2,233,148.00",17,9.1,150.0,0.17,2.86,0.11,"6,735.00","1,920.20",,
2025/05/06,10,ANLB,24.08,5300.0,5300.0,5252.0,5268.96,"5,252.00",16.96,0.0,"5,267.16",93.00,"5,310.10","489,846.00",11,-41.14,48.0,-0.77,0.91,0.03,"6,735.00","1,920.20",,
2025/05/07,9,ANLB,23.9,5200.1,5300.0,5200.0,5299.14,"5,300.00",-0.86,0.0,"5,241.28",563.00,"5,268.96","2,950,839.20",31,30.18,100.0,0.57,1.92,1.09,"6,735.00","1,950.00",,
2025/05/08,9,ANLB,25.37,5200.4,5400.0,5200.4,5400.0,"5,400.00",0.0,0.0,"5,298.08",157.00,"5,299.14","831,798.90",12,100.86,199.6,1.9,3.84,1.89,"6,735.00","1,975.00",,
2025/05/11,9,ANLB,37.9,5400.0,5400.0,5200.3,5397.0,"5,397.00",0.0,0.0,"5,212.79","2,300.00","5,400.00","11,989,417.60",36,-3.0,199.7,-0.06,3.84,3.41,"6,735.00","1,980.40",,
2025/05/13,9,ANLB,31.76,5407.0,5407.0,5200.0,5266.96,"5,300.00",-33.04,-0.01,"5,240.16",212.00,"5,397.00","1,110,914.90",18,-130.04,207.0,-2.41,3.98,0.51,"6,735.00","1,980.40",,
2025/05/14,9,ANLB,29.69,5266.96,5280.0,5145.0,5156.5,"5,150.50",6.0,0.0,"5,164.45",631.00,"5,266.96","3,258,768.50",36,-110.46,135.0,-2.1,2.62,-0.15,"6,735.00","2,010.00",,
2025/03/24,10,ANLB,29.22,4999.0,5197.0,4999.0,5109.65,"5,197.00",-87.35,-0.02,"5,016.57","1,998.00","5,015.12","10,023,110.20",58,94.53,198.0,1.88,3.96,1.82,"6,735.00","1,894.00",,
2025/03/25,9,ANLB,19.19,5009.9,5179.0,5007.5,5011.73,"5,030.00",-18.27,0.0,"5,018.44",384.00,"5,109.65","1,927,080.50",27,-97.92,171.5,-1.92,3.42,-0.13,"6,735.00","1,894.00",,
2025/03/26,10,ANLB,24.0,6162.3,6284.0,6080.1,6244.0,"6,244.00",0.0,0.0,"6,159.94",939.00,"6,288.00","5,784,182.10",76,-44.0,203.9,-0.7,3.35,1.35,"6,735.00","4,146.00","5,534.00","5,444.07"
2025/03/27,10,ANLB,33.84,5090.0,5151.0,4920.0,5143.74,"5,145.00",-1.26,0.0,"5,038.10","3,247.00","4,990.47","16,358,721.00",42,153.27,231.0,3.07,4.7,2.05,"6,735.00","1,894.00",,
2025/03/30,9,ANLB,23.58,5145.0,5145.0,5003.0,5065.0,"5,065.00",0.0,0.0,"5,086.80",521.00,"5,143.74","2,650,225.00",31,-78.74,142.0,-1.53,2.84,-0.43,"6,735.00","1,894.00",,
2025/04/01,9,ANLB,32.54,5011.0,5109.0,5011.0,5094.05,"5,020.00",74.05,0.01,"5,089.93","2,958.00","5,065.00","15,056,025.60",22,29.05,98.00,0.57,1.96,0.08,"6,735.00","1,894.00",,
2025/04/02,9,ANLB,26.03,4995.0,5094.0,4995.0,5088.75,"5,092.00",-3.25,0.0,"5,042.07",147.00,"5,094.05","741,185.00",12,-5.30,99.00,-0.1,1.98,0.92,"6,735.00","1,894.00",,
2025/04/03,10,ANLB,22.65,5088.75,5130.0,5015.0,5025.68,"5,015.00",10.68,0.0,"5,028.41",980.00,"5,088.75","4,927,837.10",37,-63.07,115.0,-1.24,2.29,-0.05,"6,735.00","1,910.00",,
2025/04/07,10,ANLB,43.89,5026.0,5189.7,5000.0,5160.9,"5,086.00",74.9,0.01,"5,126.36","1,699.00","5,025.68","8,709,687.80",76,135.22,189.7,2.69,3.79,0.67,"6,735.00","1,910.00",,
2025/04/08,9,ANLB,32.06,5057.7,5115.0,5033.0,5091.31,"5,090.00",1.31,0.0,"5,081.23",409.00,"5,160.90","2,078,222.80",29,-69.59,82.00,-1.35,1.63,0.2,"6,735.00","1,910.00",,
2025/04/09,9,ANLB,44.61,5189.0,5190.0,5015.0,5136.58,"5,140.00",-3.42,0.0,"5,123.42","3,199.00","5,091.31","16,389,836.00",29,45.27,175.00,0.89,3.49,0.26,"6,735.00","1,910.00",,
2025/04/10,10,ANLB,46.7,5035.4,5220.0,5035.4,5200.7,"5,200.00",0.7,0.0,"5,192.12","3,059.00","5,136.58","15,882,687.10",50,64.12,184.6,1.25,3.67,0.17,"6,735.00","1,910.00",,
2025/04/13,10,ANLB,44.16,5110.0,5505.0,5110.0,5442.0,"5,442.00",0.0,0.0,"5,332.01","1,641.00","5,200.70","8,749,835.40",66,241.3,395.0,4.64,7.73,2.02,"6,735.00","1,910.00",,
2025/04/15,9,ANLB,47.73,5440.0,5450.0,5126.0,5240.1,"5,240.10",0.0,0.0,"5,232.68","5,221.00","5,442.00","27,319,797.70",64,-201.9,324.0,-3.71,6.32,0.14,"6,735.00","1,910.00",,
2025/04/16,10,ANLB,40.22,5136.0,5343.0,5136.0,5274.0,"5,274.00",0.0,0.0,"5,243.03",386.00,"5,240.10","2,023,808.80",18,33.9,207.0,0.65,4.03,0.59,"6,735.00","1,910.00",,
2025/04/17,9,ANLB,45.62,5200.5,5420.5,5200.0,5352.95,"5,420.50",-67.55,-0.01,"5,242.40","4,670.00","5,274.00","24,482,029.20",71,78.95,220.5,1.5,4.24,2.07,"6,735.00","1,910.00",,
2025/02/25,10,ANLB,25.87,4840.0,4910.0,4830.1,4845.0,"4,845.00",0.0,0.0,"4,853.23",482.00,"4,892.00","2,339,255.00",25,-47.0,79.90,-0.96,1.65,-0.17,"6,735.00","1,839.60",,
2025/02/27,9,ANLB,36.38,4937.0,4937.0,4841.0,4845.0,"4,845.00",0.0,0.0,"4,876.22",566.00,"4,845.00","2,759,941.60",40,0.00,96.00,0.0,1.98,-0.64,"6,735.00","1,839.60",,
2025/03/02,9,ANLB,33.59,4850.0,4850.0,4748.1,4748.1,"4,748.10",0.0,0.0,"4,792.17","1,153.00","4,845.00","5,525,377.00",73,-96.90,101.90,-2.0,2.15,-0.93,"6,735.00","1,839.60",,
2025/03/03,9,ANLB,39.6,4751.0,4932.7,4720.0,4773.0,"4,773.00",0.0,0.0,"4,764.46","2,653.00","4,748.10","12,640,113.70",83,24.90,212.70,0.52,4.51,0.18,"6,735.00","1,839.60",,
2025/03/04,10,ANLB,51.22,4700.0,5091.0,4700.0,5091.0,"5,091.00",0.0,0.0,"4,806.09","11,457.00","4,773.00","55,063,325.50",149,318.0,391.0,6.66,8.32,5.6,"6,735.00","1,856.20",,
2025/03/05,9,ANLB,52.26,4989.2,5200.0,4989.2,5160.0,"5,160.00",0.0,0.0,"5,128.91","9,092.00","5,091.00","46,632,084.90",157,69.0,210.8,1.36,4.23,0.6,"6,735.00","1,856.20",,
2025/03/06,10,ANLB,49.36,5056.8,5263.2,5006.0,5200.0,"5,200.00",0.0,0.0,"5,186.44","3,710.00","5,160.00","19,241,683.20",111,40.00,257.20,0.78,5.14,0.26,"6,735.00","1,856.20",,
2025/03/09,10,ANLB,52.78,5210.0,5273.0,4900.0,5071.1,"5,071.10",0.0,0.0,"4,977.25","7,730.00","5,200.00","38,474,132.00",86,-128.9,373.00,-2.48,7.61,1.85,"6,735.00","1,870.50",,
2025/03/10,9,ANLB,49.38,5080.0,5200.0,5001.1,5152.0,"5,152.00",0.0,0.0,"5,179.08","5,637.00","5,071.10","29,194,484.60",124,80.9,198.9,1.6,3.98,-0.53,"6,735.00","1,870.50",,
2025/03/11,9,ANLB,37.51,5080.0,5180.0,5000.1,5178.0,"5,178.00",0.0,0.0,"5,104.67",941.00,"5,152.00","4,803,497.30",53,26.0,179.9,0.5,3.6,1.42,"6,735.00","1,894.00",,
2025/03/12,9,ANLB,33.43,5077.0,5200.0,5004.0,5200.0,"5,200.00",0.0,0.0,"5,110.07",573.00,"5,178.00","2,928,070.10",46,22.0,196.0,0.42,3.92,1.73,"6,735.00","1,894.00",,
2025/03/16,9,ANLB,30.37,5096.0,5150.0,4895.0,5080.0,"5,080.00",0.0,0.0,"5,025.91","1,427.00","5,200.00","7,171,980.00",30,-120.0,255.00,-2.31,5.21,1.06,"6,735.00","1,894.00",,
2025/03/17,10,ANLB,21.0,4991.0,5148.0,4980.0,5100.0,"5,100.00",0.0,0.0,"5,078.92",506.00,"5,080.00","2,569,935.10",36,20.0,168.0,0.39,3.37,0.41,"6,735.00","1,894.00",,
2025/03/18,9,ANLB,25.04,5100.0,5197.9,5095.0,5095.1,"5,095.10",0.0,0.0,"5,191.29","1,879.00","5,100.00","9,754,437.00",18,-4.9,102.9,-0.1,2.02,-1.89,"6,735.00","1,894.00",,
2025/03/19,10,ANLB,27.78,4994.0,5168.0,4905.1,5136.0,"5,136.00",0.0,0.0,"4,952.70","4,754.00","5,095.10","23,545,119.00",55,40.90,262.9,0.8,5.36,3.57,"6,735.00","1,894.00",,
2025/03/20,10,ANLB,20.43,5051.1,5080.0,5050.0,5055.0,"5,055.00",0.0,0.0,"5,052.62",326.00,"5,136.00","1,647,155.00",20,-81.0,30.0,-1.58,0.59,0.05,"6,735.00","1,894.00",,
2025/01/28,10,ANLB,37.65,4949.0,5109.0,4949.0,5098.0,"5,098.00",0.0,0.0,"5,022.02",909.00,"5,050.00","4,565,016.20",34,48.00,160.00,0.95,3.23,1.49,"6,735.00","1,777.60",,
2025/02/02,10,ANLB,42.15,5010.0,5248.0,5010.0,5240.0,"5,240.00",0.0,0.0,"5,179.09","3,746.00","5,098.00","19,400,864.00",98,142.0,238.00,2.79,4.75,1.16,"6,735.00","1,777.60",,
2025/02/03,10,ANLB,43.43,5175.0,5446.0,5005.0,5446.0,"5,446.00",0.0,0.0,"5,092.98","4,039.00","5,240.00","20,570,541.90",118,206.0,441.0,3.93,8.81,6.48,"6,735.00","1,777.60",,
2025/02/04,9,ANLB,43.38,5446.0,5446.0,4927.5,5248.0,"5,248.00",0.0,0.0,"5,071.27","3,682.00","5,446.00","18,672,398.00",122,-198.0,518.50,-3.64,10.52,3.37,"6,735.00","1,777.60",,
2025/02/05,9,ANLB,45.3,5150.0,5150.0,4900.0,5149.0,"5,149.00",0.0,0.0,"5,019.26","5,252.00","5,248.00","26,361,147.10",105,-99.0,250.00,-1.89,5.1,2.52,"6,735.00","1,777.60",,
2025/02/06,10,ANLB,38.61,5075.0,5090.0,5004.0,5006.0,"5,006.00",0.0,0.0,"5,057.46","2,661.00","5,149.00","13,457,902.90",50,-143.0,86.0,-2.78,1.72,-1.03,"6,735.00","1,777.60",,
2025/02/09,9,ANLB,43.46,5006.0,5010.0,4910.1,4950.0,"4,950.00",0.0,0.0,"4,985.46","3,918.00","5,006.00","19,533,049.00",59,-56.0,99.9,-1.12,2.03,-0.72,"6,735.00","1,777.60",,
2025/02/10,9,ANLB,38.59,5000.0,5000.0,4900.0,4995.0,"4,995.00",0.0,0.0,"4,951.96","2,054.00","4,950.00","10,171,333.40",61,45.00,100.00,0.91,2.04,0.86,"6,735.00","1,777.60",,
2025/02/11,9,ANLB,38.4,4995.0,4995.0,4862.0,4890.0,"4,890.00",0.0,0.0,"4,888.73","1,217.00","4,995.00","5,949,580.30",53,-105.0,133.0,-2.1,2.74,0.03,"6,735.00","1,777.60",,
2025/02/12,9,ANLB,37.74,4900.0,4980.0,4825.0,4850.0,"4,850.00",0.0,0.0,"4,846.26","1,271.00","4,890.00","6,159,590.60",28,-40.0,155.00,-0.82,3.21,0.08,"6,735.00","1,777.60",,
2025/02/13,10,ANLB,24.0,6162.3,6284.0,6080.1,6244.0,"6,244.00",0.0,0.0,"6,159.94",939.00,"6,288.00","5,784,182.10",76,-44.0,203.9,-0.7,3.35,1.35,"6,735.00","4,146.00","5,534.00","5,444.07"
2025/02/16,10,ANLB,34.06,4800.0,4919.0,4800.0,4861.0,"4,861.00",0.0,0.0,"4,851.35","1,363.00","4,830.00","6,612,395.90",51,31.0,119.0,0.64,2.48,0.2,"6,735.00","1,777.60",,
2025/02/17,10,ANLB,44.56,4946.9,5074.9,4870.0,5074.9,"5,074.90",0.0,0.0,"4,991.44","1,659.00","4,861.00","8,280,800.90",76,213.9,204.9,4.4,4.21,1.64,"6,735.00","1,777.60",,
2025/02/18,9,ANLB,43.29,5074.0,5111.0,4951.0,4951.0,"4,951.00",0.0,0.0,"5,026.05","1,158.00","5,074.90","5,820,167.00",46,-123.90,160.0,-2.44,3.23,-1.52,"6,735.00","1,777.60",,
2025/02/20,9,ANLB,40.1,4987.0,4995.0,4863.0,4863.0,"4,863.00",0.0,0.0,"4,924.92",535.00,"4,951.00","2,634,834.50",26,-88.0,132.0,-1.78,2.71,-1.27,"6,735.00","1,777.60",,
2025/02/23,10,ANLB,48.03,4863.0,5000.0,4673.0,4964.9,"4,964.90",0.0,0.0,"4,789.79","1,913.00","4,863.00","9,162,873.30",58,101.90,327.00,2.1,7.0,3.53,"6,735.00","1,839.60",,
2025/01/02,9,ANLB,43.2,5968.2,6570.0,5505.7,6570.0,"6,570.00",0.0,0.0,"5,732.26","13,512.00","6,090.00","77,454,233.90",263,480.0,"1,064.30",7.88,19.33,12.75,"6,570.00","1,677.00",,
2025/01/05,10,ANLB,24.89,6438.6,6438.6,5939.0,6120.0,"6,120.00",0.0,0.0,"5,992.14","1,411.00","6,570.00","8,454,913.00",97,-450.0,499.6,-6.85,8.41,2.09,"6,570.00","1,677.00",,
2025/01/06,9,ANLB,41.81,5997.6,6732.0,5684.0,6732.0,"6,732.00",0.0,0.0,"5,879.70","10,762.00","6,120.00","63,277,301.50",240,612.0,"1,048.00",10.0,18.44,12.66,"6,732.00","1,677.00",,
2025/01/07,10,ANLB,35.36,6735.0,6735.0,6058.8,6058.8,"6,058.80",0.0,0.0,"6,127.95",514.00,"6,732.00","3,149,768.40",35,-673.2,676.2,-10.0,11.16,-1.14,"6,735.00","1,677.00",,
2025/01/08,10,ANLB,36.7,5937.7,6510.0,5453.0,6510.0,"6,510.00",0.0,0.0,"5,608.01","6,320.00","6,058.80","35,442,629.30",293,451.2,"1,057.00",7.45,19.38,13.86,"6,735.00","1,677.00",,
2025/01/09,10,ANLB,27.18,6640.2,6640.2,6640.2,6640.2,"6,640.20",0.0,0.0,"6,639.95",12.00,"6,510.00","79,679.40",3,130.2,0.0,2.0,0.0,0.0,"6,735.00","1,677.00",,
2025/01/12,9,ANLB,28.11,6640.2,6640.2,6249.8,6249.8,"6,249.80",0.0,0.0,"6,387.95",58.00,"6,640.20","370,501.00",6,-390.4,390.4,-5.88,6.25,-2.21,"6,735.00","1,749.00",,
2025/01/13,10,ANLB,25.66,6124.9,6124.9,5624.9,5624.9,"5,624.90",0.0,0.0,"5,702.28",168.00,"6,249.80","957,983.60",14,-624.9,500.00,-10.0,8.89,-1.38,"6,735.00","1,749.00",,
2025/01/15,9,ANLB,25.82,5512.5,5512.5,5062.5,5248.0,"5,248.00",0.0,0.0,"5,133.19","3,571.00","5,624.90","18,330,616.90",178,-376.9,450.0,-6.7,8.89,2.19,"6,735.00","1,771.90",,
2025/01/16,9,ANLB,29.07,5143.1,5143.1,5000.0,5110.2,"5,110.20",0.0,0.0,"5,033.37","1,008.00","5,248.00","5,073,637.20",52,-137.80,143.10,-2.63,2.86,1.5,"6,735.00","1,771.90",,
2025/01/19,10,ANLB,16.82,5008.0,5086.9,4810.0,5086.9,"5,086.90",0.0,0.0,"4,952.22",766.00,"5,110.20","3,793,402.00",48,-23.30,276.90,-0.46,5.76,2.65,"6,735.00","1,771.90",,
2025/01/20,9,ANLB,15.15,5060.0,5060.0,4916.0,4921.0,"4,921.00",0.0,0.0,"4,965.96",306.00,"5,086.90","1,519,585.20",29,-165.9,144.00,-3.26,2.93,-0.91,"6,735.00","1,771.90",,
2025/01/21,9,ANLB,18.55,5018.9,5119.0,4716.2,4915.0,"4,915.00",0.0,0.0,"4,913.55","1,114.00","4,921.00","5,473,689.20",57,-6.0,402.8,-0.12,8.54,0.03,"6,735.00","1,771.90",,
2025/01/22,10,ANLB,17.44,4825.0,5000.0,4820.0,4998.0,"4,998.00",0.0,0.0,"4,950.38",582.00,"4,915.00","2,881,122.50",32,83.0,180.0,1.69,3.73,0.95,"6,735.00","1,771.90",,
2025/01/23,9,ANLB,15.63,5000.0,5000.0,4830.0,4994.0,"4,994.00",0.0,0.0,"4,921.79",373.00,"4,998.00","1,835,827.90",30,-4.00,170.00,-0.08,3.52,1.45,"6,735.00","1,771.90",,
2025/01/26,9,ANLB,25.64,4995.2,4999.0,4861.0,4861.0,"4,861.00",0.0,0.0,"4,927.78",356.00,"4,994.00","1,754,290.30",29,-133.00,138.00,-2.66,2.84,-1.37,"6,735.00","1,777.60",,
2024/12/05,9,ANLB,30.98,5015.0,5100.0,4857.9,5090.0,"5,090.00",0.0,0.0,"4,963.64","3,643.00","5,017.10","18,082,529.00",41,72.9,242.1,1.45,4.98,2.48,"5,705.00","1,555.00",,
2024/12/08,9,ANLB,23.35,4990.0,4991.0,4900.0,4950.0,"4,950.00",0.0,0.0,"4,907.02",430.00,"5,090.00","2,110,020.30",21,-140.0,91.0,-2.75,1.86,0.87,"5,705.00","1,591.20",,
2024/12/09,9,ANLB,32.02,4950.0,4951.0,4900.0,4950.0,"4,950.00",0.0,0.0,"4,946.64","3,193.00","4,950.00","15,794,636.30",18,0.0,51.0,0.0,1.04,0.07,"5,705.00","1,591.20",,
2024/12/10,10,ANLB,23.94,4905.1,4905.1,4900.2,4900.3,"4,900.30",0.0,0.0,"4,900.23",461.00,"4,950.00","2,259,007.00",9,-49.7,4.9,-1.0,0.1,0.0,"5,705.00","1,592.00",,
2024/12/11,9,ANLB,28.02,4899.0,4996.0,4899.0,4996.0,"4,996.00",0.0,0.0,"4,943.40",841.00,"4,900.30","4,157,399.50",21,95.7,97.0,1.95,1.98,1.05,"5,705.00","1,592.00",,
2024/12/12,9,ANLB,28.74,4897.1,5095.9,4897.0,5095.9,"5,095.90",0.0,0.0,"4,975.47",989.00,"4,996.00","4,920,737.40",37,99.9,198.9,2.0,4.06,2.36,"5,705.00","1,605.10",,
2024/12/16,10,ANLB,19.86,5095.0,5095.0,4901.0,4911.8,"4,911.80",0.0,0.0,"4,968.53",177.00,"5,095.90","879,429.10",15,-184.1,194.0,-3.61,3.96,-1.15,"5,705.00","1,630.00",,
2024/12/17,9,ANLB,33.11,4814.0,5011.0,4814.0,4920.2,"4,920.20",0.0,0.0,"4,934.59","3,317.00","4,911.80","16,368,023.60",22,8.4,197.0,0.17,4.09,-0.29,"5,705.00","1,630.00",,
2024/12/18,9,ANLB,21.14,4822.0,4886.0,4751.0,4885.5,"4,885.50",0.0,0.0,"4,853.28",82.00,"4,920.20","397,969.00",9,-34.7,135.0,-0.71,2.84,0.66,"5,705.00","1,666.00",,
2024/12/19,9,ANLB,39.24,4900.0,5109.1,4900.0,5100.0,"5,100.00",0.0,0.0,"5,068.61","1,355.00","4,885.50","6,867,969.40",66,214.5,209.1,4.39,4.27,0.62,"5,705.00","1,677.00",,
2024/12/22,9,ANLB,22.82,5196.6,5197.9,4922.0,5000.0,"5,000.00",0.0,0.0,"5,024.46",305.00,"5,100.00","1,532,459.10",22,-100.0,275.9,-1.96,5.61,-0.49,"5,705.00","1,677.00",,
2024/12/23,10,ANLB,31.51,4905.0,5245.0,4815.1,4907.0,"4,907.00",0.0,0.0,"5,023.96",220.00,"5,000.00","1,105,272.20",16,-93.00,429.90,-1.86,8.93,-2.38,"5,705.00","1,677.00",,
2024/12/24,9,ANLB,46.66,5000.0,5397.7,4750.1,5397.7,"5,397.70",0.0,0.0,"5,075.64","10,084.00","4,907.00","51,182,770.10",127,490.70,647.60,10.0,13.63,5.97,"5,705.00","1,677.00",,
2024/12/26,9,ANLB,47.2,5289.8,5937.4,5225.0,5937.4,"5,937.40",0.0,0.0,"5,774.60","4,364.00","5,397.70","25,200,353.60",207,539.7,712.4,10.0,13.63,2.74,"5,937.40","1,677.00",,
2024/12/29,9,ANLB,48.55,5937.4,6530.0,5820.0,6530.0,"6,530.00",0.0,0.0,"5,928.61","9,808.00","5,937.40","58,147,800.10",224,592.6,710.0,9.98,12.2,9.21,"6,530.00","1,677.00",,
2024/12/31,9,ANLB,37.7,5601.3,6170.0,5489.3,5540.0,"5,540.00",0.0,0.0,"5,569.23","2,820.00","5,715.54","15,705,226.10",167,-175.54,680.70,-3.07,12.4,-0.53,"6,530.00","1,677.00",,
2024/11/11,9,ANLB,-,4612.5,4837.8,4610.0,4800.0,"4,800.00",0.0,0.0,"4,729.11","1,027.00","4,700.00","4,856,800.10",42,100.0,227.8,2.13,4.94,1.48,"5,705.00","1,550.00",,
2024/11/12,9,ANLB,-,4713.0,4880.0,4700.0,4706.0,"4,706.00",0.0,0.0,"4,730.65",454.00,"4,800.00","2,147,717.00",24,-94.0,180.0,-1.96,3.83,-0.52,"5,705.00","1,550.00",,
2024/11/13,9,ANLB,26.19,4630.0,4735.0,4630.0,4735.0,"4,735.00",0.0,0.0,"4,665.91",340.00,"4,706.00","1,586,410.60",25,29.0,105.0,0.62,2.27,1.46,"5,705.00","1,550.00",,
2024/11/14,9,ANLB,35.32,4819.0,4896.0,4570.0,4780.0,"4,780.00",0.0,0.0,"4,764.41","2,112.00","4,735.00","10,062,436.40",54,45.0,326.00,0.95,7.13,0.33,"5,705.00","1,550.00",,
2024/11/17,10,ANLB,47.85,4693.0,4973.0,4550.0,4751.0,"4,751.00",0.0,0.0,"4,683.12","10,126.00","4,780.00","47,421,270.70",123,-29.0,423.00,-0.61,9.3,1.43,"5,705.00","1,550.00",,
2024/11/19,10,ANLB,52.65,4750.0,5226.1,4750.0,5226.0,"5,226.00",0.0,0.0,"5,040.62","9,059.00","4,751.00","45,662,945.40",279,475.0,476.1,10.0,10.02,3.55,"5,705.00","1,550.00",,
2024/11/20,10,ANLB,42.09,5250.0,5250.0,5070.0,5100.0,"5,100.00",0.0,0.0,"5,159.56",605.00,"5,226.00","3,121,533.90",46,-126.0,180.0,-2.41,3.55,-1.17,"5,705.00","1,550.00",,
2024/11/21,10,ANLB,42.95,5191.0,5201.0,5015.0,5150.0,"5,150.00",0.0,0.0,"5,106.08","1,655.00","5,100.00","8,450,556.50",34,50.0,186.0,0.98,3.71,0.85,"5,705.00","1,550.00",,
2024/11/24,10,ANLB,40.58,5047.0,5047.0,4945.0,4950.0,"4,950.00",0.0,0.0,"5,007.16","1,244.00","5,150.00","6,228,901.40",36,-200.0,102.0,-3.88,2.06,-1.15,"5,705.00","1,550.00",,
2024/11/25,10,ANLB,49.64,4861.0,5145.0,4851.0,5111.2,"5,111.20",0.0,0.0,"4,913.08","13,543.00","4,950.00","66,537,786.20",103,161.2,294.00,3.26,6.06,3.88,"5,705.00","1,550.00",,
2024/11/26,10,ANLB,28.8,5120.0,5150.0,5001.1,5020.0,"5,020.00",0.0,0.0,"5,030.16","1,221.00","5,111.20","6,141,829.20",35,-91.2,148.9,-1.78,2.98,-0.2,"5,705.00","1,550.00",,
2024/11/27,9,ANLB,28.69,5020.0,5108.0,5002.0,5003.0,"5,003.00",0.0,0.0,"5,033.77",474.00,"5,020.00","2,386,009.00",36,-17.0,106.0,-0.34,2.12,-0.62,"5,705.00","1,550.00",,
2024/11/28,9,ANLB,35.68,4980.0,5190.0,4980.0,5190.0,"5,190.00",0.0,0.0,"5,019.45","3,320.00","5,003.00","16,664,565.20",49,187.0,210.0,3.74,4.22,3.29,"5,705.00","1,550.00",,
2024/12/01,9,ANLB,42.88,5110.0,5110.0,5022.0,5100.0,"5,100.00",0.0,0.0,"5,094.85",574.00,"5,190.00","2,924,444.30",23,-90.0,88.0,-1.73,1.75,0.1,"5,705.00","1,550.00",,
2024/12/02,10,ANLB,29.01,5009.0,5176.5,4800.0,5073.0,"5,073.00",0.0,0.0,"4,895.84","2,140.00","5,100.00","10,477,098.00",54,-27.0,376.5,-0.53,7.84,3.49,"5,705.00","1,550.00",,
2024/12/03,9,ANLB,42.58,5002.0,5100.0,5000.1,5100.0,"5,100.00",0.0,0.0,"5,013.40","2,069.00","5,073.00","10,372,725.30",39,27.0,99.9,0.53,2.0,1.7,"5,705.00","1,550.00",,
2024/10/08,10,ANLB,24.0,6162.3,6284.0,6080.1,6244.0,"6,244.00",0.0,0.0,"6,159.94",939.00,"6,288.00","5,784,182.10",76,-44.0,203.9,-0.7,3.35,1.35,"6,735.00","4,146.00","5,534.00","5,444.07"
2024/10/09,9,ANLB,-,4600.0,4600.0,4325.1,4328.0,"4,328.00",0.0,0.0,"4,443.52","2,497.00","4,515.00","11,095,471.10",59,-187.00,274.90,-4.14,6.36,-2.67,"5,705.00","1,550.00",,
2024/10/15,9,ANLB,-,4280.0,4465.0,4205.0,4365.0,"4,365.00",0.0,0.0,"4,377.72","2,158.00","4,328.00","9,447,125.30",43,37.00,260.00,0.85,6.18,-0.29,"5,705.00","1,550.00",,
2024/10/16,9,ANLB,-,4452.0,4740.0,4378.0,4740.0,"4,740.00",0.0,0.0,"4,525.86","1,214.00","4,365.00","5,494,393.40",52,375.0,362.00,8.59,8.27,4.52,"5,705.00","1,550.00",,
2024/10/17,10,ANLB,-,4660.0,4660.0,4570.0,4596.0,"4,596.00",0.0,0.0,"4,595.54",422.00,"4,740.00","1,939,316.40",14,-144.0,90.0,-3.04,1.97,0.01,"5,705.00","1,550.00",,
2024/10/20,10,ANLB,-,4504.1,4739.0,4241.0,4493.3,"4,493.30",0.0,0.0,"4,580.53",487.00,"4,596.00","2,230,718.90",28,-102.7,498.00,-2.23,11.74,-1.94,"5,705.00","1,550.00",,
2024/10/21,9,ANLB,-,4404.0,4650.0,4146.0,4404.0,"4,404.00",0.0,0.0,"4,612.32","2,286.00","4,493.30","10,543,764.90",42,-89.3,504.00,-1.99,12.16,-4.73,"5,705.00","1,550.00",,
2024/10/22,11,ANLB,-,4492.0,4672.0,4351.1,4406.1,"4,406.10",0.0,0.0,"4,472.08","1,127.00","4,404.00","5,040,038.60",48,2.10,320.90,0.05,7.38,-1.5,"5,705.00","1,550.00",,
2024/10/23,9,ANLB,-,4494.0,4774.0,4351.1,4455.0,"4,455.00",0.0,0.0,"4,589.41","1,585.00","4,406.10","7,274,220.10",99,48.9,422.90,1.11,9.72,-3.02,"5,705.00","1,550.00",,
2024/10/24,9,ANLB,-,4376.0,4692.0,4376.0,4418.0,"4,418.00",0.0,0.0,"4,597.12","1,141.00","4,455.00","5,245,316.20",59,-37.0,316.00,-0.83,7.22,-4.05,"5,705.00","1,550.00",,
2024/10/27,9,ANLB,-,4506.0,4714.0,4414.9,4551.0,"4,551.00",0.0,0.0,"4,635.67","1,052.00","4,418.00","4,876,724.60",60,133.0,299.1,3.01,6.77,-1.86,"5,705.00","1,550.00",,
2024/10/28,9,ANLB,-,4642.0,4874.5,4585.0,4680.0,"4,680.00",0.0,0.0,"4,736.15","1,228.00","4,551.00","5,815,988.40",52,129.0,289.5,2.83,6.31,-1.2,"5,705.00","1,550.00",,
2024/10/29,9,ANLB,-,4680.0,4896.0,4602.1,4800.0,"4,800.00",0.0,0.0,"4,809.14","1,107.00","4,680.00","5,323,720.00",40,120.0,293.9,2.56,6.39,-0.19,"5,705.00","1,550.00",,
2024/10/30,9,ANLB,-,4800.0,5020.0,4799.0,4950.0,"4,950.00",0.0,0.0,"4,914.28","1,191.00","4,800.00","5,852,910.00",44,150.0,221.0,3.13,4.61,0.72,"5,705.00","1,550.00",,
2024/11/05,9,ANLB,-,4900.0,4911.3,4729.0,4787.0,"4,787.00",0.0,0.0,"4,827.57",325.00,"4,950.00","1,568,959.60",20,-163.0,182.3,-3.29,3.85,-0.85,"5,705.00","1,550.00",,
2024/11/06,10,ANLB,-,4873.0,4873.2,4716.0,4800.0,"4,800.00",0.0,0.0,"4,810.31",111.00,"4,787.00","533,943.90",12,13.0,157.2,0.27,3.33,-0.21,"5,705.00","1,550.00",,
2024/09/10,9,ANLB,46.59,4983.4,5390.0,4709.0,5380.0,"5,380.00",0.0,0.0,"4,920.74","3,222.00","5,085.10","15,854,625.80",215,294.9,681.00,5.8,14.46,8.54,"5,624.00","1,550.00",,
2024/09/11,10,ANLB,44.15,5272.4,5705.0,4962.9,5150.0,"5,150.00",0.0,0.0,"5,161.88","5,159.00","5,380.00","26,630,118.20",306,-230.0,742.10,-4.28,14.95,-0.23,"5,705.00","1,550.00",,
2024/09/12,9,ANLB,41.54,5247.0,5247.0,5061.0,5150.0,"5,150.00",0.0,0.0,"5,098.59",702.00,"5,150.00","3,579,210.30",65,0.00,186.00,0.0,3.68,1.0,"5,705.00","1,550.00",,
2024/09/15,10,ANLB,40.3,5048.0,5049.0,4948.0,5000.0,"5,000.00",0.0,0.0,"4,989.87","1,820.00","5,150.00","9,081,565.70",110,-150.00,101.0,-2.91,2.04,0.2,"5,705.00","1,550.00",,
2024/09/16,9,ANLB,43.94,4900.0,5500.0,4820.0,5500.0,"5,500.00",0.0,0.0,"5,009.26","4,441.00","5,000.00","22,246,123.20",220,500.0,680.00,10.0,14.11,8.92,"5,705.00","1,550.00",,
2024/09/18,10,ANLB,39.36,5390.0,5390.0,5076.0,5150.0,"5,150.00",0.0,0.0,"5,147.99","1,949.00","5,500.00","10,033,435.40",129,-350.0,314.0,-6.36,6.19,0.04,"5,705.00","1,550.00",,
2024/09/22,10,ANLB,44.49,5050.0,5665.0,4901.0,5665.0,"5,665.00",0.0,0.0,"5,090.98","2,920.00","5,150.00","14,865,672.20",147,515.0,764.0,10.0,15.59,10.13,"5,705.00","1,550.00",,
2024/09/23,10,ANLB,39.25,5551.7,5551.7,5100.1,5243.0,"5,243.00",0.0,0.0,"5,165.18","2,230.00","5,665.00","11,518,359.70",140,-422.0,451.60,-7.45,8.85,1.48,"5,705.00","1,550.00",,
2024/09/24,9,ANLB,39.52,5138.2,5150.0,4851.0,5000.2,"5,000.20",0.0,0.0,"4,951.78","5,653.00","5,243.00","27,992,422.30",92,-242.8,299.00,-4.63,6.16,0.97,"5,705.00","1,550.00",,
2024/09/25,9,ANLB,45.78,4900.2,5400.0,4804.1,5400.0,"5,400.00",0.0,0.0,"5,008.51","4,855.00","5,000.20","24,316,316.10",143,399.8,595.9,8.0,12.4,7.25,"5,705.00","1,550.00",,
2024/09/26,9,ANLB,32.74,5292.0,5292.0,4950.1,5070.0,"5,070.00",0.0,0.0,"5,020.89",999.00,"5,400.00","5,015,866.20",75,-330.0,341.9,-6.11,6.91,0.97,"5,705.00","1,550.00",,
2024/09/29,10,ANLB,31.84,4968.6,4976.0,4800.0,4970.0,"4,970.00",0.0,0.0,"4,859.91",402.00,"5,070.00","1,953,685.30",38,-100.0,176.00,-1.97,3.67,2.22,"5,705.00","1,550.00",,
2024/09/30,9,ANLB,34.68,4870.6,5258.0,4702.0,4880.0,"4,880.00",0.0,0.0,"4,880.90",722.00,"4,970.00","3,524,011.20",62,-90.0,556.0,-1.81,11.82,-0.02,"5,705.00","1,550.00",,
2024/10/01,10,ANLB,43.95,4782.4,5270.4,4700.0,5270.4,"5,270.40",0.0,0.0,"4,880.78","3,436.00","4,880.00","16,770,355.00",128,390.4,570.40,8.0,12.14,7.39,"5,705.00","1,550.00",,
2024/10/02,9,ANLB,40.39,5165.0,5165.0,4782.0,4900.0,"4,900.00",0.0,0.0,"4,838.13","1,789.00","5,270.40","8,655,415.10",90,-370.40,383.0,-7.03,8.01,1.26,"5,705.00","1,550.00",,
2024/10/06,10,ANLB,-,4802.0,4850.0,4706.0,4800.0,"4,800.00",0.0,0.0,"4,765.63",562.00,"4,900.00","2,678,283.40",48,-100.00,144.00,-2.04,3.06,0.72,"5,705.00","1,550.00",,
2024/08/13,10,ANLB,66.07,3385.0,3399.0,3073.0,3151.1,"3,151.10",0.0,0.0,"3,166.41","10,145.00","3,386.00","32,123,277.00",99,-234.90,326.0,-6.94,10.61,-0.49,"3,399.00","1,550.00",,
2024/08/14,10,ANLB,63.33,3148.0,3200.0,3030.1,3102.1,"3,102.10",0.0,0.0,"3,127.74","5,410.00","3,151.10","16,921,076.50",111,-49.0,169.9,-1.56,5.61,-0.83,"3,399.00","1,550.00",,
2024/08/15,11,ANLB,47.18,3164.1,3227.3,2792.0,3016.0,"3,016.00",0.0,0.0,"3,052.73","1,598.00","3,102.10","4,878,260.80",92,-86.10,435.30,-2.78,15.59,-1.22,"3,399.00","1,550.00",,
2024/08/18,10,ANLB,47.43,2956.0,3076.0,2920.0,2922.0,"2,922.00",0.0,0.0,"2,999.61","2,078.00","3,016.00","6,233,191.60",83,-94.00,156.00,-3.12,5.34,-2.66,"3,399.00","1,550.00",,
2024/08/21,10,ANLB,49.03,2922.0,3110.0,2902.7,3000.0,"3,000.00",0.0,0.0,"3,003.58","4,239.00","2,922.00","12,732,171.10",80,78.00,207.30,2.67,7.14,-0.12,"3,399.00","1,550.00",,
2024/08/22,10,ANLB,56.01,2980.0,3151.8,2980.0,3111.0,"3,111.00",0.0,0.0,"3,064.91","5,556.00","3,000.00","17,028,647.30",107,111.0,171.80,3.7,5.77,1.48,"3,399.00","1,550.00",,
2024/08/25,9,ANLB,62.33,3080.0,3422.1,3070.1,3422.1,"3,422.10",0.0,0.0,"3,351.81","8,062.00","3,111.00","27,022,314.40",299,311.1,352.00,10.0,11.47,2.05,"3,422.10","1,550.00",,
2024/08/27,10,ANLB,64.84,3490.5,3764.3,3414.4,3764.3,"3,764.30",0.0,0.0,"3,579.42","10,535.00","3,422.10","37,709,170.00",293,342.2,349.90,10.0,10.25,4.91,"3,764.30","1,550.00",,
2024/08/28,9,ANLB,60.36,3833.0,4140.0,3616.0,4140.0,"4,140.00",0.0,0.0,"3,801.24","3,182.00","3,764.30","12,095,550.80",133,375.7,524.00,9.98,14.49,8.18,"4,140.00","1,550.00",,
2024/08/29,10,ANLB,61.32,4057.2,4390.0,3876.0,4080.0,"4,080.00",0.0,0.0,"4,006.13","4,156.00","4,140.00","16,649,467.20",185,-60.0,514.0,-1.45,13.26,1.81,"4,390.00","1,550.00",,
2024/09/01,10,ANLB,53.21,3998.4,4080.0,3921.0,4080.0,"4,080.00",0.0,0.0,"3,973.77","2,960.00","4,080.00","11,762,360.90",168,0.0,159.0,0.0,4.06,2.6,"4,390.00","1,550.00",,
2024/09/02,10,ANLB,51.69,3998.4,4317.0,3840.0,4069.0,"4,069.00",0.0,0.0,"4,014.36","2,109.00","4,080.00","8,466,290.40",104,-11.0,477.00,-0.27,12.42,1.34,"4,390.00","1,550.00",,
2024/09/03,10,ANLB,51.52,3996.0,4475.0,3996.0,4475.0,"4,475.00",0.0,0.0,"4,103.77","6,077.00","4,069.00","24,938,637.10",186,406.0,479.0,9.98,11.99,8.3,"4,475.00","1,550.00",,
2024/09/04,10,ANLB,48.66,4385.5,4700.0,4116.0,4700.0,"4,700.00",0.0,0.0,"4,318.31","3,960.00","4,475.00","17,100,494.80",170,225.0,584.00,5.03,14.19,8.12,"4,700.00","1,550.00",,
2024/09/05,9,ANLB,49.99,4606.0,5170.0,4250.0,5170.0,"5,170.00",0.0,0.0,"4,588.05","3,646.00","4,700.00","16,728,038.70",240,470.0,920.0,10.0,21.65,11.26,"5,170.00","1,550.00",,
2024/09/08,10,ANLB,53.24,5066.6,5624.0,4653.4,5290.0,"5,290.00",0.0,0.0,"5,211.30","8,008.00","5,170.00","41,732,054.80",391,120.00,970.60,2.32,20.86,1.49,"5,624.00","1,550.00",,
2024/07/18,10,ANLB,67.67,2740.0,2856.0,2727.2,2813.0,"2,813.00",0.0,0.0,"2,815.92","7,363.00","2,740.00","20,733,582.40",151,73.00,128.80,2.66,4.72,-0.1,"2,876.80","1,550.00",,
2024/07/21,10,ANLB,59.12,2813.0,2813.0,2740.0,2783.0,"2,783.00",0.0,0.0,"2,765.84","2,996.00","2,813.00","8,286,464.50",88,-30.0,73.00,-1.07,2.66,0.62,"2,876.80","1,550.00",,
2024/07/22,9,ANLB,59.87,2761.1,2762.0,2651.0,2740.0,"2,740.00",0.0,0.0,"2,700.73","4,811.00","2,783.00","12,993,194.30",70,-43.00,111.00,-1.55,4.19,1.43,"2,876.80","1,550.00",,
2024/07/23,10,ANLB,59.8,2725.0,2765.0,2685.2,2740.0,"2,740.00",0.0,0.0,"2,701.26","4,283.00","2,740.00","11,569,492.00",108,0.00,79.80,0.0,2.97,1.41,"2,876.80","1,550.00",,
2024/07/24,10,ANLB,53.96,2690.0,2720.0,2616.7,2644.0,"2,644.00",0.0,0.0,"2,654.21","5,316.00","2,740.00","14,109,767.10",82,-96.00,103.30,-3.5,3.95,-0.39,"2,876.80","1,550.00",,
2024/07/25,10,ANLB,61.07,2675.0,2856.0,2675.0,2856.0,"2,856.00",0.0,0.0,"2,779.17","6,115.00","2,644.00","16,994,633.50",164,212.00,181.00,8.02,6.77,2.69,"2,876.80","1,550.00",,
2024/07/28,10,ANLB,67.0,2876.4,3077.0,2771.0,3076.0,"3,076.00",0.0,0.0,"2,848.95","5,718.00","2,856.00","16,290,315.20",147,220.00,306.00,7.7,11.04,7.38,"3,077.00","1,550.00",,
2024/07/29,10,ANLB,59.66,3076.0,3076.0,2871.0,2909.0,"2,909.00",0.0,0.0,"2,934.52","3,201.00","3,076.00","9,393,405.20",93,-167.00,205.00,-5.43,7.14,-0.88,"3,077.00","1,550.00",,
2024/07/30,10,ANLB,65.48,2950.0,3000.0,2855.0,2987.0,"2,987.00",0.0,0.0,"2,906.91","2,776.00","2,909.00","8,069,575.60",96,78.00,145.00,2.68,5.08,2.68,"3,077.00","1,550.00",,
2024/07/31,10,ANLB,57.92,3046.7,3046.7,2715.0,2792.2,"2,792.20",0.0,0.0,"2,830.79","11,354.00","2,987.00","32,140,808.40",227,-194.80,331.70,-6.52,12.22,-1.38,"3,077.00","1,550.00",,
2024/08/01,10,ANLB,49.95,2835.0,2856.0,2730.0,2800.0,"2,800.00",0.0,0.0,"2,812.35","3,434.00","2,792.20","9,657,616.30",100,7.8,126.00,0.28,4.62,-0.44,"3,077.00","1,550.00",,
2024/08/05,10,ANLB,53.46,2800.0,2886.0,2753.0,2880.0,"2,880.00",0.0,0.0,"2,811.42","5,124.00","2,800.00","14,405,699.80",99,80.00,133.00,2.86,4.83,2.38,"3,077.00","1,550.00",,
2024/08/06,9,ANLB,52.85,2861.0,2958.0,2823.0,2850.0,"2,850.00",0.0,0.0,"2,901.06","9,259.00","2,880.00","26,860,879.00",170,-30.00,135.00,-1.04,4.78,-1.79,"3,077.00","1,550.00",,
2024/08/07,10,ANLB,63.83,2830.0,2907.0,2825.0,2871.5,"2,871.50",0.0,0.0,"2,881.60","5,278.00","2,850.00","15,209,068.20",83,21.50,82.00,0.75,2.9,-0.35,"3,077.00","1,550.00",,
2024/08/08,10,ANLB,63.5,2925.0,3042.0,2872.1,2900.2,"2,900.20",0.0,0.0,"2,927.11","2,330.00","2,871.50","6,820,176.00",82,28.70,169.90,1.0,5.92,-0.93,"3,077.00","1,550.00",,
2024/08/11,9,ANLB,69.22,2930.0,3190.2,2842.0,3190.2,"3,190.20",0.0,0.0,"2,988.37","8,053.00","2,900.20","24,065,379.40",180,290.00,348.20,10.0,12.25,6.33,"3,190.20","1,550.00",,
2024/06/25,9,ANLB,36.86,2400.0,2400.0,2339.0,2395.5,"2,395.50",0.0,0.0,"2,363.28","1,332.00","2,398.00","3,147,885.80",58,-2.5,61.0,-0.1,2.61,1.35,"2,651.00","1,550.00",,
2024/06/26,9,ANLB,36.31,2359.0,2429.0,2359.0,2393.9,"2,393.90",0.0,0.0,"2,393.06","1,152.00","2,395.50","2,756,808.10",36,-1.6,70.0,-0.07,2.97,0.03,"2,651.00","1,550.00",,
2024/06/27,11,ANLB,43.41,2400.0,2400.0,2307.0,2400.0,"2,400.00",0.0,0.0,"2,354.66","3,526.00","2,393.90","8,302,536.70",47,6.10,93.00,0.25,4.03,1.89,"2,651.00","1,550.00",,
2024/06/30,10,ANLB,32.09,2354.2,2398.0,2315.0,2350.0,"2,350.00",0.0,0.0,"2,349.93",468.00,"2,400.00","1,099,768.40",26,-50.0,83.00,-2.08,3.59,0.0,"2,626.50","1,550.00",,
2024/07/01,10,ANLB,40.66,2320.0,2381.0,2320.0,2381.0,"2,381.00",0.0,0.0,"2,350.68","1,367.00","2,350.00","3,213,375.10",31,31.00,61.0,1.32,2.63,1.27,"2,626.50","1,550.00",,
2024/07/02,9,ANLB,39.37,2428.6,2477.0,2353.0,2380.0,"2,380.00",0.0,0.0,"2,380.75","1,039.00","2,381.00","2,473,594.10",44,-1.00,124.0,-0.04,5.27,-0.03,"2,626.50","1,550.00",,
2024/07/03,9,ANLB,42.86,2335.0,2377.0,2300.3,2375.0,"2,375.00",0.0,0.0,"2,357.04","3,110.00","2,380.00","7,330,385.80",42,-5.0,76.7,-0.21,3.33,0.76,"2,626.50","1,550.00",,
2024/07/04,9,ANLB,57.2,2330.0,2400.0,2330.0,2400.0,"2,400.00",0.0,0.0,"2,381.84","1,659.00","2,375.00","3,951,477.10",36,25.0,70.0,1.05,3.0,0.76,"2,626.50","1,550.00",,
2024/07/07,10,ANLB,24.0,6162.3,6284.0,6080.1,6244.0,"6,244.00",0.0,0.0,"6,159.94",939.00,"6,288.00","5,784,182.10",76,-44.0,203.9,-0.7,3.35,1.35,"6,735.00","4,146.00","5,534.00","5,444.07"
2024/07/08,10,ANLB,58.57,2438.0,2450.0,2345.0,2417.9,"2,417.90",0.0,0.0,"2,387.54","4,827.00","2,414.80","11,524,670.10",55,3.1,105.0,0.13,4.48,1.26,"2,626.50","1,550.00",,
2024/07/09,9,ANLB,68.45,2450.0,2659.6,2450.0,2659.6,"2,659.60",0.0,0.0,"2,605.43","9,114.00","2,417.90","23,745,897.70",365,241.7,209.6,10.0,8.56,2.04,"2,659.60","1,550.00",,
2024/07/10,10,ANLB,63.8,2710.0,2876.8,2661.0,2780.0,"2,780.00",0.0,0.0,"2,737.35","3,771.00","2,659.60","10,322,551.00",131,120.4,215.8,4.53,8.11,1.53,"2,876.80","1,550.00",,
2024/07/11,10,ANLB,65.87,2830.0,2850.0,2633.0,2680.0,"2,680.00",0.0,0.0,"2,679.59","3,410.00","2,780.00","9,137,407.40",107,-100.0,217.00,-3.6,8.24,0.02,"2,876.80","1,550.00",,
2024/07/14,10,ANLB,65.62,2733.6,2780.0,2610.0,2621.0,"2,621.00",0.0,0.0,"2,638.69","3,277.00","2,680.00","8,646,991.00",78,-59.0,170.00,-2.2,6.51,-0.67,"2,876.80","1,550.00",,
2024/07/15,9,ANLB,52.8,2626.0,2725.0,2550.0,2725.0,"2,725.00",0.0,0.0,"2,591.98","3,368.00","2,621.00","8,729,772.00",123,104.00,175.00,3.97,6.86,4.88,"2,876.80","1,550.00",,
2024/07/16,9,ANLB,46.38,2725.0,2725.0,2628.0,2667.0,"2,667.00",0.0,0.0,"2,674.40",956.00,"2,725.00","2,556,729.50",37,-58.0,97.00,-2.13,3.69,-0.28,"2,876.80","1,550.00",,
2024/05/30,9,ANLB,49.39,2317.4,2351.0,2232.0,2240.0,"2,240.00",0.0,0.0,"2,283.87","4,215.00","2,272.00","9,626,530.80",48,-32.00,119.00,-1.41,5.33,-1.96,"2,651.00","1,550.00",,
2024/06/02,10,ANLB,40.09,2205.0,2284.0,2200.2,2260.0,"2,260.00",0.0,0.0,"2,233.33",616.00,"2,240.00","1,375,733.00",33,20.00,83.80,0.89,3.81,1.18,"2,651.00","1,550.00",,
2024/06/03,9,ANLB,48.44,2260.0,2439.0,2222.2,2385.0,"2,385.00",0.0,0.0,"2,333.11","3,797.00","2,260.00","8,858,821.00",63,125.00,216.80,5.53,9.76,2.18,"2,651.00","1,550.00",,
2024/06/04,9,ANLB,52.78,2340.0,2424.0,2340.0,2340.0,"2,340.00",0.0,0.0,"2,386.03","4,636.00","2,385.00","11,061,614.00",86,-45.00,84.00,-1.89,3.59,-1.97,"2,651.00","1,550.00",,
2024/06/05,10,ANLB,49.3,2312.1,2433.0,2312.1,2342.0,"2,342.00",0.0,0.0,"2,378.03","2,975.00","2,340.00","7,074,635.00",53,2.00,120.90,0.09,5.23,-1.54,"2,651.00","1,550.00",,
2024/06/06,10,ANLB,47.44,2360.0,2394.0,2326.0,2344.0,"2,344.00",0.0,0.0,"2,366.50","2,588.00","2,342.00","6,124,498.00",41,2.0,68.00,0.09,2.92,-0.96,"2,651.00","1,550.00",,
2024/06/09,10,ANLB,44.84,2390.8,2395.0,2340.0,2355.0,"2,355.00",0.0,0.0,"2,345.96","2,662.00","2,344.00","6,244,945.00",51,11.0,55.00,0.47,2.35,0.38,"2,651.00","1,550.00",,
2024/06/10,10,ANLB,48.7,2311.1,2399.0,2311.1,2369.0,"2,369.00",0.0,0.0,"2,358.54","3,716.00","2,355.00","8,764,342.50",48,14.0,87.90,0.59,3.8,0.44,"2,651.00","1,550.00",,
2024/06/11,10,ANLB,45.52,2327.1,2399.0,2327.1,2340.0,"2,340.00",0.0,0.0,"2,355.78","1,510.00","2,369.00","3,557,235.00",33,-29.0,71.90,-1.22,3.09,-0.67,"2,651.00","1,550.00",,
2024/06/12,9,ANLB,43.64,2386.8,2482.0,2303.0,2390.0,"2,390.00",0.0,0.0,"2,402.86",563.00,"2,340.00","1,352,811.80",42,50.0,179.0,2.14,7.77,-0.54,"2,651.00","1,550.00",,
2024/06/13,9,ANLB,42.77,2345.0,2370.0,2301.3,2340.0,"2,340.00",0.0,0.0,"2,325.33","1,305.00","2,390.00","3,034,555.50",43,-50.0,68.7,-2.09,2.99,0.63,"2,651.00","1,550.00",,
2024/06/16,10,ANLB,43.1,2304.1,2365.0,2304.1,2313.1,"2,313.10",0.0,0.0,"2,353.80","3,162.00","2,340.00","7,442,722.30",29,-26.9,60.9,-1.15,2.64,-1.76,"2,651.00","1,550.00",,
2024/06/18,10,ANLB,52.56,2290.1,2439.8,2290.1,2399.0,"2,399.00",0.0,0.0,"2,365.11","4,662.00","2,313.10","11,026,126.00",74,85.9,149.70,3.71,6.54,1.41,"2,651.00","1,550.00",,
2024/06/19,9,ANLB,62.3,2420.0,2575.0,2420.0,2575.0,"2,575.00",0.0,0.0,"2,500.81","6,359.00","2,399.00","15,902,675.60",209,176.0,155.0,7.34,6.4,2.88,"2,651.00","1,550.00",,
2024/06/20,9,ANLB,55.58,2626.5,2626.5,2490.0,2500.0,"2,500.00",0.0,0.0,"2,506.33","1,162.00","2,575.00","2,912,353.00",43,-75.0,136.50,-2.91,5.48,-0.25,"2,651.00","1,550.00",,
2024/06/23,9,ANLB,55.59,2450.0,2497.0,2382.0,2400.0,"2,400.00",0.0,0.0,"2,409.07","1,517.00","2,500.00","3,654,557.70",76,-100.0,115.0,-4.0,4.83,-0.38,"2,651.00","1,550.00",,
2024/05/05,9,ANLB,55.43,2000.0,2036.9,1951.0,1951.1,"1,951.10",0.0,0.0,"1,976.37",911.00,"1,997.00","1,800,477.00",28,-45.9,85.9,-2.3,4.4,-1.3,"2,651.00",511.50,,
2024/05/06,9,ANLB,39.37,1940.0,1965.0,1920.2,1965.0,"1,965.00",0.0,0.0,"1,930.11",739.00,"1,951.10","1,426,353.80",22,13.90,44.80,0.71,2.33,1.78,"2,651.00",511.50,,
2024/05/07,9,ANLB,37.73,1950.0,1961.0,1950.0,1961.0,"1,961.00",0.0,0.0,"1,956.32",235.00,"1,965.00","459,735.00",12,-4.00,11.0,-0.2,0.56,0.24,"2,651.00",511.50,,
2024/05/08,10,ANLB,58.86,1975.0,2024.0,1975.0,2024.0,"2,024.00",0.0,0.0,"1,999.47","1,582.00","1,961.00","3,163,165.40",39,63.0,49.0,3.21,2.48,1.21,"2,651.00",553.50,,
2024/05/09,10,ANLB,53.15,2058.0,2058.0,1990.0,2000.0,"2,000.00",0.0,0.0,"2,006.18",342.00,"2,024.00","686,112.00",22,-24.0,68.00,-1.19,3.42,-0.31,"2,651.00",587.20,,
2024/05/12,10,ANLB,53.55,2040.0,2040.0,1985.6,2019.8,"2,019.80",0.0,0.0,"2,009.28",509.00,"2,000.00","1,022,723.40",15,19.80,54.4,0.99,2.74,0.52,"2,651.00",674.20,,
2024/05/13,9,ANLB,52.94,2000.0,2022.6,1980.4,2022.6,"2,022.60",0.0,0.0,"2,002.02",417.00,"2,019.80","834,843.00",20,2.8,42.2,0.14,2.13,1.02,"2,651.00",674.20,,
2024/05/14,10,ANLB,59.66,2022.6,2150.0,2010.0,2136.9,"2,136.90",0.0,0.0,"2,106.98","4,505.00","2,022.60","9,491,926.10",89,114.3,140.0,5.65,6.97,1.4,"2,651.00",674.20,,
2024/05/15,10,ANLB,61.15,2135.0,2170.0,2093.0,2120.0,"2,120.00",0.0,0.0,"2,124.52","3,366.00","2,136.90","7,151,129.00",69,-16.9,77.0,-0.79,3.68,-0.21,"2,651.00",741.60,,
2024/05/16,11,ANLB,61.83,2144.0,2229.0,2110.0,2188.0,"2,188.00",0.0,0.0,"2,175.86","4,308.00","2,120.00","9,373,600.10",109,68.0,119.0,3.21,5.64,0.55,"2,651.00",771.40,,
2024/05/19,10,ANLB,69.39,2150.0,2406.8,2150.0,2406.8,"2,406.80",0.0,0.0,"2,331.46","10,618.00","2,188.00","24,755,432.30",247,218.8,256.8,10.0,11.94,3.13,"2,651.00","1,047.20",,
2024/05/20,10,ANLB,60.13,2454.0,2590.3,2291.0,2372.3,"2,372.30",0.0,0.0,"2,409.34","6,568.00","2,406.80","15,824,567.10",141,-34.5,299.3,-1.43,13.06,-1.56,"2,651.00","1,047.20",,
2024/05/21,10,ANLB,63.11,2326.0,2390.0,2250.1,2364.0,"2,364.00",0.0,0.0,"2,304.60","4,855.00","2,372.30","11,188,829.20",88,-8.30,139.9,-0.35,6.22,2.51,"2,651.00","1,047.20",,
2024/05/22,9,ANLB,51.66,2364.0,2411.2,2255.0,2255.0,"2,255.00",0.0,0.0,"2,312.40","3,364.00","2,364.00","7,778,921.70",65,-109.0,156.2,-4.61,6.93,-2.55,"2,651.00","1,151.80",,
2024/05/26,10,ANLB,50.97,2255.0,2385.0,2223.0,2383.8,"2,383.80",0.0,0.0,"2,338.01","5,211.00","2,255.00","12,183,383.10",106,128.8,162.0,5.71,7.29,1.92,"2,651.00","1,533.00",,
2024/05/27,10,ANLB,51.49,2431.4,2578.0,2303.1,2400.0,"2,400.00",0.0,0.0,"2,407.17","3,389.00","2,383.80","8,157,901.50",87,16.2,274.9,0.68,11.94,-0.3,"2,651.00","1,533.00",,
2024/04/03,10,ANLB,24.0,6162.3,6284.0,6080.1,6244.0,"6,244.00",0.0,0.0,"6,159.94",939.00,"6,288.00","5,784,182.10",76,-44.0,203.9,-0.7,3.35,1.35,"6,735.00","4,146.00","5,534.00","5,444.07"
2024/04/04,10,ANLB,54.09,2020.0,2115.0,2020.0,2081.0,"2,081.00",0.0,0.0,"2,082.39","1,871.00","2,045.00","3,896,155.00",56,36.0,95.00,1.76,4.7,-0.07,"2,651.00",403.80,,
2024/04/07,10,ANLB,55.96,2055.0,2119.5,2055.0,2088.0,"2,088.00",0.0,0.0,"2,089.99",830.00,"2,081.00","1,734,690.00",36,7.0,64.50,0.34,3.14,-0.1,"2,651.00",403.80,,
2024/04/09,10,ANLB,24.0,6162.3,6284.0,6080.1,6244.0,"6,244.00",0.0,0.0,"6,159.94",939.00,"6,288.00","5,784,182.10",76,-44.0,203.9,-0.7,3.35,1.35,"6,735.00","4,146.00","5,534.00","5,444.07"
2024/04/10,10,ANLB,30.59,2027.0,2060.0,1931.0,1931.0,"1,931.00",0.0,0.0,"2,011.70","1,240.00","2,040.00","2,494,513.00",39,-109.0,129.00,-5.34,6.68,-4.18,"2,651.00",403.80,,
2024/04/14,10,ANLB,33.54,1950.0,2030.0,1931.0,1995.0,"1,995.00",0.0,0.0,"1,996.87","1,140.00","1,931.00","2,276,427.00",35,64.0,99.0,3.31,5.13,-0.09,"2,651.00",403.80,,
2024/04/15,10,ANLB,38.99,2000.0,2060.0,1990.0,2040.0,"2,040.00",0.0,0.0,"2,016.97",818.00,"1,995.00","1,649,880.00",20,45.00,70.0,2.26,3.52,1.13,"2,651.00",403.80,,
2024/04/16,10,ANLB,34.04,2040.0,2040.0,1960.0,1960.0,"1,960.00",0.0,0.0,"1,974.76",325.00,"2,040.00","641,797.40",19,-80.0,80.0,-3.92,4.08,-0.75,"2,651.00",403.80,,
2024/04/18,10,ANLB,45.27,1940.0,1960.0,1930.0,1960.0,"1,960.00",0.0,0.0,"1,946.35",441.00,"1,960.00","858,341.00",18,0.0,30.0,0.0,1.55,0.7,"2,651.00",403.80,,
2024/04/21,9,ANLB,46.82,1950.0,1965.2,1926.0,1965.2,"1,965.20",0.0,0.0,"1,938.23",875.00,"1,960.00","1,695,949.00",28,5.2,39.2,0.27,2.04,1.37,"2,651.00",403.80,,
2024/04/22,10,ANLB,33.16,2004.0,2004.0,1933.0,1933.0,"1,933.00",0.0,0.0,"1,943.95",152.00,"1,965.20","295,480.00",10,-32.2,71.0,-1.64,3.67,-0.57,"2,651.00",403.80,,
2024/04/24,9,ANLB,37.13,1920.0,1971.6,1915.5,1940.1,"1,940.10",0.0,0.0,"1,947.13",309.00,"1,933.00","601,664.00",16,7.1,56.1,0.37,2.93,-0.36,"2,651.00",403.80,,
2024/04/25,9,ANLB,37.18,1940.0,2012.0,1922.6,1922.6,"1,922.60",0.0,0.0,"1,960.73",200.00,"1,940.10","392,145.00",9,-17.5,89.4,-0.9,4.65,-1.98,"2,651.00",403.80,,
2024/04/28,10,ANLB,32.96,1930.0,1961.0,1930.0,1945.0,"1,945.00",0.0,0.0,"1,941.88",290.00,"1,922.60","563,145.00",17,22.4,31.0,1.17,1.61,0.16,"2,651.00",403.80,,
2024/04/29,10,ANLB,51.54,1910.1,1965.0,1910.0,1965.0,"1,965.00",0.0,0.0,"1,937.31",619.00,"1,945.00","1,199,195.10",26,20.0,55.0,1.03,2.88,1.41,"2,651.00",403.80,,
2024/04/30,10,ANLB,55.11,1926.0,1966.5,1926.0,1966.0,"1,966.00",0.0,0.0,"1,954.46",700.00,"1,965.00","1,368,118.50",28,1.00,40.50,0.05,2.1,0.59,"2,651.00",403.80,,
2024/03/07,10,ANLB,30.12,1943.0,1943.0,1867.2,1867.2,"1,867.20",0.0,0.0,"1,889.74",200.00,"1,905.00","377,948.00",15,-37.8,75.80,-1.98,4.06,-1.21,"2,651.00",403.80,,
2024/03/10,10,ANLB,36.35,1904.5,1978.0,1870.5,1912.1,"1,912.10",0.0,0.0,"1,917.42","1,515.00","1,867.20","2,904,888.00",48,44.9,107.5,2.4,5.75,-0.28,"2,651.00",403.80,,
2024/03/12,10,ANLB,60.39,1900.0,2049.0,1900.0,2049.0,"2,049.00",0.0,0.0,"1,953.69","3,481.00","1,912.10","6,800,786.00",107,136.90,149.0,7.16,7.84,4.65,"2,651.00",403.80,,
2024/03/13,10,ANLB,63.81,2079.0,2253.9,2079.0,2238.0,"2,238.00",0.0,0.0,"2,211.54","8,512.00","2,049.00","18,824,663.90",230,189.0,174.9,9.22,8.41,1.18,"2,651.00",403.80,,
2024/03/14,9,ANLB,59.25,2195.0,2265.0,2080.1,2163.4,"2,163.40",0.0,0.0,"2,166.02","2,868.00","2,238.00","6,212,157.80",66,-74.6,184.9,-3.33,8.89,-0.12,"2,651.00",403.80,,
2024/03/17,10,ANLB,61.87,2196.9,2244.0,2183.0,2237.9,"2,237.90",0.0,0.0,"2,207.80","8,575.00","2,163.40","18,931,920.00",145,74.5,61.0,3.44,2.79,1.34,"2,651.00",403.80,,
2024/03/18,10,ANLB,54.5,2200.0,2255.0,2120.0,2217.0,"2,217.00",0.0,0.0,"2,192.81","5,300.00","2,237.90","11,621,906.00",59,-20.9,135.0,-0.93,6.37,1.09,"2,651.00",403.80,,
2024/03/19,10,ANLB,45.97,2239.0,2254.9,2182.0,2200.0,"2,200.00",0.0,0.0,"2,233.59","1,370.00","2,217.00","3,060,022.50",44,-17.0,72.90,-0.77,3.34,-1.53,"2,651.00",403.80,,
2024/03/20,10,ANLB,47.79,2200.0,2254.0,2181.0,2205.0,"2,205.00",0.0,0.0,"2,225.27","1,872.00","2,200.00","4,165,705.00",68,5.00,73.00,0.23,3.35,-0.92,"2,651.00",403.80,,
2024/03/21,10,ANLB,40.21,2162.2,2162.2,2050.3,2129.0,"2,129.00",0.0,0.0,"2,091.19","1,958.00","2,205.00","4,094,544.70",72,-76.00,111.90,-3.45,5.46,1.78,"2,651.00",403.80,,
2024/03/25,10,ANLB,37.52,2087.0,2087.0,1941.2,1941.2,"1,941.20",0.0,0.0,"1,999.11","2,141.00","2,129.00","4,280,095.20",84,-187.80,145.80,-8.82,7.51,-2.98,"2,651.00",403.80,,
2024/03/26,10,ANLB,36.04,1980.0,2020.0,1965.0,1992.0,"1,992.00",0.0,0.0,"1,997.48",880.00,"1,941.20","1,757,781.00",36,50.8,55.00,2.62,2.8,-0.28,"2,651.00",403.80,,
2024/03/27,10,ANLB,30.91,1980.0,1980.0,1980.0,1980.0,"1,980.00",0.0,0.0,"1,980.00",70.00,"1,992.00","138,600.00",4,-12.0,0.00,-0.6,0.0,0.0,"2,651.00",403.80,,
2024/03/28,10,ANLB,37.15,1979.0,2019.0,1973.6,1982.0,"1,982.00",0.0,0.0,"1,992.16","1,465.00","1,980.00","2,918,513.00",33,2.0,45.4,0.1,2.3,-0.51,"2,651.00",403.80,,
2024/03/31,10,ANLB,46.82,2000.0,2000.0,1965.0,1970.0,"1,970.00",0.0,0.0,"1,983.17",180.00,"1,982.00","356,970.00",13,-12.00,35.00,-0.61,1.78,-0.67,"2,651.00",403.80,,
2024/04/01,10,ANLB,34.6,1965.0,1965.0,1931.0,1931.2,"1,931.20",0.0,0.0,"1,945.57","1,261.00","1,970.00","2,453,358.00",40,-38.8,34.0,-1.97,1.76,-0.74,"2,651.00",403.80,,
2024/02/12,9,ANLB,53.91,1820.0,1856.5,1820.0,1825.0,"1,825.00",0.0,0.0,"1,841.39",495.00,"1,823.00","911,488.50",25,2.00,36.50,0.11,2.01,-0.9,"2,651.00",403.80,,
2024/02/13,9,ANLB,48.74,1840.0,1861.5,1801.4,1810.0,"1,810.00",0.0,0.0,"1,823.42",591.00,"1,825.00","1,077,638.50",21,-15.0,60.1,-0.82,3.34,-0.74,"2,651.00",403.80,,
2024/02/14,10,ANLB,42.55,1800.3,1805.0,1796.5,1800.0,"1,800.00",0.0,0.0,"1,800.74",240.00,"1,810.00","432,178.00",13,-10.0,8.5,-0.55,0.47,-0.04,"2,651.00",403.80,,
2024/02/15,9,ANLB,57.95,1800.0,1948.3,1787.1,1845.0,"1,845.00",0.0,0.0,"1,898.52","1,863.00","1,800.00","3,536,945.20",65,45.0,161.2,2.5,9.02,-2.9,"2,651.00",403.80,,
2024/02/18,9,ANLB,36.41,1845.0,1845.0,1805.0,1805.0,"1,805.00",0.0,0.0,"1,812.14",350.00,"1,845.00","634,250.00",26,-40.0,40.0,-2.17,2.22,-0.4,"2,651.00",403.80,,
2024/02/20,10,ANLB,33.41,1777.6,1800.0,1777.6,1800.0,"1,800.00",0.0,0.0,"1,785.62",290.00,"1,805.00","517,830.00",19,-5.00,22.4,-0.28,1.26,0.8,"2,651.00",403.80,,
2024/02/21,9,ANLB,60.19,1800.0,1954.0,1783.6,1953.0,"1,953.00",0.0,0.0,"1,881.08","5,664.00","1,800.00","10,654,439.80",104,153.00,170.4,8.5,9.55,3.68,"2,651.00",403.80,,
2024/02/22,10,ANLB,58.54,1953.0,2020.0,1838.3,2003.0,"2,003.00",0.0,0.0,"1,973.21","4,015.00","1,953.00","7,922,448.00",171,50.00,181.7,2.56,9.88,1.49,"2,651.00",403.80,,
2024/02/25,10,ANLB,52.16,2043.0,2043.0,1907.1,1940.0,"1,940.00",0.0,0.0,"1,955.46","1,374.00","2,003.00","2,686,795.50",68,-63.00,135.90,-3.15,7.13,-0.8,"2,651.00",403.80,,
2024/02/26,10,ANLB,52.24,1930.0,1948.0,1890.0,1948.0,"1,948.00",0.0,0.0,"1,906.28","1,245.00","1,940.00","2,373,320.00",57,8.00,58.00,0.41,3.07,2.14,"2,651.00",403.80,,
2024/02/27,9,ANLB,38.82,1920.0,1956.0,1872.0,1956.0,"1,956.00",0.0,0.0,"1,917.78",585.00,"1,948.00","1,121,902.50",36,8.00,84.00,0.41,4.49,1.95,"2,651.00",403.80,,
2024/02/28,10,ANLB,32.79,1990.0,1995.0,1890.1,1954.0,"1,954.00",0.0,0.0,"1,946.98",310.00,"1,956.00","603,563.00",16,-2.00,104.90,-0.1,5.55,0.36,"2,651.00",403.80,,
2024/02/29,9,ANLB,29.9,1960.0,1975.0,1876.2,1876.2,"1,876.20",0.0,0.0,"1,899.56",570.00,"1,954.00","1,082,750.40",21,-77.80,98.80,-3.98,5.27,-1.25,"2,651.00",403.80,,
2024/03/03,9,ANLB,29.69,1875.0,1912.0,1839.6,1912.0,"1,912.00",0.0,0.0,"1,860.65",567.00,"1,876.20","1,054,990.00",31,35.80,72.40,1.91,3.94,2.69,"2,651.00",403.80,,
2024/03/04,8,ANLB,38.01,1950.2,1989.2,1950.2,1989.2,"1,989.20",0.0,0.0,"1,969.70",20.00,"1,912.00","39,394.00",2,77.2,39.0,4.04,2.0,0.98,"2,651.00",403.80,,
2024/03/05,11,ANLB,31.8,1949.5,1949.5,1888.0,1888.0,"1,888.00",0.0,0.0,"1,904.62",370.00,"1,989.20","704,711.00",20,-101.20,61.50,-5.09,3.26,-0.88,"2,651.00",403.80,,
2024/01/18,10,ANLB,55.45,1815.0,1875.0,1800.0,1835.0,"1,835.00",0.0,0.0,"1,831.27",550.00,"1,850.00","1,007,199.00",35,-15.0,75.00,-0.81,4.17,0.2,"2,651.00",403.80,,
2024/01/21,10,ANLB,58.79,1836.0,1878.8,1835.0,1838.0,"1,838.00",0.0,0.0,"1,852.59","2,100.00","1,835.00","3,890,446.00",64,3.0,43.80,0.16,2.39,-0.79,"2,651.00",403.80,,
2024/01/22,9,ANLB,45.9,1874.0,1874.0,1807.0,1808.0,"1,808.00",0.0,0.0,"1,828.84","1,899.00","1,838.00","3,472,962.00",54,-30.0,67.0,-1.63,3.71,-1.15,"2,651.00",403.80,,
2024/01/23,10,ANLB,47.53,1771.9,1910.4,1771.9,1825.2,"1,825.20",0.0,0.0,"1,855.77","1,994.00","1,808.00","3,700,406.50",70,17.2,138.5,0.95,7.82,-1.67,"2,651.00",403.80,,
2024/01/24,10,ANLB,42.92,1825.0,1898.9,1811.0,1831.0,"1,831.00",0.0,0.0,"1,847.82","1,539.00","1,825.20","2,843,788.50",59,5.8,87.9,0.32,4.85,-0.92,"2,651.00",403.80,,
2024/01/25,10,ANLB,43.52,1830.0,1866.6,1795.0,1832.0,"1,832.00",0.0,0.0,"1,818.25","1,315.00","1,831.00","2,390,994.00",31,1.0,71.60,0.05,3.99,0.75,"2,651.00",403.80,,
2024/01/28,10,ANLB,55.0,1865.0,1866.0,1803.0,1866.0,"1,866.00",0.0,0.0,"1,824.35",310.00,"1,832.00","565,550.00",24,34.0,63.0,1.86,3.49,2.23,"2,651.00",403.80,,
2024/01/29,9,ANLB,58.29,1865.0,1865.0,1830.0,1851.0,"1,851.00",0.0,0.0,"1,851.61","1,285.00","1,866.00","2,379,316.00",39,-15.0,35.0,-0.8,1.91,-0.03,"2,651.00",403.80,,
2024/01/30,10,ANLB,46.25,1855.0,1870.0,1838.0,1870.0,"1,870.00",0.0,0.0,"1,854.28",342.00,"1,851.00","634,164.00",27,19.0,32.0,1.03,1.74,0.84,"2,651.00",403.80,,
2024/01/31,10,ANLB,46.97,1833.0,1910.0,1810.0,1860.0,"1,860.00",0.0,0.0,"1,884.55","1,212.00","1,870.00","2,284,071.00",56,-10.00,100.00,-0.53,5.52,-1.32,"2,651.00",403.80,,
2024/02/01,10,ANLB,33.27,1830.0,1846.0,1823.0,1845.0,"1,845.00",0.0,0.0,"1,836.65",385.00,"1,860.00","707,109.00",21,-15.0,23.0,-0.81,1.26,0.45,"2,651.00",403.80,,
2024/02/04,9,ANLB,41.96,1820.0,1876.0,1815.2,1850.0,"1,850.00",0.0,0.0,"1,839.82",905.00,"1,845.00","1,665,039.10",35,5.0,60.8,0.27,3.35,0.55,"2,651.00",403.80,,
2024/02/05,9,ANLB,37.51,1886.9,1900.9,1825.1,1830.3,"1,830.30",0.0,0.0,"1,873.16",681.00,"1,850.00","1,275,624.90",20,-19.7,75.8,-1.06,4.15,-2.34,"2,651.00",403.80,,
2024/02/06,10,ANLB,41.57,1830.0,1848.0,1801.2,1801.6,"1,801.60",0.0,0.0,"1,816.59",930.00,"1,830.30","1,689,430.80",48,-28.7,46.8,-1.57,2.6,-0.83,"2,651.00",403.80,,
2024/02/07,10,ANLB,37.15,1835.0,1873.7,1804.0,1820.1,"1,820.10",0.0,0.0,"1,854.27",559.00,"1,801.60","1,036,536.80",26,18.5,69.7,1.03,3.86,-1.88,"2,651.00",403.80,,
2024/02/08,10,ANLB,30.86,1830.0,1850.0,1815.0,1815.0,"1,815.00",0.0,0.0,"1,835.00",50.00,"1,820.10","91,750.00",5,-5.1,35.00,-0.28,1.93,-1.1,"2,651.00",403.80,,
2023/12/20,10,ANLB,66.67,1905.3,1925.0,1801.1,1836.0,"1,836.00",0.0,0.0,"1,840.59","1,776.00","1,868.00","3,268,884.00",79,-32.00,123.90,-1.71,6.88,-0.25,"2,651.00",403.80,,
2023/12/21,10,ANLB,63.09,1872.7,1975.0,1805.0,1815.0,"1,815.00",0.0,0.0,"1,830.22","1,394.00","1,836.00","2,551,320.40",51,-21.00,170.00,-1.14,9.42,-0.84,"2,651.00",403.80,,
2023/12/24,10,ANLB,57.16,1851.3,1851.3,1780.0,1798.0,"1,798.00",0.0,0.0,"1,809.67","3,060.00","1,815.00","5,537,580.00",103,-17.0,71.30,-0.94,4.01,-0.65,"2,651.00",403.80,,
2023/12/27,10,ANLB,48.24,1830.0,1845.0,1795.0,1800.0,"1,800.00",0.0,0.0,"1,814.30","1,574.00","1,798.00","2,855,712.20",57,2.0,50.00,0.11,2.79,-0.79,"2,651.00",403.80,,
2023/12/28,10,ANLB,49.19,1790.0,1840.0,1780.0,1825.0,"1,825.00",0.0,0.0,"1,816.27","1,499.00","1,800.00","2,722,595.00",73,25.0,60.0,1.39,3.37,0.48,"2,651.00",403.80,,
2024/01/01,10,ANLB,43.74,1692.2,1757.0,1692.2,1717.0,"1,717.00",0.0,0.0,"1,733.44","1,250.00","1,659.09","2,166,796.00",66,57.91,64.8,3.49,3.83,-0.96,"2,651.00",403.80,,
2024/01/02,9,ANLB,40.92,1720.0,1738.9,1717.2,1719.0,"1,719.00",0.0,0.0,"1,723.25",785.00,"1,717.00","1,352,751.00",34,2.0,21.7,0.12,1.26,-0.25,"2,651.00",403.80,,
2024/01/03,10,ANLB,43.87,1700.1,1750.0,1700.0,1750.0,"1,750.00",0.0,0.0,"1,738.29","1,237.00","1,719.00","2,150,261.50",41,31.00,50.0,1.8,2.94,0.67,"2,651.00",403.80,,
2024/01/04,10,ANLB,43.3,1750.0,1786.0,1750.0,1750.0,"1,750.00",0.0,0.0,"1,763.86","1,355.00","1,750.00","2,390,032.00",45,0.00,36.00,0.0,2.06,-0.79,"2,651.00",403.80,,
2024/01/07,10,ANLB,47.03,1730.0,1785.0,1688.7,1708.0,"1,708.00",0.0,0.0,"1,718.23","1,740.00","1,750.00","2,989,727.00",41,-42.0,96.3,-2.4,5.7,-0.6,"2,651.00",403.80,,
2024/01/08,10,ANLB,43.6,1710.0,1750.0,1693.2,1711.1,"1,711.10",0.0,0.0,"1,724.05",756.00,"1,708.00","1,303,383.00",31,3.1,56.80,0.18,3.35,-0.76,"2,651.00",403.80,,
2024/01/09,9,ANLB,41.94,1677.0,1760.0,1677.0,1716.0,"1,716.00",0.0,0.0,"1,735.36","1,038.00","1,711.10","1,801,301.00",34,4.9,83.0,0.29,4.95,-1.13,"2,651.00",403.80,,
2024/01/10,9,ANLB,46.68,1700.3,1791.0,1700.3,1745.0,"1,745.00",0.0,0.0,"1,753.57","1,090.00","1,716.00","1,911,395.00",37,29.0,90.70,1.69,5.33,-0.49,"2,651.00",403.80,,
2024/01/11,10,ANLB,48.93,1775.0,1800.0,1730.1,1750.0,"1,750.00",0.0,0.0,"1,769.66",725.00,"1,745.00","1,283,007.00",25,5.00,69.9,0.29,4.04,-1.12,"2,651.00",403.80,,
2024/01/14,9,ANLB,61.39,1765.0,1813.0,1749.0,1813.0,"1,813.00",0.0,0.0,"1,786.02","3,079.00","1,750.00","5,499,144.70",70,63.0,64.0,3.6,3.66,1.49,"2,651.00",403.80,,
2024/01/16,9,ANLB,67.54,1845.0,1924.7,1821.0,1887.0,"1,887.00",0.0,0.0,"1,866.02","2,358.00","1,813.00","4,400,079.20",68,74.0,103.7,4.08,5.69,1.11,"2,651.00",403.80,,
2023/11/27,10,ANLB,48.06,1666.0,1707.0,1583.0,1630.0,"1,630.00",0.0,0.0,"1,631.02","2,570.00","1,675.00","4,191,730.90",98,-45.00,124.00,-2.69,7.83,-0.06,"2,651.00",403.80,,
2023/11/28,9,ANLB,41.09,1604.0,1690.0,1581.4,1690.0,"1,690.00",0.0,0.0,"1,623.23","1,085.00","1,630.00","1,761,207.00",33,60.0,108.6,3.68,6.87,3.95,"2,651.00",403.80,,
2023/11/29,9,ANLB,39.57,1709.0,1709.0,1590.0,1633.0,"1,633.00",0.0,0.0,"1,620.92",641.00,"1,690.00","1,039,007.00",30,-57.00,119.00,-3.37,7.48,0.74,"2,651.00",403.80,,
2023/11/30,9,ANLB,40.2,1611.0,1633.0,1590.0,1590.0,"1,590.00",0.0,0.0,"1,606.87",541.00,"1,633.00","869,318.00",25,-43.0,43.00,-2.63,2.7,-1.06,"2,651.00",403.80,,
2023/12/03,9,ANLB,48.66,1600.0,1600.0,1550.0,1550.0,"1,550.00",0.0,0.0,"1,570.72","1,444.00","1,590.00","2,268,117.70",44,-40.0,50.0,-2.52,3.23,-1.34,"2,651.00",403.80,,
2023/12/04,10,ANLB,38.83,1550.0,1595.0,1550.0,1551.2,"1,551.20",0.0,0.0,"1,569.69",541.00,"1,550.00","849,202.10",27,1.2,45.0,0.08,2.9,-1.19,"2,651.00",403.80,,
2023/12/05,10,ANLB,39.77,1580.0,1600.0,1555.0,1570.0,"1,570.00",0.0,0.0,"1,569.81",310.00,"1,551.20","486,640.00",17,18.80,45.00,1.21,2.89,0.01,"2,651.00",403.80,,
2023/12/06,10,ANLB,41.73,1570.0,1588.0,1562.2,1587.0,"1,587.00",0.0,0.0,"1,573.51",340.00,"1,570.00","534,993.00",18,17.0,25.80,1.08,1.65,0.85,"2,651.00",403.80,,
2023/12/07,10,ANLB,49.56,1580.0,1600.0,1560.0,1560.0,"1,560.00",0.0,0.0,"1,575.68",999.00,"1,587.00","1,574,101.40",42,-27.0,40.00,-1.7,2.56,-1.0,"2,651.00",403.80,,
2023/12/10,8,ANLB,47.35,1591.2,1655.4,1591.2,1655.4,"1,655.40",0.0,0.0,"1,625.96",145.00,"1,560.00","235,764.00",9,95.40,64.2,6.12,4.03,1.78,"2,651.00",403.80,,
2023/12/11,9,ANLB,56.86,1688.5,1756.6,1592.0,1615.0,"1,615.00",0.0,0.0,"1,643.44","2,413.00","1,655.40","3,965,613.50",86,-40.4,164.6,-2.44,10.34,-1.76,"2,651.00",403.80,,
2023/12/12,10,ANLB,60.17,1615.0,1672.0,1605.1,1659.0,"1,659.00",0.0,0.0,"1,630.64","2,086.00","1,615.00","3,401,517.30",66,44.00,66.90,2.72,4.17,1.71,"2,651.00",403.80,,
2023/12/13,10,ANLB,57.89,1692.1,1759.5,1662.0,1680.0,"1,680.00",0.0,0.0,"1,714.76","1,413.00","1,659.00","2,422,960.00",34,21.0,97.5,1.27,5.87,-2.07,"2,651.00",403.80,,
2023/12/14,10,ANLB,51.78,1655.2,1680.0,1650.0,1660.0,"1,660.00",0.0,0.0,"1,660.50",290.00,"1,680.00","481,546.00",23,-20.0,30.0,-1.19,1.82,-0.03,"2,651.00",403.80,,
2023/12/17,9,ANLB,58.82,1630.0,1688.0,1630.0,1688.0,"1,688.00",0.0,0.0,"1,665.12",427.00,"1,660.00","711,005.50",23,28.0,58.00,1.69,3.56,1.36,"2,651.00",403.80,,
2023/12/18,9,ANLB,66.04,1700.0,1856.8,1666.0,1780.0,"1,780.00",0.0,0.0,"1,733.17","3,125.00","1,688.00","5,416,170.50",93,92.00,190.80,5.45,11.45,2.63,"2,651.00",403.80,,
2023/10/18,9,ANLB,37.55,1860.0,1923.0,1851.1,1891.2,"1,891.20",0.0,0.0,"1,886.43",139.00,"1,866.00","262,213.70",12,25.2,71.9,1.35,3.88,0.25,"2,651.00",403.80,,
2023/10/19,9,ANLB,41.94,1863.1,1930.0,1863.1,1895.0,"1,895.00",0.0,0.0,"1,890.49",263.00,"1,891.20","497,197.80",15,3.8,66.9,0.2,3.59,0.24,"2,651.00",403.80,,
2023/10/29,9,ANLB,51.74,1860.1,1888.0,1849.3,1885.0,"1,885.00",0.0,0.0,"1,869.95","1,845.00","1,895.00","3,450,059.50",43,-10.0,38.7,-0.53,2.09,0.8,"2,651.00",403.80,,
2023/10/30,9,ANLB,40.1,1850.0,1887.0,1850.0,1862.0,"1,862.00",0.0,0.0,"1,869.93",110.00,"1,885.00","205,692.00",9,-23.0,37.0,-1.22,2.0,-0.43,"2,651.00",403.80,,
2023/10/31,9,ANLB,35.88,1832.0,1870.0,1832.0,1860.0,"1,860.00",0.0,0.0,"1,853.59",120.00,"1,862.00","222,431.00",12,-2.0,38.0,-0.11,2.07,0.34,"2,651.00",403.80,,
2023/11/01,10,ANLB,38.07,1850.0,1865.0,1831.1,1840.5,"1,840.50",0.0,0.0,"1,841.67",310.00,"1,860.00","570,918.00",22,-19.5,33.9,-1.05,1.85,-0.06,"2,651.00",403.80,,
2023/11/02,10,ANLB,39.65,1826.1,1840.0,1820.0,1820.0,"1,820.00",0.0,0.0,"1,826.99",560.00,"1,840.50","1,023,116.60",31,-20.5,20.0,-1.11,1.1,-0.38,"2,651.00",403.80,,
2023/11/05,9,ANLB,35.21,1811.0,1811.0,1781.0,1781.0,"1,781.00",0.0,0.0,"1,790.86",400.00,"1,820.00","716,344.00",24,-39.0,30.0,-2.14,1.68,-0.55,"2,651.00",403.80,,
2023/11/06,9,ANLB,39.06,1751.0,1815.0,1751.0,1809.0,"1,809.00",0.0,0.0,"1,785.49",410.00,"1,781.00","732,050.00",20,28.0,64.0,1.57,3.66,1.3,"2,651.00",403.80,,
2023/11/07,9,ANLB,33.47,1780.1,1810.0,1780.1,1786.0,"1,786.00",0.0,0.0,"1,792.92",100.00,"1,809.00","179,292.00",8,-23.0,29.9,-1.27,1.68,-0.39,"2,651.00",403.80,,
2023/11/08,9,ANLB,39.41,1780.0,1818.0,1780.0,1790.0,"1,790.00",0.0,0.0,"1,802.12",270.00,"1,786.00","486,573.00",16,4.00,38.0,0.22,2.13,-0.68,"2,651.00",403.80,,
2023/11/09,9,ANLB,40.19,1792.0,1806.0,1792.0,1800.0,"1,800.00",0.0,0.0,"1,802.59",135.00,"1,790.00","243,350.00",6,10.0,14.0,0.56,0.78,-0.14,"2,651.00",403.80,,
2023/11/20,9,ANLB,42.47,1768.0,1800.3,1730.0,1750.0,"1,750.00",0.0,0.0,"1,752.67","1,440.00","1,800.00","2,523,849.00",38,-50.00,70.30,-2.78,4.06,-0.15,"2,651.00",403.80,,
2023/11/21,10,ANLB,40.36,1780.0,1780.0,1709.6,1715.0,"1,715.00",0.0,0.0,"1,757.62",725.00,"1,750.00","1,274,273.00",37,-35.0,70.40,-2.0,4.12,-2.49,"2,651.00",403.80,,
2023/11/22,10,ANLB,43.01,1740.0,1774.0,1700.0,1745.0,"1,745.00",0.0,0.0,"1,742.99",621.00,"1,715.00","1,082,397.00",26,30.0,74.00,1.75,4.35,0.12,"2,651.00",403.80,,
2023/11/23,10,ANLB,39.22,1744.0,1750.0,1716.0,1716.0,"1,716.00",0.0,0.0,"1,730.37",464.00,"1,745.00","802,890.60",19,-29.0,34.0,-1.66,1.98,-0.84,"2,651.00",403.80,,
2023/09/21,10,ANLB,45.56,2040.0,2050.0,2015.0,2025.6,"2,025.60",0.0,0.0,"2,026.70",439.00,"2,000.00","889,721.00",36,25.60,35.00,1.28,1.74,-0.05,"2,651.00",403.80,,
2023/09/24,10,ANLB,54.83,2020.0,2055.6,2005.0,2015.0,"2,015.00",0.0,0.0,"2,027.45",741.00,"2,025.60","1,502,343.50",45,-10.60,50.60,-0.52,2.52,-0.62,"2,651.00",403.80,,
2023/09/25,10,ANLB,49.29,2002.1,2023.0,2002.1,2020.0,"2,020.00",0.0,0.0,"2,009.79",160.00,"2,015.00","321,567.00",15,5.0,20.9,0.25,1.04,0.51,"2,651.00",403.80,,
2023/09/26,10,ANLB,57.05,2020.0,2048.0,2015.0,2031.0,"2,031.00",0.0,0.0,"2,029.72",401.00,"2,020.00","813,916.00",31,11.0,33.00,0.54,1.64,0.06,"2,651.00",403.80,,
2023/09/27,10,ANLB,47.84,2025.0,2025.0,2002.0,2005.0,"2,005.00",0.0,0.0,"2,009.96",680.00,"2,031.00","1,366,771.00",31,-26.0,23.0,-1.28,1.15,-0.25,"2,651.00",403.80,,
2023/10/01,9,ANLB,38.45,1971.0,2000.0,1971.0,1982.0,"1,982.00",0.0,0.0,"1,990.50",345.00,"2,005.00","686,724.00",27,-23.0,29.0,-1.15,1.47,-0.43,"2,651.00",403.80,,
2023/10/02,11,ANLB,43.5,1980.0,2000.0,1962.1,1980.2,"1,980.20",0.0,0.0,"1,976.52",470.00,"1,982.00","928,963.00",34,-1.8,37.9,-0.09,1.93,0.19,"2,651.00",403.80,,
2023/10/03,9,ANLB,41.06,1966.0,1977.5,1941.1,1965.0,"1,965.00",0.0,0.0,"1,964.79",788.00,"1,980.20","1,548,258.30",42,-15.2,36.4,-0.77,1.88,0.01,"2,651.00",403.80,,
2023/10/04,10,ANLB,43.02,1950.0,1980.0,1950.0,1980.0,"1,980.00",0.0,0.0,"1,962.52",435.00,"1,965.00","853,696.50",29,15.0,30.0,0.76,1.54,0.88,"2,651.00",403.80,,
2023/10/05,9,ANLB,43.44,1963.0,1980.0,1963.0,1963.0,"1,963.00",0.0,0.0,"1,968.75",544.00,"1,980.00","1,070,999.00",36,-17.0,17.0,-0.86,0.87,-0.29,"2,651.00",403.80,,
2023/10/08,10,ANLB,41.48,1951.0,1963.0,1951.0,1952.0,"1,952.00",0.0,0.0,"1,953.65",395.00,"1,963.00","771,692.50",30,-11.0,12.0,-0.56,0.62,-0.08,"2,651.00",403.80,,
2023/10/09,9,ANLB,39.62,1930.0,1950.0,1925.1,1940.0,"1,940.00",0.0,0.0,"1,935.52",310.00,"1,952.00","600,011.00",30,-12.0,24.9,-0.61,1.29,0.23,"2,651.00",403.80,,
2023/10/10,9,ANLB,29.99,1915.0,1925.1,1915.0,1920.1,"1,920.10",0.0,0.0,"1,921.88",386.00,"1,940.00","741,847.60",29,-19.9,10.1,-1.03,0.53,-0.09,"2,651.00",403.80,,
2023/10/11,9,ANLB,35.08,1906.0,1950.0,1905.3,1921.0,"1,921.00",0.0,0.0,"1,929.37",445.00,"1,920.10","858,570.00",34,0.9,44.7,0.05,2.35,-0.44,"2,651.00",403.80,,
2023/10/12,10,ANLB,38.5,1895.0,1930.0,1895.0,1899.0,"1,899.00",0.0,0.0,"1,906.86",391.00,"1,921.00","745,582.50",29,-22.0,35.00,-1.15,1.85,-0.41,"2,651.00",403.80,,
2023/10/16,9,ANLB,32.03,1867.0,1898.0,1850.0,1850.0,"1,850.00",0.0,0.0,"1,869.69",390.00,"1,899.00","729,181.00",29,-49.0,48.00,-2.58,2.59,-1.06,"2,651.00",403.80,,
2023/08/23,10,ANLB,48.07,2050.1,2121.0,2050.1,2119.5,"2,119.50",0.0,0.0,"2,098.98",631.00,"2,084.00","1,324,454.70",48,35.5,70.9,1.7,3.46,0.97,"2,651.00",403.80,,
2023/08/24,10,ANLB,41.73,2100.0,2100.0,2065.0,2065.0,"2,065.00",0.0,0.0,"2,079.86",355.00,"2,119.50","738,349.00",22,-54.5,35.0,-2.57,1.69,-0.72,"2,651.00",403.80,,
2023/08/27,9,ANLB,35.72,2062.0,2079.0,2040.6,2040.6,"2,040.60",0.0,0.0,"2,054.35",360.00,"2,065.00","739,567.00",31,-24.4,38.40,-1.18,1.88,-0.67,"2,651.00",403.80,,
2023/08/28,10,ANLB,42.97,2081.3,2244.6,2025.0,2075.0,"2,075.00",0.0,0.0,"2,087.72",610.00,"2,040.60","1,273,510.00",40,34.4,219.6,1.69,10.84,-0.61,"2,651.00",403.80,,
2023/08/29,10,ANLB,36.25,2050.6,2050.6,2040.3,2050.0,"2,050.00",0.0,0.0,"2,044.60",433.00,"2,075.00","885,312.50",28,-25.0,10.3,-1.2,0.5,0.26,"2,651.00",403.80,,
2023/08/30,10,ANLB,40.77,2035.0,2071.0,2032.0,2045.0,"2,045.00",0.0,0.0,"2,046.23",230.00,"2,050.00","470,632.00",22,-5.0,39.0,-0.24,1.92,-0.06,"2,651.00",403.80,,
2023/09/03,10,ANLB,39.43,2007.0,2048.0,2007.0,2026.0,"2,026.00",0.0,0.0,"2,020.30",444.00,"2,045.00","897,014.00",35,-19.0,41.0,-0.93,2.04,0.28,"2,651.00",403.80,,
2023/09/04,9,ANLB,49.74,1987.0,2182.0,1987.0,2182.0,"2,182.00",0.0,0.0,"2,040.70",715.00,"2,026.00","1,459,100.00",54,156.0,195.0,7.7,9.81,6.48,"2,651.00",403.80,,
2023/09/05,9,ANLB,41.91,2138.4,2139.0,2022.3,2025.1,"2,025.10",0.0,0.0,"2,060.47",843.00,"2,182.00","1,736,976.00",29,-156.9,116.7,-7.19,5.77,-1.75,"2,651.00",403.80,,
2023/09/07,10,ANLB,35.39,2030.0,2030.0,1998.0,1998.0,"1,998.00",0.0,0.0,"2,003.20",490.00,"2,025.10","981,567.00",28,-27.1,32.0,-1.34,1.6,-0.26,"2,651.00",403.80,,
2023/09/10,10,ANLB,40.69,1999.0,2037.0,1980.0,1980.0,"1,980.00",0.0,0.0,"1,995.80",965.00,"1,998.00","1,925,947.50",48,-18.0,57.0,-0.9,2.88,-0.8,"2,651.00",403.80,,
2023/09/11,10,ANLB,34.36,1945.2,2059.9,1945.2,2059.0,"2,059.00",0.0,0.0,"2,013.79",544.00,"1,980.00","1,095,502.50",42,79.0,114.7,3.99,5.9,2.2,"2,651.00",403.80,,
2023/09/12,10,ANLB,34.9,2060.0,2090.0,2000.0,2000.0,"2,000.00",0.0,0.0,"2,016.60",240.00,"2,059.00","483,984.00",15,-59.0,90.0,-2.87,4.5,-0.83,"2,651.00",403.80,,
2023/09/13,9,ANLB,51.98,2000.0,2040.0,1977.8,2040.0,"2,040.00",0.0,0.0,"2,018.18",633.00,"2,000.00","1,277,505.00",33,40.0,62.2,2.0,3.14,1.07,"2,651.00",403.80,,
2023/09/17,9,ANLB,48.82,2000.0,2021.0,1995.0,2002.1,"2,002.10",0.0,0.0,"2,001.51",465.00,"2,040.00","930,701.00",21,-37.9,26.0,-1.86,1.3,0.03,"2,651.00",403.80,,
2023/09/18,9,ANLB,31.14,2000.0,2040.0,1995.0,1995.0,"1,995.00",0.0,0.0,"2,004.55",121.00,"2,002.10","242,551.00",10,-7.1,45.0,-0.35,2.26,-0.48,"2,651.00",403.80,,
2023/07/31,9,ANLB,41.99,2215.0,2285.0,2215.0,2280.0,"2,280.00",0.0,0.0,"2,252.57",966.00,"2,255.00","2,175,979.00",55,25.0,70.0,1.11,3.16,1.2,"2,651.00",403.80,,
2023/08/01,9,ANLB,37.27,2295.0,2295.0,2210.0,2230.0,"2,230.00",0.0,0.0,"2,230.51","1,109.00","2,280.00","2,473,632.10",60,-50.00,85.00,-2.19,3.85,-0.02,"2,651.00",403.80,,
2023/08/02,9,ANLB,33.5,2192.3,2270.0,2192.3,2228.0,"2,228.00",0.0,0.0,"2,214.67",520.00,"2,230.00","1,151,630.00",42,-2.0,77.70,-0.09,3.54,0.6,"2,651.00",403.80,,
2023/08/03,9,ANLB,38.82,2258.0,2258.0,2210.0,2216.0,"2,216.00",0.0,0.0,"2,233.62",557.00,"2,228.00","1,244,124.00",40,-12.0,48.0,-0.54,2.17,-0.79,"2,651.00",403.80,,
2023/08/06,9,ANLB,39.58,2190.0,2211.0,2147.1,2170.0,"2,170.00",0.0,0.0,"2,177.63","1,569.00","2,216.00","3,416,709.00",75,-46.0,63.90,-2.08,2.98,-0.35,"2,651.00",403.80,,
2023/08/07,9,ANLB,46.22,2132.0,2200.0,2132.0,2180.0,"2,180.00",0.0,0.0,"2,161.48","3,052.00","2,170.00","6,596,822.70",99,10.0,68.00,0.46,3.19,0.85,"2,651.00",403.80,,
2023/08/08,9,ANLB,38.62,2140.0,2150.0,2089.0,2137.0,"2,137.00",0.0,0.0,"2,120.37","2,198.00","2,180.00","4,660,569.00",85,-43.0,61.00,-1.97,2.92,0.78,"2,651.00",403.80,,
2023/08/09,9,ANLB,42.12,2096.0,2135.0,2063.0,2135.0,"2,135.00",0.0,0.0,"2,096.22","1,256.00","2,137.00","2,632,849.00",76,-2.0,72.00,-0.09,3.49,1.82,"2,651.00",403.80,,
2023/08/10,10,ANLB,44.13,2095.0,2120.0,2065.0,2100.2,"2,100.20",0.0,0.0,"2,105.30","1,436.00","2,135.00","3,023,216.00",50,-34.8,55.0,-1.63,2.66,-0.24,"2,651.00",403.80,,
2023/08/13,9,ANLB,39.95,2090.0,2100.0,2060.4,2073.1,"2,073.10",0.0,0.0,"2,077.09",570.00,"2,100.20","1,183,940.00",48,-27.10,39.60,-1.29,1.92,-0.19,"2,651.00",403.80,,
2023/08/14,9,ANLB,44.0,2073.1,2099.8,2055.0,2055.1,"2,055.10",0.0,0.0,"2,066.33","1,267.00","2,073.10","2,618,036.80",80,-18.0,44.8,-0.87,2.18,-0.55,"2,651.00",403.80,,
2023/08/15,10,ANLB,41.1,2040.1,2055.1,2031.0,2055.0,"2,055.00",0.0,0.0,"2,047.27","1,279.00","2,055.10","2,618,458.00",60,-0.1,24.10,0.0,1.19,0.38,"2,651.00",403.80,,
2023/08/16,9,ANLB,40.89,2096.0,2096.0,2040.0,2060.0,"2,060.00",0.0,0.0,"2,062.95",450.00,"2,055.00","928,326.00",33,5.0,56.00,0.24,2.75,-0.14,"2,651.00",403.80,,
2023/08/17,9,ANLB,46.51,2031.0,2090.0,2031.0,2090.0,"2,090.00",0.0,0.0,"2,066.73",815.00,"2,060.00","1,684,388.00",43,30.0,59.00,1.46,2.9,1.11,"2,651.00",403.80,,
2023/08/20,10,ANLB,45.36,2099.0,2100.0,2050.0,2055.0,"2,055.00",0.0,0.0,"2,075.69",773.00,"2,090.00","1,604,507.00",41,-35.0,50.00,-1.67,2.44,-1.01,"2,651.00",403.80,,
2023/08/21,10,ANLB,47.95,2045.0,2090.0,2040.0,2085.0,"2,085.00",0.0,0.0,"2,068.18",956.00,"2,055.00","1,977,179.30",62,30.0,50.0,1.46,2.45,0.81,"2,651.00",403.80,,
2023/07/06,10,ANLB,24.0,6162.3,6284.0,6080.1,6244.0,"6,244.00",0.0,0.0,"6,159.94",939.00,"6,288.00","5,784,182.10",76,-44.0,203.9,-0.7,3.35,1.35,"6,735.00","4,146.00","5,534.00","5,444.07"
2023/07/09,9,ANLB,44.84,2385.0,2400.0,2312.0,2400.0,"2,400.00",0.0,0.0,"2,364.80","1,318.00","2,339.00","3,116,804.50",88,61.0,88.0,2.61,3.81,1.47,"2,651.00",403.80,,
2023/07/10,10,ANLB,40.03,2448.0,2496.8,2356.2,2369.0,"2,369.00",0.0,0.0,"2,384.79",857.00,"2,400.00","2,043,764.00",61,-31.00,140.60,-1.29,5.97,-0.67,"2,651.00",403.80,,
2023/07/11,10,ANLB,39.9,2329.0,2348.0,2300.0,2309.0,"2,309.00",0.0,0.0,"2,317.40","3,080.00","2,369.00","7,137,590.50",125,-60.0,48.00,-2.53,2.09,-0.36,"2,651.00",403.80,,
2023/07/12,10,ANLB,41.05,2300.0,2425.0,2300.0,2360.0,"2,360.00",0.0,0.0,"2,369.60","1,728.00","2,309.00","4,094,671.60",84,51.0,125.0,2.21,5.43,-0.41,"2,651.00",403.80,,
2023/07/13,10,ANLB,45.32,2396.0,2440.0,2344.0,2388.7,"2,388.70",0.0,0.0,"2,374.00","2,206.00","2,360.00","5,237,035.60",85,28.7,96.00,1.22,4.1,0.62,"2,651.00",403.80,,
2023/07/16,10,ANLB,42.27,2429.9,2429.9,2350.0,2363.9,"2,363.90",0.0,0.0,"2,359.09",980.00,"2,388.70","2,311,905.00",52,-24.80,79.90,-1.04,3.4,0.2,"2,651.00",403.80,,
2023/07/17,9,ANLB,54.99,2350.0,2405.0,2350.0,2390.1,"2,390.10",0.0,0.0,"2,392.07","1,533.00","2,363.90","3,667,047.00",92,26.2,55.00,1.11,2.34,-0.08,"2,651.00",403.80,,
2023/07/18,9,ANLB,57.66,2390.0,2435.0,2382.7,2425.0,"2,425.00",0.0,0.0,"2,408.67","2,604.00","2,390.10","6,272,172.30",117,34.90,52.30,1.46,2.19,0.67,"2,651.00",403.80,,
2023/07/19,9,ANLB,47.87,2400.0,2425.0,2400.0,2410.0,"2,410.00",0.0,0.0,"2,410.70","1,179.00","2,425.00","2,842,219.00",59,-15.0,25.00,-0.62,1.04,-0.03,"2,651.00",403.80,,
2023/07/20,9,ANLB,43.22,2410.0,2424.9,2325.0,2355.0,"2,355.00",0.0,0.0,"2,365.19","3,026.00","2,410.00","7,157,066.60",87,-55.00,99.90,-2.28,4.3,-0.43,"2,651.00",403.80,,
2023/07/23,9,ANLB,51.45,2316.5,2445.0,2316.5,2410.0,"2,410.00",0.0,0.0,"2,402.51","1,988.00","2,355.00","4,776,185.80",104,55.0,128.50,2.34,5.55,0.31,"2,651.00",403.80,,
2023/07/24,9,ANLB,40.69,2425.0,2425.0,2366.0,2385.0,"2,385.00",0.0,0.0,"2,401.16","1,090.00","2,410.00","2,617,260.00",68,-25.0,59.00,-1.04,2.49,-0.68,"2,651.00",403.80,,
2023/07/25,9,ANLB,43.73,2424.0,2424.0,2295.0,2310.1,"2,310.10",0.0,0.0,"2,334.57","3,263.00","2,385.00","7,617,712.00",103,-74.90,129.00,-3.14,5.62,-1.06,"2,651.00",403.80,,
2023/07/26,9,ANLB,50.08,2311.0,2365.0,2264.0,2324.5,"2,324.50",0.0,0.0,"2,308.05","2,235.00","2,310.10","5,158,500.00",79,14.40,101.00,0.62,4.46,0.71,"2,651.00",403.80,,
2023/07/27,10,ANLB,38.57,2364.0,2364.0,2302.0,2306.0,"2,306.00",0.0,0.0,"2,315.86",759.00,"2,324.50","1,757,735.00",39,-18.5,62.00,-0.8,2.69,-0.43,"2,651.00",403.80,,
2023/06/12,10,ANLB,44.22,2088.0,2090.0,1980.0,2040.0,"2,040.00",0.0,0.0,"2,007.75","3,350.00","2,050.00","6,725,948.20",159,-10.00,110.00,-0.49,5.56,1.58,"2,122.80",403.80,,
2023/06/13,11,ANLB,46.07,2005.0,2068.0,1967.0,2047.0,"2,047.00",0.0,0.0,"2,027.86","2,808.00","2,040.00","5,694,231.00",171,7.00,101.00,0.34,5.13,0.94,"2,122.80",403.80,,
2023/06/14,11,ANLB,49.41,2040.0,2130.0,2040.0,2060.0,"2,060.00",0.0,0.0,"2,091.78","5,476.00","2,047.00","11,454,602.70",223,13.00,90.00,0.64,4.41,-1.54,"2,130.00",403.80,,
2023/06/15,10,ANLB,45.75,2070.0,2200.0,2042.0,2130.0,"2,130.00",0.0,0.0,"2,127.40","3,887.00","2,060.00","8,269,191.00",205,70.0,158.00,3.4,7.74,0.12,"2,200.00",403.80,,
2023/06/18,10,ANLB,51.69,2150.0,2343.0,2150.0,2343.0,"2,343.00",0.0,0.0,"2,316.76","4,917.00","2,130.00","11,391,530.50",234,213.0,193.00,10.0,8.98,1.12,"2,343.00",403.80,,
2023/06/19,9,ANLB,48.99,2389.8,2534.0,2352.0,2429.0,"2,429.00",0.0,0.0,"2,432.52","4,367.00","2,343.00","10,622,801.30",189,86.00,182.00,3.67,7.74,-0.14,"2,534.00",403.80,,
2023/06/20,9,ANLB,44.61,2477.5,2576.0,2338.0,2340.0,"2,340.00",0.0,0.0,"2,411.81","1,660.00","2,429.00","4,003,598.00",82,-89.0,238.0,-3.66,10.18,-3.07,"2,576.00",403.80,,
2023/06/21,10,ANLB,24.0,6162.3,6284.0,6080.1,6244.0,"6,244.00",0.0,0.0,"6,159.94",939.00,"6,288.00","5,784,182.10",76,-44.0,203.9,-0.7,3.35,1.35,"6,735.00","4,146.00","5,534.00","5,444.07"
2023/06/22,10,ANLB,24.0,6162.3,6284.0,6080.1,6244.0,"6,244.00",0.0,0.0,"6,159.94",939.00,"6,288.00","5,784,182.10",76,-44.0,203.9,-0.7,3.35,1.35,"6,735.00","4,146.00","5,534.00","5,444.07"
2023/06/25,10,ANLB,46.08,2330.0,2447.9,2320.0,2427.0,"2,427.00",0.0,0.0,"2,396.49","2,393.00","2,320.10","5,734,793.90",152,106.90,127.90,4.61,5.51,1.26,"2,576.00",403.80,,
2023/06/26,10,ANLB,42.95,2470.0,2497.0,2385.3,2410.0,"2,410.00",0.0,0.0,"2,407.63","1,168.00","2,427.00","2,812,107.50",77,-17.0,111.7,-0.7,4.68,0.1,"2,576.00",403.80,,
2023/06/27,9,ANLB,52.01,2409.0,2651.0,2400.0,2560.0,"2,560.00",0.0,0.0,"2,551.84","5,220.00","2,410.00","13,320,598.90",200,150.00,251.00,6.22,10.46,0.32,"2,651.00",403.80,,
2023/06/28,9,ANLB,48.27,2610.0,2611.0,2476.2,2491.2,"2,491.20",0.0,0.0,"2,507.72","3,225.00","2,560.00","8,087,404.00",127,-68.8,134.8,-2.69,5.44,-0.66,"2,651.00",403.80,,
2023/07/02,10,ANLB,39.42,2442.0,2470.0,2360.1,2360.1,"2,360.10",0.0,0.0,"2,401.67","2,100.00","2,491.20","5,043,497.00",126,-131.1,109.9,-5.26,4.66,-1.76,"2,651.00",403.80,,
2023/07/03,9,ANLB,37.97,2315.2,2400.0,2302.0,2338.0,"2,338.00",0.0,0.0,"2,351.34","1,514.00","2,360.10","3,559,935.00",86,-22.1,98.0,-0.94,4.26,-0.57,"2,651.00",403.80,,
2023/07/04,10,ANLB,42.36,2384.0,2431.0,2300.0,2396.0,"2,396.00",0.0,0.0,"2,324.47","1,274.00","2,338.00","2,961,371.00",79,58.00,131.0,2.48,5.7,2.99,"2,651.00",403.80,,
2023/05/16,12,ANLB,41.06,771.4,848.6,771.4,848.6,848.60,0.0,0.0,827.82,110.00,771.50,"91,060.00",11,77.1,77.2,9.99,10.01,2.45,848.60,403.80,,
2023/05/17,11,ANLB,38.71,865.5,933.4,865.5,933.4,933.40,0.0,0.0,900.10,50.00,848.60,"45,005.00",5,84.8,67.9,9.99,7.85,3.57,933.40,403.80,,
2023/05/18,11,ANLB,43.74,952.0,1026.7,952.0,1026.7,"1,026.70",0.0,0.0,"1,001.39",90.00,933.40,"90,125.40",14,93.3,74.7,10.0,7.85,2.46,"1,026.70",403.80,,
2023/05/21,11,ANLB,42.85,1047.2,1129.3,1047.2,1129.3,"1,129.30",0.0,0.0,"1,109.16",100.00,"1,026.70","110,916.00",10,102.60,82.10,9.99,7.84,1.78,"1,129.30",403.80,,
2023/05/22,11,ANLB,45.38,1151.8,1242.2,1151.8,1242.2,"1,242.20",0.0,0.0,"1,227.41",150.00,"1,129.30","184,111.00",15,112.90,90.40,10.0,7.85,1.19,"1,242.20",403.80,,
2023/05/23,11,ANLB,45.71,1267.0,1366.4,1267.0,1366.4,"1,366.40",0.0,0.0,"1,344.24",110.00,"1,242.20","147,866.00",11,124.20,99.40,10.0,7.85,1.62,"1,366.40",403.80,,
2023/05/24,11,ANLB,45.48,1393.7,1503.0,1393.7,1503.0,"1,503.00",0.0,0.0,"1,475.33",110.00,"1,366.40","162,286.80",12,136.60,109.30,10.0,7.84,1.84,"1,503.00",403.80,,
2023/05/28,11,ANLB,48.94,1533.0,1653.3,1533.0,1653.3,"1,653.30",0.0,0.0,"1,645.02",380.00,"1,503.00","625,106.20",39,150.30,120.30,10.0,7.85,0.5,"1,653.30",403.80,,
2023/05/30,11,ANLB,48.68,1686.3,1818.6,1686.3,1818.6,"1,818.60",0.0,0.0,"1,811.24",620.00,"1,653.30","1,122,966.00",62,165.3,132.30,10.0,7.85,0.4,"1,818.60",403.80,,
2023/05/31,10,ANLB,46.35,1854.0,2000.4,1854.0,2000.4,"2,000.40",0.0,0.0,"1,999.59","4,450.00","1,818.60","8,898,173.90",401,181.80,146.40,10.0,7.9,0.04,"2,000.40",403.80,,
2023/06/01,11,ANLB,46.75,2040.4,2122.8,1827.0,1892.0,"1,892.00",0.0,0.0,"1,907.84","17,373.00","2,000.40","33,144,855.00","1,623",-108.4,295.80,-5.42,16.19,-0.84,"2,122.80",403.80,,
2023/06/04,10,ANLB,47.2,1892.0,1976.0,1890.0,1949.0,"1,949.00",0.0,0.0,"1,913.95","7,100.00","1,892.00","13,589,025.20",525,57.00,86.0,3.01,4.55,1.8,"2,122.80",403.80,,
2023/06/05,11,ANLB,41.34,1930.0,1930.0,1900.0,1903.0,"1,903.00",0.0,0.0,"1,912.36","4,152.00","1,949.00","7,940,114.00",342,-46.0,30.00,-2.36,1.58,-0.49,"2,122.80",403.80,,
2023/06/06,10,ANLB,40.07,1940.0,1979.8,1910.0,1961.0,"1,961.00",0.0,0.0,"1,952.35","4,736.00","1,903.00","9,246,308.00",285,58.0,69.80,3.05,3.65,0.44,"2,122.80",403.80,,
2023/06/07,10,ANLB,38.2,1940.0,1980.0,1940.0,1960.0,"1,960.00",0.0,0.0,"1,968.11","3,555.00","1,961.00","6,996,624.50",138,-1.0,40.0,-0.05,2.06,-0.41,"2,122.80",403.80,,
2023/06/08,10,ANLB,38.7,1965.0,1965.0,1926.0,1941.0,"1,941.00",0.0,0.0,"1,942.41","2,140.00","1,960.00","4,156,758.00",164,-19.0,39.0,-0.97,2.02,-0.07,"2,122.80",403.80,,
2023/05/02,11,ANLB,37.4,403.8,436.9,403.8,436.9,436.90,0.0,0.0,424.28,140.00,403.90,"59,399.60",35,33.1,33.1,8.2,8.2,2.89,436.90,403.80,,
2023/05/03,11,ANLB,40.08,445.6,463.5,445.6,463.5,463.50,0.0,0.0,450.58,40.00,436.90,"18,023.20",5,26.6,17.9,6.09,4.02,2.79,463.50,403.80,,
2023/05/04,12,ANLB,42.8,472.7,501.5,472.7,501.5,501.50,0.0,0.0,482.47,50.00,463.50,"24,123.60",6,38.0,28.8,8.2,6.09,3.79,501.50,403.80,,
2023/05/07,11,ANLB,40.83,511.5,542.7,511.5,542.7,542.70,0.0,0.0,526.34,50.00,501.50,"26,316.90",6,41.2,31.2,8.22,6.1,3.01,542.70,403.80,,
2023/05/08,11,ANLB,39.64,553.5,575.7,553.5,575.7,575.70,0.0,0.0,564.57,30.00,542.70,"16,937.00",3,33.0,22.20,6.08,4.01,1.93,575.70,403.80,,
2023/05/09,11,ANLB,39.63,587.2,598.9,587.2,598.9,598.90,0.0,0.0,593.05,20.00,575.70,"11,861.00",2,23.2,11.7,4.03,1.99,0.98,598.90,403.80,,
2023/05/10,11,ANLB,35.53,610.8,623.0,610.8,623.0,623.00,0.0,0.0,616.90,20.00,598.90,"12,338.00",2,24.1,12.2,4.02,2.0,0.98,623.00,403.80,,
2023/05/11,11,ANLB,36.77,635.4,661.0,635.4,661.0,661.00,0.0,0.0,648.17,30.00,623.00,"19,445.00",3,38.0,25.6,6.1,4.03,1.94,661.00,403.80,,
2023/05/14,11,ANLB,36.96,674.2,727.1,674.2,727.1,727.10,0.0,0.0,705.43,60.00,661.00,"42,326.00",6,66.1,52.9,10.0,7.85,2.98,727.10,403.80,,
2023/06/11,10,ANLB,50.19,1941.0,2059.0,1941.0,2050.0,"2,050.00",0.0,0.0,"2,015.99","5,549.00","1,941.00","11,186,713.00",302,109.00,118.00,5.62,6.08,1.66,"2,122.80",403.80,,
2023/07/05,9,ANLB,37.47,2349.0,2352.0,2306.0,2342.0,"2,342.00",0.0,0.0,"2,328.44","1,163.00","2,396.00","2,707,977.00",67,-54.0,46.00,-2.25,1.99,0.58,"2,651.00",403.80,,
2023/07/30,9,ANLB,41.81,2281.0,2290.0,2225.0,2255.0,"2,255.00",0.0,0.0,"2,258.87","1,672.00","2,306.00","3,776,835.30",68,-51.0,65.00,-2.21,2.92,-0.17,"2,651.00",403.80,,
2023/08/22,10,ANLB,44.39,2051.0,2126.5,2050.0,2084.0,"2,084.00",0.0,0.0,"2,073.75",402.00,"2,085.00","833,645.80",30,-1.0,76.5,-0.05,3.73,0.49,"2,651.00",403.80,,
2023/09/19,9,ANLB,46.16,1996.0,2015.0,1986.0,2000.0,"2,000.00",0.0,0.0,"1,994.28",325.00,"1,995.00","648,142.00",22,5.0,29.0,0.25,1.46,0.29,"2,651.00",403.80,,
2023/10/17,9,ANLB,34.0,1850.0,1886.5,1850.0,1866.0,"1,866.00",0.0,0.0,"1,869.71",200.00,"1,850.00","373,941.00",16,16.0,36.5,0.86,1.97,-0.2,"2,651.00",403.80,,
2023/11/26,9,ANLB,48.87,1725.0,1725.0,1675.0,1675.0,"1,675.00",0.0,0.0,"1,693.56","2,516.00","1,716.00","4,261,005.50",87,-41.00,50.00,-2.39,2.99,-1.11,"2,651.00",403.80,,
2023/12/19,11,ANLB,65.88,1815.6,1958.0,1798.3,1868.0,"1,868.00",0.0,0.0,"1,845.99","1,540.00","1,780.00","2,842,827.00",67,88.0,159.70,4.94,8.88,1.18,"2,651.00",403.80,,
2024/01/17,9,ANLB,59.52,1890.0,1901.0,1850.0,1850.0,"1,850.00",0.0,0.0,"1,873.26","1,642.00","1,887.00","3,075,891.50",49,-37.0,51.0,-1.96,2.76,-1.26,"2,651.00",403.80,,
2024/02/11,10,ANLB,37.65,1851.3,1851.3,1820.0,1823.0,"1,823.00",0.0,0.0,"1,832.13",484.00,"1,815.00","886,749.00",24,8.00,31.30,0.44,1.72,-0.5,"2,651.00",403.80,,
2024/03/06,11,ANLB,39.39,1890.0,1916.0,1856.2,1905.0,"1,905.00",0.0,0.0,"1,881.24",239.00,"1,888.00","449,615.90",15,17.0,59.80,0.9,3.22,1.25,"2,651.00",403.80,,
2024/04/02,10,ANLB,39.38,1930.0,1970.0,1894.0,1970.0,"1,970.00",0.0,0.0,"1,911.67","2,580.00","1,931.20","4,932,101.00",84,38.8,76.0,2.01,4.01,2.96,"2,651.00",403.80,,
2024/05/02,9,ANLB,52.7,1999.0,2045.0,1997.0,1997.0,"1,997.00",0.0,0.0,"2,015.39",536.00,"1,966.00","1,080,249.40",23,31.0,48.0,1.58,2.4,-0.92,"2,651.00",403.80,,
2024/05/29,9,ANLB,44.22,2448.0,2448.0,2270.0,2272.0,"2,272.00",0.0,0.0,"2,305.83","1,935.00","2,400.00","4,461,783.50",51,-128.00,178.00,-5.33,7.84,-1.49,"2,651.00","1,550.00",,
2024/06/24,10,ANLB,43.58,2440.0,2440.0,2353.1,2398.0,"2,398.00",0.0,0.0,"2,382.31","1,084.00","2,400.00","2,582,426.50",52,-2.0,86.90,-0.08,3.69,0.65,"2,651.00","1,550.00",,
2023/04/02,10,ANLB,24.0,6162.3,6284.0,6080.1,6244.0,"6,244.00",0.0,0.0,"6,159.94",939.00,"6,288.00","5,784,182.10",76,-44.0,203.9,-0.7,3.35,1.35,"6,735.00","4,146.00","5,534.00","5,444.07"
2023/04/13,10,ANLB,24.0,6162.3,6284.0,6080.1,6244.0,"6,244.00",0.0,0.0,"6,159.94",939.00,"6,288.00","5,784,182.10",76,-44.0,203.9,-0.7,3.35,1.35,"6,735.00","4,146.00","5,534.00","5,444.07"
2023/03/15,10,ANLB,24.0,6162.3,6284.0,6080.1,6244.0,"6,244.00",0.0,0.0,"6,159.94",939.00,"6,288.00","5,784,182.10",76,-44.0,203.9,-0.7,3.35,1.35,"6,735.00","4,146.00","5,534.00","5,444.07"
2023/02/03,10,ANLB,24.0,6162.3,6284.0,6080.1,6244.0,"6,244.00",0.0,0.0,"6,159.94",939.00,"6,288.00","5,784,182.10",76,-44.0,203.9,-0.7,3.35,1.35,"6,735.00","4,146.00","5,534.00","5,444.07"
2022/12/28,10,ANLB,24.0,6162.3,6284.0,6080.1,6244.0,"6,244.00",0.0,0.0,"6,159.94",939.00,"6,288.00","5,784,182.10",76,-44.0,203.9,-0.7,3.35,1.35,"6,735.00","4,146.00","5,534.00","5,444.07"
2022/11/19,10,ANLB,24.0,6162.3,6284.0,6080.1,6244.0,"6,244.00",0.0,0.0,"6,159.94",939.00,"6,288.00","5,784,182.10",76,-44.0,203.9,-0.7,3.35,1.35,"6,735.00","4,146.00","5,534.00","5,444.07"
2022/10/09,10,ANLB,24.0,6162.3,6284.0,6080.1,6244.0,"6,244.00",0.0,0.0,"6,159.94",939.00,"6,288.00","5,784,182.10",76,-44.0,203.9,-0.7,3.35,1.35,"6,735.00","4,146.00","5,534.00","5,444.07"
2022/08/21,10,ANLB,24.0,6162.3,6284.0,6080.1,6244.0,"6,244.00",0.0,0.0,"6,159.94",939.00,"6,288.00","5,784,182.10",76,-44.0,203.9,-0.7,3.35,1.35,"6,735.00","4,146.00","5,534.00","5,444.07"
2022/07/23,10,ANLB,24.0,6162.3,6284.0,6080.1,6244.0,"6,244.00",0.0,0.0,"6,159.94",939.00,"6,288.00","5,784,182.10",76,-44.0,203.9,-0.7,3.35,1.35,"6,735.00","4,146.00","5,534.00","5,444.07"
2022/06/12,10,ANLB,24.0,6162.3,6284.0,6080.1,6244.0,"6,244.00",0.0,0.0,"6,159.94",939.00,"6,288.00","5,784,182.10",76,-44.0,203.9,-0.7,3.35,1.35,"6,735.00","4,146.00","5,534.00","5,444.07"
2022/05/06,10,ANLB,24.0,6162.3,6284.0,6080.1,6244.0,"6,244.00",0.0,0.0,"6,159.94",939.00,"6,288.00","5,784,182.10",76,-44.0,203.9,-0.7,3.35,1.35,"6,735.00","4,146.00","5,534.00","5,444.07"
2022/03/27,10,ANLB,24.0,6162.3,6284.0,6080.1,6244.0,"6,244.00",0.0,0.0,"6,159.94",939.00,"6,288.00","5,784,182.10",76,-44.0,203.9,-0.7,3.35,1.35,"6,735.00","4,146.00","5,534.00","5,444.07"
2019/10/05,10,ANLB,24.0,6162.3,6284.0,6080.1,6244.0,"6,244.00",0.0,0.0,"6,159.94",939.00,"6,288.00","5,784,182.10",76,-44.0,203.9,-0.7,3.35,1.35,"6,735.00","4,146.00","5,534.00","5,444.07"
2023/05/15,11,ANLB,35.9,741.6,771.5,741.6,771.5,771.50,0.0,0.0,760.00,40.00,727.10,"30,400.00",5,44.4,29.9,6.11,4.03,1.49,771.50,403.80,,
2024/07/17,10,ANLB,24.0,6162.3,6284.0,6080.1,6244.0,"6,244.00",0.0,0.0,"6,159.94",939.00,"6,288.00","5,784,182.10",76,-44.0,203.9,-0.7,3.35,1.35,"6,735.00","4,146.00","5,534.00","5,444.07"
2022/02/15,10,ANLB,24.0,6162.3,6284.0,6080.1,6244.0,"6,244.00",0.0,0.0,"6,159.94",939.00,"6,288.00","5,784,182.10",76,-44.0,203.9,-0.7,3.35,1.35,"6,735.00","4,146.00","5,534.00","5,444.07"
2022/01/06,10,ANLB,24.0,6162.3,6284.0,6080.1,6244.0,"6,244.00",0.0,0.0,"6,159.94",939.00,"6,288.00","5,784,182.10",76,-44.0,203.9,-0.7,3.35,1.35,"6,735.00","4,146.00","5,534.00","5,444.07"
2021/10/19,10,ANLB,24.0,6162.3,6284.0,6080.1,6244.0,"6,244.00",0.0,0.0,"6,159.94",939.00,"6,288.00","5,784,182.10",76,-44.0,203.9,-0.7,3.35,1.35,"6,735.00","4,146.00","5,534.00","5,444.07"
2021/09/10,10,ANLB,24.0,6162.3,6284.0,6080.1,6244.0,"6,244.00",0.0,0.0,"6,159.94",939.00,"6,288.00","5,784,182.10",76,-44.0,203.9,-0.7,3.35,1.35,"6,735.00","4,146.00","5,534.00","5,444.07"
2021/06/21,10,ANLB,24.0,6162.3,6284.0,6080.1,6244.0,"6,244.00",0.0,0.0,"6,159.94",939.00,"6,288.00","5,784,182.10",76,-44.0,203.9,-0.7,3.35,1.35,"6,735.00","4,146.00","5,534.00","5,444.07"
2021/04/03,10,ANLB,24.0,6162.3,6284.0,6080.1,6244.0,"6,244.00",0.0,0.0,"6,159.94",939.00,"6,288.00","5,784,182.10",76,-44.0,203.9,-0.7,3.35,1.35,"6,735.00","4,146.00","5,534.00","5,444.07"
2021/02/21,10,ANLB,24.0,6162.3,6284.0,6080.1,6244.0,"6,244.00",0.0,0.0,"6,159.94",939.00,"6,288.00","5,784,182.10",76,-44.0,203.9,-0.7,3.35,1.35,"6,735.00","4,146.00","5,534.00","5,444.07"
2021/01/13,10,ANLB,24.0,6162.3,6284.0,6080.1,6244.0,"6,244.00",0.0,0.0,"6,159.94",939.00,"6,288.00","5,784,182.10",76,-44.0,203.9,-0.7,3.35,1.35,"6,735.00","4,146.00","5,534.00","5,444.07"
2020/12/04,10,ANLB,24.0,6162.3,6284.0,6080.1,6244.0,"6,244.00",0.0,0.0,"6,159.94",939.00,"6,288.00","5,784,182.10",76,-44.0,203.9,-0.7,3.35,1.35,"6,735.00","4,146.00","5,534.00","5,444.07"
2020/10/25,10,ANLB,24.0,6162.3,6284.0,6080.1,6244.0,"6,244.00",0.0,0.0,"6,159.94",939.00,"6,288.00","5,784,182.10",76,-44.0,203.9,-0.7,3.35,1.35,"6,735.00","4,146.00","5,534.00","5,444.07"
2020/09/22,10,ANLB,24.0,6162.3,6284.0,6080.1,6244.0,"6,244.00",0.0,0.0,"6,159.94",939.00,"6,288.00","5,784,182.10",76,-44.0,203.9,-0.7,3.35,1.35,"6,735.00","4,146.00","5,534.00","5,444.07"
2020/09/23,10,ANLB,24.0,6162.3,6284.0,6080.1,6244.0,"6,244.00",0.0,0.0,"6,159.94",939.00,"6,288.00","5,784,182.10",76,-44.0,203.9,-0.7,3.35,1.35,"6,735.00","4,146.00","5,534.00","5,444.07"
2020/09/13,10,ANLB,24.0,6162.3,6284.0,6080.1,6244.0,"6,244.00",0.0,0.0,"6,159.94",939.00,"6,288.00","5,784,182.10",76,-44.0,203.9,-0.7,3.35,1.35,"6,735.00","4,146.00","5,534.00","5,444.07"
2020/08/05,10,ANLB,24.0,6162.3,6284.0,6080.1,6244.0,"6,244.00",0.0,0.0,"6,159.94",939.00,"6,288.00","5,784,182.10",76,-44.0,203.9,-0.7,3.35,1.35,"6,735.00","4,146.00","5,534.00","5,444.07"
2020/06/22,10,ANLB,24.0,6162.3,6284.0,6080.1,6244.0,"6,244.00",0.0,0.0,"6,159.94",939.00,"6,288.00","5,784,182.10",76,-44.0,203.9,-0.7,3.35,1.35,"6,735.00","4,146.00","5,534.00","5,444.07"
2020/02/15,10,ANLB,24.0,6162.3,6284.0,6080.1,6244.0,"6,244.00",0.0,0.0,"6,159.94",939.00,"6,288.00","5,784,182.10",76,-44.0,203.9,-0.7,3.35,1.35,"6,735.00","4,146.00","5,534.00","5,444.07"
2019/11/20,10,ANLB,24.0,6162.3,6284.0,6080.1,6244.0,"6,244.00",0.0,0.0,"6,159.94",939.00,"6,288.00","5,784,182.10",76,-44.0,203.9,-0.7,3.35,1.35,"6,735.00","4,146.00","5,534.00","5,444.07"
2019/08/25,10,ANLB,24.0,6162.3,6284.0,6080.1,6244.0,"6,244.00",0.0,0.0,"6,159.94",939.00,"6,288.00","5,784,182.10",76,-44.0,203.9,-0.7,3.35,1.35,"6,735.00","4,146.00","5,534.00","5,444.07"
2019/06/02,10,ANLB,24.0,6162.3,6284.0,6080.1,6244.0,"6,244.00",0.0,0.0,"6,159.94",939.00,"6,288.00","5,784,182.10",76,-44.0,203.9,-0.7,3.35,1.35,"6,735.00","4,146.00","5,534.00","5,444.07"
2019/04/21,10,ANLB,24.0,6162.3,6284.0,6080.1,6244.0,"6,244.00",0.0,0.0,"6,159.94",939.00,"6,288.00","5,784,182.10",76,-44.0,203.9,-0.7,3.35,1.35,"6,735.00","4,146.00","5,534.00","5,444.07"
2019/03/10,10,ANLB,24.0,6162.3,6284.0,6080.1,6244.0,"6,244.00",0.0,0.0,"6,159.94",939.00,"6,288.00","5,784,182.10",76,-44.0,203.9,-0.7,3.35,1.35,"6,735.00","4,146.00","5,534.00","5,444.07"
2018/09/19,10,ANLB,24.0,6162.3,6284.0,6080.1,6244.0,"6,244.00",0.0,0.0,"6,159.94",939.00,"6,288.00","5,784,182.10",76,-44.0,203.9,-0.7,3.35,1.35,"6,735.00","4,146.00","5,534.00","5,444.07"
2018/12/13,10,ANLB,24.0,6162.3,6284.0,6080.1,6244.0,"6,244.00",0.0,0.0,"6,159.94",939.00,"6,288.00","5,784,182.10",76,-44.0,203.9,-0.7,3.35,1.35,"6,735.00","4,146.00","5,534.00","5,444.07"
2019/08/19,10,ANLB,24.0,6162.3,6284.0,6080.1,6244.0,"6,244.00",0.0,0.0,"6,159.94",939.00,"6,288.00","5,784,182.10",76,-44.0,203.9,-0.7,3.35,1.35,"6,735.00","4,146.00","5,534.00","5,444.07"
2018/05/16,10,ANLB,24.0,6162.3,6284.0,6080.1,6244.0,"6,244.00",0.0,0.0,"6,159.94",939.00,"6,288.00","5,784,182.10",76,-44.0,203.9,-0.7,3.35,1.35,"6,735.00","4,146.00","5,534.00","5,444.07"
2018/04/06,10,ANLB,24.0,6162.3,6284.0,6080.1,6244.0,"6,244.00",0.0,0.0,"6,159.94",939.00,"6,288.00","5,784,182.10",76,-44.0,203.9,-0.7,3.35,1.35,"6,735.00","4,146.00","5,534.00","5,444.07"
2018/02/25,10,ANLB,24.0,6162.3,6284.0,6080.1,6244.0,"6,244.00",0.0,0.0,"6,159.94",939.00,"6,288.00","5,784,182.10",76,-44.0,203.9,-0.7,3.35,1.35,"6,735.00","4,146.00","5,534.00","5,444.07"
2017/11/16,10,ANLB,24.0,6162.3,6284.0,6080.1,6244.0,"6,244.00",0.0,0.0,"6,159.94",939.00,"6,288.00","5,784,182.10",76,-44.0,203.9,-0.7,3.35,1.35,"6,735.00","4,146.00","5,534.00","5,444.07"
2017/10/19,10,ANLB,24.0,6162.3,6284.0,6080.1,6244.0,"6,244.00",0.0,0.0,"6,159.94",939.00,"6,288.00","5,784,182.10",76,-44.0,203.9,-0.7,3.35,1.35,"6,735.00","4,146.00","5,534.00","5,444.07"
2017/09/06,10,ANLB,24.0,6162.3,6284.0,6080.1,6244.0,"6,244.00",0.0,0.0,"6,159.94",939.00,"6,288.00","5,784,182.10",76,-44.0,203.9,-0.7,3.35,1.35,"6,735.00","4,146.00","5,534.00","5,444.07"
2017/06/12,10,ANLB,24.0,6162.3,6284.0,6080.1,6244.0,"6,244.00",0.0,0.0,"6,159.94",939.00,"6,288.00","5,784,182.10",76,-44.0,203.9,-0.7,3.35,1.35,"6,735.00","4,146.00","5,534.00","5,444.07"
2017/04/30,10,ANLB,24.0,6162.3,6284.0,6080.1,6244.0,"6,244.00",0.0,0.0,"6,159.94",939.00,"6,288.00","5,784,182.10",76,-44.0,203.9,-0.7,3.35,1.35,"6,735.00","4,146.00","5,534.00","5,444.07"
