Date,S.No,Symbol,Conf.,Open,High,Low,Close,LTP,Close - LTP,Close - LTP %,VWAP,Vol,Prev. Close,Turnover,Trans.,Diff,Range,Diff %,Range %,VWAP %,52 Weeks High,52 Weeks Low,120 Days,180 Days
2025/08/25,34,CIT,35.65,1929.0,1932.3,1910.0,1925.5,"1,925.00",0.5,0.0,"1,924.26","8,901.00","1,926.18","17,127,825.70",203,-0.68,22.3,-0.04,1.17,0.06,"2,604.00","1,869.00",,
2025/08/26,33,CIT,33.04,1928.0,1934.9,1924.0,1925.71,"1,925.00",0.71,0.0,"1,927.25","7,557.00","1,925.50","14,564,252.90",160,0.21,10.9,0.01,0.57,-0.08,"2,530.00","1,869.00",,
2025/08/27,35,CIT,36.78,1925.0,1945.0,1925.0,1940.81,"1,945.00",-4.19,0.0,"1,934.28","9,539.00","1,925.71","18,451,104.70",218,15.10,20.0,0.78,1.04,0.34,"2,530.00","1,869.00",,
2025/08/28,34,CIT,35.43,1932.0,1940.0,1925.0,1925.61,"1,927.00",-1.39,0.0,"1,929.15","10,344.00","1,940.81","19,955,098.90",237,-15.2,15.0,-0.78,0.78,-0.18,"2,500.00","1,869.00",,
2025/08/31,33,CIT,37.53,1920.2,1943.0,1915.0,1919.26,"1,915.00",4.26,0.0,"1,923.10","14,660.00","1,925.61","28,192,676.80",283,-6.35,28.0,-0.33,1.46,-0.2,"2,500.00","1,869.00",,
2025/09/01,33,CIT,34.51,1957.6,1957.6,1910.1,1921.31,"1,920.00",1.31,0.0,"1,915.32","6,352.00","1,919.26","12,166,122.60",130,2.05,47.5,0.11,2.49,0.31,"2,500.00","1,869.00",,
2025/09/02,34,CIT,36.43,1914.0,1924.9,1912.2,1914.96,"1,915.00",-0.04,0.0,"1,915.40","10,861.00","1,921.31","20,803,166.00",170,-6.35,12.7,-0.33,0.66,-0.02,"2,500.00","1,869.00",,
2025/09/03,36,CIT,31.81,1914.96,1920.0,1912.0,1912.51,"1,912.00",0.51,0.0,"1,913.44","4,190.00","1,914.96","8,017,308.50",139,-2.45,8.0,-0.13,0.42,-0.05,"2,500.00","1,869.00",,
2025/09/04,34,CIT,34.04,1912.1,1915.0,1902.5,1905.94,"1,907.10",-1.16,0.0,"1,907.23","9,056.00","1,912.51","17,271,909.80",201,-6.57,12.5,-0.34,0.66,-0.07,"2,490.10","1,869.00",,
2025/09/07,37,CIT,32.99,1905.94,1909.0,1900.5,1902.08,"1,900.50",1.58,0.0,"1,904.44","8,887.00","1,905.94","16,924,728.20",163,-3.86,8.5,-0.2,0.45,-0.12,"2,414.00","1,869.00",,
2025/09/08,33,CIT,34.17,1906.0,1906.0,1890.0,1895.86,"1,900.00",-4.14,0.0,"1,899.28","12,339.00","1,902.08","23,435,209.70",221,-6.22,16.0,-0.33,0.85,-0.18,"2,414.00","1,869.00",,
2025/09/18,29,CIT,20.55,1858.0,1858.0,1765.0,1766.0,"1,766.00",0.0,0.0,"1,799.55","4,074.00","1,895.86","7,331,353.00",72,-129.86,93.0,-6.85,5.27,-1.9,"2,299.00","1,765.00",,
2025/09/21,36,CIT,39.18,1730.8,1897.0,1730.8,1893.62,"1,893.00",0.62,0.0,"1,838.14","19,685.00","1,766.00","36,183,698.70",541,127.62,166.20,7.23,9.6,2.93,"2,299.00","1,730.80",,
2025/09/23,36,CIT,40.48,1901.0,1924.0,1901.0,1917.0,"1,917.00",0.0,0.0,"1,917.36","8,577.00","1,893.62","16,445,177.00",216,23.38,23.0,1.23,1.21,-0.02,"2,299.00","1,730.80",,
2025/09/24,33,CIT,36.54,1910.5,1919.0,1893.0,1897.0,"1,897.00",0.0,0.0,"1,902.20","7,714.00","1,917.00","14,673,538.50",181,-20.00,26.0,-1.04,1.37,-0.27,"2,299.00","1,730.80",,
2025/09/25,34,CIT,36.96,1896.0,1909.9,1889.0,1905.0,"1,905.00",0.0,0.0,"1,896.63","8,381.00","1,897.00","15,895,617.30",137,8.0,20.9,0.42,1.11,0.44,"2,299.00","1,730.80","1,938.34","1,965.55"
2025/07/30,31,CIT,41.85,2142.1,2168.0,2060.0,2078.89,"2,079.00",-0.11,0.0,"2,103.45","52,945.00","2,100.17","111,366,982.00",721,-21.28,108.0,-1.01,5.24,-1.18,"2,700.00","1,869.00",,
2025/07/31,33,CIT,37.17,2079.0,2090.0,2040.1,2046.32,"2,043.00",3.32,0.0,"2,055.77","30,253.00","2,078.89","62,193,161.90",491,-32.57,49.9,-1.57,2.45,-0.46,"2,700.00","1,869.00",,
2025/08/03,34,CIT,33.06,2046.0,2046.0,2000.0,2002.26,"2,003.00",-0.74,0.0,"2,017.54","39,035.00","2,046.32","78,754,807.10",606,-44.06,46.0,-2.15,2.3,-0.76,"2,700.00","1,869.00",,
2025/08/04,35,CIT,31.24,2019.9,2025.0,1980.0,1998.64,"1,998.90",-0.26,0.0,"1,993.39","26,213.00","2,002.26","52,252,857.70",405,-3.62,45.0,-0.18,2.27,0.26,"2,700.00","1,869.00",,
2025/08/05,34,CIT,31.29,2020.0,2020.0,1970.0,1972.54,"1,971.10",1.44,0.0,"1,980.76","19,431.00","1,998.64","38,488,068.10",366,-26.1,50.0,-1.31,2.54,-0.42,"2,700.00","1,869.00",,
2025/08/06,35,CIT,27.71,2010.0,2010.0,1960.0,1960.78,"1,961.00",-0.22,0.0,"1,971.28","17,572.00","1,972.54","34,639,337.10",294,-11.76,50.00,-0.6,2.55,-0.54,"2,700.00","1,869.00",,
2025/08/07,33,CIT,24.29,1970.0,1975.0,1960.0,1970.79,"1,971.00",-0.21,0.0,"1,968.61","13,914.00","1,960.78","27,391,199.60",270,10.01,15.0,0.51,0.77,0.11,"2,700.00","1,869.00",,
2025/08/11,36,CIT,26.27,1973.0,1989.0,1951.8,1957.72,"1,962.50",-4.78,0.0,"1,965.70","18,858.00","1,970.79","37,069,087.20",355,-13.07,37.2,-0.66,1.91,-0.41,"2,700.00","1,869.00",,
2025/08/12,34,CIT,22.68,1970.0,1975.0,1940.0,1940.53,"1,941.00",-0.47,0.0,"1,944.91","11,721.00","1,957.72","22,796,323.60",318,-17.19,35.0,-0.88,1.8,-0.23,"2,700.00","1,869.00",,
2025/08/13,30,CIT,23.18,1943.0,1955.0,1935.1,1944.19,"1,940.50",3.69,0.0,"1,942.63","11,203.00","1,940.53","21,763,257.80",233,3.66,19.9,0.19,1.03,0.08,"2,700.00","1,869.00",,
2025/08/14,32,CIT,23.52,1945.0,1949.0,1936.1,1945.54,"1,945.00",0.54,0.0,"1,942.86","9,738.00","1,944.19","18,919,579.60",196,1.35,12.9,0.07,0.67,0.14,"2,700.00","1,869.00",,
2025/08/17,32,CIT,27.59,1955.0,1956.0,1931.1,1933.97,"1,932.00",1.97,0.0,"1,940.11","11,591.00","1,945.54","22,487,840.00",241,-11.57,24.9,-0.59,1.29,-0.32,"2,700.00","1,869.00",,
2025/08/18,36,CIT,26.68,1931.1,1939.0,1925.0,1934.89,"1,935.00",-0.11,0.0,"1,931.91","5,321.00","1,933.97","10,279,708.90",134,0.92,14.0,0.05,0.73,0.15,"2,700.00","1,869.00",,
2025/08/19,32,CIT,33.88,1935.0,1949.0,1930.0,1943.8,"1,944.00",-0.2,0.0,"1,942.99","6,602.00","1,934.89","12,827,595.10",139,8.91,19.0,0.46,0.98,0.04,"2,700.00","1,869.00",,
2025/08/20,35,CIT,30.02,1938.2,1950.0,1930.0,1934.97,"1,933.00",1.97,0.0,"1,937.92","5,132.00","1,943.80","9,945,412.40",148,-8.83,20.0,-0.45,1.04,-0.15,"2,700.00","1,869.00",,
2025/08/21,34,CIT,29.39,1935.0,1949.8,1932.0,1932.99,"1,932.00",0.99,0.0,"1,935.83","5,105.00","1,934.97","9,882,424.90",143,-1.98,17.8,-0.1,0.92,-0.15,"2,700.00","1,869.00",,
2025/07/07,31,CIT,43.03,1925.0,1933.9,1912.0,1916.74,"1,917.00",-0.26,0.0,"1,922.89","9,171.00","1,936.32","17,634,853.70",161,-19.58,21.9,-1.01,1.15,-0.32,"2,700.00","1,869.00",,
2025/07/08,32,CIT,43.98,1915.0,1927.9,1901.0,1912.54,"1,915.00",-2.46,0.0,"1,915.53","7,698.00","1,916.74","14,745,754.90",147,-4.2,26.9,-0.22,1.42,-0.16,"2,700.00","1,869.00",,
2025/07/09,31,CIT,35.35,1912.0,1949.0,1912.0,1925.95,"1,935.00",-9.05,0.0,"1,923.73","9,904.00","1,912.54","19,052,638.80",162,13.41,37.0,0.7,1.94,0.12,"2,700.00","1,869.00",,
2025/07/10,33,CIT,35.15,1926.0,1937.0,1921.9,1925.78,"1,921.90",3.88,0.0,"1,928.85","9,634.00","1,925.95","18,582,503.50",193,-0.17,15.1,-0.01,0.79,-0.16,"2,700.00","1,869.00",,
2025/07/13,32,CIT,33.84,1960.0,1964.0,1927.0,1933.22,"1,934.10",-0.88,0.0,"1,937.73","20,869.00","1,925.78","40,438,533.70",308,7.44,37.0,0.39,1.92,-0.23,"2,700.00","1,869.00",,
2025/07/14,34,CIT,35.46,1934.0,1945.3,1915.0,1921.51,"1,940.00",-18.49,-0.01,"1,926.21","10,793.00","1,933.22","20,789,623.20",188,-11.71,30.30,-0.61,1.58,-0.24,"2,700.00","1,869.00",,
2025/07/15,33,CIT,41.17,1930.0,1961.0,1920.0,1944.13,"1,960.00",-15.87,-0.01,"1,935.11","9,678.00","1,921.51","18,727,964.40",191,22.62,41.00,1.18,2.14,0.46,"2,700.00","1,869.00",,
2025/07/16,34,CIT,44.61,1944.0,1990.0,1935.0,1975.72,"1,990.00",-14.28,-0.01,"1,962.65","16,029.00","1,944.13","31,459,321.50",294,31.59,55.0,1.62,2.84,0.66,"2,700.00","1,869.00",,
2025/07/17,32,CIT,50.42,1975.72,2015.0,1975.72,2000.87,"2,000.00",0.87,0.0,"1,997.31","29,942.00","1,975.72","59,803,357.60",531,25.15,39.28,1.27,1.99,0.18,"2,700.00","1,869.00",,
2025/07/20,32,CIT,49.39,2019.9,2025.0,1995.0,2000.59,"1,998.00",2.59,0.0,"2,008.16","29,646.00","2,000.87","59,533,778.30",458,-0.28,30.0,-0.01,1.5,-0.38,"2,700.00","1,869.00",,
2025/07/21,32,CIT,45.84,2019.0,2019.0,1980.0,1992.7,"1,996.00",-3.3,0.0,"1,992.60","24,967.00","2,000.59","49,749,296.90",398,-7.89,39.0,-0.39,1.97,0.0,"2,700.00","1,869.00",,
2025/07/22,32,CIT,49.03,1992.7,2032.0,1992.7,2026.13,"2,032.00",-5.87,0.0,"2,014.71","45,820.00","1,992.70","92,314,222.80",677,33.43,39.3,1.68,1.97,0.56,"2,700.00","1,869.00",,
2025/07/23,32,CIT,45.87,2040.0,2081.0,2030.0,2050.55,"2,058.00",-7.45,0.0,"2,052.38","36,364.00","2,026.13","74,632,826.20",538,24.42,51.00,1.21,2.51,-0.09,"2,700.00","1,869.00",,
2025/07/24,33,CIT,43.39,2079.0,2079.0,2039.0,2048.82,"2,050.00",-1.18,0.0,"2,049.90","28,057.00","2,050.55","57,514,038.50",365,-1.73,40.0,-0.08,1.96,-0.05,"2,700.00","1,869.00",,
2025/07/27,33,CIT,47.03,2089.7,2130.0,2056.0,2068.45,"2,065.10",3.35,0.0,"2,082.74","54,435.00","2,048.82","113,373,804.00",860,19.63,74.0,0.96,3.6,-0.69,"2,700.00","1,869.00",,
2025/07/28,33,CIT,43.26,2068.0,2070.0,2020.0,2041.54,"2,040.00",1.54,0.0,"2,038.32","36,874.00","2,068.45","75,160,880.60",654,-26.91,50.0,-1.3,2.48,0.16,"2,700.00","1,869.00",,
2025/06/12,33,CIT,36.5,1906.0,1915.0,1902.0,1904.52,"1,905.00",-0.48,0.0,"1,907.28","11,190.00","1,903.92","21,342,410.40",218,0.6,13.0,0.03,0.68,-0.14,"2,700.00","1,887.00",,
2025/06/15,34,CIT,29.62,1907.0,1914.0,1890.0,1891.95,"1,895.00",-3.05,0.0,"1,895.08","19,938.00","1,904.52","37,784,061.20",452,-12.57,24.0,-0.66,1.27,-0.17,"2,700.00","1,887.00",,
2025/06/16,35,CIT,29.27,1895.0,1903.0,1885.0,1891.33,"1,892.00",-0.67,0.0,"1,892.27","12,562.00","1,891.95","23,770,722.40",330,-0.62,18.0,-0.03,0.95,-0.05,"2,700.00","1,885.00",,
2025/06/17,32,CIT,29.06,1900.0,1910.0,1886.0,1893.47,"1,892.10",1.37,0.0,"1,892.61","6,814.00","1,891.33","12,896,240.10",180,2.14,24.0,0.11,1.27,0.05,"2,700.00","1,885.00",,
2025/06/18,33,CIT,28.4,1886.0,1898.0,1886.0,1890.21,"1,891.00",-0.79,0.0,"1,891.39","10,782.00","1,893.47","20,392,986.20",205,-3.26,12.0,-0.17,0.64,-0.06,"2,700.00","1,885.00",,
2025/06/19,34,CIT,29.33,1891.1,1893.0,1885.0,1885.88,"1,889.00",-3.12,0.0,"1,887.67","15,611.00","1,890.21","29,468,489.40",343,-4.33,8.00,-0.23,0.42,-0.1,"2,700.00","1,885.00",,
2025/06/22,34,CIT,37.32,1877.1,1895.0,1877.1,1885.41,"1,884.00",1.41,0.0,"1,885.09","11,025.00","1,885.88","20,783,117.50",293,-0.47,17.90,-0.02,0.95,0.02,"2,700.00","1,877.10",,
2025/06/23,35,CIT,35.27,1900.0,1900.0,1880.0,1885.11,"1,884.00",1.11,0.0,"1,886.17","6,234.00","1,885.41","11,758,414.80",182,-0.3,20.00,-0.02,1.06,-0.06,"2,700.00","1,877.10",,
2025/06/24,34,CIT,33.98,1896.0,1896.0,1877.0,1878.48,"1,877.00",1.48,0.0,"1,881.21","10,739.00","1,885.11","20,202,354.30",300,-6.63,19.00,-0.35,1.01,-0.15,"2,700.00","1,877.00",,
2025/06/25,31,CIT,31.61,1882.0,1884.0,1871.0,1879.07,"1,880.00",-0.93,0.0,"1,878.51","5,216.00","1,878.48","9,798,282.70",162,0.59,13.0,0.03,0.69,0.03,"2,700.00","1,871.00",,
2025/06/26,34,CIT,36.96,1896.0,1909.9,1889.0,1905.0,"1,905.00",0.0,0.0,"1,896.63","8,381.00","1,897.00","15,895,617.30",137,8.0,20.9,0.42,1.11,0.44,"2,299.00","1,730.80","1,938.34","1,965.55"
2025/06/29,35,CIT,41.17,1877.39,1898.0,1869.0,1892.92,"1,897.00",-4.08,0.0,"1,877.02","9,924.00","1,877.39","18,627,549.00",267,15.53,29.0,0.83,1.55,0.84,"2,700.00","1,869.00",,
2025/06/30,33,CIT,36.65,1892.0,1900.0,1882.0,1889.82,"1,890.00",-0.18,0.0,"1,889.08","3,586.00","1,892.92","6,774,243.00",115,-3.10,18.00,-0.16,0.96,0.04,"2,700.00","1,869.00",,
2025/07/01,32,CIT,42.62,1900.0,1900.0,1889.2,1894.29,"1,897.00",-2.71,0.0,"1,894.79","10,157.00","1,889.82","19,245,400.50",243,4.47,10.8,0.24,0.57,-0.03,"2,700.00","1,869.00",,
2025/07/02,33,CIT,44.01,1932.1,1940.0,1894.0,1923.8,"1,930.00",-6.2,0.0,"1,915.82","15,936.00","1,894.29","30,530,570.00",287,29.51,46.0,1.56,2.43,0.41,"2,700.00","1,869.00",,
2025/07/03,34,CIT,42.25,1910.0,1948.0,1900.0,1923.18,"1,928.90",-5.72,0.0,"1,919.46","10,966.00","1,923.80","21,048,813.10",223,-0.62,48.0,-0.03,2.53,0.19,"2,700.00","1,869.00",,
2025/05/18,30,CIT,37.9,1912.0,1925.0,1900.1,1909.27,"1,907.00",2.27,0.0,"1,908.54","16,787.00","1,914.83","32,038,687.50",327,-5.56,24.9,-0.29,1.31,0.04,"2,700.00","1,887.00",,
2025/05/19,35,CIT,34.21,1909.0,1927.0,1905.0,1906.95,"1,910.00",-3.05,0.0,"1,912.39","9,619.00","1,909.27","18,395,302.30",288,-2.32,22.00,-0.12,1.15,-0.29,"2,700.00","1,887.00",,
2025/05/20,31,CIT,38.83,1906.0,1930.0,1905.1,1923.76,"1,924.00",-0.24,0.0,"1,918.00","10,236.00","1,906.95","19,632,598.00",237,16.81,24.9,0.88,1.31,0.3,"2,700.00","1,887.00",,
2025/05/21,34,CIT,36.96,1896.0,1909.9,1889.0,1905.0,"1,905.00",0.0,0.0,"1,896.63","8,381.00","1,897.00","15,895,617.30",137,8.0,20.9,0.42,1.11,0.44,"2,299.00","1,730.80","1,938.34","1,965.55"
2025/05/22,32,CIT,39.77,1930.0,1940.0,1930.0,1930.8,"1,931.00",-0.2,0.0,"1,933.68","7,971.00","1,931.59","15,413,373.20",192,-0.79,10.00,-0.04,0.52,-0.15,"2,700.00","1,887.00",,
2025/05/25,35,CIT,39.52,1930.8,1949.9,1918.0,1922.2,"1,921.40",0.8,0.0,"1,927.22","6,850.00","1,930.80","13,201,471.40",210,-8.6,31.9,-0.45,1.66,-0.26,"2,700.00","1,887.00",,
2025/05/26,34,CIT,40.95,1960.0,1960.6,1920.0,1920.58,"1,920.00",0.58,0.0,"1,927.36","7,458.00","1,922.20","14,374,257.90",210,-1.62,40.6,-0.08,2.11,-0.35,"2,700.00","1,887.00",,
2025/05/27,33,CIT,35.21,1910.1,1926.0,1910.1,1919.32,"1,919.00",0.32,0.0,"1,918.92","5,571.00","1,920.58","10,690,299.10",154,-1.26,15.9,-0.07,0.83,0.02,"2,700.00","1,887.00",,
2025/05/28,33,CIT,29.08,1919.0,1919.0,1907.0,1910.46,"1,913.00",-2.54,0.0,"1,910.37","13,345.00","1,919.32","25,493,849.00",306,-8.86,12.0,-0.46,0.63,0.0,"2,700.00","1,887.00",,
2025/06/02,34,CIT,30.54,1948.6,1987.1,1910.0,1913.24,"1,911.20",2.04,0.0,"1,923.11","15,194.00","1,910.46","29,219,695.30",388,2.78,77.10,0.15,4.04,-0.52,"2,700.00","1,887.00",,
2025/06/03,34,CIT,27.48,1916.0,1920.0,1905.0,1908.69,"1,909.00",-0.31,0.0,"1,908.74","9,717.00","1,913.24","18,547,269.70",220,-4.55,15.0,-0.24,0.79,0.0,"2,700.00","1,887.00",,
2025/06/04,32,CIT,34.11,1910.0,1910.0,1900.1,1905.28,"1,908.00",-2.72,0.0,"1,904.15","8,135.00","1,908.69","15,490,298.50",228,-3.41,9.9,-0.18,0.52,0.06,"2,700.00","1,887.00",,
2025/06/05,33,CIT,35.97,1902.0,1910.0,1900.0,1907.26,"1,907.10",0.16,0.0,"1,905.07","6,870.00","1,905.28","13,087,804.60",189,1.98,10.0,0.1,0.53,0.12,"2,700.00","1,887.00",,
2025/06/08,35,CIT,36.38,1929.9,1929.9,1905.1,1908.92,"1,908.20",0.72,0.0,"1,908.69","6,983.00","1,907.26","13,328,415.90",165,1.66,24.8,0.09,1.3,0.01,"2,700.00","1,887.00",,
2025/06/09,35,CIT,32.02,1910.0,1910.9,1903.0,1907.69,"1,907.00",0.69,0.0,"1,907.33","7,087.00","1,908.92","13,517,261.30",178,-1.23,7.9,-0.06,0.42,0.02,"2,700.00","1,887.00",,
2025/06/10,32,CIT,35.77,1910.0,1921.0,1905.0,1907.22,"1,909.00",-1.78,0.0,"1,909.64","9,130.00","1,907.69","17,434,987.30",217,-0.47,16.0,-0.02,0.84,-0.13,"2,700.00","1,887.00",,
2024/08/12,36,CIT,57.63,2410.0,2430.0,2390.0,2402.0,"2,402.00",0.0,0.0,"2,410.56","49,859.00","2,390.00","120,188,246.00",708,12.0,40.00,0.5,1.67,-0.36,"2,498.00","1,850.00",,
2024/09/09,34,CIT,41.49,2335.0,2343.0,2300.0,2300.1,"2,300.10",0.0,0.0,"2,313.48","31,535.00","2,339.00","72,955,622.50",521,-38.90,43.0,-1.66,1.87,-0.58,"2,700.00","1,850.00",,
2024/10/07,31,CIT,-,2200.0,2254.0,2200.0,2245.0,"2,245.00",0.0,0.0,"2,240.36","14,749.00","2,199.00","33,043,040.20",319,46.00,54.00,2.09,2.45,0.21,"2,700.00","1,850.00",,
2024/11/10,34,CIT,-,2190.0,2225.0,2175.0,2225.0,"2,225.00",0.0,0.0,"2,210.43","14,728.00","2,178.00","32,555,246.30",316,47.0,50.00,2.16,2.3,0.65,"2,700.00","1,880.00",,
2024/12/04,33,CIT,47.36,2235.0,2235.0,2195.0,2202.1,"2,202.10",0.0,0.0,"2,207.22","8,380.00","2,200.00","18,496,507.73",167,2.1,40.0,0.1,1.82,-0.23,"2,700.00","1,880.00",,
2025/01/01,31,CIT,45.39,2090.0,2099.9,2069.0,2099.9,"2,099.90",0.0,0.0,"2,080.74","13,628.00","2,090.00","28,356,309.40",246,9.9,30.9,0.47,1.49,0.91,"2,700.00","1,887.00",,
2025/01/27,34,CIT,41.33,1994.0,1994.0,1975.0,1984.0,"1,984.00",0.0,0.0,"1,982.42","11,073.00","1,993.00","21,951,331.80",214,-9.00,19.00,-0.45,0.96,0.08,"2,700.00","1,887.00",,
2025/02/24,33,CIT,46.34,1985.0,1990.0,1965.0,1970.0,"1,970.00",0.0,0.0,"1,975.10","14,211.00","1,975.00","28,068,210.40",298,-5.00,25.00,-0.25,1.27,-0.26,"2,700.00","1,887.00",,
2025/03/23,33,CIT,25.57,1970.0,1970.0,1950.0,1952.7,"1,954.90",-2.2,0.0,"1,955.46","12,075.00","1,970.50","23,612,179.80",299,-17.8,20.0,-0.9,1.03,-0.14,"2,700.00","1,887.00",,
2025/04/20,35,CIT,42.08,2003.7,2013.0,1970.0,1980.48,"1,982.00",-1.52,0.0,"1,986.75","9,867.00","1,990.47","19,603,272.30",226,-9.99,43.0,-0.5,2.18,-0.32,"2,700.00","1,887.00",,
2025/05/15,34,CIT,36.96,1929.0,1929.0,1913.1,1914.83,"1,913.60",1.23,0.0,"1,916.00","10,536.00","1,916.85","20,186,994.10",240,-2.02,15.9,-0.11,0.83,-0.06,"2,700.00","1,887.00",,
2025/06/11,34,CIT,37.49,1928.0,1945.0,1902.2,1903.92,"1,902.20",1.72,0.0,"1,909.34","10,807.00","1,907.22","20,634,212.80",238,-3.3,42.80,-0.17,2.25,-0.28,"2,700.00","1,887.00",,
2025/07/06,33,CIT,47.44,1923.0,1957.0,1921.0,1936.32,"1,940.00",-3.68,0.0,"1,940.35","21,047.00","1,923.18","40,838,602.10",312,13.14,36.0,0.68,1.87,-0.21,"2,700.00","1,869.00",,
2025/07/29,33,CIT,48.94,2045.1,2111.0,2045.1,2100.17,"2,104.00",-3.83,0.0,"2,094.67","95,384.00","2,041.54","199,797,741.40",915,58.63,65.90,2.87,3.22,0.26,"2,700.00","1,869.00",,
2025/08/24,34,CIT,33.13,1960.0,1960.0,1925.2,1926.18,"1,927.00",-0.82,0.0,"1,932.48","6,312.00","1,932.99","12,197,820.70",166,-6.81,34.8,-0.35,1.81,-0.33,"2,604.00","1,869.00",,
2025/04/21,31,CIT,41.62,1961.0,1990.0,1961.0,1971.85,"1,975.00",-3.15,0.0,"1,978.59","8,776.00","1,980.48","17,364,063.80",193,-8.63,29.0,-0.44,1.48,-0.34,"2,700.00","1,887.00",,
2025/04/22,34,CIT,44.88,1971.85,1980.0,1960.0,1968.65,"1,962.50",6.15,0.0,"1,966.25","11,234.00","1,971.85","22,088,824.70",191,-3.2,20.0,-0.16,1.02,0.12,"2,700.00","1,887.00",,
2025/04/23,34,CIT,29.73,1970.0,1970.9,1945.0,1951.1,"1,950.00",1.1,0.0,"1,949.29","15,043.00","1,968.65","29,323,118.60",259,-17.55,25.9,-0.89,1.33,0.09,"2,700.00","1,887.00",,
2025/04/24,33,CIT,30.14,1947.0,1960.0,1940.0,1949.07,"1,950.00",-0.93,0.0,"1,946.31","13,123.00","1,951.10","25,541,427.10",263,-2.03,20.0,-0.1,1.03,0.14,"2,700.00","1,887.00",,
2025/04/27,33,CIT,31.25,1955.0,1978.0,1940.0,1950.38,"1,951.90",-1.52,0.0,"1,947.39","20,566.00","1,949.07","40,050,113.40",325,1.31,38.0,0.07,1.96,0.15,"2,700.00","1,887.00",,
2025/04/28,34,CIT,28.74,1950.0,1954.0,1935.0,1936.92,"1,939.90",-2.98,0.0,"1,940.42","12,800.00","1,950.38","24,837,393.70",302,-13.46,19.0,-0.69,0.98,-0.18,"2,700.00","1,887.00",,
2025/04/29,33,CIT,28.49,1953.8,1953.8,1920.0,1923.74,"1,925.00",-1.26,0.0,"1,931.34","15,913.00","1,936.92","30,733,394.50",364,-13.18,33.8,-0.68,1.76,-0.4,"2,700.00","1,887.00",,
2025/04/30,34,CIT,30.71,1925.0,1935.0,1920.0,1924.72,"1,925.90",-1.18,0.0,"1,922.72","11,714.00","1,923.74","22,522,722.80",258,0.98,15.0,0.05,0.78,0.1,"2,700.00","1,887.00",,
2025/05/04,34,CIT,31.51,1950.0,1950.0,1919.0,1923.42,"1,923.00",0.42,0.0,"1,924.93","17,588.00","1,924.72","33,855,694.90",307,-1.3,31.0,-0.07,1.62,-0.08,"2,700.00","1,887.00",,
2025/05/05,32,CIT,32.39,1935.0,1935.0,1920.0,1928.32,"1,926.00",2.32,0.0,"1,926.40","6,644.00","1,923.42","12,799,006.60",174,4.9,15.0,0.25,0.78,0.1,"2,700.00","1,887.00",,
2025/05/06,33,CIT,35.94,1928.0,1928.0,1919.1,1921.66,"1,920.20",1.46,0.0,"1,921.13","11,078.00","1,928.32","21,282,293.40",269,-6.66,8.9,-0.35,0.46,0.03,"2,700.00","1,887.00",,
2025/05/07,31,CIT,41.23,1911.1,1930.0,1911.1,1927.23,"1,928.00",-0.77,0.0,"1,920.90","16,423.00","1,921.66","31,546,942.00",348,5.57,18.9,0.29,0.99,0.33,"2,700.00","1,887.00",,
2025/05/08,31,CIT,34.6,1930.0,1930.0,1919.0,1921.63,"1,922.00",-0.37,0.0,"1,921.79","10,400.00","1,927.23","19,986,578.40",248,-5.6,11.0,-0.29,0.57,-0.01,"2,700.00","1,887.00",,
2025/05/11,30,CIT,36.64,1953.0,1954.0,1919.0,1923.77,"1,925.00",-1.23,0.0,"1,925.16","8,354.00","1,921.63","16,082,797.60",203,2.14,35.0,0.11,1.82,-0.07,"2,700.00","1,887.00",,
2025/05/13,31,CIT,35.98,1930.2,1934.0,1920.0,1920.47,"1,921.90",-1.43,0.0,"1,922.83","9,092.00","1,923.77","17,482,336.40",223,-3.3,14.0,-0.17,0.73,-0.12,"2,700.00","1,887.00",,
2025/05/14,32,CIT,32.72,1920.0,1929.0,1915.1,1916.85,"1,917.00",-0.15,0.0,"1,918.74","8,004.00","1,920.47","15,357,561.70",230,-3.62,13.9,-0.19,0.73,-0.1,"2,700.00","1,887.00",,
2025/03/24,34,CIT,24.49,1952.7,1961.0,1935.0,1960.54,"1,961.00",-0.46,0.0,"1,953.46","9,593.00","1,952.70","18,739,557.50",273,7.84,26.0,0.4,1.34,0.36,"2,700.00","1,887.00",,
2025/03/25,33,CIT,27.24,1969.0,1969.0,1940.0,1946.43,"1,947.00",-0.57,0.0,"1,946.47","18,731.00","1,960.54","36,459,288.90",304,-14.11,29.0,-0.72,1.49,0.0,"2,700.00","1,887.00",,
2025/03/26,34,CIT,36.96,1896.0,1909.9,1889.0,1905.0,"1,905.00",0.0,0.0,"1,896.63","8,381.00","1,897.00","15,895,617.30",137,8.0,20.9,0.42,1.11,0.44,"2,299.00","1,730.80","1,938.34","1,965.55"
2025/03/27,32,CIT,29.12,1974.0,1975.0,1950.0,1960.67,"1,960.00",0.67,0.0,"1,959.51","5,958.00","1,952.13","11,674,737.60",157,8.54,25.0,0.44,1.28,0.06,"2,700.00","1,887.00",,
2025/03/30,33,CIT,38.37,1960.67,2000.0,1960.0,1987.22,"1,981.00",6.22,0.0,"1,987.25","10,007.00","1,960.67","19,886,419.00",252,26.55,40.0,1.35,2.04,0.0,"2,700.00","1,887.00",,
2025/04/01,32,CIT,35.61,1988.0,1999.0,1970.0,1980.33,"1,980.00",0.33,0.0,"1,978.07","5,040.00","1,987.22","9,969,456.30",157,-6.89,29.00,-0.35,1.47,0.11,"2,700.00","1,887.00",,
2025/04/02,33,CIT,36.4,1994.0,1994.9,1965.0,1979.76,"1,979.00",0.76,0.0,"1,982.04","3,501.00","1,980.33","6,939,106.40",88,-0.57,29.90,-0.03,1.52,-0.11,"2,700.00","1,887.00",,
2025/04/03,35,CIT,39.3,1985.0,1989.9,1968.0,1970.54,"1,969.00",1.54,0.0,"1,975.54","7,029.00","1,979.76","13,886,068.20",205,-9.22,21.9,-0.47,1.11,-0.25,"2,700.00","1,887.00",,
2025/04/07,34,CIT,37.47,1970.0,1990.0,1940.0,1954.41,"1,970.00",-15.59,-0.01,"1,948.33","22,248.00","1,970.54","43,346,361.90",412,-16.13,50.0,-0.82,2.58,0.31,"2,700.00","1,887.00",,
2025/04/08,32,CIT,34.59,1940.5,1954.0,1939.1,1941.22,"1,950.00",-8.78,0.0,"1,947.59","14,116.00","1,954.41","27,492,158.70",267,-13.19,14.90,-0.67,0.77,-0.33,"2,700.00","1,887.00",,
2025/04/09,34,CIT,30.73,1980.0,1980.0,1940.0,1950.96,"1,950.00",0.96,0.0,"1,953.07","5,325.00","1,941.22","10,400,084.50",179,9.74,40.00,0.5,2.06,-0.11,"2,700.00","1,887.00",,
2025/04/10,35,CIT,34.77,1958.0,1958.0,1936.0,1942.1,"1,945.00",-2.9,0.0,"1,944.27","18,055.00","1,950.96","35,103,742.70",373,-8.86,22.0,-0.45,1.14,-0.11,"2,700.00","1,887.00",,
2025/04/13,34,CIT,30.03,1936.0,1955.0,1936.0,1944.14,"1,950.00",-5.86,0.0,"1,946.15","6,837.00","1,942.10","13,305,814.00",211,2.04,19.0,0.11,0.98,-0.1,"2,700.00","1,887.00",,
2025/04/15,35,CIT,41.9,1955.0,1973.9,1946.0,1961.06,"1,965.00",-3.94,0.0,"1,961.77","9,506.00","1,944.14","18,648,539.40",214,16.92,27.9,0.87,1.43,-0.04,"2,700.00","1,887.00",,
2025/04/16,35,CIT,42.07,1972.0,1972.0,1950.0,1961.51,"1,960.00",1.51,0.0,"1,963.39","8,319.00","1,961.06","16,333,457.70",175,0.45,22.0,0.02,1.13,-0.1,"2,700.00","1,887.00",,
2025/04/17,33,CIT,47.38,1965.0,2015.0,1950.0,1990.47,"1,988.20",2.27,0.0,"1,984.21","28,841.00","1,961.51","57,226,620.00",447,28.96,65.0,1.48,3.33,0.31,"2,700.00","1,887.00",,
2025/02/25,32,CIT,29.73,1970.1,1990.0,1970.0,1973.3,"1,973.30",0.0,0.0,"1,979.41","9,271.00","1,970.00","18,351,154.70",166,3.3,20.00,0.17,1.02,-0.31,"2,700.00","1,887.00",,
2025/02/27,31,CIT,43.01,1990.0,1999.9,1986.0,1995.9,"1,995.90",0.0,0.0,"1,991.27","12,619.00","1,973.30","25,127,831.90",216,22.60,13.90,1.15,0.7,0.23,"2,700.00","1,887.00",,
2025/03/02,31,CIT,51.59,1996.0,2120.0,1995.0,2114.9,"2,114.90",0.0,0.0,"2,067.05","44,547.00","1,995.90","92,081,051.00",798,119.00,125.00,5.96,6.27,2.26,"2,700.00","1,887.00",,
2025/03/03,32,CIT,50.85,2157.0,2200.0,2123.0,2125.0,"2,125.00",0.0,0.0,"2,157.22","27,517.00","2,114.90","59,360,169.80",494,10.10,77.00,0.48,3.63,-1.52,"2,700.00","1,887.00",,
2025/03/04,34,CIT,50.31,2129.9,2129.9,2080.3,2088.0,"2,088.00",0.0,0.0,"2,105.19","28,037.00","2,125.00","59,023,283.40",379,-37.0,49.6,-1.74,2.38,-0.82,"2,700.00","1,887.00",,
2025/03/05,34,CIT,46.73,2090.0,2090.1,2053.1,2059.0,"2,059.00",0.0,0.0,"2,073.57","12,646.00","2,088.00","26,222,393.90",272,-29.0,37.0,-1.39,1.8,-0.71,"2,700.00","1,887.00",,
2025/03/06,33,CIT,46.71,2095.8,2095.8,2055.0,2060.0,"2,060.00",0.0,0.0,"2,065.77","7,878.00","2,059.00","16,274,139.20",197,1.00,40.80,0.05,1.99,-0.28,"2,700.00","1,887.00",,
2025/03/09,32,CIT,32.2,2065.0,2072.0,2020.0,2025.0,"2,025.00",0.0,0.0,"2,040.98","12,862.00","2,060.00","26,251,125.00",263,-35.0,52.00,-1.7,2.57,-0.79,"2,700.00","1,887.00",,
2025/03/10,32,CIT,30.4,2011.2,2039.0,2000.0,2002.0,"2,002.00",0.0,0.0,"2,017.50","12,210.00","2,025.00","24,633,692.70",263,-23.0,39.0,-1.14,1.95,-0.77,"2,700.00","1,887.00",,
2025/03/11,34,CIT,28.9,2009.3,2014.0,1985.0,1990.0,"1,990.00",0.0,0.0,"1,995.77","10,924.00","2,002.00","21,801,819.80",282,-12.0,29.0,-0.6,1.46,-0.29,"2,700.00","1,887.00",,
2025/03/12,34,CIT,28.7,1995.0,2002.0,1990.0,1998.0,"1,998.00",0.0,0.0,"1,994.86","11,015.00","1,990.00","21,973,390.40",236,8.0,12.0,0.4,0.6,0.16,"2,700.00","1,887.00",,
2025/03/16,32,CIT,27.0,1998.0,1998.0,1970.0,1976.0,"1,976.00",0.0,0.0,"1,983.43","13,309.00","1,998.00","26,397,470.30",316,-22.0,28.00,-1.1,1.42,-0.38,"2,700.00","1,887.00",,
2025/03/17,33,CIT,23.46,1970.0,1990.0,1970.0,1981.0,"1,981.00",0.0,0.0,"1,980.93","7,342.00","1,976.00","14,543,983.90",192,5.0,20.0,0.25,1.02,0.0,"2,700.00","1,887.00",,
2025/03/18,32,CIT,23.68,2020.6,2020.6,1975.0,1977.0,"1,977.00",0.0,0.0,"1,981.67","6,778.00","1,981.00","13,431,757.80",190,-4.0,45.6,-0.2,2.31,-0.24,"2,700.00","1,887.00",,
2025/03/19,33,CIT,23.71,1975.0,1991.0,1972.0,1974.5,"1,974.50",0.0,0.0,"1,976.06","7,147.00","1,977.00","14,122,931.60",164,-2.50,19.0,-0.13,0.96,-0.08,"2,700.00","1,887.00",,
2025/03/20,32,CIT,24.66,1980.0,1980.0,1970.0,1970.5,"1,970.00",0.5,0.0,"1,974.83","8,395.00","1,974.50","16,578,725.40",200,-4.0,10.0,-0.2,0.51,-0.22,"2,700.00","1,887.00",,
2025/01/28,34,CIT,37.87,1999.0,1999.9,1975.0,1980.0,"1,980.00",0.0,0.0,"1,980.35","7,834.00","1,984.00","15,514,084.80",205,-4.00,24.90,-0.2,1.26,-0.02,"2,700.00","1,887.00",,
2025/02/02,35,CIT,42.61,1999.0,1999.0,1980.0,1985.0,"1,985.00",0.0,0.0,"1,988.06","17,584.00","1,980.00","34,958,059.20",373,5.0,19.00,0.25,0.96,-0.15,"2,700.00","1,887.00",,
2025/02/03,33,CIT,44.91,2000.0,2014.0,1985.0,1985.0,"1,985.00",0.0,0.0,"1,996.16","19,981.00","1,985.00","39,885,268.30",338,0.0,29.0,0.0,1.46,-0.56,"2,700.00","1,887.00",,
2025/02/04,31,CIT,43.87,1995.0,2000.0,1980.0,1984.0,"1,984.00",0.0,0.0,"1,984.68","12,018.00","1,985.00","23,851,927.30",228,-1.0,20.00,-0.05,1.01,-0.03,"2,700.00","1,887.00",,
2025/02/05,33,CIT,46.64,1996.0,1996.0,1975.0,1987.0,"1,987.00",0.0,0.0,"1,982.63","18,474.00","1,984.00","36,627,160.60",213,3.0,21.00,0.15,1.06,0.22,"2,700.00","1,887.00",,
2025/02/06,34,CIT,40.62,1990.0,1990.0,1970.0,1970.0,"1,970.00",0.0,0.0,"1,980.33","14,068.00","1,987.00","27,859,337.80",353,-17.0,20.0,-0.86,1.02,-0.52,"2,700.00","1,887.00",,
2025/02/09,32,CIT,34.85,1970.1,1981.0,1965.0,1965.0,"1,965.00",0.0,0.0,"1,969.75","9,917.00","1,970.00","19,534,023.80",265,-5.0,16.0,-0.25,0.81,-0.24,"2,700.00","1,887.00",,
2025/02/10,35,CIT,34.43,1965.0,1978.0,1965.0,1966.1,"1,966.10",0.0,0.0,"1,967.41","10,850.00","1,965.00","21,346,438.80",220,1.10,13.00,0.06,0.66,-0.07,"2,700.00","1,887.00",,
2025/02/11,32,CIT,32.2,1967.2,1985.1,1962.0,1967.0,"1,967.00",0.0,0.0,"1,966.28","5,457.00","1,966.10","10,730,008.00",177,0.9,23.1,0.05,1.18,0.04,"2,700.00","1,887.00",,
2025/02/12,32,CIT,30.91,1969.0,1977.0,1960.0,1963.0,"1,963.00",0.0,0.0,"1,963.63","7,516.00","1,967.00","14,758,637.40",239,-4.0,17.00,-0.2,0.87,-0.03,"2,700.00","1,887.00",,
2025/02/13,34,CIT,36.96,1896.0,1909.9,1889.0,1905.0,"1,905.00",0.0,0.0,"1,896.63","8,381.00","1,897.00","15,895,617.30",137,8.0,20.9,0.42,1.11,0.44,"2,299.00","1,730.80","1,938.34","1,965.55"
2025/02/16,34,CIT,35.99,1961.5,1969.0,1945.1,1949.0,"1,949.00",0.0,0.0,"1,953.29","14,678.00","1,957.00","28,670,405.80",373,-8.0,23.9,-0.41,1.23,-0.22,"2,700.00","1,887.00",,
2025/02/17,33,CIT,42.72,1975.0,1975.0,1952.0,1967.0,"1,967.00",0.0,0.0,"1,963.50","13,186.00","1,949.00","25,890,742.00",244,18.0,23.0,0.92,1.18,0.18,"2,700.00","1,887.00",,
2025/02/18,32,CIT,48.57,1980.0,2007.0,1979.0,1997.0,"1,997.00",0.0,0.0,"1,996.35","18,275.00","1,967.00","36,483,252.40",389,30.00,28.0,1.53,1.41,0.03,"2,700.00","1,887.00",,
2025/02/20,31,CIT,45.05,2036.9,2036.9,1982.0,1990.0,"1,990.00",0.0,0.0,"1,990.23","10,769.00","1,997.00","21,432,764.50",217,-7.0,54.9,-0.35,2.77,-0.01,"2,700.00","1,887.00",,
2025/02/23,36,CIT,46.83,1980.0,1989.9,1945.0,1975.0,"1,975.00",0.0,0.0,"1,974.13","10,431.00","1,990.00","20,592,118.40",254,-15.00,44.90,-0.75,2.31,0.04,"2,700.00","1,887.00",,
2025/01/02,34,CIT,40.7,2141.8,2141.8,2090.0,2099.1,"2,099.10",0.0,0.0,"2,098.57","11,088.00","2,099.90","23,268,915.60",193,-0.8,51.80,-0.04,2.48,0.03,"2,700.00","1,887.00",,
2025/01/05,36,CIT,46.96,2105.0,2115.0,2099.0,2110.0,"2,110.00",0.0,0.0,"2,105.90","34,369.00","2,099.10","72,377,514.70",646,10.9,16.0,0.52,0.76,0.19,"2,700.00","1,887.00",,
2025/01/06,33,CIT,34.1,2010.0,2010.0,1980.0,2009.9,"2,009.90",0.0,0.0,"1,997.39","19,294.00","1,971.96","38,537,723.20",456,37.94,30.00,1.92,1.52,0.62,"2,700.00","1,887.00",,
2025/01/07,34,CIT,29.41,2019.9,2040.0,2010.0,2016.2,"2,016.20",0.0,0.0,"2,018.32","8,319.00","2,009.90","16,790,422.20",203,6.3,30.0,0.31,1.49,-0.11,"2,700.00","1,887.00",,
2025/01/08,32,CIT,30.18,2056.5,2056.5,1998.0,2000.0,"2,000.00",0.0,0.0,"2,016.19","15,477.00","2,016.20","31,204,606.90",268,-16.2,58.50,-0.8,2.93,-0.81,"2,700.00","1,887.00",,
2025/01/09,32,CIT,30.45,2019.9,2019.9,1990.0,1999.0,"1,999.00",0.0,0.0,"1,995.90","10,462.00","2,000.00","20,881,097.20",267,-1.0,29.9,-0.05,1.5,0.16,"2,700.00","1,887.00",,
2025/01/12,32,CIT,25.44,2038.9,2038.9,1995.0,2000.0,"2,000.00",0.0,0.0,"2,002.23","4,382.00","1,999.00","8,773,761.30",119,1.0,43.9,0.05,2.2,-0.11,"2,700.00","1,887.00",,
2025/01/13,34,CIT,39.14,1995.0,2003.0,1993.1,2000.0,"2,000.00",0.0,0.0,"1,996.10","8,760.00","2,000.00","17,485,870.10",186,0.0,9.90,0.0,0.5,0.19,"2,700.00","1,887.00",,
2025/01/15,31,CIT,37.79,2000.0,2005.0,1986.1,1986.1,"1,986.10",0.0,0.0,"1,993.12","7,163.00","2,000.00","14,276,735.50",193,-13.9,18.9,-0.7,0.95,-0.35,"2,700.00","1,887.00",,
2025/01/16,32,CIT,38.11,1990.0,1998.9,1979.0,1982.0,"1,982.00",0.0,0.0,"1,983.09","9,266.00","1,986.10","18,375,305.10",222,-4.10,19.90,-0.21,1.01,-0.05,"2,700.00","1,887.00",,
2025/01/19,35,CIT,34.99,1983.0,1990.0,1955.0,1985.0,"1,985.00",0.0,0.0,"1,970.15","7,838.00","1,982.00","15,442,053.50",207,3.00,35.00,0.15,1.79,0.75,"2,700.00","1,887.00",,
2025/01/20,32,CIT,33.22,1999.0,1999.0,1981.0,1984.1,"1,984.10",0.0,0.0,"1,987.04","4,906.00","1,985.00","9,748,408.10",123,-0.9,18.00,-0.05,0.91,-0.15,"2,700.00","1,887.00",,
2025/01/21,34,CIT,34.06,1998.0,2005.0,1975.0,1985.0,"1,985.00",0.0,0.0,"1,986.88","5,735.00","1,984.10","11,394,742.10",174,0.9,30.0,0.05,1.52,-0.09,"2,700.00","1,887.00",,
2025/01/22,35,CIT,44.85,1985.0,2014.0,1980.0,2009.0,"2,009.00",0.0,0.0,"2,003.85","16,198.00","1,985.00","32,458,369.60",240,24.0,34.0,1.21,1.72,0.26,"2,700.00","1,887.00",,
2025/01/23,34,CIT,39.47,2010.0,2012.0,1993.0,2000.0,"2,000.00",0.0,0.0,"2,000.32","5,197.00","2,009.00","10,395,682.70",156,-9.00,19.00,-0.45,0.95,-0.02,"2,700.00","1,887.00",,
2025/01/26,34,CIT,38.9,2001.0,2015.0,1980.0,1993.0,"1,993.00",0.0,0.0,"1,996.16","5,980.00","2,000.00","11,937,042.00",150,-7.00,35.00,-0.35,1.77,-0.16,"2,700.00","1,887.00",,
2024/12/05,34,CIT,47.14,2200.0,2206.0,2125.0,2199.0,"2,199.00",0.0,0.0,"2,181.34","13,699.00","2,202.10","29,882,189.10",289,-3.1,81.0,-0.14,3.81,0.8,"2,700.00","1,880.00",,
2024/12/08,36,CIT,31.38,2199.0,2200.0,2150.0,2180.0,"2,180.00",0.0,0.0,"2,172.03","18,206.00","2,199.00","39,544,061.10",301,-19.0,50.0,-0.86,2.33,0.37,"2,700.00","1,887.00",,
2024/12/09,33,CIT,29.98,2160.0,2205.0,2160.0,2189.9,"2,189.90",0.0,0.0,"2,174.25","11,337.00","2,180.00","24,649,491.90",195,9.9,45.0,0.45,2.08,0.71,"2,700.00","1,887.00",,
2024/12/10,34,CIT,30.0,2184.8,2184.8,2172.5,2172.5,"2,172.50",0.0,0.0,"2,175.92","4,904.00","2,189.90","10,670,720.20",121,-17.4,12.3,-0.79,0.57,-0.16,"2,700.00","1,887.00",,
2024/12/11,32,CIT,32.58,2179.0,2193.0,2170.0,2174.0,"2,174.00",0.0,0.0,"2,176.83","6,891.00","2,172.50","15,000,539.40",155,1.5,23.0,0.07,1.06,-0.13,"2,700.00","1,887.00",,
2024/12/12,32,CIT,27.72,2174.0,2195.0,2160.0,2180.0,"2,180.00",0.0,0.0,"2,175.48","8,849.00","2,174.00","19,250,786.60",210,6.0,35.0,0.28,1.62,0.21,"2,700.00","1,887.00",,
2024/12/16,34,CIT,30.69,2160.0,2165.0,2150.0,2157.0,"2,157.00",0.0,0.0,"2,159.21","14,017.00","2,180.00","30,265,595.70",248,-23.0,15.0,-1.06,0.7,-0.1,"2,700.00","1,887.00",,
2024/12/17,32,CIT,30.71,2150.0,2160.0,2135.0,2154.0,"2,154.00",0.0,0.0,"2,152.02","5,285.00","2,157.00","11,373,409.30",151,-3.0,25.0,-0.14,1.17,0.09,"2,700.00","1,887.00",,
2024/12/18,32,CIT,32.22,2154.0,2180.0,2145.0,2148.0,"2,148.00",0.0,0.0,"2,155.59","6,988.00","2,154.00","15,063,270.00",167,-6.0,35.0,-0.28,1.63,-0.35,"2,700.00","1,887.00",,
2024/12/19,31,CIT,28.27,2148.0,2154.0,2115.0,2120.0,"2,120.00",0.0,0.0,"2,132.46","11,882.00","2,148.00","25,337,937.60",281,-28.0,39.0,-1.3,1.84,-0.59,"2,700.00","1,887.00",,
2024/12/22,31,CIT,30.87,2077.6,2120.0,2069.0,2070.0,"2,070.00",0.0,0.0,"2,084.00","26,994.00","2,120.00","56,255,602.10",616,-50.0,51.0,-2.36,2.46,-0.68,"2,700.00","1,887.00",,
2024/12/23,35,CIT,28.31,2080.0,2080.0,2050.0,2065.1,"2,065.10",0.0,0.0,"2,064.56","17,121.00","2,070.00","35,347,376.30",316,-4.90,30.00,-0.24,1.46,0.03,"2,700.00","1,887.00",,
2024/12/24,33,CIT,30.63,2095.0,2100.0,2060.0,2079.8,"2,079.80",0.0,0.0,"2,080.24","22,686.00","2,065.10","47,192,312.80",328,14.70,40.00,0.71,1.94,-0.02,"2,700.00","1,887.00",,
2024/12/26,33,CIT,31.44,2080.0,2097.0,2058.0,2089.6,"2,089.60",0.0,0.0,"2,087.13","6,579.00","2,079.80","13,731,248.40",188,9.8,39.0,0.47,1.9,0.12,"2,700.00","1,887.00",,
2024/12/29,32,CIT,41.03,2088.0,2093.9,2078.1,2085.0,"2,085.00",0.0,0.0,"2,087.01","10,841.00","2,089.60","22,625,231.30",211,-4.6,15.8,-0.22,0.76,-0.1,"2,700.00","1,887.00",,
2024/12/31,33,CIT,41.27,2054.1,2092.0,2052.0,2090.0,"2,090.00",0.0,0.0,"2,076.20","9,149.00","2,085.00","18,995,194.60",201,5.00,40.00,0.24,1.95,0.66,"2,700.00","1,887.00",,
2024/11/11,31,CIT,-,2225.0,2269.0,2219.0,2236.0,"2,236.00",0.0,0.0,"2,243.58","13,979.00","2,225.00","31,362,968.30",295,11.0,50.0,0.49,2.25,-0.34,"2,700.00","1,880.00",,
2024/11/12,34,CIT,-,2250.0,2250.0,2201.0,2207.5,"2,207.50",0.0,0.0,"2,224.76","8,453.00","2,236.00","18,805,892.80",198,-28.5,49.0,-1.27,2.23,-0.78,"2,700.00","1,880.00",,
2024/11/13,32,CIT,49.09,2220.0,2250.0,2200.0,2209.3,"2,209.30",0.0,0.0,"2,223.20","17,562.00","2,207.50","39,043,893.90",243,1.8,50.0,0.08,2.27,-0.63,"2,700.00","1,880.00",,
2024/11/14,33,CIT,46.31,2249.0,2249.0,2205.0,2207.0,"2,207.00",0.0,0.0,"2,211.27","10,926.00","2,209.30","24,160,303.20",244,-2.3,44.00,-0.1,2.0,-0.19,"2,700.00","1,880.00",,
2024/11/17,35,CIT,43.66,2231.0,2235.0,2208.2,2210.1,"2,210.10",0.0,0.0,"2,214.95","17,829.00","2,207.00","39,490,301.30",285,3.1,26.80,0.14,1.21,-0.22,"2,700.00","1,880.00",,
2024/11/19,32,CIT,41.88,2243.0,2244.0,2180.2,2182.6,"2,182.60",0.0,0.0,"2,194.00","21,714.00","2,210.10","47,640,546.60",332,-27.5,63.8,-1.24,2.93,-0.52,"2,700.00","1,880.00",,
2024/11/20,34,CIT,32.74,2180.0,2197.9,2172.0,2185.0,"2,185.00",0.0,0.0,"2,184.30","6,295.00","2,182.60","13,750,148.90",155,2.4,25.9,0.11,1.19,0.03,"2,700.00","1,880.00",,
2024/11/21,33,CIT,32.99,2185.0,2195.0,2165.0,2170.0,"2,170.00",0.0,0.0,"2,175.34","14,115.00","2,185.00","30,704,974.60",296,-15.0,30.0,-0.69,1.39,-0.25,"2,700.00","1,880.00",,
2024/11/24,35,CIT,30.03,2172.0,2188.0,2152.0,2160.0,"2,160.00",0.0,0.0,"2,165.05","6,989.00","2,170.00","15,131,502.00",172,-10.0,36.0,-0.46,1.67,-0.23,"2,700.00","1,880.00",,
2024/11/25,34,CIT,30.01,2165.0,2189.0,2160.0,2170.0,"2,170.00",0.0,0.0,"2,169.21","7,527.00","2,160.00","16,327,614.40",157,10.0,29.00,0.46,1.34,0.04,"2,700.00","1,880.00",,
2024/11/26,34,CIT,45.54,2213.4,2213.4,2165.0,2188.0,"2,188.00",0.0,0.0,"2,186.44","11,148.00","2,170.00","24,374,385.40",180,18.0,48.4,0.83,2.24,0.07,"2,700.00","1,880.00",,
2024/11/27,33,CIT,35.88,2220.0,2220.0,2180.0,2186.0,"2,186.00",0.0,0.0,"2,191.46","12,502.00","2,188.00","27,397,674.10",245,-2.0,40.0,-0.09,1.83,-0.25,"2,700.00","1,880.00",,
2024/11/28,32,CIT,46.59,2210.0,2219.0,2185.0,2189.9,"2,189.90",0.0,0.0,"2,191.97","14,133.00","2,186.00","30,979,148.10",231,3.9,34.0,0.18,1.56,-0.09,"2,700.00","1,880.00",,
2024/12/01,32,CIT,44.57,2233.6,2233.6,2161.0,2182.0,"2,182.00",0.0,0.0,"2,178.40","10,979.00","2,189.90","23,916,678.90",208,-7.9,72.6,-0.36,3.36,0.16,"2,700.00","1,880.00",,
2024/12/02,35,CIT,49.89,2182.1,2259.0,2176.0,2220.0,"2,220.00",0.0,0.0,"2,213.86","28,645.00","2,182.00","63,416,127.00",500,38.0,83.0,1.74,3.81,0.28,"2,700.00","1,880.00",,
2024/12/03,33,CIT,46.7,2220.0,2230.0,2200.0,2200.0,"2,200.00",0.0,0.0,"2,213.81","10,752.00","2,220.00","23,802,892.60",184,-20.0,30.0,-0.9,1.36,-0.63,"2,700.00","1,880.00",,
2024/10/08,34,CIT,36.96,1896.0,1909.9,1889.0,1905.0,"1,905.00",0.0,0.0,"1,896.63","8,381.00","1,897.00","15,895,617.30",137,8.0,20.9,0.42,1.11,0.44,"2,299.00","1,730.80","1,938.34","1,965.55"
2024/10/09,31,CIT,-,2230.0,2236.0,2200.0,2226.0,"2,226.00",0.0,0.0,"2,225.29","12,136.00","2,236.90","27,006,132.60",200,-10.90,36.00,-0.49,1.64,0.03,"2,700.00","1,850.00",,
2024/10/15,32,CIT,-,2228.0,2248.0,2228.0,2247.0,"2,247.00",0.0,0.0,"2,239.96","5,516.00","2,226.00","12,355,621.90",147,21.00,20.00,0.94,0.9,0.31,"2,700.00","1,850.00",,
2024/10/16,33,CIT,-,2250.0,2285.9,2249.0,2265.1,"2,265.10",0.0,0.0,"2,265.26","12,536.00","2,247.00","28,397,296.40",246,18.1,36.90,0.81,1.64,-0.01,"2,700.00","1,850.00",,
2024/10/17,34,CIT,-,2295.0,2299.0,2260.0,2268.0,"2,268.00",0.0,0.0,"2,276.09","13,307.00","2,265.10","30,287,987.30",303,2.9,39.0,0.13,1.73,-0.36,"2,700.00","1,860.00",,
2024/10/20,34,CIT,-,2235.0,2250.0,2200.0,2234.0,"2,234.00",0.0,0.0,"2,237.30","14,899.00","2,268.00","33,333,566.90",354,-34.0,50.00,-1.5,2.27,-0.15,"2,700.00","1,860.00",,
2024/10/21,34,CIT,-,2250.0,2250.0,2180.0,2190.0,"2,190.00",0.0,0.0,"2,201.60","16,965.00","2,234.00","37,350,144.40",427,-44.0,70.00,-1.97,3.21,-0.53,"2,700.00","1,860.00",,
2024/10/22,36,CIT,-,2175.0,2200.0,2175.0,2195.0,"2,195.00",0.0,0.0,"2,193.12","9,291.00","2,190.00","20,376,239.60",226,5.00,25.00,0.23,1.15,0.09,"2,700.00","1,860.00",,
2024/10/23,32,CIT,-,2190.0,2210.0,2190.0,2195.0,"2,195.00",0.0,0.0,"2,198.38","9,446.00","2,195.00","20,765,944.50",226,0.0,20.00,0.0,0.91,-0.15,"2,700.00","1,860.00",,
2024/10/24,33,CIT,-,2195.0,2218.0,2179.2,2180.0,"2,180.00",0.0,0.0,"2,185.18","9,355.00","2,195.00","20,442,339.60",243,-15.0,38.80,-0.68,1.78,-0.24,"2,700.00","1,860.00",,
2024/10/27,33,CIT,-,2199.0,2199.0,2165.2,2170.0,"2,170.00",0.0,0.0,"2,171.58","9,518.00","2,180.00","20,669,086.80",211,-10.0,33.8,-0.46,1.56,-0.07,"2,700.00","1,860.00",,
2024/10/28,32,CIT,-,2165.0,2200.0,2160.0,2179.0,"2,179.00",0.0,0.0,"2,172.55","9,507.00","2,170.00","20,654,389.20",198,9.0,40.0,0.41,1.85,0.3,"2,700.00","1,860.00",,
2024/10/29,32,CIT,-,2200.0,2214.0,2180.0,2197.0,"2,197.00",0.0,0.0,"2,194.42","10,505.00","2,179.00","23,052,358.90",214,18.0,34.0,0.83,1.56,0.12,"2,700.00","1,860.00",,
2024/10/30,32,CIT,-,2200.0,2200.1,2180.0,2184.0,"2,184.00",0.0,0.0,"2,187.41","8,102.00","2,197.00","17,722,380.80",186,-13.0,20.1,-0.59,0.92,-0.16,"2,700.00","1,860.00",,
2024/11/05,33,CIT,-,2227.0,2227.0,2186.1,2190.0,"2,190.00",0.0,0.0,"2,192.22","7,454.00","2,184.00","16,340,843.40",163,6.0,40.9,0.27,1.87,-0.1,"2,700.00","1,860.00",,
2024/11/06,35,CIT,-,2195.0,2195.0,2175.0,2178.0,"2,178.00",0.0,0.0,"2,181.14","7,309.00","2,190.00","15,941,943.00",187,-12.0,20.0,-0.55,0.92,-0.14,"2,700.00","1,875.00",,
2024/09/10,35,CIT,38.07,2300.0,2337.0,2285.0,2298.5,"2,298.50",0.0,0.0,"2,303.15","23,518.00","2,300.10","54,165,557.50",439,-1.6,52.00,-0.07,2.28,-0.2,"2,700.00","1,850.00",,
2024/09/11,36,CIT,35.6,2300.0,2301.0,2248.0,2249.0,"2,249.00",0.0,0.0,"2,268.89","19,339.00","2,298.50","43,878,014.30",457,-49.5,53.00,-2.15,2.36,-0.88,"2,700.00","1,850.00",,
2024/09/12,34,CIT,43.85,2250.0,2280.0,2225.1,2280.0,"2,280.00",0.0,0.0,"2,260.27","18,595.00","2,249.00","42,029,716.30",326,31.00,54.90,1.38,2.47,0.87,"2,700.00","1,850.00",,
2024/09/15,35,CIT,43.84,2310.0,2344.0,2248.0,2248.0,"2,248.00",0.0,0.0,"2,294.72","24,102.00","2,280.00","55,307,384.60",451,-32.00,96.0,-1.4,4.27,-2.08,"2,700.00","1,850.00",,
2024/09/16,33,CIT,39.11,2250.0,2258.0,2208.2,2219.9,"2,219.90",0.0,0.0,"2,223.66","18,153.00","2,248.00","40,366,126.10",357,-28.1,49.80,-1.25,2.26,-0.17,"2,700.00","1,850.00",,
2024/09/18,35,CIT,43.87,2219.0,2229.9,2180.0,2205.0,"2,205.00",0.0,0.0,"2,202.26","14,696.00","2,219.90","32,364,432.70",355,-14.9,49.9,-0.67,2.29,0.12,"2,700.00","1,850.00",,
2024/09/22,34,CIT,44.2,2249.1,2293.0,2198.0,2208.0,"2,208.00",0.0,0.0,"2,220.45","13,223.00","2,205.00","29,361,013.00",307,3.0,95.0,0.14,4.32,-0.56,"2,700.00","1,850.00",,
2024/09/23,35,CIT,41.89,2252.1,2252.1,2157.0,2165.0,"2,165.00",0.0,0.0,"2,183.09","13,502.00","2,208.00","29,476,051.30",327,-43.0,95.10,-1.95,4.41,-0.84,"2,700.00","1,850.00",,
2024/09/24,33,CIT,43.03,2165.0,2191.9,2105.0,2112.0,"2,112.00",0.0,0.0,"2,133.50","20,482.00","2,165.00","43,698,265.70",483,-53.0,86.90,-2.45,4.13,-1.02,"2,700.00","1,850.00",,
2024/09/25,34,CIT,45.59,2110.0,2150.0,2099.5,2135.0,"2,135.00",0.0,0.0,"2,130.70","17,074.00","2,112.00","36,379,562.50",274,23.0,50.5,1.09,2.41,0.2,"2,700.00","1,850.00",,
2024/09/26,34,CIT,41.82,2160.0,2165.0,2116.0,2116.0,"2,116.00",0.0,0.0,"2,142.68","15,623.00","2,135.00","33,475,161.20",266,-19.0,49.0,-0.89,2.32,-1.26,"2,700.00","1,850.00",,
2024/09/29,35,CIT,43.3,2073.7,2130.0,2068.0,2094.0,"2,094.00",0.0,0.0,"2,090.24","15,184.00","2,116.00","31,738,272.70",462,-22.0,62.00,-1.04,3.0,0.18,"2,700.00","1,850.00",,
2024/09/30,33,CIT,47.81,2100.0,2126.0,2052.9,2102.0,"2,102.00",0.0,0.0,"2,092.84","16,233.00","2,094.00","33,973,146.40",379,8.0,73.1,0.38,3.56,0.44,"2,700.00","1,850.00",,
2024/10/01,34,CIT,58.77,2139.0,2199.9,2096.3,2191.0,"2,191.00",0.0,0.0,"2,168.20","30,640.00","2,102.00","66,433,628.50",559,89.0,103.60,4.23,4.94,1.04,"2,700.00","1,850.00",,
2024/10/02,32,CIT,57.62,2220.0,2220.0,2156.1,2170.0,"2,170.00",0.0,0.0,"2,183.82","25,659.00","2,191.00","56,034,653.40",509,-21.00,63.9,-0.96,2.96,-0.64,"2,700.00","1,850.00",,
2024/10/06,35,CIT,-,2170.0,2200.0,2155.0,2199.0,"2,199.00",0.0,0.0,"2,183.99","15,162.00","2,170.00","33,113,697.00",340,29.00,45.00,1.34,2.09,0.68,"2,700.00","1,850.00",,
2024/08/13,35,CIT,50.9,2449.0,2449.0,2360.0,2384.9,"2,384.90",0.0,0.0,"2,389.51","37,176.00","2,402.00","88,832,583.80",591,-17.10,89.0,-0.71,3.77,-0.19,"2,498.00","1,850.00",,
2024/08/14,36,CIT,56.67,2432.5,2432.5,2365.1,2393.0,"2,393.00",0.0,0.0,"2,387.46","46,614.00","2,384.90","111,288,944.20",536,8.1,67.4,0.34,2.85,0.23,"2,498.00","1,850.00",,
2024/08/15,37,CIT,61.71,2440.8,2573.4,2370.0,2507.0,"2,507.00",0.0,0.0,"2,449.89","114,052.00","2,393.00","279,414,563.60","1,508",114.00,203.40,4.76,8.58,2.28,"2,573.40","1,850.00",,
2024/08/18,35,CIT,65.29,2550.0,2690.0,2525.0,2627.0,"2,627.00",0.0,0.0,"2,620.25","148,346.00","2,507.00","388,704,056.80","2,283",120.00,165.00,4.79,6.53,0.26,"2,690.00","1,850.00",,
2024/08/21,35,CIT,64.2,2605.0,2700.0,2597.0,2629.0,"2,629.00",0.0,0.0,"2,649.43","96,714.00","2,627.00","256,237,154.70","1,319",2.00,103.00,0.08,3.97,-0.78,"2,700.00","1,850.00",,
2024/08/22,36,CIT,60.11,2635.0,2645.0,2586.2,2597.0,"2,597.00",0.0,0.0,"2,603.47","39,219.00","2,629.00","102,105,326.30",672,-32.0,58.80,-1.22,2.27,-0.25,"2,700.00","1,850.00",,
2024/08/25,34,CIT,53.83,2600.0,2604.0,2500.0,2500.0,"2,500.00",0.0,0.0,"2,534.42","91,250.00","2,597.00","231,266,206.70","1,170",-97.0,104.00,-3.74,4.16,-1.38,"2,700.00","1,850.00",,
2024/08/27,34,CIT,47.09,2500.0,2530.0,2411.0,2414.9,"2,414.90",0.0,0.0,"2,452.99","70,906.00","2,500.00","173,931,976.10","1,132",-85.1,119.00,-3.4,4.94,-1.58,"2,700.00","1,850.00",,
2024/08/28,34,CIT,44.08,2450.0,2463.0,2379.5,2391.1,"2,391.10",0.0,0.0,"2,420.25","44,974.00","2,414.90","108,848,430.50",807,-23.8,83.50,-0.99,3.51,-1.22,"2,700.00","1,850.00",,
2024/08/29,34,CIT,43.41,2400.0,2430.0,2370.0,2385.1,"2,385.10",0.0,0.0,"2,384.70","40,796.00","2,391.10","97,286,207.30",704,-6.0,60.0,-0.25,2.53,0.02,"2,700.00","1,850.00",,
2024/09/01,36,CIT,40.47,2385.1,2432.0,2370.0,2379.0,"2,379.00",0.0,0.0,"2,387.61","35,276.00","2,385.10","84,225,334.20",483,-6.1,62.0,-0.26,2.62,-0.36,"2,700.00","1,850.00",,
2024/09/02,35,CIT,52.28,2420.0,2473.0,2355.0,2465.0,"2,465.00",0.0,0.0,"2,420.54","42,141.00","2,379.00","102,003,989.80",688,86.0,118.00,3.61,5.01,1.8,"2,700.00","1,850.00",,
2024/09/03,35,CIT,56.83,2470.0,2500.0,2439.0,2465.0,"2,465.00",0.0,0.0,"2,475.88","26,946.00","2,465.00","66,714,947.40",405,0.0,61.0,0.0,2.5,-0.44,"2,700.00","1,850.00",,
2024/09/04,34,CIT,50.16,2490.1,2490.1,2390.0,2390.0,"2,390.00",0.0,0.0,"2,408.70","28,562.00","2,465.00","68,797,344.00",439,-75.0,100.10,-3.04,4.19,-0.78,"2,700.00","1,850.00",,
2024/09/05,32,CIT,50.72,2392.7,2392.7,2336.5,2369.9,"2,369.90",0.0,0.0,"2,359.77","46,281.00","2,390.00","109,212,445.50",578,-20.1,56.2,-0.84,2.41,0.43,"2,700.00","1,850.00",,
2024/09/08,34,CIT,36.19,2390.0,2414.0,2335.5,2339.0,"2,339.00",0.0,0.0,"2,364.39","18,187.00","2,369.90","43,001,183.60",412,-30.90,78.50,-1.3,3.36,-1.09,"2,700.00","1,850.00",,
2024/07/18,33,CIT,69.65,2009.0,2040.0,2005.0,2022.0,"2,022.00",0.0,0.0,"2,028.01","30,764.00","1,998.00","62,389,678.00",541,24.00,35.00,1.2,1.75,-0.3,"2,346.00","1,850.00",,
2024/07/21,32,CIT,72.55,2040.0,2108.0,1985.0,2105.0,"2,105.00",0.0,0.0,"2,076.01","33,828.00","2,022.00","70,227,397.90",577,83.0,123.00,4.1,6.2,1.38,"2,346.00","1,850.00",,
2024/07/22,31,CIT,69.42,2122.0,2147.1,2080.0,2100.0,"2,100.00",0.0,0.0,"2,116.00","34,192.00","2,105.00","72,350,346.80",645,-5.00,67.10,-0.24,3.23,-0.76,"2,346.00","1,850.00",,
2024/07/23,34,CIT,72.12,2100.0,2181.0,2100.0,2164.0,"2,164.00",0.0,0.0,"2,158.96","26,453.00","2,100.00","57,111,007.10",447,64.00,81.00,3.05,3.86,0.23,"2,346.00","1,850.00",,
2024/07/24,33,CIT,69.37,2207.2,2207.2,2115.0,2129.0,"2,129.00",0.0,0.0,"2,159.99","27,621.00","2,164.00","59,661,107.00",570,-35.00,92.20,-1.62,4.36,-1.46,"2,346.00","1,850.00",,
2024/07/25,34,CIT,63.33,2130.0,2147.0,2107.1,2118.0,"2,118.00",0.0,0.0,"2,126.28","27,729.00","2,129.00","58,959,747.50",421,-11.00,39.90,-0.52,1.89,-0.39,"2,346.00","1,850.00",,
2024/07/28,34,CIT,71.32,2160.3,2285.0,2136.0,2190.0,"2,190.00",0.0,0.0,"2,180.69","28,659.00","2,118.00","62,496,287.80",535,72.00,149.00,3.4,6.98,0.43,"2,346.00","1,850.00",,
2024/07/29,34,CIT,57.26,2200.0,2218.9,2162.0,2164.0,"2,164.00",0.0,0.0,"2,189.38","33,440.00","2,190.00","73,212,745.80",534,-26.00,56.90,-1.19,2.63,-1.17,"2,346.00","1,850.00",,
2024/07/30,35,CIT,73.46,2170.0,2200.0,2140.0,2190.0,"2,190.00",0.0,0.0,"2,170.20","39,924.00","2,164.00","86,643,087.10",544,26.00,60.00,1.2,2.8,0.9,"2,346.00","1,850.00",,
2024/07/31,36,CIT,73.38,2210.0,2400.0,2210.0,2374.0,"2,374.00",0.0,0.0,"2,322.95","128,312.00","2,190.00","298,062,840.50","1,676",184.00,190.00,8.4,8.6,2.15,"2,400.00","1,850.00",,
2024/08/01,36,CIT,65.96,2400.0,2498.0,2357.0,2379.0,"2,379.00",0.0,0.0,"2,406.82","91,189.00","2,374.00","219,475,641.60","1,186",5.0,141.00,0.21,5.98,-1.17,"2,498.00","1,850.00",,
2024/08/05,36,CIT,63.84,2379.0,2473.0,2379.0,2420.1,"2,420.10",0.0,0.0,"2,412.76","73,318.00","2,379.00","176,898,447.20",899,41.10,94.00,1.73,3.95,0.3,"2,498.00","1,850.00",,
2024/08/06,34,CIT,60.8,2425.1,2487.0,2323.0,2340.0,"2,340.00",0.0,0.0,"2,413.93","89,285.00","2,420.10","215,527,364.50","1,441",-80.10,164.00,-3.31,7.06,-3.16,"2,498.00","1,850.00",,
2024/08/07,35,CIT,57.39,2303.0,2386.0,2301.0,2381.0,"2,381.00",0.0,0.0,"2,366.65","47,187.00","2,340.00","111,675,096.20",735,41.00,85.00,1.75,3.69,0.6,"2,498.00","1,850.00",,
2024/08/08,35,CIT,53.44,2425.0,2428.0,2355.0,2371.0,"2,371.00",0.0,0.0,"2,381.40","37,314.00","2,381.00","88,859,389.50",572,-10.00,73.00,-0.42,3.1,-0.44,"2,498.00","1,850.00",,
2024/08/11,35,CIT,58.09,2323.6,2400.0,2323.6,2390.0,"2,390.00",0.0,0.0,"2,375.40","63,183.00","2,371.00","150,084,914.40",874,19.00,76.40,0.8,3.29,0.61,"2,498.00","1,850.00",,
2024/06/25,33,CIT,44.04,2120.0,2120.0,2093.0,2099.9,"2,099.90",0.0,0.0,"2,097.50","8,887.00","2,095.00","18,640,461.00",177,4.9,27.0,0.23,1.29,0.11,"2,704.00","1,850.00",,
2024/06/26,31,CIT,46.54,2092.2,2100.0,2091.0,2096.0,"2,096.00",0.0,0.0,"2,095.65","9,229.00","2,099.90","19,340,737.10",161,-3.9,9.0,-0.19,0.43,0.02,"2,704.00","1,850.00",,
2024/06/27,36,CIT,46.04,2099.8,2100.0,2085.0,2085.0,"2,085.00",0.0,0.0,"2,092.62","10,472.00","2,096.00","21,913,915.80",203,-11.00,15.00,-0.52,0.72,-0.37,"2,700.00","1,850.00",,
2024/06/30,32,CIT,43.43,2081.1,2100.0,2070.0,2079.0,"2,079.00",0.0,0.0,"2,082.87","10,939.00","2,085.00","22,784,499.50",216,-6.0,30.00,-0.29,1.45,-0.19,"2,700.00","1,850.00",,
2024/07/01,34,CIT,42.71,2077.0,2078.9,2058.0,2058.1,"2,058.10",0.0,0.0,"2,067.00","15,859.00","2,079.00","32,780,592.80",354,-20.90,20.9,-1.01,1.02,-0.43,"2,700.00","1,850.00",,
2024/07/02,32,CIT,61.2,2099.2,2200.0,2080.0,2115.1,"2,115.10",0.0,0.0,"2,120.88","15,959.00","2,058.10","33,847,079.80",321,57.00,120.0,2.77,5.77,-0.27,"2,700.00","1,850.00",,
2024/07/03,33,CIT,62.04,2120.0,2139.0,2112.0,2136.0,"2,136.00",0.0,0.0,"2,128.36","36,308.00","2,115.10","77,276,596.70",826,20.9,27.0,0.99,1.28,0.36,"2,635.00","1,850.00",,
2024/07/04,33,CIT,47.22,1910.0,1930.0,1887.0,1920.0,"1,920.00",0.0,0.0,"1,914.47","36,049.00","1,873.68","69,014,773.40",887,46.32,43.0,2.47,2.28,0.29,"2,346.00","1,850.00",,
2024/07/07,34,CIT,36.96,1896.0,1909.9,1889.0,1905.0,"1,905.00",0.0,0.0,"1,896.63","8,381.00","1,897.00","15,895,617.30",137,8.0,20.9,0.42,1.11,0.44,"2,299.00","1,730.80","1,938.34","1,965.55"
2024/07/08,34,CIT,41.21,1905.0,1915.0,1895.0,1898.0,"1,898.00",0.0,0.0,"1,900.58","12,384.00","1,917.00","23,536,791.20",316,-19.0,20.0,-0.99,1.06,-0.14,"2,346.00","1,850.00",,
2024/07/09,33,CIT,45.02,1899.0,1909.0,1895.0,1902.0,"1,902.00",0.0,0.0,"1,899.71","9,065.00","1,898.00","17,220,863.40",247,4.0,14.0,0.21,0.74,0.12,"2,346.00","1,850.00",,
2024/07/10,33,CIT,56.13,1915.0,1915.0,1899.0,1905.0,"1,905.00",0.0,0.0,"1,903.49","15,474.00","1,902.00","29,454,665.70",301,3.0,16.0,0.16,0.84,0.08,"2,346.00","1,850.00",,
2024/07/11,36,CIT,61.15,1918.0,1918.0,1900.0,1910.0,"1,910.00",0.0,0.0,"1,906.49","19,387.00","1,905.00","36,961,207.30",352,5.0,18.00,0.26,0.95,0.18,"2,346.00","1,850.00",,
2024/07/14,33,CIT,66.16,1948.2,2026.0,1921.0,1921.0,"1,921.00",0.0,0.0,"1,959.06","31,449.00","1,910.00","61,610,537.70",564,11.0,105.00,0.58,5.47,-1.98,"2,346.00","1,850.00",,
2024/07/15,34,CIT,61.87,1958.0,1997.0,1941.0,1945.0,"1,945.00",0.0,0.0,"1,960.36","17,992.00","1,921.00","35,270,824.40",362,24.00,56.00,1.25,2.89,-0.79,"2,346.00","1,850.00",,
2024/07/16,32,CIT,66.06,1950.0,1982.0,1942.0,1974.0,"1,974.00",0.0,0.0,"1,967.79","14,444.00","1,945.00","28,422,791.40",297,29.0,40.00,1.49,2.06,0.31,"2,346.00","1,850.00",,
2024/05/30,34,CIT,44.54,2131.4,2148.0,2110.0,2120.0,"2,120.00",0.0,0.0,"2,123.77","11,644.00","2,136.10","24,729,165.20",216,-16.10,38.00,-0.75,1.8,-0.18,"2,704.00","1,850.00",,
2024/06/02,35,CIT,44.07,2140.0,2140.0,2104.0,2109.0,"2,109.00",0.0,0.0,"2,112.04","10,022.00","2,120.00","21,166,842.60",214,-11.00,36.00,-0.52,1.71,-0.14,"2,704.00","1,850.00",,
2024/06/03,34,CIT,41.67,2120.0,2135.0,2110.0,2110.2,"2,110.20",0.0,0.0,"2,118.27","7,449.00","2,109.00","15,779,008.50",179,1.20,25.00,0.06,1.18,-0.38,"2,704.00","1,850.00",,
2024/06/04,34,CIT,42.54,2152.4,2152.4,2110.0,2118.0,"2,118.00",0.0,0.0,"2,117.49","8,194.00","2,110.20","17,350,728.30",170,7.80,42.40,0.37,2.01,0.02,"2,704.00","1,850.00",,
2024/06/05,34,CIT,41.41,2113.1,2126.0,2100.0,2110.0,"2,110.00",0.0,0.0,"2,109.82","9,509.00","2,118.00","20,062,231.80",205,-8.00,26.00,-0.38,1.24,0.01,"2,704.00","1,850.00",,
2024/06/06,33,CIT,47.62,2130.0,2138.0,2108.0,2115.0,"2,115.00",0.0,0.0,"2,115.19","9,243.00","2,110.00","19,550,736.90",194,5.0,30.00,0.24,1.42,-0.01,"2,704.00","1,850.00",,
2024/06/09,34,CIT,52.82,2115.0,2135.0,2115.0,2128.2,"2,128.20",0.0,0.0,"2,127.44","10,430.00","2,115.00","22,189,164.20",223,13.2,20.00,0.62,0.95,0.04,"2,704.00","1,850.00",,
2024/06/10,33,CIT,54.12,2130.0,2141.0,2123.0,2137.8,"2,137.80",0.0,0.0,"2,133.95","13,845.00","2,128.20","29,544,597.60",176,9.6,18.00,0.45,0.85,0.18,"2,704.00","1,850.00",,
2024/06/11,31,CIT,62.26,2145.0,2160.0,2140.0,2155.0,"2,155.00",0.0,0.0,"2,147.93","22,461.00","2,137.80","48,244,564.40",262,17.2,20.00,0.8,0.93,0.33,"2,704.00","1,850.00",,
2024/06/12,32,CIT,58.58,2155.0,2169.5,2150.2,2159.0,"2,159.00",0.0,0.0,"2,156.82","7,709.00","2,155.00","16,626,890.20",168,4.0,19.3,0.19,0.9,0.1,"2,704.00","1,850.00",,
2024/06/13,31,CIT,57.23,2159.0,2159.0,2146.5,2151.0,"2,151.00",0.0,0.0,"2,152.23","9,493.00","2,159.00","20,431,083.50",171,-8.0,12.5,-0.37,0.58,-0.06,"2,704.00","1,850.00",,
2024/06/16,34,CIT,47.73,2190.0,2190.0,2107.0,2125.0,"2,125.00",0.0,0.0,"2,130.21","33,666.00","2,151.00","71,715,817.90",558,-26.0,83.0,-1.21,3.94,-0.25,"2,704.00","1,850.00",,
2024/06/18,33,CIT,43.6,2125.0,2129.0,2103.0,2116.0,"2,116.00",0.0,0.0,"2,115.93","11,455.00","2,125.00","24,237,944.10",259,-9.0,26.00,-0.42,1.24,0.0,"2,704.00","1,850.00",,
2024/06/19,32,CIT,41.87,2120.0,2120.0,2111.0,2119.0,"2,119.00",0.0,0.0,"2,116.76","7,697.00","2,116.00","16,292,695.20",141,3.0,9.0,0.14,0.43,0.11,"2,704.00","1,850.00",,
2024/06/20,31,CIT,42.24,2120.0,2125.0,2111.2,2112.2,"2,112.20",0.0,0.0,"2,113.92","10,292.00","2,119.00","21,756,425.60",168,-6.8,13.80,-0.32,0.65,-0.08,"2,704.00","1,850.00",,
2024/06/23,33,CIT,47.43,2110.0,2112.0,2094.0,2097.0,"2,097.00",0.0,0.0,"2,101.19","13,796.00","2,112.20","28,988,025.40",247,-15.2,18.0,-0.72,0.86,-0.2,"2,704.00","1,850.00",,
2024/05/05,34,CIT,39.95,2063.0,2100.0,2063.0,2086.0,"2,086.00",0.0,0.0,"2,091.27","9,790.00","2,105.00","20,473,522.30",246,-19.0,37.0,-0.9,1.79,-0.25,"2,704.00","1,850.00",,
2024/05/06,32,CIT,37.77,2082.0,2096.0,2077.1,2082.0,"2,082.00",0.0,0.0,"2,081.79","8,920.00","2,086.00","18,569,541.10",219,-4.00,18.90,-0.19,0.91,0.01,"2,704.00","1,850.00",,
2024/05/07,33,CIT,41.6,2082.0,2087.0,2070.0,2074.0,"2,074.00",0.0,0.0,"2,075.58","9,477.00","2,082.00","19,670,281.80",232,-8.00,17.0,-0.38,0.82,-0.08,"2,704.00","1,850.00",,
2024/05/08,35,CIT,38.83,2080.0,2095.5,2066.0,2070.0,"2,070.00",0.0,0.0,"2,074.57","5,210.00","2,074.00","10,808,488.50",153,-4.0,29.5,-0.19,1.43,-0.22,"2,704.00","1,850.00",,
2024/05/09,32,CIT,42.91,2061.0,2085.0,2060.0,2072.9,"2,072.90",0.0,0.0,"2,074.27","5,240.00","2,070.00","10,869,161.10",160,2.9,25.00,0.14,1.21,-0.07,"2,704.00","1,850.00",,
2024/05/12,34,CIT,46.4,2081.0,2099.9,2071.0,2074.0,"2,074.00",0.0,0.0,"2,074.56","6,528.00","2,072.90","13,542,753.90",177,1.10,28.9,0.05,1.4,-0.03,"2,704.00","1,850.00",,
2024/05/13,32,CIT,55.13,2080.0,2110.0,2079.5,2098.0,"2,098.00",0.0,0.0,"2,092.43","7,108.00","2,074.00","14,872,959.20",127,24.0,30.5,1.16,1.47,0.27,"2,704.00","1,850.00",,
2024/05/14,35,CIT,60.87,2099.0,2124.0,2099.0,2112.0,"2,112.00",0.0,0.0,"2,107.97","12,370.00","2,098.00","26,075,622.00",227,14.0,25.0,0.67,1.19,0.19,"2,704.00","1,850.00",,
2024/05/15,35,CIT,57.87,2112.0,2135.0,2110.1,2110.1,"2,110.10",0.0,0.0,"2,119.47","10,386.00","2,112.00","22,012,793.80",178,-1.9,24.9,-0.09,1.18,-0.44,"2,704.00","1,850.00",,
2024/05/16,35,CIT,57.59,2123.0,2123.0,2089.0,2110.0,"2,110.00",0.0,0.0,"2,111.85","9,057.00","2,110.10","19,127,022.90",190,-0.1,34.0,0.0,1.63,-0.09,"2,704.00","1,850.00",,
2024/05/19,35,CIT,62.28,2149.0,2149.0,2105.0,2123.0,"2,123.00",0.0,0.0,"2,122.61","11,507.00","2,110.00","24,424,826.10",210,13.0,44.0,0.62,2.09,0.02,"2,704.00","1,850.00",,
2024/05/20,34,CIT,65.24,2102.5,2170.0,2102.5,2166.0,"2,166.00",0.0,0.0,"2,155.82","23,237.00","2,123.00","50,094,878.80",363,43.0,67.5,2.03,3.21,0.47,"2,704.00","1,850.00",,
2024/05/21,33,CIT,66.05,2170.0,2189.0,2150.0,2160.0,"2,160.00",0.0,0.0,"2,164.48","10,292.00","2,166.00","22,276,829.90",232,-6.00,39.0,-0.28,1.81,-0.21,"2,704.00","1,850.00",,
2024/05/22,32,CIT,63.02,2160.2,2183.0,2160.0,2168.2,"2,168.20",0.0,0.0,"2,168.71","12,175.00","2,160.00","26,404,020.90",217,8.2,23.0,0.38,1.06,-0.02,"2,704.00","1,850.00",,
2024/05/26,35,CIT,58.02,2172.0,2173.0,2130.0,2145.0,"2,145.00",0.0,0.0,"2,148.15","10,659.00","2,168.20","22,897,143.80",185,-23.2,43.0,-1.07,2.02,-0.15,"2,704.00","1,850.00",,
2024/05/27,35,CIT,47.92,2140.0,2160.0,2125.0,2160.0,"2,160.00",0.0,0.0,"2,150.88","7,897.00","2,145.00","16,985,536.30",157,15.0,35.0,0.7,1.65,0.42,"2,704.00","1,850.00",,
2024/04/03,34,CIT,36.96,1896.0,1909.9,1889.0,1905.0,"1,905.00",0.0,0.0,"1,896.63","8,381.00","1,897.00","15,895,617.30",137,8.0,20.9,0.42,1.11,0.44,"2,299.00","1,730.80","1,938.34","1,965.55"
2024/04/04,34,CIT,36.55,2099.0,2115.0,2091.1,2101.1,"2,101.10",0.0,0.0,"2,099.94","6,720.00","2,099.00","14,111,564.30",151,2.1,23.90,0.1,1.14,0.06,"2,704.00","1,850.00",,
2024/04/07,34,CIT,54.53,2101.3,2111.0,2101.2,2108.0,"2,108.00",0.0,0.0,"2,107.09","5,940.00","2,101.10","12,516,123.40",190,6.9,9.80,0.33,0.47,0.04,"2,704.00","1,850.00",,
2024/04/09,34,CIT,36.96,1896.0,1909.9,1889.0,1905.0,"1,905.00",0.0,0.0,"1,896.63","8,381.00","1,897.00","15,895,617.30",137,8.0,20.9,0.42,1.11,0.44,"2,299.00","1,730.80","1,938.34","1,965.55"
2024/04/10,33,CIT,54.21,2116.0,2121.0,2105.0,2105.0,"2,105.00",0.0,0.0,"2,108.30","7,471.00","2,115.00","15,751,083.00",174,-10.0,16.00,-0.47,0.76,-0.16,"2,704.00","1,850.00",,
2024/04/14,34,CIT,53.79,2115.0,2125.0,2107.0,2108.0,"2,108.00",0.0,0.0,"2,112.69","5,692.00","2,105.00","12,025,428.90",158,3.0,18.0,0.14,0.85,-0.22,"2,704.00","1,850.00",,
2024/04/15,35,CIT,51.25,2110.0,2115.0,2100.2,2110.9,"2,110.90",0.0,0.0,"2,110.72","5,976.00","2,108.00","12,613,638.20",155,2.90,14.8,0.14,0.7,0.01,"2,704.00","1,850.00",,
2024/04/16,35,CIT,47.23,2110.0,2110.0,2100.0,2101.0,"2,101.00",0.0,0.0,"2,101.48","7,554.00","2,110.90","15,874,558.90",183,-9.9,10.0,-0.47,0.48,-0.02,"2,704.00","1,850.00",,
2024/04/18,33,CIT,42.65,2100.0,2100.0,2090.0,2090.0,"2,090.00",0.0,0.0,"2,091.17","6,590.00","2,101.00","13,780,797.10",188,-11.0,10.0,-0.52,0.48,-0.06,"2,704.00","1,850.00",,
2024/04/21,31,CIT,42.27,2090.0,2099.0,2080.0,2098.0,"2,098.00",0.0,0.0,"2,089.83","4,622.00","2,090.00","9,659,176.10",129,8.0,19.0,0.38,0.91,0.39,"2,704.00","1,850.00",,
2024/04/22,33,CIT,36.95,2080.0,2113.0,2080.0,2101.0,"2,101.00",0.0,0.0,"2,104.91","4,081.00","2,098.00","8,590,141.70",122,3.0,33.0,0.14,1.59,-0.19,"2,704.00","1,850.00",,
2024/04/24,33,CIT,40.11,2110.0,2110.0,2092.2,2092.2,"2,092.20",0.0,0.0,"2,101.63","4,853.00","2,101.00","10,199,206.50",140,-8.8,17.8,-0.42,0.85,-0.45,"2,704.00","1,850.00",,
2024/04/25,32,CIT,51.52,2093.0,2100.0,2080.0,2095.0,"2,095.00",0.0,0.0,"2,089.02","7,362.00","2,092.20","15,379,358.80",176,2.8,20.0,0.13,0.96,0.29,"2,704.00","1,850.00",,
2024/04/28,33,CIT,55.14,2100.0,2110.0,2081.0,2103.0,"2,103.00",0.0,0.0,"2,103.52","7,701.00","2,095.00","16,199,191.20",204,8.0,29.0,0.38,1.39,-0.02,"2,704.00","1,850.00",,
2024/04/29,35,CIT,51.69,2132.0,2134.9,2100.0,2105.0,"2,105.00",0.0,0.0,"2,103.55","6,127.00","2,103.00","12,888,431.60",135,2.0,34.9,0.1,1.66,0.07,"2,704.00","1,850.00",,
2024/04/30,35,CIT,54.36,2120.0,2120.0,2093.0,2108.0,"2,108.00",0.0,0.0,"2,105.24","5,771.00","2,105.00","12,149,314.40",148,3.00,27.00,0.14,1.29,0.13,"2,704.00","1,850.00",,
2024/03/07,35,CIT,49.24,2115.0,2125.0,2101.0,2101.0,"2,101.00",0.0,0.0,"2,116.41","5,202.00","2,109.00","11,009,559.90",154,-8.0,24.00,-0.38,1.14,-0.73,"2,704.00","1,850.00",,
2024/03/10,33,CIT,37.06,2120.0,2140.0,2108.4,2127.0,"2,127.00",0.0,0.0,"2,121.85","10,075.00","2,101.00","21,377,591.60",232,26.0,31.6,1.24,1.5,0.24,"2,704.00","1,850.00",,
2024/03/12,33,CIT,60.7,2169.5,2169.5,2134.0,2163.0,"2,163.00",0.0,0.0,"2,148.80","14,215.00","2,127.00","30,545,207.00",291,36.00,35.5,1.69,1.66,0.66,"2,704.00","1,850.00",,
2024/03/13,34,CIT,58.23,2163.0,2180.0,2131.0,2172.5,"2,172.50",0.0,0.0,"2,167.33","10,458.00","2,163.00","22,665,969.30",240,9.5,49.0,0.44,2.3,0.24,"2,704.00","1,850.00",,
2024/03/14,33,CIT,56.3,2177.0,2177.0,2140.0,2152.0,"2,152.00",0.0,0.0,"2,154.16","8,838.00","2,172.50","19,038,467.20",217,-20.5,37.0,-0.94,1.73,-0.1,"2,704.00","1,850.00",,
2024/03/17,35,CIT,49.19,2155.0,2160.0,2132.0,2134.5,"2,134.50",0.0,0.0,"2,148.44","8,001.00","2,152.00","17,189,656.50",205,-17.5,28.0,-0.81,1.31,-0.65,"2,704.00","1,850.00",,
2024/03/18,33,CIT,38.57,2121.2,2150.0,2121.0,2125.0,"2,125.00",0.0,0.0,"2,129.94","5,653.00","2,134.50","12,040,554.90",157,-9.5,29.0,-0.45,1.37,-0.23,"2,704.00","1,850.00",,
2024/03/19,33,CIT,40.56,2120.0,2150.0,2120.0,2122.0,"2,122.00",0.0,0.0,"2,127.78","4,123.00","2,125.00","8,772,838.80",134,-3.0,30.00,-0.14,1.42,-0.27,"2,704.00","1,850.00",,
2024/03/20,34,CIT,40.25,2130.0,2137.0,2110.0,2118.0,"2,118.00",0.0,0.0,"2,121.51","6,091.00","2,122.00","12,922,087.40",162,-4.00,27.00,-0.19,1.28,-0.17,"2,704.00","1,850.00",,
2024/03/21,35,CIT,39.83,2120.0,2129.0,2112.0,2114.0,"2,114.00",0.0,0.0,"2,116.95","7,987.00","2,118.00","16,908,068.40",158,-4.00,17.00,-0.19,0.8,-0.14,"2,704.00","1,850.00",,
2024/03/25,34,CIT,35.75,2139.9,2139.9,2103.0,2104.0,"2,104.00",0.0,0.0,"2,110.56","6,007.00","2,114.00","12,678,126.10",174,-10.00,36.90,-0.47,1.75,-0.31,"2,704.00","1,850.00",,
2024/03/26,34,CIT,43.47,2105.0,2115.0,2100.1,2115.0,"2,115.00",0.0,0.0,"2,108.77","9,551.00","2,104.00","20,140,901.90",170,11.0,14.90,0.52,0.71,0.29,"2,704.00","1,850.00",,
2024/03/27,34,CIT,36.32,2145.0,2145.0,2105.0,2105.0,"2,105.00",0.0,0.0,"2,110.67","5,766.00","2,115.00","12,170,101.80",119,-10.0,40.00,-0.47,1.9,-0.27,"2,704.00","1,850.00",,
2024/03/28,33,CIT,48.25,2110.0,2145.0,2108.0,2129.0,"2,129.00",0.0,0.0,"2,127.23","11,608.00","2,105.00","24,692,871.70",209,24.0,37.0,1.14,1.76,0.08,"2,704.00","1,850.00",,
2024/03/31,34,CIT,46.95,2130.0,2135.0,2103.0,2105.5,"2,105.50",0.0,0.0,"2,109.14","9,277.00","2,129.00","19,566,486.50",205,-23.50,32.00,-1.1,1.52,-0.17,"2,704.00","1,850.00",,
2024/04/01,34,CIT,37.21,2130.0,2130.0,2090.2,2099.0,"2,099.00",0.0,0.0,"2,098.82","11,466.00","2,105.50","24,065,056.00",243,-6.5,39.8,-0.31,1.9,0.01,"2,704.00","1,850.00",,
2024/02/12,34,CIT,57.01,2123.0,2160.0,2120.0,2150.0,"2,150.00",0.0,0.0,"2,143.09","10,645.00","2,120.10","22,813,235.40",243,29.90,40.00,1.41,1.89,0.32,"2,704.00","1,850.00",,
2024/02/13,34,CIT,55.45,2150.0,2150.1,2110.0,2125.0,"2,125.00",0.0,0.0,"2,130.05","12,735.00","2,150.00","27,126,147.10",284,-25.0,40.1,-1.16,1.9,-0.24,"2,704.00","1,850.00",,
2024/02/14,34,CIT,51.19,2116.0,2138.0,2110.0,2113.0,"2,113.00",0.0,0.0,"2,119.10","7,505.00","2,125.00","15,903,853.10",166,-12.0,28.0,-0.56,1.33,-0.29,"2,704.00","1,850.00",,
2024/02/15,35,CIT,49.28,2113.0,2125.0,2104.0,2109.9,"2,109.90",0.0,0.0,"2,114.02","9,515.00","2,113.00","20,114,907.60",199,-3.1,21.0,-0.15,1.0,-0.2,"2,704.00","1,850.00",,
2024/02/18,35,CIT,40.12,2110.0,2110.1,2090.0,2091.0,"2,091.00",0.0,0.0,"2,093.62","14,851.00","2,109.90","31,092,300.10",265,-18.9,20.1,-0.9,0.96,-0.13,"2,704.00","1,850.00",,
2024/02/20,36,CIT,39.43,2100.0,2100.0,2092.0,2094.0,"2,094.00",0.0,0.0,"2,095.17","14,491.00","2,091.00","30,361,153.20",247,3.00,8.0,0.14,0.38,-0.06,"2,704.00","1,850.00",,
2024/02/21,35,CIT,35.89,2090.0,2100.0,2090.0,2094.0,"2,094.00",0.0,0.0,"2,092.51","6,356.00","2,094.00","13,300,011.20",129,0.00,10.0,0.0,0.48,0.07,"2,704.00","1,850.00",,
2024/02/22,34,CIT,41.09,2094.0,2100.0,2070.0,2070.0,"2,070.00",0.0,0.0,"2,086.51","27,687.00","2,094.00","57,769,326.20",375,-24.00,30.0,-1.15,1.45,-0.8,"2,704.00","1,850.00",,
2024/02/25,36,CIT,36.95,2085.0,2089.9,2051.0,2051.0,"2,051.00",0.0,0.0,"2,064.52","14,129.00","2,070.00","29,169,547.20",304,-19.00,38.90,-0.92,1.9,-0.66,"2,704.00","1,850.00",,
2024/02/26,36,CIT,34.56,2051.0,2067.0,2040.0,2060.0,"2,060.00",0.0,0.0,"2,053.81","6,817.00","2,051.00","14,000,842.20",204,9.00,27.00,0.44,1.32,0.3,"2,704.00","1,850.00",,
2024/02/27,35,CIT,34.16,2060.0,2069.0,2040.0,2055.0,"2,055.00",0.0,0.0,"2,049.76","6,481.00","2,060.00","13,284,507.70",137,-5.00,29.00,-0.24,1.42,0.25,"2,704.00","1,850.00",,
2024/02/28,35,CIT,51.85,2090.0,2184.0,2047.0,2100.0,"2,100.00",0.0,0.0,"2,097.50","10,216.00","2,055.00","21,428,078.10",229,45.00,137.00,2.19,6.69,0.12,"2,704.00","1,850.00",,
2024/02/29,35,CIT,48.23,2115.0,2125.0,2075.0,2076.0,"2,076.00",0.0,0.0,"2,089.86","7,778.00","2,100.00","16,254,923.20",166,-24.00,50.00,-1.14,2.41,-0.67,"2,704.00","1,850.00",,
2024/03/03,35,CIT,42.33,2070.0,2075.0,2046.5,2052.0,"2,052.00",0.0,0.0,"2,056.70","11,783.00","2,076.00","24,234,084.50",272,-24.00,28.50,-1.16,1.39,-0.23,"2,704.00","1,850.00",,
2024/03/04,30,CIT,48.58,2093.0,2181.0,2093.0,2181.0,"2,181.00",0.0,0.0,"2,154.31",245.00,"2,052.00","527,805.00",5,129.0,88.0,6.29,4.2,1.22,"2,704.00","1,850.00",,
2024/03/05,37,CIT,40.88,2181.0,2181.0,2090.0,2099.9,"2,099.90",0.0,0.0,"2,120.40","13,291.00","2,181.00","28,182,259.80",303,-81.10,91.00,-3.72,4.35,-0.98,"2,704.00","1,850.00",,
2024/01/18,34,CIT,47.44,2259.3,2259.3,2186.1,2195.0,"2,195.00",0.0,0.0,"2,202.27","18,421.00","2,215.00","40,567,993.60",411,-20.0,73.20,-0.9,3.35,-0.33,"2,704.00","1,850.00",,
2024/01/21,35,CIT,44.14,2200.0,2200.0,2169.0,2170.1,"2,170.10",0.0,0.0,"2,180.10","17,545.00","2,195.00","38,249,798.30",413,-24.9,31.00,-1.13,1.43,-0.46,"2,704.00","1,850.00",,
2024/01/22,33,CIT,43.43,2196.8,2196.8,2118.1,2125.0,"2,125.00",0.0,0.0,"2,142.01","19,617.00","2,170.10","42,019,858.80",477,-45.1,78.7,-2.08,3.72,-0.8,"2,704.00","1,850.00",,
2024/01/23,35,CIT,47.06,2140.0,2145.0,2090.0,2093.0,"2,093.00",0.0,0.0,"2,111.92","18,687.00","2,125.00","39,465,443.30",483,-32.0,55.0,-1.51,2.63,-0.9,"2,704.00","1,850.00",,
2024/01/24,35,CIT,42.21,2090.0,2131.0,2078.0,2078.1,"2,078.10",0.0,0.0,"2,094.51","12,926.00","2,093.00","27,073,574.70",323,-14.9,53.0,-0.71,2.55,-0.79,"2,704.00","1,850.00",,
2024/01/25,35,CIT,41.17,2097.0,2112.0,2075.0,2080.0,"2,080.00",0.0,0.0,"2,084.86","12,259.00","2,078.10","25,558,238.40",305,1.9,37.00,0.09,1.78,-0.23,"2,704.00","1,850.00",,
2024/01/28,35,CIT,45.7,2121.6,2121.6,2080.0,2090.0,"2,090.00",0.0,0.0,"2,097.06","10,785.00","2,080.00","22,616,838.50",265,10.0,41.6,0.48,2.0,-0.34,"2,704.00","1,850.00",,
2024/01/29,34,CIT,52.45,2090.0,2110.0,2080.0,2100.0,"2,100.00",0.0,0.0,"2,100.90","8,121.00","2,090.00","17,061,390.00",197,10.0,30.0,0.48,1.44,-0.04,"2,704.00","1,850.00",,
2024/01/30,35,CIT,58.83,2120.0,2131.0,2101.0,2120.0,"2,120.00",0.0,0.0,"2,123.55","12,952.00","2,100.00","27,504,281.40",234,20.0,30.0,0.95,1.43,-0.17,"2,704.00","1,850.00",,
2024/01/31,34,CIT,53.81,2129.0,2129.5,2098.0,2101.0,"2,101.00",0.0,0.0,"2,106.65","9,852.00","2,120.00","20,754,734.40",247,-19.00,31.50,-0.9,1.5,-0.27,"2,704.00","1,850.00",,
2024/02/01,34,CIT,46.69,2090.0,2114.0,2085.0,2087.0,"2,087.00",0.0,0.0,"2,092.82","8,512.00","2,101.00","17,814,045.00",222,-14.0,29.0,-0.67,1.39,-0.28,"2,704.00","1,850.00",,
2024/02/04,34,CIT,47.3,2082.6,2098.6,2080.0,2090.0,"2,090.00",0.0,0.0,"2,088.79","8,353.00","2,087.00","17,447,675.80",215,3.0,18.6,0.14,0.89,0.06,"2,704.00","1,850.00",,
2024/02/05,34,CIT,43.66,2100.0,2104.0,2085.0,2097.0,"2,097.00",0.0,0.0,"2,091.56","8,812.00","2,090.00","18,430,823.30",194,7.0,19.0,0.33,0.91,0.26,"2,704.00","1,850.00",,
2024/02/06,35,CIT,52.1,2115.0,2120.0,2095.2,2100.1,"2,100.10",0.0,0.0,"2,101.94","7,557.00","2,097.00","15,884,336.30",192,3.1,24.8,0.15,1.18,-0.09,"2,704.00","1,850.00",,
2024/02/07,35,CIT,53.96,2130.0,2130.0,2100.0,2110.0,"2,110.00",0.0,0.0,"2,105.97","7,280.00","2,100.10","15,331,493.80",161,9.9,30.0,0.47,1.43,0.19,"2,704.00","1,850.00",,
2024/02/08,34,CIT,51.14,2110.0,2115.0,2100.0,2110.0,"2,110.00",0.0,0.0,"2,107.37","5,445.00","2,110.00","11,474,625.70",147,0.0,15.00,0.0,0.71,0.12,"2,704.00","1,850.00",,
2023/12/20,36,CIT,68.54,2165.0,2330.0,2165.0,2300.0,"2,300.00",0.0,0.0,"2,256.47","55,864.00","2,150.00","126,055,504.60","1,049",150.00,165.00,6.98,7.62,1.89,"2,704.00","1,829.60",,
2023/12/21,36,CIT,64.68,2335.8,2346.0,2240.0,2268.0,"2,268.00",0.0,0.0,"2,265.15","45,507.00","2,300.00","103,080,062.10",819,-32.00,106.00,-1.39,4.73,0.13,"2,704.00","1,829.60",,
2023/12/24,36,CIT,60.32,2260.0,2300.0,2210.0,2211.0,"2,211.00",0.0,0.0,"2,254.96","45,177.00","2,268.00","101,872,153.30",723,-57.0,90.00,-2.51,4.07,-1.99,"2,704.00","1,850.00",,
2023/12/27,36,CIT,55.35,2250.0,2255.0,2160.0,2178.0,"2,178.00",0.0,0.0,"2,190.20","39,610.00","2,211.00","86,753,712.00",646,-33.0,95.00,-1.49,4.4,-0.56,"2,704.00","1,850.00",,
2023/12/28,34,CIT,44.32,2200.0,2210.0,2160.0,2190.0,"2,190.00",0.0,0.0,"2,188.65","17,084.00","2,178.00","37,390,815.90",355,12.0,50.0,0.55,2.31,0.06,"2,704.00","1,850.00",,
2024/01/01,35,CIT,43.99,2190.0,2230.0,2190.0,2193.0,"2,193.00",0.0,0.0,"2,204.48","21,329.00","2,190.00","47,019,343.70",423,3.0,40.0,0.14,1.83,-0.52,"2,704.00","1,850.00",,
2024/01/02,33,CIT,45.29,2190.0,2200.0,2140.0,2165.0,"2,165.00",0.0,0.0,"2,172.87","27,285.00","2,193.00","59,286,719.00",453,-28.0,60.0,-1.28,2.8,-0.36,"2,704.00","1,850.00",,
2024/01/03,35,CIT,45.06,2170.0,2195.0,2155.0,2169.0,"2,169.00",0.0,0.0,"2,172.06","11,188.00","2,165.00","24,300,967.60",241,4.00,40.0,0.18,1.86,-0.14,"2,704.00","1,850.00",,
2024/01/04,34,CIT,48.0,2198.0,2217.0,2166.0,2185.0,"2,185.00",0.0,0.0,"2,194.01","25,233.00","2,169.00","55,361,465.40",465,16.00,51.00,0.74,2.35,-0.41,"2,704.00","1,850.00",,
2024/01/07,34,CIT,42.37,2185.0,2188.9,2151.0,2156.0,"2,156.00",0.0,0.0,"2,168.73","16,892.00","2,185.00","36,634,246.90",312,-29.0,37.9,-1.33,1.76,-0.59,"2,704.00","1,850.00",,
2024/01/08,34,CIT,46.31,2179.0,2181.0,2156.2,2175.0,"2,175.00",0.0,0.0,"2,171.00","15,484.00","2,156.00","33,615,746.40",274,19.0,24.80,0.88,1.15,0.18,"2,704.00","1,850.00",,
2024/01/09,33,CIT,50.06,2185.0,2238.9,2185.0,2198.0,"2,198.00",0.0,0.0,"2,214.35","27,426.00","2,175.00","60,730,638.30",468,23.0,53.9,1.06,2.47,-0.74,"2,704.00","1,850.00",,
2024/01/10,33,CIT,48.55,2231.0,2235.0,2192.0,2200.0,"2,200.00",0.0,0.0,"2,209.59","15,701.00","2,198.00","34,692,768.70",307,2.0,43.00,0.09,1.96,-0.44,"2,704.00","1,850.00",,
2024/01/11,35,CIT,48.08,2193.0,2229.0,2187.5,2200.0,"2,200.00",0.0,0.0,"2,202.88","13,442.00","2,200.00","29,611,159.30",243,0.00,41.5,0.0,1.9,-0.13,"2,704.00","1,850.00",,
2024/01/14,33,CIT,48.01,2207.0,2220.0,2190.0,2215.0,"2,215.00",0.0,0.0,"2,203.30","10,370.00","2,200.00","22,848,221.80",242,15.0,30.0,0.68,1.37,0.53,"2,704.00","1,850.00",,
2024/01/16,34,CIT,54.56,2220.0,2240.0,2200.0,2232.0,"2,232.00",0.0,0.0,"2,229.67","22,170.00","2,215.00","49,431,690.20",393,17.0,40.0,0.77,1.82,0.1,"2,704.00","1,850.00",,
2023/11/27,35,CIT,53.89,1990.0,2004.0,1980.0,1989.0,"1,989.00",0.0,0.0,"1,993.11","7,889.00","1,974.00","15,723,615.40",223,15.00,24.00,0.76,1.21,-0.21,"2,704.00","1,829.60",,
2023/11/28,31,CIT,44.73,2000.0,2000.0,1975.5,1980.0,"1,980.00",0.0,0.0,"1,983.95","4,574.00","1,989.00","9,074,596.60",122,-9.0,24.5,-0.45,1.24,-0.2,"2,704.00","1,829.60",,
2023/11/29,33,CIT,43.75,1999.0,1999.0,1966.0,1979.8,"1,979.80",0.0,0.0,"1,980.88","4,308.00","1,980.00","8,533,614.20",130,-0.20,33.00,-0.01,1.68,-0.05,"2,704.00","1,829.60",,
2023/11/30,31,CIT,35.87,1979.0,1979.0,1952.0,1965.0,"1,965.00",0.0,0.0,"1,967.30","5,563.00","1,979.80","10,944,094.90",124,-14.8,27.00,-0.75,1.38,-0.12,"2,704.00","1,829.60",,
2023/12/03,30,CIT,37.64,1953.0,1962.8,1949.2,1959.0,"1,959.00",0.0,0.0,"1,953.39","6,024.00","1,965.00","11,767,211.90",151,-6.0,13.6,-0.31,0.7,0.29,"2,704.00","1,829.60",,
2023/12/04,34,CIT,38.04,1965.0,1965.0,1956.0,1957.0,"1,957.00",0.0,0.0,"1,959.81","7,945.00","1,959.00","15,570,653.80",146,-2.0,9.0,-0.1,0.46,-0.14,"2,704.00","1,829.60",,
2023/12/05,34,CIT,38.14,1950.0,1957.0,1880.0,1954.0,"1,954.00",0.0,0.0,"1,949.42","9,819.00","1,957.00","19,141,311.80",125,-3.00,77.00,-0.15,4.1,0.23,"2,704.00","1,829.60",,
2023/12/06,33,CIT,31.54,1960.0,1960.0,1947.0,1950.0,"1,950.00",0.0,0.0,"1,950.09","3,147.00","1,954.00","6,136,933.80",96,-4.0,13.00,-0.2,0.67,0.0,"2,704.00","1,829.60",,
2023/12/07,34,CIT,39.81,1950.1,1959.0,1945.0,1959.0,"1,959.00",0.0,0.0,"1,952.16","6,891.00","1,950.00","13,452,304.80",136,9.0,14.00,0.46,0.72,0.35,"2,704.00","1,829.60",,
2023/12/10,27,CIT,46.69,1998.1,2055.0,1998.1,2055.0,"2,055.00",0.0,0.0,"2,035.34","2,140.00","1,959.00","4,355,617.00",45,96.00,56.9,4.9,2.85,0.96,"2,704.00","1,829.60",,
2023/12/11,35,CIT,52.32,2089.0,2100.0,2010.1,2010.1,"2,010.10",0.0,0.0,"2,050.68","20,640.00","2,055.00","42,326,019.60",479,-44.9,89.9,-2.18,4.47,-2.02,"2,704.00","1,829.60",,
2023/12/12,36,CIT,56.15,2050.3,2050.3,2009.3,2025.0,"2,025.00",0.0,0.0,"2,034.77","12,468.00","2,010.10","25,369,513.30",250,14.90,41.00,0.74,2.04,-0.48,"2,704.00","1,829.60",,
2023/12/13,36,CIT,55.97,2065.0,2100.0,2025.0,2026.0,"2,026.00",0.0,0.0,"2,056.37","12,897.00","2,025.00","26,521,008.40",271,1.0,75.0,0.05,3.7,-1.5,"2,704.00","1,829.60",,
2023/12/14,36,CIT,43.86,2026.0,2048.0,2010.0,2030.0,"2,030.00",0.0,0.0,"2,031.10","8,554.00","2,026.00","17,374,045.70",192,4.0,38.0,0.2,1.89,-0.05,"2,704.00","1,829.60",,
2023/12/17,35,CIT,53.18,2025.0,2055.0,2000.1,2042.0,"2,042.00",0.0,0.0,"2,035.82","8,576.00","2,030.00","17,459,221.00",183,12.0,54.90,0.59,2.74,0.3,"2,704.00","1,829.60",,
2023/12/18,35,CIT,60.81,2061.0,2112.0,2055.0,2100.0,"2,100.00",0.0,0.0,"2,085.96","25,938.00","2,042.00","54,105,596.50",496,58.00,57.00,2.84,2.77,0.67,"2,704.00","1,829.60",,
2023/10/18,32,CIT,46.42,1865.0,1915.0,1865.0,1905.0,"1,905.00",0.0,0.0,"1,889.74","6,103.00","1,865.00","11,533,086.80",166,40.0,50.0,2.14,2.68,0.8,"2,704.00","1,790.00",,
2023/10/19,34,CIT,44.62,1915.0,1924.0,1900.0,1920.0,"1,920.00",0.0,0.0,"1,914.64","4,030.00","1,905.00","7,715,989.90",133,15.0,24.0,0.79,1.26,0.28,"2,704.00","1,790.00",,
2023/10/29,32,CIT,45.24,1925.0,1925.0,1888.0,1894.0,"1,894.00",0.0,0.0,"1,892.76","5,759.00","1,920.00","10,900,418.70",195,-26.0,37.0,-1.35,1.96,0.07,"2,704.00","1,816.50",,
2023/10/30,33,CIT,44.87,1893.0,1894.0,1870.0,1891.1,"1,891.10",0.0,0.0,"1,885.68","5,420.00","1,894.00","10,220,408.20",148,-2.9,24.0,-0.15,1.28,0.29,"2,704.00","1,816.50",,
2023/10/31,33,CIT,35.41,1873.0,1890.0,1870.0,1879.0,"1,879.00",0.0,0.0,"1,882.54","3,714.00","1,891.10","6,991,767.20",135,-12.1,20.0,-0.64,1.07,-0.19,"2,704.00","1,816.50",,
2023/11/01,34,CIT,34.83,1885.0,1889.0,1881.0,1885.1,"1,885.10",0.0,0.0,"1,885.71","3,255.00","1,879.00","6,137,972.60",110,6.1,8.0,0.32,0.43,-0.03,"2,704.00","1,826.00",,
2023/11/02,33,CIT,40.3,1885.0,1892.0,1880.0,1883.9,"1,883.90",0.0,0.0,"1,883.70","5,431.00","1,885.10","10,230,356.90",130,-1.2,12.0,-0.06,0.64,0.01,"2,704.00","1,829.60",,
2023/11/05,33,CIT,37.33,1870.0,1883.0,1860.0,1864.1,"1,864.10",0.0,0.0,"1,868.03","6,336.00","1,883.90","11,835,859.30",212,-19.8,23.0,-1.05,1.24,-0.21,"2,704.00","1,829.60",,
2023/11/06,32,CIT,42.97,1893.0,1893.0,1875.0,1887.9,"1,887.90",0.0,0.0,"1,881.05","3,835.00","1,864.10","7,213,841.80",136,23.8,18.0,1.28,0.96,0.36,"2,704.00","1,829.60",,
2023/11/07,34,CIT,45.32,1910.0,1919.7,1887.0,1908.0,"1,908.00",0.0,0.0,"1,907.49","4,576.00","1,887.90","8,728,676.40",163,20.1,32.7,1.06,1.73,0.03,"2,704.00","1,829.60",,
2023/11/08,33,CIT,44.65,1903.0,1912.0,1902.0,1907.0,"1,907.00",0.0,0.0,"1,907.54","2,862.00","1,908.00","5,459,388.90",110,-1.00,10.0,-0.05,0.53,-0.03,"2,704.00","1,829.60",,
2023/11/09,33,CIT,44.74,1907.0,1918.0,1902.0,1910.9,"1,910.90",0.0,0.0,"1,907.72","4,367.00","1,907.00","8,330,996.40",158,3.9,16.0,0.2,0.84,0.17,"2,704.00","1,829.60",,
2023/11/20,34,CIT,46.75,1915.0,1949.1,1903.1,1905.0,"1,905.00",0.0,0.0,"1,920.08","4,563.00","1,910.90","8,761,314.60",168,-5.90,46.00,-0.31,2.42,-0.79,"2,704.00","1,829.60",,
2023/11/21,33,CIT,28.45,1929.9,1929.9,1893.4,1902.0,"1,902.00",0.0,0.0,"1,902.57","4,444.00","1,905.00","8,455,040.70",137,-3.0,36.50,-0.16,1.93,-0.03,"2,704.00","1,829.60",,
2023/11/22,34,CIT,47.55,1894.0,1930.0,1893.5,1920.0,"1,920.00",0.0,0.0,"1,910.57","11,890.00","1,902.00","22,716,725.50",161,18.0,36.50,0.95,1.93,0.49,"2,704.00","1,829.60",,
2023/11/23,33,CIT,42.71,1920.0,1945.8,1910.0,1933.0,"1,933.00",0.0,0.0,"1,927.51","3,599.00","1,920.00","6,937,096.40",130,13.0,35.8,0.68,1.87,0.28,"2,704.00","1,829.60",,
2023/09/21,32,CIT,59.88,2060.0,2099.0,2030.0,2047.0,"2,047.00",0.0,0.0,"2,052.77","6,543.00","2,020.00","13,431,254.80",203,27.00,69.00,1.34,3.4,-0.28,"2,704.00","1,780.00",,
2023/09/24,35,CIT,52.44,2010.0,2050.0,2010.0,2010.0,"2,010.00",0.0,0.0,"2,026.49","8,093.00","2,047.00","16,400,372.30",224,-37.00,40.00,-1.81,1.99,-0.82,"2,704.00","1,780.00",,
2023/09/25,32,CIT,53.49,2000.0,2017.0,1996.0,2003.0,"2,003.00",0.0,0.0,"2,004.46","6,986.00","2,010.00","14,003,155.50",211,-7.0,21.0,-0.35,1.05,-0.07,"2,704.00","1,780.00",,
2023/09/26,33,CIT,55.64,2003.0,2010.0,1975.0,2010.0,"2,010.00",0.0,0.0,"2,001.95","25,992.00","2,003.00","52,034,567.00",530,7.0,35.00,0.35,1.77,0.4,"2,704.00","1,790.00",,
2023/09/27,32,CIT,44.5,2010.0,2016.8,1996.0,1998.0,"1,998.00",0.0,0.0,"2,000.97","28,136.00","2,010.00","56,299,238.90",346,-12.0,20.8,-0.6,1.04,-0.15,"2,704.00","1,790.00",,
2023/10/01,30,CIT,42.71,1997.1,2000.0,1980.0,1984.0,"1,984.00",0.0,0.0,"1,986.92","9,053.00","1,998.00","17,987,544.60",291,-14.0,20.0,-0.7,1.01,-0.15,"2,704.00","1,790.00",,
2023/10/02,34,CIT,44.85,1980.0,1987.0,1975.1,1978.0,"1,978.00",0.0,0.0,"1,979.29","7,732.00","1,984.00","15,303,895.00",245,-6.0,11.9,-0.3,0.6,-0.07,"2,704.00","1,790.00",,
2023/10/03,30,CIT,41.52,1975.0,1983.0,1958.0,1960.0,"1,960.00",0.0,0.0,"1,968.18","11,014.00","1,978.00","21,677,517.30",323,-18.0,25.0,-0.91,1.28,-0.42,"2,704.00","1,790.00",,
2023/10/04,34,CIT,42.74,1988.0,1988.0,1960.0,1964.4,"1,964.40",0.0,0.0,"1,969.11","4,550.00","1,960.00","8,959,453.50",155,4.4,28.0,0.22,1.43,-0.24,"2,704.00","1,790.00",,
2023/10/05,31,CIT,43.47,1965.0,1975.0,1950.0,1954.1,"1,954.10",0.0,0.0,"1,956.41","11,514.00","1,964.40","22,526,152.60",267,-10.3,25.0,-0.52,1.28,-0.12,"2,704.00","1,790.00",,
2023/10/08,33,CIT,38.55,1954.0,1955.0,1900.0,1900.8,"1,900.80",0.0,0.0,"1,915.59","21,299.00","1,954.10","40,800,226.40",574,-53.3,55.0,-2.73,2.89,-0.78,"2,704.00","1,790.00",,
2023/10/09,31,CIT,39.44,1900.0,1925.0,1880.0,1895.0,"1,895.00",0.0,0.0,"1,898.39","11,720.00","1,900.80","22,249,167.30",358,-5.8,45.0,-0.31,2.39,-0.18,"2,704.00","1,790.00",,
2023/10/10,31,CIT,33.35,1916.0,1916.0,1879.3,1885.0,"1,885.00",0.0,0.0,"1,887.06","12,176.00","1,895.00","22,976,812.20",244,-10.0,36.7,-0.53,1.95,-0.11,"2,704.00","1,790.00",,
2023/10/11,33,CIT,36.01,1890.0,1900.0,1885.4,1890.1,"1,890.10",0.0,0.0,"1,892.31","4,674.00","1,885.00","8,844,636.00",161,5.1,14.6,0.27,0.77,-0.12,"2,704.00","1,790.00",,
2023/10/12,34,CIT,42.27,1895.0,1895.0,1872.0,1872.0,"1,872.00",0.0,0.0,"1,876.99","10,882.00","1,890.10","20,425,449.50",330,-18.1,23.00,-0.96,1.23,-0.27,"2,704.00","1,790.00",,
2023/10/16,34,CIT,38.6,1890.0,1890.0,1850.0,1852.3,"1,852.30",0.0,0.0,"1,859.66","11,380.00","1,872.00","21,162,956.70",309,-19.7,40.00,-1.05,2.16,-0.4,"2,704.00","1,790.00",,
2023/08/23,33,CIT,44.75,2060.0,2060.0,2035.0,2055.0,"2,055.00",0.0,0.0,"2,050.40","3,891.00","2,030.00","7,978,103.30",109,25.0,25.0,1.23,1.23,0.22,"2,704.00","1,780.00",,
2023/08/24,32,CIT,45.71,2060.0,2069.0,2045.0,2050.0,"2,050.00",0.0,0.0,"2,057.16","4,226.00","2,055.00","8,693,572.90",154,-5.0,24.0,-0.24,1.17,-0.35,"2,704.00","1,780.00",,
2023/08/27,31,CIT,44.96,2034.0,2045.0,2030.0,2044.0,"2,044.00",0.0,0.0,"2,036.21","4,031.00","2,050.00","8,207,953.50",134,-6.0,15.00,-0.29,0.74,0.38,"2,704.00","1,780.00",,
2023/08/28,32,CIT,47.17,2050.0,2050.0,2037.0,2050.0,"2,050.00",0.0,0.0,"2,044.30","4,503.00","2,044.00","9,205,471.20",130,6.0,13.0,0.29,0.64,0.28,"2,704.00","1,780.00",,
2023/08/29,32,CIT,31.57,2050.0,2050.0,2035.1,2045.0,"2,045.00",0.0,0.0,"2,039.30","4,186.00","2,050.00","8,536,494.90",104,-5.0,14.9,-0.24,0.73,0.28,"2,704.00","1,780.00",,
2023/08/30,33,CIT,45.79,2046.0,2050.0,2031.2,2050.0,"2,050.00",0.0,0.0,"2,043.90","3,919.00","2,045.00","8,010,027.80",106,5.0,18.8,0.24,0.93,0.3,"2,704.00","1,780.00",,
2023/09/03,32,CIT,34.07,2049.0,2049.0,2026.0,2029.9,"2,029.90",0.0,0.0,"2,032.09","6,779.00","2,050.00","13,775,545.70",166,-20.1,23.0,-0.98,1.14,-0.11,"2,704.00","1,780.00",,
2023/09/04,30,CIT,30.94,2039.0,2040.0,2026.0,2027.0,"2,027.00",0.0,0.0,"2,029.35","4,172.00","2,029.90","8,466,435.10",108,-2.9,14.0,-0.14,0.69,-0.12,"2,704.00","1,780.00",,
2023/09/05,31,CIT,28.25,2027.0,2039.0,2020.0,2025.0,"2,025.00",0.0,0.0,"2,023.09","2,831.00","2,027.00","5,727,362.60",94,-2.0,19.0,-0.1,0.94,0.09,"2,704.00","1,780.00",,
2023/09/07,33,CIT,30.87,2019.0,2020.0,2002.0,2003.0,"2,003.00",0.0,0.0,"2,009.01","5,592.00","2,025.00","11,234,403.80",206,-22.0,18.0,-1.09,0.9,-0.3,"2,704.00","1,780.00",,
2023/09/10,32,CIT,30.23,2020.0,2020.0,2002.0,2009.9,"2,009.90",0.0,0.0,"2,008.14","4,606.00","2,003.00","9,249,475.50",117,6.9,18.0,0.34,0.9,0.09,"2,704.00","1,780.00",,
2023/09/11,32,CIT,50.81,2012.0,2036.0,2001.0,2035.0,"2,035.00",0.0,0.0,"2,022.40","4,165.00","2,009.90","8,423,277.50",126,25.1,35.0,1.25,1.75,0.62,"2,704.00","1,780.00",,
2023/09/12,34,CIT,39.7,2035.0,2043.0,2011.1,2011.1,"2,011.10",0.0,0.0,"2,026.60","4,471.00","2,035.00","9,060,910.70",115,-23.9,31.9,-1.17,1.59,-0.77,"2,704.00","1,780.00",,
2023/09/13,31,CIT,51.46,2012.0,2035.0,2010.0,2029.0,"2,029.00",0.0,0.0,"2,026.63","4,625.00","2,011.10","9,373,168.10",133,17.9,25.0,0.89,1.24,0.12,"2,704.00","1,780.00",,
2023/09/17,33,CIT,48.09,2025.0,2063.4,2010.1,2010.1,"2,010.10",0.0,0.0,"2,022.37","6,971.00","2,029.00","14,097,925.80",213,-18.9,53.3,-0.93,2.65,-0.61,"2,704.00","1,780.00",,
2023/09/18,33,CIT,40.3,2010.0,2010.0,1995.3,2000.0,"2,000.00",0.0,0.0,"2,001.10","8,321.00","2,010.10","16,651,124.70",192,-10.1,14.7,-0.5,0.74,-0.05,"2,704.00","1,780.00",,
2023/07/31,30,CIT,49.02,2072.0,2100.0,2070.0,2075.0,"2,075.00",0.0,0.0,"2,078.60","12,620.00","2,071.00","26,231,914.60",312,4.0,30.0,0.19,1.45,-0.17,"3,072.00","1,780.00",,
2023/08/01,30,CIT,35.28,2079.1,2087.0,2045.0,2051.0,"2,051.00",0.0,0.0,"2,065.75","12,516.00","2,075.00","25,854,866.50",311,-24.00,42.00,-1.16,2.05,-0.72,"3,072.00","1,780.00",,
2023/08/02,30,CIT,34.13,2042.0,2060.0,2035.1,2051.0,"2,051.00",0.0,0.0,"2,045.73","6,790.00","2,051.00","13,890,487.30",238,0.0,24.90,0.0,1.22,0.26,"3,035.00","1,780.00",,
2023/08/03,29,CIT,34.13,2068.0,2072.0,2051.0,2053.0,"2,053.00",0.0,0.0,"2,060.97","8,602.00","2,051.00","17,728,467.40",244,2.0,21.0,0.1,1.02,-0.39,"3,035.00","1,780.00",,
2023/08/06,30,CIT,37.51,2056.0,2078.9,2009.0,2032.0,"2,032.00",0.0,0.0,"2,033.65","13,266.00","2,053.00","26,978,396.70",349,-21.0,69.90,-1.02,3.48,-0.08,"2,971.00","1,780.00",,
2023/08/07,30,CIT,43.14,2035.0,2060.0,2030.0,2035.0,"2,035.00",0.0,0.0,"2,047.35","6,356.00","2,032.00","13,012,968.40",188,3.0,30.00,0.15,1.48,-0.61,"2,971.00","1,780.00",,
2023/08/08,30,CIT,38.88,2055.1,2059.2,2011.0,2020.0,"2,020.00",0.0,0.0,"2,033.91","8,018.00","2,035.00","16,307,894.50",221,-15.0,48.20,-0.74,2.4,-0.69,"2,963.00","1,780.00",,
2023/08/09,31,CIT,46.02,2025.0,2035.0,2000.0,2034.0,"2,034.00",0.0,0.0,"2,021.06","12,111.00","2,020.00","24,477,007.40",284,14.0,35.00,0.69,1.75,0.64,"2,963.00","1,780.00",,
2023/08/10,32,CIT,51.63,2035.0,2063.9,2035.0,2055.0,"2,055.00",0.0,0.0,"2,052.71","8,448.00","2,034.00","17,341,269.80",226,21.0,28.9,1.03,1.42,0.11,"2,704.00","1,780.00",,
2023/08/13,29,CIT,53.15,2060.0,2085.0,2060.0,2074.0,"2,074.00",0.0,0.0,"2,075.94","9,423.00","2,055.00","19,561,598.00",239,19.00,25.00,0.92,1.21,-0.09,"2,704.00","1,780.00",,
2023/08/14,32,CIT,50.64,2084.0,2099.0,2077.0,2077.0,"2,077.00",0.0,0.0,"2,085.96","5,485.00","2,074.00","11,441,486.30",198,3.0,22.0,0.14,1.06,-0.43,"2,704.00","1,780.00",,
2023/08/15,32,CIT,45.77,2080.0,2080.0,2044.0,2044.0,"2,044.00",0.0,0.0,"2,053.68","6,862.00","2,077.00","14,092,317.90",225,-33.0,36.00,-1.59,1.76,-0.47,"2,704.00","1,780.00",,
2023/08/16,32,CIT,44.07,2040.0,2050.0,2010.0,2050.0,"2,050.00",0.0,0.0,"2,041.69","5,894.00","2,044.00","12,033,728.40",173,6.0,40.00,0.29,1.99,0.41,"2,704.00","1,780.00",,
2023/08/17,32,CIT,37.6,2055.0,2080.0,2050.0,2054.0,"2,054.00",0.0,0.0,"2,061.30","3,126.00","2,050.00","6,443,634.20",100,4.0,30.00,0.2,1.46,-0.36,"2,704.00","1,780.00",,
2023/08/20,32,CIT,43.78,2055.0,2064.9,2010.0,2042.0,"2,042.00",0.0,0.0,"2,032.39","8,870.00","2,054.00","18,027,327.90",206,-12.0,54.90,-0.58,2.73,0.47,"2,704.00","1,780.00",,
2023/08/21,31,CIT,46.07,2031.0,2055.0,2013.0,2024.0,"2,024.00",0.0,0.0,"2,031.09","10,429.00","2,042.00","21,182,193.40",211,-18.0,42.0,-0.88,2.09,-0.35,"2,704.00","1,780.00",,
2023/07/06,34,CIT,36.96,1896.0,1909.9,1889.0,1905.0,"1,905.00",0.0,0.0,"1,896.63","8,381.00","1,897.00","15,895,617.30",137,8.0,20.9,0.42,1.11,0.44,"2,299.00","1,730.80","1,938.34","1,965.55"
2023/07/09,31,CIT,34.87,2085.0,2108.0,2080.0,2103.0,"2,103.00",0.0,0.0,"2,095.70","17,981.00","2,066.00","37,682,711.50",478,37.0,28.0,1.79,1.35,0.35,"3,072.00","1,780.00",,
2023/07/10,32,CIT,46.94,2110.0,2148.0,2110.0,2132.0,"2,132.00",0.0,0.0,"2,135.21","21,480.00","2,103.00","45,864,245.70",398,29.00,38.00,1.38,1.8,-0.15,"3,072.00","1,780.00",,
2023/07/11,33,CIT,45.62,2132.0,2150.0,2110.0,2120.5,"2,120.50",0.0,0.0,"2,130.76","11,099.00","2,132.00","23,649,271.10",274,-11.5,40.00,-0.54,1.9,-0.48,"3,072.00","1,780.00",,
2023/07/12,33,CIT,49.74,2125.0,2130.0,2100.0,2113.0,"2,113.00",0.0,0.0,"2,117.68","16,470.00","2,120.50","34,878,121.10",354,-7.5,30.0,-0.35,1.43,-0.22,"3,072.00","1,780.00",,
2023/07/13,32,CIT,46.43,2147.0,2147.0,2085.0,2093.0,"2,093.00",0.0,0.0,"2,108.18","15,377.00","2,113.00","32,417,506.50",423,-20.0,62.00,-0.95,2.97,-0.73,"3,072.00","1,780.00",,
2023/07/16,32,CIT,43.37,2096.2,2115.0,2088.0,2089.0,"2,089.00",0.0,0.0,"2,099.14","10,436.00","2,093.00","21,906,582.50",313,-4.00,27.00,-0.19,1.29,-0.49,"3,072.00","1,780.00",,
2023/07/17,30,CIT,48.48,2085.0,2121.9,2080.0,2118.0,"2,118.00",0.0,0.0,"2,110.75","11,591.00","2,089.00","24,465,746.40",290,29.0,41.90,1.39,2.01,0.34,"3,072.00","1,780.00",,
2023/07/18,29,CIT,49.34,2150.0,2150.0,2125.0,2132.0,"2,132.00",0.0,0.0,"2,136.68","13,395.00","2,118.00","28,620,787.70",322,14.00,25.00,0.66,1.18,-0.22,"3,072.00","1,780.00",,
2023/07/19,31,CIT,49.62,2149.0,2149.0,2120.0,2130.0,"2,130.00",0.0,0.0,"2,129.26","7,121.00","2,132.00","15,162,495.00",230,-2.0,29.00,-0.09,1.37,0.03,"3,072.00","1,780.00",,
2023/07/20,31,CIT,52.33,2130.0,2130.0,2115.0,2118.1,"2,118.10",0.0,0.0,"2,120.09","13,474.00","2,130.00","28,566,137.00",350,-11.90,15.00,-0.56,0.71,-0.09,"3,072.00","1,780.00",,
2023/07/23,31,CIT,59.1,2123.0,2174.9,2120.0,2174.9,"2,174.90",0.0,0.0,"2,146.44","27,993.00","2,118.10","60,085,380.40",530,56.8,54.90,2.68,2.59,1.31,"3,072.00","1,780.00",,
2023/07/24,30,CIT,54.51,2185.1,2185.1,2150.0,2165.0,"2,165.00",0.0,0.0,"2,167.69","15,250.00","2,174.90","33,057,217.20",422,-9.9,35.10,-0.46,1.63,-0.12,"3,072.00","1,780.00",,
2023/07/25,31,CIT,48.21,2150.0,2159.0,2135.4,2136.0,"2,136.00",0.0,0.0,"2,141.78","7,232.00","2,165.00","15,489,371.60",230,-29.00,23.60,-1.34,1.11,-0.27,"3,072.00","1,780.00",,
2023/07/26,30,CIT,47.74,2149.9,2149.9,2120.0,2122.0,"2,122.00",0.0,0.0,"2,129.91","8,851.00","2,136.00","18,851,815.70",248,-14.00,29.90,-0.66,1.41,-0.37,"3,072.00","1,780.00",,
2023/07/27,31,CIT,46.4,2135.0,2135.0,2088.0,2091.0,"2,091.00",0.0,0.0,"2,104.70","15,248.00","2,122.00","32,092,464.50",452,-31.0,47.00,-1.46,2.25,-0.66,"3,072.00","1,780.00",,
2023/06/12,32,CIT,53.98,2470.0,2497.0,2416.1,2441.1,"2,441.10",0.0,0.0,"2,451.89","29,174.00","2,458.00","71,531,374.60",606,-16.90,80.90,-0.69,3.35,-0.44,"3,072.00","1,780.00",,
2023/06/13,34,CIT,55.83,2393.0,2477.5,2393.0,2450.0,"2,450.00",0.0,0.0,"2,450.10","22,312.00","2,441.10","54,666,614.60",445,8.90,84.50,0.36,3.53,0.0,"3,072.00","1,780.00",,
2023/06/14,34,CIT,55.55,2421.0,2490.0,2421.0,2455.0,"2,455.00",0.0,0.0,"2,460.33","34,944.00","2,450.00","85,973,922.90",614,5.00,69.00,0.2,2.85,-0.22,"3,072.00","1,780.00",,
2023/06/15,30,CIT,44.4,2438.0,2470.0,2432.0,2445.0,"2,445.00",0.0,0.0,"2,446.87","21,269.00","2,455.00","52,042,500.20",347,-10.0,38.00,-0.41,1.56,-0.08,"3,072.00","1,780.00",,
2023/06/18,32,CIT,54.81,2455.0,2510.0,2451.0,2505.0,"2,505.00",0.0,0.0,"2,495.18","46,589.00","2,445.00","116,247,790.20",620,60.0,59.00,2.45,2.41,0.39,"3,072.00","1,780.00",,
2023/06/19,32,CIT,54.51,2530.0,2682.0,2496.0,2598.0,"2,598.00",0.0,0.0,"2,550.48","47,259.00","2,505.00","120,533,053.00",743,93.00,186.00,3.71,7.45,1.83,"3,072.00","1,780.00",,
2023/06/20,31,CIT,53.49,2620.0,2680.0,2595.0,2610.0,"2,610.00",0.0,0.0,"2,640.27","43,178.00","2,598.00","114,001,717.30",810,12.0,85.0,0.46,3.28,-1.16,"3,072.00","1,780.00",,
2023/06/21,34,CIT,36.96,1896.0,1909.9,1889.0,1905.0,"1,905.00",0.0,0.0,"1,896.63","8,381.00","1,897.00","15,895,617.30",137,8.0,20.9,0.42,1.11,0.44,"2,299.00","1,730.80","1,938.34","1,965.55"
2023/06/22,34,CIT,36.96,1896.0,1909.9,1889.0,1905.0,"1,905.00",0.0,0.0,"1,896.63","8,381.00","1,897.00","15,895,617.30",137,8.0,20.9,0.42,1.11,0.44,"2,299.00","1,730.80","1,938.34","1,965.55"
2023/06/25,31,CIT,54.08,2615.0,2670.0,2570.0,2651.0,"2,651.00",0.0,0.0,"2,622.89","56,663.00","2,565.00","148,620,668.80","1,025",86.00,100.00,3.35,3.89,1.06,"3,072.00","1,780.00",,
2023/06/26,32,CIT,51.37,2700.0,2704.0,2635.0,2669.0,"2,669.00",0.0,0.0,"2,666.30","47,009.00","2,651.00","125,340,154.50",744,18.0,69.0,0.68,2.62,0.1,"3,072.00","1,780.00",,
2023/06/27,32,CIT,50.59,2670.0,2675.0,2646.0,2648.9,"2,648.90",0.0,0.0,"2,657.30","34,747.00","2,669.00","92,333,202.70",711,-20.10,29.00,-0.75,1.1,-0.32,"3,072.00","1,780.00",,
2023/06/28,32,CIT,48.03,2648.9,2674.0,2596.0,2605.0,"2,605.00",0.0,0.0,"2,626.97","49,309.00","2,648.90","129,533,482.20",904,-43.9,78.0,-1.66,3.0,-0.84,"3,072.00","1,780.00",,
2023/07/02,33,CIT,45.79,2657.0,2700.0,2609.0,2613.0,"2,613.00",0.0,0.0,"2,627.17","48,859.00","2,605.00","128,360,770.50","1,092",8.0,91.0,0.31,3.49,-0.54,"3,072.00","1,780.00",,
2023/07/03,30,CIT,47.42,2635.0,2635.0,2600.0,2613.0,"2,613.00",0.0,0.0,"2,616.43","77,711.00","2,613.00","203,325,554.90","1,722",0.0,35.0,0.0,1.35,-0.13,"3,072.00","1,780.00",,
2023/07/04,30,CIT,44.34,2132.0,2220.0,2109.0,2139.0,"2,139.00",0.0,0.0,"2,141.26","56,836.00","2,090.40","121,700,830.20","1,487",48.60,111.0,2.32,5.26,-0.11,"3,072.00","1,780.00",,
2023/05/16,32,CIT,45.15,2097.0,2097.0,2050.0,2082.0,"2,082.00",0.0,0.0,"2,076.97","6,077.00","2,080.00","12,621,736.90",195,2.0,47.0,0.1,2.29,0.24,"3,072.00","1,780.00",,
2023/05/17,31,CIT,47.64,2095.0,2096.0,2086.0,2095.0,"2,095.00",0.0,0.0,"2,092.52","10,089.00","2,082.00","21,111,473.60",244,13.0,10.0,0.62,0.48,0.12,"3,072.00","1,780.00",,
2023/05/18,30,CIT,46.43,2093.0,2134.7,2086.0,2132.0,"2,132.00",0.0,0.0,"2,115.00","16,322.00","2,095.00","34,521,063.20",375,37.0,48.7,1.77,2.33,0.8,"3,072.00","1,780.00",,
2023/05/21,33,CIT,48.21,2140.0,2170.0,2135.0,2147.0,"2,147.00",0.0,0.0,"2,154.01","17,220.00","2,132.00","37,092,007.60",440,15.00,35.00,0.7,1.64,-0.33,"3,072.00","1,780.00",,
2023/05/22,32,CIT,46.46,2165.0,2170.0,2125.0,2146.0,"2,146.00",0.0,0.0,"2,141.68","13,610.00","2,147.00","29,148,224.80",308,-1.00,45.00,-0.05,2.12,0.2,"3,072.00","1,780.00",,
2023/05/23,31,CIT,52.52,2163.0,2213.0,2120.0,2212.0,"2,212.00",0.0,0.0,"2,182.05","20,358.00","2,146.00","44,422,177.70",412,66.00,93.00,3.08,4.39,1.35,"3,072.00","1,780.00",,
2023/05/24,31,CIT,49.45,2212.0,2239.0,2181.0,2224.0,"2,224.00",0.0,0.0,"2,221.72","13,979.00","2,212.00","31,057,491.90",306,12.00,58.00,0.54,2.66,0.1,"3,072.00","1,780.00",,
2023/05/28,31,CIT,50.39,2230.0,2245.0,2200.0,2200.0,"2,200.00",0.0,0.0,"2,231.62","34,097.00","2,224.00","76,091,544.80",495,-24.00,45.00,-1.08,2.05,-1.44,"3,072.00","1,780.00",,
2023/05/30,33,CIT,46.13,2200.0,2200.0,2156.3,2162.0,"2,162.00",0.0,0.0,"2,170.59","25,188.00","2,200.00","54,672,811.30",475,-38.0,43.70,-1.73,2.03,-0.4,"3,072.00","1,780.00",,
2023/05/31,31,CIT,36.28,2150.0,2159.0,2100.0,2111.0,"2,111.00",0.0,0.0,"2,124.90","18,547.00","2,162.00","39,410,543.40",389,-51.00,59.00,-2.36,2.81,-0.66,"3,072.00","1,780.00",,
2023/06/01,32,CIT,36.54,2120.0,2160.0,2095.0,2138.0,"2,138.00",0.0,0.0,"2,128.85","13,628.00","2,111.00","29,011,917.00",298,27.0,65.00,1.28,3.1,0.43,"3,072.00","1,780.00",,
2023/06/04,31,CIT,38.99,2180.7,2199.0,2151.1,2161.0,"2,161.00",0.0,0.0,"2,176.06","13,068.00","2,138.00","28,436,751.80",220,23.00,47.9,1.08,2.23,-0.7,"3,072.00","1,780.00",,
2023/06/05,31,CIT,39.86,2166.0,2189.9,2162.0,2162.1,"2,162.10",0.0,0.0,"2,174.35","10,734.00","2,161.00","23,339,475.40",222,1.1,27.90,0.05,1.29,-0.57,"3,072.00","1,780.00",,
2023/06/06,31,CIT,42.68,2146.1,2184.0,2146.1,2184.0,"2,184.00",0.0,0.0,"2,178.49","5,439.00","2,162.10","11,848,795.70",139,21.9,37.90,1.01,1.77,0.25,"3,072.00","1,780.00",,
2023/06/07,29,CIT,47.35,2199.0,2250.0,2195.0,2230.0,"2,230.00",0.0,0.0,"2,233.95","30,904.00","2,184.00","69,038,096.10",508,46.0,55.0,2.11,2.51,-0.18,"3,072.00","1,780.00",,
2023/06/08,33,CIT,48.96,2274.6,2289.0,2209.2,2269.5,"2,269.50",0.0,0.0,"2,261.59","28,649.00","2,230.00","64,792,168.00",497,39.5,79.8,1.77,3.61,0.35,"3,072.00","1,780.00",,
2023/04/20,29,CIT,27.8,2050.0,2050.0,2010.0,2020.0,"2,020.00",0.0,0.0,"2,021.39","2,882.00","2,035.00","5,825,634.00",85,-15.0,40.00,-0.74,1.99,-0.07,"3,072.00","1,780.00",,
2023/04/23,30,CIT,25.84,2045.0,2045.0,2007.0,2011.0,"2,011.00",0.0,0.0,"2,011.25","2,819.00","2,020.00","5,669,708.70",84,-9.0,38.0,-0.45,1.89,-0.01,"3,072.00","1,780.00",,
2023/04/24,30,CIT,30.66,2007.7,2025.0,2004.1,2006.6,"2,006.60",0.0,0.0,"2,009.86","2,722.00","2,011.00","5,470,844.30",105,-4.4,20.9,-0.22,1.04,-0.16,"3,072.00","1,780.00",,
2023/04/25,27,CIT,44.51,2009.0,2045.0,2008.0,2037.0,"2,037.00",0.0,0.0,"2,025.73","6,261.00","2,006.60","12,683,084.40",109,30.4,37.0,1.52,1.84,0.55,"3,072.00","1,780.00",,
2023/04/26,29,CIT,38.62,2022.0,2054.0,2000.1,2005.0,"2,005.00",0.0,0.0,"2,021.80","5,374.00","2,037.00","10,865,141.10",141,-32.0,53.9,-1.57,2.69,-0.84,"3,072.00","1,780.00",,
2023/04/27,30,CIT,38.24,2001.0,2025.1,2001.0,2015.0,"2,015.00",0.0,0.0,"2,014.98","2,510.00","2,005.00","5,057,587.60",89,10.00,24.1,0.5,1.2,0.0,"3,072.00","1,780.00",,
2023/04/30,32,CIT,38.93,2005.0,2020.0,2000.0,2005.0,"2,005.00",0.0,0.0,"2,007.25","5,892.00","2,015.00","11,826,741.20",132,-10.0,20.0,-0.5,1.0,-0.11,"3,072.00","1,780.00",,
2023/05/02,32,CIT,29.21,2033.0,2033.0,2002.0,2005.1,"2,005.10",0.0,0.0,"2,009.75","5,278.00","2,005.00","10,607,461.00",137,0.1,31.0,0.0,1.55,-0.23,"3,072.00","1,780.00",,
2023/05/03,30,CIT,41.35,2000.2,2023.0,2000.2,2023.0,"2,023.00",0.0,0.0,"2,010.00","3,509.00","2,005.10","7,053,074.40",99,17.9,22.8,0.89,1.14,0.64,"3,072.00","1,780.00",,
2023/05/04,33,CIT,35.74,2005.0,2035.0,2005.0,2028.0,"2,028.00",0.0,0.0,"2,019.01","4,392.00","2,023.00","8,867,494.80",77,5.0,30.0,0.25,1.5,0.44,"3,072.00","1,780.00",,
2023/05/07,31,CIT,41.83,2024.2,2028.0,2010.0,2010.0,"2,010.00",0.0,0.0,"2,017.47","4,557.00","2,028.00","9,193,631.00",115,-18.0,18.0,-0.89,0.9,-0.37,"3,072.00","1,780.00",,
2023/05/08,33,CIT,36.06,2000.1,2014.0,2000.1,2005.0,"2,005.00",0.0,0.0,"2,005.81","3,797.00","2,010.00","7,616,066.70",107,-5.0,13.90,-0.25,0.69,-0.04,"3,072.00","1,780.00",,
2023/05/09,31,CIT,29.0,2005.0,2018.0,2002.0,2016.0,"2,016.00",0.0,0.0,"2,010.55","6,229.00","2,005.00","12,523,719.10",112,11.0,16.0,0.55,0.8,0.27,"3,072.00","1,780.00",,
2023/05/10,30,CIT,24.59,2038.0,2038.0,2007.0,2012.0,"2,012.00",0.0,0.0,"2,012.23","3,689.00","2,016.00","7,423,109.50",64,-4.0,31.0,-0.2,1.54,-0.01,"3,072.00","1,780.00",,
2023/05/11,30,CIT,37.75,2012.0,2023.0,2010.5,2011.0,"2,011.00",0.0,0.0,"2,015.17","2,734.00","2,012.00","5,509,475.00",88,-1.0,12.5,-0.05,0.62,-0.21,"3,072.00","1,780.00",,
2023/05/14,31,CIT,47.56,2051.2,2125.0,2039.0,2090.0,"2,090.00",0.0,0.0,"2,081.58","25,738.00","2,011.00","53,575,781.60",700,79.0,86.0,3.93,4.22,0.4,"3,072.00","1,780.00",,
2023/06/11,33,CIT,60.07,2314.0,2460.0,2294.0,2458.0,"2,458.00",0.0,0.0,"2,386.71","48,068.00","2,269.50","114,724,518.60","1,016",188.50,166.00,8.31,7.24,2.9,"3,072.00","1,780.00",,
2023/07/05,31,CIT,36.32,2181.7,2181.7,2090.0,2095.0,"2,095.00",0.0,0.0,"2,110.15","25,120.00","2,139.00","53,006,854.60",659,-44.0,91.70,-2.06,4.39,-0.72,"3,072.00","1,780.00",,
2023/07/30,30,CIT,49.46,2094.0,2101.0,2068.5,2071.0,"2,071.00",0.0,0.0,"2,080.94","13,633.00","2,091.00","28,369,400.20",436,-20.0,32.50,-0.96,1.57,-0.48,"3,072.00","1,780.00",,
2023/08/22,33,CIT,40.63,2035.0,2040.0,2019.0,2030.0,"2,030.00",0.0,0.0,"2,026.15","4,310.00","2,024.00","8,732,698.50",141,6.0,21.0,0.3,1.04,0.19,"2,704.00","1,780.00",,
2023/09/19,31,CIT,52.89,2036.0,2036.0,1998.0,2020.0,"2,020.00",0.0,0.0,"2,004.44","5,300.00","2,000.00","10,623,546.00",147,20.0,38.0,1.0,1.9,0.77,"2,704.00","1,780.00",,
2023/10/17,33,CIT,37.56,1869.0,1925.0,1864.0,1865.0,"1,865.00",0.0,0.0,"1,871.40","5,290.00","1,852.30","9,899,679.60",196,12.7,61.0,0.69,3.27,-0.34,"2,704.00","1,790.00",,
2023/11/26,33,CIT,57.04,1940.0,1977.0,1935.0,1974.0,"1,974.00",0.0,0.0,"1,962.42","11,361.00","1,933.00","22,295,041.40",278,41.00,42.00,2.12,2.17,0.59,"2,704.00","1,829.60",,
2023/12/19,37,CIT,65.04,2100.0,2170.0,2100.0,2150.0,"2,150.00",0.0,0.0,"2,134.36","39,707.00","2,100.00","84,749,058.40",586,50.0,70.00,2.38,3.33,0.73,"2,704.00","1,829.60",,
2024/01/17,33,CIT,51.91,2265.0,2275.0,2200.0,2215.0,"2,215.00",0.0,0.0,"2,227.92","23,675.00","2,232.00","52,746,064.50",498,-17.0,75.0,-0.76,3.41,-0.58,"2,704.00","1,850.00",,
2024/02/11,34,CIT,53.76,2130.0,2144.0,2120.0,2120.1,"2,120.10",0.0,0.0,"2,127.63","8,490.00","2,110.00","18,063,586.20",210,10.10,24.00,0.48,1.13,-0.36,"2,704.00","1,850.00",,
2024/03/06,37,CIT,51.73,2100.0,2119.5,2080.0,2109.0,"2,109.00",0.0,0.0,"2,102.04","8,136.00","2,099.90","17,102,220.30",213,9.1,39.50,0.43,1.9,0.33,"2,704.00","1,850.00",,
2024/04/02,34,CIT,37.38,2100.0,2110.0,2095.1,2098.4,"2,098.40",0.0,0.0,"2,099.82","4,524.00","2,099.00","9,499,587.40",136,-0.6,14.9,-0.03,0.71,-0.07,"2,704.00","1,850.00",,
2024/05/02,34,CIT,56.29,2120.0,2129.0,2100.4,2105.0,"2,105.00",0.0,0.0,"2,112.47","9,146.00","2,108.00","19,320,673.20",192,-3.0,28.6,-0.14,1.36,-0.35,"2,704.00","1,850.00",,
2024/05/29,32,CIT,45.44,2175.0,2175.0,2136.0,2136.1,"2,136.10",0.0,0.0,"2,154.42","11,791.00","2,160.00","25,402,766.10",216,-23.90,39.00,-1.11,1.83,-0.86,"2,704.00","1,850.00",,
2024/06/24,36,CIT,53.73,2130.0,2130.0,2085.0,2095.0,"2,095.00",0.0,0.0,"2,100.17","24,903.00","2,097.00","52,300,558.70",393,-2.0,45.00,-0.1,2.16,-0.25,"2,704.00","1,850.00",,
2023/03/28,31,CIT,31.58,2040.0,2075.0,2022.0,2057.0,"2,057.00",0.0,0.0,"2,056.75","8,734.00","2,028.00","17,963,625.50",202,29.0,53.0,1.43,2.62,0.01,"3,201.00","1,780.00",,
2023/03/29,30,CIT,41.56,2074.0,2077.9,2035.0,2070.0,"2,070.00",0.0,0.0,"2,068.38","5,995.00","2,057.00","12,399,938.40",134,13.0,42.9,0.63,2.11,0.08,"3,201.00","1,780.00",,
2023/03/30,29,CIT,41.24,2076.2,2085.0,2055.2,2058.3,"2,058.30",0.0,0.0,"2,070.52","4,532.00","2,070.00","9,383,592.70",166,-11.7,29.8,-0.57,1.45,-0.59,"3,201.00","1,780.00",,
2023/04/02,34,CIT,36.96,1896.0,1909.9,1889.0,1905.0,"1,905.00",0.0,0.0,"1,896.63","8,381.00","1,897.00","15,895,617.30",137,8.0,20.9,0.42,1.11,0.44,"2,299.00","1,730.80","1,938.34","1,965.55"
2023/04/03,29,CIT,25.77,2030.0,2030.0,2010.0,2015.0,"2,015.00",0.0,0.0,"2,017.97","5,572.00","2,029.00","11,244,134.20",162,-14.0,20.0,-0.69,1.0,-0.15,"3,164.00","1,780.00",,
2023/04/04,31,CIT,26.88,2015.0,2045.0,2010.0,2012.0,"2,012.00",0.0,0.0,"2,017.05","5,439.00","2,015.00","10,970,715.40",130,-3.0,35.0,-0.15,1.74,-0.25,"3,135.00","1,780.00",,
2023/04/05,29,CIT,24.04,2012.0,2035.0,2004.3,2028.0,"2,028.00",0.0,0.0,"2,019.97","2,729.00","2,012.00","5,512,499.10",85,16.0,30.7,0.8,1.53,0.4,"3,135.00","1,780.00",,
2023/04/06,31,CIT,25.04,2035.0,2042.7,2015.0,2020.0,"2,020.00",0.0,0.0,"2,027.37","5,181.00","2,028.00","10,503,817.50",135,-8.0,27.7,-0.39,1.37,-0.36,"3,080.00","1,780.00",,
2023/04/09,32,CIT,34.3,2011.0,2011.0,1997.0,2007.0,"2,007.00",0.0,0.0,"2,001.89","8,766.00","2,020.00","17,548,575.20",241,-13.0,14.0,-0.64,0.7,0.25,"3,080.00","1,780.00",,
2023/04/10,30,CIT,29.84,2015.0,2025.0,1998.0,2006.0,"2,006.00",0.0,0.0,"2,005.09","5,364.00","2,007.00","10,755,287.10",145,-1.0,27.0,-0.05,1.35,0.05,"3,080.00","1,780.00",,
2023/04/11,29,CIT,27.02,2010.0,2029.0,2010.0,2021.0,"2,021.00",0.0,0.0,"2,018.83","4,842.00","2,006.00","9,775,168.60",146,15.00,19.00,0.75,0.95,0.11,"3,080.00","1,780.00",,
2023/04/12,32,CIT,53.24,2035.0,2091.0,2035.0,2086.1,"2,086.10",0.0,0.0,"2,073.76","9,820.00","2,021.00","20,364,296.40",264,65.10,56.00,3.22,2.75,0.59,"3,072.00","1,780.00",,
2023/04/13,34,CIT,36.96,1896.0,1909.9,1889.0,1905.0,"1,905.00",0.0,0.0,"1,896.63","8,381.00","1,897.00","15,895,617.30",137,8.0,20.9,0.42,1.11,0.44,"2,299.00","1,730.80","1,938.34","1,965.55"
2023/04/16,31,CIT,42.0,2089.9,2089.9,2059.0,2065.0,"2,065.00",0.0,0.0,"2,072.99","3,655.00","2,089.90","7,576,775.50",101,-24.9,30.9,-1.19,1.5,-0.39,"3,072.00","1,780.00",,
2023/04/17,28,CIT,40.15,2060.0,2065.0,2040.0,2042.0,"2,042.00",0.0,0.0,"2,052.01","2,262.00","2,065.00","4,641,646.10",80,-23.0,25.0,-1.11,1.23,-0.49,"3,072.00","1,780.00",,
2023/04/18,31,CIT,31.26,2071.0,2071.0,1988.0,2015.0,"2,015.00",0.0,0.0,"2,007.35","8,984.00","2,042.00","18,034,022.60",224,-27.0,83.0,-1.32,4.18,0.38,"3,072.00","1,780.00",,
2023/02/28,29,CIT,39.92,2058.0,2058.0,2005.0,2033.2,"2,033.20",0.0,0.0,"2,037.48","4,971.00","2,025.00","10,128,295.70",116,8.2,53.0,0.4,2.64,-0.21,"3,297.00","1,780.00",,
2023/03/01,30,CIT,46.08,2048.9,2050.0,2028.3,2041.0,"2,041.00",0.0,0.0,"2,038.64","7,680.00","2,033.20","15,656,785.90",190,7.80,21.70,0.38,1.07,0.12,"3,297.00","1,780.00",,
2023/03/02,30,CIT,32.25,2040.0,2040.0,2010.0,2017.0,"2,017.00",0.0,0.0,"2,017.21","7,833.00","2,041.00","15,800,821.90",195,-24.0,30.0,-1.18,1.49,-0.01,"3,297.00","1,780.00",,
2023/03/05,31,CIT,28.99,2020.0,2036.9,1980.1,1982.0,"1,982.00",0.0,0.0,"1,993.70","9,039.00","2,017.00","18,021,062.00",173,-35.0,56.8,-1.74,2.87,-0.59,"3,297.00","1,780.00",,
2023/03/07,29,CIT,28.43,2001.0,2010.0,1981.1,1998.9,"1,998.90",0.0,0.0,"2,001.56","7,968.00","1,982.00","15,948,428.90",145,16.9,28.9,0.85,1.46,-0.13,"3,297.00","1,780.00",,
2023/03/09,29,CIT,32.42,2002.0,2039.0,2002.0,2035.0,"2,035.00",0.0,0.0,"2,024.21","10,513.00","1,998.90","21,280,542.30",199,36.1,37.0,1.81,1.85,0.53,"3,297.00","1,780.00",,
2023/03/12,29,CIT,32.56,2041.1,2055.0,2006.2,2019.0,"2,019.00",0.0,0.0,"2,027.68","9,107.00","2,035.00","18,466,051.70",213,-16.0,48.8,-0.79,2.43,-0.43,"3,297.00","1,780.00",,
2023/03/13,29,CIT,40.36,2008.0,2039.0,1978.8,2015.0,"2,015.00",0.0,0.0,"2,002.42","6,074.00","2,019.00","12,162,703.90",146,-4.0,60.2,-0.2,3.04,0.62,"3,297.00","1,780.00",,
2023/03/14,30,CIT,41.57,2011.0,2034.0,2000.0,2034.0,"2,034.00",0.0,0.0,"2,019.51","4,046.00","2,015.00","8,170,954.50",99,19.0,34.0,0.94,1.7,0.71,"3,297.00","1,780.00",,
2023/03/15,34,CIT,36.96,1896.0,1909.9,1889.0,1905.0,"1,905.00",0.0,0.0,"1,896.63","8,381.00","1,897.00","15,895,617.30",137,8.0,20.9,0.42,1.11,0.44,"2,299.00","1,730.80","1,938.34","1,965.55"
2023/03/16,29,CIT,42.63,1998.0,2024.0,1996.0,2015.0,"2,015.00",0.0,0.0,"2,009.23","7,686.00","2,011.00","15,442,938.70",150,4.0,28.0,0.2,1.4,0.29,"3,297.00","1,780.00",,
2023/03/19,28,CIT,41.88,2015.0,2035.0,2005.0,2026.0,"2,026.00",0.0,0.0,"2,022.61","4,737.00","2,015.00","9,581,095.10",137,11.0,30.0,0.55,1.5,0.17,"3,297.00","1,780.00",,
2023/03/20,28,CIT,47.37,2026.1,2070.0,2026.1,2065.0,"2,065.00",0.0,0.0,"2,054.37","10,203.00","2,026.00","20,960,758.70",250,39.0,43.9,1.92,2.17,0.51,"3,297.00","1,780.00",,
2023/03/22,30,CIT,45.58,2090.0,2099.0,2065.0,2078.0,"2,078.00",0.0,0.0,"2,082.63","9,805.00","2,065.00","20,420,200.50",276,13.0,34.0,0.63,1.65,-0.22,"3,297.00","1,780.00",,
2023/03/23,30,CIT,43.63,2074.0,2074.0,2036.7,2048.0,"2,048.00",0.0,0.0,"2,053.10","7,904.00","2,078.00","16,227,689.80",180,-30.0,37.3,-1.44,1.83,-0.25,"3,297.00","1,780.00",,
2023/03/26,30,CIT,32.38,2048.0,2049.0,2011.0,2029.0,"2,029.00",0.0,0.0,"2,022.18","8,183.00","2,048.00","16,547,518.30",194,-19.0,38.0,-0.93,1.89,0.34,"3,201.00","1,780.00",,
2023/02/01,29,CIT,35.64,2030.0,2030.0,2000.0,2008.0,"2,008.00",0.0,0.0,"2,009.76","5,703.00","2,018.00","11,461,662.70",175,-10.0,30.0,-0.5,1.5,-0.09,"3,484.00","1,780.00",,
2023/02/02,31,CIT,34.24,2018.0,2045.0,1995.0,2000.0,"2,000.00",0.0,0.0,"2,005.51","8,537.00","2,008.00","17,121,051.90",254,-8.0,50.0,-0.4,2.51,-0.28,"3,484.00","1,780.00",,
2023/02/03,34,CIT,36.96,1896.0,1909.9,1889.0,1905.0,"1,905.00",0.0,0.0,"1,896.63","8,381.00","1,897.00","15,895,617.30",137,8.0,20.9,0.42,1.11,0.44,"2,299.00","1,730.80","1,938.34","1,965.55"
2023/02/05,33,CIT,33.69,2005.0,2010.0,1988.0,1992.0,"1,992.00",0.0,0.0,"1,995.89","8,946.00","2,000.00","17,855,247.10",233,-8.0,22.0,-0.4,1.11,-0.2,"3,430.00","1,780.00",,
2023/02/06,31,CIT,31.22,1982.0,2008.0,1982.0,2004.5,"2,004.50",0.0,0.0,"2,001.27","6,113.00","1,992.00","12,233,769.00",159,12.5,26.0,0.63,1.31,0.16,"3,430.00","1,780.00",,
2023/02/07,30,CIT,51.95,2007.0,2100.0,2007.0,2100.0,"2,100.00",0.0,0.0,"2,069.77","11,711.00","2,004.50","24,239,100.60",330,95.5,93.0,4.76,4.63,1.44,"3,430.00","1,780.00",,
2023/02/08,31,CIT,56.84,2115.0,2157.9,2100.0,2107.9,"2,107.90",0.0,0.0,"2,121.21","13,280.00","2,100.00","28,169,618.70",313,7.9,57.9,0.38,2.76,-0.63,"3,430.00","1,780.00",,
2023/02/09,30,CIT,51.12,2099.0,2140.0,2095.1,2125.0,"2,125.00",0.0,0.0,"2,110.00","7,851.00","2,107.90","16,565,604.30",189,17.1,44.9,0.81,2.14,0.71,"3,375.00","1,780.00",,
2023/02/12,31,CIT,51.82,2167.0,2167.0,2075.0,2077.1,"2,077.10",0.0,0.0,"2,090.51","13,250.00","2,125.00","27,699,196.70",344,-47.9,92.0,-2.25,4.43,-0.65,"3,297.00","1,780.00",,
2023/02/14,31,CIT,37.83,2050.0,2085.0,2050.0,2062.0,"2,062.00",0.0,0.0,"2,063.47","6,212.00","2,077.10","12,818,300.00",176,-15.10,35.0,-0.73,1.71,-0.07,"3,297.00","1,780.00",,
2023/02/15,33,CIT,33.45,2060.0,2080.0,2030.0,2040.0,"2,040.00",0.0,0.0,"2,048.62","6,520.00","2,062.00","13,356,971.30",181,-22.00,50.00,-1.07,2.46,-0.42,"3,297.00","1,780.00",,
2023/02/16,31,CIT,32.56,2035.0,2056.9,2014.0,2015.0,"2,015.00",0.0,0.0,"2,029.90","5,616.00","2,040.00","11,399,924.10",178,-25.00,42.90,-1.23,2.13,-0.74,"3,297.00","1,780.00",,
2023/02/20,30,CIT,34.81,2055.0,2055.0,1985.0,2000.0,"2,000.00",0.0,0.0,"2,001.61","9,208.00","2,015.00","18,430,822.10",264,-15.0,70.0,-0.74,3.53,-0.08,"3,297.00","1,780.00",,
2023/02/22,34,CIT,38.13,2009.0,2035.0,2003.0,2028.0,"2,028.00",0.0,0.0,"2,018.26","8,095.00","2,000.00","16,337,787.00",198,28.0,32.0,1.4,1.6,0.48,"3,297.00","1,780.00",,
2023/02/23,31,CIT,38.16,1992.0,2030.0,1992.0,2010.0,"2,010.00",0.0,0.0,"2,011.01","10,830.00","2,028.00","21,779,272.90",248,-18.0,38.0,-0.89,1.91,-0.05,"3,297.00","1,780.00",,
2023/02/26,31,CIT,47.76,1991.0,2035.0,1956.0,2035.0,"2,035.00",0.0,0.0,"1,995.52","10,228.00","2,010.00","20,410,218.10",266,25.0,79.0,1.24,4.04,1.94,"3,297.00","1,780.00",,
2023/01/03,33,CIT,54.18,1999.0,2010.0,1975.0,2000.0,"2,000.00",0.0,0.0,"1,996.92","12,073.00","1,990.00","24,108,765.60",274,10.0,35.0,0.5,1.77,0.15,"3,646.00","1,780.00",,
2023/01/04,33,CIT,61.03,2040.0,2177.0,2000.0,2150.0,"2,150.00",0.0,0.0,"2,070.63","30,447.00","2,000.00","63,044,376.40",656,150.0,177.0,7.5,8.85,3.69,"3,646.00","1,780.00",,
2023/01/05,32,CIT,62.92,2193.0,2258.9,2181.0,2250.1,"2,250.10",0.0,0.0,"2,226.07","33,164.00","2,150.00","73,825,393.60",695,100.1,77.9,4.66,3.57,1.07,"3,646.00","1,780.00",,
2023/01/08,34,CIT,59.78,2253.0,2269.0,2200.0,2229.0,"2,229.00",0.0,0.0,"2,242.15","23,611.00","2,250.10","52,939,472.39",482,-21.10,69.00,-0.94,3.14,-0.59,"3,646.00","1,780.00",,
2023/01/09,31,CIT,57.73,2235.0,2264.0,2222.0,2225.1,"2,225.10",0.0,0.0,"2,242.29","15,194.00","2,229.00","34,069,323.10",317,-3.9,42.0,-0.17,1.89,-0.77,"3,646.00","1,780.00",,
2023/01/10,30,CIT,50.71,2260.0,2265.0,2145.0,2179.9,"2,179.90",0.0,0.0,"2,232.15","26,441.00","2,225.10","59,020,215.40",585,-45.2,120.0,-2.03,5.59,-2.4,"3,646.00","1,780.00",,
2023/01/12,30,CIT,44.67,2223.4,2250.0,2125.0,2125.0,"2,125.00",0.0,0.0,"2,157.18","19,249.00","2,179.90","41,523,617.60",521,-54.9,125.0,-2.52,5.88,-1.51,"3,646.00","1,780.00",,
2023/01/17,31,CIT,43.45,2160.0,2167.5,2099.0,2142.0,"2,142.00",0.0,0.0,"2,136.60","15,158.00","2,125.00","32,386,609.20",270,17.0,68.5,0.8,3.26,0.25,"3,646.00","1,780.00",,
2023/01/18,31,CIT,41.12,2143.0,2190.0,2142.0,2150.0,"2,150.00",0.0,0.0,"2,169.31","8,059.00","2,142.00","17,482,503.30",207,8.0,48.0,0.37,2.24,-0.9,"3,639.90","1,780.00",,
2023/01/19,31,CIT,40.89,2136.0,2155.0,2125.2,2130.0,"2,130.00",0.0,0.0,"2,137.28","6,322.00","2,150.00","13,511,900.80",174,-20.0,29.8,-0.93,1.4,-0.34,"3,555.00","1,780.00",,
2023/01/23,32,CIT,43.38,2130.0,2155.0,2121.0,2132.0,"2,132.00",0.0,0.0,"2,134.29","12,123.00","2,130.00","25,874,018.50",257,2.0,34.0,0.09,1.6,-0.11,"3,555.00","1,780.00",,
2023/01/24,32,CIT,44.39,2130.0,2140.0,2070.0,2110.0,"2,110.00",0.0,0.0,"2,104.95","17,988.00","2,132.00","37,863,840.40",306,-22.0,70.0,-1.03,3.38,0.24,"3,484.00","1,780.00",,
2023/01/25,30,CIT,39.62,2150.0,2150.0,2110.0,2123.1,"2,123.10",0.0,0.0,"2,129.60","4,322.00","2,110.00","9,204,142.50",130,13.1,40.0,0.62,1.9,-0.31,"3,484.00","1,780.00",,
2023/01/26,29,CIT,42.83,2159.0,2159.0,2130.0,2137.0,"2,137.00",0.0,0.0,"2,140.34","6,909.00","2,123.10","14,787,598.90",141,13.9,29.0,0.65,1.36,-0.16,"3,484.00","1,780.00",,
2023/01/29,32,CIT,39.31,2102.0,2150.0,2095.0,2102.0,"2,102.00",0.0,0.0,"2,126.75","7,485.00","2,137.00","15,918,707.00",176,-35.0,55.0,-1.64,2.63,-1.18,"3,484.00","1,780.00",,
2023/01/30,32,CIT,36.96,2144.0,2144.0,2060.1,2061.0,"2,061.00",0.0,0.0,"2,084.10","9,307.00","2,102.00","19,396,723.90",275,-41.0,83.9,-1.95,4.07,-1.12,"3,484.00","1,780.00",,
2022/12/07,29,CIT,38.4,1883.0,1890.0,1867.0,1878.1,"1,878.10",0.0,0.0,"1,877.53","6,946.00","1,882.00","13,041,306.50",156,-3.9,23.0,-0.21,1.23,0.03,"3,646.00","1,780.00",,
2022/12/11,31,CIT,31.37,1883.0,1883.0,1850.0,1855.0,"1,855.00",0.0,0.0,"1,859.90","6,558.00","1,878.10","12,197,199.10",185,-23.1,33.0,-1.23,1.78,-0.26,"3,646.00","1,780.00",,
2022/12/12,31,CIT,31.46,1850.0,1884.9,1840.0,1855.0,"1,855.00",0.0,0.0,"1,850.18","6,698.00","1,855.00","12,392,532.40",150,0.0,44.9,0.0,2.44,0.26,"3,646.00","1,780.00",,
2022/12/13,31,CIT,29.31,1872.0,1877.0,1850.0,1859.0,"1,859.00",0.0,0.0,"1,855.92","4,376.00","1,855.00","8,121,517.10",117,4.0,27.0,0.22,1.46,0.17,"3,646.00","1,780.00",,
2022/12/14,31,CIT,26.86,1870.0,1870.0,1845.0,1855.0,"1,855.00",0.0,0.0,"1,854.42","4,660.00","1,859.00","8,641,584.20",128,-4.0,25.0,-0.22,1.36,0.03,"3,646.00","1,780.00",,
2022/12/15,30,CIT,26.14,1845.1,1860.0,1830.0,1844.9,"1,844.90",0.0,0.0,"1,841.51","4,154.00","1,855.00","7,649,625.20",124,-10.1,30.0,-0.54,1.64,0.18,"3,646.00","1,780.00",,
2022/12/18,31,CIT,27.14,1845.0,1850.0,1832.0,1838.0,"1,838.00",0.0,0.0,"1,840.26","5,270.00","1,844.90","9,698,148.00",146,-6.9,18.0,-0.37,0.98,-0.12,"3,646.00","1,780.00",,
2022/12/19,31,CIT,30.1,1837.0,1845.0,1836.0,1845.0,"1,845.00",0.0,0.0,"1,840.43","5,370.00","1,838.00","9,883,092.20",129,7.0,9.0,0.38,0.49,0.25,"3,646.00","1,780.00",,
2022/12/20,31,CIT,35.9,1840.0,1854.9,1840.0,1847.0,"1,847.00",0.0,0.0,"1,848.50","3,384.00","1,845.00","6,255,313.00",101,2.0,14.9,0.11,0.81,-0.08,"3,646.00","1,780.00",,
2022/12/21,33,CIT,37.11,1845.0,1850.0,1835.0,1836.0,"1,836.00",0.0,0.0,"1,840.99","5,046.00","1,847.00","9,289,647.40",128,-11.0,15.0,-0.6,0.82,-0.27,"3,646.00","1,780.00",,
2022/12/22,30,CIT,36.48,1830.0,1840.0,1829.6,1835.0,"1,835.00",0.0,0.0,"1,832.09","3,481.00","1,836.00","6,377,510.40",120,-1.0,10.4,-0.05,0.57,0.16,"3,646.00","1,780.00",,
2022/12/26,28,CIT,48.47,1865.0,1889.0,1850.0,1889.0,"1,889.00",0.0,0.0,"1,872.17","11,367.00","1,835.00","21,280,969.80",209,54.0,39.0,2.94,2.11,0.89,"3,646.00","1,780.00",,
2022/12/27,31,CIT,55.07,1890.0,2000.0,1890.0,1965.0,"1,965.00",0.0,0.0,"1,942.58","28,623.00","1,889.00","55,602,520.60",535,76.0,110.00,4.02,5.82,1.14,"3,646.00","1,780.00",,
2022/12/28,34,CIT,36.96,1896.0,1909.9,1889.0,1905.0,"1,905.00",0.0,0.0,"1,896.63","8,381.00","1,897.00","15,895,617.30",137,8.0,20.9,0.42,1.11,0.44,"2,299.00","1,730.80","1,938.34","1,965.55"
2022/12/29,32,CIT,52.33,1942.1,1990.0,1930.0,1972.0,"1,972.00",0.0,0.0,"1,964.49","11,115.00","1,959.00","21,835,331.90",242,13.0,60.0,0.66,3.11,0.38,"3,646.00","1,780.00",,
2023/01/01,34,CIT,54.06,2000.0,2011.0,1961.2,1980.0,"1,980.00",0.0,0.0,"1,989.44","17,645.00","1,972.00","35,103,597.30",336,8.0,49.80,0.41,2.54,-0.48,"3,646.00","1,780.00",,
2022/11/13,25,CIT,29.46,1837.5,1860.0,1830.0,1833.0,"1,833.00",0.0,0.0,"1,839.83","5,363.00","1,849.10","9,867,006.60",145,-16.1,30.0,-0.87,1.64,-0.37,"3,646.00","1,780.00",,
2022/11/14,26,CIT,31.19,1833.0,1869.0,1830.0,1856.5,"1,856.50",0.0,0.0,"1,857.48","4,750.00","1,833.00","8,823,040.30",110,23.5,39.0,1.28,2.13,-0.05,"3,646.00","1,780.00",,
2022/11/15,25,CIT,33.24,1875.0,1879.0,1855.0,1860.0,"1,860.00",0.0,0.0,"1,864.89","4,338.00","1,856.50","8,089,911.80",102,3.5,24.0,0.19,1.29,-0.26,"3,646.00","1,780.00",,
2022/11/16,25,CIT,48.7,1897.2,1897.2,1857.0,1867.0,"1,867.00",0.0,0.0,"1,872.16","8,150.00","1,860.00","15,258,125.10",153,7.0,40.2,0.38,2.16,-0.28,"3,646.00","1,780.00",,
2022/11/17,26,CIT,48.87,1904.0,1904.0,1878.3,1885.0,"1,885.00",0.0,0.0,"1,886.74","9,007.00","1,867.00","16,993,840.40",200,18.0,25.70,0.96,1.37,-0.09,"3,646.00","1,780.00",,
2022/11/19,34,CIT,36.96,1896.0,1909.9,1889.0,1905.0,"1,905.00",0.0,0.0,"1,896.63","8,381.00","1,897.00","15,895,617.30",137,8.0,20.9,0.42,1.11,0.44,"2,299.00","1,730.80","1,938.34","1,965.55"
2022/11/22,25,CIT,48.68,1900.0,1919.0,1884.0,1886.1,"1,886.10",0.0,0.0,"1,899.08","7,100.00","1,885.00","13,483,448.50",158,1.10,35.0,0.06,1.86,-0.69,"3,646.00","1,780.00",,
2022/11/23,26,CIT,38.72,1889.0,1889.0,1868.1,1877.0,"1,877.00",0.0,0.0,"1,873.47","3,087.00","1,886.10","5,783,416.50",104,-9.1,20.9,-0.48,1.12,0.19,"3,646.00","1,780.00",,
2022/11/24,27,CIT,33.99,1870.0,1875.0,1866.0,1870.0,"1,870.00",0.0,0.0,"1,869.95","3,562.00","1,877.00","6,660,757.20",118,-7.0,9.0,-0.37,0.48,0.0,"3,646.00","1,780.00",,
2022/11/27,25,CIT,43.06,1880.0,1897.0,1870.0,1890.1,"1,890.10",0.0,0.0,"1,886.04","10,139.00","1,870.00","19,122,585.00",213,20.1,27.0,1.07,1.44,0.21,"3,646.00","1,780.00",,
2022/11/28,27,CIT,44.89,1900.0,1920.0,1887.0,1892.0,"1,892.00",0.0,0.0,"1,897.77","12,017.00","1,890.10","22,805,489.10",247,1.9,33.0,0.1,1.75,-0.3,"3,646.00","1,780.00",,
2022/11/29,27,CIT,40.07,1895.0,1897.9,1880.0,1888.0,"1,888.00",0.0,0.0,"1,886.97","4,598.00","1,892.00","8,676,292.60",98,-4.0,17.9,-0.21,0.95,0.05,"3,646.00","1,780.00",,
2022/11/30,27,CIT,36.52,1885.0,1890.0,1865.1,1880.0,"1,880.00",0.0,0.0,"1,877.99","2,492.00","1,888.00","4,679,961.00",90,-8.0,24.9,-0.42,1.34,0.11,"3,646.00","1,780.00",,
2022/12/01,30,CIT,33.95,1880.0,1900.0,1868.3,1889.0,"1,889.00",0.0,0.0,"1,888.89","6,607.00","1,880.00","12,479,873.30",173,9.0,31.7,0.48,1.7,0.01,"3,646.00","1,780.00",,
2022/12/04,29,CIT,51.17,1910.0,1935.0,1891.0,1923.0,"1,923.00",0.0,0.0,"1,916.00","14,162.00","1,889.00","27,134,441.00",274,34.0,44.0,1.8,2.33,0.36,"3,646.00","1,780.00",,
2022/12/05,29,CIT,50.02,1934.0,1934.0,1899.0,1900.0,"1,900.00",0.0,0.0,"1,910.21","11,069.00","1,923.00","21,144,107.20",175,-23.0,35.0,-1.2,1.84,-0.54,"3,646.00","1,780.00",,
2022/10/11,27,CIT,44.14,1905.0,1908.0,1858.0,1874.0,"1,874.00",0.0,0.0,"1,870.85","4,932.00","1,895.30","9,227,025.50",121,-21.3,50.0,-1.12,2.69,0.17,"3,646.00","1,780.00",,
2022/10/12,25,CIT,43.03,1900.0,1900.0,1857.0,1875.0,"1,875.00",0.0,0.0,"1,867.40","4,101.00","1,874.00","7,658,191.00",108,1.0,43.0,0.05,2.32,0.41,"3,646.00","1,780.00",,
2022/10/13,25,CIT,30.27,1875.0,1890.0,1850.0,1872.0,"1,872.00",0.0,0.0,"1,862.75","4,398.00","1,875.00","8,192,375.00",128,-3.0,40.0,-0.16,2.16,0.49,"3,646.00","1,780.00",,
2022/10/16,25,CIT,31.01,1855.0,1855.0,1830.0,1831.0,"1,831.00",0.0,0.0,"1,840.42","9,282.00","1,872.00","17,082,806.20",290,-41.00,25.0,-2.19,1.37,-0.51,"3,646.00","1,780.00",,
2022/10/17,25,CIT,28.02,1832.0,1834.0,1812.0,1812.0,"1,812.00",0.0,0.0,"1,824.79","5,287.00","1,831.00","9,647,677.80",166,-19.0,22.0,-1.04,1.21,-0.71,"3,646.00","1,780.00",,
2022/10/19,24,CIT,25.39,1810.0,1825.0,1801.1,1808.0,"1,808.00",0.0,0.0,"1,807.79","4,253.00","1,812.00","7,688,520.00",172,-4.0,23.9,-0.22,1.33,0.01,"3,646.00","1,780.00",,
2022/10/20,25,CIT,31.06,1800.1,1821.0,1790.0,1812.9,"1,812.90",0.0,0.0,"1,805.63","5,737.00","1,808.00","10,358,888.60",195,4.9,31.0,0.27,1.73,0.4,"3,646.00","1,780.00",,
2022/10/23,25,CIT,38.82,1839.0,1839.0,1810.0,1830.0,"1,830.00",0.0,0.0,"1,823.58","4,308.00","1,812.90","7,855,970.10",137,17.1,29.0,0.94,1.6,0.35,"3,646.00","1,780.00",,
2022/10/31,26,CIT,40.65,1816.5,1835.0,1816.5,1835.0,"1,835.00",0.0,0.0,"1,830.32","2,076.00","1,830.00","3,799,735.00",94,5.0,18.5,0.27,1.02,0.26,"3,646.00","1,780.00",,
2022/11/01,26,CIT,47.41,1862.0,1889.8,1826.0,1877.9,"1,877.90",0.0,0.0,"1,864.65","6,135.00","1,835.00","11,439,658.00",198,42.9,63.8,2.34,3.49,0.71,"3,646.00","1,780.00",,
2022/11/02,26,CIT,51.95,1880.0,1896.0,1845.0,1875.0,"1,875.00",0.0,0.0,"1,878.25","10,963.00","1,877.90","20,591,266.40",270,-2.9,51.0,-0.15,2.76,-0.17,"3,646.00","1,780.00",,
2022/11/03,25,CIT,46.14,1880.0,1887.0,1850.0,1876.9,"1,876.90",0.0,0.0,"1,870.08","5,554.00","1,875.00","10,386,434.20",104,1.90,37.00,0.1,2.0,0.36,"3,646.00","1,780.00",,
2022/11/06,25,CIT,49.17,1888.9,1920.0,1866.1,1914.0,"1,914.00",0.0,0.0,"1,897.50","7,797.00","1,876.90","14,794,790.30",273,37.1,53.9,1.98,2.89,0.86,"3,646.00","1,780.00",,
2022/11/07,26,CIT,47.59,1904.0,1940.0,1900.0,1923.0,"1,923.00",0.0,0.0,"1,924.74","12,128.00","1,914.00","23,343,191.70",288,9.0,40.0,0.47,2.11,-0.09,"3,646.00","1,780.00",,
2022/11/08,26,CIT,45.87,1923.0,1940.0,1919.0,1925.0,"1,925.00",0.0,0.0,"1,928.26","8,578.00","1,923.00","16,540,593.90",199,2.0,21.0,0.1,1.09,-0.17,"3,646.00","1,780.00",,
2022/11/09,25,CIT,40.03,1945.0,1948.0,1879.0,1880.0,"1,880.00",0.0,0.0,"1,901.45","8,018.00","1,925.00","15,245,851.50",214,-45.0,69.0,-2.34,3.67,-1.14,"3,646.00","1,780.00",,
2022/09/08,23,CIT,35.01,1917.0,1929.9,1886.0,1914.9,"1,914.90",0.0,0.0,"1,901.27","7,933.00","1,916.00","15,082,767.70",248,-1.1,43.9,-0.06,2.33,0.71,"3,775.00","1,886.00",,
2022/09/11,26,CIT,29.9,1900.0,1935.0,1897.1,1898.0,"1,898.00",0.0,0.0,"1,913.20","4,040.00","1,914.90","7,729,336.60",159,-16.9,37.9,-0.88,2.0,-0.8,"3,775.00","1,886.00",,
2022/09/12,24,CIT,33.7,1902.0,1907.0,1886.0,1890.0,"1,890.00",0.0,0.0,"1,893.52","6,254.00","1,898.00","11,842,071.50",145,-8.0,21.0,-0.42,1.11,-0.19,"3,775.00","1,886.00",,
2022/09/13,26,CIT,40.32,1905.0,1930.0,1891.0,1922.0,"1,922.00",0.0,0.0,"1,920.27","6,995.00","1,890.00","13,432,285.10",171,32.0,39.0,1.69,2.06,0.09,"3,775.00","1,886.00",,
2022/09/14,24,CIT,42.63,1940.0,1950.0,1929.0,1941.0,"1,941.00",0.0,0.0,"1,939.75","5,642.00","1,922.00","10,944,066.30",173,19.0,21.0,0.99,1.09,0.06,"3,721.90","1,886.00",,
2022/09/15,24,CIT,41.93,1965.0,1965.0,1900.0,1902.5,"1,902.50",0.0,0.0,"1,924.00","7,463.00","1,941.00","14,358,814.70",190,-38.5,65.0,-1.98,3.42,-1.13,"3,721.90","1,886.00",,
2022/09/16,23,CIT,39.78,1870.0,1900.0,1865.0,1886.0,"1,886.00",0.0,0.0,"1,879.99","5,821.00","1,902.50","10,943,431.00",131,-16.5,35.0,-0.87,1.88,0.32,"3,646.00","1,865.00",,
2022/09/18,26,CIT,31.79,1870.0,1890.0,1870.0,1873.0,"1,873.00",0.0,0.0,"1,877.68","4,471.00","1,886.00","8,395,119.80",149,-13.0,20.0,-0.69,1.07,-0.25,"3,646.00","1,865.00",,
2022/09/20,26,CIT,32.21,1865.0,1865.0,1800.0,1804.0,"1,804.00",0.0,0.0,"1,818.37","8,530.00","1,873.00","15,510,656.90",304,-69.0,65.0,-3.68,3.61,-0.8,"3,646.00","1,800.00",,
2022/09/21,24,CIT,31.99,1839.0,1840.0,1806.0,1808.0,"1,808.00",0.0,0.0,"1,815.72","3,618.00","1,804.00","6,569,286.30",129,4.0,34.0,0.22,1.88,-0.43,"3,646.00","1,800.00",,
2022/09/22,25,CIT,31.01,1825.0,1832.0,1805.0,1808.0,"1,808.00",0.0,0.0,"1,816.53","3,937.00","1,808.00","7,151,669.90",113,0.0,27.00,0.0,1.5,-0.47,"3,646.00","1,800.00",,
2022/09/25,28,CIT,28.59,1801.0,1812.0,1780.0,1792.1,"1,792.10",0.0,0.0,"1,796.09","4,773.00","1,808.00","8,572,743.40",157,-15.9,32.0,-0.88,1.8,-0.22,"3,646.00","1,780.00",,
2022/09/27,25,CIT,37.15,1810.0,1810.0,1790.0,1806.0,"1,806.00",0.0,0.0,"1,802.74","4,740.00","1,792.10","8,544,965.00",97,13.9,20.0,0.78,1.12,0.18,"3,646.00","1,780.00",,
2022/09/28,25,CIT,38.57,1806.0,1832.0,1806.0,1830.0,"1,830.00",0.0,0.0,"1,828.39","3,237.00","1,806.00","5,918,484.50",89,24.0,26.0,1.33,1.44,0.09,"3,646.00","1,780.00",,
2022/09/29,25,CIT,42.39,1831.0,1848.0,1830.0,1848.0,"1,848.00",0.0,0.0,"1,839.31","5,428.00","1,830.00","9,983,750.50",150,18.0,18.0,0.98,0.98,0.47,"3,646.00","1,780.00",,
2022/10/09,34,CIT,36.96,1896.0,1909.9,1889.0,1905.0,"1,905.00",0.0,0.0,"1,896.63","8,381.00","1,897.00","15,895,617.30",137,8.0,20.9,0.42,1.11,0.44,"2,299.00","1,730.80","1,938.34","1,965.55"
2022/08/18,24,CIT,39.11,2105.0,2126.9,2105.0,2114.0,"2,114.00",0.0,0.0,"2,117.30","8,167.00","2,110.00","17,292,029.10",224,4.0,21.9,0.19,1.04,-0.16,"4,090.00","2,097.00",,
2022/08/21,34,CIT,36.96,1896.0,1909.9,1889.0,1905.0,"1,905.00",0.0,0.0,"1,896.63","8,381.00","1,897.00","15,895,617.30",137,8.0,20.9,0.42,1.11,0.44,"2,299.00","1,730.80","1,938.34","1,965.55"
2022/08/22,24,CIT,39.32,2113.0,2118.0,2099.0,2108.0,"2,108.00",0.0,0.0,"2,108.73","6,279.00","2,110.00","13,240,709.60",171,-2.0,19.0,-0.09,0.91,-0.03,"4,050.00","2,097.00",,
2022/08/23,24,CIT,36.32,2140.0,2140.0,2105.0,2110.0,"2,110.00",0.0,0.0,"2,111.05","4,532.00","2,108.00","9,567,270.00",137,2.0,35.0,0.09,1.66,-0.05,"4,050.00","2,097.00",,
2022/08/24,24,CIT,39.22,2120.0,2125.0,2102.5,2117.0,"2,117.00",0.0,0.0,"2,113.42","6,866.00","2,110.00","14,510,759.80",153,7.0,22.5,0.33,1.07,0.17,"4,050.00","2,097.00",,
2022/08/25,24,CIT,39.22,2107.0,2116.0,2101.0,2104.0,"2,104.00",0.0,0.0,"2,107.63","6,123.00","2,117.00","12,905,028.20",182,-13.0,15.0,-0.61,0.71,-0.17,"3,975.00","2,097.00",,
2022/08/26,23,CIT,37.25,2100.0,2100.0,2088.0,2088.0,"2,088.00",0.0,0.0,"2,093.77","5,064.00","2,104.00","10,602,866.80",174,-16.0,12.0,-0.76,0.57,-0.28,"3,960.40","2,088.00",,
2022/08/28,25,CIT,37.98,2068.0,2100.0,2029.7,2037.0,"2,037.00",0.0,0.0,"2,053.37","8,560.00","2,088.00","17,576,851.00",289,-51.0,70.3,-2.44,3.46,-0.8,"3,960.40","2,029.70",,
2022/08/29,23,CIT,33.57,2011.0,2033.0,2007.0,2008.0,"2,008.00",0.0,0.0,"2,013.73","5,359.00","2,037.00","10,791,577.30",196,-29.0,26.0,-1.42,1.3,-0.29,"3,960.40","2,007.00",,
2022/08/30,24,CIT,32.76,2029.0,2049.0,2010.0,2012.0,"2,012.00",0.0,0.0,"2,017.94","3,974.00","2,008.00","8,019,290.60",131,4.0,39.0,0.2,1.94,-0.3,"3,860.00","2,007.00",,
2022/08/31,24,CIT,34.36,2021.0,2021.0,1996.1,1999.5,"1,999.50",0.0,0.0,"2,002.85","5,342.00","2,012.00","10,699,200.80",211,-12.5,24.9,-0.62,1.25,-0.17,"3,860.00","1,996.10",,
2022/09/01,24,CIT,36.85,1999.0,2029.0,1990.0,1996.0,"1,996.00",0.0,0.0,"1,997.76","7,628.00","1,999.50","15,238,883.30",211,-3.5,39.0,-0.18,1.96,-0.09,"3,860.00","1,990.00",,
2022/09/02,24,CIT,34.27,2001.1,2001.1,1985.0,1987.0,"1,987.00",0.0,0.0,"1,989.65","5,096.00","1,996.00","10,139,232.80",125,-9.0,16.1,-0.45,0.81,-0.13,"3,840.00","1,985.00",,
2022/09/04,25,CIT,34.32,2015.0,2015.0,1976.0,1983.0,"1,983.00",0.0,0.0,"1,988.04","4,604.00","1,987.00","9,152,942.40",183,-4.0,39.0,-0.2,1.97,-0.25,"3,840.00","1,976.00",,
2022/09/05,23,CIT,33.91,1990.0,1995.0,1975.0,1977.0,"1,977.00",0.0,0.0,"1,980.98","4,156.00","1,983.00","8,232,959.00",152,-6.0,20.0,-0.3,1.01,-0.2,"3,840.00","1,975.00",,
2022/09/06,23,CIT,34.74,1977.0,1980.0,1945.0,1947.0,"1,947.00",0.0,0.0,"1,959.80","6,999.00","1,977.00","13,716,673.70",262,-30.0,35.0,-1.52,1.8,-0.66,"3,840.00","1,945.00",,
2022/07/28,25,CIT,56.46,2700.0,2900.0,2673.0,2827.0,"2,827.00",0.0,0.0,"2,775.93","47,460.00","2,660.00","131,745,661.70","1,059",167.0,227.00,6.28,8.49,1.81,"4,560.00","2,137.00",,
2022/07/29,25,CIT,54.09,2883.5,2941.0,2850.0,2888.5,"2,888.50",0.0,0.0,"2,892.82","26,951.00","2,827.00","77,964,420.30",636,61.5,91.00,2.18,3.19,-0.15,"4,560.00","2,137.00",,
2022/07/31,26,CIT,53.94,2940.0,3033.0,2930.0,3012.0,"3,012.00",0.0,0.0,"3,002.52","28,482.00","2,888.50","85,517,858.20",820,123.5,103.0,4.28,3.52,0.31,"4,560.00","2,137.00",,
2022/08/01,26,CIT,58.52,3072.0,3072.0,2975.0,2994.5,"2,994.50",0.0,0.0,"3,012.11","28,623.00","3,012.00","86,215,618.10",725,-17.5,97.0,-0.58,3.26,-0.59,"4,560.00","2,137.00",,
2022/08/02,24,CIT,47.26,2994.0,3009.0,2960.0,2985.0,"2,985.00",0.0,0.0,"2,986.93","16,535.00","2,994.50","49,388,930.60",460,-9.5,49.0,-0.32,1.66,-0.06,"4,560.00","2,137.00",,
2022/08/03,25,CIT,44.39,3030.0,3035.0,2980.0,2992.0,"2,992.00",0.0,0.0,"2,996.96","10,676.00","2,985.00","31,995,513.00",293,7.0,55.0,0.23,1.85,-0.17,"4,560.00","2,137.00",,
2022/08/04,25,CIT,39.29,2990.0,2990.0,2950.1,2952.0,"2,952.00",0.0,0.0,"2,969.35","11,112.00","2,992.00","32,995,450.10",363,-40.0,39.9,-1.34,1.35,-0.59,"4,400.00","2,137.00",,
2022/08/05,24,CIT,35.97,2960.0,2960.0,2902.0,2914.0,"2,914.00",0.0,0.0,"2,919.37","11,404.00","2,952.00","33,292,466.70",286,-38.0,58.0,-1.29,2.0,-0.18,"4,324.00","2,137.00",,
2022/08/07,24,CIT,35.46,2855.8,2971.0,2855.8,2925.0,"2,925.00",0.0,0.0,"2,943.59","14,008.00","2,914.00","41,233,818.00",358,11.0,115.2,0.38,4.03,-0.64,"4,324.00","2,137.00",,
2022/08/08,24,CIT,39.67,2936.0,2960.0,2866.5,2905.0,"2,905.00",0.0,0.0,"2,919.00","28,136.00","2,925.00","82,128,969.30",569,-20.00,93.50,-0.68,3.26,-0.48,"4,324.00","2,137.00",,
2022/08/09,24,CIT,39.77,2963.0,2963.0,2875.0,2879.0,"2,879.00",0.0,0.0,"2,893.37","52,222.00","2,905.00","151,097,766.90","1,383",-26.0,88.0,-0.9,3.06,-0.5,"4,324.00","2,137.00",,
2022/08/10,24,CIT,38.56,2258.9,2346.0,2230.0,2254.0,"2,254.00",0.0,0.0,"2,264.44","47,199.00","2,214.62","106,879,467.80","1,442",39.38,116.00,1.78,5.2,-0.46,"4,284.00","2,137.00",,
2022/08/11,26,CIT,31.64,2299.0,2299.0,2190.0,2192.0,"2,192.00",0.0,0.0,"2,220.48","17,167.00","2,254.00","38,119,010.30",587,-62.00,109.00,-2.75,4.98,-1.3,"4,270.00","2,137.00",,
2022/08/14,25,CIT,28.27,2195.0,2200.0,2097.0,2107.0,"2,107.00",0.0,0.0,"2,131.41","14,781.00","2,192.00","31,504,309.00",531,-85.0,103.0,-3.88,4.91,-1.16,"4,155.00","2,097.00",,
2022/08/15,24,CIT,32.19,2108.0,2129.3,2105.0,2120.1,"2,120.10",0.0,0.0,"2,120.62","10,091.00","2,107.00","21,399,189.40",315,13.1,24.3,0.62,1.15,-0.02,"4,155.00","2,097.00",,
2022/08/16,25,CIT,32.92,2131.1,2150.0,2112.0,2115.0,"2,115.00",0.0,0.0,"2,135.75","9,113.00","2,120.10","19,463,045.20",304,-5.10,38.00,-0.24,1.8,-0.98,"4,155.00","2,097.00",,
2022/07/08,26,CIT,31.49,2586.0,2586.0,2499.0,2525.0,"2,525.00",0.0,0.0,"2,528.38","12,646.00","2,586.10","31,973,843.00",289,-61.1,87.0,-2.36,3.48,-0.13,"4,560.00","2,137.00",,
2022/07/11,27,CIT,31.04,2500.0,2500.0,2413.0,2429.0,"2,429.00",0.0,0.0,"2,434.81","15,550.00","2,525.00","37,861,284.40",485,-96.0,87.0,-3.8,3.61,-0.24,"4,560.00","2,137.00",,
2022/07/12,26,CIT,27.96,2445.0,2460.0,2410.0,2447.0,"2,447.00",0.0,0.0,"2,431.95","11,427.00","2,429.00","27,789,891.60",305,18.0,50.0,0.74,2.07,0.62,"4,560.00","2,137.00",,
2022/07/13,26,CIT,30.93,2450.0,2525.0,2450.0,2509.0,"2,509.00",0.0,0.0,"2,498.27","13,618.00","2,447.00","34,021,440.30",324,62.0,75.0,2.53,3.06,0.43,"4,560.00","2,137.00",,
2022/07/14,25,CIT,37.04,2549.0,2558.9,2490.0,2532.0,"2,532.00",0.0,0.0,"2,514.87","13,548.00","2,509.00","34,071,521.40",244,23.0,68.90,0.92,2.77,0.68,"4,560.00","2,137.00",,
2022/07/15,26,CIT,39.49,2559.9,2570.0,2510.0,2515.0,"2,515.00",0.0,0.0,"2,530.93","7,428.00","2,532.00","18,799,762.40",162,-17.0,60.0,-0.67,2.39,-0.63,"4,560.00","2,137.00",,
2022/07/17,23,CIT,34.86,2511.0,2565.0,2511.0,2547.0,"2,547.00",0.0,0.0,"2,545.68","6,711.00","2,515.00","17,084,046.50",171,32.0,54.0,1.27,2.15,0.05,"4,560.00","2,137.00",,
2022/07/18,25,CIT,35.78,2560.0,2613.9,2531.2,2610.0,"2,610.00",0.0,0.0,"2,593.15","12,577.00","2,547.00","32,614,040.60",277,63.00,82.7,2.47,3.27,0.65,"4,560.00","2,137.00",,
2022/07/19,25,CIT,34.03,2624.0,2649.0,2606.0,2612.0,"2,612.00",0.0,0.0,"2,626.44","10,336.00","2,610.00","27,146,871.20",279,2.0,43.0,0.08,1.65,-0.55,"4,560.00","2,137.00",,
2022/07/20,25,CIT,44.06,2600.0,2650.0,2587.1,2638.0,"2,638.00",0.0,0.0,"2,630.37","10,546.00","2,612.00","27,739,925.50",249,26.0,62.9,1.0,2.43,0.29,"4,560.00","2,137.00",,
2022/07/21,25,CIT,44.86,2621.0,2644.0,2607.0,2624.0,"2,624.00",0.0,0.0,"2,624.44","6,291.00","2,638.00","16,510,323.20",188,-14.0,37.0,-0.53,1.42,-0.02,"4,560.00","2,137.00",,
2022/07/22,25,CIT,28.78,2590.0,2623.5,2560.0,2575.0,"2,575.00",0.0,0.0,"2,586.97","6,267.00","2,624.00","16,212,561.80",223,-49.0,63.5,-1.87,2.48,-0.46,"4,560.00","2,137.00",,
2022/07/23,34,CIT,36.96,1896.0,1909.9,1889.0,1905.0,"1,905.00",0.0,0.0,"1,896.63","8,381.00","1,897.00","15,895,617.30",137,8.0,20.9,0.42,1.11,0.44,"2,299.00","1,730.80","1,938.34","1,965.55"
2022/07/24,25,CIT,41.49,2626.5,2650.0,2580.0,2645.0,"2,645.00",0.0,0.0,"2,622.35","14,360.00","2,575.00","37,656,986.60",337,70.0,70.0,2.72,2.71,0.86,"4,560.00","2,137.00",,
2022/07/25,25,CIT,47.18,2650.0,2700.0,2650.0,2684.5,"2,684.50",0.0,0.0,"2,680.77","11,463.00","2,645.00","30,729,610.10",346,39.5,50.0,1.49,1.89,0.14,"4,560.00","2,137.00",,
2022/07/26,26,CIT,42.94,2635.0,2710.0,2635.0,2648.0,"2,648.00",0.0,0.0,"2,671.51","14,469.00","2,684.50","38,654,021.50",355,-36.5,75.0,-1.36,2.85,-0.89,"4,560.00","2,137.00",,
2022/06/19,27,CIT,32.98,2337.9,2338.0,2275.0,2285.0,"2,285.00",0.0,0.0,"2,288.73","6,921.00","2,296.00","15,840,310.20",187,-11.0,63.00,-0.48,2.77,-0.16,"4,560.00","2,275.00",,
2022/06/20,26,CIT,36.55,2280.0,2282.0,2239.0,2263.0,"2,263.00",0.0,0.0,"2,260.12","9,277.00","2,285.00","20,967,087.50",262,-22.0,43.00,-0.96,1.92,0.13,"4,560.00","2,239.00",,
2022/06/21,27,CIT,39.55,2270.0,2325.0,2270.0,2321.0,"2,321.00",0.0,0.0,"2,298.44","8,150.00","2,263.00","18,732,262.60",241,58.0,55.00,2.56,2.42,0.97,"4,560.00","2,239.00",,
2022/06/22,27,CIT,33.38,2301.0,2310.0,2270.0,2288.0,"2,288.00",0.0,0.0,"2,282.11","3,754.00","2,321.00","8,567,048.40",109,-33.0,40.0,-1.42,1.76,0.26,"4,560.00","2,239.00",,
2022/06/23,26,CIT,37.08,2250.0,2250.0,2199.0,2225.0,"2,225.00",0.0,0.0,"2,218.71","12,989.00","2,288.00","28,818,789.60",389,-63.0,51.0,-2.75,2.32,0.28,"4,560.00","2,199.00",,
2022/06/24,28,CIT,38.8,2250.0,2295.0,2137.0,2207.0,"2,207.00",0.0,0.0,"2,209.71","13,929.00","2,225.00","30,778,989.10",305,-18.0,158.0,-0.81,7.39,-0.12,"4,560.00","2,137.00",,
2022/06/26,27,CIT,39.83,2251.1,2427.7,2251.1,2427.7,"2,427.70",0.0,0.0,"2,426.71","4,762.00","2,207.00","11,556,007.80",76,220.7,176.6,10.0,7.85,0.04,"4,560.00","2,137.00",,
2022/06/27,26,CIT,49.54,2476.0,2670.0,2476.0,2542.0,"2,542.00",0.0,0.0,"2,595.10","60,340.00","2,427.70","156,588,274.80","1,647",114.3,194.0,4.71,7.84,-2.09,"4,560.00","2,137.00",,
2022/06/28,26,CIT,49.43,2542.0,2542.0,2480.0,2497.9,"2,497.90",0.0,0.0,"2,504.68","21,342.00","2,542.00","53,454,837.10",616,-44.1,62.0,-1.73,2.5,-0.27,"4,560.00","2,137.00",,
2022/06/29,26,CIT,44.4,2547.8,2547.8,2463.0,2535.0,"2,535.00",0.0,0.0,"2,511.22","13,475.00","2,497.90","33,838,699.20",369,37.1,84.8,1.49,3.44,0.94,"4,560.00","2,137.00",,
2022/06/30,27,CIT,46.18,2575.0,2590.0,2525.0,2589.0,"2,589.00",0.0,0.0,"2,563.63","18,470.00","2,535.00","47,350,323.10",457,54.00,65.00,2.13,2.57,0.98,"4,560.00","2,137.00",,
2022/07/01,27,CIT,37.68,2581.0,2590.0,2550.0,2575.0,"2,575.00",0.0,0.0,"2,573.04","8,267.00","2,589.00","21,271,310.20",226,-14.0,40.0,-0.54,1.57,0.08,"4,560.00","2,137.00",,
2022/07/03,28,CIT,48.64,2550.0,2674.8,2540.0,2664.0,"2,664.00",0.0,0.0,"2,612.43","17,994.00","2,575.00","47,008,073.20",390,89.0,134.8,3.46,5.31,1.94,"4,560.00","2,137.00",,
2022/07/04,28,CIT,51.14,2700.0,2728.0,2630.0,2670.0,"2,670.00",0.0,0.0,"2,695.21","28,202.00","2,664.00","76,010,376.10",689,6.0,98.00,0.23,3.73,-0.94,"4,560.00","2,137.00",,
2022/07/05,28,CIT,36.77,2650.0,2692.0,2595.0,2611.0,"2,611.00",0.0,0.0,"2,624.76","17,802.00","2,670.00","46,725,916.20",452,-59.0,97.0,-2.21,3.74,-0.53,"4,560.00","2,137.00",,
2022/07/06,27,CIT,36.07,2610.0,2616.0,2552.0,2595.0,"2,595.00",0.0,0.0,"2,584.78","11,493.00","2,611.00","29,706,850.50",301,-16.0,64.0,-0.61,2.51,0.39,"4,560.00","2,137.00",,
2022/05/27,25,CIT,39.66,2650.0,2689.0,2625.0,2635.0,"2,635.00",0.0,0.0,"2,638.94","5,683.00","2,649.00","14,997,096.70",167,-14.0,64.0,-0.53,2.44,-0.15,"4,560.00","2,608.00",,
2022/05/30,27,CIT,38.64,2635.0,2636.0,2575.0,2583.0,"2,583.00",0.0,0.0,"2,594.39","10,399.00","2,635.00","26,979,017.90",276,-52.0,61.0,-1.97,2.37,-0.44,"4,560.00","2,575.00",,
2022/05/31,27,CIT,38.41,2585.0,2630.0,2525.0,2564.0,"2,564.00",0.0,0.0,"2,552.91","11,840.00","2,583.00","30,226,448.70",303,-19.0,105.0,-0.74,4.16,0.43,"4,560.00","2,525.00",,
2022/06/01,27,CIT,34.98,2595.0,2615.0,2525.0,2545.0,"2,545.00",0.0,0.0,"2,559.53","7,788.00","2,564.00","19,933,597.80",206,-19.0,90.0,-0.74,3.56,-0.57,"4,560.00","2,525.00",,
2022/06/02,26,CIT,33.45,2540.0,2575.0,2519.2,2526.0,"2,526.00",0.0,0.0,"2,532.88","8,285.00","2,545.00","20,984,948.50",181,-19.0,55.8,-0.75,2.21,-0.27,"4,560.00","2,519.20",,
2022/06/03,26,CIT,37.1,2501.0,2530.0,2443.0,2460.0,"2,460.00",0.0,0.0,"2,470.36","16,273.00","2,526.00","40,200,232.20",435,-66.0,87.0,-2.61,3.56,-0.42,"4,560.00","2,443.00",,
2022/06/06,26,CIT,30.46,2461.0,2500.0,2437.0,2439.9,"2,439.90",0.0,0.0,"2,460.89","6,698.00","2,460.00","16,483,020.50",175,-20.1,63.0,-0.82,2.59,-0.86,"4,560.00","2,437.00",,
2022/06/07,27,CIT,31.18,2440.0,2450.0,2380.0,2388.0,"2,388.00",0.0,0.0,"2,400.86","8,949.00","2,439.90","21,485,311.70",300,-51.9,70.0,-2.13,2.94,-0.54,"4,560.00","2,380.00",,
2022/06/08,28,CIT,40.03,2428.9,2450.0,2387.0,2430.0,"2,430.00",0.0,0.0,"2,414.79","12,869.00","2,388.00","31,075,906.10",297,42.0,63.00,1.76,2.64,0.63,"4,560.00","2,380.00",,
2022/06/09,26,CIT,41.07,2470.0,2490.0,2417.0,2439.0,"2,439.00",0.0,0.0,"2,453.29","8,501.00","2,430.00","20,855,399.60",237,9.0,73.0,0.37,3.02,-0.59,"4,560.00","2,380.00",,
2022/06/10,27,CIT,39.28,2440.0,2440.0,2390.0,2405.0,"2,405.00",0.0,0.0,"2,398.65","9,364.00","2,439.00","22,460,917.80",242,-34.0,50.0,-1.39,2.09,0.26,"4,560.00","2,380.00",,
2022/06/12,34,CIT,36.96,1896.0,1909.9,1889.0,1905.0,"1,905.00",0.0,0.0,"1,896.63","8,381.00","1,897.00","15,895,617.30",137,8.0,20.9,0.42,1.11,0.44,"2,299.00","1,730.80","1,938.34","1,965.55"
2022/06/13,29,CIT,39.85,2425.0,2425.0,2350.0,2365.0,"2,365.00",0.0,0.0,"2,379.77","8,670.00","2,405.00","20,632,578.00",297,-40.0,75.0,-1.66,3.19,-0.62,"4,560.00","2,350.00",,
2022/06/14,28,CIT,35.36,2400.0,2400.0,2335.0,2359.9,"2,359.90",0.0,0.0,"2,363.15","9,738.00","2,365.00","23,012,343.30",207,-5.1,65.0,-0.22,2.78,-0.14,"4,560.00","2,335.00",,
2022/06/15,27,CIT,38.18,2340.0,2340.0,2286.0,2304.0,"2,304.00",0.0,0.0,"2,309.76","15,922.00","2,359.90","36,775,919.90",383,-55.9,54.00,-2.37,2.36,-0.25,"4,560.00","2,286.00",,
2022/06/16,26,CIT,35.36,2290.0,2339.0,2285.0,2318.9,"2,318.90",0.0,0.0,"2,316.20","5,927.00","2,304.00","13,728,089.00",133,14.9,54.0,0.65,2.36,0.12,"4,560.00","2,285.00",,
2022/05/02,25,CIT,35.6,2830.0,2830.0,2791.0,2791.0,"2,791.00",0.0,0.0,"2,806.83","5,926.00","2,854.00","16,633,290.00",187,-63.0,39.0,-2.21,1.4,-0.57,"4,560.00","2,625.00",,
2022/05/04,26,CIT,34.66,2800.0,2814.0,2760.0,2766.1,"2,766.10",0.0,0.0,"2,781.29","5,376.00","2,791.00","14,952,234.20",120,-24.9,54.0,-0.89,1.96,-0.55,"4,560.00","2,625.00",,
2022/05/05,25,CIT,33.8,2735.0,2779.0,2690.0,2700.0,"2,700.00",0.0,0.0,"2,721.25","8,298.00","2,766.10","22,580,958.70",250,-66.1,89.0,-2.39,3.31,-0.79,"4,560.00","2,625.00",,
2022/05/06,34,CIT,36.96,1896.0,1909.9,1889.0,1905.0,"1,905.00",0.0,0.0,"1,896.63","8,381.00","1,897.00","15,895,617.30",137,8.0,20.9,0.42,1.11,0.44,"2,299.00","1,730.80","1,938.34","1,965.55"
2022/05/08,26,CIT,40.7,2700.0,2738.0,2670.0,2738.0,"2,738.00",0.0,0.0,"1,346.11","55,983.00","2,700.00","75,359,455.00",188,38.0,68.0,1.41,2.55,50.84,"4,560.00","1,185.00",,
2022/05/09,26,CIT,37.3,2780.0,2795.0,2740.0,2760.0,"2,760.00",0.0,0.0,"2,773.27","3,867.00","2,738.00","10,724,244.70",141,22.0,55.0,0.8,2.01,-0.48,"4,560.00","2,625.00",,
2022/05/10,27,CIT,41.81,2768.0,2800.0,2765.0,2788.1,"2,788.10",0.0,0.0,"2,783.97","4,126.00","2,760.00","11,486,680.80",119,28.1,35.0,1.02,1.27,0.15,"4,560.00","2,625.00",,
2022/05/11,25,CIT,45.54,2800.0,2843.0,2787.0,2829.0,"2,829.00",0.0,0.0,"2,819.72","3,673.00","2,788.10","10,356,827.30",114,40.9,56.0,1.47,2.01,0.33,"4,560.00","2,625.00",,
2022/05/12,26,CIT,45.79,2880.0,2880.0,2803.0,2810.0,"2,810.00",0.0,0.0,"2,827.99","6,149.00","2,829.00","17,389,316.00",186,-19.0,77.0,-0.67,2.75,-0.64,"4,560.00","2,625.00",,
2022/05/17,26,CIT,41.58,2765.0,2835.0,2753.8,2760.0,"2,760.00",0.0,0.0,"2,778.33","4,557.00","2,810.00","12,660,857.80",112,-50.00,81.2,-1.78,2.95,-0.66,"4,560.00","2,625.00",,
2022/05/18,26,CIT,39.31,2753.0,2780.0,2721.0,2770.0,"2,770.00",0.0,0.0,"2,742.06","4,580.00","2,760.00","12,558,625.50",124,10.0,59.0,0.36,2.17,1.01,"4,560.00","2,625.00",,
2022/05/19,25,CIT,29.99,2760.0,2773.0,2706.0,2720.0,"2,720.00",0.0,0.0,"2,731.60","5,984.00","2,770.00","16,345,874.50",171,-50.0,67.0,-1.81,2.48,-0.43,"4,560.00","2,625.00",,
2022/05/20,25,CIT,33.14,2720.0,2730.0,2680.0,2685.0,"2,685.00",0.0,0.0,"2,694.84","9,699.00","2,720.00","26,137,246.30",242,-35.0,50.0,-1.29,1.87,-0.37,"4,560.00","2,625.00",,
2022/05/23,26,CIT,35.6,2700.0,2700.0,2609.0,2630.0,"2,630.00",0.0,0.0,"2,629.72","13,852.00","2,685.00","36,426,946.90",366,-55.0,91.0,-2.05,3.49,0.01,"4,560.00","2,609.00",,
2022/05/24,26,CIT,32.49,2680.0,2680.0,2608.0,2630.0,"2,630.00",0.0,0.0,"2,631.58","8,420.00","2,630.00","22,157,939.80",234,0.0,72.00,0.0,2.76,-0.06,"4,560.00","2,608.00",,
2022/05/25,26,CIT,35.02,2630.0,2670.0,2630.0,2636.0,"2,636.00",0.0,0.0,"2,645.49","7,126.00","2,630.00","18,851,746.00",170,6.0,40.0,0.23,1.52,-0.36,"4,560.00","2,608.00",,
2022/04/04,25,CIT,31.43,3090.0,3096.0,3052.0,3074.1,"3,074.10",0.0,0.0,"3,076.69","5,137.00","3,102.00","15,804,943.00",153,-27.9,44.0,-0.9,1.44,-0.08,"4,560.00","2,625.00",,
2022/04/05,25,CIT,34.55,3135.0,3135.0,2975.0,3047.0,"3,047.00",0.0,0.0,"3,012.59","14,527.00","3,074.10","43,763,847.10",360,-27.1,160.00,-0.88,5.38,1.13,"4,560.00","2,625.00",,
2022/04/06,26,CIT,34.77,2996.0,3040.0,2985.0,2985.0,"2,985.00",0.0,0.0,"2,998.14","13,651.00","3,047.00","40,927,560.20",252,-62.0,55.0,-2.03,1.84,-0.44,"4,560.00","2,625.00",,
2022/04/07,25,CIT,31.42,3030.0,3050.0,2970.0,3009.0,"3,009.00",0.0,0.0,"2,995.58","5,530.00","2,985.00","16,565,574.20",194,24.0,80.0,0.8,2.69,0.45,"4,560.00","2,625.00",,
2022/04/11,27,CIT,34.16,3068.9,3080.0,2926.0,2932.0,"2,932.00",0.0,0.0,"2,969.96","15,031.00","3,009.00","44,641,537.50",372,-77.0,154.0,-2.56,5.26,-1.29,"4,560.00","2,625.00",,
2022/04/12,25,CIT,31.2,2932.0,2932.0,2879.0,2885.0,"2,885.00",0.0,0.0,"2,892.40","7,062.00","2,932.00","20,426,164.00",206,-47.0,53.0,-1.6,1.84,-0.26,"4,560.00","2,625.00",,
2022/04/13,25,CIT,34.85,2939.0,2940.0,2847.5,2892.0,"2,892.00",0.0,0.0,"2,892.16","6,290.00","2,885.00","18,191,663.70",178,7.00,92.5,0.24,3.25,-0.01,"4,560.00","2,625.00",,
2022/04/17,27,CIT,33.5,2949.7,2949.8,2850.0,2868.0,"2,868.00",0.0,0.0,"2,880.15","6,860.00","2,892.00","19,757,795.00",193,-24.00,99.8,-0.83,3.5,-0.42,"4,560.00","2,625.00",,
2022/04/18,26,CIT,36.68,2860.0,2888.0,2831.1,2874.0,"2,874.00",0.0,0.0,"2,865.20","7,009.00","2,868.00","20,082,173.80",220,6.0,56.90,0.21,2.01,0.31,"4,560.00","2,625.00",,
2022/04/19,26,CIT,39.0,2856.0,2924.0,2850.0,2874.0,"2,874.00",0.0,0.0,"2,887.57","5,607.00","2,874.00","16,190,591.90",163,0.0,74.0,0.0,2.6,-0.47,"4,560.00","2,625.00",,
2022/04/20,26,CIT,35.21,2920.0,2920.0,2840.0,2859.0,"2,859.00",0.0,0.0,"2,862.32","3,223.00","2,874.00","9,225,268.30",103,-15.0,80.0,-0.52,2.82,-0.12,"4,560.00","2,625.00",,
2022/04/21,26,CIT,39.34,2860.0,2875.0,2830.0,2866.0,"2,866.00",0.0,0.0,"2,845.75","4,786.00","2,859.00","13,619,776.20",130,7.0,45.00,0.24,1.59,0.71,"4,560.00","2,625.00",,
2022/04/24,25,CIT,46.15,2920.0,2950.0,2880.0,2948.9,"2,948.90",0.0,0.0,"2,915.00","7,404.00","2,866.00","21,582,658.30",195,82.90,70.00,2.89,2.43,1.15,"4,560.00","2,625.00",,
2022/04/25,26,CIT,42.44,2995.0,2995.0,2895.0,2908.0,"2,908.00",0.0,0.0,"2,932.09","5,216.00","2,948.90","15,293,785.40",156,-40.9,100.0,-1.39,3.45,-0.83,"4,560.00","2,625.00",,
2022/04/26,25,CIT,39.45,2900.0,2913.0,2875.0,2875.0,"2,875.00",0.0,0.0,"2,893.93","2,934.00","2,908.00","8,490,786.10",105,-33.0,38.0,-1.13,1.32,-0.66,"4,560.00","2,625.00",,
2022/04/27,25,CIT,38.97,2855.0,2866.9,2819.0,2865.0,"2,865.00",0.0,0.0,"2,846.71","4,726.00","2,875.00","13,453,528.50",145,-10.0,47.9,-0.35,1.7,0.64,"4,560.00","2,625.00",,
2022/03/09,26,CIT,38.6,2969.0,3000.0,2930.0,2948.9,"2,948.90",0.0,0.0,"2,950.62","5,443.00","2,969.00","16,060,226.80",159,-20.1,70.0,-0.68,2.39,-0.06,"4,560.00","2,625.00",,
2022/03/10,25,CIT,47.33,2948.0,3030.0,2915.0,3028.0,"3,028.00",0.0,0.0,"2,990.11","8,022.00","2,948.90","23,986,649.20",207,79.1,115.0,2.68,3.95,1.25,"4,560.00","2,625.00",,
2022/03/13,25,CIT,54.73,3087.0,3180.0,3055.0,3160.0,"3,160.00",0.0,0.0,"3,130.28","15,683.00","3,028.00","49,092,119.60",347,132.00,125.00,4.36,4.09,0.94,"4,560.00","2,625.00",,
2022/03/14,25,CIT,51.41,3182.0,3190.0,3105.0,3160.0,"3,160.00",0.0,0.0,"3,163.11","4,306.00","3,160.00","13,620,360.00",84,0.0,85.0,0.0,2.74,-0.1,"4,560.00","2,625.00",,
2022/03/15,26,CIT,53.71,3196.0,3196.0,3125.0,3157.0,"3,157.00",0.0,0.0,"3,148.94","10,816.00","3,160.00","34,058,972.00",183,-3.0,71.0,-0.09,2.27,0.26,"4,560.00","2,625.00",,
2022/03/16,25,CIT,56.6,3157.0,3190.0,3111.0,3168.0,"3,168.00",0.0,0.0,"3,144.03","20,903.00","3,157.00","65,719,703.70",241,11.0,79.0,0.35,2.54,0.76,"4,560.00","2,625.00",,
2022/03/20,24,CIT,53.83,3220.0,3225.0,3172.0,3190.0,"3,190.00",0.0,0.0,"3,192.76","6,053.00","3,168.00","19,325,801.80",172,22.0,53.0,0.69,1.67,-0.09,"4,560.00","2,625.00",,
2022/03/21,26,CIT,57.57,3195.0,3240.0,3180.0,3220.0,"3,220.00",0.0,0.0,"3,219.67","8,568.00","3,190.00","27,586,099.20",212,30.00,60.0,0.94,1.89,0.01,"4,560.00","2,625.00",,
2022/03/22,26,CIT,56.22,3250.0,3290.0,3226.1,3269.0,"3,269.00",0.0,0.0,"3,254.96","8,342.00","3,220.00","27,152,851.10",221,49.0,63.9,1.52,1.98,0.43,"4,560.00","2,625.00",,
2022/03/23,25,CIT,55.65,3269.0,3297.0,3230.0,3235.0,"3,235.00",0.0,0.0,"3,258.32","8,526.00","3,269.00","27,780,430.60",197,-34.0,67.0,-1.04,2.07,-0.72,"4,560.00","2,625.00",,
2022/03/24,26,CIT,35.88,3200.0,3248.9,3170.0,3170.0,"3,170.00",0.0,0.0,"3,206.56","7,828.00","3,235.00","25,100,963.00",215,-65.0,78.9,-2.01,2.49,-1.15,"4,560.00","2,625.00",,
2022/03/27,34,CIT,36.96,1896.0,1909.9,1889.0,1905.0,"1,905.00",0.0,0.0,"1,896.63","8,381.00","1,897.00","15,895,617.30",137,8.0,20.9,0.42,1.11,0.44,"2,299.00","1,730.80","1,938.34","1,965.55"
2022/03/28,26,CIT,37.19,3150.0,3170.0,3100.0,3120.0,"3,120.00",0.0,0.0,"3,119.99","9,477.00","3,146.00","29,568,178.10",179,-26.0,70.0,-0.83,2.26,0.0,"4,560.00","2,625.00",,
2022/03/29,25,CIT,33.87,3140.0,3147.0,3100.0,3104.0,"3,104.00",0.0,0.0,"3,108.01","5,041.00","3,120.00","15,667,492.40",148,-16.0,47.0,-0.51,1.52,-0.13,"4,560.00","2,625.00",,
2022/03/30,25,CIT,34.53,3105.0,3140.0,3086.1,3140.0,"3,140.00",0.0,0.0,"3,113.55","5,905.00","3,104.00","18,385,506.00",129,36.0,53.9,1.16,1.75,0.84,"4,560.00","2,625.00",,
2022/03/31,25,CIT,47.54,3179.9,3201.0,3126.0,3165.0,"3,165.00",0.0,0.0,"3,151.06","22,710.00","3,140.00","71,560,633.60",182,25.0,75.0,0.8,2.4,0.44,"4,560.00","2,625.00",,
2022/04/28,25,CIT,33.11,2865.0,2900.0,2840.0,2854.0,"2,854.00",0.0,0.0,"2,855.93","5,611.00","2,865.00","16,024,635.50",118,-11.0,60.0,-0.38,2.11,-0.07,"4,560.00","2,625.00",,
2022/05/26,26,CIT,35.87,2637.1,2674.0,2637.0,2649.0,"2,649.00",0.0,0.0,"2,647.37","2,969.00","2,636.00","7,860,047.60",84,13.0,37.0,0.49,1.4,0.06,"4,560.00","2,608.00",,
2022/06/17,25,CIT,33.31,2349.0,2358.0,2295.0,2296.0,"2,296.00",0.0,0.0,"2,308.23","4,699.00","2,318.90","10,846,375.80",106,-22.9,63.0,-0.99,2.75,-0.53,"4,560.00","2,285.00",,
2022/07/07,27,CIT,30.7,2645.0,2690.0,2586.0,2586.1,"2,586.10",0.0,0.0,"2,607.85","7,744.00","2,595.00","20,195,171.30",214,-8.9,104.0,-0.34,4.02,-0.84,"4,560.00","2,137.00",,
2022/07/27,26,CIT,49.9,2664.0,2675.0,2607.0,2660.0,"2,660.00",0.0,0.0,"2,640.01","6,568.00","2,648.00","17,339,617.50",219,12.0,68.0,0.45,2.61,0.75,"4,560.00","2,137.00",,
2022/08/17,25,CIT,31.5,2120.0,2128.0,2100.0,2110.0,"2,110.00",0.0,0.0,"2,114.87","4,083.00","2,115.00","8,635,032.10",151,-5.0,28.0,-0.24,1.33,-0.23,"4,150.00","2,097.00",,
2022/09/07,25,CIT,29.55,1950.0,1950.0,1912.0,1916.0,"1,916.00",0.0,0.0,"1,922.97","4,671.00","1,947.00","8,982,197.40",191,-31.0,38.0,-1.59,1.99,-0.36,"3,840.00","1,912.00",,
2022/10/10,27,CIT,43.78,1931.0,1931.0,1895.3,1895.3,"1,895.30",0.0,0.0,"1,904.12","4,125.00","1,897.00","7,854,480.00",152,-1.7,35.7,-0.09,1.88,-0.47,"3,646.00","1,780.00",,
2022/11/10,26,CIT,31.74,1905.0,1905.0,1848.1,1849.1,"1,849.10",0.0,0.0,"1,859.37","5,495.00","1,880.00","10,217,251.40",157,-30.9,56.9,-1.64,3.08,-0.56,"3,646.00","1,780.00",,
2022/12/06,29,CIT,45.0,1928.0,1928.0,1871.0,1882.0,"1,882.00",0.0,0.0,"1,882.93","4,654.00","1,900.00","8,763,157.20",134,-18.0,57.0,-0.95,3.05,-0.05,"3,646.00","1,780.00",,
2023/01/02,32,CIT,45.42,1975.0,2008.0,1960.0,1990.0,"1,990.00",0.0,0.0,"1,994.14","11,812.00","1,980.00","23,554,816.60",234,10.0,48.0,0.51,2.45,-0.21,"3,646.00","1,780.00",,
2023/01/31,29,CIT,38.13,2070.0,2079.0,2000.1,2018.0,"2,018.00",0.0,0.0,"2,026.14","14,801.00","2,061.00","29,988,838.90",413,-43.0,78.9,-2.09,3.94,-0.4,"3,484.00","1,780.00",,
2023/02/27,30,CIT,45.4,2010.0,2050.2,1999.0,2025.0,"2,025.00",0.0,0.0,"2,018.83","8,216.00","2,035.00","16,586,699.60",212,-10.0,51.20,-0.49,2.56,0.3,"3,297.00","1,780.00",,
2023/03/27,30,CIT,40.31,2000.0,2035.5,2000.0,2028.0,"2,028.00",0.0,0.0,"2,015.39","10,015.00","2,029.00","20,184,136.90",205,-1.0,35.5,-0.05,1.78,0.62,"3,201.00","1,780.00",,
2023/04/19,30,CIT,31.81,2022.1,2040.0,2022.1,2035.0,"2,035.00",0.0,0.0,"2,029.32","2,318.00","2,015.00","4,703,960.70",61,20.0,17.9,0.99,0.89,0.28,"3,072.00","1,780.00",,
2018/09/02,20,CIT,-,2410.0,2410.0,2400.0,2401.0,"2,401.00",0.0,0.0,"2,403.42",310.00,"2,400.00","745,060.00",11,1.0,10.0,0.04,0.42,-0.1,"3,820.00","2,298.00",,
2019/10/05,34,CIT,36.96,1896.0,1909.9,1889.0,1905.0,"1,905.00",0.0,0.0,"1,896.63","8,381.00","1,897.00","15,895,617.30",137,8.0,20.9,0.42,1.11,0.44,"2,299.00","1,730.80","1,938.34","1,965.55"
2021/02/14,22,CIT,54.93,4700.0,4700.0,4460.0,4500.0,"4,500.00",0.0,0.0,"4,523.36","21,550.00","4,678.00","97,478,342.00",675,-178.0,240.0,-3.81,5.38,-0.52,"5,749.00","1,750.00",,
2022/04/03,25,CIT,31.56,3122.0,3164.0,3088.0,3102.0,"3,102.00",0.0,0.0,"3,114.96","5,966.00","3,165.00","18,583,848.60",137,-63.0,76.0,-1.99,2.46,-0.42,"4,560.00","2,625.00",,
2023/05/15,33,CIT,46.49,2090.0,2100.0,2050.2,2080.0,"2,080.00",0.0,0.0,"2,079.47","11,714.00","2,090.00","24,358,898.90",303,-10.0,49.8,-0.48,2.43,0.03,"3,072.00","1,780.00",,
2024/07/17,34,CIT,36.96,1896.0,1909.9,1889.0,1905.0,"1,905.00",0.0,0.0,"1,896.63","8,381.00","1,897.00","15,895,617.30",137,8.0,20.9,0.42,1.11,0.44,"2,299.00","1,730.80","1,938.34","1,965.55"
2022/02/09,26,CIT,45.06,3306.1,3375.0,3278.0,3333.0,"3,333.00",0.0,0.0,"3,298.98","10,655.00","3,335.00","35,150,651.90",269,-2.0,97.0,-0.06,2.96,1.02,"5,029.00","2,625.00",,
2022/02/10,25,CIT,39.61,3280.0,3370.0,3280.0,3319.9,"3,319.90",0.0,0.0,"3,313.62","5,783.00","3,333.00","19,162,691.60",155,-13.1,90.0,-0.39,2.74,0.19,"5,029.00","2,625.00",,
2022/02/13,26,CIT,42.82,3255.0,3255.0,3189.0,3200.0,"3,200.00",0.0,0.0,"3,217.90","15,370.00","3,319.90","49,459,192.10",504,-119.9,66.0,-3.61,2.07,-0.56,"5,029.00","2,625.00",,
2022/02/14,25,CIT,43.52,3200.0,3245.0,3182.0,3210.0,"3,210.00",0.0,0.0,"3,200.71","14,012.00","3,200.00","44,848,416.80",280,10.0,63.0,0.31,1.98,0.29,"5,029.00","2,625.00",,
2022/02/15,34,CIT,36.96,1896.0,1909.9,1889.0,1905.0,"1,905.00",0.0,0.0,"1,896.63","8,381.00","1,897.00","15,895,617.30",137,8.0,20.9,0.42,1.11,0.44,"2,299.00","1,730.80","1,938.34","1,965.55"
2022/02/16,26,CIT,41.15,3235.0,3269.0,3205.0,3207.0,"3,207.00",0.0,0.0,"3,227.19","5,191.00","3,235.00","16,752,337.60",145,-28.0,64.0,-0.87,2.0,-0.63,"5,029.00","2,625.00",,
2022/02/17,25,CIT,46.58,3220.0,3245.0,3207.0,3220.0,"3,220.00",0.0,0.0,"3,218.55","3,007.00","3,207.00","9,678,176.00",94,13.0,38.0,0.41,1.18,0.05,"5,029.00","2,625.00",,
2022/02/20,26,CIT,42.33,3157.0,3213.0,3092.9,3150.0,"3,150.00",0.0,0.0,"3,164.48","6,688.00","3,220.00","21,164,028.00",236,-70.0,120.1,-2.17,3.88,-0.46,"5,029.00","2,625.00",,
2022/02/21,25,CIT,43.17,3150.0,3190.0,3150.0,3190.0,"3,190.00",0.0,0.0,"3,170.72","4,273.00","3,150.00","13,548,470.20",132,40.0,40.0,1.27,1.27,0.6,"5,029.00","2,625.00",,
2022/02/22,26,CIT,48.04,3199.0,3225.0,3180.0,3190.0,"3,190.00",0.0,0.0,"3,209.27","4,644.00","3,190.00","14,903,863.40",164,0.0,45.0,0.0,1.42,-0.6,"5,029.00","2,625.00",,
2022/02/23,25,CIT,42.02,3222.0,3222.0,3171.0,3188.1,"3,188.10",0.0,0.0,"3,190.79","3,207.00","3,190.00","10,232,862.90",94,-1.9,51.0,-0.06,1.61,-0.08,"5,029.00","2,625.00",,
2022/02/24,26,CIT,45.52,3160.0,3190.0,3100.0,3103.0,"3,103.00",0.0,0.0,"3,124.31","11,164.00","3,188.10","34,879,752.40",350,-85.1,90.0,-2.67,2.9,-0.69,"5,029.00","2,625.00",,
2022/02/27,25,CIT,39.72,3150.0,3150.0,3075.0,3090.0,"3,090.00",0.0,0.0,"3,097.54","6,883.00","3,103.00","21,320,391.30",163,-13.0,75.00,-0.42,2.44,-0.24,"4,691.00","2,625.00",,
2022/02/28,26,CIT,40.13,3125.0,3130.0,3029.0,3038.0,"3,038.00",0.0,0.0,"3,066.31","5,943.00","3,090.00","18,223,082.30",215,-52.0,101.00,-1.68,3.33,-0.93,"4,691.00","2,625.00",,
2022/03/02,25,CIT,39.52,3050.0,3050.0,2980.0,2990.0,"2,990.00",0.0,0.0,"2,995.47","8,359.00","3,038.00","25,039,130.90",254,-48.0,70.00,-1.58,2.35,-0.18,"4,650.00","2,625.00",,
2022/03/06,26,CIT,40.74,2990.0,3040.0,2950.0,2983.0,"2,983.00",0.0,0.0,"2,987.01","6,277.00","2,990.00","18,749,454.60",233,-7.0,90.0,-0.23,3.05,-0.13,"4,560.00","2,625.00",,
2022/01/16,24,CIT,60.74,3492.4,3599.0,3450.1,3569.0,"3,569.00",0.0,0.0,"3,533.08","31,213.00","3,424.00","110,278,116.50",620,145.0,148.9,4.23,4.32,1.01,"5,029.00","2,625.00",,
2022/01/17,24,CIT,58.44,3608.7,3646.0,3523.0,3575.0,"3,575.00",0.0,0.0,"3,587.60","18,245.00","3,569.00","65,455,811.50",466,6.0,123.0,0.17,3.49,-0.35,"5,029.00","2,625.00",,
2022/01/18,25,CIT,56.99,3512.0,3639.9,3485.1,3510.0,"3,510.00",0.0,0.0,"3,546.27","16,017.00","3,575.00","56,800,679.10",456,-65.0,154.8,-1.82,4.44,-1.03,"5,029.00","2,625.00",,
2022/01/19,26,CIT,53.19,3511.0,3524.0,3453.6,3470.2,"3,470.20",0.0,0.0,"3,484.00","13,923.00","3,510.00","48,507,785.50",381,-39.8,70.4,-1.13,2.04,-0.4,"5,029.00","2,625.00",,
2022/01/20,25,CIT,50.52,3451.0,3520.0,3431.0,3495.0,"3,495.00",0.0,0.0,"3,481.46","12,201.00","3,470.20","42,477,280.10",282,24.8,89.0,0.71,2.59,0.39,"5,029.00","2,625.00",,
2022/01/23,25,CIT,50.01,3555.0,3555.0,3458.0,3470.0,"3,470.00",0.0,0.0,"3,501.05","12,375.00","3,495.00","43,325,484.10",263,-25.0,97.00,-0.72,2.81,-0.89,"5,029.00","2,625.00",,
2022/01/24,25,CIT,51.0,3451.0,3455.1,3364.0,3380.0,"3,380.00",0.0,0.0,"3,404.14","20,821.00","3,470.00","70,877,640.60",636,-90.0,91.1,-2.59,2.71,-0.71,"5,029.00","2,625.00",,
2022/01/25,26,CIT,48.16,3380.0,3415.0,3260.0,3380.0,"3,380.00",0.0,0.0,"3,365.71","18,889.00","3,380.00","63,574,937.90",421,0.0,155.00,0.0,4.75,0.42,"5,029.00","2,625.00",,
2022/01/26,26,CIT,43.29,3320.0,3390.0,3300.0,3306.0,"3,306.00",0.0,0.0,"3,331.04","10,639.00","3,380.00","35,438,955.90",319,-74.0,90.0,-2.19,2.73,-0.76,"5,029.00","2,625.00",,
2022/01/27,26,CIT,42.8,3355.0,3359.0,3309.0,3310.8,"3,310.80",0.0,0.0,"3,329.30","11,365.00","3,306.00","37,837,543.00",205,4.8,50.0,0.15,1.51,-0.56,"5,029.00","2,625.00",,
2022/01/30,26,CIT,52.39,3377.0,3451.0,3377.0,3439.0,"3,439.00",0.0,0.0,"3,416.80","12,223.00","3,310.80","41,763,602.90",290,128.2,74.0,3.87,2.19,0.65,"5,029.00","2,625.00",,
2022/01/31,26,CIT,52.86,3400.1,3465.0,3395.0,3398.0,"3,398.00",0.0,0.0,"3,416.09","9,698.00","3,439.00","33,129,210.80",185,-41.0,70.0,-1.19,2.06,-0.53,"5,029.00","2,625.00",,
2022/02/01,26,CIT,57.78,3360.0,3435.0,3353.0,3416.0,"3,416.00",0.0,0.0,"3,412.04","5,619.00","3,398.00","19,172,253.50",165,18.0,82.0,0.53,2.45,0.12,"5,029.00","2,625.00",,
2022/02/03,26,CIT,57.58,3484.0,3484.0,3400.0,3410.0,"3,410.00",0.0,0.0,"3,434.58","13,731.00","3,416.00","47,160,274.50",270,-6.0,84.0,-0.18,2.47,-0.72,"5,029.00","2,625.00",,
2022/02/06,27,CIT,40.62,3390.0,3415.0,3355.0,3365.0,"3,365.00",0.0,0.0,"3,371.68","6,812.00","3,410.00","22,967,867.80",166,-45.00,60.0,-1.32,1.79,-0.2,"5,029.00","2,625.00",,
2022/02/07,26,CIT,38.71,3298.0,3400.0,3298.0,3350.2,"3,350.20",0.0,0.0,"3,362.61","5,449.00","3,365.00","18,322,884.30",145,-14.8,102.0,-0.44,3.09,-0.37,"5,029.00","2,625.00",,
2021/12/21,25,CIT,44.66,2800.0,2852.0,2796.0,2840.0,"2,840.00",0.0,0.0,"2,820.73","5,760.00","2,780.00","16,247,385.50",183,60.0,56.00,2.16,2.0,0.68,"5,358.00","2,625.00",,
2021/12/22,25,CIT,54.51,2896.8,3010.0,2875.0,3009.0,"3,009.00",0.0,0.0,"2,945.77","16,034.00","2,840.00","47,232,500.40",389,169.0,135.0,5.95,4.7,2.1,"5,358.00","2,625.00",,
2021/12/23,25,CIT,54.1,3069.0,3075.0,2971.0,3021.0,"3,021.00",0.0,0.0,"3,027.66","11,539.00","3,009.00","34,936,121.20",343,12.0,104.0,0.4,3.5,-0.22,"5,349.00","2,625.00",,
2021/12/26,24,CIT,55.89,3081.0,3276.0,3020.0,3240.0,"3,240.00",0.0,0.0,"3,200.61","24,797.00","3,021.00","79,365,559.00",607,219.00,256.00,7.25,8.48,1.22,"5,300.00","2,625.00",,
2021/12/27,25,CIT,55.94,3250.0,3255.0,3113.0,3118.0,"3,118.00",0.0,0.0,"3,191.27","18,121.00","3,240.00","57,828,938.60",448,-122.0,142.00,-3.77,4.56,-2.35,"5,300.00","2,625.00",,
2021/12/28,26,CIT,52.07,3091.0,3200.0,3061.0,3091.1,"3,091.10",0.0,0.0,"3,115.79","8,435.00","3,118.00","26,281,720.40",234,-26.9,139.0,-0.86,4.54,-0.8,"5,100.00","2,625.00",,
2021/12/29,24,CIT,52.89,3140.0,3140.0,3054.0,3071.0,"3,071.00",0.0,0.0,"3,082.72","8,119.00","3,091.10","25,028,634.60",197,-20.1,86.00,-0.65,2.82,-0.38,"5,029.00","2,625.00",,
2022/01/02,26,CIT,43.19,3132.4,3250.0,3071.0,3200.0,"3,200.00",0.0,0.0,"3,148.81","20,266.00","3,071.00","63,813,715.00",400,129.00,179.00,4.2,5.83,1.6,"5,029.00","2,625.00",,
2022/01/03,25,CIT,62.16,3264.0,3339.0,3201.0,3309.9,"3,309.90",0.0,0.0,"3,284.61","27,395.00","3,200.00","89,981,897.50",597,109.9,138.00,3.43,4.31,0.76,"5,029.00","2,625.00",,
2022/01/04,25,CIT,54.76,3350.0,3365.0,3261.0,3330.0,"3,330.00",0.0,0.0,"3,325.12","8,107.00","3,309.90","26,956,757.70",252,20.1,104.00,0.61,3.19,0.15,"5,029.00","2,625.00",,
2022/01/05,26,CIT,58.47,3350.0,3350.0,3241.0,3241.9,"3,241.90",0.0,0.0,"3,278.43","17,466.00","3,330.00","57,260,992.40",442,-88.1,109.0,-2.65,3.36,-1.13,"5,029.00","2,625.00",,
2022/01/06,34,CIT,36.96,1896.0,1909.9,1889.0,1905.0,"1,905.00",0.0,0.0,"1,896.63","8,381.00","1,897.00","15,895,617.30",137,8.0,20.9,0.42,1.11,0.44,"2,299.00","1,730.80","1,938.34","1,965.55"
2022/01/09,25,CIT,53.03,3355.0,3419.9,3345.0,3409.0,"3,409.00",0.0,0.0,"3,392.20","25,708.00","3,345.00","87,206,675.00",505,64.0,74.90,1.91,2.24,0.49,"5,029.00","2,625.00",,
2022/01/10,24,CIT,51.34,3440.0,3449.9,3360.0,3376.0,"3,376.00",0.0,0.0,"3,389.74","17,311.00","3,409.00","58,679,808.10",425,-33.0,89.90,-0.97,2.68,-0.41,"5,029.00","2,625.00",,
2022/01/11,25,CIT,55.84,3380.0,3419.0,3350.0,3400.0,"3,400.00",0.0,0.0,"3,397.21","18,773.00","3,376.00","63,775,819.00",383,24.0,69.00,0.71,2.06,0.08,"5,029.00","2,625.00",,
2022/01/12,24,CIT,51.22,3400.0,3468.0,3364.0,3380.0,"3,380.00",0.0,0.0,"3,423.45","17,349.00","3,400.00","59,393,422.20",426,-20.0,104.00,-0.59,3.09,-1.29,"5,029.00","2,625.00",,
2021/11/25,25,CIT,48.11,3340.0,3344.9,3214.4,3278.1,"3,278.10",0.0,0.0,"3,274.96","12,646.00","3,315.00","41,415,128.80",294,-36.9,130.5,-1.11,4.06,0.1,"5,749.00","2,923.00",,
2021/11/28,24,CIT,44.13,3221.0,3277.0,3160.0,3180.0,"3,180.00",0.0,0.0,"3,204.33","16,660.00","3,278.10","53,384,150.40",408,-98.1,117.0,-2.99,3.7,-0.77,"5,749.00","2,923.00",,
2021/11/29,24,CIT,43.05,3149.0,3240.0,3120.0,3162.0,"3,162.00",0.0,0.0,"3,193.67","7,586.00","3,180.00","24,227,158.40",180,-18.0,120.0,-0.57,3.85,-1.0,"5,749.00","2,923.00",,
2021/11/30,26,CIT,40.95,3200.0,3200.0,3150.0,3155.0,"3,155.00",0.0,0.0,"3,159.00","6,007.00","3,162.00","18,976,102.30",172,-7.0,50.0,-0.22,1.59,-0.13,"5,749.00","2,923.00",,
2021/12/01,24,CIT,44.85,3190.0,3200.0,3138.0,3168.0,"3,168.00",0.0,0.0,"3,163.44","6,075.00","3,155.00","19,217,908.60",184,13.0,62.0,0.41,1.98,0.14,"5,749.00","2,923.00",,
2021/12/02,25,CIT,47.35,3168.0,3183.0,3110.0,3125.0,"3,125.00",0.0,0.0,"3,129.05","6,829.00","3,168.00","21,368,253.40",197,-43.0,73.0,-1.36,2.35,-0.13,"5,749.00","2,923.00",,
2021/12/05,25,CIT,45.13,3092.0,3100.2,3028.0,3032.0,"3,032.00",0.0,0.0,"3,057.28","11,514.00","3,125.00","35,201,510.00",313,-93.0,72.2,-2.98,2.38,-0.83,"5,749.00","2,923.00",,
2021/12/06,24,CIT,47.15,2986.0,3044.0,2886.0,3036.0,"3,036.00",0.0,0.0,"2,980.26","12,745.00","3,032.00","37,983,385.00",442,4.0,158.00,0.13,5.47,1.84,"5,749.00","2,886.00",,
2021/12/07,25,CIT,41.48,3095.7,3096.0,2970.0,2975.0,"2,975.00",0.0,0.0,"3,015.56","7,761.00","3,036.00","23,403,765.20",287,-61.0,126.00,-2.01,4.24,-1.36,"5,749.00","2,886.00",,
2021/12/08,25,CIT,40.82,2970.0,2990.0,2870.0,2885.0,"2,885.00",0.0,0.0,"2,910.01","11,551.00","2,975.00","33,613,575.10",386,-90.0,120.00,-3.03,4.18,-0.87,"5,749.00","2,870.00",,
2021/12/09,25,CIT,41.1,2900.0,2909.0,2856.0,2888.0,"2,888.00",0.0,0.0,"2,881.63","9,109.00","2,885.00","26,248,783.60",257,3.0,53.0,0.1,1.86,0.22,"5,749.00","2,856.00",,
2021/12/12,24,CIT,36.35,2888.0,2900.0,2775.1,2778.0,"2,778.00",0.0,0.0,"2,836.36","11,028.00","2,888.00","31,279,406.10",350,-110.00,124.90,-3.81,4.5,-2.1,"5,749.00","2,775.10",,
2021/12/13,24,CIT,41.15,2750.1,2750.1,2625.0,2666.0,"2,666.00",0.0,0.0,"2,665.51","18,636.00","2,778.00","49,674,414.50",542,-112.00,125.10,-4.03,4.77,0.02,"5,749.00","2,625.00",,
2021/12/14,24,CIT,45.81,2719.0,2850.0,2686.0,2850.0,"2,850.00",0.0,0.0,"2,776.90","7,128.00","2,666.00","19,793,723.20",220,184.00,164.00,6.9,6.11,2.57,"5,749.00","2,625.00",,
2021/12/15,25,CIT,48.2,2907.0,3000.0,2792.0,2865.0,"2,865.00",0.0,0.0,"2,907.64","17,842.00","2,850.00","51,878,182.50",473,15.0,208.0,0.53,7.45,-1.49,"5,749.00","2,625.00",,
2021/12/16,25,CIT,47.04,2870.0,2870.0,2755.0,2813.0,"2,813.00",0.0,0.0,"2,801.84","8,549.00","2,865.00","23,952,915.30",234,-52.0,115.0,-1.82,4.17,0.4,"5,749.00","2,625.00",,
2021/10/28,26,CIT,57.26,3449.0,3481.0,3402.0,3445.0,"3,445.00",0.0,0.0,"3,455.82","6,924.00","3,468.00","23,928,082.00",182,-23.0,79.0,-0.66,2.32,-0.31,"5,749.00","2,923.00",,
2021/10/31,26,CIT,62.63,3490.0,3525.0,3420.0,3496.0,"3,496.00",0.0,0.0,"3,484.68","13,859.00","3,445.00","48,294,121.00",329,51.00,105.00,1.48,3.07,0.32,"5,749.00","2,923.00",,
2021/11/01,24,CIT,56.33,3550.0,3560.0,3479.0,3490.0,"3,490.00",0.0,0.0,"3,503.14","14,723.00","3,496.00","51,576,782.00",305,-6.0,81.0,-0.17,2.33,-0.38,"5,749.00","2,923.00",,
2021/11/02,25,CIT,52.58,3490.0,3490.0,3401.1,3475.0,"3,475.00",0.0,0.0,"3,454.25","7,091.00","3,490.00","24,494,102.90",197,-15.0,88.9,-0.43,2.61,0.6,"5,749.00","2,923.00",,
2021/11/03,25,CIT,59.45,3534.0,3534.0,3470.0,3485.0,"3,485.00",0.0,0.0,"3,486.10","16,105.00","3,475.00","56,143,687.10",231,10.0,64.0,0.29,1.84,-0.03,"5,749.00","2,923.00",,
2021/11/08,25,CIT,50.91,3456.0,3505.0,3456.0,3465.0,"3,465.00",0.0,0.0,"3,484.26","6,439.00","3,485.00","22,435,118.50",137,-20.0,49.0,-0.57,1.42,-0.56,"5,749.00","2,923.00",,
2021/11/09,24,CIT,49.42,3465.0,3465.0,3371.2,3400.0,"3,400.00",0.0,0.0,"3,401.68","13,670.00","3,465.00","46,500,987.20",276,-65.0,93.8,-1.88,2.78,-0.05,"5,749.00","2,923.00",,
2021/11/11,25,CIT,45.61,3349.0,3389.0,3310.0,3310.0,"3,310.00",0.0,0.0,"3,338.64","10,674.00","3,400.00","35,636,628.60",276,-90.0,79.0,-2.65,2.39,-0.87,"5,749.00","2,923.00",,
2021/11/14,25,CIT,43.67,3251.0,3315.0,3250.0,3285.0,"3,285.00",0.0,0.0,"3,279.31","8,705.00","3,310.00","28,546,430.30",246,-25.00,65.00,-0.76,2.0,0.17,"5,749.00","2,923.00",,
2021/11/15,24,CIT,43.03,3340.0,3350.0,3290.0,3330.0,"3,330.00",0.0,0.0,"3,317.72","6,741.00","3,285.00","22,364,755.50",186,45.00,60.00,1.37,1.82,0.37,"5,749.00","2,923.00",,
2021/11/16,24,CIT,51.79,3345.0,3417.0,3290.0,3415.0,"3,415.00",0.0,0.0,"3,372.63","7,681.00","3,330.00","25,905,159.20",233,85.00,127.00,2.55,3.86,1.24,"5,749.00","2,923.00",,
2021/11/17,25,CIT,60.08,3450.0,3464.0,3381.0,3385.0,"3,385.00",0.0,0.0,"3,428.87","8,332.00","3,415.00","28,569,317.40",176,-30.00,83.00,-0.88,2.45,-1.3,"5,749.00","2,923.00",,
2021/11/18,24,CIT,57.34,3318.0,3390.0,3318.0,3351.1,"3,351.10",0.0,0.0,"3,364.16","3,924.00","3,385.00","13,200,952.90",123,-33.9,72.0,-1.0,2.17,-0.39,"5,749.00","2,923.00",,
2021/11/21,25,CIT,41.56,3355.0,3380.0,3310.1,3328.0,"3,328.00",0.0,0.0,"3,335.87","4,257.00","3,351.10","14,200,813.20",118,-23.1,69.9,-0.69,2.11,-0.24,"5,749.00","2,923.00",,
2021/11/22,26,CIT,40.18,3325.0,3369.0,3325.0,3367.0,"3,367.00",0.0,0.0,"3,342.74","5,816.00","3,328.00","19,441,357.00",118,39.0,44.0,1.17,1.32,0.72,"5,749.00","2,923.00",,
2021/11/23,25,CIT,39.61,3300.0,3350.0,3300.0,3318.0,"3,318.00",0.0,0.0,"3,319.51","4,740.00","3,367.00","15,734,464.50",148,-49.0,50.0,-1.46,1.52,-0.05,"5,749.00","2,923.00",,
2021/09/29,26,CIT,45.99,3295.0,3359.0,3240.0,3335.0,"3,335.00",0.0,0.0,"3,311.91","15,683.00","3,298.00","51,940,638.80",404,37.0,119.0,1.12,3.67,0.69,"5,749.00","2,923.00",,
2021/09/30,25,CIT,43.96,3268.7,3400.0,3268.7,3320.0,"3,320.00",0.0,0.0,"3,348.22","8,558.00","3,335.00","28,654,062.00",257,-15.0,131.3,-0.45,4.02,-0.85,"5,749.00","2,923.00",,
2021/10/03,25,CIT,39.62,3320.0,3345.0,3255.0,3257.0,"3,257.00",0.0,0.0,"3,294.43","6,628.00","3,320.00","21,835,510.50",269,-63.0,90.0,-1.9,2.76,-1.15,"5,749.00","2,923.00",,
2021/10/04,25,CIT,44.18,3257.0,3258.0,3200.0,3239.0,"3,239.00",0.0,0.0,"3,233.31","10,518.00","3,257.00","34,007,988.30",281,-18.0,58.0,-0.55,1.81,0.18,"5,749.00","2,923.00",,
2021/10/05,25,CIT,45.13,3300.0,3300.0,3245.0,3260.0,"3,260.00",0.0,0.0,"3,273.53","10,679.00","3,239.00","34,958,047.50",274,21.0,55.0,0.65,1.69,-0.42,"5,749.00","2,923.00",,
2021/10/06,25,CIT,51.57,3323.0,3365.0,3292.0,3349.0,"3,349.00",0.0,0.0,"3,336.62","10,096.00","3,260.00","33,686,535.50",265,89.0,73.0,2.73,2.22,0.37,"5,749.00","2,923.00",,
2021/10/10,24,CIT,52.65,3355.0,3440.0,3349.0,3352.0,"3,352.00",0.0,0.0,"3,375.69","9,768.00","3,349.00","32,973,771.70",309,3.0,91.0,0.09,2.72,-0.71,"5,749.00","2,923.00",,
2021/10/11,24,CIT,49.87,3370.0,3370.0,3300.0,3362.0,"3,362.00",0.0,0.0,"3,330.55","5,059.00","3,352.00","16,849,272.80",174,10.0,70.0,0.3,2.12,0.94,"5,749.00","2,923.00",,
2021/10/17,24,CIT,51.13,3404.0,3404.0,3301.0,3372.0,"3,372.00",0.0,0.0,"3,353.67","3,139.00","3,362.00","10,527,162.10",103,10.0,103.0,0.3,3.12,0.54,"5,749.00","2,923.00",,
2021/10/18,25,CIT,47.31,3307.5,3350.0,3290.0,3300.0,"3,300.00",0.0,0.0,"3,303.05","9,327.00","3,372.00","30,807,587.30",257,-72.0,60.0,-2.14,1.82,-0.09,"5,749.00","2,923.00",,
2021/10/19,34,CIT,36.96,1896.0,1909.9,1889.0,1905.0,"1,905.00",0.0,0.0,"1,896.63","8,381.00","1,897.00","15,895,617.30",137,8.0,20.9,0.42,1.11,0.44,"2,299.00","1,730.80","1,938.34","1,965.55"
2021/10/20,24,CIT,42.42,3294.6,3320.0,3225.0,3270.0,"3,270.00",0.0,0.0,"3,270.16","5,822.00","3,230.00","19,038,892.00",148,40.0,95.0,1.24,2.95,-0.01,"5,749.00","2,923.00",,
2021/10/21,24,CIT,36.85,3270.0,3270.0,3220.0,3238.1,"3,238.10",0.0,0.0,"3,245.84","3,484.00","3,270.00","11,308,502.80",130,-31.90,50.0,-0.98,1.55,-0.24,"5,749.00","2,923.00",,
2021/10/24,25,CIT,41.87,3264.0,3264.0,3232.0,3239.0,"3,239.00",0.0,0.0,"3,244.17","5,140.00","3,238.10","16,675,014.00",159,0.9,32.0,0.03,0.99,-0.16,"5,749.00","2,923.00",,
2021/10/25,25,CIT,55.25,3211.0,3366.0,3211.0,3365.0,"3,365.00",0.0,0.0,"3,329.19","8,577.00","3,239.00","28,554,504.80",245,126.0,155.0,3.89,4.83,1.06,"5,749.00","2,923.00",,
2021/10/26,24,CIT,58.5,3380.0,3515.0,3380.0,3456.0,"3,456.00",0.0,0.0,"3,458.96","15,358.00","3,365.00","53,122,698.30",399,91.0,135.0,2.7,3.99,-0.09,"5,749.00","2,923.00",,
2021/09/06,25,CIT,64.35,3610.0,3799.0,3581.0,3799.0,"3,799.00",0.0,0.0,"3,705.98","27,150.00","3,610.00","100,617,323.20",688,189.0,218.0,5.24,6.09,2.45,"5,749.00","2,923.00",,
2021/09/07,25,CIT,51.61,3840.0,3840.0,3670.0,3710.0,"3,710.00",0.0,0.0,"3,723.75","15,303.00","3,799.00","56,984,604.90",445,-89.0,170.0,-2.34,4.63,-0.37,"5,749.00","2,923.00",,
2021/09/08,24,CIT,52.26,3650.0,3700.0,3617.0,3625.0,"3,625.00",0.0,0.0,"3,635.57","18,332.00","3,710.00","66,647,274.20",498,-85.0,83.0,-2.29,2.29,-0.29,"5,749.00","2,923.00",,
2021/09/09,25,CIT,52.99,3697.0,3697.0,3600.0,3624.0,"3,624.00",0.0,0.0,"3,631.32","11,047.00","3,625.00","40,115,163.10",348,-1.0,97.0,-0.03,2.69,-0.2,"5,749.00","2,923.00",,
2021/09/10,34,CIT,36.96,1896.0,1909.9,1889.0,1905.0,"1,905.00",0.0,0.0,"1,896.63","8,381.00","1,897.00","15,895,617.30",137,8.0,20.9,0.42,1.11,0.44,"2,299.00","1,730.80","1,938.34","1,965.55"
2021/09/12,25,CIT,52.18,3629.0,3720.0,3629.0,3690.0,"3,690.00",0.0,0.0,"3,670.51","19,521.00","3,624.00","71,651,960.20",380,66.00,91.00,1.82,2.51,0.53,"5,749.00","2,923.00",,
2021/09/13,24,CIT,55.64,3723.0,3775.0,3661.1,3670.0,"3,670.00",0.0,0.0,"3,697.80","11,319.00","3,690.00","41,855,382.70",329,-20.0,113.90,-0.54,3.11,-0.76,"5,749.00","2,923.00",,
2021/09/14,26,CIT,52.85,3682.0,3720.0,3645.0,3649.0,"3,649.00",0.0,0.0,"3,658.73","9,599.00","3,670.00","35,120,120.50",228,-21.00,75.0,-0.57,2.06,-0.27,"5,749.00","2,923.00",,
2021/09/15,26,CIT,50.12,3721.9,3721.9,3610.0,3615.0,"3,615.00",0.0,0.0,"3,626.62","10,774.00","3,649.00","39,073,237.40",291,-34.00,111.9,-0.93,3.1,-0.32,"5,749.00","2,923.00",,
2021/09/16,25,CIT,49.59,3615.0,3615.0,3525.0,3545.0,"3,545.00",0.0,0.0,"3,550.77","21,365.00","3,615.00","75,862,223.50",632,-70.0,90.0,-1.94,2.55,-0.16,"5,749.00","2,923.00",,
2021/09/20,26,CIT,47.61,3600.9,3600.9,3417.0,3421.0,"3,421.00",0.0,0.0,"3,456.21","24,089.00","3,545.00","83,256,583.30",700,-124.0,183.9,-3.5,5.38,-1.03,"5,749.00","2,923.00",,
2021/09/21,26,CIT,49.23,3360.0,3488.0,3312.4,3427.0,"3,427.00",0.0,0.0,"3,405.67","29,251.00","3,421.00","99,619,255.90",752,6.0,175.60,0.18,5.3,0.62,"5,749.00","2,923.00",,
2021/09/22,24,CIT,52.3,3495.5,3565.0,3450.0,3546.0,"3,546.00",0.0,0.0,"3,520.13","18,396.00","3,427.00","64,756,365.30",439,119.0,115.00,3.47,3.33,0.73,"5,749.00","2,923.00",,
2021/09/23,25,CIT,50.04,3600.0,3600.0,3485.0,3508.0,"3,508.00",0.0,0.0,"3,540.48","13,869.00","3,546.00","49,102,925.90",352,-38.00,115.0,-1.07,3.3,-0.93,"5,749.00","2,923.00",,
2021/09/26,25,CIT,49.43,3510.0,3510.0,3435.0,3438.0,"3,438.00",0.0,0.0,"3,466.50","11,387.00","3,508.00","39,473,091.90",316,-70.0,75.0,-2.0,2.18,-0.83,"5,749.00","2,923.00",,
2021/09/27,25,CIT,45.08,3438.0,3480.0,3370.0,3373.0,"3,373.00",0.0,0.0,"3,379.34","12,059.00","3,438.00","40,751,499.60",347,-65.0,110.0,-1.89,3.26,-0.19,"5,749.00","2,923.00",,
2021/08/09,25,CIT,52.71,4300.0,4324.0,4195.0,4200.0,"4,200.00",0.0,0.0,"4,219.67","13,697.00","4,248.00","57,796,883.60",259,-48.0,129.0,-1.13,3.08,-0.47,"5,749.00","2,461.00",,
2021/08/10,25,CIT,55.93,4284.0,4284.0,4150.0,4190.0,"4,190.00",0.0,0.0,"4,184.43","16,899.00","4,200.00","70,712,749.40",367,-10.0,134.0,-0.24,3.23,0.13,"5,749.00","2,571.00",,
2021/08/11,24,CIT,53.5,4270.0,4270.0,4166.0,4172.0,"4,172.00",0.0,0.0,"4,181.74","10,080.00","4,190.00","42,151,966.20",267,-18.00,104.0,-0.43,2.5,-0.23,"5,749.00","2,571.00",,
2021/08/12,25,CIT,53.68,4172.0,4220.0,4115.0,4147.0,"4,147.00",0.0,0.0,"4,148.61","18,923.00","4,172.00","78,504,240.30",405,-25.0,105.0,-0.6,2.55,-0.04,"5,749.00","2,571.00",,
2021/08/15,24,CIT,36.55,4147.0,4147.0,4018.0,4081.0,"4,081.00",0.0,0.0,"4,075.66","34,700.00","4,147.00","141,425,418.10",772,-66.0,129.00,-1.59,3.21,0.13,"5,749.00","2,571.00",,
2021/08/16,25,CIT,52.53,4155.0,4155.0,4040.0,4082.0,"4,082.00",0.0,0.0,"4,094.00","18,436.00","4,081.00","75,476,893.20",411,1.0,115.0,0.02,2.85,-0.29,"5,749.00","2,571.00",,
2021/08/17,25,CIT,51.21,4082.0,4150.0,4050.0,4060.0,"4,060.00",0.0,0.0,"4,076.81","16,315.00","4,082.00","66,513,162.40",412,-22.0,100.0,-0.54,2.47,-0.41,"5,749.00","2,580.00",,
2021/08/18,27,CIT,52.46,4030.0,4050.0,3980.0,4030.0,"4,030.00",0.0,0.0,"4,017.11","22,695.00","4,060.00","91,168,304.70",558,-30.0,70.00,-0.74,1.76,0.32,"5,749.00","2,778.00",,
2021/08/19,26,CIT,49.91,4030.0,4090.0,3990.0,4000.0,"4,000.00",0.0,0.0,"4,013.56","17,174.00","4,030.00","68,928,902.60",460,-30.0,100.00,-0.74,2.51,-0.34,"5,749.00","2,845.00",,
2021/08/24,25,CIT,48.81,4000.0,4050.0,3920.0,3926.0,"3,926.00",0.0,0.0,"3,967.19","18,118.00","4,000.00","71,877,521.40",534,-74.0,130.0,-1.85,3.32,-1.05,"5,749.00","2,850.00",,
2021/08/25,26,CIT,47.93,3926.0,3975.0,3870.0,3880.0,"3,880.00",0.0,0.0,"3,896.74","19,996.00","3,926.00","77,919,173.20",537,-46.0,105.0,-1.17,2.71,-0.43,"5,749.00","2,850.00",,
2021/08/26,26,CIT,47.06,3870.0,3910.0,3870.0,3883.0,"3,883.00",0.0,0.0,"3,889.81","15,239.00","3,880.00","59,276,848.00",427,3.0,40.0,0.08,1.03,-0.18,"5,749.00","2,850.00",,
2021/08/29,25,CIT,47.08,3960.4,3960.4,3820.0,3830.0,"3,830.00",0.0,0.0,"3,867.19","16,580.00","3,883.00","64,117,979.40",421,-53.0,140.4,-1.36,3.68,-0.97,"5,749.00","2,870.00",,
2021/08/31,25,CIT,48.49,3850.0,3850.0,3722.1,3752.0,"3,752.00",0.0,0.0,"3,754.60","22,574.00","3,830.00","84,756,387.60",696,-78.0,127.9,-2.04,3.44,-0.07,"5,749.00","2,880.00",,
2021/09/01,25,CIT,51.78,3752.0,3860.0,3720.0,3785.0,"3,785.00",0.0,0.0,"3,790.93","19,807.00","3,752.00","75,086,915.60",474,33.0,140.0,0.88,3.76,-0.16,"5,749.00","2,884.00",,
2021/09/02,26,CIT,53.78,3800.0,3800.0,3680.0,3698.0,"3,698.00",0.0,0.0,"3,718.32","25,277.00","3,785.00","93,987,902.50",777,-87.0,120.0,-2.3,3.26,-0.55,"5,749.00","2,884.00",,
2021/07/14,24,CIT,54.87,3626.0,3626.0,3450.0,3494.0,"3,494.00",0.0,0.0,"3,495.34","4,551.00","3,455.00","15,907,296.00",146,39.0,176.0,1.13,5.1,-0.04,"5,749.00","2,425.00",,
2021/07/15,25,CIT,62.19,3494.0,3510.0,3486.0,3491.0,"3,491.00",0.0,0.0,"2,182.69","17,478.00","3,494.00","38,148,987.00",230,-3.0,24.0,-0.09,0.69,37.48,"5,749.00","1,201.00",,
2021/07/18,25,CIT,69.45,3510.0,3550.0,3490.0,3500.0,"3,500.00",0.0,0.0,"3,500.78","21,511.00","3,491.00","75,305,198.60",485,9.0,60.0,0.26,1.72,-0.02,"5,749.00","1,201.00",,
2021/07/19,25,CIT,70.68,3540.0,3800.0,3512.0,3724.0,"3,724.00",0.0,0.0,"3,683.18","32,557.00","3,500.00","119,913,193.60",854,224.0,288.0,6.4,8.2,1.1,"5,749.00","2,445.00",,
2021/07/20,25,CIT,66.87,3798.0,3798.0,3700.0,3728.4,"3,728.40",0.0,0.0,"3,731.67","12,785.00","3,724.00","47,709,350.10",344,4.40,98.00,0.12,2.65,-0.09,"5,749.00","2,445.00",,
2021/07/22,25,CIT,69.43,3770.0,3770.0,3702.0,3702.0,"3,702.00",0.0,0.0,"3,739.73","14,269.00","3,728.40","53,362,140.60",329,-26.4,68.00,-0.71,1.84,-1.02,"5,749.00","2,445.00",,
2021/07/25,25,CIT,73.36,3740.0,3740.0,3685.0,3703.0,"3,703.00",0.0,0.0,"3,706.15","14,063.00","3,702.00","52,119,625.50",338,1.0,55.00,0.03,1.49,-0.09,"5,749.00","2,445.00",,
2021/07/26,26,CIT,57.02,3735.0,3745.0,3700.0,3703.0,"3,703.00",0.0,0.0,"3,717.80","11,984.00","3,703.00","44,554,093.70",330,0.0,45.00,0.0,1.22,-0.4,"5,749.00","2,445.00",,
2021/07/27,25,CIT,68.32,3700.0,3910.0,3700.0,3855.0,"3,855.00",0.0,0.0,"3,819.25","35,144.00","3,703.00","134,223,733.00",778,152.0,210.00,4.1,5.68,0.93,"5,749.00","2,445.00",,
2021/07/28,26,CIT,72.72,3900.0,4080.0,3900.0,4049.0,"4,049.00",0.0,0.0,"4,014.56","37,753.00","3,855.00","151,561,518.30",943,194.0,180.00,5.03,4.62,0.85,"5,749.00","2,445.00",,
2021/07/29,25,CIT,69.62,4100.0,4125.0,4026.0,4050.0,"4,050.00",0.0,0.0,"4,068.66","24,813.00","4,049.00","100,955,657.10",580,1.0,99.0,0.02,2.46,-0.46,"5,749.00","2,445.00",,
2021/08/01,27,CIT,74.38,4050.0,4335.0,3991.0,4180.0,"4,180.00",0.0,0.0,"4,106.96","40,106.00","4,050.00","164,713,661.80",801,130.0,344.00,3.21,8.62,1.75,"5,749.00","2,445.00",,
2021/08/02,25,CIT,73.91,4239.0,4435.0,4200.0,4399.0,"4,399.00",0.0,0.0,"4,353.26","73,963.00","4,180.00","321,979,837.70","1,745",219.0,235.0,5.24,5.6,1.04,"5,749.00","2,445.00",,
2021/08/03,26,CIT,65.8,4400.0,4560.0,4345.0,4346.0,"4,346.00",0.0,0.0,"4,393.80","33,050.00","4,399.00","145,214,989.30",791,-53.0,215.0,-1.2,4.95,-1.1,"5,749.00","2,445.00",,
2021/08/04,26,CIT,63.79,4399.0,4400.0,4250.0,4254.0,"4,254.00",0.0,0.0,"4,277.76","32,879.00","4,346.00","140,648,318.80",809,-92.0,150.0,-2.12,3.53,-0.56,"5,749.00","2,445.00",,
2021/08/05,26,CIT,57.63,4289.0,4290.0,4172.0,4185.0,"4,185.00",0.0,0.0,"4,206.22","24,857.00","4,254.00","104,553,951.90",676,-69.0,118.0,-1.62,2.83,-0.51,"5,749.00","2,445.00",,
2021/06/21,34,CIT,36.96,1896.0,1909.9,1889.0,1905.0,"1,905.00",0.0,0.0,"1,896.63","8,381.00","1,897.00","15,895,617.30",137,8.0,20.9,0.42,1.11,0.44,"2,299.00","1,730.80","1,938.34","1,965.55"
2021/06/22,25,CIT,52.49,3900.0,3900.0,3743.0,3785.0,"3,785.00",0.0,0.0,"3,785.46","29,732.00","3,743.00","112,549,371.00","1,002",42.0,157.0,1.12,4.19,-0.01,"5,749.00","1,750.00",,
2021/06/23,25,CIT,47.58,3800.0,3800.0,3676.0,3678.0,"3,678.00",0.0,0.0,"3,708.74","20,310.00","3,785.00","75,324,493.00",689,-107.0,124.00,-2.83,3.37,-0.84,"5,749.00","1,750.00",,
2021/06/24,26,CIT,47.29,3680.0,3695.0,3570.0,3585.0,"3,585.00",0.0,0.0,"3,601.01","26,583.00","3,678.00","95,725,767.00",765,-93.00,125.0,-2.53,3.5,-0.45,"5,749.00","1,750.00",,
2021/06/27,26,CIT,45.21,3600.0,3650.0,3530.0,3550.0,"3,550.00",0.0,0.0,"3,558.19","17,784.00","3,585.00","63,278,925.00",579,-35.0,120.0,-0.98,3.4,-0.23,"5,749.00","1,750.00",,
2021/06/28,24,CIT,44.25,3609.0,3609.0,3535.0,3540.0,"3,540.00",0.0,0.0,"3,559.48","10,556.00","3,550.00","37,573,911.00",362,-10.0,74.0,-0.28,2.09,-0.55,"5,749.00","1,750.00",,
2021/06/29,25,CIT,48.76,3570.0,3570.0,3500.0,3504.0,"3,504.00",0.0,0.0,"3,515.58","11,788.00","3,540.00","41,441,656.00",368,-36.0,70.0,-1.02,2.0,-0.33,"5,749.00","1,750.00",,
2021/06/30,24,CIT,51.18,3500.0,3500.0,3420.0,3432.0,"3,432.00",0.0,0.0,"3,439.60","17,217.00","3,504.00","59,219,615.00",593,-72.0,80.0,-2.05,2.34,-0.22,"5,749.00","2,111.00",,
2021/07/01,24,CIT,53.80,3480.0,3535.0,3448.0,3460.0,"3,460.00",0.0,0.0,"3,492.35","17,344.00","3,432.00","60,571,260.00",535,28.0,87.0,0.82,2.52,-0.93,"5,749.00","2,292.00",,
2021/07/04,25,CIT,51.85,3525.0,3528.0,3460.0,3470.0,"3,470.00",0.0,0.0,"3,476.83","9,022.00","3,460.00","31,367,923.00",237,10.0,68.0,0.29,1.97,-0.2,"5,749.00","2,397.00",,
2021/07/05,24,CIT,51.88,3460.0,3475.0,3450.0,3453.0,"3,453.00",0.0,0.0,"3,455.32","7,905.00","3,470.00","27,314,315.00",252,-17.0,25.00,-0.49,0.72,-0.07,"5,749.00","2,397.00",,
2021/07/06,24,CIT,55.57,3453.0,3490.0,3450.0,3452.0,"3,452.00",0.0,0.0,"3,460.35","14,110.00","3,453.00","48,825,562.00",291,-1.00,40.00,-0.03,1.16,-0.24,"5,749.00","2,400.00",,
2021/07/07,25,CIT,52.31,3485.0,3485.0,3401.0,3434.0,"3,434.00",0.0,0.0,"3,434.39","8,591.00","3,452.00","29,504,869.00",259,-18.0,84.00,-0.52,2.47,-0.01,"5,749.00","2,400.00",,
2021/07/08,26,CIT,56.03,3459.0,3459.0,3400.0,3435.0,"3,435.00",0.0,0.0,"3,430.42","9,794.00","3,434.00","33,597,579.00",286,1.00,59.0,0.03,1.74,0.13,"5,749.00","2,400.00",,
2021/07/11,25,CIT,61.20,3457.0,3503.0,3450.0,3492.0,"3,492.00",0.0,0.0,"3,482.97","13,874.00","3,435.00","48,322,706.00",353,57.0,53.0,1.66,1.54,0.26,"5,749.00","2,425.00",,
2021/07/12,26,CIT,56.92,3525.0,3590.0,3450.0,3460.0,"3,460.00",0.0,0.0,"3,494.80","13,026.00","3,492.00","45,523,298.00",448,-32.0,140.0,-0.92,4.06,-1.01,"5,749.00","2,425.00",,
2021/05/27,24,CIT,54.76,4000.0,4060.0,3973.0,4003.0,"4,003.00",0.0,0.0,"4,016.96","25,365.00","4,054.00","101,890,285.00",746,-51.00,87.00,-1.26,2.19,-0.35,"5,749.00","1,750.00",,
2021/05/30,24,CIT,54.79,4003.0,4080.0,4000.0,4011.0,"4,011.00",0.0,0.0,"4,020.27","19,971.00","4,003.00","80,288,820.00",515,8.0,80.00,0.2,2.0,-0.23,"5,749.00","1,750.00",,
2021/05/31,24,CIT,52.43,4000.0,4050.0,3960.0,3961.0,"3,961.00",0.0,0.0,"3,986.07","20,186.00","4,011.00","80,462,881.00",590,-50.00,90.00,-1.25,2.27,-0.63,"5,749.00","1,750.00",,
2021/06/01,24,CIT,50.96,3950.0,3990.0,3911.0,3921.0,"3,921.00",0.0,0.0,"3,944.66","16,428.00","3,961.00","64,802,940.00",555,-40.0,79.0,-1.01,2.02,-0.6,"5,749.00","1,750.00",,
2021/06/02,24,CIT,56.85,3930.0,4050.0,3904.0,4000.0,"4,000.00",0.0,0.0,"3,952.35","21,213.00","3,921.00","83,841,244.00",606,79.00,146.00,2.01,3.74,1.19,"5,749.00","1,750.00",,
2021/06/03,23,CIT,54.07,4005.0,4050.0,3971.0,3976.0,"3,976.00",0.0,0.0,"4,009.57","19,905.00","4,000.00","79,810,552.00",602,-24.0,79.00,-0.6,1.99,-0.84,"5,749.00","1,750.00",,
2021/06/06,25,CIT,70.63,4024.0,4151.0,3981.0,4112.0,"4,112.00",0.0,0.0,"4,067.63","39,054.00","3,976.00","158,857,150.00","1,034",136.0,170.00,3.42,4.27,1.08,"5,749.00","1,750.00",,
2021/06/07,24,CIT,67.43,4200.0,4225.0,4101.0,4113.0,"4,113.00",0.0,0.0,"4,142.28","22,169.00","4,112.00","91,830,294.00",696,1.0,124.0,0.02,3.02,-0.71,"5,749.00","1,750.00",,
2021/06/08,25,CIT,62.32,4318.0,4318.0,4090.0,4098.0,"4,098.00",0.0,0.0,"4,104.14","17,724.00","4,113.00","72,741,771.00",486,-15.0,228.0,-0.36,5.57,-0.15,"5,749.00","1,750.00",,
2021/06/09,25,CIT,70.28,4101.0,4200.0,4077.0,4105.0,"4,105.00",0.0,0.0,"4,116.67","30,176.00","4,098.00","124,224,537.00",715,7.0,123.0,0.17,3.02,-0.28,"5,749.00","1,750.00",,
2021/06/10,25,CIT,55.56,4305.0,4305.0,4080.0,4095.0,"4,095.00",0.0,0.0,"4,101.19","15,741.00","4,105.00","64,556,827.00",477,-10.0,225.0,-0.24,5.51,-0.15,"5,749.00","1,750.00",,
2021/06/13,25,CIT,57.85,4120.0,4170.0,4094.0,4094.0,"4,094.00",0.0,0.0,"4,103.36","21,051.00","4,095.00","86,379,796.00",602,-1.0,76.0,-0.02,1.86,-0.23,"5,749.00","1,750.00",,
2021/06/14,25,CIT,57.02,4092.0,4120.0,4092.0,4107.0,"4,107.00",0.0,0.0,"4,105.83","18,807.00","4,094.00","77,218,284.00",543,13.0,28.00,0.32,0.68,0.03,"5,749.00","1,750.00",,
2021/06/15,25,CIT,69.17,4310.0,4310.0,4060.0,4228.0,"4,228.00",0.0,0.0,"4,204.56","44,322.00","4,107.00","186,354,484.00","1,127",121.0,250.0,2.95,6.16,0.55,"5,749.00","1,750.00",,
2021/06/16,26,CIT,70.84,4017.0,4215.0,4017.0,4150.0,"4,150.00",0.0,0.0,"4,150.65","34,008.00","4,228.00","141,155,330.00",893,-78.0,198.00,-1.84,4.93,-0.02,"5,749.00","1,750.00",,
2021/06/17,26,CIT,68.78,4200.0,4200.0,4139.0,4183.0,"4,183.00",0.0,0.0,"4,168.32","23,461.00","4,150.00","97,792,915.00",543,33.0,61.0,0.8,1.47,0.35,"5,749.00","1,750.00",,
2021/05/03,24,CIT,60.57,3980.0,4050.0,3901.0,3909.0,"3,909.00",0.0,0.0,"3,938.74","23,929.00","3,910.00","94,250,216.00",556,-1.0,149.0,-0.03,3.82,-0.76,"5,749.00","1,750.00",,
2021/05/04,24,CIT,64.15,3714.0,4000.0,3714.0,3915.0,"3,915.00",0.0,0.0,"3,928.62","14,761.00","3,909.00","57,990,301.00",378,6.0,286.0,0.15,7.7,-0.35,"5,749.00","1,750.00",,
2021/05/05,24,CIT,59.28,3900.0,3950.0,3884.0,3886.0,"3,886.00",0.0,0.0,"3,901.87","10,411.00","3,915.00","40,622,401.00",339,-29.0,66.0,-0.74,1.7,-0.41,"5,749.00","1,750.00",,
2021/05/06,24,CIT,56.68,3889.0,3889.0,3822.0,3826.0,"3,826.00",0.0,0.0,"3,846.96","18,094.00","3,886.00","69,606,866.00",510,-60.0,67.00,-1.54,1.75,-0.55,"5,749.00","1,750.00",,
2021/05/09,25,CIT,57.39,3810.0,3878.0,3788.0,3826.0,"3,826.00",0.0,0.0,"3,837.11","19,222.00","3,826.00","73,756,961.00",481,0.0,90.0,0.0,2.38,-0.29,"5,749.00","1,750.00",,
2021/05/10,24,CIT,59.42,3829.0,3900.0,3802.0,3855.0,"3,855.00",0.0,0.0,"3,857.59","20,461.00","3,826.00","78,930,126.00",345,29.00,98.00,0.76,2.58,-0.07,"5,749.00","1,750.00",,
2021/05/11,24,CIT,66.79,3900.0,3950.0,3900.0,3929.0,"3,929.00",0.0,0.0,"3,932.71","23,969.00","3,855.00","94,263,061.00",568,74.0,50.00,1.92,1.28,-0.09,"5,749.00","1,750.00",,
2021/05/12,24,CIT,63.51,3994.0,3997.0,3905.0,3920.0,"3,920.00",0.0,0.0,"3,932.01","11,408.00","3,929.00","44,856,377.00",310,-9.00,92.00,-0.23,2.36,-0.31,"5,749.00","1,750.00",,
2021/05/13,24,CIT,64.18,3925.0,3949.0,3900.0,3903.0,"3,903.00",0.0,0.0,"3,916.71","13,968.00","3,920.00","54,708,620.00",332,-17.0,49.00,-0.43,1.26,-0.35,"5,749.00","1,750.00",,
2021/05/16,24,CIT,66.1,3945.0,4000.0,3923.0,3960.0,"3,960.00",0.0,0.0,"3,952.86","19,047.00","3,903.00","75,290,211.00",529,57.0,77.00,1.46,1.96,0.18,"5,749.00","1,750.00",,
2021/05/17,24,CIT,67.77,3990.0,4009.0,3960.0,3966.0,"3,966.00",0.0,0.0,"3,981.25","19,046.00","3,960.00","75,826,909.00",577,6.0,49.0,0.15,1.24,-0.38,"5,749.00","1,750.00",,
2021/05/18,24,CIT,73.58,4100.0,4300.0,4000.0,4239.0,"4,239.00",0.0,0.0,"4,158.85","66,525.00","3,966.00","276,667,783.00","1,983",273.0,300.0,6.88,7.5,1.89,"5,749.00","1,750.00",,
2021/05/19,24,CIT,69.63,4300.0,4337.0,4125.0,4145.0,"4,145.00",0.0,0.0,"4,202.92","28,209.00","4,239.00","118,560,179.00",913,-94.0,212.0,-2.22,5.14,-1.4,"5,749.00","1,750.00",,
2021/05/20,24,CIT,66.4,4145.0,4186.0,4105.0,4121.0,"4,121.00",0.0,0.0,"4,132.70","13,863.00","4,145.00","57,291,666.00",439,-24.0,81.0,-0.58,1.97,-0.28,"5,749.00","1,750.00",,
2021/05/23,24,CIT,67.04,4095.0,4161.0,3960.0,4090.0,"4,090.00",0.0,0.0,"4,085.72","21,711.00","4,121.00","88,705,014.00",657,-31.0,201.0,-0.75,5.08,0.1,"5,749.00","1,750.00",,
2021/05/24,24,CIT,55.33,4244.0,4244.0,4081.0,4097.0,"4,097.00",0.0,0.0,"4,094.96","22,102.00","4,090.00","90,506,737.00",578,7.0,163.00,0.17,3.99,0.05,"5,749.00","1,750.00",,
2021/04/06,22,CIT,57.05,4140.0,4300.0,4070.0,4275.0,"4,275.00",0.0,0.0,"4,198.80","18,207.00","4,195.00","76,447,469.00",499,80.00,230.0,1.91,5.65,1.78,"5,749.00","1,750.00",,
2021/04/07,22,CIT,49.78,4300.0,4300.0,4222.0,4231.0,"4,231.00",0.0,0.0,"4,254.28","3,828.00","4,275.00","16,285,400.00",132,-44.0,78.0,-1.03,1.85,-0.55,"5,749.00","1,750.00",,
2021/04/08,22,CIT,51.34,4201.0,4250.0,4180.0,4205.0,"4,205.00",0.0,0.0,"4,201.04","9,031.00","4,231.00","37,939,606.00",229,-26.0,70.0,-0.61,1.67,0.09,"5,749.00","1,750.00",,
2021/04/12,22,CIT,60.93,4205.0,4205.0,4181.0,4184.0,"4,184.00",0.0,0.0,"4,188.39","7,890.00","4,205.00","33,046,374.00",247,-21.0,24.0,-0.5,0.57,-0.1,"5,749.00","1,750.00",,
2021/04/13,22,CIT,52.0,4184.0,4189.0,4149.0,4151.0,"4,151.00",0.0,0.0,"4,161.49","10,556.00","4,184.00","43,928,697.00",362,-33.0,40.0,-0.79,0.96,-0.25,"5,749.00","1,750.00",,
2021/04/15,23,CIT,50.82,4358.0,4358.0,4150.0,4159.0,"4,159.00",0.0,0.0,"4,166.60","7,320.00","4,151.00","30,499,506.00",257,8.0,208.0,0.19,5.01,-0.18,"5,749.00","1,750.00",,
2021/04/18,22,CIT,50.8,4150.0,4150.0,4100.0,4115.0,"4,115.00",0.0,0.0,"4,125.36","9,856.00","4,159.00","40,659,552.00",289,-44.0,50.0,-1.06,1.22,-0.25,"5,749.00","1,750.00",,
2021/04/19,22,CIT,55.39,4090.0,4090.0,3890.0,3994.0,"3,994.00",0.0,0.0,"3,995.50","71,044.00","4,115.00","283,856,197.00","1,667",-121.0,200.0,-2.94,5.14,-0.04,"5,749.00","1,750.00",,
2021/04/20,23,CIT,61.79,4000.0,4000.0,3845.0,3950.0,"3,950.00",0.0,0.0,"3,934.51","54,464.00","3,994.00","214,289,368.00","1,297",-44.00,155.0,-1.1,4.03,0.39,"5,749.00","1,750.00",,
2021/04/21,22,CIT,58.9,4000.0,4000.0,3881.0,3892.0,"3,892.00",0.0,0.0,"3,905.33","47,054.00","3,950.00","183,761,528.00","1,120",-58.00,119.0,-1.47,3.07,-0.34,"5,749.00","1,750.00",,
2021/04/22,23,CIT,58.17,4086.0,4086.0,3829.0,3886.0,"3,886.00",0.0,0.0,"3,875.75","32,235.00","3,892.00","124,934,762.00",827,-6.0,257.0,-0.15,6.71,0.26,"5,749.00","1,750.00",,
2021/04/25,23,CIT,56.04,3940.0,3940.0,3797.0,3797.0,"3,797.00",0.0,0.0,"3,821.48","40,762.00","3,886.00","155,771,327.00","1,110",-89.0,143.0,-2.29,3.77,-0.64,"5,749.00","1,750.00",,
2021/04/26,23,CIT,54.28,3750.0,3825.0,3700.0,3701.0,"3,701.00",0.0,0.0,"3,729.38","45,474.00","3,797.00","169,589,940.00","1,132",-96.0,125.0,-2.53,3.38,-0.77,"5,749.00","1,750.00",,
2021/04/27,23,CIT,63.98,3701.0,3876.0,3701.0,3875.0,"3,875.00",0.0,0.0,"3,793.01","27,633.00","3,701.00","104,812,289.00",846,174.0,175.0,4.7,4.73,2.12,"5,749.00","1,750.00",,
2021/04/28,24,CIT,58.27,3890.0,3980.0,3775.0,3850.0,"3,850.00",0.0,0.0,"3,883.57","20,193.00","3,875.00","78,420,886.00",500,-25.00,205.0,-0.65,5.43,-0.87,"5,749.00","1,750.00",,
2021/04/29,24,CIT,64.83,4042.0,4042.0,3830.0,3850.0,"3,850.00",0.0,0.0,"3,873.11","23,904.00","3,850.00","92,582,873.00",468,0.0,212.0,0.0,5.54,-0.6,"5,749.00","1,750.00",,
2021/03/14,22,CIT,48.02,4300.0,4310.0,4099.0,4120.0,"4,120.00",0.0,0.0,"4,157.82","23,378.00","4,295.00","97,201,474.00",591,-175.0,211.0,-4.07,5.15,-0.92,"5,749.00","1,750.00",,
2021/03/15,22,CIT,47.14,4120.0,4202.0,3990.0,4092.0,"4,092.00",0.0,0.0,"4,093.31","14,171.00","4,120.00","58,006,227.00",369,-28.0,212.00,-0.68,5.31,-0.03,"5,749.00","1,750.00",,
2021/03/16,22,CIT,46.87,4051.0,4125.0,3984.0,4060.0,"4,060.00",0.0,0.0,"4,044.20","14,221.00","4,092.00","57,512,541.00",400,-32.00,141.00,-0.78,3.54,0.39,"5,749.00","1,750.00",,
2021/03/17,22,CIT,47.97,4020.0,4155.0,4020.0,4125.0,"4,125.00",0.0,0.0,"4,116.73","8,453.00","4,060.00","34,798,710.00",237,65.0,135.0,1.6,3.36,0.2,"5,749.00","1,750.00",,
2021/03/18,22,CIT,59.98,4150.0,4386.0,4100.0,4377.0,"4,377.00",0.0,0.0,"4,289.37","15,233.00","4,125.00","65,339,992.00",422,252.0,286.0,6.11,6.98,2.0,"5,749.00","1,750.00",,
2021/03/21,22,CIT,63.01,4464.0,4525.0,4448.0,4499.0,"4,499.00",0.0,0.0,"4,496.72","16,396.00","4,377.00","73,728,231.00",482,122.00,77.00,2.79,1.73,0.05,"5,749.00","1,750.00",,
2021/03/22,23,CIT,60.2,4500.0,4545.0,4400.0,4400.0,"4,400.00",0.0,0.0,"4,442.36","13,357.00","4,499.00","59,336,595.00",376,-99.0,145.0,-2.2,3.3,-0.96,"5,749.00","1,750.00",,
2021/03/23,22,CIT,60.05,4400.0,4400.0,4310.0,4362.0,"4,362.00",0.0,0.0,"4,354.59","9,848.00","4,400.00","42,884,003.00",244,-38.00,90.00,-0.86,2.09,0.17,"5,749.00","1,750.00",,
2021/03/24,22,CIT,65.83,4390.0,4480.0,4380.0,4420.0,"4,420.00",0.0,0.0,"2,212.82","27,423.00","4,362.00","60,682,064.00",205,58.00,100.00,1.33,2.28,49.94,"5,749.00","1,390.00",,
2021/03/25,22,CIT,48.99,4500.0,4505.0,4360.0,4367.0,"4,367.00",0.0,0.0,"4,402.69","6,135.00","4,420.00","27,010,482.00",214,-53.0,145.00,-1.2,3.33,-0.82,"5,749.00","1,750.00",,
2021/03/29,23,CIT,53.61,4350.0,4400.0,4291.0,4349.0,"4,349.00",0.0,0.0,"4,367.29","4,192.00","4,367.00","18,307,661.00",122,-18.0,109.00,-0.41,2.54,-0.42,"5,749.00","1,750.00",,
2021/03/30,24,CIT,57.41,4362.0,4390.0,4329.0,4360.0,"4,360.00",0.0,0.0,"4,370.66","4,276.00","4,349.00","18,688,935.00",130,11.0,61.0,0.25,1.41,-0.24,"5,749.00","1,750.00",,
2021/03/31,23,CIT,58.59,4400.0,4400.0,4350.0,4390.0,"4,390.00",0.0,0.0,"4,368.09","6,063.00","4,360.00","26,483,741.00",137,30.0,50.0,0.69,1.15,0.5,"5,749.00","1,750.00",,
2021/04/01,23,CIT,63.17,4400.0,4410.0,4350.0,4370.0,"4,370.00",0.0,0.0,"4,366.73","12,138.00","4,390.00","53,003,405.00",244,-20.00,60.00,-0.46,1.38,0.07,"5,749.00","1,750.00",,
2021/04/03,34,CIT,36.96,1896.0,1909.9,1889.0,1905.0,"1,905.00",0.0,0.0,"1,896.63","8,381.00","1,897.00","15,895,617.30",137,8.0,20.9,0.42,1.11,0.44,"2,299.00","1,730.80","1,938.34","1,965.55"
2021/04/04,22,CIT,59.68,4363.0,4364.0,4250.0,4288.0,"4,288.00",0.0,0.0,"4,297.24","31,284.00","4,370.00","134,434,851.00",980,-82.0,114.00,-1.88,2.68,-0.22,"5,749.00","1,750.00",,
2021/02/15,22,CIT,52.79,4590.0,4750.0,4525.0,4689.0,"4,689.00",0.0,0.0,"4,685.88","12,419.00","4,500.00","58,193,996.00",305,189.0,225.0,4.2,4.97,0.07,"5,749.00","1,750.00",,
2021/02/16,22,CIT,52.78,4850.0,4850.0,4576.0,4619.0,"4,619.00",0.0,0.0,"4,649.26","19,764.00","4,689.00","91,887,951.00",353,-70.0,274.0,-1.49,5.99,-0.66,"5,749.00","1,750.00",,
2021/02/17,22,CIT,50.85,4600.0,4620.0,4570.0,4600.0,"4,600.00",0.0,0.0,"4,597.51","11,673.00","4,619.00","53,666,704.00",275,-19.0,50.0,-0.41,1.09,0.05,"5,749.00","1,750.00",,
2021/02/18,22,CIT,55.71,4680.0,4719.0,4600.0,4705.0,"4,705.00",0.0,0.0,"4,665.65","18,853.00","4,600.00","87,961,484.00",365,105.0,119.0,2.28,2.59,0.84,"5,749.00","1,750.00",,
2021/02/21,34,CIT,36.96,1896.0,1909.9,1889.0,1905.0,"1,905.00",0.0,0.0,"1,896.63","8,381.00","1,897.00","15,895,617.30",137,8.0,20.9,0.42,1.11,0.44,"2,299.00","1,730.80","1,938.34","1,965.55"
2021/02/22,22,CIT,60.81,4900.0,4950.0,4781.0,4800.0,"4,800.00",0.0,0.0,"4,846.11","26,537.00","4,799.00","128,601,351.00",550,1.0,169.0,0.02,3.53,-0.96,"5,749.00","1,750.00",,
2021/02/23,22,CIT,56.36,4800.0,4800.0,4587.0,4734.0,"4,734.00",0.0,0.0,"4,661.53","17,837.00","4,800.00","83,147,762.00",463,-66.00,213.0,-1.38,4.64,1.53,"5,749.00","1,750.00",,
2021/02/24,22,CIT,56.93,4750.0,4896.0,4705.0,4790.0,"4,790.00",0.0,0.0,"4,781.88","22,292.00","4,734.00","106,597,682.00",381,56.0,191.0,1.18,4.06,0.17,"5,749.00","1,750.00",,
2021/02/25,23,CIT,48.01,5029.0,5029.0,4635.0,4710.0,"4,710.00",0.0,0.0,"4,732.40","11,723.00","4,790.00","55,477,935.00",246,-80.0,394.0,-1.67,8.5,-0.48,"5,749.00","1,750.00",,
2021/02/28,22,CIT,48.01,4650.0,4691.0,4570.0,4578.0,"4,578.00",0.0,0.0,"4,601.02","22,971.00","4,710.00","105,690,088.00",510,-132.0,121.0,-2.8,2.65,-0.5,"5,749.00","1,750.00",,
2021/03/01,22,CIT,47.44,4580.0,4638.0,4425.0,4600.0,"4,600.00",0.0,0.0,"4,556.48","14,014.00","4,578.00","63,854,495.00",383,22.0,213.0,0.48,4.81,0.95,"5,749.00","1,750.00",,
2021/03/02,22,CIT,45.05,4601.0,4650.0,4420.0,4485.0,"4,485.00",0.0,0.0,"4,504.96","14,125.00","4,600.00","63,632,626.00",362,-115.0,230.0,-2.5,5.2,-0.45,"5,749.00","1,750.00",,
2021/03/03,22,CIT,50.26,4401.0,4520.0,4300.0,4329.0,"4,329.00",0.0,0.0,"4,368.40","31,138.00","4,485.00","136,023,324.00",726,-156.0,220.00,-3.48,5.12,-0.91,"5,749.00","1,750.00",,
2021/03/04,23,CIT,47.48,4370.0,4521.0,4350.0,4495.0,"4,495.00",0.0,0.0,"4,441.10","21,455.00","4,329.00","95,283,890.00",436,166.0,171.0,3.83,3.93,1.2,"5,749.00","1,750.00",,
2021/03/07,22,CIT,42.73,4550.0,4551.0,4370.0,4376.0,"4,376.00",0.0,0.0,"4,429.40","12,537.00","4,495.00","55,531,389.00",310,-119.00,181.0,-2.65,4.14,-1.22,"5,749.00","1,750.00",,
2021/03/09,22,CIT,50.57,4312.0,4375.0,4290.0,4300.0,"4,300.00",0.0,0.0,"4,308.30","13,048.00","4,376.00","56,214,723.00",416,-76.0,85.0,-1.74,1.98,-0.19,"5,749.00","1,750.00",,
2021/01/21,23,CIT,64.06,3460.0,3495.0,3439.0,3446.0,"3,446.00",0.0,0.0,"3,450.89","13,740.00","3,459.00","47,415,243.00",402,-13.0,56.00,-0.38,1.63,-0.14,"5,749.00","1,750.00",,
2021/01/24,22,CIT,71.56,3618.0,3790.0,3510.0,3790.0,"3,790.00",0.0,0.0,"3,705.64","28,393.00","3,446.00","105,214,138.00",803,344.0,280.0,9.98,7.98,2.23,"5,749.00","1,750.00",,
2021/01/25,23,CIT,67.27,3979.0,4169.0,3979.0,4169.0,"4,169.00",0.0,0.0,"4,166.96","14,260.00","3,790.00","59,420,789.00",363,379.00,190.00,10.0,4.78,0.05,"5,749.00","1,750.00",,
2021/01/26,23,CIT,71.44,4377.0,4377.0,4054.0,4162.0,"4,162.00",0.0,0.0,"4,229.55","38,847.00","4,169.00","164,305,363.00","1,064",-7.0,323.00,-0.17,7.97,-1.62,"5,749.00","1,750.00",,
2021/01/27,22,CIT,67.76,4150.0,4190.0,4085.0,4148.0,"4,148.00",0.0,0.0,"4,143.32","23,822.00","4,162.00","98,702,151.00",517,-14.0,105.0,-0.34,2.57,0.11,"5,749.00","1,750.00",,
2021/01/28,22,CIT,65.27,4190.0,4225.0,4120.0,4162.0,"4,162.00",0.0,0.0,"4,164.67","26,528.00","4,148.00","110,480,325.00",473,14.0,105.00,0.34,2.55,-0.06,"5,749.00","1,750.00",,
2021/01/31,22,CIT,52.46,4170.0,4180.0,4054.0,4058.0,"4,058.00",0.0,0.0,"4,089.14","16,260.00","4,162.00","66,489,483.00",539,-104.0,126.0,-2.5,3.11,-0.77,"5,749.00","1,750.00",,
2021/02/01,21,CIT,54.53,4090.0,4150.0,4060.0,4098.0,"4,098.00",0.0,0.0,"4,095.10","11,257.00","4,058.00","46,098,502.00",317,40.00,90.0,0.99,2.22,0.07,"5,749.00","1,750.00",,
2021/02/02,22,CIT,57.31,4150.0,4229.0,4090.0,4200.0,"4,200.00",0.0,0.0,"4,177.44","15,455.00","4,098.00","64,562,277.00",396,102.0,139.0,2.49,3.4,0.54,"5,749.00","1,750.00",,
2021/02/03,21,CIT,56.56,4250.0,4350.0,4165.0,4195.0,"4,195.00",0.0,0.0,"4,253.85","16,269.00","4,200.00","69,205,853.00",512,-5.0,185.0,-0.12,4.44,-1.4,"5,749.00","1,750.00",,
2021/02/04,21,CIT,58.7,4194.0,4309.0,4150.0,4252.0,"4,252.00",0.0,0.0,"4,249.98","17,981.00","4,195.00","76,418,894.00",425,57.0,159.0,1.36,3.83,0.05,"5,749.00","1,750.00",,
2021/02/07,22,CIT,64.63,4330.0,4677.0,4300.0,4677.0,"4,677.00",0.0,0.0,"4,522.17","47,912.00","4,252.00","216,666,094.00",918,425.0,377.0,10.0,8.77,3.31,"5,749.00","1,750.00",,
2021/02/08,22,CIT,65.27,4910.0,5000.0,4783.0,4910.0,"4,910.00",0.0,0.0,"4,918.76","28,716.00","4,677.00","141,247,074.00",716,233.0,217.0,4.98,4.54,-0.18,"5,749.00","1,750.00",,
2021/02/09,22,CIT,61.78,5000.0,5000.0,4778.0,4793.0,"4,793.00",0.0,0.0,"4,821.83","17,306.00","4,910.00","83,446,520.00",529,-117.0,222.0,-2.38,4.65,-0.6,"5,749.00","1,750.00",,
2021/02/10,22,CIT,59.66,4793.0,4795.0,4700.0,4747.0,"4,747.00",0.0,0.0,"4,731.77","15,920.00","4,793.00","75,329,774.00",459,-46.0,95.0,-0.96,2.02,0.32,"5,749.00","1,750.00",,
2021/02/11,22,CIT,53.02,4750.0,4785.0,4671.0,4678.0,"4,678.00",0.0,0.0,"4,702.00","12,747.00","4,747.00","59,936,336.00",367,-69.0,114.0,-1.45,2.44,-0.51,"5,749.00","1,750.00",,
2021/03/10,23,CIT,53.09,4385.0,4385.0,4290.0,4295.0,"4,295.00",0.0,0.0,"4,305.94","10,619.00","4,300.00","45,724,763.00",229,-5.0,95.00,-0.12,2.21,-0.25,"5,749.00","1,750.00",,
2021/04/05,22,CIT,52.55,4288.0,4300.0,4175.0,4195.0,"4,195.00",0.0,0.0,"4,206.27","20,511.00","4,288.00","86,274,767.00",677,-93.0,125.00,-2.17,2.99,-0.27,"5,749.00","1,750.00",,
2021/05/02,25,CIT,66.44,3900.0,3945.0,3830.0,3910.0,"3,910.00",0.0,0.0,"3,900.15","27,735.00","3,850.00","108,170,645.00",623,60.0,115.0,1.56,3.0,0.25,"5,749.00","1,750.00",,
2021/05/25,24,CIT,54.75,4200.0,4200.0,4050.0,4054.0,"4,054.00",0.0,0.0,"4,067.70","16,258.00","4,097.00","66,132,589.00",500,-43.00,150.00,-1.05,3.7,-0.34,"5,749.00","1,750.00",,
2021/06/20,26,CIT,68.13,4220.0,4250.0,4100.0,4150.0,"4,150.00",0.0,0.0,"4,143.27","25,526.00","4,183.00","105,761,055.00",730,-33.0,150.00,-0.79,3.66,0.16,"5,749.00","1,750.00",,
2021/07/13,25,CIT,57.03,3500.0,3528.0,3455.0,3455.0,"3,455.00",0.0,0.0,"3,488.57","9,706.00","3,460.00","33,860,037.00",225,-5.0,73.0,-0.14,2.11,-0.97,"5,749.00","2,425.00",,
2021/08/08,25,CIT,56.21,4200.0,4300.0,4155.0,4248.0,"4,248.00",0.0,0.0,"4,230.94","26,601.00","4,185.00","112,547,334.90",497,63.0,145.0,1.51,3.49,0.4,"5,749.00","2,461.00",,
2021/09/05,25,CIT,52.5,3664.0,3700.0,3560.0,3610.0,"3,610.00",0.0,0.0,"3,607.14","30,767.00","3,698.00","110,981,024.50",798,-88.0,140.0,-2.38,3.93,0.08,"5,749.00","2,923.00",,
2021/09/28,24,CIT,40.73,3311.0,3399.0,3290.0,3298.0,"3,298.00",0.0,0.0,"3,316.07","15,903.00","3,373.00","52,735,442.70",530,-75.0,109.0,-2.22,3.31,-0.55,"5,749.00","2,923.00",,
2021/10/27,25,CIT,61.11,3500.0,3500.0,3400.0,3468.0,"3,468.00",0.0,0.0,"3,468.97","13,210.00","3,456.00","45,825,136.70",302,12.00,100.0,0.35,2.94,-0.03,"5,749.00","2,923.00",,
2021/11/24,24,CIT,42.19,3310.0,3330.0,3270.0,3315.0,"3,315.00",0.0,0.0,"3,306.54","5,558.00","3,318.00","18,377,727.50",143,-3.00,60.0,-0.09,1.83,0.26,"5,749.00","2,923.00",,
2021/12/20,25,CIT,46.36,2760.0,2825.0,2711.0,2780.0,"2,780.00",0.0,0.0,"2,775.75","6,734.00","2,813.00","18,691,909.00",189,-33.0,114.0,-1.17,4.21,0.15,"5,749.00","2,625.00",,
2022/01/13,24,CIT,51.25,3410.0,3438.0,3371.0,3424.0,"3,424.00",0.0,0.0,"3,412.88","13,180.00","3,380.00","44,981,748.80",295,44.0,67.0,1.3,1.99,0.32,"5,029.00","2,625.00",,
2022/02/08,26,CIT,41.46,3417.2,3430.0,3323.0,3335.0,"3,335.00",0.0,0.0,"3,367.24","7,109.00","3,350.20","23,937,712.00",195,-15.2,107.0,-0.45,3.22,-0.97,"5,029.00","2,625.00",,
2022/03/07,26,CIT,38.1,3000.0,3014.0,2950.0,2969.0,"2,969.00",0.0,0.0,"2,977.91","5,408.00","2,983.00","16,104,560.40",208,-14.0,64.0,-0.47,2.17,-0.3,"4,560.00","2,625.00",,
2020/12/28,23,CIT,53.62,5079.0,5100.0,4997.0,5008.0,"5,008.00",0.0,0.0,"5,040.64","64,182.00","5,029.00","323,518,410.00","1,817",-21.0,103.0,-0.42,2.06,-0.65,"5,749.00","1,750.00",,
2020/12/29,23,CIT,45.2,2923.0,3062.0,2923.0,3062.0,"3,062.00",0.0,0.0,"3,049.11","6,612.00","2,784.00","20,160,738.00",171,278.00,139.0,9.99,4.76,0.42,"5,749.00","1,750.00",,
2020/12/30,22,CIT,44.73,3215.0,3368.0,3215.0,3368.0,"3,368.00",0.0,0.0,"3,365.38","10,855.00","3,062.00","36,531,160.00",188,306.0,153.00,9.99,4.76,0.08,"5,749.00","1,750.00",,
2020/12/31,21,CIT,52.22,3536.0,3704.0,3296.0,3430.0,"3,430.00",0.0,0.0,"3,487.83","82,538.00","3,368.00","287,878,262.00","1,993",62.0,408.0,1.84,12.38,-1.69,"5,749.00","1,750.00",,
2021/01/03,22,CIT,47.34,3500.0,3500.0,3400.0,3421.0,"3,421.00",0.0,0.0,"3,425.67","25,448.00","3,430.00","87,176,448.00",699,-9.00,100.0,-0.26,2.94,-0.14,"5,749.00","1,750.00",,
2021/01/04,21,CIT,60.81,3570.0,3570.0,3395.0,3415.0,"3,415.00",0.0,0.0,"3,422.87","13,228.00","3,421.00","45,277,747.00",394,-6.0,175.00,-0.18,5.15,-0.23,"5,749.00","1,750.00",,
2021/01/05,21,CIT,56.77,3430.0,3434.0,3380.0,3383.0,"3,383.00",0.0,0.0,"3,393.76","11,779.00","3,415.00","39,975,098.00",352,-32.0,54.0,-0.94,1.6,-0.32,"5,749.00","1,750.00",,
2021/01/06,21,CIT,56.91,3400.0,3410.0,3337.0,3359.0,"3,359.00",0.0,0.0,"3,359.86","11,674.00","3,383.00","39,222,967.00",372,-24.0,73.0,-0.71,2.19,-0.03,"5,749.00","1,750.00",,
2021/01/07,21,CIT,62.2,3340.0,3460.0,3340.0,3400.0,"3,400.00",0.0,0.0,"3,407.82","25,196.00","3,359.00","85,863,383.00",522,41.0,120.0,1.22,3.59,-0.23,"5,749.00","1,750.00",,
2021/01/10,22,CIT,60.54,3445.0,3498.0,3445.0,3459.0,"3,459.00",0.0,0.0,"3,462.73","13,962.00","3,400.00","48,346,644.00",381,59.0,53.0,1.74,1.54,-0.11,"5,749.00","1,750.00",,
2021/01/11,22,CIT,57.74,3500.0,3570.0,3430.0,3462.0,"3,462.00",0.0,0.0,"3,473.32","9,394.00","3,459.00","32,628,386.00",262,3.0,140.0,0.09,4.08,-0.33,"5,749.00","1,750.00",,
2021/01/12,22,CIT,59.36,3494.0,3554.0,3436.0,3441.0,"3,441.00",0.0,0.0,"3,454.87","10,936.00","3,462.00","37,782,483.00",291,-21.0,118.0,-0.61,3.43,-0.4,"5,749.00","1,750.00",,
2021/01/13,34,CIT,36.96,1896.0,1909.9,1889.0,1905.0,"1,905.00",0.0,0.0,"1,896.63","8,381.00","1,897.00","15,895,617.30",137,8.0,20.9,0.42,1.11,0.44,"2,299.00","1,730.80","1,938.34","1,965.55"
2021/01/17,22,CIT,62.53,3498.0,3498.0,3430.0,3455.0,"3,455.00",0.0,0.0,"3,444.82","14,916.00","3,440.00","51,382,926.00",315,15.0,68.0,0.44,1.98,0.29,"5,749.00","1,750.00",,
2021/01/18,23,CIT,61.4,3460.0,3490.0,3456.0,3483.0,"3,483.00",0.0,0.0,"3,474.62","12,601.00","3,455.00","43,783,624.00",310,28.0,34.0,0.81,0.98,0.24,"5,749.00","1,750.00",,
2021/01/19,22,CIT,61.56,3495.0,3495.0,3450.0,3460.0,"3,460.00",0.0,0.0,"3,465.04","12,369.00","3,483.00","42,859,074.00",329,-23.0,45.0,-0.66,1.3,-0.15,"5,749.00","1,750.00",,
2020/12/04,34,CIT,36.96,1896.0,1909.9,1889.0,1905.0,"1,905.00",0.0,0.0,"1,896.63","8,381.00","1,897.00","15,895,617.30",137,8.0,20.9,0.42,1.11,0.44,"2,299.00","1,730.80","1,938.34","1,965.55"
2020/12/06,22,CIT,49.77,4945.0,4945.0,4601.0,4601.0,"4,601.00",0.0,0.0,"4,729.12","20,937.00","4,950.00","99,013,487.00",517,-349.00,344.0,-7.05,7.48,-2.78,"5,100.00","1,678.00",,
2020/12/07,23,CIT,55.86,4601.0,4837.0,4550.0,4784.0,"4,784.00",0.0,0.0,"4,703.11","17,525.00","4,601.00","82,421,980.00",364,183.0,287.00,3.98,6.31,1.69,"5,100.00","1,678.00",,
2020/12/08,22,CIT,46.37,4879.0,4910.0,4720.0,4724.0,"4,724.00",0.0,0.0,"4,793.36","10,239.00","4,784.00","49,079,236.00",222,-60.00,190.00,-1.25,4.03,-1.47,"5,100.00","1,678.00",,
2020/12/09,21,CIT,51.31,4960.0,4960.0,4670.0,4748.0,"4,748.00",0.0,0.0,"4,787.60","21,305.00","4,724.00","101,999,823.00",451,24.0,290.0,0.51,6.21,-0.83,"5,100.00","1,678.00",,
2020/12/10,21,CIT,53.95,4750.0,4850.0,4750.0,4820.0,"4,820.00",0.0,0.0,"4,790.32","11,664.00","4,748.00","55,874,246.00",290,72.0,100.0,1.52,2.11,0.62,"5,100.00","1,707.00",,
2020/12/13,22,CIT,53.62,4916.0,5000.0,4825.0,4995.0,"4,995.00",0.0,0.0,"4,931.37","20,432.00","4,820.00","100,757,759.00",491,175.0,175.00,3.63,3.63,1.27,"5,100.00","1,707.00",,
2020/12/14,21,CIT,68.36,5015.0,5250.0,4952.0,5179.0,"5,179.00",0.0,0.0,"5,086.45","28,668.00","4,995.00","145,818,243.00",645,184.00,298.0,3.68,6.02,1.79,"5,250.00","1,707.00",,
2020/12/15,20,CIT,60.33,5210.0,5493.0,5210.0,5298.0,"5,298.00",0.0,0.0,"5,316.38","14,515.00","5,179.00","77,167,281.00",399,119.0,283.0,2.3,5.43,-0.35,"5,493.00","1,707.00",,
2020/12/16,20,CIT,62.75,5500.0,5500.0,5220.0,5235.0,"5,235.00",0.0,0.0,"5,296.83","15,996.00","5,298.00","84,728,020.00",355,-63.0,280.0,-1.19,5.36,-1.18,"5,500.00","1,707.00",,
2020/12/17,21,CIT,68.57,5235.0,5520.0,5200.0,5480.0,"5,480.00",0.0,0.0,"5,449.76","48,027.00","5,235.00","261,735,715.00","1,358",245.0,320.0,4.68,6.15,0.55,"5,520.00","1,730.00",,
2020/12/20,21,CIT,57.09,5700.0,5749.0,5096.0,5180.0,"5,180.00",0.0,0.0,"5,404.69","57,438.00","5,480.00","310,434,720.00","1,561",-300.00,653.00,-5.47,12.81,-4.34,"5,749.00","1,735.00",,
2020/12/21,21,CIT,54.75,5100.0,5300.0,4901.0,5160.0,"5,160.00",0.0,0.0,"5,048.37","43,444.00","5,180.00","219,321,273.00","1,137",-20.0,399.00,-0.39,8.14,2.16,"5,749.00","1,735.00",,
2020/12/22,21,CIT,60.5,5259.0,5358.0,5124.0,5271.0,"5,271.00",0.0,0.0,"2,885.58","65,554.00","5,160.00","189,161,048.00",556,111.00,234.00,2.15,4.57,45.26,"5,749.00","1,735.00",,
2020/12/23,21,CIT,47.87,5349.0,5349.0,5090.0,5120.0,"5,120.00",0.0,0.0,"5,177.13","15,392.00","5,271.00","79,686,421.00",516,-151.0,259.00,-2.86,5.09,-1.12,"5,749.00","1,750.00",,
2020/12/24,21,CIT,47.67,5120.0,5165.0,5062.0,5100.0,"5,100.00",0.0,0.0,"5,101.16","16,620.00","5,120.00","84,781,354.00",441,-20.0,103.0,-0.39,2.03,-0.02,"5,749.00","1,750.00",,
2020/11/08,21,CIT,61.83,3760.0,3850.0,3740.0,3840.0,"3,840.00",0.0,0.0,"3,796.31","12,518.00","3,752.00","47,522,169.00",290,88.0,110.0,2.35,2.94,1.14,"3,850.00","1,678.00",,
2020/11/09,21,CIT,62.48,3887.0,4034.0,3862.0,3964.0,"3,964.00",0.0,0.0,"3,965.22","8,586.00","3,840.00","34,045,361.00",280,124.0,172.0,3.23,4.45,-0.03,"4,034.00","1,678.00",,
2020/11/10,22,CIT,67.9,4020.0,4109.0,3985.0,4109.0,"4,109.00",0.0,0.0,"4,025.13","19,886.00","3,964.00","80,043,688.00",482,145.00,124.0,3.66,3.11,2.04,"4,109.00","1,678.00",,
2020/11/11,21,CIT,71.79,4189.0,4519.0,4156.0,4519.0,"4,519.00",0.0,0.0,"4,425.94","34,911.00","4,109.00","154,514,008.00",869,410.00,363.00,9.98,8.73,2.06,"4,519.00","1,678.00",,
2020/11/12,22,CIT,73.09,4519.0,4675.0,4434.0,4460.0,"4,460.00",0.0,0.0,"4,506.00","34,205.00","4,519.00","154,127,684.00",718,-59.00,241.00,-1.31,5.44,-1.03,"4,675.00","1,678.00",,
2020/11/18,23,CIT,68.16,4506.0,4794.0,4466.0,4775.0,"4,775.00",0.0,0.0,"4,698.94","21,891.00","4,460.00","102,864,584.00",607,315.0,328.00,7.06,7.34,1.59,"4,794.00","1,678.00",,
2020/11/19,22,CIT,69.62,4800.0,5000.0,4750.0,4955.0,"4,955.00",0.0,0.0,"4,854.20","28,368.00","4,775.00","137,703,939.00",574,180.00,250.00,3.77,5.26,2.03,"5,000.00","1,678.00",,
2020/11/22,22,CIT,61.01,5050.0,5100.0,4600.0,4760.0,"4,760.00",0.0,0.0,"4,804.80","32,226.00","4,955.00","154,839,478.00",827,-195.00,500.00,-3.94,10.87,-0.94,"5,100.00","1,678.00",,
2020/11/23,22,CIT,62.82,4760.0,4760.0,4521.0,4650.0,"4,650.00",0.0,0.0,"4,653.61","23,224.00","4,760.00","108,075,472.00",600,-110.00,239.00,-2.31,5.29,-0.08,"5,100.00","1,678.00",,
2020/11/24,21,CIT,62.03,4695.0,4840.0,4655.0,4799.0,"4,799.00",0.0,0.0,"4,769.39","19,204.00","4,650.00","91,591,367.00",385,149.0,185.0,3.2,3.97,0.62,"5,100.00","1,678.00",,
2020/11/25,21,CIT,58.31,4890.0,4987.0,4780.0,4816.0,"4,816.00",0.0,0.0,"4,819.59","12,909.00","4,799.00","62,216,096.00",335,17.00,207.00,0.35,4.33,-0.07,"5,100.00","1,678.00",,
2020/11/26,21,CIT,59.37,4895.0,4895.0,4730.0,4740.0,"4,740.00",0.0,0.0,"4,787.90","20,540.00","4,816.00","98,343,507.00",495,-76.0,165.00,-1.58,3.49,-1.01,"5,100.00","1,678.00",,
2020/11/29,21,CIT,58.1,4750.0,4750.0,4632.0,4650.0,"4,650.00",0.0,0.0,"4,671.67","23,337.00","4,740.00","109,022,681.00",552,-90.0,118.00,-1.9,2.55,-0.47,"5,100.00","1,678.00",,
2020/11/30,21,CIT,56.39,4699.0,4820.0,4620.0,4817.0,"4,817.00",0.0,0.0,"4,744.09","20,749.00","4,650.00","98,435,175.00",408,167.0,200.0,3.59,4.33,1.51,"5,100.00","1,678.00",,
2020/12/01,22,CIT,53.63,4870.0,4870.0,4750.0,4770.0,"4,770.00",0.0,0.0,"4,790.21","13,570.00","4,817.00","65,003,101.00",261,-47.0,120.0,-0.98,2.53,-0.42,"5,100.00","1,678.00",,
2020/12/02,22,CIT,64.29,4770.0,5100.0,4753.0,4980.0,"4,980.00",0.0,0.0,"4,945.36","33,118.00","4,770.00","163,780,392.00",648,210.00,347.00,4.4,7.3,0.7,"5,100.00","1,678.00",,
2020/10/12,21,CIT,44.06,3480.0,3485.0,3465.0,3466.0,"3,466.00",0.0,0.0,"3,471.16","6,273.00","3,472.00","21,774,594.00",122,-6.0,20.0,-0.17,0.58,-0.15,"3,704.00","1,678.00",,
2020/10/13,21,CIT,44.23,3498.0,3498.0,3462.0,3470.0,"3,470.00",0.0,0.0,"3,466.55","7,449.00","3,466.00","25,822,353.00",107,4.0,36.0,0.12,1.04,0.1,"3,704.00","1,678.00",,
2020/10/14,22,CIT,43.56,3495.0,3495.0,3457.0,3459.0,"3,459.00",0.0,0.0,"3,461.68","4,169.00","3,470.00","14,431,754.00",107,-11.0,38.0,-0.32,1.1,-0.08,"3,704.00","1,678.00",,
2020/10/15,22,CIT,42.93,3495.0,3496.0,3459.0,3465.0,"3,465.00",0.0,0.0,"3,466.08","4,601.00","3,459.00","15,947,420.00",92,6.0,37.0,0.17,1.07,-0.03,"3,704.00","1,678.00",,
2020/10/18,22,CIT,60.96,3431.0,3610.0,3430.0,3531.0,"3,531.00",0.0,0.0,"3,537.09","11,175.00","3,465.00","39,526,945.00",246,66.0,180.0,1.9,5.25,-0.17,"3,704.00","1,678.00",,
2020/10/19,21,CIT,62.29,3530.0,3573.0,3530.0,3570.0,"3,570.00",0.0,0.0,"3,565.18","8,690.00","3,531.00","30,981,456.00",161,39.0,43.0,1.1,1.22,0.13,"3,704.00","1,678.00",,
2020/10/20,22,CIT,64.2,3589.0,3620.0,3589.0,3616.0,"3,616.00",0.0,0.0,"3,605.60","11,143.00","3,570.00","40,177,202.00",268,46.0,31.0,1.29,0.86,0.29,"3,704.00","1,678.00",,
2020/10/21,21,CIT,61.73,3640.0,3675.0,3635.0,3675.0,"3,675.00",0.0,0.0,"3,652.06","8,005.00","3,616.00","29,234,770.00",207,59.0,40.0,1.63,1.1,0.62,"3,704.00","1,678.00",,
2020/10/22,20,CIT,64.81,3675.0,3720.0,3669.0,3695.0,"3,695.00",0.0,0.0,"3,698.57","12,157.00","3,675.00","44,963,492.00",282,20.0,51.0,0.54,1.39,-0.1,"3,720.00","1,678.00",,
2020/10/25,34,CIT,36.96,1896.0,1909.9,1889.0,1905.0,"1,905.00",0.0,0.0,"1,896.63","8,381.00","1,897.00","15,895,617.30",137,8.0,20.9,0.42,1.11,0.44,"2,299.00","1,730.80","1,938.34","1,965.55"
2020/10/28,20,CIT,65.71,3748.0,3765.0,3701.0,3749.0,"3,749.00",0.0,0.0,"3,741.91","7,945.00","3,695.00","29,729,462.00",170,54.0,64.0,1.46,1.73,0.19,"3,765.00","1,678.00",,
2020/10/29,21,CIT,61.4,3750.0,3794.0,3700.0,3719.0,"3,719.00",0.0,0.0,"3,734.62","7,569.00","3,749.00","28,267,320.00",186,-30.0,94.0,-0.8,2.54,-0.42,"3,794.00","1,678.00",,
2020/11/01,21,CIT,55.48,3745.0,3748.0,3700.0,3735.0,"3,735.00",0.0,0.0,"3,720.58","5,900.00","3,719.00","21,951,416.00",135,16.0,48.0,0.43,1.3,0.39,"3,794.00","1,678.00",,
2020/11/02,22,CIT,52.46,3717.0,3735.0,3707.0,3730.0,"3,730.00",0.0,0.0,"3,723.91","4,308.00","3,735.00","16,042,618.00",114,-5.0,28.0,-0.13,0.76,0.16,"3,794.00","1,678.00",,
2020/11/03,23,CIT,48.55,3755.0,3755.0,3720.0,3722.0,"3,722.00",0.0,0.0,"3,728.66","4,417.00","3,730.00","16,469,511.00",99,-8.00,35.00,-0.21,0.94,-0.18,"3,794.00","1,678.00",,
2020/11/04,21,CIT,54.19,3743.0,3767.0,3720.0,3751.0,"3,751.00",0.0,0.0,"3,738.02","5,049.00","3,722.00","18,873,281.00",127,29.0,47.0,0.78,1.26,0.35,"3,794.00","1,678.00",,
2020/09/17,22,CIT,49.52,3400.0,3456.0,3400.0,3439.0,"3,439.00",0.0,0.0,"3,432.64","9,607.00","3,400.00","32,977,358.00",177,39.0,56.0,1.15,1.65,0.18,"3,704.00","1,678.00",,
2020/09/20,21,CIT,49.83,3507.0,3569.0,3425.0,3440.0,"3,440.00",0.0,0.0,"3,447.52","14,505.00","3,439.00","50,006,301.00",219,1.0,144.0,0.03,4.2,-0.22,"3,704.00","1,678.00",,
2020/09/21,22,CIT,46.76,3474.0,3475.0,3410.0,3435.0,"3,435.00",0.0,0.0,"3,441.06","9,284.00","3,440.00","31,946,773.00",182,-5.0,65.0,-0.15,1.91,-0.18,"3,704.00","1,678.00",,
2020/09/22,34,CIT,36.96,1896.0,1909.9,1889.0,1905.0,"1,905.00",0.0,0.0,"1,896.63","8,381.00","1,897.00","15,895,617.30",137,8.0,20.9,0.42,1.11,0.44,"2,299.00","1,730.80","1,938.34","1,965.55"
2020/09/23,34,CIT,36.96,1896.0,1909.9,1889.0,1905.0,"1,905.00",0.0,0.0,"1,896.63","8,381.00","1,897.00","15,895,617.30",137,8.0,20.9,0.42,1.11,0.44,"2,299.00","1,730.80","1,938.34","1,965.55"
2020/09/24,23,CIT,52.49,3440.0,3516.0,3438.0,3498.0,"3,498.00",0.0,0.0,"3,482.28","14,520.00","3,440.00","50,562,676.00",299,58.0,78.0,1.69,2.27,0.45,"3,704.00","1,678.00",,
2020/09/27,21,CIT,52.83,3519.0,3549.0,3490.0,3505.0,"3,505.00",0.0,0.0,"3,525.61","24,283.00","3,498.00","85,612,358.00",315,7.00,59.00,0.2,1.69,-0.59,"3,704.00","1,678.00",,
2020/09/28,20,CIT,45.88,3505.0,3538.0,3477.0,3495.0,"3,495.00",0.0,0.0,"3,493.19","5,332.00","3,505.00","18,625,689.00",135,-10.0,61.0,-0.29,1.75,0.05,"3,704.00","1,678.00",,
2020/09/29,21,CIT,44.68,3496.0,3510.0,3478.0,3478.0,"3,478.00",0.0,0.0,"3,485.75","4,868.00","3,495.00","16,968,651.00",123,-17.0,32.0,-0.49,0.92,-0.22,"3,704.00","1,678.00",,
2020/09/30,21,CIT,44.94,3450.0,3500.0,3446.0,3469.0,"3,469.00",0.0,0.0,"3,474.28","5,141.00","3,478.00","17,861,285.00",102,-9.0,54.0,-0.26,1.57,-0.15,"3,704.00","1,678.00",,
2020/10/01,20,CIT,45.08,3497.0,3500.0,3465.0,3479.0,"3,479.00",0.0,0.0,"3,483.27","4,919.00","3,469.00","17,134,216.00",126,10.00,35.0,0.29,1.01,-0.12,"3,704.00","1,678.00",,
2020/10/04,21,CIT,51.11,3500.0,3535.0,3475.0,3509.0,"3,509.00",0.0,0.0,"3,502.97","18,772.00","3,479.00","65,757,716.00",242,30.0,60.0,0.86,1.73,0.17,"3,704.00","1,678.00",,
2020/10/05,21,CIT,46.18,3520.0,3545.0,3503.0,3505.0,"3,505.00",0.0,0.0,"3,509.03","3,794.00","3,509.00","13,313,250.00",95,-4.0,42.0,-0.11,1.2,-0.11,"3,704.00","1,678.00",,
2020/10/06,21,CIT,57.93,3519.0,3530.0,3495.0,3497.0,"3,497.00",0.0,0.0,"3,507.77","5,623.00","3,505.00","19,724,179.00",121,-8.0,35.0,-0.23,1.0,-0.31,"3,704.00","1,678.00",,
2020/10/07,21,CIT,59.78,3515.0,3515.0,3487.0,3492.0,"3,492.00",0.0,0.0,"3,495.07","7,388.00","3,497.00","25,821,584.00",147,-5.0,28.0,-0.14,0.8,-0.09,"3,704.00","1,678.00",,
2020/10/08,21,CIT,48.18,3500.0,3500.0,3478.0,3480.0,"3,480.00",0.0,0.0,"3,485.84","5,000.00","3,492.00","17,429,207.00",117,-12.0,22.0,-0.34,0.63,-0.17,"3,704.00","1,678.00",,
2020/08/24,21,CIT,44.5,2880.0,2900.0,2870.0,2880.0,"2,880.00",0.0,0.0,"2,880.84","11,608.00","2,865.00","33,440,847.00",208,15.0,30.0,0.52,1.05,-0.03,"3,164.00","1,678.00",,
2020/08/25,22,CIT,46.51,2890.0,2899.0,2865.0,2875.0,"2,875.00",0.0,0.0,"2,876.61","11,462.00","2,880.00","32,971,677.00",227,-5.0,34.0,-0.17,1.19,-0.06,"3,164.00","1,678.00",,
2020/08/26,21,CIT,45.38,2850.0,2895.0,2850.0,2878.0,"2,878.00",0.0,0.0,"2,872.73","11,027.00","2,875.00","31,677,557.00",160,3.0,45.0,0.1,1.58,0.18,"3,164.00","1,678.00",,
2020/08/27,23,CIT,44.97,2904.0,2904.0,2867.0,2880.0,"2,880.00",0.0,0.0,"2,880.14","5,640.00","2,878.00","16,243,988.00",154,2.0,37.0,0.07,1.29,0.0,"3,164.00","1,678.00",,
2020/08/30,22,CIT,45.22,2880.0,2890.0,2870.0,2880.0,"2,880.00",0.0,0.0,"2,883.84","3,711.00","2,880.00","10,701,932.00",88,0.0,20.0,0.0,0.7,-0.13,"3,164.00","1,678.00",,
2020/08/31,22,CIT,51.18,2880.0,2938.0,2880.0,2921.0,"2,921.00",0.0,0.0,"2,914.06","12,297.00","2,880.00","35,834,173.00",252,41.0,58.0,1.42,2.01,0.24,"3,164.00","1,678.00",,
2020/09/02,22,CIT,49.4,2979.0,2979.0,2884.0,2915.0,"2,915.00",0.0,0.0,"2,927.80","9,789.00","2,921.00","28,660,224.00",232,-6.0,95.0,-0.21,3.29,-0.44,"3,164.00","1,678.00",,
2020/09/03,21,CIT,49.16,2915.0,2925.0,2890.0,2903.0,"2,903.00",0.0,0.0,"2,901.91","9,182.00","2,915.00","26,645,304.00",196,-12.0,35.0,-0.41,1.21,0.04,"3,164.00","1,678.00",,
2020/09/06,23,CIT,55.56,2961.0,3020.0,2930.0,3011.0,"3,011.00",0.0,0.0,"2,973.41","26,361.00","2,903.00","78,382,090.00",426,108.0,90.0,3.72,3.07,1.25,"3,164.00","1,678.00",,
2020/09/07,22,CIT,62.49,3161.0,3290.0,3050.0,3250.0,"3,250.00",0.0,0.0,"3,158.03","49,494.00","3,011.00","156,303,569.00",885,239.0,240.0,7.94,7.87,2.83,"3,290.00","1,678.00",,
2020/09/08,21,CIT,64.89,3300.0,3460.0,3283.0,3456.0,"3,456.00",0.0,0.0,"3,379.56","36,187.00","3,250.00","122,296,281.00",770,206.0,177.0,6.34,5.39,2.21,"3,460.00","1,678.00",,
2020/09/09,22,CIT,67.14,3628.0,3640.0,3495.0,3632.0,"3,632.00",0.0,0.0,"3,594.86","51,854.00","3,456.00","186,407,785.00","1,003",176.00,145.0,5.09,4.15,1.02,"3,640.00","1,678.00",,
2020/09/10,23,CIT,58.88,3700.0,3704.0,3520.0,3546.0,"3,546.00",0.0,0.0,"3,609.37","26,573.00","3,632.00","95,911,671.00",661,-86.00,184.0,-2.37,5.23,-1.79,"3,704.00","1,678.00",,
2020/09/13,34,CIT,36.96,1896.0,1909.9,1889.0,1905.0,"1,905.00",0.0,0.0,"1,896.63","8,381.00","1,897.00","15,895,617.30",137,8.0,20.9,0.42,1.11,0.44,"2,299.00","1,730.80","1,938.34","1,965.55"
2020/09/14,21,CIT,48.34,3400.0,3584.0,3400.0,3413.0,"3,413.00",0.0,0.0,"3,444.12","14,789.00","3,400.00","50,935,108.00",352,13.00,184.00,0.38,5.41,-0.91,"3,704.00","1,678.00",,
2020/09/15,23,CIT,44.91,3478.0,3478.0,3405.0,3417.0,"3,417.00",0.0,0.0,"3,420.45","11,940.00","3,413.00","40,840,133.00",228,4.0,73.0,0.12,2.14,-0.1,"3,704.00","1,678.00",,
2020/07/29,21,CIT,52.5,2600.0,2600.0,2548.0,2550.0,"2,550.00",0.0,0.0,"2,570.54","4,313.00","2,576.00","11,086,751.00",78,-26.0,52.0,-1.01,2.04,-0.81,"3,164.00","1,678.00",,
2020/07/30,21,CIT,46.79,2552.0,2557.0,2533.0,2555.0,"2,555.00",0.0,0.0,"2,547.33","5,107.00","2,550.00","13,009,209.00",70,5.0,24.0,0.2,0.95,0.3,"3,164.00","1,678.00",,
2020/08/02,22,CIT,46.85,2522.0,2550.0,2480.0,2480.0,"2,480.00",0.0,0.0,"2,514.50","9,373.00","2,555.00","23,568,364.00",144,-75.0,70.0,-2.94,2.82,-1.39,"3,164.00","1,678.00",,
2020/08/03,23,CIT,40.82,2500.0,2529.0,2465.0,2505.0,"2,505.00",0.0,0.0,"2,502.15","2,619.00","2,480.00","6,553,141.00",61,25.0,64.0,1.01,2.6,0.11,"3,164.00","1,678.00",,
2020/08/05,34,CIT,36.96,1896.0,1909.9,1889.0,1905.0,"1,905.00",0.0,0.0,"1,896.63","8,381.00","1,897.00","15,895,617.30",137,8.0,20.9,0.42,1.11,0.44,"2,299.00","1,730.80","1,938.34","1,965.55"
2020/08/06,21,CIT,40.43,2445.0,2499.0,2445.0,2490.0,"2,490.00",0.0,0.0,"2,474.36","1,066.00","2,485.00","2,637,668.00",40,5.0,54.0,0.2,2.21,0.63,"3,164.00","1,678.00",,
2020/08/09,20,CIT,58.52,2490.0,2580.0,2461.0,2580.0,"2,580.00",0.0,0.0,"2,540.57","5,510.00","2,490.00","13,998,544.00",149,90.0,119.0,3.61,4.84,1.53,"3,164.00","1,678.00",,
2020/08/10,22,CIT,59.84,2624.0,2630.0,2579.0,2622.0,"2,622.00",0.0,0.0,"2,603.68","10,811.00","2,580.00","28,148,394.00",199,42.0,51.0,1.63,1.98,0.7,"3,164.00","1,678.00",,
2020/08/11,22,CIT,61.91,2666.0,2666.0,2606.0,2628.0,"2,628.00",0.0,0.0,"2,629.04","8,970.00","2,622.00","23,582,532.00",139,6.0,60.0,0.23,2.3,-0.04,"3,164.00","1,678.00",,
2020/08/12,22,CIT,53.86,2600.0,2619.0,2585.0,2600.0,"2,600.00",0.0,0.0,"2,598.27","3,458.00","2,628.00","8,984,820.00",66,-28.0,34.0,-1.07,1.32,0.07,"3,164.00","1,678.00",,
2020/08/13,21,CIT,43.97,2581.0,2600.0,2578.0,2584.0,"2,584.00",0.0,0.0,"2,588.32","5,117.00","2,600.00","13,244,458.00",99,-16.0,22.0,-0.62,0.85,-0.17,"3,164.00","1,678.00",,
2020/08/16,22,CIT,37.68,2579.0,2595.0,2571.0,2585.0,"2,585.00",0.0,0.0,"2,584.00","2,084.00","2,584.00","5,385,056.00",44,1.0,24.0,0.04,0.93,0.04,"3,164.00","1,678.00",,
2020/08/17,22,CIT,58.66,2600.0,2650.0,2580.0,2646.0,"2,646.00",0.0,0.0,"2,613.00","5,617.00","2,585.00","14,677,242.00",136,61.0,70.0,2.36,2.71,1.25,"3,164.00","1,678.00",,
2020/08/18,23,CIT,63.09,2778.0,2910.0,2778.0,2910.0,"2,910.00",0.0,0.0,"2,889.91","57,471.00","2,646.00","166,085,963.00","1,132",264.0,132.0,9.98,4.75,0.69,"3,164.00","1,678.00",,
2020/08/19,22,CIT,61.76,3055.0,3055.0,2850.0,2878.0,"2,878.00",0.0,0.0,"2,910.25","27,830.00","2,910.00","80,992,188.00",634,-32.0,205.0,-1.1,7.19,-1.12,"3,164.00","1,678.00",,
2020/08/20,22,CIT,56.63,2878.0,2904.0,2850.0,2880.0,"2,880.00",0.0,0.0,"2,880.00","8,307.00","2,878.00","23,924,151.00",259,2.0,54.0,0.07,1.89,0.0,"3,164.00","1,678.00",,
2020/07/06,20,CIT,46.65,2499.0,2499.0,2450.0,2467.0,"2,467.00",0.0,0.0,"2,459.79","6,505.00","2,450.00","16,000,908.00",106,17.0,49.0,0.69,2.0,0.29,"3,164.00","1,678.00",,
2020/07/07,20,CIT,44.48,2500.0,2510.0,2450.0,2478.0,"2,478.00",0.0,0.0,"2,475.60","6,620.00","2,467.00","16,388,501.00",116,11.0,60.0,0.45,2.45,0.1,"3,164.00","1,678.00",,
2020/07/08,21,CIT,55.81,2517.0,2517.0,2425.0,2425.0,"2,425.00",0.0,0.0,"2,449.21","6,432.00","2,478.00","15,753,298.00",106,-53.0,92.0,-2.14,3.79,-1.0,"3,164.00","1,678.00",,
2020/07/09,20,CIT,46.84,2450.0,2458.0,2400.0,2457.0,"2,457.00",0.0,0.0,"2,443.59","4,475.00","2,425.00","10,935,087.00",81,32.0,58.0,1.32,2.42,0.55,"3,164.00","1,678.00",,
2020/07/12,19,CIT,47.18,2506.0,2525.0,2440.0,2450.0,"2,450.00",0.0,0.0,"2,453.77","8,808.00","2,457.00","21,612,788.00",114,-7.0,85.0,-0.28,3.48,-0.15,"3,164.00","1,678.00",,
2020/07/13,20,CIT,45.37,2475.0,2500.0,2450.0,2450.0,"2,450.00",0.0,0.0,"2,460.85","3,922.00","2,450.00","9,651,438.00",65,0.0,50.0,0.0,2.04,-0.44,"3,164.00","1,678.00",,
2020/07/14,18,CIT,48.16,2451.0,2465.0,2430.0,2430.0,"2,430.00",0.0,0.0,"2,446.05","3,123.00","2,450.00","7,639,026.00",61,-20.0,35.0,-0.82,1.44,-0.66,"3,164.00","1,678.00",,
2020/07/15,21,CIT,46.76,2437.0,2449.0,2425.0,2428.0,"2,428.00",0.0,0.0,"2,434.29","4,464.00","2,430.00","10,866,673.00",100,-2.0,24.0,-0.08,0.99,-0.26,"3,164.00","1,678.00",,
2020/07/16,20,CIT,56.7,2450.0,2460.0,2435.0,2452.0,"2,452.00",0.0,0.0,"2,448.94","6,975.00","2,428.00","17,081,340.00",82,24.0,25.0,0.99,1.03,0.12,"3,164.00","1,678.00",,
2020/07/19,16,CIT,53.71,2501.0,2697.0,2501.0,2697.0,"2,697.00",0.0,0.0,"2,665.90",310.00,"2,452.00","826,430.00",7,245.0,196.0,9.99,7.84,1.15,"3,164.00","1,678.00",,
2020/07/20,21,CIT,60.46,2831.0,2831.0,2550.0,2580.0,"2,580.00",0.0,0.0,"2,656.19","12,128.00","2,697.00","32,214,294.00",205,-117.0,281.0,-4.34,11.02,-2.95,"3,164.00","1,678.00",,
2020/07/21,20,CIT,58.67,2590.0,2595.0,2535.0,2562.0,"2,562.00",0.0,0.0,"2,566.90","6,693.00","2,580.00","17,180,236.00",98,-18.00,60.0,-0.7,2.37,-0.19,"3,164.00","1,678.00",,
2020/07/22,20,CIT,59.98,2600.0,2613.0,2520.0,2520.0,"2,520.00",0.0,0.0,"2,552.02","3,635.00","2,562.00","9,276,583.00",83,-42.0,93.0,-1.64,3.69,-1.27,"3,164.00","1,678.00",,
2020/07/23,20,CIT,43.19,2502.0,2555.0,2500.0,2531.0,"2,531.00",0.0,0.0,"2,531.04","4,035.00","2,520.00","10,212,745.00",84,11.0,55.0,0.44,2.2,0.0,"3,164.00","1,678.00",,
2020/07/26,21,CIT,55.06,2531.0,2585.0,2525.0,2585.0,"2,585.00",0.0,0.0,"2,549.39","9,481.00","2,531.00","24,170,734.00",100,54.0,60.0,2.13,2.38,1.38,"3,164.00","1,678.00",,
2020/07/27,20,CIT,52.78,2584.0,2596.0,2581.0,2591.0,"2,591.00",0.0,0.0,"2,589.28","9,992.00","2,585.00","25,872,110.00",82,6.0,15.0,0.23,0.58,0.07,"3,164.00","1,678.00",,
2020/03/10,18,CIT,37.54,2627.0,2640.0,2526.0,2526.0,"2,526.00",0.0,0.0,"2,554.40","10,338.00","2,680.00","26,407,336.00",129,-154.0,114.0,-5.75,4.51,-1.12,"3,164.00","1,678.00",,
2020/03/11,21,CIT,40.04,2575.0,2728.0,2500.0,2728.0,"2,728.00",0.0,0.0,"2,624.91","11,263.00","2,526.00","29,564,352.00",211,202.0,228.0,8.0,9.12,3.78,"3,164.00","1,678.00",,
2020/03/12,21,CIT,39.66,2774.0,2775.0,2600.0,2602.0,"2,602.00",0.0,0.0,"2,649.03","15,205.00","2,728.00","40,278,480.00",242,-126.0,175.0,-4.62,6.73,-1.81,"3,164.00","1,678.00",,
2020/03/15,20,CIT,38.33,2654.0,2654.0,2502.0,2525.0,"2,525.00",0.0,0.0,"2,541.63","10,493.00","2,602.00","26,669,358.00",196,-77.0,152.0,-2.96,6.08,-0.66,"3,164.00","1,678.00",,
2020/03/16,20,CIT,53.28,2500.0,2590.0,2496.0,2531.0,"2,531.00",0.0,0.0,"2,548.39","14,751.00","2,525.00","37,591,296.00",178,6.00,94.0,0.24,3.77,-0.69,"3,164.00","1,678.00",,
2020/03/17,20,CIT,31.89,2514.0,2515.0,2440.0,2451.0,"2,451.00",0.0,0.0,"2,478.64","11,024.00","2,531.00","27,324,530.00",207,-80.00,75.0,-3.16,3.07,-1.13,"3,164.00","1,678.00",,
2020/03/18,19,CIT,40.77,2451.0,2524.0,2370.0,2434.0,"2,434.00",0.0,0.0,"2,421.86","10,045.00","2,451.00","24,327,576.00",169,-17.0,154.0,-0.69,6.5,0.5,"3,164.00","1,678.00",,
2020/03/19,20,CIT,45.41,2386.0,2482.0,2385.0,2465.0,"2,465.00",0.0,0.0,"2,433.79","14,033.00","2,434.00","34,153,372.00",175,31.0,97.0,1.27,4.07,1.27,"3,164.00","1,678.00",,
2020/03/22,15,CIT,35.99,2513.0,2513.0,2421.0,2440.0,"2,440.00",0.0,0.0,"2,456.09","1,394.00","2,465.00","3,423,793.00",14,-25.0,92.0,-1.01,3.8,-0.66,"3,164.00","1,678.00",,
2020/05/12,12,CIT,42.97,1776.2,2392.0,1776.2,2367.0,"2,367.00",0.0,0.0,"1,776.44","50,020.00","2,440.00","88,857,592.00",3,-73.0,615.8,-2.99,34.67,24.95,"3,164.00","1,678.00",,
2020/05/13,12,CIT,33.19,2320.0,2320.0,2296.0,2296.0,"2,296.00",0.0,0.0,"2,298.40",100.00,"2,367.00","229,840.00",4,-71.0,24.0,-3.0,1.05,-0.1,"3,164.00","1,678.00",,
2020/06/22,34,CIT,36.96,1896.0,1909.9,1889.0,1905.0,"1,905.00",0.0,0.0,"1,896.63","8,381.00","1,897.00","15,895,617.30",137,8.0,20.9,0.42,1.11,0.44,"2,299.00","1,730.80","1,938.34","1,965.55"
2020/06/29,16,CIT,31.73,1845.0,2070.0,1750.0,2070.0,"2,070.00",0.0,0.0,"1,887.65","2,364.00","1,882.00","4,462,394.00",54,188.0,320.0,9.99,18.29,8.81,"3,164.00","1,678.00",,
2020/06/30,15,CIT,33.43,2111.0,2277.0,2111.0,2277.0,"2,277.00",0.0,0.0,"2,257.98","1,157.00","2,070.00","2,612,479.00",24,207.00,166.0,10.0,7.86,0.84,"3,164.00","1,678.00",,
2020/07/01,17,CIT,49.43,2322.0,2504.0,2322.0,2504.0,"2,504.00",0.0,0.0,"2,499.22","7,014.00","2,277.00","17,529,528.00",56,227.0,182.0,9.97,7.84,0.19,"3,164.00","1,678.00",,
2020/07/02,15,CIT,43.75,2628.0,2680.0,2292.0,2350.0,"2,350.00",0.0,0.0,"2,473.45","8,167.00","2,504.00","20,200,656.00",137,-154.0,388.0,-6.15,16.93,-5.25,"3,164.00","1,678.00",,
2020/02/13,20,CIT,61.61,2839.0,2888.0,2794.0,2810.0,"2,810.00",0.0,0.0,"2,841.93","20,496.00","2,784.00","58,248,276.00",358,26.0,94.0,0.93,3.36,-1.14,"2,888.00","1,678.00",,
2020/02/15,34,CIT,36.96,1896.0,1909.9,1889.0,1905.0,"1,905.00",0.0,0.0,"1,896.63","8,381.00","1,897.00","15,895,617.30",137,8.0,20.9,0.42,1.11,0.44,"2,299.00","1,730.80","1,938.34","1,965.55"
2020/02/16,20,CIT,57.88,2765.0,2810.0,2762.0,2771.0,"2,771.00",0.0,0.0,"2,780.71","15,754.00","2,810.00","43,807,344.00",223,-39.0,48.0,-1.39,1.74,-0.35,"2,888.00","1,678.00",,
2020/02/17,20,CIT,58.36,2798.0,2873.0,2770.0,2789.0,"2,789.00",0.0,0.0,"2,790.20","13,700.00","2,771.00","38,225,776.00",178,18.0,103.0,0.65,3.72,-0.04,"2,888.00","1,678.00",,
2020/02/18,22,CIT,60.06,2772.0,2797.0,2713.0,2750.0,"2,750.00",0.0,0.0,"2,752.09","9,249.00","2,789.00","25,454,040.00",141,-39.0,84.00,-1.4,3.1,-0.08,"2,888.00","1,678.00",,
2020/02/19,20,CIT,50.48,2725.0,2840.0,2700.0,2820.0,"2,820.00",0.0,0.0,"2,757.64","12,040.00","2,750.00","33,202,012.00",151,70.0,140.0,2.55,5.19,2.21,"2,888.00","1,678.00",,
2020/02/20,20,CIT,59.54,2855.0,2911.0,2812.0,2903.0,"2,903.00",0.0,0.0,"2,871.42","27,886.00","2,820.00","80,072,472.00",332,83.0,99.0,2.94,3.52,1.09,"2,911.00","1,678.00",,
2020/02/23,20,CIT,62.39,2932.0,3020.0,2900.0,3001.0,"3,001.00",0.0,0.0,"2,999.51","32,348.00","2,903.00","97,028,200.00",436,98.0,120.0,3.38,4.14,0.05,"3,020.00","1,678.00",,
2020/02/24,20,CIT,60.54,3060.0,3070.0,2980.0,2983.0,"2,983.00",0.0,0.0,"3,016.94","18,927.00","3,001.00","57,101,672.00",203,-18.0,90.0,-0.6,3.02,-1.14,"3,070.00","1,678.00",,
2020/02/25,20,CIT,63.76,2985.0,3077.0,2950.0,3036.0,"3,036.00",0.0,0.0,"3,028.42","26,617.00","2,983.00","80,607,360.00",205,53.00,127.00,1.78,4.31,0.25,"3,077.00","1,678.00",,
2020/02/26,20,CIT,60.15,3096.0,3164.0,3085.0,3110.0,"3,110.00",0.0,0.0,"3,109.83","21,275.00","3,036.00","66,161,664.00",219,74.00,79.00,2.44,2.56,0.01,"3,164.00","1,678.00",,
2020/02/27,20,CIT,56.48,3080.0,3140.0,2971.0,3033.0,"3,033.00",0.0,0.0,"3,071.43","13,917.00","3,110.00","42,745,124.00",203,-77.00,169.00,-2.48,5.69,-1.27,"3,164.00","1,678.00",,
2020/03/01,20,CIT,53.1,3090.0,3090.0,2936.0,2945.0,"2,945.00",0.0,0.0,"2,982.38","14,949.00","3,033.00","44,583,536.00",233,-88.00,154.0,-2.9,5.25,-1.27,"3,164.00","1,678.00",,
2020/03/02,20,CIT,46.39,2900.0,2920.0,2800.0,2800.0,"2,800.00",0.0,0.0,"2,840.86","19,485.00","2,945.00","55,354,188.00",246,-145.0,120.00,-4.92,4.29,-1.46,"3,164.00","1,678.00",,
2020/03/03,20,CIT,49.54,2744.0,2910.0,2675.0,2823.0,"2,823.00",0.0,0.0,"2,810.36","19,012.00","2,800.00","53,430,520.00",248,23.0,235.00,0.82,8.79,0.45,"3,164.00","1,678.00",,
2020/03/04,21,CIT,46.72,2879.0,2879.0,2705.0,2705.0,"2,705.00",0.0,0.0,"2,750.16","16,978.00","2,823.00","46,692,148.00",237,-118.0,174.0,-4.18,6.43,-1.67,"3,164.00","1,678.00",,
2020/01/21,20,CIT,53.38,2245.0,2280.0,2210.0,2233.0,"2,233.00",0.0,0.0,"2,231.03","5,663.00","2,244.00","12,634,348.00",79,-11.0,70.0,-0.49,3.17,0.09,"2,800.00","1,678.00",,
2020/01/22,19,CIT,52.64,2265.0,2277.0,2212.0,2225.0,"2,225.00",0.0,0.0,"2,230.98","6,506.00","2,233.00","14,514,744.00",80,-8.0,65.0,-0.36,2.94,-0.27,"2,800.00","1,678.00",,
2020/01/23,19,CIT,46.93,2239.0,2240.0,2205.0,2209.0,"2,209.00",0.0,0.0,"2,222.13","8,294.00","2,225.00","18,430,380.00",109,-16.0,35.0,-0.72,1.59,-0.59,"2,800.00","1,678.00",,
2020/01/26,20,CIT,44.06,2177.0,2200.0,2150.0,2189.0,"2,189.00",0.0,0.0,"2,169.12","4,481.00","2,209.00","9,719,823.00",93,-20.0,50.0,-0.91,2.33,0.91,"2,800.00","1,678.00",,
2020/01/27,20,CIT,43.13,2170.0,2210.0,2168.0,2193.0,"2,193.00",0.0,0.0,"2,190.24","3,178.00","2,189.00","6,960,571.00",53,4.0,42.0,0.18,1.94,0.13,"2,800.00","1,678.00",,
2020/01/28,20,CIT,59.49,2236.0,2369.0,2236.0,2325.0,"2,325.00",0.0,0.0,"2,314.09","19,357.00","2,193.00","44,793,744.00",314,132.0,133.0,6.02,5.95,0.47,"2,800.00","1,678.00",,
2020/01/29,20,CIT,57.66,2330.0,2337.0,2300.0,2319.0,"2,319.00",0.0,0.0,"2,312.37","6,466.00","2,325.00","14,951,786.00",93,-6.0,37.0,-0.26,1.61,0.29,"2,800.00","1,678.00",,
2020/01/30,20,CIT,59.55,2350.0,2350.0,2323.0,2324.0,"2,324.00",0.0,0.0,"2,334.29","9,624.00","2,319.00","22,465,188.00",109,5.0,27.0,0.22,1.16,-0.44,"2,800.00","1,678.00",,
2020/02/02,19,CIT,58.02,2326.0,2345.0,2308.0,2342.0,"2,342.00",0.0,0.0,"2,325.94","8,485.00","2,324.00","19,735,628.00",110,18.0,37.0,0.77,1.6,0.69,"2,774.00","1,678.00",,
2020/02/03,20,CIT,49.94,2369.0,2369.0,2311.0,2316.0,"2,316.00",0.0,0.0,"2,323.75","7,599.00","2,342.00","17,658,162.00",81,-26.0,58.0,-1.11,2.51,-0.33,"2,774.00","1,678.00",,
2020/02/04,20,CIT,52.53,2320.0,2350.0,2318.0,2332.0,"2,332.00",0.0,0.0,"2,328.07","9,978.00","2,316.00","23,229,496.00",94,16.0,32.0,0.69,1.38,0.17,"2,774.00","1,678.00",,
2020/02/05,20,CIT,60.7,2378.0,2515.0,2340.0,2497.0,"2,497.00",0.0,0.0,"2,429.67","25,657.00","2,332.00","62,338,136.00",339,165.0,175.0,7.08,7.48,2.7,"2,774.00","1,678.00",,
2020/02/06,20,CIT,56.08,2448.0,2540.0,2448.0,2470.0,"2,470.00",0.0,0.0,"2,503.93","11,579.00","2,497.00","28,992,968.00",197,-27.0,92.0,-1.08,3.76,-1.37,"2,774.00","1,678.00",,
2020/02/09,19,CIT,56.3,2461.0,2464.0,2415.0,2436.0,"2,436.00",0.0,0.0,"2,437.41","12,977.00","2,470.00","31,630,252.00",166,-34.0,49.0,-1.38,2.03,-0.06,"2,774.00","1,678.00",,
2020/02/10,19,CIT,60.46,2450.0,2517.0,2436.0,2510.0,"2,510.00",0.0,0.0,"2,490.15","17,150.00","2,436.00","42,706,116.00",216,74.0,81.0,3.04,3.33,0.79,"2,774.00","1,678.00",,
2020/02/11,20,CIT,59.66,2550.0,2600.0,2550.0,2600.0,"2,600.00",0.0,0.0,"2,573.43","20,669.00","2,510.00","53,190,212.00",265,90.0,50.0,3.59,1.96,1.02,"2,774.00","1,678.00",,
2019/12/29,20,CIT,41.25,2001.0,2030.0,2000.0,2018.0,"2,018.00",0.0,0.0,"2,008.38","2,637.00","2,001.00","5,296,097.00",68,17.0,30.0,0.85,1.5,0.48,"2,948.00","1,678.00",,
2019/12/30,21,CIT,49.47,2030.0,2116.0,2022.0,2093.0,"2,093.00",0.0,0.0,"2,083.63","9,565.00","2,018.00","19,929,968.00",131,75.0,94.0,3.72,4.65,0.45,"2,948.00","1,678.00",,
2019/12/31,20,CIT,47.94,2124.0,2129.0,2085.0,2095.0,"2,095.00",0.0,0.0,"2,101.56","7,714.00","2,093.00","16,211,463.00",127,2.0,44.0,0.1,2.11,-0.31,"2,948.00","1,678.00",,
2020/01/01,21,CIT,43.3,2090.0,2105.0,2076.0,2104.0,"2,104.00",0.0,0.0,"2,094.57","2,833.00","2,095.00","5,933,910.00",59,9.0,29.0,0.43,1.4,0.45,"2,948.00","1,678.00",,
2020/01/02,20,CIT,49.93,2062.0,2101.0,2062.0,2077.0,"2,077.00",0.0,0.0,"2,078.02","6,801.00","2,104.00","14,132,581.00",71,-27.0,39.0,-1.28,1.89,-0.05,"2,948.00","1,678.00",,
2020/01/05,20,CIT,47.5,2051.0,2110.0,2051.0,2089.0,"2,089.00",0.0,0.0,"2,084.44","11,148.00","2,077.00","23,237,380.00",77,12.0,59.0,0.58,2.88,0.22,"2,948.00","1,678.00",,
2020/01/06,20,CIT,45.52,2120.0,2120.0,2076.0,2102.0,"2,102.00",0.0,0.0,"2,088.53","6,913.00","2,089.00","14,438,021.00",86,13.0,44.0,0.62,2.12,0.64,"2,948.00","1,678.00",,
2020/01/07,21,CIT,42.63,2096.0,2105.0,2067.0,2100.0,"2,100.00",0.0,0.0,"2,093.36","3,142.00","2,102.00","6,577,334.00",53,-2.0,38.0,-0.1,1.84,0.32,"2,948.00","1,678.00",,
2020/01/08,21,CIT,44.45,2077.0,2125.0,2076.0,2091.0,"2,091.00",0.0,0.0,"2,104.99","5,712.00","2,100.00","12,023,689.00",64,-9.0,49.0,-0.43,2.36,-0.67,"2,948.00","1,678.00",,
2020/01/09,19,CIT,40.9,2099.0,2099.0,2073.0,2077.0,"2,077.00",0.0,0.0,"2,081.23","2,557.00","2,091.00","5,321,693.00",39,-14.0,26.0,-0.67,1.25,-0.2,"2,948.00","1,678.00",,
2020/01/12,20,CIT,52.32,2092.0,2147.0,2080.0,2133.0,"2,133.00",0.0,0.0,"2,120.17","9,789.00","2,077.00","20,754,334.00",127,56.0,67.0,2.7,3.22,0.6,"2,948.00","1,678.00",,
2020/01/13,20,CIT,54.36,2159.0,2165.0,2120.0,2140.0,"2,140.00",0.0,0.0,"2,147.33","11,777.00","2,133.00","25,289,100.00",152,7.0,45.0,0.33,2.12,-0.34,"2,948.00","1,678.00",,
2020/01/14,21,CIT,59.37,2140.0,2250.0,2103.0,2220.0,"2,220.00",0.0,0.0,"2,195.38","33,116.00","2,140.00","72,702,104.00",328,80.0,147.0,3.74,6.99,1.11,"2,948.00","1,678.00",,
2020/01/15,21,CIT,54.08,2230.0,2274.0,2210.0,2210.0,"2,210.00",0.0,0.0,"2,233.36","12,820.00","2,220.00","28,631,696.00",203,-10.0,64.0,-0.45,2.9,-1.06,"2,948.00","1,678.00",,
2020/01/16,22,CIT,56.91,2244.0,2244.0,2204.0,2207.0,"2,207.00",0.0,0.0,"2,218.98","10,085.00","2,210.00","22,378,368.00",149,-3.0,40.0,-0.14,1.81,-0.54,"2,948.00","1,678.00",,
2020/01/19,20,CIT,58.0,2230.0,2298.0,2218.0,2266.0,"2,266.00",0.0,0.0,"2,263.22","17,632.00","2,207.00","39,905,016.00",200,59.0,80.0,2.67,3.61,0.12,"2,800.00","1,678.00",,
2019/12/04,22,CIT,56.28,1702.0,1714.0,1700.0,1700.0,"1,700.00",0.0,0.0,"1,701.68","1,907.00","1,700.00","3,245,096.00",26,0.0,14.0,0.0,0.82,-0.1,"2,948.00","1,577.00",,
2019/12/05,20,CIT,52.55,1700.0,1739.0,1700.0,1717.0,"1,717.00",0.0,0.0,"1,717.30",818.00,"1,700.00","1,404,748.00",16,17.0,39.0,1.0,2.29,-0.02,"2,948.00","1,577.00",,
2019/12/08,19,CIT,51.57,1715.0,1720.0,1704.0,1712.0,"1,712.00",0.0,0.0,"1,712.85","1,070.00","1,717.00","1,832,752.00",22,-5.0,16.0,-0.29,0.94,-0.05,"2,948.00","1,577.00",,
2019/12/09,20,CIT,59.22,1678.0,1760.0,1678.0,1740.0,"1,740.00",0.0,0.0,"1,737.04","2,320.00","1,712.00","4,029,934.00",41,28.0,82.0,1.64,4.89,0.17,"2,948.00","1,577.00",,
2019/12/10,20,CIT,57.62,1735.0,1743.0,1730.0,1740.0,"1,740.00",0.0,0.0,"1,737.22","1,520.00","1,740.00","2,640,575.00",27,0.0,13.0,0.0,0.75,0.16,"2,948.00","1,577.00",,
2019/12/11,20,CIT,51.47,1743.0,1760.0,1741.0,1755.0,"1,755.00",0.0,0.0,"1,748.86","1,898.00","1,740.00","3,319,344.00",29,15.0,19.0,0.86,1.09,0.35,"2,948.00","1,577.00",,
2019/12/12,21,CIT,59.43,1759.0,1759.0,1740.0,1740.0,"1,740.00",0.0,0.0,"1,746.49","1,430.00","1,755.00","2,497,481.00",28,-15.0,19.0,-0.85,1.09,-0.37,"2,948.00","1,577.00",,
2019/12/15,21,CIT,50.07,1769.0,1769.0,1728.0,1735.0,"1,735.00",0.0,0.0,"1,740.38","2,137.00","1,740.00","3,719,186.00",37,-5.0,41.0,-0.29,2.37,-0.31,"2,948.00","1,586.00",,
2019/12/16,20,CIT,42.39,1725.0,1740.0,1707.0,1727.0,"1,727.00",0.0,0.0,"1,727.85",772.00,"1,735.00","1,333,897.00",14,-8.0,33.0,-0.46,1.93,-0.05,"2,948.00","1,586.00",,
2019/12/17,19,CIT,36.07,1745.0,1759.0,1730.0,1748.0,"1,748.00",0.0,0.0,"1,740.47",490.00,"1,727.00","852,831.00",14,21.0,29.0,1.22,1.68,0.43,"2,948.00","1,586.00",,
2019/12/18,21,CIT,43.55,1770.0,1770.0,1731.0,1731.0,"1,731.00",0.0,0.0,"1,745.06","1,141.00","1,748.00","1,991,111.00",31,-17.0,39.0,-0.97,2.25,-0.81,"2,948.00","1,586.00",,
2019/12/19,22,CIT,42.39,1744.0,1745.0,1730.0,1732.0,"1,732.00",0.0,0.0,"1,737.90",498.00,"1,731.00","865,473.00",11,1.0,15.0,0.06,0.87,-0.34,"2,948.00","1,590.00",,
2019/12/22,19,CIT,56.55,1735.0,1790.0,1735.0,1790.0,"1,790.00",0.0,0.0,"1,753.49","1,453.00","1,732.00","2,547,814.00",29,58.0,55.0,3.35,3.17,2.04,"2,948.00","1,611.00",,
2019/12/23,21,CIT,60.95,1790.0,1969.0,1780.0,1969.0,"1,969.00",0.0,0.0,"1,911.98","18,242.00","1,790.00","34,878,392.00",280,179.00,189.0,10.0,10.62,2.9,"2,948.00","1,611.00",,
2019/12/24,19,CIT,60.63,2008.0,2165.0,1995.0,2050.0,"2,050.00",0.0,0.0,"2,108.05","41,875.00","1,969.00","88,274,448.00",526,81.0,170.0,4.11,8.52,-2.83,"2,948.00","1,678.00",,
2019/12/25,20,CIT,54.21,2050.0,2132.0,2009.0,2013.0,"2,013.00",0.0,0.0,"2,040.76","7,746.00","2,050.00","15,807,728.00",171,-37.0,123.0,-1.8,6.12,-1.38,"2,948.00","1,678.00",,
2019/11/11,21,CIT,51.04,1750.0,1775.0,1750.0,1775.0,"1,775.00",0.0,0.0,"1,769.58",610.00,"1,753.00","1,079,445.00",13,22.0,25.0,1.25,1.43,0.31,"2,948.00","1,577.00",,
2019/11/12,19,CIT,50.42,1760.0,1764.0,1750.0,1760.0,"1,760.00",0.0,0.0,"1,755.23","1,310.00","1,775.00","2,299,347.00",19,-15.0,14.0,-0.85,0.8,0.27,"2,948.00","1,577.00",,
2019/11/13,16,CIT,46.63,1751.0,1760.0,1751.0,1755.0,"1,755.00",0.0,0.0,"1,755.02",402.00,"1,760.00","705,520.00",11,-5.0,9.0,-0.28,0.51,0.0,"2,948.00","1,577.00",,
2019/11/14,19,CIT,49.34,1760.0,1760.0,1754.0,1758.0,"1,758.00",0.0,0.0,"1,756.88",329.00,"1,755.00","578,015.00",9,3.0,6.0,0.17,0.34,0.06,"2,948.00","1,577.00",,
2019/11/17,19,CIT,33.05,1752.0,1752.0,1752.0,1752.0,"1,752.00",0.0,0.0,"1,752.00",330.00,"1,758.00","578,160.00",2,-6.0,0.0,-0.34,0.0,0.0,"2,948.00","1,577.00",,
2019/11/18,19,CIT,52.76,1774.0,1774.0,1746.0,1755.0,"1,755.00",0.0,0.0,"1,751.34","1,370.00","1,752.00","2,399,332.00",18,3.0,28.0,0.17,1.6,0.21,"2,948.00","1,577.00",,
2019/11/19,20,CIT,49.1,1760.0,1770.0,1750.0,1750.0,"1,750.00",0.0,0.0,"1,754.50","1,070.00","1,755.00","1,877,311.00",20,-5.0,20.0,-0.28,1.14,-0.26,"2,948.00","1,577.00",,
2019/11/20,34,CIT,36.96,1896.0,1909.9,1889.0,1905.0,"1,905.00",0.0,0.0,"1,896.63","8,381.00","1,897.00","15,895,617.30",137,8.0,20.9,0.42,1.11,0.44,"2,299.00","1,730.80","1,938.34","1,965.55"
2019/11/21,18,CIT,39.72,1750.0,1750.0,1730.0,1740.0,"1,740.00",0.0,0.0,"1,739.53",640.00,"1,750.00","1,113,301.00",19,-10.0,20.0,-0.57,1.16,0.03,"2,948.00","1,577.00",,
2019/11/24,19,CIT,41.19,1741.0,1741.0,1710.0,1710.0,"1,710.00",0.0,0.0,"1,725.39","1,607.00","1,740.00","2,772,696.00",21,-30.0,31.0,-1.72,1.81,-0.9,"2,948.00","1,577.00",,
2019/11/25,20,CIT,41.06,1701.0,1705.0,1700.0,1703.0,"1,703.00",0.0,0.0,"1,701.18","1,649.00","1,710.00","2,805,240.00",23,-7.0,5.0,-0.41,0.29,0.11,"2,948.00","1,577.00",,
2019/11/26,20,CIT,37.22,1705.0,1705.0,1691.0,1691.0,"1,691.00",0.0,0.0,"1,698.07",811.00,"1,703.00","1,377,131.00",9,-12.0,14.0,-0.7,0.83,-0.42,"2,948.00","1,577.00",,
2019/11/27,21,CIT,41.13,1686.0,1714.0,1684.0,1714.0,"1,714.00",0.0,0.0,"1,686.40",426.00,"1,691.00","718,406.00",11,23.0,30.0,1.36,1.78,1.61,"2,948.00","1,577.00",,
2019/11/28,18,CIT,45.47,1701.0,1701.0,1685.0,1685.0,"1,685.00",0.0,0.0,"1,690.41","1,438.00","1,714.00","2,430,805.00",32,-29.0,16.0,-1.69,0.95,-0.32,"2,948.00","1,577.00",,
2019/12/01,18,CIT,39.86,1718.0,1718.0,1690.0,1690.0,"1,690.00",0.0,0.0,"1,700.58",394.00,"1,685.00","670,030.00",8,5.0,28.0,0.3,1.66,-0.63,"2,948.00","1,577.00",,
2019/12/02,19,CIT,46.01,1698.0,1705.0,1697.0,1705.0,"1,705.00",0.0,0.0,"1,700.01",461.00,"1,690.00","783,706.00",12,15.0,8.0,0.89,0.47,0.29,"2,948.00","1,577.00",,
2019/10/10,19,CIT,34.92,1800.0,1800.0,1776.0,1776.0,"1,776.00",0.0,0.0,"1,793.67",129.00,"1,819.00","231,384.00",4,-43.0,24.0,-2.36,1.35,-1.0,"2,948.00","1,577.00",,
2019/10/14,20,CIT,32.17,1765.0,1775.0,1764.0,1771.0,"1,771.00",0.0,0.0,"1,766.06",290.00,"1,776.00","512,156.00",9,-5.0,11.0,-0.28,0.62,0.28,"2,948.00","1,577.00",,
2019/10/15,20,CIT,44.41,1770.0,1820.0,1770.0,1810.0,"1,810.00",0.0,0.0,"1,785.00",144.00,"1,771.00","257,040.00",6,39.0,50.0,2.2,2.82,1.38,"2,948.00","1,577.00",,
2019/10/16,14,CIT,34.04,1810.0,1810.0,1810.0,1810.0,"1,810.00",0.0,0.0,"1,810.00",10.00,"1,810.00","18,100.00",1,0.0,0.0,0.0,0.0,0.0,"2,948.00","1,577.00",,
2019/10/17,14,CIT,46.01,1800.0,1810.0,1779.0,1779.0,"1,779.00",0.0,0.0,"1,793.88",632.00,"1,810.00","1,133,735.00",18,-31.0,31.0,-1.71,1.74,-0.84,"2,948.00","1,577.00",,
2019/10/20,15,CIT,35.44,1770.0,1770.0,1770.0,1770.0,"1,770.00",0.0,0.0,"1,770.00",32.00,"1,779.00","56,640.00",1,-9.0,0.0,-0.51,0.0,0.0,"2,948.00","1,577.00",,
2019/10/21,20,CIT,31.33,1770.0,1788.0,1770.0,1788.0,"1,788.00",0.0,0.0,"1,772.35",840.00,"1,770.00","1,488,770.00",11,18.0,18.0,1.02,1.02,0.88,"2,948.00","1,577.00",,
2019/10/22,20,CIT,31.2,1785.0,1785.0,1777.0,1780.0,"1,780.00",0.0,0.0,"1,779.73",413.00,"1,788.00","735,030.00",8,-8.0,8.0,-0.45,0.45,0.01,"2,948.00","1,577.00",,
2019/10/23,21,CIT,48.67,1781.0,1805.0,1781.0,1800.0,"1,800.00",0.0,0.0,"1,798.08",468.00,"1,780.00","841,500.00",10,20.0,24.0,1.12,1.35,0.11,"2,948.00","1,577.00",,
2019/10/24,20,CIT,49.78,1828.0,1828.0,1800.0,1805.0,"1,805.00",0.0,0.0,"1,807.68",369.00,"1,800.00","667,035.00",12,5.0,28.0,0.28,1.56,-0.15,"2,948.00","1,577.00",,
2019/10/31,21,CIT,37.87,1800.0,1800.0,1786.0,1793.0,"1,793.00",0.0,0.0,"1,796.81",775.00,"1,805.00","1,392,525.00",10,-12.0,14.0,-0.66,0.78,-0.21,"2,948.00","1,577.00",,
2019/11/03,20,CIT,55.36,1800.0,1800.0,1791.0,1792.0,"1,792.00",0.0,0.0,"1,793.73","1,264.00","1,793.00","2,267,269.00",18,-1.0,9.0,-0.06,0.5,-0.1,"2,948.00","1,577.00",,
2019/11/04,21,CIT,36.77,1793.0,1793.0,1771.0,1772.0,"1,772.00",0.0,0.0,"1,784.63",617.00,"1,792.00","1,101,119.00",20,-20.0,22.0,-1.12,1.24,-0.71,"2,948.00","1,577.00",,
2019/11/05,19,CIT,44.82,1779.0,1784.0,1775.0,1775.0,"1,775.00",0.0,0.0,"1,779.15",581.00,"1,772.00","1,033,685.00",12,3.0,9.0,0.17,0.51,-0.23,"2,948.00","1,577.00",,
2019/11/06,17,CIT,37.96,1775.0,1775.0,1765.0,1765.0,"1,765.00",0.0,0.0,"1,769.97",770.00,"1,775.00","1,362,874.00",23,-10.0,10.0,-0.56,0.57,-0.28,"2,948.00","1,577.00",,
2019/11/07,18,CIT,39.61,1770.0,1770.0,1755.0,1755.0,"1,755.00",0.0,0.0,"1,760.41","1,258.00","1,765.00","2,214,599.00",26,-10.0,15.0,-0.57,0.85,-0.31,"2,948.00","1,577.00",,
2019/09/12,21,CIT,38.65,1860.0,1860.0,1840.0,1840.0,"1,840.00",0.0,0.0,"1,849.64","1,295.00","1,861.00","2,395,288.00",25,-21.0,20.0,-1.13,1.09,-0.52,"2,948.00","1,577.00",,
2019/09/15,20,CIT,39.83,1811.0,1820.0,1810.0,1811.0,"1,811.00",0.0,0.0,"1,814.07","1,669.00","1,840.00","3,027,685.00",25,-29.0,10.0,-1.58,0.55,-0.17,"2,948.00","1,577.00",,
2019/09/16,20,CIT,40.65,1810.0,1810.0,1750.0,1764.0,"1,764.00",0.0,0.0,"1,778.75","2,846.00","1,811.00","5,062,320.00",56,-47.0,60.0,-2.6,3.43,-0.84,"2,948.00","1,577.00",,
2019/09/17,22,CIT,46.84,1746.0,1814.0,1735.0,1792.0,"1,792.00",0.0,0.0,"1,784.52","4,992.00","1,764.00","8,908,314.00",45,28.0,79.0,1.59,4.55,0.42,"2,948.00","1,577.00",,
2019/09/18,22,CIT,53.61,1827.0,1897.0,1800.0,1894.0,"1,894.00",0.0,0.0,"1,823.44","4,720.00","1,792.00","8,606,655.00",61,102.0,97.0,5.69,5.39,3.73,"2,948.00","1,577.00",,
2019/09/19,19,CIT,48.4,1900.0,1940.0,1835.0,1876.0,"1,876.00",0.0,0.0,"1,884.46","2,527.00","1,894.00","4,762,037.00",32,-18.0,105.0,-0.95,5.72,-0.45,"2,948.00","1,577.00",,
2019/09/22,18,CIT,41.11,1800.0,1800.0,1779.0,1779.0,"1,779.00",0.0,0.0,"1,787.02","1,577.00","1,876.00","2,818,123.00",27,-97.0,21.0,-5.17,1.18,-0.45,"2,948.00","1,577.00",,
2019/09/23,19,CIT,40.08,1771.0,1820.0,1771.0,1798.0,"1,798.00",0.0,0.0,"1,804.18",864.00,"1,779.00","1,558,812.00",24,19.0,49.0,1.07,2.77,-0.34,"2,948.00","1,577.00",,
2019/09/24,21,CIT,36.85,1805.0,1805.0,1789.0,1790.0,"1,790.00",0.0,0.0,"1,792.16",443.00,"1,798.00","793,925.00",12,-8.0,16.0,-0.44,0.89,-0.12,"2,948.00","1,577.00",,
2019/09/25,22,CIT,40.7,1780.0,1780.0,1775.0,1775.0,"1,775.00",0.0,0.0,"1,776.34","1,214.00","1,790.00","2,156,475.00",19,-15.0,5.0,-0.84,0.28,-0.08,"2,948.00","1,577.00",,
2019/09/26,20,CIT,45.16,1771.0,1785.0,1770.0,1780.0,"1,780.00",0.0,0.0,"1,776.21","1,691.00","1,775.00","3,003,572.00",27,5.0,15.0,0.28,0.85,0.21,"2,948.00","1,577.00",,
2019/09/29,21,CIT,36.97,1799.0,1799.0,1767.0,1785.0,"1,785.00",0.0,0.0,"1,771.66",552.00,"1,780.00","977,959.00",15,5.0,32.0,0.28,1.81,0.75,"2,948.00","1,577.00",,
2019/09/30,18,CIT,39.67,1764.0,1820.0,1764.0,1817.0,"1,817.00",0.0,0.0,"1,805.64",339.00,"1,785.00","612,112.00",10,32.0,56.0,1.79,3.17,0.63,"2,948.00","1,577.00",,
2019/10/01,20,CIT,43.86,1815.0,1820.0,1815.0,1818.0,"1,818.00",0.0,0.0,"1,816.09",800.00,"1,817.00","1,452,870.00",13,1.0,5.0,0.06,0.28,0.11,"2,948.00","1,577.00",,
2019/10/02,20,CIT,40.42,1814.0,1814.0,1791.0,1791.0,"1,791.00",0.0,0.0,"1,806.18",670.00,"1,818.00","1,210,140.00",15,-27.0,23.0,-1.49,1.28,-0.85,"2,948.00","1,577.00",,
2019/10/03,21,CIT,44.93,1810.0,1819.0,1800.0,1819.0,"1,819.00",0.0,0.0,"1,809.06",448.00,"1,791.00","810,460.00",12,28.00,19.00,1.56,1.06,0.55,"2,948.00","1,577.00",,
2019/11/10,18,CIT,40.57,1760.0,1794.0,1752.0,1753.0,"1,753.00",0.0,0.0,"1,769.62",372.00,"1,755.00","658,299.00",12,-2.0,42.0,-0.11,2.4,-0.95,"2,948.00","1,577.00",,
2019/12/03,21,CIT,43.53,1710.0,1738.0,1700.0,1700.0,"1,700.00",0.0,0.0,"1,712.10",766.00,"1,705.00","1,311,466.00",12,-5.0,38.0,-0.29,2.24,-0.71,"2,948.00","1,577.00",,
2019/12/26,19,CIT,50.29,2048.0,2049.0,1986.0,2001.0,"2,001.00",0.0,0.0,"2,010.99","3,183.00","2,013.00","6,400,971.00",87,-12.00,63.0,-0.6,3.17,-0.5,"2,948.00","1,678.00",,
2020/01/20,20,CIT,55.37,2280.0,2308.0,2222.0,2244.0,"2,244.00",0.0,0.0,"2,251.32","13,393.00","2,266.00","30,151,928.00",174,-22.0,86.0,-0.97,3.87,-0.33,"2,800.00","1,678.00",,
2020/02/12,20,CIT,65.06,2641.0,2790.0,2600.0,2784.0,"2,784.00",0.0,0.0,"2,732.11","36,509.00","2,600.00","99,746,672.00",429,184.0,190.0,7.08,7.31,1.86,"2,790.00","1,678.00",,
2020/03/05,22,CIT,45.36,2662.0,2780.0,2608.0,2680.0,"2,680.00",0.0,0.0,"2,685.14","12,252.00","2,705.00","32,898,300.00",177,-25.0,172.0,-0.92,6.6,-0.19,"3,164.00","1,678.00",,
2020/07/05,19,CIT,48.24,2397.0,2520.0,2397.0,2450.0,"2,450.00",0.0,0.0,"2,466.47","9,547.00","2,350.00","23,547,356.00",211,100.0,123.0,4.26,5.13,-0.67,"3,164.00","1,678.00",,
2020/07/28,20,CIT,47.54,2590.0,2590.0,2550.0,2576.0,"2,576.00",0.0,0.0,"2,572.87","2,148.00","2,591.00","5,526,529.00",49,-15.0,40.0,-0.58,1.57,0.12,"3,164.00","1,678.00",,
2020/08/23,22,CIT,54.83,2880.0,2880.0,2845.0,2865.0,"2,865.00",0.0,0.0,"2,865.17","8,560.00","2,880.00","24,525,872.00",280,-15.0,35.0,-0.52,1.23,-0.01,"3,164.00","1,678.00",,
2020/09/16,22,CIT,44.92,3407.0,3417.0,3380.0,3400.0,"3,400.00",0.0,0.0,"3,398.00","16,565.00","3,417.00","56,287,950.00",393,-17.0,37.0,-0.5,1.09,0.06,"3,704.00","1,678.00",,
2020/10/11,23,CIT,44.05,3654.0,3654.0,3450.0,3472.0,"3,472.00",0.0,0.0,"3,479.44","6,487.00","3,480.00","22,571,159.00",137,-8.0,204.0,-0.23,5.91,-0.21,"3,704.00","1,678.00",,
2020/11/05,21,CIT,57.09,3850.0,3850.0,3731.0,3752.0,"3,752.00",0.0,0.0,"3,749.45","8,408.00","3,751.00","31,525,350.00",163,1.0,119.0,0.03,3.19,0.07,"3,850.00","1,678.00",,
2020/12/03,22,CIT,57.46,5079.0,5100.0,4875.0,4950.0,"4,950.00",0.0,0.0,"4,950.06","12,253.00","4,980.00","60,653,051.00",294,-30.0,225.00,-0.6,4.62,0.0,"5,100.00","1,678.00",,
2020/12/27,21,CIT,48.5,5300.0,5300.0,5018.0,5029.0,"5,029.00",0.0,0.0,"5,077.17","38,918.00","5,100.00","197,593,302.00","1,043",-71.0,282.0,-1.39,5.62,-0.96,"5,749.00","1,750.00",,
2021/01/20,23,CIT,63.12,3460.0,3460.0,3430.0,3459.0,"3,459.00",0.0,0.0,"3,449.03","13,751.00","3,460.00","47,427,667.00",309,-1.0,30.0,-0.03,0.87,0.29,"5,749.00","1,750.00",,
2019/08/20,20,CIT,40.16,2350.0,2355.0,2340.0,2340.0,"2,340.00",0.0,0.0,"2,348.24",225.00,"2,362.00","528,355.00",10,-22.0,15.0,-0.93,0.64,-0.35,"2,948.00","1,577.00",,
2019/08/21,21,CIT,55.02,2349.0,2480.0,2349.0,2425.0,"2,425.00",0.0,0.0,"2,404.03","2,595.00","2,340.00","6,238,468.00",49,85.0,131.0,3.63,5.58,0.86,"2,948.00","1,577.00",,
2019/08/22,19,CIT,50.45,2445.0,2445.0,2400.0,2410.0,"2,410.00",0.0,0.0,"2,407.91",454.00,"2,425.00","1,093,190.00",10,-15.0,45.0,-0.62,1.88,0.09,"2,948.00","1,577.00",,
2019/08/25,34,CIT,36.96,1896.0,1909.9,1889.0,1905.0,"1,905.00",0.0,0.0,"1,896.63","8,381.00","1,897.00","15,895,617.30",137,8.0,20.9,0.42,1.11,0.44,"2,299.00","1,730.80","1,938.34","1,965.55"
2019/08/26,20,CIT,52.93,2390.0,2390.0,2365.0,2379.0,"2,379.00",0.0,0.0,"2,380.10","1,092.00","2,395.00","2,599,071.00",28,-16.0,25.0,-0.67,1.06,-0.05,"2,948.00","1,577.00",,
2019/08/27,20,CIT,38.07,2422.0,2422.0,2390.0,2395.0,"2,395.00",0.0,0.0,"2,401.98","1,620.00","2,379.00","3,891,200.00",34,16.0,32.0,0.67,1.34,-0.29,"2,948.00","1,577.00",,
2019/08/28,21,CIT,39.57,2390.0,2390.0,2360.0,2360.0,"2,360.00",0.0,0.0,"2,367.23","2,082.00","2,395.00","4,928,567.00",53,-35.0,30.0,-1.46,1.27,-0.31,"2,948.00","1,577.00",,
2019/08/29,21,CIT,42.26,2380.0,2380.0,2345.0,2350.0,"2,350.00",0.0,0.0,"2,360.03","2,915.00","2,360.00","6,879,480.00",58,-10.0,35.0,-0.42,1.49,-0.43,"2,948.00","1,577.00",,
2019/09/01,22,CIT,39.72,2397.0,2397.0,2330.0,2330.0,"2,330.00",0.0,0.0,"2,343.44","1,650.00","2,350.00","3,866,675.00",34,-20.0,67.0,-0.85,2.88,-0.58,"2,948.00","1,577.00",,
2019/09/02,20,CIT,38.25,2323.0,2323.0,2280.0,2280.0,"2,280.00",0.0,0.0,"2,299.56","3,142.00","2,330.00","7,225,216.00",70,-50.0,43.0,-2.15,1.89,-0.86,"2,948.00","1,577.00",,
2019/09/03,21,CIT,43.76,2250.0,2300.0,2245.0,2260.0,"2,260.00",0.0,0.0,"2,269.18","3,954.00","2,280.00","8,972,346.00",75,-20.0,55.0,-0.88,2.45,-0.41,"2,948.00","1,577.00",,
2019/09/04,19,CIT,46.1,2270.0,2320.0,2260.0,2297.0,"2,297.00",0.0,0.0,"2,296.89","8,581.00","2,260.00","19,709,634.00",176,37.0,60.0,1.64,2.65,0.0,"2,948.00","1,577.00",,
2019/09/05,19,CIT,37.57,1920.0,1923.0,1880.0,1916.0,"1,916.00",0.0,0.0,"1,896.09","5,418.00","1,883.00","10,273,039.00",120,33.0,43.0,1.76,2.29,1.04,"2,948.00","1,577.00",,
2019/09/08,18,CIT,33.3,1950.0,1970.0,1931.0,1940.0,"1,940.00",0.0,0.0,"1,951.54","3,351.00","1,916.00","6,539,594.00",86,24.0,39.0,1.25,2.02,-0.59,"2,948.00","1,577.00",,
2019/09/09,23,CIT,31.46,1940.0,1940.0,1864.0,1868.0,"1,868.00",0.0,0.0,"1,888.02","1,451.00","1,940.00","2,739,522.00",45,-72.0,76.0,-3.71,4.08,-1.07,"2,948.00","1,577.00",,
2019/09/10,22,CIT,33.76,1869.0,1886.0,1850.0,1863.0,"1,863.00",0.0,0.0,"1,861.84","1,099.00","1,868.00","2,046,165.00",25,-5.0,36.0,-0.27,1.95,0.06,"2,948.00","1,577.00",,
2019/07/28,19,CIT,30.79,2452.0,2452.0,2440.0,2440.0,"2,440.00",0.0,0.0,"2,447.45",437.00,"2,495.00","1,069,536.00",12,-55.0,12.0,-2.2,0.49,-0.31,"2,948.00","1,577.00",,
2019/07/29,19,CIT,30.04,2440.0,2470.0,2431.0,2464.0,"2,464.00",0.0,0.0,"2,440.60",149.00,"2,440.00","363,649.00",5,24.0,39.0,0.98,1.6,0.95,"2,948.00","1,577.00",,
2019/07/30,20,CIT,38.42,2450.0,2450.0,2436.0,2440.0,"2,440.00",0.0,0.0,"2,438.58","1,147.00","2,464.00","2,797,055.00",14,-24.0,14.0,-0.97,0.57,0.06,"2,948.00","1,577.00",,
2019/07/31,21,CIT,39.03,2440.0,2450.0,2434.0,2442.0,"2,442.00",0.0,0.0,"2,441.83",744.00,"2,440.00","1,816,720.00",14,2.0,16.0,0.08,0.66,0.01,"2,948.00","1,577.00",,
2019/08/01,20,CIT,41.79,2430.0,2479.0,2430.0,2442.0,"2,442.00",0.0,0.0,"2,442.56",598.00,"2,442.00","1,460,653.00",8,0.0,49.0,0.0,2.02,-0.02,"2,948.00","1,577.00",,
2019/08/04,19,CIT,28.92,2427.0,2442.0,2427.0,2430.0,"2,430.00",0.0,0.0,"2,431.83",169.00,"2,442.00","410,980.00",5,-12.0,15.0,-0.49,0.62,-0.08,"2,948.00","1,577.00",,
2019/08/05,20,CIT,33.75,2430.0,2440.0,2420.0,2420.0,"2,420.00",0.0,0.0,"2,426.81",755.00,"2,430.00","1,832,240.00",19,-10.0,20.0,-0.41,0.83,-0.28,"2,948.00","1,577.00",,
2019/08/06,22,CIT,34.47,2416.0,2420.0,2401.0,2420.0,"2,420.00",0.0,0.0,"2,410.19",799.00,"2,420.00","1,925,742.00",11,0.0,19.0,0.0,0.79,0.41,"2,948.00","1,577.00",,
2019/08/07,22,CIT,36.15,2420.0,2428.0,2415.0,2420.0,"2,420.00",0.0,0.0,"2,420.03",719.00,"2,420.00","1,740,000.00",14,0.0,13.0,0.0,0.54,0.0,"2,948.00","1,577.00",,
2019/08/08,22,CIT,37.34,2419.0,2419.0,2400.0,2408.0,"2,408.00",0.0,0.0,"2,406.80","1,220.00","2,420.00","2,936,293.00",23,-12.0,19.0,-0.5,0.79,0.05,"2,948.00","1,577.00",,
2019/08/11,20,CIT,35.78,2401.0,2406.0,2400.0,2406.0,"2,406.00",0.0,0.0,"2,403.05",200.00,"2,408.00","480,610.00",5,-2.0,6.0,-0.08,0.25,0.12,"2,948.00","1,577.00",,
2019/08/12,20,CIT,40.8,2409.0,2410.0,2380.0,2380.0,"2,380.00",0.0,0.0,"2,388.11","1,438.00","2,406.00","3,434,102.00",32,-26.0,30.0,-1.08,1.26,-0.34,"2,948.00","1,577.00",,
2019/08/13,20,CIT,30.5,2385.0,2385.0,2385.0,2385.0,"2,385.00",0.0,0.0,"2,385.00",50.00,"2,380.00","119,250.00",1,5.0,0.0,0.21,0.0,0.0,"2,948.00","1,577.00",,
2019/08/14,22,CIT,40.39,2370.0,2380.0,2370.0,2370.0,"2,370.00",0.0,0.0,"2,370.91",970.00,"2,385.00","2,299,781.00",26,-15.0,10.0,-0.63,0.42,-0.04,"2,948.00","1,577.00",,
2019/08/15,21,CIT,37.62,2370.0,2371.0,2370.0,2370.0,"2,370.00",0.0,0.0,"2,370.05",220.00,"2,370.00","521,410.00",6,0.0,1.0,0.0,0.04,0.0,"2,948.00","1,577.00",,
2019/08/18,19,CIT,39.79,2370.0,2370.0,2355.0,2358.0,"2,358.00",0.0,0.0,"2,361.00",207.00,"2,370.00","488,726.00",9,-12.0,15.0,-0.51,0.64,-0.13,"2,948.00","1,577.00",,
2019/07/03,19,CIT,52.93,2455.0,2490.0,2425.0,2489.0,"2,489.00",0.0,0.0,"2,463.38",661.00,"2,450.00","1,628,297.00",12,39.0,65.0,1.59,2.68,1.03,"2,948.00","1,577.00",,
2019/07/04,20,CIT,47.75,2476.0,2480.0,2430.0,2430.0,"2,430.00",0.0,0.0,"2,443.36","1,070.00","2,489.00","2,614,390.00",32,-59.0,50.0,-2.37,2.06,-0.55,"2,948.00","1,577.00",,
2019/07/07,20,CIT,51.38,2430.0,2431.0,2422.0,2425.0,"2,425.00",0.0,0.0,"2,426.41","1,805.00","2,430.00","4,379,665.00",25,-5.0,9.0,-0.21,0.37,-0.06,"2,948.00","1,577.00",,
2019/07/08,18,CIT,49.55,2430.0,2430.0,2405.0,2430.0,"2,430.00",0.0,0.0,"2,418.72","2,222.00","2,425.00","5,374,406.00",47,5.0,25.0,0.21,1.04,0.46,"2,948.00","1,577.00",,
2019/07/09,20,CIT,40.88,2430.0,2430.0,2415.0,2430.0,"2,430.00",0.0,0.0,"2,419.69","1,605.00","2,430.00","3,883,602.00",20,0.0,15.0,0.0,0.62,0.42,"2,948.00","1,577.00",,
2019/07/10,21,CIT,59.9,2475.0,2475.0,2430.0,2439.0,"2,439.00",0.0,0.0,"2,471.68","16,655.00","2,430.00","41,165,808.00",26,9.0,45.0,0.37,1.85,-1.34,"2,948.00","1,577.00",,
2019/07/11,20,CIT,50.83,2468.0,2468.0,2440.0,2440.0,"2,440.00",0.0,0.0,"2,448.73",734.00,"2,439.00","1,797,370.00",17,1.0,28.0,0.04,1.15,-0.36,"2,948.00","1,577.00",,
2019/07/14,19,CIT,56.28,2470.0,2470.0,2435.0,2435.0,"2,435.00",0.0,0.0,"2,469.25","10,249.00","2,440.00","25,307,330.00",19,-5.0,35.0,-0.2,1.44,-1.41,"2,948.00","1,577.00",,
2019/07/15,19,CIT,48.09,2440.0,2440.0,2420.0,2428.0,"2,428.00",0.0,0.0,"2,425.44","1,165.00","2,435.00","2,825,638.00",29,-7.0,20.0,-0.29,0.83,0.11,"2,948.00","1,577.00",,
2019/07/16,19,CIT,47.05,2420.0,2429.0,2411.0,2429.0,"2,429.00",0.0,0.0,"2,418.19","1,678.00","2,428.00","4,057,723.00",20,1.0,18.0,0.04,0.75,0.45,"2,948.00","1,577.00",,
2019/07/17,20,CIT,45.79,2425.0,2440.0,2425.0,2433.0,"2,433.00",0.0,0.0,"2,435.25",358.00,"2,429.00","871,821.00",17,4.0,15.0,0.16,0.62,-0.09,"2,948.00","1,577.00",,
2019/07/18,19,CIT,51.02,2451.0,2460.0,2450.0,2460.0,"2,460.00",0.0,0.0,"2,453.75",320.00,"2,433.00","785,200.00",8,27.0,10.0,1.11,0.41,0.25,"2,948.00","1,577.00",,
2019/07/21,21,CIT,47.81,2530.0,2530.0,2450.0,2455.0,"2,455.00",0.0,0.0,"2,466.25",409.00,"2,460.00","1,008,695.00",14,-5.0,80.0,-0.2,3.27,-0.46,"2,948.00","1,577.00",,
2019/07/22,19,CIT,54.82,2430.0,2470.0,2430.0,2470.0,"2,470.00",0.0,0.0,"2,448.41","1,338.00","2,455.00","3,275,970.00",26,15.0,40.0,0.61,1.65,0.87,"2,948.00","1,577.00",,
2019/07/23,19,CIT,50.75,2469.0,2497.0,2469.0,2495.0,"2,495.00",0.0,0.0,"2,478.65",378.00,"2,470.00","936,929.00",12,25.0,28.0,1.01,1.13,0.66,"2,948.00","1,577.00",,
2019/07/24,19,CIT,56.93,2500.0,2500.0,2480.0,2497.0,"2,497.00",0.0,0.0,"2,490.89","1,067.00","2,495.00","2,657,775.00",23,2.0,20.0,0.08,0.81,0.24,"2,948.00","1,577.00",,
2019/06/10,20,CIT,-,2521.0,2560.0,2518.0,2535.0,"2,535.00",0.0,0.0,"2,532.51","1,550.00","2,550.00","3,925,389.00",35,-15.0,42.0,-0.59,1.67,0.1,"2,948.00","1,577.00",,
2019/06/11,21,CIT,-,2517.0,2530.0,2506.0,2506.0,"2,506.00",0.0,0.0,"2,515.88","1,113.00","2,535.00","2,800,177.00",29,-29.0,24.0,-1.14,0.96,-0.39,"2,948.00","1,577.00",,
2019/06/12,20,CIT,-,2500.0,2500.0,2492.0,2492.0,"2,492.00",0.0,0.0,"2,496.15",632.00,"2,506.00","1,577,565.00",16,-14.0,8.0,-0.56,0.32,-0.17,"2,948.00","1,577.00",,
2019/06/13,20,CIT,-,2477.0,2550.0,2477.0,2517.0,"2,517.00",0.0,0.0,"2,510.36",669.00,"2,492.00","1,679,433.00",18,25.0,73.0,1.0,2.95,0.26,"2,948.00","1,577.00",,
2019/06/16,20,CIT,-,2515.0,2515.0,2485.0,2495.0,"2,495.00",0.0,0.0,"2,490.10","2,182.00","2,517.00","5,433,407.00",28,-22.0,30.0,-0.87,1.21,0.2,"2,948.00","1,577.00",,
2019/06/17,20,CIT,-,2500.0,2538.0,2499.0,2514.0,"2,514.00",0.0,0.0,"2,506.90",240.00,"2,495.00","601,655.00",12,19.0,39.0,0.76,1.56,0.28,"2,948.00","1,577.00",,
2019/06/18,20,CIT,-,2500.0,2505.0,2499.0,2500.0,"2,500.00",0.0,0.0,"2,500.53","1,116.00","2,514.00","2,790,587.00",27,-14.0,6.0,-0.56,0.24,-0.02,"2,948.00","1,577.00",,
2019/06/19,18,CIT,39.34,2500.0,2501.0,2491.0,2491.0,"2,491.00",0.0,0.0,"2,497.85",435.00,"2,500.00","1,086,566.00",11,-9.0,10.0,-0.36,0.4,-0.28,"2,948.00","1,577.00",,
2019/06/20,19,CIT,47.62,2500.0,2510.0,2500.0,2510.0,"2,510.00",0.0,0.0,"2,504.25",489.00,"2,491.00","1,224,580.00",7,19.0,10.0,0.76,0.4,0.23,"2,948.00","1,577.00",,
2019/06/23,21,CIT,38.57,2500.0,2500.0,2485.0,2486.0,"2,486.00",0.0,0.0,"2,486.42",361.00,"2,510.00","897,596.00",9,-24.0,15.0,-0.96,0.6,-0.02,"2,948.00","1,577.00",,
2019/06/24,21,CIT,47.41,2485.0,2500.0,2480.0,2500.0,"2,500.00",0.0,0.0,"2,488.60",781.00,"2,486.00","1,943,600.00",12,14.0,20.0,0.56,0.81,0.46,"2,948.00","1,577.00",,
2019/06/25,20,CIT,40.82,2486.0,2500.0,2482.0,2490.0,"2,490.00",0.0,0.0,"2,486.44",160.00,"2,500.00","397,830.00",8,-10.0,18.0,-0.4,0.73,0.14,"2,948.00","1,577.00",,
2019/06/26,20,CIT,42.8,2490.0,2500.0,2475.0,2475.0,"2,475.00",0.0,0.0,"2,485.70",890.00,"2,490.00","2,212,270.00",23,-15.0,25.0,-0.6,1.01,-0.43,"2,948.00","1,577.00",,
2019/06/27,21,CIT,45.64,2475.0,2480.0,2475.0,2475.0,"2,475.00",0.0,0.0,"2,476.00",607.00,"2,475.00","1,502,930.00",13,0.0,5.0,0.0,0.2,-0.04,"2,948.00","1,577.00",,
2019/06/30,19,CIT,42.45,2460.0,2465.0,2450.0,2455.0,"2,455.00",0.0,0.0,"2,458.72","1,040.00","2,475.00","2,557,065.00",25,-20.0,15.0,-0.81,0.61,-0.15,"2,948.00","1,577.00",,
2019/07/01,18,CIT,43.27,2455.0,2480.0,2430.0,2431.0,"2,431.00",0.0,0.0,"2,438.62","1,138.00","2,455.00","2,775,148.00",25,-24.0,50.0,-0.98,2.06,-0.31,"2,948.00","1,577.00",,
2019/05/14,22,CIT,-,2652.0,2705.0,2627.0,2650.0,"2,650.00",0.0,0.0,"2,680.93","3,894.00","2,653.00","10,439,523.00",67,-3.00,78.0,-0.11,2.97,-1.17,"2,948.00","1,577.00",,
2019/05/15,22,CIT,-,2679.0,2679.0,2631.0,2668.0,"2,668.00",0.0,0.0,"2,653.69",971.00,"2,650.00","2,576,732.00",20,18.0,48.00,0.68,1.82,0.54,"2,948.00","1,577.00",,
2019/05/16,22,CIT,-,2660.0,2660.0,2630.0,2655.0,"2,655.00",0.0,0.0,"2,639.12","6,269.00","2,668.00","16,544,618.00",29,-13.0,30.00,-0.49,1.14,0.6,"2,948.00","1,577.00",,
2019/05/19,25,CIT,-,2618.0,2650.0,2610.0,2630.0,"2,630.00",0.0,0.0,"2,636.44","2,246.00","2,655.00","5,921,441.00",35,-25.0,40.0,-0.94,1.53,-0.24,"2,948.00","1,577.00",,
2019/05/20,20,CIT,-,2650.0,2650.0,2610.0,2610.0,"2,610.00",0.0,0.0,"2,622.07","1,264.00","2,630.00","3,314,302.00",34,-20.0,40.0,-0.76,1.53,-0.46,"2,948.00","1,577.00",,
2019/05/21,22,CIT,-,2601.0,2620.0,2590.0,2590.0,"2,590.00",0.0,0.0,"2,600.25","1,537.00","2,610.00","3,996,591.00",32,-20.0,30.0,-0.77,1.16,-0.4,"2,948.00","1,577.00",,
2019/05/22,22,CIT,-,2620.0,2620.0,2571.0,2599.0,"2,599.00",0.0,0.0,"2,589.63","1,456.00","2,590.00","3,770,498.00",27,9.0,49.0,0.35,1.91,0.36,"2,948.00","1,577.00",,
2019/05/23,21,CIT,-,2550.0,2620.0,2550.0,2600.0,"2,600.00",0.0,0.0,"2,562.11","2,150.00","2,599.00","5,508,545.00",18,1.0,70.0,0.04,2.75,1.46,"2,948.00","1,577.00",,
2019/05/26,20,CIT,-,2602.0,2615.0,2580.0,2581.0,"2,581.00",0.0,0.0,"2,589.63",998.00,"2,600.00","2,584,451.00",24,-19.0,35.0,-0.73,1.36,-0.33,"2,948.00","1,577.00",,
2019/05/27,21,CIT,-,2582.0,2606.0,2580.0,2600.0,"2,600.00",0.0,0.0,"2,598.41","1,550.00","2,581.00","4,027,541.00",32,19.0,26.0,0.74,1.01,0.06,"2,948.00","1,577.00",,
2019/05/28,21,CIT,-,2600.0,2609.0,2586.0,2591.0,"2,591.00",0.0,0.0,"2,593.29","2,314.00","2,600.00","6,000,872.00",24,-9.0,23.0,-0.35,0.89,-0.09,"2,948.00","1,577.00",,
2019/05/29,22,CIT,-,2592.0,2630.0,2591.0,2600.0,"2,600.00",0.0,0.0,"2,600.48","2,825.00","2,591.00","7,346,355.00",44,9.0,39.0,0.35,1.51,-0.02,"2,948.00","1,577.00",,
2019/05/30,21,CIT,-,2652.0,2655.0,2588.0,2608.0,"2,608.00",0.0,0.0,"2,619.57","8,004.00","2,600.00","20,967,064.00",49,8.0,67.0,0.31,2.59,-0.44,"2,948.00","1,577.00",,
2019/06/02,34,CIT,36.96,1896.0,1909.9,1889.0,1905.0,"1,905.00",0.0,0.0,"1,896.63","8,381.00","1,897.00","15,895,617.30",137,8.0,20.9,0.42,1.11,0.44,"2,299.00","1,730.80","1,938.34","1,965.55"
2019/06/03,23,CIT,-,2573.0,2580.0,2568.0,2568.0,"2,568.00",0.0,0.0,"2,570.73",698.00,"2,576.00","1,794,369.00",24,-8.0,12.0,-0.31,0.47,-0.11,"2,948.00","1,577.00",,
2019/06/04,22,CIT,-,2565.0,2565.0,2551.0,2552.0,"2,552.00",0.0,0.0,"2,555.56",294.00,"2,568.00","751,335.00",12,-16.0,14.0,-0.62,0.55,-0.14,"2,948.00","1,577.00",,
2019/04/18,21,CIT,-,2570.0,2595.0,2532.0,2550.0,"2,550.00",0.0,0.0,"2,563.59","1,733.00","2,525.00","4,442,710.00",21,25.0,63.0,0.99,2.49,-0.53,"2,948.00","1,577.00",,
2019/04/21,34,CIT,36.96,1896.0,1909.9,1889.0,1905.0,"1,905.00",0.0,0.0,"1,896.63","8,381.00","1,897.00","15,895,617.30",137,8.0,20.9,0.42,1.11,0.44,"2,299.00","1,730.80","1,938.34","1,965.55"
2019/04/22,23,CIT,-,2550.0,2550.0,2500.0,2510.0,"2,510.00",0.0,0.0,"2,513.05","6,765.00","2,545.00","17,000,808.00",85,-35.0,50.0,-1.38,2.0,-0.12,"2,948.00","1,577.00",,
2019/04/23,23,CIT,-,2525.0,2525.0,2490.0,2500.0,"2,500.00",0.0,0.0,"2,499.15","1,962.00","2,510.00","4,903,337.00",44,-10.0,35.0,-0.4,1.41,0.03,"2,948.00","1,577.00",,
2019/04/24,22,CIT,-,2510.0,2510.0,2476.0,2490.0,"2,490.00",0.0,0.0,"2,490.08","2,035.00","2,500.00","5,067,320.00",52,-10.0,34.0,-0.4,1.37,0.0,"2,948.00","1,577.00",,
2019/04/25,21,CIT,-,2451.0,2510.0,2451.0,2470.0,"2,470.00",0.0,0.0,"2,488.42","5,031.00","2,490.00","12,519,262.00",71,-20.0,59.0,-0.8,2.41,-0.75,"2,948.00","1,577.00",,
2019/04/28,23,CIT,-,2450.0,2593.0,2450.0,2560.0,"2,560.00",0.0,0.0,"2,527.12","2,997.00","2,470.00","7,573,765.00",42,90.0,143.0,3.64,5.84,1.28,"2,948.00","1,577.00",,
2019/04/29,22,CIT,-,2560.0,2560.0,2500.0,2547.0,"2,547.00",0.0,0.0,"2,516.45","5,319.00","2,560.00","13,384,988.00",58,-13.0,60.0,-0.51,2.4,1.2,"2,948.00","1,577.00",,
2019/04/30,23,CIT,-,2507.0,2510.0,2501.0,2503.0,"2,503.00",0.0,0.0,"2,505.87","1,456.00","2,547.00","3,648,544.00",26,-44.0,9.0,-1.73,0.36,-0.11,"2,948.00","1,577.00",,
2019/05/02,23,CIT,-,2501.0,2550.0,2493.0,2535.0,"2,535.00",0.0,0.0,"2,506.52","3,915.00","2,503.00","9,813,027.00",39,32.0,57.0,1.28,2.29,1.12,"2,948.00","1,577.00",,
2019/05/05,22,CIT,-,2530.0,2530.0,2508.0,2508.0,"2,508.00",0.0,0.0,"2,514.74",833.00,"2,535.00","2,094,778.00",20,-27.0,22.0,-1.07,0.88,-0.27,"2,948.00","1,577.00",,
2019/05/06,23,CIT,-,2520.0,2530.0,2507.0,2523.0,"2,523.00",0.0,0.0,"2,520.69",708.00,"2,508.00","1,784,648.00",13,15.0,23.0,0.6,0.92,0.09,"2,948.00","1,577.00",,
2019/05/07,22,CIT,-,2520.0,2650.0,2520.0,2636.0,"2,636.00",0.0,0.0,"2,607.05","11,049.00","2,523.00","28,805,324.00",172,113.0,130.0,4.48,5.16,1.1,"2,948.00","1,577.00",,
2019/05/08,22,CIT,-,2640.0,2750.0,2610.0,2713.0,"2,713.00",0.0,0.0,"2,698.60","11,182.00","2,636.00","30,175,708.00",190,77.0,140.0,2.92,5.36,0.53,"2,948.00","1,577.00",,
2019/05/09,21,CIT,-,2685.0,2714.0,2666.0,2675.0,"2,675.00",0.0,0.0,"2,687.81","6,135.00","2,713.00","16,489,715.00",84,-38.0,48.0,-1.4,1.8,-0.48,"2,948.00","1,577.00",,
2019/05/12,22,CIT,-,2679.0,2700.0,2652.0,2680.0,"2,680.00",0.0,0.0,"2,676.74","1,876.00","2,675.00","5,021,561.00",43,5.0,48.0,0.19,1.81,0.12,"2,948.00","1,577.00",,
2019/03/25,23,CIT,-,2610.0,2630.0,2610.0,2610.0,"2,610.00",0.0,0.0,"2,619.33","4,287.00","2,620.00","11,229,082.00",80,-10.0,20.0,-0.38,0.77,-0.36,"2,948.00","1,577.00",,
2019/03/26,23,CIT,-,2618.0,2640.0,2615.0,2630.0,"2,630.00",0.0,0.0,"2,624.18","1,710.00","2,610.00","4,487,348.00",32,20.0,25.0,0.77,0.96,0.22,"2,948.00","1,577.00",,
2019/03/27,22,CIT,-,2645.0,2645.0,2618.0,2618.0,"2,618.00",0.0,0.0,"2,622.33",991.00,"2,630.00","2,598,729.00",21,-12.0,27.0,-0.46,1.03,-0.17,"2,948.00","1,577.00",,
2019/03/28,23,CIT,-,2570.0,2630.0,2570.0,2615.0,"2,615.00",0.0,0.0,"2,620.04","1,446.00","2,618.00","3,788,576.00",34,-3.0,60.0,-0.11,2.33,-0.19,"2,948.00","1,577.00",,
2019/03/31,22,CIT,-,2630.0,2630.0,2611.0,2612.0,"2,612.00",0.0,0.0,"2,613.68","3,750.00","2,615.00","9,801,287.00",32,-3.0,19.0,-0.11,0.73,-0.06,"2,948.00","1,577.00",,
2019/04/01,23,CIT,-,2620.0,2620.0,2600.0,2610.0,"2,610.00",0.0,0.0,"2,609.85","1,675.00","2,612.00","4,371,503.00",29,-2.0,20.0,-0.08,0.77,0.01,"2,948.00","1,577.00",,
2019/04/02,21,CIT,-,2605.0,2619.0,2600.0,2600.0,"2,600.00",0.0,0.0,"2,603.29","1,999.00","2,610.00","5,203,974.00",45,-10.0,19.0,-0.38,0.73,-0.13,"2,948.00","1,577.00",,
2019/04/03,20,CIT,-,2648.0,2651.0,2580.0,2580.0,"2,580.00",0.0,0.0,"2,605.03","1,491.00","2,600.00","3,884,093.00",38,-20.0,71.0,-0.77,2.75,-0.97,"2,948.00","1,577.00",,
2019/04/04,23,CIT,-,2533.0,2610.0,2533.0,2570.0,"2,570.00",0.0,0.0,"2,589.04","1,685.00","2,580.00","4,362,524.00",38,-10.0,77.0,-0.39,3.04,-0.74,"2,948.00","1,577.00",,
2019/04/07,21,CIT,-,2571.0,2585.0,2570.0,2570.0,"2,570.00",0.0,0.0,"2,574.97","1,444.00","2,570.00","3,718,250.00",35,0.0,15.0,0.0,0.58,-0.19,"2,948.00","1,577.00",,
2019/04/08,22,CIT,-,2575.0,2626.0,2570.0,2590.0,"2,590.00",0.0,0.0,"2,591.18","2,065.00","2,570.00","5,350,791.00",29,20.0,56.0,0.78,2.18,-0.05,"2,948.00","1,577.00",,
2019/04/09,21,CIT,-,2595.0,2610.0,2570.0,2572.0,"2,572.00",0.0,0.0,"2,580.32","1,610.00","2,590.00","4,154,320.00",34,-18.0,40.0,-0.69,1.56,-0.32,"2,948.00","1,577.00",,
2019/04/10,20,CIT,-,2590.0,2590.0,2573.0,2573.0,"2,573.00",0.0,0.0,"2,575.64",140.00,"2,572.00","360,590.00",6,1.0,17.0,0.04,0.66,-0.1,"2,948.00","1,577.00",,
2019/04/11,22,CIT,-,2575.0,2580.0,2557.0,2557.0,"2,557.00",0.0,0.0,"2,564.57","1,791.00","2,573.00","4,593,146.00",32,-16.0,23.0,-0.62,0.9,-0.3,"2,948.00","1,577.00",,
2019/04/15,20,CIT,-,2550.0,2550.0,2527.0,2536.0,"2,536.00",0.0,0.0,"2,534.29","1,531.00","2,557.00","3,880,004.00",40,-21.0,23.0,-0.82,0.91,0.07,"2,948.00","1,577.00",,
2019/04/16,23,CIT,-,2550.0,2559.0,2525.0,2550.0,"2,550.00",0.0,0.0,"2,545.40","3,292.00","2,536.00","8,379,463.00",43,14.0,34.0,0.55,1.35,0.18,"2,948.00","1,577.00",,
2019/02/25,21,CIT,-,2505.0,2539.0,2500.0,2530.0,"2,530.00",0.0,0.0,"2,515.23","1,376.00","2,505.00","3,460,958.00",25,25.0,39.0,1.0,1.56,0.58,"3,410.00","1,577.00",,
2019/02/26,20,CIT,-,2530.0,2540.0,2507.0,2507.0,"2,507.00",0.0,0.0,"2,524.67",672.00,"2,530.00","1,696,580.00",16,-23.0,33.0,-0.91,1.32,-0.7,"3,400.00","1,577.00",,
2019/02/27,20,CIT,-,2505.0,2598.0,2505.0,2540.0,"2,540.00",0.0,0.0,"2,544.91","2,003.00","2,507.00","5,097,450.00",32,33.0,93.00,1.32,3.71,-0.19,"3,400.00","1,577.00",,
2019/03/03,19,CIT,-,2530.0,2535.0,2521.0,2521.0,"2,521.00",0.0,0.0,"2,526.09",707.00,"2,540.00","1,785,947.00",16,-19.0,14.0,-0.75,0.56,-0.2,"3,275.00","1,577.00",,
2019/03/05,21,CIT,-,2525.0,2549.0,2525.0,2530.0,"2,530.00",0.0,0.0,"2,532.17","1,314.00","2,521.00","3,327,269.00",29,9.0,24.0,0.36,0.95,-0.09,"3,190.00","1,577.00",,
2019/03/06,21,CIT,-,2540.0,2550.0,2531.0,2540.0,"2,540.00",0.0,0.0,"2,540.97",977.00,"2,530.00","2,482,530.00",22,10.0,19.0,0.4,0.75,-0.04,"3,150.00","1,577.00",,
2019/03/07,22,CIT,-,2550.0,2580.0,2550.0,2563.0,"2,563.00",0.0,0.0,"2,560.49","2,945.00","2,540.00","7,540,655.00",48,23.0,30.0,0.91,1.18,0.1,"3,115.00","1,577.00",,
2019/03/10,34,CIT,36.96,1896.0,1909.9,1889.0,1905.0,"1,905.00",0.0,0.0,"1,896.63","8,381.00","1,897.00","15,895,617.30",137,8.0,20.9,0.42,1.11,0.44,"2,299.00","1,730.80","1,938.34","1,965.55"
2019/03/11,22,CIT,-,2600.0,2618.0,2566.0,2618.0,"2,618.00",0.0,0.0,"2,608.72","5,161.00","2,589.00","13,463,618.00",98,29.0,52.0,1.12,2.03,0.35,"3,040.00","1,577.00",,
2019/03/12,24,CIT,-,2622.0,2652.0,2609.0,2644.0,"2,644.00",0.0,0.0,"2,627.89","2,289.00","2,618.00","6,015,250.00",49,26.0,43.0,0.99,1.65,0.61,"3,040.00","1,577.00",,
2019/03/13,21,CIT,-,2688.0,2689.0,2592.0,2616.0,"2,616.00",0.0,0.0,"2,646.28","7,562.00","2,644.00","20,011,148.00",151,-28.0,97.0,-1.06,3.74,-1.16,"3,040.00","1,577.00",,
2019/03/14,21,CIT,-,2660.0,2665.0,2620.0,2625.0,"2,625.00",0.0,0.0,"2,637.67","2,881.00","2,616.00","7,599,114.00",53,9.0,45.0,0.34,1.72,-0.48,"3,040.00","1,577.00",,
2019/03/17,23,CIT,-,2660.0,2675.0,2637.0,2637.0,"2,637.00",0.0,0.0,"2,656.90","2,077.00","2,625.00","5,518,373.00",45,12.0,38.0,0.46,1.44,-0.75,"3,040.00","1,577.00",,
2019/03/18,22,CIT,-,2675.0,2680.0,2620.0,2635.0,"2,635.00",0.0,0.0,"2,642.41","2,036.00","2,637.00","5,379,945.00",45,-2.0,60.0,-0.08,2.29,-0.28,"3,040.00","1,577.00",,
2019/03/19,22,CIT,-,2687.0,2774.0,2670.0,2690.0,"2,690.00",0.0,0.0,"2,715.22","8,672.00","2,635.00","23,546,408.00",159,55.0,104.0,2.09,3.9,-0.94,"3,040.00","1,577.00",,
2019/03/21,23,CIT,-,2710.0,2710.0,2658.0,2660.0,"2,660.00",0.0,0.0,"2,673.55","3,116.00","2,690.00","8,330,783.00",55,-30.0,52.0,-1.12,1.96,-0.51,"2,948.00","1,577.00",,
2019/01/31,22,CIT,-,2721.0,2800.0,2710.0,2764.0,"2,764.00",0.0,0.0,"2,748.64","14,421.00","2,717.00","39,638,072.00",226,47.0,90.0,1.73,3.32,0.56,"3,550.00","1,577.00",,
2019/02/03,22,CIT,-,2761.0,2765.0,2715.0,2746.0,"2,746.00",0.0,0.0,"2,738.40","4,658.00","2,764.00","12,755,490.00",90,-18.0,50.0,-0.65,1.84,0.28,"3,550.00","1,577.00",,
2019/02/04,20,CIT,-,2717.0,2718.0,2701.0,2707.0,"2,707.00",0.0,0.0,"2,708.83","7,259.00","2,746.00","19,663,416.00",92,-39.0,17.0,-1.42,0.63,-0.07,"3,550.00","1,577.00",,
2019/02/05,21,CIT,-,2700.0,2715.0,2671.0,2698.0,"2,698.00",0.0,0.0,"2,698.70","5,320.00","2,707.00","14,357,105.00",75,-9.0,44.0,-0.33,1.65,-0.03,"3,550.00","1,577.00",,
2019/02/06,22,CIT,-,2701.0,2701.0,2672.0,2680.0,"2,680.00",0.0,0.0,"2,679.70","2,173.00","2,698.00","5,822,984.00",47,-18.0,29.0,-0.67,1.09,0.01,"3,550.00","1,577.00",,
2019/02/07,21,CIT,-,2725.0,2725.0,2661.0,2663.0,"2,663.00",0.0,0.0,"2,665.99","2,009.00","2,680.00","5,355,979.00",38,-17.0,64.0,-0.63,2.41,-0.11,"3,550.00","1,577.00",,
2019/02/10,17,CIT,-,2646.0,2650.0,2615.0,2640.0,"2,640.00",0.0,0.0,"2,640.86","3,720.00","2,663.00","9,823,982.00",46,-23.0,35.0,-0.86,1.34,-0.03,"3,550.00","1,577.00",,
2019/02/11,22,CIT,-,2615.0,2670.0,2615.0,2627.0,"2,627.00",0.0,0.0,"2,637.19","1,330.00","2,640.00","3,507,462.00",31,-13.0,55.0,-0.49,2.1,-0.39,"3,550.00","1,577.00",,
2019/02/12,22,CIT,-,2610.0,2637.0,2607.0,2637.0,"2,637.00",0.0,0.0,"2,628.32",633.00,"2,627.00","1,663,724.00",15,10.0,30.0,0.38,1.15,0.33,"3,550.00","1,577.00",,
2019/02/13,24,CIT,-,2622.0,2640.0,2585.0,2610.0,"2,610.00",0.0,0.0,"2,611.78","5,066.00","2,637.00","13,231,259.00",74,-27.00,55.0,-1.02,2.13,-0.07,"3,550.00","1,577.00",,
2019/02/14,21,CIT,-,2560.0,2598.0,2540.0,2550.0,"2,550.00",0.0,0.0,"2,554.82","4,478.00","2,610.00","11,440,475.00",72,-60.0,58.0,-2.3,2.28,-0.19,"3,550.00","1,577.00",,
2019/02/17,21,CIT,-,2575.0,2575.0,2500.0,2503.0,"2,503.00",0.0,0.0,"2,510.04","4,753.00","2,550.00","11,930,243.00",98,-47.0,75.0,-1.84,3.0,-0.28,"3,550.00","1,577.00",,
2019/02/18,20,CIT,-,2550.0,2550.0,2480.0,2492.0,"2,492.00",0.0,0.0,"2,496.07","1,184.00","2,503.00","2,955,351.00",30,-11.0,70.0,-0.44,2.82,-0.16,"3,550.00","1,577.00",,
2019/02/19,19,CIT,-,2500.0,2600.0,2500.0,2590.0,"2,590.00",0.0,0.0,"2,545.75","3,818.00","2,492.00","9,719,690.00",61,98.0,100.0,3.93,4.0,1.71,"3,480.00","1,577.00",,
2019/02/20,19,CIT,-,2619.0,2620.0,2524.0,2530.0,"2,530.00",0.0,0.0,"2,563.70","2,412.00","2,590.00","6,183,652.00",56,-60.0,96.0,-2.32,3.8,-1.33,"3,480.00","1,577.00",,
2019/02/21,21,CIT,-,2539.0,2544.0,2531.0,2531.0,"2,531.00",0.0,0.0,"2,539.19","1,448.00","2,530.00","3,676,752.00",27,1.0,13.0,0.04,0.51,-0.32,"3,470.00","1,577.00",,
2019/01/08,20,CIT,-,2280.0,2280.0,2250.0,2260.0,"2,260.00",0.0,0.0,"2,260.79","2,748.00","2,288.00","6,212,639.00",44,-28.0,30.0,-1.22,1.33,-0.03,"3,610.00","1,577.00",,
2019/01/09,19,CIT,-,2295.0,2300.0,2256.0,2270.0,"2,270.00",0.0,0.0,"2,279.48","1,235.00","2,260.00","2,815,160.00",23,10.0,44.0,0.44,1.95,-0.42,"3,610.00","1,577.00",,
2019/01/10,19,CIT,-,2265.0,2289.0,2260.0,2275.0,"2,275.00",0.0,0.0,"2,267.31","1,721.00","2,270.00","3,902,045.00",25,5.0,29.0,0.22,1.28,0.34,"3,610.00","1,577.00",,
2019/01/13,18,CIT,-,2300.0,2376.0,2270.0,2376.0,"2,376.00",0.0,0.0,"2,303.90","6,862.00","2,275.00","15,809,352.00",100,101.0,106.0,4.44,4.67,3.03,"3,610.00","1,577.00",,
2019/01/14,19,CIT,-,2494.0,2613.0,2456.0,2613.0,"2,613.00",0.0,0.0,"2,559.16","18,399.00","2,376.00","47,086,060.00",263,237.0,157.0,9.97,6.39,2.06,"3,610.00","1,577.00",,
2019/01/15,20,CIT,-,2665.0,2874.0,2665.0,2874.0,"2,874.00",0.0,0.0,"2,807.14","28,510.00","2,613.00","80,031,488.00",405,261.0,209.0,9.99,7.84,2.33,"3,600.00","1,577.00",,
2019/01/16,20,CIT,-,2930.0,2948.0,2771.0,2811.0,"2,811.00",0.0,0.0,"2,866.66","22,984.00","2,874.00","65,887,320.00",391,-63.0,177.0,-2.19,6.39,-1.98,"3,600.00","1,577.00",,
2019/01/17,21,CIT,-,2777.0,2792.0,2733.0,2745.0,"2,745.00",0.0,0.0,"2,754.79","8,051.00","2,811.00","22,178,844.00",173,-66.0,59.0,-2.35,2.16,-0.36,"3,600.00","1,577.00",,
2019/01/20,18,CIT,-,2799.0,2799.0,2561.0,2571.0,"2,571.00",0.0,0.0,"2,606.44","10,790.00","2,745.00","28,123,538.00",131,-174.0,238.0,-6.34,9.29,-1.38,"3,600.00","1,577.00",,
2019/01/21,22,CIT,-,2548.0,2575.0,2500.0,2535.0,"2,535.00",0.0,0.0,"2,521.28","6,748.00","2,571.00","17,013,624.00",96,-36.0,75.0,-1.4,3.0,0.54,"3,600.00","1,577.00",,
2019/01/22,19,CIT,-,2535.0,2600.0,2497.0,2559.0,"2,559.00",0.0,0.0,"2,541.52","6,334.00","2,535.00","16,098,001.00",79,24.00,103.00,0.95,4.12,0.68,"3,550.00","1,577.00",,
2019/01/23,17,CIT,-,2540.0,2614.0,2540.0,2609.0,"2,609.00",0.0,0.0,"2,587.70","3,613.00","2,559.00","9,349,353.00",55,50.0,74.0,1.95,2.91,0.82,"3,550.00","1,577.00",,
2019/01/24,19,CIT,-,2660.0,2760.0,2607.0,2739.0,"2,739.00",0.0,0.0,"2,706.63","12,502.00","2,609.00","33,838,248.00",189,130.0,153.00,4.98,5.87,1.18,"3,550.00","1,577.00",,
2019/01/27,19,CIT,-,2685.0,2749.0,2652.0,2689.0,"2,689.00",0.0,0.0,"2,693.41","4,279.00","2,739.00","11,525,114.00",76,-50.0,97.0,-1.83,3.66,-0.16,"3,550.00","1,577.00",,
2019/01/28,20,CIT,-,2715.0,2715.0,2657.0,2705.0,"2,705.00",0.0,0.0,"2,688.29","1,998.00","2,689.00","5,371,194.00",44,16.0,58.0,0.6,2.18,0.62,"3,550.00","1,577.00",,
2019/01/29,19,CIT,-,2682.0,2700.0,2663.0,2692.0,"2,692.00",0.0,0.0,"2,685.89","5,388.00","2,705.00","14,471,580.00",87,-13.0,37.0,-0.48,1.39,0.23,"3,550.00","1,577.00",,
2018/12/16,17,CIT,-,1606.0,1607.0,1595.0,1600.0,"1,600.00",0.0,0.0,"1,603.02","1,810.00","1,577.00","2,901,470.00",25,23.0,12.0,1.46,0.75,-0.19,"3,655.00","1,577.00",,
2018/12/17,19,CIT,-,1600.0,1619.0,1590.0,1618.0,"1,618.00",0.0,0.0,"1,606.21",518.00,"1,600.00","832,017.00",13,18.0,29.0,1.13,1.82,0.73,"3,655.00","1,577.00",,
2018/12/18,18,CIT,-,1586.0,1639.0,1586.0,1610.0,"1,610.00",0.0,0.0,"1,611.07","1,334.00","1,618.00","2,149,170.00",21,-8.0,53.0,-0.49,3.34,-0.07,"3,655.00","1,577.00",,
2018/12/19,17,CIT,-,1610.0,1612.0,1600.0,1610.0,"1,610.00",0.0,0.0,"1,607.65",371.00,"1,610.00","596,440.00",15,0.0,12.0,0.0,0.75,0.15,"3,650.00","1,577.00",,
2018/12/20,20,CIT,-,1620.0,1640.0,1590.0,1605.0,"1,605.00",0.0,0.0,"1,620.35","1,470.00","1,610.00","2,381,910.00",15,-5.0,50.0,-0.31,3.14,-0.96,"3,640.00","1,577.00",,
2018/12/23,19,CIT,-,1625.0,1730.0,1611.0,1725.0,"1,725.00",0.0,0.0,"1,661.30","7,084.00","1,605.00","11,768,658.00",58,120.0,119.0,7.48,7.39,3.69,"3,640.00","1,577.00",,
2018/12/24,20,CIT,-,1740.0,1749.0,1690.0,1714.0,"1,714.00",0.0,0.0,"1,715.78","2,995.00","1,725.00","5,138,752.00",40,-11.0,59.0,-0.64,3.49,-0.1,"3,640.00","1,577.00",,
2018/12/25,20,CIT,-,1714.0,1751.0,1713.0,1751.0,"1,751.00",0.0,0.0,"1,736.08","3,253.00","1,714.00","5,647,459.00",28,37.0,38.0,2.16,2.22,0.85,"3,610.00","1,577.00",,
2018/12/26,21,CIT,-,1750.0,1926.0,1750.0,1926.0,"1,926.00",0.0,0.0,"1,864.95","3,560.00","1,751.00","6,639,206.00",52,175.0,176.0,9.99,10.06,3.17,"3,610.00","1,577.00",,
2018/12/27,20,CIT,-,1964.0,2118.0,1964.0,2100.0,"2,100.00",0.0,0.0,"2,106.46","6,919.00","1,926.00","14,574,567.00",89,174.0,154.0,9.03,7.84,-0.31,"3,610.00","1,577.00",,
2018/12/30,19,CIT,-,2142.0,2295.0,2140.0,2199.0,"2,199.00",0.0,0.0,"2,199.48","12,449.00","2,100.00","27,381,290.00",202,99.0,155.0,4.71,7.24,-0.02,"3,610.00","1,577.00",,
2018/12/31,19,CIT,-,2240.0,2240.0,2125.0,2126.0,"2,126.00",0.0,0.0,"2,156.13","4,529.00","2,199.00","9,765,117.00",80,-73.0,115.0,-3.32,5.41,-1.42,"3,610.00","1,577.00",,
2019/01/01,16,CIT,-,2140.0,2200.0,2126.0,2150.0,"2,150.00",0.0,0.0,"2,162.42","1,960.00","2,126.00","4,238,340.00",33,24.0,74.0,1.13,3.48,-0.58,"3,610.00","1,577.00",,
2019/01/02,19,CIT,-,2135.0,2135.0,2108.0,2108.0,"2,108.00",0.0,0.0,"2,112.70",904.00,"2,150.00","1,909,877.00",21,-42.0,27.0,-1.95,1.28,-0.22,"3,610.00","1,577.00",,
2019/01/03,19,CIT,-,2100.0,2120.0,2090.0,2100.0,"2,100.00",0.0,0.0,"2,100.86","1,170.00","2,108.00","2,458,005.00",29,-8.0,30.0,-0.38,1.44,-0.04,"3,610.00","1,577.00",,
2019/01/06,20,CIT,-,2142.0,2310.0,2142.0,2248.0,"2,248.00",0.0,0.0,"2,235.67","8,083.00","2,100.00","18,070,896.00",164,148.0,168.0,7.05,7.84,0.55,"3,610.00","1,577.00",,
2018/11/21,18,CIT,-,2235.0,2235.0,2200.0,2225.0,"2,225.00",0.0,0.0,"2,210.44",954.00,"2,234.00","2,108,761.00",15,-9.0,35.0,-0.4,1.59,0.65,"3,800.00","2,200.00",,
2018/11/22,17,CIT,-,2219.0,2219.0,2207.0,2207.0,"2,207.00",0.0,0.0,"2,212.34",295.00,"2,225.00","652,640.00",8,-18.0,12.0,-0.81,0.54,-0.24,"3,800.00","2,200.00",,
2018/11/25,16,CIT,-,2190.0,2190.0,2150.0,2150.0,"2,150.00",0.0,0.0,"2,169.55",720.00,"2,207.00","1,562,078.00",17,-57.0,40.0,-2.58,1.86,-0.91,"3,800.00","2,150.00",,
2018/11/26,19,CIT,-,2180.0,2230.0,2170.0,2224.0,"2,224.00",0.0,0.0,"2,183.41","1,808.00","2,150.00","3,947,603.00",25,74.0,60.0,3.44,2.76,1.83,"3,800.00","2,150.00",,
2018/11/27,19,CIT,-,2265.0,2265.0,2200.0,2215.0,"2,215.00",0.0,0.0,"2,210.66",525.00,"2,224.00","1,160,595.00",16,-9.0,65.0,-0.4,2.95,0.2,"3,700.00","2,150.00",,
2018/11/28,18,CIT,-,2200.0,2230.0,2185.0,2200.0,"2,200.00",0.0,0.0,"2,198.51","2,615.00","2,215.00","5,749,101.00",35,-15.0,45.0,-0.68,2.06,0.07,"3,700.00","2,150.00",,
2018/11/29,20,CIT,-,2176.0,2200.0,2170.0,2189.0,"2,189.00",0.0,0.0,"2,187.55","3,507.00","2,200.00","7,671,739.00",80,-11.0,30.0,-0.5,1.38,0.07,"3,700.00","2,150.00",,
2018/12/02,18,CIT,-,1790.0,1800.0,1760.0,1760.0,"1,760.00",0.0,0.0,"1,760.52","3,055.00","1,791.49","5,378,400.00",5,-31.0,40.0,-1.76,2.27,-0.03,"3,655.00","1,760.00",,
2018/12/03,18,CIT,-,1755.0,1760.0,1700.0,1700.0,"1,700.00",0.0,0.0,"1,726.05","1,070.00","1,760.00","1,846,877.00",24,-60.0,60.0,-3.41,3.53,-1.53,"3,655.00","1,700.00",,
2018/12/04,20,CIT,-,1705.0,1710.0,1691.0,1710.0,"1,710.00",0.0,0.0,"1,699.72","1,084.00","1,700.00","1,842,494.00",20,10.0,19.0,0.59,1.12,0.6,"3,655.00","1,691.00",,
2018/12/05,19,CIT,-,1676.0,1680.0,1651.0,1651.0,"1,651.00",0.0,0.0,"1,662.54","1,145.00","1,710.00","1,903,605.00",19,-59.0,29.0,-3.45,1.76,-0.7,"3,655.00","1,651.00",,
2018/12/06,20,CIT,-,1618.0,1655.0,1601.0,1631.0,"1,631.00",0.0,0.0,"1,639.79","1,171.00","1,651.00","1,920,189.00",19,-20.0,54.0,-1.21,3.37,-0.54,"3,655.00","1,601.00",,
2018/12/09,18,CIT,-,1630.0,1630.0,1622.0,1622.0,"1,622.00",0.0,0.0,"1,624.81",77.00,"1,631.00","125,110.00",4,-9.0,8.0,-0.55,0.49,-0.17,"3,655.00","1,601.00",,
2018/12/10,17,CIT,-,1630.0,1665.0,1604.0,1606.0,"1,606.00",0.0,0.0,"1,613.33","5,155.00","1,622.00","8,316,741.00",38,-16.0,61.0,-0.99,3.8,-0.46,"3,655.00","1,601.00",,
2018/12/11,20,CIT,-,1631.0,1632.0,1613.0,1613.0,"1,613.00",0.0,0.0,"1,621.76","1,670.00","1,606.00","2,708,335.00",15,7.0,19.0,0.44,1.18,-0.54,"3,655.00","1,601.00",,
2018/12/12,17,CIT,-,1630.0,1630.0,1607.0,1607.0,"1,607.00",0.0,0.0,"1,614.12","1,450.00","1,613.00","2,340,480.00",9,-6.0,23.0,-0.37,1.43,-0.44,"3,655.00","1,601.00",,
2018/10/25,19,CIT,-,2355.0,2355.0,2310.0,2310.0,"2,310.00",0.0,0.0,"2,326.58",76.00,"2,345.00","176,820.00",3,-35.0,45.0,-1.49,1.95,-0.72,"3,800.00","2,298.00",,
2018/10/28,21,CIT,-,2340.0,2340.0,2300.0,2300.0,"2,300.00",0.0,0.0,"2,306.78",295.00,"2,310.00","680,500.00",3,-10.0,40.0,-0.43,1.74,-0.29,"3,800.00","2,298.00",,
2018/10/30,18,CIT,-,2295.0,2325.0,2295.0,2301.0,"2,301.00",0.0,0.0,"2,299.19",516.00,"2,300.00","1,186,380.00",7,1.0,30.0,0.04,1.31,0.08,"3,800.00","2,295.00",,
2018/10/31,19,CIT,-,2310.0,2320.0,2305.0,2320.0,"2,320.00",0.0,0.0,"2,314.44",250.00,"2,301.00","578,610.00",7,19.0,15.0,0.83,0.65,0.24,"3,800.00","2,295.00",,
2018/11/01,19,CIT,-,2320.0,2339.0,2315.0,2315.0,"2,315.00",0.0,0.0,"2,318.29",283.00,"2,320.00","656,077.00",6,-5.0,24.0,-0.22,1.04,-0.14,"3,800.00","2,295.00",,
2018/11/04,16,CIT,-,2295.0,2300.0,2286.0,2290.0,"2,290.00",0.0,0.0,"2,291.69",765.00,"2,315.00","1,753,140.00",14,-25.0,14.0,-1.08,0.61,-0.07,"3,800.00","2,286.00",,
2018/11/05,18,CIT,-,2300.0,2301.0,2300.0,2301.0,"2,301.00",0.0,0.0,"2,300.68",164.00,"2,290.00","377,312.00",3,11.0,1.0,0.48,0.04,0.01,"3,800.00","2,286.00",,
2018/11/06,13,CIT,-,2301.0,2290.0,2290.0,2325.0,"2,325.00",0.0,0.0,"2,325.00",10.00,"2,301.00","23,250.00",1,24.0,0.0,1.04,0.0,0.0,"3,800.00","2,286.00",,
2018/11/13,17,CIT,-,2290.0,2325.0,2290.0,2309.0,"2,309.00",0.0,0.0,"2,302.11",395.00,"2,325.00","909,333.00",5,-16.0,35.0,-0.69,1.53,0.3,"3,800.00","2,286.00",,
2018/11/14,17,CIT,-,2295.0,2315.0,2295.0,2298.0,"2,298.00",0.0,0.0,"2,304.50",328.00,"2,309.00","755,875.00",9,-11.0,20.0,-0.48,0.87,-0.28,"3,800.00","2,286.00",,
2018/11/15,16,CIT,-,2300.0,2300.0,2290.0,2300.0,"2,300.00",0.0,0.0,"2,299.07","1,388.00","2,298.00","3,191,103.00",15,2.0,10.0,0.09,0.44,0.04,"3,800.00","2,286.00",,
2018/11/18,16,CIT,-,2265.0,2270.0,2261.0,2265.0,"2,265.00",0.0,0.0,"2,265.03",310.00,"2,300.00","702,160.00",11,-35.0,9.0,-1.52,0.4,0.0,"3,800.00","2,200.00",,
2018/11/19,16,CIT,-,2250.0,2265.0,2230.0,2234.0,"2,234.00",0.0,0.0,"2,236.60","1,040.00","2,265.00","2,326,060.00",24,-31.0,35.0,-1.37,1.57,-0.12,"3,800.00","2,230.00",,
2018/09/27,21,CIT,-,2376.0,2400.0,2370.0,2370.0,"2,370.00",0.0,0.0,"2,377.10",600.00,"2,390.00","1,426,260.00",13,-20.0,30.0,-0.84,1.27,-0.3,"3,820.00","2,298.00",,
2018/09/30,20,CIT,-,2350.0,2365.0,2349.0,2365.0,"2,365.00",0.0,0.0,"2,354.78",269.00,"2,370.00","633,435.00",10,-5.0,16.0,-0.21,0.68,0.43,"3,820.00","2,298.00",,
2018/10/01,20,CIT,-,2400.0,2400.0,2346.0,2346.0,"2,346.00",0.0,0.0,"2,367.64",322.00,"2,365.00","762,380.00",8,-19.0,54.0,-0.8,2.3,-0.92,"3,820.00","2,298.00",,
2018/10/02,21,CIT,-,2345.0,2364.0,2341.0,2341.0,"2,341.00",0.0,0.0,"2,345.69","1,249.00","2,346.00","2,929,770.00",26,-5.0,23.0,-0.21,0.98,-0.2,"3,820.00","2,298.00",,
2018/10/03,19,CIT,-,2387.0,2388.0,2340.0,2340.0,"2,340.00",0.0,0.0,"2,343.75",320.00,"2,341.00","750,000.00",7,-1.0,48.0,-0.04,2.05,-0.16,"3,820.00","2,298.00",,
2018/10/04,21,CIT,-,2345.0,2355.0,2330.0,2350.0,"2,350.00",0.0,0.0,"2,343.97",277.00,"2,340.00","649,280.00",7,10.0,25.0,0.43,1.07,0.26,"3,820.00","2,298.00",,
2018/10/07,20,CIT,-,2303.0,2330.0,2303.0,2310.0,"2,310.00",0.0,0.0,"2,312.81",407.00,"2,350.00","941,313.00",14,-40.0,27.0,-1.7,1.17,-0.12,"3,820.00","2,298.00",,
2018/10/08,18,CIT,-,2312.0,2325.0,2312.0,2325.0,"2,325.00",0.0,0.0,"2,317.43",552.00,"2,310.00","1,279,222.00",10,15.0,13.0,0.65,0.56,0.33,"3,820.00","2,298.00",,
2018/10/09,19,CIT,-,2325.0,2325.0,2310.0,2310.0,"2,310.00",0.0,0.0,"2,321.78",622.00,"2,325.00","1,444,150.00",6,-15.0,15.0,-0.65,0.65,-0.51,"3,820.00","2,298.00",,
2018/10/10,20,CIT,-,2300.0,2310.0,2299.0,2310.0,"2,310.00",0.0,0.0,"2,300.96",588.00,"2,310.00","1,352,967.00",14,0.0,11.0,0.0,0.48,0.39,"3,820.00","2,298.00",,
2018/10/11,20,CIT,-,2320.0,2320.0,2300.0,2310.0,"2,310.00",0.0,0.0,"2,307.85",702.00,"2,310.00","1,620,114.00",7,0.0,20.0,0.0,0.87,0.09,"3,820.00","2,298.00",,
2018/10/14,18,CIT,-,2335.0,2335.0,2330.0,2330.0,"2,330.00",0.0,0.0,"2,334.17",60.00,"2,310.00","140,050.00",3,20.00,5.00,0.87,0.21,-0.18,"3,820.00","2,298.00",,
2018/10/21,14,CIT,-,2350.0,2350.0,2350.0,2350.0,"2,350.00",0.0,0.0,"2,350.00",50.00,"2,330.00","117,500.00",1,20.0,0.0,0.86,0.0,0.0,"3,820.00","2,298.00",,
2018/10/22,18,CIT,-,2333.0,2349.0,2333.0,2334.0,"2,334.00",0.0,0.0,"2,335.19",785.00,"2,350.00","1,833,125.00",11,-16.0,16.0,-0.68,0.69,-0.05,"3,820.00","2,298.00",,
2018/10/23,20,CIT,-,2300.0,2301.0,2299.0,2300.0,"2,300.00",0.0,0.0,"2,300.35",108.00,"2,334.00","248,438.00",4,-34.0,2.0,-1.46,0.09,-0.02,"3,800.00","2,298.00",,
2018/09/03,20,CIT,-,2400.0,2420.0,2400.0,2405.0,"2,405.00",0.0,0.0,"2,412.45",345.00,"2,401.00","832,295.00",14,4.00,20.0,0.17,0.83,-0.31,"3,820.00","2,298.00",,
2018/09/04,20,CIT,-,2402.0,2402.0,2388.0,2388.0,"2,388.00",0.0,0.0,"2,396.63",80.00,"2,405.00","191,730.00",6,-17.0,14.0,-0.71,0.59,-0.36,"3,820.00","2,298.00",,
2018/09/05,21,CIT,-,2400.0,2435.0,2400.0,2435.0,"2,435.00",0.0,0.0,"2,423.23",304.00,"2,388.00","736,663.00",8,47.0,35.0,1.97,1.46,0.48,"3,820.00","2,298.00",,
2018/09/06,20,CIT,-,2480.0,2480.0,2402.0,2402.0,"2,402.00",0.0,0.0,"2,424.61",838.00,"2,435.00","2,031,827.00",19,-33.0,78.0,-1.36,3.25,-0.94,"3,820.00","2,298.00",,
2018/09/09,22,CIT,-,2400.0,2400.0,2400.0,2400.0,"2,400.00",0.0,0.0,"2,400.00",209.00,"2,402.00","501,600.00",5,-2.0,0.0,-0.08,0.0,0.0,"3,820.00","2,298.00",,
2018/09/10,20,CIT,-,2400.0,2400.0,2367.0,2399.0,"2,399.00",0.0,0.0,"2,380.90",579.00,"2,400.00","1,378,542.00",23,-1.0,33.0,-0.04,1.39,0.75,"3,820.00","2,298.00",,
2018/09/11,21,CIT,-,2415.0,2415.0,2390.0,2390.0,"2,390.00",0.0,0.0,"2,390.88",255.00,"2,399.00","609,675.00",7,-9.0,25.00,-0.38,1.05,-0.04,"3,820.00","2,298.00",,
2018/09/12,20,CIT,-,2390.0,2405.0,2390.0,2405.0,"2,405.00",0.0,0.0,"2,393.50",671.00,"2,390.00","1,606,040.00",7,15.0,15.0,0.63,0.63,0.48,"3,820.00","2,298.00",,
2018/09/13,21,CIT,-,2410.0,2420.0,2391.0,2400.0,"2,400.00",0.0,0.0,"2,403.39",330.00,"2,405.00","793,118.00",14,-5.0,29.0,-0.21,1.21,-0.14,"3,820.00","2,298.00",,
2018/09/16,19,CIT,-,2440.0,2440.0,2440.0,2440.0,"2,440.00",0.0,0.0,"2,440.00",100.00,"2,400.00","244,000.00",2,40.0,0.0,1.67,0.0,0.0,"3,820.00","2,298.00",,
2018/09/17,20,CIT,-,2410.0,2430.0,2393.0,2400.0,"2,400.00",0.0,0.0,"2,400.99",547.00,"2,440.00","1,313,342.00",15,-40.0,37.0,-1.64,1.55,-0.04,"3,820.00","2,298.00",,
2018/09/18,20,CIT,-,2400.0,2400.0,2400.0,2400.0,"2,400.00",0.0,0.0,"2,400.00",280.00,"2,400.00","672,000.00",9,0.0,0.0,0.0,0.0,0.0,"3,820.00","2,298.00",,
2018/09/19,34,CIT,36.96,1896.0,1909.9,1889.0,1905.0,"1,905.00",0.0,0.0,"1,896.63","8,381.00","1,897.00","15,895,617.30",137,8.0,20.9,0.42,1.11,0.44,"2,299.00","1,730.80","1,938.34","1,965.55"
2018/09/20,21,CIT,-,2390.0,2390.0,2381.0,2381.0,"2,381.00",0.0,0.0,"2,384.16",826.00,"2,400.00","1,969,318.00",18,-19.0,9.0,-0.79,0.38,-0.13,"3,820.00","2,298.00",,
2018/09/23,20,CIT,-,2370.0,2380.0,2370.0,2380.0,"2,380.00",0.0,0.0,"2,374.33",717.00,"2,381.00","1,702,397.00",21,-1.0,10.0,-0.04,0.42,0.24,"3,820.00","2,298.00",,
2018/09/25,19,CIT,-,2390.0,2390.0,2380.0,2380.0,"2,380.00",0.0,0.0,"2,382.23",104.00,"2,380.00","247,752.00",6,0.0,10.0,0.0,0.42,-0.09,"3,820.00","2,298.00",,
2018/08/08,18,CIT,-,2410.0,2440.0,2410.0,2440.0,"2,440.00",0.0,0.0,"2,421.79",271.00,"2,450.00","656,306.00",6,-10.0,30.0,-0.41,1.24,0.75,"4,750.00","2,298.00",,
2018/08/09,17,CIT,-,2440.0,2440.0,2425.0,2425.0,"2,425.00",0.0,0.0,"2,435.91",220.00,"2,440.00","535,900.00",5,-15.0,15.0,-0.61,0.62,-0.45,"4,100.00","2,298.00",,
2018/08/12,18,CIT,-,2386.0,2425.0,2386.0,2400.0,"2,400.00",0.0,0.0,"2,400.59",428.00,"2,425.00","1,027,454.00",11,-25.0,39.0,-1.03,1.63,-0.02,"3,980.00","2,298.00",,
2018/08/13,18,CIT,-,2372.0,2410.0,2370.0,2410.0,"2,410.00",0.0,0.0,"2,397.00","1,552.00","2,400.00","3,720,150.00",17,10.0,40.0,0.42,1.69,0.54,"3,980.00","2,298.00",,
2018/08/14,20,CIT,-,2400.0,2410.0,2386.0,2410.0,"2,410.00",0.0,0.0,"2,399.85","1,048.00","2,410.00","2,515,045.00",21,0.0,24.0,0.0,1.01,0.42,"3,965.00","2,298.00",,
2018/08/15,20,CIT,-,2400.0,2468.0,2400.0,2450.0,"2,450.00",0.0,0.0,"2,428.38",505.00,"2,410.00","1,226,330.00",12,40.0,68.0,1.66,2.83,0.88,"3,950.00","2,298.00",,
2018/08/16,20,CIT,-,2440.0,2460.0,2440.0,2445.0,"2,445.00",0.0,0.0,"2,452.85",371.00,"2,450.00","910,006.00",14,-5.00,20.0,-0.2,0.82,-0.32,"3,900.00","2,298.00",,
2018/08/19,18,CIT,-,2445.0,2445.0,2415.0,2425.0,"2,425.00",0.0,0.0,"2,422.37",190.00,"2,445.00","460,250.00",6,-20.0,30.0,-0.82,1.24,0.11,"3,885.00","2,298.00",,
2018/08/20,19,CIT,-,2424.0,2424.0,2390.0,2390.0,"2,390.00",0.0,0.0,"2,397.38",80.00,"2,425.00","191,790.00",5,-35.0,34.0,-1.44,1.42,-0.31,"3,885.00","2,298.00",,
2018/08/21,20,CIT,-,2437.0,2437.0,2400.0,2400.0,"2,400.00",0.0,0.0,"2,415.80",282.00,"2,390.00","681,257.00",10,10.0,37.0,0.42,1.54,-0.66,"3,885.00","2,298.00",,
2018/08/22,19,CIT,-,2400.0,2401.0,2390.0,2390.0,"2,390.00",0.0,0.0,"2,396.88",288.00,"2,400.00","690,300.00",9,-10.0,11.0,-0.42,0.46,-0.29,"3,885.00","2,298.00",,
2018/08/23,19,CIT,-,2437.0,2484.0,2437.0,2484.0,"2,484.00",0.0,0.0,"2,460.50",20.00,"2,390.00","49,210.00",2,94.0,47.0,3.93,1.93,0.95,"3,850.00","2,298.00",,
2018/08/26,18,CIT,-,2450.0,2450.0,2400.0,2400.0,"2,400.00",0.0,0.0,"2,402.51","2,415.00","2,484.00","5,802,067.00",28,-84.0,50.0,-3.38,2.08,-0.1,"3,820.00","2,298.00",,
2018/08/28,21,CIT,-,2400.0,2415.0,2390.0,2415.0,"2,415.00",0.0,0.0,"2,406.91",276.00,"2,400.00","664,306.00",10,15.0,25.0,0.63,1.05,0.34,"3,820.00","2,298.00",,
2018/08/29,18,CIT,-,2400.0,2410.0,2395.0,2395.0,"2,395.00",0.0,0.0,"2,402.91",235.00,"2,415.00","564,685.00",13,-20.0,15.0,-0.83,0.63,-0.33,"3,820.00","2,298.00",,
2018/08/30,21,CIT,-,2392.0,2400.0,2386.0,2400.0,"2,400.00",0.0,0.0,"2,390.82",572.00,"2,395.00","1,367,549.00",17,5.0,14.0,0.21,0.59,0.38,"3,820.00","2,298.00",,
2018/09/26,20,CIT,-,2400.0,2405.0,2390.0,2390.0,"2,390.00",0.0,0.0,"2,393.51","1,706.00","2,380.00","4,083,334.00",19,10.0,15.0,0.42,0.63,-0.15,"3,820.00","2,298.00",,
2018/10/24,20,CIT,-,2300.0,2345.0,2300.0,2345.0,"2,345.00",0.0,0.0,"2,318.38",96.00,"2,300.00","222,564.00",5,45.0,45.0,1.96,1.96,1.14,"3,800.00","2,298.00",,
2018/12/13,34,CIT,36.96,1896.0,1909.9,1889.0,1905.0,"1,905.00",0.0,0.0,"1,896.63","8,381.00","1,897.00","15,895,617.30",137,8.0,20.9,0.42,1.11,0.44,"2,299.00","1,730.80","1,938.34","1,965.55"
2019/01/07,19,CIT,-,2248.0,2288.0,2241.0,2288.0,"2,288.00",0.0,0.0,"2,263.67","6,667.00","2,248.00","15,091,887.00",104,40.0,47.0,1.78,2.1,1.06,"3,610.00","1,577.00",,
2019/01/30,20,CIT,-,2642.0,2730.0,2642.0,2717.0,"2,717.00",0.0,0.0,"2,703.28","8,521.00","2,692.00","23,034,660.00",140,25.00,88.0,0.93,3.33,0.5,"3,550.00","1,577.00",,
2019/02/24,20,CIT,-,2501.0,2510.0,2500.0,2505.0,"2,505.00",0.0,0.0,"2,503.48","2,034.00","2,531.00","5,092,078.00",26,-26.0,10.0,-1.03,0.4,0.06,"3,410.00","1,577.00",,
2019/03/24,22,CIT,-,2611.0,2640.0,2610.0,2620.0,"2,620.00",0.0,0.0,"2,631.09","3,931.00","2,660.00","10,342,811.00",58,-40.0,30.0,-1.5,1.15,-0.42,"2,948.00","1,577.00",,
2019/04/17,21,CIT,-,2580.0,2601.0,2523.0,2525.0,"2,525.00",0.0,0.0,"2,543.65","2,311.00","2,550.00","5,878,374.00",49,-25.0,78.0,-0.98,3.09,-0.74,"2,948.00","1,577.00",,
2019/05/13,23,CIT,-,2629.0,2690.0,2629.0,2653.0,"2,653.00",0.0,0.0,"2,664.22","1,436.00","2,680.00","3,825,822.00",29,-27.0,61.0,-1.01,2.32,-0.42,"2,948.00","1,577.00",,
2019/06/06,21,CIT,-,2603.0,2603.0,2550.0,2550.0,"2,550.00",0.0,0.0,"2,559.78","1,927.00","2,552.00","4,932,695.00",42,-2.0,53.0,-0.08,2.08,-0.38,"2,948.00","1,577.00",,
2019/07/02,20,CIT,44.74,2449.0,2450.0,2430.0,2450.0,"2,450.00",0.0,0.0,"2,439.78",640.00,"2,431.00","1,561,458.00",18,19.0,20.0,0.78,0.82,0.42,"2,948.00","1,577.00",,
2019/07/25,20,CIT,48.8,2499.0,2499.0,2480.0,2495.0,"2,495.00",0.0,0.0,"2,491.97",374.00,"2,497.00","931,995.00",13,-2.0,19.0,-0.08,0.77,0.12,"2,948.00","1,577.00",,
2019/08/19,34,CIT,36.96,1896.0,1909.9,1889.0,1905.0,"1,905.00",0.0,0.0,"1,896.63","8,381.00","1,897.00","15,895,617.30",137,8.0,20.9,0.42,1.11,0.44,"2,299.00","1,730.80","1,938.34","1,965.55"
2019/09/11,23,CIT,43.31,1860.0,1869.0,1858.0,1861.0,"1,861.00",0.0,0.0,"1,860.11","1,415.00","1,863.00","2,632,050.00",16,-2.0,11.0,-0.11,0.59,0.05,"2,948.00","1,577.00",,
2018/07/16,17,CIT,-,2500.0,2530.0,2490.0,2500.0,"2,500.00",0.0,0.0,"2,503.03",165.00,"2,456.00","413,000.00",8,44.0,40.0,1.79,1.61,-0.12,"4,857.00","2,298.00",,
2018/07/17,19,CIT,-,2500.0,2500.0,2470.0,2475.0,"2,475.00",0.0,0.0,"2,488.02",686.00,"2,500.00","1,706,781.00",14,-25.0,30.0,-1.0,1.21,-0.53,"4,857.00","2,298.00",,
2018/07/18,17,CIT,-,2500.0,2500.0,2460.0,2460.0,"2,460.00",0.0,0.0,"2,472.81",326.00,"2,475.00","806,135.00",7,-15.0,40.0,-0.61,1.63,-0.52,"4,857.00","2,298.00",,
2018/07/19,16,CIT,-,2460.0,2460.0,2460.0,2460.0,"2,460.00",0.0,0.0,"2,460.00",157.00,"2,460.00","386,220.00",10,0.0,0.0,0.0,0.0,0.0,"4,857.00","2,298.00",,
2018/07/22,17,CIT,-,2422.0,2455.0,2406.0,2406.0,"2,406.00",0.0,0.0,"2,415.01","2,070.00","2,460.00","4,999,080.00",25,-54.0,49.0,-2.2,2.04,-0.37,"4,857.00","2,298.00",,
2018/07/23,18,CIT,-,2384.0,2430.0,2384.0,2427.0,"2,427.00",0.0,0.0,"2,419.17","1,147.00","2,406.00","2,774,792.00",18,21.0,46.0,0.87,1.93,0.32,"4,857.00","2,298.00",,
2018/07/24,19,CIT,-,2460.0,2470.0,2440.0,2440.0,"2,440.00",0.0,0.0,"2,451.18",719.00,"2,427.00","1,762,400.00",12,13.0,30.0,0.54,1.23,-0.46,"4,857.00","2,298.00",,
2018/07/25,20,CIT,-,2460.0,2460.0,2435.0,2455.0,"2,455.00",0.0,0.0,"2,449.77",282.00,"2,440.00","690,835.00",10,15.0,25.0,0.61,1.03,0.21,"4,857.00","2,298.00",,
2018/07/26,19,CIT,-,2435.0,2435.0,2410.0,2420.0,"2,420.00",0.0,0.0,"2,415.84","1,192.00","2,455.00","2,879,681.00",22,-35.0,25.0,-1.43,1.04,0.17,"4,857.00","2,298.00",,
2018/07/29,17,CIT,-,2430.0,2435.0,2416.0,2416.0,"2,416.00",0.0,0.0,"2,422.59",535.00,"2,420.00","1,296,085.00",10,-4.0,19.0,-0.17,0.79,-0.27,"4,857.00","2,298.00",,
2018/07/30,19,CIT,-,2420.0,2435.0,2410.0,2420.0,"2,420.00",0.0,0.0,"2,424.66",250.00,"2,416.00","606,165.00",11,4.0,25.0,0.17,1.04,-0.19,"4,857.00","2,298.00",,
2018/07/31,19,CIT,-,2420.0,2440.0,2419.0,2419.0,"2,419.00",0.0,0.0,"2,422.22",538.00,"2,420.00","1,303,156.00",13,-1.0,21.0,-0.04,0.87,-0.13,"4,857.00","2,298.00",,
2018/08/01,17,CIT,-,2425.0,2444.0,2425.0,2444.0,"2,444.00",0.0,0.0,"2,430.39",580.00,"2,419.00","1,409,624.00",11,25.0,19.0,1.03,0.78,0.56,"4,857.00","2,298.00",,
2018/08/02,20,CIT,-,2490.0,2490.0,2420.0,2421.0,"2,421.00",0.0,0.0,"2,430.42",725.00,"2,444.00","1,762,055.00",10,-23.0,70.0,-0.94,2.89,-0.39,"4,770.00","2,298.00",,
2018/08/05,19,CIT,-,2469.0,2469.0,2431.0,2431.0,"2,431.00",0.0,0.0,"2,432.23","1,084.00","2,421.00","2,636,537.00",11,10.0,38.0,0.41,1.56,-0.05,"4,770.00","2,298.00",,
2018/08/06,20,CIT,-,2430.0,2431.0,2417.0,2417.0,"2,417.00",0.0,0.0,"2,429.02",763.00,"2,431.00","1,853,346.00",7,-14.0,14.0,-0.58,0.58,-0.5,"4,770.00","2,298.00",,
2018/06/21,20,CIT,-,2452.0,2528.0,2431.0,2491.0,"2,491.00",0.0,0.0,"2,486.43",881.00,"2,480.00","2,190,547.00",18,11.0,97.0,0.44,3.99,0.18,"4,857.00","2,298.00",,
2018/06/24,17,CIT,-,2491.0,2510.0,2487.0,2487.0,"2,487.00",0.0,0.0,"2,501.61",781.00,"2,491.00","1,953,758.00",21,-4.0,23.0,-0.16,0.92,-0.59,"4,857.00","2,298.00",,
2018/06/25,17,CIT,-,2488.0,2488.0,2488.0,2488.0,"2,488.00",0.0,0.0,"2,488.00",100.00,"2,487.00","248,800.00",1,1.0,0.0,0.04,0.0,0.0,"4,857.00","2,298.00",,
2018/06/26,17,CIT,-,2480.0,2480.0,2455.0,2455.0,"2,455.00",0.0,0.0,"2,462.01",244.00,"2,488.00","600,730.00",8,-33.0,25.0,-1.33,1.02,-0.29,"4,857.00","2,298.00",,
2018/06/27,19,CIT,-,2425.0,2450.0,2425.0,2440.0,"2,440.00",0.0,0.0,"2,440.48",304.00,"2,455.00","741,905.00",8,-15.0,25.0,-0.61,1.03,-0.02,"4,857.00","2,298.00",,
2018/06/28,17,CIT,-,2450.0,2490.0,2411.0,2441.0,"2,441.00",0.0,0.0,"2,460.30",728.00,"2,440.00","1,791,102.00",17,1.0,79.0,0.04,3.28,-0.79,"4,857.00","2,298.00",,
2018/07/01,17,CIT,-,2462.0,2465.0,2430.0,2445.0,"2,445.00",0.0,0.0,"2,455.11",188.00,"2,441.00","461,560.00",11,4.0,35.0,0.16,1.44,-0.41,"4,857.00","2,298.00",,
2018/07/03,16,CIT,-,2450.0,2450.0,2450.0,2450.0,"2,450.00",0.0,0.0,"2,450.00",10.00,"2,445.00","24,500.00",1,5.0,0.0,0.2,0.0,0.0,"4,857.00","2,298.00",,
2018/07/04,19,CIT,-,2449.0,2475.0,2449.0,2461.0,"2,461.00",0.0,0.0,"2,459.93",601.00,"2,450.00","1,478,418.00",11,11.0,26.0,0.45,1.06,0.04,"4,857.00","2,298.00",,
2018/07/05,18,CIT,-,2490.0,2550.0,2490.0,2500.0,"2,500.00",0.0,0.0,"2,513.76","1,663.00","2,461.00","4,180,391.00",35,39.00,60.0,1.58,2.41,-0.55,"4,857.00","2,298.00",,
2018/07/08,19,CIT,-,2550.0,2568.0,2530.0,2531.0,"2,531.00",0.0,0.0,"2,545.46","1,382.00","2,500.00","3,517,826.00",27,31.0,38.0,1.24,1.5,-0.57,"4,857.00","2,298.00",,
2018/07/09,18,CIT,-,2485.0,2500.0,2477.0,2477.0,"2,477.00",0.0,0.0,"2,484.79",487.00,"2,531.00","1,210,095.00",10,-54.0,23.0,-2.13,0.93,-0.31,"4,857.00","2,298.00",,
2018/07/10,16,CIT,-,2500.0,2526.0,2500.0,2520.0,"2,520.00",0.0,0.0,"2,507.96",592.00,"2,477.00","1,484,715.00",13,43.0,26.0,1.74,1.04,0.48,"4,857.00","2,298.00",,
2018/07/11,15,CIT,-,2515.0,2540.0,2485.0,2485.0,"2,485.00",0.0,0.0,"2,519.49","1,092.00","2,520.00","2,751,280.00",16,-35.0,55.0,-1.39,2.21,-1.39,"4,857.00","2,298.00",,
2018/07/12,18,CIT,-,2505.0,2505.0,2460.0,2490.0,"2,490.00",0.0,0.0,"2,473.76","1,061.00","2,485.00","2,624,660.00",16,5.0,45.0,0.2,1.83,0.65,"4,857.00","2,298.00",,
2018/05/28,20,CIT,-,2704.0,2735.0,2685.0,2735.0,"2,735.00",0.0,0.0,"2,697.04","2,740.00","2,683.00","7,389,882.00",29,52.0,50.0,1.94,1.86,1.39,"4,857.00","2,298.00",,
2018/05/29,16,CIT,-,2740.0,2750.0,2702.0,2735.0,"2,735.00",0.0,0.0,"2,726.97","1,054.00","2,735.00","2,874,229.00",19,0.0,48.0,0.0,1.78,0.29,"4,857.00","2,298.00",,
2018/05/30,20,CIT,-,2720.0,2745.0,2720.0,2728.0,"2,728.00",0.0,0.0,"2,737.35",614.00,"2,735.00","1,680,730.00",9,-7.0,25.0,-0.26,0.92,-0.34,"4,857.00","2,298.00",,
2018/05/31,20,CIT,-,2740.0,2744.0,2700.0,2700.0,"2,700.00",0.0,0.0,"2,723.82",636.00,"2,728.00","1,732,348.00",13,-28.0,44.0,-1.03,1.63,-0.88,"4,857.00","2,298.00",,
2018/06/03,17,CIT,-,2647.0,2657.0,2605.0,2620.0,"2,620.00",0.0,0.0,"2,626.40","1,876.00","2,700.00","4,927,119.00",42,-80.00,52.00,-2.96,2.0,-0.24,"4,857.00","2,298.00",,
2018/06/04,17,CIT,-,2580.0,2650.0,2580.0,2630.0,"2,630.00",0.0,0.0,"2,615.45",421.00,"2,620.00","1,101,105.00",16,10.0,70.00,0.38,2.71,0.55,"4,857.00","2,298.00",,
2018/06/06,16,CIT,-,2682.0,2689.0,2600.0,2601.0,"2,601.00",0.0,0.0,"2,622.95",449.00,"2,630.00","1,177,704.00",15,-29.0,89.0,-1.1,3.42,-0.84,"4,857.00","2,298.00",,
2018/06/07,17,CIT,-,2650.0,2650.0,2586.0,2595.0,"2,595.00",0.0,0.0,"2,600.00",556.00,"2,601.00","1,445,598.00",23,-6.0,64.0,-0.23,2.47,-0.19,"4,857.00","2,298.00",,
2018/06/10,16,CIT,-,2550.0,2550.0,2502.0,2508.0,"2,508.00",0.0,0.0,"2,519.17","2,889.00","2,595.00","7,277,895.00",43,-87.0,48.0,-3.35,1.92,-0.45,"4,857.00","2,298.00",,
2018/06/11,17,CIT,-,2550.0,2580.0,2520.0,2560.0,"2,560.00",0.0,0.0,"2,545.87",783.00,"2,508.00","1,993,417.00",21,52.0,60.0,2.07,2.38,0.55,"4,857.00","2,298.00",,
2018/06/12,16,CIT,-,2560.0,2560.0,2510.0,2560.0,"2,560.00",0.0,0.0,"2,526.27",126.00,"2,560.00","318,310.00",5,0.0,50.0,0.0,1.99,1.32,"4,857.00","2,298.00",,
2018/06/13,17,CIT,-,2565.0,2570.0,2550.0,2565.0,"2,565.00",0.0,0.0,"2,560.38",468.00,"2,560.00","1,198,260.00",9,5.0,20.0,0.2,0.78,0.18,"4,857.00","2,298.00",,
2018/06/14,17,CIT,-,2535.0,2605.0,2535.0,2585.0,"2,585.00",0.0,0.0,"2,585.64",677.00,"2,565.00","1,750,475.00",14,20.00,70.0,0.78,2.76,-0.02,"4,857.00","2,298.00",,
2018/06/17,18,CIT,-,2585.0,2585.0,2550.0,2570.0,"2,570.00",0.0,0.0,"2,570.71",133.00,"2,585.00","341,905.00",3,-15.0,35.0,-0.58,1.37,-0.03,"4,857.00","2,298.00",,
2018/06/18,15,CIT,-,2531.0,2585.0,2521.0,2585.0,"2,585.00",0.0,0.0,"2,550.50",568.00,"2,570.00","1,448,682.00",13,15.0,64.0,0.58,2.54,1.33,"4,857.00","2,298.00",,
2018/06/19,20,CIT,-,2550.0,2550.0,2517.0,2517.0,"2,517.00",0.0,0.0,"2,528.48",355.00,"2,585.00","897,610.00",12,-68.0,33.0,-2.63,1.31,-0.46,"4,857.00","2,298.00",,
2018/05/02,17,CIT,-,2630.0,2675.0,2586.0,2675.0,"2,675.00",0.0,0.0,"2,617.42",909.00,"2,606.00","2,379,234.00",18,69.0,89.0,2.65,3.44,2.15,"4,857.00","2,298.00",,
2018/05/03,18,CIT,-,2700.0,2700.0,2646.0,2646.0,"2,646.00",0.0,0.0,"2,667.50","4,298.00","2,675.00","11,464,914.00",33,-29.0,54.0,-1.08,2.04,-0.81,"4,857.00","2,298.00",,
2018/05/06,18,CIT,-,2646.0,2646.0,2594.0,2600.0,"2,600.00",0.0,0.0,"2,602.81","1,794.00","2,646.00","4,669,434.00",36,-46.0,52.0,-1.74,2.0,-0.11,"4,857.00","2,298.00",,
2018/05/07,16,CIT,-,2625.0,2639.0,2600.0,2630.0,"2,630.00",0.0,0.0,"2,600.49","3,113.00","2,600.00","8,095,318.00",6,30.0,39.0,1.15,1.5,1.12,"4,857.00","2,298.00",,
2018/05/08,17,CIT,-,2610.0,2670.0,2610.0,2670.0,"2,670.00",0.0,0.0,"2,621.22","2,710.00","2,630.00","7,103,500.00",10,40.0,60.0,1.52,2.3,1.83,"4,857.00","2,298.00",,
2018/05/09,17,CIT,-,2650.0,2675.0,2640.0,2650.0,"2,650.00",0.0,0.0,"2,650.16",610.00,"2,670.00","1,616,595.00",12,-20.0,35.0,-0.75,1.33,-0.01,"4,857.00","2,298.00",,
2018/05/10,17,CIT,-,2635.0,2635.0,2635.0,2635.0,"2,635.00",0.0,0.0,"2,635.00",19.00,"2,650.00","50,065.00",1,-15.0,0.0,-0.57,0.0,0.0,"4,857.00","2,298.00",,
2018/05/14,19,CIT,-,2610.0,2650.0,2610.0,2635.0,"2,635.00",0.0,0.0,"2,626.57","1,106.00","2,635.00","2,904,982.00",14,0.0,40.0,0.0,1.53,0.32,"4,857.00","2,298.00",,
2018/05/15,17,CIT,-,2615.0,2645.0,2615.0,2645.0,"2,645.00",0.0,0.0,"2,617.50",220.00,"2,635.00","575,850.00",3,10.0,30.0,0.38,1.15,1.04,"4,857.00","2,298.00",,
2018/05/16,34,CIT,36.96,1896.0,1909.9,1889.0,1905.0,"1,905.00",0.0,0.0,"1,896.63","8,381.00","1,897.00","15,895,617.30",137,8.0,20.9,0.42,1.11,0.44,"2,299.00","1,730.80","1,938.34","1,965.55"
2018/05/17,20,CIT,-,2650.0,2665.0,2638.0,2639.0,"2,639.00",0.0,0.0,"2,643.01",304.00,"2,640.00","803,475.00",9,-1.0,27.0,-0.04,1.02,-0.15,"4,857.00","2,298.00",,
2018/05/20,17,CIT,-,2650.0,2650.0,2625.0,2626.0,"2,626.00",0.0,0.0,"2,647.14",806.00,"2,639.00","2,133,594.00",12,-13.0,25.0,-0.49,0.95,-0.8,"4,857.00","2,298.00",,
2018/05/21,16,CIT,-,2678.0,2745.0,2650.0,2725.0,"2,725.00",0.0,0.0,"2,710.71","8,925.00","2,626.00","24,193,096.00",101,99.0,95.0,3.77,3.58,0.52,"4,857.00","2,298.00",,
2018/05/22,17,CIT,-,2735.0,2770.0,2730.0,2730.0,"2,730.00",0.0,0.0,"2,749.44","3,605.00","2,725.00","9,911,731.00",67,5.0,40.0,0.18,1.47,-0.71,"4,857.00","2,298.00",,
2018/05/23,17,CIT,-,2715.0,2730.0,2700.0,2700.0,"2,700.00",0.0,0.0,"2,715.04","1,311.00","2,730.00","3,559,415.00",25,-30.0,30.0,-1.1,1.11,-0.56,"4,857.00","2,298.00",,
2018/05/24,18,CIT,-,2700.0,2725.0,2696.0,2696.0,"2,696.00",0.0,0.0,"2,704.86","2,059.00","2,700.00","5,569,303.00",28,-4.0,29.0,-0.15,1.08,-0.33,"4,857.00","2,298.00",,
2018/04/06,34,CIT,36.96,1896.0,1909.9,1889.0,1905.0,"1,905.00",0.0,0.0,"1,896.63","8,381.00","1,897.00","15,895,617.30",137,8.0,20.9,0.42,1.11,0.44,"2,299.00","1,730.80","1,938.34","1,965.55"
2018/04/08,20,CIT,-,2386.0,2470.0,2340.0,2450.0,"2,450.00",0.0,0.0,"2,405.35","2,048.00","2,340.00","4,926,150.00",54,110.0,130.0,4.7,5.56,1.82,"4,857.00","2,298.00",,
2018/04/09,20,CIT,-,2480.0,2555.0,2475.0,2500.0,"2,500.00",0.0,0.0,"2,522.55","3,837.00","2,450.00","9,679,019.00",84,50.0,80.0,2.04,3.23,-0.9,"4,857.00","2,298.00",,
2018/04/10,17,CIT,-,2550.0,2550.0,2430.0,2450.0,"2,450.00",0.0,0.0,"2,474.18","1,541.00","2,500.00","3,812,710.00",25,-50.00,120.00,-2.0,4.94,-0.99,"4,857.00","2,298.00",,
2018/04/11,17,CIT,-,2402.0,2480.0,2402.0,2480.0,"2,480.00",0.0,0.0,"2,450.37",225.00,"2,450.00","551,334.00",14,30.0,78.0,1.22,3.25,1.19,"4,857.00","2,298.00",,
2018/04/12,18,CIT,-,2529.0,2529.0,2500.0,2500.0,"2,500.00",0.0,0.0,"2,508.64","1,360.00","2,480.00","3,411,750.00",31,20.0,29.00,0.81,1.16,-0.35,"4,857.00","2,298.00",,
2018/04/15,17,CIT,-,2530.0,2550.0,2480.0,2549.0,"2,549.00",0.0,0.0,"2,516.01","1,036.00","2,500.00","2,606,585.00",26,49.0,70.0,1.96,2.82,1.29,"4,857.00","2,298.00",,
2018/04/16,20,CIT,-,2599.0,2599.0,2550.0,2571.0,"2,571.00",0.0,0.0,"2,578.84",666.00,"2,549.00","1,717,506.00",16,22.0,49.0,0.86,1.92,-0.3,"4,857.00","2,298.00",,
2018/04/17,17,CIT,-,2622.0,2670.0,2600.0,2670.0,"2,670.00",0.0,0.0,"2,623.62","10,393.00","2,571.00","27,267,240.00",54,99.0,70.0,3.85,2.69,1.74,"4,857.00","2,298.00",,
2018/04/18,19,CIT,-,2723.0,2765.0,2690.0,2760.0,"2,760.00",0.0,0.0,"2,724.53","4,476.00","2,670.00","12,194,984.00",62,90.00,75.00,3.37,2.79,1.29,"4,857.00","2,298.00",,
2018/04/19,21,CIT,-,2727.0,2780.0,2725.0,2741.0,"2,741.00",0.0,0.0,"2,756.42","3,594.00","2,760.00","9,906,573.00",44,-19.0,55.00,-0.69,2.02,-0.56,"4,857.00","2,298.00",,
2018/04/22,19,CIT,-,2790.0,2845.0,2785.0,2807.0,"2,807.00",0.0,0.0,"2,801.82","3,332.00","2,741.00","9,335,666.00",48,66.00,60.00,2.41,2.15,0.18,"4,857.00","2,298.00",,
2018/04/23,20,CIT,-,2850.0,2863.0,2750.0,2750.0,"2,750.00",0.0,0.0,"2,800.45","6,750.00","2,807.00","18,903,038.00",74,-57.0,113.00,-2.03,4.11,-1.83,"4,857.00","2,298.00",,
2018/04/24,20,CIT,-,2744.0,2774.0,2710.0,2710.0,"2,710.00",0.0,0.0,"2,740.20","1,071.00","2,750.00","2,934,749.00",30,-40.0,64.0,-1.45,2.36,-1.11,"4,857.00","2,298.00",,
2018/04/25,18,CIT,-,2725.0,2763.0,2710.0,2710.0,"2,710.00",0.0,0.0,"2,752.66","1,392.00","2,710.00","3,831,705.00",22,0.0,53.0,0.0,1.96,-1.57,"4,857.00","2,298.00",,
2018/04/26,19,CIT,-,2741.0,2741.0,2610.0,2650.0,"2,650.00",0.0,0.0,"2,651.12","1,256.00","2,710.00","3,329,812.00",17,-60.0,131.0,-2.21,5.02,-0.04,"4,857.00","2,298.00",,
2018/03/13,19,CIT,-,3000.0,3000.0,2947.0,3000.0,"3,000.00",0.0,0.0,"2,966.84","2,683.00","2,950.00","7,960,044.00",41,50.0,53.0,1.69,1.8,1.11,"4,857.00","2,950.00",,
2018/03/14,17,CIT,-,2960.0,2970.0,2950.0,2960.0,"2,960.00",0.0,0.0,"2,957.79","1,297.00","3,000.00","3,836,260.00",9,-40.0,20.0,-1.33,0.68,0.07,"4,857.00","2,947.00",,
2018/03/15,17,CIT,-,2955.0,2956.0,2930.0,2930.0,"2,930.00",0.0,0.0,"2,944.79","2,314.00","2,960.00","6,814,250.00",29,-30.0,26.0,-1.01,0.89,-0.5,"4,857.00","2,947.00",,
2018/03/18,17,CIT,-,2940.0,2950.0,2900.0,2900.0,"2,900.00",0.0,0.0,"2,914.24","2,667.00","2,930.00","7,772,288.00",31,-30.0,50.0,-1.02,1.72,-0.49,"4,857.00","2,930.00",,
2018/03/19,19,CIT,-,2842.0,2998.0,2842.0,2998.0,"2,998.00",0.0,0.0,"2,845.83","10,499.00","2,900.00","29,878,360.00",12,98.0,156.0,3.38,5.49,5.08,"4,857.00","2,900.00",,
2018/03/20,18,CIT,-,3040.0,3040.0,2860.0,2861.0,"2,861.00",0.0,0.0,"2,874.83","2,585.00","2,998.00","7,431,430.00",53,-137.0,180.0,-4.57,6.29,-0.48,"4,857.00","2,842.00",,
2018/03/21,18,CIT,-,2840.0,2840.0,2731.0,2755.0,"2,755.00",0.0,0.0,"2,767.33","4,006.00","2,861.00","11,085,915.00",67,-106.00,109.00,-3.7,3.99,-0.45,"4,857.00","2,842.00",,
2018/03/22,17,CIT,-,2755.0,2834.0,2734.0,2770.0,"2,770.00",0.0,0.0,"2,768.59","3,227.00","2,755.00","8,934,244.00",49,15.0,100.0,0.54,3.66,0.05,"4,857.00","2,731.00",,
2018/03/26,18,CIT,-,2720.0,2720.0,2617.0,2617.0,"2,617.00",0.0,0.0,"2,646.75","4,456.00","2,770.00","11,793,899.00",92,-153.00,103.00,-5.52,3.94,-1.14,"4,857.00","2,731.00",,
2018/03/27,21,CIT,-,2650.0,2697.0,2530.0,2651.0,"2,651.00",0.0,0.0,"2,610.56","2,735.00","2,617.00","7,139,875.00",47,34.0,167.00,1.3,6.6,1.53,"4,857.00","2,617.00",,
2018/03/28,18,CIT,-,2700.0,2727.0,2627.0,2650.0,"2,650.00",0.0,0.0,"2,674.27","3,068.00","2,651.00","8,204,647.00",61,-1.0,100.0,-0.04,3.81,-0.92,"4,857.00","2,530.00",,
2018/03/29,20,CIT,-,2680.0,2740.0,2680.0,2710.0,"2,710.00",0.0,0.0,"2,695.48","2,527.00","2,650.00","6,811,466.00",30,60.0,60.0,2.26,2.24,0.54,"4,857.00","2,530.00",,
2018/04/01,17,CIT,-,2700.0,2700.0,2620.0,2680.0,"2,680.00",0.0,0.0,"2,660.57","1,791.00","2,710.00","4,765,073.00",29,-30.0,80.0,-1.11,3.05,0.73,"4,857.00","2,530.00",,
2018/04/02,17,CIT,-,2680.0,2680.0,2630.0,2650.0,"2,650.00",0.0,0.0,"2,654.60",974.00,"2,680.00","2,585,580.00",19,-30.0,50.0,-1.12,1.9,-0.17,"4,857.00","2,530.00",,
2018/04/03,16,CIT,-,2650.0,2660.0,2642.0,2650.0,"2,650.00",0.0,0.0,"2,648.73","4,810.00","2,650.00","12,740,389.00",47,0.0,18.0,0.0,0.68,0.05,"4,857.00","2,530.00",,
2018/04/04,18,CIT,-,2700.0,2754.0,2680.0,2749.0,"2,749.00",0.0,0.0,"2,711.33","3,813.00","2,650.00","10,338,320.00",72,99.0,74.0,3.74,2.76,1.37,"4,857.00","2,530.00",,
2018/02/12,18,CIT,-,3450.0,3465.0,3460.0,3460.0,"3,460.00",0.0,0.0,"3,461.18",284.00,"3,450.00","982,976.00",8,10.0,5.0,0.0,0.14,-0.03,0.0,0.0,,
2018/02/14,18,CIT,-,3460.0,3460.0,3431.0,3451.0,"3,451.00",0.0,0.0,"3,440.46",135.00,"3,460.00","464,462.00",8,-9.0,29.0,0.0,0.85,0.31,0.0,0.0,,
2018/02/15,21,CIT,-,3451.0,3520.0,3491.0,3501.0,"3,501.00",0.0,0.0,"3,504.27",757.00,"3,451.00","2,652,731.00",17,50.0,29.0,0.0,0.83,-0.09,0.0,0.0,,
2018/02/18,19,CIT,-,3505.0,3550.0,3500.0,3500.0,"3,500.00",0.0,0.0,"3,519.33",398.00,"3,501.00","1,400,695.00",12,-1.0,50.0,-0.03,1.43,-0.55,"4,857.00","3,000.00",,
2018/02/20,22,CIT,-,3480.0,3480.0,3470.0,3470.0,"3,470.00",0.0,0.0,"3,471.86",470.00,"3,500.00","1,631,775.00",9,-30.0,10.0,-0.86,0.29,-0.05,"4,857.00","3,000.00",,
2018/02/21,17,CIT,-,3470.0,3470.0,3426.0,3430.0,"3,430.00",0.0,0.0,"3,431.65","1,386.00","3,470.00","4,756,271.00",23,-40.0,44.0,-1.15,1.28,-0.05,"4,857.00","3,000.00",,
2018/02/22,17,CIT,-,3400.0,3455.0,3400.0,3455.0,"3,455.00",0.0,0.0,"3,438.98",366.00,"3,430.00","1,258,668.00",8,25.0,55.0,0.73,1.62,0.46,"4,857.00","3,000.00",,
2018/02/25,34,CIT,36.96,1896.0,1909.9,1889.0,1905.0,"1,905.00",0.0,0.0,"1,896.63","8,381.00","1,897.00","15,895,617.30",137,8.0,20.9,0.42,1.11,0.44,"2,299.00","1,730.80","1,938.34","1,965.55"
2018/02/26,18,CIT,-,3382.0,3382.0,3337.0,3337.0,"3,337.00",0.0,0.0,"3,362.46",671.00,"3,405.00","2,256,210.00",12,-68.00,45.00,-2.0,1.35,-0.76,"4,857.00","3,046.00",,
2018/02/27,18,CIT,-,3350.0,3400.0,3350.0,3365.0,"3,365.00",0.0,0.0,"3,370.73",840.00,"3,337.00","2,831,415.00",13,28.0,50.0,0.84,1.49,-0.17,"4,857.00","3,050.00",,
2018/02/28,21,CIT,-,3400.0,3400.0,3287.0,3325.0,"3,325.00",0.0,0.0,"3,305.27","7,256.00","3,365.00","23,983,066.00",36,-40.0,113.0,-1.19,3.44,0.59,"4,857.00","3,051.00",,
2018/03/04,17,CIT,-,3259.0,3275.0,3155.0,3200.0,"3,200.00",0.0,0.0,"3,203.11","1,781.00","3,325.00","5,704,737.00",42,-125.0,120.0,-3.76,3.8,-0.1,"4,857.00","3,051.00",,
2018/03/05,18,CIT,-,3190.0,3190.0,3152.0,3152.0,"3,152.00",0.0,0.0,"3,164.39","2,075.00","3,200.00","6,566,112.00",23,-48.0,38.0,-1.5,1.21,-0.39,"4,857.00","3,051.00",,
2018/03/06,19,CIT,-,3118.0,3150.0,3000.0,3065.0,"3,065.00",0.0,0.0,"3,060.97","2,726.00","3,152.00","8,344,207.00",44,-87.0,150.00,-2.76,5.0,0.13,"4,857.00","3,051.00",,
2018/03/07,20,CIT,-,3004.0,3115.0,3004.0,3050.0,"3,050.00",0.0,0.0,"3,044.90","5,683.00","3,065.00","17,304,192.00",52,-15.0,111.0,-0.49,3.7,0.17,"4,857.00","3,000.00",,
2018/03/11,19,CIT,-,3010.0,3014.0,2990.0,3000.0,"3,000.00",0.0,0.0,"3,001.35","1,242.00","3,050.00","3,727,680.00",26,-50.0,24.0,-1.64,0.8,-0.05,"4,857.00","3,000.00",,
2018/01/16,19,CIT,-,3515.0,3535.0,3500.0,3516.0,"3,516.00",0.0,0.0,"3,516.49",740.00,"3,515.00","2,602,204.00",13,1.0,35.0,0.0,1.0,-0.01,0.0,0.0,,
2018/01/17,17,CIT,-,3516.0,3535.0,3500.0,3500.0,"3,500.00",0.0,0.0,"3,501.96","1,425.00","3,516.00","4,990,290.00",23,-16.0,35.0,0.0,1.0,-0.06,0.0,0.0,,
2018/01/21,20,CIT,-,3500.0,3600.0,3491.0,3522.0,"3,522.00",0.0,0.0,"3,540.80","1,490.00","3,500.00","5,275,789.00",20,22.0,109.0,0.0,3.12,-0.53,0.0,0.0,,
2018/01/22,20,CIT,-,3522.0,3530.0,3510.0,3510.0,"3,510.00",0.0,0.0,"3,516.04",744.00,"3,522.00","2,615,935.00",15,-12.0,20.0,0.0,0.57,-0.17,0.0,0.0,,
2018/01/23,19,CIT,-,3510.0,3501.0,3480.0,3500.0,"3,500.00",0.0,0.0,"3,499.09","1,227.00","3,510.00","4,293,380.00",7,-10.0,21.0,0.0,0.6,0.03,0.0,0.0,,
2018/01/24,20,CIT,-,3500.0,3510.0,3480.0,3500.0,"3,500.00",0.0,0.0,"3,492.18",985.00,"3,500.00","3,439,800.00",12,0.0,30.0,0.0,0.86,0.22,0.0,0.0,,
2018/01/25,20,CIT,-,3500.0,3525.0,3480.0,3500.0,"3,500.00",0.0,0.0,"3,495.48","1,133.00","3,500.00","3,960,381.00",27,0.0,45.0,0.0,1.29,0.13,0.0,0.0,,
2018/01/28,20,CIT,-,3500.0,3501.0,3480.0,3483.0,"3,483.00",0.0,0.0,"3,495.96",460.00,"3,500.00","1,608,140.00",8,-17.0,21.0,0.0,0.6,-0.37,0.0,0.0,,
2018/01/29,17,CIT,-,3483.0,3511.0,3443.0,3480.0,"3,480.00",0.0,0.0,"3,493.23",631.00,"3,483.00","2,204,230.00",12,-3.0,68.0,0.0,1.98,-0.38,0.0,0.0,,
2018/01/31,19,CIT,-,3480.0,3489.0,3465.0,3480.0,"3,480.00",0.0,0.0,"3,475.28","1,469.00","3,480.00","5,105,180.00",18,0.0,24.0,0.0,0.69,0.14,0.0,0.0,,
2018/02/01,18,CIT,-,3480.0,3499.0,3480.0,3499.0,"3,499.00",0.0,0.0,"3,482.09",407.00,"3,480.00","1,417,210.00",16,19.0,19.0,0.0,0.55,0.48,0.0,0.0,,
2018/02/04,20,CIT,-,3499.0,3510.0,3500.0,3510.0,"3,510.00",0.0,0.0,"3,502.46","3,556.00","3,499.00","12,454,755.00",24,11.0,10.0,0.0,0.29,0.21,0.0,0.0,,
2018/02/05,17,CIT,-,3510.0,3500.0,3490.0,3500.0,"3,500.00",0.0,0.0,"3,496.71",404.00,"3,510.00","1,412,670.00",12,-10.0,10.0,0.0,0.29,0.09,0.0,0.0,,
2018/02/06,19,CIT,-,3500.0,3480.0,3471.0,3472.0,"3,472.00",0.0,0.0,"3,474.06",346.00,"3,500.00","1,202,026.00",7,-28.0,9.0,0.0,0.26,-0.06,0.0,0.0,,
2018/02/07,20,CIT,-,3472.0,3456.0,3430.0,3430.0,"3,430.00",0.0,0.0,"3,447.81","1,685.00","3,472.00","5,809,558.00",30,-42.0,26.0,0.0,0.76,-0.52,0.0,0.0,,
2018/02/08,18,CIT,-,3430.0,3450.0,3430.0,3450.0,"3,450.00",0.0,0.0,"3,447.17",890.00,"3,430.00","3,067,980.00",13,20.0,20.0,0.0,0.58,0.08,0.0,0.0,,
2017/12/19,19,CIT,-,3650.0,3650.0,3621.0,3621.0,"3,621.00",0.0,0.0,"3,629.03","2,237.00","3,650.00","8,118,136.00",25,-29.0,29.0,0.0,0.8,-0.22,0.0,0.0,,
2017/12/20,18,CIT,-,3621.0,3640.0,3615.0,3625.0,"3,625.00",0.0,0.0,"3,624.07",578.00,"3,621.00","2,094,710.00",14,4.0,25.0,0.0,0.69,0.03,0.0,0.0,,
2017/12/21,19,CIT,-,3625.0,3615.0,3590.0,3610.0,"3,610.00",0.0,0.0,"3,602.34","1,775.00","3,625.00","6,394,149.00",34,-15.0,25.0,0.0,0.7,0.21,0.0,0.0,,
2017/12/24,19,CIT,-,3610.0,3640.0,3600.0,3610.0,"3,610.00",0.0,0.0,"3,610.83","1,112.00","3,610.00","4,015,245.00",19,0.0,40.0,0.0,1.11,-0.02,0.0,0.0,,
2017/12/26,20,CIT,-,3610.0,3552.0,3511.0,3511.0,"3,511.00",0.0,0.0,"3,543.30","1,603.00","3,610.00","5,679,913.00",26,-99.0,41.0,0.0,1.17,-0.92,0.0,0.0,,
2017/12/27,17,CIT,-,3511.0,3599.0,3485.0,3495.0,"3,495.00",0.0,0.0,"3,511.72","3,094.00","3,511.00","10,865,247.00",44,-16.0,114.0,0.0,3.27,-0.48,0.0,0.0,,
2017/12/28,20,CIT,-,3495.0,3515.0,3460.0,3485.0,"3,485.00",0.0,0.0,"3,487.85","2,320.00","3,495.00","8,091,819.00",38,-10.0,55.0,0.0,1.59,-0.08,0.0,0.0,,
2017/12/31,19,CIT,-,3485.0,3503.0,3455.0,3489.0,"3,489.00",0.0,0.0,"3,486.72","5,474.00","3,485.00","19,086,312.00",52,4.0,48.0,0.0,1.39,0.07,0.0,0.0,,
2018/01/01,19,CIT,-,3489.0,3554.0,3490.0,3554.0,"3,554.00",0.0,0.0,"3,542.35","2,672.00","3,489.00","9,465,168.00",41,65.00,64.00,0.0,1.83,0.33,0.0,0.0,,
2018/01/02,20,CIT,-,3554.0,3565.0,3530.0,3530.0,"3,530.00",0.0,0.0,"3,544.42","1,415.00","3,554.00","5,015,356.00",20,-24.0,35.0,0.0,0.99,-0.41,0.0,0.0,,
2018/01/03,20,CIT,-,3530.0,3505.0,3497.0,3505.0,"3,505.00",0.0,0.0,"3,501.17",633.00,"3,530.00","2,216,239.00",14,-25.0,8.0,0.0,0.23,0.11,0.0,0.0,,
2018/01/04,21,CIT,-,3505.0,3530.0,3510.0,3520.0,"3,520.00",0.0,0.0,"3,519.22","1,299.00","3,505.00","4,571,463.00",20,15.0,20.0,0.0,0.57,0.02,0.0,0.0,,
2018/01/07,20,CIT,-,3520.0,3600.0,3535.0,3565.0,"3,565.00",0.0,0.0,"3,555.70",651.00,"3,520.00","2,314,758.00",15,45.0,65.0,0.0,1.84,0.26,0.0,0.0,,
2018/01/08,19,CIT,-,3565.0,3600.0,3580.0,3590.0,"3,590.00",0.0,0.0,"3,594.65","1,762.00","3,565.00","6,333,771.00",15,25.0,20.0,0.0,0.56,-0.13,0.0,0.0,,
2018/01/09,21,CIT,-,3590.0,3610.0,3580.0,3580.0,"3,580.00",0.0,0.0,"3,591.63",600.00,"3,590.00","2,154,980.00",10,-10.0,30.0,0.0,0.84,-0.32,0.0,0.0,,
2018/01/10,17,CIT,-,3580.0,3575.0,3499.0,3575.0,"3,575.00",0.0,0.0,"3,521.36","2,201.00","3,580.00","7,750,519.00",10,-5.0,76.0,0.0,2.17,1.5,0.0,0.0,,
2017/11/22,19,CIT,-,3515.0,3530.0,3512.0,3521.0,"3,521.00",0.0,0.0,"3,523.00",628.00,"3,515.00","2,212,444.00",11,6.0,18.0,0.0,0.51,-0.06,0.0,0.0,,
2017/11/23,20,CIT,-,3521.0,3590.0,3521.0,3590.0,"3,590.00",0.0,0.0,"3,543.47","1,792.00","3,521.00","6,349,900.00",10,69.0,69.0,0.0,1.96,1.3,0.0,0.0,,
2017/11/26,19,CIT,-,3590.0,3800.0,3590.0,3610.0,"3,610.00",0.0,0.0,"3,669.76","4,502.00","3,590.00","16,521,275.00",72,20.0,210.0,0.0,5.85,-1.66,0.0,0.0,,
2017/11/27,19,CIT,-,3610.0,3690.0,3640.0,3640.0,"3,640.00",0.0,0.0,"3,671.81","1,599.00","3,610.00","5,871,220.00",33,30.0,50.0,0.0,1.37,-0.87,0.0,0.0,,
2017/11/28,19,CIT,-,3640.0,3650.0,3635.0,3635.0,"3,635.00",0.0,0.0,"3,641.04",923.00,"3,640.00","3,360,679.00",16,-5.0,15.0,0.0,0.41,-0.17,0.0,0.0,,
2017/11/29,19,CIT,-,3635.0,3700.0,3635.0,3650.0,"3,650.00",0.0,0.0,"3,645.35","1,250.00","3,635.00","4,556,685.00",15,15.0,65.0,0.0,1.79,0.13,0.0,0.0,,
2017/11/30,19,CIT,-,3650.0,3650.0,3610.0,3625.0,"3,625.00",0.0,0.0,"3,633.19","1,161.00","3,650.00","4,218,131.00",18,-25.0,40.0,0.0,1.11,-0.23,0.0,0.0,,
2017/12/04,19,CIT,-,3625.0,3630.0,3600.0,3615.0,"3,615.00",0.0,0.0,"3,612.93","1,124.00","3,625.00","4,060,928.00",15,-10.0,30.0,0.0,0.83,0.06,0.0,0.0,,
2017/12/05,20,CIT,-,3615.0,3630.0,3600.0,3601.0,"3,601.00",0.0,0.0,"3,604.92",752.00,"3,615.00","2,710,899.00",15,-14.0,30.0,0.0,0.83,-0.11,0.0,0.0,,
2017/12/06,20,CIT,-,3601.0,3650.0,3601.0,3650.0,"3,650.00",0.0,0.0,"3,627.37",540.00,"3,601.00","1,958,780.00",10,49.0,49.0,0.0,1.36,0.62,0.0,0.0,,
2017/12/10,19,CIT,-,3650.0,3650.0,3610.0,3610.0,"3,610.00",0.0,0.0,"3,638.88",900.00,"3,650.00","3,274,990.00",13,-40.0,40.0,0.0,1.11,-0.8,0.0,0.0,,
2017/12/11,18,CIT,-,3610.0,3611.0,3610.0,3610.0,"3,610.00",0.0,0.0,"3,610.26",235.00,"3,610.00","848,410.00",5,0.0,1.0,0.0,0.03,-0.01,0.0,0.0,,
2017/12/12,18,CIT,-,3610.0,3610.0,3590.0,3590.0,"3,590.00",0.0,0.0,"3,606.14","1,054.00","3,610.00","3,800,868.00",12,-20.0,20.0,0.0,0.56,-0.45,0.0,0.0,,
2017/12/13,19,CIT,-,3590.0,3599.0,3585.0,3599.0,"3,599.00",0.0,0.0,"3,591.87",755.00,"3,590.00","2,711,860.00",11,9.0,14.0,0.0,0.39,0.2,0.0,0.0,,
2017/12/14,20,CIT,-,3599.0,3623.0,3552.0,3623.0,"3,623.00",0.0,0.0,"3,556.41",161.00,"3,599.00","572,582.00",2,24.0,71.0,0.0,2.0,1.84,0.0,0.0,,
2017/12/17,20,CIT,-,3623.0,3601.0,3595.0,3600.0,"3,600.00",0.0,0.0,"3,598.90",874.00,"3,623.00","3,145,439.00",8,-23.0,6.0,0.0,0.17,0.03,0.0,0.0,,
2017/10/30,22,CIT,-,3690.0,3675.0,3661.0,3661.0,"3,661.00",0.0,0.0,"3,667.27",300.00,"3,690.00","1,100,180.00",10,-29.0,14.0,0.0,0.38,-0.17,0.0,0.0,,
2017/10/31,19,CIT,-,3661.0,3685.0,3661.0,3661.0,"3,661.00",0.0,0.0,"3,670.84","1,480.00","3,661.00","5,432,850.00",17,0.0,24.00,0.0,0.66,-0.27,0.0,0.0,,
2017/11/01,18,CIT,-,3661.0,3665.0,3650.0,3660.0,"3,660.00",0.0,0.0,"3,658.61",943.00,"3,661.00","3,450,066.00",13,-1.0,15.0,0.0,0.41,0.04,0.0,0.0,,
2017/11/02,18,CIT,-,3660.0,3680.0,3650.0,3675.0,"3,675.00",0.0,0.0,"3,662.09",941.00,"3,660.00","3,446,025.00",10,15.0,30.0,0.0,0.82,0.35,0.0,0.0,,
2017/11/05,20,CIT,-,3675.0,3675.0,3650.0,3660.0,"3,660.00",0.0,0.0,"3,663.94","1,887.00","3,675.00","6,913,850.00",18,-15.0,25.0,0.0,0.68,-0.11,0.0,0.0,,
2017/11/06,20,CIT,-,3660.0,3750.0,3645.0,3750.0,"3,750.00",0.0,0.0,"3,723.34","8,729.00","3,660.00","32,500,998.00",44,90.0,105.0,0.0,2.88,0.71,0.0,0.0,,
2017/11/07,18,CIT,-,3750.0,3750.0,3670.0,3670.0,"3,670.00",0.0,0.0,"3,723.17",205.00,"3,750.00","763,250.00",5,-80.0,80.0,0.0,2.18,-1.45,0.0,0.0,,
2017/11/08,19,CIT,-,3670.0,3630.0,3561.0,3630.0,"3,630.00",0.0,0.0,"3,580.04","1,587.00","3,670.00","5,681,530.00",23,-40.00,69.0,0.0,1.94,1.38,0.0,0.0,,
2017/11/09,18,CIT,-,3630.0,3630.0,3560.0,3575.0,"3,575.00",0.0,0.0,"3,576.93","1,250.00","3,630.00","4,471,160.00",17,-55.0,70.0,0.0,1.97,-0.05,0.0,0.0,,
2017/11/12,21,CIT,-,3575.0,3590.0,3550.0,3590.0,"3,590.00",0.0,0.0,"3,576.53","1,195.00","3,575.00","4,273,950.00",14,15.0,40.0,0.0,1.13,0.38,0.0,0.0,,
2017/11/13,19,CIT,-,3590.0,3661.0,3590.0,3661.0,"3,661.00",0.0,0.0,"3,592.65","6,630.00","3,590.00","23,819,270.00",18,71.0,71.00,0.0,1.98,1.87,0.0,0.0,,
2017/11/14,19,CIT,-,3661.0,3690.0,3640.0,3642.0,"3,642.00",0.0,0.0,"3,656.99","1,175.00","3,661.00","4,296,960.00",21,-19.0,50.0,0.0,1.37,-0.41,0.0,0.0,,
2017/11/15,19,CIT,-,3642.0,3590.0,3570.0,3570.0,"3,570.00",0.0,0.0,"3,577.68","2,170.00","3,642.00","7,763,555.00",23,-72.0,20.0,0.0,0.56,-0.21,0.0,0.0,,
2017/11/16,34,CIT,36.96,1896.0,1909.9,1889.0,1905.0,"1,905.00",0.0,0.0,"1,896.63","8,381.00","1,897.00","15,895,617.30",137,8.0,20.9,0.42,1.11,0.44,"2,299.00","1,730.80","1,938.34","1,965.55"
2017/11/19,18,CIT,-,3552.0,3537.0,3535.0,3535.0,"3,535.00",0.0,0.0,"3,535.21",290.00,"3,552.00","1,025,210.00",4,-17.0,2.0,0.0,0.06,-0.01,0.0,0.0,,
2017/11/20,19,CIT,-,3535.0,3560.0,3519.0,3520.0,"3,520.00",0.0,0.0,"3,524.04","1,167.00","3,535.00","4,112,555.00",18,-15.0,41.0,0.0,1.17,-0.11,0.0,0.0,,
2017/10/03,14,CIT,-,3750.0,3800.0,3770.0,3770.0,"3,770.00",0.0,0.0,"3,770.23","2,169.00","3,750.00","8,177,630.00",3,20.0,30.0,0.0,0.8,-0.01,0.0,0.0,,
2017/10/04,17,CIT,-,3770.0,3750.0,3750.0,3750.0,"3,750.00",0.0,0.0,"3,750.00",50.00,"3,770.00","187,500.00",1,-20.0,0.0,0.0,0.0,0.0,0.0,0.0,,
2017/10/08,19,CIT,-,3750.0,3700.0,3600.0,3650.0,"3,650.00",0.0,0.0,"3,640.63",448.00,"3,750.00","1,631,000.00",8,-100.0,100.0,0.0,2.78,0.26,0.0,0.0,,
2017/10/09,17,CIT,-,3650.0,3625.0,3580.0,3611.0,"3,611.00",0.0,0.0,"3,601.84",610.00,"3,650.00","2,197,120.00",11,-39.0,45.0,0.0,1.26,0.25,0.0,0.0,,
2017/10/10,18,CIT,-,3611.0,3736.0,3625.0,3665.0,"3,665.00",0.0,0.0,"3,663.19","1,101.00","3,611.00","4,033,175.00",18,54.0,111.0,0.0,3.06,0.05,0.0,0.0,,
2017/10/11,18,CIT,-,3665.0,3679.0,3640.0,3679.0,"3,679.00",0.0,0.0,"3,660.88","1,470.00","3,665.00","5,381,496.00",21,14.0,39.0,0.0,1.07,0.49,0.0,0.0,,
2017/10/12,15,CIT,-,3679.0,3698.0,3656.0,3679.0,"3,679.00",0.0,0.0,"3,671.94","1,634.00","3,679.00","5,999,956.00",17,0.0,42.0,0.0,1.15,0.19,0.0,0.0,,
2017/10/15,19,CIT,-,3679.0,3700.0,3679.0,3700.0,"3,700.00",0.0,0.0,"3,086.02","34,555.00","3,679.00","106,637,448.00",18,21.0,21.0,0.0,0.57,16.59,0.0,0.0,,
2017/10/16,21,CIT,-,3700.0,3750.0,3699.0,3720.0,"3,720.00",0.0,0.0,"3,709.22","1,142.00","3,700.00","4,235,928.00",12,20.0,51.0,0.0,1.38,0.29,0.0,0.0,,
2017/10/17,19,CIT,-,3720.0,3750.0,3701.0,3701.0,"3,701.00",0.0,0.0,"3,717.46",544.00,"3,720.00","2,022,299.00",11,-19.0,49.0,0.0,1.32,-0.44,0.0,0.0,,
2017/10/18,19,CIT,-,3701.0,3770.0,3730.0,3769.0,"3,769.00",0.0,0.0,"3,764.31",771.00,"3,701.00","2,902,285.00",10,68.0,40.0,0.0,1.07,0.12,0.0,0.0,,
2017/10/19,34,CIT,36.96,1896.0,1909.9,1889.0,1905.0,"1,905.00",0.0,0.0,"1,896.63","8,381.00","1,897.00","15,895,617.30",137,8.0,20.9,0.42,1.11,0.44,"2,299.00","1,730.80","1,938.34","1,965.55"
2017/10/22,18,CIT,-,3769.0,3820.0,3700.0,3800.0,"3,800.00",0.0,0.0,"3,781.82","1,226.00","3,769.00","4,636,510.00",17,31.0,120.0,0.0,3.24,0.48,0.0,0.0,,
2017/10/23,19,CIT,-,3800.0,3760.0,3740.0,3740.0,"3,740.00",0.0,0.0,"3,752.57",191.00,"3,800.00","716,740.00",3,-60.00,20.0,0.0,0.53,-0.34,0.0,0.0,,
2017/10/24,20,CIT,-,3740.0,3740.0,3710.0,3716.0,"3,716.00",0.0,0.0,"3,718.17",720.00,"3,740.00","2,677,080.00",10,-24.0,30.0,0.0,0.81,-0.06,0.0,0.0,,
2017/10/25,20,CIT,-,3716.0,3725.0,3700.0,3707.0,"3,707.00",0.0,0.0,"3,707.97","1,463.00","3,716.00","5,424,760.00",20,-9.0,25.0,0.0,0.68,-0.03,0.0,0.0,,
2017/08/28,18,CIT,-,3825.0,3801.0,3770.0,3778.0,"3,778.00",0.0,0.0,"3,784.98","1,074.00","3,825.00","4,065,067.00",22,-47.0,31.0,0.0,0.82,-0.18,0.0,0.0,,
2017/08/30,16,CIT,-,3778.0,3800.0,3731.0,3741.0,"3,741.00",0.0,0.0,"3,751.81",917.00,"3,778.00","3,440,410.00",23,-37.0,69.0,0.0,1.85,-0.29,0.0,0.0,,
2017/08/31,19,CIT,-,3741.0,3750.0,3667.0,3680.0,"3,680.00",0.0,0.0,"3,688.79","1,200.00","3,741.00","4,426,545.00",27,-61.0,83.0,0.0,2.26,-0.24,0.0,0.0,,
2017/09/04,19,CIT,-,3680.0,3745.0,3600.0,3683.0,"3,683.00",0.0,0.0,"3,652.02","2,069.00","3,680.00","7,556,024.00",33,3.0,145.0,0.0,4.03,0.84,0.0,0.0,,
2017/09/06,34,CIT,36.96,1896.0,1909.9,1889.0,1905.0,"1,905.00",0.0,0.0,"1,896.63","8,381.00","1,897.00","15,895,617.30",137,8.0,20.9,0.42,1.11,0.44,"2,299.00","1,730.80","1,938.34","1,965.55"
2017/09/07,19,CIT,-,3682.0,3652.0,3640.0,3640.0,"3,640.00",0.0,0.0,"3,649.11",860.00,"3,682.00","3,138,235.00",12,-42.0,12.0,0.0,0.33,-0.25,0.0,0.0,,
2017/09/10,18,CIT,-,3640.0,3640.0,3540.0,3579.0,"3,579.00",0.0,0.0,"3,560.16","2,445.00","3,640.00","8,704,590.00",41,-61.00,100.0,0.0,2.82,0.53,0.0,0.0,,
2017/09/11,18,CIT,-,3579.0,3590.0,3525.0,3570.0,"3,570.00",0.0,0.0,"3,548.25","1,584.00","3,579.00","5,620,430.00",19,-9.0,65.0,0.0,1.84,0.61,0.0,0.0,,
2017/09/12,17,CIT,-,3570.0,3515.0,3440.0,3440.0,"3,440.00",0.0,0.0,"3,486.82","3,626.00","3,570.00","12,643,224.00",54,-130.0,75.0,0.0,2.18,-1.36,0.0,0.0,,
2017/09/13,19,CIT,-,3440.0,3549.0,3450.0,3549.0,"3,549.00",0.0,0.0,"3,506.65","2,048.00","3,440.00","7,181,629.00",16,109.0,99.0,0.0,2.87,1.19,0.0,0.0,,
2017/09/14,19,CIT,-,3549.0,3729.0,3550.0,3729.0,"3,729.00",0.0,0.0,"3,594.07","1,211.00","3,549.00","4,352,420.00",22,180.00,179.00,0.0,5.04,3.62,0.0,0.0,,
2017/09/17,19,CIT,-,3729.0,3800.0,3700.0,3700.0,"3,700.00",0.0,0.0,"3,729.05","1,978.00","3,729.00","7,376,060.00",34,-29.0,100.0,0.0,2.7,-0.79,0.0,0.0,,
2017/09/18,19,CIT,-,3700.0,3700.0,3640.0,3659.0,"3,659.00",0.0,0.0,"3,672.96","1,598.00","3,700.00","5,869,396.00",30,-41.0,60.0,0.0,1.65,-0.38,0.0,0.0,,
2017/09/20,19,CIT,-,3659.0,3670.0,3651.0,3670.0,"3,670.00",0.0,0.0,"3,661.31",837.00,"3,659.00","3,064,520.00",11,11.0,19.0,0.0,0.52,0.24,0.0,0.0,,
2017/09/24,18,CIT,-,3670.0,3710.0,3670.0,3710.0,"3,710.00",0.0,0.0,"3,699.36",885.00,"3,670.00","3,273,930.00",12,40.0,40.0,0.0,1.09,0.29,0.0,0.0,,
2017/09/25,19,CIT,-,3710.0,3745.0,3700.0,3745.0,"3,745.00",0.0,0.0,"3,705.98","1,280.00","3,710.00","4,743,650.00",16,35.0,45.0,0.0,1.22,1.04,0.0,0.0,,
2017/08/01,17,CIT,-,4070.0,4145.0,4100.0,4125.0,"4,125.00",0.0,0.0,"4,119.39","2,561.00","4,070.00","10,549,758.00",25,55.0,45.0,0.0,1.1,0.14,0.0,0.0,,
2017/08/02,17,CIT,-,4125.0,4500.0,4167.0,4490.0,"4,490.00",0.0,0.0,"4,284.37","4,610.00","4,125.00","19,750,966.00",53,365.0,333.0,0.0,7.99,4.58,0.0,0.0,,
2017/08/03,17,CIT,-,4490.0,4857.0,4570.0,4650.0,"4,650.00",0.0,0.0,"4,653.14","7,583.00","4,490.00","35,284,768.00",106,160.0,287.0,0.0,6.28,-0.07,0.0,0.0,,
2017/08/06,18,CIT,-,4650.0,4651.0,4510.0,4581.0,"4,581.00",0.0,0.0,"4,581.11","4,801.00","4,650.00","21,993,892.00",67,-69.0,141.0,0.0,3.13,0.0,0.0,0.0,,
2017/08/07,17,CIT,-,4581.0,4750.0,4630.0,4740.0,"4,740.00",0.0,0.0,"4,673.61","14,399.00","4,581.00","67,295,240.00",148,159.0,120.0,0.0,2.59,1.4,0.0,0.0,,
2017/08/09,17,CIT,-,4740.0,4770.0,4695.0,4700.0,"4,700.00",0.0,0.0,"4,739.35","8,353.00","4,740.00","39,587,760.00",79,-40.0,75.00,0.0,1.6,-0.84,0.0,0.0,,
2017/08/10,18,CIT,-,4700.0,4750.0,4600.0,4730.0,"4,730.00",0.0,0.0,"4,700.84","14,132.00","4,700.00","66,432,212.00",206,30.0,150.0,0.0,3.26,0.62,0.0,0.0,,
2017/08/13,19,CIT,-,3882.0,4100.0,3920.0,3978.0,"3,978.00",0.0,0.0,"3,976.30","4,331.00","3,882.00","17,221,348.00",88,96.0,180.0,0.0,4.59,0.04,0.0,0.0,,
2017/08/15,18,CIT,-,3978.0,3980.0,3922.0,3950.0,"3,950.00",0.0,0.0,"3,946.27","1,902.00","3,978.00","7,505,808.00",26,-28.0,58.0,0.0,1.48,0.09,0.0,0.0,,
2017/08/16,18,CIT,-,3950.0,3965.0,3921.0,3921.0,"3,921.00",0.0,0.0,"3,939.05","1,313.00","3,950.00","5,171,977.00",19,-29.0,44.0,0.0,1.12,-0.46,0.0,0.0,,
2017/08/17,18,CIT,-,3921.0,3950.0,3900.0,3905.0,"3,905.00",0.0,0.0,"3,930.67","3,093.00","3,921.00","12,157,575.00",22,-16.0,50.0,0.0,1.28,-0.66,0.0,0.0,,
2017/08/20,19,CIT,-,3905.0,3900.0,3865.0,3867.0,"3,867.00",0.0,0.0,"3,872.42","1,560.00","3,905.00","6,040,980.00",27,-38.0,35.0,0.0,0.91,-0.14,0.0,0.0,,
2017/08/21,16,CIT,-,3867.0,3875.0,3850.0,3875.0,"3,875.00",0.0,0.0,"3,857.26",265.00,"3,867.00","1,022,175.00",9,8.0,25.0,0.0,0.65,0.46,0.0,0.0,,
2017/08/22,17,CIT,-,3875.0,3885.0,3820.0,3851.0,"3,851.00",0.0,0.0,"3,843.70","2,999.00","3,875.00","11,527,259.00",28,-24.0,65.0,0.0,1.7,0.19,0.0,0.0,,
2017/08/23,18,CIT,-,3851.0,3860.0,3830.0,3835.0,"3,835.00",0.0,0.0,"3,839.45","1,258.00","3,851.00","4,830,025.00",29,-16.0,30.0,0.0,0.78,-0.12,0.0,0.0,,
2017/08/24,17,CIT,-,3835.0,3885.0,3800.0,3850.0,"3,850.00",0.0,0.0,"3,831.58",770.00,"3,835.00","2,950,320.00",17,15.0,85.0,0.0,2.24,0.48,0.0,0.0,,
2017/07/09,16,CIT,-,4065.0,4110.0,4010.0,4080.0,"4,080.00",0.0,0.0,"4,076.72","2,489.00","4,065.00","10,146,965.00",31,15.0,100.0,0.0,2.49,0.08,0.0,0.0,,
2017/07/10,17,CIT,-,4080.0,4081.0,4040.0,4041.0,"4,041.00",0.0,0.0,"4,047.03",971.00,"4,080.00","3,929,667.00",13,-39.00,41.0,0.0,1.01,-0.15,0.0,0.0,,
2017/07/11,17,CIT,-,4041.0,4099.0,4040.0,4099.0,"4,099.00",0.0,0.0,"4,071.75",690.00,"4,041.00","2,809,506.00",10,58.0,59.0,0.0,1.46,0.66,0.0,0.0,,
2017/07/12,15,CIT,-,4099.0,4098.0,3900.0,3927.0,"3,927.00",0.0,0.0,"3,971.72","4,740.00","4,099.00","18,825,952.00",91,-172.0,198.0,0.0,5.08,-1.14,0.0,0.0,,
2017/07/13,15,CIT,-,3927.0,3880.0,3852.0,3880.0,"3,880.00",0.0,0.0,"3,865.61","2,418.00","3,927.00","9,347,039.00",46,-47.0,28.0,0.0,0.73,0.37,0.0,0.0,,
2017/07/16,16,CIT,-,3880.0,3980.0,3900.0,3980.0,"3,980.00",0.0,0.0,"3,960.92",540.00,"3,880.00","2,138,899.00",13,100.0,80.0,0.0,2.05,0.48,0.0,0.0,,
2017/07/17,17,CIT,-,3980.0,4045.0,4000.0,4000.0,"4,000.00",0.0,0.0,"4,012.63",380.00,"3,980.00","1,524,800.00",10,20.0,45.0,0.0,1.13,-0.32,0.0,0.0,,
2017/07/18,17,CIT,-,4000.0,4050.0,3980.0,3980.0,"3,980.00",0.0,0.0,"4,002.12",635.00,"4,000.00","2,541,344.00",21,-20.00,70.0,0.0,1.76,-0.56,0.0,0.0,,
2017/07/19,17,CIT,-,3980.0,4035.0,3920.0,3920.0,"3,920.00",0.0,0.0,"3,948.52",479.00,"3,980.00","1,891,340.00",7,-60.0,115.0,0.0,2.93,-0.73,0.0,0.0,,
2017/07/20,17,CIT,-,3920.0,3975.0,3942.0,3950.0,"3,950.00",0.0,0.0,"3,946.07","3,545.00","3,920.00","13,988,828.00",20,30.0,33.0,0.0,0.84,0.1,0.0,0.0,,
2017/07/23,19,CIT,-,3950.0,3921.0,3901.0,3906.0,"3,906.00",0.0,0.0,"3,910.96",375.00,"3,950.00","1,466,610.00",8,-44.0,20.0,0.0,0.51,-0.13,0.0,0.0,,
2017/07/24,17,CIT,-,3906.0,3960.0,3910.0,3960.0,"3,960.00",0.0,0.0,"3,948.57",458.00,"3,906.00","1,808,444.00",9,54.00,50.00,0.0,1.28,0.29,0.0,0.0,,
2017/07/25,17,CIT,-,3960.0,4000.0,3970.0,3995.0,"3,995.00",0.0,0.0,"3,993.29",698.00,"3,960.00","2,787,314.00",12,35.00,30.00,0.0,0.76,0.04,0.0,0.0,,
2017/07/26,18,CIT,-,3995.0,4020.0,3970.0,4000.0,"4,000.00",0.0,0.0,"3,999.81","1,726.00","3,995.00","6,903,678.00",24,5.00,50.00,0.0,1.26,0.0,0.0,0.0,,
2017/07/27,17,CIT,-,4000.0,4001.0,4000.0,4000.0,"4,000.00",0.0,0.0,"4,000.16",313.00,"4,000.00","1,252,050.00",6,0.00,1.00,0.0,0.03,0.0,0.0,0.0,,
2017/07/30,17,CIT,-,4000.0,4025.0,4000.0,4001.0,"4,001.00",0.0,0.0,"4,015.76",341.00,"4,000.00","1,369,375.00",7,1.0,25.0,0.0,0.63,-0.37,0.0,0.0,,
2017/06/12,34,CIT,36.96,1896.0,1909.9,1889.0,1905.0,"1,905.00",0.0,0.0,"1,896.63","8,381.00","1,897.00","15,895,617.30",137,8.0,20.9,0.42,1.11,0.44,"2,299.00","1,730.80","1,938.34","1,965.55"
2017/06/13,17,CIT,-,4080.0,4138.0,4080.0,4106.0,"4,106.00",0.0,0.0,"4,110.46",811.00,"4,080.00","3,333,587.00",8,26.0,58.0,0.0,1.42,-0.11,0.0,0.0,,
2017/06/14,17,CIT,-,4106.0,4131.0,4050.0,4081.0,"4,081.00",0.0,0.0,"4,091.35",403.00,"4,106.00","1,648,815.00",8,-25.0,81.0,0.0,2.0,-0.25,0.0,0.0,,
2017/06/15,18,CIT,-,4081.0,4150.0,4100.0,4101.0,"4,101.00",0.0,0.0,"4,123.31",811.00,"4,081.00","3,344,001.00",21,20.0,50.0,0.0,1.22,-0.54,0.0,0.0,,
2017/06/18,17,CIT,-,4101.0,4120.0,4062.0,4120.0,"4,120.00",0.0,0.0,"4,095.66",740.00,"4,101.00","3,030,788.00",11,19.0,58.0,0.0,1.43,0.59,0.0,0.0,,
2017/06/19,16,CIT,-,4120.0,4100.0,4038.0,4038.0,"4,038.00",0.0,0.0,"4,062.03",325.00,"4,120.00","1,320,160.00",9,-82.0,62.0,0.0,1.54,-0.6,0.0,0.0,,
2017/06/20,16,CIT,-,4038.0,4110.0,4060.0,4060.0,"4,060.00",0.0,0.0,"4,100.05","1,054.00","4,038.00","4,321,450.00",14,22.0,50.0,0.0,1.23,-0.99,0.0,0.0,,
2017/06/21,18,CIT,-,4060.0,4109.0,4040.0,4075.0,"4,075.00",0.0,0.0,"4,082.05",980.00,"4,060.00","4,000,406.00",19,15.0,69.0,0.0,1.71,-0.17,0.0,0.0,,
2017/06/22,16,CIT,-,4075.0,4125.0,4090.0,4095.0,"4,095.00",0.0,0.0,"4,103.63",807.00,"4,075.00","3,311,628.00",12,20.0,35.0,0.0,0.86,-0.21,0.0,0.0,,
2017/06/25,17,CIT,-,4095.0,4175.0,4085.0,4100.0,"4,100.00",0.0,0.0,"4,099.52",928.00,"4,095.00","3,804,355.00",15,5.0,90.0,0.0,2.2,0.01,0.0,0.0,,
2017/06/27,17,CIT,-,4100.0,4110.0,4035.0,4070.0,"4,070.00",0.0,0.0,"4,081.76","1,981.00","4,100.00","8,085,965.00",17,-30.0,75.0,0.0,1.86,-0.29,0.0,0.0,,
2017/06/28,14,CIT,-,4070.0,4104.0,4070.0,4100.0,"4,100.00",0.0,0.0,"4,092.00","1,513.00","4,070.00","6,191,190.00",13,30.0,34.0,0.0,0.84,0.2,0.0,0.0,,
2017/07/02,17,CIT,-,4100.0,4070.0,4030.0,4030.0,"4,030.00",0.0,0.0,"4,040.17",777.00,"4,100.00","3,139,210.00",10,-70.0,40.0,0.0,0.99,-0.25,0.0,0.0,,
2017/07/03,16,CIT,-,4030.0,4030.0,4000.0,4008.0,"4,008.00",0.0,0.0,"4,003.06","2,818.00","4,030.00","11,280,632.00",28,-22.0,30.0,0.0,0.75,0.12,0.0,0.0,,
2017/07/04,16,CIT,-,4008.0,4016.0,4000.0,4015.0,"4,015.00",0.0,0.0,"4,006.61","2,511.00","4,008.00","10,060,605.00",15,7.0,16.0,0.0,0.4,0.21,0.0,0.0,,
2017/07/05,15,CIT,-,4015.0,4090.0,4000.0,4040.0,"4,040.00",0.0,0.0,"4,022.65",410.00,"4,015.00","1,649,286.00",5,25.0,90.0,0.0,2.25,0.43,0.0,0.0,,
2017/02/20,14,CIT,-,3365.0,3498.0,3211.0,3300.0,"3,300.00",0.0,0.0,"3,317.67","3,444.00","3,365.00","11,426,059.00",54,-65.0,287.00,0.0,8.94,-0.54,0.0,0.0,,
2017/03/20,13,CIT,-,3251.0,3390.0,3299.0,3371.0,"3,371.00",0.0,0.0,"3,352.43","4,032.00","3,251.00","13,516,996.00",50,120.0,91.0,0.0,2.76,0.55,0.0,0.0,,
2017/04/16,15,CIT,-,3969.0,3975.0,3900.0,3900.0,"3,900.00",0.0,0.0,"3,922.32",920.00,"3,969.00","3,608,535.00",15,-69.00,75.00,0.0,1.92,-0.57,0.0,0.0,,
2017/05/15,16,CIT,-,4030.0,4100.0,4025.0,4090.0,"4,090.00",0.0,0.0,"4,047.43","1,509.00","4,030.00","6,107,568.00",26,60.0,75.0,0.0,1.86,1.04,0.0,0.0,,
2017/06/11,16,CIT,-,4150.0,4131.0,4050.0,4099.0,"4,099.00",0.0,0.0,"4,096.31","1,930.00","4,150.00","7,905,887.00",24,-51.0,81.0,0.0,2.0,0.07,0.0,0.0,,
2017/07/06,16,CIT,-,4040.0,4075.0,4065.0,4065.0,"4,065.00",0.0,0.0,"4,070.00",20.00,"4,040.00","81,400.00",2,25.0,10.0,0.0,0.25,-0.12,0.0,0.0,,
2017/07/31,17,CIT,-,4001.0,4171.0,4040.0,4070.0,"4,070.00",0.0,0.0,"4,067.07","3,095.00","4,001.00","12,587,585.00",41,69.0,131.00,0.0,3.24,0.07,0.0,0.0,,
2017/08/27,18,CIT,-,3850.0,3850.0,3825.0,3825.0,"3,825.00",0.0,0.0,"3,830.58",915.00,"3,850.00","3,504,985.00",16,-25.0,25.0,0.0,0.65,-0.15,0.0,0.0,,
2017/09/26,19,CIT,-,3745.0,3755.0,3735.0,3750.0,"3,750.00",0.0,0.0,"3,747.78","1,204.00","3,745.00","4,512,326.00",14,5.0,20.0,0.0,0.54,0.06,0.0,0.0,,
2017/10/29,20,CIT,-,3707.0,3734.0,3685.0,3690.0,"3,690.00",0.0,0.0,"3,696.01","1,077.00","3,707.00","3,980,606.00",15,-17.0,49.0,0.0,1.33,-0.16,0.0,0.0,,
2017/11/21,18,CIT,-,3520.0,3555.0,3515.0,3515.0,"3,515.00",0.0,0.0,"3,526.56",953.00,"3,520.00","3,360,815.00",14,-5.0,40.0,0.0,1.14,-0.33,0.0,0.0,,
2017/12/18,20,CIT,-,3600.0,3655.0,3600.0,3650.0,"3,650.00",0.0,0.0,"3,647.76","3,575.00","3,600.00","13,040,755.00",36,50.0,55.0,0.0,1.53,0.06,0.0,0.0,,
2018/01/14,18,CIT,-,3575.0,3610.0,3515.0,3515.0,"3,515.00",0.0,0.0,"3,570.56",267.00,"3,575.00","953,340.00",7,-60.0,95.0,0.0,2.7,-1.58,0.0,0.0,,
2018/02/11,19,CIT,-,3450.0,3550.0,3450.0,3450.0,"3,450.00",0.0,0.0,"3,462.85",367.00,"3,450.00","1,270,866.00",10,0.0,100.0,0.0,2.9,-0.37,0.0,0.0,,
2018/03/12,19,CIT,-,3000.0,3010.0,2950.0,2950.0,"2,950.00",0.0,0.0,"2,974.52","2,472.00","3,000.00","7,353,002.00",40,-50.0,60.0,-1.67,2.03,-0.83,"4,857.00","2,990.00",,
2018/04/05,19,CIT,-,2253.0,2389.0,2298.0,2340.0,"2,340.00",0.0,0.0,"2,331.42","2,606.00","2,253.00","6,075,676.00",70,87.0,91.0,3.86,3.96,0.37,"4,857.00","2,530.00",,
2018/04/29,19,CIT,-,2600.0,2649.0,2597.0,2606.0,"2,606.00",0.0,0.0,"2,612.01","3,000.00","2,650.00","7,836,035.00",50,-44.0,52.0,-1.66,2.0,-0.23,"4,857.00","2,298.00",,
2018/05/27,17,CIT,-,2700.0,2709.0,2683.0,2683.0,"2,683.00",0.0,0.0,"2,691.95","1,274.00","2,696.00","3,429,546.00",22,-13.0,26.0,-0.48,0.97,-0.33,"4,857.00","2,298.00",,
2018/06/20,17,CIT,-,2500.0,2530.0,2480.0,2480.0,"2,480.00",0.0,0.0,"2,492.02","2,403.00","2,517.00","5,988,322.00",42,-37.0,50.0,-1.47,2.02,-0.48,"4,857.00","2,298.00",,
2018/07/15,22,CIT,-,2461.0,2465.0,2450.0,2456.0,"2,456.00",0.0,0.0,"2,458.92","1,513.00","2,490.00","3,720,341.00",26,-34.0,15.0,-1.37,0.61,-0.12,"4,857.00","2,298.00",,
2018/08/07,18,CIT,-,2460.0,2460.0,2421.0,2450.0,"2,450.00",0.0,0.0,"2,441.72",337.00,"2,417.00","822,861.00",8,33.0,39.0,1.37,1.61,0.34,"4,770.00","2,298.00",,
2017/05/16,16,CIT,-,4090.0,4090.0,4022.0,4030.0,"4,030.00",0.0,0.0,"4,031.16","1,387.00","4,090.00","5,591,217.00",16,-60.0,68.0,0.0,1.69,-0.03,0.0,0.0,,
2017/05/17,16,CIT,-,4030.0,4020.0,4001.0,4020.0,"4,020.00",0.0,0.0,"4,011.99",382.00,"4,030.00","1,532,582.00",7,-10.0,19.0,0.0,0.47,0.2,0.0,0.0,,
2017/05/18,16,CIT,-,4020.0,4100.0,4020.0,4100.0,"4,100.00",0.0,0.0,"4,081.30",823.00,"4,020.00","3,358,913.00",16,80.0,80.0,0.0,1.99,0.46,0.0,0.0,,
2017/05/21,16,CIT,-,4100.0,4090.0,4000.0,4050.0,"4,050.00",0.0,0.0,"4,033.41","1,705.00","4,100.00","6,876,959.00",25,-50.0,90.0,0.0,2.25,0.41,0.0,0.0,,
2017/05/22,16,CIT,-,4050.0,4065.0,4050.0,4065.0,"4,065.00",0.0,0.0,"4,054.91",474.00,"4,050.00","1,922,028.00",8,15.0,15.0,0.0,0.37,0.25,0.0,0.0,,
2017/05/23,16,CIT,-,4065.0,4170.0,4065.0,4170.0,"4,170.00",0.0,0.0,"4,131.32","2,329.00","4,065.00","9,621,852.00",28,105.0,105.0,0.0,2.58,0.93,0.0,0.0,,
2017/05/24,16,CIT,-,4170.0,4200.0,4100.0,4200.0,"4,200.00",0.0,0.0,"4,140.96","1,481.00","4,170.00","6,132,757.00",25,30.0,100.0,0.0,2.44,1.41,0.0,0.0,,
2017/05/28,16,CIT,-,4200.0,4260.0,4131.0,4131.0,"4,131.00",0.0,0.0,"4,183.24",336.00,"4,200.00","1,405,570.00",7,-69.0,129.0,0.0,3.12,-1.26,0.0,0.0,,
2017/05/30,16,CIT,-,4131.0,4190.0,4110.0,4190.0,"4,190.00",0.0,0.0,"4,141.15","1,542.00","4,131.00","6,385,653.00",19,59.0,80.0,0.0,1.95,1.17,0.0,0.0,,
2017/05/31,15,CIT,-,4190.0,4150.0,4111.0,4150.0,"4,150.00",0.0,0.0,"4,140.35","2,444.00","4,190.00","10,119,025.00",22,-40.0,39.0,0.0,0.95,0.23,0.0,0.0,,
2017/06/01,17,CIT,-,4150.0,4170.0,4130.0,4130.0,"4,130.00",0.0,0.0,"4,142.56",876.00,"4,150.00","3,628,880.00",18,-20.0,40.0,0.0,0.97,-0.3,0.0,0.0,,
2017/06/04,16,CIT,-,4130.0,4150.0,4100.0,4150.0,"4,150.00",0.0,0.0,"4,125.76",203.00,"4,130.00","837,530.00",8,20.0,50.0,0.0,1.22,0.58,0.0,0.0,,
2017/06/05,17,CIT,-,4150.0,4170.0,4130.0,4145.0,"4,145.00",0.0,0.0,"4,142.10",522.00,"4,150.00","2,162,174.00",12,-5.0,40.0,0.0,0.97,0.07,0.0,0.0,,
2017/06/06,16,CIT,-,4145.0,4190.0,4135.0,4190.0,"4,190.00",0.0,0.0,"4,178.91",682.00,"4,145.00","2,850,016.00",11,45.0,55.0,0.0,1.33,0.26,0.0,0.0,,
2017/06/07,16,CIT,-,4190.0,4210.0,4121.0,4190.0,"4,190.00",0.0,0.0,"4,188.53",917.00,"4,190.00","3,840,881.00",17,0.0,89.0,0.0,2.16,0.04,0.0,0.0,,
2017/06/08,16,CIT,-,4190.0,4150.0,4100.0,4150.0,"4,150.00",0.0,0.0,"4,120.69",607.00,"4,190.00","2,501,256.00",15,-40.0,50.0,0.0,1.22,0.71,0.0,0.0,,
2017/04/18,16,CIT,-,3900.0,3874.0,3734.0,3855.0,"3,855.00",0.0,0.0,"3,807.13","1,911.00","3,900.00","7,275,429.00",30,-45.0,140.0,0.0,3.75,1.24,0.0,0.0,,
2017/04/19,17,CIT,-,3855.0,3990.0,3920.0,3950.0,"3,950.00",0.0,0.0,"3,946.41",887.00,"3,855.00","3,500,465.00",18,95.0,70.00,0.0,1.79,0.09,0.0,0.0,,
2017/04/20,14,CIT,-,3950.0,4029.0,3900.0,3900.0,"3,900.00",0.0,0.0,"3,973.94",792.00,"3,950.00","3,147,358.00",14,-50.0,129.00,0.0,3.31,-1.9,0.0,0.0,,
2017/04/23,16,CIT,-,3900.0,4051.0,3978.0,3995.0,"3,995.00",0.0,0.0,"4,020.39","1,294.00","3,900.00","5,202,382.00",15,95.00,73.0,0.0,1.84,-0.64,0.0,0.0,,
2017/04/24,15,CIT,-,3995.0,4040.0,4000.0,4001.0,"4,001.00",0.0,0.0,"4,021.82","2,000.00","3,995.00","8,043,645.00",32,6.00,40.0,0.0,1.0,-0.52,0.0,0.0,,
2017/04/25,16,CIT,-,4001.0,4010.0,3980.0,3980.0,"3,980.00",0.0,0.0,"3,995.55","1,630.00","4,001.00","6,512,754.00",28,-21.00,30.0,0.0,0.75,-0.39,0.0,0.0,,
2017/04/26,16,CIT,-,3980.0,4000.0,3960.0,4000.0,"4,000.00",0.0,0.0,"3,971.54",761.00,"3,980.00","3,022,340.00",17,20.00,40.00,0.0,1.01,0.71,0.0,0.0,,
2017/04/27,17,CIT,-,4000.0,4048.0,4000.0,4044.0,"4,044.00",0.0,0.0,"4,027.17","3,515.00","4,000.00","14,155,515.00",23,44.0,48.00,0.0,1.2,0.42,0.0,0.0,,
2017/04/30,34,CIT,36.96,1896.0,1909.9,1889.0,1905.0,"1,905.00",0.0,0.0,"1,896.63","8,381.00","1,897.00","15,895,617.30",137,8.0,20.9,0.42,1.11,0.44,"2,299.00","1,730.80","1,938.34","1,965.55"
2017/05/02,17,CIT,-,3975.0,4050.0,3896.0,3950.0,"3,950.00",0.0,0.0,"3,976.92",247.00,"3,975.00","982,300.00",10,-25.0,154.0,0.0,3.95,-0.68,0.0,0.0,,
2017/05/03,16,CIT,-,3950.0,4030.0,3952.0,4000.0,"4,000.00",0.0,0.0,"4,000.96","1,427.00","3,950.00","5,709,365.00",23,50.0,78.0,0.0,1.97,-0.02,0.0,0.0,,
2017/05/04,16,CIT,-,4000.0,4000.0,3989.0,3989.0,"3,989.00",0.0,0.0,"3,993.42",400.00,"4,000.00","1,597,366.00",7,-11.0,11.0,0.0,0.28,-0.11,0.0,0.0,,
2017/05/07,16,CIT,-,3989.0,3989.0,3905.0,3905.0,"3,905.00",0.0,0.0,"3,923.17","1,335.00","3,989.00","5,237,430.00",23,-84.0,84.0,0.0,2.15,-0.47,0.0,0.0,,
2017/05/08,15,CIT,-,3905.0,3980.0,3950.0,3980.0,"3,980.00",0.0,0.0,"3,971.04",67.00,"3,905.00","266,060.00",2,75.0,30.0,0.0,0.76,0.23,0.0,0.0,,
2017/05/09,15,CIT,-,3980.0,3985.0,3975.0,3980.0,"3,980.00",0.0,0.0,"3,981.96","2,359.00","3,980.00","9,393,455.00",6,0.0,10.0,0.0,0.25,-0.05,0.0,0.0,,
2017/05/11,16,CIT,-,3980.0,4030.0,3980.0,4030.0,"4,030.00",0.0,0.0,"4,001.98","2,829.00","3,980.00","11,321,600.00",14,50.0,50.0,0.0,1.26,0.7,0.0,0.0,,
2017/03/21,13,CIT,-,3371.0,3450.0,3270.0,3447.0,"3,447.00",0.0,0.0,"3,377.19","2,341.00","3,371.00","7,906,003.00",33,76.0,180.0,0.0,5.5,2.03,0.0,0.0,,
2017/03/22,14,CIT,-,3447.0,3656.0,3450.0,3502.0,"3,502.00",0.0,0.0,"3,535.35","1,443.00","3,447.00","5,101,511.00",26,55.0,206.0,0.0,5.97,-0.95,0.0,0.0,,
2017/03/23,13,CIT,-,3502.0,3560.0,3450.0,3515.0,"3,515.00",0.0,0.0,"3,509.47","2,136.00","3,502.00","7,496,238.00",28,13.0,110.0,0.0,3.19,0.16,0.0,0.0,,
2017/03/26,14,CIT,-,3515.0,3794.0,3580.0,3700.0,"3,700.00",0.0,0.0,"3,684.93","2,917.00","3,515.00","10,748,939.00",47,185.0,214.0,0.0,5.98,0.41,0.0,0.0,,
2017/03/28,15,CIT,-,3700.0,4003.0,3774.0,4003.0,"4,003.00",0.0,0.0,"3,907.97","2,105.00","3,700.00","8,226,275.00",36,303.00,229.0,0.0,6.07,2.37,0.0,0.0,,
2017/03/29,15,CIT,-,4003.0,4083.0,3870.0,3870.0,"3,870.00",0.0,0.0,"3,944.80","3,276.00","4,003.00","12,923,178.00",59,-133.00,213.00,0.0,5.5,-1.93,0.0,0.0,,
2017/03/30,14,CIT,-,3870.0,3960.0,3800.0,3960.0,"3,960.00",0.0,0.0,"3,897.61","2,321.00","3,870.00","9,046,360.00",37,90.0,160.0,0.0,4.21,1.58,0.0,0.0,,
2017/04/02,10,CIT,-,3960.0,4080.0,4039.0,4060.0,"4,060.00",0.0,0.0,"4,053.96","1,180.00","3,960.00","4,783,670.00",10,100.00,41.00,0.0,1.02,0.15,0.0,0.0,,
2017/04/03,13,CIT,-,4060.0,4223.0,3920.0,3925.0,"3,925.00",0.0,0.0,"4,072.94","1,470.00","4,060.00","5,987,220.00",18,-135.00,303.00,0.0,7.73,-3.77,0.0,0.0,,
2017/04/04,15,CIT,-,3925.0,4045.0,3881.0,3935.0,"3,935.00",0.0,0.0,"3,936.87","2,122.00","3,925.00","8,354,030.00",22,10.00,164.00,0.0,4.23,-0.05,0.0,0.0,,
2017/04/06,13,CIT,-,3935.0,4000.0,3900.0,3935.0,"3,935.00",0.0,0.0,"3,938.99","1,082.00","3,935.00","4,261,985.00",17,0.00,100.00,0.0,2.56,-0.1,0.0,0.0,,
2017/04/09,14,CIT,-,3935.0,4013.0,3960.0,3970.0,"3,970.00",0.0,0.0,"3,980.05",877.00,"3,935.00","3,490,507.00",23,35.0,53.00,0.0,1.34,-0.25,0.0,0.0,,
2017/04/10,14,CIT,-,3970.0,4020.0,3971.0,4000.0,"4,000.00",0.0,0.0,"3,990.34","1,420.00","3,970.00","5,666,276.00",21,30.0,49.00,0.0,1.23,0.24,0.0,0.0,,
2017/04/11,14,CIT,-,4000.0,4079.0,4000.0,4039.0,"4,039.00",0.0,0.0,"4,040.91","3,153.00","4,000.00","12,740,990.00",24,39.0,79.0,0.0,1.98,-0.05,0.0,0.0,,
2017/04/12,16,CIT,-,4039.0,4130.0,4020.0,4022.0,"4,022.00",0.0,0.0,"4,054.42","4,451.00","4,039.00","18,046,238.00",47,-17.0,110.0,0.0,2.74,-0.81,0.0,0.0,,
2017/04/13,15,CIT,-,4022.0,4005.0,3940.0,3969.0,"3,969.00",0.0,0.0,"3,974.93","2,513.00","4,022.00","9,988,996.00",30,-53.0,65.00,0.0,1.65,-0.15,0.0,0.0,,
2017/02/21,15,CIT,-,3300.0,3366.0,3133.0,3233.0,"3,233.00",0.0,0.0,"3,266.69","3,123.00","3,300.00","10,201,880.00",46,-67.0,233.0,0.0,7.44,-1.04,0.0,0.0,,
2017/02/22,14,CIT,-,3233.0,3260.0,3166.0,3200.0,"3,200.00",0.0,0.0,"3,212.45",870.00,"3,233.00","2,794,830.00",13,-33.0,94.0,0.0,2.97,-0.39,0.0,0.0,,
2017/02/23,15,CIT,-,3200.0,3230.0,3180.0,3180.0,"3,180.00",0.0,0.0,"3,182.90",310.00,"3,200.00","986,700.00",6,-20.0,50.0,0.0,1.57,-0.09,0.0,0.0,,
2017/02/26,15,CIT,-,3180.0,3151.0,3000.0,3090.0,"3,090.00",0.0,0.0,"3,087.57","2,529.00","3,180.00","7,808,466.00",39,-90.0,151.0,0.0,5.03,0.08,0.0,0.0,,
2017/02/28,15,CIT,-,3090.0,3105.0,3046.0,3094.0,"3,094.00",0.0,0.0,"3,059.10","3,969.00","3,090.00","12,141,585.00",26,4.0,59.0,0.0,1.94,1.13,0.0,0.0,,
2017/03/01,14,CIT,-,3094.0,3130.0,3050.0,3068.0,"3,068.00",0.0,0.0,"3,089.70",768.00,"3,094.00","2,372,886.00",13,-26.0,80.0,0.0,2.62,-0.71,0.0,0.0,,
2017/03/02,14,CIT,-,3068.0,3130.0,3080.0,3120.0,"3,120.00",0.0,0.0,"3,111.32",729.00,"3,068.00","2,268,150.00",11,52.0,50.0,0.0,1.62,0.28,0.0,0.0,,
2017/03/05,14,CIT,-,3120.0,3220.0,3140.0,3180.0,"3,180.00",0.0,0.0,"3,179.18","1,567.00","3,120.00","4,981,781.00",30,60.0,80.0,0.0,2.55,0.03,0.0,0.0,,
2017/03/06,16,CIT,-,3180.0,3209.0,3145.0,3150.0,"3,150.00",0.0,0.0,"3,170.14","1,195.00","3,180.00","3,788,315.00",20,-30.0,64.0,0.0,2.03,-0.64,0.0,0.0,,
2017/03/07,15,CIT,-,3150.0,3150.0,3112.0,3150.0,"3,150.00",0.0,0.0,"3,144.39",903.00,"3,150.00","2,839,384.00",12,0.0,38.0,0.0,1.22,0.18,0.0,0.0,,
2017/03/09,13,CIT,-,3150.0,3200.0,3150.0,3150.0,"3,150.00",0.0,0.0,"3,169.91",231.00,"3,150.00","732,250.00",6,0.0,50.0,0.0,1.59,-0.63,0.0,0.0,,
2017/03/13,15,CIT,-,3150.0,3190.0,3150.0,3150.0,"3,150.00",0.0,0.0,"3,154.80",250.00,"3,150.00","788,700.00",4,0.0,40.0,0.0,1.27,-0.15,0.0,0.0,,
2017/03/14,15,CIT,-,3150.0,3160.0,3140.0,3140.0,"3,140.00",0.0,0.0,"3,149.58","1,121.00","3,150.00","3,530,680.00",12,-10.0,20.0,0.0,0.64,-0.31,0.0,0.0,,
2017/03/15,14,CIT,-,3140.0,3200.0,3199.0,3200.0,"3,200.00",0.0,0.0,"3,199.93",270.00,"3,140.00","863,980.00",6,60.0,1.0,0.0,0.03,0.0,0.0,0.0,,
2017/03/16,17,CIT,-,3200.0,3200.0,3190.0,3199.0,"3,199.00",0.0,0.0,"3,197.28",404.00,"3,200.00","1,291,700.00",5,-1.0,10.0,0.0,0.31,0.05,0.0,0.0,,
2017/03/19,14,CIT,-,3199.0,3272.0,3190.0,3251.0,"3,251.00",0.0,0.0,"3,220.61","1,436.00","3,199.00","4,624,803.00",23,52.0,82.0,0.0,2.57,0.93,0.0,0.0,,
2017/01/24,17,CIT,-,3876.0,3800.0,3724.0,3724.0,"3,724.00",0.0,0.0,"3,749.40",501.00,"3,876.00","1,878,450.00",9,-152.0,76.0,0.0,2.04,-0.68,0.0,0.0,,
2017/01/25,17,CIT,-,3724.0,3650.0,3504.0,3504.0,"3,504.00",0.0,0.0,"3,579.51",830.00,"3,724.00","2,970,990.00",19,-220.00,146.00,0.0,4.17,-2.15,0.0,0.0,,
2017/01/26,15,CIT,-,3504.0,3504.0,3401.0,3445.0,"3,445.00",0.0,0.0,"3,452.83","3,494.00","3,504.00","12,064,180.00",51,-59.0,103.0,0.0,3.03,-0.23,0.0,0.0,,
2017/01/30,12,CIT,-,3445.0,3380.0,3101.0,3101.0,"3,101.00",0.0,0.0,"3,225.95","2,627.00","3,445.00","8,474,580.00",63,-344.0,279.0,0.0,9.0,-4.03,0.0,0.0,,
2017/01/31,16,CIT,-,3101.0,3290.0,3039.0,3210.0,"3,210.00",0.0,0.0,"3,132.96","1,795.00","3,101.00","5,623,658.00",38,109.0,251.0,0.0,8.26,2.4,0.0,0.0,,
2017/02/01,15,CIT,-,3210.0,3380.0,3175.0,3380.0,"3,380.00",0.0,0.0,"3,269.25","1,256.00","3,210.00","4,106,178.00",22,170.0,205.0,0.0,6.46,3.28,0.0,0.0,,
2017/02/02,15,CIT,-,3380.0,3447.0,3265.0,3280.0,"3,280.00",0.0,0.0,"3,310.79","1,925.00","3,380.00","6,373,275.00",32,-100.0,182.0,0.0,5.57,-0.94,0.0,0.0,,
2017/02/05,13,CIT,-,3280.0,3350.0,3251.0,3255.0,"3,255.00",0.0,0.0,"3,281.40",578.00,"3,280.00","1,896,650.00",13,-25.0,99.0,0.0,3.05,-0.81,0.0,0.0,,
2017/02/06,14,CIT,-,3255.0,3230.0,3160.0,3160.0,"3,160.00",0.0,0.0,"3,181.33","1,985.00","3,255.00","6,314,932.00",35,-95.0,70.0,0.0,2.22,-0.67,0.0,0.0,,
2017/02/07,14,CIT,-,3160.0,3160.0,3105.0,3160.0,"3,160.00",0.0,0.0,"3,132.15",361.00,"3,160.00","1,130,705.00",8,0.0,55.0,0.0,1.77,0.88,0.0,0.0,,
2017/02/08,16,CIT,-,3160.0,3159.0,3050.0,3080.0,"3,080.00",0.0,0.0,"3,081.50","1,564.00","3,160.00","4,819,470.00",34,-80.0,109.0,0.0,3.57,-0.05,0.0,0.0,,
2017/02/09,15,CIT,-,3080.0,3098.0,2930.0,3020.0,"3,020.00",0.0,0.0,"3,026.83","1,965.00","3,080.00","5,947,730.00",36,-60.0,168.0,0.0,5.73,-0.23,0.0,0.0,,
2017/02/12,14,CIT,-,3020.0,3000.0,2922.0,2943.0,"2,943.00",0.0,0.0,"2,961.24","1,952.00","3,020.00","5,780,331.00",39,-77.0,78.0,0.0,2.67,-0.62,0.0,0.0,,
2017/02/13,15,CIT,-,2943.0,3009.0,2860.0,2920.0,"2,920.00",0.0,0.0,"2,902.17","3,873.00","2,943.00","11,240,094.00",65,-23.0,149.0,0.0,5.21,0.61,0.0,0.0,,
2017/02/14,15,CIT,-,2920.0,2965.0,2850.0,2900.0,"2,900.00",0.0,0.0,"2,895.26","4,526.00","2,920.00","13,103,947.00",63,-20.0,115.0,0.0,4.04,0.16,0.0,0.0,,
2017/02/15,16,CIT,-,2900.0,3005.0,2911.0,3005.0,"3,005.00",0.0,0.0,"2,978.55","2,951.00","2,900.00","8,789,690.00",45,105.00,94.0,0.0,3.23,0.88,0.0,0.0,,
2017/02/16,16,CIT,-,3005.0,3120.0,3000.0,3120.0,"3,120.00",0.0,0.0,"3,068.05","3,068.00","3,005.00","9,412,769.00",49,115.0,120.0,0.0,4.0,1.67,0.0,0.0,,
2017/02/19,14,CIT,-,3120.0,3432.0,3100.0,3365.0,"3,365.00",0.0,0.0,"3,163.29","3,013.00","3,120.00","9,530,991.00",51,245.00,332.00,0.0,10.71,5.99,0.0,0.0,,
