Date,S.No,Symbol,Conf.,Open,High,Low,Close,LTP,Close - LTP,Close - LTP %,VWAP,Vol,Prev. Close,Turnover,Trans.,Diff,Range,Diff %,Range %,VWAP %,52 Weeks High,52 Weeks Low,120 Days,180 Days
2025/08/25,41,CYCL,35.24,1849.0,1855.0,1741.1,1757.56,"1,750.00",7.56,0.0,"1,768.12","11,213.00","1,821.23","19,825,884.20",249,-63.67,113.9,-3.5,6.54,-0.6,"2,040.00","1,448.00",,
2025/08/26,41,CYCL,41.25,1723.1,1860.0,1723.1,1837.23,"1,774.90",62.33,0.04,"1,757.01","6,131.00","1,757.56","10,772,252.50",171,79.67,136.9,4.53,7.94,4.37,"2,040.00","1,448.00",,
2025/08/27,43,CYCL,36.38,1800.5,1829.0,1755.0,1781.17,"1,780.00",1.17,0.0,"1,774.70","4,489.00","1,837.23","7,966,637.30",123,-56.06,74.0,-3.05,4.22,0.36,"2,040.00","1,448.00",,
2025/08/28,42,CYCL,34.7,1752.0,1784.0,1726.0,1727.72,"1,726.00",1.72,0.0,"1,736.59","5,543.00","1,781.17","9,625,944.50",184,-53.45,58.0,-3.0,3.36,-0.51,"2,040.00","1,448.00",,
2025/08/31,40,CYCL,21.48,1711.0,1833.3,1695.0,1713.96,"1,701.10",12.86,0.01,"1,718.24","3,503.00","1,727.72","6,019,008.20",167,-13.76,138.3,-0.8,8.16,-0.25,"2,040.00","1,448.00",,
2025/09/01,41,CYCL,26.92,1700.0,1730.0,1683.0,1693.87,"1,700.00",-6.13,0.0,"1,700.77","4,142.00","1,713.96","7,044,572.20",135,-20.09,47.0,-1.17,2.79,-0.41,"2,040.00","1,448.00",,
2025/09/02,42,CYCL,24.68,1693.87,1704.0,1630.0,1642.39,"1,660.00",-17.61,-0.01,"1,657.73","5,615.00","1,693.87","9,308,147.90",173,-51.48,74.0,-3.04,4.54,-0.93,"2,040.00","1,448.00",,
2025/09/03,43,CYCL,24.87,1635.1,1665.0,1620.0,1633.76,"1,630.10",3.66,0.0,"1,636.75","3,403.00","1,642.39","5,569,874.50",110,-8.63,45.0,-0.53,2.78,-0.18,"2,040.00","1,448.00",,
2025/09/04,42,CYCL,27.91,1623.0,1665.0,1590.0,1622.64,"1,620.00",2.64,0.0,"1,616.54","4,359.00","1,633.76","7,046,501.30",131,-11.12,75.0,-0.68,4.72,0.38,"2,040.00","1,448.00",,
2025/09/07,45,CYCL,28.15,1623.0,1666.5,1618.0,1641.75,"1,649.00",-7.25,0.0,"1,646.78","1,957.00","1,622.64","3,222,750.30",80,19.11,48.5,1.18,3.0,-0.31,"2,040.00","1,460.00",,
2025/09/08,42,CYCL,28.9,1641.75,1663.0,1609.0,1625.52,"1,629.90",-4.38,0.0,"1,628.21","1,512.00","1,641.75","2,461,851.50",70,-16.23,54.0,-0.99,3.36,-0.17,"2,040.00","1,460.00",,
2025/09/18,36,CYCL,22.26,1596.3,1596.3,1510.0,1535.0,"1,535.00",0.0,0.0,"1,540.54",409.00,"1,625.52","630,081.00",12,-90.52,86.3,-5.57,5.72,-0.36,"2,040.00","1,460.00",,
2025/09/21,43,CYCL,31.48,1532.0,1620.0,1500.0,1581.58,"1,606.00",-24.42,-0.02,"1,558.34","3,966.00","1,535.00","6,180,395.10",117,46.58,120.00,3.03,8.0,1.47,"2,040.00","1,460.00",,
2025/09/23,44,CYCL,34.62,1612.9,1628.0,1600.0,1620.0,"1,620.00",0.0,0.0,"1,607.39","2,971.00","1,581.58","4,775,568.00",81,38.42,28.0,2.43,1.75,0.78,"2,040.00","1,460.00",,
2025/09/24,40,CYCL,30.72,1591.0,1640.0,1591.0,1606.0,"1,606.00",0.0,0.0,"1,615.14","1,724.00","1,620.00","2,784,509.90",56,-14.00,49.0,-0.86,3.08,-0.57,"2,040.00","1,460.00",,
2025/09/25,41,CYCL,30.66,1600.0,1629.9,1596.4,1610.0,"1,610.00",0.0,0.0,"1,613.96",731.00,"1,606.00","1,179,804.00",27,4.0,33.5,0.25,2.1,-0.25,"2,040.00","1,487.00","1,679.86","1,675.59"
2025/07/30,38,CYCL,34.34,1950.0,1970.0,1820.0,1827.06,"1,820.00",7.06,0.0,"1,850.44","8,527.00","1,931.84","15,778,694.00",329,-104.78,150.0,-5.42,8.24,-1.28,"2,040.00","1,448.00",,
2025/07/31,41,CYCL,33.22,1863.0,1900.2,1801.0,1821.52,"1,820.00",1.52,0.0,"1,821.49","7,189.00","1,827.06","13,094,662.40",283,-5.54,99.2,-0.3,5.51,0.0,"2,040.00","1,448.00",,
2025/08/03,41,CYCL,33.66,1857.0,1894.0,1827.2,1830.32,"1,830.00",0.32,0.0,"1,849.06","10,748.00","1,821.52","19,873,702.70",364,8.8,66.8,0.48,3.66,-1.02,"2,040.00","1,448.00",,
2025/08/04,42,CYCL,32.59,1858.0,1895.0,1804.0,1853.5,"1,857.00",-3.5,0.0,"1,840.26","6,016.00","1,830.32","11,070,978.30",168,23.18,91.0,1.27,5.04,0.71,"2,040.00","1,448.00",,
2025/08/05,43,CYCL,32.74,1819.5,1890.0,1804.1,1824.44,"1,856.00",-31.56,-0.02,"1,854.44","7,537.00","1,853.50","13,976,900.40",251,-29.06,85.9,-1.57,4.76,-1.64,"2,040.00","1,448.00",,
2025/08/06,43,CYCL,44.15,1814.0,1960.0,1814.0,1944.49,"1,945.00",-0.51,0.0,"1,903.06","21,540.00","1,824.44","40,991,945.80",459,120.05,146.00,6.58,8.05,2.13,"2,040.00","1,448.00",,
2025/08/07,40,CYCL,42.17,1982.0,2021.0,1901.2,1945.14,"1,947.70",-2.56,0.0,"1,935.30","19,625.00","1,944.49","37,980,254.40",349,0.65,119.8,0.03,6.3,0.51,"2,040.00","1,448.00",,
2025/08/11,43,CYCL,29.98,1906.3,1982.8,1830.0,1833.43,"1,830.00",3.43,0.0,"1,876.78","7,008.00","1,945.14","13,152,500.30",226,-111.71,152.8,-5.74,8.35,-2.36,"2,040.00","1,448.00",,
2025/08/12,42,CYCL,29.06,1804.0,1839.0,1695.0,1778.17,"1,798.00",-19.83,-0.01,"1,791.08","13,647.00","1,833.43","24,442,870.80",219,-55.26,144.0,-3.01,8.5,-0.73,"2,040.00","1,448.00",,
2025/08/13,36,CYCL,25.58,1762.0,1840.0,1757.0,1796.84,"1,799.00",-2.16,0.0,"1,789.80","4,319.00","1,778.17","7,730,148.00",171,18.67,83.0,1.05,4.72,0.39,"2,040.00","1,448.00",,
2025/08/14,39,CYCL,25.89,1772.0,1905.0,1771.0,1820.81,"1,827.90",-7.09,0.0,"1,802.34","5,826.00","1,796.84","10,500,422.50",130,23.97,134.0,1.33,7.57,1.01,"2,040.00","1,448.00",,
2025/08/17,39,CYCL,25.66,1799.1,1833.9,1770.0,1783.41,"1,793.90",-10.49,-0.01,"1,793.45","5,902.00","1,820.81","10,584,969.30",154,-37.4,63.9,-2.05,3.61,-0.56,"2,040.00","1,448.00",,
2025/08/18,43,CYCL,23.19,1783.41,1814.8,1755.1,1793.83,"1,795.00",-1.17,0.0,"1,787.70","4,903.00","1,783.41","8,765,097.80",147,10.42,59.7,0.58,3.4,0.34,"2,040.00","1,448.00",,
2025/08/19,39,CYCL,38.3,1758.0,1850.0,1690.0,1790.0,"1,790.00",0.0,0.0,"1,775.39","3,748.00","1,793.83","6,654,169.40",131,-3.83,160.0,-0.21,9.47,0.82,"2,040.00","1,448.00",,
2025/08/20,43,CYCL,23.1,1771.0,1819.0,1749.0,1770.5,"1,777.00",-6.5,0.0,"1,758.13","4,064.00","1,790.00","7,145,039.90",166,-19.5,70.0,-1.09,4.0,0.7,"2,040.00","1,448.00",,
2025/08/21,41,CYCL,23.13,1767.0,1770.0,1727.0,1738.82,"1,759.90",-21.08,-0.01,"1,738.77","4,460.00","1,770.50","7,754,914.80",154,-31.68,43.0,-1.79,2.49,0.0,"2,040.00","1,448.00",,
2025/07/07,38,CYCL,28.28,1610.6,1650.0,1600.0,1604.98,"1,620.00",-15.02,-0.01,"1,609.92","5,026.00","1,637.90","8,091,458.30",83,-32.92,50.0,-2.01,3.13,-0.31,"1,958.00","1,448.00",,
2025/07/08,39,CYCL,27.16,1605.0,1689.0,1590.0,1638.7,"1,629.90",8.8,0.01,"1,624.88","2,913.00","1,604.98","4,733,280.10",95,33.72,99.0,2.1,6.23,0.84,"1,958.00","1,448.00",,
2025/07/09,38,CYCL,27.05,1607.0,1650.4,1607.0,1643.22,"1,645.00",-1.78,0.0,"1,643.74","2,177.00","1,638.70","3,578,426.70",50,4.52,43.4,0.28,2.7,-0.03,"1,958.00","1,448.00",,
2025/07/10,40,CYCL,35.18,1640.0,1674.9,1618.2,1654.65,"1,657.90",-3.25,0.0,"1,659.61","1,240.00","1,643.22","2,057,915.30",65,11.43,56.7,0.7,3.5,-0.3,"1,958.00","1,448.00",,
2025/07/13,39,CYCL,49.31,1686.7,1753.0,1671.0,1701.57,"1,701.00",0.57,0.0,"1,697.60","15,289.00","1,654.65","25,954,548.70",177,46.92,82.0,2.84,4.91,0.23,"1,958.00","1,448.00",,
2025/07/14,41,CYCL,43.49,1705.0,1720.0,1688.0,1701.43,"1,710.00",-8.57,-0.01,"1,703.48","4,188.00","1,701.57","7,134,176.10",109,-0.14,32.00,-0.01,1.9,-0.12,"1,958.00","1,448.00",,
2025/07/15,40,CYCL,44.54,1729.0,1749.0,1696.0,1743.44,"1,745.00",-1.56,0.0,"1,729.38","4,196.00","1,701.43","7,256,467.20",135,42.01,53.00,2.47,3.13,0.81,"1,958.00","1,448.00",,
2025/07/16,41,CYCL,49.28,1766.0,1785.1,1725.0,1775.76,"1,770.00",5.76,0.0,"1,767.02","8,196.00","1,743.44","14,482,455.60",152,32.32,60.1,1.85,3.48,0.49,"1,958.00","1,448.00",,
2025/07/17,39,CYCL,49.59,1750.1,1860.0,1750.1,1837.52,"1,860.00",-22.48,-0.01,"1,812.50","9,281.00","1,775.76","16,821,836.80",282,61.76,109.90,3.48,6.28,1.36,"1,958.00","1,448.00",,
2025/07/20,40,CYCL,45.44,1800.8,1948.0,1788.5,1808.9,"1,788.50",20.4,0.01,"1,853.59","6,888.00","1,837.52","12,767,519.50",264,-28.62,159.5,-1.56,8.92,-2.47,"1,958.00","1,448.00",,
2025/07/21,41,CYCL,42.54,1772.8,1914.0,1750.0,1840.49,"1,862.00",-21.51,-0.01,"1,813.35","5,785.00","1,808.90","10,490,231.00",170,31.59,164.0,1.75,9.37,1.47,"1,958.00","1,448.00",,
2025/07/22,39,CYCL,47.2,1803.7,1951.0,1803.7,1901.19,"1,899.70",1.49,0.0,"1,891.99","17,477.00","1,840.49","33,066,239.80",325,60.7,147.3,3.3,8.17,0.48,"1,958.00","1,448.00",,
2025/07/23,39,CYCL,43.25,1863.2,1896.0,1841.0,1884.47,"1,885.00",-0.53,0.0,"1,863.05","8,962.00","1,901.19","16,696,641.70",251,-16.72,55.00,-0.88,2.99,1.14,"1,958.00","1,448.00",,
2025/07/24,40,CYCL,42.78,1880.0,1922.0,1870.0,1899.62,"1,893.10",6.52,0.0,"1,897.97","9,797.00","1,884.47","18,594,411.30",295,15.15,52.0,0.8,2.78,0.09,"1,958.00","1,448.00",,
2025/07/27,41,CYCL,43.01,1862.0,2040.0,1862.0,1908.82,"1,880.00",28.82,0.02,"1,906.17","9,650.00","1,899.62","18,394,587.50",255,9.2,178.0,0.48,9.56,0.14,"2,040.00","1,448.00",,
2025/07/28,41,CYCL,37.49,1900.0,1900.0,1840.1,1877.0,"1,887.90",-10.9,-0.01,"1,861.44","5,441.00","1,908.82","10,128,108.50",175,-31.82,59.9,-1.67,3.26,0.83,"2,040.00","1,448.00",,
2025/06/12,40,CYCL,38.61,1627.8,1659.8,1610.0,1627.52,"1,620.00",7.52,0.0,"1,623.11","2,185.00","1,660.86","3,546,496.20",88,-33.34,49.8,-2.01,3.09,0.27,"1,958.00","1,445.10",,
2025/06/15,41,CYCL,44.42,1600.0,1660.0,1600.0,1618.94,"1,640.00",-21.06,-0.01,"1,618.86","6,832.00","1,627.52","11,060,070.10",129,-8.58,60.0,-0.53,3.75,0.0,"1,958.00","1,445.10",,
2025/06/16,42,CYCL,28.42,1618.0,1716.0,1600.0,1642.04,"1,635.00",7.04,0.0,"1,633.21","5,388.00","1,618.94","8,799,759.10",136,23.1,116.0,1.43,7.25,0.54,"1,958.00","1,445.10",,
2025/06/17,39,CYCL,28.12,1612.0,1687.9,1612.0,1655.54,"1,667.90",-12.36,-0.01,"1,668.13","4,413.00","1,642.04","7,361,469.00",122,13.5,75.9,0.82,4.71,-0.76,"1,958.00","1,445.10",,
2025/06/18,40,CYCL,26.21,1630.0,1717.0,1619.0,1625.26,"1,639.00",-13.74,-0.01,"1,651.14","3,886.00","1,655.54","6,416,322.90",99,-30.28,98.0,-1.83,6.05,-1.59,"1,958.00","1,445.10",,
2025/06/19,41,CYCL,23.06,1607.1,1638.5,1607.1,1615.76,"1,610.00",5.76,0.0,"1,616.95","1,784.00","1,625.26","2,884,644.60",62,-9.5,31.40,-0.58,1.95,-0.07,"1,958.00","1,445.10",,
2025/06/22,42,CYCL,26.87,1600.0,1645.0,1585.0,1586.45,"1,585.10",1.35,0.0,"1,596.65","2,814.00","1,615.76","4,492,983.70",87,-29.31,60.00,-1.81,3.79,-0.64,"1,958.00","1,445.10",,
2025/06/23,43,CYCL,22.14,1586.1,1600.0,1586.0,1589.24,"1,600.00",-10.76,-0.01,"1,589.06","1,939.00","1,586.45","3,081,183.50",56,2.79,14.00,0.18,0.88,0.01,"1,958.00","1,445.10",,
2025/06/24,42,CYCL,18.95,1589.0,1620.0,1589.0,1596.06,"1,617.00",-20.94,-0.01,"1,604.20","1,678.00","1,589.24","2,691,844.60",75,6.82,31.00,0.43,1.95,-0.51,"1,958.00","1,445.10",,
2025/06/25,38,CYCL,30.34,1624.0,1693.0,1565.0,1578.01,"1,599.90",-21.89,-0.01,"1,586.04","4,616.00","1,596.06","7,321,140.60",147,-18.05,128.0,-1.13,8.18,-0.51,"1,958.00","1,448.00",,
2025/06/26,41,CYCL,30.66,1600.0,1629.9,1596.4,1610.0,"1,610.00",0.0,0.0,"1,613.96",731.00,"1,606.00","1,179,804.00",27,4.0,33.5,0.25,2.1,-0.25,"2,040.00","1,487.00","1,679.86","1,675.59"
2025/06/29,43,CYCL,38.36,1603.0,1607.0,1571.0,1600.83,"1,600.00",0.83,0.0,"1,591.49","7,741.00","1,573.19","12,319,707.50",81,27.64,36.0,1.76,2.29,0.58,"1,958.00","1,448.00",,
2025/06/30,40,CYCL,35.78,1628.8,1665.4,1602.1,1617.21,"1,622.00",-4.79,0.0,"1,620.36","2,605.00","1,600.83","4,221,032.50",94,16.38,63.30,1.02,3.95,-0.19,"1,958.00","1,448.00",,
2025/07/01,39,CYCL,42.45,1617.21,1680.0,1617.21,1666.43,"1,665.90",0.53,0.0,"1,667.55","9,536.00","1,617.21","15,901,750.70",174,49.22,62.79,3.04,3.88,-0.07,"1,958.00","1,448.00",,
2025/07/02,40,CYCL,37.31,1650.5,1695.0,1606.1,1671.96,"1,669.90",2.06,0.0,"1,680.12","3,497.00","1,666.43","5,875,377.70",134,5.53,88.9,0.33,5.54,-0.49,"1,958.00","1,448.00",,
2025/07/03,41,CYCL,39.31,1641.0,1690.0,1641.0,1657.39,"1,671.00",-13.61,-0.01,"1,663.32","1,554.00","1,671.96","2,584,803.00",54,-14.57,49.0,-0.87,2.99,-0.36,"1,958.00","1,448.00",,
2025/05/18,38,CYCL,30.21,1580.4,1640.0,1580.4,1619.02,"1,614.10",4.92,0.0,"1,611.15","6,761.00","1,593.47","10,892,959.20",128,25.55,59.6,1.6,3.77,0.49,"1,958.00","1,420.00",,
2025/05/19,43,CYCL,25.0,1590.0,1650.0,1590.0,1617.44,"1,610.00",7.44,0.0,"1,624.77","2,738.00","1,619.02","4,448,629.80",134,-1.58,60.00,-0.1,3.77,-0.45,"1,958.00","1,420.00",,
2025/05/20,39,CYCL,40.74,1606.0,1638.0,1602.2,1633.66,"1,638.00",-4.34,0.0,"1,629.50","2,461.00","1,617.44","4,010,196.70",67,16.22,35.8,1.0,2.23,0.25,"1,958.00","1,420.00",,
2025/05/21,41,CYCL,30.66,1600.0,1629.9,1596.4,1610.0,"1,610.00",0.0,0.0,"1,613.96",731.00,"1,606.00","1,179,804.00",27,4.0,33.5,0.25,2.1,-0.25,"2,040.00","1,487.00","1,679.86","1,675.59"
2025/05/22,39,CYCL,46.66,1606.0,1703.4,1606.0,1683.97,"1,680.00",3.97,0.0,"1,661.43","11,806.00","1,611.04","19,614,882.70",281,72.93,97.40,4.53,6.06,1.34,"1,958.00","1,420.00",,
2025/05/25,42,CYCL,47.73,1717.6,1740.0,1683.5,1730.98,"1,735.00",-4.02,0.0,"1,714.24","14,591.00","1,683.97","25,012,480.70",322,47.01,56.5,2.79,3.36,0.97,"1,958.00","1,420.00",,
2025/05/26,42,CYCL,44.64,1755.0,1755.0,1691.0,1695.5,"1,691.00",4.5,0.0,"1,710.67","6,487.00","1,730.98","11,097,091.80",129,-35.48,64.0,-2.05,3.78,-0.89,"1,958.00","1,420.00",,
2025/05/27,40,CYCL,43.03,1700.0,1727.0,1665.0,1693.85,"1,700.00",-6.15,0.0,"1,696.69","4,888.00","1,695.50","8,293,403.30",103,-1.65,62.0,-0.1,3.72,-0.17,"1,958.00","1,420.00",,
2025/05/28,40,CYCL,43.06,1663.3,1727.0,1663.3,1698.28,"1,695.00",3.28,0.0,"1,693.08","2,258.00","1,693.85","3,822,985.20",79,4.43,63.7,0.26,3.83,0.31,"1,958.00","1,420.00",,
2025/06/02,41,CYCL,27.48,1671.0,1729.9,1671.0,1692.24,"1,699.00",-6.76,0.0,"1,701.94","1,969.00","1,698.28","3,351,120.10",102,-6.04,58.90,-0.36,3.52,-0.57,"1,958.00","1,420.00",,
2025/06/03,41,CYCL,21.68,1668.0,1699.9,1646.0,1658.15,"1,674.00",-15.85,-0.01,"1,664.99","1,479.00","1,692.24","2,462,520.30",82,-34.09,53.9,-2.01,3.27,-0.41,"1,958.00","1,432.00",,
2025/06/04,40,CYCL,22.57,1632.0,1647.5,1600.0,1607.76,"1,623.00",-15.24,-0.01,"1,624.40","1,399.00","1,658.15","2,272,538.40",75,-50.39,47.5,-3.04,2.97,-1.04,"1,958.00","1,445.10",,
2025/06/05,41,CYCL,27.53,1639.0,1645.0,1600.0,1607.4,"1,600.00",7.4,0.0,"1,621.79","4,481.00","1,607.76","7,267,251.50",122,-0.36,45.0,-0.02,2.81,-0.9,"1,958.00","1,445.10",,
2025/06/08,42,CYCL,28.14,1607.4,1607.4,1568.0,1571.95,"1,575.00",-3.05,0.0,"1,581.29","5,278.00","1,607.40","8,346,073.20",147,-35.45,39.4,-2.21,2.51,-0.59,"1,958.00","1,445.10",,
2025/06/09,43,CYCL,29.17,1565.1,1729.0,1565.1,1671.76,"1,695.00",-23.24,-0.01,"1,634.26","5,903.00","1,571.95","9,647,064.30",132,99.81,163.9,6.35,10.47,2.24,"1,958.00","1,445.10",,
2025/06/10,39,CYCL,33.38,1639.0,1773.0,1607.1,1678.63,"1,685.00",-6.37,0.0,"1,676.71","2,428.00","1,671.76","4,071,062.30",102,6.87,165.9,0.41,10.32,0.11,"1,958.00","1,445.10",,
2024/08/12,44,CYCL,69.58,1610.0,1635.0,1593.0,1608.0,"1,608.00",0.0,0.0,"1,604.15","14,081.00","1,590.00","22,587,992.20",323,18.0,42.00,1.13,2.64,0.24,"1,823.00",882.00,,
2024/09/09,42,CYCL,59.62,1560.0,1645.0,1525.2,1540.0,"1,540.00",0.0,0.0,"1,565.92","7,744.00","1,584.00","12,126,464.00",221,-44.00,119.8,-2.78,7.85,-1.68,"1,823.00",882.00,,
2024/10/07,38,CYCL,-,1559.8,1597.6,1515.5,1553.7,"1,553.70",0.0,0.0,"1,547.10","4,568.00","1,535.60","7,067,130.10",111,18.10,82.10,1.18,5.42,0.43,"1,823.00",882.00,,
2024/11/10,40,CYCL,-,1520.0,1580.0,1520.0,1580.0,"1,580.00",0.0,0.0,"1,563.24","7,354.00","1,544.00","11,496,084.80",189,36.0,60.00,2.33,3.95,1.06,"1,823.00",882.00,,
2024/12/04,40,CYCL,31.08,1700.0,1737.0,1670.0,1710.0,"1,710.00",0.0,0.0,"1,703.98","4,782.00","1,704.00","8,148,411.40",158,6.0,67.0,0.35,4.01,0.35,"1,923.90",882.00,,
2025/01/01,38,CYCL,39.33,1636.6,1639.9,1585.0,1624.9,"1,624.90",0.0,0.0,"1,609.31","2,640.00","1,670.00","4,248,572.20",100,-45.1,54.9,-2.7,3.46,0.96,"1,923.90","1,007.10",,
2025/01/27,42,CYCL,50.34,1523.0,1670.0,1523.0,1643.0,"1,643.00",0.0,0.0,"1,638.78","25,568.00","1,552.10","41,900,355.50",598,90.90,147.00,5.86,9.65,0.26,"1,923.90","1,078.00",,
2025/02/24,42,CYCL,36.01,1918.0,1918.0,1853.1,1853.1,"1,853.10",0.0,0.0,"1,881.33","9,157.00","1,881.00","17,227,351.90",192,-27.90,64.90,-1.48,3.5,-1.52,"1,958.00","1,080.10",,
2025/03/23,41,CYCL,28.19,1606.77,1606.77,1570.0,1571.96,"1,570.10",1.86,0.0,"1,578.47","1,789.00","1,606.77","2,823,889.40",69,-34.81,36.77,-2.17,2.34,-0.41,"1,958.00","1,282.20",,
2025/04/20,43,CYCL,42.07,1630.0,1658.0,1606.0,1641.91,"1,647.00",-5.09,0.0,"1,638.31","2,976.00","1,625.68","4,875,622.90",134,16.23,52.0,1.0,3.24,0.22,"1,958.00","1,400.00",,
2025/05/15,42,CYCL,27.02,1605.0,1632.0,1591.0,1593.47,"1,591.00",2.47,0.0,"1,597.37","3,264.00","1,601.94","5,213,823.50",86,-8.47,41.0,-0.53,2.58,-0.24,"1,958.00","1,420.00",,
2025/06/11,41,CYCL,37.85,1645.1,1700.0,1630.0,1660.86,"1,660.00",0.86,0.0,"1,658.69","1,872.00","1,678.63","3,105,067.80",82,-17.77,70.00,-1.06,4.29,0.13,"1,958.00","1,445.10",,
2025/07/06,40,CYCL,42.03,1688.9,1689.0,1626.0,1637.9,"1,632.00",5.9,0.0,"1,642.19","2,632.00","1,657.39","4,322,235.30",76,-19.49,63.0,-1.18,3.87,-0.26,"1,958.00","1,448.00",,
2025/07/29,40,CYCL,43.98,1877.0,2030.0,1841.0,1931.84,"1,924.90",6.94,0.0,"1,923.72","14,683.00","1,877.00","28,245,919.00",279,54.84,189.00,2.92,10.27,0.42,"2,040.00","1,448.00",,
2025/08/24,43,CYCL,39.95,1705.0,1879.0,1705.0,1821.23,"1,815.00",6.23,0.0,"1,765.76","4,881.00","1,738.82","8,618,686.30",159,82.41,174.0,4.74,10.21,3.05,"2,040.00","1,448.00",,
2025/04/21,39,CYCL,45.24,1612.0,1742.2,1600.0,1668.25,"1,679.00",-10.75,-0.01,"1,651.99","6,075.00","1,641.91","10,035,862.80",165,26.34,142.2,1.6,8.89,0.97,"1,958.00","1,400.00",,
2025/04/22,43,CYCL,43.61,1640.0,1735.6,1625.0,1635.82,"1,625.00",10.82,0.01,"1,650.20","2,750.00","1,668.25","4,538,051.00",128,-32.43,110.6,-1.94,6.81,-0.88,"1,958.00","1,400.00",,
2025/04/23,42,CYCL,39.61,1668.5,1668.5,1603.0,1606.27,"1,619.00",-12.73,-0.01,"1,620.63","2,182.00","1,635.82","3,536,203.90",92,-29.55,65.5,-1.81,4.09,-0.89,"1,958.00","1,400.00",,
2025/04/24,41,CYCL,29.98,1590.0,1638.0,1580.0,1592.67,"1,609.00",-16.33,-0.01,"1,592.14","3,259.00","1,606.27","5,188,789.50",108,-13.6,58.0,-0.85,3.67,0.03,"1,958.00","1,400.00",,
2025/04/27,40,CYCL,31.47,1592.0,1717.0,1580.0,1597.39,"1,614.00",-16.61,-0.01,"1,596.14","5,608.00","1,592.67","8,951,143.70",96,4.72,137.0,0.3,8.67,0.08,"1,958.00","1,400.00",,
2025/04/28,43,CYCL,27.2,1576.0,1725.0,1566.3,1650.41,"1,623.00",27.41,0.02,"1,621.54","2,583.00","1,597.39","4,188,425.80",95,53.02,158.7,3.32,10.13,1.75,"1,958.00","1,400.00",,
2025/04/29,40,CYCL,26.33,1625.0,1625.0,1561.0,1586.48,"1,611.00",-24.52,-0.02,"1,592.87","2,730.00","1,650.41","4,348,535.50",80,-63.93,64.0,-3.87,4.1,-0.4,"1,958.00","1,400.00",,
2025/04/30,41,CYCL,43.83,1560.0,1697.0,1560.0,1610.37,"1,620.00",-9.63,-0.01,"1,599.56","4,606.00","1,586.48","7,367,569.30",130,23.89,137.0,1.51,8.78,0.67,"1,958.00","1,400.00",,
2025/05/04,42,CYCL,27.64,1580.0,1640.0,1568.0,1573.18,"1,590.00",-16.82,-0.01,"1,594.23","3,097.00","1,610.37","4,937,333.70",126,-37.19,72.0,-2.31,4.59,-1.34,"1,958.00","1,420.00",,
2025/05/05,41,CYCL,25.26,1600.0,1630.0,1562.0,1581.53,"1,580.10",1.43,0.0,"1,591.08","2,522.00","1,573.18","4,012,704.10",76,8.35,68.0,0.53,4.35,-0.6,"1,958.00","1,420.00",,
2025/05/06,41,CYCL,45.78,1563.1,1710.0,1563.1,1613.2,"1,630.00",-16.8,-0.01,"1,606.78","6,179.00","1,581.53","9,928,317.10",152,31.67,146.9,2.0,9.4,0.4,"1,958.00","1,420.00",,
2025/05/07,39,CYCL,45.63,1581.2,1667.0,1570.1,1647.32,"1,644.00",3.32,0.0,"1,605.23","5,274.00","1,613.20","8,465,960.80",161,34.12,96.9,2.12,6.17,2.56,"1,958.00","1,420.00",,
2025/05/08,39,CYCL,40.15,1617.0,1675.0,1588.0,1632.59,"1,645.00",-12.41,-0.01,"1,635.39","1,515.00","1,647.32","2,477,610.70",104,-14.73,87.0,-0.89,5.48,-0.17,"1,958.00","1,420.00",,
2025/05/11,38,CYCL,47.04,1601.0,1698.0,1590.0,1654.66,"1,648.00",6.66,0.0,"1,606.89","7,053.00","1,632.59","11,333,425.90",176,22.07,108.0,1.35,6.79,2.89,"1,958.00","1,420.00",,
2025/05/13,39,CYCL,28.2,1625.0,1675.0,1592.5,1607.72,"1,601.00",6.72,0.0,"1,613.72","4,948.00","1,654.66","7,984,701.70",163,-46.94,82.5,-2.84,5.18,-0.37,"1,958.00","1,420.00",,
2025/05/14,40,CYCL,27.89,1638.9,1639.0,1591.0,1601.94,"1,617.00",-15.06,-0.01,"1,613.53","2,758.00","1,607.72","4,450,129.50",97,-5.78,48.0,-0.36,3.02,-0.72,"1,958.00","1,420.00",,
2025/03/24,42,CYCL,30.98,1570.0,1610.0,1540.0,1599.79,"1,600.00",-0.21,0.0,"1,586.85","1,806.00","1,571.96","2,865,849.10",68,27.83,70.0,1.77,4.55,0.81,"1,958.00","1,282.20",,
2025/03/25,41,CYCL,30.08,1600.0,1600.0,1545.0,1548.16,"1,545.00",3.16,0.0,"1,560.40","3,198.00","1,599.79","4,990,157.20",107,-51.63,55.0,-3.23,3.56,-0.79,"1,958.00","1,282.20",,
2025/03/26,41,CYCL,30.66,1600.0,1629.9,1596.4,1610.0,"1,610.00",0.0,0.0,"1,613.96",731.00,"1,606.00","1,179,804.00",27,4.0,33.5,0.25,2.1,-0.25,"2,040.00","1,487.00","1,679.86","1,675.59"
2025/03/27,38,CYCL,41.39,1628.9,1670.0,1580.0,1642.01,"1,642.00",0.01,0.0,"1,637.27","4,811.00","1,598.26","7,876,915.90",124,43.75,90.0,2.74,5.7,0.29,"1,958.00","1,282.20",,
2025/03/30,39,CYCL,38.93,1640.0,1674.0,1611.0,1632.09,"1,635.00",-2.91,0.0,"1,647.43","4,241.00","1,642.01","6,986,758.70",100,-9.92,63.0,-0.6,3.91,-0.94,"1,958.00","1,282.20",,
2025/04/01,40,CYCL,36.93,1610.0,1636.0,1591.0,1623.56,"1,625.00",-1.44,0.0,"1,609.70","2,885.00","1,632.09","4,643,983.70",91,-8.53,45.00,-0.52,2.83,0.85,"1,958.00","1,282.20",,
2025/04/02,40,CYCL,35.34,1600.0,1656.0,1600.0,1618.65,"1,618.00",0.65,0.0,"1,620.98","1,970.00","1,623.56","3,193,321.30",85,-4.91,56.00,-0.3,3.5,-0.14,"1,958.00","1,282.20",,
2025/04/03,42,CYCL,33.7,1620.0,1647.8,1590.1,1606.88,"1,610.00",-3.12,0.0,"1,614.00","2,543.00","1,618.65","4,104,399.70",71,-11.77,57.7,-0.73,3.63,-0.44,"1,958.00","1,314.20",,
2025/04/07,41,CYCL,32.81,1600.0,1635.0,1585.0,1599.88,"1,610.00",-10.12,-0.01,"1,591.81","2,328.00","1,606.88","3,705,743.60",73,-7.0,50.0,-0.44,3.15,0.5,"1,958.00","1,400.00",,
2025/04/08,40,CYCL,32.06,1570.0,1605.4,1567.9,1604.9,"1,604.90",0.0,0.0,"1,582.55","1,884.00","1,599.88","2,981,526.50",60,5.02,37.50,0.31,2.39,1.39,"1,958.00","1,400.00",,
2025/04/09,42,CYCL,33.12,1575.5,1616.0,1575.5,1590.47,"1,586.00",4.47,0.0,"1,597.66","2,038.00","1,604.90","3,256,026.00",65,-14.43,40.50,-0.9,2.57,-0.45,"1,958.00","1,400.00",,
2025/04/10,44,CYCL,35.56,1572.0,1605.0,1570.1,1597.55,"1,581.10",16.45,0.01,"1,591.28","2,171.00","1,590.47","3,454,658.60",91,7.08,34.9,0.45,2.22,0.39,"1,958.00","1,400.00",,
2025/04/13,42,CYCL,31.31,1600.0,1604.0,1585.0,1593.12,"1,595.00",-1.88,0.0,"1,594.24","1,317.00","1,597.55","2,099,615.80",48,-4.43,19.0,-0.28,1.2,-0.07,"1,958.00","1,400.00",,
2025/04/15,43,CYCL,32.81,1600.0,1614.0,1580.0,1588.69,"1,599.80",-11.11,-0.01,"1,598.26","2,390.00","1,593.12","3,819,852.80",102,-4.43,34.0,-0.28,2.15,-0.6,"1,958.00","1,400.00",,
2025/04/16,43,CYCL,33.62,1614.0,1614.0,1575.0,1589.63,"1,589.00",0.63,0.0,"1,588.60",972.00,"1,588.69","1,544,120.90",56,0.94,39.0,0.06,2.48,0.06,"1,958.00","1,400.00",,
2025/04/17,40,CYCL,44.02,1560.0,1640.0,1560.0,1625.68,"1,633.00",-7.32,0.0,"1,616.80","5,050.00","1,589.63","8,164,856.70",174,36.05,80.0,2.27,5.13,0.55,"1,958.00","1,400.00",,
2025/02/25,40,CYCL,32.25,1817.0,1889.0,1817.0,1860.0,"1,860.00",0.0,0.0,"1,853.69","3,826.00","1,853.10","7,092,203.60",119,6.9,72.00,0.37,3.96,0.34,"1,958.00","1,080.10",,
2025/02/27,38,CYCL,28.38,1897.2,1897.2,1826.0,1827.1,"1,827.10",0.0,0.0,"1,845.25","7,202.00","1,860.00","13,289,466.20",203,-32.90,71.20,-1.77,3.9,-0.99,"1,958.00","1,108.00",,
2025/03/02,37,CYCL,28.19,1805.0,1938.8,1805.0,1851.5,"1,851.50",0.0,0.0,"1,852.43","7,228.00","1,827.10","13,389,399.40",177,24.40,133.80,1.34,7.41,-0.05,"1,958.00","1,121.00",,
2025/03/03,38,CYCL,29.64,1886.0,1886.0,1800.0,1815.0,"1,815.00",0.0,0.0,"1,818.44","9,020.00","1,851.50","16,402,359.90",195,-36.50,86.00,-1.97,4.78,-0.19,"1,958.00","1,121.00",,
2025/03/04,40,CYCL,31.66,1800.0,1810.0,1699.0,1720.0,"1,720.00",0.0,0.0,"1,751.75","16,111.00","1,815.00","28,222,513.30",334,-95.0,111.0,-5.23,6.53,-1.85,"1,958.00","1,157.20",,
2025/03/05,40,CYCL,28.83,1735.0,1774.0,1720.1,1740.0,"1,740.00",0.0,0.0,"1,747.52","8,458.00","1,720.00","14,780,527.90",180,20.0,53.9,1.16,3.13,-0.43,"1,958.00","1,157.20",,
2025/03/06,39,CYCL,28.75,1706.2,1738.0,1706.1,1713.2,"1,713.20",0.0,0.0,"1,721.82","5,313.00","1,740.00","9,148,049.70",110,-26.80,31.90,-1.54,1.87,-0.5,"1,958.00","1,162.10",,
2025/03/09,39,CYCL,29.05,1687.0,1730.0,1670.0,1706.0,"1,706.00",0.0,0.0,"1,697.18","4,315.00","1,713.20","7,323,324.70",154,-7.2,60.00,-0.42,3.59,0.52,"1,958.00","1,282.20",,
2025/03/10,39,CYCL,28.1,1680.0,1739.0,1680.0,1699.0,"1,699.00",0.0,0.0,"1,695.84","4,802.00","1,706.00","8,143,443.40",118,-7.0,59.0,-0.41,3.51,0.19,"1,958.00","1,282.20",,
2025/03/11,40,CYCL,26.77,1676.0,1707.0,1642.2,1675.0,"1,675.00",0.0,0.0,"1,667.41","4,278.00","1,699.00","7,133,168.20",124,-24.0,64.8,-1.41,3.95,0.45,"1,958.00","1,282.20",,
2025/03/12,41,CYCL,24.43,1650.0,1680.0,1650.0,1654.1,"1,654.10",0.0,0.0,"1,658.67","2,255.00","1,675.00","3,740,306.90",72,-20.9,30.0,-1.25,1.82,-0.28,"1,958.00","1,282.20",,
2025/03/16,38,CYCL,24.7,1642.1,1665.0,1636.0,1637.0,"1,637.00",0.0,0.0,"1,652.10","2,901.00","1,654.10","4,792,732.40",84,-17.1,29.00,-1.03,1.77,-0.92,"1,958.00","1,282.20",,
2025/03/17,41,CYCL,28.3,1637.0,1652.0,1620.0,1628.0,"1,628.00",0.0,0.0,"1,632.60","2,517.00","1,637.00","4,109,258.90",58,-9.0,32.0,-0.55,1.98,-0.28,"1,958.00","1,282.20",,
2025/03/18,38,CYCL,30.45,1603.0,1681.0,1603.0,1630.0,"1,630.00",0.0,0.0,"1,632.42","2,819.00","1,628.00","4,601,799.70",65,2.0,78.0,0.12,4.87,-0.15,"1,958.00","1,282.20",,
2025/03/19,40,CYCL,33.62,1625.0,1649.0,1606.1,1618.0,"1,618.00",0.0,0.0,"1,620.68","3,090.00","1,630.00","5,007,914.20",76,-12.00,42.9,-0.74,2.67,-0.17,"1,958.00","1,282.20",,
2025/03/20,39,CYCL,37.01,1595.1,1645.0,1565.1,1606.77,"1,597.00",9.77,0.01,"1,580.50","13,257.00","1,618.00","20,952,694.70",149,-11.23,79.9,-0.69,5.11,1.63,"1,958.00","1,282.20",,
2025/01/28,41,CYCL,47.07,1625.0,1685.0,1625.0,1652.1,"1,652.10",0.0,0.0,"1,660.09","10,751.00","1,643.00","17,847,666.00",268,9.10,60.00,0.55,3.69,-0.48,"1,923.90","1,078.00",,
2025/02/02,43,CYCL,49.45,1630.0,1766.0,1630.0,1760.0,"1,760.00",0.0,0.0,"1,734.13","14,744.00","1,652.10","25,568,028.10",386,107.9,136.00,6.53,8.34,1.47,"1,923.90","1,078.00",,
2025/02/03,40,CYCL,42.47,1786.0,1795.2,1693.1,1717.2,"1,717.20",0.0,0.0,"1,728.13","7,691.00","1,760.00","13,291,009.60",291,-42.8,102.1,-2.43,6.03,-0.64,"1,923.90","1,078.00",,
2025/02/04,38,CYCL,44.24,1700.0,1786.5,1681.0,1722.8,"1,722.80",0.0,0.0,"1,704.05","11,202.00","1,717.20","19,088,782.40",199,5.6,105.50,0.33,6.28,1.09,"1,923.90","1,078.00",,
2025/02/05,41,CYCL,48.33,1757.2,1810.0,1719.0,1760.1,"1,760.10",0.0,0.0,"1,753.05","15,523.00","1,722.80","27,212,518.20",407,37.3,91.00,2.17,5.29,0.4,"1,923.90","1,080.10",,
2025/02/06,41,CYCL,42.29,1795.0,1795.0,1700.0,1701.1,"1,701.10",0.0,0.0,"1,731.93","9,625.00","1,760.10","16,669,820.20",301,-59.0,95.0,-3.35,5.59,-1.81,"1,923.90","1,080.10",,
2025/02/09,40,CYCL,30.28,1680.3,1769.8,1676.0,1720.0,"1,720.00",0.0,0.0,"1,702.14","5,266.00","1,701.10","8,963,468.00",145,18.9,93.8,1.11,5.6,1.04,"1,923.90","1,080.10",,
2025/02/10,42,CYCL,35.32,1686.1,1740.0,1675.0,1716.0,"1,716.00",0.0,0.0,"1,701.76","8,260.00","1,720.00","14,056,566.30",189,-4.00,65.00,-0.23,3.88,0.83,"1,923.90","1,080.10",,
2025/02/11,39,CYCL,26.73,1691.0,1725.0,1672.0,1678.0,"1,678.00",0.0,0.0,"1,700.11","2,394.00","1,716.00","4,070,075.20",96,-38.0,53.0,-2.21,3.17,-1.32,"1,923.90","1,080.10",,
2025/02/12,40,CYCL,31.07,1656.0,1719.8,1656.0,1695.0,"1,695.00",0.0,0.0,"1,697.21","8,515.00","1,678.00","14,451,742.80",127,17.0,63.80,1.01,3.85,-0.13,"1,923.90","1,080.10",,
2025/02/13,41,CYCL,30.66,1600.0,1629.9,1596.4,1610.0,"1,610.00",0.0,0.0,"1,613.96",731.00,"1,606.00","1,179,804.00",27,4.0,33.5,0.25,2.1,-0.25,"2,040.00","1,487.00","1,679.86","1,675.59"
2025/02/16,41,CYCL,34.04,1715.0,1759.0,1700.0,1746.7,"1,746.70",0.0,0.0,"1,741.30","6,842.00","1,715.00","11,913,962.70",237,31.7,59.0,1.85,3.47,0.31,"1,923.90","1,080.10",,
2025/02/17,41,CYCL,40.76,1780.0,1861.5,1744.4,1840.0,"1,840.00",0.0,0.0,"1,816.50","23,847.00","1,746.70","43,318,017.50",546,93.3,117.1,5.34,6.71,1.28,"1,923.90","1,080.10",,
2025/02/18,40,CYCL,43.11,1840.0,1868.0,1820.0,1855.0,"1,855.00",0.0,0.0,"1,841.39","13,861.00","1,840.00","25,523,480.30",272,15.00,48.0,0.82,2.64,0.73,"1,923.90","1,080.10",,
2025/02/20,39,CYCL,46.01,1869.0,1958.0,1831.0,1939.0,"1,939.00",0.0,0.0,"1,921.36","27,273.00","1,855.00","52,401,349.50",538,84.0,127.0,4.53,6.94,0.91,"1,958.00","1,080.10",,
2025/02/23,45,CYCL,41.85,1900.3,1943.0,1863.0,1881.0,"1,881.00",0.0,0.0,"1,905.77","14,783.00","1,939.00","28,173,006.20",305,-58.00,80.00,-2.99,4.29,-1.32,"1,958.00","1,080.10",,
2025/01/02,41,CYCL,33.54,1600.0,1629.9,1550.0,1581.5,"1,581.50",0.0,0.0,"1,580.75","4,298.00","1,624.90","6,794,058.00",156,-43.4,79.90,-2.67,5.15,0.05,"1,923.90","1,007.10",,
2025/01/05,44,CYCL,27.26,1560.0,1610.0,1550.0,1578.0,"1,578.00",0.0,0.0,"1,563.90","4,262.00","1,581.50","6,665,357.40",154,-3.5,60.0,-0.22,3.87,0.89,"1,923.90","1,007.10",,
2025/01/06,40,CYCL,29.59,1570.0,1595.0,1559.1,1579.9,"1,579.90",0.0,0.0,"1,573.43","7,355.00","1,578.00","11,572,597.90",182,1.9,35.90,0.12,2.3,0.41,"1,923.90","1,007.10",,
2025/01/07,41,CYCL,25.31,1600.0,1600.0,1562.0,1585.0,"1,585.00",0.0,0.0,"1,574.79","5,743.00","1,579.90","9,044,001.40",118,5.1,38.0,0.32,2.43,0.64,"1,923.90","1,007.10",,
2025/01/08,39,CYCL,27.24,1616.7,1616.7,1570.1,1570.1,"1,570.10",0.0,0.0,"1,586.93","3,138.00","1,585.00","4,979,789.70",89,-14.9,46.60,-0.94,2.97,-1.07,"1,923.90","1,007.10",,
2025/01/09,39,CYCL,43.28,1560.1,1589.9,1545.1,1589.9,"1,589.90",0.0,0.0,"1,560.65","6,329.00","1,570.10","9,877,382.00",184,19.8,44.8,1.26,2.9,1.84,"1,923.90","1,029.00",,
2025/01/12,40,CYCL,37.3,1560.0,1599.8,1550.0,1581.9,"1,581.90",0.0,0.0,"1,562.75","2,278.00","1,589.90","3,559,950.40",68,-8.0,49.8,-0.5,3.21,1.21,"1,923.90","1,029.00",,
2025/01/13,41,CYCL,40.18,1551.0,1595.0,1530.0,1556.9,"1,556.90",0.0,0.0,"1,546.00","7,543.00","1,581.90","11,661,453.20",201,-25.0,65.00,-1.58,4.25,0.7,"1,923.90","1,029.00",,
2025/01/15,38,CYCL,39.61,1538.0,1575.0,1500.0,1548.0,"1,548.00",0.0,0.0,"1,527.83","6,943.00","1,556.90","10,607,708.70",247,-8.9,75.0,-0.57,5.0,1.3,"1,923.90","1,078.00",,
2025/01/16,39,CYCL,34.27,1517.1,1570.0,1490.0,1519.0,"1,519.00",0.0,0.0,"1,509.54","8,855.00","1,548.00","13,366,968.10",238,-29.00,80.00,-1.87,5.37,0.62,"1,923.90","1,078.00",,
2025/01/19,42,CYCL,26.2,1505.0,1544.0,1490.0,1518.0,"1,518.00",0.0,0.0,"1,516.09","5,433.00","1,519.00","8,236,899.70",156,-1.00,54.00,-0.07,3.62,0.13,"1,923.90","1,078.00",,
2025/01/20,39,CYCL,27.55,1498.0,1579.2,1490.0,1520.1,"1,520.10",0.0,0.0,"1,533.30","2,199.00","1,518.00","3,371,735.70",110,2.1,89.20,0.14,5.99,-0.87,"1,923.90","1,078.00",,
2025/01/21,43,CYCL,30.55,1501.0,1566.0,1501.0,1524.0,"1,524.00",0.0,0.0,"1,518.13","5,137.00","1,520.10","7,798,643.50",137,3.9,65.0,0.26,4.33,0.39,"1,923.90","1,078.00",,
2025/01/22,43,CYCL,34.95,1515.0,1559.9,1515.0,1543.1,"1,543.10",0.0,0.0,"1,540.00","4,412.00","1,524.00","6,794,492.00",183,19.1,44.9,1.25,2.96,0.2,"1,923.90","1,078.00",,
2025/01/23,41,CYCL,38.11,1515.0,1569.8,1505.0,1505.0,"1,505.00",0.0,0.0,"1,529.08","7,460.00","1,543.10","11,406,919.40",190,-38.10,64.80,-2.47,4.31,-1.6,"1,923.90","1,078.00",,
2025/01/26,42,CYCL,46.27,1500.0,1586.1,1500.0,1552.1,"1,552.10",0.0,0.0,"1,545.03","7,467.00","1,505.00","11,536,710.70",196,47.10,86.10,3.13,5.74,0.46,"1,923.90","1,078.00",,
2024/12/05,42,CYCL,30.13,1744.2,1744.2,1670.9,1693.0,"1,693.00",0.0,0.0,"1,702.03","6,583.00","1,710.00","11,204,479.00",148,-17.0,73.3,-0.99,4.39,-0.53,"1,923.90",882.00,,
2024/12/08,44,CYCL,26.18,1672.6,1701.0,1589.8,1677.9,"1,677.90",0.0,0.0,"1,649.57","5,363.00","1,693.00","8,846,631.60",201,-15.1,111.2,-0.89,6.99,1.69,"1,923.90",964.40,,
2024/12/09,42,CYCL,29.64,1647.0,1690.0,1593.0,1643.0,"1,643.00",0.0,0.0,"1,615.40","7,943.00","1,677.90","12,831,091.30",183,-34.9,97.0,-2.08,6.09,1.68,"1,923.90",964.40,,
2024/12/10,41,CYCL,25.3,1665.0,1665.0,1600.0,1650.0,"1,650.00",0.0,0.0,"1,622.52","3,714.00","1,643.00","6,026,030.00",131,7.0,65.0,0.43,4.06,1.67,"1,923.90",990.00,,
2024/12/11,39,CYCL,26.47,1617.0,1683.0,1586.0,1661.0,"1,661.00",0.0,0.0,"1,636.40","2,468.00","1,650.00","4,038,640.10",99,11.0,97.0,0.67,6.12,1.48,"1,923.90",990.00,,
2024/12/12,39,CYCL,35.22,1630.0,1727.8,1600.0,1658.0,"1,658.00",0.0,0.0,"1,625.26","6,565.00","1,661.00","10,669,862.80",150,-3.0,127.8,-0.18,7.99,1.97,"1,923.90",999.60,,
2024/12/16,41,CYCL,41.79,1634.9,1688.1,1558.2,1650.0,"1,650.00",0.0,0.0,"1,609.80","10,259.00","1,658.00","16,514,968.20",220,-8.0,129.9,-0.48,8.34,2.44,"1,923.90",999.60,,
2024/12/17,39,CYCL,33.25,1617.0,1630.0,1585.0,1626.0,"1,626.00",0.0,0.0,"1,615.93","3,032.00","1,650.00","4,899,497.10",119,-24.0,45.0,-1.45,2.84,0.62,"1,923.90",999.60,,
2024/12/18,40,CYCL,33.91,1596.5,1657.0,1577.0,1595.0,"1,595.00",0.0,0.0,"1,606.04","4,796.00","1,626.00","7,702,558.80",165,-31.0,80.0,-1.91,5.07,-0.69,"1,923.90","1,004.50",,
2024/12/19,37,CYCL,31.79,1584.6,1610.0,1560.0,1591.0,"1,591.00",0.0,0.0,"1,581.17","5,089.00","1,595.00","8,046,571.40",177,-4.0,50.0,-0.25,3.21,0.62,"1,923.90","1,007.10",,
2024/12/22,39,CYCL,31.23,1622.0,1622.0,1540.5,1567.9,"1,567.90",0.0,0.0,"1,559.50","5,214.00","1,591.00","8,131,239.70",139,-23.1,81.5,-1.45,5.29,0.54,"1,923.90","1,007.10",,
2024/12/23,43,CYCL,31.79,1567.9,1590.0,1541.2,1590.0,"1,590.00",0.0,0.0,"1,560.26","4,635.00","1,567.90","7,231,827.80",163,22.10,48.80,1.41,3.17,1.87,"1,923.90","1,007.10",,
2024/12/24,41,CYCL,37.54,1562.1,1636.0,1562.1,1620.0,"1,620.00",0.0,0.0,"1,606.79","4,935.00","1,590.00","7,929,528.70",205,30.00,73.90,1.89,4.73,0.82,"1,923.90","1,007.10",,
2024/12/26,41,CYCL,39.55,1588.0,1650.0,1588.0,1617.0,"1,617.00",0.0,0.0,"1,605.34","3,236.00","1,620.00","5,194,891.80",131,-3.0,62.0,-0.19,3.9,0.72,"1,923.90","1,007.10",,
2024/12/29,41,CYCL,45.28,1584.7,1710.5,1577.0,1650.0,"1,650.00",0.0,0.0,"1,634.62","10,414.00","1,617.00","17,022,953.70",328,33.0,133.5,2.04,8.47,0.93,"1,923.90","1,007.10",,
2024/12/31,41,CYCL,48.8,1617.0,1670.0,1550.0,1670.0,"1,670.00",0.0,0.0,"1,579.37","15,080.00","1,650.00","23,816,874.80",202,20.00,120.00,1.21,7.74,5.43,"1,923.90","1,007.10",,
2024/11/11,39,CYCL,-,1581.1,1738.0,1555.1,1736.9,"1,736.90",0.0,0.0,"1,698.15","41,703.00","1,580.00","70,817,976.50",715,156.9,182.9,9.93,11.76,2.23,"1,823.00",882.00,,
2024/11/12,41,CYCL,-,1702.2,1880.0,1702.2,1790.0,"1,790.00",0.0,0.0,"1,816.75","19,835.00","1,736.90","36,035,319.00",451,53.1,177.8,3.06,10.45,-1.49,"1,880.00",882.00,,
2024/11/13,39,CYCL,46.45,1754.2,1887.0,1721.9,1887.0,"1,887.00",0.0,0.0,"1,762.55","8,742.00","1,790.00","15,408,209.70",253,97.0,165.1,5.42,9.59,6.6,"1,887.00",882.00,,
2024/11/14,40,CYCL,49.4,1849.3,1923.9,1712.0,1870.0,"1,870.00",0.0,0.0,"1,826.85","21,313.00","1,887.00","38,935,599.20",424,-17.0,211.90,-0.9,12.38,2.31,"1,923.90",882.00,,
2024/11/17,42,CYCL,50.18,1870.0,1870.0,1725.0,1820.0,"1,820.00",0.0,0.0,"1,815.14","13,440.00","1,870.00","24,395,470.70",325,-50.0,145.00,-2.67,8.41,0.27,"1,923.90",882.00,,
2024/11/19,39,CYCL,38.2,1856.4,1893.0,1671.0,1774.0,"1,774.00",0.0,0.0,"1,742.54","24,087.00","1,820.00","41,972,679.90",457,-46.0,222.0,-2.53,13.29,1.77,"1,923.90",882.00,,
2024/11/20,42,CYCL,30.44,1740.0,1800.0,1706.0,1742.1,"1,742.10",0.0,0.0,"1,732.23","7,560.00","1,774.00","13,095,629.80",202,-31.9,94.0,-1.8,5.51,0.57,"1,923.90",882.00,,
2024/11/21,41,CYCL,35.8,1770.0,1796.0,1666.0,1790.0,"1,790.00",0.0,0.0,"1,741.81","20,651.00","1,742.10","35,970,022.70",473,47.9,130.0,2.75,7.8,2.69,"1,923.90",882.00,,
2024/11/24,42,CYCL,32.95,1760.0,1785.0,1690.0,1740.0,"1,740.00",0.0,0.0,"1,733.65","10,605.00","1,790.00","18,385,329.40",272,-50.0,95.0,-2.79,5.62,0.37,"1,923.90",882.00,,
2024/11/25,41,CYCL,30.57,1705.2,1774.0,1686.1,1703.9,"1,703.90",0.0,0.0,"1,702.23","5,463.00","1,740.00","9,299,264.90",185,-36.1,87.90,-2.07,5.21,0.1,"1,923.90",882.00,,
2024/11/26,41,CYCL,28.21,1736.9,1771.0,1675.0,1714.1,"1,714.10",0.0,0.0,"1,708.23","7,084.00","1,703.90","12,101,108.30",227,10.2,96.0,0.6,5.73,0.34,"1,923.90",882.00,,
2024/11/27,40,CYCL,32.68,1700.0,1752.0,1690.0,1724.0,"1,724.00",0.0,0.0,"1,716.96","10,143.00","1,714.10","17,415,086.90",254,9.9,62.0,0.58,3.67,0.41,"1,923.90",882.00,,
2024/11/28,40,CYCL,28.54,1702.0,1750.0,1700.0,1710.1,"1,710.10",0.0,0.0,"1,718.39","10,586.00","1,724.00","18,190,907.10",263,-13.9,50.0,-0.81,2.94,-0.48,"1,923.90",882.00,,
2024/12/01,39,CYCL,27.46,1676.0,1730.0,1676.0,1713.0,"1,713.00",0.0,0.0,"1,695.89","6,393.00","1,710.10","10,841,841.90",196,2.9,54.0,0.17,3.22,1.0,"1,923.90",882.00,,
2024/12/02,43,CYCL,31.46,1747.0,1780.0,1667.0,1699.9,"1,699.90",0.0,0.0,"1,690.19","8,353.00","1,713.00","14,118,129.90",248,-13.1,113.0,-0.76,6.78,0.57,"1,923.90",882.00,,
2024/12/03,40,CYCL,31.06,1674.1,1732.0,1664.0,1704.0,"1,704.00",0.0,0.0,"1,681.58","6,653.00","1,699.90","11,187,554.20",160,4.1,68.0,0.24,4.09,1.32,"1,923.90",882.00,,
2024/10/08,41,CYCL,30.66,1600.0,1629.9,1596.4,1610.0,"1,610.00",0.0,0.0,"1,613.96",731.00,"1,606.00","1,179,804.00",27,4.0,33.5,0.25,2.1,-0.25,"2,040.00","1,487.00","1,679.86","1,675.59"
2024/10/09,38,CYCL,-,1509.0,1565.0,1509.0,1536.0,"1,536.00",0.0,0.0,"1,530.61","4,615.00","1,537.90","7,063,750.40",98,-1.90,56.00,-0.12,3.71,0.35,"1,823.00",882.00,,
2024/10/15,39,CYCL,-,1561.3,1561.3,1510.0,1540.9,"1,540.90",0.0,0.0,"1,536.00","3,531.00","1,536.00","5,423,600.50",71,4.90,51.30,0.32,3.4,0.32,"1,823.00",882.00,,
2024/10/16,40,CYCL,-,1515.0,1560.0,1515.0,1559.8,"1,559.80",0.0,0.0,"1,549.25","3,649.00","1,540.90","5,653,228.90",99,18.9,45.00,1.23,2.97,0.68,"1,823.00",882.00,,
2024/10/17,41,CYCL,-,1529.0,1604.8,1529.0,1589.0,"1,589.00",0.0,0.0,"1,590.35","11,522.00","1,559.80","18,323,975.10",276,29.2,75.8,1.87,4.96,-0.08,"1,823.00",882.00,,
2024/10/20,40,CYCL,-,1589.0,1595.0,1533.8,1560.0,"1,560.00",0.0,0.0,"1,571.35","5,691.00","1,589.00","8,942,543.70",148,-29.0,61.20,-1.83,3.99,-0.73,"1,823.00",882.00,,
2024/10/21,41,CYCL,-,1529.0,1610.0,1529.0,1543.0,"1,543.00",0.0,0.0,"1,538.65","4,068.00","1,560.00","6,259,215.00",92,-17.0,81.00,-1.09,5.3,0.28,"1,823.00",882.00,,
2024/10/22,44,CYCL,-,1550.0,1560.0,1525.0,1547.0,"1,547.00",0.0,0.0,"1,536.55","2,932.00","1,543.00","4,505,155.10",65,4.00,35.00,0.26,2.3,0.68,"1,823.00",882.00,,
2024/10/23,41,CYCL,-,1577.0,1577.0,1535.0,1537.9,"1,537.90",0.0,0.0,"1,547.55","3,984.00","1,547.00","6,165,452.80",107,-9.1,42.00,-0.59,2.74,-0.63,"1,823.00",882.00,,
2024/10/24,40,CYCL,-,1566.0,1566.0,1515.2,1520.0,"1,520.00",0.0,0.0,"1,527.51","2,719.00","1,537.90","4,153,290.60",74,-17.9,50.80,-1.16,3.35,-0.49,"1,823.00",882.00,,
2024/10/27,41,CYCL,-,1549.0,1549.0,1501.3,1503.1,"1,503.10",0.0,0.0,"1,513.28","5,375.00","1,520.00","8,133,858.90",116,-16.9,47.7,-1.11,3.18,-0.68,"1,823.00",882.00,,
2024/10/28,39,CYCL,-,1503.0,1590.0,1499.9,1519.0,"1,519.00",0.0,0.0,"1,520.41","1,614.00","1,503.10","2,453,938.80",56,15.9,90.1,1.06,6.01,-0.09,"1,823.00",882.00,,
2024/10/29,39,CYCL,-,1549.0,1579.0,1503.0,1564.0,"1,564.00",0.0,0.0,"1,544.19","1,960.00","1,519.00","3,026,602.90",78,45.0,76.0,2.96,5.06,1.27,"1,823.00",882.00,,
2024/10/30,40,CYCL,-,1550.0,1580.0,1530.3,1536.1,"1,536.10",0.0,0.0,"1,545.56","1,756.00","1,564.00","2,713,999.40",54,-27.9,49.7,-1.78,3.25,-0.62,"1,823.00",882.00,,
2024/11/05,41,CYCL,-,1536.0,1565.0,1530.0,1530.0,"1,530.00",0.0,0.0,"1,539.77","2,547.00","1,536.10","3,921,806.70",55,-6.1,35.0,-0.4,2.29,-0.64,"1,823.00",882.00,,
2024/11/06,43,CYCL,-,1510.1,1589.9,1510.0,1544.0,"1,544.00",0.0,0.0,"1,539.90","2,398.00","1,530.00","3,692,677.90",90,14.0,79.9,0.92,5.29,0.27,"1,823.00",882.00,,
2024/09/10,42,CYCL,55.43,1542.0,1565.0,1500.0,1505.0,"1,505.00",0.0,0.0,"1,526.64","3,571.00","1,540.00","5,451,621.40",143,-35.0,65.00,-2.27,4.33,-1.44,"1,823.00",882.00,,
2024/09/11,44,CYCL,51.67,1505.0,1600.0,1500.0,1545.0,"1,545.00",0.0,0.0,"1,572.45","18,354.00","1,505.00","28,860,753.80",340,40.0,100.00,2.66,6.67,-1.78,"1,823.00",882.00,,
2024/09/12,41,CYCL,51.21,1514.1,1585.0,1514.1,1579.0,"1,579.00",0.0,0.0,"1,566.97","6,633.00","1,545.00","10,393,715.90",199,34.00,70.90,2.2,4.68,0.76,"1,823.00",882.00,,
2024/09/15,43,CYCL,45.5,1610.0,1610.0,1514.0,1514.0,"1,514.00",0.0,0.0,"1,558.99","10,852.00","1,579.00","16,918,112.40",176,-65.00,96.0,-4.12,6.34,-2.97,"1,823.00",882.00,,
2024/09/16,41,CYCL,43.76,1514.0,1530.0,1465.2,1492.0,"1,492.00",0.0,0.0,"1,492.17","5,186.00","1,514.00","7,738,413.60",155,-22.0,64.80,-1.45,4.42,-0.01,"1,823.00",882.00,,
2024/09/18,43,CYCL,34.83,1470.0,1566.3,1465.0,1490.0,"1,490.00",0.0,0.0,"1,486.19","4,152.00","1,492.00","6,170,679.50",130,-2.0,101.3,-0.13,6.91,0.26,"1,823.00",882.00,,
2024/09/22,42,CYCL,34.96,1519.0,1543.3,1486.0,1491.2,"1,491.20",0.0,0.0,"1,504.28","3,354.00","1,490.00","5,045,367.50",102,1.2,57.3,0.08,3.86,-0.88,"1,823.00",882.00,,
2024/09/23,42,CYCL,38.06,1462.0,1586.0,1462.0,1489.1,"1,489.10",0.0,0.0,"1,480.39","5,908.00","1,491.20","8,746,131.00",137,-2.1,124.00,-0.14,8.48,0.59,"1,823.00",882.00,,
2024/09/24,40,CYCL,53.02,1460.0,1549.0,1460.0,1549.0,"1,549.00",0.0,0.0,"1,497.58","8,472.00","1,489.10","12,687,457.70",186,59.9,89.00,4.02,6.1,3.32,"1,823.00",882.00,,
2024/09/25,41,CYCL,51.94,1518.1,1545.0,1488.1,1540.0,"1,540.00",0.0,0.0,"1,521.67","4,111.00","1,549.00","6,255,565.80",171,-9.0,56.9,-0.58,3.82,1.19,"1,823.00",882.00,,
2024/09/26,42,CYCL,52.25,1510.0,1600.0,1492.1,1545.0,"1,545.00",0.0,0.0,"1,524.60","5,756.00","1,540.00","8,775,612.50",157,5.0,107.9,0.32,7.23,1.32,"1,823.00",882.00,,
2024/09/29,42,CYCL,50.67,1545.0,1570.0,1502.0,1535.0,"1,535.00",0.0,0.0,"1,523.33","3,861.00","1,545.00","5,881,593.60",131,-10.0,68.00,-0.65,4.53,0.76,"1,823.00",882.00,,
2024/09/30,40,CYCL,33.17,1504.3,1540.0,1490.0,1540.0,"1,540.00",0.0,0.0,"1,512.63","1,883.00","1,535.00","2,848,275.50",76,5.0,50.0,0.33,3.36,1.78,"1,823.00",882.00,,
2024/10/01,41,CYCL,47.35,1509.2,1590.0,1487.0,1551.9,"1,551.90",0.0,0.0,"1,545.62","7,296.00","1,540.00","11,276,872.50",174,11.9,103.00,0.77,6.93,0.4,"1,823.00",882.00,,
2024/10/02,40,CYCL,50.27,1520.9,1586.0,1495.0,1560.0,"1,560.00",0.0,0.0,"1,524.10","12,283.00","1,551.90","18,720,573.40",220,8.10,91.0,0.52,6.09,2.3,"1,823.00",882.00,,
2024/10/06,43,CYCL,-,1530.0,1559.9,1510.0,1535.6,"1,535.60",0.0,0.0,"1,529.61","5,496.00","1,560.00","8,406,711.70",130,-24.40,49.90,-1.56,3.3,0.39,"1,823.00",882.00,,
2024/08/13,43,CYCL,54.84,1610.0,1614.0,1560.1,1570.0,"1,570.00",0.0,0.0,"1,581.03","6,733.00","1,608.00","10,645,077.30",188,-38.00,53.9,-2.36,3.45,-0.7,"1,823.00",882.00,,
2024/08/14,44,CYCL,59.36,1551.0,1582.0,1540.0,1549.0,"1,549.00",0.0,0.0,"1,549.01","3,813.00","1,570.00","5,906,370.00",167,-21.0,42.0,-1.34,2.73,0.0,"1,823.00",882.00,,
2024/08/15,46,CYCL,52.47,1549.0,1611.4,1490.6,1525.0,"1,525.00",0.0,0.0,"1,524.70","14,532.00","1,549.00","22,156,998.40",364,-24.00,120.80,-1.55,8.1,0.02,"1,823.00",882.00,,
2024/08/18,42,CYCL,51.65,1500.0,1586.0,1500.0,1542.0,"1,542.00",0.0,0.0,"1,545.23","11,872.00","1,525.00","18,344,993.60",287,17.00,86.00,1.11,5.73,-0.21,"1,823.00",882.00,,
2024/08/21,43,CYCL,46.04,1530.0,1535.0,1516.0,1535.0,"1,535.00",0.0,0.0,"1,526.61","3,891.00","1,542.00","5,940,032.00",152,-7.00,19.00,-0.45,1.25,0.55,"1,823.00",882.00,,
2024/08/22,44,CYCL,52.25,1535.0,1540.0,1491.0,1500.0,"1,500.00",0.0,0.0,"1,506.55","9,499.00","1,535.00","14,310,691.50",265,-35.0,49.00,-2.28,3.29,-0.44,"1,823.00",882.00,,
2024/08/25,42,CYCL,67.76,1527.0,1625.0,1480.2,1545.5,"1,545.50",0.0,0.0,"1,566.46","25,601.00","1,500.00","40,102,857.30",438,45.5,144.80,3.03,9.78,-1.36,"1,823.00",882.00,,
2024/08/27,42,CYCL,53.83,1576.0,1576.0,1494.0,1516.0,"1,516.00",0.0,0.0,"1,520.77","14,291.00","1,545.50","21,733,367.80",267,-29.5,82.00,-1.91,5.49,-0.31,"1,823.00",882.00,,
2024/08/28,41,CYCL,56.47,1530.0,1558.9,1486.0,1529.8,"1,529.80",0.0,0.0,"1,499.46","9,068.00","1,516.00","13,597,132.90",169,13.8,72.90,0.91,4.91,1.98,"1,823.00",882.00,,
2024/08/29,41,CYCL,54.69,1500.0,1519.0,1488.1,1495.0,"1,495.00",0.0,0.0,"1,497.56","3,685.00","1,529.80","5,518,515.90",125,-34.8,30.9,-2.27,2.08,-0.17,"1,823.00",882.00,,
2024/09/01,45,CYCL,41.29,1495.0,1550.0,1464.1,1475.0,"1,475.00",0.0,0.0,"1,479.52","5,804.00","1,495.00","8,587,120.30",163,-20.0,85.9,-1.34,5.87,-0.31,"1,823.00",882.00,,
2024/09/02,44,CYCL,51.65,1475.0,1505.0,1460.0,1500.0,"1,500.00",0.0,0.0,"1,487.80","3,360.00","1,475.00","4,999,015.80",139,25.0,45.00,1.69,3.08,0.81,"1,823.00",882.00,,
2024/09/03,44,CYCL,47.33,1470.0,1559.0,1470.0,1470.0,"1,470.00",0.0,0.0,"1,490.72","10,627.00","1,500.00","15,841,842.90",167,-30.0,89.0,-2.0,6.05,-1.41,"1,823.00",882.00,,
2024/09/04,42,CYCL,53.13,1448.0,1539.9,1448.0,1485.1,"1,485.10",0.0,0.0,"1,520.13","15,449.00","1,470.00","23,484,473.50",288,15.1,91.90,1.03,6.35,-2.36,"1,823.00",882.00,,
2024/09/05,40,CYCL,61.5,1455.4,1586.0,1455.4,1555.0,"1,555.00",0.0,0.0,"1,535.23","18,236.00","1,485.10","27,996,434.70",355,69.9,130.6,4.71,8.97,1.27,"1,823.00",882.00,,
2024/09/08,42,CYCL,61.73,1530.0,1660.0,1530.0,1584.0,"1,584.00",0.0,0.0,"1,613.42","20,346.00","1,555.00","32,826,711.60",524,29.00,130.00,1.86,8.5,-1.86,"1,823.00",882.00,,
2024/07/18,41,CYCL,57.42,1600.0,1660.0,1590.0,1593.0,"1,593.00",0.0,0.0,"1,622.30","12,962.00","1,600.00","21,028,246.20",261,-7.00,70.00,-0.44,4.4,-1.84,"1,823.00",882.00,,
2024/07/21,41,CYCL,59.11,1600.0,1614.0,1570.2,1580.0,"1,580.00",0.0,0.0,"1,592.27","6,008.00","1,593.00","9,566,367.90",200,-13.0,43.80,-0.82,2.79,-0.78,"1,823.00",882.00,,
2024/07/22,39,CYCL,49.23,1607.9,1607.9,1575.8,1581.0,"1,581.00",0.0,0.0,"1,587.66","4,440.00","1,580.00","7,049,205.90",119,1.00,32.10,0.06,2.04,-0.42,"1,823.00",882.00,,
2024/07/23,42,CYCL,59.98,1609.7,1630.0,1560.0,1615.0,"1,615.00",0.0,0.0,"1,611.88","8,406.00","1,581.00","13,549,491.90",252,34.00,70.00,2.15,4.49,0.19,"1,823.00",882.00,,
2024/07/24,41,CYCL,54.07,1614.0,1638.7,1575.0,1590.0,"1,590.00",0.0,0.0,"1,596.97","8,039.00","1,615.00","12,838,022.00",188,-25.00,63.70,-1.55,4.04,-0.44,"1,823.00",882.00,,
2024/07/25,42,CYCL,66.58,1621.6,1679.0,1589.2,1679.0,"1,679.00",0.0,0.0,"1,650.83","29,541.00","1,590.00","48,767,139.50",481,89.00,89.80,5.6,5.65,1.68,"1,823.00",882.00,,
2024/07/28,42,CYCL,61.82,1712.0,1744.0,1600.0,1629.0,"1,629.00",0.0,0.0,"1,627.65","8,014.00","1,679.00","13,044,021.00",195,-50.00,144.00,-2.98,9.0,0.08,"1,823.00",882.00,,
2024/07/29,42,CYCL,52.67,1600.0,1611.0,1555.0,1563.0,"1,563.00",0.0,0.0,"1,574.21","12,065.00","1,629.00","18,992,824.30",301,-66.00,56.00,-4.05,3.6,-0.72,"1,823.00",882.00,,
2024/07/30,44,CYCL,56.27,1574.0,1579.0,1530.0,1570.0,"1,570.00",0.0,0.0,"1,551.82","12,951.00","1,563.00","20,097,588.50",203,7.00,49.00,0.45,3.2,1.16,"1,823.00",882.00,,
2024/07/31,43,CYCL,52.2,1580.0,1592.0,1551.0,1570.1,"1,570.10",0.0,0.0,"1,579.80","11,300.00","1,570.00","17,851,773.60",282,0.10,41.00,0.01,2.64,-0.62,"1,823.00",882.00,,
2024/08/01,44,CYCL,51.23,1588.0,1599.0,1528.8,1544.0,"1,544.00",0.0,0.0,"1,568.92","11,938.00","1,570.10","18,729,819.80",245,-26.1,70.20,-1.66,4.59,-1.61,"1,823.00",882.00,,
2024/08/05,44,CYCL,47.52,1544.0,1606.2,1532.0,1550.0,"1,550.00",0.0,0.0,"1,549.00","6,921.00","1,544.00","10,720,638.60",229,6.00,74.20,0.39,4.84,0.06,"1,823.00",882.00,,
2024/08/06,41,CYCL,53.02,1531.0,1638.1,1500.0,1540.0,"1,540.00",0.0,0.0,"1,548.88","10,824.00","1,550.00","16,765,114.50",303,-10.00,138.10,-0.65,9.21,-0.58,"1,823.00",882.00,,
2024/08/07,42,CYCL,60.76,1560.0,1564.0,1510.0,1564.0,"1,564.00",0.0,0.0,"1,545.80","4,252.00","1,540.00","6,572,756.70",202,24.00,54.00,1.56,3.58,1.16,"1,823.00",882.00,,
2024/08/08,43,CYCL,63.29,1593.9,1655.0,1533.5,1553.0,"1,553.00",0.0,0.0,"1,551.82","8,909.00","1,564.00","13,825,145.90",238,-11.00,121.50,-0.7,7.92,0.08,"1,823.00",882.00,,
2024/08/11,42,CYCL,71.56,1575.0,1600.0,1560.0,1590.0,"1,590.00",0.0,0.0,"1,579.05","18,625.00","1,553.00","29,409,876.10",404,37.00,40.00,2.38,2.56,0.69,"1,823.00",882.00,,
2024/06/25,40,CYCL,53.79,1485.0,1508.9,1468.2,1504.0,"1,504.00",0.0,0.0,"1,494.95","4,062.00","1,483.20","6,072,490.40",107,20.8,40.7,1.4,2.77,0.6,"1,823.00",882.00,,
2024/06/26,38,CYCL,57.37,1491.0,1510.0,1491.0,1500.0,"1,500.00",0.0,0.0,"1,495.63","8,591.00","1,504.00","12,848,990.70",125,-4.0,19.0,-0.27,1.27,0.29,"1,823.00",882.00,,
2024/06/27,44,CYCL,48.65,1471.1,1495.0,1470.0,1475.1,"1,475.10",0.0,0.0,"1,474.89","12,341.00","1,500.00","18,201,668.70",151,-24.90,25.00,-1.66,1.7,0.01,"1,823.00",882.00,,
2024/06/30,40,CYCL,37.72,1490.0,1499.0,1452.0,1472.9,"1,472.90",0.0,0.0,"1,464.42","6,661.00","1,475.10","9,754,510.20",109,-2.2,47.00,-0.15,3.24,0.58,"1,823.00",882.00,,
2024/07/01,39,CYCL,38.75,1472.9,1477.0,1448.0,1469.9,"1,469.90",0.0,0.0,"1,461.00","4,907.00","1,472.90","7,169,134.50",100,-3.00,29.0,-0.2,2.0,0.61,"1,823.00",882.00,,
2024/07/02,39,CYCL,39.89,1499.0,1549.0,1470.0,1484.0,"1,484.00",0.0,0.0,"1,484.41","3,580.00","1,469.90","5,314,189.00",112,14.10,79.0,0.96,5.37,-0.03,"1,823.00",882.00,,
2024/07/03,40,CYCL,53.22,1456.0,1490.0,1456.0,1481.9,"1,481.90",0.0,0.0,"1,472.88","2,342.00","1,484.00","3,449,486.50",75,-2.1,34.0,-0.14,2.34,0.61,"1,823.00",882.00,,
2024/07/04,41,CYCL,59.75,1453.0,1530.0,1453.0,1525.0,"1,525.00",0.0,0.0,"1,512.67","11,337.00","1,481.90","17,149,191.00",248,43.1,77.0,2.91,5.3,0.81,"1,823.00",882.00,,
2024/07/07,41,CYCL,30.66,1600.0,1629.9,1596.4,1610.0,"1,610.00",0.0,0.0,"1,613.96",731.00,"1,606.00","1,179,804.00",27,4.0,33.5,0.25,2.1,-0.25,"2,040.00","1,487.00","1,679.86","1,675.59"
2024/07/08,42,CYCL,61.69,1528.6,1609.0,1528.6,1601.0,"1,601.00",0.0,0.0,"1,586.89","12,423.00","1,559.70","19,713,959.80",321,41.3,80.4,2.65,5.26,0.88,"1,823.00",882.00,,
2024/07/09,40,CYCL,66.38,1569.0,1696.0,1569.0,1669.1,"1,669.10",0.0,0.0,"1,648.50","12,380.00","1,601.00","20,408,411.70",337,68.1,127.0,4.25,8.09,1.23,"1,823.00",882.00,,
2024/07/10,41,CYCL,62.91,1635.8,1700.0,1630.0,1630.0,"1,630.00",0.0,0.0,"1,654.88","9,195.00","1,669.10","15,216,661.90",208,-39.1,70.0,-2.34,4.29,-1.53,"1,823.00",882.00,,
2024/07/11,45,CYCL,68.46,1597.4,1727.0,1575.1,1585.0,"1,585.00",0.0,0.0,"1,604.44","16,305.00","1,630.00","26,160,351.20",250,-45.0,151.90,-2.76,9.64,-1.23,"1,823.00",882.00,,
2024/07/14,40,CYCL,48.18,1616.7,1649.0,1561.1,1581.1,"1,581.10",0.0,0.0,"1,592.90","5,268.00","1,585.00","8,391,392.20",154,-3.9,87.90,-0.25,5.63,-0.75,"1,823.00",882.00,,
2024/07/15,43,CYCL,45.97,1612.0,1644.0,1530.0,1549.9,"1,549.90",0.0,0.0,"1,567.95","9,245.00","1,581.10","14,495,717.10",193,-31.20,114.00,-1.97,7.45,-1.16,"1,823.00",882.00,,
2024/07/16,40,CYCL,48.45,1580.0,1600.0,1553.0,1590.0,"1,590.00",0.0,0.0,"1,573.64","5,695.00","1,549.90","8,961,895.90",136,40.1,47.00,2.59,3.03,1.03,"1,823.00",882.00,,
2024/05/30,41,CYCL,39.43,1430.5,1459.1,1422.1,1427.9,"1,427.90",0.0,0.0,"1,437.89","5,289.00","1,453.00","7,604,981.00",151,-25.10,37.00,-1.73,2.6,-0.7,"1,823.00",882.00,,
2024/06/02,43,CYCL,38.83,1420.0,1447.7,1420.0,1432.0,"1,432.00",0.0,0.0,"1,432.82","3,671.00","1,427.90","5,259,883.90",121,4.10,27.70,0.29,1.95,-0.06,"1,823.00",882.00,,
2024/06/03,41,CYCL,54.46,1460.0,1487.0,1432.0,1480.0,"1,480.00",0.0,0.0,"1,460.48","6,145.00","1,432.00","8,974,637.50",158,48.00,55.00,3.35,3.84,1.32,"1,823.00",882.00,,
2024/06/04,41,CYCL,58.64,1496.0,1518.0,1476.0,1499.0,"1,499.00",0.0,0.0,"1,501.71","7,324.00","1,480.00","10,998,503.30",200,19.00,42.00,1.28,2.85,-0.18,"1,823.00",882.00,,
2024/06/05,40,CYCL,60.21,1479.0,1590.0,1478.0,1570.0,"1,570.00",0.0,0.0,"1,557.11","31,836.00","1,499.00","49,572,262.60",546,71.00,112.00,4.74,7.58,0.82,"1,823.00",882.00,,
2024/06/06,41,CYCL,59.68,1538.6,1620.0,1538.6,1578.0,"1,578.00",0.0,0.0,"1,599.64","16,720.00","1,570.00","26,745,930.30",415,8.0,81.40,0.51,5.29,-1.37,"1,823.00",882.00,,
2024/06/09,41,CYCL,58.75,1560.1,1584.0,1530.0,1544.0,"1,544.00",0.0,0.0,"1,553.70","8,970.00","1,578.00","13,936,733.10",166,-34.0,54.00,-2.15,3.53,-0.63,"1,823.00",882.00,,
2024/06/10,41,CYCL,56.6,1517.0,1570.0,1517.0,1546.0,"1,546.00",0.0,0.0,"1,536.65","4,003.00","1,544.00","6,151,204.00",128,2.0,53.00,0.13,3.49,0.6,"1,823.00",882.00,,
2024/06/11,39,CYCL,51.68,1574.0,1574.0,1530.0,1550.0,"1,550.00",0.0,0.0,"1,546.05","5,668.00","1,546.00","8,763,011.10",122,4.0,44.00,0.26,2.88,0.25,"1,823.00",882.00,,
2024/06/12,40,CYCL,40.39,1519.0,1573.0,1519.0,1560.0,"1,560.00",0.0,0.0,"1,556.43","5,181.00","1,550.00","8,063,866.70",109,10.0,54.0,0.65,3.55,0.23,"1,823.00",882.00,,
2024/06/13,39,CYCL,56.28,1530.0,1585.0,1520.0,1550.0,"1,550.00",0.0,0.0,"1,540.27","4,318.00","1,560.00","6,650,893.70",99,-10.0,65.0,-0.64,4.28,0.63,"1,823.00",882.00,,
2024/06/16,41,CYCL,41.51,1549.4,1549.4,1489.6,1518.0,"1,518.00",0.0,0.0,"1,506.46","6,755.00","1,550.00","10,176,156.10",136,-32.0,59.8,-2.06,4.01,0.76,"1,823.00",882.00,,
2024/06/18,41,CYCL,41.51,1490.0,1510.0,1487.8,1490.1,"1,490.10",0.0,0.0,"1,494.84","3,330.00","1,518.00","4,977,812.40",93,-27.9,22.20,-1.84,1.49,-0.32,"1,823.00",882.00,,
2024/06/19,40,CYCL,45.52,1475.0,1581.0,1472.0,1486.0,"1,486.00",0.0,0.0,"1,490.67","7,860.00","1,490.10","11,716,694.00",178,-4.1,109.0,-0.28,7.4,-0.31,"1,823.00",882.00,,
2024/06/20,38,CYCL,44.62,1461.0,1500.0,1461.0,1471.0,"1,471.00",0.0,0.0,"1,478.84","8,621.00","1,486.00","12,749,054.30",148,-15.0,39.00,-1.01,2.67,-0.53,"1,823.00",882.00,,
2024/06/23,41,CYCL,40.95,1463.0,1499.9,1450.0,1469.5,"1,469.50",0.0,0.0,"1,466.21","4,171.00","1,471.00","6,115,557.20",130,-1.5,49.9,-0.1,3.44,0.22,"1,823.00",882.00,,
2024/05/05,43,CYCL,43.78,1581.0,1581.0,1493.1,1520.0,"1,520.00",0.0,0.0,"1,534.76","11,144.00","1,550.00","17,103,416.40",361,-30.0,87.9,-1.94,5.89,-0.97,"1,823.00",882.00,,
2024/05/06,41,CYCL,46.36,1489.6,1612.0,1427.0,1598.0,"1,598.00",0.0,0.0,"1,481.03","14,543.00","1,520.00","21,538,653.90",285,78.00,185.00,5.13,12.96,7.32,"1,823.00",882.00,,
2024/05/07,41,CYCL,45.98,1566.1,1661.5,1475.0,1503.0,"1,503.00",0.0,0.0,"1,515.69","23,315.00","1,598.00","35,338,284.50",441,-95.00,186.5,-5.94,12.64,-0.84,"1,823.00",882.00,,
2024/05/08,42,CYCL,42.13,1500.3,1596.0,1500.3,1580.0,"1,580.00",0.0,0.0,"1,550.51","7,620.00","1,503.00","11,814,912.00",285,77.0,95.7,5.12,6.38,1.87,"1,823.00",882.00,,
2024/05/09,38,CYCL,49.68,1548.4,1620.0,1470.0,1584.0,"1,584.00",0.0,0.0,"1,535.00","11,405.00","1,580.00","17,506,699.50",273,4.0,150.00,0.25,10.2,3.09,"1,823.00",882.00,,
2024/05/12,42,CYCL,48.21,1552.4,1647.0,1471.0,1646.0,"1,646.00",0.0,0.0,"1,519.28","16,792.00","1,584.00","25,511,715.20",343,62.00,176.0,3.91,11.96,7.7,"1,823.00",882.00,,
2024/05/13,40,CYCL,51.96,1613.1,1613.1,1500.0,1553.0,"1,553.00",0.0,0.0,"1,527.98","9,535.00","1,646.00","14,569,307.30",295,-93.0,113.1,-5.65,7.54,1.61,"1,823.00",882.00,,
2024/05/14,44,CYCL,52.43,1530.0,1588.9,1515.0,1578.0,"1,578.00",0.0,0.0,"1,567.37","12,976.00","1,553.00","20,338,161.10",340,25.0,73.9,1.61,4.88,0.67,"1,823.00",882.00,,
2024/05/15,43,CYCL,43.6,1546.5,1600.0,1517.0,1525.0,"1,525.00",0.0,0.0,"1,538.62","9,069.00","1,578.00","13,953,752.00",236,-53.0,83.0,-3.36,5.47,-0.89,"1,823.00",882.00,,
2024/05/16,43,CYCL,50.7,1495.0,1620.0,1495.0,1597.0,"1,597.00",0.0,0.0,"1,584.05","31,619.00","1,525.00","50,086,066.90",570,72.0,125.0,4.72,8.36,0.81,"1,823.00",882.00,,
2024/05/19,43,CYCL,59.56,1597.0,1726.0,1567.0,1604.1,"1,604.10",0.0,0.0,"1,599.31","13,389.00","1,597.00","21,413,112.80",315,7.1,159.0,0.44,10.15,0.3,"1,823.00",882.00,,
2024/05/20,42,CYCL,60.83,1572.1,1631.0,1540.0,1597.0,"1,597.00",0.0,0.0,"1,575.91","14,686.00","1,604.10","23,143,765.50",398,-7.1,91.0,-0.44,5.91,1.32,"1,823.00",882.00,,
2024/05/21,40,CYCL,64.26,1565.1,1650.0,1535.0,1556.0,"1,556.00",0.0,0.0,"1,557.04","12,979.00","1,597.00","20,208,801.80",300,-41.00,115.0,-2.57,7.49,-0.07,"1,823.00",882.00,,
2024/05/22,40,CYCL,44.72,1550.0,1586.0,1509.0,1524.9,"1,524.90",0.0,0.0,"1,527.11","14,577.00","1,556.00","22,260,649.10",289,-31.1,77.0,-2.0,5.1,-0.14,"1,823.00",882.00,,
2024/05/26,43,CYCL,43.22,1524.0,1554.9,1481.9,1482.3,"1,482.30",0.0,0.0,"1,496.39","8,194.00","1,524.90","12,261,393.20",239,-42.6,73.0,-2.79,4.93,-0.95,"1,823.00",882.00,,
2024/05/27,43,CYCL,42.49,1470.0,1512.0,1470.0,1473.5,"1,473.50",0.0,0.0,"1,488.61","7,537.00","1,482.30","11,219,661.80",179,-8.8,42.0,-0.59,2.86,-1.03,"1,823.00",882.00,,
2024/04/03,41,CYCL,30.66,1600.0,1629.9,1596.4,1610.0,"1,610.00",0.0,0.0,"1,613.96",731.00,"1,606.00","1,179,804.00",27,4.0,33.5,0.25,2.1,-0.25,"2,040.00","1,487.00","1,679.86","1,675.59"
2024/04/04,41,CYCL,56.46,1347.5,1482.0,1321.0,1467.0,"1,467.00",0.0,0.0,"1,425.47","32,550.00","1,375.00","46,399,174.10",708,92.0,161.00,6.69,12.19,2.83,"1,560.00",882.00,,
2024/04/07,41,CYCL,59.33,1465.0,1549.0,1437.7,1525.0,"1,525.00",0.0,0.0,"1,508.90","24,453.00","1,467.00","36,897,009.50",661,58.0,111.30,3.95,7.74,1.06,"1,560.00",882.00,,
2024/04/09,41,CYCL,30.66,1600.0,1629.9,1596.4,1610.0,"1,610.00",0.0,0.0,"1,613.96",731.00,"1,606.00","1,179,804.00",27,4.0,33.5,0.25,2.1,-0.25,"2,040.00","1,487.00","1,679.86","1,675.59"
2024/04/10,41,CYCL,59.64,1657.5,1724.8,1600.0,1724.8,"1,724.80",0.0,0.0,"1,673.74","39,542.00","1,625.00","66,183,146.00",710,99.8,124.80,6.14,7.8,2.96,"1,724.80",882.00,,
2024/04/14,41,CYCL,59.53,1690.4,1754.9,1676.0,1727.0,"1,727.00",0.0,0.0,"1,707.87","27,204.00","1,724.80","46,460,850.10",579,2.2,78.9,0.13,4.71,1.11,"1,754.90",882.00,,
2024/04/15,42,CYCL,59.25,1692.5,1823.0,1642.0,1800.0,"1,800.00",0.0,0.0,"1,684.01","45,738.00","1,727.00","77,023,426.20",613,73.00,181.0,4.23,11.02,6.44,"1,823.00",882.00,,
2024/04/16,42,CYCL,45.24,1764.0,1764.0,1640.0,1683.0,"1,683.00",0.0,0.0,"1,661.34","11,027.00","1,800.00","18,319,555.30",307,-117.0,124.0,-6.5,7.56,1.29,"1,823.00",882.00,,
2024/04/18,40,CYCL,36.91,1651.0,1651.0,1514.7,1580.0,"1,580.00",0.0,0.0,"1,550.40","16,826.00","1,683.00","26,086,985.60",420,-103.0,136.3,-6.12,9.0,1.87,"1,823.00",882.00,,
2024/04/21,38,CYCL,43.12,1548.4,1650.0,1459.0,1645.0,"1,645.00",0.0,0.0,"1,534.68","19,280.00","1,580.00","29,588,639.50",313,65.0,191.0,4.11,13.09,6.71,"1,823.00",882.00,,
2024/04/22,40,CYCL,36.51,1612.1,1612.1,1516.1,1600.0,"1,600.00",0.0,0.0,"1,560.10","7,970.00","1,645.00","12,433,989.40",211,-45.0,96.0,-2.74,6.33,2.49,"1,823.00",882.00,,
2024/04/24,40,CYCL,34.75,1568.0,1630.0,1535.8,1587.1,"1,587.10",0.0,0.0,"1,580.07","5,711.00","1,600.00","9,023,790.60",231,-12.9,94.2,-0.81,6.13,0.44,"1,823.00",882.00,,
2024/04/25,39,CYCL,38.16,1556.0,1564.0,1492.0,1545.0,"1,545.00",0.0,0.0,"1,517.51","11,712.00","1,587.10","17,773,081.00",286,-42.1,72.0,-2.65,4.83,1.78,"1,823.00",882.00,,
2024/04/28,41,CYCL,36.5,1515.0,1547.0,1475.0,1520.0,"1,520.00",0.0,0.0,"1,496.42","13,086.00","1,545.00","19,582,209.00",281,-25.0,72.0,-1.62,4.88,1.55,"1,823.00",882.00,,
2024/04/29,42,CYCL,37.03,1490.1,1520.0,1460.0,1475.9,"1,475.90",0.0,0.0,"1,480.77","8,795.00","1,520.00","13,023,415.00",256,-44.1,60.0,-2.9,4.11,-0.33,"1,823.00",882.00,,
2024/04/30,43,CYCL,43.25,1460.0,1505.0,1400.0,1495.0,"1,495.00",0.0,0.0,"1,445.87","16,057.00","1,475.90","23,216,274.90",399,19.10,105.00,1.29,7.5,3.29,"1,823.00",882.00,,
2024/03/07,43,CYCL,51.24,1323.0,1430.0,1246.0,1341.0,"1,341.00",0.0,0.0,"1,350.53","14,935.00","1,350.00","20,170,166.60",448,-9.0,184.00,-0.67,14.77,-0.71,"1,560.00",882.00,,
2024/03/10,40,CYCL,50.31,1314.2,1410.0,1289.0,1407.0,"1,407.00",0.0,0.0,"1,384.54","15,135.00","1,341.00","20,955,017.50",421,66.0,121.0,4.92,9.39,1.6,"1,560.00",882.00,,
2024/03/12,40,CYCL,59.85,1379.0,1463.0,1326.0,1420.0,"1,420.00",0.0,0.0,"1,366.65","29,119.00","1,407.00","39,795,427.00",448,13.00,137.0,0.92,10.33,3.76,"1,560.00",882.00,,
2024/03/13,41,CYCL,51.14,1405.0,1450.0,1350.0,1420.0,"1,420.00",0.0,0.0,"1,383.62","17,183.00","1,420.00","23,774,782.50",329,0.0,100.0,0.0,7.41,2.56,"1,560.00",882.00,,
2024/03/14,40,CYCL,48.14,1391.6,1420.0,1336.6,1379.0,"1,379.00",0.0,0.0,"1,371.86","13,806.00","1,420.00","18,939,927.30",245,-41.0,83.4,-2.89,6.24,0.52,"1,560.00",882.00,,
2024/03/17,42,CYCL,47.26,1351.5,1458.0,1330.0,1430.0,"1,430.00",0.0,0.0,"1,375.52","13,505.00","1,379.00","18,576,401.40",237,51.0,128.0,3.7,9.62,3.81,"1,560.00",882.00,,
2024/03/18,40,CYCL,44.77,1401.4,1412.0,1345.0,1402.9,"1,402.90",0.0,0.0,"1,388.19","9,013.00","1,430.00","12,511,781.20",293,-27.1,67.0,-1.9,4.98,1.05,"1,560.00",882.00,,
2024/03/19,41,CYCL,48.17,1402.9,1402.9,1350.0,1385.9,"1,385.90",0.0,0.0,"1,372.25","11,699.00","1,402.90","16,054,007.70",265,-17.0,52.90,-1.21,3.92,0.98,"1,560.00",882.00,,
2024/03/20,41,CYCL,49.55,1359.0,1412.0,1345.0,1374.0,"1,374.00",0.0,0.0,"1,364.46","17,563.00","1,385.90","23,963,944.80",349,-11.90,67.00,-0.86,4.98,0.69,"1,560.00",882.00,,
2024/03/21,42,CYCL,39.44,1347.0,1457.0,1328.9,1349.9,"1,349.90",0.0,0.0,"1,361.39","8,962.00","1,374.00","12,200,757.20",232,-24.10,128.10,-1.75,9.64,-0.85,"1,560.00",882.00,,
2024/03/25,41,CYCL,43.65,1350.1,1458.0,1303.5,1450.0,"1,450.00",0.0,0.0,"1,374.01","10,705.00","1,349.90","14,708,730.60",201,100.10,154.50,7.42,11.85,5.24,"1,560.00",882.00,,
2024/03/26,41,CYCL,43.74,1421.0,1421.0,1341.0,1410.0,"1,410.00",0.0,0.0,"1,397.80","8,772.00","1,450.00","12,261,471.10",307,-40.0,80.00,-2.76,5.97,0.87,"1,560.00",882.00,,
2024/03/27,41,CYCL,43.08,1381.8,1492.0,1318.2,1397.0,"1,397.00",0.0,0.0,"1,369.83","10,627.00","1,410.00","14,557,165.10",236,-13.0,173.80,-0.92,13.18,1.95,"1,560.00",882.00,,
2024/03/28,41,CYCL,41.6,1369.1,1396.3,1335.0,1389.9,"1,389.90",0.0,0.0,"1,375.01","5,019.00","1,397.00","6,901,177.50",226,-7.1,61.3,-0.51,4.59,1.07,"1,560.00",882.00,,
2024/03/31,41,CYCL,37.09,1385.0,1385.0,1309.0,1309.0,"1,309.00",0.0,0.0,"1,336.28","10,401.00","1,389.90","13,898,627.00",255,-80.90,76.00,-5.82,5.81,-2.08,"1,560.00",882.00,,
2024/04/01,41,CYCL,32.5,1335.0,1385.0,1302.1,1335.0,"1,335.00",0.0,0.0,"1,317.76","6,630.00","1,309.00","8,736,725.50",199,26.0,82.9,1.99,6.37,1.29,"1,560.00",882.00,,
2024/02/12,42,CYCL,44.97,1100.1,1125.0,1100.1,1124.9,"1,124.90",0.0,0.0,"1,112.56","1,728.00","1,115.00","1,922,506.40",88,9.90,24.90,0.89,2.26,1.1,"1,869.90",882.00,,
2024/02/13,41,CYCL,49.85,1102.5,1123.0,1102.5,1110.0,"1,110.00",0.0,0.0,"1,113.20","4,013.00","1,124.90","4,467,286.90",91,-14.9,20.5,-1.32,1.86,-0.29,"1,830.00",882.00,,
2024/02/14,40,CYCL,58.4,1105.0,1176.0,1105.0,1159.8,"1,159.80",0.0,0.0,"1,139.43","8,161.00","1,110.00","9,298,888.40",195,49.8,71.0,4.49,6.43,1.76,"1,830.00",882.00,,
2024/02/15,42,CYCL,52.79,1136.7,1159.4,1130.0,1138.9,"1,138.90",0.0,0.0,"1,142.89","2,458.00","1,159.80","2,809,235.60",91,-20.9,29.4,-1.8,2.6,-0.35,"1,826.00",882.00,,
2024/02/18,42,CYCL,46.42,1121.0,1130.0,1111.0,1122.0,"1,122.00",0.0,0.0,"1,116.97","2,373.00","1,138.90","2,650,569.90",104,-16.9,19.0,-1.48,1.71,0.45,"1,824.50",882.00,,
2024/02/20,43,CYCL,46.53,1133.0,1133.0,1096.3,1106.0,"1,106.00",0.0,0.0,"1,100.05","2,780.00","1,122.00","3,058,151.50",77,-16.00,36.7,-1.43,3.35,0.54,"1,824.50",882.00,,
2024/02/21,42,CYCL,38.6,1102.0,1116.7,1090.0,1099.0,"1,099.00",0.0,0.0,"1,099.77","1,486.00","1,106.00","1,634,254.60",60,-7.00,26.7,-0.63,2.45,-0.07,"1,824.50",882.00,,
2024/02/22,41,CYCL,51.45,1085.0,1208.0,1085.0,1142.4,"1,142.40",0.0,0.0,"1,108.28","5,322.00","1,099.00","5,898,287.90",166,43.40,123.0,3.95,11.34,2.99,"1,824.50",882.00,,
2024/02/25,44,CYCL,42.98,1119.6,1125.0,1098.0,1102.0,"1,102.00",0.0,0.0,"1,113.72","4,565.00","1,142.40","5,084,150.40",108,-40.40,27.00,-3.54,2.46,-1.06,"1,690.00",882.00,,
2024/02/26,43,CYCL,53.76,1080.1,1177.0,1080.1,1176.1,"1,176.10",0.0,0.0,"1,116.50","4,975.00","1,102.00","5,554,595.00",113,74.10,96.90,6.72,8.97,5.07,"1,690.00",882.00,,
2024/02/27,42,CYCL,55.91,1152.6,1236.2,1108.0,1177.6,"1,177.60",0.0,0.0,"1,163.56","6,812.00","1,176.10","7,926,171.90",171,1.50,128.20,0.13,11.57,1.19,"1,690.00",882.00,,
2024/02/28,42,CYCL,54.13,1154.1,1248.4,1133.0,1180.0,"1,180.00",0.0,0.0,"1,177.41","6,140.00","1,177.60","7,229,282.40",160,2.40,115.40,0.2,10.19,0.22,"1,632.00",882.00,,
2024/02/29,41,CYCL,47.86,1156.4,1180.0,1141.0,1141.0,"1,141.00",0.0,0.0,"1,157.82","2,276.00","1,180.00","2,635,203.50",86,-39.00,39.00,-3.31,3.42,-1.47,"1,599.40",882.00,,
2024/03/03,42,CYCL,42.75,1141.0,1234.0,1121.0,1230.0,"1,230.00",0.0,0.0,"1,149.26","3,621.00","1,141.00","4,161,454.70",99,89.00,113.00,7.8,10.08,6.56,"1,560.00",882.00,,
2024/03/04,35,CYCL,49.13,1205.4,1279.0,1181.3,1279.0,"1,279.00",0.0,0.0,"1,224.50","1,253.00","1,230.00","1,534,301.00",33,49.0,97.7,3.98,8.27,4.26,"1,560.00",882.00,,
2024/03/05,45,CYCL,52.03,1253.5,1360.0,1157.2,1250.0,"1,250.00",0.0,0.0,"1,211.36","18,193.00","1,279.00","22,038,284.00",353,-29.00,202.80,-2.27,17.53,3.09,"1,560.00",882.00,,
2024/01/18,41,CYCL,62.62,1221.9,1221.9,1145.0,1181.0,"1,181.00",0.0,0.0,"1,174.53","6,764.00","1,198.00","7,944,498.30",252,-17.0,76.90,-1.42,6.72,0.55,"2,010.00",882.00,,
2024/01/21,43,CYCL,66.7,1158.0,1299.1,1158.0,1210.0,"1,210.00",0.0,0.0,"1,211.00","15,374.00","1,181.00","18,617,917.30",413,29.0,141.10,2.46,12.18,-0.08,"1,942.00",882.00,,
2024/01/22,40,CYCL,55.77,1185.8,1330.0,1140.0,1170.0,"1,170.00",0.0,0.0,"1,189.89","8,772.00","1,210.00","10,437,708.20",257,-40.0,190.0,-3.31,16.67,-1.7,"1,942.00",882.00,,
2024/01/23,43,CYCL,55.83,1146.6,1260.0,1123.7,1244.0,"1,244.00",0.0,0.0,"1,168.46","9,598.00","1,170.00","11,214,837.30",278,74.0,136.3,6.32,12.13,6.07,"1,942.00",882.00,,
2024/01/24,42,CYCL,49.34,1219.2,1219.2,1170.0,1180.0,"1,180.00",0.0,0.0,"1,187.45","10,422.00","1,244.00","12,375,575.50",265,-64.0,49.2,-5.14,4.21,-0.63,"1,942.00",882.00,,
2024/01/25,43,CYCL,41.93,1200.0,1200.0,1148.0,1162.0,"1,162.00",0.0,0.0,"1,157.34","4,488.00","1,180.00","5,194,132.80",164,-18.0,52.00,-1.53,4.53,0.4,"1,942.00",882.00,,
2024/01/28,43,CYCL,47.42,1138.8,1250.0,1138.8,1179.9,"1,179.90",0.0,0.0,"1,175.20","6,250.00","1,162.00","7,344,991.00",180,17.9,111.2,1.54,9.76,0.4,"1,910.00",882.00,,
2024/01/29,41,CYCL,38.61,1156.4,1188.0,1155.0,1169.0,"1,169.00",0.0,0.0,"1,164.31","2,778.00","1,179.90","3,234,445.40",123,-10.9,33.0,-0.92,2.86,0.4,"1,910.00",882.00,,
2024/01/30,42,CYCL,40.86,1145.7,1239.0,1145.7,1151.0,"1,151.00",0.0,0.0,"1,159.72","4,190.00","1,169.00","4,859,212.70",134,-18.0,93.3,-1.54,8.14,-0.76,"1,910.00",882.00,,
2024/01/31,42,CYCL,38.04,1128.0,1170.0,1120.0,1125.0,"1,125.00",0.0,0.0,"1,135.49","4,792.00","1,151.00","5,441,275.60",156,-26.00,50.00,-2.26,4.46,-0.93,"1,910.00",882.00,,
2024/02/01,41,CYCL,36.35,1124.9,1125.0,1088.0,1097.0,"1,097.00",0.0,0.0,"1,102.62","5,007.00","1,125.00","5,520,812.70",178,-28.0,37.0,-2.49,3.4,-0.51,"1,910.00",882.00,,
2024/02/04,42,CYCL,39.57,1118.0,1125.0,1078.0,1115.0,"1,115.00",0.0,0.0,"1,106.38","6,250.00","1,097.00","6,914,879.00",142,18.0,47.0,1.64,4.36,0.77,"1,910.00",882.00,,
2024/02/05,41,CYCL,35.52,1115.0,1133.7,1095.1,1102.0,"1,102.00",0.0,0.0,"1,103.69","2,258.00","1,115.00","2,492,134.00",84,-13.0,38.6,-1.17,3.52,-0.15,"1,910.00",882.00,,
2024/02/06,42,CYCL,38.04,1100.0,1120.0,1100.0,1105.1,"1,105.10",0.0,0.0,"1,107.09","2,267.00","1,102.00","2,509,783.30",103,3.1,20.0,0.28,1.82,-0.18,"1,910.00",882.00,,
2024/02/07,42,CYCL,42.01,1093.0,1125.0,1093.0,1111.0,"1,111.00",0.0,0.0,"1,116.48","1,792.00","1,105.10","2,000,733.00",84,5.9,32.0,0.53,2.93,-0.49,"1,910.00",882.00,,
2024/02/08,42,CYCL,41.27,1088.8,1120.0,1088.8,1119.0,"1,119.00",0.0,0.0,"1,106.95","3,560.00","1,111.00","3,940,758.70",102,8.0,31.20,0.72,2.87,1.08,"1,910.00",882.00,,
2023/12/20,43,CYCL,67.46,1065.0,1122.0,1043.0,1073.0,"1,073.00",0.0,0.0,"1,072.77","11,216.00","1,085.00","12,032,140.80",293,-12.00,79.00,-1.11,7.57,0.02,"2,723.00",882.00,,
2023/12/21,43,CYCL,60.11,1051.6,1094.0,1050.0,1086.0,"1,086.00",0.0,0.0,"1,065.34","6,686.00","1,073.00","7,122,860.40",220,13.00,44.00,1.21,4.19,1.9,"2,710.00",882.00,,
2023/12/24,44,CYCL,46.56,1086.0,1090.0,1043.7,1060.0,"1,060.00",0.0,0.0,"1,073.11","5,172.00","1,086.00","5,550,102.30",181,-26.0,46.30,-2.39,4.44,-1.24,"2,644.00",882.00,,
2023/12/27,43,CYCL,48.52,1060.0,1080.0,1027.0,1050.0,"1,050.00",0.0,0.0,"1,045.80","5,948.00","1,060.00","6,220,420.80",178,-10.0,53.00,-0.94,5.16,0.4,"2,525.50",882.00,,
2023/12/28,41,CYCL,58.13,1071.0,1133.0,1026.0,1133.0,"1,133.00",0.0,0.0,"1,047.30","7,064.00","1,050.00","7,398,093.00",173,83.0,107.0,7.9,10.43,7.56,"2,525.50",882.00,,
2024/01/01,42,CYCL,45.83,1134.0,1134.0,1031.0,1075.0,"1,075.00",0.0,0.0,"1,079.91","5,311.00","1,133.00","5,735,388.30",178,-58.0,103.0,-5.12,9.99,-0.46,"2,525.50",882.00,,
2024/01/02,40,CYCL,42.2,1092.0,1096.0,1030.0,1043.1,"1,043.10",0.0,0.0,"1,049.48","4,843.00","1,075.00","5,082,625.80",174,-31.9,66.0,-2.97,6.41,-0.61,"2,525.50",882.00,,
2024/01/03,42,CYCL,47.31,1022.3,1104.0,1022.3,1065.1,"1,065.10",0.0,0.0,"1,044.82","3,145.00","1,043.10","3,285,962.60",159,22.00,81.7,2.11,7.99,1.9,"2,148.00",882.00,,
2024/01/04,41,CYCL,42.74,1044.0,1085.0,1025.0,1051.0,"1,051.00",0.0,0.0,"1,042.82","5,306.00","1,065.10","5,533,179.60",175,-14.10,60.00,-1.32,5.85,0.78,"2,148.00",882.00,,
2024/01/07,41,CYCL,40.1,1052.0,1054.0,1021.0,1023.0,"1,023.00",0.0,0.0,"1,030.28","3,747.00","1,051.00","3,860,472.90",125,-28.0,33.0,-2.66,3.23,-0.71,"2,148.00",882.00,,
2024/01/08,41,CYCL,44.44,1007.1,1060.0,1007.1,1050.0,"1,050.00",0.0,0.0,"1,032.15","2,640.00","1,023.00","2,724,867.70",129,27.0,52.90,2.64,5.25,1.7,"2,148.00",882.00,,
2024/01/09,40,CYCL,39.6,1031.1,1055.0,1031.1,1038.0,"1,038.00",0.0,0.0,"1,042.32","2,979.00","1,050.00","3,105,061.10",114,-12.0,23.9,-1.14,2.32,-0.42,"2,057.90",882.00,,
2024/01/10,40,CYCL,54.54,1038.0,1074.0,1038.0,1044.0,"1,044.00",0.0,0.0,"1,056.11","5,592.00","1,038.00","5,905,751.10",155,6.0,36.00,0.58,3.47,-1.16,"2,057.90",882.00,,
2024/01/11,42,CYCL,55.57,1064.0,1064.0,1045.0,1050.0,"1,050.00",0.0,0.0,"1,048.66","2,213.00","1,044.00","2,320,686.20",82,6.00,19.0,0.57,1.82,0.13,"2,019.00",882.00,,
2024/01/14,40,CYCL,61.47,1029.0,1080.0,1029.0,1070.0,"1,070.00",0.0,0.0,"1,072.58","5,231.00","1,050.00","5,610,676.70",153,20.0,51.0,1.9,4.96,-0.24,"2,010.00",882.00,,
2024/01/16,42,CYCL,67.58,1080.0,1147.0,1080.0,1138.0,"1,138.00",0.0,0.0,"1,134.23","14,176.00","1,070.00","16,078,781.50",397,68.0,67.0,6.36,6.2,0.33,"2,010.00",882.00,,
2023/11/27,41,CYCL,51.69,985.0,1005.0,965.0,999.0,999.00,0.0,0.0,982.02,"2,322.00","1,000.00","2,280,242.30",92,-1.00,40.00,-0.1,4.15,1.7,"2,734.80",956.30,,
2023/11/28,37,CYCL,45.39,979.1,1015.0,961.0,998.0,998.00,0.0,0.0,987.76,966.00,999.00,"954,179.70",70,-1.0,54.0,-0.1,5.62,1.03,"2,734.80",956.30,,
2023/11/29,39,CYCL,47.37,979.0,999.0,960.1,982.0,982.00,0.0,0.0,974.33,"1,612.00",998.00,"1,570,614.70",76,-16.00,38.90,-1.6,4.05,0.78,"2,734.80",956.30,,
2023/11/30,38,CYCL,33.86,965.1,987.0,955.0,973.9,973.90,0.0,0.0,965.06,875.00,982.00,"844,428.90",53,-8.1,32.00,-0.82,3.35,0.91,"2,734.80",955.00,,
2023/12/03,36,CYCL,40.37,973.0,989.0,936.0,950.0,950.00,0.0,0.0,950.12,"1,648.00",973.90,"1,565,790.10",81,-23.9,53.0,-2.45,5.66,-0.01,"2,734.80",936.00,,
2023/12/04,41,CYCL,43.72,968.0,968.0,925.0,948.0,948.00,0.0,0.0,934.10,"2,433.00",950.00,"2,272,668.70",97,-2.0,43.0,-0.21,4.65,1.47,"2,734.80",925.00,,
2023/12/05,42,CYCL,37.41,930.0,945.0,910.7,935.0,935.00,0.0,0.0,923.66,919.00,948.00,"848,839.00",56,-13.00,34.30,-1.37,3.77,1.21,"2,734.80",910.70,,
2023/12/06,39,CYCL,40.47,943.0,943.0,882.0,895.3,895.30,0.0,0.0,903.77,"3,560.00",935.00,"3,217,430.80",112,-39.7,61.00,-4.25,6.92,-0.95,"2,734.80",882.00,,
2023/12/07,40,CYCL,55.54,882.3,984.0,882.3,984.0,984.00,0.0,0.0,906.05,"6,898.00",895.30,"6,249,928.70",132,88.7,101.70,9.91,11.53,7.92,"2,734.80",882.00,,
2023/12/10,31,CYCL,51.15,964.4,1081.0,964.4,1081.0,"1,081.00",0.0,0.0,"1,012.18",980.00,984.00,"991,939.00",26,97.00,116.6,9.86,12.09,6.37,"2,734.80",882.00,,
2023/12/11,41,CYCL,59.78,1059.9,1164.0,990.0,1155.0,"1,155.00",0.0,0.0,"1,016.60","12,232.00","1,081.00","12,435,057.50",294,74.0,174.0,6.85,17.58,11.98,"2,734.80",882.00,,
2023/12/12,41,CYCL,58.71,1132.0,1132.0,1040.8,1096.0,"1,096.00",0.0,0.0,"1,071.92","5,963.00","1,155.00","6,391,882.00",217,-59.00,91.20,-5.11,8.76,2.2,"2,734.80",882.00,,
2023/12/13,42,CYCL,55.5,1098.0,1104.0,1033.0,1062.9,"1,062.90",0.0,0.0,"1,064.42","2,870.00","1,096.00","3,054,899.10",138,-33.1,71.0,-3.02,6.87,-0.14,"2,734.80",882.00,,
2023/12/14,42,CYCL,43.88,1041.7,1079.0,1000.0,1020.0,"1,020.00",0.0,0.0,"1,023.86","5,117.00","1,062.90","5,239,089.30",181,-42.9,79.0,-4.04,7.9,-0.38,"2,734.80",882.00,,
2023/12/17,42,CYCL,47.3,1020.0,1103.0,999.6,1025.0,"1,025.00",0.0,0.0,"1,012.24","7,078.00","1,020.00","7,164,600.50",209,5.0,103.40,0.49,10.34,1.25,"2,723.00",882.00,,
2023/12/18,41,CYCL,52.27,1004.5,1090.0,1004.5,1083.9,"1,083.90",0.0,0.0,"1,067.39","10,241.00","1,025.00","10,931,156.50",278,58.90,85.50,5.75,8.51,1.52,"2,723.00",882.00,,
2023/10/18,38,CYCL,50.28,1034.0,1045.5,1015.0,1033.0,"1,033.00",0.0,0.0,"1,033.06","3,108.00","1,015.20","3,210,758.60",82,17.8,30.5,1.75,3.0,-0.01,"2,734.80",979.00,,
2023/10/19,40,CYCL,47.9,1050.0,1076.1,994.0,1068.5,"1,068.50",0.0,0.0,"1,050.68","3,058.00","1,033.00","3,212,972.00",91,35.5,82.1,3.44,8.26,1.67,"2,734.80",979.00,,
2023/10/29,38,CYCL,48.06,1048.0,1155.0,1012.0,1139.0,"1,139.00",0.0,0.0,"1,044.32","3,566.00","1,068.50","3,724,048.20",112,70.5,143.0,6.6,14.13,8.31,"2,734.80",979.00,,
2023/10/30,39,CYCL,50.5,1116.3,1116.3,1030.0,1095.0,"1,095.00",0.0,0.0,"1,058.26","4,894.00","1,139.00","5,179,120.00",122,-44.0,86.3,-3.86,8.38,3.36,"2,734.80",979.00,,
2023/10/31,39,CYCL,49.9,1110.0,1155.6,1011.0,1132.5,"1,132.50",0.0,0.0,"1,051.89","5,775.00","1,095.00","6,074,671.80",145,37.5,144.6,3.42,14.3,7.12,"2,734.80",979.00,,
2023/11/01,40,CYCL,40.17,1155.1,1155.1,1025.0,1070.0,"1,070.00",0.0,0.0,"1,047.37","3,605.00","1,132.50","3,775,779.10",104,-62.5,130.1,-5.52,12.69,2.11,"2,734.80",979.00,,
2023/11/02,38,CYCL,32.09,1048.6,1088.0,1019.2,1065.0,"1,065.00",0.0,0.0,"1,031.87","4,476.00","1,070.00","4,618,651.00",123,-5.0,68.8,-0.47,6.75,3.11,"2,734.80",979.00,,
2023/11/05,39,CYCL,31.36,1065.0,1065.0,1000.0,1018.0,"1,018.00",0.0,0.0,"1,008.19","5,769.00","1,065.00","5,816,272.40",220,-47.0,65.0,-4.41,6.5,0.96,"2,734.80",979.00,,
2023/11/06,37,CYCL,39.48,999.0,1038.0,990.0,1020.0,"1,020.00",0.0,0.0,"1,004.44","3,140.00","1,018.00","3,153,945.10",105,2.0,48.0,0.2,4.85,1.53,"2,734.80",979.00,,
2023/11/07,38,CYCL,29.23,1000.2,1034.9,1000.2,1000.2,"1,000.20",0.0,0.0,"1,013.39",899.00,"1,020.00","911,040.70",67,-19.8,34.7,-1.94,3.47,-1.32,"2,734.80",979.00,,
2023/11/08,38,CYCL,28.56,990.1,1037.9,980.0,1018.0,"1,018.00",0.0,0.0,"1,016.69","1,345.00","1,000.20","1,367,449.80",57,17.80,57.9,1.78,5.91,0.13,"2,734.80",979.00,,
2023/11/09,38,CYCL,39.35,1000.0,1020.0,990.0,1020.0,"1,020.00",0.0,0.0,"1,003.70","1,465.00","1,018.00","1,470,416.50",66,2.0,30.0,0.2,3.03,1.6,"2,734.80",979.00,,
2023/11/20,39,CYCL,40.03,1000.0,1060.8,985.0,1009.8,"1,009.80",0.0,0.0,996.96,"2,172.00","1,020.00","2,165,386.50",93,-10.20,75.80,-1.0,7.7,1.27,"2,734.80",979.00,,
2023/11/21,39,CYCL,37.32,1005.0,1028.5,961.0,990.0,990.00,0.0,0.0,974.13,"2,721.00","1,009.80","2,650,610.60",96,-19.8,67.50,-1.96,7.02,1.6,"2,734.80",961.00,,
2023/11/22,39,CYCL,28.69,1007.8,1007.8,970.0,991.9,991.90,0.0,0.0,979.02,"1,204.00",990.00,"1,178,740.70",44,1.9,37.80,0.19,3.9,1.3,"2,734.80",961.00,,
2023/11/23,39,CYCL,31.02,972.3,975.5,956.3,975.5,975.50,0.0,0.0,962.66,"1,767.00",991.90,"1,701,028.00",92,-16.4,19.2,-1.65,2.01,1.32,"2,734.80",956.30,,
2023/09/21,37,CYCL,53.76,1028.1,1132.0,1008.0,1054.9,"1,054.90",0.0,0.0,"1,050.83","3,882.00","1,048.00","4,079,320.30",172,6.90,124.00,0.66,12.3,0.39,"2,734.80",979.00,,
2023/09/24,40,CYCL,56.5,1075.9,1140.0,1036.0,1070.8,"1,070.80",0.0,0.0,"1,053.64","5,928.00","1,054.90","6,245,988.70",180,15.90,104.00,1.51,10.04,1.6,"2,734.80",979.00,,
2023/09/25,37,CYCL,51.4,1092.2,1092.2,1030.0,1064.0,"1,064.00",0.0,0.0,"1,051.36","1,941.00","1,070.80","2,040,692.60",128,-6.8,62.2,-0.64,6.04,1.19,"2,734.80",979.00,,
2023/09/26,38,CYCL,55.77,1042.8,1129.8,1026.0,1070.1,"1,070.10",0.0,0.0,"1,079.07","2,704.00","1,064.00","2,917,805.20",129,6.1,103.80,0.57,10.12,-0.84,"2,734.80",979.00,,
2023/09/27,37,CYCL,53.19,1070.0,1090.9,1045.0,1051.0,"1,051.00",0.0,0.0,"1,069.38","5,315.00","1,070.10","5,683,741.50",139,-19.1,45.9,-1.78,4.39,-1.75,"2,734.80",979.00,,
2023/10/01,36,CYCL,46.83,1071.0,1090.0,1008.0,1020.0,"1,020.00",0.0,0.0,"1,023.89","8,464.00","1,051.00","8,666,245.30",146,-31.0,82.0,-2.95,8.13,-0.38,"2,734.80",979.00,,
2023/10/02,40,CYCL,56.42,1020.0,1122.0,1000.0,1122.0,"1,122.00",0.0,0.0,"1,027.02","5,221.00","1,020.00","5,362,052.60",182,102.0,122.0,10.0,12.2,8.47,"2,734.80",979.00,,
2023/10/03,36,CYCL,45.79,1144.4,1144.4,1034.7,1050.0,"1,050.00",0.0,0.0,"1,057.16","2,654.00","1,122.00","2,805,714.90",131,-72.0,109.7,-6.42,10.6,-0.68,"2,734.80",979.00,,
2023/10/04,40,CYCL,56.61,1029.0,1130.0,1029.0,1130.0,"1,130.00",0.0,0.0,"1,054.74","5,757.00","1,050.00","6,072,146.50",183,80.0,101.0,7.62,9.82,6.66,"2,734.80",979.00,,
2023/10/05,37,CYCL,55.5,1107.4,1107.4,1045.0,1070.0,"1,070.00",0.0,0.0,"1,056.85","6,089.00","1,130.00","6,435,181.20",191,-60.0,62.4,-5.31,5.97,1.23,"2,734.80",979.00,,
2023/10/08,39,CYCL,33.28,1070.0,1089.9,1015.5,1020.0,"1,020.00",0.0,0.0,"1,035.89","4,422.00","1,070.00","4,580,694.40",164,-50.0,74.4,-4.67,7.33,-1.56,"2,734.80",979.00,,
2023/10/09,37,CYCL,32.94,1040.0,1040.0,1010.0,1023.0,"1,023.00",0.0,0.0,"1,017.41","2,558.00","1,020.00","2,602,533.50",90,3.0,30.0,0.29,2.97,0.55,"2,734.80",979.00,,
2023/10/10,37,CYCL,27.45,1010.0,1020.0,1005.0,1020.0,"1,020.00",0.0,0.0,"1,012.29","1,020.00","1,023.00","1,032,535.40",62,-3.0,15.0,-0.29,1.49,0.76,"2,734.80",979.00,,
2023/10/11,39,CYCL,30.91,1040.4,1040.4,1005.2,1024.0,"1,024.00",0.0,0.0,"1,017.28","1,382.00","1,020.00","1,405,886.80",82,4.0,35.2,0.39,3.5,0.66,"2,734.80",979.00,,
2023/10/12,40,CYCL,47.0,1044.0,1044.0,1003.7,1024.9,"1,024.90",0.0,0.0,"1,013.83","3,773.00","1,024.00","3,825,176.70",102,0.9,40.30,0.09,4.02,1.08,"2,734.80",979.00,,
2023/10/16,40,CYCL,37.66,1005.0,1025.0,993.0,1004.0,"1,004.00",0.0,0.0,"1,007.22","2,902.00","1,024.90","2,922,943.50",99,-20.9,32.00,-2.04,3.22,-0.32,"2,734.80",979.00,,
2023/08/23,38,CYCL,46.95,1207.5,1207.5,1170.0,1199.9,"1,199.90",0.0,0.0,"1,190.04","1,564.00","1,190.00","1,861,216.30",81,9.9,37.5,0.83,3.21,0.82,"2,734.80","1,151.00",,
2023/08/24,37,CYCL,50.26,1180.0,1199.9,1168.0,1199.9,"1,199.90",0.0,0.0,"1,185.46","2,635.00","1,199.90","3,123,699.10",124,0.0,31.9,0.0,2.73,1.2,"2,734.80","1,151.00",,
2023/08/27,36,CYCL,43.31,1176.0,1176.0,1154.0,1155.0,"1,155.00",0.0,0.0,"1,159.49","3,745.00","1,199.90","4,342,305.60",121,-44.9,22.00,-3.74,1.91,-0.39,"2,734.80","1,151.00",,
2023/08/28,37,CYCL,45.99,1145.0,1175.0,1123.0,1160.0,"1,160.00",0.0,0.0,"1,134.88","7,872.00","1,155.00","8,933,769.30",131,5.0,52.0,0.43,4.63,2.17,"2,734.80","1,123.00",,
2023/08/29,37,CYCL,38.35,1180.0,1180.0,1117.0,1146.0,"1,146.00",0.0,0.0,"1,129.69","1,532.00","1,160.00","1,730,691.60",77,-14.0,63.0,-1.21,5.64,1.42,"2,734.80","1,117.00",,
2023/08/30,38,CYCL,46.54,1168.9,1192.2,1086.3,1138.0,"1,138.00",0.0,0.0,"1,097.05","10,435.00","1,146.00","11,447,730.00",164,-8.0,105.9,-0.7,9.75,3.6,"2,734.80","1,086.30",,
2023/09/03,37,CYCL,36.38,1116.0,1116.0,1068.5,1083.0,"1,083.00",0.0,0.0,"1,080.57","2,528.00","1,138.00","2,731,669.10",97,-55.0,47.5,-4.83,4.45,0.22,"2,734.80","1,068.50",,
2023/09/04,35,CYCL,38.33,1100.0,1100.0,986.3,1050.0,"1,050.00",0.0,0.0,"1,015.92","7,944.00","1,083.00","8,070,488.00",207,-33.0,113.7,-3.05,11.53,3.25,"2,734.80",986.30,,
2023/09/05,36,CYCL,32.84,1029.0,1059.9,995.0,1028.0,"1,028.00",0.0,0.0,"1,015.11","1,974.00","1,050.00","2,003,827.10",108,-22.0,64.9,-2.1,6.52,1.25,"2,734.80",986.30,,
2023/09/07,38,CYCL,32.8,1042.0,1046.0,986.0,1016.0,"1,016.00",0.0,0.0,"1,010.63","1,398.00","1,028.00","1,412,867.10",88,-12.0,60.0,-1.17,6.09,0.53,"2,734.80",986.00,,
2023/09/10,37,CYCL,43.37,1036.0,1077.0,979.0,1075.0,"1,075.00",0.0,0.0,"1,000.03","3,459.00","1,016.00","3,459,103.40",164,59.0,98.0,5.81,10.01,6.97,"2,734.80",979.00,,
2023/09/11,37,CYCL,51.99,1053.5,1100.0,1010.0,1100.0,"1,100.00",0.0,0.0,"1,050.24","3,103.00","1,075.00","3,258,890.90",141,25.0,90.0,2.33,8.91,4.52,"2,734.80",979.00,,
2023/09/12,39,CYCL,45.61,1120.0,1140.0,1045.1,1076.0,"1,076.00",0.0,0.0,"1,086.30","1,765.00","1,100.00","1,917,321.30",113,-24.0,94.9,-2.18,9.08,-0.96,"2,734.80",979.00,,
2023/09/13,36,CYCL,47.61,1097.5,1097.5,1021.0,1067.0,"1,067.00",0.0,0.0,"1,063.56","1,165.00","1,076.00","1,239,049.60",80,-9.0,76.5,-0.84,7.49,0.32,"2,734.80",979.00,,
2023/09/17,38,CYCL,43.14,1088.0,1109.0,996.7,1049.7,"1,049.70",0.0,0.0,"1,028.41","2,867.00","1,067.00","2,948,441.90",119,-17.3,112.3,-1.62,11.27,2.03,"2,734.80",979.00,,
2023/09/18,38,CYCL,42.11,1070.6,1070.6,994.0,1032.9,"1,032.90",0.0,0.0,"1,009.87","2,937.00","1,049.70","2,965,987.50",104,-16.8,76.6,-1.6,7.71,2.23,"2,734.80",979.00,,
2023/07/31,36,CYCL,36.92,1367.8,1367.8,1313.2,1328.9,"1,328.90",0.0,0.0,"1,324.18","2,324.00","1,341.00","3,077,405.20",95,-12.1,54.6,-0.9,4.16,0.35,"2,734.80","1,168.00",,
2023/08/01,35,CYCL,36.38,1305.0,1335.0,1250.0,1295.0,"1,295.00",0.0,0.0,"1,288.10","4,136.00","1,328.90","5,327,598.80",136,-33.90,85.00,-2.55,6.8,0.53,"2,734.80","1,168.00",,
2023/08/02,35,CYCL,32.32,1309.9,1309.9,1265.0,1290.0,"1,290.00",0.0,0.0,"1,279.05","1,456.00","1,295.00","1,862,294.80",91,-5.0,44.90,-0.39,3.55,0.85,"2,734.80","1,168.00",,
2023/08/03,34,CYCL,31.47,1315.8,1315.8,1265.1,1270.0,"1,270.00",0.0,0.0,"1,278.88","1,459.00","1,290.00","1,865,889.10",103,-20.0,50.7,-1.55,4.01,-0.7,"2,734.80","1,168.00",,
2023/08/06,35,CYCL,35.4,1265.0,1265.1,1186.6,1212.0,"1,212.00",0.0,0.0,"1,225.98","4,618.00","1,270.00","5,661,591.10",139,-58.0,78.50,-4.57,6.62,-1.15,"2,734.80","1,168.00",,
2023/08/07,35,CYCL,34.01,1200.0,1240.0,1200.0,1219.9,"1,219.90",0.0,0.0,"1,212.15","2,621.00","1,212.00","3,177,032.50",140,7.9,40.00,0.65,3.33,0.64,"2,734.80","1,168.00",,
2023/08/08,35,CYCL,30.59,1215.0,1261.0,1184.0,1249.5,"1,249.50",0.0,0.0,"1,204.50","2,282.00","1,219.90","2,748,665.90",125,29.6,77.00,2.43,6.5,3.6,"2,734.80","1,168.00",,
2023/08/09,36,CYCL,37.78,1224.6,1230.0,1195.9,1227.5,"1,227.50",0.0,0.0,"1,208.42","2,561.00","1,249.50","3,094,752.10",130,-22.0,34.10,-1.76,2.85,1.55,"2,734.80","1,168.00",,
2023/08/10,37,CYCL,46.51,1244.4,1244.4,1200.0,1211.0,"1,211.00",0.0,0.0,"1,218.46","2,618.00","1,227.50","3,189,922.50",99,-16.5,44.4,-1.34,3.7,-0.62,"2,734.80","1,168.00",,
2023/08/13,34,CYCL,44.37,1234.0,1234.0,1192.1,1210.0,"1,210.00",0.0,0.0,"1,201.83","1,399.00","1,211.00","1,681,360.10",112,-1.00,41.90,-0.08,3.51,0.68,"2,734.80","1,168.00",,
2023/08/14,37,CYCL,54.83,1234.2,1308.0,1186.0,1300.0,"1,300.00",0.0,0.0,"1,218.01","3,897.00","1,210.00","4,746,575.70",176,90.0,122.0,7.44,10.29,6.31,"2,734.80","1,168.00",,
2023/08/15,37,CYCL,46.45,1275.0,1275.0,1212.1,1245.0,"1,245.00",0.0,0.0,"1,231.66","2,717.00","1,300.00","3,346,418.10",113,-55.0,62.90,-4.23,5.19,1.07,"2,734.80","1,168.00",,
2023/08/16,37,CYCL,43.04,1220.1,1256.0,1199.0,1214.0,"1,214.00",0.0,0.0,"1,211.97",741.00,"1,245.00","898,073.40",52,-31.0,57.00,-2.49,4.75,0.17,"2,734.80","1,168.00",,
2023/08/17,37,CYCL,44.44,1238.2,1238.2,1190.0,1191.0,"1,191.00",0.0,0.0,"1,199.66","1,862.00","1,214.00","2,233,770.40",102,-23.0,48.20,-1.89,4.05,-0.73,"2,734.80","1,168.00",,
2023/08/20,37,CYCL,40.93,1192.0,1210.0,1168.0,1168.0,"1,168.00",0.0,0.0,"1,184.73","3,033.00","1,191.00","3,593,295.60",120,-23.0,42.00,-1.93,3.6,-1.43,"2,734.80","1,168.00",,
2023/08/21,36,CYCL,43.17,1168.0,1190.0,1151.0,1188.0,"1,188.00",0.0,0.0,"1,166.40","2,627.00","1,168.00","3,064,143.30",122,20.0,39.0,1.71,3.39,1.82,"2,734.80","1,151.00",,
2023/07/06,41,CYCL,30.66,1600.0,1629.9,1596.4,1610.0,"1,610.00",0.0,0.0,"1,613.96",731.00,"1,606.00","1,179,804.00",27,4.0,33.5,0.25,2.1,-0.25,"2,040.00","1,487.00","1,679.86","1,675.59"
2023/07/09,37,CYCL,47.08,1200.0,1206.0,1175.0,1190.0,"1,190.00",0.0,0.0,"1,188.27","3,834.00","1,199.90","4,555,838.70",195,-9.9,31.0,-0.83,2.64,0.15,"2,734.80","1,175.00",,
2023/07/10,39,CYCL,47.58,1168.0,1205.0,1168.0,1190.0,"1,190.00",0.0,0.0,"1,194.89","4,574.00","1,190.00","5,465,429.00",239,0.00,37.00,0.0,3.17,-0.41,"2,734.80","1,168.00",,
2023/07/11,39,CYCL,48.84,1175.4,1213.8,1175.0,1186.0,"1,186.00",0.0,0.0,"1,187.18","3,091.00","1,190.00","3,669,560.20",183,-4.0,38.80,-0.34,3.3,-0.1,"2,734.80","1,168.00",,
2023/07/12,40,CYCL,59.31,1186.0,1304.6,1170.2,1304.6,"1,304.60",0.0,0.0,"1,250.85","8,215.00","1,186.00","10,275,758.80",327,118.6,134.4,10.0,11.49,4.12,"2,734.80","1,168.00",,
2023/07/13,38,CYCL,59.99,1305.0,1346.0,1277.0,1330.0,"1,330.00",0.0,0.0,"1,314.08","9,547.00","1,304.60","12,545,518.70",325,25.4,69.00,1.95,5.4,1.2,"2,734.80","1,168.00",,
2023/07/16,38,CYCL,58.49,1310.1,1410.0,1290.3,1410.0,"1,410.00",0.0,0.0,"1,350.49","7,751.00","1,330.00","10,467,686.00",275,80.00,119.70,6.02,9.28,4.22,"2,734.80","1,168.00",,
2023/07/17,35,CYCL,61.37,1381.8,1520.0,1366.1,1510.0,"1,510.00",0.0,0.0,"1,431.71","10,089.00","1,410.00","14,444,482.40",288,100.0,153.90,7.09,11.27,5.19,"2,734.80","1,168.00",,
2023/07/18,34,CYCL,59.58,1540.2,1560.0,1411.2,1470.0,"1,470.00",0.0,0.0,"1,447.30","10,436.00","1,510.00","15,103,999.70",342,-40.00,148.80,-2.65,10.54,1.54,"2,734.80","1,168.00",,
2023/07/19,36,CYCL,58.23,1440.6,1450.0,1385.0,1448.0,"1,448.00",0.0,0.0,"1,430.52","4,788.00","1,470.00","6,849,345.50",198,-22.0,65.00,-1.5,4.69,1.21,"2,734.80","1,168.00",,
2023/07/20,37,CYCL,58.17,1469.0,1498.2,1400.0,1497.0,"1,497.00",0.0,0.0,"1,419.33","4,976.00","1,448.00","7,062,605.70",215,49.00,98.20,3.38,7.01,5.19,"2,734.80","1,168.00",,
2023/07/23,36,CYCL,44.64,1468.0,1507.5,1431.1,1498.0,"1,498.00",0.0,0.0,"1,468.30","6,000.00","1,497.00","8,809,815.90",245,1.0,76.40,0.07,5.34,1.98,"2,734.80","1,168.00",,
2023/07/24,35,CYCL,42.72,1527.9,1527.9,1421.0,1450.0,"1,450.00",0.0,0.0,"1,440.81","4,982.00","1,498.00","7,178,097.60",181,-48.0,106.90,-3.2,7.52,0.63,"2,734.80","1,168.00",,
2023/07/25,36,CYCL,38.54,1479.0,1479.0,1400.0,1425.0,"1,425.00",0.0,0.0,"1,409.89","3,458.00","1,450.00","4,875,391.80",159,-25.00,79.00,-1.72,5.64,1.06,"2,734.80","1,168.00",,
2023/07/26,35,CYCL,35.54,1425.0,1425.0,1385.0,1385.0,"1,385.00",0.0,0.0,"1,395.00","2,277.00","1,425.00","3,176,423.80",127,-40.00,40.00,-2.81,2.89,-0.72,"2,734.80","1,168.00",,
2023/07/27,37,CYCL,36.36,1400.0,1400.0,1340.0,1350.0,"1,350.00",0.0,0.0,"1,351.59","3,299.00","1,385.00","4,458,908.10",153,-35.0,60.00,-2.53,4.48,-0.12,"2,734.80","1,168.00",,
2023/06/21,41,CYCL,30.66,1600.0,1629.9,1596.4,1610.0,"1,610.00",0.0,0.0,"1,613.96",731.00,"1,606.00","1,179,804.00",27,4.0,33.5,0.25,2.1,-0.25,"2,040.00","1,487.00","1,679.86","1,675.59"
2023/06/22,41,CYCL,30.66,1600.0,1629.9,1596.4,1610.0,"1,610.00",0.0,0.0,"1,613.96",731.00,"1,606.00","1,179,804.00",27,4.0,33.5,0.25,2.1,-0.25,"2,040.00","1,487.00","1,679.86","1,675.59"
2023/07/03,36,CYCL,50.77,1195.0,1289.0,1195.0,1289.0,"1,289.00",0.0,0.0,"1,277.15","1,612.00","1,171.85","2,058,771.50",148,117.15,94.0,10.0,7.87,0.92,"2,734.80","1,183.20",,
2023/07/04,36,CYCL,56.78,1314.7,1417.9,1277.2,1280.0,"1,280.00",0.0,0.0,"1,349.44","18,093.00","1,289.00","24,415,354.60",740,-9.00,140.7,-0.7,11.02,-5.42,"2,734.80","1,195.00",,
2023/07/05,37,CYCL,46.70,1270.0,1285.0,1195.0,1202.0,"1,202.00",0.0,0.0,"1,233.91","5,850.00","1,280.00","7,218,364.30",315,-78.0,90.00,-6.09,7.53,-2.65,"2,734.80","1,195.00",,
2023/07/30,35,CYCL,37.93,1350.0,1360.0,1308.3,1341.0,"1,341.00",0.0,0.0,"1,321.13","2,198.00","1,350.00","2,903,836.90",122,-9.0,51.70,-0.67,3.95,1.48,"2,734.80","1,168.00",,
2023/08/22,38,CYCL,42.56,1190.0,1209.0,1151.1,1190.0,"1,190.00",0.0,0.0,"1,176.62","1,430.00","1,188.00","1,682,569.30",81,2.0,57.9,0.17,5.03,1.12,"2,734.80","1,151.00",,
2023/09/19,36,CYCL,45.27,1012.3,1050.0,980.0,1048.0,"1,048.00",0.0,0.0,"1,010.67","3,185.00","1,032.90","3,218,986.90",135,15.1,70.0,1.46,7.14,3.56,"2,734.80",979.00,,
2023/10/17,39,CYCL,37.36,1020.0,1024.0,1000.0,1015.2,"1,015.20",0.0,0.0,"1,015.57","1,499.00","1,004.00","1,522,340.60",65,11.2,24.0,1.12,2.4,-0.04,"2,734.80",979.00,,
2023/11/26,39,CYCL,39.9,995.0,1010.0,975.0,1000.0,"1,000.00",0.0,0.0,988.18,"1,842.00",975.50,"1,820,227.30",85,24.50,35.00,2.51,3.59,1.18,"2,734.80",956.30,,
2023/12/19,43,CYCL,57.78,1100.0,1100.0,1060.0,1085.0,"1,085.00",0.0,0.0,"1,076.25","5,958.00","1,083.90","6,412,324.90",172,1.1,40.00,0.1,3.77,0.81,"2,723.00",882.00,,
2024/01/17,41,CYCL,67.88,1115.3,1251.8,1115.3,1198.0,"1,198.00",0.0,0.0,"1,210.51","20,606.00","1,138.00","24,943,821.60",537,60.0,136.5,5.27,12.24,-1.04,"2,010.00",882.00,,
2024/02/11,41,CYCL,45.79,1111.0,1117.7,1098.1,1115.0,"1,115.00",0.0,0.0,"1,114.46","6,026.00","1,119.00","6,715,709.30",100,-4.00,19.60,-0.36,1.78,0.05,"1,869.90",882.00,,
2024/03/06,44,CYCL,58.36,1225.0,1350.0,1162.1,1350.0,"1,350.00",0.0,0.0,"1,260.63","21,628.00","1,250.00","27,264,856.40",436,100.0,187.90,8.0,16.17,6.62,"1,560.00",882.00,,
2024/04/02,41,CYCL,39.07,1346.0,1346.0,1282.2,1341.0,"1,341.00",0.0,0.0,"1,303.82","13,538.00","1,335.00","17,651,142.90",167,6.0,63.8,0.45,4.98,2.77,"1,560.00",882.00,,
2024/05/02,42,CYCL,47.56,1465.1,1568.7,1465.1,1550.0,"1,550.00",0.0,0.0,"1,537.94","18,792.00","1,495.00","28,901,055.50",546,55.0,103.6,3.68,7.07,0.78,"1,823.00",882.00,,
2024/05/29,41,CYCL,41.54,1502.0,1502.0,1445.0,1453.0,"1,453.00",0.0,0.0,"1,462.15","7,810.00","1,473.50","11,419,391.70",192,-20.50,57.00,-1.39,3.94,-0.63,"1,823.00",882.00,,
2024/06/24,43,CYCL,50.18,1445.1,1510.0,1445.1,1483.2,"1,483.20",0.0,0.0,"1,491.10","5,023.00","1,469.50","7,489,813.50",115,13.7,64.90,0.93,4.49,-0.53,"1,823.00",882.00,,
2023/04/02,41,CYCL,30.66,1600.0,1629.9,1596.4,1610.0,"1,610.00",0.0,0.0,"1,613.96",731.00,"1,606.00","1,179,804.00",27,4.0,33.5,0.25,2.1,-0.25,"2,040.00","1,487.00","1,679.86","1,675.59"
2023/04/13,41,CYCL,30.66,1600.0,1629.9,1596.4,1610.0,"1,610.00",0.0,0.0,"1,613.96",731.00,"1,606.00","1,179,804.00",27,4.0,33.5,0.25,2.1,-0.25,"2,040.00","1,487.00","1,679.86","1,675.59"
2023/02/28,34,CYCL,30.58,1570.1,1632.0,1507.0,1632.0,"1,632.00",0.0,0.0,"1,547.77","1,875.00","1,600.00","2,902,060.00",92,32.0,125.0,2.0,8.29,5.16,"2,734.80",382.20,,
2023/03/01,35,CYCL,39.56,1599.4,1599.4,1510.0,1538.0,"1,538.00",0.0,0.0,"1,532.49","2,265.00","1,632.00","3,471,090.00",86,-94.00,89.40,-5.76,5.92,0.36,"2,734.80",382.20,,
2023/03/02,35,CYCL,29.11,1508.0,1538.0,1479.4,1483.0,"1,483.00",0.0,0.0,"1,490.29",880.00,"1,538.00","1,311,451.00",51,-55.0,58.6,-3.58,3.96,-0.49,"2,734.80",382.20,,
2023/03/05,36,CYCL,31.09,1465.0,1465.0,1390.0,1408.0,"1,408.00",0.0,0.0,"1,416.73","1,007.00","1,483.00","1,426,651.50",60,-75.0,75.0,-5.06,5.4,-0.62,"2,734.80",382.20,,
2023/03/07,34,CYCL,34.04,1380.1,1408.0,1335.0,1335.0,"1,335.00",0.0,0.0,"1,364.97","2,877.00","1,408.00","3,927,032.80",123,-73.0,73.0,-5.18,5.47,-2.25,"2,734.80",382.20,,
2023/03/09,34,CYCL,33.39,1335.0,1384.9,1335.0,1365.0,"1,365.00",0.0,0.0,"1,363.02","1,178.00","1,335.00","1,605,641.50",67,30.0,49.9,2.25,3.74,0.14,"2,734.80",382.20,,
2023/03/12,34,CYCL,33.45,1345.2,1389.0,1345.2,1380.0,"1,380.00",0.0,0.0,"1,374.70","1,272.00","1,365.00","1,748,619.90",80,15.0,43.8,1.1,3.26,0.38,"2,734.80",382.20,,
2023/03/13,33,CYCL,38.56,1380.0,1380.0,1291.0,1345.0,"1,345.00",0.0,0.0,"1,322.69","3,167.00","1,380.00","4,188,971.70",117,-35.0,89.0,-2.54,6.89,1.66,"2,734.80",382.20,,
2023/03/15,41,CYCL,30.66,1600.0,1629.9,1596.4,1610.0,"1,610.00",0.0,0.0,"1,613.96",731.00,"1,606.00","1,179,804.00",27,4.0,33.5,0.25,2.1,-0.25,"2,040.00","1,487.00","1,679.86","1,675.59"
2023/02/01,34,CYCL,45.16,1830.0,1855.0,1825.3,1855.0,"1,855.00",0.0,0.0,"1,834.11",785.00,"1,855.00","1,439,779.60",65,0.0,29.7,0.0,1.63,1.13,"2,734.80",382.20,,
2023/02/02,36,CYCL,42.4,1818.0,1858.0,1803.2,1804.0,"1,804.00",0.0,0.0,"1,831.19","1,340.00","1,855.00","2,453,791.00",83,-51.0,54.8,-2.75,3.04,-1.51,"2,734.80",382.20,,
2023/02/03,41,CYCL,30.66,1600.0,1629.9,1596.4,1610.0,"1,610.00",0.0,0.0,"1,613.96",731.00,"1,606.00","1,179,804.00",27,4.0,33.5,0.25,2.1,-0.25,"2,040.00","1,487.00","1,679.86","1,675.59"
2023/02/05,38,CYCL,42.77,1804.0,1825.0,1790.0,1805.0,"1,805.00",0.0,0.0,"1,812.92","1,380.00","1,804.00","2,501,827.00",82,1.0,35.0,0.06,1.96,-0.44,"2,734.80",382.20,,
2023/02/06,36,CYCL,38.91,1800.0,1821.0,1786.0,1806.0,"1,806.00",0.0,0.0,"1,802.69","1,108.00","1,805.00","1,997,380.00",71,1.0,35.0,0.06,1.96,0.18,"2,734.80",382.20,,
2023/02/07,35,CYCL,51.64,1800.0,1883.0,1795.0,1883.0,"1,883.00",0.0,0.0,"1,835.11","2,595.00","1,806.00","4,762,104.00",104,77.0,88.0,4.26,4.9,2.54,"2,734.80",382.20,,
2023/02/08,36,CYCL,52.08,1899.0,1899.0,1840.1,1873.0,"1,873.00",0.0,0.0,"1,863.84",988.00,"1,883.00","1,841,469.00",56,-10.0,58.9,-0.53,3.2,0.49,"2,734.80",382.20,,
2023/02/09,35,CYCL,48.65,1840.1,1910.0,1835.0,1870.0,"1,870.00",0.0,0.0,"1,860.50",830.00,"1,873.00","1,544,213.00",60,-3.0,75.0,-0.16,4.09,0.51,"2,734.80",382.20,,
2023/02/12,36,CYCL,44.95,1869.9,1869.9,1806.1,1829.0,"1,829.00",0.0,0.0,"1,823.17",879.00,"1,870.00","1,602,563.20",42,-41.0,63.8,-2.19,3.53,0.32,"2,734.80",382.20,,
2023/02/14,36,CYCL,34.07,1800.0,1830.0,1800.0,1815.0,"1,815.00",0.0,0.0,"1,818.66",680.00,"1,829.00","1,236,686.00",54,-14.00,30.0,-0.77,1.67,-0.2,"2,734.80",382.20,,
2023/02/15,37,CYCL,36.88,1780.0,1822.9,1780.0,1820.0,"1,820.00",0.0,0.0,"1,806.65",680.00,"1,815.00","1,228,520.00",53,5.00,42.90,0.28,2.41,0.73,"2,734.80",382.20,,
2023/02/16,36,CYCL,40.58,1785.1,1826.0,1785.1,1800.0,"1,800.00",0.0,0.0,"1,803.27","1,207.00","1,820.00","2,176,551.00",66,-20.00,40.90,-1.1,2.29,-0.18,"2,734.80",382.20,,
2023/02/20,35,CYCL,39.46,1800.0,1800.0,1740.0,1789.0,"1,789.00",0.0,0.0,"1,772.10","1,394.00","1,800.00","2,470,304.00",75,-11.0,60.0,-0.61,3.45,0.94,"2,734.80",382.20,,
2023/02/22,39,CYCL,47.83,1780.0,1824.5,1721.1,1824.5,"1,824.50",0.0,0.0,"1,743.45","1,875.00","1,789.00","3,268,973.00",109,35.5,103.4,1.98,6.01,4.44,"2,734.80",382.20,,
2023/02/23,36,CYCL,26.54,1788.1,1788.1,1642.1,1642.1,"1,642.10",0.0,0.0,"1,647.64",818.00,"1,824.50","1,347,767.80",19,-182.4,146.0,-10.0,8.89,-0.34,"2,734.80",382.20,,
2023/02/26,36,CYCL,38.59,1609.3,1690.0,1477.9,1690.0,"1,690.00",0.0,0.0,"1,523.41","5,114.00","1,642.10","7,790,709.50",226,47.9,212.1,2.92,14.35,9.86,"2,734.80",382.20,,
2023/01/03,38,CYCL,41.61,1967.8,2087.0,1967.8,2000.0,"2,000.00",0.0,0.0,"2,013.16","8,107.00","1,929.23","16,320,654.20",323,70.77,119.2,3.67,6.06,-0.66,"2,734.80",382.20,,
2023/01/04,38,CYCL,37.45,2040.0,2040.0,1977.0,2020.0,"2,020.00",0.0,0.0,"2,003.15","3,375.00","2,000.00","6,760,634.70",161,20.0,63.0,1.0,3.19,0.83,"2,734.80",382.20,,
2023/01/05,37,CYCL,39.62,2050.0,2144.0,2021.0,2106.1,"2,106.10",0.0,0.0,"2,071.27","3,939.00","2,020.00","8,158,720.70",173,86.1,123.0,4.26,6.09,1.65,"2,734.80",382.20,,
2023/01/08,39,CYCL,41.79,2148.0,2148.0,2050.0,2051.0,"2,051.00",0.0,0.0,"2,083.82","6,353.00","2,106.10","13,238,525.80",192,-55.10,98.00,-2.62,4.78,-1.6,"2,734.80",382.20,,
2023/01/09,36,CYCL,48.25,2050.0,2050.0,2014.2,2018.0,"2,018.00",0.0,0.0,"2,024.95","5,380.00","2,051.00","10,894,234.50",171,-33.0,35.8,-1.61,1.78,-0.34,"2,734.80",382.20,,
2023/01/10,35,CYCL,45.01,2057.9,2057.9,1975.0,1976.0,"1,976.00",0.0,0.0,"1,998.72","6,054.00","2,018.00","12,100,264.20",231,-42.0,82.9,-2.08,4.2,-1.15,"2,734.80",382.20,,
2023/01/12,35,CYCL,43.87,2015.5,2019.0,1922.9,1944.0,"1,944.00",0.0,0.0,"1,964.21","4,309.00","1,976.00","8,463,764.80",162,-32.0,96.1,-1.62,5.0,-1.04,"2,734.80",382.20,,
2023/01/17,36,CYCL,47.84,1980.0,1980.0,1910.0,1980.0,"1,980.00",0.0,0.0,"1,934.94","2,478.00","1,944.00","4,794,773.50",157,36.0,70.0,1.85,3.66,2.28,"2,734.80",382.20,,
2023/01/18,36,CYCL,45.64,1985.0,2010.0,1935.0,1940.0,"1,940.00",0.0,0.0,"1,975.18","1,512.00","1,980.00","2,986,472.50",69,-40.0,75.0,-2.02,3.88,-1.81,"2,734.80",382.20,,
2023/01/19,36,CYCL,45.43,1915.0,1940.0,1902.2,1915.0,"1,915.00",0.0,0.0,"1,915.57",992.00,"1,940.00","1,900,245.80",72,-25.0,37.8,-1.29,1.99,-0.03,"2,734.80",382.20,,
2023/01/23,37,CYCL,47.66,1920.0,1921.0,1890.0,1900.0,"1,900.00",0.0,0.0,"1,903.00","2,326.00","1,915.00","4,426,366.50",110,-15.0,31.0,-0.78,1.64,-0.16,"2,734.80",382.20,,
2023/01/24,37,CYCL,49.59,1880.0,1908.8,1850.0,1908.8,"1,908.80",0.0,0.0,"1,878.78","2,793.00","1,900.00","5,247,432.90",118,8.8,58.8,0.46,3.18,1.57,"2,734.80",382.20,,
2023/01/25,35,CYCL,47.65,1877.0,1920.0,1877.0,1896.5,"1,896.50",0.0,0.0,"1,902.19","1,143.00","1,908.80","2,174,207.50",71,-12.3,43.0,-0.64,2.29,-0.3,"2,734.80",382.20,,
2023/01/26,34,CYCL,51.28,1890.0,1942.0,1890.0,1890.3,"1,890.30",0.0,0.0,"1,912.18","2,160.00","1,896.50","4,130,304.00",105,-6.2,52.0,-0.33,2.75,-1.16,"2,734.80",382.20,,
2023/01/29,37,CYCL,47.16,1863.0,1905.0,1863.0,1895.0,"1,895.00",0.0,0.0,"1,880.91",982.00,"1,890.30","1,847,058.00",72,4.7,42.0,0.25,2.25,0.74,"2,734.80",382.20,,
2023/01/30,37,CYCL,48.05,1861.0,1880.0,1861.0,1867.0,"1,867.00",0.0,0.0,"1,867.06","2,130.00","1,895.00","3,976,844.00",83,-28.0,19.0,-1.48,1.02,0.0,"2,734.80",382.20,,
2022/12/11,35,CYCL,43.09,1732.1,1868.0,1732.1,1868.0,"1,868.00",0.0,0.0,"1,852.45","1,150.00","1,698.20","2,130,313.20",118,169.8,135.9,10.0,7.85,0.83,"1,868.00",382.20,,
2022/12/12,35,CYCL,43.09,1905.0,2054.8,1905.0,2054.8,"2,054.80",0.0,0.0,"2,052.07","1,489.00","1,868.00","3,055,538.30",89,186.8,149.8,10.0,7.86,0.13,"2,054.80",382.20,,
2022/12/13,36,CYCL,42.72,2014.1,2260.2,2014.1,2260.2,"2,260.20",0.0,0.0,"2,255.97","2,019.00","2,054.80","4,554,799.80",123,205.4,246.1,10.0,12.22,0.19,"2,260.20",382.20,,
2022/12/14,36,CYCL,35.44,2305.4,2486.2,2305.4,2486.2,"2,486.20",0.0,0.0,"2,480.37",760.00,"2,260.20","1,885,082.00",76,226.0,180.8,10.0,7.84,0.23,"2,486.20",382.20,,
2022/12/15,35,CYCL,39.24,2535.9,2734.8,2341.0,2405.0,"2,405.00",0.0,0.0,"2,471.39","25,894.00","2,486.20","63,994,164.70","2,187",-81.2,393.8,-3.27,16.82,-2.76,"2,734.80",382.20,,
2022/12/18,36,CYCL,38.51,2405.0,2405.0,2335.1,2341.0,"2,341.00",0.0,0.0,"2,363.93","13,170.00","2,405.00","31,132,998.00","1,144",-64.0,69.9,-2.66,2.99,-0.98,"2,734.80",382.20,,
2022/12/19,36,CYCL,34.11,2341.0,2520.0,2318.0,2481.0,"2,481.00",0.0,0.0,"2,378.61","5,360.00","2,341.00","12,749,348.50",455,140.0,202.0,5.98,8.71,4.13,"2,734.80",382.20,,
2022/12/20,36,CYCL,36.29,2499.0,2723.0,2470.0,2670.0,"2,670.00",0.0,0.0,"2,584.45","8,826.00","2,481.00","22,810,319.00",482,189.0,253.0,7.62,10.24,3.2,"2,734.80",382.20,,
2022/12/21,37,CYCL,34.14,2700.0,2710.0,2617.0,2648.0,"2,648.00",0.0,0.0,"2,660.98","8,055.00","2,670.00","21,434,185.50",416,-22.0,93.0,-0.82,3.55,-0.49,"2,734.80",382.20,,
2022/12/22,35,CYCL,33.78,2680.0,2680.0,2518.0,2593.0,"2,593.00",0.0,0.0,"2,564.40","5,725.00","2,648.00","14,681,211.00",341,-55.0,162.0,-2.08,6.43,1.1,"2,734.80",382.20,,
2022/12/26,33,CYCL,38.97,2644.0,2644.0,2420.0,2472.0,"2,472.00",0.0,0.0,"2,458.61","11,147.00","2,593.00","27,406,162.20",547,-121.0,224.0,-4.67,9.26,0.54,"2,734.80",382.20,,
2022/12/27,36,CYCL,39.16,2480.0,2500.0,2423.0,2426.0,"2,426.00",0.0,0.0,"2,441.30","7,093.00","2,472.00","17,316,143.00",388,-46.0,77.00,-1.86,3.18,-0.63,"2,734.80",382.20,,
2022/12/28,41,CYCL,30.66,1600.0,1629.9,1596.4,1610.0,"1,610.00",0.0,0.0,"1,613.96",731.00,"1,606.00","1,179,804.00",27,4.0,33.5,0.25,2.1,-0.25,"2,040.00","1,487.00","1,679.86","1,675.59"
2022/12/29,37,CYCL,35.74,2400.0,2447.0,2400.0,2440.0,"2,440.00",0.0,0.0,"2,432.21","2,489.00","2,427.00","6,053,777.50",174,13.0,47.0,0.54,1.96,0.32,"2,734.80",382.20,,
2023/01/01,39,CYCL,38.8,2480.0,2480.0,2392.0,2450.0,"2,450.00",0.0,0.0,"2,451.37","5,342.00","2,440.00","13,095,199.80",249,10.0,88.00,0.41,3.68,-0.06,"2,734.80",382.20,,
2022/11/19,41,CYCL,30.66,1600.0,1629.9,1596.4,1610.0,"1,610.00",0.0,0.0,"1,613.96",731.00,"1,606.00","1,179,804.00",27,4.0,33.5,0.25,2.1,-0.25,"2,040.00","1,487.00","1,679.86","1,675.59"
2022/10/09,41,CYCL,30.66,1600.0,1629.9,1596.4,1610.0,"1,610.00",0.0,0.0,"1,613.96",731.00,"1,606.00","1,179,804.00",27,4.0,33.5,0.25,2.1,-0.25,"2,040.00","1,487.00","1,679.86","1,675.59"
2022/08/21,41,CYCL,30.66,1600.0,1629.9,1596.4,1610.0,"1,610.00",0.0,0.0,"1,613.96",731.00,"1,606.00","1,179,804.00",27,4.0,33.5,0.25,2.1,-0.25,"2,040.00","1,487.00","1,679.86","1,675.59"
2022/07/23,41,CYCL,30.66,1600.0,1629.9,1596.4,1610.0,"1,610.00",0.0,0.0,"1,613.96",731.00,"1,606.00","1,179,804.00",27,4.0,33.5,0.25,2.1,-0.25,"2,040.00","1,487.00","1,679.86","1,675.59"
2022/06/19,32,CYCL,40.92,446.0,454.9,446.0,454.9,454.90,0.0,0.0,450.14,30.00,437.30,"13,504.20",4,17.6,8.90,4.02,2.0,1.05,454.90,382.20,,
2022/06/20,31,CYCL,45.12,463.9,500.3,463.9,500.3,500.30,0.0,0.0,487.50,70.00,454.90,"34,125.00",7,45.4,36.40,9.98,7.85,2.56,500.30,382.20,,
2022/06/21,32,CYCL,44.22,510.3,550.3,510.3,550.3,550.30,0.0,0.0,526.03,60.00,500.30,"31,562.00",7,50.0,40.00,9.99,7.84,4.41,550.30,382.20,,
2022/06/23,31,CYCL,40.36,561.3,605.3,561.3,605.3,605.30,0.0,0.0,583.70,50.00,550.30,"29,185.00",5,55.0,44.0,9.99,7.84,3.57,605.30,382.20,,
2022/06/24,33,CYCL,41.06,617.4,655.0,617.4,655.0,655.00,0.0,0.0,628.06,50.00,605.30,"31,403.20",7,49.7,37.6,8.21,6.09,4.11,655.00,382.20,,
2022/06/26,31,CYCL,40.24,668.1,720.5,668.1,720.5,720.50,0.0,0.0,702.13,70.00,655.00,"49,149.00",7,65.5,52.4,10.0,7.84,2.55,720.50,382.20,,
2022/06/27,31,CYCL,39.86,734.9,792.5,734.9,792.5,792.50,0.0,0.0,772.27,70.00,720.50,"54,059.00",6,72.0,57.6,9.99,7.84,2.55,792.50,382.20,,
2022/06/28,31,CYCL,43.01,780.0,871.7,780.0,871.7,871.70,0.0,0.0,836.85,89.00,792.50,"74,479.30",9,79.2,91.7,9.99,11.76,4.0,871.70,382.20,,
2022/06/29,31,CYCL,38.35,889.1,958.8,889.1,958.8,958.80,0.0,0.0,937.41,80.00,871.70,"74,993.00",8,87.1,69.7,9.99,7.84,2.23,958.80,382.20,,
2022/06/30,32,CYCL,39.5,977.9,1054.6,977.9,1054.6,"1,054.60",0.0,0.0,"1,035.21",100.00,958.80,"103,520.70",11,95.80,76.70,9.99,7.84,1.84,"1,054.60",382.20,,
2022/07/01,31,CYCL,40.88,1075.6,1160.0,1075.6,1160.0,"1,160.00",0.0,0.0,"1,119.06",76.00,"1,054.60","85,048.90",12,105.4,84.4,9.99,7.85,3.53,"1,160.00",382.20,,
2022/07/03,33,CYCL,40.48,1183.2,1276.0,1183.2,1276.0,"1,276.00",0.0,0.0,"1,247.28",88.00,"1,160.00","109,760.60",10,116.0,92.8,10.0,7.84,2.25,"1,276.00",382.20,,
2022/07/04,33,CYCL,45.72,1301.5,1403.6,1301.5,1403.6,"1,403.60",0.0,0.0,"1,384.89",170.00,"1,276.00","235,432.00",31,127.6,102.10,10.0,7.84,1.33,"1,403.60",382.20,,
2022/07/05,33,CYCL,40.41,1431.6,1543.9,1431.6,1543.9,"1,543.90",0.0,0.0,"1,523.41",144.00,"1,403.60","219,370.50",16,140.3,112.3,10.0,7.84,1.33,"1,543.90",382.20,,
2022/07/06,32,CYCL,41.12,1574.7,1698.2,1574.7,1698.2,"1,698.20",0.0,0.0,"1,670.08",134.00,"1,543.90","223,790.20",14,154.3,123.5,9.99,7.84,1.66,"1,698.20",382.20,,
2022/06/12,41,CYCL,30.66,1600.0,1629.9,1596.4,1610.0,"1,610.00",0.0,0.0,"1,613.96",731.00,"1,606.00","1,179,804.00",27,4.0,33.5,0.25,2.1,-0.25,"2,040.00","1,487.00","1,679.86","1,675.59"
2022/06/13,34,CYCL,36.51,382.2,382.2,382.2,382.2,382.20,0.0,0.0,380.80,60.00,382.20,"22,848.10",11,0.0,0.0,0.0,0.0,0.37,382.20,382.20,,
2022/06/15,32,CYCL,44.32,389.8,420.4,389.8,420.4,420.40,0.0,0.0,401.80,60.00,382.20,"24,108.00",7,38.2,30.60,9.99,7.85,4.42,420.40,382.20,,
2022/05/06,41,CYCL,30.66,1600.0,1629.9,1596.4,1610.0,"1,610.00",0.0,0.0,"1,613.96",731.00,"1,606.00","1,179,804.00",27,4.0,33.5,0.25,2.1,-0.25,"2,040.00","1,487.00","1,679.86","1,675.59"
2022/03/27,41,CYCL,30.66,1600.0,1629.9,1596.4,1610.0,"1,610.00",0.0,0.0,"1,613.96",731.00,"1,606.00","1,179,804.00",27,4.0,33.5,0.25,2.1,-0.25,"2,040.00","1,487.00","1,679.86","1,675.59"
2022/06/17,29,CYCL,44.61,428.8,437.3,428.8,437.3,437.30,0.0,0.0,433.05,20.00,420.40,"8,661.00",2,16.9,8.5,4.02,1.98,0.97,437.30,382.20,,
2023/01/02,37,CYCL,43.7,2460.0,2525.5,2450.1,2508.0,"2,508.00",0.0,0.0,"2,499.04","9,223.00","2,450.00","23,048,685.10",535,58.0,75.4,2.37,3.08,0.36,"2,734.80",382.20,,
2023/01/31,34,CYCL,47.52,1855.1,1855.1,1830.0,1855.0,"1,855.00",0.0,0.0,"1,837.92","2,288.00","1,867.00","4,205,171.80",106,-12.0,25.1,-0.64,1.37,0.92,"2,734.80",382.20,,
2023/02/27,35,CYCL,31.65,1690.0,1690.0,1571.0,1600.0,"1,600.00",0.0,0.0,"1,622.14","1,793.00","1,690.00","2,908,491.50",79,-90.0,119.00,-5.33,7.57,-1.38,"2,734.80",382.20,,
2019/10/05,41,CYCL,30.66,1600.0,1629.9,1596.4,1610.0,"1,610.00",0.0,0.0,"1,613.96",731.00,"1,606.00","1,179,804.00",27,4.0,33.5,0.25,2.1,-0.25,"2,040.00","1,487.00","1,679.86","1,675.59"
2024/07/17,41,CYCL,30.66,1600.0,1629.9,1596.4,1610.0,"1,610.00",0.0,0.0,"1,613.96",731.00,"1,606.00","1,179,804.00",27,4.0,33.5,0.25,2.1,-0.25,"2,040.00","1,487.00","1,679.86","1,675.59"
2022/02/15,41,CYCL,30.66,1600.0,1629.9,1596.4,1610.0,"1,610.00",0.0,0.0,"1,613.96",731.00,"1,606.00","1,179,804.00",27,4.0,33.5,0.25,2.1,-0.25,"2,040.00","1,487.00","1,679.86","1,675.59"
2022/01/06,41,CYCL,30.66,1600.0,1629.9,1596.4,1610.0,"1,610.00",0.0,0.0,"1,613.96",731.00,"1,606.00","1,179,804.00",27,4.0,33.5,0.25,2.1,-0.25,"2,040.00","1,487.00","1,679.86","1,675.59"
2021/10/19,41,CYCL,30.66,1600.0,1629.9,1596.4,1610.0,"1,610.00",0.0,0.0,"1,613.96",731.00,"1,606.00","1,179,804.00",27,4.0,33.5,0.25,2.1,-0.25,"2,040.00","1,487.00","1,679.86","1,675.59"
2021/09/10,41,CYCL,30.66,1600.0,1629.9,1596.4,1610.0,"1,610.00",0.0,0.0,"1,613.96",731.00,"1,606.00","1,179,804.00",27,4.0,33.5,0.25,2.1,-0.25,"2,040.00","1,487.00","1,679.86","1,675.59"
2021/06/21,41,CYCL,30.66,1600.0,1629.9,1596.4,1610.0,"1,610.00",0.0,0.0,"1,613.96",731.00,"1,606.00","1,179,804.00",27,4.0,33.5,0.25,2.1,-0.25,"2,040.00","1,487.00","1,679.86","1,675.59"
2021/04/03,41,CYCL,30.66,1600.0,1629.9,1596.4,1610.0,"1,610.00",0.0,0.0,"1,613.96",731.00,"1,606.00","1,179,804.00",27,4.0,33.5,0.25,2.1,-0.25,"2,040.00","1,487.00","1,679.86","1,675.59"
2021/02/21,41,CYCL,30.66,1600.0,1629.9,1596.4,1610.0,"1,610.00",0.0,0.0,"1,613.96",731.00,"1,606.00","1,179,804.00",27,4.0,33.5,0.25,2.1,-0.25,"2,040.00","1,487.00","1,679.86","1,675.59"
2021/01/13,41,CYCL,30.66,1600.0,1629.9,1596.4,1610.0,"1,610.00",0.0,0.0,"1,613.96",731.00,"1,606.00","1,179,804.00",27,4.0,33.5,0.25,2.1,-0.25,"2,040.00","1,487.00","1,679.86","1,675.59"
2020/12/04,41,CYCL,30.66,1600.0,1629.9,1596.4,1610.0,"1,610.00",0.0,0.0,"1,613.96",731.00,"1,606.00","1,179,804.00",27,4.0,33.5,0.25,2.1,-0.25,"2,040.00","1,487.00","1,679.86","1,675.59"
2020/10/25,41,CYCL,30.66,1600.0,1629.9,1596.4,1610.0,"1,610.00",0.0,0.0,"1,613.96",731.00,"1,606.00","1,179,804.00",27,4.0,33.5,0.25,2.1,-0.25,"2,040.00","1,487.00","1,679.86","1,675.59"
2020/09/22,41,CYCL,30.66,1600.0,1629.9,1596.4,1610.0,"1,610.00",0.0,0.0,"1,613.96",731.00,"1,606.00","1,179,804.00",27,4.0,33.5,0.25,2.1,-0.25,"2,040.00","1,487.00","1,679.86","1,675.59"
2020/09/23,41,CYCL,30.66,1600.0,1629.9,1596.4,1610.0,"1,610.00",0.0,0.0,"1,613.96",731.00,"1,606.00","1,179,804.00",27,4.0,33.5,0.25,2.1,-0.25,"2,040.00","1,487.00","1,679.86","1,675.59"
2020/09/13,41,CYCL,30.66,1600.0,1629.9,1596.4,1610.0,"1,610.00",0.0,0.0,"1,613.96",731.00,"1,606.00","1,179,804.00",27,4.0,33.5,0.25,2.1,-0.25,"2,040.00","1,487.00","1,679.86","1,675.59"
2020/08/05,41,CYCL,30.66,1600.0,1629.9,1596.4,1610.0,"1,610.00",0.0,0.0,"1,613.96",731.00,"1,606.00","1,179,804.00",27,4.0,33.5,0.25,2.1,-0.25,"2,040.00","1,487.00","1,679.86","1,675.59"
2020/06/22,41,CYCL,30.66,1600.0,1629.9,1596.4,1610.0,"1,610.00",0.0,0.0,"1,613.96",731.00,"1,606.00","1,179,804.00",27,4.0,33.5,0.25,2.1,-0.25,"2,040.00","1,487.00","1,679.86","1,675.59"
2020/02/15,41,CYCL,30.66,1600.0,1629.9,1596.4,1610.0,"1,610.00",0.0,0.0,"1,613.96",731.00,"1,606.00","1,179,804.00",27,4.0,33.5,0.25,2.1,-0.25,"2,040.00","1,487.00","1,679.86","1,675.59"
2019/11/20,41,CYCL,30.66,1600.0,1629.9,1596.4,1610.0,"1,610.00",0.0,0.0,"1,613.96",731.00,"1,606.00","1,179,804.00",27,4.0,33.5,0.25,2.1,-0.25,"2,040.00","1,487.00","1,679.86","1,675.59"
2019/08/25,41,CYCL,30.66,1600.0,1629.9,1596.4,1610.0,"1,610.00",0.0,0.0,"1,613.96",731.00,"1,606.00","1,179,804.00",27,4.0,33.5,0.25,2.1,-0.25,"2,040.00","1,487.00","1,679.86","1,675.59"
2019/06/02,41,CYCL,30.66,1600.0,1629.9,1596.4,1610.0,"1,610.00",0.0,0.0,"1,613.96",731.00,"1,606.00","1,179,804.00",27,4.0,33.5,0.25,2.1,-0.25,"2,040.00","1,487.00","1,679.86","1,675.59"
2019/04/21,41,CYCL,30.66,1600.0,1629.9,1596.4,1610.0,"1,610.00",0.0,0.0,"1,613.96",731.00,"1,606.00","1,179,804.00",27,4.0,33.5,0.25,2.1,-0.25,"2,040.00","1,487.00","1,679.86","1,675.59"
2019/03/10,41,CYCL,30.66,1600.0,1629.9,1596.4,1610.0,"1,610.00",0.0,0.0,"1,613.96",731.00,"1,606.00","1,179,804.00",27,4.0,33.5,0.25,2.1,-0.25,"2,040.00","1,487.00","1,679.86","1,675.59"
2018/09/19,41,CYCL,30.66,1600.0,1629.9,1596.4,1610.0,"1,610.00",0.0,0.0,"1,613.96",731.00,"1,606.00","1,179,804.00",27,4.0,33.5,0.25,2.1,-0.25,"2,040.00","1,487.00","1,679.86","1,675.59"
2018/12/13,41,CYCL,30.66,1600.0,1629.9,1596.4,1610.0,"1,610.00",0.0,0.0,"1,613.96",731.00,"1,606.00","1,179,804.00",27,4.0,33.5,0.25,2.1,-0.25,"2,040.00","1,487.00","1,679.86","1,675.59"
2019/08/19,41,CYCL,30.66,1600.0,1629.9,1596.4,1610.0,"1,610.00",0.0,0.0,"1,613.96",731.00,"1,606.00","1,179,804.00",27,4.0,33.5,0.25,2.1,-0.25,"2,040.00","1,487.00","1,679.86","1,675.59"
2018/05/16,41,CYCL,30.66,1600.0,1629.9,1596.4,1610.0,"1,610.00",0.0,0.0,"1,613.96",731.00,"1,606.00","1,179,804.00",27,4.0,33.5,0.25,2.1,-0.25,"2,040.00","1,487.00","1,679.86","1,675.59"
2018/04/06,41,CYCL,30.66,1600.0,1629.9,1596.4,1610.0,"1,610.00",0.0,0.0,"1,613.96",731.00,"1,606.00","1,179,804.00",27,4.0,33.5,0.25,2.1,-0.25,"2,040.00","1,487.00","1,679.86","1,675.59"
2018/02/25,41,CYCL,30.66,1600.0,1629.9,1596.4,1610.0,"1,610.00",0.0,0.0,"1,613.96",731.00,"1,606.00","1,179,804.00",27,4.0,33.5,0.25,2.1,-0.25,"2,040.00","1,487.00","1,679.86","1,675.59"
2017/11/16,41,CYCL,30.66,1600.0,1629.9,1596.4,1610.0,"1,610.00",0.0,0.0,"1,613.96",731.00,"1,606.00","1,179,804.00",27,4.0,33.5,0.25,2.1,-0.25,"2,040.00","1,487.00","1,679.86","1,675.59"
2017/10/19,41,CYCL,30.66,1600.0,1629.9,1596.4,1610.0,"1,610.00",0.0,0.0,"1,613.96",731.00,"1,606.00","1,179,804.00",27,4.0,33.5,0.25,2.1,-0.25,"2,040.00","1,487.00","1,679.86","1,675.59"
2017/09/06,41,CYCL,30.66,1600.0,1629.9,1596.4,1610.0,"1,610.00",0.0,0.0,"1,613.96",731.00,"1,606.00","1,179,804.00",27,4.0,33.5,0.25,2.1,-0.25,"2,040.00","1,487.00","1,679.86","1,675.59"
2017/06/12,41,CYCL,30.66,1600.0,1629.9,1596.4,1610.0,"1,610.00",0.0,0.0,"1,613.96",731.00,"1,606.00","1,179,804.00",27,4.0,33.5,0.25,2.1,-0.25,"2,040.00","1,487.00","1,679.86","1,675.59"
2017/04/30,41,CYCL,30.66,1600.0,1629.9,1596.4,1610.0,"1,610.00",0.0,0.0,"1,613.96",731.00,"1,606.00","1,179,804.00",27,4.0,33.5,0.25,2.1,-0.25,"2,040.00","1,487.00","1,679.86","1,675.59"
