Date,S.No,Symbol,Conf.,Open,High,Low,Close,LTP,Close - LTP,Close - LTP %,VWAP,Vol,Prev. Close,Turnover,Trans.,Diff,Range,Diff %,Range %,VWAP %,52 Weeks High,52 Weeks Low,120 Days,180 Days
2025/08/25,43,DDBL,40.32,915.0,941.0,904.1,909.95,911.50,-1.55,0.0,913.73,"28,248.00",901.72,"25,810,943.70",223,8.23,36.9,0.91,4.08,-0.42,"1,085.00",759.00,,
2025/08/26,43,DDBL,32.72,915.0,915.0,900.0,901.73,907.00,-5.27,-0.01,904.74,"6,268.00",909.95,"5,670,941.30",83,-8.22,15.0,-0.9,1.67,-0.33,"1,072.50",759.00,,
2025/08/27,45,DDBL,38.3,903.0,914.0,903.0,913.26,913.00,0.26,0.0,909.28,"12,508.00",901.73,"11,373,309.40",125,11.53,11.0,1.28,1.22,0.44,"1,072.50",759.00,,
2025/08/28,44,DDBL,38.95,913.0,913.0,890.1,892.68,893.00,-0.32,0.0,900.28,"29,669.00",913.26,"26,710,476.70",335,-20.58,22.9,-2.25,2.57,-0.85,"1,072.50",759.00,,
2025/08/31,42,DDBL,29.21,885.1,900.0,881.0,883.07,887.00,-3.93,0.0,889.96,"11,244.00",892.68,"10,006,737.70",155,-9.61,19.0,-1.08,2.16,-0.78,"1,072.50",759.00,,
2025/09/01,43,DDBL,25.85,876.0,890.0,876.0,884.68,882.50,2.18,0.0,884.25,"5,286.00",883.07,"4,674,128.60",53,1.61,14.0,0.18,1.6,0.05,"1,072.50",759.00,,
2025/09/02,44,DDBL,29.25,878.2,891.0,873.0,880.71,887.00,-6.29,-0.01,879.03,"8,787.00",884.68,"7,723,997.20",116,-3.97,18.0,-0.45,2.06,0.19,"1,072.50",759.00,,
2025/09/03,45,DDBL,24.23,870.5,880.0,870.5,871.39,871.10,0.29,0.0,872.87,"5,443.00",880.71,"4,751,017.60",65,-9.32,9.5,-1.06,1.09,-0.17,"1,029.00",759.00,,
2025/09/04,44,DDBL,29.67,868.0,888.0,865.0,871.88,865.10,6.78,0.01,870.59,"11,543.00",871.39,"10,049,255.20",98,0.49,23.0,0.06,2.66,0.15,"1,015.00",759.00,,
2025/09/07,47,DDBL,28.63,858.1,882.0,858.1,866.8,869.00,-2.2,0.0,869.28,"5,386.00",871.88,"4,681,933.50",67,-5.08,23.9,-0.58,2.79,-0.29,"1,015.00",759.00,,
2025/09/08,44,DDBL,29.16,861.1,869.0,855.0,861.27,861.00,0.27,0.0,862.71,"7,329.00",866.80,"6,322,772.00",79,-5.53,14.0,-0.64,1.64,-0.17,"1,015.00",759.00,,
2025/09/18,38,DDBL,18.8,844.1,844.1,812.0,812.0,812.00,0.0,0.0,830.76,370.00,861.27,"307,380.00",7,-49.27,32.1,-5.72,3.95,-2.31,"1,010.00",759.00,,
2025/09/21,45,DDBL,30.84,812.0,847.0,802.0,842.58,841.00,1.58,0.0,832.39,"10,877.00",812.00,"9,053,907.30",159,30.58,45.00,3.77,5.61,1.21,"1,010.00",759.00,,
2025/09/23,46,DDBL,37.72,840.0,867.8,840.0,867.8,867.80,0.0,0.0,855.17,"5,679.00",842.58,"4,856,485.70",99,25.22,27.8,2.99,3.31,1.46,"1,010.00",759.00,,
2025/09/24,42,DDBL,30.98,854.7,860.0,850.0,852.0,852.00,0.0,0.0,852.98,"6,591.00",867.80,"5,621,992.40",88,-15.80,10.0,-1.82,1.18,-0.12,"1,010.00",759.00,,
2025/09/25,43,DDBL,37.56,855.0,861.0,850.0,858.0,858.00,0.0,0.0,854.19,"9,779.00",852.00,"8,353,168.60",71,6.0,11.0,0.7,1.29,0.44,"1,010.00",759.00,835.13,827.49
2025/07/30,40,DDBL,37.2,992.0,996.0,946.0,955.0,946.00,9.0,0.01,970.30,"59,962.00",992.08,"58,180,877.90",501,-37.08,50.0,-3.74,5.29,-1.6,"1,099.00",759.00,,
2025/07/31,43,DDBL,34.88,965.0,975.0,931.0,943.27,940.00,3.27,0.0,951.05,"50,265.00",955.00,"47,804,700.40",405,-11.73,44.0,-1.23,4.73,-0.83,"1,099.00",759.00,,
2025/08/03,43,DDBL,32.18,943.2,981.0,910.0,913.8,916.00,-2.2,0.0,924.01,"55,538.00",943.27,"51,317,522.60",397,-29.47,71.0,-3.12,7.8,-1.12,"1,099.00",759.00,,
2025/08/04,44,DDBL,29.91,928.0,932.0,898.0,915.17,915.00,0.17,0.0,911.49,"41,178.00",913.80,"37,533,414.80",271,1.37,34.0,0.15,3.79,0.4,"1,099.00",759.00,,
2025/08/05,45,DDBL,29.84,928.0,928.0,905.0,917.24,915.10,2.14,0.0,916.11,"25,491.00",915.17,"23,352,589.00",197,2.07,23.0,0.23,2.54,0.12,"1,099.00",759.00,,
2025/08/06,45,DDBL,25.79,906.1,933.0,902.1,920.75,923.00,-2.25,0.0,918.73,"17,569.00",917.24,"16,141,193.20",181,3.51,30.90,0.38,3.43,0.22,"1,099.00",759.00,,
2025/08/07,42,DDBL,24.54,920.1,935.0,920.1,926.16,931.80,-5.64,-0.01,928.89,"13,473.00",920.75,"12,514,905.60",135,5.41,14.9,0.59,1.62,-0.29,"1,099.00",759.00,,
2025/08/11,45,DDBL,29.14,927.0,944.0,909.5,911.4,919.00,-7.6,-0.01,921.70,"25,625.00",926.16,"23,618,594.50",170,-14.76,34.5,-1.59,3.79,-1.13,"1,099.00",759.00,,
2025/08/12,44,DDBL,28.47,922.0,922.0,903.6,907.06,905.00,2.06,0.0,905.43,"37,888.00",911.40,"34,304,928.90",142,-4.34,18.4,-0.48,2.04,0.18,"1,099.00",759.00,,
2025/08/13,38,DDBL,21.64,910.0,927.9,900.0,908.64,908.00,0.64,0.0,911.35,"11,228.00",907.06,"10,232,643.60",105,1.58,27.9,0.17,3.1,-0.3,"1,099.00",759.00,,
2025/08/14,41,DDBL,20.08,908.0,914.0,904.0,911.18,907.50,3.68,0.0,909.15,"3,041.00",908.64,"2,764,736.60",56,2.54,10.0,0.28,1.11,0.22,"1,099.00",759.00,,
2025/08/17,41,DDBL,23.81,920.0,920.0,901.0,906.14,910.00,-3.86,0.0,908.81,"15,120.00",911.18,"13,741,229.70",122,-5.04,19.0,-0.55,2.11,-0.29,"1,099.00",759.00,,
2025/08/18,45,DDBL,21.89,902.0,917.6,898.0,903.51,908.50,-4.99,-0.01,902.93,"13,384.00",906.14,"12,084,759.60",112,-2.63,19.6,-0.29,2.18,0.06,"1,099.00",759.00,,
2025/08/19,41,DDBL,20.13,903.51,920.0,900.0,902.05,912.00,-9.95,-0.01,905.53,"7,740.00",903.51,"7,008,822.80",82,-1.46,20.0,-0.16,2.22,-0.39,"1,085.00",759.00,,
2025/08/20,45,DDBL,26.26,910.0,913.9,898.0,899.47,905.00,-5.53,-0.01,903.78,"9,975.00",902.05,"9,015,244.50",81,-2.58,15.9,-0.29,1.77,-0.48,"1,085.00",759.00,,
2025/08/21,43,DDBL,29.1,900.0,901.1,889.0,894.29,893.00,1.29,0.0,893.74,"12,738.00",899.47,"11,384,442.10",113,-5.18,12.1,-0.58,1.36,0.06,"1,085.00",759.00,,
2025/07/07,40,DDBL,35.48,815.0,819.9,806.0,808.97,810.00,-1.03,0.0,812.03,"12,160.00",815.77,"9,874,258.00",82,-6.8,13.9,-0.83,1.72,-0.38,"1,099.00",759.00,,
2025/07/08,41,DDBL,37.35,809.0,825.0,804.0,821.87,824.70,-2.83,0.0,817.61,"14,637.00",808.97,"11,967,325.10",120,12.9,21.0,1.59,2.61,0.52,"1,099.00",759.00,,
2025/07/09,40,DDBL,43.65,818.0,833.0,816.0,829.44,832.90,-3.46,0.0,827.74,"17,148.00",821.87,"14,194,074.30",167,7.57,17.0,0.92,2.08,0.21,"1,099.00",759.00,,
2025/07/10,42,DDBL,49.89,839.0,848.0,832.0,841.55,845.00,-3.45,0.0,839.24,"34,328.00",829.44,"28,809,283.80",254,12.11,16.0,1.46,1.92,0.28,"1,099.00",759.00,,
2025/07/13,41,DDBL,50.35,858.3,892.0,858.3,873.66,878.90,-5.24,-0.01,874.51,"56,642.00",841.55,"49,533,890.40",444,32.11,33.7,3.82,3.93,-0.1,"1,099.00",759.00,,
2025/07/14,43,DDBL,48.75,856.2,894.0,856.2,861.05,861.00,0.05,0.0,860.26,"60,408.00",873.66,"51,966,864.60",198,-12.61,37.80,-1.44,4.41,0.09,"1,099.00",759.00,,
2025/07/15,42,DDBL,43.2,843.9,895.4,843.9,866.69,876.00,-9.31,-0.01,870.05,"31,058.00",861.05,"27,022,041.20",215,5.64,51.50,0.66,6.1,-0.39,"1,099.00",759.00,,
2025/07/16,43,DDBL,47.64,849.4,896.0,849.4,882.25,883.00,-0.75,0.0,885.22,"58,218.00",866.69,"51,535,479.80",325,15.56,46.6,1.8,5.49,-0.34,"1,099.00",759.00,,
2025/07/17,41,DDBL,46.54,864.7,914.9,864.7,904.0,904.00,0.0,0.0,904.75,"46,301.00",882.25,"41,890,625.30",345,21.75,50.20,2.47,5.81,-0.08,"1,099.00",759.00,,
2025/07/20,42,DDBL,43.92,909.0,938.0,901.0,919.02,915.00,4.02,0.0,923.23,"66,222.00",904.00,"61,138,232.90",502,15.02,37.0,1.66,4.11,-0.46,"1,099.00",759.00,,
2025/07/21,43,DDBL,42.81,919.0,946.6,907.0,942.32,946.60,-4.28,0.0,930.87,"54,060.00",919.02,"50,322,636.30",391,23.3,39.6,2.54,4.37,1.22,"1,099.00",759.00,,
2025/07/22,41,DDBL,46.97,953.0,980.0,953.0,975.87,975.00,0.87,0.0,970.06,"76,898.00",942.32,"74,595,318.70",511,33.55,27.0,3.56,2.83,0.6,"1,099.00",759.00,,
2025/07/23,41,DDBL,44.95,986.0,995.0,952.3,971.1,980.00,-8.9,-0.01,968.52,"58,529.00",975.87,"56,686,630.00",505,-4.77,42.70,-0.49,4.48,0.27,"1,099.00",759.00,,
2025/07/24,42,DDBL,44.59,963.0,986.0,961.0,971.4,975.00,-3.6,0.0,971.57,"57,145.00",971.10,"55,520,164.30",356,0.3,25.0,0.03,2.6,-0.02,"1,099.00",759.00,,
2025/07/27,43,DDBL,46.43,971.0,1007.0,970.0,986.64,988.00,-1.36,0.0,992.49,"110,451.00",971.40,"109,621,395.60",663,15.24,37.0,1.57,3.81,-0.59,"1,099.00",759.00,,
2025/07/28,43,DDBL,41.62,992.1,996.9,971.3,984.96,988.00,-3.04,0.0,983.25,"70,865.00",986.64,"69,678,152.20",494,-1.68,25.6,-0.17,2.64,0.17,"1,099.00",759.00,,
2025/06/12,42,DDBL,38.3,790.3,803.8,790.3,795.9,797.00,-1.1,0.0,796.12,"6,463.00",800.48,"5,145,352.80",62,-4.58,13.5,-0.57,1.71,-0.03,"1,099.00",759.00,,
2025/06/15,43,DDBL,33.62,789.0,805.0,789.0,795.51,798.50,-2.99,0.0,797.39,"7,206.00",795.90,"5,746,008.10",62,-0.39,16.0,-0.05,2.03,-0.24,"1,099.00",759.00,,
2025/06/16,44,DDBL,35.29,799.9,806.0,798.0,804.71,804.70,0.01,0.0,801.92,"8,136.00",795.51,"6,524,399.20",66,9.2,8.0,1.16,1.0,0.35,"1,099.00",759.00,,
2025/06/17,41,DDBL,36.21,800.2,818.0,799.0,809.72,811.00,-1.28,0.0,810.52,"11,229.00",804.71,"9,101,381.50",137,5.01,19.0,0.62,2.38,-0.1,"1,099.00",759.00,,
2025/06/18,42,DDBL,28.63,800.0,810.0,800.0,800.48,800.00,0.48,0.0,801.69,"6,296.00",809.72,"5,047,443.10",85,-9.24,10.0,-1.14,1.25,-0.15,"1,099.00",759.00,,
2025/06/19,43,DDBL,22.61,789.1,797.0,789.1,791.96,793.00,-1.04,0.0,791.67,"4,526.00",800.48,"3,583,100.50",72,-8.52,7.90,-1.06,1.0,0.04,"1,099.00",759.00,,
2025/06/22,44,DDBL,30.01,782.0,788.0,782.0,784.87,784.00,0.87,0.0,784.57,"4,184.00",791.96,"3,282,641.60",72,-7.09,6.00,-0.9,0.77,0.04,"1,099.00",759.00,,
2025/06/23,45,DDBL,25.0,785.2,790.0,780.0,782.11,782.00,0.11,0.0,782.75,"3,398.00",784.87,"2,659,787.70",57,-2.76,10.00,-0.35,1.28,-0.08,"1,099.00",759.00,,
2025/06/24,44,DDBL,20.78,788.0,793.0,784.0,785.67,784.00,1.67,0.0,787.34,"1,784.00",782.11,"1,404,620.90",38,3.56,9.00,0.46,1.15,-0.21,"1,099.00",759.00,,
2025/06/25,40,DDBL,31.63,781.0,788.0,775.0,780.1,779.80,0.3,0.0,778.88,"5,396.00",785.67,"4,202,817.50",72,-5.57,13.0,-0.71,1.68,0.16,"1,099.00",759.00,,
2025/06/26,43,DDBL,37.56,855.0,861.0,850.0,858.0,858.00,0.0,0.0,854.19,"9,779.00",852.00,"8,353,168.60",71,6.0,11.0,0.7,1.29,0.44,"1,010.00",759.00,835.13,827.49
2025/06/29,45,DDBL,42.92,776.0,800.7,776.0,798.99,795.00,3.99,0.01,793.96,"12,277.00",778.71,"9,747,386.30",119,20.28,24.7,2.6,3.18,0.63,"1,099.00",759.00,,
2025/06/30,42,DDBL,44.66,805.0,809.0,795.0,805.41,806.80,-1.39,0.0,804.33,"12,615.00",798.99,"10,146,584.80",103,6.42,14.00,0.8,1.76,0.13,"1,099.00",759.00,,
2025/07/01,41,DDBL,47.16,806.0,825.0,801.1,817.35,818.00,-0.65,0.0,814.22,"18,062.00",805.41,"14,706,445.40",170,11.94,23.9,1.48,2.98,0.38,"1,099.00",759.00,,
2025/07/02,42,DDBL,47.1,818.0,833.0,809.0,815.72,809.00,6.72,0.01,819.76,"27,634.00",817.35,"22,653,208.70",158,-1.63,24.0,-0.2,2.97,-0.5,"1,099.00",759.00,,
2025/07/03,43,DDBL,41.99,815.0,820.0,811.1,815.22,816.00,-0.78,0.0,815.93,"8,852.00",815.72,"7,222,586.80",114,-0.5,8.9,-0.06,1.1,-0.09,"1,099.00",759.00,,
2025/05/18,40,DDBL,36.89,783.0,794.0,773.1,782.96,781.00,1.96,0.0,784.83,"12,249.00",772.34,"9,613,349.30",127,10.62,20.9,1.38,2.7,-0.24,"1,099.00",713.00,,
2025/05/19,45,DDBL,33.41,780.0,790.0,780.0,783.81,788.00,-4.19,-0.01,783.39,"4,508.00",782.96,"3,531,536.20",64,0.85,10.00,0.11,1.28,0.05,"1,099.00",713.00,,
2025/05/20,41,DDBL,43.97,781.0,799.0,780.1,795.64,799.00,-3.36,0.0,790.88,"8,020.00",783.81,"6,342,858.50",68,11.83,18.9,1.51,2.42,0.6,"1,099.00",713.00,,
2025/05/21,43,DDBL,37.56,855.0,861.0,850.0,858.0,858.00,0.0,0.0,854.19,"9,779.00",852.00,"8,353,168.60",71,6.0,11.0,0.7,1.29,0.44,"1,010.00",759.00,835.13,827.49
2025/05/22,41,DDBL,47.35,802.0,831.0,791.3,821.1,825.00,-3.9,0.0,810.67,"28,958.00",786.43,"23,475,463.90",305,34.67,39.70,4.41,5.02,1.27,"1,099.00",713.00,,
2025/05/25,44,DDBL,47.73,825.0,839.9,820.0,832.46,839.90,-7.44,-0.01,830.08,"48,094.00",821.10,"39,921,746.00",346,11.36,19.9,1.38,2.43,0.29,"1,099.00",713.00,,
2025/05/26,44,DDBL,45.89,842.0,849.1,818.0,819.09,821.90,-2.81,0.0,824.03,"24,621.00",832.46,"20,288,555.00",207,-13.37,31.1,-1.61,3.8,-0.6,"1,099.00",713.00,,
2025/05/27,42,DDBL,38.91,811.0,820.0,808.0,812.09,815.00,-2.91,0.0,810.65,"5,370.00",819.09,"4,353,167.40",69,-7.0,12.0,-0.85,1.49,0.18,"1,099.00",713.00,,
2025/05/28,42,DDBL,41.83,802.0,809.9,790.0,806.94,809.00,-2.06,0.0,799.79,"10,830.00",812.09,"8,661,760.60",124,-5.15,19.9,-0.63,2.52,0.89,"1,099.00",713.00,,
2025/06/02,43,DDBL,26.5,822.0,822.0,801.2,805.74,808.00,-2.26,0.0,808.70,"10,152.00",806.94,"8,209,943.60",124,-1.2,20.80,-0.15,2.6,-0.37,"1,099.00",713.00,,
2025/06/03,43,DDBL,23.51,810.0,810.0,796.0,797.36,799.00,-1.64,0.0,799.93,"5,000.00",805.74,"3,999,643.90",52,-8.38,14.0,-1.04,1.76,-0.32,"1,099.00",713.00,,
2025/06/04,42,DDBL,22.94,795.0,796.0,786.6,794.24,795.00,-0.76,0.0,790.61,"3,616.00",797.36,"2,858,860.70",50,-3.12,9.4,-0.39,1.2,0.46,"1,099.00",716.00,,
2025/06/05,43,DDBL,26.28,790.1,803.9,790.0,790.34,790.00,0.34,0.0,795.32,"8,126.00",794.24,"6,462,795.80",72,-3.9,13.9,-0.49,1.76,-0.63,"1,099.00",725.00,,
2025/06/08,44,DDBL,24.91,780.0,795.0,780.0,788.36,792.00,-3.64,0.0,788.16,"6,104.00",790.34,"4,810,958.40",64,-1.98,15.0,-0.25,1.92,0.02,"1,099.00",759.00,,
2025/06/09,45,DDBL,22.85,788.0,797.0,788.0,794.42,793.10,1.32,0.0,792.23,"3,376.00",788.36,"2,674,579.10",45,6.06,9.0,0.77,1.14,0.28,"1,099.00",759.00,,
2025/06/10,41,DDBL,37.2,794.1,803.0,794.1,802.6,802.00,0.6,0.0,801.08,"5,204.00",794.42,"4,168,838.00",53,8.18,8.9,1.03,1.12,0.19,"1,099.00",759.00,,
2024/08/12,46,DDBL,57.3,1075.0,1085.0,1050.6,1057.0,"1,057.00",0.0,0.0,"1,065.39","33,348.00","1,064.00","35,528,713.80",335,-7.0,34.40,-0.66,3.27,-0.79,"1,086.00",650.00,,
2024/09/09,44,DDBL,44.25,1006.0,1006.0,979.0,979.0,979.00,0.0,0.0,990.40,"16,391.00","1,006.00","16,233,569.40",185,-27.00,27.0,-2.68,2.76,-1.16,"1,099.00",650.00,,
2024/10/07,40,DDBL,-,963.0,963.0,946.0,951.0,951.00,0.0,0.0,949.97,"7,354.00",945.00,"6,986,111.00",84,6.00,17.00,0.63,1.8,0.11,"1,099.00",650.00,,
2024/11/10,42,DDBL,-,903.6,917.0,895.0,915.5,915.50,0.0,0.0,907.64,"21,394.00",922.00,"19,418,152.70",210,-6.5,22.00,-0.7,2.46,0.86,"1,099.00",650.00,,
2024/12/04,42,DDBL,34.63,903.0,903.0,890.2,895.0,895.00,0.0,0.0,894.41,"6,380.00",894.00,"5,706,356.80",77,1.0,12.8,0.11,1.44,0.07,"1,099.00",651.30,,
2025/01/01,40,DDBL,27.15,783.0,801.0,780.0,789.0,789.00,0.0,0.0,791.12,"4,629.00",785.39,"3,662,098.40",71,3.61,21.0,0.46,2.69,-0.27,"1,099.00",670.00,,
2025/01/27,44,DDBL,35.98,772.5,784.0,770.5,780.0,780.00,0.0,0.0,777.68,"3,406.00",776.60,"2,648,777.00",60,3.40,13.50,0.44,1.75,0.3,"1,099.00",670.00,,
2025/02/24,44,DDBL,32.41,816.0,820.1,810.0,815.0,815.00,0.0,0.0,815.09,"12,726.00",804.00,"10,372,824.00",125,11.00,10.10,1.37,1.25,-0.01,"1,099.00",670.00,,
2025/03/23,43,DDBL,26.02,780.0,788.9,770.0,770.31,770.00,0.31,0.0,775.19,"12,317.00",781.07,"9,547,971.20",129,-10.76,18.9,-1.38,2.45,-0.63,"1,099.00",670.00,,
2025/04/20,45,DDBL,40.52,790.1,797.0,790.1,790.25,790.20,0.05,0.0,794.18,"5,827.00",800.54,"4,627,668.40",64,-10.29,6.9,-1.29,0.87,-0.5,"1,099.00",670.00,,
2025/05/15,44,DDBL,26.13,775.0,780.0,766.0,772.34,772.00,0.34,0.0,772.55,"5,443.00",777.71,"4,205,005.00",55,-5.37,14.0,-0.69,1.83,-0.03,"1,099.00",713.00,,
2025/06/11,43,DDBL,37.13,813.0,813.0,796.1,800.48,802.50,-2.02,0.0,800.86,"8,878.00",802.60,"7,110,017.30",67,-2.12,16.90,-0.26,2.12,-0.05,"1,099.00",759.00,,
2025/07/06,42,DDBL,43.52,811.0,827.0,811.0,815.77,819.00,-3.23,0.0,819.24,"11,923.00",815.22,"9,767,762.20",113,0.55,16.0,0.07,1.97,-0.42,"1,099.00",759.00,,
2025/07/29,42,DDBL,40.93,998.9,1010.0,985.0,992.08,998.00,-5.92,-0.01,998.28,"60,987.00",984.96,"60,881,937.70",429,7.12,25.00,0.72,2.54,-0.62,"1,099.00",759.00,,
2025/08/24,45,DDBL,32.73,900.0,930.3,898.1,901.72,901.50,0.22,0.0,905.37,"10,382.00",894.29,"9,399,600.00",124,7.43,32.2,0.83,3.59,-0.41,"1,085.00",759.00,,
2025/04/21,41,DDBL,41.18,787.2,796.9,787.2,792.05,792.00,0.05,0.0,792.80,"6,839.00",790.25,"5,421,938.10",64,1.8,9.7,0.23,1.23,-0.09,"1,099.00",670.00,,
2025/04/22,45,DDBL,43.22,795.0,801.6,790.0,790.6,790.90,-0.3,0.0,795.04,"5,685.00",792.05,"4,519,805.10",46,-1.45,11.6,-0.18,1.47,-0.56,"1,099.00",674.00,,
2025/04/23,44,DDBL,28.74,800.0,800.0,773.0,790.0,792.00,-2.0,0.0,782.55,"6,933.00",790.60,"5,425,413.90",64,-0.6,27.0,-0.08,3.49,0.94,"1,099.00",674.00,,
2025/04/24,43,DDBL,23.49,775.0,790.0,775.0,785.9,785.00,0.9,0.0,783.58,"1,537.00",790.00,"1,204,360.40",35,-4.1,15.0,-0.52,1.94,0.3,"1,099.00",674.00,,
2025/04/27,42,DDBL,27.13,783.0,784.9,777.0,778.17,777.20,0.97,0.0,779.53,"6,782.00",785.90,"5,286,756.60",84,-7.73,7.9,-0.98,1.02,-0.17,"1,099.00",674.00,,
2025/04/28,45,DDBL,26.26,793.7,793.7,768.5,774.2,780.00,-5.8,-0.01,774.43,"5,312.00",778.17,"4,113,745.70",85,-3.97,25.2,-0.51,3.28,-0.03,"1,099.00",674.00,,
2025/04/29,42,DDBL,28.67,783.6,789.0,769.0,770.55,775.00,-4.45,-0.01,777.09,"14,969.00",774.20,"11,632,323.90",128,-3.65,20.0,-0.47,2.6,-0.85,"1,099.00",675.00,,
2025/04/30,43,DDBL,23.49,767.5,776.0,767.5,769.31,773.00,-3.69,0.0,770.14,"5,712.00",770.55,"4,399,059.00",90,-1.24,8.5,-0.16,1.11,-0.11,"1,099.00",675.00,,
2025/05/04,44,DDBL,27.66,771.0,780.0,769.6,773.78,778.00,-4.22,-0.01,773.19,"4,945.00",769.31,"3,823,431.30",74,4.47,10.4,0.58,1.35,0.08,"1,099.00",686.00,,
2025/05/05,43,DDBL,30.09,773.78,780.0,770.3,771.8,776.00,-4.2,-0.01,773.17,"2,492.00",773.78,"1,926,745.40",51,-1.98,9.7,-0.26,1.26,-0.18,"1,099.00",686.00,,
2025/05/06,44,DDBL,30.1,770.0,778.9,760.7,761.6,761.50,0.1,0.0,766.81,"7,872.00",771.80,"6,036,363.20",122,-10.2,18.2,-1.32,2.39,-0.68,"1,099.00",686.00,,
2025/05/07,41,DDBL,42.44,761.6,787.4,760.2,782.1,780.00,2.1,0.0,774.55,"6,966.00",761.60,"5,395,503.90",110,20.5,27.2,2.69,3.58,0.97,"1,099.00",687.10,,
2025/05/08,41,DDBL,44.63,770.0,800.0,770.0,794.69,800.00,-5.31,-0.01,787.74,"11,914.00",782.10,"9,385,168.00",112,12.59,30.0,1.61,3.9,0.87,"1,099.00",687.10,,
2025/05/11,40,DDBL,39.59,780.0,793.0,780.0,787.51,790.00,-2.49,0.0,787.83,"3,786.00",794.69,"2,982,741.70",55,-7.18,13.0,-0.9,1.67,-0.04,"1,099.00",687.10,,
2025/05/13,41,DDBL,41.97,785.0,800.0,780.0,785.42,788.00,-2.58,0.0,792.41,"6,214.00",787.51,"4,924,053.50",73,-2.09,20.0,-0.27,2.56,-0.89,"1,099.00",695.00,,
2025/05/14,42,DDBL,27.73,786.0,786.0,776.0,777.71,778.00,-0.29,0.0,780.43,"5,913.00",785.42,"4,614,654.90",53,-7.71,10.0,-0.98,1.29,-0.35,"1,099.00",705.00,,
2025/03/24,44,DDBL,27.33,761.0,780.3,761.0,776.53,775.50,1.03,0.0,776.36,"5,981.00",770.31,"4,643,380.80",92,6.22,19.3,0.81,2.54,0.02,"1,099.00",670.00,,
2025/03/25,43,DDBL,28.56,770.0,771.0,759.0,760.61,763.00,-2.39,0.0,763.19,"11,243.00",776.53,"8,580,490.10",151,-15.92,12.0,-2.05,1.58,-0.34,"1,099.00",670.00,,
2025/03/26,43,DDBL,37.56,855.0,861.0,850.0,858.0,858.00,0.0,0.0,854.19,"9,779.00",852.00,"8,353,168.60",71,6.0,11.0,0.7,1.29,0.44,"1,010.00",759.00,835.13,827.49
2025/03/27,40,DDBL,36.14,784.0,788.9,766.2,781.32,781.00,0.32,0.0,782.84,"7,817.00",776.90,"6,119,477.00",114,4.42,22.7,0.57,2.96,-0.19,"1,099.00",670.00,,
2025/03/30,41,DDBL,40.77,781.0,795.8,780.0,785.52,785.20,0.32,0.0,789.16,"11,017.00",781.32,"8,694,160.10",127,4.2,15.8,0.54,2.03,-0.46,"1,099.00",670.00,,
2025/04/01,42,DDBL,37.77,780.0,788.0,778.0,778.49,778.00,0.49,0.0,781.20,"6,739.00",785.52,"5,264,481.40",69,-7.03,10.00,-0.89,1.29,-0.35,"1,099.00",670.00,,
2025/04/02,42,DDBL,36.57,775.0,785.0,773.1,778.98,777.10,1.88,0.0,777.95,"6,712.00",778.49,"5,221,567.00",72,0.49,11.90,0.06,1.54,0.13,"1,099.00",670.00,,
2025/04/03,44,DDBL,41.88,787.8,790.0,774.0,781.71,782.90,-1.19,0.0,782.71,"11,913.00",778.98,"9,324,368.60",93,2.73,16.0,0.35,2.07,-0.13,"1,099.00",670.00,,
2025/04/07,43,DDBL,37.78,774.0,785.0,774.0,780.55,781.90,-1.35,0.0,779.42,"7,491.00",781.71,"5,838,654.20",61,-1.16,11.0,-0.15,1.42,0.14,"1,099.00",670.00,,
2025/04/08,42,DDBL,41.42,774.5,786.0,767.3,779.35,786.00,-6.65,-0.01,775.76,"12,889.00",780.55,"9,998,706.60",89,-1.20,18.70,-0.15,2.44,0.46,"1,099.00",670.00,,
2025/04/09,44,DDBL,39.69,770.0,785.0,770.0,777.26,777.50,-0.24,0.0,778.45,"9,316.00",779.35,"7,252,006.70",69,-2.09,15.00,-0.27,1.95,-0.15,"1,099.00",670.00,,
2025/04/10,46,DDBL,34.43,777.0,780.0,770.1,776.42,777.00,-0.58,0.0,773.47,"4,511.00",777.26,"3,489,133.30",61,-0.84,9.9,-0.11,1.29,0.38,"1,099.00",670.00,,
2025/04/13,44,DDBL,34.4,761.1,780.0,761.1,776.15,777.00,-0.85,0.0,776.39,"5,573.00",776.42,"4,326,842.00",59,-0.27,18.9,-0.03,2.48,-0.03,"1,099.00",670.00,,
2025/04/15,45,DDBL,36.42,780.0,785.5,767.0,781.53,781.00,0.53,0.0,779.40,"3,944.00",776.15,"3,073,963.70",61,5.38,18.5,0.69,2.41,0.27,"1,099.00",670.00,,
2025/04/16,45,DDBL,45.55,782.0,795.0,781.0,792.8,791.10,1.7,0.0,789.24,"18,003.00",781.53,"14,208,624.20",108,11.27,14.0,1.44,1.79,0.45,"1,099.00",670.00,,
2025/04/17,42,DDBL,45.81,793.5,805.0,789.0,800.54,800.00,0.54,0.0,796.25,"15,955.00",792.80,"12,704,162.70",120,7.74,16.0,0.98,2.03,0.54,"1,099.00",670.00,,
2025/02/25,42,DDBL,31.09,822.0,824.0,811.0,814.0,814.00,0.0,0.0,817.49,"11,925.00",815.00,"9,748,624.20",157,-1.0,13.00,-0.12,1.6,-0.43,"1,099.00",670.00,,
2025/02/27,40,DDBL,31.42,830.0,846.0,815.0,823.2,823.20,0.0,0.0,825.29,"10,398.00",814.00,"8,581,369.60",149,9.20,31.00,1.13,3.8,-0.25,"1,099.00",670.00,,
2025/03/02,39,DDBL,50.27,825.0,840.0,820.0,840.0,840.00,0.0,0.0,829.70,"20,875.00",823.20,"17,320,074.80",186,16.80,20.00,2.04,2.44,1.23,"1,099.00",670.00,,
2025/03/03,40,DDBL,50.66,846.0,855.0,832.0,844.0,844.00,0.0,0.0,844.56,"27,291.00",840.00,"23,048,776.80",249,4.00,23.00,0.48,2.76,-0.07,"1,099.00",670.00,,
2025/03/04,42,DDBL,43.6,831.0,847.0,831.0,832.0,832.00,0.0,0.0,835.92,"11,212.00",844.00,"9,372,361.80",135,-12.0,16.0,-1.42,1.93,-0.47,"1,099.00",670.00,,
2025/03/05,42,DDBL,42.44,829.0,835.0,816.0,827.4,827.40,0.0,0.0,824.90,"17,303.00",832.00,"14,273,247.60",140,-4.6,19.0,-0.55,2.33,0.3,"1,099.00",670.00,,
2025/03/06,41,DDBL,34.43,819.7,839.0,819.7,824.0,824.00,0.0,0.0,825.10,"6,968.00",827.40,"5,749,285.50",95,-3.40,19.30,-0.41,2.35,-0.13,"1,099.00",670.00,,
2025/03/09,41,DDBL,31.09,817.0,824.0,808.7,813.0,813.00,0.0,0.0,813.84,"9,454.00",824.00,"7,694,035.90",105,-11.0,15.30,-1.33,1.89,-0.1,"1,099.00",670.00,,
2025/03/10,41,DDBL,28.0,824.9,824.9,810.1,810.1,810.10,0.0,0.0,812.61,"6,665.00",813.00,"5,416,025.20",105,-2.9,14.8,-0.36,1.83,-0.31,"1,099.00",670.00,,
2025/03/11,42,DDBL,26.63,805.0,811.0,800.0,800.3,800.30,0.0,0.0,804.56,"6,055.00",810.10,"4,871,636.90",111,-9.8,11.0,-1.21,1.38,-0.53,"1,099.00",670.00,,
2025/03/12,43,DDBL,25.77,803.0,810.0,799.0,807.0,807.00,0.0,0.0,803.85,"4,944.00",800.30,"3,974,243.20",98,6.7,11.0,0.84,1.38,0.39,"1,099.00",670.00,,
2025/03/16,40,DDBL,24.53,809.0,809.0,794.7,797.9,797.90,0.0,0.0,798.00,"6,415.00",807.00,"5,119,187.80",109,-9.1,14.30,-1.13,1.8,-0.01,"1,099.00",670.00,,
2025/03/17,43,DDBL,29.69,791.0,802.0,790.1,795.0,795.00,0.0,0.0,796.80,"5,039.00",797.90,"4,015,099.40",67,-2.9,11.9,-0.36,1.51,-0.23,"1,099.00",670.00,,
2025/03/18,40,DDBL,32.54,799.0,804.0,790.0,790.0,790.00,0.0,0.0,795.07,"7,960.00",795.00,"6,328,769.10",100,-5.0,14.0,-0.63,1.77,-0.64,"1,099.00",670.00,,
2025/03/19,42,DDBL,32.01,798.0,798.0,780.0,785.9,785.90,0.0,0.0,786.14,"13,763.00",790.00,"10,819,642.00",130,-4.10,18.0,-0.52,2.31,-0.03,"1,099.00",670.00,,
2025/03/20,41,DDBL,28.2,787.0,788.0,780.1,781.07,781.00,0.07,0.0,783.90,"7,765.00",785.90,"6,087,007.00",100,-4.83,7.9,-0.61,1.01,-0.36,"1,099.00",670.00,,
2025/01/28,43,DDBL,38.99,780.0,786.0,771.0,779.0,779.00,0.0,0.0,778.43,"7,862.00",780.00,"6,119,986.30",65,-1.00,15.00,-0.13,1.95,0.07,"1,099.00",670.00,,
2025/02/02,45,DDBL,47.24,785.0,816.0,785.0,813.0,813.00,0.0,0.0,800.76,"14,203.00",779.00,"11,373,243.00",160,34.0,31.00,4.36,3.95,1.51,"1,099.00",670.00,,
2025/02/03,42,DDBL,48.52,825.0,825.1,801.0,809.0,809.00,0.0,0.0,814.14,"16,996.00",813.00,"13,837,051.00",171,-4.0,24.1,-0.49,3.01,-0.63,"1,099.00",670.00,,
2025/02/04,40,DDBL,46.73,802.1,810.0,796.0,803.0,803.00,0.0,0.0,800.41,"9,544.00",809.00,"7,639,144.90",81,-6.0,14.00,-0.74,1.76,0.32,"1,099.00",670.00,,
2025/02/05,43,DDBL,45.07,800.0,807.0,793.5,796.0,796.00,0.0,0.0,798.34,"6,381.00",803.00,"5,094,191.60",83,-7.0,13.50,-0.87,1.7,-0.29,"1,099.00",670.00,,
2025/02/06,44,DDBL,47.54,795.1,802.0,790.0,795.0,795.00,0.0,0.0,746.64,"8,641.00",796.00,"6,451,715.50",73,-1.0,12.0,-0.13,1.52,6.08,"1,099.00",670.00,,
2025/02/09,42,DDBL,30.01,790.0,805.0,790.0,794.0,794.00,0.0,0.0,794.47,"5,376.00",795.00,"4,271,091.90",62,-1.0,15.0,-0.13,1.9,-0.06,"1,099.00",670.00,,
2025/02/10,44,DDBL,34.73,805.0,834.0,802.4,803.1,803.10,0.0,0.0,813.94,"21,504.00",794.00,"17,502,967.20",268,9.10,31.60,1.15,3.94,-1.35,"1,099.00",670.00,,
2025/02/11,41,DDBL,41.54,815.0,817.0,810.0,817.0,817.00,0.0,0.0,814.95,"8,799.00",803.10,"7,170,728.00",111,13.9,7.0,1.73,0.86,0.25,"1,099.00",670.00,,
2025/02/12,42,DDBL,44.87,807.1,830.0,807.0,819.0,819.00,0.0,0.0,819.72,"9,667.00",817.00,"7,924,244.00",88,2.0,23.00,0.24,2.85,-0.09,"1,099.00",670.00,,
2025/02/13,43,DDBL,37.56,855.0,861.0,850.0,858.0,858.00,0.0,0.0,854.19,"9,779.00",852.00,"8,353,168.60",71,6.0,11.0,0.7,1.29,0.44,"1,010.00",759.00,835.13,827.49
2025/02/16,43,DDBL,41.72,800.0,815.0,800.0,814.0,814.00,0.0,0.0,812.45,"6,757.00",803.00,"5,489,708.20",99,11.0,15.0,1.37,1.88,0.19,"1,099.00",670.00,,
2025/02/17,43,DDBL,46.49,816.0,840.0,816.0,839.9,839.90,0.0,0.0,830.90,"30,613.00",814.00,"25,436,448.60",270,25.9,24.0,3.18,2.94,1.07,"1,099.00",670.00,,
2025/02/18,42,DDBL,38.26,852.0,856.6,830.0,830.6,830.60,0.0,0.0,844.14,"12,149.00",839.90,"10,255,438.80",168,-9.30,26.6,-1.11,3.2,-1.63,"1,099.00",670.00,,
2025/02/20,41,DDBL,40.46,820.1,838.0,820.1,830.0,830.00,0.0,0.0,831.85,"6,324.00",830.60,"5,260,587.80",89,-0.6,17.9,-0.07,2.18,-0.22,"1,099.00",670.00,,
2025/02/23,47,DDBL,35.93,813.4,836.0,804.0,804.0,804.00,0.0,0.0,815.21,"28,121.00",830.00,"22,924,531.80",192,-26.00,32.00,-3.13,3.98,-1.39,"1,099.00",670.00,,
2025/01/02,43,DDBL,25.46,778.0,836.4,773.3,785.0,785.00,0.0,0.0,788.89,"2,155.00",789.00,"1,700,065.50",58,-4.0,63.10,-0.51,8.16,-0.5,"1,099.00",670.00,,
2025/01/05,46,DDBL,31.88,775.0,785.0,762.0,782.0,782.00,0.0,0.0,763.97,"47,834.00",785.00,"36,543,639.90",77,-3.0,23.0,-0.38,3.02,2.31,"1,099.00",670.00,,
2025/01/06,42,DDBL,25.69,780.0,788.0,766.4,787.0,787.00,0.0,0.0,783.00,"6,418.00",782.00,"5,025,266.80",75,5.0,21.60,0.64,2.82,0.51,"1,099.00",670.00,,
2025/01/07,43,DDBL,26.24,787.0,790.0,780.0,783.0,783.00,0.0,0.0,783.55,"9,527.00",787.00,"7,464,840.90",76,-4.0,10.0,-0.51,1.28,-0.07,"1,099.00",670.00,,
2025/01/08,41,DDBL,40.72,791.0,800.0,790.0,795.1,795.10,0.0,0.0,797.57,"9,100.00",783.00,"7,257,884.70",108,12.1,10.00,1.55,1.27,-0.31,"1,099.00",670.00,,
2025/01/09,41,DDBL,38.37,793.0,793.0,780.0,783.0,783.00,0.0,0.0,783.91,"4,469.00",795.10,"3,503,298.10",63,-12.1,13.0,-1.52,1.67,-0.12,"1,099.00",670.00,,
2025/01/12,42,DDBL,36.43,770.0,785.4,770.0,780.0,780.00,0.0,0.0,780.30,"4,375.00",783.00,"3,413,791.60",43,-3.0,15.4,-0.38,2.0,-0.04,"1,099.00",670.00,,
2025/01/13,44,DDBL,40.91,766.0,827.0,766.0,785.0,785.00,0.0,0.0,791.18,"7,473.00",780.00,"5,912,465.00",92,5.0,61.00,0.64,7.96,-0.79,"1,099.00",670.00,,
2025/01/15,40,DDBL,41.93,775.0,800.7,774.9,784.0,784.00,0.0,0.0,782.68,"15,736.00",785.00,"12,316,274.70",107,-1.0,25.8,-0.13,3.33,0.17,"1,099.00",670.00,,
2025/01/16,41,DDBL,38.48,795.0,795.0,773.0,778.9,778.90,0.0,0.0,780.04,"6,595.00",784.00,"5,144,377.10",57,-5.10,22.00,-0.65,2.85,-0.15,"1,099.00",670.00,,
2025/01/19,44,DDBL,39.52,790.0,805.8,775.4,789.5,789.50,0.0,0.0,783.94,"5,823.00",778.90,"4,564,885.60",84,10.60,30.40,1.36,3.92,0.7,"1,099.00",670.00,,
2025/01/20,42,DDBL,40.35,780.1,787.0,775.0,782.0,782.00,0.0,0.0,777.24,"12,025.00",789.50,"9,346,370.50",78,-7.5,12.00,-0.95,1.55,0.61,"1,099.00",670.00,,
2025/01/21,45,DDBL,35.58,775.0,780.0,770.0,780.0,780.00,0.0,0.0,774.86,"4,934.00",782.00,"3,823,156.50",68,-2.0,10.0,-0.26,1.3,0.66,"1,099.00",670.00,,
2025/01/22,45,DDBL,41.84,785.0,811.0,778.0,784.0,784.00,0.0,0.0,788.19,"14,396.00",780.00,"11,346,777.00",83,4.0,33.0,0.51,4.24,-0.53,"1,099.00",670.00,,
2025/01/23,44,DDBL,36.16,785.0,790.0,772.0,783.0,783.00,0.0,0.0,780.26,"3,979.00",784.00,"3,104,670.60",56,-1.00,18.00,-0.13,2.33,0.35,"1,099.00",670.00,,
2025/01/26,44,DDBL,36.31,780.0,783.0,775.0,776.6,776.60,0.0,0.0,779.00,"7,315.00",783.00,"5,698,403.10",76,-6.40,8.00,-0.82,1.03,-0.31,"1,099.00",670.00,,
2024/12/05,44,DDBL,30.34,890.0,900.0,871.0,875.0,875.00,0.0,0.0,880.80,"7,543.00",895.00,"6,643,841.80",119,-20.0,29.0,-2.23,3.33,-0.66,"1,099.00",662.10,,
2024/12/08,46,DDBL,36.31,875.0,878.0,860.1,878.0,878.00,0.0,0.0,866.38,"11,647.00",875.00,"10,090,771.90",118,3.0,17.9,0.34,2.08,1.32,"1,099.00",670.00,,
2024/12/09,44,DDBL,29.79,863.7,880.0,863.7,875.0,875.00,0.0,0.0,867.19,"8,146.00",878.00,"7,064,168.30",61,-3.0,16.3,-0.34,1.89,0.89,"1,099.00",670.00,,
2024/12/10,43,DDBL,28.58,867.1,874.0,866.2,868.1,868.10,0.0,0.0,868.63,"2,662.00",875.00,"2,312,303.20",45,-6.9,7.8,-0.79,0.9,-0.06,"1,099.00",670.00,,
2024/12/11,41,DDBL,35.01,885.0,885.0,867.4,867.4,867.40,0.0,0.0,869.11,"6,800.00",868.10,"5,909,931.40",55,-0.7,17.6,-0.08,2.03,-0.2,"1,099.00",670.00,,
2024/12/12,41,DDBL,37.74,880.0,880.0,867.1,875.1,875.10,0.0,0.0,873.39,"4,001.00",867.40,"3,494,452.20",49,7.7,12.9,0.89,1.49,0.19,"1,099.00",670.00,,
2024/12/16,43,DDBL,38.58,882.9,883.0,862.0,863.0,863.00,0.0,0.0,869.77,"12,873.00",875.10,"11,196,599.40",90,-12.1,21.0,-1.38,2.44,-0.78,"1,099.00",670.00,,
2024/12/17,41,DDBL,37.6,862.5,869.5,855.0,868.0,868.00,0.0,0.0,860.85,"4,922.00",863.00,"4,237,128.20",89,5.0,14.5,0.58,1.7,0.82,"1,099.00",670.00,,
2024/12/18,42,DDBL,37.68,869.9,873.0,861.5,862.0,862.00,0.0,0.0,867.12,"4,299.00",868.00,"3,727,750.20",66,-6.0,11.5,-0.69,1.33,-0.59,"1,099.00",670.00,,
2024/12/19,39,DDBL,32.1,854.0,865.0,852.7,855.0,855.00,0.0,0.0,856.92,"4,080.00",862.00,"3,496,231.20",69,-7.0,12.3,-0.81,1.44,-0.22,"1,099.00",670.00,,
2024/12/22,41,DDBL,32.99,856.0,865.0,856.0,865.0,865.00,0.0,0.0,862.19,"3,301.00",855.00,"2,846,088.30",50,10.0,9.0,1.17,1.05,0.32,"1,099.00",670.00,,
2024/12/23,45,DDBL,37.04,874.0,874.0,860.0,869.0,869.00,0.0,0.0,868.42,"2,741.00",865.00,"2,380,352.80",60,4.00,14.00,0.46,1.63,0.07,"1,099.00",670.00,,
2024/12/24,43,DDBL,40.6,874.2,882.4,868.0,870.0,870.00,0.0,0.0,875.76,"5,344.00",869.00,"4,680,073.50",64,1.00,14.40,0.12,1.66,-0.66,"1,099.00",670.00,,
2024/12/26,43,DDBL,43.04,871.0,887.4,871.0,871.0,871.00,0.0,0.0,878.47,"6,320.00",870.00,"5,551,920.30",70,1.0,16.4,0.11,1.88,-0.86,"1,099.00",670.00,,
2024/12/29,43,DDBL,44.67,880.0,888.4,873.2,873.2,873.20,0.0,0.0,879.09,"10,743.00",871.00,"9,444,012.70",112,2.2,15.2,0.25,1.74,-0.67,"1,099.00",670.00,,
2024/12/31,44,DDBL,40.01,875.0,875.0,856.0,860.0,860.00,0.0,0.0,862.73,"22,456.00",873.20,"19,373,507.00",223,-13.20,19.00,-1.51,2.22,-0.32,"1,099.00",670.00,,
2024/11/11,41,DDBL,-,905.0,952.0,905.0,938.0,938.00,0.0,0.0,936.71,"22,044.00",915.50,"20,648,771.70",220,22.5,47.0,2.46,5.19,0.14,"1,099.00",650.00,,
2024/11/12,43,DDBL,-,939.1,956.0,930.0,934.0,934.00,0.0,0.0,941.54,"12,302.00",938.00,"11,582,854.50",144,-4.0,26.0,-0.43,2.8,-0.81,"1,099.00",650.00,,
2024/11/13,41,DDBL,40.97,925.1,934.0,918.0,920.0,920.00,0.0,0.0,921.62,"8,343.00",934.00,"7,689,094.30",95,-14.0,16.0,-1.5,1.74,-0.18,"1,099.00",650.00,,
2024/11/14,42,DDBL,43.47,910.0,930.0,910.0,922.0,922.00,0.0,0.0,920.46,"11,475.00",920.00,"10,562,221.90",107,2.0,20.00,0.22,2.2,0.17,"1,099.00",650.00,,
2024/11/17,44,DDBL,51.69,940.0,945.0,931.0,931.2,931.20,0.0,0.0,938.03,"12,073.00",922.00,"11,324,893.20",119,9.2,14.00,1.0,1.5,-0.73,"1,099.00",650.00,,
2024/11/19,41,DDBL,37.62,932.0,940.0,916.0,923.0,923.00,0.0,0.0,925.18,"8,944.00",931.20,"8,274,838.10",98,-8.2,24.0,-0.88,2.62,-0.24,"1,099.00",650.00,,
2024/11/20,44,DDBL,39.84,924.0,928.9,918.0,920.0,920.00,0.0,0.0,923.58,"3,882.00",923.00,"3,585,341.10",52,-3.0,10.9,-0.33,1.19,-0.39,"1,099.00",650.00,,
2024/11/21,43,DDBL,33.85,920.0,939.4,905.0,914.0,914.00,0.0,0.0,916.72,"12,478.00",920.00,"11,438,786.40",128,-6.0,34.4,-0.65,3.8,-0.3,"1,099.00",650.00,,
2024/11/24,44,DDBL,32.42,905.0,920.0,895.0,895.0,895.00,0.0,0.0,901.02,"10,381.00",914.00,"9,353,519.30",141,-19.0,25.0,-2.08,2.79,-0.67,"1,099.00",650.00,,
2024/11/25,43,DDBL,28.26,895.0,908.0,891.0,893.0,893.00,0.0,0.0,896.73,"3,930.00",895.00,"3,524,151.80",78,-2.0,17.00,-0.22,1.91,-0.42,"1,099.00",650.00,,
2024/11/26,43,DDBL,27.28,887.1,907.8,887.1,903.9,903.90,0.0,0.0,898.11,"5,444.00",893.00,"4,889,304.60",72,10.9,20.7,1.22,2.33,0.64,"1,099.00",650.00,,
2024/11/27,42,DDBL,29.36,904.0,920.0,903.2,910.9,910.90,0.0,0.0,908.99,"8,510.00",903.90,"7,735,518.00",91,7.0,16.8,0.77,1.86,0.21,"1,099.00",650.00,,
2024/11/28,42,DDBL,32.79,912.0,915.0,893.1,900.0,900.00,0.0,0.0,899.86,"10,019.00",910.90,"9,015,686.60",99,-10.9,21.9,-1.2,2.45,0.02,"1,099.00",650.00,,
2024/12/01,41,DDBL,42.18,885.0,902.0,882.0,895.3,895.30,0.0,0.0,893.20,"11,456.00",900.00,"10,232,445.40",89,-4.7,20.0,-0.52,2.27,0.24,"1,099.00",650.00,,
2024/12/02,45,DDBL,46.79,895.0,910.0,890.0,910.0,910.00,0.0,0.0,900.39,"11,948.00",895.30,"10,757,858.00",102,14.7,20.0,1.64,2.25,1.06,"1,099.00",650.00,,
2024/12/03,42,DDBL,35.42,892.3,904.0,892.3,894.0,894.00,0.0,0.0,894.78,"5,377.00",910.00,"4,811,237.20",68,-16.0,11.7,-1.76,1.31,-0.09,"1,099.00",650.00,,
2024/10/08,43,DDBL,37.56,855.0,861.0,850.0,858.0,858.00,0.0,0.0,854.19,"9,779.00",852.00,"8,353,168.60",71,6.0,11.0,0.7,1.29,0.44,"1,010.00",759.00,835.13,827.49
2024/10/09,40,DDBL,-,935.1,943.0,920.2,942.0,942.00,0.0,0.0,937.98,"3,364.00",938.00,"3,155,371.00",40,4.00,22.80,0.43,2.48,0.43,"1,099.00",650.00,,
2024/10/15,41,DDBL,-,942.0,955.0,942.0,955.0,955.00,0.0,0.0,951.72,"4,047.00",942.00,"3,851,619.50",26,13.00,13.00,1.38,1.38,0.34,"1,099.00",650.00,,
2024/10/16,42,DDBL,-,960.0,972.0,958.0,967.0,967.00,0.0,0.0,966.02,"4,333.00",955.00,"4,185,758.00",56,12.0,14.00,1.26,1.46,0.1,"1,099.00",650.00,,
2024/10/17,43,DDBL,-,967.0,975.0,956.1,957.0,957.00,0.0,0.0,966.33,"6,246.00",967.00,"6,035,666.30",92,-10.0,18.9,-1.03,1.98,-0.97,"1,099.00",650.00,,
2024/10/20,42,DDBL,-,940.0,945.0,922.0,934.0,934.00,0.0,0.0,937.71,"7,461.00",957.00,"6,996,226.40",110,-23.0,23.00,-2.4,2.49,-0.4,"1,099.00",650.00,,
2024/10/21,43,DDBL,-,928.0,928.0,911.0,919.0,919.00,0.0,0.0,919.31,"5,856.00",934.00,"5,383,484.20",99,-15.0,17.00,-1.61,1.87,-0.03,"1,099.00",650.00,,
2024/10/22,46,DDBL,-,909.0,926.1,901.0,913.1,913.10,0.0,0.0,914.25,"4,696.00",919.00,"4,293,321.30",72,-5.90,25.10,-0.64,2.79,-0.13,"1,099.00",650.00,,
2024/10/23,43,DDBL,-,925.0,925.0,910.5,916.2,916.20,0.0,0.0,919.33,"7,695.00",913.10,"7,074,215.00",49,3.1,14.50,0.34,1.59,-0.34,"1,099.00",650.00,,
2024/10/24,42,DDBL,-,902.0,915.9,902.0,908.0,908.00,0.0,0.0,907.87,"4,193.00",916.20,"3,806,682.30",69,-8.2,13.90,-0.9,1.54,0.01,"1,099.00",650.00,,
2024/10/27,43,DDBL,-,926.1,926.1,901.1,907.0,907.00,0.0,0.0,914.37,"5,378.00",908.00,"4,917,483.50",62,-1.0,25.0,-0.11,2.77,-0.81,"1,099.00",650.00,,
2024/10/28,41,DDBL,-,906.0,928.0,906.0,927.0,927.00,0.0,0.0,915.82,"7,735.00",907.00,"7,083,877.20",73,20.0,22.0,2.21,2.43,1.21,"1,099.00",650.00,,
2024/10/29,41,DDBL,-,920.0,944.0,920.0,936.0,936.00,0.0,0.0,934.18,"8,211.00",927.00,"7,670,548.60",92,9.0,24.0,0.97,2.61,0.19,"1,099.00",650.00,,
2024/10/30,42,DDBL,-,927.0,933.0,925.0,930.0,930.00,0.0,0.0,928.04,"5,428.00",936.00,"5,037,412.00",57,-6.0,8.0,-0.64,0.86,0.21,"1,099.00",650.00,,
2024/11/05,43,DDBL,-,945.7,945.8,912.0,915.0,915.00,0.0,0.0,917.68,"11,749.00",930.00,"10,781,821.80",119,-15.0,33.8,-1.61,3.71,-0.29,"1,099.00",650.00,,
2024/11/06,45,DDBL,-,930.0,930.0,912.1,922.0,922.00,0.0,0.0,916.74,"6,450.00",915.00,"5,912,953.00",51,7.0,17.9,0.77,1.96,0.57,"1,099.00",650.00,,
2024/09/10,44,DDBL,45.32,998.0,998.0,970.0,970.0,970.00,0.0,0.0,978.97,"10,636.00",979.00,"10,412,327.10",132,-9.0,28.00,-0.92,2.89,-0.92,"1,099.00",650.00,,
2024/09/11,46,DDBL,42.39,960.0,981.2,960.0,968.9,968.90,0.0,0.0,969.67,"10,350.00",970.00,"10,036,052.80",127,-1.1,21.20,-0.11,2.21,-0.08,"1,099.00",650.00,,
2024/09/12,43,DDBL,45.1,960.0,981.0,960.0,979.9,979.90,0.0,0.0,974.11,"11,093.00",968.90,"10,805,787.40",120,11.00,21.00,1.14,2.19,0.59,"1,099.00",650.00,,
2024/09/15,45,DDBL,44.38,980.0,999.1,961.5,967.0,967.00,0.0,0.0,982.65,"8,639.00",979.90,"8,489,150.60",127,-12.90,37.6,-1.32,3.91,-1.62,"1,099.00",650.00,,
2024/09/16,43,DDBL,45.4,960.0,970.0,940.0,945.0,945.00,0.0,0.0,955.10,"17,350.00",967.00,"16,570,929.20",151,-22.0,30.00,-2.28,3.19,-1.07,"1,099.00",650.00,,
2024/09/18,45,DDBL,40.98,931.0,939.0,920.0,927.0,927.00,0.0,0.0,925.51,"10,737.00",945.00,"9,937,151.70",151,-18.0,19.0,-1.9,2.07,0.16,"1,099.00",650.00,,
2024/09/22,44,DDBL,38.94,945.5,960.0,915.0,924.5,924.50,0.0,0.0,927.01,"6,349.00",927.00,"5,885,564.10",87,-2.5,45.0,-0.27,4.92,-0.27,"1,099.00",650.00,,
2024/09/23,44,DDBL,36.29,911.0,924.0,897.0,900.0,900.00,0.0,0.0,908.66,"6,658.00",924.50,"6,049,846.30",137,-24.5,27.00,-2.65,3.01,-0.96,"1,099.00",650.00,,
2024/09/24,42,DDBL,39.86,885.1,900.0,861.3,865.9,865.90,0.0,0.0,879.49,"19,646.00",900.00,"17,278,503.40",181,-34.1,38.70,-3.79,4.49,-1.57,"1,099.00",650.00,,
2024/09/25,43,DDBL,41.4,860.0,880.0,848.1,877.0,877.00,0.0,0.0,862.43,"8,221.00",865.90,"7,090,013.10",137,11.1,31.9,1.28,3.76,1.66,"1,099.00",650.00,,
2024/09/26,44,DDBL,37.63,877.0,889.0,853.9,856.0,856.00,0.0,0.0,868.98,"7,066.00",877.00,"6,140,203.40",102,-21.0,35.1,-2.39,4.11,-1.52,"1,099.00",650.00,,
2024/09/29,45,DDBL,38.34,846.0,870.0,846.0,850.5,850.50,0.0,0.0,853.17,"5,032.00",856.00,"4,293,162.90",67,-5.5,24.00,-0.64,2.84,-0.31,"1,099.00",650.00,,
2024/09/30,42,DDBL,44.64,850.0,879.0,850.0,872.0,872.00,0.0,0.0,867.65,"3,798.00",850.50,"3,295,327.50",60,21.5,29.0,2.53,3.41,0.5,"1,099.00",650.00,,
2024/10/01,43,DDBL,56.22,860.0,920.0,858.1,911.0,911.00,0.0,0.0,893.18,"11,382.00",872.00,"10,166,125.60",148,39.0,61.90,4.47,7.21,1.96,"1,099.00",650.00,,
2024/10/02,42,DDBL,53.55,925.0,925.0,895.0,895.0,895.00,0.0,0.0,908.60,"5,694.00",911.00,"5,173,586.80",116,-16.00,30.0,-1.76,3.35,-1.52,"1,099.00",650.00,,
2024/10/06,45,DDBL,-,895.0,945.0,881.0,945.0,945.00,0.0,0.0,922.63,"8,122.00",895.00,"7,493,588.80",107,50.00,64.00,5.59,7.26,2.37,"1,099.00",650.00,,
2024/08/13,45,DDBL,50.26,1054.0,1062.0,1015.0,1025.0,"1,025.00",0.0,0.0,"1,030.23","38,494.00","1,057.00","39,657,629.20",363,-32.00,47.0,-3.03,4.63,-0.51,"1,086.00",650.00,,
2024/08/14,46,DDBL,59.93,1045.5,1087.0,1045.0,1046.1,"1,046.10",0.0,0.0,"1,057.73","62,869.00","1,025.00","66,498,293.60",546,21.1,42.0,2.06,4.02,-1.11,"1,087.00",650.00,,
2024/08/15,48,DDBL,51.63,1067.0,1067.0,1035.1,1051.0,"1,051.00",0.0,0.0,"1,048.17","38,706.00","1,046.10","40,570,480.00",373,4.90,31.90,0.47,3.08,0.27,"1,087.00",650.00,,
2024/08/18,44,DDBL,57.62,1072.0,1099.0,1060.0,1063.0,"1,063.00",0.0,0.0,"1,081.87","71,926.00","1,051.00","77,814,815.00",715,12.00,39.00,1.14,3.68,-1.78,"1,099.00",650.00,,
2024/08/21,45,DDBL,56.12,1067.0,1084.0,1045.0,1060.0,"1,060.00",0.0,0.0,"1,063.92","32,668.00","1,063.00","34,756,297.10",382,-3.00,39.00,-0.28,3.73,-0.37,"1,099.00",650.00,,
2024/08/22,46,DDBL,50.26,1070.0,1070.0,1039.2,1039.2,"1,039.20",0.0,0.0,"1,048.51","24,890.00","1,060.00","26,097,410.80",304,-20.8,30.80,-1.96,2.96,-0.9,"1,099.00",650.00,,
2024/08/25,44,DDBL,52.52,1035.0,1085.0,1030.0,1047.7,"1,047.70",0.0,0.0,"1,055.45","66,442.00","1,039.20","70,126,087.60",638,8.5,55.00,0.82,5.34,-0.74,"1,099.00",650.00,,
2024/08/27,44,DDBL,46.13,1068.6,1070.0,1027.0,1027.0,"1,027.00",0.0,0.0,"1,039.38","56,426.00","1,047.70","58,647,874.40",468,-20.7,43.00,-1.98,4.19,-1.21,"1,099.00",650.00,,
2024/08/28,43,DDBL,41.77,1047.5,1047.5,997.0,1007.0,"1,007.00",0.0,0.0,"1,018.91","21,952.00","1,027.00","22,367,030.30",316,-20.0,50.50,-1.95,5.07,-1.18,"1,099.00",650.00,,
2024/08/29,44,DDBL,44.66,1007.0,1027.0,973.2,1027.0,"1,027.00",0.0,0.0,984.79,"41,393.00","1,007.00","40,763,312.70",435,20.0,53.8,1.99,5.53,4.11,"1,099.00",650.00,,
2024/09/01,47,DDBL,46.8,1047.5,1047.5,970.0,975.0,975.00,0.0,0.0,998.32,"112,344.00","1,027.00","112,154,726.40",424,-52.0,77.5,-5.06,7.99,-2.39,"1,099.00",650.00,,
2024/09/02,46,DDBL,49.97,976.0,1072.5,960.0,1009.0,"1,009.00",0.0,0.0,992.87,"31,517.00",975.00,"31,292,174.40",346,34.0,112.50,3.49,11.72,1.6,"1,099.00",650.00,,
2024/09/03,46,DDBL,51.62,1020.0,1029.0,980.0,1000.0,"1,000.00",0.0,0.0,998.29,"23,688.00","1,009.00","23,647,538.80",263,-9.0,49.0,-0.89,5.0,0.17,"1,099.00",650.00,,
2024/09/04,44,DDBL,41.58,980.1,1006.0,971.0,979.0,979.00,0.0,0.0,986.22,"23,252.00","1,000.00","22,931,519.20",270,-21.0,35.00,-2.1,3.6,-0.74,"1,099.00",650.00,,
2024/09/05,42,DDBL,56.28,962.0,1008.7,960.0,993.5,993.50,0.0,0.0,981.46,"26,801.00",979.00,"26,304,091.20",272,14.5,48.7,1.48,5.07,1.21,"1,099.00",650.00,,
2024/09/08,44,DDBL,42.17,993.0,1015.0,986.0,1006.0,"1,006.00",0.0,0.0,"1,005.82","50,872.00",993.50,"51,168,097.60",369,12.50,29.00,1.26,2.94,0.02,"1,099.00",650.00,,
2024/07/18,43,DDBL,66.72,900.0,946.0,891.0,914.0,914.00,0.0,0.0,920.86,"43,085.00",894.00,"39,675,375.90",403,20.00,55.00,2.24,6.17,-0.75,946.00,650.00,,
2024/07/21,43,DDBL,67.18,930.0,938.7,901.1,938.7,938.70,0.0,0.0,930.03,"24,833.00",914.00,"23,095,381.50",307,24.7,37.60,2.7,4.17,0.92,946.00,650.00,,
2024/07/22,41,DDBL,61.99,945.0,945.0,913.0,919.1,919.10,0.0,0.0,924.33,"34,651.00",938.70,"32,028,936.40",330,-19.60,32.00,-2.09,3.5,-0.57,946.00,650.00,,
2024/07/23,44,DDBL,65.57,915.0,945.0,915.0,944.0,944.00,0.0,0.0,928.99,"36,721.00",919.10,"34,113,365.80",272,24.90,30.00,2.71,3.28,1.59,946.00,650.00,,
2024/07/24,43,DDBL,62.72,962.8,962.8,915.0,937.0,937.00,0.0,0.0,930.54,"86,470.00",944.00,"80,463,887.40",437,-7.00,47.80,-0.74,5.22,0.69,962.80,650.00,,
2024/07/25,44,DDBL,65.73,955.7,1030.0,937.0,1026.0,"1,026.00",0.0,0.0,991.43,"113,963.00",937.00,"112,986,255.90",997,89.00,93.00,9.5,9.93,3.37,"1,030.00",650.00,,
2024/07/28,44,DDBL,65.98,1040.0,1044.0,990.0,1025.0,"1,025.00",0.0,0.0,"1,012.31","68,666.00","1,026.00","69,511,106.70",576,-1.00,54.00,-0.1,5.45,1.24,"1,044.00",650.00,,
2024/07/29,44,DDBL,62.09,1020.0,1020.0,980.1,999.9,999.90,0.0,0.0,995.08,"89,893.00","1,025.00","89,450,626.10",685,-25.10,39.90,-2.45,4.07,0.48,"1,044.00",650.00,,
2024/07/30,46,DDBL,65.85,985.1,1050.0,985.0,1046.9,"1,046.90",0.0,0.0,"1,018.36","73,772.00",999.90,"75,126,461.90",654,47.00,65.00,4.7,6.6,2.73,"1,050.00",650.00,,
2024/07/31,45,DDBL,59.25,1065.9,1086.0,1058.0,1060.0,"1,060.00",0.0,0.0,"1,069.42","78,307.00","1,046.90","83,743,098.70",472,13.10,28.00,1.25,2.65,-0.89,"1,086.00",650.00,,
2024/08/01,46,DDBL,57.93,1080.0,1080.0,1040.0,1060.0,"1,060.00",0.0,0.0,"1,060.48","56,003.00","1,060.00","59,389,867.80",460,0.0,40.00,0.0,3.85,-0.04,"1,086.00",650.00,,
2024/08/05,46,DDBL,56.12,1050.0,1060.0,1029.0,1040.0,"1,040.00",0.0,0.0,"1,039.15","43,429.00","1,060.00","45,129,032.50",340,-20.00,31.00,-1.89,3.01,0.08,"1,086.00",650.00,,
2024/08/06,43,DDBL,51.09,1035.0,1050.0,980.0,994.0,994.00,0.0,0.0,"1,008.34","73,467.00","1,040.00","74,079,503.80",505,-46.00,70.00,-4.42,7.14,-1.44,"1,086.00",650.00,,
2024/08/07,44,DDBL,53.64,994.0,1025.0,994.0,1025.0,"1,025.00",0.0,0.0,"1,005.57","40,276.00",994.00,"40,500,496.80",367,31.00,31.00,3.12,3.12,1.9,"1,086.00",650.00,,
2024/08/08,45,DDBL,47.66,1012.0,1035.0,996.0,1014.0,"1,014.00",0.0,0.0,"1,008.67","34,124.00","1,025.00","34,419,703.70",292,-11.00,39.00,-1.07,3.92,0.53,"1,086.00",650.00,,
2024/08/11,44,DDBL,57.73,1032.8,1066.0,1015.0,1064.0,"1,064.00",0.0,0.0,"1,054.94","49,021.00","1,014.00","51,714,273.60",523,50.00,51.00,4.93,5.02,0.85,"1,086.00",650.00,,
2024/06/25,42,DDBL,40.25,788.0,818.9,776.5,798.0,798.00,0.0,0.0,796.76,"10,461.00",788.00,"8,334,920.10",89,10.0,42.4,1.27,5.46,0.16,913.00,650.00,,
2024/06/26,40,DDBL,36.5,782.2,800.9,782.2,788.0,788.00,0.0,0.0,789.48,"4,735.00",798.00,"3,738,189.30",72,-10.0,18.7,-1.25,2.39,-0.19,913.00,650.00,,
2024/06/27,46,DDBL,39.28,777.7,797.0,777.1,780.2,780.20,0.0,0.0,781.39,"10,061.00",788.00,"7,861,527.40",78,-7.80,19.90,-0.99,2.56,-0.15,913.00,650.00,,
2024/06/30,42,DDBL,37.58,780.2,783.5,768.0,768.0,768.00,0.0,0.0,773.05,"14,507.00",780.20,"11,214,635.90",130,-12.2,15.50,-1.56,2.02,-0.66,894.00,650.00,,
2024/07/01,41,DDBL,39.09,765.0,780.0,765.0,770.0,770.00,0.0,0.0,769.71,"12,670.00",768.00,"9,752,220.60",76,2.00,15.0,0.26,1.96,0.04,894.00,650.00,,
2024/07/02,41,DDBL,40.97,785.4,801.0,775.0,783.9,783.90,0.0,0.0,784.14,"6,229.00",770.00,"4,884,430.10",98,13.90,26.0,1.81,3.35,-0.03,894.00,650.00,,
2024/07/03,43,DDBL,47.48,776.0,786.0,771.0,786.0,786.00,0.0,0.0,777.94,"25,775.00",783.90,"20,051,422.20",105,2.1,15.0,0.27,1.95,1.03,894.00,650.00,,
2024/07/04,44,DDBL,50.77,786.0,795.0,780.0,784.0,784.00,0.0,0.0,786.29,"18,604.00",786.00,"14,628,119.10",131,-2.0,15.0,-0.25,1.92,-0.29,894.00,650.00,,
2024/07/07,43,DDBL,37.56,855.0,861.0,850.0,858.0,858.00,0.0,0.0,854.19,"9,779.00",852.00,"8,353,168.60",71,6.0,11.0,0.7,1.29,0.44,"1,010.00",759.00,835.13,827.49
2024/07/08,44,DDBL,58.84,815.0,825.0,810.1,823.0,823.00,0.0,0.0,816.02,"27,577.00",806.30,"22,503,394.20",236,16.7,14.9,2.07,1.84,0.85,894.00,650.00,,
2024/07/09,42,DDBL,65.32,816.0,836.9,813.0,832.1,832.10,0.0,0.0,829.10,"30,871.00",823.00,"25,595,028.60",243,9.1,23.9,1.11,2.94,0.36,894.00,650.00,,
2024/07/10,43,DDBL,66.94,844.0,855.0,840.2,853.0,853.00,0.0,0.0,847.88,"45,712.00",832.10,"38,758,333.20",302,20.9,14.8,2.51,1.76,0.6,894.00,650.00,,
2024/07/11,47,DDBL,65.79,870.0,870.0,843.1,846.0,846.00,0.0,0.0,857.27,"23,786.00",853.00,"20,390,927.60",235,-7.0,26.90,-0.82,3.19,-1.33,894.00,650.00,,
2024/07/14,42,DDBL,67.27,862.0,880.1,846.0,850.5,850.50,0.0,0.0,852.94,"25,027.00",846.00,"21,346,519.20",222,4.5,34.10,0.53,4.03,-0.29,894.00,650.00,,
2024/07/15,45,DDBL,54.52,865.0,865.0,840.0,841.0,841.00,0.0,0.0,849.77,"26,132.00",850.50,"22,206,143.00",221,-9.50,25.00,-1.12,2.98,-1.04,894.00,650.00,,
2024/07/16,42,DDBL,58.03,856.8,869.0,830.0,869.0,869.00,0.0,0.0,855.20,"16,533.00",841.00,"14,139,047.30",179,28.0,39.00,3.33,4.7,1.59,894.00,650.00,,
2024/05/30,43,DDBL,41.09,731.0,735.0,713.0,717.0,717.00,0.0,0.0,720.72,"7,999.00",731.20,"5,765,061.90",105,-14.20,22.00,-1.94,3.09,-0.52,913.00,650.00,,
2024/06/02,45,DDBL,38.72,717.0,724.0,713.1,720.0,720.00,0.0,0.0,716.50,"3,841.00",717.00,"2,752,092.70",60,3.00,10.90,0.42,1.53,0.49,913.00,650.00,,
2024/06/03,43,DDBL,41.67,734.4,734.4,713.0,727.9,727.90,0.0,0.0,720.80,"7,650.00",720.00,"5,514,126.50",118,7.90,21.40,1.1,3.0,0.98,913.00,650.00,,
2024/06/04,43,DDBL,49.98,742.4,744.6,716.0,734.0,734.00,0.0,0.0,733.48,"15,389.00",727.90,"11,287,557.90",215,6.10,28.60,0.84,3.99,0.07,913.00,650.00,,
2024/06/05,42,DDBL,52.46,748.0,748.0,725.0,739.2,739.20,0.0,0.0,738.11,"10,520.00",734.00,"7,764,930.20",120,5.20,23.00,0.71,3.17,0.15,913.00,650.00,,
2024/06/06,43,DDBL,60.63,742.1,775.0,742.1,758.0,758.00,0.0,0.0,764.12,"54,175.00",739.20,"41,396,187.90",515,18.8,32.90,2.54,4.43,-0.81,913.00,650.00,,
2024/06/09,43,DDBL,65.49,760.0,800.0,760.0,790.0,790.00,0.0,0.0,790.61,"103,034.00",758.00,"81,460,105.70",791,32.0,40.00,4.22,5.26,-0.08,913.00,650.00,,
2024/06/10,43,DDBL,63.58,790.0,806.0,785.7,805.0,805.00,0.0,0.0,798.84,"56,756.00",790.00,"45,338,975.90",433,15.0,20.30,1.9,2.58,0.77,913.00,650.00,,
2024/06/11,41,DDBL,59.77,810.0,818.0,808.3,817.0,817.00,0.0,0.0,812.16,"28,172.00",805.00,"22,880,093.10",275,12.0,9.70,1.49,1.2,0.59,913.00,650.00,,
2024/06/12,42,DDBL,55.63,825.0,826.0,806.1,812.0,812.00,0.0,0.0,811.59,"31,787.00",817.00,"25,798,008.90",253,-5.0,19.9,-0.61,2.47,0.05,913.00,650.00,,
2024/06/13,41,DDBL,55.53,810.0,837.0,810.0,821.1,821.10,0.0,0.0,825.70,"51,134.00",812.00,"42,221,251.50",409,9.1,27.0,1.12,3.33,-0.56,913.00,650.00,,
2024/06/16,43,DDBL,45.95,811.0,815.0,796.1,798.0,798.00,0.0,0.0,806.01,"22,260.00",821.10,"17,941,842.90",206,-23.1,18.9,-2.81,2.37,-1.0,913.00,650.00,,
2024/06/18,43,DDBL,41.87,785.0,809.0,785.0,798.0,798.00,0.0,0.0,797.33,"16,482.00",798.00,"13,141,618.70",155,0.0,24.00,0.0,3.06,0.08,913.00,650.00,,
2024/06/19,42,DDBL,40.89,782.1,803.9,782.1,803.0,803.00,0.0,0.0,800.41,"11,070.00",798.00,"8,860,593.60",114,5.0,21.8,0.63,2.79,0.32,913.00,650.00,,
2024/06/20,40,DDBL,38.41,802.9,802.9,791.4,792.0,792.00,0.0,0.0,793.93,"7,636.00",803.00,"6,062,420.80",101,-11.0,11.50,-1.37,1.45,-0.24,913.00,650.00,,
2024/06/23,43,DDBL,37.46,785.0,799.0,782.0,782.0,782.00,0.0,0.0,786.61,"9,520.00",792.00,"7,488,543.90",100,-10.0,17.0,-1.26,2.17,-0.59,913.00,650.00,,
2024/05/05,45,DDBL,60.1,701.0,733.9,699.0,711.0,711.00,0.0,0.0,717.00,"32,924.00",709.00,"23,606,427.10",230,2.0,34.9,0.28,4.99,-0.84,913.00,606.70,,
2024/05/06,43,DDBL,54.91,706.0,707.0,686.0,692.0,692.00,0.0,0.0,695.77,"10,887.00",711.00,"7,574,836.30",117,-19.00,21.00,-2.67,3.06,-0.54,913.00,606.70,,
2024/05/07,43,DDBL,56.7,705.0,715.0,693.0,703.0,703.00,0.0,0.0,701.57,"7,935.00",692.00,"5,566,953.70",98,11.00,22.0,1.59,3.17,0.2,913.00,606.70,,
2024/05/08,44,DDBL,60.54,700.0,724.9,700.0,717.0,717.00,0.0,0.0,716.91,"21,278.00",703.00,"15,254,434.30",192,14.0,24.9,1.99,3.56,0.01,913.00,606.70,,
2024/05/09,40,DDBL,55.74,730.0,730.0,708.2,715.0,715.00,0.0,0.0,713.99,"7,740.00",717.00,"5,526,300.60",114,-2.0,21.80,-0.28,3.08,0.14,913.00,606.70,,
2024/05/12,44,DDBL,54.28,714.0,725.0,687.1,695.0,695.00,0.0,0.0,695.05,"10,783.00",715.00,"7,494,744.40",128,-20.00,37.9,-2.8,5.52,-0.01,913.00,606.70,,
2024/05/13,42,DDBL,41.74,695.1,700.0,695.0,695.0,695.00,0.0,0.0,698.30,"5,412.00",695.00,"3,779,216.00",88,0.0,5.0,0.0,0.72,-0.48,913.00,606.70,,
2024/05/14,46,DDBL,54.85,708.9,730.0,705.0,721.4,721.40,0.0,0.0,721.15,"26,607.00",695.00,"19,187,727.20",223,26.4,25.0,3.8,3.55,0.03,913.00,606.70,,
2024/05/15,45,DDBL,57.6,734.0,739.6,718.0,718.1,718.10,0.0,0.0,727.00,"18,904.00",721.40,"13,743,282.00",158,-3.3,21.6,-0.46,3.01,-1.24,913.00,606.70,,
2024/05/16,45,DDBL,61.83,732.0,755.1,720.0,753.1,753.10,0.0,0.0,744.27,"33,401.00",718.10,"24,859,482.50",435,35.0,35.1,4.87,4.88,1.17,913.00,616.10,,
2024/05/19,45,DDBL,62.88,768.1,777.0,733.1,770.0,770.00,0.0,0.0,758.54,"23,185.00",753.10,"17,586,837.70",270,16.9,43.9,2.24,5.99,1.49,913.00,650.00,,
2024/05/20,44,DDBL,58.55,779.9,780.0,750.0,758.8,758.80,0.0,0.0,768.57,"22,198.00",770.00,"17,060,806.60",229,-11.2,30.0,-1.45,4.0,-1.29,913.00,650.00,,
2024/05/21,42,DDBL,62.99,746.0,765.0,746.0,765.0,765.00,0.0,0.0,755.47,"16,477.00",758.80,"12,447,854.80",154,6.20,19.0,0.82,2.55,1.25,913.00,650.00,,
2024/05/22,42,DDBL,49.16,774.0,779.9,754.5,757.0,757.00,0.0,0.0,763.46,"11,295.00",765.00,"8,623,250.50",123,-8.0,25.4,-1.05,3.37,-0.85,913.00,650.00,,
2024/05/26,45,DDBL,44.98,772.1,772.1,740.0,741.0,741.00,0.0,0.0,750.34,"11,377.00",757.00,"8,536,649.50",130,-16.0,32.1,-2.11,4.34,-1.26,913.00,650.00,,
2024/05/27,45,DDBL,41.56,755.0,755.8,740.0,743.0,743.00,0.0,0.0,746.78,"3,510.00",741.00,"2,621,195.30",67,2.0,15.8,0.27,2.14,-0.51,913.00,650.00,,
2024/04/03,43,DDBL,37.56,855.0,861.0,850.0,858.0,858.00,0.0,0.0,854.19,"9,779.00",852.00,"8,353,168.60",71,6.0,11.0,0.7,1.29,0.44,"1,010.00",759.00,835.13,827.49
2024/04/04,43,DDBL,55.2,714.0,727.0,701.2,717.0,717.00,0.0,0.0,716.98,"15,122.00",707.90,"10,842,155.60",176,9.1,25.80,1.29,3.68,0.0,913.00,606.70,,
2024/04/07,43,DDBL,53.71,720.0,724.0,712.0,720.0,720.00,0.0,0.0,718.56,"7,507.00",717.00,"5,394,217.80",120,3.0,12.00,0.42,1.69,0.2,913.00,606.70,,
2024/04/09,43,DDBL,37.56,855.0,861.0,850.0,858.0,858.00,0.0,0.0,854.19,"9,779.00",852.00,"8,353,168.60",71,6.0,11.0,0.7,1.29,0.44,"1,010.00",759.00,835.13,827.49
2024/04/10,43,DDBL,46.66,725.0,725.0,701.5,703.0,703.00,0.0,0.0,705.88,"7,720.00",712.50,"5,449,364.80",83,-9.5,23.50,-1.33,3.35,-0.41,913.00,606.70,,
2024/04/14,43,DDBL,49.62,703.1,714.0,698.0,713.0,713.00,0.0,0.0,705.46,"7,209.00",703.00,"5,085,654.80",79,10.0,16.0,1.42,2.29,1.06,913.00,606.70,,
2024/04/15,44,DDBL,45.93,710.0,723.0,703.1,708.0,708.00,0.0,0.0,714.59,"6,473.00",713.00,"4,625,528.30",89,-5.00,19.9,-0.7,2.83,-0.93,913.00,606.70,,
2024/04/16,44,DDBL,44.11,707.0,715.0,694.9,698.9,698.90,0.0,0.0,701.63,"4,233.00",708.00,"2,970,001.20",80,-9.1,20.1,-1.29,2.89,-0.39,913.00,606.70,,
2024/04/18,42,DDBL,40.96,698.0,698.0,685.0,688.0,688.00,0.0,0.0,690.33,"3,605.00",698.90,"2,488,633.40",46,-10.9,13.0,-1.56,1.9,-0.34,913.00,606.70,,
2024/04/21,40,DDBL,43.16,688.0,692.1,670.0,689.0,689.00,0.0,0.0,679.95,"5,292.00",688.00,"3,598,269.10",85,1.0,22.1,0.15,3.3,1.31,913.00,606.70,,
2024/04/22,42,DDBL,39.64,685.0,690.0,680.0,680.0,680.00,0.0,0.0,685.39,"4,810.00",689.00,"3,296,717.80",61,-9.0,10.0,-1.31,1.47,-0.79,913.00,606.70,,
2024/04/24,42,DDBL,38.21,690.0,690.0,680.0,680.0,680.00,0.0,0.0,684.64,"1,810.00",680.00,"1,239,194.00",44,0.0,10.0,0.0,1.47,-0.68,913.00,606.70,,
2024/04/25,41,DDBL,40.09,674.0,689.0,674.0,675.6,675.60,0.0,0.0,677.16,"2,660.00",680.00,"1,801,238.90",39,-4.4,15.0,-0.65,2.23,-0.23,913.00,606.70,,
2024/04/28,43,DDBL,47.6,680.1,685.0,674.0,685.0,685.00,0.0,0.0,677.17,"4,684.00",675.60,"3,171,848.10",48,9.4,11.0,1.39,1.63,1.14,913.00,606.70,,
2024/04/29,44,DDBL,45.11,685.0,689.0,682.4,687.0,687.00,0.0,0.0,686.37,"2,549.00",685.00,"1,749,564.00",35,2.0,6.6,0.29,0.97,0.09,913.00,606.70,,
2024/04/30,45,DDBL,53.95,675.0,697.0,675.0,695.0,695.00,0.0,0.0,690.11,"5,863.00",687.00,"4,046,133.90",100,8.00,22.00,1.16,3.26,0.7,913.00,606.70,,
2024/03/07,45,DDBL,52.8,744.0,758.8,735.0,749.0,749.00,0.0,0.0,744.89,"5,771.00",742.20,"4,298,766.80",71,6.8,23.80,0.92,3.24,0.55,913.00,606.70,,
2024/03/10,42,DDBL,55.79,750.0,789.0,750.0,775.0,775.00,0.0,0.0,771.79,"15,042.00",749.00,"11,609,220.20",138,26.0,39.0,3.47,5.2,0.41,913.00,606.70,,
2024/03/12,42,DDBL,62.66,786.0,794.9,775.0,790.0,790.00,0.0,0.0,787.06,"10,974.00",775.00,"8,637,174.20",186,15.00,19.9,1.94,2.57,0.37,913.00,606.70,,
2024/03/13,43,DDBL,62.9,805.6,819.9,790.0,790.1,790.10,0.0,0.0,798.73,"12,772.00",790.00,"10,201,324.80",135,0.1,29.9,0.01,3.78,-1.09,913.00,606.70,,
2024/03/14,42,DDBL,59.97,777.2,790.0,774.7,780.0,780.00,0.0,0.0,780.10,"11,061.00",790.10,"8,628,727.40",113,-10.1,15.3,-1.28,1.97,-0.01,913.00,606.70,,
2024/03/17,44,DDBL,60.28,786.0,795.0,779.1,781.0,781.00,0.0,0.0,784.80,"13,494.00",780.00,"10,590,060.10",148,1.0,15.9,0.13,2.04,-0.49,913.00,606.70,,
2024/03/18,42,DDBL,42.09,781.1,789.9,781.1,788.0,788.00,0.0,0.0,785.14,"7,185.00",781.00,"5,641,264.50",78,7.0,8.8,0.9,1.13,0.36,913.00,606.70,,
2024/03/19,43,DDBL,54.58,800.0,805.0,785.0,793.9,793.90,0.0,0.0,795.63,"13,245.00",788.00,"10,538,168.40",157,5.9,20.00,0.75,2.55,-0.22,913.00,606.70,,
2024/03/20,43,DDBL,60.97,809.7,842.0,800.0,800.3,800.30,0.0,0.0,815.51,"46,273.00",793.90,"37,736,197.10",407,6.40,42.00,0.81,5.25,-1.9,913.00,606.70,,
2024/03/21,44,DDBL,51.96,801.1,815.0,793.0,799.0,799.00,0.0,0.0,800.09,"10,297.00",800.30,"8,238,524.90",172,-1.30,22.00,-0.16,2.77,-0.14,913.00,606.70,,
2024/03/25,43,DDBL,43.84,805.0,805.0,786.1,786.2,786.20,0.0,0.0,792.41,"19,155.00",799.00,"15,178,569.00",171,-12.80,18.90,-1.6,2.4,-0.79,913.00,606.70,,
2024/03/26,43,DDBL,45.99,799.8,799.8,786.1,799.0,799.00,0.0,0.0,792.79,"12,776.00",786.20,"10,128,711.20",143,12.8,13.70,1.63,1.74,0.78,913.00,606.70,,
2024/03/27,44,DDBL,43.85,814.9,814.9,797.7,797.7,797.70,0.0,0.0,800.42,"20,040.00",799.00,"16,040,388.10",323,-1.3,17.20,-0.16,2.16,-0.34,913.00,606.70,,
2024/03/28,43,DDBL,40.37,726.0,730.0,709.0,709.0,709.00,0.0,0.0,714.30,"15,296.00",725.18,"10,925,958.90",204,-16.18,21.0,-2.23,2.96,-0.75,913.00,606.70,,
2024/03/31,43,DDBL,37.17,720.0,720.0,687.0,687.0,687.00,0.0,0.0,694.22,"9,152.00",709.00,"6,353,469.80",160,-22.00,33.00,-3.1,4.8,-1.05,913.00,606.70,,
2024/04/01,43,DDBL,31.91,685.0,693.0,681.0,691.5,691.50,0.0,0.0,687.93,"4,045.00",687.00,"2,782,681.00",61,4.5,12.0,0.66,1.76,0.52,913.00,606.70,,
2024/02/12,44,DDBL,51.88,777.0,785.0,776.0,779.0,779.00,0.0,0.0,780.28,"7,581.00",785.00,"5,915,301.90",89,-6.00,9.00,-0.76,1.16,-0.16,955.00,606.70,,
2024/02/13,43,DDBL,46.43,766.0,777.2,766.0,773.0,773.00,0.0,0.0,773.78,"5,111.00",779.00,"3,954,787.80",57,-6.0,11.2,-0.77,1.46,-0.1,955.00,606.70,,
2024/02/14,42,DDBL,56.15,771.1,788.0,771.0,788.0,788.00,0.0,0.0,777.75,"9,117.00",773.00,"7,090,728.90",89,15.0,17.0,1.94,2.2,1.3,955.00,606.70,,
2024/02/15,44,DDBL,52.71,792.0,819.0,779.0,780.0,780.00,0.0,0.0,787.35,"11,632.00",788.00,"9,158,485.90",142,-8.0,40.0,-1.02,5.13,-0.94,955.00,606.70,,
2024/02/18,44,DDBL,44.46,775.0,775.0,766.1,768.0,768.00,0.0,0.0,769.09,"4,369.00",780.00,"3,360,152.50",56,-12.0,8.9,-1.54,1.16,-0.14,955.00,606.70,,
2024/02/20,45,DDBL,41.65,773.0,773.0,758.1,763.0,763.00,0.0,0.0,762.13,"3,008.00",768.00,"2,292,486.40",70,-5.00,14.9,-0.65,1.97,0.11,955.00,606.70,,
2024/02/21,44,DDBL,35.74,758.0,760.0,752.0,758.9,758.90,0.0,0.0,755.25,"3,616.00",763.00,"2,731,001.20",56,-4.10,8.0,-0.54,1.06,0.48,955.00,606.70,,
2024/02/22,43,DDBL,35.3,765.0,765.0,745.0,748.0,748.00,0.0,0.0,748.39,"5,118.00",758.90,"3,830,261.60",75,-10.90,20.0,-1.44,2.68,-0.05,955.00,606.70,,
2024/02/25,46,DDBL,36.95,738.1,745.5,738.0,738.0,738.00,0.0,0.0,741.74,"6,016.00",748.00,"4,462,293.70",83,-10.00,7.50,-1.34,1.02,-0.51,913.00,606.70,,
2024/02/26,45,DDBL,35.64,736.0,739.0,730.0,733.9,733.90,0.0,0.0,733.09,"3,470.00",738.00,"2,543,834.40",50,-4.10,9.00,-0.56,1.23,0.11,913.00,606.70,,
2024/02/27,44,DDBL,43.23,747.0,747.0,736.0,743.0,743.00,0.0,0.0,740.16,"6,733.00",733.90,"4,983,488.10",67,9.10,11.00,1.24,1.49,0.38,913.00,606.70,,
2024/02/28,44,DDBL,40.52,733.1,741.0,733.1,736.0,736.00,0.0,0.0,737.97,"3,423.00",743.00,"2,526,066.00",46,-7.00,7.90,-0.94,1.08,-0.27,913.00,606.70,,
2024/02/29,43,DDBL,43.8,745.0,745.0,730.0,734.0,734.00,0.0,0.0,733.12,"6,128.00",736.00,"4,492,535.00",73,-2.00,15.00,-0.27,2.05,0.12,913.00,606.70,,
2024/03/03,44,DDBL,40.1,731.0,740.0,721.0,729.0,729.00,0.0,0.0,729.46,"3,542.00",734.00,"2,583,736.20",56,-5.00,19.00,-0.68,2.64,-0.06,913.00,606.70,,
2024/03/04,37,DDBL,48.17,740.0,754.0,740.0,754.0,754.00,0.0,0.0,744.61,152.00,729.00,"113,180.00",4,25.0,14.0,3.43,1.89,1.25,913.00,606.70,,
2024/03/05,47,DDBL,46.16,755.0,755.0,730.0,737.0,737.00,0.0,0.0,740.83,"3,446.00",754.00,"2,552,908.20",66,-17.00,25.00,-2.25,3.42,-0.52,913.00,606.70,,
2024/01/18,43,DDBL,56.02,825.0,835.0,815.0,824.2,824.20,0.0,0.0,824.74,"17,965.00",835.00,"14,816,431.50",170,-10.8,20.00,-1.29,2.45,-0.07,"1,029.00",606.70,,
2024/01/21,45,DDBL,46.96,820.0,828.0,811.3,815.0,815.00,0.0,0.0,818.17,"18,352.00",824.20,"15,015,136.80",171,-9.2,16.70,-1.12,2.06,-0.39,"1,009.00",606.70,,
2024/01/22,42,DDBL,44.98,803.0,820.0,793.8,793.8,793.80,0.0,0.0,806.21,"12,815.00",815.00,"10,331,567.70",146,-21.2,26.2,-2.6,3.3,-1.56,"1,009.00",606.70,,
2024/01/23,45,DDBL,44.3,794.0,804.0,785.0,786.0,786.00,0.0,0.0,790.95,"4,499.00",793.80,"3,558,487.00",70,-7.8,19.0,-0.98,2.42,-0.63,"1,009.00",606.70,,
2024/01/24,44,DDBL,38.07,796.1,813.9,786.0,788.0,788.00,0.0,0.0,799.16,"3,106.00",786.00,"2,482,196.50",64,2.0,27.9,0.25,3.55,-1.42,"1,009.00",606.70,,
2024/01/25,45,DDBL,37.02,782.2,797.7,782.2,785.0,785.00,0.0,0.0,789.79,"2,549.00",788.00,"2,013,168.70",55,-3.0,15.50,-0.38,1.98,-0.61,"1,009.00",606.70,,
2024/01/28,45,DDBL,38.22,781.0,795.0,780.0,786.0,786.00,0.0,0.0,784.95,"4,145.00",785.00,"3,253,630.40",58,1.0,15.0,0.13,1.92,0.13,995.00,606.70,,
2024/01/29,43,DDBL,47.39,800.0,801.7,786.0,792.1,792.10,0.0,0.0,794.88,"5,512.00",786.00,"4,381,361.50",64,6.1,15.7,0.78,2.0,-0.35,995.00,606.70,,
2024/01/30,44,DDBL,47.49,790.0,800.0,781.1,788.9,788.90,0.0,0.0,789.24,"7,774.00",792.10,"6,135,526.30",93,-3.2,18.9,-0.4,2.42,-0.04,980.00,606.70,,
2024/01/31,44,DDBL,36.39,775.0,802.0,775.0,776.0,776.00,0.0,0.0,780.50,"5,135.00",788.90,"4,007,856.70",79,-12.90,27.00,-1.64,3.48,-0.58,975.00,606.70,,
2024/02/01,43,DDBL,33.66,766.0,775.0,761.1,768.0,768.00,0.0,0.0,765.09,"4,516.00",776.00,"3,455,141.80",67,-8.0,13.9,-1.03,1.83,0.38,975.00,606.70,,
2024/02/04,44,DDBL,39.26,755.1,775.0,753.2,755.0,755.00,0.0,0.0,761.09,"9,314.00",768.00,"7,088,812.20",99,-13.0,21.8,-1.69,2.89,-0.81,975.00,606.70,,
2024/02/05,43,DDBL,39.33,765.0,780.0,765.0,771.0,771.00,0.0,0.0,773.18,"9,184.00",755.00,"7,100,852.80",113,16.0,15.0,2.12,1.96,-0.28,975.00,606.70,,
2024/02/06,44,DDBL,44.3,775.0,783.0,770.0,777.0,777.00,0.0,0.0,779.30,"6,213.00",771.00,"4,841,795.30",69,6.0,13.0,0.78,1.69,-0.3,975.00,606.70,,
2024/02/07,44,DDBL,53.14,780.1,787.9,779.0,781.1,781.10,0.0,0.0,783.45,"9,550.00",777.00,"7,481,899.80",69,4.1,8.9,0.53,1.14,-0.3,975.00,606.70,,
2024/02/08,44,DDBL,51.75,770.0,780.5,770.0,780.0,780.00,0.0,0.0,778.67,"5,996.00",781.10,"4,668,916.20",63,-1.1,10.50,-0.14,1.36,0.17,975.00,606.70,,
2023/12/20,45,DDBL,59.03,835.0,835.0,800.0,815.8,815.80,0.0,0.0,809.82,"6,878.00",822.00,"5,569,971.50",140,-6.20,35.00,-0.75,4.38,0.73,"1,178.00",606.70,,
2023/12/21,45,DDBL,54.13,814.0,815.8,785.0,785.4,785.40,0.0,0.0,795.33,"9,831.00",815.80,"7,818,880.70",142,-30.40,30.80,-3.73,3.92,-1.26,"1,178.00",606.70,,
2023/12/24,46,DDBL,47.53,770.0,790.0,770.0,770.0,770.00,0.0,0.0,777.48,"10,556.00",785.40,"8,207,081.10",143,-15.4,20.00,-1.96,2.6,-0.97,"1,178.00",606.70,,
2023/12/27,45,DDBL,49.36,785.0,785.0,755.0,757.0,757.00,0.0,0.0,764.79,"11,482.00",770.00,"8,781,371.10",159,-13.0,30.00,-1.69,3.97,-1.03,"1,178.00",606.70,,
2023/12/28,44,DDBL,42.7,755.0,768.0,755.0,756.2,756.20,0.0,0.0,759.97,"4,379.00",757.00,"3,327,892.90",81,-0.8,13.0,-0.11,1.72,-0.5,"1,178.00",606.70,,
2024/01/01,44,DDBL,44.37,757.0,775.0,751.0,769.9,769.90,0.0,0.0,762.62,"6,314.00",756.20,"4,815,191.50",101,13.7,24.0,1.81,3.2,0.95,"1,178.00",606.70,,
2024/01/02,43,DDBL,43.22,784.6,784.6,745.0,745.1,745.10,0.0,0.0,752.12,"8,872.00",769.90,"6,672,834.90",109,-24.8,39.6,-3.22,5.32,-0.94,"1,178.00",606.70,,
2024/01/03,44,DDBL,41.85,748.0,754.5,741.2,743.0,743.00,0.0,0.0,744.08,"4,424.00",745.10,"3,291,815.60",71,-2.10,13.3,-0.28,1.79,-0.15,"1,178.00",606.70,,
2024/01/04,43,DDBL,41.8,743.0,760.0,743.0,745.1,745.10,0.0,0.0,751.23,"4,523.00",743.00,"3,397,834.00",86,2.10,17.00,0.28,2.29,-0.82,"1,178.00",606.70,,
2024/01/07,43,DDBL,41.12,745.1,755.0,735.0,735.0,735.00,0.0,0.0,743.87,"6,322.00",745.10,"4,702,732.70",98,-10.1,20.0,-1.36,2.72,-1.21,"1,138.00",606.70,,
2024/01/08,44,DDBL,45.05,740.0,747.6,740.0,745.0,745.00,0.0,0.0,742.88,"4,914.00",735.00,"3,650,500.80",80,10.0,7.60,1.36,1.03,0.28,"1,138.00",606.70,,
2024/01/09,42,DDBL,48.75,759.8,764.0,751.0,758.9,758.90,0.0,0.0,758.66,"5,724.00",745.00,"4,342,569.00",97,13.9,13.0,1.87,1.73,0.03,"1,109.00",606.70,,
2024/01/10,42,DDBL,60.62,774.0,783.2,765.0,779.9,779.90,0.0,0.0,778.29,"18,523.00",758.90,"14,416,299.00",160,21.0,18.20,2.77,2.38,0.21,"1,095.00",606.70,,
2024/01/11,44,DDBL,63.7,779.9,801.0,779.9,799.8,799.80,0.0,0.0,796.25,"29,233.00",779.90,"23,276,845.10",239,19.90,21.1,2.55,2.71,0.44,"1,080.00",606.70,,
2024/01/14,42,DDBL,66.54,814.0,831.0,814.0,827.0,827.00,0.0,0.0,822.17,"30,934.00",799.80,"25,432,967.30",363,27.2,17.0,3.4,2.09,0.58,"1,029.00",606.70,,
2024/01/16,44,DDBL,67.68,839.8,842.0,821.4,829.0,829.00,0.0,0.0,831.36,"22,539.00",827.00,"18,737,919.10",251,2.0,20.6,0.24,2.51,-0.28,"1,029.00",606.70,,
2023/11/27,43,DDBL,54.23,695.0,695.0,667.0,669.0,669.00,0.0,0.0,672.21,"4,671.00",682.30,"3,139,895.40",73,-13.30,28.00,-1.95,4.2,-0.48,"1,178.00",606.70,,
2023/11/28,39,DDBL,45.49,679.0,679.0,663.2,670.0,670.00,0.0,0.0,667.16,"2,474.00",669.00,"1,650,547.70",41,1.0,15.8,0.15,2.38,0.42,"1,178.00",606.70,,
2023/11/29,41,DDBL,49.07,670.0,670.0,661.0,664.0,664.00,0.0,0.0,664.14,"3,337.00",670.00,"2,216,218.50",42,-6.00,9.00,-0.9,1.36,-0.02,"1,178.00",606.70,,
2023/11/30,40,DDBL,41.24,656.1,665.0,651.0,651.0,651.00,0.0,0.0,654.80,"3,818.00",664.00,"2,500,027.00",66,-13.0,14.00,-1.96,2.15,-0.58,"1,178.00",606.70,,
2023/12/03,38,DDBL,57.53,664.0,676.2,650.0,676.2,676.20,0.0,0.0,663.70,"9,855.00",651.00,"6,540,766.60",85,25.2,26.2,3.87,4.03,1.85,"1,178.00",606.70,,
2023/12/04,43,DDBL,55.37,664.0,685.0,651.3,684.0,684.00,0.0,0.0,674.15,"5,130.00",676.20,"3,458,391.90",68,7.8,33.7,1.15,5.17,1.44,"1,178.00",606.70,,
2023/12/05,44,DDBL,54.39,670.4,684.0,662.1,683.0,683.00,0.0,0.0,676.12,"5,843.00",684.00,"3,950,573.10",39,-1.00,21.90,-0.15,3.31,1.01,"1,178.00",606.70,,
2023/12/06,41,DDBL,49.27,685.6,685.6,665.0,684.0,684.00,0.0,0.0,673.96,"2,510.00",683.00,"1,691,643.20",38,1.0,20.60,0.15,3.1,1.47,"1,178.00",606.70,,
2023/12/07,42,DDBL,53.01,686.0,686.0,679.0,686.0,686.00,0.0,0.0,681.90,"4,454.00",684.00,"3,037,179.50",62,2.0,7.00,0.29,1.03,0.6,"1,178.00",606.70,,
2023/12/10,33,DDBL,49.02,690.0,722.1,690.0,720.0,720.00,0.0,0.0,708.84,716.00,686.00,"507,528.00",11,34.00,32.1,4.96,4.65,1.55,"1,178.00",606.70,,
2023/12/11,43,DDBL,57.38,734.4,735.0,705.6,713.0,713.00,0.0,0.0,715.19,"7,271.00",720.00,"5,200,141.40",129,-7.0,29.4,-0.97,4.17,-0.31,"1,178.00",606.70,,
2023/12/12,43,DDBL,59.21,712.0,730.0,712.0,728.0,728.00,0.0,0.0,720.96,"8,086.00",713.00,"5,829,700.80",87,15.00,18.00,2.1,2.53,0.97,"1,178.00",606.70,,
2023/12/13,44,DDBL,60.37,730.0,770.0,716.1,770.0,770.00,0.0,0.0,736.24,"11,903.00",728.00,"8,763,449.80",163,42.0,53.9,5.77,7.53,4.38,"1,178.00",606.70,,
2023/12/14,44,DDBL,60.36,770.5,770.5,738.3,749.0,749.00,0.0,0.0,743.54,"7,031.00",770.00,"5,227,862.50",95,-21.0,32.2,-2.73,4.36,0.73,"1,178.00",606.70,,
2023/12/17,44,DDBL,64.3,741.0,780.3,731.0,760.0,760.00,0.0,0.0,754.56,"9,957.00",749.00,"7,513,122.80",139,11.0,49.30,1.47,6.74,0.72,"1,178.00",606.70,,
2023/12/18,43,DDBL,65.13,746.3,822.0,746.3,822.0,822.00,0.0,0.0,785.19,"21,357.00",760.00,"16,769,196.50",262,62.00,75.70,8.16,10.14,4.48,"1,178.00",606.70,,
2023/10/18,40,DDBL,49.03,724.0,732.9,720.0,732.0,732.00,0.0,0.0,726.74,"3,155.00",710.00,"2,292,861.10",38,22.0,12.9,3.1,1.79,0.72,"1,178.00",606.70,,
2023/10/19,42,DDBL,43.83,735.0,742.0,723.4,730.0,730.00,0.0,0.0,729.13,"1,368.00",732.00,"997,449.80",19,-2.0,18.6,-0.27,2.57,0.12,"1,178.00",606.70,,
2023/10/29,40,DDBL,37.28,719.0,719.0,710.1,713.5,713.50,0.0,0.0,713.94,"1,309.00",730.00,"934,543.70",43,-16.5,8.9,-2.26,1.25,-0.06,"1,178.00",606.70,,
2023/10/30,41,DDBL,43.21,708.0,724.0,701.0,718.7,718.70,0.0,0.0,716.78,"1,624.00",713.50,"1,164,056.10",27,5.2,23.0,0.73,3.28,0.27,"1,178.00",606.70,,
2023/10/31,41,DDBL,37.08,706.1,724.0,706.1,720.0,720.00,0.0,0.0,710.55,"1,820.00",718.70,"1,293,202.70",40,1.3,17.9,0.18,2.54,1.31,"1,178.00",606.70,,
2023/11/01,42,DDBL,38.84,715.0,725.0,707.7,721.5,721.50,0.0,0.0,715.55,"1,539.00",720.00,"1,101,225.30",34,1.5,17.3,0.21,2.44,0.83,"1,178.00",606.70,,
2023/11/02,40,DDBL,41.85,713.0,719.0,707.0,709.1,709.10,0.0,0.0,709.31,"2,249.00",721.50,"1,595,241.50",59,-12.4,12.0,-1.72,1.7,-0.03,"1,178.00",606.70,,
2023/11/05,41,DDBL,34.73,703.0,709.1,700.0,704.0,704.00,0.0,0.0,701.90,"1,527.00",709.10,"1,071,799.60",51,-5.1,9.1,-0.72,1.3,0.3,"1,178.00",606.70,,
2023/11/06,39,DDBL,34.5,705.0,713.8,704.0,704.0,704.00,0.0,0.0,705.67,927.00,704.00,"654,154.90",34,0.0,9.8,0.0,1.39,-0.24,"1,178.00",606.70,,
2023/11/07,40,DDBL,37.2,718.0,718.0,704.0,708.0,708.00,0.0,0.0,709.59,"1,475.00",704.00,"1,046,652.10",39,4.0,14.0,0.57,1.99,-0.23,"1,178.00",606.70,,
2023/11/08,40,DDBL,46.06,708.1,720.9,703.0,717.8,717.80,0.0,0.0,706.25,"1,582.00",708.00,"1,117,286.00",35,9.80,17.9,1.38,2.55,1.61,"1,178.00",606.70,,
2023/11/09,40,DDBL,43.86,710.0,710.0,682.0,704.0,704.00,0.0,0.0,697.90,"3,812.00",717.80,"2,660,393.50",70,-13.8,28.0,-1.92,4.11,0.87,"1,178.00",606.70,,
2023/11/20,41,DDBL,42.66,705.0,705.0,680.0,680.6,680.60,0.0,0.0,685.64,"8,010.00",704.00,"5,491,960.10",83,-23.40,25.00,-3.32,3.68,-0.74,"1,178.00",606.70,,
2023/11/21,41,DDBL,36.51,670.0,670.0,656.6,661.0,661.00,0.0,0.0,661.09,"5,763.00",680.60,"3,809,874.30",87,-19.6,13.40,-2.88,2.04,-0.01,"1,178.00",606.70,,
2023/11/22,41,DDBL,32.9,655.0,673.6,651.0,670.0,670.00,0.0,0.0,662.44,"2,385.00",661.00,"1,579,930.80",46,9.0,22.60,1.36,3.47,1.13,"1,178.00",606.70,,
2023/11/23,41,DDBL,34.74,662.0,669.9,658.0,660.0,660.00,0.0,0.0,661.92,"2,373.00",670.00,"1,570,746.20",50,-10.0,11.9,-1.49,1.81,-0.29,"1,178.00",606.70,,
2023/09/21,39,DDBL,61.3,759.7,774.9,740.0,773.8,773.80,0.0,0.0,754.11,"8,655.00",744.90,"6,526,857.00",104,28.90,34.90,3.88,4.72,2.54,"1,178.00",606.70,,
2023/09/24,43,DDBL,59.68,768.0,792.0,760.0,792.0,792.00,0.0,0.0,781.16,"12,800.00",773.80,"9,998,870.40",160,18.20,32.00,2.35,4.21,1.37,"1,178.00",606.70,,
2023/09/25,39,DDBL,55.48,777.0,788.0,770.0,779.0,779.00,0.0,0.0,778.64,"5,224.00",792.00,"4,067,598.60",94,-13.0,18.0,-1.64,2.34,0.05,"1,178.00",606.70,,
2023/09/26,40,DDBL,59.35,790.0,790.0,775.0,790.0,790.00,0.0,0.0,782.94,"5,476.00",779.00,"4,287,384.40",87,11.0,15.00,1.41,1.94,0.89,"1,178.00",606.70,,
2023/09/27,39,DDBL,44.24,781.0,790.0,766.5,772.9,772.90,0.0,0.0,771.31,"5,880.00",790.00,"4,535,313.90",71,-17.1,23.5,-2.16,3.07,0.21,"1,178.00",606.70,,
2023/10/01,39,DDBL,37.56,757.5,772.6,745.1,757.9,757.90,0.0,0.0,756.60,"3,859.00",772.90,"2,919,726.30",63,-15.0,27.5,-1.94,3.69,0.17,"1,178.00",606.70,,
2023/10/02,42,DDBL,43.74,744.0,777.0,744.0,777.0,777.00,0.0,0.0,753.91,"6,520.00",757.90,"4,915,486.60",91,19.1,33.0,2.52,4.44,2.97,"1,178.00",606.70,,
2023/10/03,38,DDBL,34.73,766.0,770.0,755.0,763.0,763.00,0.0,0.0,764.51,"1,881.00",777.00,"1,438,045.80",42,-14.0,15.0,-1.8,1.99,-0.2,"1,178.00",606.70,,
2023/10/04,42,DDBL,35.24,756.0,770.0,748.0,767.0,767.00,0.0,0.0,761.63,"1,656.00",763.00,"1,261,262.90",27,4.0,22.0,0.52,2.94,0.7,"1,178.00",606.70,,
2023/10/05,39,DDBL,41.33,753.1,770.0,753.0,770.0,770.00,0.0,0.0,763.69,"2,669.00",767.00,"2,038,278.50",41,3.0,17.0,0.39,2.26,0.82,"1,178.00",606.70,,
2023/10/08,41,DDBL,34.41,754.6,755.0,738.0,741.0,741.00,0.0,0.0,742.82,"7,429.00",770.00,"5,518,416.20",95,-29.0,17.0,-3.77,2.3,-0.25,"1,178.00",606.70,,
2023/10/09,39,DDBL,33.35,730.0,740.0,728.2,730.2,730.20,0.0,0.0,731.52,"3,883.00",741.00,"2,840,496.30",58,-10.8,11.8,-1.46,1.62,-0.18,"1,178.00",606.70,,
2023/10/10,39,DDBL,31.47,718.3,732.0,718.3,728.0,728.00,0.0,0.0,722.25,"5,005.00",730.20,"3,614,861.50",71,-2.2,13.7,-0.3,1.91,0.79,"1,178.00",606.70,,
2023/10/11,41,DDBL,33.86,724.0,738.0,721.0,730.0,730.00,0.0,0.0,733.01,"3,981.00",728.00,"2,918,132.40",50,2.0,17.0,0.27,2.36,-0.41,"1,178.00",606.70,,
2023/10/12,42,DDBL,31.06,730.0,730.0,716.0,727.0,727.00,0.0,0.0,723.10,"3,597.00",730.00,"2,600,976.80",69,-3.0,14.00,-0.41,1.96,0.54,"1,178.00",606.70,,
2023/10/16,42,DDBL,27.11,715.0,723.0,715.0,716.1,716.10,0.0,0.0,717.71,"2,289.00",727.00,"1,642,848.40",49,-10.9,8.00,-1.5,1.12,-0.23,"1,178.00",606.70,,
2023/08/23,40,DDBL,50.56,750.0,755.8,735.0,750.5,750.50,0.0,0.0,752.57,"3,126.00",742.00,"2,352,535.30",76,8.5,20.8,1.15,2.83,-0.28,"1,178.00",606.70,,
2023/08/24,39,DDBL,48.12,750.0,758.0,735.5,735.7,735.70,0.0,0.0,748.29,"5,560.00",750.50,"4,160,477.60",72,-14.8,22.5,-1.97,3.06,-1.71,"1,178.00",606.70,,
2023/08/27,38,DDBL,40.55,731.0,735.0,730.0,733.1,733.10,0.0,0.0,732.23,"1,669.00",735.70,"1,222,086.80",53,-2.6,5.00,-0.35,0.68,0.12,"1,178.00",606.70,,
2023/08/28,39,DDBL,37.39,731.0,739.0,730.1,735.0,735.00,0.0,0.0,734.11,"1,224.00",733.10,"898,552.60",28,1.9,8.9,0.26,1.22,0.12,"1,178.00",606.70,,
2023/08/29,39,DDBL,33.93,735.0,741.0,730.0,733.0,733.00,0.0,0.0,736.79,"2,120.00",735.00,"1,561,991.80",40,-2.0,11.0,-0.27,1.51,-0.52,"1,178.00",606.70,,
2023/08/30,40,DDBL,47.35,735.0,740.0,729.0,730.0,730.00,0.0,0.0,732.29,"5,129.00",733.00,"3,755,923.30",76,-3.0,11.0,-0.41,1.51,-0.31,"1,178.00",606.70,,
2023/09/03,39,DDBL,39.53,735.0,735.0,722.0,722.0,722.00,0.0,0.0,724.86,"3,722.00",730.00,"2,697,917.00",71,-8.0,13.0,-1.1,1.8,-0.4,"1,178.00",606.70,,
2023/09/04,37,DDBL,43.76,710.0,735.0,710.0,734.0,734.00,0.0,0.0,727.79,"3,334.00",722.00,"2,426,436.30",57,12.0,25.0,1.66,3.52,0.85,"1,178.00",606.70,,
2023/09/05,38,DDBL,40.3,733.0,735.0,722.5,725.0,725.00,0.0,0.0,726.33,"5,073.00",734.00,"3,684,682.00",51,-9.0,12.5,-1.23,1.73,-0.18,"1,178.00",606.70,,
2023/09/07,40,DDBL,31.18,717.0,724.0,717.0,717.0,717.00,0.0,0.0,718.89,"4,187.00",725.00,"3,009,974.50",70,-8.0,7.0,-1.1,0.98,-0.26,"1,178.00",606.70,,
2023/09/10,39,DDBL,46.64,717.0,726.0,717.0,726.0,726.00,0.0,0.0,720.56,"2,885.00",717.00,"2,078,816.30",49,9.0,9.0,1.26,1.26,0.75,"1,178.00",606.70,,
2023/09/11,39,DDBL,52.64,720.0,742.0,720.0,742.0,742.00,0.0,0.0,734.67,"4,162.00",726.00,"3,057,691.40",72,16.0,22.0,2.2,3.06,0.99,"1,178.00",606.70,,
2023/09/12,41,DDBL,48.97,734.0,744.9,727.2,730.0,730.00,0.0,0.0,735.35,"4,147.00",742.00,"3,049,485.70",68,-12.0,17.7,-1.62,2.43,-0.73,"1,178.00",606.70,,
2023/09/13,38,DDBL,52.04,725.0,746.0,725.0,746.0,746.00,0.0,0.0,742.78,"3,863.00",730.00,"2,869,341.60",54,16.0,21.0,2.19,2.9,0.43,"1,178.00",606.70,,
2023/09/17,40,DDBL,50.23,746.0,746.0,725.0,730.0,730.00,0.0,0.0,735.47,"3,808.00",746.00,"2,800,655.00",78,-16.0,21.0,-2.14,2.9,-0.75,"1,178.00",606.70,,
2023/09/18,40,DDBL,32.5,735.0,739.0,731.6,739.0,739.00,0.0,0.0,734.58,999.00,730.00,"733,845.40",18,9.0,7.4,1.23,1.01,0.6,"1,178.00",606.70,,
2023/07/31,38,DDBL,37.99,780.0,785.0,764.5,777.0,777.00,0.0,0.0,776.95,"5,477.00",772.50,"4,255,336.00",95,4.5,20.5,0.58,2.68,0.01,"1,178.00",606.70,,
2023/08/01,37,DDBL,33.43,780.0,780.0,762.0,764.0,764.00,0.0,0.0,769.84,"4,439.00",777.00,"3,417,303.90",92,-13.00,18.00,-1.67,2.36,-0.76,"1,178.00",606.70,,
2023/08/02,37,DDBL,32.17,760.0,770.0,754.0,768.0,768.00,0.0,0.0,763.32,"2,274.00",764.00,"1,735,792.00",64,4.0,16.00,0.52,2.12,0.61,"1,178.00",606.70,,
2023/08/03,36,DDBL,36.89,763.1,770.0,762.0,768.0,768.00,0.0,0.0,765.74,"2,899.00",768.00,"2,219,880.40",63,0.0,8.0,0.0,1.05,0.29,"1,178.00",606.70,,
2023/08/06,37,DDBL,32.36,760.0,769.0,746.0,750.0,750.00,0.0,0.0,755.04,"4,009.00",768.00,"3,026,945.90",94,-18.0,23.00,-2.34,3.08,-0.67,"1,178.00",606.70,,
2023/08/07,37,DDBL,40.87,742.0,757.8,742.0,750.0,750.00,0.0,0.0,750.43,"3,362.00",750.00,"2,522,941.90",70,0.0,15.80,0.0,2.13,-0.06,"1,178.00",606.70,,
2023/08/08,37,DDBL,36.56,751.0,755.0,726.1,728.0,728.00,0.0,0.0,736.98,"6,497.00",750.00,"4,788,187.60",131,-22.0,28.90,-2.93,3.98,-1.23,"1,178.00",606.70,,
2023/08/09,38,DDBL,42.96,713.8,742.5,713.8,742.5,742.50,0.0,0.0,732.58,"5,645.00",728.00,"4,135,424.10",90,14.5,28.70,1.99,4.02,1.34,"1,178.00",606.70,,
2023/08/10,40,DDBL,45.84,743.0,750.0,736.1,740.1,740.10,0.0,0.0,744.30,"5,495.00",742.50,"4,089,914.20",86,-2.4,13.9,-0.32,1.89,-0.57,"1,178.00",606.70,,
2023/08/13,36,DDBL,46.68,730.0,754.7,730.0,751.0,751.00,0.0,0.0,748.89,"2,987.00",740.10,"2,236,920.70",90,10.90,24.70,1.47,3.38,0.28,"1,178.00",606.70,,
2023/08/14,40,DDBL,53.42,745.0,778.0,745.0,752.0,752.00,0.0,0.0,762.71,"5,613.00",751.00,"4,281,077.30",98,1.0,33.0,0.13,4.43,-1.42,"1,178.00",606.70,,
2023/08/15,39,DDBL,46.94,752.0,752.0,732.2,741.0,741.00,0.0,0.0,740.38,"7,129.00",752.00,"5,278,150.80",118,-11.0,19.80,-1.46,2.7,0.08,"1,178.00",606.70,,
2023/08/16,39,DDBL,46.07,729.0,740.0,726.7,737.9,737.90,0.0,0.0,729.86,"4,552.00",741.00,"3,322,313.60",79,-3.1,13.30,-0.42,1.83,1.09,"1,178.00",606.70,,
2023/08/17,39,DDBL,41.19,740.1,750.0,733.0,733.0,733.00,0.0,0.0,737.86,"3,355.00",737.90,"2,475,513.90",67,-4.9,17.00,-0.66,2.32,-0.66,"1,178.00",606.70,,
2023/08/20,39,DDBL,43.59,726.0,755.0,726.0,733.3,733.30,0.0,0.0,740.28,"4,960.00",733.00,"3,671,802.50",71,0.3,29.00,0.04,3.99,-0.95,"1,178.00",606.70,,
2023/08/21,38,DDBL,41.05,733.0,746.0,725.2,731.5,731.50,0.0,0.0,735.98,"1,767.00",733.30,"1,300,477.10",38,-1.8,20.8,-0.25,2.87,-0.61,"1,178.00",606.70,,
2023/07/06,43,DDBL,37.56,855.0,861.0,850.0,858.0,858.00,0.0,0.0,854.19,"9,779.00",852.00,"8,353,168.60",71,6.0,11.0,0.7,1.29,0.44,"1,010.00",759.00,835.13,827.49
2023/07/09,39,DDBL,38.43,780.0,794.0,780.0,786.0,786.00,0.0,0.0,788.72,"8,184.00",778.00,"6,454,904.10",141,8.0,14.0,1.03,1.79,-0.35,"1,178.00",606.70,,
2023/07/10,41,DDBL,40.32,800.0,817.0,790.0,797.0,797.00,0.0,0.0,804.29,"12,295.00",786.00,"9,888,787.40",173,11.00,27.00,1.4,3.42,-0.92,"1,178.00",606.70,,
2023/07/11,41,DDBL,42.06,800.0,811.0,796.0,800.0,800.00,0.0,0.0,804.07,"7,742.00",797.00,"6,225,091.90",128,3.0,15.00,0.38,1.88,-0.51,"1,178.00",606.70,,
2023/07/12,42,DDBL,49.44,800.0,817.0,800.0,816.0,816.00,0.0,0.0,810.97,"12,889.00",800.00,"10,452,603.20",122,16.0,17.0,2.0,2.13,0.62,"1,178.00",606.70,,
2023/07/13,40,DDBL,50.52,817.1,836.0,815.0,822.1,822.10,0.0,0.0,829.27,"18,771.00",816.00,"15,566,191.30",231,6.1,21.00,0.75,2.58,-0.87,"1,178.00",606.70,,
2023/07/16,40,DDBL,44.52,835.0,840.0,807.0,826.0,826.00,0.0,0.0,814.43,"7,768.00",822.10,"6,326,459.40",116,3.90,33.00,0.47,4.09,1.4,"1,178.00",606.70,,
2023/07/17,37,DDBL,48.61,826.0,841.0,815.0,836.1,836.10,0.0,0.0,831.52,"8,920.00",826.00,"7,417,128.10",124,10.1,26.00,1.22,3.19,0.55,"1,178.00",606.70,,
2023/07/18,36,DDBL,45.36,849.0,854.0,840.5,848.9,848.90,0.0,0.0,848.45,"7,412.00",836.10,"6,288,707.10",129,12.80,13.50,1.53,1.61,0.05,"1,178.00",606.70,,
2023/07/19,38,DDBL,43.74,860.0,860.0,830.0,837.0,837.00,0.0,0.0,835.80,"6,375.00",848.90,"5,328,210.20",94,-11.9,30.00,-1.4,3.61,0.14,"1,178.00",606.70,,
2023/07/20,39,DDBL,41.49,837.5,838.0,812.4,814.0,814.00,0.0,0.0,820.99,"9,196.00",837.00,"7,549,814.10",167,-23.00,25.60,-2.75,3.15,-0.86,"1,178.00",606.70,,
2023/07/23,38,DDBL,45.99,821.0,845.0,820.0,825.3,825.30,0.0,0.0,829.28,"11,971.00",814.00,"9,927,314.70",159,11.3,25.00,1.39,3.05,-0.48,"1,178.00",606.70,,
2023/07/24,37,DDBL,40.44,830.0,833.0,806.1,818.0,818.00,0.0,0.0,817.41,"7,780.00",825.30,"6,359,446.50",160,-7.3,26.90,-0.88,3.34,0.07,"1,178.00",606.70,,
2023/07/25,38,DDBL,40.24,818.0,822.0,804.0,814.0,814.00,0.0,0.0,810.81,"11,948.00",818.00,"9,687,513.30",149,-4.00,18.00,-0.49,2.24,0.39,"1,178.00",606.70,,
2023/07/26,37,DDBL,46.29,810.0,820.0,802.0,808.5,808.50,0.0,0.0,810.35,"4,553.00",814.00,"3,689,535.00",89,-5.50,18.00,-0.68,2.24,-0.23,"1,178.00",606.70,,
2023/07/27,39,DDBL,40.12,823.9,823.9,785.0,785.0,785.00,0.0,0.0,796.14,"7,890.00",808.50,"6,281,540.00",177,-23.5,38.90,-2.91,4.96,-1.42,"1,178.00",606.70,,
2023/06/12,39,DDBL,44.4,707.0,712.0,692.0,700.0,700.00,0.0,0.0,703.05,"7,155.00",705.90,"5,030,353.00",116,-5.90,20.00,-0.84,2.89,-0.44,"1,178.00",606.70,,
2023/06/13,41,DDBL,54.8,704.0,742.0,697.0,737.0,737.00,0.0,0.0,715.70,"14,050.00",700.00,"10,055,568.60",216,37.00,45.00,5.29,6.46,2.89,"1,178.00",606.70,,
2023/06/14,41,DDBL,56.28,743.5,751.7,723.0,739.0,739.00,0.0,0.0,741.94,"17,760.00",737.00,"13,176,872.30",255,2.00,28.70,0.27,3.97,-0.4,"1,178.00",606.70,,
2023/06/15,37,DDBL,49.87,727.5,742.0,725.0,740.0,740.00,0.0,0.0,734.92,"10,393.00",739.00,"7,638,068.10",139,1.0,17.00,0.14,2.34,0.69,"1,178.00",606.70,,
2023/06/18,39,DDBL,54.43,745.0,751.9,735.0,751.0,751.00,0.0,0.0,746.42,"7,612.00",740.00,"5,681,722.40",128,11.0,16.90,1.49,2.3,0.61,"1,178.00",606.70,,
2023/06/19,39,DDBL,49.39,752.0,767.0,737.0,748.0,748.00,0.0,0.0,748.86,"12,010.00",751.00,"8,993,827.60",159,-3.00,30.00,-0.4,4.07,-0.12,"1,178.00",606.70,,
2023/06/20,38,DDBL,44.59,762.0,762.0,726.0,730.0,730.00,0.0,0.0,741.56,"10,873.00",748.00,"8,063,011.40",145,-18.0,36.0,-2.41,4.96,-1.58,"1,178.00",606.70,,
2023/06/21,43,DDBL,37.56,855.0,861.0,850.0,858.0,858.00,0.0,0.0,854.19,"9,779.00",852.00,"8,353,168.60",71,6.0,11.0,0.7,1.29,0.44,"1,010.00",759.00,835.13,827.49
2023/06/22,43,DDBL,37.56,855.0,861.0,850.0,858.0,858.00,0.0,0.0,854.19,"9,779.00",852.00,"8,353,168.60",71,6.0,11.0,0.7,1.29,0.44,"1,010.00",759.00,835.13,827.49
2023/06/25,38,DDBL,44.23,735.0,744.0,720.0,738.0,738.00,0.0,0.0,732.00,"8,694.00",734.00,"6,363,996.50",124,4.00,24.00,0.54,3.33,0.81,"1,178.00",606.70,,
2023/06/26,40,DDBL,64.57,752.7,807.0,740.0,807.0,807.00,0.0,0.0,782.97,"38,472.00",738.00,"30,122,453.60",498,69.0,67.0,9.35,9.05,2.98,"1,178.00",606.70,,
2023/06/27,39,DDBL,65.4,823.0,887.7,819.0,887.7,887.70,0.0,0.0,864.51,"44,019.00",807.00,"38,054,779.30",602,80.70,68.70,10.0,8.39,2.61,"1,178.00",606.70,,
2023/06/28,39,DDBL,57.76,905.4,913.0,850.0,857.6,857.60,0.0,0.0,875.84,"25,812.00",887.70,"22,607,212.90",471,-30.1,63.0,-3.39,7.41,-2.13,"1,178.00",606.70,,
2023/07/02,40,DDBL,55.48,860.0,860.0,809.0,810.0,810.00,0.0,0.0,822.93,"25,356.00",857.60,"20,866,161.90",361,-47.6,51.0,-5.55,6.3,-1.6,"1,178.00",606.70,,
2023/07/03,38,DDBL,41.79,800.0,818.9,790.0,792.0,792.00,0.0,0.0,801.45,"14,571.00",810.00,"11,677,911.30",252,-18.0,28.9,-2.22,3.66,-1.19,"1,178.00",606.70,,
2023/07/04,38,DDBL,40.87,792.0,804.9,786.0,804.0,804.00,0.0,0.0,793.29,"6,893.00",792.00,"5,468,179.50",145,12.00,18.9,1.52,2.4,1.33,"1,178.00",606.70,,
2023/05/16,38,DDBL,42.66,616.1,628.0,616.1,621.0,621.00,0.0,0.0,623.60,"4,822.00",621.00,"3,006,989.70",59,0.0,11.9,0.0,1.93,-0.42,"1,178.00",606.70,,
2023/05/17,37,DDBL,46.09,620.0,637.2,620.0,633.9,633.90,0.0,0.0,628.52,"3,745.00",621.00,"2,353,808.00",73,12.9,17.2,2.08,2.77,0.85,"1,178.00",606.70,,
2023/05/18,36,DDBL,53.43,623.3,660.0,623.3,658.0,658.00,0.0,0.0,651.36,"8,946.00",633.90,"5,827,087.60",134,24.1,36.7,3.8,5.89,1.01,"1,178.00",606.70,,
2023/05/21,40,DDBL,44.38,670.0,680.0,651.7,660.0,660.00,0.0,0.0,664.33,"11,143.00",658.00,"7,402,578.00",143,2.00,28.30,0.3,4.34,-0.66,"1,178.00",606.70,,
2023/05/22,38,DDBL,51.03,660.0,680.0,654.0,662.0,662.00,0.0,0.0,663.01,"7,356.00",660.00,"4,877,085.70",92,2.00,26.00,0.3,3.98,-0.15,"1,178.00",606.70,,
2023/05/23,37,DDBL,55.06,671.0,689.0,671.0,689.0,689.00,0.0,0.0,683.96,"9,370.00",662.00,"6,408,737.10",141,27.00,18.00,4.08,2.68,0.73,"1,178.00",606.70,,
2023/05/24,37,DDBL,55.08,702.0,713.0,690.0,704.0,704.00,0.0,0.0,701.68,"9,560.00",689.00,"6,708,086.00",191,15.00,23.00,2.18,3.33,0.33,"1,178.00",606.70,,
2023/05/28,38,DDBL,57.3,715.0,727.0,705.1,709.0,709.00,0.0,0.0,715.51,"12,541.00",704.00,"8,973,245.30",207,5.00,21.90,0.71,3.11,-0.92,"1,178.00",606.70,,
2023/05/30,39,DDBL,55.75,700.0,700.0,680.0,688.0,688.00,0.0,0.0,688.82,"11,062.00",709.00,"7,619,734.20",161,-21.0,20.00,-2.96,2.94,-0.12,"1,178.00",606.70,,
2023/05/31,36,DDBL,34.39,675.0,688.0,662.0,677.0,677.00,0.0,0.0,676.14,"4,581.00",688.00,"3,097,387.40",97,-11.00,26.00,-1.6,3.93,0.13,"1,178.00",606.70,,
2023/06/01,38,DDBL,35.28,683.0,687.0,663.5,683.0,683.00,0.0,0.0,677.26,"4,018.00",677.00,"2,721,231.00",76,6.0,23.50,0.89,3.54,0.84,"1,178.00",606.70,,
2023/06/04,37,DDBL,41.32,687.0,701.0,685.0,700.0,700.00,0.0,0.0,695.25,"6,431.00",683.00,"4,471,133.20",104,17.00,16.0,2.49,2.34,0.68,"1,178.00",606.70,,
2023/06/05,37,DDBL,36.6,700.0,709.0,685.0,685.0,685.00,0.0,0.0,695.65,"2,736.00",700.00,"1,903,292.50",76,-15.0,24.00,-2.14,3.5,-1.55,"1,178.00",606.70,,
2023/06/06,37,DDBL,37.86,698.7,698.7,680.0,688.1,688.10,0.0,0.0,687.81,"1,919.00",685.00,"1,319,916.70",54,3.1,18.70,0.45,2.75,0.04,"1,178.00",606.70,,
2023/06/07,35,DDBL,41.94,685.0,710.0,685.0,694.0,694.00,0.0,0.0,699.07,"8,639.00",688.10,"6,039,278.40",131,5.9,25.0,0.86,3.65,-0.73,"1,178.00",606.70,,
2023/06/08,39,DDBL,35.09,707.8,707.8,681.5,690.0,690.00,0.0,0.0,692.14,"4,568.00",694.00,"3,161,703.80",70,-4.0,26.3,-0.58,3.86,-0.31,"1,178.00",606.70,,
2023/04/20,35,DDBL,30.99,682.0,682.0,658.0,660.0,660.00,0.0,0.0,660.91,"4,017.00",669.00,"2,654,862.20",65,-9.0,24.00,-1.35,3.65,-0.14,"1,178.00",630.00,,
2023/04/23,36,DDBL,27.17,650.2,669.0,650.2,660.0,660.00,0.0,0.0,654.74,"2,887.00",660.00,"1,890,238.20",62,0.0,18.8,0.0,2.89,0.8,"1,178.00",630.00,,
2023/04/24,36,DDBL,21.76,660.0,660.0,650.0,656.5,656.50,0.0,0.0,653.68,425.00,660.00,"277,815.00",18,-3.5,10.0,-0.53,1.54,0.43,"1,178.00",630.00,,
2023/04/25,33,DDBL,34.24,657.0,663.0,656.6,662.7,662.70,0.0,0.0,659.55,"2,082.00",656.50,"1,373,192.70",43,6.2,6.4,0.94,0.97,0.47,"1,178.00",630.00,,
2023/04/26,35,DDBL,41.63,662.7,669.0,657.1,660.0,660.00,0.0,0.0,661.63,"3,047.00",662.70,"2,015,976.40",44,-2.7,11.9,-0.41,1.81,-0.25,"1,178.00",630.00,,
2023/04/27,36,DDBL,35.6,650.6,660.0,650.5,651.5,651.50,0.0,0.0,652.99,"2,910.00",660.00,"1,900,199.60",62,-8.50,9.5,-1.29,1.46,-0.23,"1,178.00",630.00,,
2023/04/30,38,DDBL,32.91,640.0,655.0,639.0,640.0,640.00,0.0,0.0,645.47,"4,438.00",651.50,"2,864,604.80",97,-11.5,16.0,-1.77,2.5,-0.86,"1,178.00",630.00,,
2023/05/02,38,DDBL,30.17,646.0,646.0,636.3,636.4,636.40,0.0,0.0,639.02,"4,059.00",640.00,"2,593,794.20",74,-3.6,9.7,-0.56,1.52,-0.41,"1,178.00",630.00,,
2023/05/03,36,DDBL,25.96,631.0,642.0,627.0,630.0,630.00,0.0,0.0,632.30,"3,066.00",636.40,"1,938,617.10",76,-6.4,15.0,-1.01,2.39,-0.36,"1,178.00",627.00,,
2023/05/04,39,DDBL,31.72,630.0,637.5,625.0,626.3,626.30,0.0,0.0,628.11,"5,260.00",630.00,"3,303,874.00",101,-3.7,12.5,-0.59,2.0,-0.29,"1,178.00",625.00,,
2023/05/07,37,DDBL,34.42,621.0,630.0,619.2,630.0,630.00,0.0,0.0,620.23,"4,822.00",626.30,"2,990,746.40",91,3.7,10.8,0.59,1.74,1.55,"1,178.00",619.20,,
2023/05/08,39,DDBL,29.17,620.1,626.0,616.0,618.7,618.70,0.0,0.0,620.71,"2,972.00",630.00,"1,844,739.70",74,-11.3,10.00,-1.79,1.62,-0.32,"1,178.00",616.00,,
2023/05/09,37,DDBL,36.94,615.0,630.0,610.2,625.0,625.00,0.0,0.0,620.17,"3,302.00",618.70,"2,047,787.00",49,6.3,19.8,1.02,3.24,0.77,"1,178.00",610.20,,
2023/05/10,36,DDBL,32.39,625.2,630.0,616.0,622.0,622.00,0.0,0.0,621.60,922.00,625.00,"573,112.20",27,-3.0,14.0,-0.48,2.27,0.06,"1,178.00",610.20,,
2023/05/11,36,DDBL,34.39,620.2,620.2,615.0,620.0,620.00,0.0,0.0,617.67,"1,667.00",622.00,"1,029,650.40",51,-2.0,5.2,-0.32,0.85,0.38,"1,178.00",610.20,,
2023/05/14,37,DDBL,39.83,621.0,621.0,610.0,619.0,619.00,0.0,0.0,616.27,"5,365.00",620.00,"3,306,314.40",76,-1.0,11.0,-0.16,1.8,0.44,"1,178.00",610.00,,
2023/06/11,40,DDBL,51.18,703.0,710.0,690.2,705.9,705.90,0.0,0.0,698.20,"14,065.00",690.00,"9,820,177.00",139,15.90,19.80,2.3,2.87,1.09,"1,178.00",606.70,,
2023/07/05,39,DDBL,37.66,804.0,805.0,769.0,772.0,772.00,0.0,0.0,784.48,"13,942.00",804.00,"10,937,162.40",209,-32.0,36.00,-3.98,4.68,-1.62,"1,178.00",606.70,,
2023/07/30,37,DDBL,40.69,785.0,785.0,765.1,772.5,772.50,0.0,0.0,771.49,"7,717.00",785.00,"5,953,624.50",160,-12.5,19.90,-1.59,2.6,0.13,"1,178.00",606.70,,
2023/08/22,40,DDBL,45.49,724.0,742.5,724.0,742.0,742.00,0.0,0.0,734.26,"2,754.00",731.50,"2,022,149.60",63,10.5,18.5,1.44,2.56,1.04,"1,178.00",606.70,,
2023/09/19,38,DDBL,54.95,730.0,744.9,730.0,744.9,744.90,0.0,0.0,737.18,"4,890.00",739.00,"3,604,815.70",65,5.9,14.9,0.8,2.04,1.04,"1,178.00",606.70,,
2023/10/17,41,DDBL,31.83,730.4,730.4,710.0,710.0,710.00,0.0,0.0,718.84,"2,766.00",716.10,"1,988,316.30",54,-6.1,20.4,-0.85,2.87,-1.25,"1,178.00",606.70,,
2023/11/26,41,DDBL,51.39,660.0,683.3,660.0,682.3,682.30,0.0,0.0,669.20,"3,718.00",660.00,"2,488,069.50",71,22.30,23.30,3.38,3.53,1.92,"1,178.00",606.70,,
2023/12/19,45,DDBL,59.77,822.0,822.0,789.9,822.0,822.00,0.0,0.0,802.48,"14,653.00",822.00,"11,758,809.30",217,0.0,32.10,0.0,4.06,2.37,"1,178.00",606.70,,
2024/01/17,43,DDBL,66.02,838.0,894.0,820.0,835.0,835.00,0.0,0.0,846.71,"44,463.00",829.00,"37,647,336.70",380,6.0,74.0,0.72,9.02,-1.4,"1,029.00",606.70,,
2024/02/11,43,DDBL,53.11,770.0,790.0,770.0,785.0,785.00,0.0,0.0,784.43,"7,606.00",780.00,"5,966,383.10",79,5.00,20.00,0.64,2.6,0.07,955.00,606.70,,
2024/03/06,46,DDBL,50.46,744.9,744.9,725.6,742.2,742.20,0.0,0.0,737.34,"3,220.00",737.00,"2,374,233.30",50,5.2,19.30,0.71,2.66,0.65,913.00,606.70,,
2024/04/02,44,DDBL,34.85,692.0,710.0,692.0,706.0,706.00,0.0,0.0,703.03,"5,526.00",691.50,"3,884,964.00",76,14.5,18.0,2.1,2.6,0.42,913.00,606.70,,
2024/05/02,44,DDBL,48.12,708.5,725.0,695.0,709.0,709.00,0.0,0.0,712.60,"11,984.00",695.00,"8,539,798.70",170,14.0,30.0,2.01,4.32,-0.51,913.00,606.70,,
2024/05/29,43,DDBL,40.07,745.0,745.0,731.2,731.2,731.20,0.0,0.0,736.01,"5,484.00",743.00,"4,036,270.00",96,-11.80,13.80,-1.59,1.89,-0.66,913.00,650.00,,
2024/06/24,45,DDBL,39.31,772.0,797.0,772.0,788.0,788.00,0.0,0.0,790.76,"9,540.00",782.00,"7,543,837.10",104,6.0,25.00,0.77,3.24,-0.35,913.00,650.00,,
2023/03/28,37,DDBL,45.36,670.0,698.7,658.0,685.0,685.00,0.0,0.0,678.41,"13,098.00",658.80,"8,885,804.40",232,26.2,40.7,3.98,6.19,0.96,"1,178.00",630.00,,
2023/03/29,36,DDBL,44.14,690.0,699.9,662.0,698.0,698.00,0.0,0.0,684.59,"6,898.00",685.00,"4,722,304.50",96,13.0,37.9,1.9,5.73,1.92,"1,178.00",630.00,,
2023/03/30,35,DDBL,40.58,689.0,704.9,684.2,687.0,687.00,0.0,0.0,689.98,"3,642.00",698.00,"2,512,906.80",88,-11.0,20.7,-1.58,3.03,-0.43,"1,178.00",630.00,,
2023/04/02,43,DDBL,37.56,855.0,861.0,850.0,858.0,858.00,0.0,0.0,854.19,"9,779.00",852.00,"8,353,168.60",71,6.0,11.0,0.7,1.29,0.44,"1,010.00",759.00,835.13,827.49
2023/04/03,35,DDBL,34.01,677.0,677.0,656.0,668.0,668.00,0.0,0.0,662.53,"2,898.00",677.00,"1,920,023.40",66,-9.0,21.0,-1.33,3.2,0.82,"1,178.00",630.00,,
2023/04/04,37,DDBL,32.15,660.0,673.0,655.0,658.0,658.00,0.0,0.0,658.25,"2,783.00",668.00,"1,831,907.30",62,-10.0,18.0,-1.5,2.75,-0.04,"1,178.00",630.00,,
2023/04/05,35,DDBL,29.53,670.9,679.0,658.0,664.0,664.00,0.0,0.0,663.40,"2,812.00",658.00,"1,865,471.60",65,6.0,21.0,0.91,3.19,0.09,"1,178.00",630.00,,
2023/04/06,37,DDBL,30.83,677.0,677.2,660.0,661.0,661.00,0.0,0.0,663.18,"3,325.00",664.00,"2,205,072.80",65,-3.0,17.2,-0.45,2.61,-0.33,"1,178.00",630.00,,
2023/04/09,38,DDBL,34.28,651.0,660.0,645.0,655.0,655.00,0.0,0.0,649.95,"4,403.00",661.00,"2,861,734.30",94,-6.0,15.0,-0.91,2.33,0.77,"1,178.00",630.00,,
2023/04/10,36,DDBL,34.59,654.0,660.0,654.0,659.0,659.00,0.0,0.0,657.20,"1,745.00",655.00,"1,146,822.30",38,4.0,6.0,0.61,0.92,0.27,"1,178.00",630.00,,
2023/04/11,35,DDBL,37.99,659.0,670.0,658.1,662.0,662.00,0.0,0.0,662.61,"2,951.00",659.00,"1,955,367.80",56,3.00,11.90,0.46,1.81,-0.09,"1,178.00",630.00,,
2023/04/12,38,DDBL,52.38,675.0,698.7,675.0,698.7,698.70,0.0,0.0,687.39,"6,981.00",662.00,"4,798,656.50",151,36.70,23.70,5.54,3.51,1.62,"1,178.00",630.00,,
2023/04/13,43,DDBL,37.56,855.0,861.0,850.0,858.0,858.00,0.0,0.0,854.19,"9,779.00",852.00,"8,353,168.60",71,6.0,11.0,0.7,1.29,0.44,"1,010.00",759.00,835.13,827.49
2023/04/16,37,DDBL,43.19,690.0,690.0,668.0,685.0,685.00,0.0,0.0,681.05,"3,509.00",685.00,"2,389,820.30",69,0.0,22.0,0.0,3.29,0.58,"1,178.00",630.00,,
2023/04/17,33,DDBL,41.92,685.0,686.0,675.0,676.0,676.00,0.0,0.0,676.87,"2,709.00",685.00,"1,833,628.50",53,-9.0,11.0,-1.31,1.63,-0.13,"1,178.00",630.00,,
2023/04/18,37,DDBL,27.99,685.0,685.0,665.1,676.0,676.00,0.0,0.0,672.70,"3,152.00",676.00,"2,120,338.30",49,0.0,19.9,0.0,2.99,0.49,"1,178.00",630.00,,
2023/02/28,36,DDBL,31.52,830.0,836.0,820.0,832.0,832.00,0.0,0.0,832.78,"6,568.00",829.90,"5,469,702.80",108,2.1,16.0,0.25,1.95,-0.09,"1,199.00",756.00,,
2023/03/01,37,DDBL,42.04,833.0,833.0,817.0,818.0,818.00,0.0,0.0,821.05,"6,488.00",832.00,"5,327,001.10",152,-14.00,16.00,-1.68,1.96,-0.37,"1,199.00",756.00,,
2023/03/02,37,DDBL,40.98,811.1,827.0,811.1,819.0,819.00,0.0,0.0,819.65,"20,946.00",818.00,"17,168,347.60",341,1.0,15.9,0.12,1.96,-0.08,"1,199.00",756.00,,
2023/03/05,38,DDBL,32.37,759.4,759.4,710.0,712.0,712.00,0.0,0.0,717.94,"12,701.00",744.55,"9,118,582.80",277,-32.55,49.4,-4.37,6.96,-0.83,"1,199.00",710.00,,
2023/03/07,36,DDBL,29.26,710.0,717.0,684.4,705.0,705.00,0.0,0.0,703.56,"7,897.00",712.00,"5,555,977.70",167,-7.0,32.6,-0.98,4.76,0.2,"1,199.00",684.40,,
2023/03/09,36,DDBL,31.07,705.0,729.0,705.0,729.0,729.00,0.0,0.0,716.02,"5,894.00",705.00,"4,220,202.10",111,24.0,24.0,3.4,3.4,1.78,"1,199.00",684.40,,
2023/03/12,36,DDBL,26.82,743.5,743.5,710.1,716.5,716.50,0.0,0.0,716.48,"5,240.00",729.00,"3,754,334.20",104,-12.5,33.4,-1.71,4.7,0.0,"1,199.00",684.40,,
2023/03/13,35,DDBL,33.49,705.0,714.0,700.0,701.0,701.00,0.0,0.0,703.86,"5,333.00",716.50,"3,753,663.90",94,-15.5,14.0,-2.16,2.0,-0.41,"1,199.00",684.40,,
2023/03/14,36,DDBL,38.18,705.0,705.0,690.0,700.0,700.00,0.0,0.0,694.52,"6,599.00",701.00,"4,583,106.40",108,-1.0,15.0,-0.14,2.17,0.78,"1,199.00",684.40,,
2023/03/15,43,DDBL,37.56,855.0,861.0,850.0,858.0,858.00,0.0,0.0,854.19,"9,779.00",852.00,"8,353,168.60",71,6.0,11.0,0.7,1.29,0.44,"1,010.00",759.00,835.13,827.49
2023/03/16,34,DDBL,39.22,690.0,691.0,677.0,681.5,681.50,0.0,0.0,682.71,"7,372.00",688.00,"5,032,962.10",103,-6.5,14.0,-0.94,2.07,-0.18,"1,199.00",677.00,,
2023/03/19,34,DDBL,36.16,669.1,692.0,668.0,685.0,685.00,0.0,0.0,682.25,"5,493.00",681.50,"3,747,614.00",107,3.5,24.0,0.51,3.59,0.4,"1,199.00",668.00,,
2023/03/20,35,DDBL,36.19,685.0,690.0,671.3,687.9,687.90,0.0,0.0,678.24,"4,461.00",685.00,"3,025,626.40",95,2.9,18.7,0.42,2.79,1.4,"1,199.00",668.00,,
2023/03/22,36,DDBL,35.1,688.0,688.0,675.0,679.0,679.00,0.0,0.0,680.06,"4,053.00",687.90,"2,756,278.40",90,-8.9,13.0,-1.29,1.93,-0.16,"1,199.00",668.00,,
2023/03/23,36,DDBL,32.9,679.0,679.0,666.0,668.1,668.10,0.0,0.0,670.21,"2,722.00",679.00,"1,824,302.90",62,-10.9,13.0,-1.61,1.95,-0.32,"1,199.00",666.00,,
2023/03/26,36,DDBL,34.1,670.0,681.0,648.0,654.0,654.00,0.0,0.0,654.36,"5,344.00",668.10,"3,496,926.50",100,-14.1,33.0,-2.11,5.09,-0.06,"1,178.00",648.00,,
2023/02/01,36,DDBL,36.08,931.0,945.0,930.0,932.0,932.00,0.0,0.0,938.92,"5,152.00",942.00,"4,837,319.00",106,-10.0,15.0,-1.06,1.61,-0.74,"1,318.00",861.00,,
2023/02/02,38,DDBL,33.78,932.0,939.0,920.0,920.0,920.00,0.0,0.0,927.16,"7,629.00",932.00,"7,073,320.90",170,-12.0,19.0,-1.29,2.07,-0.78,"1,318.00",861.00,,
2023/02/03,43,DDBL,37.56,855.0,861.0,850.0,858.0,858.00,0.0,0.0,854.19,"9,779.00",852.00,"8,353,168.60",71,6.0,11.0,0.7,1.29,0.44,"1,010.00",759.00,835.13,827.49
2023/02/05,40,DDBL,37.18,921.0,938.0,909.0,913.0,913.00,0.0,0.0,922.84,"8,727.00",920.00,"8,053,650.80",166,-7.0,29.0,-0.76,3.19,-1.08,"1,316.00",861.00,,
2023/02/06,38,DDBL,38.82,915.0,922.0,905.0,915.0,915.00,0.0,0.0,913.92,"4,641.00",913.00,"4,241,512.90",105,2.0,17.0,0.22,1.88,0.12,"1,316.00",861.00,,
2023/02/07,37,DDBL,48.09,901.8,958.0,901.8,958.0,958.00,0.0,0.0,939.39,"8,028.00",915.00,"7,541,429.70",230,43.0,56.2,4.7,6.23,1.94,"1,316.00",861.00,,
2023/02/08,38,DDBL,51.93,968.0,975.0,950.0,952.0,952.00,0.0,0.0,961.95,"6,175.00",958.00,"5,940,020.30",145,-6.0,25.0,-0.63,2.63,-1.04,"1,316.00",861.00,,
2023/02/09,37,DDBL,47.99,946.0,959.9,945.1,954.0,954.00,0.0,0.0,949.52,"4,373.00",952.00,"4,152,258.80",108,2.0,14.8,0.21,1.57,0.47,"1,275.00",861.00,,
2023/02/12,38,DDBL,46.78,935.9,940.0,915.0,920.0,920.00,0.0,0.0,924.61,"10,554.00",954.00,"9,758,298.50",211,-34.0,25.0,-3.56,2.73,-0.5,"1,236.90",861.00,,
2023/02/14,38,DDBL,37.61,910.0,918.0,900.0,911.0,911.00,0.0,0.0,907.28,"7,916.00",920.00,"7,182,011.90",167,-9.00,18.0,-0.98,2.0,0.41,"1,236.90",861.00,,
2023/02/15,39,DDBL,37.48,900.4,913.0,900.2,903.0,903.00,0.0,0.0,906.46,"7,057.00",911.00,"6,396,917.70",149,-8.00,12.80,-0.88,1.42,-0.38,"1,236.90",861.00,,
2023/02/16,38,DDBL,37.94,902.0,913.8,901.1,902.7,902.70,0.0,0.0,903.22,"7,680.00",903.00,"6,936,728.30",133,-0.30,12.70,-0.03,1.41,-0.06,"1,236.90",861.00,,
2023/02/20,37,DDBL,40.28,891.0,905.0,880.1,885.0,885.00,0.0,0.0,895.70,"12,485.00",902.70,"11,182,755.10",250,-17.7,24.9,-1.96,2.83,-1.21,"1,215.00",861.00,,
2023/02/22,41,DDBL,47.97,902.0,955.0,902.0,910.0,910.00,0.0,0.0,926.31,"17,713.00",885.00,"16,407,725.90",358,25.0,53.0,2.82,5.88,-1.79,"1,215.00",861.00,,
2023/02/23,38,DDBL,37.62,893.0,893.0,819.0,819.0,819.00,0.0,0.0,843.89,"33,786.00",910.00,"28,511,700.50",721,-91.0,74.0,-10.0,9.04,-3.04,"1,215.00",819.00,,
2023/02/26,38,DDBL,38.44,802.7,846.0,756.0,839.0,839.00,0.0,0.0,794.31,"20,907.00",819.00,"16,606,723.90",465,20.0,90.0,2.44,11.9,5.33,"1,199.00",756.00,,
2023/01/03,40,DDBL,61.53,1016.0,1103.0,1015.0,1077.0,"1,077.00",0.0,0.0,"1,057.02","29,847.00","1,015.00","31,548,942.30",383,62.0,88.0,6.11,8.67,1.85,"1,407.00",861.00,,
2023/01/04,40,DDBL,60.52,1076.0,1158.0,1060.1,1135.0,"1,135.00",0.0,0.0,"1,120.89","20,510.00","1,077.00","22,989,369.50",285,58.0,97.9,5.39,9.23,1.24,"1,407.00",861.00,,
2023/01/05,39,DDBL,63.38,1145.0,1178.0,1080.0,1116.0,"1,116.00",0.0,0.0,"1,119.64","30,781.00","1,135.00","34,463,667.30",635,-19.0,98.0,-1.67,9.07,-0.33,"1,407.00",861.00,,
2023/01/08,41,DDBL,62.65,1137.0,1138.0,1085.0,1110.0,"1,110.00",0.0,0.0,"1,101.72","30,675.00","1,116.00","33,795,400.10",478,-6.00,53.00,-0.54,4.88,0.75,"1,407.00",861.00,,
2023/01/09,38,DDBL,56.19,1095.0,1109.0,1085.0,1090.0,"1,090.00",0.0,0.0,"1,093.75","51,974.00","1,110.00","56,846,733.70",543,-20.0,24.0,-1.8,2.21,-0.34,"1,407.00",861.00,,
2023/01/10,37,DDBL,47.86,1090.0,1095.0,1047.0,1052.0,"1,052.00",0.0,0.0,"1,074.03","87,194.00","1,090.00","93,649,137.70","1,205",-38.0,48.0,-3.49,4.58,-2.09,"1,407.00",861.00,,
2023/01/12,37,DDBL,43.63,1073.0,1080.0,1000.1,1000.1,"1,000.10",0.0,0.0,"1,029.79","28,935.00","1,052.00","29,797,020.40",559,-51.9,79.9,-4.93,7.99,-2.97,"1,407.00",861.00,,
2023/01/17,38,DDBL,42.63,1015.0,1015.0,993.0,1005.0,"1,005.00",0.0,0.0,"1,003.21","22,547.00","1,000.10","22,619,337.20",349,4.9,22.0,0.49,2.22,0.18,"1,407.00",861.00,,
2023/01/18,38,DDBL,41.19,1020.0,1029.0,990.0,996.0,996.00,0.0,0.0,"1,006.77","11,982.00","1,005.00","12,063,133.60",288,-9.0,39.0,-0.9,3.94,-1.08,"1,385.00",861.00,,
2023/01/19,38,DDBL,41.58,996.0,1003.0,980.0,981.0,981.00,0.0,0.0,988.07,"12,991.00",996.00,"12,836,044.30",241,-15.0,23.0,-1.51,2.35,-0.72,"1,360.00",861.00,,
2023/01/23,39,DDBL,35.85,998.9,998.9,978.0,985.0,985.00,0.0,0.0,987.71,"7,123.00",981.00,"7,035,429.20",161,4.0,20.9,0.41,2.14,-0.27,"1,360.00",861.00,,
2023/01/24,39,DDBL,35.27,985.2,985.2,970.0,984.0,984.00,0.0,0.0,976.07,"5,491.00",985.00,"5,359,582.40",127,-1.0,15.2,-0.1,1.57,0.81,"1,356.60",861.00,,
2023/01/25,37,DDBL,39.79,990.0,1004.9,990.0,992.0,992.00,0.0,0.0,996.34,"10,917.00",984.00,"10,877,094.30",209,8.0,14.9,0.81,1.51,-0.44,"1,326.00",861.00,,
2023/01/26,36,DDBL,45.79,1008.0,1009.0,981.0,984.0,984.00,0.0,0.0,991.35,"8,675.00",992.00,"8,599,981.10",188,-8.0,28.0,-0.81,2.85,-0.75,"1,325.00",861.00,,
2023/01/29,39,DDBL,48.53,984.0,995.0,976.0,981.1,981.10,0.0,0.0,"1,028.57","9,939.00",984.00,"10,222,988.00",139,-2.9,19.0,-0.29,1.95,-4.84,"1,325.00",861.00,,
2023/01/30,39,DDBL,41.86,975.0,980.0,960.0,960.0,960.00,0.0,0.0,965.70,"12,105.00",981.10,"11,689,809.00",193,-21.1,20.0,-2.15,2.08,-0.59,"1,325.00",861.00,,
2022/12/07,35,DDBL,45.67,1040.0,1054.0,1030.0,1046.0,"1,046.00",0.0,0.0,"1,041.45","17,852.00","1,024.00","18,591,931.20",228,22.0,24.0,2.15,2.33,0.44,"1,407.00",861.00,,
2022/12/11,37,DDBL,39.86,1040.0,1040.0,1023.1,1025.9,"1,025.90",0.0,0.0,"1,028.62","15,215.00","1,046.00","15,650,462.70",149,-20.1,16.9,-1.92,1.65,-0.27,"1,407.00",861.00,,
2022/12/12,37,DDBL,38.25,1043.0,1043.0,1021.1,1034.0,"1,034.00",0.0,0.0,"1,028.97","5,515.00","1,025.90","5,674,773.70",104,8.1,21.9,0.79,2.14,0.49,"1,407.00",861.00,,
2022/12/13,38,DDBL,31.24,1030.0,1038.0,1022.0,1022.5,"1,022.50",0.0,0.0,"1,028.07","1,996.00","1,034.00","2,052,021.50",43,-11.5,16.0,-1.11,1.57,-0.54,"1,407.00",861.00,,
2022/12/14,38,DDBL,28.54,1038.9,1050.0,1025.0,1025.1,"1,025.10",0.0,0.0,"1,034.99","5,905.00","1,022.50","6,111,603.90",84,2.6,25.0,0.25,2.44,-0.96,"1,407.00",861.00,,
2022/12/15,37,DDBL,26.21,1020.0,1034.9,1005.0,1019.0,"1,019.00",0.0,0.0,"1,011.96","1,791.00","1,025.10","1,812,416.30",48,-6.1,29.9,-0.6,2.98,0.69,"1,407.00",861.00,,
2022/12/18,38,DDBL,26.1,1030.0,1030.0,972.2,982.0,982.00,0.0,0.0,990.02,"4,514.00","1,019.00","4,468,946.00",94,-37.0,57.8,-3.63,5.95,-0.82,"1,407.00",861.00,,
2022/12/19,38,DDBL,27.63,971.0,1043.0,970.0,971.0,971.00,0.0,0.0,978.22,"4,812.00",982.00,"4,707,200.30",87,-11.0,73.0,-1.12,7.53,-0.74,"1,407.00",861.00,,
2022/12/20,38,DDBL,31.66,990.0,1067.0,955.2,1004.0,"1,004.00",0.0,0.0,987.54,"8,415.00",971.00,"8,310,109.00",104,33.0,111.8,3.4,11.7,1.64,"1,407.00",861.00,,
2022/12/21,39,DDBL,29.12,1022.0,1022.0,983.2,983.6,983.60,0.0,0.0,987.63,"3,593.00","1,004.00","3,548,558.20",51,-20.4,38.8,-2.03,3.95,-0.41,"1,407.00",861.00,,
2022/12/22,37,DDBL,29.99,1003.0,1003.0,963.4,967.0,967.00,0.0,0.0,965.64,"4,131.00",983.60,"3,989,074.30",67,-16.6,39.6,-1.69,4.11,0.14,"1,407.00",861.00,,
2022/12/26,35,DDBL,39.35,980.0,1009.5,960.0,1009.5,"1,009.50",0.0,0.0,986.64,"7,579.00",967.00,"7,477,753.40",103,42.5,49.5,4.4,5.16,2.26,"1,407.00",861.00,,
2022/12/27,38,DDBL,41.28,1029.6,1029.6,1000.0,1008.9,"1,008.90",0.0,0.0,"1,009.30","9,623.00","1,009.50","9,712,484.40",177,-0.6,29.60,-0.06,2.96,-0.04,"1,407.00",861.00,,
2022/12/28,43,DDBL,37.56,855.0,861.0,850.0,858.0,858.00,0.0,0.0,854.19,"9,779.00",852.00,"8,353,168.60",71,6.0,11.0,0.7,1.29,0.44,"1,010.00",759.00,835.13,827.49
2022/12/29,39,DDBL,50.08,1009.0,1015.0,985.0,1015.0,"1,015.00",0.0,0.0,"1,000.01","7,134.00",999.00,"7,134,082.10",97,16.0,30.0,1.6,3.05,1.48,"1,407.00",861.00,,
2023/01/01,41,DDBL,48.5,1016.0,1034.9,995.0,1011.0,"1,011.00",0.0,0.0,"1,017.13","16,737.00","1,015.00","17,023,686.90",184,-4.0,39.90,-0.39,4.01,-0.61,"1,407.00",861.00,,
2022/11/13,31,DDBL,32.75,929.9,929.9,889.9,908.1,908.10,0.0,0.0,904.40,"6,463.00",915.00,"5,845,134.40",131,-6.9,40.0,-0.75,4.49,0.41,"1,407.00",861.00,,
2022/11/14,32,DDBL,37.96,890.1,915.0,872.2,903.0,903.00,0.0,0.0,887.76,"9,821.00",908.10,"8,718,722.40",189,-5.1,42.8,-0.56,4.91,1.69,"1,407.00",861.00,,
2022/11/15,31,DDBL,34.08,920.0,920.0,873.0,894.0,894.00,0.0,0.0,888.87,"6,762.00",903.00,"6,010,540.30",115,-9.0,47.0,-1.0,5.38,0.57,"1,407.00",861.00,,
2022/11/16,30,DDBL,29.84,892.0,910.0,890.0,890.2,890.20,0.0,0.0,898.37,"3,195.00",894.00,"2,870,303.30",56,-3.8,20.0,-0.43,2.25,-0.92,"1,407.00",861.00,,
2022/11/17,31,DDBL,42.6,908.0,910.0,884.0,904.0,904.00,0.0,0.0,892.95,"10,334.00",890.20,"9,227,725.30",135,13.8,26.00,1.55,2.94,1.22,"1,407.00",861.00,,
2022/11/19,43,DDBL,37.56,855.0,861.0,850.0,858.0,858.00,0.0,0.0,854.19,"9,779.00",852.00,"8,353,168.60",71,6.0,11.0,0.7,1.29,0.44,"1,010.00",759.00,835.13,827.49
2022/11/22,31,DDBL,37.5,918.0,919.0,890.0,899.0,899.00,0.0,0.0,898.62,"3,702.00",904.00,"3,326,687.50",77,-5.00,29.0,-0.55,3.26,0.04,"1,407.00",861.00,,
2022/11/23,32,DDBL,43.53,900.0,900.0,878.0,893.9,893.90,0.0,0.0,887.15,"3,872.00",899.00,"3,435,047.50",84,-5.1,22.0,-0.57,2.51,0.76,"1,407.00",861.00,,
2022/11/24,33,DDBL,45.54,881.0,917.0,881.0,900.1,900.10,0.0,0.0,905.10,"2,271.00",893.90,"2,055,473.00",45,6.2,36.0,0.69,4.09,-0.56,"1,407.00",861.00,,
2022/11/27,31,DDBL,57.23,900.1,976.0,900.1,974.0,974.00,0.0,0.0,953.54,"18,798.00",900.10,"17,924,581.00",264,73.9,75.9,8.21,8.43,2.1,"1,407.00",861.00,,
2022/11/28,33,DDBL,58.73,975.0,984.0,966.0,974.0,974.00,0.0,0.0,971.07,"17,912.00",974.00,"17,393,781.00",145,0.0,18.0,0.0,1.86,0.3,"1,407.00",861.00,,
2022/11/29,31,DDBL,52.94,970.0,990.0,970.0,987.0,987.00,0.0,0.0,981.63,"8,043.00",974.00,"7,895,287.90",124,13.0,20.0,1.33,2.06,0.54,"1,407.00",861.00,,
2022/11/30,33,DDBL,51.91,983.0,1015.0,983.0,1007.0,"1,007.00",0.0,0.0,"1,005.74","12,188.00",987.00,"12,257,995.70",187,20.0,32.0,2.03,3.26,0.12,"1,407.00",861.00,,
2022/12/01,36,DDBL,46.54,1027.1,1040.0,1006.5,1018.0,"1,018.00",0.0,0.0,"1,023.12","10,338.00","1,007.00","10,577,046.20",186,11.0,33.5,1.09,3.33,-0.5,"1,407.00",861.00,,
2022/12/04,35,DDBL,54.26,1006.0,1055.0,1006.0,1024.0,"1,024.00",0.0,0.0,"1,035.16","10,907.00","1,018.00","11,290,523.40",162,6.0,49.0,0.59,4.87,-1.09,"1,407.00",861.00,,
2022/12/05,35,DDBL,47.4,1024.0,1024.0,1005.0,1005.0,"1,005.00",0.0,0.0,"1,008.73","7,889.00","1,024.00","7,957,890.60",105,-19.0,19.0,-1.86,1.89,-0.37,"1,407.00",861.00,,
2022/10/11,33,DDBL,41.29,912.0,912.0,903.0,912.0,912.00,0.0,0.0,907.29,"1,674.00",921.00,"1,518,796.50",41,-9.0,9.0,-0.98,1.0,0.52,"1,407.00",861.00,,
2022/10/12,31,DDBL,45.76,912.0,920.0,912.0,918.0,918.00,0.0,0.0,917.12,"3,985.00",912.00,"3,654,704.20",79,6.0,8.0,0.66,0.88,0.1,"1,407.00",861.00,,
2022/10/13,31,DDBL,33.91,930.1,930.1,904.0,909.1,909.10,0.0,0.0,921.70,"7,173.00",918.00,"6,611,360.50",94,-8.9,26.1,-0.97,2.89,-1.39,"1,407.00",861.00,,
2022/10/16,31,DDBL,35.62,900.1,912.0,900.1,904.9,904.90,0.0,0.0,904.25,"3,341.00",909.10,"3,021,085.00",54,-4.20,11.9,-0.46,1.32,0.07,"1,407.00",861.00,,
2022/10/17,31,DDBL,34.2,905.0,910.0,901.0,902.0,902.00,0.0,0.0,902.94,"1,956.00",904.90,"1,766,145.40",51,-2.9,9.0,-0.32,1.0,-0.1,"1,407.00",861.00,,
2022/10/19,29,DDBL,29.54,905.0,905.0,895.2,900.0,900.00,0.0,0.0,900.90,"1,560.00",902.00,"1,405,399.20",41,-2.0,9.8,-0.22,1.09,-0.1,"1,407.00",861.00,,
2022/10/20,31,DDBL,36.52,893.1,907.0,893.1,907.0,907.00,0.0,0.0,899.99,"1,907.00",900.00,"1,716,281.70",43,7.0,13.9,0.78,1.56,0.77,"1,407.00",861.00,,
2022/10/23,31,DDBL,34.84,907.0,925.0,907.0,912.1,912.10,0.0,0.0,912.45,478.00,907.00,"436,151.10",19,5.1,18.0,0.56,1.98,-0.04,"1,407.00",861.00,,
2022/10/31,32,DDBL,39.99,910.0,920.0,901.1,919.0,919.00,0.0,0.0,916.15,"1,090.00",912.10,"998,600.30",32,6.9,18.9,0.76,2.1,0.31,"1,407.00",861.00,,
2022/11/01,32,DDBL,46.0,925.0,941.0,920.0,941.0,941.00,0.0,0.0,931.67,"2,885.00",919.00,"2,687,855.90",58,22.0,21.0,2.39,2.28,0.99,"1,407.00",861.00,,
2022/11/02,32,DDBL,48.8,940.0,954.8,931.3,947.1,947.10,0.0,0.0,946.18,"2,563.00",941.00,"2,425,068.00",70,6.1,23.5,0.65,2.52,0.1,"1,407.00",861.00,,
2022/11/03,31,DDBL,43.23,949.9,950.0,929.0,938.0,938.00,0.0,0.0,936.35,"2,155.00",947.10,"2,017,831.40",45,-9.10,21.00,-0.96,2.26,0.18,"1,407.00",861.00,,
2022/11/06,31,DDBL,50.19,940.0,1000.0,940.0,980.1,980.10,0.0,0.0,985.57,"7,466.00",938.00,"7,358,229.20",159,42.1,60.0,4.49,6.38,-0.56,"1,407.00",861.00,,
2022/11/07,32,DDBL,48.49,999.0,1005.0,975.2,985.1,985.10,0.0,0.0,990.39,"8,181.00",980.10,"8,102,377.40",137,5.0,29.8,0.51,3.06,-0.54,"1,407.00",861.00,,
2022/11/08,32,DDBL,41.11,976.0,997.0,975.0,993.0,993.00,0.0,0.0,982.02,"1,006.00",985.10,"987,908.00",33,7.9,22.0,0.8,2.26,1.11,"1,407.00",861.00,,
2022/11/09,31,DDBL,39.55,993.1,997.0,912.0,930.2,930.20,0.0,0.0,957.76,"6,169.00",993.00,"5,908,431.00",135,-62.8,85.0,-6.32,9.32,-2.96,"1,407.00",861.00,,
2022/09/08,29,DDBL,25.15,968.0,969.0,955.5,963.1,963.10,0.0,0.0,961.80,"3,507.00",963.00,"3,373,019.00",75,0.1,13.5,0.01,1.41,0.14,"1,787.00",876.00,,
2022/09/11,31,DDBL,22.37,950.0,964.0,945.0,950.0,950.00,0.0,0.0,954.54,"2,173.00",963.10,"2,074,213.90",61,-13.1,19.0,-1.36,2.01,-0.48,"1,787.00",876.00,,
2022/09/12,29,DDBL,21.46,951.0,960.0,945.0,947.9,947.90,0.0,0.0,949.84,"1,655.00",950.00,"1,571,982.00",52,-2.1,15.0,-0.22,1.59,-0.2,"1,787.00",876.00,,
2022/09/13,32,DDBL,37.36,958.0,970.0,958.0,965.0,965.00,0.0,0.0,963.09,"2,485.00",947.90,"2,393,288.00",49,17.1,12.0,1.8,1.25,0.2,"1,787.00",876.00,,
2022/09/14,30,DDBL,45.65,965.0,989.0,965.0,989.0,989.00,0.0,0.0,984.34,"5,718.00",965.00,"5,628,443.30",101,24.0,24.0,2.49,2.49,0.47,"1,787.00",876.00,,
2022/09/15,30,DDBL,46.33,1008.7,1008.7,965.0,968.0,968.00,0.0,0.0,975.54,"5,121.00",989.00,"4,995,762.10",110,-21.0,43.7,-2.12,4.53,-0.78,"1,787.00",876.00,,
2022/09/16,28,DDBL,40.62,954.0,966.0,933.0,933.0,933.00,0.0,0.0,943.50,"6,406.00",968.00,"6,044,033.50",141,-35.0,33.0,-3.62,3.54,-1.12,"1,787.00",876.00,,
2022/09/18,32,DDBL,28.9,940.0,940.0,915.0,917.0,917.00,0.0,0.0,919.28,"3,634.00",933.00,"3,340,674.70",86,-16.0,25.0,-1.71,2.73,-0.25,"1,787.00",876.00,,
2022/09/20,32,DDBL,26.64,915.0,915.0,890.0,891.0,891.00,0.0,0.0,897.49,"4,311.00",917.00,"3,869,096.50",107,-26.0,25.0,-2.84,2.81,-0.73,"1,787.00",876.00,,
2022/09/21,30,DDBL,31.2,908.0,908.0,890.0,902.0,902.00,0.0,0.0,900.35,"4,834.00",891.00,"4,352,278.00",89,11.0,18.0,1.23,2.02,0.18,"1,787.00",876.00,,
2022/09/22,30,DDBL,30.14,902.0,905.0,884.0,886.0,886.00,0.0,0.0,888.23,"3,206.00",902.00,"2,847,660.00",66,-16.0,21.00,-1.77,2.38,-0.25,"1,787.00",876.00,,
2022/09/25,35,DDBL,30.74,880.0,884.0,872.0,872.6,872.60,0.0,0.0,875.88,"5,158.00",886.00,"4,517,772.50",116,-13.4,12.0,-1.51,1.38,-0.38,"1,750.00",872.00,,
2022/09/27,31,DDBL,34.2,862.0,890.0,862.0,870.0,870.00,0.0,0.0,877.31,"3,540.00",872.60,"3,105,667.40",86,-2.6,28.0,-0.3,3.25,-0.84,"1,739.10",862.00,,
2022/09/28,30,DDBL,33.27,861.0,894.0,861.0,892.0,892.00,0.0,0.0,887.37,"1,294.00",870.00,"1,148,252.10",37,22.0,33.0,2.53,3.83,0.52,"1,407.00",861.00,,
2022/09/29,31,DDBL,40.67,895.0,918.0,895.0,905.0,905.00,0.0,0.0,905.25,"2,610.00",892.00,"2,362,710.80",58,13.0,23.0,1.46,2.57,-0.03,"1,407.00",861.00,,
2022/10/09,43,DDBL,37.56,855.0,861.0,850.0,858.0,858.00,0.0,0.0,854.19,"9,779.00",852.00,"8,353,168.60",71,6.0,11.0,0.7,1.29,0.44,"1,010.00",759.00,835.13,827.49
2022/08/18,30,DDBL,46.3,997.0,1005.0,989.0,1005.0,"1,005.00",0.0,0.0,998.10,"7,024.00",981.50,"7,010,689.00",125,23.5,16.0,2.39,1.62,0.69,"1,857.10",876.00,,
2022/08/21,43,DDBL,37.56,855.0,861.0,850.0,858.0,858.00,0.0,0.0,854.19,"9,779.00",852.00,"8,353,168.60",71,6.0,11.0,0.7,1.29,0.44,"1,010.00",759.00,835.13,827.49
2022/08/22,30,DDBL,48.64,1010.5,1030.0,1010.5,1020.0,"1,020.00",0.0,0.0,"1,019.15","8,388.00","1,010.50","8,548,602.90",120,9.5,19.5,0.94,1.93,0.08,"1,857.10",876.00,,
2022/08/23,30,DDBL,41.67,1015.0,1024.0,1015.0,1023.9,"1,023.90",0.0,0.0,"1,021.03","2,619.00","1,020.00","2,674,077.00",65,3.9,9.0,0.38,0.89,0.28,"1,857.10",876.00,,
2022/08/24,30,DDBL,44.6,1039.0,1039.0,1018.0,1026.0,"1,026.00",0.0,0.0,"1,025.67","4,645.00","1,023.90","4,764,244.00",83,2.1,21.0,0.21,2.06,0.03,"1,857.10",876.00,,
2022/08/25,30,DDBL,45.54,1035.0,1035.0,1010.0,1016.0,"1,016.00",0.0,0.0,"1,021.30","7,489.00","1,026.00","7,648,536.20",113,-10.0,25.0,-0.97,2.48,-0.52,"1,857.10",876.00,,
2022/08/26,28,DDBL,32.84,1000.0,1015.0,1000.0,1009.0,"1,009.00",0.0,0.0,"1,008.60","1,693.00","1,016.00","1,707,567.00",36,-7.0,15.0,-0.69,1.5,0.04,"1,857.10",876.00,,
2022/08/28,31,DDBL,33.07,995.0,1000.0,977.2,985.0,985.00,0.0,0.0,990.16,"6,125.00","1,009.00","6,064,703.20",125,-24.0,22.8,-2.38,2.33,-0.52,"1,857.10",876.00,,
2022/08/29,29,DDBL,28.67,975.0,993.0,975.0,980.0,980.00,0.0,0.0,984.31,"4,518.00",985.00,"4,447,121.60",82,-5.0,18.0,-0.51,1.85,-0.44,"1,857.10",876.00,,
2022/08/30,31,DDBL,26.69,999.6,999.6,975.0,979.0,979.00,0.0,0.0,983.17,"4,341.00",980.00,"4,267,951.10",80,-1.0,24.6,-0.1,2.52,-0.43,"1,857.10",876.00,,
2022/08/31,29,DDBL,23.47,979.0,985.0,970.0,980.0,980.00,0.0,0.0,976.78,"2,513.00",979.00,"2,454,636.00",64,1.0,15.0,0.1,1.55,0.33,"1,857.10",876.00,,
2022/09/01,29,DDBL,32.03,975.0,988.0,962.1,980.0,980.00,0.0,0.0,975.47,"2,015.00",980.00,"1,965,579.50",60,0.0,25.9,0.0,2.69,0.46,"1,857.10",876.00,,
2022/09/02,30,DDBL,37.35,981.0,989.0,971.0,985.0,985.00,0.0,0.0,977.27,"1,658.00",980.00,"1,620,318.50",22,5.0,18.0,0.51,1.85,0.78,"1,857.10",876.00,,
2022/09/04,31,DDBL,41.1,996.0,996.1,983.5,990.0,990.00,0.0,0.0,993.20,"3,215.00",985.00,"3,193,147.00",39,5.0,12.6,0.51,1.28,-0.32,"1,820.00",876.00,,
2022/09/05,29,DDBL,42.1,995.0,999.0,986.0,992.1,992.10,0.0,0.0,994.21,"3,437.00",990.00,"3,417,087.00",102,2.1,13.0,0.21,1.32,-0.21,"1,820.00",876.00,,
2022/09/06,29,DDBL,26.36,1002.0,1002.0,974.1,974.1,974.10,0.0,0.0,982.26,"4,833.00",992.10,"4,747,279.50",67,-18.0,27.9,-1.81,2.86,-0.84,"1,819.60",876.00,,
2022/07/28,31,DDBL,55.98,1069.0,1081.0,1046.0,1050.0,"1,050.00",0.0,0.0,"1,068.87","12,820.00","1,049.00","13,702,871.60",194,1.0,35.00,0.1,3.35,-1.8,"2,000.00",876.00,,
2022/07/29,31,DDBL,35.98,1047.0,1070.0,1047.0,1055.1,"1,055.10",0.0,0.0,"1,063.52","2,259.00","1,050.00","2,402,490.50",55,5.1,23.00,0.49,2.2,-0.8,"2,000.00",876.00,,
2022/07/31,32,DDBL,44.12,1075.0,1075.0,1045.0,1060.0,"1,060.00",0.0,0.0,"1,064.13","7,606.00","1,055.10","8,093,756.10",135,4.9,30.0,0.46,2.87,-0.39,"2,000.00",876.00,,
2022/08/01,32,DDBL,46.01,1060.0,1079.5,1046.0,1057.0,"1,057.00",0.0,0.0,"1,058.88","7,962.00","1,060.00","8,430,774.20",155,-3.0,33.5,-0.28,3.2,-0.18,"2,000.00",876.00,,
2022/08/02,30,DDBL,42.83,1076.0,1076.0,1040.1,1069.9,"1,069.90",0.0,0.0,"1,054.23","3,599.00","1,057.00","3,794,183.10",81,12.9,35.9,1.22,3.45,1.46,"2,000.00",876.00,,
2022/08/03,31,DDBL,42.89,1052.0,1070.0,1050.1,1064.0,"1,064.00",0.0,0.0,"1,062.94","6,119.00","1,069.90","6,504,122.50",93,-5.9,19.9,-0.55,1.9,0.1,"2,000.00",876.00,,
2022/08/04,31,DDBL,39.91,1064.0,1064.0,1029.0,1035.0,"1,035.00",0.0,0.0,"1,042.91","7,649.00","1,064.00","7,977,238.50",145,-29.0,35.0,-2.73,3.4,-0.76,"2,000.00",876.00,,
2022/08/05,30,DDBL,38.31,1030.0,1030.0,998.1,1004.0,"1,004.00",0.0,0.0,"1,004.37","9,541.00","1,035.00","9,582,726.70",129,-31.0,31.9,-3.0,3.2,-0.04,"1,920.00",876.00,,
2022/08/07,30,DDBL,33.7,1024.0,1024.0,1000.0,1010.0,"1,010.00",0.0,0.0,"1,007.49","6,472.00","1,004.00","6,520,469.50",113,6.0,24.0,0.6,2.4,0.25,"1,885.00",876.00,,
2022/08/08,30,DDBL,36.64,998.1,1015.0,993.8,998.0,998.00,0.0,0.0,"1,005.57","7,339.00","1,010.00","7,379,864.10",130,-12.00,21.20,-1.19,2.13,-0.76,"1,885.00",876.00,,
2022/08/09,30,DDBL,34.76,991.0,1010.0,970.3,978.0,978.00,0.0,0.0,981.49,"7,014.00",998.00,"6,884,159.30",131,-20.0,39.7,-2.0,4.09,-0.36,"1,872.00",876.00,,
2022/08/10,30,DDBL,36.98,971.0,987.0,963.1,980.0,980.00,0.0,0.0,974.43,"12,588.00",978.00,"12,266,097.90",140,2.0,23.90,0.2,2.48,0.57,"1,872.00",876.00,,
2022/08/11,32,DDBL,32.07,980.0,990.0,966.1,966.1,966.10,0.0,0.0,978.89,"7,790.00",980.00,"7,625,524.50",104,-13.90,23.90,-1.42,2.47,-1.32,"1,872.00",876.00,,
2022/08/14,31,DDBL,26.02,970.0,982.0,961.0,965.0,965.00,0.0,0.0,970.22,"3,449.00",966.10,"3,346,274.80",71,-1.1,21.0,-0.11,2.19,-0.54,"1,872.00",876.00,,
2022/08/15,30,DDBL,50.2,979.0,1001.8,966.0,990.0,990.00,0.0,0.0,981.46,"7,042.00",965.00,"6,911,463.00",115,25.0,35.8,2.59,3.71,0.86,"1,872.00",876.00,,
2022/08/16,31,DDBL,35.35,990.0,1014.9,970.0,980.0,980.00,0.0,0.0,987.28,"10,095.00",990.00,"9,966,600.40",145,-10.00,44.90,-1.01,4.63,-0.74,"1,872.00",876.00,,
2022/07/08,32,DDBL,29.6,978.0,985.0,961.0,968.0,968.00,0.0,0.0,969.17,"1,450.00",976.10,"1,405,292.40",44,-8.1,24.0,-0.83,2.5,-0.12,"2,000.00",876.00,,
2022/07/11,33,DDBL,34.16,949.0,953.9,915.0,916.1,916.10,0.0,0.0,927.53,"9,888.00",968.00,"9,171,448.70",169,-51.9,38.9,-5.36,4.25,-1.25,"2,000.00",876.00,,
2022/07/12,32,DDBL,28.66,910.0,930.0,899.0,915.2,915.20,0.0,0.0,915.83,"4,635.00",916.10,"4,244,866.40",78,-0.9,31.0,-0.1,3.45,-0.07,"2,000.00",876.00,,
2022/07/13,32,DDBL,31.5,933.0,945.0,915.0,941.0,941.00,0.0,0.0,937.14,"5,511.00",915.20,"5,164,602.90",77,25.8,30.0,2.82,3.28,0.41,"2,000.00",876.00,,
2022/07/14,31,DDBL,31.93,941.0,963.0,940.0,954.0,954.00,0.0,0.0,951.38,"4,254.00",941.00,"4,047,186.50",99,13.0,23.00,1.38,2.45,0.27,"2,000.00",876.00,,
2022/07/15,32,DDBL,52.0,950.0,952.0,932.0,940.0,940.00,0.0,0.0,936.30,"10,126.00",954.00,"9,480,928.40",86,-14.0,20.0,-1.47,2.15,0.39,"2,000.00",876.00,,
2022/07/17,30,DDBL,45.03,941.0,982.0,940.0,970.0,970.00,0.0,0.0,966.37,"5,610.00",940.00,"5,421,318.50",125,30.0,42.0,3.19,4.47,0.37,"2,000.00",876.00,,
2022/07/18,31,DDBL,38.76,980.0,983.0,953.1,982.0,982.00,0.0,0.0,969.36,"4,387.00",970.00,"4,252,599.70",74,12.00,29.9,1.24,3.14,1.29,"2,000.00",876.00,,
2022/07/19,31,DDBL,39.7,999.0,1008.0,990.0,998.2,998.20,0.0,0.0,999.83,"6,142.00",982.00,"6,140,963.00",116,16.2,18.0,1.65,1.82,-0.16,"2,000.00",876.00,,
2022/07/20,31,DDBL,46.14,1015.0,1015.0,994.0,996.0,996.00,0.0,0.0,999.32,"3,066.00",998.20,"3,063,917.00",65,-2.2,21.0,-0.22,2.11,-0.33,"2,000.00",876.00,,
2022/07/21,31,DDBL,39.39,980.0,1000.0,980.0,991.0,991.00,0.0,0.0,991.66,"2,428.00",996.00,"2,407,748.00",63,-5.0,20.0,-0.5,2.04,-0.07,"2,000.00",876.00,,
2022/07/22,31,DDBL,31.12,973.0,990.0,971.0,975.0,975.00,0.0,0.0,974.90,"3,271.00",991.00,"3,188,897.20",77,-16.0,19.0,-1.61,1.96,0.01,"2,000.00",876.00,,
2022/07/23,43,DDBL,37.56,855.0,861.0,850.0,858.0,858.00,0.0,0.0,854.19,"9,779.00",852.00,"8,353,168.60",71,6.0,11.0,0.7,1.29,0.44,"1,010.00",759.00,835.13,827.49
2022/07/24,30,DDBL,41.32,980.0,1013.8,980.0,1013.0,"1,013.00",0.0,0.0,997.14,"5,688.00",975.00,"5,671,718.70",112,38.0,33.8,3.9,3.45,1.57,"2,000.00",876.00,,
2022/07/25,31,DDBL,54.63,1032.0,1065.0,1025.0,1056.1,"1,056.10",0.0,0.0,"1,047.47","15,238.00","1,013.00","15,961,348.60",233,43.1,40.0,4.25,3.9,0.82,"2,000.00",876.00,,
2022/07/26,31,DDBL,50.13,1057.1,1065.0,1035.0,1036.0,"1,036.00",0.0,0.0,"1,041.90","7,625.00","1,056.10","7,944,500.80",138,-20.1,30.0,-1.9,2.9,-0.57,"2,000.00",876.00,,
2022/06/19,34,DDBL,33.85,950.0,959.0,931.0,940.0,940.00,0.0,0.0,937.05,"3,637.00",950.00,"3,408,067.00",89,-10.0,28.00,-1.05,3.01,0.31,"2,000.00",931.00,,
2022/06/20,33,DDBL,33.93,948.0,950.0,915.0,915.0,915.00,0.0,0.0,924.81,"3,806.00",940.00,"3,519,842.70",104,-25.0,35.00,-2.66,3.83,-1.07,"2,000.00",915.00,,
2022/06/21,34,DDBL,35.68,929.0,933.0,899.0,920.0,920.00,0.0,0.0,921.08,"5,741.00",915.00,"5,287,925.40",101,5.0,34.00,0.55,3.78,-0.12,"2,000.00",899.00,,
2022/06/22,33,DDBL,31.56,920.0,925.0,905.0,910.0,910.00,0.0,0.0,912.30,"3,555.00",920.00,"3,243,211.50",82,-10.0,20.0,-1.09,2.21,-0.25,"2,000.00",899.00,,
2022/06/23,33,DDBL,34.56,910.0,911.0,880.1,893.0,893.00,0.0,0.0,894.78,"6,836.00",910.00,"6,116,702.90",138,-17.0,30.9,-1.87,3.51,-0.2,"2,000.00",880.10,,
2022/06/24,35,DDBL,32.79,880.0,907.0,876.0,889.0,889.00,0.0,0.0,888.81,"2,081.00",893.00,"1,849,604.30",50,-4.0,31.0,-0.45,3.54,0.02,"2,000.00",876.00,,
2022/06/26,33,DDBL,46.26,906.7,977.9,905.0,950.0,950.00,0.0,0.0,950.44,"7,413.00",889.00,"7,045,621.50",168,61.0,72.9,6.86,8.06,-0.05,"2,000.00",876.00,,
2022/06/27,33,DDBL,46.0,969.0,984.0,940.0,940.0,940.00,0.0,0.0,955.96,"5,917.00",950.00,"5,656,393.00",131,-10.0,44.0,-1.05,4.68,-1.7,"2,000.00",876.00,,
2022/06/28,33,DDBL,44.71,928.0,942.0,921.0,935.0,935.00,0.0,0.0,933.19,"2,030.00",940.00,"1,894,384.30",60,-5.0,21.0,-0.53,2.28,0.19,"2,000.00",876.00,,
2022/06/29,34,DDBL,44.44,950.0,969.0,950.0,969.0,969.00,0.0,0.0,957.00,"4,653.00",935.00,"4,452,928.00",80,34.0,19.0,3.64,2.0,1.24,"2,000.00",876.00,,
2022/06/30,34,DDBL,47.81,988.0,1000.0,985.0,999.0,999.00,0.0,0.0,996.21,"7,165.00",969.00,"7,137,873.70",139,30.00,15.00,3.1,1.52,0.28,"2,000.00",876.00,,
2022/07/01,33,DDBL,47.39,1016.0,1020.0,1000.0,1007.0,"1,007.00",0.0,0.0,"1,010.28","3,502.00",999.00,"3,538,007.00",99,8.0,20.0,0.8,2.0,-0.33,"2,000.00",876.00,,
2022/07/03,35,DDBL,48.55,987.0,1035.0,987.0,1025.0,"1,025.00",0.0,0.0,"1,020.33","4,942.00","1,007.00","5,042,447.90",115,18.0,48.0,1.79,4.86,0.46,"2,000.00",876.00,,
2022/07/04,35,DDBL,55.37,1041.0,1064.0,994.3,1014.5,"1,014.50",0.0,0.0,"1,034.19","12,186.00","1,025.00","12,602,647.60",231,-10.5,69.70,-1.02,7.01,-1.94,"2,000.00",876.00,,
2022/07/05,35,DDBL,32.25,1030.0,1030.0,981.0,982.0,982.00,0.0,0.0,996.50,"6,840.00","1,014.50","6,816,086.10",146,-32.5,49.0,-3.2,4.99,-1.48,"2,000.00",876.00,,
2022/07/06,34,DDBL,32.26,967.0,987.0,960.0,984.0,984.00,0.0,0.0,971.31,"5,208.00",982.00,"5,058,601.30",124,2.0,27.0,0.2,2.81,1.29,"2,000.00",876.00,,
2022/05/27,31,DDBL,40.33,1051.0,1051.0,1025.0,1025.0,"1,025.00",0.0,0.0,"1,037.61","2,423.00","1,043.00","2,514,124.80",66,-18.0,26.0,-1.73,2.54,-1.23,"2,000.00",995.20,,
2022/05/30,33,DDBL,37.78,1045.0,1045.0,1013.0,1014.0,"1,014.00",0.0,0.0,"1,020.56","3,096.00","1,025.00","3,159,666.00",73,-11.0,32.0,-1.07,3.16,-0.65,"2,000.00",995.20,,
2022/05/31,33,DDBL,36.46,1007.0,1007.0,990.0,990.3,990.30,0.0,0.0,997.99,"6,776.00","1,014.00","6,762,393.10",169,-23.7,17.0,-2.34,1.72,-0.78,"2,000.00",990.00,,
2022/06/01,33,DDBL,32.5,1000.0,1010.0,987.0,990.0,990.00,0.0,0.0,993.27,"4,185.00",990.30,"4,156,855.60",91,-0.3,23.0,-0.03,2.33,-0.33,"2,000.00",987.00,,
2022/06/02,32,DDBL,32.64,1000.0,1003.0,985.0,993.0,993.00,0.0,0.0,993.20,"2,789.00",990.00,"2,770,038.00",75,3.0,18.0,0.3,1.83,-0.02,"2,000.00",985.00,,
2022/06/03,32,DDBL,33.5,1012.0,1012.0,974.7,974.7,974.70,0.0,0.0,982.78,"5,134.00",993.00,"5,045,594.40",120,-18.3,37.3,-1.84,3.83,-0.83,"2,000.00",974.70,,
2022/06/06,32,DDBL,35.12,990.0,990.0,970.0,970.6,970.60,0.0,0.0,979.11,"4,097.00",974.70,"4,011,412.00",85,-4.1,20.0,-0.42,2.06,-0.88,"2,000.00",970.00,,
2022/06/07,34,DDBL,33.06,990.0,990.0,959.1,959.1,959.10,0.0,0.0,971.81,"5,203.00",970.60,"5,056,320.50",100,-11.5,30.9,-1.18,3.22,-1.33,"2,000.00",959.10,,
2022/06/08,35,DDBL,51.1,965.0,1000.4,965.0,1000.4,"1,000.40",0.0,0.0,986.86,"8,051.00",959.10,"7,945,204.50",117,41.3,35.40,4.31,3.67,1.35,"2,000.00",959.10,,
2022/06/09,32,DDBL,46.41,1018.0,1025.0,999.0,999.0,999.00,0.0,0.0,"1,006.64","3,831.00","1,000.40","3,856,419.00",94,-1.4,26.0,-0.14,2.6,-0.76,"2,000.00",959.10,,
2022/06/10,33,DDBL,41.46,980.0,1018.9,980.0,998.0,998.00,0.0,0.0,990.22,"1,196.00",999.00,"1,184,305.50",33,-1.0,38.9,-0.1,3.97,0.78,"2,000.00",959.10,,
2022/06/12,43,DDBL,37.56,855.0,861.0,850.0,858.0,858.00,0.0,0.0,854.19,"9,779.00",852.00,"8,353,168.60",71,6.0,11.0,0.7,1.29,0.44,"1,010.00",759.00,835.13,827.49
2022/06/13,36,DDBL,44.35,1017.9,1017.9,971.0,975.0,975.00,0.0,0.0,979.23,"4,335.00",998.00,"4,244,968.30",115,-23.0,46.9,-2.3,4.83,-0.43,"2,000.00",959.10,,
2022/06/14,34,DDBL,30.95,980.0,990.0,962.1,962.1,962.10,0.0,0.0,971.62,"3,407.00",975.00,"3,310,323.30",78,-12.9,27.9,-1.32,2.9,-0.99,"2,000.00",959.10,,
2022/06/15,34,DDBL,32.78,981.3,981.3,943.0,945.0,945.00,0.0,0.0,949.76,"4,091.00",962.10,"3,885,467.00",101,-17.1,38.30,-1.78,4.06,-0.5,"2,000.00",943.00,,
2022/06/16,32,DDBL,30.71,963.9,975.0,947.0,958.0,958.00,0.0,0.0,959.48,"1,746.00",945.00,"1,675,254.10",56,13.0,28.0,1.38,2.96,-0.15,"2,000.00",943.00,,
2022/05/02,31,DDBL,30.51,1070.0,1070.0,1055.0,1065.0,"1,065.00",0.0,0.0,"1,062.71","3,689.00","1,078.00","3,920,322.70",84,-13.0,15.0,-1.21,1.42,0.22,"2,000.00","1,019.00",,
2022/05/04,32,DDBL,28.03,1086.3,1086.3,1045.0,1045.0,"1,045.00",0.0,0.0,"1,049.70","3,580.00","1,065.00","3,757,932.00",94,-20.0,41.3,-1.88,3.95,-0.45,"2,000.00","1,019.00",,
2022/05/05,31,DDBL,28.91,1042.1,1042.1,1004.0,1024.1,"1,024.10",0.0,0.0,"1,024.54","5,792.00","1,045.00","5,934,118.50",138,-20.9,38.1,-2.0,3.79,-0.04,"2,000.00","1,004.00",,
2022/05/06,43,DDBL,37.56,855.0,861.0,850.0,858.0,858.00,0.0,0.0,854.19,"9,779.00",852.00,"8,353,168.60",71,6.0,11.0,0.7,1.29,0.44,"1,010.00",759.00,835.13,827.49
2022/05/08,32,DDBL,29.73,1024.1,1024.1,995.2,1018.0,"1,018.00",0.0,0.0,"1,009.33","5,040.00","1,024.10","5,087,040.90",106,-6.1,28.9,-0.6,2.9,0.85,"2,000.00",995.20,,
2022/05/09,32,DDBL,27.9,1030.0,1045.0,1024.0,1027.0,"1,027.00",0.0,0.0,"1,034.47","3,104.00","1,018.00","3,210,989.00",58,9.0,21.0,0.88,2.05,-0.73,"2,000.00",995.20,,
2022/05/10,33,DDBL,43.53,1047.0,1070.0,1046.0,1058.0,"1,058.00",0.0,0.0,"1,062.09","2,870.00","1,027.00","3,048,210.00",83,31.0,24.0,3.02,2.29,-0.39,"2,000.00",995.20,,
2022/05/11,31,DDBL,48.86,1075.3,1101.0,1075.3,1094.5,"1,094.50",0.0,0.0,"1,090.39","5,647.00","1,058.00","6,157,449.50",112,36.5,25.7,3.45,2.39,0.38,"2,000.00",995.20,,
2022/05/12,32,DDBL,46.48,1116.0,1120.0,1094.0,1097.0,"1,097.00",0.0,0.0,"1,104.39","4,279.00","1,094.50","4,725,679.80",106,2.5,26.0,0.23,2.38,-0.67,"2,000.00",995.20,,
2022/05/17,32,DDBL,46.41,1097.0,1097.0,1055.0,1059.0,"1,059.00",0.0,0.0,"1,063.72","2,836.00","1,097.00","3,016,715.00",72,-38.00,42.0,-3.46,3.98,-0.45,"2,000.00",995.20,,
2022/05/18,32,DDBL,43.96,1041.0,1090.0,1041.0,1062.0,"1,062.00",0.0,0.0,"1,058.34","1,917.00","1,059.00","2,028,838.60",47,3.0,49.0,0.28,4.71,0.34,"2,000.00",995.20,,
2022/05/19,30,DDBL,28.3,1062.0,1070.0,1049.0,1055.0,"1,055.00",0.0,0.0,"1,057.02","2,171.00","1,062.00","2,294,791.00",46,-7.0,21.0,-0.66,2.0,-0.19,"2,000.00",995.20,,
2022/05/20,31,DDBL,30.06,1055.0,1055.0,1030.0,1038.0,"1,038.00",0.0,0.0,"1,042.78","3,370.00","1,055.00","3,514,175.00",78,-17.0,25.0,-1.61,2.43,-0.46,"2,000.00",995.20,,
2022/05/23,31,DDBL,30.42,1025.0,1037.9,1020.0,1022.0,"1,022.00",0.0,0.0,"1,027.61","3,336.00","1,038.00","3,428,110.50",68,-16.0,17.9,-1.54,1.75,-0.55,"2,000.00",995.20,,
2022/05/24,30,DDBL,28.5,1025.0,1035.0,1021.0,1025.0,"1,025.00",0.0,0.0,"1,027.07","2,463.00","1,022.00","2,529,675.30",49,3.0,14.00,0.29,1.37,-0.2,"2,000.00",995.20,,
2022/05/25,32,DDBL,26.05,1045.0,1045.0,1025.0,1030.0,"1,030.00",0.0,0.0,"1,037.40","1,579.00","1,025.00","1,638,057.00",49,5.0,20.0,0.49,1.95,-0.72,"2,000.00",995.20,,
2022/04/04,31,DDBL,35.9,1095.0,1110.0,1090.0,1100.0,"1,100.00",0.0,0.0,"1,102.13","3,960.00","1,102.00","4,364,417.30",88,-2.0,20.0,-0.18,1.83,-0.19,"2,000.00","1,019.00",,
2022/04/05,31,DDBL,33.54,1080.0,1100.0,1078.0,1085.0,"1,085.00",0.0,0.0,"1,089.67","7,804.00","1,100.00","8,503,779.50",144,-15.0,22.00,-1.36,2.04,-0.43,"2,000.00","1,019.00",,
2022/04/06,31,DDBL,32.28,1078.0,1099.0,1060.0,1064.0,"1,064.00",0.0,0.0,"1,068.57","5,602.00","1,085.00","5,986,143.60",122,-21.0,39.0,-1.94,3.68,-0.43,"2,000.00","1,019.00",,
2022/04/07,32,DDBL,33.09,1070.0,1100.0,1064.0,1081.0,"1,081.00",0.0,0.0,"1,082.97","5,055.00","1,064.00","5,474,398.00",111,17.0,36.0,1.6,3.38,-0.18,"2,000.00","1,019.00",,
2022/04/11,33,DDBL,38.42,1102.6,1124.0,1085.0,1085.0,"1,085.00",0.0,0.0,"1,092.20","6,443.00","1,081.00","7,037,029.80",123,4.0,39.0,0.37,3.59,-0.66,"2,000.00","1,019.00",,
2022/04/12,31,DDBL,37.88,1065.1,1085.0,1063.3,1068.0,"1,068.00",0.0,0.0,"1,072.98","3,402.00","1,085.00","3,650,279.00",92,-17.0,21.7,-1.57,2.04,-0.47,"2,000.00","1,019.00",,
2022/04/13,31,DDBL,47.71,1075.0,1086.0,1055.0,1086.0,"1,086.00",0.0,0.0,"1,072.24","5,446.00","1,068.00","5,839,445.00",99,18.00,31.0,1.69,2.94,1.27,"2,000.00","1,019.00",,
2022/04/17,33,DDBL,45.31,1107.0,1107.0,1076.0,1088.0,"1,088.00",0.0,0.0,"1,085.75","4,935.00","1,086.00","5,358,200.40",107,2.00,31.0,0.18,2.88,0.21,"2,000.00","1,019.00",,
2022/04/18,32,DDBL,38.94,1067.0,1088.0,1067.0,1080.0,"1,080.00",0.0,0.0,"1,076.60","3,308.00","1,088.00","3,561,389.00",70,-8.0,21.00,-0.74,1.97,0.31,"2,000.00","1,019.00",,
2022/04/19,31,DDBL,40.08,1080.0,1090.0,1060.1,1075.1,"1,075.10",0.0,0.0,"1,077.89","2,122.00","1,080.00","2,287,289.90",57,-4.9,29.9,-0.45,2.82,-0.26,"2,000.00","1,019.00",,
2022/04/20,32,DDBL,35.15,1065.0,1085.0,1062.1,1062.2,"1,062.20",0.0,0.0,"1,066.84","3,237.00","1,075.10","3,453,359.20",77,-12.9,22.9,-1.2,2.16,-0.44,"2,000.00","1,019.00",,
2022/04/21,32,DDBL,37.35,1045.1,1064.0,1045.1,1060.0,"1,060.00",0.0,0.0,"1,054.88","4,001.00","1,062.20","4,220,565.90",97,-2.2,18.90,-0.21,1.81,0.48,"2,000.00","1,019.00",,
2022/04/24,31,DDBL,47.99,1050.0,1105.0,1050.0,1105.0,"1,105.00",0.0,0.0,"1,086.09","6,270.00","1,060.00","6,809,793.00",139,45.00,55.00,4.25,5.24,1.71,"2,000.00","1,019.00",,
2022/04/25,32,DDBL,48.12,1105.0,1127.0,1085.0,1106.0,"1,106.00",0.0,0.0,"1,107.46","6,217.00","1,105.00","6,885,051.50",122,1.0,42.0,0.09,3.87,-0.13,"2,000.00","1,019.00",,
2022/04/26,31,DDBL,44.44,1100.0,1124.9,1091.0,1100.0,"1,100.00",0.0,0.0,"1,102.42","2,743.00","1,106.00","3,023,930.00",58,-6.0,33.9,-0.54,3.11,-0.22,"2,000.00","1,019.00",,
2022/04/27,31,DDBL,41.34,1085.0,1100.0,1080.5,1090.0,"1,090.00",0.0,0.0,"1,093.87","1,411.00","1,100.00","1,543,450.90",44,-10.0,19.5,-0.91,1.8,-0.36,"2,000.00","1,019.00",,
2022/03/09,32,DDBL,41.68,1120.0,1120.0,1098.1,1098.1,"1,098.10",0.0,0.0,"1,104.60","11,178.00","1,120.00","12,347,207.50",186,-21.9,21.9,-1.96,1.99,-0.59,"2,050.00","1,019.00",,
2022/03/10,31,DDBL,47.67,1101.0,1125.0,1097.0,1125.0,"1,125.00",0.0,0.0,"1,110.89","12,876.00","1,098.10","14,303,791.10",154,26.9,28.0,2.45,2.55,1.25,"2,050.00","1,019.00",,
2022/03/13,31,DDBL,54.25,1140.0,1180.0,1140.0,1165.0,"1,165.00",0.0,0.0,"1,160.29","13,589.00","1,125.00","15,767,199.20",232,40.00,40.00,3.56,3.51,0.4,"2,050.00","1,019.00",,
2022/03/14,31,DDBL,50.83,1188.0,1188.0,1170.0,1182.0,"1,182.00",0.0,0.0,"1,178.49","2,947.00","1,165.00","3,473,002.00",53,17.0,18.0,1.46,1.54,0.3,"2,050.00","1,019.00",,
2022/03/15,32,DDBL,50.98,1162.0,1183.0,1162.0,1170.0,"1,170.00",0.0,0.0,"1,171.32","6,559.00","1,182.00","7,682,715.20",133,-12.0,21.0,-1.02,1.81,-0.11,"2,050.00","1,019.00",,
2022/03/16,31,DDBL,50.4,1170.0,1172.0,1155.1,1161.0,"1,161.00",0.0,0.0,"1,159.72","6,341.00","1,170.00","7,353,780.20",99,-9.0,16.9,-0.77,1.46,0.11,"2,050.00","1,019.00",,
2022/03/20,30,DDBL,43.97,1164.0,1180.1,1150.0,1154.0,"1,154.00",0.0,0.0,"1,155.66","4,873.00","1,161.00","5,631,514.10",94,-7.0,30.1,-0.6,2.62,-0.14,"2,050.00","1,019.00",,
2022/03/21,32,DDBL,42.04,1160.0,1160.0,1145.0,1160.0,"1,160.00",0.0,0.0,"1,153.21","2,652.00","1,154.00","3,058,320.00",83,6.00,15.0,0.52,1.31,0.59,"2,050.00","1,019.00",,
2022/03/22,32,DDBL,53.97,1181.8,1182.0,1166.0,1180.0,"1,180.00",0.0,0.0,"1,175.14","5,266.00","1,160.00","6,188,288.80",105,20.0,16.0,1.72,1.37,0.41,"2,050.00","1,019.00",,
2022/03/23,31,DDBL,50.68,1199.0,1199.0,1160.1,1170.0,"1,170.00",0.0,0.0,"1,164.94","2,733.00","1,180.00","3,183,794.10",56,-10.0,38.9,-0.85,3.35,0.43,"2,000.00","1,019.00",,
2022/03/24,32,DDBL,48.4,1151.0,1177.0,1150.0,1158.0,"1,158.00",0.0,0.0,"1,162.44","3,839.00","1,170.00","4,462,615.00",78,-12.0,27.0,-1.03,2.35,-0.38,"2,000.00","1,019.00",,
2022/03/27,43,DDBL,37.56,855.0,861.0,850.0,858.0,858.00,0.0,0.0,854.19,"9,779.00",852.00,"8,353,168.60",71,6.0,11.0,0.7,1.29,0.44,"1,010.00",759.00,835.13,827.49
2022/03/28,32,DDBL,35.56,1125.0,1125.0,1105.1,1105.1,"1,105.10",0.0,0.0,"1,114.42","5,090.00","1,125.00","5,672,405.00",122,-19.9,19.9,-1.77,1.8,-0.84,"2,000.00","1,019.00",,
2022/03/29,31,DDBL,31.88,1110.0,1132.0,1100.0,1110.0,"1,110.00",0.0,0.0,"1,111.54","2,420.00","1,105.10","2,689,930.90",83,4.9,32.0,0.44,2.91,-0.14,"2,000.00","1,019.00",,
2022/03/30,31,DDBL,35.11,1110.0,1131.5,1100.0,1128.0,"1,128.00",0.0,0.0,"1,115.91","4,361.00","1,110.00","4,866,471.60",87,18.0,31.5,1.62,2.86,1.07,"2,000.00","1,019.00",,
2022/03/31,31,DDBL,43.23,1139.0,1139.0,1100.0,1110.0,"1,110.00",0.0,0.0,"1,114.95","6,840.00","1,128.00","7,626,246.00",117,-18.0,39.0,-1.6,3.55,-0.45,"2,000.00","1,019.00",,
2022/04/28,31,DDBL,26.39,1111.0,1111.0,1078.0,1078.0,"1,078.00",0.0,0.0,"1,088.77","2,842.00","1,090.00","3,094,293.40",66,-12.0,33.0,-1.1,3.06,-1.0,"2,000.00","1,019.00",,
2022/05/26,32,DDBL,41.62,1030.0,1043.0,1022.0,1043.0,"1,043.00",0.0,0.0,"1,028.42","2,607.00","1,030.00","2,681,096.50",54,13.0,21.0,1.26,2.05,1.4,"2,000.00",995.20,,
2022/06/17,32,DDBL,31.79,960.0,965.0,944.0,950.0,950.00,0.0,0.0,949.11,"2,066.00",958.00,"1,960,859.00",43,-8.0,21.0,-0.84,2.22,0.09,"2,000.00",943.00,,
2022/07/07,33,DDBL,34.35,1003.6,1005.0,976.1,976.1,976.10,0.0,0.0,985.94,"5,952.00",984.00,"5,868,313.00",114,-7.9,28.9,-0.8,2.96,-1.01,"2,000.00",876.00,,
2022/07/27,32,DDBL,52.35,1020.0,1050.0,1005.0,1049.0,"1,049.00",0.0,0.0,"1,027.54","5,380.00","1,036.00","5,528,173.00",114,13.0,45.0,1.25,4.48,2.05,"2,000.00",876.00,,
2022/08/17,31,DDBL,42.5,997.0,997.0,975.0,981.5,981.50,0.0,0.0,985.82,"4,705.00",980.00,"4,638,274.00",91,1.5,22.0,0.15,2.26,-0.44,"1,859.00",876.00,,
2022/09/07,31,DDBL,23.92,972.4,972.4,957.0,963.0,963.00,0.0,0.0,962.53,"3,504.00",974.10,"3,372,721.20",69,-11.1,15.4,-1.14,1.61,0.05,"1,819.60",876.00,,
2022/10/10,33,DDBL,43.59,957.0,957.0,915.0,921.0,921.00,0.0,0.0,928.33,"2,515.00",939.00,"2,334,760.30",67,-18.0,42.0,-1.92,4.59,-0.8,"1,407.00",861.00,,
2022/11/10,32,DDBL,36.68,948.0,953.7,891.8,915.0,915.00,0.0,0.0,920.80,"9,061.00",930.20,"8,343,377.90",172,-15.2,61.9,-1.63,6.94,-0.63,"1,407.00",861.00,,
2022/12/06,35,DDBL,46.8,1010.0,1025.0,1000.0,1024.0,"1,024.00",0.0,0.0,"1,014.06","6,003.00","1,005.00","6,087,403.00",88,19.0,25.0,1.89,2.5,0.97,"1,407.00",861.00,,
2023/01/02,39,DDBL,54.24,1019.9,1019.9,994.0,1015.0,"1,015.00",0.0,0.0,"1,009.88","10,174.00","1,011.00","10,274,551.40",136,4.0,25.9,0.4,2.61,0.5,"1,407.00",861.00,,
2023/01/31,36,DDBL,34.14,955.0,955.0,940.0,942.0,942.00,0.0,0.0,945.54,"8,690.00",960.00,"8,216,721.80",201,-18.0,15.0,-1.88,1.6,-0.38,"1,325.00",861.00,,
2023/02/27,37,DDBL,35.49,850.0,855.7,825.5,829.9,829.90,0.0,0.0,836.88,"10,659.00",839.00,"8,920,348.70",212,-9.1,30.20,-1.08,3.66,-0.84,"1,199.00",756.00,,
2023/03/27,36,DDBL,38.66,645.0,658.8,630.0,658.8,658.80,0.0,0.0,640.79,"5,162.00",654.00,"3,307,746.00",93,4.8,28.8,0.73,4.57,2.73,"1,178.00",630.00,,
2023/04/19,36,DDBL,35.79,673.0,675.0,668.0,669.0,669.00,0.0,0.0,669.87,"4,229.00",676.00,"2,832,893.10",67,-7.0,7.0,-1.04,1.05,-0.13,"1,178.00",630.00,,
2018/09/02,25,DDBL,-,635.0,645.0,630.0,640.0,640.00,0.0,0.0,637.13,"3,149.00",644.00,"2,006,331.00",30,-4.0,15.0,-0.62,2.38,0.45,"1,385.00",605.00,,
2019/10/05,43,DDBL,37.56,855.0,861.0,850.0,858.0,858.00,0.0,0.0,854.19,"9,779.00",852.00,"8,353,168.60",71,6.0,11.0,0.7,1.29,0.44,"1,010.00",759.00,835.13,827.49
2021/02/14,29,DDBL,55.08,1920.0,1969.0,1872.0,1931.0,"1,931.00",0.0,0.0,"1,927.54","89,541.00","1,973.00","172,593,657.00","1,482",-42.0,97.0,-2.13,5.18,0.18,"2,420.00",723.00,,
2022/04/03,31,DDBL,43.52,1109.0,1110.0,1095.1,1102.0,"1,102.00",0.0,0.0,"1,100.10","5,123.00","1,110.00","5,635,815.00",100,-8.0,14.9,-0.72,1.36,0.17,"2,000.00","1,019.00",,
2023/05/15,39,DDBL,37.7,620.0,630.0,606.7,621.0,621.00,0.0,0.0,616.35,"3,339.00",619.00,"2,058,001.60",75,2.0,23.3,0.32,3.84,0.75,"1,178.00",606.70,,
2024/07/17,43,DDBL,37.56,855.0,861.0,850.0,858.0,858.00,0.0,0.0,854.19,"9,779.00",852.00,"8,353,168.60",71,6.0,11.0,0.7,1.29,0.44,"1,010.00",759.00,835.13,827.49
2022/02/09,32,DDBL,43.08,1245.0,1275.0,1244.0,1245.0,"1,245.00",0.0,0.0,"1,248.00","11,546.00","1,259.00","14,409,360.80",170,-14.0,31.0,-1.11,2.49,-0.24,"2,350.00","1,019.00",,
2022/02/10,31,DDBL,38.35,1251.0,1251.0,1232.0,1235.0,"1,235.00",0.0,0.0,"1,240.62","6,196.00","1,245.00","7,686,871.00",129,-10.0,19.0,-0.8,1.54,-0.45,"2,300.00","1,019.00",,
2022/02/13,32,DDBL,45.89,1230.0,1230.0,1195.0,1200.0,"1,200.00",0.0,0.0,"1,209.27","19,867.00","1,235.00","24,024,580.50",363,-35.0,35.0,-2.83,2.93,-0.77,"2,230.00","1,019.00",,
2022/02/14,31,DDBL,39.65,1202.0,1223.0,1195.5,1203.0,"1,203.00",0.0,0.0,"1,204.90","7,653.00","1,200.00","9,221,093.00",145,3.0,27.5,0.25,2.3,-0.16,"2,230.00","1,019.00",,
2022/02/15,43,DDBL,37.56,855.0,861.0,850.0,858.0,858.00,0.0,0.0,854.19,"9,779.00",852.00,"8,353,168.60",71,6.0,11.0,0.7,1.29,0.44,"1,010.00",759.00,835.13,827.49
2022/02/16,32,DDBL,46.01,1215.0,1236.9,1215.0,1220.0,"1,220.00",0.0,0.0,"1,218.22","8,104.00","1,222.00","9,872,427.60",95,-2.0,21.9,-0.16,1.8,0.15,"2,230.00","1,019.00",,
2022/02/17,32,DDBL,46.45,1210.0,1225.0,1205.0,1209.5,"1,209.50",0.0,0.0,"1,212.82","4,177.00","1,220.00","5,065,937.00",94,-10.5,20.0,-0.86,1.66,-0.27,"2,165.00","1,019.00",,
2022/02/20,32,DDBL,42.67,1197.0,1210.0,1176.0,1190.0,"1,190.00",0.0,0.0,"1,191.85","6,334.00","1,209.50","7,549,162.90",156,-19.5,34.0,-1.61,2.89,-0.16,"2,054.00","1,019.00",,
2022/02/21,31,DDBL,42.63,1190.0,1205.0,1190.0,1193.0,"1,193.00",0.0,0.0,"1,197.42","6,160.00","1,190.00","7,376,102.70",130,3.0,15.0,0.25,1.26,-0.37,"2,054.00","1,019.00",,
2022/02/22,32,DDBL,44.14,1190.0,1214.9,1185.0,1206.0,"1,206.00",0.0,0.0,"1,208.13","2,926.00","1,193.00","3,534,995.50",74,13.0,29.9,1.09,2.52,-0.18,"2,050.00","1,019.00",,
2022/02/23,31,DDBL,43.14,1215.0,1215.0,1190.0,1191.0,"1,191.00",0.0,0.0,"1,194.45","5,326.00","1,206.00","6,361,635.50",128,-15.0,25.0,-1.24,2.1,-0.29,"2,050.00","1,019.00",,
2022/02/24,32,DDBL,45.11,1170.0,1190.0,1170.0,1170.0,"1,170.00",0.0,0.0,"1,174.88","8,688.00","1,191.00","10,207,348.20",197,-21.0,20.0,-1.76,1.71,-0.42,"2,050.00","1,019.00",,
2022/02/27,31,DDBL,39.83,1170.0,1184.0,1150.0,1157.0,"1,157.00",0.0,0.0,"1,162.84","5,699.00","1,170.00","6,627,023.80",138,-13.0,34.00,-1.11,2.96,-0.5,"2,050.00","1,019.00",,
2022/02/28,32,DDBL,38.29,1168.0,1170.0,1135.0,1138.0,"1,138.00",0.0,0.0,"1,149.90","5,325.00","1,157.00","6,123,229.00",135,-19.0,35.00,-1.64,3.08,-1.05,"2,050.00","1,019.00",,
2022/03/02,31,DDBL,39.34,1120.0,1125.0,1118.0,1120.1,"1,120.10",0.0,0.0,"1,121.06","7,598.00","1,138.00","8,517,831.10",163,-17.9,7.00,-1.57,0.63,-0.09,"2,050.00","1,019.00",,
2022/03/06,32,DDBL,39.96,1135.0,1135.0,1115.0,1121.0,"1,121.00",0.0,0.0,"1,121.53","6,493.00","1,120.10","7,282,074.00",143,0.9,20.0,0.08,1.79,-0.05,"2,050.00","1,019.00",,
2022/01/16,30,DDBL,64.01,1360.0,1400.0,1360.0,1380.0,"1,380.00",0.0,0.0,"1,382.88","36,604.00","1,334.00","50,618,783.00",540,46.0,40.0,3.45,2.94,-0.21,"2,420.00","1,019.00",,
2022/01/17,30,DDBL,60.07,1407.0,1407.0,1364.0,1379.0,"1,379.00",0.0,0.0,"1,377.54","22,254.00","1,380.00","30,655,859.00",304,-1.0,43.0,-0.07,3.15,0.11,"2,420.00","1,019.00",,
2022/01/18,31,DDBL,58.72,1366.0,1385.0,1333.0,1340.0,"1,340.00",0.0,0.0,"1,354.02","18,068.00","1,379.00","24,464,517.20",357,-39.0,52.0,-2.83,3.9,-1.05,"2,420.00","1,019.00",,
2022/01/19,32,DDBL,52.2,1341.0,1341.0,1307.0,1316.0,"1,316.00",0.0,0.0,"1,320.77","20,203.00","1,340.00","26,683,481.50",355,-24.0,34.0,-1.79,2.6,-0.36,"2,420.00","1,019.00",,
2022/01/20,31,DDBL,49.49,1301.5,1336.0,1301.5,1335.0,"1,335.00",0.0,0.0,"1,327.72","14,152.00","1,316.00","18,789,933.30",219,19.0,34.5,1.44,2.65,0.55,"2,420.00","1,019.00",,
2022/01/23,31,DDBL,49.92,1360.0,1360.0,1323.2,1330.0,"1,330.00",0.0,0.0,"1,341.02","15,869.00","1,335.00","21,280,655.70",276,-5.0,36.80,-0.37,2.78,-0.83,"2,420.00","1,019.00",,
2022/01/24,31,DDBL,51.22,1356.6,1356.6,1268.0,1300.0,"1,300.00",0.0,0.0,"1,296.36","26,297.00","1,330.00","34,090,326.10",547,-30.0,88.6,-2.26,6.99,0.28,"2,420.00","1,019.00",,
2022/01/25,32,DDBL,51.28,1326.0,1326.0,1265.0,1293.0,"1,293.00",0.0,0.0,"1,301.24","31,061.00","1,300.00","40,417,807.90",380,-7.0,61.00,-0.54,4.82,-0.64,"2,420.00","1,019.00",,
2022/01/26,32,DDBL,43.14,1300.0,1300.0,1260.0,1275.0,"1,275.00",0.0,0.0,"1,271.81","13,117.00","1,293.00","16,682,384.30",215,-18.0,40.0,-1.39,3.17,0.25,"2,420.00","1,019.00",,
2022/01/27,32,DDBL,41.17,1300.0,1300.0,1265.0,1265.0,"1,265.00",0.0,0.0,"1,271.45","9,136.00","1,275.00","11,615,990.00",196,-10.0,35.0,-0.78,2.77,-0.51,"2,420.00","1,019.00",,
2022/01/30,32,DDBL,50.09,1290.3,1325.0,1290.3,1305.0,"1,305.00",0.0,0.0,"1,300.93","19,362.00","1,265.00","25,188,588.00",261,40.0,34.7,3.16,2.69,0.31,"2,420.00","1,019.00",,
2022/01/31,32,DDBL,49.34,1310.0,1325.0,1293.0,1293.0,"1,293.00",0.0,0.0,"1,303.39","12,477.00","1,305.00","16,262,404.50",238,-12.0,32.0,-0.92,2.47,-0.8,"2,420.00","1,019.00",,
2022/02/01,32,DDBL,53.95,1276.0,1310.0,1276.0,1300.0,"1,300.00",0.0,0.0,"1,296.01","14,626.00","1,293.00","18,955,464.20",155,7.0,34.0,0.54,2.66,0.31,"2,420.00","1,019.00",,
2022/02/03,32,DDBL,51.73,1318.0,1318.0,1288.0,1290.0,"1,290.00",0.0,0.0,"1,301.38","17,049.00","1,300.00","22,187,288.50",243,-10.0,30.0,-0.77,2.33,-0.88,"2,420.00","1,019.00",,
2022/02/06,33,DDBL,39.89,1284.0,1290.0,1265.0,1270.0,"1,270.00",0.0,0.0,"1,274.22","7,389.00","1,290.00","9,415,199.70",173,-20.00,25.0,-1.55,1.98,-0.33,"2,420.00","1,019.00",,
2022/02/07,32,DDBL,39.43,1260.0,1289.0,1256.0,1265.1,"1,265.10",0.0,0.0,"1,270.14","9,443.00","1,270.00","11,993,974.40",144,-4.9,33.0,-0.39,2.63,-0.4,"2,420.00","1,019.00",,
2021/12/21,31,DDBL,50.82,1090.0,1111.0,1080.0,1111.0,"1,111.00",0.0,0.0,"1,095.58","9,732.00","1,069.00","10,662,224.70",154,42.0,31.00,3.93,2.87,1.39,"2,420.00","1,019.00",,
2021/12/22,31,DDBL,52.61,1132.2,1150.0,1120.1,1144.0,"1,144.00",0.0,0.0,"1,141.35","10,098.00","1,111.00","11,525,333.10",186,33.0,29.9,2.97,2.67,0.23,"2,420.00","1,019.00",,
2021/12/23,31,DDBL,53.36,1144.0,1164.0,1136.0,1148.0,"1,148.00",0.0,0.0,"1,150.33","8,088.00","1,144.00","9,303,876.20",176,4.0,28.0,0.35,2.46,-0.2,"2,420.00","1,019.00",,
2021/12/26,30,DDBL,55.94,1150.0,1192.0,1150.0,1192.0,"1,192.00",0.0,0.0,"1,175.18","16,899.00","1,148.00","19,859,448.50",246,44.00,42.00,3.83,3.65,1.41,"2,420.00","1,019.00",,
2021/12/27,31,DDBL,55.53,1200.0,1219.7,1148.0,1170.0,"1,170.00",0.0,0.0,"1,191.24","13,021.00","1,192.00","15,511,121.40",297,-22.0,71.70,-1.85,6.25,-1.82,"2,420.00","1,019.00",,
2021/12/28,32,DDBL,50.89,1147.0,1173.0,1141.0,1170.0,"1,170.00",0.0,0.0,"1,160.00","5,266.00","1,170.00","6,108,570.30",137,0.0,32.0,0.0,2.8,0.85,"2,420.00","1,019.00",,
2021/12/29,30,DDBL,52.84,1193.0,1200.0,1150.0,1170.0,"1,170.00",0.0,0.0,"1,160.34","6,725.00","1,170.00","7,803,287.00",130,0.0,50.00,0.0,4.35,0.83,"2,420.00","1,019.00",,
2022/01/02,32,DDBL,54.24,1160.0,1200.0,1160.0,1190.0,"1,190.00",0.0,0.0,"1,186.28","16,074.00","1,170.00","19,068,227.40",215,20.00,40.00,1.71,3.45,0.31,"2,420.00","1,019.00",,
2022/01/03,31,DDBL,63.38,1213.8,1237.0,1199.0,1228.0,"1,228.00",0.0,0.0,"1,217.25","40,692.00","1,190.00","49,532,194.20",450,38.0,38.00,3.19,3.17,0.88,"2,420.00","1,019.00",,
2022/01/04,31,DDBL,58.52,1228.0,1252.5,1200.0,1231.0,"1,231.00",0.0,0.0,"1,235.44","14,419.00","1,228.00","17,813,847.50",252,3.0,52.50,0.24,4.38,-0.36,"2,420.00","1,019.00",,
2022/01/05,32,DDBL,58.49,1232.0,1232.0,1190.0,1200.0,"1,200.00",0.0,0.0,"1,205.54","18,022.00","1,231.00","21,726,286.60",347,-31.0,42.0,-2.52,3.53,-0.46,"2,420.00","1,019.00",,
2022/01/06,43,DDBL,37.56,855.0,861.0,850.0,858.0,858.00,0.0,0.0,854.19,"9,779.00",852.00,"8,353,168.60",71,6.0,11.0,0.7,1.29,0.44,"1,010.00",759.00,835.13,827.49
2022/01/09,31,DDBL,49.46,1230.0,1240.0,1219.0,1230.0,"1,230.00",0.0,0.0,"1,232.58","19,719.00","1,206.00","24,305,325.50",231,24.0,21.00,1.99,1.72,-0.21,"2,420.00","1,019.00",,
2022/01/10,30,DDBL,52.01,1250.0,1250.0,1225.0,1231.0,"1,231.00",0.0,0.0,"1,237.21","20,332.00","1,230.00","25,155,052.10",237,1.0,25.00,0.08,2.04,-0.5,"2,420.00","1,019.00",,
2022/01/11,31,DDBL,62.62,1235.0,1300.0,1235.0,1278.0,"1,278.00",0.0,0.0,"1,256.78","39,601.00","1,231.00","49,769,726.10",372,47.0,65.00,3.82,5.26,1.66,"2,420.00","1,019.00",,
2022/01/12,30,DDBL,58.97,1303.5,1320.0,1266.0,1271.0,"1,271.00",0.0,0.0,"1,287.95","51,374.00","1,278.00","66,166,937.80",444,-7.0,54.00,-0.55,4.27,-1.33,"2,420.00","1,019.00",,
2021/11/25,31,DDBL,43.53,1290.0,1295.0,1267.0,1280.0,"1,280.00",0.0,0.0,"1,276.90","5,405.00","1,288.00","6,901,670.20",129,-8.0,28.0,-0.62,2.21,0.24,"2,420.00","1,100.00",,
2021/11/28,30,DDBL,40.83,1266.0,1285.0,1235.0,1236.0,"1,236.00",0.0,0.0,"1,247.91","10,540.00","1,280.00","13,152,983.90",210,-44.0,50.0,-3.44,4.05,-0.96,"2,420.00","1,157.00",,
2021/11/29,30,DDBL,41.95,1235.0,1260.0,1220.0,1221.0,"1,221.00",0.0,0.0,"1,234.49","5,880.00","1,236.00","7,258,804.60",149,-15.0,40.0,-1.21,3.28,-1.1,"2,420.00","1,157.00",,
2021/11/30,32,DDBL,39.73,1245.4,1245.4,1200.0,1215.1,"1,215.10",0.0,0.0,"1,212.94","5,986.00","1,221.00","7,260,667.60",160,-5.9,45.4,-0.48,3.78,0.18,"2,420.00","1,183.00",,
2021/12/01,30,DDBL,41.22,1217.0,1224.0,1210.0,1210.0,"1,210.00",0.0,0.0,"1,214.95","5,178.00","1,215.10","6,291,000.10",154,-5.1,14.0,-0.42,1.16,-0.41,"2,420.00","1,185.00",,
2021/12/02,31,DDBL,44.04,1210.0,1210.0,1190.0,1190.0,"1,190.00",0.0,0.0,"1,193.90","6,577.00","1,210.00","7,852,301.90",189,-20.0,20.0,-1.65,1.68,-0.33,"2,420.00","1,185.00",,
2021/12/05,31,DDBL,44.24,1186.0,1205.0,1140.0,1157.0,"1,157.00",0.0,0.0,"1,157.95","12,035.00","1,190.00","13,935,961.60",280,-33.0,65.0,-2.77,5.7,-0.08,"2,420.00","1,140.00",,
2021/12/06,30,DDBL,46.07,1157.0,1162.0,1100.0,1158.0,"1,158.00",0.0,0.0,"1,129.98","11,686.00","1,157.00","13,204,997.80",288,1.0,62.00,0.09,5.64,2.42,"2,420.00","1,100.00",,
2021/12/07,31,DDBL,43.59,1180.9,1200.0,1157.0,1157.0,"1,157.00",0.0,0.0,"1,176.75","8,320.00","1,158.00","9,790,545.30",190,-1.0,43.00,-0.09,3.72,-1.71,"2,420.00","1,100.00",,
2021/12/08,31,DDBL,39.15,1145.0,1145.0,1112.4,1115.0,"1,115.00",0.0,0.0,"1,124.38","6,156.00","1,157.00","6,921,657.85",159,-42.0,32.60,-3.63,2.93,-0.84,"2,420.00","1,100.00",,
2021/12/09,31,DDBL,42.74,1111.0,1130.0,1101.0,1115.1,"1,115.10",0.0,0.0,"1,112.45","9,841.00","1,115.00","10,947,639.50",176,0.1,29.0,0.01,2.63,0.24,"2,420.00","1,100.00",,
2021/12/12,30,DDBL,35.69,1110.0,1115.0,1090.0,1090.0,"1,090.00",0.0,0.0,"1,098.01","6,024.00","1,115.10","6,614,387.00",175,-25.10,25.00,-2.25,2.29,-0.73,"2,420.00","1,090.00",,
2021/12/13,30,DDBL,38.14,1070.0,1071.0,1019.0,1025.0,"1,025.00",0.0,0.0,"1,041.85","11,906.00","1,090.00","12,404,282.70",286,-65.00,52.00,-5.96,5.1,-1.64,"2,420.00","1,019.00",,
2021/12/14,30,DDBL,43.17,1044.9,1091.0,1044.9,1090.0,"1,090.00",0.0,0.0,"1,069.41","5,258.00","1,025.00","5,622,977.50",121,65.00,46.10,6.34,4.41,1.89,"2,420.00","1,019.00",,
2021/12/15,31,DDBL,45.59,1111.8,1156.0,1070.0,1101.0,"1,101.00",0.0,0.0,"1,128.34","11,815.00","1,090.00","13,331,350.00",299,11.0,86.0,1.01,8.04,-2.48,"2,420.00","1,019.00",,
2021/12/16,32,DDBL,43.06,1101.0,1122.0,1079.0,1080.0,"1,080.00",0.0,0.0,"1,093.28","5,878.00","1,101.00","6,426,322.00",159,-21.0,43.0,-1.91,3.99,-1.23,"2,420.00","1,019.00",,
2021/10/28,32,DDBL,57.31,1344.3,1344.3,1312.1,1338.0,"1,338.00",0.0,0.0,"1,332.24","14,402.00","1,318.00","19,186,849.70",240,20.0,32.2,1.52,2.45,0.43,"2,420.00",864.00,,
2021/10/31,32,DDBL,60.79,1338.0,1358.0,1315.0,1354.0,"1,354.00",0.0,0.0,"1,346.21","19,841.00","1,338.00","26,710,148.90",351,16.00,43.00,1.2,3.27,0.58,"2,420.00",915.00,,
2021/11/01,30,DDBL,62.21,1379.0,1379.0,1315.0,1325.0,"1,325.00",0.0,0.0,"1,343.74","12,005.00","1,354.00","16,131,603.60",262,-29.0,64.0,-2.14,4.87,-1.41,"2,420.00",915.00,,
2021/11/02,31,DDBL,61.74,1320.0,1352.0,1309.0,1350.0,"1,350.00",0.0,0.0,"1,334.92","12,549.00","1,325.00","16,751,873.70",181,25.0,43.0,1.89,3.28,1.12,"2,420.00",935.00,,
2021/11/03,31,DDBL,50.44,1360.0,1360.0,1332.0,1341.0,"1,341.00",0.0,0.0,"1,344.80","8,509.00","1,350.00","11,442,920.00",159,-9.0,28.0,-0.67,2.1,-0.28,"2,420.00",962.00,,
2021/11/08,31,DDBL,48.66,1341.0,1365.5,1333.0,1333.0,"1,333.00",0.0,0.0,"1,346.14","8,081.00","1,341.00","10,878,128.70",131,-8.0,32.5,-0.6,2.44,-0.99,"2,420.00",970.00,,
2021/11/09,30,DDBL,47.34,1325.0,1333.0,1295.0,1305.0,"1,305.00",0.0,0.0,"1,307.36","10,930.00","1,333.00","14,289,430.00",219,-28.0,38.0,-2.1,2.93,-0.18,"2,420.00",993.00,,
2021/11/11,31,DDBL,43.64,1300.0,1300.0,1245.0,1264.0,"1,264.00",0.0,0.0,"1,270.63","10,320.00","1,305.00","13,112,929.90",233,-41.0,55.0,-3.14,4.42,-0.52,"2,420.00","1,028.00",,
2021/11/14,31,DDBL,39.82,1289.2,1310.0,1266.0,1267.0,"1,267.00",0.0,0.0,"1,274.89","5,334.00","1,264.00","6,800,276.20",146,3.00,44.00,0.24,3.48,-0.62,"2,420.00","1,028.00",,
2021/11/15,30,DDBL,40.85,1292.0,1298.0,1271.0,1275.9,"1,275.90",0.0,0.0,"1,276.70","5,561.00","1,267.00","7,099,706.20",97,8.90,27.00,0.7,2.12,-0.06,"2,420.00","1,028.00",,
2021/11/16,30,DDBL,41.02,1276.0,1301.0,1265.0,1299.0,"1,299.00",0.0,0.0,"1,292.42","6,515.00","1,275.90","8,420,111.20",161,23.10,36.00,1.81,2.85,0.51,"2,420.00","1,028.00",,
2021/11/17,31,DDBL,59.7,1310.0,1312.0,1294.0,1295.0,"1,295.00",0.0,0.0,"1,302.96","8,785.00","1,299.00","11,446,500.50",219,-4.00,18.00,-0.31,1.39,-0.61,"2,420.00","1,028.00",,
2021/11/18,30,DDBL,57.83,1300.0,1300.0,1282.0,1290.0,"1,290.00",0.0,0.0,"1,292.94","9,291.00","1,295.00","12,012,719.60",179,-5.0,18.0,-0.39,1.4,-0.23,"2,420.00","1,028.00",,
2021/11/21,31,DDBL,42.73,1290.0,1298.0,1280.0,1283.0,"1,283.00",0.0,0.0,"1,286.74","4,415.00","1,290.00","5,680,971.50",100,-7.0,18.0,-0.54,1.41,-0.29,"2,420.00","1,042.00",,
2021/11/22,32,DDBL,42.63,1308.0,1308.5,1285.0,1291.0,"1,291.00",0.0,0.0,"1,293.48","7,867.00","1,283.00","10,175,793.70",103,8.0,23.5,0.62,1.83,-0.19,"2,420.00","1,042.00",,
2021/11/23,31,DDBL,42.83,1291.0,1301.0,1268.0,1268.0,"1,268.00",0.0,0.0,"1,281.50","10,921.00","1,291.00","13,995,226.40",180,-23.0,33.0,-1.78,2.6,-1.06,"2,420.00","1,080.00",,
2021/09/29,32,DDBL,39.52,1279.0,1322.0,1277.0,1295.0,"1,295.00",0.0,0.0,"1,291.65","17,782.00","1,297.00","22,968,145.40",358,-2.0,45.0,-0.15,3.52,0.26,"2,420.00",840.00,,
2021/09/30,31,DDBL,36.74,1295.0,1310.0,1268.1,1269.9,"1,269.90",0.0,0.0,"1,279.16","14,740.00","1,295.00","18,854,839.90",295,-25.1,41.9,-1.94,3.3,-0.73,"2,420.00",840.00,,
2021/10/03,32,DDBL,33.05,1269.9,1269.9,1225.1,1230.0,"1,230.00",0.0,0.0,"1,238.39","13,980.00","1,269.90","17,312,721.80",284,-39.9,44.8,-3.14,3.66,-0.68,"2,420.00",840.00,,
2021/10/04,31,DDBL,41.2,1210.5,1230.0,1185.0,1205.0,"1,205.00",0.0,0.0,"1,208.00","9,664.00","1,230.00","11,674,150.50",233,-25.0,45.0,-2.03,3.8,-0.25,"2,420.00",840.00,,
2021/10/05,31,DDBL,43.95,1228.0,1240.0,1205.0,1239.0,"1,239.00",0.0,0.0,"1,225.73","12,202.00","1,205.00","14,956,332.40",267,34.0,35.0,2.82,2.9,1.07,"2,420.00",840.00,,
2021/10/06,32,DDBL,54.78,1263.5,1327.0,1263.5,1327.0,"1,327.00",0.0,0.0,"1,308.89","20,474.00","1,239.00","26,798,177.60",433,88.0,63.5,7.1,5.03,1.36,"2,420.00",840.00,,
2021/10/10,30,DDBL,53.91,1340.0,1394.1,1320.0,1320.0,"1,320.00",0.0,0.0,"1,356.52","19,902.00","1,327.00","26,997,421.10",411,-7.0,74.1,-0.53,5.61,-2.77,"2,420.00",840.00,,
2021/10/11,30,DDBL,50.15,1294.1,1310.0,1270.0,1306.0,"1,306.00",0.0,0.0,"1,292.10","9,879.00","1,320.00","12,764,699.20",211,-14.0,40.0,-1.06,3.15,1.06,"2,420.00",840.00,,
2021/10/17,30,DDBL,49.02,1332.0,1358.0,1260.0,1287.0,"1,287.00",0.0,0.0,"1,297.99","4,351.00","1,306.00","5,647,546.00",137,-19.0,98.0,-1.45,7.78,-0.85,"2,420.00",840.00,,
2021/10/18,31,DDBL,43.86,1287.0,1290.0,1223.0,1251.0,"1,251.00",0.0,0.0,"1,254.33","11,441.00","1,287.00","14,350,760.80",274,-36.0,67.0,-2.8,5.48,-0.27,"2,420.00",840.00,,
2021/10/19,43,DDBL,37.56,855.0,861.0,850.0,858.0,858.00,0.0,0.0,854.19,"9,779.00",852.00,"8,353,168.60",71,6.0,11.0,0.7,1.29,0.44,"1,010.00",759.00,835.13,827.49
2021/10/20,30,DDBL,44.4,1236.3,1286.2,1213.0,1233.0,"1,233.00",0.0,0.0,"1,229.61","11,795.00","1,212.10","14,503,193.60",171,20.9,73.2,1.72,6.03,0.28,"2,420.00",850.00,,
2021/10/21,30,DDBL,41.85,1250.0,1252.0,1210.5,1213.0,"1,213.00",0.0,0.0,"1,223.83","8,779.00","1,233.00","10,744,038.50",169,-20.00,41.5,-1.62,3.43,-0.89,"2,420.00",855.00,,
2021/10/24,31,DDBL,46.76,1208.0,1234.9,1207.0,1217.0,"1,217.00",0.0,0.0,"1,217.69","11,729.00","1,213.00","14,282,297.70",210,4.0,27.9,0.33,2.31,-0.06,"2,420.00",864.00,,
2021/10/25,31,DDBL,52.3,1239.0,1247.0,1228.0,1247.0,"1,247.00",0.0,0.0,"1,238.08","15,127.00","1,217.00","18,728,447.20",290,30.0,19.0,2.47,1.55,0.72,"2,420.00",864.00,,
2021/10/26,30,DDBL,55.91,1255.0,1300.0,1255.0,1298.0,"1,298.00",0.0,0.0,"1,288.43","16,503.00","1,247.00","21,262,988.00",336,51.0,45.0,4.09,3.59,0.74,"2,420.00",864.00,,
2021/09/06,31,DDBL,64.23,1715.0,1785.0,1715.0,1784.0,"1,784.00",0.0,0.0,"1,760.46","27,277.00","1,742.00","48,020,023.40",552,42.0,70.0,2.41,4.08,1.32,"2,420.00",840.00,,
2021/09/07,31,DDBL,57.76,1819.6,1819.6,1730.0,1755.0,"1,755.00",0.0,0.0,"1,756.51","14,948.00","1,784.00","26,256,369.50",378,-29.0,89.6,-1.63,5.18,-0.09,"2,420.00",840.00,,
2021/09/08,30,DDBL,44.70,1750.0,1750.0,1715.0,1722.0,"1,722.00",0.0,0.0,"1,727.52","17,100.00","1,755.00","29,540,562.70",341,-33.0,35.0,-1.88,2.04,-0.32,"2,420.00",840.00,,
2021/09/09,31,DDBL,45.67,1730.0,1740.0,1705.0,1705.0,"1,705.00",0.0,0.0,"1,713.52","13,411.00","1,722.00","22,980,024.50",279,-17.0,35.0,-0.99,2.05,-0.5,"2,420.00",840.00,,
2021/09/10,43,DDBL,37.56,855.0,861.0,850.0,858.0,858.00,0.0,0.0,854.19,"9,779.00",852.00,"8,353,168.60",71,6.0,11.0,0.7,1.29,0.44,"1,010.00",759.00,835.13,827.49
2021/09/12,31,DDBL,44.05,1710.0,1735.0,1696.0,1701.2,"1,701.20",0.0,0.0,"1,705.34","17,389.00","1,705.00","29,654,235.20",383,-3.80,39.00,-0.22,2.3,-0.24,"2,420.00",840.00,,
2021/09/13,30,DDBL,51.17,1729.0,1730.0,1700.0,1703.0,"1,703.00",0.0,0.0,"1,706.53","18,637.00","1,701.20","31,804,521.70",339,1.8,30.00,0.11,1.76,-0.21,"2,420.00",840.00,,
2021/09/14,32,DDBL,47.34,1715.0,1715.0,1674.0,1676.0,"1,676.00",0.0,0.0,"1,687.77","17,832.00","1,703.00","30,096,319.10",327,-27.00,41.0,-1.59,2.45,-0.7,"2,420.00",840.00,,
2021/09/15,32,DDBL,44.4,1676.0,1685.0,1657.0,1663.0,"1,663.00",0.0,0.0,"1,666.50","10,706.00","1,676.00","17,841,577.10",253,-13.00,28.0,-0.78,1.69,-0.21,"2,420.00",840.00,,
2021/09/16,32,DDBL,46.68,1665.0,1665.0,1600.0,1615.0,"1,615.00",0.0,0.0,"1,616.49","25,066.00","1,663.00","40,519,000.30",572,-48.0,65.0,-2.89,4.06,-0.09,"2,420.00",840.00,,
2021/09/20,32,DDBL,49.60,1647.3,1713.0,1632.0,1648.0,"1,648.00",0.0,0.0,"1,662.58","57,529.00","1,615.00","95,646,460.30","1,116",33.0,81.0,2.04,4.96,-0.88,"2,420.00",840.00,,
2021/09/21,32,DDBL,51.91,1679.0,1679.0,1600.0,1652.0,"1,652.00",0.0,0.0,"1,649.90","36,142.00","1,648.00","59,630,756.90",550,4.0,79.00,0.24,4.94,0.13,"2,420.00",840.00,,
2021/09/22,30,DDBL,59.59,1685.0,1752.9,1685.0,1750.0,"1,750.00",0.0,0.0,"1,716.03","28,822.00","1,652.00","49,459,423.90",533,98.0,67.90,5.93,4.03,1.94,"2,420.00",840.00,,
2021/09/23,31,DDBL,58.21,1770.0,1787.0,1715.0,1725.0,"1,725.00",0.0,0.0,"1,750.11","33,631.00","1,750.00","58,857,814.50",538,-25.00,72.0,-1.43,4.2,-1.46,"2,420.00",840.00,,
2021/09/26,31,DDBL,54.7,1750.0,1750.0,1691.0,1705.0,"1,705.00",0.0,0.0,"1,710.17","25,026.00","1,725.00","42,798,824.50",497,-20.0,59.0,-1.16,3.49,-0.3,"2,420.00",840.00,,
2021/09/27,31,DDBL,55.67,1739.1,1739.1,1666.0,1666.1,"1,666.10",0.0,0.0,"1,680.31","63,600.00","1,705.00","106,867,738.80","1,178",-38.9,73.1,-2.28,4.39,-0.85,"2,420.00",840.00,,
2021/08/09,31,DDBL,52.46,1850.0,1860.0,1818.0,1825.0,"1,825.00",0.0,0.0,"1,826.08","27,914.00","1,850.00","50,973,062.40",518,-25.0,42.0,-1.35,2.31,-0.06,"2,420.00",797.00,,
2021/08/10,31,DDBL,52.52,1850.0,1866.0,1820.0,1848.0,"1,848.00",0.0,0.0,"1,848.57","22,406.00","1,825.00","41,419,071.50",422,23.0,46.0,1.26,2.53,-0.03,"2,420.00",797.00,,
2021/08/11,30,DDBL,49.42,1850.0,1851.0,1815.0,1835.0,"1,835.00",0.0,0.0,"1,831.95","15,859.00","1,848.00","29,052,880.20",338,-13.00,36.0,-0.7,1.98,0.17,"2,420.00",797.00,,
2021/08/12,31,DDBL,51.79,1810.0,1830.0,1810.0,1816.0,"1,816.00",0.0,0.0,"1,816.78","29,699.00","1,835.00","53,956,537.50",513,-19.0,20.0,-1.04,1.1,-0.04,"2,420.00",797.00,,
2021/08/15,31,DDBL,40.48,1835.0,1864.0,1790.0,1833.0,"1,833.00",0.0,0.0,"1,823.48","68,658.00","1,816.00","125,196,270.30",829,17.0,74.00,0.94,4.13,0.52,"2,420.00",797.00,,
2021/08/16,31,DDBL,55.84,1851.0,1872.0,1825.0,1845.0,"1,845.00",0.0,0.0,"1,852.73","39,116.00","1,833.00","72,471,529.70",705,12.0,47.0,0.65,2.58,-0.42,"2,420.00",797.00,,
2021/08/17,31,DDBL,49.82,1845.1,1859.0,1809.0,1818.0,"1,818.00",0.0,0.0,"1,826.71","18,540.00","1,845.00","33,867,165.50",394,-27.0,50.0,-1.46,2.76,-0.48,"2,420.00",808.00,,
2021/08/18,33,DDBL,54.23,1800.0,1825.0,1795.1,1807.0,"1,807.00",0.0,0.0,"1,805.46","40,809.00","1,818.00","73,679,176.60",548,-11.0,29.90,-0.61,1.67,0.09,"2,420.00",811.00,,
2021/08/19,32,DDBL,50.19,1835.0,1840.0,1805.0,1805.0,"1,805.00",0.0,0.0,"1,813.35","31,206.00","1,807.00","56,587,432.10",447,-2.0,35.00,-0.11,1.94,-0.46,"2,420.00",814.00,,
2021/08/24,31,DDBL,47.03,1840.0,1840.0,1785.0,1788.0,"1,788.00",0.0,0.0,"1,803.02","20,647.00","1,805.00","37,226,916.90",359,-17.0,55.0,-0.94,3.08,-0.84,"2,420.00",830.00,,
2021/08/25,32,DDBL,44.80,1778.7,1790.0,1755.0,1764.1,"1,764.10",0.0,0.0,"1,775.01","16,063.00","1,788.00","28,511,907.00",316,-23.9,35.0,-1.34,1.99,-0.62,"2,420.00",840.00,,
2021/08/26,32,DDBL,46.93,1789.9,1789.9,1740.0,1761.0,"1,761.00",0.0,0.0,"1,758.10","23,564.00","1,764.10","41,427,873.80",441,-3.1,49.9,-0.18,2.87,0.16,"2,420.00",840.00,,
2021/08/29,31,DDBL,46.42,1790.0,1790.0,1731.1,1740.0,"1,740.00",0.0,0.0,"1,745.27","22,013.00","1,761.00","38,418,620.40",440,-21.0,58.9,-1.19,3.4,-0.3,"2,420.00",840.00,,
2021/08/31,31,DDBL,44.29,1738.0,1738.0,1706.0,1710.0,"1,710.00",0.0,0.0,"1,713.97","24,275.00","1,740.00","41,606,718.40",418,-30.0,32.0,-1.72,1.88,-0.23,"2,420.00",840.00,,
2021/09/01,31,DDBL,48.64,1715.0,1730.0,1690.0,1711.0,"1,711.00",0.0,0.0,"1,714.61","24,479.00","1,710.00","41,972,010.60",427,1.0,40.0,0.06,2.37,-0.21,"2,420.00",840.00,,
2021/09/02,32,DDBL,64.62,1712.0,1857.1,1712.0,1785.0,"1,785.00",0.0,0.0,"1,783.64","107,886.00","1,711.00","192,430,003.00","1,972",74.0,145.1,4.32,8.48,0.08,"2,420.00",840.00,,
2021/07/14,30,DDBL,62.0,1750.0,1750.0,1678.0,1684.0,"1,684.00",0.0,0.0,"1,683.29","11,960.00","1,691.00","20,132,111.00",232,-7.0,72.0,-0.41,4.29,0.04,"2,420.00",797.00,,
2021/07/15,31,DDBL,54.85,1694.0,1698.0,1682.0,1686.0,"1,686.00",0.0,0.0,"1,688.20","12,967.00","1,684.00","21,890,914.00",276,2.0,16.0,0.12,0.95,-0.13,"2,420.00",797.00,,
2021/07/18,32,DDBL,73.82,1695.0,1758.0,1695.0,1758.0,"1,758.00",0.0,0.0,"1,738.20","33,166.00","1,686.00","57,649,289.40",618,72.0,63.0,4.27,3.72,1.13,"2,420.00",797.00,,
2021/07/19,31,DDBL,70.72,1790.0,1800.0,1758.0,1765.0,"1,765.00",0.0,0.0,"1,781.41","34,300.00","1,758.00","61,102,491.20",658,7.0,42.0,0.4,2.39,-0.93,"2,420.00",797.00,,
2021/07/20,31,DDBL,68.78,1769.0,1770.0,1740.0,1753.0,"1,753.00",0.0,0.0,"1,760.09","26,786.00","1,765.00","47,145,679.40",352,-12.00,30.00,-0.68,1.72,-0.4,"2,420.00",797.00,,
2021/07/22,31,DDBL,66.09,1755.0,1764.0,1742.0,1756.0,"1,756.00",0.0,0.0,"1,755.18","16,107.00","1,753.00","28,270,604.70",316,3.0,22.00,0.17,1.26,0.05,"2,420.00",797.00,,
2021/07/25,31,DDBL,62.79,1788.0,1788.0,1755.0,1773.0,"1,773.00",0.0,0.0,"1,764.68","23,910.00","1,756.00","42,193,441.30",411,17.0,33.00,0.97,1.88,0.47,"2,420.00",797.00,,
2021/07/26,32,DDBL,62.97,1775.0,1800.0,1772.0,1789.0,"1,789.00",0.0,0.0,"1,786.00","26,233.00","1,773.00","46,852,161.70",477,16.0,28.00,0.9,1.58,0.17,"2,420.00",797.00,,
2021/07/27,31,DDBL,61.29,1753.3,1770.0,1719.0,1748.0,"1,748.00",0.0,0.0,"1,743.98","62,919.00","1,789.00","109,729,725.80",999,-41.0,51.00,-2.29,2.97,0.23,"2,420.00",797.00,,
2021/07/28,32,DDBL,60.26,1760.0,1790.0,1751.0,1766.0,"1,766.00",0.0,0.0,"1,771.72","28,972.00","1,748.00","51,330,159.40",488,18.0,39.00,1.03,2.23,-0.32,"2,420.00",797.00,,
2021/07/29,31,DDBL,58.13,1775.0,1800.0,1766.0,1776.0,"1,776.00",0.0,0.0,"1,778.67","19,900.00","1,766.00","35,395,513.50",358,10.0,34.0,0.57,1.93,-0.15,"2,420.00",797.00,,
2021/08/01,33,DDBL,69.65,1811.5,1920.0,1811.5,1855.0,"1,855.00",0.0,0.0,"1,859.70","115,089.00","1,776.00","214,031,496.10","1,818",79.0,108.50,4.45,5.99,-0.25,"2,420.00",797.00,,
2021/08/02,31,DDBL,69.18,1892.0,1902.0,1855.0,1900.0,"1,900.00",0.0,0.0,"1,878.34","65,866.00","1,855.00","123,718,480.80",984,45.0,47.0,2.43,2.53,1.14,"2,420.00",797.00,,
2021/08/03,32,DDBL,73.76,1920.0,1981.0,1910.0,1965.0,"1,965.00",0.0,0.0,"1,951.56","94,511.00","1,900.00","184,443,935.70","1,380",65.0,71.0,3.42,3.72,0.68,"2,420.00",797.00,,
2021/08/04,32,DDBL,68.29,2000.0,2000.0,1887.5,1890.0,"1,890.00",0.0,0.0,"1,918.66","80,150.00","1,965.00","153,780,874.70","1,553",-75.0,112.5,-3.82,5.96,-1.52,"2,420.00",797.00,,
2021/08/05,32,DDBL,58.8,1852.2,1920.0,1852.2,1880.0,"1,880.00",0.0,0.0,"1,876.04","45,849.00","1,890.00","86,014,406.00",757,-10.0,67.8,-0.53,3.66,0.21,"2,420.00",797.00,,
2021/06/21,43,DDBL,37.56,855.0,861.0,850.0,858.0,858.00,0.0,0.0,854.19,"9,779.00",852.00,"8,353,168.60",71,6.0,11.0,0.7,1.29,0.44,"1,010.00",759.00,835.13,827.49
2021/06/22,31,DDBL,54.03,1680.0,1700.0,1645.0,1685.0,"1,685.00",0.0,0.0,"1,679.77","20,879.00","1,665.00","35,071,966.00",392,20.0,55.0,1.2,3.34,0.31,"2,420.00",723.00,,
2021/06/23,31,DDBL,50.14,1601.0,1697.0,1601.0,1649.0,"1,649.00",0.0,0.0,"1,662.77","17,536.00","1,685.00","29,158,295.00",386,-36.0,96.00,-2.14,6.0,-0.83,"2,420.00",723.00,,
2021/06/24,32,DDBL,48.47,1598.0,1665.0,1598.0,1631.0,"1,631.00",0.0,0.0,"1,636.80","26,358.00","1,649.00","43,142,812.00",366,-18.00,67.0,-1.09,4.19,-0.36,"2,420.00",723.00,,
2021/06/27,32,DDBL,48.72,1633.0,1658.0,1625.0,1636.0,"1,636.00",0.0,0.0,"1,635.52","9,366.00","1,631.00","15,318,323.00",241,5.0,33.0,0.31,2.03,0.03,"2,420.00",723.00,,
2021/06/28,30,DDBL,54.46,1555.0,1675.0,1555.0,1668.0,"1,668.00",0.0,0.0,"1,665.73","26,541.00","1,636.00","44,210,168.00",365,32.0,120.0,1.96,7.72,0.14,"2,420.00",723.00,,
2021/06/29,31,DDBL,62.88,1700.0,1701.0,1655.0,1669.0,"1,669.00",0.0,0.0,"1,684.29","19,930.00","1,668.00","33,567,879.00",336,1.0,46.0,0.06,2.78,-0.92,"2,420.00",723.00,,
2021/06/30,30,DDBL,57.17,1675.0,1675.0,1635.0,1653.0,"1,653.00",0.0,0.0,"1,648.90","6,578.00","1,669.00","10,846,495.00",162,-16.0,40.0,-0.96,2.45,0.25,"2,420.00",735.00,,
2021/07/01,30,DDBL,56.13,1660.0,1660.0,1630.0,1640.0,"1,640.00",0.0,0.0,"1,645.06","12,361.00","1,653.00","20,334,625.00",241,-13.0,30.0,-0.79,1.84,-0.31,"2,420.00",770.00,,
2021/07/04,31,DDBL,47.44,1722.0,1722.0,1625.0,1633.0,"1,633.00",0.0,0.0,"1,637.31","7,305.00","1,640.00","11,960,560.00",157,-7.0,97.0,-0.43,5.97,-0.26,"2,420.00",770.00,,
2021/07/05,30,DDBL,46.62,1714.0,1714.0,1621.0,1625.0,"1,625.00",0.0,0.0,"1,631.51","8,771.00","1,633.00","14,310,004.00",192,-8.0,93.00,-0.49,5.74,-0.4,"2,420.00",770.00,,
2021/07/06,30,DDBL,49.24,1633.0,1635.0,1620.0,1628.0,"1,628.00",0.0,0.0,"1,626.85","9,128.00","1,625.00","14,849,928.00",139,3.00,15.00,0.18,0.93,0.07,"2,420.00",770.00,,
2021/07/07,31,DDBL,55.31,1638.0,1648.0,1625.0,1630.0,"1,630.00",0.0,0.0,"1,634.99","17,602.00","1,628.00","28,779,150.00",195,2.0,23.00,0.12,1.42,-0.31,"2,420.00",797.00,,
2021/07/08,33,DDBL,60.20,1630.0,1648.0,1630.0,1636.0,"1,636.00",0.0,0.0,"1,638.28","15,847.00","1,630.00","25,961,783.00",207,6.00,18.0,0.37,1.1,-0.14,"2,420.00",797.00,,
2021/07/11,31,DDBL,67.84,1656.0,1699.0,1621.0,1699.0,"1,699.00",0.0,0.0,"1,645.90","60,809.00","1,636.00","100,085,245.00",578,63.0,78.0,3.85,4.81,3.13,"2,420.00",797.00,,
2021/07/12,32,DDBL,66.94,1725.0,1745.0,1680.0,1689.0,"1,689.00",0.0,0.0,"1,713.84","46,310.00","1,699.00","79,367,954.00",949,-10.0,65.0,-0.59,3.87,-1.47,"2,420.00",797.00,,
2021/05/27,30,DDBL,57.75,1715.0,1780.0,1681.0,1740.0,"1,740.00",0.0,0.0,"1,742.98","78,834.00","1,805.00","137,405,859.00","1,598",-65.00,99.00,-3.6,5.89,-0.17,"2,420.00",723.00,,
2021/05/30,30,DDBL,56.48,1740.0,1769.0,1710.0,1718.0,"1,718.00",0.0,0.0,"1,731.84","32,809.00","1,740.00","56,820,011.00",702,-22.0,59.00,-1.26,3.45,-0.81,"2,420.00",723.00,,
2021/05/31,30,DDBL,51.79,1740.0,1759.0,1719.0,1732.0,"1,732.00",0.0,0.0,"1,742.39","20,446.00","1,718.00","35,624,918.00",423,14.00,40.00,0.81,2.33,-0.6,"2,420.00",723.00,,
2021/06/01,30,DDBL,50.14,1750.0,1750.0,1706.0,1724.0,"1,724.00",0.0,0.0,"1,727.13","14,603.00","1,732.00","25,221,275.00",322,-8.0,44.0,-0.46,2.58,-0.18,"2,420.00",723.00,,
2021/06/02,30,DDBL,62.19,1723.0,1739.0,1715.0,1730.0,"1,730.00",0.0,0.0,"1,732.04","16,569.00","1,724.00","28,698,205.00",277,6.00,24.00,0.35,1.4,-0.12,"2,420.00",723.00,,
2021/06/03,29,DDBL,70.27,1730.0,1767.0,1730.0,1739.0,"1,739.00",0.0,0.0,"1,750.32","22,341.00","1,730.00","39,104,000.00",393,9.0,37.00,0.52,2.14,-0.65,"2,420.00",723.00,,
2021/06/06,31,DDBL,66.60,1755.0,1760.0,1728.0,1733.0,"1,733.00",0.0,0.0,"1,741.00","20,095.00","1,739.00","34,985,336.00",392,-6.0,32.00,-0.35,1.85,-0.46,"2,420.00",723.00,,
2021/06/07,30,DDBL,63.84,1758.0,1758.0,1726.0,1727.0,"1,727.00",0.0,0.0,"1,731.38","15,213.00","1,733.00","26,339,476.00",308,-6.0,32.0,-0.35,1.85,-0.25,"2,420.00",723.00,,
2021/06/08,31,DDBL,64.13,1750.0,1750.0,1715.0,1724.0,"1,724.00",0.0,0.0,"1,722.76","25,908.00","1,727.00","44,633,220.00",469,-3.0,35.0,-0.17,2.04,0.07,"2,420.00",723.00,,
2021/06/09,31,DDBL,61.02,1730.0,1749.0,1720.0,1722.0,"1,722.00",0.0,0.0,"1,729.65","24,119.00","1,724.00","41,717,354.00",406,-2.0,29.0,-0.12,1.69,-0.44,"2,420.00",723.00,,
2021/06/10,31,DDBL,63.19,1730.0,1740.0,1718.0,1719.0,"1,719.00",0.0,0.0,"1,721.77","21,685.00","1,722.00","37,336,676.00",353,-3.0,22.0,-0.17,1.28,-0.16,"2,420.00",723.00,,
2021/06/13,31,DDBL,68.87,1680.0,1745.0,1680.0,1719.0,"1,719.00",0.0,0.0,"1,720.28","37,248.00","1,719.00","64,077,154.00",551,0.0,65.0,0.0,3.87,-0.07,"2,420.00",723.00,,
2021/06/14,31,DDBL,68.05,1680.0,1764.0,1680.0,1710.0,"1,710.00",0.0,0.0,"1,713.06","40,177.00","1,719.00","68,825,631.00",638,-9.0,84.00,-0.52,5.0,-0.18,"2,420.00",723.00,,
2021/06/15,31,DDBL,65.01,1712.0,1719.0,1700.0,1701.0,"1,701.00",0.0,0.0,"1,704.20","32,815.00","1,710.00","55,923,374.00",632,-9.0,19.0,-0.53,1.12,-0.19,"2,420.00",723.00,,
2021/06/16,32,DDBL,73.61,1702.0,1809.0,1700.0,1743.0,"1,743.00",0.0,0.0,"1,760.67","56,627.00","1,701.00","99,701,494.00",885,42.0,109.00,2.47,6.41,-1.01,"2,420.00",723.00,,
2021/06/17,32,DDBL,63.92,1761.0,1780.0,1722.0,1723.0,"1,723.00",0.0,0.0,"1,738.41","17,751.00","1,743.00","30,858,577.00",344,-20.0,58.0,-1.15,3.37,-0.89,"2,420.00",723.00,,
2021/05/03,30,DDBL,60.53,1815.0,1845.0,1786.0,1798.0,"1,798.00",0.0,0.0,"1,816.81","31,794.00","1,796.00","57,763,725.00",560,2.0,59.0,0.11,3.3,-1.05,"2,420.00",723.00,,
2021/05/04,30,DDBL,68.77,1798.0,1835.0,1780.0,1822.0,"1,822.00",0.0,0.0,"1,819.75","37,403.00","1,798.00","68,064,245.00",567,24.0,55.0,1.33,3.09,0.12,"2,420.00",723.00,,
2021/05/05,30,DDBL,64.4,1831.0,1841.0,1811.0,1824.0,"1,824.00",0.0,0.0,"1,825.44","26,322.00","1,822.00","48,049,155.00",415,2.0,30.0,0.11,1.66,-0.08,"2,420.00",723.00,,
2021/05/06,30,DDBL,54.12,1824.0,1824.0,1790.0,1796.0,"1,796.00",0.0,0.0,"1,802.52","34,208.00","1,824.00","61,660,462.00",509,-28.0,34.00,-1.54,1.9,-0.36,"2,420.00",723.00,,
2021/05/09,31,DDBL,47.0,1780.0,1796.0,1745.0,1768.0,"1,768.00",0.0,0.0,"1,775.75","15,755.00","1,796.00","27,976,998.00",308,-28.0,51.0,-1.56,2.92,-0.44,"2,420.00",723.00,,
2021/05/10,30,DDBL,51.61,1790.0,1807.0,1770.0,1789.0,"1,789.00",0.0,0.0,"1,793.94","33,658.00","1,768.00","60,380,589.00",572,21.00,37.00,1.19,2.09,-0.28,"2,420.00",723.00,,
2021/05/11,30,DDBL,56.2,1790.0,1820.0,1790.0,1799.0,"1,799.00",0.0,0.0,"1,801.05","25,270.00","1,789.00","45,512,455.00",347,10.0,30.00,0.56,1.68,-0.11,"2,420.00",723.00,,
2021/05/12,30,DDBL,63.4,1807.0,1807.0,1785.0,1799.0,"1,799.00",0.0,0.0,"1,797.16","21,511.00","1,799.00","38,658,760.00",296,0.00,22.00,0.0,1.23,0.1,"2,420.00",723.00,,
2021/05/13,30,DDBL,65.22,1850.0,1850.0,1788.0,1789.0,"1,789.00",0.0,0.0,"1,794.25","15,815.00","1,799.00","28,376,128.00",282,-10.0,62.00,-0.56,3.47,-0.29,"2,420.00",723.00,,
2021/05/16,30,DDBL,69.29,1824.0,1830.0,1801.0,1823.0,"1,823.00",0.0,0.0,"1,819.03","32,118.00","1,789.00","58,423,584.00",440,34.0,29.00,1.9,1.61,0.22,"2,420.00",723.00,,
2021/05/17,30,DDBL,68.72,1900.0,1900.0,1823.0,1825.0,"1,825.00",0.0,0.0,"1,834.66","25,653.00","1,823.00","47,064,534.00",432,2.0,77.0,0.11,4.22,-0.53,"2,420.00",723.00,,
2021/05/18,30,DDBL,69.2,1835.0,1840.0,1820.0,1830.0,"1,830.00",0.0,0.0,"1,827.01","24,373.00","1,825.00","44,529,689.00",402,5.0,20.0,0.27,1.1,0.16,"2,420.00",723.00,,
2021/05/19,30,DDBL,66.26,1800.0,1872.0,1800.0,1824.0,"1,824.00",0.0,0.0,"1,836.82","30,577.00","1,830.00","56,164,419.00",537,-6.0,72.0,-0.33,4.0,-0.7,"2,420.00",723.00,,
2021/05/20,30,DDBL,51.01,1815.0,1830.0,1808.0,1808.0,"1,808.00",0.0,0.0,"1,814.26","16,614.00","1,824.00","30,142,040.00",326,-16.0,22.0,-0.88,1.22,-0.35,"2,420.00",723.00,,
2021/05/23,30,DDBL,57.07,1798.0,1816.0,1776.0,1803.0,"1,803.00",0.0,0.0,"1,800.42","29,230.00","1,808.00","52,626,230.00",485,-5.0,40.0,-0.28,2.25,0.14,"2,420.00",723.00,,
2021/05/24,30,DDBL,55.33,1806.0,1827.0,1800.0,1803.0,"1,803.00",0.0,0.0,"1,805.64","23,276.00","1,803.00","42,028,091.00",345,0.0,27.00,0.0,1.5,-0.15,"2,420.00",723.00,,
2021/04/06,28,DDBL,63.45,1763.0,1765.0,1736.0,1760.0,"1,760.00",0.0,0.0,"1,753.37","21,295.00","1,755.00","37,338,047.00",245,5.00,29.0,0.28,1.67,0.38,"2,420.00",723.00,,
2021/04/07,28,DDBL,71.64,1790.0,1809.0,1760.0,1789.0,"1,789.00",0.0,0.0,"1,786.55","55,781.00","1,760.00","99,655,648.00",577,29.0,49.0,1.65,2.78,0.14,"2,420.00",723.00,,
2021/04/08,28,DDBL,70.52,1800.0,1810.0,1782.0,1795.0,"1,795.00",0.0,0.0,"1,796.70","45,557.00","1,789.00","81,852,070.00",542,6.0,28.0,0.34,1.57,-0.09,"2,420.00",723.00,,
2021/04/12,28,DDBL,72.41,1850.0,1875.0,1800.0,1859.0,"1,859.00",0.0,0.0,"1,851.47","67,224.00","1,795.00","124,463,241.00","1,013",64.0,75.0,3.57,4.17,0.41,"2,420.00",723.00,,
2021/04/13,28,DDBL,70.24,1900.0,1900.0,1841.0,1846.0,"1,846.00",0.0,0.0,"1,861.23","46,952.00","1,859.00","87,388,540.00",667,-13.0,59.0,-0.7,3.2,-0.83,"2,420.00",723.00,,
2021/04/15,30,DDBL,67.57,1852.0,1879.0,1828.0,1828.0,"1,828.00",0.0,0.0,"1,843.29","21,827.00","1,846.00","40,233,507.00",429,-18.0,51.0,-0.98,2.79,-0.84,"2,420.00",723.00,,
2021/04/18,28,DDBL,66.07,1840.0,1840.0,1801.0,1802.0,"1,802.00",0.0,0.0,"1,814.31","24,840.00","1,828.00","45,067,487.00",404,-26.0,39.0,-1.42,2.17,-0.68,"2,420.00",723.00,,
2021/04/19,28,DDBL,47.09,1802.0,1825.0,1766.0,1788.0,"1,788.00",0.0,0.0,"1,796.12","20,866.00","1,802.00","37,477,936.00",335,-14.0,59.0,-0.78,3.34,-0.45,"2,420.00",723.00,,
2021/04/20,29,DDBL,52.25,1760.0,1815.0,1760.0,1782.0,"1,782.00",0.0,0.0,"1,789.70","17,812.00","1,788.00","31,878,088.00",326,-6.00,55.0,-0.34,3.13,-0.43,"2,420.00",723.00,,
2021/04/21,28,DDBL,52.5,1800.0,1800.0,1755.0,1756.0,"1,756.00",0.0,0.0,"1,770.83","13,024.00","1,782.00","23,063,292.00",284,-26.00,45.0,-1.46,2.56,-0.84,"2,420.00",723.00,,
2021/04/22,29,DDBL,58.67,1800.0,1800.0,1730.0,1763.0,"1,763.00",0.0,0.0,"1,760.03","19,700.00","1,756.00","34,672,584.00",359,7.0,70.0,0.4,4.05,0.17,"2,420.00",723.00,,
2021/04/25,29,DDBL,47.89,1750.0,1764.0,1701.0,1726.0,"1,726.00",0.0,0.0,"1,726.27","27,833.00","1,763.00","48,047,171.00",575,-37.0,63.0,-2.1,3.7,-0.02,"2,420.00",723.00,,
2021/04/26,29,DDBL,46.33,1812.0,1812.0,1673.0,1683.0,"1,683.00",0.0,0.0,"1,696.42","42,425.00","1,726.00","71,970,795.00",644,-43.0,139.0,-2.49,8.31,-0.8,"2,420.00",723.00,,
2021/04/27,29,DDBL,56.7,1683.0,1770.0,1680.0,1764.0,"1,764.00",0.0,0.0,"1,733.29","29,171.00","1,683.00","50,561,681.00",521,81.0,90.0,4.81,5.36,1.74,"2,420.00",723.00,,
2021/04/28,30,DDBL,43.74,1777.0,1790.0,1740.0,1748.0,"1,748.00",0.0,0.0,"1,761.45","18,047.00","1,764.00","31,788,956.00",237,-16.00,50.0,-0.91,2.87,-0.77,"2,420.00",723.00,,
2021/04/29,30,DDBL,61.58,1740.0,1769.0,1736.0,1752.0,"1,752.00",0.0,0.0,"1,751.04","8,969.00","1,748.00","15,705,101.00",187,4.0,33.0,0.23,1.9,0.05,"2,420.00",723.00,,
2021/03/14,28,DDBL,50.9,1880.0,1900.0,1777.0,1825.0,"1,825.00",0.0,0.0,"1,835.10","33,642.00","1,875.00","61,736,565.00",514,-50.0,123.0,-2.67,6.92,-0.55,"2,420.00",723.00,,
2021/03/15,28,DDBL,44.63,1825.0,1850.0,1765.0,1812.0,"1,812.00",0.0,0.0,"1,822.44","27,577.00","1,825.00","50,257,365.00",336,-13.0,85.00,-0.71,4.82,-0.58,"2,420.00",723.00,,
2021/03/16,28,DDBL,42.15,1845.0,1845.0,1800.0,1815.0,"1,815.00",0.0,0.0,"1,815.32","19,112.00","1,812.00","34,694,369.00",316,3.00,45.00,0.17,2.5,-0.02,"2,420.00",723.00,,
2021/03/17,28,DDBL,52.86,1895.0,1895.0,1815.0,1870.0,"1,870.00",0.0,0.0,"1,842.18","19,090.00","1,815.00","35,167,131.00",308,55.0,80.0,3.03,4.41,1.49,"2,420.00",723.00,,
2021/03/18,28,DDBL,58.19,1880.0,1920.0,1860.0,1914.0,"1,914.00",0.0,0.0,"1,901.00","20,544.00","1,870.00","39,054,045.00",375,44.0,60.0,2.35,3.23,0.68,"2,420.00",723.00,,
2021/03/21,28,DDBL,65.06,1952.0,2032.0,1926.0,1999.0,"1,999.00",0.0,0.0,"1,988.05","61,158.00","1,914.00","121,585,400.00",920,85.00,106.00,4.44,5.5,0.55,"2,420.00",723.00,,
2021/03/22,29,DDBL,65.77,2050.0,2050.0,1976.0,1978.0,"1,978.00",0.0,0.0,"2,001.95","126,902.00","1,999.00","254,050,882.00","1,963",-21.0,74.0,-1.05,3.74,-1.21,"2,420.00",723.00,,
2021/03/23,28,DDBL,50.05,1806.0,1806.0,1700.0,1737.0,"1,737.00",0.0,0.0,"1,738.82","41,435.00","1,720.00","72,047,987.00",799,17.00,106.00,0.99,6.24,-0.1,"2,420.00",723.00,,
2021/03/24,28,DDBL,48.06,1750.0,1760.0,1726.0,1742.0,"1,742.00",0.0,0.0,"1,740.37","26,672.00","1,737.00","46,419,144.00",398,5.00,34.00,0.29,1.97,0.09,"2,420.00",723.00,,
2021/03/25,29,DDBL,45.53,1750.0,1769.0,1710.0,1710.0,"1,710.00",0.0,0.0,"1,730.75","21,516.00","1,742.00","37,238,730.00",450,-32.0,59.00,-1.84,3.45,-1.21,"2,420.00",723.00,,
2021/03/29,29,DDBL,47.33,1715.0,1730.0,1690.0,1698.0,"1,698.00",0.0,0.0,"1,708.27","27,641.00","1,710.00","47,218,389.00",406,-12.0,40.00,-0.7,2.37,-0.61,"2,420.00",723.00,,
2021/03/30,30,DDBL,62.82,1705.0,1765.0,1700.0,1753.0,"1,753.00",0.0,0.0,"1,732.77","29,390.00","1,698.00","50,925,995.00",447,55.0,65.0,3.24,3.82,1.15,"2,420.00",723.00,,
2021/03/31,29,DDBL,68.04,1775.0,1799.0,1754.0,1755.0,"1,755.00",0.0,0.0,"1,774.72","39,443.00","1,753.00","70,000,421.00",547,2.0,45.0,0.11,2.57,-1.12,"2,420.00",723.00,,
2021/04/01,29,DDBL,62.56,1755.0,1775.0,1733.0,1733.0,"1,733.00",0.0,0.0,"1,744.27","18,694.00","1,755.00","32,607,293.00",368,-22.00,42.00,-1.25,2.42,-0.65,"2,420.00",723.00,,
2021/04/03,43,DDBL,37.56,855.0,861.0,850.0,858.0,858.00,0.0,0.0,854.19,"9,779.00",852.00,"8,353,168.60",71,6.0,11.0,0.7,1.29,0.44,"1,010.00",759.00,835.13,827.49
2021/04/04,28,DDBL,71.07,1760.0,1770.0,1720.0,1740.0,"1,740.00",0.0,0.0,"1,726.93","103,318.00","1,733.00","178,422,534.00",500,7.0,50.00,0.4,2.91,0.75,"2,420.00",723.00,,
2021/02/15,28,DDBL,61.91,2027.0,2124.0,1980.0,2124.0,"2,124.00",0.0,0.0,"2,029.75","233,744.00","1,931.00","474,441,754.00","1,074",193.0,144.0,9.99,7.27,4.44,"2,420.00",723.00,,
2021/02/16,28,DDBL,53.89,2230.0,2230.0,2032.0,2062.0,"2,062.00",0.0,0.0,"2,067.92","73,841.00","2,124.00","152,697,306.00",971,-62.0,198.0,-2.92,9.74,-0.29,"2,420.00",723.00,,
2021/02/17,28,DDBL,59.46,2165.0,2165.0,1999.0,2030.0,"2,030.00",0.0,0.0,"2,034.14","40,204.00","2,062.00","81,780,533.00",538,-32.0,166.0,-1.55,8.3,-0.2,"2,420.00",723.00,,
2021/02/18,28,DDBL,59.73,2030.0,2037.0,1995.0,2015.0,"2,015.00",0.0,0.0,"2,012.46","36,120.00","2,030.00","72,689,975.00",488,-15.0,42.0,-0.74,2.11,0.13,"2,420.00",723.00,,
2021/02/21,43,DDBL,37.56,855.0,861.0,850.0,858.0,858.00,0.0,0.0,854.19,"9,779.00",852.00,"8,353,168.60",71,6.0,11.0,0.7,1.29,0.44,"1,010.00",759.00,835.13,827.49
2021/02/22,28,DDBL,51.18,1950.0,2018.0,1950.0,1968.0,"1,968.00",0.0,0.0,"1,977.51","33,978.00","1,992.00","67,191,983.00",525,-24.0,68.0,-1.2,3.49,-0.48,"2,420.00",723.00,,
2021/02/23,28,DDBL,53.08,1970.0,1970.0,1892.0,1950.0,"1,950.00",0.0,0.0,"1,923.48","58,874.00","1,968.00","113,242,694.00",889,-18.00,78.0,-0.91,4.12,1.36,"2,420.00",723.00,,
2021/02/24,28,DDBL,49.77,2047.0,2047.0,1941.0,1960.0,"1,960.00",0.0,0.0,"1,974.97","27,467.00","1,950.00","54,246,514.00",428,10.0,106.0,0.51,5.46,-0.76,"2,420.00",723.00,,
2021/02/25,29,DDBL,43.07,1975.0,1980.0,1932.0,1938.0,"1,938.00",0.0,0.0,"1,961.95","59,320.00","1,960.00","116,382,947.00",426,-22.0,48.0,-1.12,2.48,-1.24,"2,420.00",723.00,,
2021/02/28,28,DDBL,44.5,1938.0,1940.0,1874.0,1876.0,"1,876.00",0.0,0.0,"1,893.49","44,810.00","1,938.00","84,847,228.00",778,-62.0,66.0,-3.2,3.52,-0.93,"2,420.00",723.00,,
2021/03/01,28,DDBL,44.69,1880.0,1932.0,1814.0,1906.0,"1,906.00",0.0,0.0,"1,893.83","32,253.00","1,876.00","61,081,826.00",582,30.0,118.0,1.6,6.5,0.64,"2,420.00",723.00,,
2021/03/02,28,DDBL,44.18,1930.0,1940.0,1826.0,1850.0,"1,850.00",0.0,0.0,"1,863.46","42,946.00","1,906.00","80,028,172.00",722,-56.0,114.0,-2.94,6.24,-0.73,"2,420.00",723.00,,
2021/03/03,28,DDBL,42.11,1855.0,1855.0,1792.0,1807.0,"1,807.00",0.0,0.0,"1,813.39","53,158.00","1,850.00","96,396,257.00",762,-43.0,63.00,-2.32,3.52,-0.35,"2,420.00",723.00,,
2021/03/04,29,DDBL,60.6,1835.0,1932.0,1832.0,1902.0,"1,902.00",0.0,0.0,"1,878.25","37,008.00","1,807.00","69,510,173.00",550,95.0,100.0,5.26,5.46,1.25,"2,420.00",723.00,,
2021/03/07,29,DDBL,53.36,1950.0,1950.0,1890.0,1903.0,"1,903.00",0.0,0.0,"1,914.78","30,371.00","1,902.00","58,153,760.00",446,1.00,60.0,0.05,3.17,-0.62,"2,420.00",723.00,,
2021/03/09,28,DDBL,55.21,1923.0,1925.0,1885.0,1895.0,"1,895.00",0.0,0.0,"1,899.76","22,894.00","1,903.00","43,493,121.00",342,-8.0,40.0,-0.42,2.12,-0.25,"2,420.00",723.00,,
2021/01/21,29,DDBL,70.02,1689.0,1750.0,1689.0,1750.0,"1,750.00",0.0,0.0,"1,727.14","51,393.00","1,659.00","88,762,897.00",593,91.0,61.00,5.49,3.61,1.31,"1,750.00",723.00,,
2021/01/24,28,DDBL,68.59,1800.0,1903.0,1800.0,1898.0,"1,898.00",0.0,0.0,"1,868.86","63,501.00","1,750.00","118,674,338.00",753,148.0,103.0,8.46,5.72,1.54,"1,903.00",723.00,,
2021/01/25,29,DDBL,65.82,1925.0,1925.0,1860.0,1870.0,"1,870.00",0.0,0.0,"1,880.50","55,036.00","1,898.00","103,495,013.00",607,-28.00,65.00,-1.48,3.49,-0.56,"1,925.00",723.00,,
2021/01/26,29,DDBL,62.82,1870.0,1870.0,1800.0,1828.0,"1,828.00",0.0,0.0,"1,847.45","42,882.00","1,870.00","79,222,352.00",513,-42.0,70.00,-2.25,3.89,-1.06,"1,925.00",723.00,,
2021/01/27,28,DDBL,60.21,1840.0,1889.0,1830.0,1889.0,"1,889.00",0.0,0.0,"1,863.88","29,954.00","1,828.00","55,830,539.00",421,61.0,59.0,3.34,3.22,1.33,"1,925.00",723.00,,
2021/01/28,28,DDBL,60.24,1901.0,1958.0,1900.0,1915.0,"1,915.00",0.0,0.0,"1,937.29","60,010.00","1,889.00","116,256,797.00",706,26.0,58.00,1.38,3.05,-1.16,"1,958.00",723.00,,
2021/01/31,28,DDBL,58.72,1915.0,1920.0,1831.0,1852.0,"1,852.00",0.0,0.0,"1,862.11","64,811.00","1,915.00","120,685,419.00",900,-63.0,89.0,-3.29,4.86,-0.55,"1,958.00",723.00,,
2021/02/01,27,DDBL,58.65,1880.0,1915.0,1813.0,1829.0,"1,829.00",0.0,0.0,"1,841.52","51,930.00","1,852.00","95,630,001.00",617,-23.00,102.0,-1.24,5.63,-0.68,"1,958.00",723.00,,
2021/02/02,28,DDBL,57.92,1835.0,1901.0,1835.0,1880.0,"1,880.00",0.0,0.0,"1,870.72","49,433.00","1,829.00","92,475,473.00",527,51.0,66.0,2.79,3.6,0.49,"1,958.00",723.00,,
2021/02/03,27,DDBL,59.4,1950.0,1965.0,1892.0,1910.0,"1,910.00",0.0,0.0,"1,926.47","70,058.00","1,880.00","134,964,391.00",911,30.0,73.0,1.6,3.86,-0.86,"1,965.00",723.00,,
2021/02/04,27,DDBL,64.12,1940.0,2009.0,1892.0,2000.0,"2,000.00",0.0,0.0,"1,971.74","122,043.00","1,910.00","240,637,621.00","1,152",90.0,117.0,4.71,6.18,1.41,"2,009.00",723.00,,
2021/02/07,28,DDBL,66.57,2095.0,2200.0,2040.0,2200.0,"2,200.00",0.0,0.0,"2,184.58","119,268.00","2,000.00","260,550,277.00","1,071",200.0,160.0,10.0,7.84,0.7,"2,200.00",723.00,,
2021/02/08,28,DDBL,67.73,2310.0,2420.0,2250.0,2319.0,"2,319.00",0.0,0.0,"2,348.02","141,068.00","2,200.00","331,229,927.00","1,931",119.0,170.0,5.41,7.56,-1.25,"2,420.00",723.00,,
2021/02/09,28,DDBL,68.03,2325.0,2350.0,2220.0,2248.0,"2,248.00",0.0,0.0,"2,254.73","114,220.00","2,319.00","257,535,757.00","1,547",-71.0,130.0,-3.06,5.86,-0.3,"2,420.00",723.00,,
2021/02/10,28,DDBL,64.64,2300.0,2300.0,2170.0,2192.0,"2,192.00",0.0,0.0,"2,222.85","111,298.00","2,248.00","247,398,392.00","1,635",-56.0,130.0,-2.49,5.99,-1.41,"2,420.00",723.00,,
2021/02/11,28,DDBL,59.79,2150.0,2150.0,1973.0,1973.0,"1,973.00",0.0,0.0,"2,020.23","280,329.00","2,192.00","566,329,818.00","4,729",-219.0,177.0,-9.99,8.97,-2.39,"2,420.00",723.00,,
2021/03/10,29,DDBL,53.82,1988.0,1988.0,1860.0,1875.0,"1,875.00",0.0,0.0,"1,881.95","10,677.00","1,895.00","20,093,540.00",205,-20.0,128.00,-1.06,6.88,-0.37,"2,420.00",723.00,,
2021/04/05,28,DDBL,64.45,1827.0,1827.0,1730.0,1755.0,"1,755.00",0.0,0.0,"1,760.81","43,661.00","1,740.00","76,878,856.00",438,15.0,97.00,0.86,5.61,-0.33,"2,420.00",723.00,,
2021/05/02,31,DDBL,63.32,1839.0,1839.0,1758.0,1796.0,"1,796.00",0.0,0.0,"1,788.19","20,051.00","1,752.00","35,855,093.00",363,44.0,81.0,2.51,4.61,0.43,"2,420.00",723.00,,
2021/05/25,30,DDBL,54.43,1801.0,1810.0,1793.0,1805.0,"1,805.00",0.0,0.0,"1,801.50","16,722.00","1,803.00","30,124,717.00",293,2.00,17.00,0.11,0.95,0.19,"2,420.00",723.00,,
2021/06/20,32,DDBL,61.28,1735.0,1749.0,1690.0,1700.0,"1,700.00",0.0,0.0,"1,702.97","24,422.00","1,723.00","41,589,958.00",469,-23.0,59.00,-1.33,3.49,-0.17,"2,420.00",723.00,,
2021/07/13,31,DDBL,67.04,1680.0,1712.0,1640.0,1691.0,"1,691.00",0.0,0.0,"1,666.09","38,007.00","1,689.00","63,323,216.00",341,2.0,72.0,0.12,4.39,1.47,"2,420.00",797.00,,
2021/08/08,31,DDBL,54.81,1880.0,1885.0,1825.1,1850.0,"1,850.00",0.0,0.0,"1,846.14","39,890.00","1,880.00","73,642,670.40",708,-30.0,59.9,-1.6,3.28,0.21,"2,420.00",797.00,,
2021/09/05,31,DDBL,56.11,1820.0,1820.0,1700.0,1742.0,"1,742.00",0.0,0.0,"1,745.54","39,398.00","1,785.00","68,770,761.30",825,-43.0,120.0,-2.41,7.06,-0.2,"2,420.00",840.00,,
2021/09/28,30,DDBL,39.32,1388.0,1400.0,1280.0,1297.0,"1,297.00",0.0,0.0,"1,325.04","45,093.00","1,388.42","59,750,098.00",906,-91.42,120.0,-6.58,9.38,-2.16,"2,420.00",840.00,,
2021/10/27,31,DDBL,60.62,1309.0,1343.0,1300.0,1318.0,"1,318.00",0.0,0.0,"1,328.70","25,471.00","1,298.00","33,843,194.40",453,20.00,43.0,1.54,3.31,-0.81,"2,420.00",864.00,,
2021/11/24,30,DDBL,47.83,1260.0,1291.0,1250.0,1288.0,"1,288.00",0.0,0.0,"1,269.70","10,902.00","1,268.00","13,842,242.40",157,20.00,41.0,1.58,3.28,1.42,"2,420.00","1,080.00",,
2021/12/20,31,DDBL,44.74,1060.0,1089.9,1050.0,1069.0,"1,069.00",0.0,0.0,"1,073.26","4,222.00","1,080.00","4,531,320.30",128,-11.0,39.9,-1.02,3.8,-0.4,"2,420.00","1,019.00",,
2022/01/13,30,DDBL,60.02,1270.0,1337.0,1270.0,1334.0,"1,334.00",0.0,0.0,"1,301.91","29,513.00","1,271.00","38,423,320.80",343,63.0,67.0,4.96,5.28,2.41,"2,420.00","1,019.00",,
2022/02/08,32,DDBL,45.23,1290.4,1316.0,1259.0,1259.0,"1,259.00",0.0,0.0,"1,271.34","21,072.00","1,265.10","26,789,651.00",291,-6.1,57.0,-0.48,4.53,-0.98,"2,420.00","1,019.00",,
2022/03/07,32,DDBL,39.14,1135.0,1140.0,1119.0,1120.0,"1,120.00",0.0,0.0,"1,123.39","6,201.00","1,121.00","6,966,127.50",127,-1.0,21.0,-0.09,1.88,-0.3,"2,050.00","1,019.00",,
2020/12/28,29,DDBL,44.77,1376.0,1415.0,1370.0,1380.0,"1,380.00",0.0,0.0,"1,390.29","22,475.00","1,393.00","31,246,660.00",264,-13.0,45.0,-0.93,3.28,-0.75,"1,529.00",723.00,,
2020/12/29,29,DDBL,47.82,1385.0,1395.0,1350.0,1350.0,"1,350.00",0.0,0.0,"1,365.78","33,279.00","1,380.00","45,451,718.00",302,-30.00,45.0,-2.17,3.33,-1.17,"1,529.00",723.00,,
2020/12/30,28,DDBL,48.09,1390.0,1425.0,1356.0,1410.0,"1,410.00",0.0,0.0,"1,383.68","36,958.00","1,350.00","51,137,918.00",383,60.0,69.00,4.44,5.09,1.87,"1,529.00",723.00,,
2020/12/31,27,DDBL,58.73,1480.0,1480.0,1390.0,1391.0,"1,391.00",0.0,0.0,"1,413.68","42,418.00","1,410.00","59,965,330.00",562,-19.0,90.0,-1.35,6.47,-1.63,"1,529.00",723.00,,
2021/01/03,28,DDBL,52.77,1395.0,1422.0,1395.0,1411.0,"1,411.00",0.0,0.0,"1,407.58","24,107.00","1,391.00","33,932,591.00",226,20.00,27.0,1.44,1.94,0.24,"1,529.00",723.00,,
2021/01/04,27,DDBL,60.56,1438.0,1439.0,1395.0,1410.0,"1,410.00",0.0,0.0,"1,417.83","20,050.00","1,411.00","28,427,584.00",216,-1.0,44.00,-0.07,3.15,-0.56,"1,529.00",723.00,,
2021/01/05,27,DDBL,48.68,1400.0,1426.0,1384.0,1414.0,"1,414.00",0.0,0.0,"1,412.15","8,674.00","1,410.00","12,249,006.00",117,4.0,42.0,0.28,3.03,0.13,"1,529.00",723.00,,
2021/01/06,27,DDBL,55.94,1434.0,1434.0,1410.0,1420.0,"1,420.00",0.0,0.0,"1,417.35","19,017.00","1,414.00","26,953,762.00",196,6.0,24.0,0.42,1.7,0.19,"1,529.00",723.00,,
2021/01/07,27,DDBL,60.59,1445.0,1473.0,1440.0,1458.0,"1,458.00",0.0,0.0,"1,463.79","41,416.00","1,420.00","60,624,127.00",442,38.0,33.0,2.68,2.29,-0.4,"1,529.00",723.00,,
2021/01/10,28,DDBL,62.37,1487.0,1515.0,1466.0,1472.0,"1,472.00",0.0,0.0,"1,472.70","27,171.00","1,458.00","40,014,863.00",337,14.0,49.0,0.96,3.34,-0.05,"1,529.00",723.00,,
2021/01/11,28,DDBL,62.66,1478.0,1479.0,1450.0,1468.0,"1,468.00",0.0,0.0,"1,461.39","20,163.00","1,472.00","29,466,000.00",237,-4.0,29.0,-0.27,2.0,0.45,"1,529.00",723.00,,
2021/01/12,28,DDBL,64.83,1541.0,1541.0,1450.0,1475.0,"1,475.00",0.0,0.0,"1,470.13","25,985.00","1,468.00","38,201,238.00",235,7.0,91.0,0.48,6.28,0.33,"1,541.00",723.00,,
2021/01/13,43,DDBL,37.56,855.0,861.0,850.0,858.0,858.00,0.0,0.0,854.19,"9,779.00",852.00,"8,353,168.60",71,6.0,11.0,0.7,1.29,0.44,"1,010.00",759.00,835.13,827.49
2021/01/17,27,DDBL,70.41,1500.0,1574.0,1490.0,1565.0,"1,565.00",0.0,0.0,"1,529.00","44,509.00","1,480.00","68,054,077.00",507,85.0,84.0,5.74,5.64,2.3,"1,574.00",723.00,,
2021/01/18,29,DDBL,67.42,1595.0,1680.0,1591.0,1680.0,"1,680.00",0.0,0.0,"1,644.71","50,622.00","1,565.00","83,258,342.00",613,115.0,89.0,7.35,5.59,2.1,"1,680.00",723.00,,
2021/01/19,28,DDBL,67.87,1713.0,1740.0,1620.0,1665.0,"1,665.00",0.0,0.0,"1,681.84","44,390.00","1,680.00","74,656,748.00",579,-15.0,120.0,-0.89,7.41,-1.01,"1,740.00",723.00,,
2020/12/04,43,DDBL,37.56,855.0,861.0,850.0,858.0,858.00,0.0,0.0,854.19,"9,779.00",852.00,"8,353,168.60",71,6.0,11.0,0.7,1.29,0.44,"1,010.00",759.00,835.13,827.49
2020/12/06,28,DDBL,57.42,1430.0,1430.0,1287.0,1287.0,"1,287.00",0.0,0.0,"1,361.31","66,930.00","1,430.00","91,112,478.00",712,-143.00,143.0,-10.0,11.11,-5.77,"1,474.00",723.00,,
2020/12/07,29,DDBL,65.21,1287.0,1377.0,1231.0,1369.0,"1,369.00",0.0,0.0,"1,321.00","95,755.00","1,287.00","126,492,818.00",845,82.0,146.00,6.37,11.86,3.51,"1,474.00",723.00,,
2020/12/08,28,DDBL,55.04,1396.0,1451.0,1376.0,1389.0,"1,389.00",0.0,0.0,"1,416.15","61,591.00","1,369.00","87,222,266.00",626,20.00,75.00,1.46,5.45,-1.95,"1,474.00",723.00,,
2020/12/09,27,DDBL,49.09,1410.0,1410.0,1335.0,1340.0,"1,340.00",0.0,0.0,"1,352.07","31,835.00","1,389.00","43,043,012.00",388,-49.0,75.0,-3.53,5.62,-0.9,"1,474.00",723.00,,
2020/12/10,27,DDBL,52.3,1330.0,1370.0,1299.0,1334.0,"1,334.00",0.0,0.0,"1,335.52","24,208.00","1,340.00","32,330,349.00",319,-6.0,71.0,-0.45,5.47,-0.11,"1,474.00",723.00,,
2020/12/13,28,DDBL,47.54,1349.0,1383.0,1349.0,1360.0,"1,360.00",0.0,0.0,"1,358.91","31,486.00","1,334.00","42,786,532.00",264,26.0,34.00,1.95,2.52,0.08,"1,474.00",723.00,,
2020/12/14,27,DDBL,57.53,1380.0,1445.0,1380.0,1444.0,"1,444.00",0.0,0.0,"1,421.13","51,614.00","1,360.00","73,350,381.00",554,84.00,65.0,6.18,4.71,1.58,"1,474.00",723.00,,
2020/12/15,26,DDBL,57.84,1472.0,1529.0,1452.0,1492.0,"1,492.00",0.0,0.0,"1,499.85","73,733.00","1,444.00","110,588,318.00",686,48.0,77.0,3.32,5.3,-0.53,"1,529.00",723.00,,
2020/12/16,26,DDBL,56.21,1500.0,1500.0,1450.0,1483.0,"1,483.00",0.0,0.0,"1,483.09","54,079.00","1,492.00","80,203,840.00",355,-9.0,50.0,-0.6,3.45,-0.01,"1,529.00",723.00,,
2020/12/17,27,DDBL,54.6,1499.0,1510.0,1440.0,1468.0,"1,468.00",0.0,0.0,"1,466.54","41,755.00","1,483.00","61,235,216.00",406,-15.0,70.0,-1.01,4.86,0.1,"1,529.00",723.00,,
2020/12/20,27,DDBL,50.06,1500.0,1500.0,1337.0,1338.0,"1,338.00",0.0,0.0,"1,383.11","81,057.00","1,468.00","112,110,622.00",935,-130.00,163.00,-8.86,12.19,-3.37,"1,529.00",723.00,,
2020/12/21,27,DDBL,51.23,1315.0,1399.0,1239.0,1377.0,"1,377.00",0.0,0.0,"1,331.97","61,449.00","1,338.00","81,848,342.00",677,39.0,160.00,2.91,12.91,3.27,"1,529.00",723.00,,
2020/12/22,27,DDBL,51.32,1404.0,1448.0,1388.0,1442.0,"1,442.00",0.0,0.0,"1,425.23","41,306.00","1,377.00","58,870,561.00",375,65.00,60.00,4.72,4.32,1.16,"1,529.00",723.00,,
2020/12/23,27,DDBL,49.23,1500.0,1514.0,1405.0,1438.0,"1,438.00",0.0,0.0,"1,459.79","34,169.00","1,442.00","49,879,474.00",383,-4.0,109.00,-0.28,7.76,-1.52,"1,529.00",723.00,,
2020/12/24,27,DDBL,52.16,1435.0,1450.0,1410.0,1425.0,"1,425.00",0.0,0.0,"1,426.37","17,611.00","1,438.00","25,119,737.00",268,-13.0,40.0,-0.9,2.84,-0.1,"1,529.00",723.00,,
2020/11/08,26,DDBL,59.39,978.0,995.0,970.0,993.0,993.00,0.0,0.0,985.30,"53,571.00",971.00,"52,783,541.00",283,22.0,25.0,2.27,2.58,0.78,"1,100.00",710.00,,
2020/11/09,26,DDBL,64.03,1000.0,1048.0,993.0,1033.0,"1,033.00",0.0,0.0,"1,025.62","68,630.00",993.00,"70,388,470.00",514,40.0,55.0,4.03,5.54,0.71,"1,100.00",710.00,,
2020/11/10,27,DDBL,60.61,1053.0,1053.0,1016.0,1024.0,"1,024.00",0.0,0.0,"1,032.81","34,349.00","1,033.00","35,476,016.00",244,-9.00,37.0,-0.87,3.64,-0.86,"1,100.00",710.00,,
2020/11/11,26,DDBL,65.72,1075.0,1075.0,1031.0,1051.0,"1,051.00",0.0,0.0,"1,049.11","72,972.00","1,024.00","76,555,659.00",556,27.00,44.00,2.64,4.27,0.18,"1,100.00",710.00,,
2020/11/12,27,DDBL,67.02,1060.0,1061.0,1030.0,1031.0,"1,031.00",0.0,0.0,"1,037.57","39,910.00","1,051.00","41,409,367.00",288,-20.00,31.00,-1.9,3.01,-0.64,"1,100.00",710.00,,
2020/11/18,28,DDBL,58.99,1035.0,1059.0,1028.0,1053.0,"1,053.00",0.0,0.0,"1,046.65","32,384.00","1,031.00","33,894,676.00",231,22.0,31.00,2.13,3.02,0.6,"1,100.00",710.00,,
2020/11/19,27,DDBL,64.83,1069.0,1082.0,1058.0,1080.0,"1,080.00",0.0,0.0,"1,066.78","49,318.00","1,053.00","52,611,378.00",322,27.00,24.00,2.56,2.27,1.22,"1,100.00",710.00,,
2020/11/22,28,DDBL,61.78,1089.0,1140.0,1042.0,1104.0,"1,104.00",0.0,0.0,"1,103.79","60,098.00","1,080.00","66,335,355.00",479,24.00,98.00,2.22,9.4,0.02,"1,140.00",710.00,,
2020/11/23,28,DDBL,57.74,1106.0,1109.0,1082.0,1096.0,"1,096.00",0.0,0.0,"1,096.44","32,328.00","1,104.00","35,445,628.00",221,-8.00,27.00,-0.72,2.5,-0.04,"1,140.00",710.00,,
2020/11/24,27,DDBL,59.74,1104.0,1104.0,1080.0,1096.0,"1,096.00",0.0,0.0,"1,087.19","47,912.00","1,096.00","52,089,484.00",203,0.0,24.0,0.0,2.22,0.8,"1,140.00",710.00,,
2020/11/25,27,DDBL,60.18,1100.0,1180.0,1100.0,1174.0,"1,174.00",0.0,0.0,"1,147.10","59,655.00","1,096.00","68,430,192.00",448,78.00,80.00,7.12,7.27,2.29,"1,180.00",710.00,,
2020/11/26,27,DDBL,60.86,1191.0,1243.0,1160.0,1160.0,"1,160.00",0.0,0.0,"1,199.01","46,927.00","1,174.00","56,265,712.00",504,-14.0,83.00,-1.19,7.16,-3.36,"1,243.00",714.00,,
2020/11/29,27,DDBL,59.85,1171.0,1197.0,1157.0,1175.0,"1,175.00",0.0,0.0,"1,174.53","49,040.00","1,160.00","57,599,156.00",385,15.0,40.00,1.29,3.46,0.04,"1,243.00",714.00,,
2020/11/30,27,DDBL,60.66,1200.0,1218.0,1183.0,1210.0,"1,210.00",0.0,0.0,"1,204.45","54,511.00","1,175.00","65,655,675.00",395,35.0,35.0,2.98,2.96,0.46,"1,243.00",714.00,,
2020/12/01,28,DDBL,57.29,1210.0,1241.0,1200.0,1219.0,"1,219.00",0.0,0.0,"1,222.41","49,497.00","1,210.00","60,505,504.00",377,9.0,41.0,0.74,3.42,-0.28,"1,243.00",714.00,,
2020/12/02,28,DDBL,65.49,1230.0,1340.0,1230.0,1340.0,"1,340.00",0.0,0.0,"1,298.71","64,083.00","1,219.00","83,225,294.00",633,121.00,110.00,9.93,8.94,3.08,"1,340.00",714.00,,
2020/10/12,26,DDBL,54.85,852.0,860.0,850.0,860.0,860.00,0.0,0.0,854.51,"4,565.00",852.00,"3,900,828.00",35,8.0,10.0,0.94,1.18,0.64,"1,100.00",710.00,,
2020/10/13,26,DDBL,55.17,865.0,865.0,851.0,851.0,851.00,0.0,0.0,853.31,"5,049.00",860.00,"4,308,353.00",53,-9.0,14.0,-1.05,1.65,-0.27,"1,100.00",710.00,,
2020/10/14,27,DDBL,56.53,850.0,860.0,848.0,850.0,850.00,0.0,0.0,851.27,"6,941.00",851.00,"5,908,692.00",70,-1.0,12.0,-0.12,1.42,-0.15,"1,100.00",710.00,,
2020/10/15,27,DDBL,52.62,862.0,867.0,848.0,849.0,849.00,0.0,0.0,850.21,"3,454.00",850.00,"2,936,630.00",56,-1.0,19.0,-0.12,2.24,-0.14,"1,100.00",710.00,,
2020/10/18,27,DDBL,47.58,845.0,847.0,840.0,847.0,847.00,0.0,0.0,844.23,"4,325.00",849.00,"3,651,307.00",58,-2.0,7.0,-0.24,0.83,0.33,"1,100.00",710.00,,
2020/10/19,26,DDBL,54.06,847.0,852.0,844.0,850.0,850.00,0.0,0.0,848.71,"3,881.00",847.00,"3,293,845.00",41,3.0,8.0,0.35,0.95,0.15,"1,100.00",710.00,,
2020/10/20,28,DDBL,56.03,852.0,859.0,850.0,850.0,850.00,0.0,0.0,852.95,"4,863.00",850.00,"4,147,909.00",41,0.0,9.0,0.0,1.06,-0.35,"1,100.00",710.00,,
2020/10/21,26,DDBL,62.96,855.0,867.0,855.0,867.0,867.00,0.0,0.0,859.92,"9,515.00",850.00,"8,182,117.00",77,17.0,12.0,2.0,1.4,0.82,"1,100.00",710.00,,
2020/10/22,25,DDBL,62.82,867.0,870.0,859.0,866.0,866.00,0.0,0.0,864.21,"7,084.00",867.00,"6,122,059.00",52,-1.0,11.0,-0.12,1.28,0.21,"1,100.00",710.00,,
2020/10/25,43,DDBL,37.56,855.0,861.0,850.0,858.0,858.00,0.0,0.0,854.19,"9,779.00",852.00,"8,353,168.60",71,6.0,11.0,0.7,1.29,0.44,"1,010.00",759.00,835.13,827.49
2020/10/28,25,DDBL,69.8,881.0,898.0,864.0,893.0,893.00,0.0,0.0,880.32,"18,712.00",866.00,"16,472,466.00",119,27.0,34.0,3.12,3.94,1.42,"1,100.00",710.00,,
2020/10/29,26,DDBL,71.69,909.0,920.0,885.0,914.0,914.00,0.0,0.0,902.87,"52,447.00",893.00,"47,352,915.00",332,21.0,35.0,2.35,3.95,1.22,"1,100.00",710.00,,
2020/11/01,26,DDBL,70.85,920.0,938.0,915.0,938.0,938.00,0.0,0.0,927.12,"40,935.00",914.00,"37,951,668.00",312,24.0,23.0,2.63,2.51,1.16,"1,100.00",710.00,,
2020/11/02,27,DDBL,70.73,940.0,979.0,935.0,979.0,979.00,0.0,0.0,958.50,"70,539.00",938.00,"67,611,477.00",486,41.0,44.0,4.37,4.71,2.09,"1,100.00",710.00,,
2020/11/03,28,DDBL,68.05,986.0,993.0,963.0,970.0,970.00,0.0,0.0,974.32,"52,372.00",979.00,"51,027,200.00",343,-9.00,30.00,-0.92,3.12,-0.45,"1,100.00",710.00,,
2020/11/04,26,DDBL,63.21,970.0,980.0,962.0,970.0,970.00,0.0,0.0,970.69,"26,259.00",970.00,"25,489,231.00",173,0.0,18.0,0.0,1.87,-0.07,"1,100.00",710.00,,
2020/09/17,27,DDBL,54.86,868.0,894.0,868.0,891.0,891.00,0.0,0.0,884.18,"26,239.00",876.00,"23,200,039.00",178,15.0,26.0,1.71,3.0,0.77,"1,100.00",704.00,,
2020/09/20,26,DDBL,51.93,905.0,905.0,880.0,890.0,890.00,0.0,0.0,890.90,"11,627.00",891.00,"10,358,516.00",99,-1.0,25.0,-0.11,2.84,-0.1,"1,100.00",704.00,,
2020/09/21,27,DDBL,52.13,880.0,893.0,876.0,885.0,885.00,0.0,0.0,884.79,"15,471.00",890.00,"13,688,612.00",95,-5.0,17.0,-0.56,1.94,0.02,"1,100.00",704.00,,
2020/09/22,43,DDBL,37.56,855.0,861.0,850.0,858.0,858.00,0.0,0.0,854.19,"9,779.00",852.00,"8,353,168.60",71,6.0,11.0,0.7,1.29,0.44,"1,010.00",759.00,835.13,827.49
2020/09/23,43,DDBL,37.56,855.0,861.0,850.0,858.0,858.00,0.0,0.0,854.19,"9,779.00",852.00,"8,353,168.60",71,6.0,11.0,0.7,1.29,0.44,"1,010.00",759.00,835.13,827.49
2020/09/24,28,DDBL,43.6,877.0,882.0,875.0,876.0,876.00,0.0,0.0,877.74,"5,952.00",878.00,"5,224,289.00",66,-2.0,7.0,-0.23,0.8,-0.2,"1,100.00",710.00,,
2020/09/27,26,DDBL,44.32,875.0,879.0,870.0,873.0,873.00,0.0,0.0,874.13,"9,735.00",876.00,"8,509,640.00",75,-3.00,9.00,-0.34,1.03,-0.13,"1,100.00",710.00,,
2020/09/28,25,DDBL,57.29,875.0,875.0,866.0,870.0,870.00,0.0,0.0,869.48,"4,331.00",873.00,"3,765,738.00",41,-3.0,9.0,-0.34,1.04,0.06,"1,100.00",710.00,,
2020/09/29,26,DDBL,46.29,865.0,870.0,855.0,855.0,855.00,0.0,0.0,859.69,"18,842.00",870.00,"16,198,247.00",127,-15.0,15.0,-1.72,1.75,-0.55,"1,100.00",710.00,,
2020/09/30,26,DDBL,43.15,846.0,855.0,840.0,855.0,855.00,0.0,0.0,843.65,"5,891.00",855.00,"4,969,949.00",64,0.0,15.0,0.0,1.79,1.33,"1,100.00",710.00,,
2020/10/01,25,DDBL,45.79,851.0,870.0,851.0,865.0,865.00,0.0,0.0,863.02,"7,562.00",855.00,"6,526,183.00",62,10.00,19.0,1.17,2.23,0.23,"1,100.00",710.00,,
2020/10/04,26,DDBL,51.58,870.0,872.0,863.0,871.0,871.00,0.0,0.0,867.05,"3,285.00",865.00,"2,848,270.00",42,6.0,9.0,0.69,1.04,0.45,"1,100.00",710.00,,
2020/10/05,26,DDBL,52.0,874.0,874.0,860.0,863.0,863.00,0.0,0.0,866.95,"6,515.00",871.00,"5,648,211.00",52,-8.0,14.0,-0.92,1.63,-0.46,"1,100.00",710.00,,
2020/10/06,26,DDBL,59.4,875.0,875.0,853.0,860.0,860.00,0.0,0.0,858.54,"4,243.00",863.00,"3,642,796.00",56,-3.0,22.0,-0.35,2.58,0.17,"1,100.00",710.00,,
2020/10/07,26,DDBL,54.72,860.0,864.0,848.0,850.0,850.00,0.0,0.0,852.11,"14,491.00",860.00,"12,347,919.00",129,-10.0,16.0,-1.16,1.89,-0.25,"1,100.00",710.00,,
2020/10/08,26,DDBL,52.0,850.0,868.0,848.0,852.0,852.00,0.0,0.0,854.72,"13,651.00",850.00,"11,667,745.00",71,2.0,20.0,0.24,2.36,-0.32,"1,100.00",710.00,,
2020/08/24,26,DDBL,59.08,830.0,857.0,830.0,848.0,848.00,0.0,0.0,850.53,"16,418.00",840.00,"13,963,940.00",125,8.0,27.0,0.95,3.25,-0.3,"1,100.00",704.00,,
2020/08/25,27,DDBL,59.49,849.0,860.0,848.0,855.0,855.00,0.0,0.0,851.18,"13,922.00",848.00,"11,850,149.00",90,7.0,12.0,0.83,1.42,0.45,"1,100.00",704.00,,
2020/08/26,26,DDBL,61.88,868.0,893.0,855.0,887.0,887.00,0.0,0.0,879.88,"39,552.00",855.00,"34,801,065.00",312,32.0,38.0,3.74,4.44,0.8,"1,100.00",704.00,,
2020/08/27,28,DDBL,60.56,931.0,931.0,867.0,881.0,881.00,0.0,0.0,877.70,"12,960.00",887.00,"11,375,052.00",118,-6.0,64.0,-0.68,7.38,0.37,"1,100.00",704.00,,
2020/08/30,27,DDBL,60.81,867.0,873.0,862.0,873.0,873.00,0.0,0.0,867.31,"13,472.00",881.00,"11,684,362.00",92,-8.0,11.0,-0.91,1.28,0.65,"1,100.00",704.00,,
2020/08/31,27,DDBL,61.56,916.0,916.0,865.0,880.0,880.00,0.0,0.0,879.39,"24,686.00",873.00,"21,708,642.00",181,7.0,51.0,0.8,5.9,0.07,"1,100.00",704.00,,
2020/09/02,27,DDBL,47.01,885.0,895.0,876.0,880.0,880.00,0.0,0.0,884.37,"18,596.00",880.00,"16,445,726.00",154,0.0,19.0,0.0,2.17,-0.5,"1,100.00",704.00,,
2020/09/03,26,DDBL,48.01,870.0,885.0,866.0,877.0,877.00,0.0,0.0,878.57,"12,188.00",880.00,"10,708,038.00",103,-3.0,19.0,-0.34,2.19,-0.18,"1,100.00",704.00,,
2020/09/06,28,DDBL,50.82,894.0,911.0,865.0,868.0,868.00,0.0,0.0,880.08,"23,533.00",877.00,"20,710,817.00",171,-9.0,46.0,-1.03,5.32,-1.39,"1,100.00",704.00,,
2020/09/07,27,DDBL,44.54,865.0,872.0,861.0,863.0,863.00,0.0,0.0,865.39,"8,127.00",868.00,"7,033,035.00",90,-5.0,11.0,-0.58,1.28,-0.28,"1,100.00",704.00,,
2020/09/08,26,DDBL,42.74,863.0,865.0,860.0,861.0,861.00,0.0,0.0,862.71,"4,741.00",863.00,"4,090,099.00",65,-2.0,5.0,-0.23,0.58,-0.2,"1,100.00",704.00,,
2020/09/09,27,DDBL,55.79,870.0,890.0,866.0,886.0,886.00,0.0,0.0,881.42,"15,676.00",861.00,"13,817,096.00",167,25.00,24.0,2.9,2.77,0.52,"1,100.00",704.00,,
2020/09/10,28,DDBL,60.74,886.0,910.0,884.0,888.0,888.00,0.0,0.0,890.94,"16,844.00",886.00,"15,007,018.00",140,2.00,26.0,0.23,2.94,-0.33,"1,100.00",704.00,,
2020/09/13,43,DDBL,37.56,855.0,861.0,850.0,858.0,858.00,0.0,0.0,854.19,"9,779.00",852.00,"8,353,168.60",71,6.0,11.0,0.7,1.29,0.44,"1,010.00",759.00,835.13,827.49
2020/09/14,26,DDBL,54.16,883.0,898.0,875.0,877.0,877.00,0.0,0.0,882.56,"14,532.00",887.00,"12,825,311.00",121,-10.00,23.00,-1.13,2.63,-0.63,"1,100.00",704.00,,
2020/09/15,28,DDBL,44.95,893.0,893.0,871.0,878.0,878.00,0.0,0.0,876.67,"8,907.00",877.00,"7,808,469.00",79,1.0,22.0,0.11,2.53,0.15,"1,100.00",704.00,,
2020/07/29,26,DDBL,53.13,870.0,879.0,850.0,864.0,864.00,0.0,0.0,862.50,"23,401.00",867.00,"20,183,332.00",172,-3.0,29.0,-0.35,3.41,0.17,"1,100.00",704.00,,
2020/07/30,26,DDBL,48.24,870.0,870.0,855.0,860.0,860.00,0.0,0.0,860.71,"9,402.00",864.00,"8,092,370.00",113,-4.0,15.0,-0.46,1.75,-0.08,"1,100.00",704.00,,
2020/08/02,27,DDBL,46.69,860.0,860.0,831.0,837.0,837.00,0.0,0.0,843.20,"18,720.00",860.00,"15,784,774.00",187,-23.0,29.0,-2.67,3.49,-0.74,"1,100.00",704.00,,
2020/08/03,28,DDBL,43.11,831.0,847.0,830.0,845.0,845.00,0.0,0.0,838.42,"6,995.00",837.00,"5,864,741.00",89,8.0,17.0,0.96,2.05,0.78,"1,100.00",704.00,,
2020/08/05,43,DDBL,37.56,855.0,861.0,850.0,858.0,858.00,0.0,0.0,854.19,"9,779.00",852.00,"8,353,168.60",71,6.0,11.0,0.7,1.29,0.44,"1,010.00",759.00,835.13,827.49
2020/08/06,26,DDBL,42.61,830.0,832.0,816.0,830.0,830.00,0.0,0.0,825.83,"5,442.00",833.00,"4,494,151.00",58,-3.0,16.0,-0.36,1.96,0.5,"1,100.00",704.00,,
2020/08/09,25,DDBL,39.15,818.0,835.0,816.0,833.0,833.00,0.0,0.0,824.06,"4,547.00",830.00,"3,747,019.00",46,3.0,19.0,0.36,2.33,1.07,"1,100.00",704.00,,
2020/08/10,27,DDBL,40.46,844.0,860.0,836.0,859.0,859.00,0.0,0.0,846.99,"10,765.00",833.00,"9,117,864.00",111,26.0,24.0,3.12,2.87,1.4,"1,100.00",704.00,,
2020/08/11,27,DDBL,58.27,862.0,868.0,846.0,850.0,850.00,0.0,0.0,852.76,"9,671.00",859.00,"8,247,064.00",105,-9.0,22.0,-1.05,2.6,-0.32,"1,100.00",704.00,,
2020/08/12,27,DDBL,57.54,840.0,855.0,840.0,854.0,854.00,0.0,0.0,847.88,"9,776.00",850.00,"8,288,828.00",56,4.0,15.0,0.47,1.79,0.72,"1,100.00",704.00,,
2020/08/13,26,DDBL,52.96,840.0,844.0,825.0,829.0,829.00,0.0,0.0,831.35,"19,286.00",854.00,"16,033,391.00",218,-25.0,19.0,-2.93,2.3,-0.28,"1,100.00",704.00,,
2020/08/16,27,DDBL,40.83,813.0,827.0,797.0,818.0,818.00,0.0,0.0,817.82,"10,199.00",829.00,"8,340,908.00",97,-11.0,30.0,-1.33,3.76,0.02,"1,100.00",704.00,,
2020/08/17,27,DDBL,45.73,834.0,834.0,808.0,827.0,827.00,0.0,0.0,816.63,"4,831.00",818.00,"3,945,140.00",58,9.0,26.0,1.1,3.22,1.25,"1,100.00",704.00,,
2020/08/18,28,DDBL,36.77,840.0,840.0,811.0,829.0,829.00,0.0,0.0,825.77,"3,881.00",827.00,"3,204,796.00",50,2.0,29.0,0.24,3.58,0.39,"1,100.00",704.00,,
2020/08/19,28,DDBL,44.61,814.0,825.0,814.0,814.0,814.00,0.0,0.0,816.64,"6,466.00",829.00,"5,280,392.00",70,-15.0,11.0,-1.81,1.35,-0.32,"1,100.00",704.00,,
2020/08/20,27,DDBL,47.0,814.0,825.0,814.0,820.0,820.00,0.0,0.0,821.38,"1,367.00",814.00,"1,122,825.00",24,6.0,11.0,0.74,1.35,-0.17,"1,100.00",704.00,,
2020/07/06,25,DDBL,47.87,790.0,841.0,770.0,817.0,817.00,0.0,0.0,802.44,"7,209.00",800.00,"5,784,777.00",55,17.0,71.0,2.13,9.22,1.78,"1,100.00",704.00,,
2020/07/07,25,DDBL,52.37,833.0,875.0,833.0,855.0,855.00,0.0,0.0,858.85,"9,939.00",817.00,"8,536,111.00",87,38.0,42.0,4.65,5.04,-0.45,"1,100.00",704.00,,
2020/07/08,26,DDBL,54.71,838.0,860.0,830.0,835.0,835.00,0.0,0.0,840.06,"4,850.00",855.00,"4,074,311.00",41,-20.0,30.0,-2.34,3.61,-0.61,"1,100.00",704.00,,
2020/07/09,25,DDBL,51.19,839.0,840.0,823.0,839.0,839.00,0.0,0.0,834.04,"5,194.00",835.00,"4,332,008.00",48,4.0,17.0,0.48,2.07,0.59,"1,100.00",704.00,,
2020/07/12,24,DDBL,57.18,855.0,900.0,853.0,861.0,861.00,0.0,0.0,863.67,"12,497.00",839.00,"10,793,321.00",65,22.0,47.0,2.62,5.51,-0.31,"1,100.00",704.00,,
2020/07/13,25,DDBL,50.05,878.0,895.0,860.0,865.0,865.00,0.0,0.0,867.43,"14,608.00",861.00,"12,671,467.00",91,4.0,35.0,0.46,4.07,-0.28,"1,100.00",704.00,,
2020/07/14,22,DDBL,60.19,880.0,881.0,863.0,880.0,880.00,0.0,0.0,871.79,"15,921.00",865.00,"13,879,752.00",102,15.0,18.0,1.73,2.09,0.93,"1,100.00",704.00,,
2020/07/15,25,DDBL,62.1,900.0,900.0,865.0,866.0,866.00,0.0,0.0,880.64,"14,365.00",880.00,"12,650,339.00",86,-14.0,35.0,-1.59,4.05,-1.69,"1,100.00",704.00,,
2020/07/16,25,DDBL,50.21,883.0,883.0,870.0,875.0,875.00,0.0,0.0,875.55,"3,101.00",866.00,"2,715,069.00",42,9.0,13.0,1.04,1.49,-0.06,"1,100.00",704.00,,
2020/07/19,20,DDBL,51.59,875.0,902.0,865.0,902.0,902.00,0.0,0.0,885.17,"1,210.00",875.00,"1,071,050.00",7,27.0,37.0,3.09,4.28,1.87,"1,100.00",704.00,,
2020/07/20,26,DDBL,46.16,947.0,965.0,854.0,860.0,860.00,0.0,0.0,885.01,"11,084.00",902.00,"9,809,470.00",121,-42.0,111.0,-4.66,13.0,-2.91,"1,100.00",704.00,,
2020/07/21,25,DDBL,46.62,877.0,890.0,863.0,863.0,863.00,0.0,0.0,872.33,"7,125.00",860.00,"6,215,340.00",69,3.00,27.0,0.35,3.13,-1.08,"1,100.00",704.00,,
2020/07/22,25,DDBL,47.93,879.0,880.0,853.0,857.0,857.00,0.0,0.0,860.45,"4,505.00",863.00,"3,876,349.00",57,-6.0,27.0,-0.7,3.17,-0.4,"1,100.00",704.00,,
2020/07/23,24,DDBL,47.19,850.0,870.0,845.0,860.0,860.00,0.0,0.0,858.03,"7,454.00",857.00,"6,395,726.00",62,3.0,25.0,0.35,2.96,0.23,"1,100.00",704.00,,
2020/07/26,26,DDBL,56.25,877.0,880.0,857.0,868.0,868.00,0.0,0.0,864.18,"12,607.00",860.00,"10,894,715.00",148,8.0,23.0,0.93,2.68,0.44,"1,100.00",704.00,,
2020/07/27,25,DDBL,54.78,884.0,889.0,868.0,870.0,870.00,0.0,0.0,876.32,"29,444.00",868.00,"25,802,482.00",195,2.0,21.0,0.23,2.42,-0.73,"1,100.00",704.00,,
2020/03/10,23,DDBL,34.92,839.0,839.0,794.0,823.0,823.00,0.0,0.0,822.02,"5,552.00",856.00,"4,563,862.00",44,-33.0,45.0,-3.86,5.67,0.12,"1,100.00",575.00,,
2020/03/11,26,DDBL,40.45,838.0,872.0,807.0,868.0,868.00,0.0,0.0,849.48,"18,232.00",823.00,"15,487,712.00",167,45.0,65.0,5.47,8.05,2.13,"1,100.00",575.00,,
2020/03/12,26,DDBL,38.15,860.0,881.0,840.0,849.0,849.00,0.0,0.0,858.31,"16,912.00",868.00,"14,515,703.00",140,-19.0,41.0,-2.19,4.88,-1.1,"1,100.00",575.00,,
2020/03/15,25,DDBL,38.51,833.0,836.0,802.0,809.0,809.00,0.0,0.0,814.97,"14,824.00",849.00,"12,081,131.00",163,-40.0,34.0,-4.71,4.24,-0.74,"1,100.00",575.00,,
2020/03/16,26,DDBL,47.98,820.0,825.0,788.0,800.0,800.00,0.0,0.0,802.95,"18,283.00",809.00,"14,680,405.00",147,-9.00,37.0,-1.11,4.7,-0.37,"1,100.00",575.00,,
2020/03/17,25,DDBL,31.06,791.0,791.0,748.0,775.0,775.00,0.0,0.0,773.51,"13,482.00",800.00,"10,428,513.00",120,-25.00,43.0,-3.13,5.75,0.19,"1,100.00",575.00,,
2020/03/18,24,DDBL,36.53,760.0,785.0,723.0,751.0,751.00,0.0,0.0,749.67,"11,245.00",775.00,"8,430,057.00",108,-24.0,62.0,-3.1,8.58,0.18,"1,100.00",575.00,,
2020/03/19,24,DDBL,40.66,745.0,780.0,731.0,760.0,760.00,0.0,0.0,756.79,"15,366.00",751.00,"11,628,865.00",143,9.0,49.0,1.2,6.7,0.42,"1,100.00",575.00,,
2020/03/22,18,DDBL,34.18,775.0,775.0,745.0,759.0,759.00,0.0,0.0,755.33,120.00,760.00,"90,640.00",7,-1.0,30.0,-0.13,4.03,0.48,"1,100.00",575.00,,
2020/05/13,14,DDBL,31.02,744.0,744.0,737.0,737.0,737.00,0.0,0.0,740.50,20.00,759.00,"14,810.00",2,-22.0,7.0,-2.9,0.95,-0.47,"1,100.00",690.00,,
2020/06/22,43,DDBL,37.56,855.0,861.0,850.0,858.0,858.00,0.0,0.0,854.19,"9,779.00",852.00,"8,353,168.60",71,6.0,11.0,0.7,1.29,0.44,"1,010.00",759.00,835.13,827.49
2020/06/29,19,DDBL,29.56,723.0,723.0,723.0,721.0,723.00,-2.0,0.0,722.52,"2,272.00",737.00,"1,641,556.00",13,-14.0,0.0,-1.9,0.0,-0.21,"1,100.00",700.00,,
2020/06/30,18,DDBL,35.82,735.0,763.0,735.0,763.0,763.00,0.0,0.0,747.76,947.00,721.00,"708,131.00",12,42.00,28.0,5.83,3.81,2.0,"1,100.00",700.00,,
2020/07/01,20,DDBL,49.78,778.0,805.0,778.0,805.0,805.00,0.0,0.0,782.16,"1,583.00",763.00,"1,238,160.00",12,42.0,27.0,5.5,3.47,2.84,"1,100.00",700.00,,
2020/07/02,19,DDBL,43.62,821.0,837.0,791.0,791.0,791.00,0.0,0.0,815.01,"1,615.00",805.00,"1,316,245.00",14,-14.0,46.0,-1.74,5.82,-3.04,"1,100.00",704.00,,
2020/02/13,25,DDBL,64.32,905.0,910.0,885.0,896.0,896.00,0.0,0.0,897.04,"31,965.00",890.00,"28,673,850.00",241,6.0,25.0,0.67,2.82,-0.12,"1,095.00",555.00,,
2020/02/15,43,DDBL,37.56,855.0,861.0,850.0,858.0,858.00,0.0,0.0,854.19,"9,779.00",852.00,"8,353,168.60",71,6.0,11.0,0.7,1.29,0.44,"1,010.00",759.00,835.13,827.49
2020/02/16,25,DDBL,60.78,910.0,910.0,896.0,905.0,905.00,0.0,0.0,902.64,"18,780.00",896.00,"16,951,490.00",156,9.0,14.0,1.0,1.56,0.26,"1,095.00",555.00,,
2020/02/17,25,DDBL,65.13,920.0,934.0,895.0,902.0,902.00,0.0,0.0,916.07,"22,021.00",905.00,"20,172,808.00",181,-3.0,39.0,-0.33,4.36,-1.56,"1,095.00",555.00,,
2020/02/18,27,DDBL,66.83,915.0,920.0,880.0,885.0,885.00,0.0,0.0,894.64,"22,414.00",902.00,"20,052,356.00",182,-17.0,40.00,-1.88,4.55,-1.09,"1,095.00",557.00,,
2020/02/19,25,DDBL,59.27,890.0,930.0,881.0,925.0,925.00,0.0,0.0,911.17,"27,226.00",885.00,"24,807,404.00",198,40.0,49.0,4.52,5.56,1.5,"1,095.00",561.00,,
2020/02/20,25,DDBL,69.78,943.0,1004.0,941.0,1004.0,"1,004.00",0.0,0.0,976.14,"51,549.00",925.00,"50,319,128.00",367,79.0,63.0,8.54,6.7,2.77,"1,095.00",562.00,,
2020/02/23,25,DDBL,71.35,1024.0,1100.0,1005.0,1043.0,"1,043.00",0.0,0.0,"1,055.91","47,829.00","1,004.00","50,503,088.00",273,39.0,95.0,3.88,9.45,-1.24,"1,100.00",562.00,,
2020/02/24,25,DDBL,66.52,1063.0,1063.0,1019.0,1025.0,"1,025.00",0.0,0.0,"1,035.05","26,014.00","1,043.00","26,925,680.00",197,-18.0,44.0,-1.73,4.32,-0.98,"1,100.00",562.00,,
2020/02/25,25,DDBL,66.55,1024.0,1050.0,987.0,1050.0,"1,050.00",0.0,0.0,"1,033.45","24,111.00","1,025.00","24,917,556.00",211,25.00,63.00,2.44,6.38,1.58,"1,100.00",567.00,,
2020/02/26,25,DDBL,59.56,1070.0,1080.0,1040.0,1040.0,"1,040.00",0.0,0.0,"1,061.97","26,325.00","1,050.00","27,956,460.00",212,-10.00,40.00,-0.95,3.85,-2.11,"1,100.00",567.00,,
2020/02/27,25,DDBL,56.11,1030.0,1050.0,980.0,1006.0,"1,006.00",0.0,0.0,"1,020.60","39,561.00","1,040.00","40,375,840.00",268,-34.00,70.00,-3.27,7.14,-1.45,"1,100.00",567.00,,
2020/03/01,25,DDBL,53.38,1026.0,1028.0,976.0,980.0,980.00,0.0,0.0,995.33,"38,700.00","1,006.00","38,519,184.00",286,-26.00,52.0,-2.58,5.33,-1.56,"1,100.00",567.00,,
2020/03/02,24,DDBL,43.76,990.0,992.0,954.0,954.0,954.00,0.0,0.0,971.80,"12,059.00",980.00,"11,718,941.00",110,-26.0,38.00,-2.65,3.98,-1.87,"1,100.00",567.00,,
2020/03/03,25,DDBL,50.85,935.0,948.0,859.0,926.0,926.00,0.0,0.0,908.25,"32,145.00",954.00,"29,195,544.00",318,-28.0,89.00,-2.94,10.36,1.92,"1,100.00",567.00,,
2020/03/04,26,DDBL,47.08,940.0,940.0,856.0,868.0,868.00,0.0,0.0,885.92,"24,155.00",926.00,"21,399,412.00",211,-58.0,84.0,-6.26,9.81,-2.06,"1,100.00",567.00,,
2020/01/21,25,DDBL,51.45,1050.0,1070.0,1021.0,1030.0,"1,030.00",0.0,0.0,"1,035.66","24,503.00","1,036.00","25,376,720.00",166,-6.0,49.0,-0.58,4.8,-0.55,"1,095.00",555.00,,
2020/01/22,24,DDBL,55.2,1030.0,1054.0,1030.0,1039.0,"1,039.00",0.0,0.0,"1,038.20","10,449.00","1,030.00","10,848,103.00",110,9.0,24.0,0.87,2.33,0.08,"1,095.00",555.00,,
2020/01/23,24,DDBL,48.84,1046.0,1049.0,1022.0,1030.0,"1,030.00",0.0,0.0,"1,031.10","20,287.00","1,039.00","20,917,948.00",189,-9.0,27.0,-0.87,2.64,-0.11,"1,095.00",555.00,,
2020/01/26,25,DDBL,55.35,1040.0,1050.0,1027.0,1032.0,"1,032.00",0.0,0.0,"1,032.81","80,021.00","1,030.00","82,646,272.00",613,2.0,23.0,0.19,2.24,-0.08,"1,095.00",555.00,,
2020/01/27,25,DDBL,54.43,809.0,819.0,794.0,805.0,805.00,0.0,0.0,806.11,"23,748.00",793.85,"19,143,438.00",241,11.0,25.0,1.4,3.15,-0.14,"1,095.00",555.00,,
2020/01/28,24,DDBL,47.74,821.0,842.0,820.0,834.0,834.00,0.0,0.0,831.04,"32,200.00",805.00,"26,759,580.00",199,29.0,22.0,3.6,2.68,0.35,"1,095.00",555.00,,
2020/01/29,25,DDBL,47.59,848.0,880.0,832.0,875.0,875.00,0.0,0.0,849.41,"25,903.00",834.00,"22,002,202.00",186,41.0,48.0,4.92,5.77,2.92,"1,095.00",555.00,,
2020/01/30,24,DDBL,46.07,892.0,892.0,857.0,864.0,864.00,0.0,0.0,871.77,"20,249.00",875.00,"17,652,508.00",200,-11.0,35.0,-1.26,4.08,-0.9,"1,095.00",555.00,,
2020/02/02,24,DDBL,44.53,881.0,881.0,844.0,856.0,856.00,0.0,0.0,856.64,"18,672.00",864.00,"15,995,242.00",141,-8.0,37.0,-0.93,4.38,-0.08,"1,095.00",555.00,,
2020/02/03,25,DDBL,59.29,856.0,865.0,848.0,850.0,850.00,0.0,0.0,851.60,"6,886.00",856.00,"5,864,090.00",79,-6.0,17.0,-0.7,2.0,-0.19,"1,095.00",555.00,,
2020/02/04,25,DDBL,50.09,860.0,860.0,831.0,839.0,839.00,0.0,0.0,840.34,"12,926.00",850.00,"10,862,267.00",132,-11.0,29.0,-1.29,3.49,-0.16,"1,095.00",555.00,,
2020/02/05,25,DDBL,49.73,855.0,855.0,828.0,831.0,831.00,0.0,0.0,832.78,"10,327.00",839.00,"8,600,127.00",92,-8.0,27.0,-0.95,3.26,-0.21,"1,095.00",555.00,,
2020/02/06,25,DDBL,50.63,817.0,835.0,816.0,826.0,826.00,0.0,0.0,823.55,"8,145.00",831.00,"6,707,834.00",93,-5.0,19.0,-0.6,2.33,0.3,"1,095.00",555.00,,
2020/02/09,24,DDBL,49.75,840.0,842.0,808.0,812.0,812.00,0.0,0.0,814.19,"6,822.00",826.00,"5,554,423.00",76,-14.0,34.0,-1.69,4.21,-0.27,"1,095.00",555.00,,
2020/02/10,24,DDBL,59.65,806.0,844.0,805.0,841.0,841.00,0.0,0.0,830.44,"20,656.00",812.00,"17,153,472.00",203,29.0,39.0,3.57,4.84,1.26,"1,095.00",555.00,,
2020/02/11,25,DDBL,66.02,855.0,876.0,852.0,873.0,873.00,0.0,0.0,866.27,"30,768.00",841.00,"26,653,412.00",259,32.0,24.0,3.8,2.82,0.77,"1,095.00",555.00,,
2019/12/29,28,DDBL,41.89,862.0,865.0,855.0,855.0,855.00,0.0,0.0,858.52,"6,644.00",860.00,"5,704,038.00",47,-5.0,10.0,-0.58,1.17,-0.41,960.00,555.00,,
2019/12/30,27,DDBL,43.05,858.0,862.0,855.0,859.0,859.00,0.0,0.0,857.98,"9,088.00",855.00,"7,797,282.00",50,4.0,7.0,0.47,0.82,0.12,960.00,555.00,,
2019/12/31,26,DDBL,44.03,863.0,870.0,862.0,869.0,869.00,0.0,0.0,865.46,"5,287.00",859.00,"4,575,703.00",29,10.0,8.0,1.16,0.93,0.41,960.00,555.00,,
2020/01/01,27,DDBL,48.04,870.0,890.0,864.0,872.0,872.00,0.0,0.0,876.32,"10,023.00",869.00,"8,783,402.00",56,3.0,26.0,0.35,3.01,-0.5,960.00,555.00,,
2020/01/02,26,DDBL,51.75,889.0,906.0,875.0,889.0,889.00,0.0,0.0,891.59,"24,083.00",872.00,"21,472,168.00",195,17.0,31.0,1.95,3.54,-0.29,960.00,555.00,,
2020/01/05,25,DDBL,56.3,895.0,912.0,890.0,906.0,906.00,0.0,0.0,904.30,"21,149.00",889.00,"19,125,032.00",132,17.0,22.0,1.91,2.47,0.19,960.00,555.00,,
2020/01/06,26,DDBL,52.08,900.0,917.0,900.0,911.0,911.00,0.0,0.0,910.56,"18,280.00",906.00,"16,644,969.00",130,5.0,17.0,0.55,1.89,0.05,960.00,555.00,,
2020/01/07,27,DDBL,58.22,918.0,958.0,913.0,939.0,939.00,0.0,0.0,929.80,"43,720.00",911.00,"40,650,860.00",197,28.0,45.0,3.07,4.93,0.98,960.00,555.00,,
2020/01/08,26,DDBL,59.25,957.0,960.0,931.0,937.0,937.00,0.0,0.0,946.76,"24,766.00",939.00,"23,447,376.00",235,-2.0,29.0,-0.21,3.11,-1.04,960.00,555.00,,
2020/01/09,25,DDBL,59.91,955.0,960.0,936.0,957.0,957.00,0.0,0.0,949.81,"24,143.00",937.00,"22,931,158.00",160,20.0,24.0,2.13,2.56,0.75,960.00,555.00,,
2020/01/12,26,DDBL,65.37,965.0,1040.0,965.0,1035.0,"1,035.00",0.0,0.0,996.04,"37,777.00",957.00,"37,627,292.00",280,78.0,75.0,8.15,7.77,3.76,"1,040.00",555.00,,
2020/01/13,26,DDBL,62.43,1055.0,1095.0,1015.0,1038.0,"1,038.00",0.0,0.0,"1,047.63","38,071.00","1,035.00","39,884,296.00",225,3.0,80.0,0.29,7.88,-0.93,"1,095.00",555.00,,
2020/01/14,27,DDBL,60.42,1032.0,1050.0,995.0,1029.0,"1,029.00",0.0,0.0,"1,029.03","22,633.00","1,038.00","23,290,032.00",135,-9.0,55.0,-0.87,5.53,0.0,"1,095.00",555.00,,
2020/01/15,27,DDBL,50.5,1035.0,1035.0,1020.0,1020.0,"1,020.00",0.0,0.0,"1,028.00","22,268.00","1,029.00","22,891,420.00",99,-9.0,15.0,-0.87,1.47,-0.78,"1,095.00",555.00,,
2020/01/16,27,DDBL,58.19,1035.0,1050.0,1020.0,1040.0,"1,040.00",0.0,0.0,"1,033.05","31,315.00","1,020.00","32,349,948.00",178,20.0,30.0,1.96,2.94,0.67,"1,095.00",555.00,,
2020/01/19,25,DDBL,58.38,1059.0,1081.0,1052.0,1060.0,"1,060.00",0.0,0.0,"1,061.44","20,432.00","1,040.00","21,687,312.00",187,20.0,29.0,1.92,2.76,-0.14,"1,095.00",555.00,,
2019/12/04,27,DDBL,39.68,720.0,741.0,720.0,723.0,723.00,0.0,0.0,725.14,"6,454.00",721.00,"4,680,064.00",32,2.0,21.0,0.28,2.92,-0.3,801.00,555.00,,
2019/12/05,24,DDBL,58.34,729.0,750.0,729.0,736.0,736.00,0.0,0.0,739.16,"6,554.00",723.00,"4,844,440.00",44,13.0,21.0,1.8,2.88,-0.43,801.00,555.00,,
2019/12/08,24,DDBL,57.06,740.0,775.0,740.0,775.0,775.00,0.0,0.0,759.75,"8,637.00",736.00,"6,561,949.00",66,39.0,35.0,5.3,4.73,1.97,801.00,555.00,,
2019/12/09,25,DDBL,59.53,775.0,800.0,775.0,796.0,796.00,0.0,0.0,790.73,"21,798.00",775.00,"17,236,306.00",133,21.0,25.0,2.71,3.23,0.66,801.00,555.00,,
2019/12/10,24,DDBL,59.99,798.0,804.0,785.0,794.0,794.00,0.0,0.0,798.10,"17,265.00",796.00,"13,779,140.00",96,-2.0,19.0,-0.25,2.42,-0.52,804.00,555.00,,
2019/12/11,25,DDBL,65.44,800.0,873.0,800.0,873.0,873.00,0.0,0.0,842.56,"24,035.00",794.00,"20,250,896.00",194,79.0,73.0,9.95,9.13,3.49,873.00,555.00,,
2019/12/12,26,DDBL,66.67,916.0,960.0,900.0,900.0,900.00,0.0,0.0,913.45,"45,667.00",873.00,"41,714,380.00",419,27.0,60.0,3.09,6.67,-1.49,960.00,555.00,,
2019/12/15,26,DDBL,56.21,893.0,896.0,860.0,865.0,865.00,0.0,0.0,874.38,"16,099.00",900.00,"14,076,587.00",134,-35.0,36.0,-3.89,4.19,-1.08,960.00,555.00,,
2019/12/16,25,DDBL,54.48,865.0,880.0,852.0,852.0,852.00,0.0,0.0,861.87,"10,424.00",865.00,"8,984,174.00",102,-13.0,28.0,-1.5,3.29,-1.16,960.00,555.00,,
2019/12/17,23,DDBL,46.47,850.0,865.0,850.0,861.0,861.00,0.0,0.0,861.01,"14,198.00",852.00,"12,224,594.00",95,9.0,15.0,1.06,1.76,0.0,960.00,555.00,,
2019/12/18,26,DDBL,42.94,845.0,865.0,845.0,857.0,857.00,0.0,0.0,857.20,"8,833.00",861.00,"7,571,658.00",41,-4.0,20.0,-0.46,2.37,-0.02,960.00,555.00,,
2019/12/19,26,DDBL,46.75,857.0,859.0,855.0,859.0,859.00,0.0,0.0,856.85,"8,836.00",857.00,"7,571,128.00",36,2.0,4.0,0.23,0.47,0.25,960.00,555.00,,
2019/12/22,24,DDBL,44.23,869.0,869.0,855.0,855.0,855.00,0.0,0.0,857.82,"5,091.00",859.00,"4,367,183.00",27,-4.0,14.0,-0.47,1.64,-0.33,960.00,555.00,,
2019/12/23,27,DDBL,45.62,863.0,877.0,863.0,877.0,877.00,0.0,0.0,871.89,"5,552.00",855.00,"4,840,730.00",49,22.00,14.0,2.57,1.62,0.58,960.00,555.00,,
2019/12/24,25,DDBL,45.75,877.0,877.0,866.0,870.0,870.00,0.0,0.0,871.55,"6,498.00",877.00,"5,663,305.00",47,-7.0,11.0,-0.8,1.27,-0.18,960.00,555.00,,
2019/12/25,26,DDBL,41.44,870.0,870.0,857.0,867.0,867.00,0.0,0.0,862.95,"3,147.00",870.00,"2,715,713.00",30,-3.0,13.0,-0.34,1.52,0.47,960.00,555.00,,
2019/11/11,26,DDBL,56.66,740.0,751.0,739.0,751.0,751.00,0.0,0.0,747.98,"1,668.00",737.00,"1,247,629.00",22,14.0,12.0,1.9,1.62,0.4,801.00,555.00,,
2019/11/12,24,DDBL,55.84,755.0,759.0,751.0,751.0,751.00,0.0,0.0,752.49,"2,591.00",751.00,"1,949,696.00",21,0.0,8.0,0.0,1.07,-0.2,801.00,555.00,,
2019/11/13,21,DDBL,56.78,736.0,753.0,736.0,750.0,750.00,0.0,0.0,749.48,"2,798.00",751.00,"2,097,054.00",13,-1.0,17.0,-0.13,2.31,0.07,801.00,555.00,,
2019/11/14,24,DDBL,36.43,736.0,736.0,736.0,736.0,736.00,0.0,0.0,736.00,612.00,750.00,"450,432.00",5,-14.0,0.0,-1.87,0.0,0.0,801.00,555.00,,
2019/11/17,22,DDBL,32.47,740.0,743.0,730.0,735.0,735.00,0.0,0.0,735.36,209.00,736.00,"153,690.00",4,-1.0,13.0,-0.14,1.78,-0.05,801.00,555.00,,
2019/11/18,24,DDBL,33.75,735.0,735.0,735.0,735.0,735.00,0.0,0.0,735.00,185.00,735.00,"135,975.00",5,0.0,0.0,0.0,0.0,0.0,801.00,555.00,,
2019/11/19,25,DDBL,33.99,726.0,740.0,726.0,727.0,727.00,0.0,0.0,732.40,964.00,735.00,"706,031.00",6,-8.0,14.0,-1.09,1.93,-0.74,801.00,555.00,,
2019/11/20,43,DDBL,37.56,855.0,861.0,850.0,858.0,858.00,0.0,0.0,854.19,"9,779.00",852.00,"8,353,168.60",71,6.0,11.0,0.7,1.29,0.44,"1,010.00",759.00,835.13,827.49
2019/11/21,23,DDBL,39.08,726.0,726.0,720.0,720.0,720.00,0.0,0.0,720.32,"6,805.00",726.00,"4,901,796.00",15,-6.0,6.0,-0.83,0.83,-0.04,801.00,555.00,,
2019/11/24,24,DDBL,39.45,725.0,725.0,713.0,713.0,713.00,0.0,0.0,716.45,"7,470.00",720.00,"5,351,910.00",16,-7.0,12.0,-0.97,1.68,-0.48,801.00,555.00,,
2019/11/25,25,DDBL,39.32,710.0,721.0,710.0,719.0,719.00,0.0,0.0,718.19,"3,210.00",713.00,"2,305,378.00",12,6.0,11.0,0.84,1.55,0.11,801.00,555.00,,
2019/11/26,26,DDBL,36.07,717.0,720.0,717.0,719.0,719.00,0.0,0.0,719.00,"2,474.00",719.00,"1,778,816.00",11,0.0,3.0,0.0,0.42,0.0,801.00,555.00,,
2019/11/27,26,DDBL,51.92,723.0,734.0,720.0,734.0,734.00,0.0,0.0,727.74,"2,218.00",719.00,"1,614,128.00",18,15.0,14.0,2.09,1.94,0.85,801.00,555.00,,
2019/11/28,23,DDBL,48.71,730.0,736.0,730.0,736.0,736.00,0.0,0.0,734.36,677.00,734.00,"497,160.00",8,2.0,6.0,0.27,0.82,0.22,801.00,555.00,,
2019/12/01,22,DDBL,37.04,723.0,723.0,722.0,722.0,722.00,0.0,0.0,722.84,340.00,736.00,"245,765.00",7,-14.0,1.0,-1.9,0.14,-0.12,801.00,555.00,,
2019/12/02,23,DDBL,33.85,722.0,722.0,714.0,714.0,714.00,0.0,0.0,718.07,"2,290.00",722.00,"1,644,380.00",14,-8.0,8.0,-1.11,1.12,-0.57,801.00,555.00,,
2019/10/10,23,DDBL,44.84,725.0,725.0,725.0,725.0,725.00,0.0,0.0,725.00,100.00,736.00,"72,500.00",1,-11.0,0.0,-1.49,0.0,0.0,801.00,555.00,,
2019/10/14,25,DDBL,29.8,719.0,719.0,715.0,715.0,715.00,0.0,0.0,717.31,284.00,725.00,"203,716.00",3,-10.0,4.0,-1.38,0.56,-0.32,801.00,555.00,,
2019/10/15,24,DDBL,40.6,723.0,729.0,723.0,729.0,729.00,0.0,0.0,726.12,625.00,715.00,"453,825.00",9,14.0,6.0,1.96,0.83,0.4,801.00,555.00,,
2019/10/16,20,DDBL,34.94,729.0,729.0,723.0,728.0,728.00,0.0,0.0,727.59,"3,963.00",729.00,"2,883,449.00",9,-1.0,6.0,-0.14,0.83,0.06,801.00,555.00,,
2019/10/17,20,DDBL,30.66,720.0,723.0,720.0,723.0,723.00,0.0,0.0,722.43,778.00,728.00,"562,047.00",5,-5.0,3.0,-0.69,0.42,0.08,801.00,555.00,,
2019/10/20,19,DDBL,42.24,724.0,724.0,724.0,724.0,724.00,0.0,0.0,724.00,50.00,723.00,"36,200.00",1,1.0,0.0,0.14,0.0,0.0,801.00,555.00,,
2019/10/21,24,DDBL,27.08,725.0,725.0,718.0,722.0,722.00,0.0,0.0,720.53,356.00,724.00,"256,508.00",3,-2.0,7.0,-0.28,0.97,0.2,801.00,555.00,,
2019/10/22,25,DDBL,35.13,736.0,736.0,723.0,730.0,730.00,0.0,0.0,725.83,342.00,722.00,"248,234.00",7,8.0,13.0,1.11,1.8,0.57,801.00,555.00,,
2019/10/23,25,DDBL,46.77,730.0,732.0,730.0,730.0,730.00,0.0,0.0,730.11,"2,102.00",730.00,"1,534,700.00",10,0.0,2.0,0.0,0.27,-0.02,801.00,555.00,,
2019/10/24,23,DDBL,51.87,740.0,740.0,730.0,730.0,730.00,0.0,0.0,730.10,"1,029.00",730.00,"751,270.00",9,0.0,10.0,0.0,1.37,-0.01,801.00,555.00,,
2019/10/31,26,DDBL,31.61,735.0,735.0,723.0,723.0,723.00,0.0,0.0,733.91,550.00,730.00,"403,650.00",4,-7.0,12.0,-0.96,1.66,-1.51,801.00,555.00,,
2019/11/03,26,DDBL,32.43,715.0,717.0,713.0,713.0,713.00,0.0,0.0,714.66,807.00,723.00,"576,732.00",13,-10.0,4.0,-1.38,0.56,-0.23,801.00,555.00,,
2019/11/04,26,DDBL,30.66,715.0,717.0,715.0,717.0,717.00,0.0,0.0,716.41,327.00,713.00,"234,265.00",4,4.0,2.0,0.56,0.28,0.08,801.00,555.00,,
2019/11/05,24,DDBL,45.03,715.0,717.0,714.0,716.0,716.00,0.0,0.0,716.37,"1,637.00",717.00,"1,172,702.00",10,-1.0,3.0,-0.14,0.42,-0.05,801.00,555.00,,
2019/11/06,22,DDBL,48.8,718.0,730.0,717.0,730.0,730.00,0.0,0.0,724.79,"1,361.00",716.00,"986,442.00",7,14.0,13.0,1.96,1.81,0.71,801.00,555.00,,
2019/11/07,23,DDBL,46.66,730.0,737.0,730.0,737.0,737.00,0.0,0.0,732.33,405.00,730.00,"296,595.00",5,7.0,7.0,0.96,0.96,0.63,801.00,555.00,,
2019/09/12,26,DDBL,38.78,711.0,717.0,711.0,717.0,717.00,0.0,0.0,714.67,"1,056.00",715.00,"754,690.00",13,2.0,6.0,0.28,0.84,0.33,801.00,555.00,,
2019/09/15,25,DDBL,38.61,713.0,720.0,713.0,716.0,716.00,0.0,0.0,717.85,760.00,717.00,"545,564.00",10,-1.0,7.0,-0.14,0.98,-0.26,801.00,555.00,,
2019/09/16,26,DDBL,47.39,716.0,720.0,710.0,715.0,715.00,0.0,0.0,713.98,"6,029.00",716.00,"4,304,588.00",42,-1.0,10.0,-0.14,1.41,0.14,801.00,555.00,,
2019/09/17,26,DDBL,42.93,720.0,729.0,715.0,715.0,715.00,0.0,0.0,723.00,"1,037.00",715.00,"749,751.00",15,0.0,14.0,0.0,1.96,-1.12,801.00,555.00,,
2019/09/18,27,DDBL,46.44,729.0,740.0,723.0,740.0,740.00,0.0,0.0,731.29,509.00,715.00,"372,227.00",8,25.0,17.0,3.5,2.35,1.18,801.00,555.00,,
2019/09/19,23,DDBL,42.95,736.0,740.0,731.0,731.0,731.00,0.0,0.0,736.40,100.00,740.00,"73,640.00",5,-9.0,9.0,-1.22,1.23,-0.74,801.00,555.00,,
2019/09/22,24,DDBL,38.32,718.0,718.0,712.0,718.0,718.00,0.0,0.0,712.82,432.00,731.00,"307,939.00",7,-13.0,6.0,-1.78,0.84,0.72,801.00,555.00,,
2019/09/23,25,DDBL,46.12,704.0,729.0,704.0,720.0,720.00,0.0,0.0,717.77,"1,006.00",718.00,"722,075.00",10,2.0,25.0,0.28,3.55,0.31,801.00,555.00,,
2019/09/24,27,DDBL,34.28,720.0,720.0,716.0,716.0,716.00,0.0,0.0,719.55,"6,716.00",720.00,"4,832,485.00",20,-4.0,4.0,-0.56,0.56,-0.5,801.00,555.00,,
2019/09/25,27,DDBL,32.11,713.0,715.0,713.0,715.0,715.00,0.0,0.0,713.15,384.00,716.00,"273,848.00",6,-1.0,2.0,-0.14,0.28,0.26,801.00,555.00,,
2019/09/26,26,DDBL,46.54,715.0,720.0,715.0,715.0,715.00,0.0,0.0,716.61,"4,310.00",715.00,"3,088,610.00",21,0.0,5.0,0.0,0.7,-0.23,801.00,555.00,,
2019/09/29,26,DDBL,35.91,710.0,718.0,710.0,710.0,710.00,0.0,0.0,710.25,"1,339.00",715.00,"951,021.00",12,-5.0,8.0,-0.7,1.13,-0.03,801.00,555.00,,
2019/09/30,23,DDBL,45.42,710.0,720.0,710.0,720.0,720.00,0.0,0.0,715.64,687.00,710.00,"491,645.00",4,10.0,10.0,1.41,1.41,0.61,801.00,555.00,,
2019/10/02,24,DDBL,51.26,716.0,724.0,715.0,724.0,724.00,0.0,0.0,715.08,"4,820.00",720.00,"3,446,700.00",8,4.0,9.0,0.56,1.26,1.23,801.00,555.00,,
2019/10/03,26,DDBL,37.67,736.0,736.0,736.0,736.0,736.00,0.0,0.0,736.00,442.00,724.00,"325,312.00",1,12.00,0.00,1.66,0.0,0.0,801.00,555.00,,
2019/11/10,22,DDBL,52.58,740.0,740.0,734.0,737.0,737.00,0.0,0.0,737.86,"1,553.00",737.00,"1,145,890.00",13,0.0,6.0,0.0,0.82,-0.12,801.00,555.00,,
2019/12/03,26,DDBL,36.39,720.0,724.0,720.0,721.0,721.00,0.0,0.0,722.44,"3,330.00",714.00,"2,405,740.00",15,7.0,4.0,0.98,0.56,-0.2,801.00,555.00,,
2019/12/26,24,DDBL,39.99,868.0,873.0,860.0,860.0,860.00,0.0,0.0,863.27,"2,089.00",867.00,"1,803,379.00",25,-7.00,13.0,-0.81,1.51,-0.38,960.00,555.00,,
2020/01/20,25,DDBL,53.44,1060.0,1067.0,1035.0,1036.0,"1,036.00",0.0,0.0,"1,052.23","18,839.00","1,060.00","19,822,986.00",176,-24.0,32.0,-2.26,3.09,-1.57,"1,095.00",555.00,,
2020/02/12,25,DDBL,65.77,883.0,895.0,879.0,890.0,890.00,0.0,0.0,888.67,"29,207.00",873.00,"25,955,468.00",222,17.0,16.0,1.95,1.82,0.15,"1,095.00",555.00,,
2020/03/05,27,DDBL,47.53,865.0,928.0,784.0,856.0,856.00,0.0,0.0,861.29,"27,432.00",868.00,"23,626,888.00",235,-12.0,144.0,-1.38,18.37,-0.62,"1,100.00",567.00,,
2020/07/05,24,DDBL,46.64,795.0,838.0,782.0,800.0,800.00,0.0,0.0,803.12,"5,667.00",791.00,"4,551,272.00",34,9.0,56.0,1.14,7.16,-0.39,"1,100.00",704.00,,
2020/07/28,25,DDBL,52.73,882.0,882.0,865.0,867.0,867.00,0.0,0.0,868.60,"14,003.00",870.00,"12,162,995.00",105,-3.0,17.0,-0.34,1.97,-0.18,"1,100.00",704.00,,
2020/08/23,27,DDBL,56.33,830.0,840.0,816.0,840.0,840.00,0.0,0.0,829.19,"6,281.00",820.00,"5,208,153.00",64,20.0,24.0,2.44,2.94,1.29,"1,100.00",704.00,,
2020/09/16,27,DDBL,43.89,878.0,881.0,871.0,876.0,876.00,0.0,0.0,877.85,"8,155.00",878.00,"7,158,907.00",65,-2.0,10.0,-0.23,1.15,-0.21,"1,100.00",704.00,,
2020/10/11,28,DDBL,50.19,852.0,862.0,846.0,852.0,852.00,0.0,0.0,853.89,"5,789.00",852.00,"4,943,173.00",62,0.0,16.0,0.0,1.89,-0.22,"1,100.00",710.00,,
2020/11/05,26,DDBL,60.45,984.0,985.0,967.0,971.0,971.00,0.0,0.0,971.66,"34,166.00",970.00,"33,197,797.00",207,1.0,18.0,0.1,1.86,-0.07,"1,100.00",710.00,,
2020/12/03,28,DDBL,66.52,1407.0,1474.0,1345.0,1430.0,"1,430.00",0.0,0.0,"1,428.69","79,987.00","1,340.00","114,276,369.00",814,90.0,129.00,6.72,9.59,0.09,"1,474.00",720.00,,
2020/12/27,27,DDBL,49.18,1397.0,1423.0,1390.0,1393.0,"1,393.00",0.0,0.0,"1,402.03","34,791.00","1,425.00","48,778,157.00",359,-32.0,33.0,-2.25,2.37,-0.65,"1,529.00",723.00,,
2021/01/20,29,DDBL,69.33,1670.0,1680.0,1635.0,1659.0,"1,659.00",0.0,0.0,"1,653.45","30,434.00","1,665.00","50,321,191.00",363,-6.0,45.0,-0.36,2.75,0.33,"1,740.00",723.00,,
2019/08/20,24,DDBL,29.46,750.0,757.0,748.0,757.0,757.00,0.0,0.0,751.52,"3,014.00",756.00,"2,265,073.00",25,1.0,9.0,0.13,1.2,0.72,801.00,555.00,,
2019/08/21,27,DDBL,25.7,758.0,758.0,749.0,755.0,755.00,0.0,0.0,751.99,"1,630.00",757.00,"1,225,750.00",14,-2.0,9.0,-0.26,1.2,0.4,801.00,555.00,,
2019/08/22,25,DDBL,24.32,760.0,760.0,749.0,750.0,750.00,0.0,0.0,750.46,747.00,755.00,"560,593.00",12,-5.0,11.0,-0.66,1.47,-0.06,801.00,555.00,,
2019/08/25,43,DDBL,37.56,855.0,861.0,850.0,858.0,858.00,0.0,0.0,854.19,"9,779.00",852.00,"8,353,168.60",71,6.0,11.0,0.7,1.29,0.44,"1,010.00",759.00,835.13,827.49
2019/08/26,24,DDBL,26.65,741.0,743.0,738.0,739.0,739.00,0.0,0.0,739.75,"1,140.00",745.00,"843,317.00",10,-6.0,5.0,-0.81,0.68,-0.1,801.00,555.00,,
2019/08/27,26,DDBL,42.99,739.0,750.0,735.0,745.0,745.00,0.0,0.0,742.51,"3,140.00",739.00,"2,331,475.00",16,6.0,15.0,0.81,2.04,0.33,801.00,555.00,,
2019/08/28,27,DDBL,42.55,745.0,745.0,740.0,745.0,745.00,0.0,0.0,740.99,"2,313.00",745.00,"1,713,920.00",18,0.0,5.0,0.0,0.68,0.54,801.00,555.00,,
2019/08/29,27,DDBL,51.61,744.0,755.0,740.0,755.0,755.00,0.0,0.0,743.09,"3,425.00",745.00,"2,545,075.00",16,10.0,15.0,1.34,2.03,1.58,801.00,555.00,,
2019/09/01,28,DDBL,49.52,740.0,749.0,730.0,749.0,749.00,0.0,0.0,732.37,"2,663.00",755.00,"1,950,295.00",30,-6.0,19.0,-0.79,2.6,2.22,801.00,555.00,,
2019/09/02,27,DDBL,43.88,740.0,740.0,722.0,724.0,724.00,0.0,0.0,734.09,"12,076.00",749.00,"8,864,905.00",67,-25.0,18.0,-3.34,2.49,-1.39,801.00,555.00,,
2019/09/03,26,DDBL,44.87,723.0,730.0,710.0,730.0,730.00,0.0,0.0,717.69,"6,149.00",724.00,"4,413,082.00",39,6.0,20.0,0.83,2.82,1.69,801.00,555.00,,
2019/09/04,24,DDBL,36.55,740.0,740.0,722.0,736.0,736.00,0.0,0.0,731.52,"1,983.00",730.00,"1,450,596.00",16,6.0,18.0,0.82,2.49,0.61,801.00,555.00,,
2019/09/05,24,DDBL,34.62,736.0,736.0,725.0,730.0,730.00,0.0,0.0,729.21,"3,255.00",736.00,"2,373,567.00",19,-6.0,11.0,-0.82,1.52,0.11,801.00,555.00,,
2019/09/08,23,DDBL,42.5,734.0,743.0,723.0,723.0,723.00,0.0,0.0,733.34,956.00,730.00,"701,071.00",14,-7.0,20.0,-0.96,2.77,-1.43,801.00,555.00,,
2019/09/09,29,DDBL,38.46,723.0,725.0,715.0,715.0,715.00,0.0,0.0,718.23,"3,134.00",723.00,"2,250,920.00",36,-8.0,10.0,-1.11,1.4,-0.45,801.00,555.00,,
2019/09/10,28,DDBL,37.57,713.0,720.0,710.0,710.0,710.00,0.0,0.0,715.83,"2,631.00",715.00,"1,883,340.00",34,-5.0,10.0,-0.7,1.41,-0.82,801.00,555.00,,
2019/07/28,25,DDBL,39.82,737.0,741.0,733.0,734.0,734.00,0.0,0.0,735.96,"7,279.00",752.00,"5,357,051.00",34,-18.0,8.0,-2.39,1.09,-0.27,774.00,555.00,,
2019/07/29,25,DDBL,37.19,735.0,748.0,735.0,740.0,740.00,0.0,0.0,742.08,"2,704.00",734.00,"2,006,579.00",21,6.0,13.0,0.82,1.77,-0.28,774.00,555.00,,
2019/07/30,26,DDBL,39.14,743.0,750.0,740.0,745.0,745.00,0.0,0.0,743.02,"3,459.00",740.00,"2,570,114.00",24,5.0,10.0,0.68,1.35,0.27,774.00,555.00,,
2019/07/31,27,DDBL,55.26,745.0,775.0,745.0,775.0,775.00,0.0,0.0,762.25,"5,915.00",745.00,"4,508,722.00",46,30.0,30.0,4.03,4.03,1.64,775.00,555.00,,
2019/08/01,26,DDBL,57.99,776.0,791.0,755.0,769.0,769.00,0.0,0.0,775.82,"10,638.00",775.00,"8,253,129.00",76,-6.0,36.0,-0.77,4.77,-0.89,791.00,555.00,,
2019/08/04,25,DDBL,54.27,762.0,795.0,762.0,794.0,794.00,0.0,0.0,778.42,"8,032.00",769.00,"6,252,230.00",83,25.0,33.0,3.25,4.33,1.96,795.00,555.00,,
2019/08/05,26,DDBL,53.07,794.0,801.0,772.0,772.0,772.00,0.0,0.0,783.54,"11,379.00",794.00,"8,915,880.00",76,-22.0,29.0,-2.77,3.76,-1.49,801.00,555.00,,
2019/08/06,27,DDBL,35.01,772.0,772.0,750.0,762.0,762.00,0.0,0.0,757.82,"2,397.00",772.00,"1,816,499.00",22,-10.0,22.0,-1.3,2.93,0.55,801.00,555.00,,
2019/08/07,28,DDBL,39.25,765.0,770.0,755.0,766.0,766.00,0.0,0.0,765.72,"1,545.00",762.00,"1,183,037.00",18,4.0,15.0,0.52,1.99,0.04,801.00,555.00,,
2019/08/08,28,DDBL,33.16,758.0,762.0,756.0,756.0,756.00,0.0,0.0,758.27,955.00,766.00,"724,145.00",9,-10.0,6.0,-1.31,0.79,-0.3,801.00,555.00,,
2019/08/11,25,DDBL,34.94,752.0,755.0,749.0,753.0,753.00,0.0,0.0,751.76,"3,161.00",756.00,"2,376,329.00",25,-3.0,6.0,-0.4,0.8,0.16,801.00,555.00,,
2019/08/12,26,DDBL,33.68,760.0,765.0,751.0,752.0,752.00,0.0,0.0,757.61,"2,080.00",753.00,"1,575,830.00",17,-1.0,14.0,-0.13,1.86,-0.75,801.00,555.00,,
2019/08/13,25,DDBL,34.18,756.0,757.0,748.0,757.0,757.00,0.0,0.0,750.24,"2,949.00",752.00,"2,212,454.00",24,5.0,9.0,0.66,1.2,0.89,801.00,555.00,,
2019/08/14,28,DDBL,37.4,751.0,760.0,750.0,760.0,760.00,0.0,0.0,754.34,"1,746.00",757.00,"1,317,077.00",23,3.0,10.0,0.4,1.33,0.74,801.00,555.00,,
2019/08/15,25,DDBL,45.71,755.0,765.0,755.0,765.0,765.00,0.0,0.0,762.20,"1,355.00",760.00,"1,032,775.00",8,5.0,10.0,0.66,1.32,0.37,801.00,555.00,,
2019/08/18,24,DDBL,31.82,753.0,755.0,751.0,752.0,752.00,0.0,0.0,753.05,"1,903.00",765.00,"1,433,057.00",18,-13.0,4.0,-1.7,0.53,-0.14,801.00,555.00,,
2019/07/03,23,DDBL,50.97,705.0,727.0,705.0,727.0,727.00,0.0,0.0,714.69,"2,069.00",708.00,"1,478,685.00",16,19.0,22.0,2.68,3.12,1.69,797.00,555.00,,
2019/07/04,26,DDBL,46.02,727.0,727.0,715.0,715.0,715.00,0.0,0.0,719.69,"1,038.00",727.00,"747,035.00",12,-12.0,12.0,-1.65,1.68,-0.66,797.00,555.00,,
2019/07/07,25,DDBL,34.64,713.0,727.0,710.0,710.0,710.00,0.0,0.0,715.52,"1,411.00",715.00,"1,009,596.00",18,-5.0,17.0,-0.7,2.39,-0.78,797.00,555.00,,
2019/07/08,24,DDBL,41.99,710.0,720.0,706.0,712.0,712.00,0.0,0.0,711.82,"2,456.00",710.00,"1,748,236.00",19,2.0,14.0,0.28,1.98,0.02,797.00,555.00,,
2019/07/09,26,DDBL,37.06,710.0,715.0,705.0,715.0,715.00,0.0,0.0,710.70,"5,336.00",712.00,"3,792,277.00",45,3.0,10.0,0.42,1.42,0.6,779.00,555.00,,
2019/07/10,27,DDBL,47.32,722.0,724.0,722.0,724.0,724.00,0.0,0.0,722.73,"1,926.00",715.00,"1,391,977.00",15,9.0,2.0,1.26,0.28,0.18,779.00,555.00,,
2019/07/11,26,DDBL,46.67,710.0,714.0,710.0,713.0,713.00,0.0,0.0,710.55,"2,950.00",724.00,"2,096,130.00",21,-11.0,4.0,-1.52,0.56,0.34,779.00,555.00,,
2019/07/14,24,DDBL,36.69,713.0,715.0,713.0,715.0,715.00,0.0,0.0,714.72,864.00,713.00,"617,516.00",13,2.0,2.0,0.28,0.28,0.04,770.00,555.00,,
2019/07/15,24,DDBL,34.94,717.0,717.0,717.0,717.0,717.00,0.0,0.0,717.00,157.00,715.00,"112,569.00",2,2.0,0.0,0.28,0.0,0.0,770.00,555.00,,
2019/07/16,25,DDBL,39.82,752.0,752.0,720.0,722.0,722.00,0.0,0.0,721.72,"2,623.00",717.00,"1,893,078.00",13,5.0,32.0,0.7,4.44,0.04,770.00,555.00,,
2019/07/17,25,DDBL,52.25,729.0,735.0,722.0,729.0,729.00,0.0,0.0,726.48,"17,117.00",722.00,"12,435,203.00",36,7.0,13.0,0.97,1.8,0.35,770.00,555.00,,
2019/07/18,23,DDBL,49.19,730.0,740.0,730.0,735.0,735.00,0.0,0.0,734.14,"1,576.00",729.00,"1,157,003.00",13,6.0,10.0,0.82,1.37,0.12,770.00,555.00,,
2019/07/21,27,DDBL,49.18,740.0,740.0,730.0,735.0,735.00,0.0,0.0,733.13,"5,010.00",735.00,"3,672,995.00",27,0.0,10.0,0.0,1.37,0.25,770.00,555.00,,
2019/07/22,25,DDBL,55.4,739.0,749.0,735.0,749.0,749.00,0.0,0.0,737.31,"5,452.00",735.00,"4,019,834.00",35,14.0,14.0,1.9,1.9,1.56,770.00,555.00,,
2019/07/23,25,DDBL,57.37,754.0,758.0,745.0,755.0,755.00,0.0,0.0,752.42,"6,963.00",749.00,"5,239,101.00",48,6.0,13.0,0.8,1.74,0.34,770.00,555.00,,
2019/07/24,25,DDBL,58.1,759.0,774.0,758.0,768.0,768.00,0.0,0.0,767.63,"7,060.00",755.00,"5,419,446.00",50,13.0,16.0,1.72,2.11,0.05,774.00,555.00,,
2019/06/10,26,DDBL,-,702.0,703.0,697.0,699.0,699.00,0.0,0.0,699.58,"3,495.00",700.00,"2,445,035.00",42,-1.0,6.0,-0.14,0.86,-0.08,797.00,555.00,,
2019/06/11,27,DDBL,-,703.0,706.0,702.0,702.0,702.00,0.0,0.0,704.06,"2,020.00",699.00,"1,422,198.00",14,3.0,4.0,0.43,0.57,-0.29,797.00,555.00,,
2019/06/12,26,DDBL,-,696.0,718.0,696.0,707.0,707.00,0.0,0.0,708.56,"7,304.00",702.00,"5,175,349.00",20,5.0,22.0,0.71,3.16,-0.22,797.00,555.00,,
2019/06/13,26,DDBL,-,702.0,710.0,702.0,707.0,707.00,0.0,0.0,707.03,"4,780.00",707.00,"3,379,597.00",14,0.0,8.0,0.0,1.14,0.0,797.00,555.00,,
2019/06/16,26,DDBL,-,710.0,710.0,695.0,695.0,695.00,0.0,0.0,697.00,"7,613.00",707.00,"5,306,260.00",33,-12.0,15.0,-1.7,2.16,-0.29,797.00,555.00,,
2019/06/17,25,DDBL,-,695.0,708.0,690.0,695.0,695.00,0.0,0.0,699.90,"3,195.00",695.00,"2,236,192.00",21,0.0,18.0,0.0,2.61,-0.71,797.00,555.00,,
2019/06/18,26,DDBL,-,696.0,702.0,696.0,701.0,701.00,0.0,0.0,700.34,"2,609.00",695.00,"1,827,190.00",16,6.0,6.0,0.86,0.86,0.09,797.00,555.00,,
2019/06/19,23,DDBL,41.16,695.0,698.0,695.0,697.0,697.00,0.0,0.0,696.46,184.00,701.00,"128,149.00",5,-4.0,3.0,-0.57,0.43,0.08,797.00,555.00,,
2019/06/20,25,DDBL,50.55,695.0,719.0,695.0,710.0,710.00,0.0,0.0,707.07,"1,012.00",697.00,"715,555.00",10,13.0,24.0,1.87,3.45,0.41,797.00,555.00,,
2019/06/23,27,DDBL,57.1,710.0,710.0,700.0,702.0,702.00,0.0,0.0,701.27,"33,193.00",710.00,"23,277,348.00",33,-8.0,10.0,-1.13,1.43,0.1,797.00,555.00,,
2019/06/24,27,DDBL,59.11,709.0,711.0,705.0,711.0,711.00,0.0,0.0,708.45,"29,916.00",702.00,"21,193,976.00",17,9.0,6.0,1.28,0.85,0.36,797.00,555.00,,
2019/06/25,25,DDBL,50.12,724.0,724.0,714.0,715.0,715.00,0.0,0.0,715.44,778.00,711.00,"556,614.00",11,4.0,10.0,0.56,1.4,-0.06,797.00,555.00,,
2019/06/26,26,DDBL,46.87,713.0,713.0,711.0,711.0,711.00,0.0,0.0,711.31,999.00,715.00,"710,603.00",10,-4.0,2.0,-0.56,0.28,-0.04,797.00,555.00,,
2019/06/27,26,DDBL,53.73,701.0,715.0,701.0,706.0,706.00,0.0,0.0,706.26,"5,605.00",711.00,"3,958,615.00",13,-5.0,14.0,-0.7,2.0,-0.04,797.00,555.00,,
2019/06/30,25,DDBL,43.01,705.0,707.0,705.0,705.0,705.00,0.0,0.0,705.47,"5,260.00",706.00,"3,710,784.00",19,-1.0,2.0,-0.14,0.28,-0.07,797.00,555.00,,
2019/07/01,24,DDBL,45.35,701.0,710.0,700.0,710.0,710.00,0.0,0.0,705.20,"8,165.00",705.00,"5,757,943.00",28,5.0,10.0,0.71,1.43,0.68,797.00,555.00,,
2019/05/14,28,DDBL,-,739.0,770.0,736.0,744.0,744.00,0.0,0.0,746.42,"7,151.00",733.00,"5,337,672.00",47,11.00,34.0,1.5,4.62,-0.33,875.00,555.00,,
2019/05/15,28,DDBL,-,746.0,761.0,745.0,745.0,745.00,0.0,0.0,750.44,"9,827.00",744.00,"7,374,543.00",46,1.0,16.00,0.13,2.15,-0.73,875.00,555.00,,
2019/05/16,28,DDBL,-,745.0,751.0,742.0,743.0,743.00,0.0,0.0,747.72,"3,171.00",745.00,"2,371,009.00",21,-2.0,9.00,-0.27,1.21,-0.63,875.00,555.00,,
2019/05/19,31,DDBL,-,743.0,749.0,738.0,749.0,749.00,0.0,0.0,743.71,"3,814.00",743.00,"2,836,513.00",23,6.0,11.0,0.81,1.49,0.71,875.00,555.00,,
2019/05/20,26,DDBL,-,740.0,740.0,735.0,740.0,740.00,0.0,0.0,737.20,"2,797.00",749.00,"2,061,955.00",14,-9.0,5.0,-1.2,0.68,0.38,875.00,555.00,,
2019/05/21,29,DDBL,-,732.0,736.0,730.0,735.0,735.00,0.0,0.0,733.88,944.00,740.00,"692,784.00",5,-5.0,6.0,-0.68,0.82,0.15,875.00,555.00,,
2019/05/22,28,DDBL,-,749.0,749.0,739.0,740.0,740.00,0.0,0.0,742.30,"3,867.00",735.00,"2,870,458.00",20,5.0,10.0,0.68,1.35,-0.31,867.00,555.00,,
2019/05/23,27,DDBL,-,740.0,740.0,735.0,735.0,735.00,0.0,0.0,738.46,"1,927.00",740.00,"1,423,010.00",14,-5.0,5.0,-0.68,0.68,-0.47,867.00,555.00,,
2019/05/26,26,DDBL,-,735.0,735.0,726.0,728.0,728.00,0.0,0.0,728.19,"1,362.00",735.00,"991,795.00",11,-7.0,9.0,-0.95,1.24,-0.03,867.00,555.00,,
2019/05/27,27,DDBL,-,742.0,742.0,719.0,730.0,730.00,0.0,0.0,727.62,"2,794.00",728.00,"2,032,968.00",14,2.0,23.0,0.27,3.2,0.33,867.00,555.00,,
2019/05/28,27,DDBL,-,726.0,726.0,721.0,721.0,721.00,0.0,0.0,724.01,710.00,730.00,"514,050.00",12,-9.0,5.0,-1.23,0.69,-0.42,867.00,555.00,,
2019/05/29,28,DDBL,-,735.0,740.0,721.0,724.0,724.00,0.0,0.0,731.56,"1,274.00",721.00,"932,005.00",17,3.0,19.0,0.42,2.64,-1.04,867.00,555.00,,
2019/05/30,27,DDBL,-,737.0,752.0,730.0,730.0,730.00,0.0,0.0,741.02,"2,362.00",724.00,"1,750,296.00",26,6.0,22.0,0.83,3.01,-1.51,867.00,555.00,,
2019/06/02,43,DDBL,37.56,855.0,861.0,850.0,858.0,858.00,0.0,0.0,854.19,"9,779.00",852.00,"8,353,168.60",71,6.0,11.0,0.7,1.29,0.44,"1,010.00",759.00,835.13,827.49
2019/06/03,29,DDBL,-,715.0,726.0,715.0,715.0,715.00,0.0,0.0,717.43,"2,315.00",721.00,"1,660,862.00",23,-6.0,11.0,-0.83,1.54,-0.34,822.00,555.00,,
2019/06/04,28,DDBL,-,720.0,720.0,699.0,699.0,699.00,0.0,0.0,709.16,"3,121.00",715.00,"2,213,294.00",28,-16.0,21.0,-2.24,3.0,-1.45,819.00,555.00,,
2019/04/18,25,DDBL,-,623.0,684.0,623.0,678.0,678.00,0.0,0.0,674.24,"4,832.00",655.00,"3,257,921.00",55,23.0,61.0,3.51,9.79,0.55,952.00,555.00,,
2019/04/21,43,DDBL,37.56,855.0,861.0,850.0,858.0,858.00,0.0,0.0,854.19,"9,779.00",852.00,"8,353,168.60",71,6.0,11.0,0.7,1.29,0.44,"1,010.00",759.00,835.13,827.49
2019/04/22,30,DDBL,-,688.0,700.0,668.0,668.0,668.00,0.0,0.0,689.83,"8,123.00",695.00,"5,603,455.00",53,-27.0,32.0,-3.88,4.79,-3.27,952.00,555.00,,
2019/04/23,28,DDBL,-,681.0,681.0,670.0,670.0,670.00,0.0,0.0,672.68,"2,401.00",668.00,"1,615,093.00",27,2.0,11.0,0.3,1.64,-0.4,952.00,555.00,,
2019/04/24,28,DDBL,-,661.0,688.0,661.0,675.0,675.00,0.0,0.0,681.19,"2,509.00",670.00,"1,709,099.00",28,5.0,27.0,0.75,4.08,-0.92,920.00,555.00,,
2019/04/25,27,DDBL,-,687.0,710.0,675.0,690.0,690.00,0.0,0.0,690.71,"4,098.00",675.00,"2,830,513.00",28,15.0,35.0,2.22,5.19,-0.1,920.00,555.00,,
2019/04/28,29,DDBL,-,703.0,759.0,703.0,759.0,759.00,0.0,0.0,729.63,"23,232.00",690.00,"16,950,812.00",142,69.0,56.0,10.0,7.97,3.87,920.00,555.00,,
2019/04/29,27,DDBL,-,760.0,760.0,730.0,743.0,743.00,0.0,0.0,741.29,"9,783.00",759.00,"7,252,070.00",76,-16.0,30.0,-2.11,4.11,0.23,920.00,555.00,,
2019/04/30,28,DDBL,-,749.0,750.0,725.0,725.0,725.00,0.0,0.0,735.77,"3,357.00",743.00,"2,469,967.00",35,-18.0,25.0,-2.42,3.45,-1.48,920.00,555.00,,
2019/05/02,28,DDBL,-,725.0,738.0,720.0,734.0,734.00,0.0,0.0,727.44,"5,043.00",725.00,"3,668,497.00",32,9.0,18.0,1.24,2.5,0.89,920.00,555.00,,
2019/05/05,28,DDBL,-,720.0,730.0,711.0,711.0,711.00,0.0,0.0,718.04,"1,718.00",734.00,"1,233,595.00",23,-23.0,19.0,-3.13,2.67,-0.99,901.00,555.00,,
2019/05/06,29,DDBL,-,725.0,747.0,715.0,733.0,733.00,0.0,0.0,724.33,"17,829.00",711.00,"12,914,080.00",95,22.0,32.0,3.09,4.48,1.18,901.00,555.00,,
2019/05/07,27,DDBL,-,738.0,741.0,730.0,734.0,734.00,0.0,0.0,735.04,"6,105.00",733.00,"4,487,434.00",42,1.0,11.0,0.14,1.51,-0.14,901.00,555.00,,
2019/05/08,28,DDBL,-,731.0,745.0,731.0,742.0,742.00,0.0,0.0,738.47,"2,287.00",734.00,"1,688,877.00",18,8.0,14.0,1.09,1.92,0.48,901.00,555.00,,
2019/05/09,26,DDBL,-,730.0,750.0,730.0,750.0,750.00,0.0,0.0,743.04,"4,727.00",742.00,"3,512,337.00",17,8.0,20.0,1.08,2.74,0.93,900.00,555.00,,
2019/05/12,28,DDBL,-,735.0,741.0,735.0,740.0,740.00,0.0,0.0,738.67,497.00,750.00,"367,119.00",7,-10.0,6.0,-1.33,0.82,0.18,875.00,555.00,,
2019/03/25,27,DDBL,-,591.0,600.0,580.0,581.0,581.00,0.0,0.0,583.95,"3,325.00",580.00,"1,941,640.00",21,1.0,20.0,0.17,3.45,-0.51,952.00,555.00,,
2019/03/26,29,DDBL,-,575.0,586.0,575.0,583.0,583.00,0.0,0.0,581.82,"1,231.00",581.00,"716,221.00",18,2.0,11.0,0.34,1.91,0.2,952.00,555.00,,
2019/03/27,26,DDBL,-,585.0,593.0,583.0,590.0,590.00,0.0,0.0,587.37,"1,309.00",583.00,"768,869.00",15,7.0,10.0,1.2,1.72,0.45,952.00,555.00,,
2019/03/28,28,DDBL,-,588.0,590.0,583.0,590.0,590.00,0.0,0.0,586.55,"1,292.00",590.00,"757,820.00",14,0.0,7.0,0.0,1.2,0.59,952.00,555.00,,
2019/03/31,28,DDBL,-,585.0,591.0,585.0,585.0,585.00,0.0,0.0,588.95,"2,556.00",590.00,"1,505,357.00",26,-5.0,6.0,-0.85,1.03,-0.68,952.00,555.00,,
2019/04/01,26,DDBL,-,581.0,590.0,581.0,586.0,586.00,0.0,0.0,587.70,"3,758.00",585.00,"2,208,587.00",32,1.0,9.0,0.17,1.55,-0.29,952.00,555.00,,
2019/04/02,26,DDBL,-,597.0,597.0,585.0,585.0,585.00,0.0,0.0,588.69,847.00,586.00,"498,620.00",13,-1.0,12.0,-0.17,2.05,-0.63,952.00,555.00,,
2019/04/03,25,DDBL,-,590.0,590.0,583.0,583.0,583.00,0.0,0.0,585.52,"1,482.00",585.00,"867,736.00",14,-2.0,7.0,-0.34,1.2,-0.43,952.00,555.00,,
2019/04/04,28,DDBL,-,591.0,591.0,585.0,585.0,585.00,0.0,0.0,587.14,"1,100.00",583.00,"645,850.00",13,2.0,6.0,0.34,1.03,-0.37,952.00,555.00,,
2019/04/07,27,DDBL,-,585.0,596.0,585.0,596.0,596.00,0.0,0.0,588.05,"2,980.00",585.00,"1,752,393.00",27,11.0,11.0,1.88,1.88,1.33,952.00,555.00,,
2019/04/08,28,DDBL,-,595.0,619.0,595.0,613.0,613.00,0.0,0.0,606.29,"6,731.00",596.00,"4,080,913.00",52,17.0,24.0,2.85,4.03,1.1,952.00,555.00,,
2019/04/09,27,DDBL,-,610.0,610.0,591.0,593.0,593.00,0.0,0.0,597.55,"3,823.00",613.00,"2,284,439.00",22,-20.0,19.0,-3.26,3.21,-0.77,952.00,555.00,,
2019/04/10,25,DDBL,-,590.0,599.0,588.0,599.0,599.00,0.0,0.0,593.58,"1,000.00",593.00,"593,579.00",13,6.0,11.0,1.01,1.87,0.91,952.00,555.00,,
2019/04/11,27,DDBL,-,597.0,599.0,593.0,593.0,593.00,0.0,0.0,593.76,"9,100.00",599.00,"5,403,220.00",23,-6.0,6.0,-1.0,1.01,-0.13,952.00,555.00,,
2019/04/15,26,DDBL,-,600.0,630.0,595.0,630.0,630.00,0.0,0.0,618.30,"6,618.00",593.00,"4,091,941.00",65,37.0,35.0,6.24,5.88,1.86,952.00,555.00,,
2019/04/16,28,DDBL,-,636.0,668.0,635.0,665.0,665.00,0.0,0.0,651.21,"14,106.00",630.00,"9,186,008.00",115,35.0,33.0,5.56,5.2,2.07,952.00,555.00,,
2019/02/25,27,DDBL,-,573.0,580.0,573.0,580.0,580.00,0.0,0.0,579.32,412.00,562.00,"238,680.00",4,18.0,7.0,3.2,1.22,0.12,952.00,555.00,,
2019/02/26,26,DDBL,-,579.0,580.0,578.0,580.0,580.00,0.0,0.0,579.11,474.00,580.00,"274,499.00",6,0.0,2.0,0.0,0.35,0.15,952.00,555.00,,
2019/02/27,26,DDBL,-,580.0,585.0,575.0,575.0,575.00,0.0,0.0,580.06,"1,193.00",580.00,"692,014.00",14,-5.0,10.00,-0.86,1.74,-0.88,952.00,555.00,,
2019/03/03,25,DDBL,-,575.0,577.0,572.0,572.0,572.00,0.0,0.0,574.13,691.00,575.00,"396,722.00",12,-3.0,5.0,-0.52,0.87,-0.37,952.00,555.00,,
2019/03/05,27,DDBL,-,568.0,584.0,567.0,584.0,584.00,0.0,0.0,578.59,"1,121.00",572.00,"648,603.00",18,12.0,17.0,2.1,3.0,0.93,952.00,555.00,,
2019/03/06,27,DDBL,-,578.0,595.0,578.0,595.0,595.00,0.0,0.0,585.15,"2,101.00",584.00,"1,229,390.00",25,11.0,17.0,1.88,2.94,1.66,952.00,555.00,,
2019/03/07,28,DDBL,-,595.0,598.0,590.0,598.0,598.00,0.0,0.0,594.83,"6,521.00",595.00,"3,878,879.00",31,3.0,8.0,0.5,1.36,0.53,952.00,555.00,,
2019/03/10,43,DDBL,37.56,855.0,861.0,850.0,858.0,858.00,0.0,0.0,854.19,"9,779.00",852.00,"8,353,168.60",71,6.0,11.0,0.7,1.29,0.44,"1,010.00",759.00,835.13,827.49
2019/03/11,27,DDBL,-,592.0,615.0,592.0,602.0,602.00,0.0,0.0,600.90,"3,607.00",592.00,"2,167,453.00",39,10.0,23.0,1.69,3.89,0.18,952.00,555.00,,
2019/03/12,30,DDBL,-,610.0,613.0,595.0,605.0,605.00,0.0,0.0,605.12,"5,560.00",602.00,"3,364,472.00",43,3.0,18.0,0.5,3.03,-0.02,952.00,555.00,,
2019/03/13,27,DDBL,-,606.0,606.0,596.0,596.0,596.00,0.0,0.0,598.86,"4,667.00",605.00,"2,794,858.00",23,-9.0,10.0,-1.49,1.68,-0.48,952.00,555.00,,
2019/03/14,27,DDBL,-,599.0,607.0,594.0,600.0,600.00,0.0,0.0,598.92,"1,985.00",596.00,"1,188,850.00",19,4.0,13.0,0.67,2.19,0.18,952.00,555.00,,
2019/03/17,28,DDBL,-,610.0,610.0,595.0,600.0,600.00,0.0,0.0,599.65,859.00,600.00,"515,102.00",13,0.0,15.0,0.0,2.52,0.06,952.00,555.00,,
2019/03/18,27,DDBL,-,599.0,600.0,596.0,596.0,596.00,0.0,0.0,599.36,"3,646.00",600.00,"2,185,260.00",20,-4.0,4.0,-0.67,0.67,-0.56,952.00,555.00,,
2019/03/19,27,DDBL,-,591.0,591.0,585.0,587.0,587.00,0.0,0.0,586.42,"1,250.00",596.00,"733,023.00",16,-9.0,6.0,-1.51,1.03,0.1,952.00,555.00,,
2019/03/21,28,DDBL,-,587.0,588.0,581.0,585.0,585.00,0.0,0.0,584.07,"2,322.00",587.00,"1,356,200.00",20,-2.0,7.0,-0.34,1.2,0.16,952.00,555.00,,
2019/01/31,27,DDBL,-,590.0,595.0,580.0,580.0,580.00,0.0,0.0,583.82,"5,546.00",580.00,"3,237,880.00",30,0.0,15.0,0.0,2.59,-0.66,952.00,556.00,,
2019/02/03,28,DDBL,-,580.0,581.0,576.0,576.0,576.00,0.0,0.0,579.96,755.00,580.00,"437,870.00",8,-4.0,5.0,-0.69,0.87,-0.69,952.00,556.00,,
2019/02/04,25,DDBL,-,587.0,587.0,570.0,577.0,577.00,0.0,0.0,577.87,"4,644.00",576.00,"2,683,644.00",50,1.0,17.0,0.17,2.98,-0.15,952.00,556.00,,
2019/02/05,27,DDBL,-,580.0,590.0,571.0,590.0,590.00,0.0,0.0,581.21,"2,518.00",577.00,"1,463,495.00",30,13.0,19.0,2.25,3.33,1.49,952.00,556.00,,
2019/02/06,27,DDBL,-,598.0,600.0,575.0,580.0,580.00,0.0,0.0,579.81,"4,506.00",590.00,"2,612,609.00",31,-10.0,25.0,-1.69,4.35,0.03,952.00,556.00,,
2019/02/07,26,DDBL,-,581.0,581.0,573.0,573.0,573.00,0.0,0.0,576.99,"4,420.00",580.00,"2,550,278.00",24,-7.0,8.0,-1.21,1.4,-0.7,952.00,556.00,,
2019/02/10,22,DDBL,-,584.0,584.0,565.0,575.0,575.00,0.0,0.0,570.86,709.00,573.00,"404,739.00",14,2.0,19.0,0.35,3.36,0.72,952.00,556.00,,
2019/02/11,28,DDBL,-,580.0,581.0,573.0,578.0,578.00,0.0,0.0,577.83,881.00,575.00,"509,068.00",10,3.0,8.0,0.52,1.4,0.03,952.00,556.00,,
2019/02/12,27,DDBL,-,575.0,578.0,569.0,578.0,578.00,0.0,0.0,574.15,"1,682.00",578.00,"965,728.00",19,0.0,9.0,0.0,1.58,0.67,952.00,556.00,,
2019/02/13,30,DDBL,-,575.0,578.0,567.0,578.0,578.00,0.0,0.0,570.82,"1,695.00",578.00,"967,546.00",13,0.00,11.0,0.0,1.94,1.24,952.00,556.00,,
2019/02/14,25,DDBL,-,567.0,585.0,567.0,585.0,585.00,0.0,0.0,570.61,899.00,578.00,"512,976.00",11,7.0,18.0,1.21,3.17,2.46,952.00,556.00,,
2019/02/17,26,DDBL,-,575.0,578.0,555.0,568.0,568.00,0.0,0.0,567.37,"1,455.00",585.00,"825,520.00",27,-17.0,23.0,-2.91,4.14,0.11,952.00,555.00,,
2019/02/18,24,DDBL,-,559.0,570.0,557.0,560.0,560.00,0.0,0.0,559.92,567.00,568.00,"317,472.00",10,-8.0,13.0,-1.41,2.33,0.02,952.00,555.00,,
2019/02/19,25,DDBL,-,570.0,600.0,561.0,600.0,600.00,0.0,0.0,570.82,"3,512.00",560.00,"2,004,732.00",28,40.0,39.0,7.14,6.95,4.86,952.00,555.00,,
2019/02/20,24,DDBL,-,600.0,601.0,578.0,580.0,580.00,0.0,0.0,586.23,392.00,600.00,"229,802.00",9,-20.0,23.0,-3.33,3.98,-1.07,952.00,555.00,,
2019/02/21,26,DDBL,-,575.0,580.0,575.0,579.0,579.00,0.0,0.0,576.50,340.00,580.00,"196,010.00",7,-1.0,5.0,-0.17,0.87,0.43,952.00,555.00,,
2019/01/08,24,DDBL,-,635.0,652.0,623.0,652.0,652.00,0.0,0.0,639.71,"15,029.00",635.00,"9,614,246.00",33,17.0,29.0,2.68,4.65,1.88,952.00,561.00,,
2019/01/09,25,DDBL,-,658.0,660.0,636.0,641.0,641.00,0.0,0.0,640.85,"4,704.00",652.00,"3,014,560.00",57,-11.0,24.0,-1.69,3.77,0.02,952.00,561.00,,
2019/01/10,24,DDBL,-,574.0,580.0,566.0,580.0,580.00,0.0,0.0,574.67,381.00,582.73,"218,950.00",11,-3.0,14.0,-0.47,2.47,0.92,952.00,561.00,,
2019/01/13,22,DDBL,-,570.0,570.0,559.0,565.0,565.00,0.0,0.0,564.54,775.00,580.00,"437,516.00",10,-15.0,11.0,-2.59,1.97,0.08,952.00,559.00,,
2019/01/14,23,DDBL,-,556.0,575.0,556.0,575.0,575.00,0.0,0.0,564.27,"1,911.00",565.00,"1,078,316.00",19,10.0,19.0,1.77,3.42,1.87,952.00,556.00,,
2019/01/15,25,DDBL,-,575.0,597.0,574.0,590.0,590.00,0.0,0.0,586.94,"2,072.00",575.00,"1,216,131.00",25,15.0,23.0,2.61,4.01,0.52,952.00,556.00,,
2019/01/16,25,DDBL,-,590.0,609.0,579.0,580.0,580.00,0.0,0.0,589.33,"2,510.00",590.00,"1,479,220.00",29,-10.0,30.0,-1.69,5.18,-1.61,952.00,556.00,,
2019/01/17,25,DDBL,-,580.0,590.0,576.0,583.0,583.00,0.0,0.0,580.78,"1,266.00",580.00,"735,270.00",17,3.0,14.0,0.52,2.43,0.38,952.00,556.00,,
2019/01/20,21,DDBL,-,572.0,580.0,572.0,580.0,580.00,0.0,0.0,574.88,165.00,583.00,"94,855.00",3,-3.0,8.0,-0.51,1.4,0.88,952.00,556.00,,
2019/01/21,27,DDBL,-,575.0,575.0,568.0,575.0,575.00,0.0,0.0,571.09,"1,237.00",580.00,"706,433.00",15,-5.0,7.0,-0.86,1.23,0.68,952.00,556.00,,
2019/01/22,23,DDBL,-,578.0,578.0,575.0,577.0,577.00,0.0,0.0,576.10,586.00,575.00,"337,595.00",11,2.00,3.00,0.35,0.52,0.16,952.00,556.00,,
2019/01/23,21,DDBL,-,572.0,579.0,570.0,579.0,579.00,0.0,0.0,573.17,353.00,577.00,"202,330.00",10,2.0,9.0,0.35,1.58,1.01,952.00,556.00,,
2019/01/24,25,DDBL,-,575.0,585.0,570.0,585.0,585.00,0.0,0.0,574.85,"6,154.00",579.00,"3,537,640.00",15,6.0,15.00,1.04,2.63,1.73,952.00,556.00,,
2019/01/27,23,DDBL,-,574.0,579.0,566.0,579.0,579.00,0.0,0.0,571.52,"1,080.00",585.00,"617,240.00",12,-6.0,13.0,-1.03,2.3,1.29,952.00,556.00,,
2019/01/28,25,DDBL,-,570.0,580.0,569.0,580.0,580.00,0.0,0.0,570.16,250.00,579.00,"142,540.00",4,1.0,11.0,0.17,1.93,1.7,952.00,556.00,,
2019/01/29,25,DDBL,-,575.0,579.0,575.0,579.0,579.00,0.0,0.0,576.91,314.00,580.00,"181,150.00",6,-1.0,4.0,-0.17,0.7,0.36,952.00,556.00,,
2018/12/16,21,DDBL,-,590.0,605.0,582.0,605.0,605.00,0.0,0.0,596.24,"2,238.00",585.00,"1,334,391.00",22,20.0,23.0,3.42,3.95,1.45,"1,117.00",561.00,,
2018/12/17,24,DDBL,-,614.0,624.0,614.0,622.0,622.00,0.0,0.0,617.83,"1,077.00",605.00,"665,406.00",15,17.0,10.0,2.81,1.63,0.67,"1,117.00",561.00,,
2018/12/18,24,DDBL,-,624.0,624.0,598.0,610.0,610.00,0.0,0.0,606.63,"3,341.00",622.00,"2,026,736.00",26,-12.0,26.0,-1.93,4.35,0.55,"1,117.00",561.00,,
2018/12/19,22,DDBL,-,614.0,614.0,603.0,608.0,608.00,0.0,0.0,608.11,"1,153.00",610.00,"701,150.00",13,-2.0,11.0,-0.33,1.82,-0.02,"1,110.00",561.00,,
2018/12/20,26,DDBL,-,598.0,601.0,598.0,601.0,601.00,0.0,0.0,600.25,400.00,608.00,"240,100.00",3,-7.0,3.0,-1.15,0.5,0.12,"1,105.00",561.00,,
2018/12/23,23,DDBL,-,613.0,650.0,611.0,638.0,638.00,0.0,0.0,626.74,"5,714.00",601.00,"3,581,220.00",48,37.0,39.0,6.16,6.38,1.76,"1,090.00",561.00,,
2018/12/24,26,DDBL,-,650.0,650.0,626.0,630.0,630.00,0.0,0.0,639.56,"2,406.00",638.00,"1,538,789.00",26,-8.0,24.0,-1.25,3.83,-1.52,"1,090.00",561.00,,
2018/12/25,26,DDBL,-,625.0,628.0,613.0,625.0,625.00,0.0,0.0,621.48,926.00,630.00,"575,491.00",13,-5.0,15.0,-0.79,2.45,0.56,"1,047.00",561.00,,
2018/12/26,26,DDBL,-,637.0,660.0,637.0,660.0,660.00,0.0,0.0,651.46,"5,382.00",625.00,"3,506,174.00",31,35.0,23.0,5.6,3.61,1.29,"1,047.00",561.00,,
2018/12/27,24,DDBL,-,673.0,686.0,660.0,660.0,660.00,0.0,0.0,670.74,"14,307.00",660.00,"9,596,307.00",92,0.0,26.0,0.0,3.94,-1.63,"1,040.00",561.00,,
2018/12/30,23,DDBL,-,673.0,679.0,660.0,660.0,660.00,0.0,0.0,667.57,"1,552.00",660.00,"1,036,073.00",19,0.0,19.0,0.0,2.88,-1.15,952.00,561.00,,
2018/12/31,25,DDBL,-,670.0,670.0,644.0,644.0,644.00,0.0,0.0,656.75,"4,198.00",660.00,"2,757,038.00",18,-16.0,26.0,-2.42,4.04,-1.98,952.00,561.00,,
2019/01/01,21,DDBL,-,656.0,656.0,646.0,652.0,652.00,0.0,0.0,648.90,"3,031.00",644.00,"1,966,812.00",20,8.0,10.0,1.24,1.55,0.48,952.00,561.00,,
2019/01/02,23,DDBL,-,652.0,659.0,640.0,640.0,640.00,0.0,0.0,649.91,"1,856.00",652.00,"1,206,233.00",30,-12.0,19.0,-1.84,2.97,-1.55,952.00,561.00,,
2019/01/03,24,DDBL,-,652.0,653.0,640.0,640.0,640.00,0.0,0.0,645.66,714.00,640.00,"461,004.00",12,0.0,13.0,0.0,2.03,-0.88,952.00,561.00,,
2019/01/06,25,DDBL,-,651.0,651.0,614.0,620.0,620.00,0.0,0.0,619.42,"4,201.00",640.00,"2,602,183.00",27,-20.0,37.0,-3.13,6.03,0.09,952.00,561.00,,
2018/11/21,22,DDBL,-,640.0,640.0,635.0,640.0,640.00,0.0,0.0,639.31,116.00,636.00,"74,160.00",4,4.0,5.0,0.63,0.79,0.11,"1,190.00",605.00,,
2018/11/22,21,DDBL,-,630.0,637.0,628.0,628.0,628.00,0.0,0.0,630.23,"1,500.00",640.00,"945,350.00",14,-12.0,9.0,-1.88,1.43,-0.36,"1,190.00",605.00,,
2018/11/25,21,DDBL,-,628.0,628.0,622.0,622.0,622.00,0.0,0.0,625.45,826.00,628.00,"516,622.00",8,-6.0,6.0,-0.96,0.96,-0.55,"1,190.00",605.00,,
2018/11/26,23,DDBL,-,620.0,629.0,616.0,620.0,620.00,0.0,0.0,620.02,"5,110.00",622.00,"3,168,291.00",28,-2.0,13.0,-0.32,2.11,0.0,"1,190.00",605.00,,
2018/11/27,24,DDBL,-,624.0,625.0,621.0,621.0,621.00,0.0,0.0,623.89,451.00,620.00,"281,375.00",4,1.0,4.0,0.16,0.64,-0.47,"1,190.00",605.00,,
2018/11/28,23,DDBL,-,618.0,624.0,618.0,621.0,621.00,0.0,0.0,620.76,"3,827.00",621.00,"2,375,666.00",20,0.0,6.0,0.0,0.97,0.04,"1,190.00",605.00,,
2018/11/29,25,DDBL,-,616.0,616.0,590.0,590.0,590.00,0.0,0.0,604.91,"8,783.00",621.00,"5,312,901.00",63,-31.0,26.0,-4.99,4.41,-2.53,"1,190.00",590.00,,
2018/12/02,22,DDBL,-,585.0,585.0,570.0,570.0,570.00,0.0,0.0,575.49,"2,122.00",590.00,"1,221,199.00",25,-20.0,15.0,-3.39,2.63,-0.96,"1,190.00",570.00,,
2018/12/03,23,DDBL,-,575.0,585.0,562.0,565.0,565.00,0.0,0.0,571.00,"3,344.00",570.00,"1,909,421.00",29,-5.0,23.0,-0.88,4.09,-1.06,"1,190.00",562.00,,
2018/12/04,25,DDBL,-,565.0,576.0,565.0,570.0,570.00,0.0,0.0,569.85,"1,190.00",565.00,"678,125.00",10,5.0,11.0,0.88,1.95,0.03,"1,190.00",562.00,,
2018/12/05,23,DDBL,-,567.0,567.0,563.0,565.0,565.00,0.0,0.0,565.64,"3,139.00",570.00,"1,775,537.00",11,-5.0,4.0,-0.88,0.71,-0.11,"1,182.00",562.00,,
2018/12/06,25,DDBL,-,562.0,570.0,561.0,570.0,570.00,0.0,0.0,565.67,"1,781.00",565.00,"1,007,455.00",11,5.0,9.0,0.88,1.6,0.76,"1,182.00",561.00,,
2018/12/09,22,DDBL,-,574.0,575.0,574.0,575.0,575.00,0.0,0.0,574.91,"1,114.00",570.00,"640,450.00",7,5.0,1.0,0.88,0.17,0.02,"1,182.00",561.00,,
2018/12/10,21,DDBL,-,575.0,583.0,575.0,580.0,580.00,0.0,0.0,580.75,948.00,575.00,"550,550.00",6,5.0,8.0,0.87,1.39,-0.13,"1,182.00",561.00,,
2018/12/11,24,DDBL,-,580.0,580.0,577.0,577.0,577.00,0.0,0.0,577.21,"1,433.00",580.00,"827,138.00",14,-3.0,3.0,-0.52,0.52,-0.04,"1,130.00",561.00,,
2018/12/12,22,DDBL,-,575.0,580.0,574.0,576.0,576.00,0.0,0.0,576.13,714.00,577.00,"411,357.00",10,-1.0,6.0,-0.17,1.05,-0.02,"1,130.00",561.00,,
2018/10/25,23,DDBL,-,655.0,655.0,645.0,645.0,645.00,0.0,0.0,650.24,"1,198.00",650.00,"778,990.00",8,-5.0,10.0,-0.77,1.55,-0.81,"1,222.00",605.00,,
2018/10/28,24,DDBL,-,635.0,647.0,634.0,637.0,637.00,0.0,0.0,638.58,557.00,645.00,"355,691.00",8,-8.0,13.0,-1.24,2.05,-0.25,"1,220.00",605.00,,
2018/10/29,20,DDBL,-,645.0,645.0,640.0,643.0,643.00,0.0,0.0,642.87,781.00,637.00,"502,083.00",6,6.0,5.0,0.94,0.78,0.02,"1,220.00",605.00,,
2018/10/30,22,DDBL,-,645.0,645.0,644.0,645.0,645.00,0.0,0.0,644.75,800.00,643.00,"515,800.00",5,2.0,1.0,0.31,0.16,0.04,"1,218.00",605.00,,
2018/10/31,23,DDBL,-,637.0,638.0,633.0,638.0,638.00,0.0,0.0,635.22,"2,046.00",645.00,"1,299,668.00",16,-7.0,5.0,-1.09,0.79,0.44,"1,209.00",605.00,,
2018/11/01,24,DDBL,-,639.0,639.0,630.0,630.0,630.00,0.0,0.0,635.66,497.00,638.00,"315,924.00",9,-8.0,9.0,-1.25,1.43,-0.9,"1,201.00",605.00,,
2018/11/04,20,DDBL,-,630.0,630.0,628.0,628.0,628.00,0.0,0.0,628.94,660.00,630.00,"415,100.00",11,-2.0,2.0,-0.32,0.32,-0.15,"1,190.00",605.00,,
2018/11/05,21,DDBL,-,630.0,635.0,630.0,633.0,633.00,0.0,0.0,631.59,"1,091.00",628.00,"689,060.00",9,5.0,5.0,0.8,0.79,0.22,"1,190.00",605.00,,
2018/11/06,16,DDBL,-,633.0,628.0,628.0,640.0,640.00,0.0,0.0,640.00,"1,149.00",633.00,"735,360.00",1,7.0,0.0,1.11,0.0,0.0,"1,190.00",605.00,,
2018/11/11,16,DDBL,-,640.0,652.0,640.0,639.0,639.00,0.0,0.0,643.69,314.00,640.00,"202,120.00",7,-1.0,12.0,-0.16,1.88,-0.73,"1,190.00",605.00,,
2018/11/12,16,DDBL,-,628.0,639.0,628.0,628.0,628.00,0.0,0.0,628.00,30.00,639.00,"18,840.00",1,-11.0,11.0,-1.72,1.75,0.0,"1,190.00",605.00,,
2018/11/13,22,DDBL,-,635.0,645.0,628.0,644.0,644.00,0.0,0.0,638.04,"2,349.00",628.00,"1,498,752.00",12,16.0,17.0,2.55,2.71,0.93,"1,190.00",605.00,,
2018/11/15,21,DDBL,-,650.0,650.0,642.0,642.0,642.00,0.0,0.0,646.79,"2,480.00",644.00,"1,604,044.00",17,-2.0,8.0,-0.31,1.25,-0.75,"1,190.00",605.00,,
2018/11/18,20,DDBL,-,642.0,646.0,640.0,646.0,644.00,2.0,0.0,643.55,"4,797.00",642.00,"3,087,132.00",14,4.0,6.0,0.62,0.94,0.38,"1,190.00",605.00,,
2018/11/19,20,DDBL,-,640.0,645.0,640.0,640.0,640.00,0.0,0.0,640.00,90.00,645.00,"57,600.00",4,-5.0,5.0,-0.78,0.78,0.0,"1,190.00",605.00,,
2018/09/27,26,DDBL,-,700.0,704.0,687.0,689.0,689.00,0.0,0.0,694.59,"1,690.00",697.00,"1,173,860.00",22,-8.0,17.0,-1.15,2.47,-0.81,"1,274.00",605.00,,
2018/09/30,26,DDBL,-,677.0,685.0,677.0,682.0,682.00,0.0,0.0,678.23,504.00,689.00,"341,830.00",6,-7.0,8.0,-1.02,1.18,0.55,"1,274.00",605.00,,
2018/10/01,26,DDBL,-,685.0,685.0,669.0,669.0,669.00,0.0,0.0,672.61,980.00,682.00,"659,154.00",13,-13.0,16.0,-1.91,2.39,-0.54,"1,274.00",605.00,,
2018/10/02,27,DDBL,-,669.0,680.0,664.0,670.0,670.00,0.0,0.0,673.40,"1,756.00",669.00,"1,182,492.00",14,1.0,16.0,0.15,2.41,-0.51,"1,274.00",605.00,,
2018/10/03,25,DDBL,-,658.0,670.0,658.0,660.0,660.00,0.0,0.0,660.19,"1,049.00",670.00,"692,542.00",15,-10.0,12.0,-1.49,1.82,-0.03,"1,274.00",605.00,,
2018/10/04,27,DDBL,-,667.0,667.0,660.0,665.0,665.00,0.0,0.0,663.46,844.00,660.00,"559,960.00",7,5.0,7.0,0.76,1.06,0.23,"1,274.00",605.00,,
2018/10/07,25,DDBL,-,652.0,655.0,650.0,650.0,650.00,0.0,0.0,652.16,"1,030.00",665.00,"671,728.00",9,-15.0,5.0,-2.26,0.77,-0.33,"1,274.00",605.00,,
2018/10/08,23,DDBL,-,650.0,654.0,645.0,645.0,645.00,0.0,0.0,648.25,314.00,650.00,"203,550.00",4,-5.0,9.0,-0.77,1.4,-0.5,"1,274.00",605.00,,
2018/10/09,25,DDBL,-,650.0,650.0,646.0,646.0,646.00,0.0,0.0,648.68,858.00,645.00,"556,570.00",11,1.0,4.0,0.16,0.62,-0.42,"1,274.00",605.00,,
2018/10/10,25,DDBL,-,649.0,650.0,649.0,650.0,650.00,0.0,0.0,649.65,286.00,646.00,"185,800.00",4,4.0,1.0,0.62,0.15,0.05,"1,274.00",605.00,,
2018/10/11,26,DDBL,-,648.0,650.0,645.0,650.0,650.00,0.0,0.0,648.06,914.00,650.00,"592,330.00",6,0.0,5.0,0.0,0.78,0.3,"1,274.00",605.00,,
2018/10/14,23,DDBL,-,663.0,663.0,650.0,650.0,650.00,0.0,0.0,654.67,78.00,650.00,"51,064.00",2,0.00,13.00,0.0,2.0,-0.72,"1,274.00",605.00,,
2018/10/15,21,DDBL,-,650.0,662.0,650.0,662.0,662.00,0.0,0.0,655.85,"1,039.00",650.00,"681,430.00",9,12.0,12.0,1.85,1.85,0.93,"1,274.00",605.00,,
2018/10/21,18,DDBL,-,656.0,656.0,656.0,656.0,656.00,0.0,0.0,656.00,45.00,662.00,"29,520.00",1,-6.0,0.0,-0.91,0.0,0.0,"1,274.00",605.00,,
2018/10/22,22,DDBL,-,660.0,660.0,650.0,650.0,650.00,0.0,0.0,656.46,905.00,656.00,"594,100.00",8,-6.0,10.0,-0.91,1.54,-0.99,"1,274.00",605.00,,
2018/10/23,24,DDBL,-,661.0,661.0,645.0,646.0,646.00,0.0,0.0,648.28,786.00,650.00,"509,547.00",14,-4.0,16.0,-0.62,2.48,-0.35,"1,265.00",605.00,,
2018/09/03,25,DDBL,-,649.0,659.0,649.0,659.0,659.00,0.0,0.0,651.42,362.00,640.00,"235,814.00",5,19.00,10.0,2.97,1.54,1.15,"1,385.00",605.00,,
2018/09/04,27,DDBL,-,648.0,659.0,648.0,651.0,651.00,0.0,0.0,652.81,"1,121.00",659.00,"731,805.00",12,-8.0,11.0,-1.21,1.7,-0.28,"1,385.00",605.00,,
2018/09/05,27,DDBL,-,661.0,685.0,650.0,670.0,670.00,0.0,0.0,661.80,"3,707.00",651.00,"2,453,301.00",38,19.0,35.0,2.92,5.38,1.22,"1,385.00",605.00,,
2018/09/06,26,DDBL,-,670.0,674.0,658.0,658.0,658.00,0.0,0.0,665.26,"2,353.00",670.00,"1,565,354.00",30,-12.0,16.0,-1.79,2.43,-1.1,"1,385.00",605.00,,
2018/09/09,28,DDBL,-,653.0,655.0,648.0,648.0,648.00,0.0,0.0,653.61,"1,161.00",658.00,"758,840.00",9,-10.0,7.0,-1.52,1.08,-0.87,"1,360.00",605.00,,
2018/09/10,26,DDBL,-,646.0,653.0,641.0,653.0,653.00,0.0,0.0,645.11,"1,052.00",648.00,"678,653.00",14,5.0,12.0,0.77,1.87,1.21,"1,360.00",605.00,,
2018/09/11,25,DDBL,-,655.0,660.0,655.0,660.0,660.00,0.0,0.0,655.74,"1,411.00",653.00,"925,247.00",7,7.0,5.00,1.07,0.76,0.65,"1,330.00",605.00,,
2018/09/12,24,DDBL,-,652.0,664.0,652.0,664.0,664.00,0.0,0.0,658.29,21.00,660.00,"13,824.00",2,4.0,12.0,0.61,1.84,0.86,"1,325.00",605.00,,
2018/09/13,26,DDBL,-,677.0,687.0,661.0,661.0,661.00,0.0,0.0,665.71,557.00,664.00,"370,799.00",8,-3.0,26.0,-0.45,3.93,-0.71,"1,325.00",605.00,,
2018/09/16,24,DDBL,-,665.0,679.0,660.0,670.0,670.00,0.0,0.0,666.40,"2,916.00",661.00,"1,943,211.00",21,9.0,19.0,1.36,2.88,0.54,"1,325.00",605.00,,
2018/09/17,26,DDBL,-,683.0,685.0,675.0,677.0,677.00,0.0,0.0,679.88,"2,149.00",670.00,"1,461,062.00",20,7.0,10.0,1.04,1.48,-0.43,"1,325.00",605.00,,
2018/09/18,26,DDBL,-,689.0,689.0,675.0,680.0,680.00,0.0,0.0,678.41,"2,663.00",677.00,"1,806,602.00",29,3.0,14.0,0.44,2.07,0.23,"1,325.00",605.00,,
2018/09/19,43,DDBL,37.56,855.0,861.0,850.0,858.0,858.00,0.0,0.0,854.19,"9,779.00",852.00,"8,353,168.60",71,6.0,11.0,0.7,1.29,0.44,"1,010.00",759.00,835.13,827.49
2018/09/20,26,DDBL,-,670.0,686.0,667.0,683.0,683.00,0.0,0.0,677.27,"2,862.00",680.00,"1,938,352.00",13,3.0,19.0,0.44,2.85,0.84,"1,295.00",605.00,,
2018/09/23,25,DDBL,-,680.0,695.0,675.0,679.0,679.00,0.0,0.0,679.73,"5,583.00",683.00,"3,794,905.00",39,-4.0,20.0,-0.59,2.96,-0.11,"1,290.00",605.00,,
2018/09/25,26,DDBL,-,680.0,698.0,679.0,698.0,698.00,0.0,0.0,686.38,"3,655.00",679.00,"2,508,704.00",24,19.0,19.0,2.8,2.8,1.67,"1,274.00",605.00,,
2018/08/08,23,DDBL,-,708.0,708.0,696.0,700.0,700.00,0.0,0.0,699.88,949.00,702.00,"664,190.00",13,-2.0,12.0,-0.28,1.72,0.02,"1,464.00",605.00,,
2018/08/09,23,DDBL,-,700.0,700.0,686.0,686.0,686.00,0.0,0.0,689.25,"1,102.00",700.00,"759,555.00",20,-14.0,14.0,-2.0,2.04,-0.47,"1,447.00",605.00,,
2018/08/12,22,DDBL,-,676.0,678.0,670.0,670.0,670.00,0.0,0.0,672.14,"1,136.00",686.00,"763,550.00",18,-16.0,8.0,-2.33,1.19,-0.32,"1,447.00",605.00,,
2018/08/13,22,DDBL,-,665.0,689.0,664.0,685.0,685.00,0.0,0.0,676.10,952.00,670.00,"643,648.00",10,15.0,25.0,2.24,3.77,1.3,"1,447.00",605.00,,
2018/08/14,24,DDBL,-,673.0,674.0,672.0,672.0,672.00,0.0,0.0,672.69,"1,448.00",685.00,"974,056.00",8,-13.0,2.0,-1.9,0.3,-0.1,"1,447.00",605.00,,
2018/08/15,25,DDBL,-,672.0,690.0,672.0,690.0,690.00,0.0,0.0,677.84,"2,550.00",672.00,"1,728,492.00",13,18.0,18.0,2.68,2.68,1.76,"1,447.00",605.00,,
2018/08/16,25,DDBL,-,680.0,684.0,670.0,670.0,670.00,0.0,0.0,679.83,"4,045.00",690.00,"2,749,932.00",29,-20.00,14.0,-2.9,2.09,-1.47,"1,447.00",605.00,,
2018/08/19,24,DDBL,-,666.0,666.0,660.0,660.0,660.00,0.0,0.0,663.56,772.00,670.00,"512,270.00",8,-10.0,6.0,-1.49,0.91,-0.54,"1,447.00",605.00,,
2018/08/20,25,DDBL,-,651.0,666.0,651.0,666.0,666.00,0.0,0.0,653.78,208.00,660.00,"135,986.00",6,6.0,15.0,0.91,2.3,1.84,"1,447.00",605.00,,
2018/08/21,25,DDBL,-,656.0,656.0,642.0,643.0,643.00,0.0,0.0,647.17,"1,615.00",666.00,"1,045,180.00",20,-23.0,14.0,-3.45,2.18,-0.65,"1,447.00",605.00,,
2018/08/22,23,DDBL,-,649.0,655.0,649.0,650.0,650.00,0.0,0.0,652.15,582.00,643.00,"379,550.00",5,7.0,6.0,1.09,0.92,-0.33,"1,447.00",605.00,,
2018/08/23,24,DDBL,-,663.0,663.0,647.0,648.0,648.00,0.0,0.0,649.69,"3,596.00",650.00,"2,336,294.00",23,-2.0,16.0,-0.31,2.47,-0.26,"1,447.00",605.00,,
2018/08/26,22,DDBL,-,643.0,643.0,641.0,641.0,641.00,0.0,0.0,642.30,158.00,648.00,"101,484.00",5,-7.0,2.0,-1.08,0.31,-0.2,"1,447.00",605.00,,
2018/08/28,25,DDBL,-,641.0,646.0,641.0,646.0,646.00,0.0,0.0,644.41,229.00,641.00,"147,571.00",4,5.0,5.0,0.78,0.78,0.25,"1,447.00",605.00,,
2018/08/29,24,DDBL,-,641.0,643.0,641.0,642.0,642.00,0.0,0.0,641.98,481.00,646.00,"308,793.00",4,-4.0,2.0,-0.62,0.31,0.0,"1,400.00",605.00,,
2018/08/30,26,DDBL,-,641.0,650.0,640.0,644.0,644.00,0.0,0.0,640.81,"2,054.00",642.00,"1,316,214.00",11,2.0,10.0,0.31,1.56,0.5,"1,385.00",605.00,,
2018/09/26,27,DDBL,-,700.0,707.0,692.0,697.0,697.00,0.0,0.0,698.53,"4,472.00",698.00,"3,123,843.00",34,-1.0,15.0,-0.14,2.17,-0.22,"1,274.00",605.00,,
2018/10/24,24,DDBL,-,644.0,650.0,643.0,650.0,650.00,0.0,0.0,645.44,"1,907.00",646.00,"1,230,858.00",11,4.0,7.0,0.62,1.09,0.7,"1,225.00",605.00,,
2018/11/20,20,DDBL,-,640.0,640.0,636.0,636.0,636.00,0.0,0.0,639.54,113.00,640.00,"72,268.00",2,-4.0,4.0,-0.63,0.63,-0.56,"1,190.00",605.00,,
2018/12/13,43,DDBL,37.56,855.0,861.0,850.0,858.0,858.00,0.0,0.0,854.19,"9,779.00",852.00,"8,353,168.60",71,6.0,11.0,0.7,1.29,0.44,"1,010.00",759.00,835.13,827.49
2019/01/07,25,DDBL,-,632.0,640.0,625.0,635.0,635.00,0.0,0.0,630.54,"2,392.00",620.00,"1,508,248.00",11,15.0,15.0,2.42,2.4,0.7,952.00,561.00,,
2019/01/30,25,DDBL,-,580.0,580.0,580.0,580.0,580.00,0.0,0.0,580.00,30.00,579.00,"17,400.00",2,1.00,0.0,0.17,0.0,0.0,952.00,556.00,,
2019/02/24,25,DDBL,-,580.0,587.0,562.0,562.0,562.00,0.0,0.0,574.34,"1,140.00",579.00,"654,750.00",11,-17.0,25.0,-2.94,4.45,-2.2,952.00,555.00,,
2019/03/24,27,DDBL,-,585.0,585.0,579.0,580.0,580.00,0.0,0.0,580.83,"1,080.00",585.00,"627,297.00",12,-5.0,6.0,-0.85,1.04,-0.14,952.00,555.00,,
2019/04/17,27,DDBL,-,665.0,685.0,652.0,655.0,655.00,0.0,0.0,667.70,"7,680.00",665.00,"5,127,912.00",58,-10.0,33.0,-1.5,5.06,-1.94,952.00,555.00,,
2019/05/13,28,DDBL,-,745.0,745.0,731.0,733.0,733.00,0.0,0.0,741.87,"2,950.00",740.00,"2,188,520.00",12,-7.0,14.0,-0.95,1.92,-1.21,875.00,555.00,,
2019/06/06,26,DDBL,-,711.0,714.0,698.0,700.0,700.00,0.0,0.0,707.31,921.00,699.00,"651,434.00",18,1.0,16.0,0.14,2.29,-1.04,819.00,555.00,,
2019/07/02,26,DDBL,43.64,705.0,711.0,705.0,708.0,708.00,0.0,0.0,709.76,"3,856.00",710.00,"2,736,844.00",18,-2.0,6.0,-0.28,0.85,-0.25,797.00,555.00,,
2019/07/25,25,DDBL,50.8,760.0,765.0,740.0,752.0,752.00,0.0,0.0,751.67,"6,227.00",768.00,"4,680,645.00",50,-16.0,25.0,-2.08,3.38,0.04,774.00,555.00,,
2019/08/19,43,DDBL,37.56,855.0,861.0,850.0,858.0,858.00,0.0,0.0,854.19,"9,779.00",852.00,"8,353,168.60",71,6.0,11.0,0.7,1.29,0.44,"1,010.00",759.00,835.13,827.49
2019/09/11,27,DDBL,41.13,719.0,720.0,711.0,715.0,715.00,0.0,0.0,716.77,"2,664.00",710.00,"1,909,466.00",47,5.0,9.0,0.7,1.27,-0.25,801.00,555.00,,
2018/07/16,23,DDBL,-,745.0,752.0,739.0,750.0,750.00,0.0,0.0,746.78,725.00,754.00,"541,415.00",8,-4.0,13.0,-0.53,1.76,0.43,"1,550.00",605.00,,
2018/07/18,22,DDBL,-,735.0,736.0,726.0,726.0,726.00,0.0,0.0,734.38,356.00,750.00,"261,438.00",6,-24.0,10.0,-3.2,1.38,-1.15,"1,550.00",605.00,,
2018/07/19,22,DDBL,-,725.0,725.0,720.0,720.0,720.00,0.0,0.0,722.83,"1,298.00",726.00,"938,229.00",14,-6.0,5.0,-0.83,0.69,-0.39,"1,550.00",605.00,,
2018/07/22,23,DDBL,-,720.0,730.0,702.0,710.0,710.00,0.0,0.0,711.37,853.00,720.00,"606,796.00",16,-10.0,28.0,-1.39,3.99,-0.19,"1,550.00",605.00,,
2018/07/23,23,DDBL,-,710.0,724.0,710.0,724.0,724.00,0.0,0.0,718.38,"1,843.00",710.00,"1,323,975.00",10,14.0,14.0,1.97,1.97,0.78,"1,550.00",605.00,,
2018/07/24,24,DDBL,-,734.0,748.0,721.0,721.0,721.00,0.0,0.0,734.90,"1,870.00",724.00,"1,374,260.00",19,-3.0,27.0,-0.41,3.74,-1.93,"1,550.00",605.00,,
2018/07/25,26,DDBL,-,715.0,718.0,715.0,715.0,715.00,0.0,0.0,715.37,428.00,721.00,"306,180.00",10,-6.0,3.0,-0.83,0.42,-0.05,"1,550.00",605.00,,
2018/07/26,24,DDBL,-,710.0,719.0,710.0,710.0,710.00,0.0,0.0,713.32,"1,787.00",715.00,"1,274,706.00",22,-5.0,9.0,-0.7,1.27,-0.47,"1,550.00",605.00,,
2018/07/29,23,DDBL,-,702.0,710.0,702.0,710.0,710.00,0.0,0.0,706.86,834.00,710.00,"589,522.00",8,0.0,8.0,0.0,1.14,0.44,"1,550.00",605.00,,
2018/07/30,24,DDBL,-,715.0,715.0,705.0,705.0,705.00,0.0,0.0,709.13,447.00,710.00,"316,980.00",12,-5.0,10.0,-0.7,1.42,-0.59,"1,550.00",605.00,,
2018/07/31,24,DDBL,-,705.0,710.0,705.0,710.0,710.00,0.0,0.0,708.65,520.00,705.00,"368,500.00",5,5.0,5.0,0.71,0.71,0.19,"1,550.00",605.00,,
2018/08/01,23,DDBL,-,707.0,714.0,707.0,708.0,708.00,0.0,0.0,709.71,"1,100.00",710.00,"780,681.00",6,-2.0,7.0,-0.28,0.99,-0.24,"1,488.00",605.00,,
2018/08/02,25,DDBL,-,700.0,707.0,697.0,703.0,703.00,0.0,0.0,703.92,"1,091.00",708.00,"767,977.00",12,-5.0,10.0,-0.71,1.43,-0.13,"1,488.00",605.00,,
2018/08/05,24,DDBL,-,715.0,715.0,701.0,701.0,701.00,0.0,0.0,705.67,300.00,703.00,"211,700.00",2,-2.0,14.0,-0.28,2.0,-0.67,"1,488.00",605.00,,
2018/08/06,25,DDBL,-,700.0,701.0,700.0,700.0,700.00,0.0,0.0,700.31,225.00,701.00,"157,569.00",5,-1.0,1.0,-0.14,0.14,-0.04,"1,488.00",605.00,,
2018/06/21,26,DDBL,-,740.0,759.0,739.0,742.0,742.00,0.0,0.0,746.44,"2,447.00",750.00,"1,826,543.00",17,-8.0,20.0,-1.07,2.71,-0.6,"1,550.00",605.00,,
2018/06/24,22,DDBL,-,753.0,760.0,744.0,744.0,744.00,0.0,0.0,747.46,"2,426.00",742.00,"1,813,335.00",25,2.0,16.0,0.27,2.15,-0.46,"1,550.00",605.00,,
2018/06/25,22,DDBL,-,730.0,745.0,730.0,745.0,745.00,0.0,0.0,742.36,348.00,744.00,"258,340.00",5,1.0,15.0,0.13,2.05,0.35,"1,550.00",605.00,,
2018/06/26,22,DDBL,-,735.0,740.0,725.0,725.0,725.00,0.0,0.0,732.60,"3,294.00",745.00,"2,413,190.00",23,-20.0,15.0,-2.68,2.07,-1.05,"1,550.00",605.00,,
2018/06/27,24,DDBL,-,725.0,735.0,720.0,729.0,729.00,0.0,0.0,728.27,609.00,725.00,"443,519.00",10,4.0,15.0,0.55,2.08,0.1,"1,550.00",605.00,,
2018/06/28,22,DDBL,-,718.0,734.0,718.0,732.0,732.00,0.0,0.0,729.12,"1,979.00",729.00,"1,442,937.00",17,3.0,16.0,0.41,2.23,0.39,"1,550.00",605.00,,
2018/07/01,23,DDBL,-,726.0,735.0,726.0,727.0,727.00,0.0,0.0,729.11,"2,206.00",732.00,"1,608,406.00",10,-5.0,9.0,-0.68,1.24,-0.29,"1,550.00",605.00,,
2018/07/02,21,DDBL,-,715.0,741.0,715.0,730.0,730.00,0.0,0.0,716.98,"3,754.00",727.00,"2,691,538.00",13,3.0,26.0,0.41,3.64,1.78,"1,550.00",605.00,,
2018/07/03,21,DDBL,-,728.0,728.0,724.0,725.0,725.00,0.0,0.0,726.66,194.00,730.00,"140,973.00",5,-5.0,4.0,-0.68,0.55,-0.23,"1,550.00",605.00,,
2018/07/04,25,DDBL,-,715.0,729.0,715.0,729.0,729.00,0.0,0.0,721.66,164.00,725.00,"118,352.00",5,4.0,14.0,0.55,1.96,1.01,"1,550.00",605.00,,
2018/07/05,23,DDBL,-,730.0,770.0,730.0,770.0,770.00,0.0,0.0,753.23,"1,886.00",729.00,"1,420,593.00",26,41.00,40.0,5.62,5.48,2.18,"1,550.00",605.00,,
2018/07/08,25,DDBL,-,782.0,797.0,751.0,760.0,760.00,0.0,0.0,775.56,"2,961.00",770.00,"2,296,439.00",42,-10.0,46.0,-1.3,6.13,-2.05,"1,550.00",605.00,,
2018/07/09,23,DDBL,-,750.0,750.0,735.0,745.0,745.00,0.0,0.0,741.90,"3,644.00",760.00,"2,703,474.00",30,-15.0,15.0,-1.97,2.04,0.42,"1,550.00",605.00,,
2018/07/10,21,DDBL,-,750.0,750.0,740.0,749.0,749.00,0.0,0.0,744.01,"1,101.00",745.00,"819,150.00",8,4.0,10.0,0.54,1.35,0.67,"1,550.00",605.00,,
2018/07/11,21,DDBL,-,763.0,779.0,747.0,748.0,748.00,0.0,0.0,763.18,"1,969.00",749.00,"1,502,694.00",28,-1.0,32.0,-0.13,4.28,-2.03,"1,550.00",605.00,,
2018/07/12,23,DDBL,-,755.0,760.0,727.0,728.0,728.00,0.0,0.0,738.29,"1,524.00",748.00,"1,125,153.00",22,-20.0,33.0,-2.67,4.54,-1.41,"1,550.00",605.00,,
2018/05/28,26,DDBL,-,794.0,846.0,794.0,846.0,846.00,0.0,0.0,823.65,"2,342.00",810.00,"1,929,000.00",25,36.0,52.0,4.44,6.55,2.64,"1,550.00",605.00,,
2018/05/29,22,DDBL,-,862.0,862.0,813.0,840.0,840.00,0.0,0.0,839.62,"2,201.00",846.00,"1,848,001.00",20,-6.0,49.0,-0.71,6.03,0.05,"1,550.00",605.00,,
2018/05/30,25,DDBL,-,845.0,867.0,839.0,847.0,847.00,0.0,0.0,849.65,"4,327.00",840.00,"3,676,454.00",37,7.0,28.0,0.83,3.34,-0.31,"1,550.00",605.00,,
2018/05/31,26,DDBL,-,831.0,833.0,805.0,830.0,830.00,0.0,0.0,817.14,"4,820.00",847.00,"3,938,597.00",30,-17.0,28.0,-2.01,3.48,1.55,"1,550.00",605.00,,
2018/06/03,21,DDBL,-,815.0,822.0,800.0,802.0,802.00,0.0,0.0,808.48,"5,431.00",830.00,"4,390,879.00",58,-28.00,22.00,-3.37,2.75,-0.81,"1,550.00",605.00,,
2018/06/04,23,DDBL,-,790.0,817.0,788.0,788.0,788.00,0.0,0.0,796.21,"5,278.00",802.00,"4,202,398.00",45,-14.0,29.00,-1.75,3.68,-1.04,"1,550.00",605.00,,
2018/06/06,20,DDBL,-,803.0,819.0,793.0,793.0,793.00,0.0,0.0,803.84,"2,634.00",788.00,"2,117,302.00",29,5.0,26.0,0.63,3.28,-1.37,"1,550.00",605.00,,
2018/06/07,22,DDBL,-,799.0,799.0,780.0,785.0,785.00,0.0,0.0,786.92,"4,739.00",793.00,"3,729,237.00",51,-8.0,19.0,-1.01,2.44,-0.25,"1,550.00",605.00,,
2018/06/10,21,DDBL,-,780.0,780.0,755.0,770.0,770.00,0.0,0.0,762.71,"3,949.00",785.00,"3,011,931.00",31,-15.0,25.0,-1.91,3.31,0.95,"1,550.00",605.00,,
2018/06/11,24,DDBL,-,779.0,785.0,760.0,779.0,779.00,0.0,0.0,770.80,"3,933.00",770.00,"3,031,557.00",32,9.0,25.0,1.17,3.29,1.05,"1,550.00",605.00,,
2018/06/12,22,DDBL,-,765.0,771.0,756.0,765.0,765.00,0.0,0.0,780.83,"1,553.00",779.00,"1,212,632.00",20,-14.0,15.0,-1.8,1.98,-2.07,"1,550.00",605.00,,
2018/06/13,21,DDBL,-,760.0,778.0,760.0,770.0,770.00,0.0,0.0,773.11,799.00,765.00,"617,715.00",10,5.0,18.0,0.65,2.37,-0.4,"1,550.00",605.00,,
2018/06/14,22,DDBL,-,770.0,775.0,760.0,775.0,775.00,0.0,0.0,763.91,831.00,770.00,"634,810.00",6,5.00,15.0,0.65,1.97,1.43,"1,550.00",605.00,,
2018/06/17,24,DDBL,-,763.0,787.0,751.0,787.0,787.00,0.0,0.0,760.24,"2,088.00",775.00,"1,587,391.00",23,12.0,36.0,1.55,4.79,3.4,"1,550.00",605.00,,
2018/06/18,20,DDBL,-,772.0,777.0,772.0,777.0,777.00,0.0,0.0,774.80,762.00,787.00,"590,395.00",5,-10.0,5.0,-1.27,0.65,0.28,"1,550.00",605.00,,
2018/06/19,26,DDBL,-,762.0,765.0,750.0,751.0,751.00,0.0,0.0,755.30,757.00,777.00,"571,765.00",12,-26.0,15.0,-3.35,2.0,-0.57,"1,550.00",605.00,,
2018/05/02,23,DDBL,-,850.0,880.0,833.0,880.0,880.00,0.0,0.0,851.74,"2,255.00",856.00,"1,920,672.00",22,24.0,47.0,2.8,5.64,3.21,"1,550.00",605.00,,
2018/05/03,24,DDBL,-,885.0,920.0,872.0,893.0,893.00,0.0,0.0,895.00,"3,811.00",880.00,"3,410,830.00",41,13.0,48.0,1.48,5.5,-0.22,"1,550.00",605.00,,
2018/05/06,24,DDBL,-,888.0,888.0,871.0,871.0,871.00,0.0,0.0,879.18,85.00,893.00,"74,730.00",3,-22.0,17.0,-2.46,1.95,-0.94,"1,550.00",605.00,,
2018/05/07,21,DDBL,-,879.0,879.0,862.0,867.0,867.00,0.0,0.0,869.05,990.00,871.00,"860,357.00",16,-4.0,17.0,-0.46,1.97,-0.24,"1,550.00",605.00,,
2018/05/08,22,DDBL,-,865.0,901.0,860.0,883.0,883.00,0.0,0.0,872.72,"2,446.00",867.00,"2,134,670.00",16,16.0,41.0,1.85,4.77,1.16,"1,550.00",605.00,,
2018/05/09,23,DDBL,-,900.0,900.0,875.0,875.0,875.00,0.0,0.0,888.13,"1,013.00",883.00,"899,674.00",21,-8.0,25.0,-0.91,2.86,-1.5,"1,550.00",605.00,,
2018/05/10,23,DDBL,-,865.0,883.0,865.0,878.0,878.00,0.0,0.0,873.26,980.00,875.00,"855,790.00",16,3.0,18.0,0.34,2.08,0.54,"1,550.00",605.00,,
2018/05/14,23,DDBL,-,865.0,865.0,841.0,841.0,841.00,0.0,0.0,858.09,"2,123.00",878.00,"1,821,721.00",31,-37.0,24.0,-4.21,2.85,-2.03,"1,550.00",605.00,,
2018/05/15,22,DDBL,-,835.0,845.0,827.0,845.0,845.00,0.0,0.0,829.06,"1,330.00",841.00,"1,102,650.00",6,4.0,18.0,0.48,2.18,1.89,"1,550.00",605.00,,
2018/05/16,43,DDBL,37.56,855.0,861.0,850.0,858.0,858.00,0.0,0.0,854.19,"9,779.00",852.00,"8,353,168.60",71,6.0,11.0,0.7,1.29,0.44,"1,010.00",759.00,835.13,827.49
2018/05/17,23,DDBL,-,855.0,862.0,850.0,860.0,860.00,0.0,0.0,855.79,"1,725.00",857.00,"1,476,232.00",12,3.0,12.0,0.35,1.41,0.49,"1,550.00",605.00,,
2018/05/20,22,DDBL,-,860.0,860.0,848.0,859.0,859.00,0.0,0.0,855.16,610.00,860.00,"521,650.00",7,-1.0,12.0,-0.12,1.42,0.45,"1,550.00",605.00,,
2018/05/21,21,DDBL,-,842.0,875.0,835.0,870.0,870.00,0.0,0.0,841.76,"4,298.00",859.00,"3,617,864.00",40,11.0,40.0,1.28,4.79,3.25,"1,550.00",605.00,,
2018/05/22,22,DDBL,-,860.0,861.0,845.0,850.0,850.00,0.0,0.0,849.54,"1,393.00",870.00,"1,183,415.00",18,-20.0,16.0,-2.3,1.89,0.05,"1,550.00",605.00,,
2018/05/23,22,DDBL,-,864.0,864.0,825.0,840.0,840.00,0.0,0.0,835.77,"1,830.00",850.00,"1,529,451.00",28,-10.0,39.0,-1.18,4.73,0.5,"1,550.00",605.00,,
2018/05/24,23,DDBL,-,856.0,856.0,830.0,830.0,830.00,0.0,0.0,837.19,"2,013.00",840.00,"1,685,260.00",20,-10.0,26.0,-1.19,3.13,-0.87,"1,550.00",605.00,,
2018/04/06,43,DDBL,37.56,855.0,861.0,850.0,858.0,858.00,0.0,0.0,854.19,"9,779.00",852.00,"8,353,168.60",71,6.0,11.0,0.7,1.29,0.44,"1,010.00",759.00,835.13,827.49
2018/04/08,24,DDBL,-,725.0,780.0,715.0,736.0,736.00,0.0,0.0,750.13,"8,285.00",711.00,"6,214,863.00",95,25.0,65.0,3.52,9.09,-1.92,"1,700.00",605.00,,
2018/04/09,25,DDBL,-,750.0,765.0,722.0,722.0,722.00,0.0,0.0,746.74,"9,241.00",736.00,"6,900,610.00",74,-14.0,43.0,-1.9,5.96,-3.43,"1,700.00",605.00,,
2018/04/10,22,DDBL,-,735.0,750.0,728.0,728.0,728.00,0.0,0.0,733.41,"2,290.00",722.00,"1,679,505.00",29,6.00,22.00,0.83,3.02,-0.74,"1,700.00",605.00,,
2018/04/11,22,DDBL,-,715.0,730.0,715.0,730.0,730.00,0.0,0.0,725.51,911.00,728.00,"660,940.00",19,2.0,15.0,0.27,2.1,0.62,"1,637.00",605.00,,
2018/04/12,23,DDBL,-,744.0,745.0,732.0,732.0,732.00,0.0,0.0,739.26,"1,807.00",730.00,"1,335,845.00",19,2.0,13.00,0.27,1.78,-0.99,"1,627.00",605.00,,
2018/04/15,22,DDBL,-,735.0,739.0,718.0,733.0,733.00,0.0,0.0,733.25,"1,312.00",732.00,"962,020.00",21,1.0,21.0,0.14,2.92,-0.03,"1,627.00",605.00,,
2018/04/16,25,DDBL,-,745.0,790.0,742.0,775.0,775.00,0.0,0.0,775.70,"5,261.00",733.00,"4,080,983.00",73,42.0,48.0,5.73,6.47,-0.09,"1,627.00",605.00,,
2018/04/17,23,DDBL,-,790.0,852.0,789.0,852.0,852.00,0.0,0.0,838.82,"12,844.00",775.00,"10,773,817.00",140,77.0,63.0,9.94,7.98,1.55,"1,627.00",605.00,,
2018/04/18,24,DDBL,-,852.0,899.0,839.0,876.0,876.00,0.0,0.0,873.23,"10,558.00",852.00,"9,219,519.00",122,24.00,60.00,2.82,7.15,0.32,"1,627.00",605.00,,
2018/04/19,25,DDBL,-,877.0,890.0,860.0,880.0,880.00,0.0,0.0,883.29,"6,675.00",876.00,"5,895,985.00",46,4.0,30.00,0.46,3.49,-0.37,"1,627.00",605.00,,
2018/04/22,24,DDBL,-,895.0,918.0,892.0,918.0,918.00,0.0,0.0,905.25,"5,040.00",880.00,"4,562,485.00",50,38.00,26.00,4.32,2.91,1.39,"1,605.00",605.00,,
2018/04/23,25,DDBL,-,936.0,952.0,899.0,900.0,900.00,0.0,0.0,926.80,"12,956.00",918.00,"12,007,561.00",107,-18.0,53.00,-1.96,5.9,-2.98,"1,560.00",605.00,,
2018/04/24,27,DDBL,-,895.0,918.0,882.0,890.0,890.00,0.0,0.0,897.81,"4,896.00",900.00,"4,395,697.00",63,-10.0,36.0,-1.11,4.08,-0.88,"1,560.00",605.00,,
2018/04/25,23,DDBL,-,875.0,905.0,873.0,875.0,875.00,0.0,0.0,880.00,"4,770.00",890.00,"4,197,615.00",39,-15.0,32.0,-1.69,3.67,-0.57,"1,560.00",605.00,,
2018/04/26,24,DDBL,-,871.0,875.0,858.0,858.0,858.00,0.0,0.0,866.45,"1,677.00",875.00,"1,453,042.00",22,-17.0,17.0,-1.94,1.98,-0.99,"1,560.00",605.00,,
2018/03/13,23,DDBL,-,755.0,770.0,750.0,770.0,770.00,0.0,0.0,753.33,810.00,757.00,"610,200.00",6,13.0,20.0,1.72,2.67,2.16,"1,700.00",755.00,,
2018/03/14,20,DDBL,-,760.0,760.0,755.0,760.0,760.00,0.0,0.0,757.71,"1,950.00",770.00,"1,477,540.00",13,-10.0,5.0,-1.3,0.66,0.3,"1,700.00",750.00,,
2018/03/15,21,DDBL,-,765.0,765.0,750.0,750.0,750.00,0.0,0.0,755.28,"1,340.00",760.00,"1,012,080.00",16,-10.0,15.0,-1.32,2.0,-0.7,"1,700.00",750.00,,
2018/03/18,21,DDBL,-,750.0,750.0,737.0,737.0,737.00,0.0,0.0,742.51,"1,703.00",750.00,"1,264,496.00",21,-13.0,13.0,-1.73,1.76,-0.75,"1,700.00",750.00,,
2018/03/19,23,DDBL,-,736.0,740.0,726.0,740.0,740.00,0.0,0.0,732.21,"1,006.00",737.00,"736,600.00",8,3.0,14.0,0.41,1.93,1.05,"1,700.00",737.00,,
2018/03/20,21,DDBL,-,726.0,726.0,718.0,720.0,720.00,0.0,0.0,720.72,"1,620.00",740.00,"1,167,560.00",28,-20.0,8.0,-2.7,1.11,-0.1,"1,700.00",726.00,,
2018/03/21,22,DDBL,-,710.0,710.0,707.0,709.0,709.00,0.0,0.0,707.72,753.00,720.00,"532,914.00",15,-11.00,3.00,-1.53,0.42,0.18,"1,700.00",718.00,,
2018/03/22,21,DDBL,-,704.0,734.0,695.0,698.0,698.00,0.0,0.0,704.46,"3,987.00",709.00,"2,808,686.00",40,-11.0,39.0,-1.55,5.61,-0.93,"1,700.00",707.00,,
2018/03/26,22,DDBL,-,685.0,685.0,641.0,650.0,650.00,0.0,0.0,657.37,"3,125.00",698.00,"2,054,285.00",34,-48.00,44.00,-6.88,6.86,-1.13,"1,700.00",695.00,,
2018/03/27,25,DDBL,-,637.0,705.0,605.0,705.0,705.00,0.0,0.0,649.65,"5,050.00",650.00,"3,280,752.00",42,55.0,100.00,8.46,16.53,7.85,"1,700.00",641.00,,
2018/03/28,22,DDBL,-,715.0,725.0,676.0,690.0,690.00,0.0,0.0,696.08,"4,520.00",705.00,"3,146,300.00",58,-15.0,49.0,-2.13,7.25,-0.88,"1,700.00",605.00,,
2018/03/29,25,DDBL,-,682.0,710.0,678.0,705.0,705.00,0.0,0.0,687.82,"4,376.00",690.00,"3,009,905.00",37,15.0,32.0,2.17,4.72,2.44,"1,700.00",605.00,,
2018/04/01,21,DDBL,-,702.0,702.0,661.0,680.0,680.00,0.0,0.0,682.46,"1,393.00",705.00,"950,668.00",25,-25.0,41.0,-3.55,6.2,-0.36,"1,700.00",605.00,,
2018/04/02,21,DDBL,-,690.0,690.0,673.0,680.0,680.00,0.0,0.0,679.22,245.00,680.00,"166,410.00",9,0.0,17.0,0.0,2.53,0.11,"1,700.00",605.00,,
2018/04/03,21,DDBL,-,670.0,680.0,670.0,675.0,675.00,0.0,0.0,676.76,710.00,680.00,"480,500.00",9,-5.0,10.0,-0.74,1.49,-0.26,"1,700.00",605.00,,
2018/04/04,23,DDBL,-,683.0,714.0,683.0,700.0,700.00,0.0,0.0,699.73,"1,883.00",675.00,"1,317,595.00",22,25.0,31.0,3.7,4.54,0.04,"1,700.00",605.00,,
2018/02/12,22,DDBL,-,820.0,835.0,811.0,827.0,827.00,0.0,0.0,820.28,"2,000.00",820.00,"1,640,565.00",28,7.0,24.0,0.0,2.96,0.81,0.0,0.0,,
2018/02/14,22,DDBL,-,827.0,840.0,825.0,840.0,840.00,0.0,0.0,831.64,"1,292.00",827.00,"1,074,484.00",13,13.0,15.0,0.0,1.82,0.99,0.0,0.0,,
2018/02/15,25,DDBL,-,840.0,875.0,840.0,865.0,865.00,0.0,0.0,860.24,"4,204.00",840.00,"3,616,444.00",55,25.0,35.0,0.0,4.17,0.55,0.0,0.0,,
2018/02/18,23,DDBL,-,880.0,880.0,850.0,854.0,854.00,0.0,0.0,862.35,"3,423.00",865.00,"2,951,838.00",39,-11.0,30.0,-1.27,3.53,-0.98,"1,700.00",811.00,,
2018/02/20,26,DDBL,-,854.0,854.0,830.0,835.0,835.00,0.0,0.0,839.07,"1,062.00",854.00,"891,095.00",14,-19.0,24.0,-2.22,2.89,-0.49,"1,700.00",811.00,,
2018/02/21,21,DDBL,-,840.0,840.0,831.0,840.0,840.00,0.0,0.0,837.73,445.00,835.00,"372,790.00",6,5.0,9.0,0.6,1.08,0.27,"1,700.00",811.00,,
2018/02/22,21,DDBL,-,845.0,845.0,828.0,828.0,828.00,0.0,0.0,831.83,"2,363.00",840.00,"1,965,603.00",23,-12.0,17.0,-1.43,2.05,-0.46,"1,700.00",811.00,,
2018/02/25,43,DDBL,37.56,855.0,861.0,850.0,858.0,858.00,0.0,0.0,854.19,"9,779.00",852.00,"8,353,168.60",71,6.0,11.0,0.7,1.29,0.44,"1,010.00",759.00,835.13,827.49
2018/02/26,22,DDBL,-,817.0,817.0,803.0,806.0,806.00,0.0,0.0,810.46,"1,713.00",826.00,"1,388,310.00",26,-20.00,14.00,-2.42,1.74,-0.55,"1,700.00",811.00,,
2018/02/27,22,DDBL,-,815.0,840.0,790.0,803.0,803.00,0.0,0.0,813.72,"2,510.00",806.00,"2,042,430.00",27,-3.0,50.0,-0.37,6.33,-1.33,"1,700.00",803.00,,
2018/02/28,25,DDBL,-,805.0,816.0,800.0,811.0,811.00,0.0,0.0,809.09,"1,544.00",803.00,"1,249,235.00",17,8.0,16.0,1.0,2.0,0.24,"1,700.00",790.00,,
2018/03/04,21,DDBL,-,795.0,795.0,766.0,787.0,787.00,0.0,0.0,778.79,"1,814.00",811.00,"1,412,716.00",26,-24.0,29.0,-2.96,3.79,1.04,"1,700.00",790.00,,
2018/03/05,22,DDBL,-,787.0,790.0,760.0,765.0,765.00,0.0,0.0,768.08,"2,209.00",787.00,"1,696,681.00",31,-22.0,30.0,-2.8,3.95,-0.4,"1,700.00",766.00,,
2018/03/06,23,DDBL,-,755.0,808.0,755.0,780.0,780.00,0.0,0.0,777.82,"3,265.00",765.00,"2,539,580.00",25,15.0,53.00,1.96,7.02,0.28,"1,700.00",760.00,,
2018/03/07,24,DDBL,-,780.0,795.0,766.0,793.0,793.00,0.0,0.0,782.93,"2,718.00",780.00,"2,128,015.00",28,13.0,29.0,1.67,3.79,1.27,"1,700.00",755.00,,
2018/03/11,23,DDBL,-,793.0,793.0,778.0,780.0,780.00,0.0,0.0,781.12,408.00,793.00,"318,698.00",5,-13.0,15.0,-1.64,1.93,-0.14,"1,700.00",755.00,,
2018/01/16,23,DDBL,-,856.0,856.0,847.0,850.0,850.00,0.0,0.0,849.93,"1,845.00",856.00,"1,568,121.00",18,-6.0,9.0,0.0,1.06,0.01,0.0,0.0,,
2018/01/17,21,DDBL,-,850.0,855.0,841.0,841.0,841.00,0.0,0.0,845.81,935.00,850.00,"790,835.00",12,-9.0,14.0,0.0,1.66,-0.57,0.0,0.0,,
2018/01/21,25,DDBL,-,841.0,857.0,841.0,845.0,845.00,0.0,0.0,850.59,"1,223.00",841.00,"1,040,276.00",16,4.0,16.0,0.0,1.9,-0.66,0.0,0.0,,
2018/01/22,24,DDBL,-,845.0,850.0,842.0,842.0,842.00,0.0,0.0,844.89,"3,095.00",845.00,"2,614,948.00",25,-3.0,8.0,0.0,0.95,-0.34,0.0,0.0,,
2018/01/23,23,DDBL,-,842.0,850.0,835.0,835.0,835.00,0.0,0.0,840.32,"2,165.00",842.00,"1,819,290.00",16,-7.0,15.0,0.0,1.8,-0.64,0.0,0.0,,
2018/01/24,24,DDBL,-,835.0,840.0,834.0,835.0,835.00,0.0,0.0,835.79,"1,232.00",835.00,"1,029,698.00",11,0.0,6.0,0.0,0.72,-0.1,0.0,0.0,,
2018/01/25,24,DDBL,-,835.0,850.0,834.0,846.0,846.00,0.0,0.0,841.71,"2,640.00",835.00,"2,222,119.00",25,11.0,16.0,0.0,1.92,0.51,0.0,0.0,,
2018/01/28,24,DDBL,-,846.0,850.0,840.0,840.0,840.00,0.0,0.0,843.78,"2,100.00",846.00,"1,771,940.00",20,-6.0,10.0,0.0,1.19,-0.45,0.0,0.0,,
2018/01/29,21,DDBL,-,840.0,856.0,835.0,845.0,845.00,0.0,0.0,842.34,"1,390.00",840.00,"1,170,847.00",14,5.0,21.0,0.0,2.51,0.32,0.0,0.0,,
2018/01/31,23,DDBL,-,845.0,850.0,835.0,850.0,850.00,0.0,0.0,843.84,"1,002.00",845.00,"845,530.00",13,5.0,15.0,0.0,1.8,0.72,0.0,0.0,,
2018/02/01,22,DDBL,-,850.0,865.0,855.0,855.0,855.00,0.0,0.0,856.36,280.00,850.00,"239,780.00",5,5.0,10.0,0.0,1.17,-0.16,0.0,0.0,,
2018/02/04,24,DDBL,-,855.0,871.0,841.0,866.0,866.00,0.0,0.0,866.35,"1,452.00",855.00,"1,257,938.00",21,11.0,30.0,0.0,3.57,-0.04,0.0,0.0,,
2018/02/05,21,DDBL,-,866.0,866.0,846.0,852.0,852.00,0.0,0.0,850.61,"1,580.00",866.00,"1,343,962.00",16,-14.0,20.0,0.0,2.36,0.16,0.0,0.0,,
2018/02/06,23,DDBL,-,852.0,855.0,846.0,855.0,855.00,0.0,0.0,851.35,850.00,852.00,"723,650.00",9,3.0,9.0,0.0,1.06,0.43,0.0,0.0,,
2018/02/07,24,DDBL,-,855.0,848.0,830.0,831.0,831.00,0.0,0.0,837.03,"1,110.00",855.00,"929,100.00",22,-24.0,18.0,0.0,2.17,-0.73,0.0,0.0,,
2018/02/08,22,DDBL,-,831.0,835.0,820.0,831.0,831.00,0.0,0.0,827.90,"1,783.00",831.00,"1,476,149.00",18,0.0,15.0,0.0,1.83,0.37,0.0,0.0,,
2017/12/19,23,DDBL,-,1114.0,1110.0,1095.0,1095.0,"1,095.00",0.0,0.0,"1,099.05","1,610.00","1,114.00","1,769,465.00",13,-19.0,15.0,0.0,1.37,-0.37,0.0,0.0,,
2017/12/20,22,DDBL,-,1095.0,1105.0,1098.0,1098.0,"1,098.00",0.0,0.0,"1,099.04","2,320.00","1,095.00","2,549,780.00",10,3.0,7.0,0.0,0.64,-0.1,0.0,0.0,,
2017/12/21,23,DDBL,-,1098.0,1090.0,1077.0,1080.0,"1,080.00",0.0,0.0,"1,081.94","2,610.00","1,098.00","2,823,870.00",33,-18.0,13.0,0.0,1.21,-0.18,0.0,0.0,,
2017/12/24,23,DDBL,-,1080.0,1090.0,1060.0,1060.0,"1,060.00",0.0,0.0,"1,073.19","2,205.00","1,080.00","2,366,390.00",24,-20.0,30.0,0.0,2.83,-1.24,0.0,0.0,,
2017/12/26,24,DDBL,-,1060.0,1047.0,1019.0,1029.0,"1,029.00",0.0,0.0,"1,025.44","6,459.00","1,060.00","6,623,343.00",52,-31.0,28.0,0.0,2.75,0.35,0.0,0.0,,
2017/12/27,21,DDBL,-,1029.0,1030.0,999.0,1015.0,"1,015.00",0.0,0.0,"1,015.45","3,690.00","1,029.00","3,747,025.00",37,-14.0,31.0,0.0,3.1,-0.04,0.0,0.0,,
2017/12/28,24,DDBL,-,1015.0,1040.0,999.0,1034.0,"1,034.00",0.0,0.0,"1,014.43","4,628.00","1,015.00","4,694,804.00",68,19.0,41.0,0.0,4.1,1.89,0.0,0.0,,
2017/12/31,23,DDBL,-,891.0,885.0,833.0,833.0,833.00,0.0,0.0,844.82,"3,932.00",891.00,"3,321,836.00",51,-58.0,52.0,0.0,6.24,-1.42,0.0,0.0,,
2018/01/01,23,DDBL,-,833.0,890.0,840.0,876.0,876.00,0.0,0.0,865.05,"2,015.00",833.00,"1,743,080.00",27,43.00,50.00,0.0,5.95,1.25,0.0,0.0,,
2018/01/02,24,DDBL,-,876.0,892.0,856.0,869.0,869.00,0.0,0.0,871.89,"3,225.00",876.00,"2,811,861.00",36,-7.0,36.0,0.0,4.21,-0.33,0.0,0.0,,
2018/01/03,24,DDBL,-,869.0,880.0,845.0,845.0,845.00,0.0,0.0,860.30,"1,160.00",869.00,"997,950.00",11,-24.0,35.0,0.0,4.14,-1.81,0.0,0.0,,
2018/01/04,25,DDBL,-,845.0,846.0,830.0,846.0,846.00,0.0,0.0,837.60,"3,451.00",845.00,"2,890,574.00",17,1.0,16.0,0.0,1.93,0.99,0.0,0.0,,
2018/01/07,24,DDBL,-,846.0,889.0,860.0,876.0,876.00,0.0,0.0,870.06,"2,086.00",846.00,"1,814,944.00",25,30.0,29.0,0.0,3.37,0.68,0.0,0.0,,
2018/01/08,23,DDBL,-,876.0,895.0,875.0,882.0,882.00,0.0,0.0,880.50,"1,855.00",876.00,"1,633,330.00",27,6.0,20.0,0.0,2.29,0.17,0.0,0.0,,
2018/01/09,25,DDBL,-,882.0,900.0,880.0,898.0,898.00,0.0,0.0,893.37,"2,281.00",882.00,"2,037,788.00",30,16.0,20.0,0.0,2.27,0.52,0.0,0.0,,
2018/01/10,21,DDBL,-,898.0,883.0,870.0,871.0,871.00,0.0,0.0,874.69,"4,240.00",898.00,"3,708,690.00",34,-27.0,13.0,0.0,1.49,-0.42,0.0,0.0,,
2017/11/22,23,DDBL,-,1105.0,1135.0,1108.0,1110.0,"1,110.00",0.0,0.0,"1,116.28","2,158.00","1,105.00","2,408,928.00",26,5.0,27.0,0.0,2.44,-0.57,0.0,0.0,,
2017/11/23,24,DDBL,-,1110.0,1135.0,1115.0,1135.0,"1,135.00",0.0,0.0,"1,123.16","1,550.00","1,110.00","1,740,900.00",16,25.0,20.0,0.0,1.79,1.04,0.0,0.0,,
2017/11/26,23,DDBL,-,1135.0,1150.0,1126.0,1139.0,"1,139.00",0.0,0.0,"1,134.39","1,726.00","1,135.00","1,957,954.00",21,4.0,24.0,0.0,2.13,0.4,0.0,0.0,,
2017/11/27,23,DDBL,-,1139.0,1145.0,1138.0,1140.0,"1,140.00",0.0,0.0,"1,140.94","4,675.00","1,139.00","5,333,905.00",28,1.0,7.0,0.0,0.62,-0.08,0.0,0.0,,
2017/11/28,23,DDBL,-,1140.0,1169.0,1103.0,1130.0,"1,130.00",0.0,0.0,"1,143.43","5,135.00","1,140.00","5,871,520.00",52,-10.0,66.0,0.0,5.98,-1.19,0.0,0.0,,
2017/11/29,23,DDBL,-,1130.0,1190.0,1130.0,1150.0,"1,150.00",0.0,0.0,"1,149.72","5,988.00","1,130.00","6,884,515.00",57,20.0,60.0,0.0,5.31,0.02,0.0,0.0,,
2017/11/30,23,DDBL,-,1150.0,1168.0,1138.0,1168.0,"1,168.00",0.0,0.0,"1,157.34","4,614.00","1,150.00","5,339,946.00",37,18.0,30.0,0.0,2.64,0.91,0.0,0.0,,
2017/12/04,23,DDBL,-,1168.0,1190.0,1150.0,1150.0,"1,150.00",0.0,0.0,"1,157.97","2,229.00","1,168.00","2,581,110.00",29,-18.0,40.0,0.0,3.48,-0.69,0.0,0.0,,
2017/12/05,24,DDBL,-,1150.0,1146.0,1146.0,1146.0,"1,146.00",0.0,0.0,"1,146.00",13.00,"1,150.00","14,898.00",1,-4.0,0.0,0.0,0.0,0.0,0.0,0.0,,
2017/12/06,24,DDBL,-,1146.0,1164.0,1150.0,1159.0,"1,159.00",0.0,0.0,"1,155.64","4,483.00","1,146.00","5,180,739.00",27,13.0,14.0,0.0,1.22,0.29,0.0,0.0,,
2017/12/10,23,DDBL,-,1159.0,1182.0,1121.0,1121.0,"1,121.00",0.0,0.0,"1,146.26","1,745.00","1,159.00","2,000,222.00",26,-38.0,61.0,0.0,5.44,-2.25,0.0,0.0,,
2017/12/11,22,DDBL,-,1121.0,1121.0,1110.0,1120.0,"1,120.00",0.0,0.0,"1,116.68","1,550.00","1,121.00","1,730,850.00",14,-1.0,11.0,0.0,0.99,0.3,0.0,0.0,,
2017/12/12,22,DDBL,-,1120.0,1130.0,1106.0,1110.0,"1,110.00",0.0,0.0,"1,114.73","5,485.00","1,120.00","6,114,286.00",28,-10.0,24.0,0.0,2.17,-0.43,0.0,0.0,,
2017/12/13,23,DDBL,-,1110.0,1120.0,1115.0,1115.0,"1,115.00",0.0,0.0,"1,116.85","2,622.00","1,110.00","2,928,375.00",15,5.0,5.0,0.0,0.45,-0.17,0.0,0.0,,
2017/12/14,24,DDBL,-,1115.0,1118.0,1111.0,1115.0,"1,115.00",0.0,0.0,"1,114.89",784.00,"1,115.00","874,074.00",10,0.0,7.0,0.0,0.63,0.01,0.0,0.0,,
2017/12/17,24,DDBL,-,1115.0,1115.0,1105.0,1115.0,"1,115.00",0.0,0.0,"1,112.51","1,467.00","1,115.00","1,632,046.00",11,0.0,10.0,0.0,0.9,0.22,0.0,0.0,,
2017/10/30,26,DDBL,-,1210.0,1218.0,1200.0,1218.0,"1,218.00",0.0,0.0,"1,205.44",927.00,"1,210.00","1,117,439.00",10,8.0,18.0,0.0,1.5,1.03,0.0,0.0,,
2017/10/31,23,DDBL,-,1218.0,1209.0,1200.0,1209.0,"1,209.00",0.0,0.0,"1,203.03",426.00,"1,218.00","512,490.00",9,-9.0,9.00,0.0,0.75,0.49,0.0,0.0,,
2017/11/01,22,DDBL,-,1209.0,1201.0,1193.0,1201.0,"1,201.00",0.0,0.0,"1,198.67",859.00,"1,209.00","1,029,659.00",17,-8.0,8.0,0.0,0.67,0.19,0.0,0.0,,
2017/11/02,22,DDBL,-,1201.0,1201.0,1170.0,1170.0,"1,170.00",0.0,0.0,"1,186.14","1,807.00","1,201.00","2,143,360.00",28,-31.0,31.0,0.0,2.65,-1.38,0.0,0.0,,
2017/11/05,24,DDBL,-,1170.0,1160.0,1140.0,1150.0,"1,150.00",0.0,0.0,"1,151.93","1,882.00","1,170.00","2,167,932.00",29,-20.0,20.0,0.0,1.75,-0.17,0.0,0.0,,
2017/11/06,24,DDBL,-,1150.0,1170.0,1130.0,1142.0,"1,142.00",0.0,0.0,"1,148.65","2,318.00","1,150.00","2,662,565.00",26,-8.0,40.0,0.0,3.54,-0.58,0.0,0.0,,
2017/11/07,22,DDBL,-,1142.0,1159.0,1140.0,1140.0,"1,140.00",0.0,0.0,"1,150.55","1,194.00","1,142.00","1,373,756.00",20,-2.0,19.0,0.0,1.67,-0.93,0.0,0.0,,
2017/11/08,23,DDBL,-,1140.0,1140.0,1118.0,1130.0,"1,130.00",0.0,0.0,"1,134.37",593.00,"1,140.00","672,680.00",9,-10.00,22.0,0.0,1.97,-0.39,0.0,0.0,,
2017/11/09,22,DDBL,-,1130.0,1129.0,1091.0,1115.0,"1,115.00",0.0,0.0,"1,108.96","1,500.00","1,130.00","1,663,433.00",22,-15.0,38.0,0.0,3.48,0.54,0.0,0.0,,
2017/11/12,24,DDBL,-,1115.0,1122.0,1100.0,1114.0,"1,114.00",0.0,0.0,"1,106.94",883.00,"1,115.00","977,426.00",10,-1.0,22.0,0.0,2.0,0.63,0.0,0.0,,
2017/11/13,23,DDBL,-,1114.0,1136.0,1114.0,1130.0,"1,130.00",0.0,0.0,"1,120.62","1,051.00","1,114.00","1,177,770.00",18,16.0,22.00,0.0,1.97,0.83,0.0,0.0,,
2017/11/14,23,DDBL,-,1130.0,1175.0,1145.0,1168.0,"1,168.00",0.0,0.0,"1,160.64","2,564.00","1,130.00","2,975,890.00",27,38.0,30.0,0.0,2.62,0.63,0.0,0.0,,
2017/11/15,23,DDBL,-,1168.0,1170.0,1151.0,1151.0,"1,151.00",0.0,0.0,"1,161.97","2,343.00","1,168.00","2,722,488.00",23,-17.0,19.0,0.0,1.65,-0.95,0.0,0.0,,
2017/11/16,43,DDBL,37.56,855.0,861.0,850.0,858.0,858.00,0.0,0.0,854.19,"9,779.00",852.00,"8,353,168.60",71,6.0,11.0,0.7,1.29,0.44,"1,010.00",759.00,835.13,827.49
2017/11/19,22,DDBL,-,1144.0,1130.0,1115.0,1122.0,"1,122.00",0.0,0.0,"1,119.07","1,220.00","1,144.00","1,365,266.00",15,-22.0,15.0,0.0,1.35,0.26,0.0,0.0,,
2017/11/20,23,DDBL,-,1122.0,1122.0,1109.0,1119.0,"1,119.00",0.0,0.0,"1,115.83",647.00,"1,122.00","721,943.00",9,-3.0,13.0,0.0,1.17,0.28,0.0,0.0,,
2017/10/03,17,DDBL,-,1248.0,1255.0,1245.0,1245.0,"1,245.00",0.0,0.0,"1,246.80",500.00,"1,248.00","623,400.00",4,-3.0,10.0,0.0,0.8,-0.14,0.0,0.0,,
2017/10/04,20,DDBL,-,1245.0,1245.0,1235.0,1235.0,"1,235.00",0.0,0.0,"1,240.14","2,830.00","1,245.00","3,509,584.00",30,-10.0,10.0,0.0,0.81,-0.42,0.0,0.0,,
2017/10/08,23,DDBL,-,1235.0,1220.0,1186.0,1186.0,"1,186.00",0.0,0.0,"1,198.31","1,506.00","1,235.00","1,804,659.00",35,-49.0,34.0,0.0,2.87,-1.04,0.0,0.0,,
2017/10/09,21,DDBL,-,1186.0,1200.0,1180.0,1185.0,"1,185.00",0.0,0.0,"1,186.49","1,857.00","1,186.00","2,203,310.00",25,-1.0,20.0,0.0,1.69,-0.13,0.0,0.0,,
2017/10/10,22,DDBL,-,1185.0,1208.0,1190.0,1201.0,"1,201.00",0.0,0.0,"1,200.47",950.00,"1,185.00","1,140,450.00",10,16.0,18.0,0.0,1.51,0.04,0.0,0.0,,
2017/10/11,22,DDBL,-,1201.0,1202.0,1190.0,1191.0,"1,191.00",0.0,0.0,"1,196.62",977.00,"1,201.00","1,169,093.00",14,-10.0,12.0,0.0,1.01,-0.47,0.0,0.0,,
2017/10/12,19,DDBL,-,1191.0,1198.0,1193.0,1194.0,"1,194.00",0.0,0.0,"1,194.67","1,430.00","1,191.00","1,708,375.00",18,3.0,5.0,0.0,0.42,-0.06,0.0,0.0,,
2017/10/15,23,DDBL,-,1194.0,1200.0,1194.0,1195.0,"1,195.00",0.0,0.0,"1,205.26","132,462.00","1,194.00","159,651,440.00",144,1.0,6.0,0.0,0.5,-0.86,0.0,0.0,,
2017/10/16,26,DDBL,-,1195.0,1246.0,1214.0,1246.0,"1,246.00",0.0,0.0,"1,231.66","1,033.00","1,195.00","1,272,300.00",14,51.0,32.0,0.0,2.64,1.15,0.0,0.0,,
2017/10/17,23,DDBL,-,1246.0,1251.0,1230.0,1230.0,"1,230.00",0.0,0.0,"1,244.11","1,995.00","1,246.00","2,482,005.00",24,-16.0,21.0,0.0,1.71,-1.15,0.0,0.0,,
2017/10/18,22,DDBL,-,1230.0,1250.0,1206.0,1250.0,"1,250.00",0.0,0.0,"1,223.80","2,900.00","1,230.00","3,549,015.00",21,20.0,44.0,0.0,3.65,2.1,0.0,0.0,,
2017/10/19,43,DDBL,37.56,855.0,861.0,850.0,858.0,858.00,0.0,0.0,854.19,"9,779.00",852.00,"8,353,168.60",71,6.0,11.0,0.7,1.29,0.44,"1,010.00",759.00,835.13,827.49
2017/10/22,21,DDBL,-,1250.0,1274.0,1250.0,1250.0,"1,250.00",0.0,0.0,"1,255.16",424.00,"1,250.00","532,186.00",6,0.0,24.0,0.0,1.92,-0.41,0.0,0.0,,
2017/10/23,23,DDBL,-,1250.0,1265.0,1205.0,1216.0,"1,216.00",0.0,0.0,"1,234.31","4,208.00","1,250.00","5,193,960.00",20,-34.00,60.0,0.0,4.98,-1.51,0.0,0.0,,
2017/10/24,24,DDBL,-,1216.0,1225.0,1215.0,1218.0,"1,218.00",0.0,0.0,"1,219.50",951.00,"1,216.00","1,159,749.00",14,2.0,10.0,0.0,0.82,-0.12,0.0,0.0,,
2017/10/25,23,DDBL,-,1218.0,1222.0,1213.0,1216.0,"1,216.00",0.0,0.0,"1,216.90","1,368.00","1,218.00","1,664,724.00",17,-2.0,9.0,0.0,0.74,-0.07,0.0,0.0,,
2017/08/28,22,DDBL,-,1391.0,1425.0,1400.0,1420.0,"1,420.00",0.0,0.0,"1,412.94","12,838.00","1,391.00","18,139,308.00",98,29.0,25.0,0.0,1.79,0.5,0.0,0.0,,
2017/08/30,20,DDBL,-,1420.0,1447.0,1401.0,1415.0,"1,415.00",0.0,0.0,"1,424.96","4,735.00","1,420.00","6,747,205.00",54,-5.0,46.0,0.0,3.28,-0.7,0.0,0.0,,
2017/08/31,23,DDBL,-,1415.0,1400.0,1378.0,1380.0,"1,380.00",0.0,0.0,"1,384.82","8,350.00","1,415.00","11,563,266.00",66,-35.0,22.0,0.0,1.6,-0.35,0.0,0.0,,
2017/09/04,23,DDBL,-,1380.0,1377.0,1333.0,1337.0,"1,337.00",0.0,0.0,"1,347.17","8,156.00","1,380.00","10,987,536.00",80,-43.0,44.0,0.0,3.3,-0.76,0.0,0.0,,
2017/09/06,43,DDBL,37.56,855.0,861.0,850.0,858.0,858.00,0.0,0.0,854.19,"9,779.00",852.00,"8,353,168.60",71,6.0,11.0,0.7,1.29,0.44,"1,010.00",759.00,835.13,827.49
2017/09/07,23,DDBL,-,1352.0,1385.0,1360.0,1360.0,"1,360.00",0.0,0.0,"1,367.56","6,240.00","1,352.00","8,533,595.00",52,8.0,25.0,0.0,1.84,-0.56,0.0,0.0,,
2017/09/10,22,DDBL,-,1360.0,1360.0,1315.0,1315.0,"1,315.00",0.0,0.0,"1,337.49","3,002.00","1,360.00","4,015,150.00",40,-45.00,45.0,0.0,3.42,-1.71,0.0,0.0,,
2017/09/11,22,DDBL,-,1315.0,1330.0,1300.0,1316.0,"1,316.00",0.0,0.0,"1,313.82","3,772.00","1,315.00","4,955,746.00",41,1.0,30.0,0.0,2.31,0.17,0.0,0.0,,
2017/09/12,21,DDBL,-,1316.0,1316.0,1297.0,1305.0,"1,305.00",0.0,0.0,"1,303.79","3,904.00","1,316.00","5,089,981.00",36,-11.0,19.0,0.0,1.46,0.09,0.0,0.0,,
2017/09/13,23,DDBL,-,1305.0,1324.0,1280.0,1281.0,"1,281.00",0.0,0.0,"1,295.33","9,573.00","1,305.00","12,400,153.00",68,-24.0,44.0,0.0,3.44,-1.12,0.0,0.0,,
2017/09/14,23,DDBL,-,1281.0,1309.0,1294.0,1301.0,"1,301.00",0.0,0.0,"1,298.60","3,249.00","1,281.00","4,219,142.00",26,20.00,15.00,0.0,1.16,0.18,0.0,0.0,,
2017/09/17,23,DDBL,-,1301.0,1315.0,1300.0,1305.0,"1,305.00",0.0,0.0,"1,306.73","3,580.00","1,301.00","4,678,090.00",28,4.0,15.0,0.0,1.15,-0.13,0.0,0.0,,
2017/09/18,23,DDBL,-,1305.0,1325.0,1284.0,1300.0,"1,300.00",0.0,0.0,"1,295.81","2,535.00","1,305.00","3,284,880.00",29,-5.0,41.0,0.0,3.19,0.32,0.0,0.0,,
2017/09/20,23,DDBL,-,1300.0,1295.0,1280.0,1295.0,"1,295.00",0.0,0.0,"1,291.15","3,120.00","1,300.00","4,028,389.00",20,-5.0,15.0,0.0,1.17,0.3,0.0,0.0,,
2017/09/24,22,DDBL,-,1295.0,1290.0,1265.0,1266.0,"1,266.00",0.0,0.0,"1,272.53","2,740.00","1,295.00","3,486,720.00",35,-29.0,25.0,0.0,1.98,-0.52,0.0,0.0,,
2017/09/25,23,DDBL,-,1266.0,1260.0,1240.0,1240.0,"1,240.00",0.0,0.0,"1,247.04","3,858.00","1,266.00","4,811,065.00",53,-26.0,20.0,0.0,1.61,-0.57,0.0,0.0,,
2017/08/01,21,DDBL,-,1427.0,1505.0,1430.0,1505.0,"1,505.00",0.0,0.0,"1,465.81","17,602.00","1,427.00","25,801,246.00",172,78.0,75.0,0.0,5.24,2.6,0.0,0.0,,
2017/08/02,21,DDBL,-,1505.0,1550.0,1480.0,1495.0,"1,495.00",0.0,0.0,"1,500.39","12,603.00","1,505.00","18,909,412.00",115,-10.0,70.0,0.0,4.73,-0.36,0.0,0.0,,
2017/08/03,21,DDBL,-,1495.0,1477.0,1461.0,1464.0,"1,464.00",0.0,0.0,"1,466.54","5,099.00","1,495.00","7,477,878.00",51,-31.0,16.0,0.0,1.1,-0.17,0.0,0.0,,
2017/08/06,22,DDBL,-,1464.0,1465.0,1423.0,1434.0,"1,434.00",0.0,0.0,"1,441.50","4,188.00","1,464.00","6,036,994.00",44,-30.0,42.0,0.0,2.95,-0.52,0.0,0.0,,
2017/08/07,21,DDBL,-,1434.0,1458.0,1432.0,1432.0,"1,432.00",0.0,0.0,"1,441.35","8,181.00","1,434.00","11,791,718.00",50,-2.0,26.0,0.0,1.82,-0.65,0.0,0.0,,
2017/08/09,21,DDBL,-,1432.0,1488.0,1435.0,1440.0,"1,440.00",0.0,0.0,"1,454.40","9,613.00","1,432.00","13,981,133.00",85,8.0,53.00,0.0,3.69,-1.0,0.0,0.0,,
2017/08/10,22,DDBL,-,1440.0,1464.0,1395.0,1440.0,"1,440.00",0.0,0.0,"1,425.04","6,129.00","1,440.00","8,734,075.00",62,0.0,69.0,0.0,4.95,1.04,0.0,0.0,,
2017/08/13,23,DDBL,-,1440.0,1440.0,1400.0,1406.0,"1,406.00",0.0,0.0,"1,414.82","4,324.00","1,440.00","6,117,683.00",51,-34.0,40.0,0.0,2.86,-0.63,0.0,0.0,,
2017/08/15,22,DDBL,-,1406.0,1407.0,1383.0,1405.0,"1,405.00",0.0,0.0,"1,399.99","6,385.00","1,406.00","8,938,961.00",60,-1.0,24.0,0.0,1.74,0.36,0.0,0.0,,
2017/08/16,22,DDBL,-,1405.0,1430.0,1400.0,1400.0,"1,400.00",0.0,0.0,"1,407.57","4,183.00","1,405.00","5,887,862.00",38,-5.0,30.0,0.0,2.14,-0.54,0.0,0.0,,
2017/08/17,22,DDBL,-,1400.0,1410.0,1396.0,1410.0,"1,410.00",0.0,0.0,"1,401.50","3,464.00","1,400.00","4,854,810.00",41,10.0,14.0,0.0,1.0,0.6,0.0,0.0,,
2017/08/20,23,DDBL,-,1410.0,1398.0,1382.0,1382.0,"1,382.00",0.0,0.0,"1,392.92","6,175.00","1,410.00","8,601,274.00",37,-28.0,16.0,0.0,1.16,-0.79,0.0,0.0,,
2017/08/21,20,DDBL,-,1382.0,1390.0,1370.0,1376.0,"1,376.00",0.0,0.0,"1,381.02",753.00,"1,382.00","1,039,907.00",15,-6.0,20.0,0.0,1.46,-0.36,0.0,0.0,,
2017/08/22,21,DDBL,-,1376.0,1417.0,1365.0,1375.0,"1,375.00",0.0,0.0,"1,390.48","2,224.00","1,376.00","3,092,436.00",31,-1.0,52.0,0.0,3.81,-1.13,0.0,0.0,,
2017/08/23,22,DDBL,-,1375.0,1386.0,1371.0,1371.0,"1,371.00",0.0,0.0,"1,375.54","2,027.00","1,375.00","2,788,227.00",15,-4.0,15.0,0.0,1.09,-0.33,0.0,0.0,,
2017/08/24,22,DDBL,-,1371.0,1400.0,1365.0,1390.0,"1,390.00",0.0,0.0,"1,387.61","2,639.00","1,371.00","3,661,900.00",28,19.0,35.0,0.0,2.56,0.17,0.0,0.0,,
2017/07/09,20,DDBL,-,1310.0,1349.0,1295.0,1326.0,"1,326.00",0.0,0.0,"1,327.85","5,249.00","1,310.00","6,969,903.00",62,16.0,54.0,0.0,4.17,-0.14,0.0,0.0,,
2017/07/10,21,DDBL,-,1326.0,1310.0,1290.0,1300.0,"1,300.00",0.0,0.0,"1,296.50","1,945.00","1,326.00","2,521,687.00",26,-26.00,20.0,0.0,1.55,0.27,0.0,0.0,,
2017/07/11,21,DDBL,-,1300.0,1319.0,1299.0,1299.0,"1,299.00",0.0,0.0,"1,306.39","1,682.00","1,300.00","2,197,355.00",28,-1.0,20.0,0.0,1.54,-0.57,0.0,0.0,,
2017/07/12,19,DDBL,-,1299.0,1310.0,1290.0,1300.0,"1,300.00",0.0,0.0,"1,302.14","2,471.00","1,299.00","3,217,580.00",39,1.0,20.0,0.0,1.55,-0.16,0.0,0.0,,
2017/07/13,19,DDBL,-,1300.0,1294.0,1280.0,1285.0,"1,285.00",0.0,0.0,"1,282.46","2,997.00","1,300.00","3,843,545.00",33,-15.0,14.0,0.0,1.09,0.2,0.0,0.0,,
2017/07/16,20,DDBL,-,1285.0,1300.0,1285.0,1295.0,"1,295.00",0.0,0.0,"1,290.55",980.00,"1,285.00","1,264,737.00",17,10.0,15.0,0.0,1.17,0.34,0.0,0.0,,
2017/07/17,21,DDBL,-,1295.0,1338.0,1300.0,1315.0,"1,315.00",0.0,0.0,"1,321.16","4,722.00","1,295.00","6,238,533.00",37,20.0,38.0,0.0,2.92,-0.47,0.0,0.0,,
2017/07/18,21,DDBL,-,1315.0,1357.0,1330.0,1355.0,"1,355.00",0.0,0.0,"1,344.96","8,777.00","1,315.00","11,804,737.00",61,40.00,27.0,0.0,2.03,0.74,0.0,0.0,,
2017/07/19,21,DDBL,-,1355.0,1365.0,1328.0,1328.0,"1,328.00",0.0,0.0,"1,355.98","6,140.00","1,355.00","8,325,705.00",61,-27.0,37.0,0.0,2.79,-2.11,0.0,0.0,,
2017/07/20,21,DDBL,-,1328.0,1348.0,1321.0,1333.0,"1,333.00",0.0,0.0,"1,333.90","5,085.00","1,328.00","6,782,895.00",29,5.0,27.0,0.0,2.04,-0.07,0.0,0.0,,
2017/07/23,23,DDBL,-,1333.0,1335.0,1320.0,1320.0,"1,320.00",0.0,0.0,"1,327.91","4,723.00","1,333.00","6,271,723.00",43,-13.0,15.0,0.0,1.14,-0.6,0.0,0.0,,
2017/07/24,22,DDBL,-,1320.0,1341.0,1299.0,1302.0,"1,302.00",0.0,0.0,"1,309.32","2,514.00","1,320.00","3,291,627.00",39,-18.00,42.00,0.0,3.23,-0.56,0.0,0.0,,
2017/07/25,21,DDBL,-,1302.0,1330.0,1310.0,1312.0,"1,312.00",0.0,0.0,"1,323.48","3,457.00","1,302.00","4,575,270.00",30,10.00,20.00,0.0,1.53,-0.87,0.0,0.0,,
2017/07/26,22,DDBL,-,1312.0,1329.0,1307.0,1318.0,"1,318.00",0.0,0.0,"1,312.92","4,663.00","1,312.00","6,122,142.00",47,6.00,22.00,0.0,1.68,0.39,0.0,0.0,,
2017/07/27,21,DDBL,-,1318.0,1425.0,1320.0,1380.0,"1,380.00",0.0,0.0,"1,374.86","17,873.00","1,318.00","24,572,832.00",141,62.00,105.00,0.0,7.95,0.37,0.0,0.0,,
2017/07/30,21,DDBL,-,1380.0,1410.0,1375.0,1400.0,"1,400.00",0.0,0.0,"1,397.58","11,244.00","1,380.00","15,714,354.00",94,20.0,35.0,0.0,2.55,0.17,0.0,0.0,,
2017/06/12,43,DDBL,37.56,855.0,861.0,850.0,858.0,858.00,0.0,0.0,854.19,"9,779.00",852.00,"8,353,168.60",71,6.0,11.0,0.7,1.29,0.44,"1,010.00",759.00,835.13,827.49
2017/06/13,21,DDBL,-,1390.0,1400.0,1375.0,1400.0,"1,400.00",0.0,0.0,"1,391.00",150.00,"1,390.00","208,650.00",4,10.0,25.0,0.0,1.82,0.64,0.0,0.0,,
2017/06/14,21,DDBL,-,1400.0,1401.0,1388.0,1400.0,"1,400.00",0.0,0.0,"1,397.44",435.00,"1,400.00","607,885.00",7,0.0,13.0,0.0,0.94,0.18,0.0,0.0,,
2017/06/15,22,DDBL,-,1400.0,1414.0,1385.0,1400.0,"1,400.00",0.0,0.0,"1,391.50","1,730.00","1,400.00","2,407,300.00",16,0.0,29.0,0.0,2.09,0.61,0.0,0.0,,
2017/06/18,21,DDBL,-,1400.0,1410.0,1390.0,1390.0,"1,390.00",0.0,0.0,"1,398.57",175.00,"1,400.00","244,750.00",4,-10.0,20.0,0.0,1.44,-0.62,0.0,0.0,,
2017/06/19,20,DDBL,-,1390.0,1365.0,1351.0,1352.0,"1,352.00",0.0,0.0,"1,356.57","1,180.00","1,390.00","1,600,755.00",13,-38.0,14.0,0.0,1.04,-0.34,0.0,0.0,,
2017/06/20,20,DDBL,-,1352.0,1348.0,1300.0,1325.0,"1,325.00",0.0,0.0,"1,325.43","3,401.00","1,352.00","4,507,781.00",29,-27.0,48.0,0.0,3.69,-0.03,0.0,0.0,,
2017/06/21,22,DDBL,-,1325.0,1350.0,1300.0,1300.0,"1,300.00",0.0,0.0,"1,322.60","2,624.00","1,325.00","3,470,510.00",39,-25.0,50.0,0.0,3.85,-1.74,0.0,0.0,,
2017/06/22,20,DDBL,-,1300.0,1338.0,1300.0,1300.0,"1,300.00",0.0,0.0,"1,314.01","3,435.00","1,300.00","4,513,630.00",44,0.0,38.0,0.0,2.92,-1.08,0.0,0.0,,
2017/06/25,21,DDBL,-,1300.0,1330.0,1300.0,1300.0,"1,300.00",0.0,0.0,"1,305.74","2,931.00","1,300.00","3,827,118.00",52,0.0,30.0,0.0,2.31,-0.44,0.0,0.0,,
2017/06/27,21,DDBL,-,1300.0,1310.0,1280.0,1285.0,"1,285.00",0.0,0.0,"1,292.81","3,145.00","1,300.00","4,065,895.00",36,-15.0,30.0,0.0,2.34,-0.61,0.0,0.0,,
2017/06/28,18,DDBL,-,1285.0,1300.0,1280.0,1294.0,"1,294.00",0.0,0.0,"1,291.95","3,617.00","1,285.00","4,672,970.00",35,9.0,20.0,0.0,1.56,0.16,0.0,0.0,,
2017/07/02,21,DDBL,-,1294.0,1294.0,1269.0,1269.0,"1,269.00",0.0,0.0,"1,276.01","1,440.00","1,294.00","1,837,450.00",24,-25.0,25.0,0.0,1.97,-0.55,0.0,0.0,,
2017/07/03,20,DDBL,-,1269.0,1300.0,1275.0,1275.0,"1,275.00",0.0,0.0,"1,284.65","5,292.00","1,269.00","6,798,385.00",31,6.0,25.0,0.0,1.96,-0.76,0.0,0.0,,
2017/07/04,19,DDBL,-,1275.0,1295.0,1250.0,1280.0,"1,280.00",0.0,0.0,"1,272.71","2,198.00","1,275.00","2,797,416.00",26,5.0,45.0,0.0,3.6,0.57,0.0,0.0,,
2017/07/05,19,DDBL,-,1280.0,1277.0,1260.0,1277.0,"1,277.00",0.0,0.0,"1,263.59","1,326.00","1,280.00","1,675,525.00",20,-3.0,17.0,0.0,1.35,1.05,0.0,0.0,,
2017/02/20,17,DDBL,-,900.0,950.0,900.0,907.0,907.00,0.0,0.0,923.37,"6,756.00",900.00,"6,238,270.00",83,7.0,50.00,0.0,5.56,-1.8,0.0,0.0,,
2017/03/20,16,DDBL,-,928.0,963.0,939.0,960.0,960.00,0.0,0.0,955.34,"6,920.00",928.00,"6,610,942.00",38,32.0,24.0,0.0,2.56,0.49,0.0,0.0,,
2017/04/16,18,DDBL,-,1590.0,1575.0,1503.0,1505.0,"1,505.00",0.0,0.0,"1,537.31","3,170.00","1,590.00","4,873,288.00",33,-85.00,72.00,0.0,4.79,-2.15,0.0,0.0,,
2017/05/15,19,DDBL,-,1485.0,1510.0,1480.0,1488.0,"1,488.00",0.0,0.0,"1,491.26","1,275.00","1,485.00","1,901,360.00",15,3.0,30.0,0.0,2.03,-0.22,0.0,0.0,,
2017/06/11,20,DDBL,-,1444.0,1472.0,1400.0,1401.0,"1,401.00",0.0,0.0,"1,418.72","3,708.00","1,444.00","5,260,619.00",30,-43.0,72.0,0.0,5.14,-1.26,0.0,0.0,,
2017/07/06,20,DDBL,-,1277.0,1312.0,1290.0,1310.0,"1,310.00",0.0,0.0,"1,304.52","5,607.00","1,277.00","7,314,442.00",58,33.0,22.0,0.0,1.71,0.42,0.0,0.0,,
2017/07/31,21,DDBL,-,1400.0,1427.0,1410.0,1427.0,"1,427.00",0.0,0.0,"1,421.55","9,341.00","1,400.00","13,278,714.00",96,27.0,17.00,0.0,1.21,0.38,0.0,0.0,,
2017/08/27,22,DDBL,-,1390.0,1410.0,1370.0,1391.0,"1,391.00",0.0,0.0,"1,396.02","4,817.00","1,390.00","6,724,629.00",42,1.0,40.0,0.0,2.92,-0.36,0.0,0.0,,
2017/09/26,23,DDBL,-,1240.0,1260.0,1240.0,1248.0,"1,248.00",0.0,0.0,"1,247.20","2,655.00","1,240.00","3,311,320.00",25,8.0,20.0,0.0,1.61,0.06,0.0,0.0,,
2017/10/29,23,DDBL,-,1216.0,1220.0,1200.0,1210.0,"1,210.00",0.0,0.0,"1,206.51","1,924.00","1,216.00","2,321,320.00",16,-6.0,20.0,0.0,1.67,0.29,0.0,0.0,,
2017/11/21,22,DDBL,-,1119.0,1125.0,1105.0,1105.0,"1,105.00",0.0,0.0,"1,114.59","2,748.00","1,119.00","3,062,890.00",13,-14.0,20.0,0.0,1.81,-0.87,0.0,0.0,,
2017/12/18,24,DDBL,-,1115.0,1117.0,1110.0,1114.0,"1,114.00",0.0,0.0,"1,114.45","1,285.00","1,115.00","1,432,070.00",10,-1.0,7.0,0.0,0.63,-0.04,0.0,0.0,,
2018/01/14,22,DDBL,-,871.0,885.0,854.0,856.0,856.00,0.0,0.0,860.63,992.00,871.00,"853,740.00",15,-15.0,31.0,0.0,3.63,-0.54,0.0,0.0,,
2018/02/11,23,DDBL,-,831.0,830.0,820.0,820.0,820.00,0.0,0.0,822.59,"2,430.00",831.00,"1,998,886.00",24,-11.0,10.0,0.0,1.22,-0.32,0.0,0.0,,
2018/03/12,23,DDBL,-,778.0,790.0,757.0,757.0,757.00,0.0,0.0,776.98,"2,228.00",780.00,"1,731,118.00",24,-23.0,33.0,-2.95,4.36,-2.64,"1,700.00",755.00,,
2018/04/05,24,DDBL,-,714.0,719.0,700.0,711.0,711.00,0.0,0.0,710.28,"2,893.00",700.00,"2,054,845.00",53,11.0,19.0,1.57,2.71,0.1,"1,700.00",605.00,,
2018/04/29,25,DDBL,-,865.0,865.0,825.0,856.0,856.00,0.0,0.0,843.58,"1,399.00",858.00,"1,180,170.00",22,-2.0,40.0,-0.23,4.85,1.45,"1,560.00",605.00,,
2018/05/27,21,DDBL,-,814.0,818.0,801.0,810.0,810.00,0.0,0.0,808.87,"1,755.00",830.00,"1,419,559.00",15,-20.0,17.0,-2.41,2.12,0.14,"1,550.00",605.00,,
2018/06/20,23,DDBL,-,751.0,754.0,744.0,750.0,750.00,0.0,0.0,748.28,"3,871.00",751.00,"2,896,608.00",24,-1.0,10.0,-0.13,1.34,0.23,"1,550.00",605.00,,
2018/07/15,28,DDBL,-,728.0,754.0,720.0,754.0,754.00,0.0,0.0,728.25,"2,640.00",728.00,"1,922,568.00",15,26.0,34.0,3.57,4.72,3.42,"1,550.00",605.00,,
2018/08/07,23,DDBL,-,700.0,712.0,699.0,702.0,702.00,0.0,0.0,701.61,"1,891.00",700.00,"1,326,737.00",24,2.0,13.0,0.29,1.86,0.06,"1,488.00",605.00,,
2017/05/16,19,DDBL,-,1488.0,1490.0,1475.0,1480.0,"1,480.00",0.0,0.0,"1,483.44","1,060.00","1,488.00","1,572,450.00",14,-8.0,15.0,0.0,1.02,-0.23,0.0,0.0,,
2017/05/17,19,DDBL,-,1480.0,1480.0,1465.0,1476.0,"1,476.00",0.0,0.0,"1,476.28",735.00,"1,480.00","1,085,065.00",14,-4.0,15.0,0.0,1.02,-0.02,0.0,0.0,,
2017/05/18,19,DDBL,-,1476.0,1484.0,1475.0,1480.0,"1,480.00",0.0,0.0,"1,480.11","1,318.00","1,476.00","1,950,782.00",15,4.0,9.0,0.0,0.61,-0.01,0.0,0.0,,
2017/05/21,19,DDBL,-,1480.0,1488.0,1485.0,1485.0,"1,485.00",0.0,0.0,"1,486.36",390.00,"1,480.00","579,680.00",9,5.0,3.0,0.0,0.2,-0.09,0.0,0.0,,
2017/05/22,19,DDBL,-,1485.0,1484.0,1462.0,1462.0,"1,462.00",0.0,0.0,"1,474.94",967.00,"1,485.00","1,426,264.00",9,-23.0,22.0,0.0,1.5,-0.88,0.0,0.0,,
2017/05/23,19,DDBL,-,1462.0,1495.0,1442.0,1442.0,"1,442.00",0.0,0.0,"1,462.51","1,561.00","1,462.00","2,282,984.00",19,-20.0,53.0,0.0,3.68,-1.42,0.0,0.0,,
2017/05/24,19,DDBL,-,1442.0,1460.0,1440.0,1450.0,"1,450.00",0.0,0.0,"1,445.49","1,025.00","1,442.00","1,481,630.00",15,8.0,20.0,0.0,1.39,0.31,0.0,0.0,,
2017/05/28,19,DDBL,-,1450.0,1460.0,1450.0,1450.0,"1,450.00",0.0,0.0,"1,456.10","1,930.00","1,450.00","2,810,270.00",22,0.0,10.0,0.0,0.69,-0.42,0.0,0.0,,
2017/05/30,19,DDBL,-,1450.0,1450.0,1390.0,1390.0,"1,390.00",0.0,0.0,"1,422.20","1,528.00","1,450.00","2,173,120.00",19,-60.0,60.0,0.0,4.32,-2.32,0.0,0.0,,
2017/05/31,19,DDBL,-,1390.0,1430.0,1355.0,1430.0,"1,430.00",0.0,0.0,"1,386.97","1,619.00","1,390.00","2,245,510.00",22,40.0,75.0,0.0,5.54,3.01,0.0,0.0,,
2017/06/01,21,DDBL,-,1430.0,1432.0,1422.0,1425.0,"1,425.00",0.0,0.0,"1,427.29","3,407.00","1,430.00","4,862,785.00",34,-5.0,10.0,0.0,0.7,-0.16,0.0,0.0,,
2017/06/04,20,DDBL,-,1425.0,1430.0,1410.0,1412.0,"1,412.00",0.0,0.0,"1,418.02","1,996.00","1,425.00","2,830,360.00",19,-13.0,20.0,0.0,1.42,-0.43,0.0,0.0,,
2017/06/05,21,DDBL,-,1412.0,1441.0,1420.0,1429.0,"1,429.00",0.0,0.0,"1,426.92","1,320.00","1,412.00","1,883,530.00",15,17.0,21.0,0.0,1.48,0.15,0.0,0.0,,
2017/06/06,20,DDBL,-,1429.0,1474.0,1450.0,1472.0,"1,472.00",0.0,0.0,"1,464.00","2,590.00","1,429.00","3,791,750.00",36,43.0,24.0,0.0,1.66,0.54,0.0,0.0,,
2017/06/07,20,DDBL,-,1472.0,1500.0,1450.0,1450.0,"1,450.00",0.0,0.0,"1,473.65","1,953.00","1,472.00","2,878,040.00",28,-22.0,50.0,0.0,3.45,-1.63,0.0,0.0,,
2017/06/08,20,DDBL,-,1450.0,1445.0,1426.0,1444.0,"1,444.00",0.0,0.0,"1,431.93",280.00,"1,450.00","400,940.00",4,-6.0,19.0,0.0,1.33,0.84,0.0,0.0,,
2017/04/18,19,DDBL,-,1505.0,1510.0,1373.0,1460.0,"1,460.00",0.0,0.0,"1,436.95","6,504.00","1,505.00","9,345,910.00",65,-45.0,137.0,0.0,9.98,1.58,0.0,0.0,,
2017/04/19,20,DDBL,-,1460.0,1560.0,1480.0,1560.0,"1,560.00",0.0,0.0,"1,530.28","4,416.00","1,460.00","6,757,717.00",47,100.0,80.00,0.0,5.41,1.91,0.0,0.0,,
2017/04/20,17,DDBL,-,1560.0,1590.0,1535.0,1535.0,"1,535.00",0.0,0.0,"1,558.80","2,035.00","1,560.00","3,172,150.00",34,-25.0,55.00,0.0,3.58,-1.55,0.0,0.0,,
2017/04/23,19,DDBL,-,1535.0,1627.0,1565.0,1590.0,"1,590.00",0.0,0.0,"1,589.20","3,975.00","1,535.00","6,317,075.00",38,55.00,62.0,0.0,3.96,0.05,0.0,0.0,,
2017/04/24,18,DDBL,-,1590.0,1605.0,1540.0,1540.0,"1,540.00",0.0,0.0,"1,564.13",824.00,"1,590.00","1,288,840.00",12,-50.00,65.0,0.0,4.22,-1.57,0.0,0.0,,
2017/04/25,19,DDBL,-,1540.0,1560.0,1540.0,1540.0,"1,540.00",0.0,0.0,"1,547.67",900.00,"1,540.00","1,392,900.00",14,0.00,20.0,0.0,1.3,-0.5,0.0,0.0,,
2017/04/26,19,DDBL,-,1540.0,1550.0,1520.0,1545.0,"1,545.00",0.0,0.0,"1,533.28","1,450.00","1,540.00","2,223,250.00",11,5.00,30.00,0.0,1.97,0.76,0.0,0.0,,
2017/04/27,20,DDBL,-,1545.0,1550.0,1480.0,1530.0,"1,530.00",0.0,0.0,"1,518.98","2,979.00","1,545.00","4,525,055.00",31,-15.0,70.00,0.0,4.73,0.72,0.0,0.0,,
2017/04/30,43,DDBL,37.56,855.0,861.0,850.0,858.0,858.00,0.0,0.0,854.19,"9,779.00",852.00,"8,353,168.60",71,6.0,11.0,0.7,1.29,0.44,"1,010.00",759.00,835.13,827.49
2017/05/02,20,DDBL,-,1505.0,1530.0,1469.0,1530.0,"1,530.00",0.0,0.0,"1,498.63","3,179.00","1,505.00","4,764,145.00",33,25.0,61.0,0.0,4.15,2.05,0.0,0.0,,
2017/05/03,19,DDBL,-,1530.0,1560.0,1530.0,1530.0,"1,530.00",0.0,0.0,"1,541.10",860.00,"1,530.00","1,325,350.00",17,0.0,30.0,0.0,1.96,-0.73,0.0,0.0,,
2017/05/04,19,DDBL,-,1530.0,1500.0,1480.0,1490.0,"1,490.00",0.0,0.0,"1,488.32","1,040.00","1,530.00","1,547,850.00",17,-40.0,20.0,0.0,1.35,0.11,0.0,0.0,,
2017/05/07,19,DDBL,-,1490.0,1500.0,1472.0,1480.0,"1,480.00",0.0,0.0,"1,478.69",401.00,"1,490.00","592,954.00",11,-10.0,28.0,0.0,1.9,0.09,0.0,0.0,,
2017/05/08,18,DDBL,-,1480.0,1500.0,1480.0,1499.0,"1,499.00",0.0,0.0,"1,496.80","1,422.00","1,480.00","2,128,450.00",18,19.0,20.0,0.0,1.35,0.15,0.0,0.0,,
2017/05/09,18,DDBL,-,1499.0,1501.0,1490.0,1499.0,"1,499.00",0.0,0.0,"1,497.52",630.00,"1,499.00","943,440.00",9,0.0,11.0,0.0,0.74,0.1,0.0,0.0,,
2017/05/11,19,DDBL,-,1499.0,1500.0,1480.0,1485.0,"1,485.00",0.0,0.0,"1,483.30","2,630.00","1,499.00","3,901,090.00",17,-14.0,20.0,0.0,1.35,0.11,0.0,0.0,,
2017/03/21,16,DDBL,-,960.0,1056.0,960.0,1056.0,"1,056.00",0.0,0.0,"1,009.20","7,628.00",960.00,"7,698,161.00",56,96.0,96.0,0.0,10.0,4.43,0.0,0.0,,
2017/03/22,17,DDBL,-,1056.0,1161.0,1077.0,1135.0,"1,135.00",0.0,0.0,"1,153.84","11,306.00","1,056.00","13,045,289.00",103,79.0,84.0,0.0,7.8,-1.66,0.0,0.0,,
2017/03/23,16,DDBL,-,1135.0,1205.0,1150.0,1180.0,"1,180.00",0.0,0.0,"1,174.44","9,603.00","1,135.00","11,278,124.00",98,45.0,55.0,0.0,4.78,0.47,0.0,0.0,,
2017/03/26,17,DDBL,-,1180.0,1274.0,1190.0,1274.0,"1,274.00",0.0,0.0,"1,241.49","13,923.00","1,180.00","17,285,196.00",110,94.0,84.0,0.0,7.06,2.55,0.0,0.0,,
2017/03/28,18,DDBL,-,1274.0,1401.0,1299.0,1400.0,"1,400.00",0.0,0.0,"1,374.83","12,518.00","1,274.00","17,210,158.00",88,126.00,102.0,0.0,7.85,1.8,0.0,0.0,,
2017/03/29,18,DDBL,-,1400.0,1497.0,1380.0,1409.0,"1,409.00",0.0,0.0,"1,440.74","12,430.00","1,400.00","17,908,430.00",110,9.00,117.00,0.0,8.48,-2.25,0.0,0.0,,
2017/03/30,17,DDBL,-,1409.0,1427.0,1359.0,1414.0,"1,414.00",0.0,0.0,"1,396.99","5,600.00","1,409.00","7,823,123.00",57,5.0,68.0,0.0,5.0,1.2,0.0,0.0,,
2017/04/02,13,DDBL,-,1414.0,1555.0,1442.0,1555.0,"1,555.00",0.0,0.0,"1,473.87","6,354.00","1,414.00","9,364,976.00",51,141.00,113.00,0.0,7.84,5.22,0.0,0.0,,
2017/04/03,16,DDBL,-,1555.0,1617.0,1470.0,1500.0,"1,500.00",0.0,0.0,"1,550.71","5,027.00","1,555.00","7,795,398.00",49,-55.00,147.00,0.0,10.0,-3.38,0.0,0.0,,
2017/04/04,18,DDBL,-,1500.0,1530.0,1461.0,1475.0,"1,475.00",0.0,0.0,"1,482.28","2,510.00","1,500.00","3,720,530.00",26,-25.00,69.00,0.0,4.72,-0.49,0.0,0.0,,
2017/04/06,16,DDBL,-,1475.0,1500.0,1422.0,1440.0,"1,440.00",0.0,0.0,"1,452.72","6,095.00","1,475.00","8,854,345.00",36,-35.00,78.00,0.0,5.49,-0.88,0.0,0.0,,
2017/04/09,17,DDBL,-,1440.0,1442.0,1400.0,1410.0,"1,410.00",0.0,0.0,"1,411.31","3,237.00","1,440.00","4,568,419.00",51,-30.0,42.00,0.0,3.0,-0.09,0.0,0.0,,
2017/04/10,17,DDBL,-,1410.0,1551.0,1382.0,1510.0,"1,510.00",0.0,0.0,"1,497.55","7,995.00","1,410.00","11,972,937.00",73,100.0,169.00,0.0,12.23,0.82,0.0,0.0,,
2017/04/11,17,DDBL,-,1510.0,1586.0,1513.0,1555.0,"1,555.00",0.0,0.0,"1,537.92","10,345.00","1,510.00","15,909,786.00",87,45.0,73.0,0.0,4.82,1.1,0.0,0.0,,
2017/04/12,19,DDBL,-,1555.0,1700.0,1570.0,1591.0,"1,591.00",0.0,0.0,"1,625.66","13,513.00","1,555.00","21,967,560.00",88,36.0,130.0,0.0,8.28,-2.18,0.0,0.0,,
2017/04/13,18,DDBL,-,1591.0,1637.0,1559.0,1590.0,"1,590.00",0.0,0.0,"1,589.37","5,205.00","1,591.00","8,272,665.00",65,-1.0,78.00,0.0,5.0,0.04,0.0,0.0,,
2017/02/21,18,DDBL,-,907.0,945.0,905.0,913.0,913.00,0.0,0.0,922.00,"4,514.00",907.00,"4,161,917.00",56,6.0,40.0,0.0,4.42,-0.99,0.0,0.0,,
2017/02/22,17,DDBL,-,913.0,910.0,882.0,910.0,910.00,0.0,0.0,898.56,"1,710.00",913.00,"1,536,530.00",19,-3.0,28.0,0.0,3.17,1.26,0.0,0.0,,
2017/02/23,18,DDBL,-,910.0,925.0,895.0,918.0,918.00,0.0,0.0,911.47,"1,955.00",910.00,"1,781,930.00",38,8.0,30.0,0.0,3.35,0.71,0.0,0.0,,
2017/02/26,18,DDBL,-,918.0,918.0,895.0,900.0,900.00,0.0,0.0,901.12,"2,390.00",918.00,"2,153,680.00",20,-18.0,23.0,0.0,2.57,-0.12,0.0,0.0,,
2017/02/28,18,DDBL,-,900.0,918.0,900.0,900.0,900.00,0.0,0.0,904.56,"1,965.00",900.00,"1,777,465.00",22,0.0,18.0,0.0,2.0,-0.51,0.0,0.0,,
2017/03/01,17,DDBL,-,900.0,918.0,901.0,905.0,905.00,0.0,0.0,914.19,"1,540.00",900.00,"1,407,855.00",14,5.0,17.0,0.0,1.89,-1.02,0.0,0.0,,
2017/03/02,17,DDBL,-,905.0,920.0,911.0,920.0,920.00,0.0,0.0,917.95,"1,100.00",905.00,"1,009,750.00",21,15.0,9.0,0.0,0.99,0.22,0.0,0.0,,
2017/03/05,17,DDBL,-,920.0,957.0,938.0,945.0,945.00,0.0,0.0,947.81,"3,680.00",920.00,"3,487,930.00",33,25.0,19.0,0.0,2.03,-0.3,0.0,0.0,,
2017/03/06,19,DDBL,-,945.0,961.0,949.0,949.0,949.00,0.0,0.0,952.28,"1,595.00",945.00,"1,518,880.00",24,4.0,12.0,0.0,1.26,-0.35,0.0,0.0,,
2017/03/07,18,DDBL,-,949.0,940.0,915.0,930.0,930.00,0.0,0.0,929.02,635.00,949.00,"589,925.00",10,-19.0,25.0,0.0,2.73,0.11,0.0,0.0,,
2017/03/09,16,DDBL,-,930.0,940.0,915.0,915.0,915.00,0.0,0.0,924.62,495.00,930.00,"457,685.00",9,-15.0,25.0,0.0,2.73,-1.05,0.0,0.0,,
2017/03/13,18,DDBL,-,915.0,925.0,912.0,912.0,912.00,0.0,0.0,917.36,"1,103.00",915.00,"1,011,845.00",11,-3.0,13.0,0.0,1.43,-0.59,0.0,0.0,,
2017/03/14,18,DDBL,-,912.0,929.0,912.0,915.0,915.00,0.0,0.0,921.48,560.00,912.00,"516,030.00",3,3.0,17.0,0.0,1.86,-0.71,0.0,0.0,,
2017/03/15,17,DDBL,-,915.0,921.0,920.0,921.0,921.00,0.0,0.0,920.27,860.00,915.00,"791,430.00",7,6.0,1.0,0.0,0.11,0.08,0.0,0.0,,
2017/03/16,20,DDBL,-,921.0,925.0,916.0,916.0,916.00,0.0,0.0,919.49,399.00,921.00,"366,875.00",7,-5.0,9.0,0.0,0.98,-0.38,0.0,0.0,,
2017/03/19,17,DDBL,-,916.0,935.0,920.0,928.0,928.00,0.0,0.0,925.07,"2,742.00",916.00,"2,536,540.00",26,12.0,15.0,0.0,1.63,0.32,0.0,0.0,,
2017/01/24,20,DDBL,-,2240.0,2222.0,2176.0,2176.0,"2,176.00",0.0,0.0,"2,195.96","3,270.00","2,240.00","7,180,780.00",31,-64.0,46.0,0.0,2.11,-0.92,0.0,0.0,,
2017/01/25,20,DDBL,-,2176.0,2190.0,2061.0,2061.0,"2,061.00",0.0,0.0,"2,141.70","1,841.00","2,176.00","3,942,870.00",18,-115.00,129.00,0.0,6.26,-3.92,0.0,0.0,,
2017/01/26,18,DDBL,-,2061.0,2049.0,1941.0,2015.0,"2,015.00",0.0,0.0,"1,985.40","2,470.00","2,061.00","4,903,930.00",36,-46.0,108.0,0.0,5.56,1.47,0.0,0.0,,
2017/01/30,15,DDBL,-,2015.0,1975.0,1818.0,1818.0,"1,818.00",0.0,0.0,"1,858.77","2,690.00","2,015.00","5,000,090.00",31,-197.0,157.0,0.0,8.64,-2.24,0.0,0.0,,
2017/01/31,19,DDBL,-,1818.0,1891.0,1790.0,1891.0,"1,891.00",0.0,0.0,"1,835.85","1,100.00","1,818.00","2,019,440.00",22,73.0,101.0,0.0,5.64,2.92,0.0,0.0,,
2017/02/01,19,DDBL,-,1891.0,2045.0,1925.0,2045.0,"2,045.00",0.0,0.0,"1,983.15","1,868.00","1,891.00","3,704,532.00",28,154.0,120.0,0.0,6.23,3.02,0.0,0.0,,
2017/02/02,18,DDBL,-,2045.0,2126.0,2000.0,2020.0,"2,020.00",0.0,0.0,"2,030.69","2,088.00","2,045.00","4,240,073.00",28,-25.0,126.0,0.0,6.3,-0.53,0.0,0.0,,
2017/02/05,16,DDBL,-,2020.0,2199.0,2060.0,2180.0,"2,180.00",0.0,0.0,"2,161.23","15,266.00","2,020.00","32,993,284.00",194,160.0,139.0,0.0,6.75,0.86,0.0,0.0,,
2017/02/06,17,DDBL,-,2180.0,2165.0,2100.0,2120.0,"2,120.00",0.0,0.0,"2,137.75","5,407.00","2,180.00","11,558,822.00",83,-60.0,65.0,0.0,3.1,-0.84,0.0,0.0,,
2017/02/07,17,DDBL,-,2120.0,2150.0,2100.0,2121.0,"2,121.00",0.0,0.0,"2,113.27","3,009.00","2,120.00","6,358,822.00",49,1.0,50.0,0.0,2.38,0.36,0.0,0.0,,
2017/02/08,19,DDBL,-,2121.0,2145.0,2078.0,2094.0,"2,094.00",0.0,0.0,"2,094.59","4,190.00","2,121.00","8,776,330.00",63,-27.0,67.0,0.0,3.22,-0.03,0.0,0.0,,
2017/02/09,18,DDBL,-,2094.0,2090.0,1995.0,2000.0,"2,000.00",0.0,0.0,"2,022.63","7,123.00","2,094.00","14,407,197.00",113,-94.0,95.0,0.0,4.76,-1.13,0.0,0.0,,
2017/02/12,17,DDBL,-,2000.0,2010.0,1926.0,1938.0,"1,938.00",0.0,0.0,"1,956.45","11,467.00","2,000.00","22,434,562.00",216,-62.0,84.0,0.0,4.36,-0.95,0.0,0.0,,
2017/02/13,18,DDBL,-,867.0,873.0,785.0,873.0,873.00,0.0,0.0,800.68,"3,339.00",867.00,"2,673,465.00",50,6.0,88.0,0.0,11.21,8.28,0.0,0.0,,
2017/02/14,18,DDBL,-,873.0,860.0,830.0,830.0,830.00,0.0,0.0,833.46,"3,173.00",873.00,"2,644,569.00",38,-43.0,30.0,0.0,3.61,-0.42,0.0,0.0,,
2017/02/15,19,DDBL,-,830.0,856.0,825.0,850.0,850.00,0.0,0.0,845.72,"3,840.00",830.00,"3,247,580.00",38,20.00,31.0,0.0,3.76,0.5,0.0,0.0,,
2017/02/16,19,DDBL,-,850.0,892.0,846.0,890.0,890.00,0.0,0.0,873.45,"3,480.00",850.00,"3,039,615.00",50,40.0,46.0,0.0,5.44,1.86,0.0,0.0,,
2017/02/19,17,DDBL,-,890.0,915.0,856.0,900.0,900.00,0.0,0.0,897.64,"7,081.00",890.00,"6,356,220.00",65,10.00,59.00,0.0,6.89,0.26,0.0,0.0,,
