Date,S.No,Symbol,Conf.,Open,High,Low,Close,LTP,Close - LTP,Close - LTP %,VWAP,Vol,Prev. Close,Turnover,Trans.,Diff,Range,Diff %,Range %,VWAP %,52 Weeks High,52 Weeks Low,120 Days,180 Days
2025/08/25,57,GBBL,32.22,425.0,427.8,421.1,425.33,427.00,-1.67,0.0,424.22,"39,674.00",423.52,"16,830,383.60",188,1.81,6.7,0.43,1.59,0.26,518.00,378.70,,
2025/08/26,57,GBBL,29.37,430.0,430.0,425.3,427.78,429.70,-1.92,0.0,427.42,"14,268.00",425.33,"6,098,496.30",98,2.45,4.7,0.58,1.11,0.08,498.00,378.70,,
2025/08/27,59,GBBL,42.33,433.9,441.9,431.7,439.68,441.00,-1.32,0.0,435.78,"74,294.00",427.78,"32,375,886.10",313,11.90,10.2,2.78,2.36,0.89,498.00,378.70,,
2025/08/28,60,GBBL,42.45,441.0,446.0,432.1,433.32,432.90,0.42,0.0,439.33,"119,069.00",439.68,"52,310,941.10",349,-6.36,13.9,-1.45,3.22,-1.39,498.00,378.70,,
2025/08/31,56,GBBL,35.01,435.0,435.0,425.2,426.06,426.10,-0.04,0.0,427.65,"26,896.00",433.32,"11,502,153.40",131,-7.26,9.8,-1.68,2.3,-0.37,498.00,378.70,,
2025/09/01,58,GBBL,39.54,425.0,432.9,422.0,427.56,430.90,-3.34,-0.01,427.56,"63,901.00",426.06,"27,321,759.20",169,1.5,10.9,0.35,2.58,0.0,498.00,378.70,,
2025/09/02,58,GBBL,38.05,431.0,435.0,427.0,431.45,432.00,-0.55,0.0,429.96,"28,738.00",427.56,"12,356,139.00",155,3.89,8.0,0.91,1.87,0.35,498.00,378.70,,
2025/09/03,60,GBBL,29.7,433.0,436.0,428.0,432.37,430.30,2.07,0.0,432.96,"74,056.00",431.45,"32,063,223.10",300,0.92,8.0,0.21,1.87,-0.14,498.00,378.70,,
2025/09/04,60,GBBL,33.63,430.0,436.8,425.1,429.4,428.60,0.8,0.0,429.66,"53,248.00",432.37,"22,878,648.20",195,-2.97,11.7,-0.69,2.75,-0.06,498.00,378.70,,
2025/09/07,63,GBBL,38.78,428.1,435.8,428.1,430.46,431.00,-0.54,0.0,431.73,"28,322.00",429.40,"12,227,426.40",138,1.06,7.7,0.25,1.8,-0.29,498.00,378.70,,
2025/09/08,58,GBBL,36.54,430.1,434.9,423.0,426.47,429.40,-2.93,-0.01,427.60,"56,215.00",430.46,"24,037,745.50",213,-3.99,11.9,-0.93,2.81,-0.27,498.00,378.70,,
2025/09/18,46,GBBL,17.69,418.0,418.0,395.0,395.0,395.00,0.0,0.0,414.44,"1,898.00",426.47,"786,612.00",15,-31.47,23.0,-7.38,5.82,-4.92,498.00,378.70,,
2025/09/21,58,GBBL,24.61,395.0,428.0,395.0,422.61,423.90,-1.29,0.0,413.16,"52,934.00",395.00,"21,870,254.00",323,27.61,33.00,6.99,8.35,2.24,498.00,378.70,,
2025/09/23,60,GBBL,37.75,420.0,437.0,420.0,433.0,433.00,0.0,0.0,432.60,"28,135.00",422.61,"12,171,081.60",193,10.39,17.0,2.46,4.05,0.09,498.00,378.70,,
2025/09/24,55,GBBL,28.09,432.5,439.4,426.0,427.0,427.00,0.0,0.0,429.26,"30,583.00",433.00,"13,127,991.60",127,-6.00,13.4,-1.39,3.15,-0.53,498.00,378.70,,
2025/09/25,57,GBBL,35.77,426.0,432.0,425.1,427.0,427.00,0.0,0.0,426.91,"33,594.00",427.00,"14,341,700.50",114,0.0,6.9,0.0,1.62,0.02,498.00,378.70,410.89,407.35
2025/07/30,56,GBBL,36.31,483.0,483.0,462.0,465.0,464.00,1.0,0.0,471.07,"146,932.00",481.64,"69,214,987.20",594,-16.64,21.0,-3.45,4.55,-1.3,531.40,378.70,,
2025/07/31,58,GBBL,33.46,466.0,466.1,451.2,453.05,452.00,1.05,0.0,457.33,"144,382.00",465.00,"66,030,431.30",669,-11.95,14.9,-2.57,3.3,-0.95,531.40,378.70,,
2025/08/03,57,GBBL,31.31,445.1,457.8,438.2,442.19,438.20,3.99,0.01,445.77,"148,079.00",453.05,"66,009,149.70",581,-10.86,19.6,-2.4,4.47,-0.81,531.40,378.70,,
2025/08/04,58,GBBL,30.18,445.0,459.0,436.3,445.3,447.00,-1.7,0.0,444.11,"154,058.00",442.19,"68,418,305.30",503,3.11,22.7,0.7,5.2,0.27,531.40,378.70,,
2025/08/05,60,GBBL,30.29,446.0,451.9,432.0,433.33,432.50,0.83,0.0,438.15,"105,654.00",445.30,"46,292,309.90",479,-11.97,19.9,-2.69,4.61,-1.11,531.40,378.70,,
2025/08/06,59,GBBL,26.53,433.0,440.0,425.0,431.99,433.00,-1.01,0.0,432.46,"81,114.00",433.33,"35,078,242.10",337,-1.34,15.00,-0.31,3.53,-0.11,531.40,378.70,,
2025/08/07,57,GBBL,22.72,440.0,440.6,432.0,436.35,436.00,0.35,0.0,436.07,"53,650.00",431.99,"23,395,209.70",248,4.36,8.6,1.01,1.99,0.06,531.40,378.70,,
2025/08/11,60,GBBL,26.25,442.0,442.0,422.0,424.28,423.00,1.28,0.0,430.13,"106,897.00",436.35,"45,980,046.20",369,-12.07,20.0,-2.77,4.74,-1.38,531.40,378.70,,
2025/08/12,60,GBBL,22.0,422.0,441.0,422.0,424.28,425.00,-0.72,0.0,425.06,"56,103.00",424.28,"23,847,207.90",249,0.0,19.0,0.0,4.5,-0.18,531.40,378.70,,
2025/08/13,53,GBBL,20.95,430.0,430.0,424.0,425.0,424.80,0.2,0.0,426.16,"31,968.00",424.28,"13,623,510.20",181,0.72,6.0,0.17,1.42,-0.27,531.40,378.70,,
2025/08/14,55,GBBL,21.88,426.0,431.9,422.0,423.64,423.00,0.64,0.0,423.93,"31,920.00",425.00,"13,531,958.10",212,-1.36,9.9,-0.32,2.35,-0.07,531.40,378.70,,
2025/08/17,55,GBBL,32.09,431.5,449.4,430.1,431.09,431.00,0.09,0.0,433.91,"94,627.00",423.64,"41,059,744.90",401,7.45,19.3,1.76,4.49,-0.65,531.40,378.70,,
2025/08/18,61,GBBL,39.18,435.0,438.0,425.0,431.82,433.00,-1.18,0.0,430.78,"53,867.00",431.09,"23,204,657.10",193,0.73,13.0,0.17,3.06,0.24,531.40,378.70,,
2025/08/19,54,GBBL,37.62,437.9,438.0,432.0,433.08,432.10,0.98,0.0,434.31,"43,166.00",431.82,"18,747,262.80",178,1.26,6.0,0.29,1.39,-0.28,531.40,378.70,,
2025/08/20,60,GBBL,37.8,436.6,436.6,428.0,428.26,428.00,0.26,0.0,430.86,"42,534.00",433.08,"18,326,182.20",194,-4.82,8.6,-1.11,2.01,-0.61,531.40,378.70,,
2025/08/21,56,GBBL,34.3,428.0,429.1,426.0,426.14,426.00,0.14,0.0,426.76,"30,225.00",428.26,"12,898,828.80",147,-2.12,3.1,-0.5,0.73,-0.15,531.40,378.70,,
2025/07/07,53,GBBL,44.72,400.5,405.9,400.0,402.14,401.40,0.74,0.0,402.18,"33,411.00",402.32,"13,437,325.90",130,-0.18,5.9,-0.04,1.48,-0.01,531.40,371.00,,
2025/07/08,56,GBBL,43.58,402.0,403.0,396.6,401.27,401.00,0.27,0.0,399.94,"16,441.00",402.14,"6,575,438.30",86,-0.87,6.4,-0.22,1.61,0.33,531.40,371.00,,
2025/07/09,55,GBBL,47.59,404.0,405.0,400.0,404.11,405.00,-0.89,0.0,402.35,"34,635.00",401.27,"13,935,332.90",141,2.84,5.0,0.71,1.25,0.44,531.40,371.00,,
2025/07/10,56,GBBL,41.0,405.0,412.0,400.2,409.01,408.80,0.21,0.0,406.62,"74,759.00",404.11,"30,398,470.60",234,4.9,11.8,1.21,2.95,0.58,531.40,378.70,,
2025/07/13,55,GBBL,48.31,417.1,421.0,413.2,418.51,418.00,0.51,0.0,416.97,"100,814.00",409.01,"42,036,551.40",400,9.5,7.8,2.32,1.89,0.37,531.40,378.70,,
2025/07/14,59,GBBL,40.0,414.0,418.5,406.2,407.13,407.00,0.13,0.0,412.56,"70,302.00",418.51,"29,003,673.80",240,-11.38,12.30,-2.72,3.03,-1.33,531.40,378.70,,
2025/07/15,56,GBBL,42.58,414.9,414.9,406.1,410.65,413.00,-2.35,-0.01,410.05,"68,642.00",407.13,"28,146,527.10",221,3.52,8.80,0.86,2.17,0.15,531.40,378.70,,
2025/07/16,59,GBBL,48.96,408.2,431.4,408.2,428.36,430.50,-2.14,0.0,423.34,"149,827.00",410.65,"63,428,002.00",503,17.71,23.2,4.31,5.68,1.17,531.40,378.70,,
2025/07/17,53,GBBL,49.66,432.0,448.9,430.0,442.85,444.00,-1.15,0.0,441.28,"193,290.00",428.36,"85,294,437.40",668,14.49,18.90,3.38,4.4,0.36,531.40,378.70,,
2025/07/20,56,GBBL,46.55,444.0,458.2,437.0,440.23,438.10,2.13,0.0,448.05,"303,310.00",442.85,"135,897,220.80",966,-2.62,21.2,-0.59,4.85,-1.78,531.40,378.70,,
2025/07/21,56,GBBL,48.76,441.0,465.0,431.5,455.63,456.10,-0.47,0.0,452.91,"442,561.00",440.23,"200,441,398.50","1,044",15.4,33.5,3.5,7.76,0.6,531.40,378.70,,
2025/07/22,57,GBBL,49.36,464.7,489.0,460.9,473.47,475.00,-1.53,0.0,474.40,"343,485.00",455.63,"162,949,027.00","1,142",17.84,28.1,3.92,6.1,-0.2,531.40,378.70,,
2025/07/23,57,GBBL,43.88,473.0,479.8,460.0,469.37,469.10,0.27,0.0,467.14,"200,287.00",473.47,"93,561,277.70",752,-4.10,19.80,-0.87,4.3,0.48,531.40,378.70,,
2025/07/24,58,GBBL,42.63,476.7,476.7,458.0,469.65,472.00,-2.35,0.0,463.44,"187,965.00",469.37,"87,110,926.40",697,0.28,18.7,0.06,4.08,1.32,531.40,378.70,,
2025/07/27,58,GBBL,43.39,465.0,479.4,456.0,463.58,462.10,1.48,0.0,469.86,"285,267.00",469.65,"134,036,287.40",823,-6.07,23.4,-1.29,5.13,-1.36,531.40,378.70,,
2025/07/28,59,GBBL,45.51,460.0,485.0,459.2,479.69,483.00,-3.31,-0.01,477.03,"524,022.00",463.58,"249,971,930.50","1,804",16.11,25.8,3.48,5.62,0.56,531.40,378.70,,
2025/06/12,56,GBBL,34.28,398.0,399.0,392.1,392.42,392.60,-0.18,0.0,393.51,"23,133.00",393.81,"9,103,112.00",108,-1.39,6.9,-0.35,1.76,-0.28,531.40,350.10,,
2025/06/15,58,GBBL,32.86,391.2,395.0,390.1,392.41,392.30,0.11,0.0,392.53,"28,551.00",392.42,"11,207,150.20",120,-0.01,4.9,0.0,1.26,-0.03,531.40,350.10,,
2025/06/16,59,GBBL,28.11,392.0,395.0,391.0,391.8,391.10,0.7,0.0,392.07,"36,291.00",392.41,"14,228,616.90",131,-0.61,4.0,-0.16,1.02,-0.07,531.40,350.10,,
2025/06/17,55,GBBL,28.49,394.0,395.0,390.3,391.44,392.00,-0.56,0.0,391.93,"16,151.00",391.80,"6,330,000.60",83,-0.36,4.7,-0.09,1.2,-0.12,531.40,350.10,,
2025/06/18,55,GBBL,27.03,391.0,392.0,389.3,390.78,391.00,-0.22,0.0,390.80,"29,511.00",391.44,"11,532,845.20",119,-0.66,2.7,-0.17,0.69,0.0,531.40,350.10,,
2025/06/19,58,GBBL,27.19,389.5,391.0,387.3,389.91,390.20,-0.29,0.0,389.14,"22,042.00",390.78,"8,577,470.20",112,-0.87,3.70,-0.22,0.96,0.2,531.40,350.10,,
2025/06/22,57,GBBL,31.49,392.0,392.5,387.0,387.12,387.00,0.12,0.0,389.21,"24,162.00",389.91,"9,404,174.70",109,-2.79,5.50,-0.72,1.42,-0.54,531.40,350.10,,
2025/06/23,61,GBBL,33.24,387.0,407.0,384.0,387.2,387.00,0.2,0.0,389.02,"26,038.00",387.12,"10,129,364.30",134,0.08,23.00,0.02,5.99,-0.47,531.40,350.10,,
2025/06/24,60,GBBL,33.34,392.0,392.5,388.0,388.67,389.00,-0.33,0.0,390.03,"23,615.00",387.20,"9,210,532.70",71,1.47,4.50,0.38,1.16,-0.35,531.40,350.10,,
2025/06/25,56,GBBL,33.22,385.0,390.0,385.0,387.64,390.00,-2.36,-0.01,388.58,"21,692.00",388.67,"8,429,113.10",104,-1.03,5.0,-0.27,1.3,-0.24,531.40,350.10,,
2025/06/26,57,GBBL,35.77,426.0,432.0,425.1,427.0,427.00,0.0,0.0,426.91,"33,594.00",427.00,"14,341,700.50",114,0.0,6.9,0.0,1.62,0.02,498.00,378.70,410.89,407.35
2025/06/29,60,GBBL,38.2,391.0,399.2,384.1,388.45,390.00,-1.55,0.0,388.50,"22,977.00",386.94,"8,926,670.20",122,1.51,15.1,0.39,3.93,-0.01,531.40,350.10,,
2025/06/30,58,GBBL,37.73,395.0,395.0,388.0,390.93,391.90,-0.97,0.0,390.50,"12,603.00",388.45,"4,921,495.30",79,2.48,7.00,0.64,1.8,0.11,531.40,350.10,,
2025/07/01,56,GBBL,41.94,390.0,405.0,390.0,394.54,396.00,-1.46,0.0,395.71,"25,925.00",390.93,"10,258,757.10",98,3.61,15.0,0.92,3.85,-0.3,531.40,350.10,,
2025/07/02,57,GBBL,41.23,394.5,400.0,394.5,398.91,399.80,-0.89,0.0,398.67,"22,818.00",394.54,"9,096,834.10",125,4.37,5.5,1.11,1.39,0.06,531.40,357.50,,
2025/07/03,57,GBBL,45.0,398.0,410.0,398.0,406.45,405.10,1.35,0.0,405.25,"59,688.00",398.91,"24,188,558.30",280,7.54,12.0,1.89,3.02,0.3,531.40,357.50,,
2025/05/18,52,GBBL,34.86,402.9,402.9,394.0,394.1,394.00,0.1,0.0,395.54,"24,273.00",398.74,"9,601,012.90",124,-4.64,8.9,-1.16,2.26,-0.37,531.40,350.10,,
2025/05/19,58,GBBL,38.0,388.1,400.9,387.0,393.92,395.00,-1.08,0.0,391.71,"53,024.00",394.10,"20,770,144.30",218,-0.18,13.90,-0.05,3.59,0.56,531.40,350.10,,
2025/05/20,54,GBBL,43.94,391.5,405.0,390.0,404.01,403.50,0.51,0.0,396.93,"29,668.00",393.92,"11,776,153.90",148,10.09,15.0,2.56,3.85,1.75,531.40,350.10,,
2025/05/21,57,GBBL,35.77,426.0,432.0,425.1,427.0,427.00,0.0,0.0,426.91,"33,594.00",427.00,"14,341,700.50",114,0.0,6.9,0.0,1.62,0.02,498.00,378.70,410.89,407.35
2025/05/22,56,GBBL,40.91,400.0,405.0,400.0,400.28,400.00,0.28,0.0,401.49,"23,301.00",400.09,"9,355,212.90",137,0.19,5.00,0.05,1.25,-0.3,531.40,350.10,,
2025/05/25,59,GBBL,42.09,394.0,403.0,394.0,400.72,400.50,0.22,0.0,400.96,"28,126.00",400.28,"11,277,491.10",125,0.44,9.0,0.11,2.28,-0.06,531.40,350.10,,
2025/05/26,60,GBBL,45.27,408.0,410.0,398.0,398.02,398.00,0.02,0.0,401.14,"42,316.00",400.72,"16,974,556.10",149,-2.7,12.0,-0.67,3.02,-0.78,531.40,350.10,,
2025/05/27,57,GBBL,27.5,395.0,401.3,391.1,399.43,399.00,0.43,0.0,399.24,"26,265.00",398.02,"10,486,138.50",97,1.41,10.2,0.35,2.61,0.05,531.40,350.10,,
2025/05/28,56,GBBL,26.84,397.0,400.9,395.0,398.21,400.00,-1.79,0.0,397.18,"24,848.00",399.43,"9,869,127.50",113,-1.22,5.9,-0.31,1.49,0.26,531.40,350.10,,
2025/06/02,57,GBBL,31.76,406.1,406.1,394.0,397.24,395.00,2.24,0.01,398.87,"48,094.00",398.21,"19,183,215.60",150,-0.97,12.10,-0.24,3.07,-0.41,531.40,350.10,,
2025/06/03,56,GBBL,28.9,398.0,401.0,396.0,396.59,396.50,0.09,0.0,397.98,"46,905.00",397.24,"18,667,077.50",117,-0.65,5.0,-0.16,1.26,-0.35,531.40,350.10,,
2025/06/04,55,GBBL,26.5,392.2,397.0,392.2,393.2,393.10,0.1,0.0,393.87,"25,263.00",396.59,"9,950,395.00",96,-3.39,4.8,-0.85,1.22,-0.17,531.40,350.10,,
2025/06/05,57,GBBL,25.07,393.2,395.0,392.0,392.96,393.00,-0.04,0.0,392.84,"17,348.00",393.20,"6,814,932.30",86,-0.24,3.0,-0.06,0.77,0.03,531.40,350.10,,
2025/06/08,56,GBBL,27.16,394.0,395.5,391.2,394.23,394.50,-0.27,0.0,394.22,"30,383.00",392.96,"11,977,659.60",101,1.27,4.3,0.32,1.1,0.0,531.40,350.10,,
2025/06/09,59,GBBL,25.48,395.0,398.9,393.0,396.99,397.90,-0.91,0.0,396.43,"21,018.00",394.23,"8,332,105.80",95,2.76,5.9,0.7,1.5,0.14,531.40,350.10,,
2025/06/10,56,GBBL,26.38,397.0,401.0,394.1,395.62,398.90,-3.28,-0.01,396.62,"38,575.00",396.99,"15,299,516.80",160,-1.37,6.9,-0.35,1.75,-0.25,531.40,350.10,,
2024/08/12,60,GBBL,65.08,474.8,490.0,460.0,486.3,486.30,0.0,0.0,480.97,"271,837.00",466.00,"130,745,091.80","1,168",20.3,30.00,4.36,6.52,1.1,490.00,350.00,,
2024/09/09,57,GBBL,40.63,455.0,460.0,440.1,442.0,442.00,0.0,0.0,446.32,"95,853.00",455.00,"42,780,659.30",600,-13.00,19.9,-2.86,4.52,-0.98,531.40,350.00,,
2024/10/07,52,GBBL,-,458.0,465.0,454.5,460.0,460.00,0.0,0.0,460.14,"34,466.00",454.00,"15,859,061.90",211,6.00,10.50,1.32,2.31,-0.03,531.40,350.00,,
2024/11/10,56,GBBL,-,450.0,461.9,448.3,458.0,458.00,0.0,0.0,456.59,"50,232.00",450.00,"22,935,199.40",232,8.0,13.60,1.78,3.03,0.31,531.40,350.00,,
2024/12/04,55,GBBL,41.01,463.2,463.2,449.0,449.0,449.00,0.0,0.0,452.93,"51,042.00",454.20,"23,118,304.70",239,-5.2,14.2,-1.14,3.16,-0.87,531.40,350.00,,
2025/01/01,54,GBBL,34.51,390.0,399.0,390.0,396.0,396.00,0.0,0.0,395.98,"19,586.00",389.00,"7,755,616.60",153,7.0,9.0,1.8,2.31,0.01,531.40,350.00,,
2025/01/27,57,GBBL,48.41,385.0,392.0,382.0,386.0,386.00,0.0,0.0,388.40,"51,025.00",387.30,"19,817,929.20",174,-1.30,10.00,-0.34,2.62,-0.62,531.40,350.00,,
2025/02/24,58,GBBL,33.18,395.0,398.0,393.0,394.0,394.00,0.0,0.0,394.55,"56,100.00",395.00,"22,134,355.30",210,-1.00,5.00,-0.25,1.27,-0.14,531.40,350.00,,
2025/03/23,57,GBBL,23.7,392.5,396.0,389.0,389.88,389.10,0.78,0.0,391.81,"31,588.00",399.42,"12,376,391.90",193,-9.54,7.0,-2.39,1.8,-0.49,531.40,350.10,,
2025/04/20,59,GBBL,42.01,414.9,414.9,403.2,405.37,405.00,0.37,0.0,406.07,"23,349.00",409.71,"9,481,364.90",114,-4.34,11.7,-1.06,2.9,-0.17,531.40,350.10,,
2025/05/15,58,GBBL,45.02,403.7,404.0,394.0,398.74,397.10,1.64,0.0,399.14,"27,398.00",401.33,"10,935,545.80",108,-2.59,10.0,-0.65,2.54,-0.1,531.40,350.10,,
2025/06/11,57,GBBL,39.02,398.0,398.0,393.6,393.81,394.10,-0.29,0.0,394.60,"28,008.00",395.62,"11,052,004.40",117,-1.81,4.40,-0.46,1.12,-0.2,531.40,350.10,,
2025/07/06,57,GBBL,45.28,406.5,407.2,400.4,402.32,402.20,0.12,0.0,405.12,"35,030.00",406.45,"14,191,491.80",170,-4.13,6.8,-1.02,1.7,-0.7,531.40,371.00,,
2025/07/29,57,GBBL,39.98,489.0,498.0,475.0,481.64,480.00,1.64,0.0,482.16,"185,353.00",479.69,"89,370,603.30",776,1.95,23.00,0.41,4.84,-0.11,531.40,378.70,,
2025/08/24,59,GBBL,33.66,428.1,432.0,422.0,423.52,425.00,-1.48,0.0,424.72,"65,623.00",426.14,"27,871,671.30",199,-2.62,10.0,-0.61,2.37,-0.28,518.00,378.70,,
2025/04/21,55,GBBL,41.6,399.0,409.0,399.0,408.13,408.10,0.03,0.0,407.24,"21,482.00",405.37,"8,748,402.60",120,2.76,10.0,0.68,2.51,0.22,531.40,350.10,,
2025/04/22,56,GBBL,43.87,412.0,412.0,400.2,402.26,402.00,0.26,0.0,406.38,"21,418.00",408.13,"8,703,858.30",89,-5.87,11.8,-1.44,2.95,-1.02,531.40,350.10,,
2025/04/23,56,GBBL,26.45,396.0,400.0,395.0,396.41,397.90,-1.49,0.0,396.63,"17,499.00",402.26,"6,940,560.10",83,-5.85,5.0,-1.45,1.27,-0.05,531.40,350.10,,
2025/04/24,57,GBBL,26.53,392.1,396.9,392.1,396.18,396.90,-0.72,0.0,394.32,"12,677.00",396.41,"4,998,838.80",82,-0.23,4.8,-0.06,1.22,0.47,531.40,350.10,,
2025/04/27,55,GBBL,26.72,397.0,398.0,391.4,392.22,392.00,0.22,0.0,394.29,"18,806.00",396.18,"7,414,932.00",91,-3.96,6.6,-1.0,1.69,-0.53,531.40,350.10,,
2025/04/28,58,GBBL,28.46,392.5,395.0,389.6,390.05,389.60,0.45,0.0,390.61,"22,461.00",392.22,"8,773,563.30",132,-2.17,5.4,-0.55,1.39,-0.14,531.40,350.10,,
2025/04/29,54,GBBL,30.14,384.5,391.0,384.5,388.21,387.30,0.91,0.0,388.40,"60,722.00",390.05,"23,584,681.20",110,-1.84,6.5,-0.47,1.69,-0.05,531.40,350.10,,
2025/04/30,56,GBBL,23.1,391.0,391.0,386.9,388.14,388.10,0.04,0.0,388.40,"13,062.00",388.21,"5,073,267.80",77,-0.07,4.1,-0.02,1.06,-0.07,531.40,350.10,,
2025/05/04,59,GBBL,31.02,394.0,394.0,388.1,390.02,389.30,0.72,0.0,389.30,"18,484.00",388.14,"7,195,861.50",87,1.88,5.9,0.48,1.52,0.18,531.40,350.10,,
2025/05/05,58,GBBL,33.22,391.1,394.0,388.0,389.09,390.40,-1.31,0.0,389.27,"11,131.00",390.02,"4,332,980.10",71,-0.93,6.0,-0.24,1.55,-0.05,531.40,350.10,,
2025/05/06,57,GBBL,35.38,385.3,390.9,385.2,387.72,387.20,0.52,0.0,388.44,"18,112.00",389.09,"7,035,474.20",92,-1.37,5.7,-0.35,1.48,-0.19,531.40,350.10,,
2025/05/07,54,GBBL,44.43,385.5,400.0,385.5,396.89,400.00,-3.11,-0.01,394.39,"37,593.00",387.72,"14,826,328.00",164,9.17,14.5,2.37,3.76,0.63,531.40,350.10,,
2025/05/08,55,GBBL,42.27,398.0,405.9,393.0,396.89,393.00,3.89,0.01,399.06,"22,075.00",396.89,"8,809,278.20",109,0.0,12.9,0.0,3.28,-0.55,531.40,350.10,,
2025/05/11,52,GBBL,40.4,394.0,400.0,392.1,398.32,399.80,-1.48,0.0,397.86,"14,880.00",396.89,"5,920,168.80",100,1.43,7.9,0.36,2.01,0.12,531.40,350.10,,
2025/05/13,54,GBBL,46.32,401.0,413.1,390.0,397.04,392.10,4.94,0.01,396.59,"46,616.00",398.32,"18,487,604.90",167,-1.28,23.1,-0.32,5.92,0.11,531.40,350.10,,
2025/05/14,56,GBBL,51.04,399.9,409.0,396.1,401.33,401.00,0.33,0.0,402.89,"80,992.00",397.04,"32,630,661.00",280,4.29,12.9,1.08,3.26,-0.39,531.40,350.10,,
2025/03/24,58,GBBL,22.8,385.0,395.0,384.0,393.03,395.00,-1.97,0.0,391.79,"22,901.00",389.88,"8,972,404.30",133,3.15,11.0,0.81,2.86,0.32,531.40,350.10,,
2025/03/25,57,GBBL,26.64,391.0,391.0,380.0,380.49,380.00,0.49,0.0,383.61,"50,912.00",393.03,"19,530,353.30",243,-12.54,11.0,-3.19,2.89,-0.82,531.40,350.10,,
2025/03/26,57,GBBL,35.77,426.0,432.0,425.1,427.0,427.00,0.0,0.0,426.91,"33,594.00",427.00,"14,341,700.50",114,0.0,6.9,0.0,1.62,0.02,498.00,378.70,410.89,407.35
2025/03/27,54,GBBL,24.14,382.0,395.0,382.0,394.51,395.00,-0.49,0.0,392.79,"15,262.00",387.96,"5,994,828.20",109,6.55,13.0,1.69,3.4,0.43,531.40,350.10,,
2025/03/30,55,GBBL,38.99,398.0,402.0,394.5,396.04,397.60,-1.56,0.0,397.39,"32,934.00",394.51,"13,087,532.90",199,1.53,7.5,0.39,1.9,-0.34,531.40,350.10,,
2025/04/01,56,GBBL,36.32,396.0,396.0,391.1,392.74,392.50,0.24,0.0,392.96,"19,846.00",396.04,"7,798,780.10",96,-3.30,4.90,-0.83,1.25,-0.06,531.40,350.10,,
2025/04/02,57,GBBL,37.87,397.0,397.0,390.2,393.1,394.00,-0.9,0.0,393.08,"15,716.00",392.74,"6,177,594.40",97,0.36,6.80,0.09,1.74,0.01,531.40,350.10,,
2025/04/03,58,GBBL,37.75,393.2,397.0,393.1,395.07,395.00,0.07,0.0,394.49,"21,225.00",393.10,"8,372,950.60",132,1.97,3.9,0.5,0.99,0.15,531.40,350.10,,
2025/04/07,57,GBBL,36.04,399.0,399.0,392.0,392.44,392.00,0.44,0.0,393.68,"25,129.00",395.07,"9,892,732.30",112,-2.63,7.0,-0.67,1.79,-0.32,531.40,350.10,,
2025/04/08,56,GBBL,33.06,387.3,390.0,387.0,389.46,390.00,-0.54,0.0,387.94,"17,778.00",392.44,"6,896,758.90",108,-2.98,3.00,-0.76,0.78,0.39,531.40,350.10,,
2025/04/09,58,GBBL,40.4,385.0,397.1,385.0,394.95,395.00,-0.05,0.0,395.32,"22,031.00",389.46,"8,709,286.00",111,5.49,12.10,1.41,3.14,-0.09,531.40,350.10,,
2025/04/10,60,GBBL,39.31,390.0,397.8,390.0,395.07,396.00,-0.93,0.0,394.64,"29,815.00",394.95,"11,766,253.00",132,0.12,7.8,0.03,2.0,0.11,531.40,350.10,,
2025/04/13,58,GBBL,37.96,399.0,399.0,394.2,395.86,396.00,-0.14,0.0,395.10,"19,897.00",395.07,"7,861,280.10",70,0.79,4.8,0.2,1.22,0.19,531.40,350.10,,
2025/04/15,59,GBBL,41.47,399.0,402.2,396.2,396.45,396.20,0.25,0.0,399.62,"22,522.00",395.86,"9,000,171.40",125,0.59,6.0,0.15,1.51,-0.8,531.40,350.10,,
2025/04/16,58,GBBL,43.09,399.8,402.0,399.0,400.75,400.00,0.75,0.0,400.27,"25,830.00",396.45,"10,339,054.60",119,4.3,3.0,1.08,0.75,0.12,531.40,350.10,,
2025/04/17,56,GBBL,44.19,401.0,411.8,398.0,409.71,410.00,-0.29,0.0,406.49,"32,046.00",400.75,"13,026,251.50",193,8.96,13.8,2.24,3.47,0.79,531.40,350.10,,
2025/02/25,53,GBBL,29.6,391.0,397.0,391.0,395.0,395.00,0.0,0.0,394.38,"30,334.00",394.00,"11,963,153.50",150,1.0,6.00,0.25,1.53,0.16,531.40,350.00,,
2025/02/27,54,GBBL,44.59,402.9,409.0,397.0,404.0,404.00,0.0,0.0,401.84,"63,828.00",395.00,"25,648,536.60",291,9.00,12.00,2.28,3.02,0.54,531.40,350.00,,
2025/03/02,53,GBBL,49.1,406.0,416.0,405.2,415.0,415.00,0.0,0.0,411.88,"57,843.00",404.00,"23,824,423.40",341,11.00,10.80,2.72,2.67,0.75,531.40,350.00,,
2025/03/03,52,GBBL,49.48,419.9,426.4,415.0,415.8,415.80,0.0,0.0,419.29,"65,900.00",415.00,"27,631,448.90",380,0.80,11.40,0.19,2.75,-0.84,531.40,350.00,,
2025/03/04,56,GBBL,48.32,415.1,421.0,412.0,414.0,414.00,0.0,0.0,415.99,"54,502.00",415.80,"22,672,482.60",263,-1.8,9.0,-0.43,2.18,-0.48,531.40,350.10,,
2025/03/05,56,GBBL,50.84,419.0,422.2,403.0,407.9,407.90,0.0,0.0,410.19,"80,552.00",414.00,"33,041,351.60",262,-6.1,19.2,-1.47,4.76,-0.56,531.40,350.10,,
2025/03/06,54,GBBL,49.14,407.9,415.8,406.0,415.0,415.00,0.0,0.0,412.53,"47,028.00",407.90,"19,400,514.60",235,7.10,9.80,1.74,2.41,0.59,531.40,350.10,,
2025/03/09,55,GBBL,33.17,415.1,415.1,407.1,409.9,409.90,0.0,0.0,410.30,"42,870.00",415.00,"17,589,531.70",183,-5.1,8.00,-1.23,1.97,-0.1,531.40,350.10,,
2025/03/10,55,GBBL,32.35,411.0,413.0,407.0,411.7,411.70,0.0,0.0,409.58,"50,413.00",409.90,"20,648,399.80",179,1.8,6.0,0.44,1.47,0.51,531.40,350.10,,
2025/03/11,54,GBBL,37.68,415.0,427.0,406.0,412.1,412.10,0.0,0.0,418.54,"123,977.00",411.70,"51,889,209.30",594,0.4,21.0,0.1,5.17,-1.56,531.40,350.10,,
2025/03/12,57,GBBL,37.06,418.0,419.7,411.0,412.6,412.60,0.0,0.0,414.53,"30,675.00",412.10,"12,715,830.30",172,0.5,8.7,0.12,2.12,-0.47,531.40,350.10,,
2025/03/16,55,GBBL,26.56,409.9,410.0,404.0,404.8,404.80,0.0,0.0,405.51,"39,168.00",412.60,"15,883,164.10",188,-7.8,6.00,-1.89,1.49,-0.18,531.40,350.10,,
2025/03/17,57,GBBL,24.92,405.0,407.0,400.1,400.3,400.30,0.0,0.0,402.83,"31,400.00",404.80,"12,648,993.80",163,-4.5,6.9,-1.11,1.72,-0.63,531.40,350.10,,
2025/03/18,54,GBBL,22.38,408.3,408.3,399.0,399.9,399.90,0.0,0.0,400.20,"20,918.00",400.30,"8,371,406.20",140,-0.4,9.3,-0.1,2.33,-0.08,531.40,350.10,,
2025/03/19,54,GBBL,23.62,400.0,400.0,395.0,398.0,398.00,0.0,0.0,397.97,"23,415.00",399.90,"9,318,502.50",158,-1.90,5.0,-0.48,1.27,0.01,531.40,350.10,,
2025/03/20,55,GBBL,25.69,397.9,404.0,396.0,399.42,400.00,-0.58,0.0,399.52,"34,567.00",398.00,"13,810,330.30",160,1.42,8.0,0.36,2.02,-0.03,531.40,350.10,,
2025/01/28,57,GBBL,48.76,389.9,399.0,387.0,398.0,398.00,0.0,0.0,392.50,"61,585.00",386.00,"24,172,357.50",276,12.00,12.00,3.11,3.1,1.38,531.40,350.00,,
2025/02/02,59,GBBL,49.68,398.0,413.0,398.0,410.0,410.00,0.0,0.0,408.47,"61,113.00",398.00,"24,962,999.90",390,12.0,15.00,3.02,3.77,0.37,531.40,350.00,,
2025/02/03,55,GBBL,48.33,412.0,414.0,400.1,405.0,405.00,0.0,0.0,408.09,"51,488.00",410.00,"21,011,708.70",280,-5.0,13.9,-1.22,3.47,-0.76,531.40,350.00,,
2025/02/04,52,GBBL,46.34,405.0,411.5,401.0,404.0,404.00,0.0,0.0,405.41,"38,939.00",405.00,"15,786,452.10",182,-1.0,10.50,-0.25,2.62,-0.35,531.40,350.00,,
2025/02/05,56,GBBL,43.22,404.0,410.0,401.2,403.5,403.50,0.0,0.0,403.70,"25,552.00",404.00,"10,315,309.00",122,-0.5,8.80,-0.12,2.19,-0.05,531.40,350.00,,
2025/02/06,58,GBBL,39.26,403.0,405.0,399.0,400.0,400.00,0.0,0.0,400.42,"39,555.00",403.50,"15,838,777.20",158,-3.5,6.0,-0.87,1.5,-0.11,531.40,350.00,,
2025/02/09,55,GBBL,30.44,401.0,405.0,397.3,398.0,398.00,0.0,0.0,399.32,"27,567.00",400.00,"11,008,060.50",121,-2.0,7.7,-0.5,1.94,-0.33,531.40,350.00,,
2025/02/10,58,GBBL,28.52,397.0,400.0,394.5,395.5,395.50,0.0,0.0,395.87,"20,998.00",398.00,"8,312,485.50",108,-2.50,5.50,-0.63,1.39,-0.09,531.40,350.00,,
2025/02/11,54,GBBL,27.89,400.0,403.4,395.2,396.5,396.50,0.0,0.0,397.24,"19,709.00",395.50,"7,829,164.30",99,1.0,8.2,0.25,2.07,-0.19,531.40,350.00,,
2025/02/12,56,GBBL,30.37,398.0,400.9,395.0,395.0,395.00,0.0,0.0,398.71,"32,251.00",396.50,"12,858,750.70",119,-1.5,5.90,-0.38,1.49,-0.94,531.40,350.00,,
2025/02/13,57,GBBL,35.77,426.0,432.0,425.1,427.0,427.00,0.0,0.0,426.91,"33,594.00",427.00,"14,341,700.50",114,0.0,6.9,0.0,1.62,0.02,498.00,378.70,410.89,407.35
2025/02/16,56,GBBL,31.54,400.0,400.0,392.0,396.0,396.00,0.0,0.0,393.34,"42,798.00",394.00,"16,834,186.70",197,2.0,8.0,0.51,2.04,0.67,531.40,350.00,,
2025/02/17,55,GBBL,35.29,400.0,400.0,394.1,397.2,397.20,0.0,0.0,397.91,"40,882.00",396.00,"16,267,192.10",205,1.2,5.9,0.3,1.5,-0.18,531.40,350.00,,
2025/02/18,55,GBBL,38.24,401.9,403.0,397.1,399.2,399.20,0.0,0.0,400.48,"52,192.00",397.20,"20,901,911.60",188,2.00,5.9,0.5,1.49,-0.32,531.40,350.00,,
2025/02/20,53,GBBL,33.96,400.1,400.5,396.0,396.0,396.00,0.0,0.0,397.14,"33,691.00",399.20,"13,380,065.00",167,-3.2,4.5,-0.8,1.14,-0.29,531.40,350.00,,
2025/02/23,61,GBBL,34.16,390.0,397.9,389.0,395.0,395.00,0.0,0.0,392.47,"48,262.00",396.00,"18,941,421.20",210,-1.00,8.90,-0.25,2.29,0.64,531.40,350.00,,
2025/01/02,57,GBBL,34.45,396.0,396.2,386.0,394.6,394.60,0.0,0.0,392.11,"19,208.00",396.00,"7,531,659.20",153,-1.4,10.20,-0.35,2.64,0.63,531.40,350.00,,
2025/01/05,60,GBBL,36.54,391.0,398.0,390.5,393.9,393.90,0.0,0.0,392.44,"25,082.00",394.60,"9,843,189.00",123,-0.7,7.5,-0.18,1.92,0.37,531.40,350.00,,
2025/01/06,54,GBBL,40.62,389.1,401.8,388.0,400.0,400.00,0.0,0.0,397.02,"33,220.00",393.90,"13,189,002.80",189,6.1,13.80,1.55,3.56,0.75,531.40,350.00,,
2025/01/07,56,GBBL,37.22,400.0,400.0,396.0,396.0,396.00,0.0,0.0,397.86,"15,967.00",400.00,"6,352,682.20",116,-4.0,4.0,-1.0,1.01,-0.47,531.40,350.00,,
2025/01/08,53,GBBL,43.49,396.0,403.0,395.0,402.0,402.00,0.0,0.0,398.69,"39,187.00",396.00,"15,623,408.40",153,6.0,8.00,1.52,2.03,0.82,531.40,350.00,,
2025/01/09,54,GBBL,41.0,405.0,405.0,395.0,397.0,397.00,0.0,0.0,397.40,"29,802.00",402.00,"11,843,208.80",137,-5.0,10.0,-1.24,2.53,-0.1,531.40,350.00,,
2025/01/12,54,GBBL,36.4,398.0,400.0,392.0,392.4,392.40,0.0,0.0,394.03,"15,214.00",397.00,"5,994,712.00",107,-4.6,8.0,-1.16,2.04,-0.41,531.40,350.00,,
2025/01/13,58,GBBL,39.28,385.3,392.9,385.1,389.0,389.00,0.0,0.0,389.12,"36,240.00",392.40,"14,101,827.80",147,-3.4,7.80,-0.87,2.03,-0.03,531.40,350.00,,
2025/01/15,52,GBBL,33.52,396.0,396.0,388.0,389.0,389.00,0.0,0.0,389.12,"11,894.00",389.00,"4,628,251.20",102,0.0,8.0,0.0,2.06,-0.03,531.40,350.00,,
2025/01/16,53,GBBL,34.06,390.0,392.0,386.4,386.4,386.40,0.0,0.0,388.64,"16,867.00",389.00,"6,555,155.70",126,-2.60,5.60,-0.67,1.45,-0.58,531.40,350.00,,
2025/01/19,57,GBBL,35.65,386.2,390.0,380.0,382.0,382.00,0.0,0.0,382.28,"38,449.00",386.40,"14,698,141.80",176,-4.40,10.00,-1.14,2.63,-0.07,531.40,350.00,,
2025/01/20,56,GBBL,34.55,384.0,386.7,379.1,380.7,380.70,0.0,0.0,381.59,"23,879.00",382.00,"9,111,899.50",157,-1.3,7.60,-0.34,2.0,-0.23,531.40,350.00,,
2025/01/21,57,GBBL,38.09,385.0,385.0,378.7,381.0,381.00,0.0,0.0,380.50,"52,154.00",380.70,"19,844,795.50",253,0.3,6.3,0.08,1.66,0.13,531.40,350.00,,
2025/01/22,57,GBBL,37.7,381.0,394.0,379.0,386.0,386.00,0.0,0.0,388.36,"39,833.00",381.00,"15,469,426.80",237,5.0,15.0,1.31,3.96,-0.61,531.40,350.00,,
2025/01/23,57,GBBL,42.37,389.0,392.0,380.2,385.0,385.00,0.0,0.0,386.29,"64,904.00",386.00,"25,071,658.10",268,-1.00,11.80,-0.26,3.1,-0.33,531.40,350.00,,
2025/01/26,57,GBBL,44.48,383.0,392.0,380.0,387.3,387.30,0.0,0.0,387.06,"25,137.00",385.00,"9,729,647.90",179,2.30,12.00,0.6,3.16,0.06,531.40,350.00,,
2024/12/05,57,GBBL,30.39,454.9,454.9,445.1,446.0,446.00,0.0,0.0,447.62,"44,952.00",449.00,"20,121,345.90",192,-3.0,9.8,-0.67,2.2,-0.36,531.40,350.00,,
2024/12/08,59,GBBL,29.43,446.0,449.4,434.0,440.0,440.00,0.0,0.0,438.69,"49,899.00",446.00,"21,889,961.80",268,-6.0,15.4,-1.35,3.55,0.3,531.40,350.00,,
2024/12/09,57,GBBL,28.52,437.1,445.0,431.5,435.0,435.00,0.0,0.0,437.43,"31,667.00",440.00,"13,851,941.10",190,-5.0,13.5,-1.14,3.13,-0.56,531.40,350.00,,
2024/12/10,55,GBBL,26.42,436.1,442.7,436.0,436.0,436.00,0.0,0.0,437.89,"20,832.00",435.00,"9,122,042.00",138,1.0,6.7,0.23,1.54,-0.43,531.40,350.00,,
2024/12/11,54,GBBL,33.73,440.0,443.6,433.1,443.6,443.60,0.0,0.0,439.26,"19,369.00",436.00,"8,508,027.20",122,7.6,10.5,1.74,2.42,0.98,531.40,350.00,,
2024/12/12,53,GBBL,31.23,448.5,448.5,437.0,439.0,439.00,0.0,0.0,441.98,"28,737.00",443.60,"12,701,264.80",138,-4.6,11.5,-1.04,2.63,-0.68,531.40,350.00,,
2024/12/16,57,GBBL,33.06,435.0,438.9,430.1,430.3,430.30,0.0,0.0,433.05,"17,314.00",439.00,"7,497,744.50",149,-8.7,8.8,-1.98,2.05,-0.64,531.40,350.00,,
2024/12/17,55,GBBL,35.43,427.0,430.5,422.1,428.0,428.00,0.0,0.0,426.11,"37,364.00",430.30,"15,921,315.80",211,-2.3,8.4,-0.53,1.99,0.44,531.40,350.00,,
2024/12/18,55,GBBL,27.83,430.0,435.0,424.1,424.1,424.10,0.0,0.0,427.06,"18,583.00",428.00,"7,936,112.30",106,-3.9,10.9,-0.91,2.57,-0.7,531.40,350.00,,
2024/12/19,52,GBBL,30.23,424.0,427.9,420.0,420.0,420.00,0.0,0.0,422.57,"46,687.00",424.10,"19,728,459.40",164,-4.1,7.9,-0.97,1.88,-0.61,531.40,350.00,,
2024/12/22,54,GBBL,29.66,417.0,418.0,400.0,401.0,401.00,0.0,0.0,405.11,"62,577.00",420.00,"25,350,731.70",387,-19.0,18.0,-4.52,4.5,-1.03,531.40,350.00,,
2024/12/23,59,GBBL,29.15,402.1,405.0,399.0,400.0,400.00,0.0,0.0,401.16,"45,923.00",401.00,"18,422,458.90",258,-1.00,6.00,-0.25,1.5,-0.29,531.40,350.00,,
2024/12/24,56,GBBL,31.14,401.0,413.0,395.0,407.0,407.00,0.0,0.0,405.61,"48,790.00",400.00,"19,789,615.20",249,7.00,18.00,1.75,4.56,0.34,531.40,350.00,,
2024/12/26,57,GBBL,28.7,400.0,409.9,400.0,403.0,403.00,0.0,0.0,404.92,"19,360.00",407.00,"7,839,320.00",128,-4.0,9.9,-0.98,2.48,-0.48,531.40,350.00,,
2024/12/29,57,GBBL,35.26,402.0,404.9,395.1,396.5,396.50,0.0,0.0,399.65,"29,431.00",403.00,"11,762,009.30",201,-6.5,9.8,-1.61,2.48,-0.79,531.40,350.00,,
2024/12/31,56,GBBL,34.52,395.0,395.3,386.0,389.0,389.00,0.0,0.0,389.13,"30,523.00",396.50,"11,877,298.30",213,-7.50,9.30,-1.89,2.41,-0.03,531.40,350.00,,
2024/11/11,54,GBBL,-,460.1,467.1,458.2,461.0,461.00,0.0,0.0,463.08,"55,126.00",458.00,"25,527,502.20",256,3.0,8.9,0.66,1.94,-0.45,531.40,350.00,,
2024/11/12,57,GBBL,-,460.0,465.0,455.0,455.0,455.00,0.0,0.0,459.83,"30,314.00",461.00,"13,939,349.20",162,-6.0,10.0,-1.3,2.2,-1.06,531.40,350.00,,
2024/11/13,53,GBBL,45.01,457.0,458.0,451.2,456.0,456.00,0.0,0.0,454.80,"19,556.00",455.00,"8,894,062.20",109,1.0,6.8,0.22,1.51,0.26,531.40,350.00,,
2024/11/14,55,GBBL,47.39,462.6,463.0,453.1,457.5,457.50,0.0,0.0,459.04,"32,896.00",456.00,"15,100,719.90",187,1.5,9.90,0.33,2.18,-0.34,531.40,350.00,,
2024/11/17,57,GBBL,48.51,464.9,465.9,457.5,457.5,457.50,0.0,0.0,460.95,"54,168.00",457.50,"24,968,888.90",226,0.0,8.40,0.0,1.84,-0.75,531.40,350.00,,
2024/11/19,54,GBBL,42.7,460.0,460.0,450.0,450.0,450.00,0.0,0.0,455.23,"62,943.00",457.50,"28,653,718.70",204,-7.5,10.0,-1.64,2.22,-1.16,531.40,350.00,,
2024/11/20,58,GBBL,49.52,449.0,460.9,444.1,458.9,458.90,0.0,0.0,453.62,"49,149.00",450.00,"22,294,922.70",220,8.9,16.8,1.98,3.78,1.15,531.40,350.00,,
2024/11/21,57,GBBL,34.9,460.0,463.6,453.0,455.0,455.00,0.0,0.0,457.79,"52,610.00",458.90,"24,084,463.70",214,-3.9,10.6,-0.85,2.34,-0.61,531.40,350.00,,
2024/11/24,57,GBBL,32.3,454.0,460.0,449.0,449.1,449.10,0.0,0.0,451.47,"30,123.00",455.00,"13,599,651.70",178,-5.9,11.0,-1.3,2.45,-0.53,531.40,350.00,,
2024/11/25,54,GBBL,31.09,444.0,454.8,444.0,447.0,447.00,0.0,0.0,448.78,"21,246.00",449.10,"9,534,684.20",154,-2.1,10.80,-0.47,2.43,-0.4,531.40,350.00,,
2024/11/26,57,GBBL,36.07,455.9,455.9,448.0,451.0,451.00,0.0,0.0,449.97,"26,030.00",447.00,"11,712,823.20",156,4.0,7.9,0.89,1.76,0.23,531.40,350.00,,
2024/11/27,56,GBBL,34.1,451.0,458.0,447.2,458.0,458.00,0.0,0.0,454.13,"37,087.00",451.00,"16,842,148.50",203,7.0,10.8,1.55,2.42,0.85,531.40,350.00,,
2024/11/28,56,GBBL,43.0,453.1,477.0,453.1,460.0,460.00,0.0,0.0,466.80,"118,450.00",458.00,"55,293,010.90",613,2.0,23.9,0.44,5.27,-1.48,531.40,350.00,,
2024/12/01,54,GBBL,50.38,458.8,471.0,454.0,470.0,470.00,0.0,0.0,463.85,"123,002.00",460.00,"57,054,792.30",529,10.0,17.0,2.17,3.74,1.31,531.40,350.00,,
2024/12/02,59,GBBL,49.42,473.2,476.5,456.0,457.5,457.50,0.0,0.0,469.51,"92,486.00",470.00,"43,422,948.40",430,-12.5,20.5,-2.66,4.5,-2.62,531.40,350.00,,
2024/12/03,56,GBBL,44.2,464.0,464.8,453.0,454.2,454.20,0.0,0.0,457.26,"31,965.00",457.50,"14,616,212.30",196,-3.3,11.8,-0.72,2.6,-0.67,531.40,350.00,,
2024/10/08,57,GBBL,35.77,426.0,432.0,425.1,427.0,427.00,0.0,0.0,426.91,"33,594.00",427.00,"14,341,700.50",114,0.0,6.9,0.0,1.62,0.02,498.00,378.70,410.89,407.35
2024/10/09,51,GBBL,-,453.0,459.0,452.0,457.0,457.00,0.0,0.0,455.48,"15,269.00",457.90,"6,954,719.10",103,-0.90,7.00,-0.2,1.55,0.33,531.40,350.00,,
2024/10/15,54,GBBL,-,459.9,462.7,451.1,460.2,460.20,0.0,0.0,459.96,"12,798.00",457.00,"5,886,545.70",92,3.20,11.60,0.7,2.57,0.05,531.40,350.00,,
2024/10/16,55,GBBL,-,463.0,475.0,458.0,470.0,470.00,0.0,0.0,468.90,"29,086.00",460.20,"13,638,394.80",224,9.8,17.00,2.13,3.71,0.23,531.40,350.00,,
2024/10/17,57,GBBL,-,473.0,475.0,467.0,469.2,469.20,0.0,0.0,472.02,"43,290.00",470.00,"20,433,704.60",243,-0.8,8.0,-0.17,1.71,-0.6,531.40,350.00,,
2024/10/20,55,GBBL,-,460.0,469.0,455.0,458.5,458.50,0.0,0.0,461.41,"68,715.00",469.20,"31,706,006.00",279,-10.7,14.00,-2.28,3.08,-0.64,531.40,350.00,,
2024/10/21,56,GBBL,-,458.5,458.5,444.0,445.0,445.00,0.0,0.0,449.00,"34,740.00",458.50,"15,598,090.10",248,-13.5,14.50,-2.94,3.27,-0.9,531.40,350.00,,
2024/10/22,58,GBBL,-,449.0,453.0,442.0,453.0,453.00,0.0,0.0,447.30,"28,321.00",445.00,"12,667,892.20",180,8.00,11.00,1.8,2.49,1.26,531.40,350.00,,
2024/10/23,57,GBBL,-,452.8,454.0,446.1,447.0,447.00,0.0,0.0,448.93,"15,925.00",453.00,"7,149,175.50",112,-6.0,7.90,-1.32,1.77,-0.43,531.40,350.00,,
2024/10/24,55,GBBL,-,443.0,452.0,443.0,445.0,445.00,0.0,0.0,446.55,"30,247.00",447.00,"13,506,777.10",152,-2.0,9.00,-0.45,2.03,-0.35,531.40,350.00,,
2024/10/27,55,GBBL,-,441.0,445.1,440.5,441.0,441.00,0.0,0.0,442.43,"10,320.00",445.00,"4,565,917.30",118,-4.0,4.6,-0.9,1.04,-0.33,531.40,350.00,,
2024/10/28,53,GBBL,-,445.0,447.0,443.0,446.5,446.50,0.0,0.0,444.80,"11,309.00",441.00,"5,030,237.80",109,5.5,4.0,1.25,0.9,0.38,531.40,350.00,,
2024/10/29,54,GBBL,-,448.0,457.8,448.0,453.0,453.00,0.0,0.0,452.43,"20,234.00",446.50,"9,154,480.60",180,6.5,9.8,1.46,2.19,0.13,531.40,350.00,,
2024/10/30,54,GBBL,-,460.0,460.0,448.0,449.0,449.00,0.0,0.0,451.58,"23,773.00",453.00,"10,735,472.80",153,-4.0,12.0,-0.88,2.68,-0.58,531.40,350.00,,
2024/11/05,56,GBBL,-,455.0,455.0,445.6,448.0,448.00,0.0,0.0,449.43,"13,682.00",449.00,"6,149,151.20",93,-1.0,9.4,-0.22,2.11,-0.32,531.40,350.00,,
2024/11/06,59,GBBL,-,452.9,453.0,445.2,450.0,450.00,0.0,0.0,448.98,"15,659.00",448.00,"7,030,611.00",103,2.0,7.8,0.45,1.75,0.23,531.40,350.00,,
2024/09/10,58,GBBL,37.04,433.2,450.6,433.2,445.0,445.00,0.0,0.0,445.31,"63,432.00",442.00,"28,247,085.30",391,3.0,17.40,0.68,4.02,-0.07,531.40,350.00,,
2024/09/11,59,GBBL,34.35,445.0,447.9,438.0,441.0,441.00,0.0,0.0,442.32,"42,791.00",445.00,"18,927,294.30",288,-4.0,9.90,-0.9,2.26,-0.3,531.40,350.00,,
2024/09/12,57,GBBL,50.76,432.2,453.0,432.2,451.0,451.00,0.0,0.0,447.39,"67,545.00",441.00,"30,218,748.40",380,10.00,20.80,2.27,4.81,0.8,531.40,350.00,,
2024/09/15,59,GBBL,49.26,458.0,461.5,439.0,439.0,439.00,0.0,0.0,450.63,"77,503.00",451.00,"34,925,447.60",435,-12.00,22.5,-2.66,5.13,-2.65,531.40,350.00,,
2024/09/16,56,GBBL,43.73,447.5,447.7,430.0,433.0,433.00,0.0,0.0,434.94,"59,732.00",439.00,"25,979,992.20",386,-6.0,17.70,-1.37,4.12,-0.45,531.40,350.00,,
2024/09/18,59,GBBL,45.21,440.0,441.0,425.1,430.3,430.30,0.0,0.0,433.12,"61,907.00",433.00,"26,813,460.50",333,-2.7,15.9,-0.62,3.74,-0.66,531.40,350.00,,
2024/09/22,57,GBBL,43.03,438.9,445.0,432.2,435.0,435.00,0.0,0.0,437.15,"45,710.00",430.30,"19,982,260.40",271,4.7,12.8,1.09,2.96,-0.49,531.40,350.00,,
2024/09/23,58,GBBL,43.19,439.0,439.0,426.4,431.9,431.90,0.0,0.0,429.24,"47,509.00",435.00,"20,392,952.80",277,-3.1,12.60,-0.71,2.95,0.61,531.40,350.00,,
2024/09/24,56,GBBL,42.04,431.9,438.9,417.0,419.0,419.00,0.0,0.0,423.17,"47,763.00",431.90,"20,212,052.60",343,-12.9,21.90,-2.99,5.25,-1.0,531.40,350.00,,
2024/09/25,55,GBBL,48.22,420.0,430.0,408.8,429.0,429.00,0.0,0.0,420.18,"48,565.00",419.00,"20,406,222.10",294,10.0,21.2,2.39,5.19,2.06,531.40,350.00,,
2024/09/26,58,GBBL,43.44,434.9,435.0,425.5,426.0,426.00,0.0,0.0,429.40,"44,269.00",429.00,"19,009,162.20",223,-3.0,9.5,-0.7,2.23,-0.8,531.40,350.00,,
2024/09/29,59,GBBL,42.46,422.0,431.9,416.4,421.0,421.00,0.0,0.0,422.34,"36,522.00",426.00,"15,424,716.50",204,-5.0,15.50,-1.17,3.72,-0.32,531.40,350.00,,
2024/09/30,55,GBBL,49.25,428.0,428.0,422.5,428.0,428.00,0.0,0.0,425.03,"21,107.00",421.00,"8,971,088.60",129,7.0,5.5,1.66,1.3,0.69,531.40,350.00,,
2024/10/01,55,GBBL,56.37,434.0,449.0,430.0,448.9,448.90,0.0,0.0,442.53,"53,250.00",428.00,"23,564,604.40",339,20.9,19.00,4.88,4.42,1.42,531.40,350.00,,
2024/10/02,56,GBBL,55.71,450.0,452.9,440.0,449.0,449.00,0.0,0.0,445.66,"44,107.00",448.90,"19,656,529.70",296,0.10,12.9,0.02,2.93,0.74,531.40,350.00,,
2024/10/06,58,GBBL,-,445.0,455.9,441.0,454.0,454.00,0.0,0.0,452.02,"36,335.00",449.00,"16,424,009.30",273,5.00,14.90,1.11,3.38,0.44,531.40,350.00,,
2024/08/13,58,GBBL,56.67,492.0,499.0,480.0,483.0,483.00,0.0,0.0,486.53,"191,232.00",486.30,"93,039,682.30",908,-3.30,19.0,-0.68,3.96,-0.73,499.00,350.00,,
2024/08/14,59,GBBL,65.72,483.0,500.0,480.0,498.0,498.00,0.0,0.0,492.08,"294,882.00",483.00,"145,106,777.60",990,15.0,20.0,3.11,4.17,1.19,500.00,350.00,,
2024/08/15,62,GBBL,65.9,505.0,522.0,496.0,510.0,510.00,0.0,0.0,510.41,"439,853.00",498.00,"224,505,848.50","1,406",12.00,26.00,2.41,5.24,-0.08,522.00,350.00,,
2024/08/18,58,GBBL,59.09,510.0,517.2,496.0,499.0,499.00,0.0,0.0,503.46,"272,463.00",510.00,"137,174,267.10","1,120",-11.00,21.20,-2.16,4.27,-0.89,522.00,350.00,,
2024/08/21,57,GBBL,56.96,499.0,505.0,488.0,492.0,492.00,0.0,0.0,493.03,"220,721.00",499.00,"108,822,960.60",854,-7.00,17.00,-1.4,3.48,-0.21,522.00,350.00,,
2024/08/22,60,GBBL,61.36,501.0,531.4,495.0,511.0,511.00,0.0,0.0,517.73,"442,632.00",492.00,"229,163,225.60","1,935",19.0,36.40,3.86,7.35,-1.32,531.40,350.00,,
2024/08/25,57,GBBL,48.15,516.0,518.0,495.0,496.0,496.00,0.0,0.0,502.79,"215,726.00",511.00,"108,464,306.10","1,155",-15.0,23.00,-2.94,4.65,-1.37,531.40,350.00,,
2024/08/27,58,GBBL,46.49,488.0,497.0,471.5,473.1,473.10,0.0,0.0,481.04,"237,705.00",496.00,"114,346,261.60","1,146",-22.9,25.50,-4.62,5.41,-1.68,531.40,350.00,,
2024/08/28,57,GBBL,44.37,473.1,490.0,466.0,470.0,470.00,0.0,0.0,477.99,"164,178.00",473.10,"78,474,816.10",869,-3.1,24.00,-0.66,5.15,-1.7,531.40,350.00,,
2024/08/29,57,GBBL,43.58,472.0,472.0,459.8,460.0,460.00,0.0,0.0,463.37,"136,833.00",470.00,"63,404,923.40",710,-10.0,12.2,-2.13,2.65,-0.73,531.40,350.00,,
2024/09/01,61,GBBL,40.0,461.0,468.0,453.1,457.0,457.00,0.0,0.0,457.83,"107,468.00",460.00,"49,202,201.20",563,-3.0,14.9,-0.65,3.29,-0.18,531.40,350.00,,
2024/09/02,60,GBBL,51.53,453.2,482.0,453.2,479.0,479.00,0.0,0.0,470.12,"126,717.00",457.00,"59,572,273.60",665,22.0,28.80,4.81,6.35,1.85,531.40,350.00,,
2024/09/03,60,GBBL,51.15,481.0,488.0,467.0,477.0,477.00,0.0,0.0,478.85,"124,692.00",479.00,"59,708,757.10",629,-2.0,21.0,-0.42,4.5,-0.39,531.40,350.00,,
2024/09/04,57,GBBL,58.61,482.0,489.6,458.1,461.0,461.00,0.0,0.0,473.73,"185,858.00",477.00,"88,045,658.80",779,-16.0,31.50,-3.35,6.88,-2.76,531.40,350.00,,
2024/09/05,55,GBBL,54.14,451.8,467.0,451.8,463.0,463.00,0.0,0.0,459.84,"74,723.00",461.00,"34,360,256.80",386,2.0,15.2,0.43,3.36,0.68,531.40,350.00,,
2024/09/08,57,GBBL,35.86,471.9,472.2,455.0,455.0,455.00,0.0,0.0,461.90,"57,628.00",463.00,"26,618,264.10",347,-8.00,17.20,-1.73,3.78,-1.52,531.40,350.00,,
2024/07/18,57,GBBL,65.64,422.0,429.0,414.0,419.1,419.10,0.0,0.0,421.93,"203,716.00",413.90,"85,953,092.60",910,5.20,15.00,1.26,3.62,-0.67,432.40,350.00,,
2024/07/21,55,GBBL,70.23,419.1,436.0,415.2,431.0,431.00,0.0,0.0,429.59,"205,395.00",419.10,"88,235,640.40",993,11.9,20.80,2.84,5.01,0.33,436.00,350.00,,
2024/07/22,55,GBBL,62.88,436.0,438.0,421.4,430.0,430.00,0.0,0.0,427.22,"166,252.00",431.00,"71,026,788.20",810,-1.00,16.60,-0.23,3.94,0.65,438.00,350.00,,
2024/07/23,57,GBBL,65.02,430.0,446.0,422.2,444.1,444.10,0.0,0.0,438.00,"160,437.00",430.00,"70,271,558.90",724,14.10,23.80,3.28,5.64,1.37,446.00,350.00,,
2024/07/24,56,GBBL,60.38,450.0,453.0,430.0,435.0,435.00,0.0,0.0,441.74,"177,987.00",444.10,"78,623,102.00",845,-9.10,23.00,-2.05,5.35,-1.55,453.00,350.00,,
2024/07/25,58,GBBL,57.18,430.2,438.9,430.2,433.0,433.00,0.0,0.0,433.34,"131,969.00",435.00,"57,188,055.60",565,-2.00,8.70,-0.46,2.02,-0.08,453.00,350.00,,
2024/07/28,58,GBBL,64.22,441.6,459.0,433.0,451.0,451.00,0.0,0.0,446.73,"210,178.00",433.00,"93,893,338.90",910,18.00,26.00,4.16,6.0,0.95,459.00,350.00,,
2024/07/29,58,GBBL,57.25,460.0,460.0,441.6,442.0,442.00,0.0,0.0,446.78,"176,493.00",451.00,"78,852,820.90",795,-9.00,18.40,-2.0,4.17,-1.08,460.00,350.00,,
2024/07/30,60,GBBL,60.09,450.0,450.0,432.3,442.0,442.00,0.0,0.0,440.01,"141,259.00",442.00,"62,155,304.60",707,0.00,17.70,0.0,4.09,0.45,460.00,350.00,,
2024/07/31,59,GBBL,63.7,448.0,467.0,444.0,456.0,456.00,0.0,0.0,455.95,"288,720.00",442.00,"131,641,737.70","1,080",14.00,23.00,3.17,5.18,0.01,467.00,350.00,,
2024/08/01,60,GBBL,61.24,446.9,473.0,446.9,460.0,460.00,0.0,0.0,463.94,"321,574.00",456.00,"149,190,923.40","1,072",4.0,26.10,0.88,5.84,-0.86,473.00,350.00,,
2024/08/05,60,GBBL,57.83,469.2,477.0,459.9,464.0,464.00,0.0,0.0,463.78,"158,542.00",460.00,"73,527,863.80",771,4.00,17.10,0.87,3.72,0.05,477.00,350.00,,
2024/08/06,56,GBBL,54.55,465.0,470.0,439.0,439.0,439.00,0.0,0.0,452.28,"234,477.00",464.00,"106,048,857.30","1,110",-25.00,31.00,-5.39,7.06,-3.02,477.00,350.00,,
2024/08/07,58,GBBL,55.84,435.0,454.7,431.0,450.2,450.20,0.0,0.0,447.64,"151,484.00",439.00,"67,810,019.00",790,11.20,23.70,2.55,5.5,0.57,477.00,350.00,,
2024/08/08,59,GBBL,50.69,454.0,468.0,449.0,450.0,450.00,0.0,0.0,455.54,"143,095.00",450.20,"65,184,982.90",715,-0.20,19.00,-0.04,4.23,-1.23,477.00,350.00,,
2024/08/11,58,GBBL,57.37,459.0,468.1,455.0,466.0,466.00,0.0,0.0,463.57,"192,836.00",450.00,"89,393,666.90",946,16.00,13.10,3.56,2.88,0.52,477.00,350.00,,
2024/06/25,56,GBBL,53.52,360.0,363.1,359.0,360.0,360.00,0.0,0.0,361.02,"20,092.00",359.00,"7,253,675.40",152,1.0,4.1,0.28,1.14,-0.28,432.40,350.00,,
2024/06/26,53,GBBL,49.21,358.0,361.1,354.2,355.0,355.00,0.0,0.0,357.38,"27,500.00",360.00,"9,827,835.40",156,-5.0,6.9,-1.39,1.95,-0.67,432.40,350.00,,
2024/06/27,60,GBBL,46.56,354.0,356.9,352.3,354.0,354.00,0.0,0.0,353.57,"21,096.00",355.00,"7,458,890.00",137,-1.00,4.60,-0.28,1.31,0.12,432.40,350.00,,
2024/06/30,55,GBBL,36.8,354.2,355.0,351.0,352.7,352.70,0.0,0.0,352.77,"19,604.00",354.00,"6,915,735.30",153,-1.3,4.00,-0.37,1.14,-0.02,432.40,350.00,,
2024/07/01,54,GBBL,40.0,350.1,354.5,350.1,354.4,354.40,0.0,0.0,353.25,"21,307.00",352.70,"7,526,757.30",122,1.70,4.4,0.48,1.26,0.32,432.40,350.00,,
2024/07/02,54,GBBL,62.36,361.4,375.8,361.4,364.0,364.00,0.0,0.0,364.94,"37,886.00",354.40,"13,826,067.40",187,9.60,14.4,2.71,3.98,-0.26,432.40,350.00,,
2024/07/03,57,GBBL,58.58,364.0,368.8,357.5,368.0,368.00,0.0,0.0,363.59,"30,179.00",364.00,"10,972,770.70",162,4.0,11.3,1.1,3.16,1.2,432.40,350.00,,
2024/07/04,58,GBBL,64.04,375.3,384.7,365.0,376.7,376.70,0.0,0.0,376.95,"187,625.00",368.00,"70,724,749.80",741,8.7,19.7,2.36,5.4,-0.07,432.40,350.00,,
2024/07/07,57,GBBL,35.77,426.0,432.0,425.1,427.0,427.00,0.0,0.0,426.91,"33,594.00",427.00,"14,341,700.50",114,0.0,6.9,0.0,1.62,0.02,498.00,378.70,410.89,407.35
2024/07/08,59,GBBL,56.8,376.0,376.0,371.0,372.2,372.20,0.0,0.0,372.83,"35,125.00",375.00,"13,095,777.50",172,-2.8,5.0,-0.75,1.35,-0.17,432.40,350.00,,
2024/07/09,55,GBBL,67.3,371.0,387.0,371.0,384.0,384.00,0.0,0.0,381.95,"126,338.00",372.20,"48,254,857.80",533,11.8,16.0,3.17,4.31,0.53,432.40,350.00,,
2024/07/10,56,GBBL,57.44,386.0,389.0,381.7,385.0,385.00,0.0,0.0,384.69,"67,621.00",384.00,"26,013,076.20",352,1.0,7.3,0.26,1.91,0.08,432.40,350.00,,
2024/07/11,60,GBBL,64.97,386.0,392.7,384.0,385.0,385.00,0.0,0.0,386.21,"106,272.00",385.00,"41,043,384.50",387,0.0,8.70,0.0,2.27,-0.31,432.40,350.00,,
2024/07/14,56,GBBL,69.78,392.7,400.0,385.1,392.2,392.20,0.0,0.0,390.67,"123,635.00",385.00,"48,300,249.50",531,7.2,14.90,1.87,3.87,0.39,432.40,350.00,,
2024/07/15,59,GBBL,53.2,400.0,400.0,380.0,385.1,385.10,0.0,0.0,387.38,"117,774.00",392.20,"45,623,050.60",425,-7.10,20.00,-1.81,5.26,-0.59,432.40,350.00,,
2024/07/16,56,GBBL,61.83,385.1,399.9,384.0,398.8,398.80,0.0,0.0,394.25,"93,031.00",385.10,"36,677,505.10",470,13.7,15.90,3.56,4.14,1.14,432.40,350.00,,
2024/05/30,55,GBBL,39.6,365.0,365.0,360.1,361.0,361.00,0.0,0.0,361.18,"14,199.00",364.20,"5,128,408.80",153,-3.20,4.90,-0.88,1.36,-0.05,432.40,340.00,,
2024/06/02,58,GBBL,49.43,362.0,365.0,357.0,361.1,361.10,0.0,0.0,362.04,"26,766.00",361.00,"9,690,277.70",170,0.10,8.00,0.03,2.24,-0.26,432.40,345.00,,
2024/06/03,56,GBBL,42.19,365.0,365.0,361.0,362.0,362.00,0.0,0.0,363.41,"21,553.00",361.10,"7,832,612.40",144,0.90,4.00,0.25,1.11,-0.39,432.40,345.00,,
2024/06/04,55,GBBL,53.44,360.0,367.4,358.2,364.0,364.00,0.0,0.0,363.76,"30,886.00",362.00,"11,234,953.80",116,2.00,9.20,0.55,2.57,0.07,432.40,345.00,,
2024/06/05,54,GBBL,57.83,365.0,365.0,362.0,364.0,364.00,0.0,0.0,363.16,"22,068.00",364.00,"8,014,253.10",86,0.00,3.00,0.0,0.83,0.23,432.40,346.00,,
2024/06/06,57,GBBL,56.28,361.0,364.0,360.5,362.5,362.50,0.0,0.0,362.60,"16,208.00",364.00,"5,876,989.40",107,-1.5,3.50,-0.41,0.97,-0.03,432.40,346.00,,
2024/06/09,55,GBBL,50.51,362.5,364.0,360.0,360.1,360.10,0.0,0.0,361.22,"29,379.00",362.50,"10,612,423.80",177,-2.4,4.00,-0.66,1.11,-0.31,432.40,350.00,,
2024/06/10,56,GBBL,42.24,360.0,362.0,360.0,361.0,361.00,0.0,0.0,361.15,"20,619.00",360.10,"7,446,597.70",133,0.9,2.00,0.25,0.56,-0.04,432.40,350.00,,
2024/06/11,53,GBBL,65.03,366.0,367.0,362.0,366.0,366.00,0.0,0.0,365.12,"46,012.00",361.00,"16,799,772.40",147,5.0,5.00,1.39,1.38,0.24,432.40,350.00,,
2024/06/12,54,GBBL,59.89,370.0,371.0,364.7,364.7,364.70,0.0,0.0,365.96,"22,150.00",366.00,"8,106,114.20",151,-1.3,6.3,-0.36,1.73,-0.35,432.40,350.00,,
2024/06/13,53,GBBL,64.31,365.0,374.0,362.0,365.1,365.10,0.0,0.0,368.65,"46,373.00",364.70,"17,095,607.70",235,0.4,12.0,0.11,3.31,-0.97,432.40,350.00,,
2024/06/16,56,GBBL,57.0,365.0,367.0,362.0,362.0,362.00,0.0,0.0,364.05,"16,892.00",365.10,"6,149,501.20",128,-3.1,5.0,-0.85,1.38,-0.57,432.40,350.00,,
2024/06/18,57,GBBL,45.23,362.0,364.5,359.3,360.0,360.00,0.0,0.0,360.25,"36,364.00",362.00,"13,100,142.60",189,-2.0,5.20,-0.55,1.45,-0.07,432.40,350.00,,
2024/06/19,54,GBBL,44.33,360.0,363.7,357.3,359.0,359.00,0.0,0.0,359.18,"30,630.00",360.00,"11,001,619.00",173,-1.0,6.4,-0.28,1.79,-0.05,432.40,350.00,,
2024/06/20,53,GBBL,46.03,359.0,362.0,357.4,358.0,358.00,0.0,0.0,359.06,"31,323.00",359.00,"11,246,753.60",156,-1.0,4.60,-0.28,1.29,-0.3,432.40,350.00,,
2024/06/23,56,GBBL,45.79,355.6,359.0,355.5,356.0,356.00,0.0,0.0,356.16,"19,352.00",358.00,"6,892,377.20",155,-2.0,3.5,-0.56,0.98,-0.04,432.40,350.00,,
2024/05/05,59,GBBL,47.1,372.0,374.0,362.8,364.0,364.00,0.0,0.0,366.98,"41,770.00",370.10,"15,328,807.70",222,-6.1,11.2,-1.65,3.09,-0.82,432.40,336.00,,
2024/05/06,55,GBBL,35.32,364.0,369.0,360.6,363.9,363.90,0.0,0.0,364.29,"20,725.00",364.00,"7,549,979.40",147,-0.10,8.40,-0.03,2.33,-0.11,432.40,336.00,,
2024/05/07,56,GBBL,39.43,363.0,369.0,360.7,366.0,366.00,0.0,0.0,364.50,"28,901.00",363.90,"10,534,527.10",200,2.10,8.3,0.58,2.3,0.41,432.40,336.00,,
2024/05/08,56,GBBL,36.23,369.9,370.0,364.0,365.0,365.00,0.0,0.0,366.30,"10,403.00",366.00,"3,810,655.20",78,-1.0,6.0,-0.27,1.65,-0.36,432.40,336.00,,
2024/05/09,54,GBBL,37.76,362.0,368.9,362.0,362.1,362.10,0.0,0.0,365.44,"23,257.00",365.00,"8,499,148.80",146,-2.9,6.90,-0.79,1.91,-0.92,432.40,336.00,,
2024/05/12,57,GBBL,51.68,362.0,370.0,361.3,366.1,366.10,0.0,0.0,367.06,"16,116.00",362.10,"5,915,531.50",126,4.00,8.7,1.1,2.41,-0.26,432.40,336.00,,
2024/05/13,56,GBBL,53.31,370.0,370.0,364.0,368.5,368.50,0.0,0.0,368.67,"21,160.00",366.10,"7,801,069.40",137,2.4,6.0,0.66,1.65,-0.05,432.40,336.00,,
2024/05/14,57,GBBL,57.84,373.0,373.0,365.6,369.6,369.60,0.0,0.0,369.82,"25,974.00",368.50,"9,605,618.10",142,1.1,7.4,0.3,2.02,-0.06,432.40,336.00,,
2024/05/15,59,GBBL,55.65,375.1,376.9,366.1,366.9,366.90,0.0,0.0,369.88,"28,285.00",369.60,"10,461,920.30",164,-2.7,10.8,-0.73,2.95,-0.81,432.40,337.00,,
2024/05/16,58,GBBL,46.72,369.0,370.0,363.0,364.0,364.00,0.0,0.0,364.79,"23,046.00",366.90,"8,407,043.10",130,-2.9,7.0,-0.79,1.93,-0.22,432.40,337.00,,
2024/05/19,59,GBBL,45.06,371.2,371.2,361.6,366.0,366.00,0.0,0.0,366.19,"40,681.00",364.00,"14,896,773.80",200,2.0,9.6,0.55,2.65,-0.05,432.40,340.00,,
2024/05/20,58,GBBL,49.65,370.5,378.0,367.1,370.1,370.10,0.0,0.0,372.64,"36,591.00",366.00,"13,635,198.40",216,4.1,10.9,1.12,2.97,-0.69,432.40,340.00,,
2024/05/21,56,GBBL,56.71,370.5,374.7,370.0,371.2,371.20,0.0,0.0,371.52,"16,715.00",370.10,"6,210,037.60",163,1.10,4.7,0.3,1.27,-0.09,432.40,340.00,,
2024/05/22,55,GBBL,58.37,375.8,376.0,370.1,372.0,372.00,0.0,0.0,373.78,"27,333.00",371.20,"10,216,590.90",200,0.8,5.9,0.22,1.59,-0.48,432.40,340.00,,
2024/05/26,57,GBBL,53.11,372.0,373.0,368.0,368.0,368.00,0.0,0.0,370.29,"33,825.00",372.00,"12,525,228.30",200,-4.0,5.0,-1.08,1.36,-0.62,432.40,340.00,,
2024/05/27,58,GBBL,47.04,371.0,373.2,366.0,369.9,369.90,0.0,0.0,368.28,"21,590.00",368.00,"7,951,142.30",177,1.9,7.2,0.52,1.97,0.44,432.40,340.00,,
2024/04/03,57,GBBL,35.77,426.0,432.0,425.1,427.0,427.00,0.0,0.0,426.91,"33,594.00",427.00,"14,341,700.50",114,0.0,6.9,0.0,1.62,0.02,498.00,378.70,410.89,407.35
2024/04/04,57,GBBL,35.92,360.0,361.9,357.1,359.0,359.00,0.0,0.0,358.73,"16,950.00",360.10,"6,080,491.40",167,-1.1,4.80,-0.31,1.34,0.07,432.40,336.00,,
2024/04/07,56,GBBL,57.12,357.2,369.0,357.2,366.2,366.20,0.0,0.0,364.13,"29,651.00",359.00,"10,796,920.60",198,7.2,11.80,2.01,3.3,0.56,432.40,336.00,,
2024/04/09,57,GBBL,35.77,426.0,432.0,425.1,427.0,427.00,0.0,0.0,426.91,"33,594.00",427.00,"14,341,700.50",114,0.0,6.9,0.0,1.62,0.02,498.00,378.70,410.89,407.35
2024/04/10,56,GBBL,55.91,376.0,376.3,362.0,370.0,370.00,0.0,0.0,365.40,"31,657.00",369.00,"11,567,519.30",176,1.0,14.30,0.27,3.95,1.24,432.40,336.00,,
2024/04/14,57,GBBL,56.87,372.0,372.0,365.6,365.9,365.90,0.0,0.0,367.96,"22,549.00",370.00,"8,297,056.10",103,-4.1,6.4,-1.11,1.75,-0.56,432.40,336.00,,
2024/04/15,57,GBBL,47.09,365.9,371.0,362.0,364.0,364.00,0.0,0.0,364.03,"17,659.00",365.90,"6,428,347.50",98,-1.90,9.0,-0.52,2.49,-0.01,432.40,336.00,,
2024/04/16,58,GBBL,38.32,364.1,368.9,364.0,367.0,367.00,0.0,0.0,364.79,"13,601.00",364.00,"4,961,522.50",122,3.0,4.9,0.82,1.35,0.6,432.40,336.00,,
2024/04/18,56,GBBL,36.25,361.0,364.9,359.1,360.0,360.00,0.0,0.0,361.38,"22,064.00",367.00,"7,973,527.60",136,-7.0,5.8,-1.91,1.62,-0.38,432.40,336.00,,
2024/04/21,54,GBBL,44.05,359.0,363.5,353.0,361.9,361.90,0.0,0.0,360.70,"15,664.00",360.00,"5,649,977.00",102,1.9,10.5,0.53,2.97,0.33,432.40,336.00,,
2024/04/22,55,GBBL,38.55,360.5,362.1,357.5,360.0,360.00,0.0,0.0,359.33,"8,257.00",361.90,"2,966,990.10",110,-1.9,4.6,-0.53,1.29,0.19,432.40,336.00,,
2024/04/24,56,GBBL,36.55,358.1,366.5,356.1,358.0,358.00,0.0,0.0,359.12,"16,373.00",360.00,"5,879,900.40",105,-2.0,10.4,-0.56,2.92,-0.31,432.40,336.00,,
2024/04/25,53,GBBL,40.04,358.0,360.0,355.1,355.3,355.30,0.0,0.0,358.18,"13,012.00",358.00,"4,660,697.70",115,-2.7,4.9,-0.75,1.38,-0.81,432.40,336.00,,
2024/04/28,56,GBBL,52.8,360.5,363.0,355.6,363.0,363.00,0.0,0.0,360.13,"14,089.00",355.30,"5,073,891.60",117,7.7,7.4,2.17,2.08,0.79,432.40,336.00,,
2024/04/29,58,GBBL,54.53,361.0,369.6,360.0,365.0,365.00,0.0,0.0,366.50,"38,918.00",363.00,"14,263,489.40",174,2.0,9.6,0.55,2.67,-0.41,432.40,336.00,,
2024/04/30,59,GBBL,60.88,370.0,386.0,365.0,379.8,379.80,0.0,0.0,380.54,"162,238.00",365.00,"61,737,346.50",730,14.80,21.00,4.05,5.75,-0.19,432.40,336.00,,
2024/03/07,59,GBBL,51.43,367.0,368.0,365.0,367.0,367.00,0.0,0.0,366.12,"24,712.00",361.20,"9,047,479.80",170,5.8,3.00,1.61,0.82,0.24,432.40,336.00,,
2024/03/10,55,GBBL,33.72,370.0,374.0,366.0,371.0,371.00,0.0,0.0,371.61,"15,908.00",367.00,"5,911,583.70",144,4.0,8.0,1.09,2.19,-0.16,432.40,336.00,,
2024/03/12,55,GBBL,58.58,364.0,381.0,364.0,377.0,377.00,0.0,0.0,375.69,"28,918.00",371.00,"10,864,227.60",244,6.00,17.0,1.62,4.67,0.35,432.40,336.00,,
2024/03/13,57,GBBL,60.52,383.0,383.0,373.0,376.1,376.10,0.0,0.0,378.67,"46,857.00",377.00,"17,743,260.40",295,-0.9,10.0,-0.24,2.68,-0.68,432.40,336.00,,
2024/03/14,56,GBBL,59.53,381.0,381.0,364.4,370.0,370.00,0.0,0.0,370.59,"45,078.00",376.10,"16,705,313.00",280,-6.1,16.6,-1.62,4.56,-0.16,432.40,336.00,,
2024/03/17,58,GBBL,54.9,370.0,377.0,370.0,372.0,372.00,0.0,0.0,372.97,"29,607.00",370.00,"11,042,592.20",243,2.0,7.0,0.54,1.89,-0.26,432.40,336.00,,
2024/03/18,55,GBBL,41.76,371.0,376.8,370.0,376.0,376.00,0.0,0.0,374.13,"31,188.00",372.00,"11,668,489.20",161,4.0,6.8,1.08,1.84,0.5,432.40,336.00,,
2024/03/19,56,GBBL,43.74,379.9,380.9,373.2,374.0,374.00,0.0,0.0,377.13,"22,692.00",376.00,"8,557,930.60",147,-2.0,7.70,-0.53,2.06,-0.84,432.40,336.00,,
2024/03/20,56,GBBL,58.53,374.0,374.9,371.1,373.0,373.00,0.0,0.0,373.44,"25,090.00",374.00,"9,369,587.80",163,-1.00,3.80,-0.27,1.02,-0.12,432.40,336.00,,
2024/03/21,57,GBBL,46.45,372.0,375.0,371.2,373.0,373.00,0.0,0.0,372.69,"19,006.00",373.00,"7,083,394.10",154,0.00,3.80,0.0,1.02,0.08,432.40,336.00,,
2024/03/25,55,GBBL,35.86,372.9,373.0,367.1,367.1,367.10,0.0,0.0,368.27,"18,304.00",373.00,"6,740,736.10",134,-5.90,5.90,-1.58,1.61,-0.32,432.40,336.00,,
2024/03/26,57,GBBL,47.54,366.0,402.4,366.0,375.0,375.00,0.0,0.0,374.40,"40,837.00",367.10,"15,289,280.50",216,7.9,36.40,2.15,9.95,0.16,432.40,336.00,,
2024/03/27,58,GBBL,34.91,375.0,375.1,368.7,370.0,370.00,0.0,0.0,370.46,"12,677.00",375.00,"4,696,269.80",94,-5.0,6.40,-1.33,1.74,-0.12,432.40,336.00,,
2024/03/28,56,GBBL,34.92,366.0,372.0,365.5,369.9,369.90,0.0,0.0,368.86,"11,179.00",370.00,"4,123,445.80",94,-0.1,6.5,-0.03,1.78,0.28,432.40,336.00,,
2024/03/31,57,GBBL,36.34,375.0,375.0,363.6,364.0,364.00,0.0,0.0,365.69,"19,692.00",369.90,"7,201,229.60",171,-5.90,11.40,-1.6,3.14,-0.47,432.40,336.00,,
2024/04/01,57,GBBL,32.46,364.0,365.0,362.6,362.6,362.60,0.0,0.0,363.49,"13,534.00",364.00,"4,919,514.40",118,-1.4,2.4,-0.38,0.66,-0.25,432.40,336.00,,
2024/02/12,58,GBBL,55.08,383.0,384.5,381.0,384.0,384.00,0.0,0.0,382.85,"26,048.00",382.10,"9,972,584.60",157,1.90,3.50,0.5,0.92,0.3,432.40,336.00,,
2024/02/13,57,GBBL,48.42,377.1,382.0,374.0,375.0,375.00,0.0,0.0,376.53,"42,722.00",384.00,"16,086,138.00",297,-9.0,8.0,-2.34,2.14,-0.41,432.40,336.00,,
2024/02/14,55,GBBL,54.67,375.0,390.0,370.2,380.0,380.00,0.0,0.0,382.72,"67,933.00",375.00,"25,999,375.50",389,5.0,19.8,1.33,5.35,-0.72,432.40,336.00,,
2024/02/15,58,GBBL,45.65,375.1,382.0,375.1,375.2,375.20,0.0,0.0,377.27,"37,652.00",380.00,"14,205,131.70",231,-4.8,6.9,-1.26,1.84,-0.55,432.40,336.00,,
2024/02/18,58,GBBL,38.28,382.0,382.0,370.0,370.9,370.90,0.0,0.0,372.35,"33,535.00",375.20,"12,486,916.10",251,-4.3,12.0,-1.15,3.24,-0.39,432.40,336.00,,
2024/02/20,58,GBBL,45.66,363.5,375.0,363.5,371.0,371.00,0.0,0.0,370.96,"45,921.00",370.90,"17,034,845.80",266,0.10,11.5,0.03,3.16,0.01,432.40,336.00,,
2024/02/21,57,GBBL,38.59,375.0,375.0,367.0,368.7,368.70,0.0,0.0,369.07,"33,717.00",371.00,"12,443,808.40",193,-2.30,8.0,-0.62,2.18,-0.1,432.40,336.00,,
2024/02/22,56,GBBL,38.26,367.0,370.0,363.0,364.1,364.10,0.0,0.0,365.83,"27,787.00",368.70,"10,165,400.40",211,-4.60,7.0,-1.25,1.93,-0.48,432.40,336.00,,
2024/02/25,60,GBBL,39.94,362.1,367.9,360.0,360.5,360.50,0.0,0.0,362.38,"37,023.00",364.10,"13,416,496.40",230,-3.60,7.90,-0.99,2.19,-0.52,432.40,336.00,,
2024/02/26,59,GBBL,40.75,358.0,364.9,358.0,364.9,364.90,0.0,0.0,360.85,"22,991.00",360.50,"8,296,304.60",182,4.40,6.90,1.22,1.93,1.11,432.40,336.00,,
2024/02/27,57,GBBL,41.12,361.0,369.0,360.2,364.0,364.00,0.0,0.0,363.39,"16,049.00",364.90,"5,832,067.80",117,-0.90,8.80,-0.25,2.44,0.17,432.40,336.00,,
2024/02/28,57,GBBL,43.24,364.0,366.0,358.3,359.1,359.10,0.0,0.0,360.11,"28,094.00",364.00,"10,116,842.10",150,-4.90,7.70,-1.35,2.15,-0.28,432.40,336.00,,
2024/02/29,56,GBBL,39.83,357.0,359.0,356.0,356.6,356.60,0.0,0.0,356.80,"19,334.00",359.10,"6,898,431.10",148,-2.50,3.00,-0.7,0.84,-0.06,432.40,336.00,,
2024/03/03,57,GBBL,33.69,354.0,355.0,350.0,350.9,350.90,0.0,0.0,351.61,"30,009.00",356.60,"10,551,517.80",231,-5.70,5.00,-1.6,1.43,-0.2,432.40,336.00,,
2024/03/04,48,GBBL,49.13,357.9,379.4,357.9,378.0,378.00,0.0,0.0,370.09,"4,134.00",350.90,"1,529,958.00",14,27.1,21.5,7.72,6.01,2.09,432.40,336.00,,
2024/03/05,60,GBBL,53.05,385.0,385.0,362.0,362.6,362.60,0.0,0.0,366.72,"33,550.00",378.00,"12,303,528.70",241,-15.40,23.00,-4.07,6.35,-1.14,432.40,336.00,,
2024/01/18,55,GBBL,59.91,390.0,398.0,390.0,392.1,392.10,0.0,0.0,395.10,"55,179.00",396.30,"21,801,442.00",311,-4.2,8.00,-1.06,2.05,-0.77,432.40,336.00,,
2024/01/21,57,GBBL,59.25,385.0,395.0,385.0,387.0,387.00,0.0,0.0,390.16,"83,246.00",392.10,"32,479,320.70",332,-5.1,10.00,-1.3,2.6,-0.82,432.40,336.00,,
2024/01/22,55,GBBL,46.37,385.0,390.0,380.0,381.0,381.00,0.0,0.0,383.64,"36,034.00",387.00,"13,824,084.90",233,-6.0,10.0,-1.55,2.63,-0.69,432.40,336.00,,
2024/01/23,58,GBBL,49.92,381.2,388.0,378.0,381.5,381.50,0.0,0.0,382.87,"43,070.00",381.00,"16,490,232.80",227,0.5,10.0,0.13,2.65,-0.36,432.40,336.00,,
2024/01/24,58,GBBL,45.11,373.9,395.0,373.9,383.0,383.00,0.0,0.0,385.91,"22,914.00",381.50,"8,842,780.90",146,1.5,21.1,0.39,5.64,-0.76,432.40,336.00,,
2024/01/25,57,GBBL,48.97,388.0,388.0,378.0,382.0,382.00,0.0,0.0,380.68,"29,734.00",383.00,"11,319,072.80",177,-1.0,10.00,-0.26,2.65,0.35,432.40,336.00,,
2024/01/28,57,GBBL,53.53,386.9,389.0,380.0,382.9,382.90,0.0,0.0,383.87,"29,257.00",382.00,"11,231,029.10",174,0.9,9.0,0.24,2.37,-0.25,432.40,336.00,,
2024/01/29,56,GBBL,53.46,382.1,386.0,380.5,384.1,384.10,0.0,0.0,384.38,"26,429.00",382.90,"10,158,686.20",161,1.2,5.5,0.31,1.45,-0.07,432.40,336.00,,
2024/01/30,57,GBBL,53.39,390.0,390.0,383.0,383.0,383.00,0.0,0.0,384.45,"28,943.00",384.10,"11,127,277.70",172,-1.1,7.0,-0.29,1.83,-0.38,432.40,336.00,,
2024/01/31,57,GBBL,37.11,388.5,389.0,377.1,377.5,377.50,0.0,0.0,381.05,"27,958.00",383.00,"10,653,329.70",203,-5.50,11.90,-1.44,3.16,-0.94,432.40,336.00,,
2024/02/01,57,GBBL,37.56,372.1,378.0,370.7,371.5,371.50,0.0,0.0,372.56,"41,836.00",377.50,"15,586,269.50",224,-6.0,7.3,-1.59,1.97,-0.28,432.40,336.00,,
2024/02/04,57,GBBL,36.51,371.6,376.0,369.0,376.0,376.00,0.0,0.0,374.21,"25,691.00",371.50,"9,613,861.50",142,4.5,7.0,1.21,1.9,0.48,432.40,336.00,,
2024/02/05,57,GBBL,36.29,383.5,383.5,371.2,378.0,378.00,0.0,0.0,378.76,"20,218.00",376.00,"7,657,724.10",125,2.0,12.3,0.53,3.31,-0.2,432.40,336.00,,
2024/02/06,58,GBBL,50.51,378.0,384.0,377.0,380.0,380.00,0.0,0.0,380.01,"28,856.00",378.00,"10,965,561.80",149,2.0,7.0,0.53,1.86,0.0,432.40,336.00,,
2024/02/07,58,GBBL,53.41,382.0,386.0,379.2,381.0,381.00,0.0,0.0,381.17,"21,654.00",380.00,"8,253,775.70",132,1.0,6.8,0.26,1.79,-0.04,432.40,336.00,,
2024/02/08,58,GBBL,51.54,380.0,383.0,376.1,380.5,380.50,0.0,0.0,380.41,"18,261.00",381.00,"6,946,746.70",122,-0.5,6.90,-0.13,1.83,0.02,432.40,336.00,,
2023/12/20,59,GBBL,65.49,421.0,430.0,413.0,424.0,424.00,0.0,0.0,422.87,"159,784.00",415.00,"67,567,258.70",735,9.00,17.00,2.17,4.12,0.27,430.00,330.00,,
2023/12/21,59,GBBL,59.14,432.4,432.4,411.0,411.0,411.00,0.0,0.0,421.06,"183,208.00",424.00,"77,141,789.50",957,-13.00,21.40,-3.07,5.21,-2.45,432.40,330.00,,
2023/12/24,58,GBBL,52.5,419.0,419.0,410.1,412.0,412.00,0.0,0.0,415.02,"105,789.00",411.00,"43,904,446.40",499,1.0,8.90,0.24,2.17,-0.73,432.40,330.00,,
2023/12/27,58,GBBL,48.85,416.0,416.0,407.5,408.0,408.00,0.0,0.0,410.23,"92,062.00",412.00,"37,766,646.40",372,-4.0,8.50,-0.97,2.09,-0.55,432.40,336.00,,
2023/12/28,56,GBBL,45.4,408.0,414.0,404.7,406.0,406.00,0.0,0.0,408.08,"75,798.00",408.00,"30,931,928.60",409,-2.0,9.3,-0.49,2.3,-0.51,432.40,336.00,,
2024/01/01,56,GBBL,49.59,414.0,418.9,407.9,410.0,410.00,0.0,0.0,412.28,"107,340.00",406.00,"44,254,444.10",733,4.0,11.0,0.99,2.7,-0.56,432.40,336.00,,
2024/01/02,57,GBBL,41.36,375.0,381.0,367.7,370.5,370.50,0.0,0.0,371.28,"43,429.00",374.43,"16,124,184.90",369,-3.93,13.3,-1.05,3.62,-0.21,432.40,336.00,,
2024/01/03,57,GBBL,41.09,370.5,374.9,364.5,369.0,369.00,0.0,0.0,367.70,"32,621.00",370.50,"11,994,698.30",276,-1.50,10.4,-0.4,2.85,0.35,432.40,336.00,,
2024/01/04,57,GBBL,40.61,370.0,374.0,366.2,367.0,367.00,0.0,0.0,369.28,"38,745.00",369.00,"14,307,829.40",249,-2.00,7.80,-0.54,2.13,-0.62,432.40,336.00,,
2024/01/07,57,GBBL,40.82,360.0,370.5,358.0,361.3,361.30,0.0,0.0,361.78,"51,380.00",367.00,"18,588,407.60",349,-5.7,12.5,-1.55,3.49,-0.13,432.40,336.00,,
2024/01/08,58,GBBL,50.32,361.0,373.0,359.0,372.9,372.90,0.0,0.0,364.30,"39,757.00",361.30,"14,483,328.90",271,11.6,14.00,3.21,3.9,2.31,432.40,336.00,,
2024/01/09,55,GBBL,60.39,379.0,394.0,373.0,389.0,389.00,0.0,0.0,384.62,"91,840.00",372.90,"35,323,489.00",474,16.1,21.0,4.32,5.63,1.13,432.40,336.00,,
2024/01/10,55,GBBL,60.54,396.7,396.7,383.0,384.0,384.00,0.0,0.0,390.08,"61,475.00",389.00,"23,980,142.60",442,-5.0,13.70,-1.29,3.58,-1.58,432.40,336.00,,
2024/01/11,57,GBBL,55.07,384.0,384.0,377.5,379.0,379.00,0.0,0.0,379.07,"23,799.00",384.00,"9,021,491.80",191,-5.00,6.5,-1.3,1.72,-0.02,432.40,336.00,,
2024/01/14,55,GBBL,57.07,384.9,390.0,380.0,386.0,386.00,0.0,0.0,385.03,"31,497.00",379.00,"12,127,422.20",232,7.0,10.0,1.85,2.63,0.25,432.40,336.00,,
2024/01/16,57,GBBL,65.8,392.0,401.9,388.7,397.0,397.00,0.0,0.0,397.00,"85,435.00",386.00,"33,917,747.90",417,11.0,13.2,2.85,3.4,0.0,432.40,336.00,,
2023/11/27,54,GBBL,49.48,384.9,385.0,379.0,379.0,379.00,0.0,0.0,381.91,"16,163.00",380.20,"6,172,816.10",127,-1.20,6.00,-0.32,1.58,-0.77,419.00,330.00,,
2023/11/28,52,GBBL,44.16,376.0,381.0,376.0,376.1,376.10,0.0,0.0,376.76,"8,756.00",379.00,"3,298,952.40",88,-2.9,5.0,-0.77,1.33,-0.18,419.00,330.00,,
2023/11/29,54,GBBL,37.99,378.0,378.0,365.2,366.0,366.00,0.0,0.0,369.84,"24,048.00",376.10,"8,893,823.60",140,-10.10,12.80,-2.69,3.5,-1.05,419.00,330.00,,
2023/11/30,52,GBBL,34.55,365.0,370.0,364.1,370.0,370.00,0.0,0.0,366.46,"14,068.00",366.00,"5,155,385.70",115,4.0,5.90,1.09,1.62,0.96,419.00,330.00,,
2023/12/03,50,GBBL,40.86,372.9,373.0,365.0,365.2,365.20,0.0,0.0,368.46,"24,136.00",370.00,"8,893,223.90",126,-4.8,8.0,-1.3,2.19,-0.89,419.00,330.00,,
2023/12/04,56,GBBL,36.25,365.0,371.0,365.0,368.0,368.00,0.0,0.0,367.57,"14,046.00",365.20,"5,162,876.70",110,2.8,6.0,0.77,1.64,0.12,419.00,330.00,,
2023/12/05,56,GBBL,47.73,369.8,372.0,366.1,366.1,366.10,0.0,0.0,367.26,"12,451.00",368.00,"4,572,734.30",83,-1.90,5.90,-0.52,1.61,-0.32,419.00,330.00,,
2023/12/06,53,GBBL,28.67,368.0,368.9,361.2,365.5,365.50,0.0,0.0,365.18,"3,090.00",366.10,"1,128,410.80",40,-0.6,7.70,-0.16,2.13,0.09,419.00,330.00,,
2023/12/07,55,GBBL,49.68,363.5,371.7,363.5,370.0,370.00,0.0,0.0,368.46,"9,559.00",365.50,"3,522,145.10",83,4.5,8.20,1.23,2.26,0.42,419.00,330.00,,
2023/12/10,45,GBBL,55.27,372.0,398.0,363.0,396.9,396.90,0.0,0.0,368.61,"17,584.00",370.00,"6,481,580.00",30,26.90,35.0,7.27,9.64,7.13,419.00,330.00,,
2023/12/11,56,GBBL,57.2,404.8,405.0,383.0,386.1,386.10,0.0,0.0,390.73,"49,030.00",396.90,"19,157,518.70",319,-10.8,22.0,-2.72,5.74,-1.2,419.00,330.00,,
2023/12/12,57,GBBL,61.26,386.1,392.0,386.1,390.0,390.00,0.0,0.0,388.97,"40,654.00",386.10,"15,813,273.80",209,3.90,5.90,1.01,1.53,0.26,419.00,330.00,,
2023/12/13,58,GBBL,60.46,387.0,401.5,386.4,391.5,391.50,0.0,0.0,395.18,"58,459.00",390.00,"23,101,746.50",265,1.5,15.1,0.38,3.91,-0.94,419.00,330.00,,
2023/12/14,57,GBBL,50.37,387.0,400.9,384.0,395.2,395.20,0.0,0.0,397.25,"74,599.00",391.50,"29,634,808.50",222,3.7,16.9,0.95,4.4,-0.52,419.00,330.00,,
2023/12/17,56,GBBL,56.95,390.0,402.0,386.0,401.0,401.00,0.0,0.0,397.31,"54,037.00",395.20,"21,469,461.80",275,5.8,16.00,1.47,4.15,0.92,419.00,330.00,,
2023/12/18,56,GBBL,62.26,409.0,415.9,404.5,410.0,410.00,0.0,0.0,410.92,"160,566.00",401.00,"65,980,087.20",637,9.00,11.40,2.24,2.82,-0.22,419.00,330.00,,
2023/10/18,53,GBBL,49.67,366.5,373.0,365.0,372.0,372.00,0.0,0.0,368.58,"15,413.00",365.00,"5,680,987.50",119,7.0,8.0,1.92,2.19,0.92,419.00,330.00,,
2023/10/19,54,GBBL,46.69,371.0,377.0,370.0,374.0,374.00,0.0,0.0,374.47,"12,484.00",372.00,"4,674,827.10",79,2.0,7.0,0.54,1.89,-0.12,419.00,330.00,,
2023/10/29,53,GBBL,45.78,380.0,380.0,367.0,370.0,370.00,0.0,0.0,371.54,"11,682.00",374.00,"4,340,388.10",97,-4.0,13.0,-1.07,3.54,-0.42,419.00,330.00,,
2023/10/30,54,GBBL,44.21,363.1,372.0,363.0,370.0,370.00,0.0,0.0,368.35,"8,922.00",370.00,"3,286,374.40",91,0.0,9.0,0.0,2.48,0.45,419.00,330.00,,
2023/10/31,54,GBBL,36.94,371.0,373.0,369.0,370.0,370.00,0.0,0.0,370.45,"6,404.00",370.00,"2,372,365.60",73,0.0,4.0,0.0,1.08,-0.12,419.00,330.00,,
2023/11/01,55,GBBL,39.98,368.0,372.0,367.7,369.8,369.80,0.0,0.0,368.47,"14,392.00",370.00,"5,303,079.20",136,-0.2,4.3,-0.05,1.17,0.36,419.00,330.00,,
2023/11/02,53,GBBL,39.58,365.5,370.0,364.0,365.0,365.00,0.0,0.0,365.89,"13,477.00",369.80,"4,931,076.50",126,-4.8,6.0,-1.3,1.65,-0.24,419.00,330.00,,
2023/11/05,54,GBBL,34.36,360.0,363.9,356.3,357.9,357.90,0.0,0.0,358.70,"16,615.00",365.00,"5,959,734.00",158,-7.1,7.6,-1.95,2.13,-0.22,419.00,330.00,,
2023/11/06,50,GBBL,33.68,362.0,363.0,357.0,358.5,358.50,0.0,0.0,360.07,"11,162.00",357.90,"4,019,076.10",147,0.6,6.0,0.17,1.68,-0.44,419.00,330.00,,
2023/11/07,51,GBBL,39.38,362.0,362.0,358.5,362.0,362.00,0.0,0.0,359.97,"17,441.00",358.50,"6,278,273.00",103,3.5,3.5,0.98,0.98,0.56,419.00,330.00,,
2023/11/08,53,GBBL,38.61,366.9,366.9,358.0,362.1,362.10,0.0,0.0,361.72,"6,094.00",362.00,"2,204,347.50",54,0.10,8.9,0.03,2.49,0.1,419.00,330.00,,
2023/11/09,52,GBBL,42.17,360.0,363.0,358.0,362.0,362.00,0.0,0.0,361.51,"5,597.00",362.10,"2,023,368.00",51,-0.1,5.0,-0.03,1.4,0.14,419.00,330.00,,
2023/11/20,53,GBBL,49.8,367.7,374.0,367.6,368.0,368.00,0.0,0.0,369.82,"16,356.00",362.00,"6,048,816.50",111,6.00,6.40,1.66,1.74,-0.5,419.00,330.00,,
2023/11/21,52,GBBL,43.47,372.0,372.0,363.0,371.8,371.80,0.0,0.0,365.57,"6,713.00",368.00,"2,454,046.60",78,3.8,9.00,1.03,2.48,1.68,419.00,330.00,,
2023/11/22,53,GBBL,44.52,372.7,372.7,366.1,369.0,369.00,0.0,0.0,369.95,"4,210.00",371.80,"1,557,478.90",45,-2.8,6.60,-0.75,1.8,-0.26,419.00,330.00,,
2023/11/23,54,GBBL,51.54,369.1,372.2,366.0,372.0,372.00,0.0,0.0,369.79,"19,142.00",369.00,"7,078,534.60",103,3.0,6.2,0.81,1.69,0.59,419.00,330.00,,
2023/09/21,51,GBBL,61.92,382.0,398.0,382.0,398.0,398.00,0.0,0.0,389.85,"45,567.00",379.00,"17,764,147.00",274,19.00,16.00,5.01,4.19,2.05,419.00,330.00,,
2023/09/24,55,GBBL,55.56,391.0,396.0,387.0,388.0,388.00,0.0,0.0,389.89,"22,584.00",398.00,"8,805,224.00",235,-10.00,9.00,-2.51,2.33,-0.49,419.00,330.00,,
2023/09/25,50,GBBL,54.97,386.0,389.0,383.2,386.0,386.00,0.0,0.0,386.25,"21,354.00",388.00,"8,247,899.40",158,-2.0,5.8,-0.52,1.51,-0.06,419.00,330.00,,
2023/09/26,52,GBBL,60.55,393.5,393.5,386.0,388.9,388.90,0.0,0.0,389.06,"26,696.00",386.00,"10,386,330.70",162,2.9,7.50,0.75,1.94,-0.04,419.00,330.00,,
2023/09/27,51,GBBL,39.49,387.0,387.0,382.1,383.5,383.50,0.0,0.0,384.16,"16,253.00",388.90,"6,243,788.20",140,-5.4,4.9,-1.39,1.28,-0.17,419.00,330.00,,
2023/10/01,50,GBBL,40.43,378.2,382.9,378.0,380.0,380.00,0.0,0.0,379.76,"29,986.00",383.50,"11,387,391.50",191,-3.5,4.9,-0.91,1.3,0.06,419.00,330.00,,
2023/10/02,53,GBBL,51.35,377.0,389.9,377.0,389.5,389.50,0.0,0.0,383.34,"16,781.00",380.00,"6,432,750.90",147,9.5,12.9,2.5,3.42,1.58,419.00,330.00,,
2023/10/03,49,GBBL,37.5,389.5,389.5,380.0,382.0,382.00,0.0,0.0,382.85,"14,880.00",389.50,"5,696,864.20",119,-7.5,9.5,-1.93,2.5,-0.22,419.00,330.00,,
2023/10/04,53,GBBL,42.12,382.0,387.0,378.0,384.0,384.00,0.0,0.0,384.77,"15,547.00",382.00,"5,981,961.00",115,2.0,9.0,0.52,2.38,-0.2,419.00,330.00,,
2023/10/05,50,GBBL,39.92,387.0,387.0,381.0,382.0,382.00,0.0,0.0,382.52,"8,227.00",384.00,"3,147,016.90",67,-2.0,6.0,-0.52,1.57,-0.14,419.00,330.00,,
2023/10/08,54,GBBL,34.93,379.0,380.0,374.0,374.0,374.00,0.0,0.0,376.70,"28,709.00",382.00,"10,814,685.50",188,-8.0,6.0,-2.09,1.6,-0.72,419.00,330.00,,
2023/10/09,51,GBBL,33.64,375.0,377.0,370.3,372.5,372.50,0.0,0.0,373.08,"16,048.00",374.00,"5,987,147.60",150,-1.5,6.7,-0.4,1.81,-0.16,419.00,330.00,,
2023/10/10,51,GBBL,32.42,373.0,373.0,366.4,367.0,367.00,0.0,0.0,369.41,"23,160.00",372.50,"8,555,641.90",164,-5.5,6.6,-1.48,1.8,-0.66,419.00,330.00,,
2023/10/11,54,GBBL,35.16,366.0,370.8,366.0,368.1,368.10,0.0,0.0,369.12,"19,996.00",367.00,"7,380,886.60",125,1.1,4.8,0.3,1.31,-0.28,419.00,330.00,,
2023/10/12,54,GBBL,34.65,371.0,371.0,364.0,364.5,364.50,0.0,0.0,365.82,"25,317.00",368.10,"9,261,359.10",196,-3.6,7.00,-0.98,1.92,-0.36,419.00,330.00,,
2023/10/16,54,GBBL,27.22,365.0,368.0,361.3,361.3,361.30,0.0,0.0,363.72,"8,583.00",364.50,"3,121,810.50",105,-3.2,6.70,-0.88,1.85,-0.67,419.00,330.00,,
2023/08/23,51,GBBL,51.43,380.0,386.0,380.0,385.9,385.90,0.0,0.0,384.64,"23,622.00",379.90,"9,085,896.70",204,6.0,6.0,1.58,1.58,0.33,419.00,330.00,,
2023/08/24,51,GBBL,46.93,381.0,387.9,375.1,376.0,376.00,0.0,0.0,382.00,"30,950.00",385.90,"11,822,820.20",253,-9.9,12.8,-2.57,3.41,-1.6,419.00,330.00,,
2023/08/27,50,GBBL,40.4,379.0,379.0,375.0,376.5,376.50,0.0,0.0,375.64,"14,863.00",376.00,"5,583,100.20",159,0.5,4.00,0.13,1.07,0.23,419.00,330.00,,
2023/08/28,50,GBBL,48.53,375.0,385.0,373.0,383.0,383.00,0.0,0.0,379.53,"21,682.00",376.50,"8,228,927.20",156,6.5,12.0,1.73,3.22,0.91,419.00,330.00,,
2023/08/29,51,GBBL,29.88,382.9,383.0,377.5,379.0,379.00,0.0,0.0,379.17,"8,594.00",383.00,"3,258,584.60",77,-4.0,5.5,-1.04,1.46,-0.04,419.00,330.00,,
2023/08/30,52,GBBL,46.27,384.0,384.0,375.2,375.6,375.60,0.0,0.0,378.19,"20,127.00",379.00,"7,611,845.90",152,-3.4,8.8,-0.9,2.35,-0.69,419.00,330.00,,
2023/09/03,51,GBBL,35.39,373.0,376.0,370.0,371.0,371.00,0.0,0.0,372.03,"18,626.00",375.60,"6,929,432.40",155,-4.6,6.0,-1.22,1.62,-0.28,419.00,330.00,,
2023/09/04,48,GBBL,31.24,375.0,377.5,369.6,372.5,372.50,0.0,0.0,373.59,"15,269.00",371.00,"5,704,398.20",102,1.5,7.9,0.4,2.14,-0.29,419.00,330.00,,
2023/09/05,50,GBBL,30.09,372.5,375.0,371.2,371.6,371.60,0.0,0.0,372.35,"7,640.00",372.50,"2,844,765.40",84,-0.9,3.8,-0.24,1.02,-0.2,419.00,330.00,,
2023/09/07,52,GBBL,32.47,370.0,371.0,367.0,369.0,369.00,0.0,0.0,368.81,"17,344.00",371.60,"6,396,624.90",128,-2.6,4.0,-0.7,1.09,0.05,419.00,330.00,,
2023/09/10,51,GBBL,40.44,371.0,374.0,368.0,371.0,371.00,0.0,0.0,370.54,"9,522.00",369.00,"3,528,236.40",108,2.0,6.0,0.54,1.63,0.13,419.00,330.00,,
2023/09/11,51,GBBL,50.4,372.0,378.0,370.0,378.0,378.00,0.0,0.0,374.98,"13,127.00",371.00,"4,922,307.20",122,7.0,8.0,1.89,2.16,0.8,419.00,330.00,,
2023/09/12,52,GBBL,43.38,378.0,378.0,373.0,376.0,376.00,0.0,0.0,375.22,"5,603.00",378.00,"2,102,362.40",77,-2.0,5.0,-0.53,1.34,0.21,419.00,330.00,,
2023/09/13,50,GBBL,53.22,380.0,383.5,376.0,382.0,382.00,0.0,0.0,380.87,"23,788.00",376.00,"9,060,095.50",134,6.0,7.5,1.6,1.99,0.3,419.00,330.00,,
2023/09/17,53,GBBL,48.62,381.0,381.0,375.3,375.3,375.30,0.0,0.0,377.16,"13,542.00",382.00,"5,107,513.10",132,-6.7,5.7,-1.75,1.52,-0.5,419.00,330.00,,
2023/09/18,51,GBBL,36.83,371.0,381.0,370.0,375.9,375.90,0.0,0.0,373.02,"7,894.00",375.30,"2,944,607.20",73,0.6,11.0,0.16,2.97,0.77,419.00,330.00,,
2023/07/31,48,GBBL,39.6,385.0,390.0,383.0,384.3,384.30,0.0,0.0,386.30,"37,175.00",385.00,"14,360,638.00",241,-0.7,7.0,-0.18,1.83,-0.52,435.40,330.00,,
2023/08/01,47,GBBL,33.51,389.0,389.9,376.0,379.9,379.90,0.0,0.0,381.48,"20,825.00",384.30,"7,944,258.60",221,-4.40,13.90,-1.14,3.7,-0.42,427.00,330.00,,
2023/08/02,47,GBBL,34.29,379.0,381.9,377.0,381.0,381.00,0.0,0.0,379.27,"22,704.00",379.90,"8,610,833.90",181,1.1,4.90,0.29,1.3,0.46,427.00,330.00,,
2023/08/03,46,GBBL,38.11,388.6,393.0,381.0,384.0,384.00,0.0,0.0,384.74,"33,142.00",381.00,"12,751,191.00",177,3.0,12.0,0.79,3.15,-0.19,427.00,330.00,,
2023/08/06,48,GBBL,34.16,391.6,393.0,380.2,382.0,382.00,0.0,0.0,384.34,"33,225.00",384.00,"12,769,795.90",216,-2.0,12.80,-0.52,3.37,-0.61,419.00,330.00,,
2023/08/07,47,GBBL,45.43,378.1,388.9,378.0,384.4,384.40,0.0,0.0,384.76,"19,715.00",382.00,"7,585,577.60",183,2.4,10.90,0.63,2.88,-0.09,419.00,330.00,,
2023/08/08,47,GBBL,40.12,385.0,388.6,376.8,379.9,379.90,0.0,0.0,380.79,"22,404.00",384.40,"8,531,308.00",185,-4.5,11.80,-1.17,3.13,-0.24,419.00,330.00,,
2023/08/09,49,GBBL,52.0,378.0,385.0,376.0,385.0,385.00,0.0,0.0,379.92,"26,863.00",379.90,"10,205,841.20",204,5.1,9.00,1.34,2.39,1.32,419.00,330.00,,
2023/08/10,51,GBBL,49.67,386.1,390.9,385.0,385.0,385.00,0.0,0.0,387.07,"18,364.00",385.00,"7,108,138.70",180,0.0,5.9,0.0,1.53,-0.54,419.00,330.00,,
2023/08/13,47,GBBL,52.27,390.0,390.0,385.0,389.5,389.50,0.0,0.0,388.08,"25,373.00",385.00,"9,846,668.10",218,4.50,5.00,1.17,1.3,0.37,419.00,330.00,,
2023/08/14,51,GBBL,50.91,390.0,393.0,388.0,388.1,388.10,0.0,0.0,389.94,"20,156.00",389.50,"7,859,589.30",175,-1.4,5.0,-0.36,1.29,-0.47,419.00,330.00,,
2023/08/15,50,GBBL,43.59,386.0,389.0,380.0,381.0,381.00,0.0,0.0,383.68,"39,218.00",388.10,"15,047,230.60",219,-7.1,9.00,-1.83,2.37,-0.70,419.00,330.00,,
2023/08/16,50,GBBL,42.2,378.0,380.9,376.5,380.0,380.00,0.0,0.0,378.14,"25,356.00",381.00,"9,588,105.00",229,-1.0,4.40,-0.26,1.17,0.49,419.00,330.00,,
2023/08/17,51,GBBL,38.34,386.0,386.0,377.0,380.0,380.00,0.0,0.0,380.38,"28,736.00",380.00,"10,930,591.70",170,0.0,9.00,0.0,2.39,-0.1,419.00,330.00,,
2023/08/20,51,GBBL,40.05,380.0,381.5,375.2,376.0,376.00,0.0,0.0,377.51,"21,026.00",380.00,"7,937,566.90",146,-4.0,6.30,-1.05,1.68,-0.4,419.00,330.00,,
2023/08/21,50,GBBL,41.72,376.0,380.0,375.0,377.0,377.00,0.0,0.0,377.53,"19,330.00",376.00,"7,297,659.50",158,1.0,5.0,0.27,1.33,-0.14,419.00,330.00,,
2023/07/06,57,GBBL,35.77,426.0,432.0,425.1,427.0,427.00,0.0,0.0,426.91,"33,594.00",427.00,"14,341,700.50",114,0.0,6.9,0.0,1.62,0.02,498.00,378.70,410.89,407.35
2023/07/09,51,GBBL,41.0,375.0,377.4,370.0,372.0,372.00,0.0,0.0,372.75,"36,267.00",370.00,"13,518,480.60",277,2.0,7.4,0.54,2.0,-0.2,435.40,330.00,,
2023/07/10,53,GBBL,45.51,379.4,380.0,375.3,375.4,375.40,0.0,0.0,377.10,"49,823.00",372.00,"18,788,363.90",246,3.40,4.70,0.91,1.25,-0.45,435.40,330.00,,
2023/07/11,53,GBBL,55.1,376.3,392.2,375.0,386.1,386.10,0.0,0.0,385.74,"65,612.00",375.40,"25,309,262.10",336,10.7,17.20,2.85,4.59,0.09,435.40,330.00,,
2023/07/12,53,GBBL,53.2,392.5,393.0,387.0,388.6,388.60,0.0,0.0,390.94,"36,658.00",386.10,"14,330,996.90",317,2.5,6.0,0.65,1.55,-0.6,435.40,330.00,,
2023/07/13,53,GBBL,52.98,395.0,395.0,384.0,384.3,384.30,0.0,0.0,388.55,"33,617.00",388.60,"13,061,775.00",293,-4.3,11.00,-1.11,2.86,-1.11,435.40,330.00,,
2023/07/16,52,GBBL,53.8,380.1,405.0,377.0,405.0,405.00,0.0,0.0,383.41,"37,087.00",384.30,"14,219,488.50",232,20.70,28.00,5.39,7.43,5.33,435.40,330.00,,
2023/07/17,47,GBBL,58.59,407.0,407.0,391.0,406.8,406.80,0.0,0.0,400.49,"68,270.00",405.00,"27,341,516.20",558,1.8,16.00,0.44,4.09,1.55,435.40,330.00,,
2023/07/18,47,GBBL,57.02,409.0,413.9,401.0,401.0,401.00,0.0,0.0,405.72,"56,335.00",406.80,"22,856,177.10",415,-5.80,12.90,-1.43,3.22,-1.18,435.40,330.00,,
2023/07/19,49,GBBL,58.06,400.1,404.0,397.0,402.0,402.00,0.0,0.0,400.56,"48,244.00",401.00,"19,324,810.00",311,1.0,7.00,0.25,1.76,0.36,435.40,330.00,,
2023/07/20,50,GBBL,40.11,402.0,405.0,399.2,399.2,399.20,0.0,0.0,401.78,"35,294.00",402.00,"14,180,325.70",256,-2.80,5.80,-0.7,1.45,-0.65,435.40,330.00,,
2023/07/23,49,GBBL,55.15,405.0,417.0,401.0,416.0,416.00,0.0,0.0,410.06,"86,764.00",399.20,"35,578,818.30",598,16.8,16.00,4.21,3.99,1.43,435.40,330.00,,
2023/07/24,48,GBBL,49.45,419.0,419.0,400.0,400.1,400.10,0.0,0.0,406.54,"81,214.00",416.00,"33,016,920.20",551,-15.9,19.00,-3.82,4.75,-1.61,435.40,330.00,,
2023/07/25,49,GBBL,40.58,400.0,402.0,391.0,392.7,392.70,0.0,0.0,394.64,"43,713.00",400.10,"17,250,683.40",346,-7.40,11.00,-1.85,2.81,-0.49,435.40,330.00,,
2023/07/26,48,GBBL,42.96,395.0,400.0,384.0,390.0,390.00,0.0,0.0,390.43,"84,977.00",392.70,"33,177,630.20",369,-2.70,16.00,-0.69,4.17,-0.11,435.40,330.00,,
2023/07/27,50,GBBL,38.08,390.4,396.9,387.0,387.9,387.90,0.0,0.0,390.84,"28,431.00",390.00,"11,111,947.80",245,-2.1,9.90,-0.54,2.56,-0.76,435.40,330.00,,
2023/06/12,52,GBBL,59.82,373.9,374.9,365.1,368.0,368.00,0.0,0.0,370.41,"52,061.00",367.00,"19,283,726.20",351,1.00,9.80,0.27,2.68,-0.65,435.40,318.00,,
2023/06/13,53,GBBL,58.48,372.0,379.0,365.2,375.0,375.00,0.0,0.0,374.38,"45,941.00",368.00,"17,199,448.70",309,7.00,13.80,1.9,3.78,0.17,435.40,318.00,,
2023/06/14,53,GBBL,59.19,378.8,382.5,365.6,372.0,372.00,0.0,0.0,376.31,"74,084.00",375.00,"27,878,581.60",448,-3.00,16.90,-0.8,4.62,-1.16,435.40,318.00,,
2023/06/15,50,GBBL,46.45,368.0,375.0,365.0,372.1,372.10,0.0,0.0,369.96,"26,583.00",372.00,"9,834,651.80",227,0.1,10.00,0.03,2.74,0.58,435.40,318.00,,
2023/06/18,52,GBBL,53.28,372.0,382.0,372.0,378.0,378.00,0.0,0.0,377.95,"26,078.00",372.10,"9,856,258.70",205,5.9,10.00,1.59,2.69,0.01,435.40,318.00,,
2023/06/19,52,GBBL,56.98,380.1,391.0,378.0,388.9,388.90,0.0,0.0,386.84,"82,865.00",378.00,"32,055,810.00",504,10.90,13.00,2.88,3.44,0.53,435.40,318.00,,
2023/06/20,50,GBBL,55.18,396.5,402.0,371.0,380.1,380.10,0.0,0.0,391.27,"92,215.00",388.90,"36,080,808.00",589,-8.8,31.0,-2.26,8.36,-2.94,435.40,318.00,,
2023/06/21,57,GBBL,35.77,426.0,432.0,425.1,427.0,427.00,0.0,0.0,426.91,"33,594.00",427.00,"14,341,700.50",114,0.0,6.9,0.0,1.62,0.02,498.00,378.70,410.89,407.35
2023/06/22,57,GBBL,35.77,426.0,432.0,425.1,427.0,427.00,0.0,0.0,426.91,"33,594.00",427.00,"14,341,700.50",114,0.0,6.9,0.0,1.62,0.02,498.00,378.70,410.89,407.35
2023/06/25,50,GBBL,50.15,375.0,394.0,370.0,388.0,388.00,0.0,0.0,386.29,"56,040.00",371.20,"21,647,533.50",426,16.80,24.00,4.53,6.49,0.44,435.40,330.00,,
2023/06/26,53,GBBL,52.16,395.5,400.0,387.0,387.0,387.00,0.0,0.0,391.89,"53,966.00",388.00,"21,148,902.30",450,-1.0,13.0,-0.26,3.36,-1.26,435.40,330.00,,
2023/06/27,52,GBBL,57.61,390.0,397.8,390.0,395.0,395.00,0.0,0.0,392.49,"82,758.00",387.00,"32,481,826.20",424,8.00,7.80,2.07,2.0,0.64,435.40,330.00,,
2023/06/28,52,GBBL,50.47,395.0,399.8,384.0,385.0,385.00,0.0,0.0,388.01,"51,951.00",395.00,"20,157,295.50",335,-10.0,15.8,-2.53,4.11,-0.78,435.40,330.00,,
2023/07/02,52,GBBL,40.19,381.0,387.5,375.0,375.0,375.00,0.0,0.0,380.90,"39,347.00",385.00,"14,987,421.20",306,-10.0,12.5,-2.6,3.33,-1.57,435.40,330.00,,
2023/07/03,51,GBBL,38.94,370.0,381.0,369.0,372.7,372.70,0.0,0.0,375.65,"33,798.00",375.00,"12,696,200.00",250,-2.3,12.0,-0.61,3.25,-0.79,435.40,330.00,,
2023/07/04,51,GBBL,39.46,373.0,375.0,370.0,374.0,374.00,0.0,0.0,372.58,"24,161.00",372.70,"9,001,790.50",167,1.30,5.0,0.35,1.35,0.38,435.40,330.00,,
2023/05/16,50,GBBL,29.64,338.0,345.0,337.0,340.5,340.50,0.0,0.0,340.34,"8,100.00",340.00,"2,756,734.90",109,0.5,8.0,0.15,2.37,0.05,435.40,318.00,,
2023/05/17,47,GBBL,37.53,343.9,351.0,340.0,347.0,347.00,0.0,0.0,346.81,"13,005.00",340.50,"4,510,284.70",116,6.5,11.0,1.91,3.24,0.05,435.40,318.00,,
2023/05/18,47,GBBL,50.89,353.0,356.9,347.0,352.0,352.00,0.0,0.0,352.80,"20,853.00",347.00,"7,356,963.90",167,5.0,9.9,1.44,2.85,-0.23,435.40,318.00,,
2023/05/21,53,GBBL,47.1,352.0,358.0,351.2,351.4,351.40,0.0,0.0,353.17,"13,648.00",352.00,"4,820,122.80",132,-0.60,6.80,-0.17,1.94,-0.5,435.40,318.00,,
2023/05/22,51,GBBL,46.55,345.1,354.9,345.0,352.5,352.50,0.0,0.0,350.54,"10,116.00",351.40,"3,546,018.30",105,1.10,9.90,0.31,2.87,0.56,435.40,318.00,,
2023/05/23,49,GBBL,54.99,356.0,360.8,353.0,360.0,360.00,0.0,0.0,358.56,"27,038.00",352.50,"9,694,657.80",218,7.50,7.80,2.13,2.21,0.4,435.40,318.00,,
2023/05/24,49,GBBL,55.23,361.0,365.0,357.0,364.0,364.00,0.0,0.0,361.50,"24,581.00",360.00,"8,885,944.70",178,4.00,8.00,1.11,2.24,0.69,435.40,318.00,,
2023/05/28,49,GBBL,56.81,363.2,368.0,353.3,354.0,354.00,0.0,0.0,361.46,"27,672.00",364.00,"10,002,235.10",205,-10.00,14.70,-2.75,4.16,-2.11,435.40,318.00,,
2023/05/30,51,GBBL,45.07,353.0,353.0,347.0,349.5,349.50,0.0,0.0,349.02,"15,665.00",354.00,"5,467,398.30",183,-4.5,6.00,-1.27,1.73,0.14,435.40,318.00,,
2023/05/31,48,GBBL,37.72,344.1,350.9,341.0,343.8,343.80,0.0,0.0,344.16,"27,115.00",349.50,"9,331,784.60",196,-5.70,9.90,-1.63,2.9,-0.1,435.40,318.00,,
2023/06/01,49,GBBL,38.15,344.0,347.0,340.0,345.0,345.00,0.0,0.0,343.88,"24,619.00",343.80,"8,466,087.30",175,1.2,7.00,0.35,2.06,0.32,435.40,318.00,,
2023/06/04,48,GBBL,47.63,345.0,360.0,345.0,353.0,353.00,0.0,0.0,352.42,"19,752.00",345.00,"6,961,052.30",143,8.00,15.0,2.32,4.35,0.16,435.40,318.00,,
2023/06/05,49,GBBL,48.92,355.1,356.9,346.1,349.1,349.10,0.0,0.0,351.53,"22,085.00",353.00,"7,763,628.60",162,-3.9,10.80,-1.1,3.12,-0.7,435.40,318.00,,
2023/06/06,49,GBBL,51.57,350.0,355.0,346.0,352.0,352.00,0.0,0.0,351.27,"15,036.00",349.10,"5,281,664.10",113,2.9,9.00,0.83,2.6,0.21,435.40,318.00,,
2023/06/07,46,GBBL,52.13,354.0,358.9,352.0,355.0,355.00,0.0,0.0,354.18,"23,814.00",352.00,"8,434,359.50",160,3.0,6.9,0.85,1.96,0.23,435.40,318.00,,
2023/06/08,51,GBBL,43.02,358.9,359.0,351.9,354.1,354.10,0.0,0.0,355.18,"17,547.00",355.00,"6,232,384.60",111,-0.9,7.1,-0.25,2.02,-0.31,435.40,318.00,,
2023/04/20,47,GBBL,29.42,357.0,363.0,355.0,357.0,357.00,0.0,0.0,360.03,"8,899.00",361.20,"3,203,934.50",83,-4.2,8.00,-1.16,2.25,-0.85,442.00,318.00,,
2023/04/23,47,GBBL,34.52,350.6,356.9,350.6,356.9,356.90,0.0,0.0,353.73,"7,557.00",357.00,"2,673,103.50",72,-0.1,6.3,-0.03,1.8,0.89,442.00,318.00,,
2023/04/24,48,GBBL,29.43,352.0,360.0,352.0,358.5,358.50,0.0,0.0,357.25,"19,841.00",356.90,"7,088,099.10",75,1.6,8.0,0.45,2.27,0.35,442.00,318.00,,
2023/04/25,45,GBBL,43.25,352.2,367.0,352.2,367.0,367.00,0.0,0.0,359.92,"16,826.00",358.50,"6,055,981.80",96,8.5,14.8,2.37,4.2,1.93,442.00,318.00,,
2023/04/26,46,GBBL,46.55,365.0,366.0,357.0,363.0,363.00,0.0,0.0,361.23,"14,513.00",367.00,"5,242,570.60",78,-4.0,9.0,-1.09,2.52,0.49,440.00,318.00,,
2023/04/27,48,GBBL,40.14,360.0,363.0,357.1,361.0,361.00,0.0,0.0,361.10,"7,424.00",363.00,"2,680,775.70",63,-2.00,5.9,-0.55,1.65,-0.03,440.00,318.00,,
2023/04/30,50,GBBL,27.06,358.0,358.0,351.0,353.0,353.00,0.0,0.0,353.60,"15,180.00",361.00,"5,367,703.90",202,-8.0,7.0,-2.22,1.99,-0.17,440.00,318.00,,
2023/05/02,50,GBBL,28.1,354.0,356.8,352.0,356.8,356.80,0.0,0.0,353.90,"11,436.00",353.00,"4,047,143.40",114,3.8,4.8,1.08,1.36,0.81,440.00,318.00,,
2023/05/03,48,GBBL,26.38,354.0,359.0,352.0,353.0,353.00,0.0,0.0,353.05,"13,369.00",356.80,"4,719,965.30",125,-3.8,7.0,-1.07,1.99,-0.02,440.00,318.00,,
2023/05/04,51,GBBL,30.04,353.0,356.0,347.0,355.0,355.00,0.0,0.0,350.66,"18,730.00",353.00,"6,567,788.00",155,2.0,9.0,0.57,2.59,1.22,440.00,318.00,,
2023/05/07,49,GBBL,24.24,348.0,357.0,348.0,350.0,350.00,0.0,0.0,350.09,"10,493.00",355.00,"3,673,477.30",104,-5.0,9.0,-1.41,2.59,-0.03,440.00,318.00,,
2023/05/08,51,GBBL,24.2,344.0,350.0,344.0,350.0,350.00,0.0,0.0,346.99,"9,986.00",350.00,"3,465,064.30",140,0.0,6.00,0.0,1.74,0.86,440.00,318.00,,
2023/05/09,48,GBBL,25.37,350.1,355.0,348.0,350.1,350.10,0.0,0.0,352.09,"9,314.00",350.00,"3,279,333.20",116,0.1,7.0,0.03,2.01,-0.57,440.00,318.00,,
2023/05/10,47,GBBL,25.57,347.1,355.0,347.1,349.0,349.00,0.0,0.0,351.38,"12,960.00",350.10,"4,553,905.90",105,-1.1,7.9,-0.31,2.28,-0.68,440.00,318.00,,
2023/05/11,47,GBBL,35.21,349.0,351.0,348.0,350.0,350.00,0.0,0.0,349.82,"3,821.00",349.00,"1,336,647.50",75,1.0,3.0,0.29,0.86,0.05,440.00,318.00,,
2023/05/14,49,GBBL,35.14,352.0,352.0,336.0,342.0,342.00,0.0,0.0,340.69,"37,567.00",350.00,"12,798,629.90",260,-8.0,16.0,-2.29,4.76,0.38,435.40,318.00,,
2023/06/11,52,GBBL,61.83,361.0,368.0,356.0,367.0,367.00,0.0,0.0,364.80,"61,374.00",354.10,"22,389,156.60",418,12.90,12.00,3.64,3.37,0.6,435.40,318.00,,
2023/07/05,51,GBBL,33.84,381.4,381.4,368.0,369.0,369.00,0.0,0.0,371.73,"19,654.00",374.00,"7,305,948.70",155,-5.0,13.40,-1.34,3.64,-0.74,435.40,330.00,,
2023/07/30,48,GBBL,41.54,393.0,401.8,381.3,385.0,385.00,0.0,0.0,385.84,"37,949.00",387.90,"14,642,203.70",272,-2.9,20.50,-0.75,5.38,-0.22,435.40,330.00,,
2023/08/22,51,GBBL,44.81,382.0,382.0,376.0,379.9,379.90,0.0,0.0,378.64,"18,505.00",377.00,"7,006,783.30",131,2.9,6.0,0.77,1.6,0.33,419.00,330.00,,
2023/09/19,50,GBBL,51.69,376.9,380.0,370.0,379.0,379.00,0.0,0.0,375.16,"13,539.00",375.90,"5,079,241.10",102,3.1,10.0,0.82,2.7,1.01,419.00,330.00,,
2023/10/17,54,GBBL,38.02,363.0,368.5,362.0,365.0,365.00,0.0,0.0,364.83,"10,352.00",361.30,"3,776,744.60",135,3.7,6.5,1.02,1.8,0.05,419.00,330.00,,
2023/11/26,53,GBBL,56.21,370.0,381.4,370.0,380.2,380.20,0.0,0.0,377.43,"23,150.00",372.00,"8,737,478.20",155,8.20,11.40,2.2,3.08,0.73,419.00,330.00,,
2023/12/19,58,GBBL,60.97,415.9,416.0,406.0,415.0,415.00,0.0,0.0,410.31,"49,841.00",410.00,"20,450,030.80",300,5.0,10.00,1.22,2.46,1.13,419.00,330.00,,
2024/01/17,55,GBBL,64.86,401.9,413.0,395.0,396.3,396.30,0.0,0.0,404.85,"162,068.00",397.00,"65,613,920.60",691,-0.7,18.0,-0.18,4.56,-2.16,432.40,336.00,,
2024/02/11,57,GBBL,54.87,382.0,386.0,375.5,382.1,382.10,0.0,0.0,383.29,"32,566.00",380.50,"12,482,138.10",151,1.60,10.50,0.42,2.8,-0.31,432.40,336.00,,
2024/03/06,59,GBBL,51.61,362.6,369.0,360.2,361.2,361.20,0.0,0.0,363.62,"23,145.00",362.60,"8,416,009.00",171,-1.4,8.80,-0.39,2.44,-0.67,432.40,336.00,,
2024/04/02,57,GBBL,36.26,361.6,365.0,361.2,362.0,362.00,0.0,0.0,362.94,"16,140.00",362.60,"5,857,791.30",121,-0.6,3.8,-0.17,1.05,-0.26,432.40,336.00,,
2024/05/02,58,GBBL,57.64,384.0,385.4,370.0,370.1,370.10,0.0,0.0,375.39,"59,231.00",379.80,"22,234,865.50",314,-9.7,15.4,-2.55,4.16,-1.43,432.40,336.00,,
2024/05/29,55,GBBL,40.82,377.2,377.2,364.2,364.2,364.20,0.0,0.0,366.43,"16,295.00",369.90,"5,970,991.00",154,-5.70,13.00,-1.54,3.57,-0.61,432.40,340.00,,
2024/06/24,59,GBBL,52.16,356.0,361.0,356.0,359.0,359.00,0.0,0.0,359.62,"16,771.00",356.00,"6,031,148.90",127,3.0,5.00,0.84,1.4,-0.17,432.40,350.00,,
2023/03/28,48,GBBL,37.5,360.0,363.0,355.1,355.1,355.10,0.0,0.0,359.95,"11,069.00",360.00,"3,984,326.00",102,-4.9,7.9,-1.36,2.22,-1.37,462.00,318.00,,
2023/03/29,47,GBBL,38.96,359.8,359.8,355.1,357.0,357.00,0.0,0.0,356.62,"6,252.00",355.10,"2,229,559.20",45,1.9,4.7,0.54,1.32,0.11,462.00,318.00,,
2023/03/30,46,GBBL,39.6,358.0,360.9,353.0,354.9,354.90,0.0,0.0,355.74,"8,821.00",357.00,"3,137,966.00",99,-2.1,7.9,-0.59,2.24,-0.24,462.00,318.00,,
2023/04/02,57,GBBL,35.77,426.0,432.0,425.1,427.0,427.00,0.0,0.0,426.91,"33,594.00",427.00,"14,341,700.50",114,0.0,6.9,0.0,1.62,0.02,498.00,378.70,410.89,407.35
2023/04/03,47,GBBL,34.05,350.1,354.0,350.0,353.8,353.80,0.0,0.0,352.15,"12,567.00",354.00,"4,425,491.30",93,-0.2,4.0,-0.06,1.14,0.47,447.00,318.00,,
2023/04/04,49,GBBL,29.04,349.5,360.0,349.0,355.0,355.00,0.0,0.0,354.58,"12,434.00",353.80,"4,408,812.40",91,1.2,11.0,0.34,3.15,0.12,447.00,318.00,,
2023/04/05,47,GBBL,29.02,351.0,356.0,350.1,354.9,354.90,0.0,0.0,353.37,"6,582.00",355.00,"2,325,878.60",74,-0.1,5.9,-0.03,1.69,0.43,442.00,318.00,,
2023/04/06,49,GBBL,28.58,354.0,357.8,348.0,349.0,349.00,0.0,0.0,352.04,"19,052.00",354.90,"6,707,058.90",142,-5.9,9.8,-1.66,2.82,-0.87,442.00,318.00,,
2023/04/09,50,GBBL,25.92,343.0,347.9,342.1,344.5,344.50,0.0,0.0,344.37,"10,277.00",349.00,"3,539,079.70",125,-4.5,5.8,-1.29,1.7,0.04,442.00,318.00,,
2023/04/10,48,GBBL,23.87,350.0,351.0,346.0,348.0,348.00,0.0,0.0,349.20,"8,110.00",344.50,"2,832,009.30",70,3.5,5.0,1.02,1.45,-0.34,442.00,318.00,,
2023/04/11,47,GBBL,37.27,353.0,355.0,347.0,355.0,355.00,0.0,0.0,350.51,"24,937.00",348.00,"8,740,781.50",114,7.00,8.00,2.01,2.31,1.26,442.00,318.00,,
2023/04/12,49,GBBL,55.05,355.1,370.0,355.1,370.0,370.00,0.0,0.0,365.44,"29,967.00",355.00,"10,951,082.30",239,15.00,14.90,4.23,4.2,1.23,442.00,318.00,,
2023/04/13,57,GBBL,35.77,426.0,432.0,425.1,427.0,427.00,0.0,0.0,426.91,"33,594.00",427.00,"14,341,700.50",114,0.0,6.9,0.0,1.62,0.02,498.00,378.70,410.89,407.35
2023/04/16,49,GBBL,43.27,360.0,367.0,360.0,363.0,363.00,0.0,0.0,362.34,"6,279.00",365.00,"2,275,126.20",71,-2.0,7.0,-0.55,1.94,0.18,442.00,318.00,,
2023/04/17,45,GBBL,44.0,370.0,370.0,356.0,356.0,356.00,0.0,0.0,359.60,"10,323.00",363.00,"3,712,165.40",84,-7.0,14.0,-1.93,3.93,-1.01,442.00,318.00,,
2023/04/18,49,GBBL,26.73,356.0,360.0,351.0,359.9,359.90,0.0,0.0,355.50,"4,842.00",356.00,"1,721,350.50",67,3.9,9.0,1.1,2.56,1.22,442.00,318.00,,
2023/02/28,47,GBBL,40.9,369.0,369.0,362.0,364.0,364.00,0.0,0.0,363.81,"15,933.00",367.00,"5,796,580.40",92,-3.0,7.0,-0.82,1.93,0.05,582.10,318.00,,
2023/03/01,48,GBBL,29.49,364.0,364.0,352.8,358.0,358.00,0.0,0.0,357.84,"12,805.00",364.00,"4,582,131.50",92,-6.00,11.20,-1.65,3.17,0.04,582.10,318.00,,
2023/03/02,49,GBBL,25.54,356.0,359.0,353.1,358.0,358.00,0.0,0.0,356.34,"18,980.00",358.00,"6,763,345.10",113,0.0,5.9,0.0,1.67,0.46,582.10,318.00,,
2023/03/05,50,GBBL,28.81,358.0,359.0,348.1,348.1,348.10,0.0,0.0,350.57,"23,632.00",358.00,"8,284,769.70",157,-9.9,10.9,-2.77,3.13,-0.71,582.10,318.00,,
2023/03/07,47,GBBL,26.9,355.0,358.0,350.0,350.0,350.00,0.0,0.0,353.13,"17,182.00",348.10,"6,067,463.80",122,1.9,8.0,0.55,2.29,-0.89,582.10,318.00,,
2023/03/09,47,GBBL,43.78,351.0,361.0,351.0,360.0,360.00,0.0,0.0,357.40,"14,069.00",350.00,"5,028,238.30",131,10.0,10.0,2.86,2.85,0.72,582.10,318.00,,
2023/03/12,48,GBBL,32.06,367.0,372.0,355.0,357.0,357.00,0.0,0.0,360.51,"17,417.00",360.00,"6,279,001.90",146,-3.0,17.0,-0.83,4.79,-0.98,582.10,318.00,,
2023/03/13,47,GBBL,38.59,350.0,360.0,349.9,354.0,354.00,0.0,0.0,353.54,"11,965.00",357.00,"4,230,149.50",110,-3.0,10.1,-0.84,2.89,0.13,582.10,318.00,,
2023/03/14,48,GBBL,45.86,361.0,361.0,354.0,356.0,356.00,0.0,0.0,355.14,"28,018.00",354.00,"9,950,392.20",96,2.0,7.0,0.56,1.98,0.24,582.10,318.00,,
2023/03/15,57,GBBL,35.77,426.0,432.0,425.1,427.0,427.00,0.0,0.0,426.91,"33,594.00",427.00,"14,341,700.50",114,0.0,6.9,0.0,1.62,0.02,498.00,378.70,410.89,407.35
2023/03/16,46,GBBL,39.12,347.0,355.0,347.0,354.8,354.80,0.0,0.0,351.98,"11,745.00",353.00,"4,134,020.80",94,1.8,8.0,0.51,2.31,0.79,573.00,318.00,,
2023/03/19,46,GBBL,39.32,361.8,361.8,353.0,355.0,355.00,0.0,0.0,355.15,"11,901.00",354.80,"4,226,692.90",95,0.2,8.8,0.06,2.49,-0.04,490.00,318.00,,
2023/03/20,47,GBBL,40.56,355.0,362.0,355.0,362.0,362.00,0.0,0.0,359.85,"4,998.00",355.00,"1,798,506.20",70,7.0,7.0,1.97,1.97,0.6,490.00,318.00,,
2023/03/22,48,GBBL,40.65,362.0,363.0,357.0,357.1,357.10,0.0,0.0,360.02,"8,413.00",362.00,"3,028,887.00",75,-4.9,6.0,-1.35,1.68,-0.82,490.00,318.00,,
2023/03/23,48,GBBL,38.99,355.0,359.0,355.0,356.0,356.00,0.0,0.0,356.64,"6,922.00",357.10,"2,468,649.60",61,-1.1,4.0,-0.31,1.13,-0.18,489.00,318.00,,
2023/03/26,47,GBBL,28.37,356.0,356.0,351.0,353.1,353.10,0.0,0.0,353.30,"10,537.00",356.00,"3,722,752.30",124,-2.9,5.0,-0.81,1.42,-0.06,466.10,318.00,,
2023/02/01,46,GBBL,35.3,365.0,365.8,359.0,362.7,362.70,0.0,0.0,362.77,"15,991.00",360.00,"5,801,097.90",124,2.7,6.8,0.75,1.89,-0.02,625.00,318.00,,
2023/02/02,48,GBBL,32.04,368.9,368.9,357.0,358.0,358.00,0.0,0.0,359.79,"15,050.00",362.70,"5,414,825.10",163,-4.7,11.9,-1.3,3.33,-0.5,625.00,318.00,,
2023/02/03,57,GBBL,35.77,426.0,432.0,425.1,427.0,427.00,0.0,0.0,426.91,"33,594.00",427.00,"14,341,700.50",114,0.0,6.9,0.0,1.62,0.02,498.00,378.70,410.89,407.35
2023/02/05,51,GBBL,48.84,357.0,365.1,357.0,360.0,360.00,0.0,0.0,360.67,"18,883.00",358.00,"6,810,571.60",171,2.0,8.1,0.56,2.27,-0.19,622.10,318.00,,
2023/02/06,49,GBBL,36.09,355.1,362.0,355.1,360.5,360.50,0.0,0.0,358.95,"15,000.00",360.00,"5,384,322.00",107,0.5,6.9,0.14,1.94,0.43,622.10,318.00,,
2023/02/07,48,GBBL,52.02,358.2,377.0,358.2,377.0,377.00,0.0,0.0,372.01,"49,053.00",360.50,"18,248,229.00",298,16.5,18.8,4.58,5.25,1.32,622.10,318.00,,
2023/02/08,49,GBBL,57.56,381.0,387.0,373.0,375.0,375.00,0.0,0.0,380.39,"64,664.00",377.00,"24,597,774.60",337,-2.0,14.0,-0.53,3.75,-1.44,622.10,318.00,,
2023/02/09,47,GBBL,51.67,379.0,385.0,373.0,383.9,383.90,0.0,0.0,377.08,"31,448.00",375.00,"11,858,465.20",175,8.9,12.0,2.37,3.22,1.78,596.00,318.00,,
2023/02/12,48,GBBL,51.08,380.0,380.0,367.0,368.0,368.00,0.0,0.0,370.91,"44,249.00",383.90,"16,412,584.10",279,-15.9,13.0,-4.14,3.54,-0.79,587.00,318.00,,
2023/02/14,49,GBBL,30.65,365.0,371.0,363.2,365.6,365.60,0.0,0.0,365.67,"18,929.00",368.00,"6,921,711.00",133,-2.40,7.8,-0.65,2.15,-0.02,587.00,318.00,,
2023/02/15,51,GBBL,32.56,369.9,372.0,364.1,365.0,365.00,0.0,0.0,366.12,"15,420.00",365.60,"5,645,504.90",138,-0.60,7.90,-0.16,2.17,-0.31,587.00,318.00,,
2023/02/16,49,GBBL,35.01,370.0,370.0,359.7,361.8,361.80,0.0,0.0,364.08,"30,644.00",365.00,"11,156,759.60",204,-3.20,10.30,-0.88,2.86,-0.63,587.00,318.00,,
2023/02/20,48,GBBL,33.6,360.0,362.0,356.0,356.6,356.60,0.0,0.0,357.99,"14,695.00",361.80,"5,260,641.60",138,-5.2,6.0,-1.44,1.69,-0.39,582.10,318.00,,
2023/02/22,53,GBBL,39.23,363.0,367.0,361.1,363.0,363.00,0.0,0.0,363.37,"14,738.00",356.60,"5,355,337.00",119,6.4,5.9,1.79,1.63,-0.1,582.10,318.00,,
2023/02/23,49,GBBL,40.43,362.5,365.0,356.0,364.0,364.00,0.0,0.0,360.21,"27,727.00",363.00,"9,987,418.70",170,1.0,9.0,0.28,2.53,1.04,582.10,318.00,,
2023/02/26,49,GBBL,48.6,356.8,366.0,349.8,364.9,364.90,0.0,0.0,357.67,"47,117.00",364.00,"16,852,292.30",228,0.9,16.2,0.25,4.63,1.98,582.10,318.00,,
2023/01/03,51,GBBL,59.79,358.1,366.0,351.9,354.0,354.00,0.0,0.0,359.37,"42,901.00",361.00,"15,417,468.20",265,-7.0,14.1,-1.94,4.01,-1.52,625.00,318.00,,
2023/01/04,52,GBBL,59.43,352.0,373.0,352.0,370.0,370.00,0.0,0.0,363.93,"39,269.00",354.00,"14,291,105.50",348,16.0,21.0,4.52,5.97,1.64,625.00,318.00,,
2023/01/05,50,GBBL,63.8,377.0,378.0,364.0,366.0,366.00,0.0,0.0,368.13,"69,767.00",370.00,"25,683,276.10",398,-4.0,14.0,-1.08,3.85,-0.58,625.00,318.00,,
2023/01/08,53,GBBL,61.37,366.0,380.3,363.0,372.0,372.00,0.0,0.0,373.48,"46,820.00",366.00,"17,486,132.10",348,6.00,17.30,1.64,4.77,-0.4,625.00,318.00,,
2023/01/09,50,GBBL,64.37,372.0,387.0,366.0,383.0,383.00,0.0,0.0,381.23,"69,855.00",372.00,"26,631,134.60",399,11.0,21.0,2.96,5.74,0.46,625.00,318.00,,
2023/01/10,49,GBBL,64.53,390.0,400.0,371.1,375.0,375.00,0.0,0.0,387.68,"139,124.00",383.00,"53,935,938.30",736,-8.0,28.9,-2.09,7.79,-3.38,625.00,318.00,,
2023/01/12,49,GBBL,62.08,381.0,392.0,368.0,368.0,368.00,0.0,0.0,379.71,"89,875.00",375.00,"34,126,588.90",531,-7.0,24.0,-1.87,6.52,-3.18,625.00,318.00,,
2023/01/17,49,GBBL,59.83,371.5,383.0,367.0,380.0,380.00,0.0,0.0,377.00,"47,590.00",368.00,"17,941,472.70",358,12.0,16.0,3.26,4.36,0.79,625.00,318.00,,
2023/01/18,49,GBBL,55.45,386.0,394.7,372.6,386.0,386.00,0.0,0.0,385.70,"49,457.00",380.00,"19,075,701.00",357,6.0,22.1,1.58,5.93,0.08,625.00,318.00,,
2023/01/19,48,GBBL,58.35,381.0,390.0,381.0,385.0,385.00,0.0,0.0,385.64,"29,500.00",386.00,"11,376,398.90",204,-1.0,9.0,-0.26,2.36,-0.17,625.00,318.00,,
2023/01/23,50,GBBL,54.87,386.0,388.0,375.2,377.0,377.00,0.0,0.0,382.02,"29,987.00",385.00,"11,455,660.90",215,-8.0,12.8,-2.08,3.41,-1.33,625.00,318.00,,
2023/01/24,49,GBBL,50.03,375.0,384.0,365.0,382.0,382.00,0.0,0.0,372.63,"36,771.00",377.00,"13,701,998.50",241,5.0,19.0,1.33,5.21,2.45,625.00,318.00,,
2023/01/25,48,GBBL,38.25,382.0,388.0,376.0,381.8,381.80,0.0,0.0,383.35,"20,709.00",382.00,"7,938,783.80",162,-0.2,12.0,-0.05,3.19,-0.41,625.00,318.00,,
2023/01/26,46,GBBL,37.52,380.0,382.0,373.0,373.0,373.00,0.0,0.0,376.71,"16,564.00",381.80,"6,239,870.10",170,-8.8,9.0,-2.3,2.41,-1.0,625.00,318.00,,
2023/01/29,49,GBBL,39.02,373.0,377.0,365.7,368.2,368.20,0.0,0.0,371.40,"30,204.00",373.00,"11,217,682.30",212,-4.8,11.3,-1.29,3.09,-0.87,625.00,318.00,,
2023/01/30,49,GBBL,38.89,368.0,370.0,359.0,359.0,359.00,0.0,0.0,363.33,"37,975.00",368.20,"13,797,351.40",246,-9.2,11.0,-2.5,3.06,-1.21,625.00,318.00,,
2022/12/07,44,GBBL,27.09,383.0,385.0,381.7,382.5,382.50,0.0,0.0,382.96,"14,682.00",383.00,"5,622,560.80",105,-0.5,3.3,-0.13,0.86,-0.12,625.00,318.00,,
2022/12/11,47,GBBL,29.41,382.0,383.0,375.0,375.2,375.20,0.0,0.0,377.92,"17,022.00",382.50,"6,432,970.30",142,-7.3,8.0,-1.91,2.13,-0.73,625.00,318.00,,
2022/12/12,47,GBBL,29.98,377.0,382.0,373.5,379.9,379.90,0.0,0.0,377.42,"17,368.00",375.20,"6,554,943.80",101,4.7,8.5,1.25,2.28,0.65,625.00,318.00,,
2022/12/13,47,GBBL,27.76,380.0,381.0,375.0,378.0,378.00,0.0,0.0,379.04,"10,271.00",379.90,"3,893,069.60",80,-1.9,6.0,-0.5,1.6,-0.27,625.00,318.00,,
2022/12/14,48,GBBL,33.36,384.0,384.4,380.0,382.9,382.90,0.0,0.0,381.63,"8,197.00",378.00,"3,128,227.80",90,4.9,4.4,1.3,1.16,0.33,625.00,318.00,,
2022/12/15,48,GBBL,44.0,376.1,383.5,376.0,380.0,380.00,0.0,0.0,381.26,"15,621.00",382.90,"5,955,601.60",113,-2.9,7.5,-0.76,1.99,-0.33,625.00,318.00,,
2022/12/18,49,GBBL,33.08,380.0,383.0,374.0,375.0,375.00,0.0,0.0,376.72,"19,665.00",380.00,"7,408,290.40",172,-5.0,9.0,-1.32,2.41,-0.46,625.00,318.00,,
2022/12/19,49,GBBL,35.3,376.0,379.7,373.0,375.1,375.10,0.0,0.0,375.83,"10,687.00",375.00,"4,016,504.90",108,0.1,6.7,0.03,1.8,-0.19,625.00,318.00,,
2022/12/20,50,GBBL,35.88,381.0,381.0,377.0,377.0,377.00,0.0,0.0,379.50,"18,935.00",375.10,"7,185,792.20",120,1.9,4.0,0.51,1.06,-0.66,625.00,318.00,,
2022/12/21,50,GBBL,33.76,383.0,383.0,375.2,376.1,376.10,0.0,0.0,376.73,"12,165.00",377.00,"4,582,920.40",141,-0.9,7.8,-0.24,2.08,-0.17,625.00,318.00,,
2022/12/22,48,GBBL,42.83,381.0,381.0,373.0,374.0,374.00,0.0,0.0,374.95,"47,797.00",376.10,"17,921,498.70",370,-2.1,8.0,-0.56,2.14,-0.25,625.00,318.00,,
2022/12/26,46,GBBL,31.63,330.0,340.5,330.0,340.5,340.50,0.0,0.0,336.82,"27,421.00",330.97,"9,236,012.90",251,9.53,10.5,2.88,3.18,1.08,625.00,318.00,,
2022/12/27,50,GBBL,38.74,347.3,351.0,342.1,343.0,343.00,0.0,0.0,347.28,"42,353.00",340.50,"14,708,165.20",341,2.5,8.90,0.73,2.6,-1.25,625.00,318.00,,
2022/12/28,57,GBBL,35.77,426.0,432.0,425.1,427.0,427.00,0.0,0.0,426.91,"33,594.00",427.00,"14,341,700.50",114,0.0,6.9,0.0,1.62,0.02,498.00,378.70,410.89,407.35
2022/12/29,51,GBBL,38.85,338.0,355.0,338.0,355.0,355.00,0.0,0.0,346.25,"36,039.00",338.00,"12,478,610.80",232,17.0,17.0,5.03,5.03,2.46,625.00,318.00,,
2023/01/01,53,GBBL,55.04,362.1,367.0,346.0,352.0,352.00,0.0,0.0,356.36,"45,037.00",355.00,"16,049,405.50",318,-3.0,21.00,-0.85,6.07,-1.24,625.00,318.00,,
2022/11/13,42,GBBL,27.76,385.0,390.0,381.5,381.5,381.50,0.0,0.0,384.98,"27,118.00",381.90,"10,440,005.30",249,-0.4,8.5,-0.1,2.23,-0.91,660.00,318.00,,
2022/11/14,41,GBBL,44.78,385.0,387.5,381.0,387.5,387.50,0.0,0.0,384.18,"47,872.00",381.50,"18,391,621.60",170,6.0,6.5,1.57,1.71,0.86,660.00,318.00,,
2022/11/15,42,GBBL,46.07,392.0,392.0,384.0,385.0,385.00,0.0,0.0,387.66,"24,499.00",387.50,"9,497,278.90",146,-2.5,8.0,-0.65,2.08,-0.69,660.00,318.00,,
2022/11/16,40,GBBL,38.5,388.9,388.9,383.2,388.7,388.70,0.0,0.0,386.81,"16,171.00",385.00,"6,255,109.30",108,3.7,5.7,0.96,1.49,0.49,660.00,318.00,,
2022/11/17,41,GBBL,45.89,390.0,396.0,390.0,391.3,391.30,0.0,0.0,393.70,"34,618.00",388.70,"13,629,218.20",199,2.6,6.00,0.67,1.54,-0.61,660.00,318.00,,
2022/11/19,57,GBBL,35.77,426.0,432.0,425.1,427.0,427.00,0.0,0.0,426.91,"33,594.00",427.00,"14,341,700.50",114,0.0,6.9,0.0,1.62,0.02,498.00,378.70,410.89,407.35
2022/11/22,42,GBBL,45.12,395.0,399.1,387.2,388.4,388.40,0.0,0.0,392.03,"21,723.00",391.30,"8,516,134.60",174,-2.90,11.9,-0.74,3.07,-0.94,634.00,318.00,,
2022/11/23,43,GBBL,43.07,388.0,390.9,385.0,389.0,389.00,0.0,0.0,388.41,"12,104.00",388.40,"4,701,329.60",80,0.6,5.9,0.15,1.53,0.15,625.00,318.00,,
2022/11/24,42,GBBL,30.34,389.0,390.0,384.3,387.0,387.00,0.0,0.0,387.59,"26,718.00",389.00,"10,355,634.90",154,-2.0,5.7,-0.51,1.48,-0.15,625.00,318.00,,
2022/11/27,42,GBBL,38.18,387.0,393.0,386.2,390.9,390.90,0.0,0.0,388.97,"33,381.00",387.00,"12,984,228.80",205,3.9,6.8,1.01,1.76,0.49,625.00,318.00,,
2022/11/28,44,GBBL,33.33,390.0,391.2,383.0,384.5,384.50,0.0,0.0,387.62,"18,689.00",390.90,"7,244,195.30",157,-6.4,8.2,-1.64,2.14,-0.81,625.00,318.00,,
2022/11/29,42,GBBL,33.19,385.5,387.0,380.1,387.0,387.00,0.0,0.0,384.23,"25,051.00",384.50,"9,625,379.70",180,2.5,6.9,0.65,1.82,0.72,625.00,318.00,,
2022/11/30,42,GBBL,31.95,384.0,387.0,380.1,387.0,387.00,0.0,0.0,383.63,"11,774.00",387.00,"4,516,803.90",96,0.0,6.9,0.0,1.82,0.87,625.00,318.00,,
2022/12/01,46,GBBL,29.22,387.0,388.0,383.0,386.0,386.00,0.0,0.0,386.32,"20,087.00",387.00,"7,760,054.20",121,-1.0,5.0,-0.26,1.31,-0.08,625.00,318.00,,
2022/12/04,46,GBBL,48.93,383.0,390.0,383.0,389.0,389.00,0.0,0.0,388.03,"25,006.00",386.00,"9,703,082.60",129,3.0,7.0,0.78,1.83,0.25,625.00,318.00,,
2022/12/05,44,GBBL,41.98,389.1,390.0,383.0,385.0,385.00,0.0,0.0,386.42,"23,611.00",389.00,"9,123,789.30",128,-4.0,7.0,-1.03,1.83,-0.37,625.00,318.00,,
2022/10/11,43,GBBL,43.65,385.0,385.0,368.5,375.2,375.20,0.0,0.0,374.24,"18,862.00",384.90,"7,058,968.30",185,-9.7,16.5,-2.52,4.48,0.26,662.00,318.00,,
2022/10/12,41,GBBL,41.4,375.2,388.0,368.1,383.9,383.90,0.0,0.0,380.66,"13,875.00",375.20,"5,281,602.90",146,8.7,19.9,2.32,5.41,0.84,662.00,318.00,,
2022/10/13,41,GBBL,29.58,385.0,392.7,385.0,388.5,388.50,0.0,0.0,388.70,"28,852.00",383.90,"11,214,657.60",196,4.6,7.7,1.2,2.0,-0.05,662.00,318.00,,
2022/10/16,41,GBBL,41.62,390.0,391.0,378.0,388.0,388.00,0.0,0.0,379.78,"128,513.00",388.50,"48,806,073.10",247,-0.50,13.0,-0.13,3.44,2.12,662.00,318.00,,
2022/10/17,40,GBBL,42.09,385.0,388.0,382.0,383.0,383.00,0.0,0.0,385.42,"17,757.00",388.00,"6,843,888.90",114,-5.0,6.0,-1.29,1.57,-0.63,662.00,318.00,,
2022/10/19,39,GBBL,30.16,383.0,385.0,376.0,384.0,384.00,0.0,0.0,379.28,"17,186.00",383.00,"6,518,367.50",133,1.0,9.0,0.26,2.39,1.23,662.00,318.00,,
2022/10/20,41,GBBL,32.11,384.0,384.0,378.5,380.0,380.00,0.0,0.0,381.58,"70,115.00",384.00,"26,754,316.50",165,-4.0,5.5,-1.04,1.45,-0.42,662.00,318.00,,
2022/10/23,41,GBBL,34.95,385.0,385.0,380.5,384.1,384.10,0.0,0.0,382.62,"39,495.00",380.00,"15,111,737.00",160,4.1,4.5,1.08,1.18,0.38,662.00,318.00,,
2022/10/31,43,GBBL,25.23,377.1,384.0,371.0,377.0,377.00,0.0,0.0,377.66,"17,043.00",384.10,"6,436,416.80",133,-7.1,13.0,-1.85,3.5,-0.17,662.00,318.00,,
2022/11/01,43,GBBL,42.32,380.0,390.0,379.0,389.0,389.00,0.0,0.0,384.46,"54,454.00",377.00,"20,935,614.40",251,12.0,11.0,3.18,2.9,1.17,662.00,318.00,,
2022/11/02,42,GBBL,47.32,389.0,393.7,383.0,388.1,388.10,0.0,0.0,388.18,"94,157.00",389.00,"36,549,719.60",328,-0.9,10.7,-0.23,2.79,-0.02,662.00,318.00,,
2022/11/03,40,GBBL,35.19,388.0,390.0,383.0,385.0,385.00,0.0,0.0,385.77,"26,750.00",388.10,"10,319,234.50",108,-3.10,7.00,-0.8,1.83,-0.2,662.00,318.00,,
2022/11/06,42,GBBL,44.76,385.0,395.0,383.0,394.9,394.90,0.0,0.0,390.26,"49,520.00",385.00,"19,325,459.60",247,9.9,12.0,2.57,3.13,1.18,660.00,318.00,,
2022/11/07,43,GBBL,37.46,398.5,401.0,385.0,387.0,387.00,0.0,0.0,393.97,"53,684.00",394.90,"21,150,149.00",270,-7.9,16.0,-2.0,4.16,-1.8,660.00,318.00,,
2022/11/08,41,GBBL,37.12,390.0,392.8,385.1,387.8,387.80,0.0,0.0,387.90,"32,669.00",387.00,"12,672,229.80",124,0.8,7.7,0.21,2.0,-0.03,660.00,318.00,,
2022/11/09,40,GBBL,34.9,389.0,390.0,380.7,381.0,381.00,0.0,0.0,383.76,"46,292.00",387.80,"17,765,192.40",180,-6.8,9.3,-1.75,2.44,-0.73,660.00,318.00,,
2022/09/08,37,GBBL,32.88,372.8,377.9,370.1,373.7,373.70,0.0,0.0,375.53,"22,538.00",372.70,"8,463,793.30",141,1.0,7.8,0.27,2.11,-0.49,665.00,318.00,,
2022/09/11,39,GBBL,28.29,381.0,381.0,371.0,371.0,371.00,0.0,0.0,374.98,"18,172.00",373.70,"6,814,158.60",138,-2.7,10.0,-0.72,2.7,-1.07,665.00,318.00,,
2022/09/12,37,GBBL,31.88,378.0,378.0,368.0,370.0,370.00,0.0,0.0,370.30,"11,076.00",371.00,"4,101,478.00",128,-1.0,10.0,-0.27,2.72,-0.08,665.00,318.00,,
2022/09/13,40,GBBL,37.19,370.0,381.0,370.0,377.0,377.00,0.0,0.0,378.08,"10,466.00",370.00,"3,956,994.70",115,7.0,11.0,1.89,2.97,-0.29,665.00,318.00,,
2022/09/14,38,GBBL,45.96,384.0,395.0,379.0,394.9,394.90,0.0,0.0,389.95,"38,425.00",377.00,"14,983,888.20",326,17.9,16.0,4.75,4.22,1.25,662.00,318.00,,
2022/09/15,38,GBBL,47.1,395.0,399.0,375.0,378.5,378.50,0.0,0.0,384.57,"45,893.00",394.90,"17,648,976.60",332,-16.4,24.0,-4.15,6.4,-1.6,662.00,318.00,,
2022/09/16,36,GBBL,42.36,371.0,380.0,364.0,374.0,374.00,0.0,0.0,371.56,"23,566.00",378.50,"8,756,106.70",174,-4.5,16.0,-1.19,4.4,0.65,662.00,318.00,,
2022/09/18,40,GBBL,31.18,373.0,373.5,365.0,365.3,365.30,0.0,0.0,368.09,"24,320.00",374.00,"8,951,913.50",218,-8.7,8.5,-2.33,2.33,-0.76,662.00,318.00,,
2022/09/20,40,GBBL,27.75,365.0,365.0,354.0,357.0,357.00,0.0,0.0,356.16,"35,961.00",365.30,"12,807,968.20",257,-8.3,11.0,-2.27,3.11,0.23,662.00,318.00,,
2022/09/21,38,GBBL,28.84,362.0,370.2,357.0,360.0,360.00,0.0,0.0,362.15,"18,725.00",357.00,"6,781,330.50",152,3.0,13.2,0.84,3.7,-0.6,662.00,318.00,,
2022/09/22,39,GBBL,28.72,360.0,365.0,359.0,360.9,360.90,0.0,0.0,361.22,"22,064.00",360.00,"7,969,856.00",169,0.9,6.00,0.25,1.67,-0.09,662.00,318.00,,
2022/09/25,43,GBBL,29.09,355.0,361.9,355.0,356.0,356.00,0.0,0.0,357.00,"17,492.00",360.90,"6,244,639.60",164,-4.9,6.9,-1.36,1.94,-0.28,662.00,318.00,,
2022/09/27,41,GBBL,40.56,361.0,370.0,355.1,363.0,363.00,0.0,0.0,364.45,"17,537.00",356.00,"6,391,433.20",161,7.0,14.9,1.97,4.2,-0.4,662.00,318.00,,
2022/09/28,39,GBBL,40.52,363.0,374.4,363.0,370.0,370.00,0.0,0.0,370.63,"13,772.00",363.00,"5,104,372.10",125,7.0,11.4,1.93,3.14,-0.17,662.00,318.00,,
2022/09/29,39,GBBL,34.94,374.9,377.0,371.0,377.0,377.00,0.0,0.0,374.50,"25,323.00",370.00,"9,483,404.90",169,7.0,6.0,1.89,1.62,0.66,662.00,318.00,,
2022/10/09,57,GBBL,35.77,426.0,432.0,425.1,427.0,427.00,0.0,0.0,426.91,"33,594.00",427.00,"14,341,700.50",114,0.0,6.9,0.0,1.62,0.02,498.00,378.70,410.89,407.35
2022/08/18,38,GBBL,46.47,405.0,413.8,400.0,411.0,411.00,0.0,0.0,407.67,"53,823.00",400.00,"21,941,924.30",355,11.0,13.8,2.75,3.45,0.81,750.00,318.00,,
2022/08/21,57,GBBL,35.77,426.0,432.0,425.1,427.0,427.00,0.0,0.0,426.91,"33,594.00",427.00,"14,341,700.50",114,0.0,6.9,0.0,1.62,0.02,498.00,378.70,410.89,407.35
2022/08/22,38,GBBL,43.82,409.9,409.9,401.2,405.0,405.00,0.0,0.0,404.10,"21,186.00",406.00,"8,561,156.90",194,-1.0,8.7,-0.25,2.17,0.22,715.00,318.00,,
2022/08/23,39,GBBL,41.52,410.0,410.0,401.8,403.5,403.50,0.0,0.0,403.49,"20,478.00",405.00,"8,262,599.60",135,-1.5,8.2,-0.37,2.04,0.0,715.00,318.00,,
2022/08/24,38,GBBL,30.86,405.0,408.0,402.0,402.6,402.60,0.0,0.0,404.80,"14,798.00",403.50,"5,990,209.20",138,-0.9,6.0,-0.22,1.49,-0.55,715.00,318.00,,
2022/08/25,39,GBBL,35.03,404.0,407.9,395.0,395.0,395.00,0.0,0.0,399.83,"28,495.00",402.60,"11,393,076.50",259,-7.6,12.9,-1.89,3.27,-1.22,700.00,318.00,,
2022/08/26,36,GBBL,33.77,392.1,398.0,389.0,391.0,391.00,0.0,0.0,391.83,"33,861.00",395.00,"13,267,892.20",192,-4.0,9.0,-1.01,2.31,-0.21,700.00,318.00,,
2022/08/28,39,GBBL,31.96,394.0,394.7,383.1,384.0,384.00,0.0,0.0,386.75,"44,335.00",391.00,"17,146,366.90",308,-7.0,11.6,-1.79,3.03,-0.72,700.00,318.00,,
2022/08/29,37,GBBL,27.61,383.0,387.7,379.0,385.0,385.00,0.0,0.0,384.05,"21,637.00",384.00,"8,309,624.40",190,1.0,8.7,0.26,2.3,0.25,700.00,318.00,,
2022/08/30,39,GBBL,31.88,388.9,389.9,384.1,387.0,387.00,0.0,0.0,386.90,"29,014.00",385.00,"11,225,471.60",165,2.0,5.8,0.52,1.51,0.03,673.00,318.00,,
2022/08/31,37,GBBL,27.59,387.1,389.7,375.0,376.0,376.00,0.0,0.0,379.99,"34,953.00",387.00,"13,281,764.90",272,-11.0,14.7,-2.84,3.92,-1.06,673.00,318.00,,
2022/09/01,37,GBBL,33.98,374.0,382.0,370.6,377.0,377.00,0.0,0.0,374.52,"28,711.00",376.00,"10,752,757.80",200,1.0,11.4,0.27,3.08,0.66,665.00,318.00,,
2022/09/02,38,GBBL,28.17,379.0,384.5,376.0,376.2,376.20,0.0,0.0,379.44,"11,094.00",377.00,"4,209,489.50",80,-0.8,8.5,-0.21,2.26,-0.86,665.00,318.00,,
2022/09/04,39,GBBL,30.41,380.0,384.9,377.2,382.0,382.00,0.0,0.0,381.11,"19,621.00",376.20,"7,477,718.40",226,5.8,7.7,1.54,2.04,0.23,665.00,318.00,,
2022/09/05,37,GBBL,39.86,381.0,386.0,380.0,382.0,382.00,0.0,0.0,383.60,"16,055.00",382.00,"6,158,742.30",124,0.0,6.0,0.0,1.58,-0.42,665.00,318.00,,
2022/09/06,37,GBBL,34.81,377.0,380.0,372.0,374.0,374.00,0.0,0.0,375.18,"24,253.00",382.00,"9,099,197.10",204,-8.0,8.0,-2.09,2.15,-0.32,665.00,318.00,,
2022/07/28,39,GBBL,48.65,407.0,423.0,403.0,408.0,408.00,0.0,0.0,414.80,"70,073.00",407.00,"29,066,554.70",444,1.0,20.00,0.25,4.96,-1.67,750.00,318.00,,
2022/07/29,39,GBBL,41.41,410.0,428.9,403.1,425.0,425.00,0.0,0.0,422.45,"53,254.00",408.00,"22,497,282.40",340,17.0,25.80,4.17,6.4,0.6,750.00,318.00,,
2022/07/31,41,GBBL,49.81,428.0,435.4,422.4,428.0,428.00,0.0,0.0,428.21,"88,544.00",425.00,"37,915,517.50",490,3.0,13.0,0.71,3.08,-0.05,750.00,318.00,,
2022/08/01,40,GBBL,50.48,420.0,425.0,416.0,422.0,422.00,0.0,0.0,420.70,"62,585.00",428.00,"26,329,303.10",509,-6.0,9.0,-1.4,2.16,0.31,750.00,318.00,,
2022/08/02,39,GBBL,46.74,415.0,424.0,413.0,419.0,419.00,0.0,0.0,417.99,"56,218.00",422.00,"23,498,748.90",355,-3.0,11.0,-0.71,2.66,0.24,750.00,318.00,,
2022/08/03,40,GBBL,42.64,424.0,427.0,416.0,418.0,418.00,0.0,0.0,420.70,"59,416.00",419.00,"24,996,095.90",319,-1.0,11.0,-0.24,2.64,-0.65,750.00,318.00,,
2022/08/04,39,GBBL,39.33,413.0,419.9,408.9,408.9,408.90,0.0,0.0,413.16,"59,138.00",418.00,"24,433,710.10",379,-9.1,11.0,-2.18,2.69,-1.04,750.00,318.00,,
2022/08/05,38,GBBL,37.8,409.0,409.0,397.4,397.5,397.50,0.0,0.0,403.44,"65,562.00",408.90,"26,450,592.90",430,-11.4,11.6,-2.79,2.92,-1.5,750.00,318.00,,
2022/08/07,38,GBBL,37.86,397.0,411.0,397.0,407.9,407.90,0.0,0.0,403.59,"95,162.00",397.50,"38,406,729.90",452,10.4,14.0,2.62,3.53,1.06,750.00,318.00,,
2022/08/08,38,GBBL,35.25,415.0,416.0,402.0,404.0,404.00,0.0,0.0,408.56,"37,374.00",407.90,"15,269,335.60",277,-3.90,14.00,-0.96,3.48,-1.13,750.00,318.00,,
2022/08/09,38,GBBL,34.1,400.0,406.0,395.1,396.8,396.80,0.0,0.0,399.60,"46,338.00",404.00,"18,516,661.60",362,-7.2,10.9,-1.78,2.76,-0.71,750.00,318.00,,
2022/08/10,38,GBBL,39.92,404.5,404.5,389.1,400.0,400.00,0.0,0.0,396.24,"43,963.00",396.80,"17,419,961.90",276,3.2,15.40,0.81,3.96,0.94,750.00,318.00,,
2022/08/11,40,GBBL,28.7,400.0,404.0,391.1,393.7,393.70,0.0,0.0,397.60,"27,359.00",400.00,"10,877,855.90",247,-6.30,12.90,-1.58,3.3,-0.99,750.00,318.00,,
2022/08/14,39,GBBL,35.31,387.0,400.0,387.0,388.0,388.00,0.0,0.0,393.34,"38,069.00",393.70,"14,974,248.20",280,-5.7,13.0,-1.45,3.36,-1.38,750.00,318.00,,
2022/08/15,38,GBBL,44.01,390.0,403.0,389.0,402.0,402.00,0.0,0.0,396.92,"62,737.00",388.00,"24,901,326.30",417,14.0,14.0,3.61,3.6,1.26,750.00,318.00,,
2022/08/16,39,GBBL,30.7,409.0,411.7,394.3,395.0,395.00,0.0,0.0,405.05,"66,414.00",402.00,"26,900,977.90",434,-7.00,17.40,-1.74,4.41,-2.54,750.00,318.00,,
2022/07/08,39,GBBL,30.43,369.0,375.0,362.0,364.1,364.10,0.0,0.0,365.30,"13,719.00",375.00,"5,011,523.80",120,-10.9,13.0,-2.91,3.59,-0.33,750.00,318.00,,
2022/07/11,40,GBBL,32.64,356.9,362.0,348.0,350.0,350.00,0.0,0.0,354.34,"39,970.00",364.10,"14,162,845.40",264,-14.1,14.0,-3.87,4.02,-1.24,750.00,318.00,,
2022/07/12,40,GBBL,29.64,357.0,361.0,344.0,351.0,351.00,0.0,0.0,350.09,"31,079.00",350.00,"10,880,513.80",193,1.0,17.0,0.29,4.94,0.26,750.00,318.00,,
2022/07/13,40,GBBL,31.62,358.0,371.0,355.0,370.5,370.50,0.0,0.0,362.70,"31,631.00",351.00,"11,472,669.50",196,19.5,16.0,5.56,4.51,2.1,750.00,318.00,,
2022/07/14,40,GBBL,46.42,375.0,384.0,367.5,379.9,379.90,0.0,0.0,375.24,"48,534.00",370.50,"18,211,884.20",257,9.4,16.50,2.54,4.49,1.23,750.00,318.00,,
2022/07/15,40,GBBL,50.1,372.4,395.0,366.0,387.0,387.00,0.0,0.0,380.87,"44,115.00",379.90,"16,802,077.60",169,7.1,29.0,1.87,7.92,1.58,750.00,318.00,,
2022/07/17,38,GBBL,43.69,380.0,392.5,380.0,387.0,387.00,0.0,0.0,388.55,"23,192.00",387.00,"9,011,348.90",179,0.0,12.5,0.0,3.29,-0.4,750.00,318.00,,
2022/07/18,39,GBBL,34.82,385.0,394.0,380.1,388.0,388.00,0.0,0.0,387.28,"17,745.00",387.00,"6,872,240.80",162,1.00,13.9,0.26,3.66,0.19,750.00,318.00,,
2022/07/19,39,GBBL,35.94,390.0,395.8,385.4,390.0,390.00,0.0,0.0,391.56,"36,088.00",388.00,"14,130,726.40",270,2.0,10.4,0.52,2.7,-0.4,750.00,318.00,,
2022/07/20,39,GBBL,34.04,390.0,397.0,385.0,388.0,388.00,0.0,0.0,391.21,"19,126.00",390.00,"7,482,278.70",150,-2.0,12.0,-0.51,3.12,-0.83,750.00,318.00,,
2022/07/21,40,GBBL,34.49,395.0,395.0,382.0,385.0,385.00,0.0,0.0,385.81,"25,336.00",388.00,"9,774,961.00",175,-3.0,13.0,-0.77,3.4,-0.21,750.00,318.00,,
2022/07/22,40,GBBL,30.51,383.0,385.0,377.0,379.1,379.10,0.0,0.0,379.46,"19,536.00",385.00,"7,413,203.50",142,-5.9,8.0,-1.53,2.12,-0.1,750.00,318.00,,
2022/07/23,57,GBBL,35.77,426.0,432.0,425.1,427.0,427.00,0.0,0.0,426.91,"33,594.00",427.00,"14,341,700.50",114,0.0,6.9,0.0,1.62,0.02,498.00,378.70,410.89,407.35
2022/07/24,38,GBBL,38.41,386.6,399.8,380.0,396.0,396.00,0.0,0.0,389.18,"35,975.00",379.10,"14,000,646.60",257,16.9,19.8,4.46,5.21,1.72,750.00,318.00,,
2022/07/25,39,GBBL,54.73,401.0,419.7,397.0,419.0,419.00,0.0,0.0,409.09,"76,063.00",396.00,"31,116,956.00",496,23.0,22.7,5.81,5.72,2.36,750.00,318.00,,
2022/07/26,39,GBBL,50.09,412.0,425.0,403.0,406.0,406.00,0.0,0.0,411.73,"58,924.00",419.00,"24,260,823.80",387,-13.0,22.0,-3.1,5.46,-1.41,750.00,318.00,,
2022/06/19,41,GBBL,31.49,362.0,363.0,355.5,356.9,356.90,0.0,0.0,357.60,"12,379.00",363.80,"4,426,739.90",126,-6.9,7.50,-1.9,2.11,-0.2,750.00,355.50,,
2022/06/20,40,GBBL,34.22,350.0,350.0,336.0,341.0,341.00,0.0,0.0,340.84,"39,946.00",356.90,"13,615,046.00",268,-15.9,14.00,-4.46,4.17,0.05,750.00,336.00,,
2022/06/21,41,GBBL,35.85,334.2,364.0,334.2,353.0,353.00,0.0,0.0,353.76,"21,256.00",341.00,"7,519,527.30",172,12.0,29.80,3.52,8.92,-0.22,750.00,334.20,,
2022/06/22,41,GBBL,30.77,346.0,350.0,339.2,343.0,343.00,0.0,0.0,342.97,"18,423.00",353.00,"6,318,556.80",104,-10.0,10.8,-2.83,3.18,0.01,750.00,334.20,,
2022/06/23,41,GBBL,30.03,337.0,337.0,329.2,331.0,331.00,0.0,0.0,331.51,"19,448.00",343.00,"6,447,170.90",199,-12.0,7.8,-3.5,2.37,-0.15,750.00,329.20,,
2022/06/24,42,GBBL,36.14,327.0,335.0,318.0,330.9,330.90,0.0,0.0,327.43,"21,514.00",331.00,"7,044,430.00",153,-0.1,17.0,-0.03,5.35,1.05,750.00,318.00,,
2022/06/26,40,GBBL,43.74,337.0,357.0,337.0,356.0,356.00,0.0,0.0,349.33,"39,064.00",330.90,"13,646,328.20",297,25.1,20.0,7.59,5.93,1.87,750.00,318.00,,
2022/06/27,40,GBBL,43.27,360.0,364.0,343.2,344.0,344.00,0.0,0.0,352.53,"35,223.00",356.00,"12,417,155.20",280,-12.0,20.8,-3.37,6.06,-2.48,750.00,318.00,,
2022/06/28,40,GBBL,45.88,340.0,344.9,334.0,341.0,341.00,0.0,0.0,340.04,"15,952.00",344.00,"5,424,242.50",136,-3.0,10.9,-0.87,3.26,0.28,750.00,318.00,,
2022/06/29,41,GBBL,43.85,342.0,357.0,340.0,357.0,357.00,0.0,0.0,350.50,"21,279.00",341.00,"7,458,301.50",183,16.0,17.0,4.69,5.0,1.82,750.00,318.00,,
2022/06/30,41,GBBL,49.89,360.0,384.0,358.0,378.9,378.90,0.0,0.0,373.04,"51,068.00",357.00,"19,050,448.40",349,21.90,26.00,6.13,7.26,1.55,750.00,318.00,,
2022/07/01,40,GBBL,49.76,378.9,382.0,370.1,373.9,373.90,0.0,0.0,376.04,"28,042.00",378.90,"10,545,041.00",239,-5.0,11.9,-1.32,3.22,-0.57,750.00,318.00,,
2022/07/03,42,GBBL,41.75,370.0,390.0,367.0,385.0,385.00,0.0,0.0,377.87,"33,838.00",373.90,"12,786,459.90",313,11.1,23.0,2.97,6.27,1.85,750.00,318.00,,
2022/07/04,42,GBBL,55.66,387.0,403.0,370.5,375.0,375.00,0.0,0.0,391.62,"67,026.00",385.00,"26,248,824.30",523,-10.0,32.50,-2.6,8.77,-4.43,750.00,318.00,,
2022/07/05,42,GBBL,32.88,367.6,389.6,364.0,366.0,366.00,0.0,0.0,372.14,"50,746.00",375.00,"18,884,389.20",333,-9.0,25.6,-2.4,7.03,-1.68,750.00,318.00,,
2022/07/06,41,GBBL,48.5,361.0,383.0,356.0,380.0,380.00,0.0,0.0,367.82,"23,465.00",366.00,"8,630,980.80",215,14.0,27.0,3.83,7.58,3.2,750.00,318.00,,
2022/05/27,38,GBBL,42.39,404.0,406.0,395.1,396.0,396.00,0.0,0.0,398.38,"20,001.00",403.90,"7,967,991.90",177,-7.9,10.9,-1.96,2.76,-0.6,750.00,385.10,,
2022/05/30,40,GBBL,36.22,396.1,396.1,385.0,390.0,390.00,0.0,0.0,388.99,"36,921.00",396.00,"14,361,749.40",233,-6.0,11.1,-1.52,2.88,0.26,750.00,385.00,,
2022/05/31,40,GBBL,32.87,390.0,393.1,385.1,390.0,390.00,0.0,0.0,389.57,"16,592.00",390.00,"6,463,714.40",147,0.0,8.0,0.0,2.08,0.11,750.00,385.00,,
2022/06/01,41,GBBL,31.65,386.5,396.0,385.0,388.0,388.00,0.0,0.0,389.46,"11,949.00",390.00,"4,653,643.00",127,-2.0,11.0,-0.51,2.86,-0.38,750.00,385.00,,
2022/06/02,39,GBBL,32.02,392.0,392.5,384.0,385.0,385.00,0.0,0.0,386.54,"14,458.00",388.00,"5,588,535.80",128,-3.0,8.5,-0.77,2.21,-0.4,750.00,384.00,,
2022/06/03,39,GBBL,35.35,385.0,385.0,372.5,378.0,378.00,0.0,0.0,376.44,"48,088.00",385.00,"18,102,285.20",273,-7.0,12.5,-1.82,3.36,0.41,750.00,372.50,,
2022/06/06,39,GBBL,28.64,382.0,384.0,372.6,383.0,383.00,0.0,0.0,379.03,"23,437.00",378.00,"8,883,264.40",151,5.0,11.4,1.32,3.06,1.04,750.00,372.50,,
2022/06/07,41,GBBL,33.25,382.0,382.0,370.0,374.1,374.10,0.0,0.0,373.30,"24,162.00",383.00,"9,019,630.70",161,-8.9,12.0,-2.32,3.24,0.21,750.00,370.00,,
2022/06/08,42,GBBL,43.17,370.0,391.9,367.0,385.0,385.00,0.0,0.0,382.26,"25,362.00",374.10,"9,694,891.50",216,10.9,24.90,2.91,6.78,0.71,750.00,367.00,,
2022/06/09,40,GBBL,41.8,389.0,389.9,371.5,376.0,376.00,0.0,0.0,379.82,"25,107.00",385.00,"9,536,068.90",234,-9.0,18.4,-2.34,4.95,-1.02,750.00,367.00,,
2022/06/10,40,GBBL,35.17,370.0,377.0,370.0,372.0,372.00,0.0,0.0,372.07,"15,634.00",376.00,"5,816,919.30",110,-4.0,7.0,-1.06,1.89,-0.02,750.00,367.00,,
2022/06/12,57,GBBL,35.77,426.0,432.0,425.1,427.0,427.00,0.0,0.0,426.91,"33,594.00",427.00,"14,341,700.50",114,0.0,6.9,0.0,1.62,0.02,498.00,378.70,410.89,407.35
2022/06/13,43,GBBL,36.53,371.0,376.0,370.0,372.9,372.90,0.0,0.0,371.35,"7,576.00",372.00,"2,813,324.50",89,0.9,6.0,0.24,1.62,0.42,750.00,367.00,,
2022/06/14,41,GBBL,29.04,367.0,370.0,364.0,367.5,367.50,0.0,0.0,366.63,"16,631.00",372.90,"6,097,483.60",116,-5.4,6.0,-1.45,1.65,0.24,750.00,364.00,,
2022/06/15,41,GBBL,35.07,363.0,368.0,355.5,362.0,362.00,0.0,0.0,360.00,"18,895.00",367.50,"6,802,255.00",140,-5.5,12.50,-1.5,3.52,0.55,750.00,355.50,,
2022/06/16,39,GBBL,35.11,363.0,371.0,361.7,365.0,365.00,0.0,0.0,365.07,"10,975.00",362.00,"4,006,626.60",106,3.0,9.3,0.83,2.57,-0.02,750.00,355.50,,
2022/05/02,39,GBBL,37.86,417.0,417.1,408.0,410.0,410.00,0.0,0.0,411.79,"25,704.00",425.00,"10,584,768.20",187,-15.0,9.1,-3.53,2.23,-0.44,750.00,336.00,,
2022/05/04,41,GBBL,30.87,410.0,410.0,398.2,400.0,400.00,0.0,0.0,402.84,"25,614.00",410.00,"10,318,466.10",237,-10.0,11.8,-2.44,2.96,-0.71,750.00,336.00,,
2022/05/05,41,GBBL,26.6,398.0,400.0,391.2,392.5,392.50,0.0,0.0,393.85,"26,208.00",400.00,"10,322,134.50",216,-7.5,8.8,-1.88,2.25,-0.35,750.00,336.00,,
2022/05/06,57,GBBL,35.77,426.0,432.0,425.1,427.0,427.00,0.0,0.0,426.91,"33,594.00",427.00,"14,341,700.50",114,0.0,6.9,0.0,1.62,0.02,498.00,378.70,410.89,407.35
2022/05/08,41,GBBL,28.44,386.0,408.0,385.4,408.0,408.00,0.0,0.0,396.10,"21,048.00",392.50,"8,337,076.40",161,15.5,22.6,3.95,5.86,2.92,750.00,336.00,,
2022/05/09,39,GBBL,36.4,414.0,416.1,397.9,407.0,407.00,0.0,0.0,411.54,"22,433.00",408.00,"9,232,036.10",197,-1.0,18.2,-0.25,4.57,-1.12,750.00,336.00,,
2022/05/10,40,GBBL,41.99,410.0,422.0,403.0,422.0,422.00,0.0,0.0,415.10,"14,215.00",407.00,"5,900,644.00",141,15.0,19.0,3.69,4.71,1.64,750.00,336.00,,
2022/05/11,39,GBBL,48.78,429.9,432.0,416.0,432.0,432.00,0.0,0.0,425.64,"36,318.00",422.00,"15,458,301.30",243,10.0,16.0,2.37,3.85,1.47,750.00,341.00,,
2022/05/12,39,GBBL,48.66,436.0,440.0,416.0,419.4,419.40,0.0,0.0,424.25,"44,008.00",432.00,"18,670,552.00",311,-12.6,24.0,-2.92,5.77,-1.16,750.00,341.00,,
2022/05/17,39,GBBL,29.6,414.0,415.0,401.2,405.0,405.00,0.0,0.0,406.72,"20,299.00",419.40,"8,256,054.20",172,-14.40,13.8,-3.43,3.44,-0.43,750.00,357.00,,
2022/05/18,39,GBBL,28.61,398.0,413.0,396.0,412.2,412.20,0.0,0.0,402.85,"13,978.00",405.00,"5,631,099.50",126,7.2,17.0,1.78,4.29,2.27,750.00,358.00,,
2022/05/19,37,GBBL,29.76,412.0,412.0,400.0,401.0,401.00,0.0,0.0,403.84,"22,532.00",412.20,"9,099,319.00",145,-11.2,12.0,-2.72,3.0,-0.71,750.00,363.00,,
2022/05/20,38,GBBL,26.98,401.0,407.0,398.0,400.0,400.00,0.0,0.0,401.37,"12,211.00",401.00,"4,901,141.00",118,-1.0,9.0,-0.25,2.26,-0.34,750.00,363.00,,
2022/05/23,38,GBBL,27.53,402.0,402.0,393.0,395.0,395.00,0.0,0.0,396.85,"15,560.00",400.00,"6,175,000.50",142,-5.0,9.0,-1.25,2.29,-0.47,750.00,363.00,,
2022/05/24,38,GBBL,27.35,395.0,405.0,390.0,400.0,400.00,0.0,0.0,399.68,"12,641.00",395.00,"5,052,339.70",110,5.0,15.00,1.27,3.85,0.08,750.00,385.10,,
2022/05/25,40,GBBL,44.09,406.0,410.0,401.0,405.0,405.00,0.0,0.0,406.90,"14,578.00",400.00,"5,931,850.80",110,5.0,9.0,1.25,2.24,-0.47,750.00,385.10,,
2022/04/04,39,GBBL,42.39,434.0,447.0,431.4,434.3,434.30,0.0,0.0,437.58,"25,818.00",437.00,"11,297,500.80",225,-2.7,15.6,-0.62,3.62,-0.76,750.00,317.00,,
2022/04/05,39,GBBL,39.82,430.9,435.0,421.0,426.0,426.00,0.0,0.0,425.48,"50,367.00",434.30,"21,430,217.90",340,-8.3,14.00,-1.91,3.33,0.12,750.00,317.00,,
2022/04/06,39,GBBL,39.0,425.0,430.0,419.0,421.0,421.00,0.0,0.0,422.43,"28,783.00",426.00,"12,158,883.40",202,-5.0,11.0,-1.17,2.63,-0.34,750.00,317.00,,
2022/04/07,41,GBBL,42.49,418.2,435.0,418.2,425.0,425.00,0.0,0.0,424.82,"34,185.00",421.00,"14,522,619.70",259,4.0,16.8,0.95,4.02,0.04,750.00,320.00,,
2022/04/11,42,GBBL,39.0,433.0,442.0,418.0,418.0,418.00,0.0,0.0,426.20,"31,026.00",425.00,"13,223,372.20",262,-7.0,24.0,-1.65,5.74,-1.96,750.00,323.00,,
2022/04/12,40,GBBL,37.65,419.0,420.0,405.0,406.0,406.00,0.0,0.0,411.47,"30,442.00",418.00,"12,526,086.70",237,-12.0,15.0,-2.87,3.7,-1.35,750.00,323.00,,
2022/04/13,40,GBBL,40.4,402.0,414.1,400.0,410.0,410.00,0.0,0.0,409.07,"37,209.00",406.00,"15,221,043.10",215,4.00,14.1,0.99,3.53,0.23,750.00,323.00,,
2022/04/17,42,GBBL,40.5,410.0,416.0,403.0,404.0,404.00,0.0,0.0,411.37,"41,121.00",410.00,"16,915,972.70",235,-6.00,13.0,-1.46,3.23,-1.82,750.00,323.00,,
2022/04/18,41,GBBL,36.83,406.0,406.0,398.0,399.0,399.00,0.0,0.0,401.02,"27,837.00",404.00,"11,163,318.20",213,-5.0,8.00,-1.24,2.01,-0.51,750.00,323.00,,
2022/04/19,40,GBBL,39.46,404.0,409.0,391.1,399.0,399.00,0.0,0.0,400.45,"33,052.00",399.00,"13,235,720.50",247,0.0,17.9,0.0,4.58,-0.36,750.00,323.00,,
2022/04/20,42,GBBL,35.59,406.0,406.0,392.0,392.0,392.00,0.0,0.0,397.16,"24,457.00",399.00,"9,713,228.90",210,-7.0,14.0,-1.75,3.57,-1.32,750.00,323.00,,
2022/04/21,40,GBBL,38.9,392.0,403.0,385.1,401.0,401.00,0.0,0.0,394.58,"18,826.00",392.00,"7,428,393.20",220,9.0,17.90,2.3,4.65,1.6,750.00,323.00,,
2022/04/24,41,GBBL,48.58,405.0,433.8,401.0,429.0,429.00,0.0,0.0,417.58,"45,242.00",401.00,"18,892,111.60",368,28.00,32.80,6.98,8.18,2.66,750.00,323.00,,
2022/04/25,41,GBBL,48.85,429.0,442.0,415.0,418.5,418.50,0.0,0.0,429.58,"49,091.00",429.00,"21,088,482.60",382,-10.5,27.0,-2.45,6.51,-2.65,750.00,323.00,,
2022/04/26,40,GBBL,44.08,418.0,426.0,416.0,422.3,422.30,0.0,0.0,420.51,"16,770.00",418.50,"7,051,874.40",154,3.8,10.0,0.91,2.4,0.42,750.00,323.00,,
2022/04/27,40,GBBL,44.73,416.0,431.0,416.0,430.6,430.60,0.0,0.0,425.35,"28,067.00",422.30,"11,938,249.60",156,8.3,15.0,1.97,3.61,1.22,750.00,329.00,,
2022/03/09,41,GBBL,40.61,543.0,543.0,530.0,534.0,534.00,0.0,0.0,533.88,"41,257.00",535.50,"22,026,481.00",248,-1.5,13.0,-0.28,2.45,0.02,750.00,293.00,,
2022/03/10,40,GBBL,51.41,544.0,548.0,534.0,548.0,548.00,0.0,0.0,539.99,"72,567.00",534.00,"39,185,466.20",501,14.0,14.0,2.62,2.62,1.46,750.00,293.00,,
2022/03/13,41,GBBL,55.73,550.0,570.7,549.0,570.7,570.70,0.0,0.0,563.05,"104,808.00",548.00,"59,012,047.60",814,22.70,21.70,4.14,3.95,1.34,750.00,293.00,,
2022/03/14,40,GBBL,54.74,582.1,582.1,563.0,568.0,568.00,0.0,0.0,569.30,"52,987.00",570.70,"30,165,507.80",312,-2.7,19.1,-0.47,3.39,-0.23,750.00,293.00,,
2022/03/15,42,GBBL,55.05,568.0,570.0,559.0,568.0,568.00,0.0,0.0,562.53,"82,954.00",568.00,"46,664,087.00",639,0.0,11.0,0.0,1.97,0.96,750.00,293.00,,
2022/03/16,39,GBBL,56.79,570.0,573.0,557.0,558.0,558.00,0.0,0.0,563.17,"217,430.00",568.00,"122,449,661.20","1,610",-10.0,16.0,-1.76,2.87,-0.93,750.00,293.00,,
2022/03/20,38,GBBL,37.85,490.0,490.0,467.9,469.0,469.00,0.0,0.0,476.00,"68,117.00",481.03,"32,423,741.70",541,-12.03,22.1,-2.5,4.72,-1.49,750.00,302.00,,
2022/03/21,42,GBBL,40.43,468.0,482.0,460.0,480.0,480.00,0.0,0.0,469.29,"59,887.00",469.00,"28,104,466.80",395,11.00,22.0,2.35,4.78,2.23,750.00,302.00,,
2022/03/22,42,GBBL,37.99,487.9,490.0,479.1,484.5,484.50,0.0,0.0,485.51,"39,646.00",480.00,"19,248,538.60",309,4.5,10.9,0.94,2.28,-0.21,750.00,302.00,,
2022/03/23,40,GBBL,37.16,481.0,489.0,474.0,476.0,476.00,0.0,0.0,477.14,"29,411.00",484.50,"14,033,281.50",210,-8.5,15.0,-1.75,3.16,-0.24,750.00,302.00,,
2022/03/24,41,GBBL,44.99,470.0,478.0,466.0,466.0,466.00,0.0,0.0,470.04,"30,497.00",476.00,"14,334,773.20",281,-10.0,12.0,-2.1,2.58,-0.87,750.00,302.00,,
2022/03/27,57,GBBL,35.77,426.0,432.0,425.1,427.0,427.00,0.0,0.0,426.91,"33,594.00",427.00,"14,341,700.50",114,0.0,6.9,0.0,1.62,0.02,498.00,378.70,410.89,407.35
2022/03/28,42,GBBL,41.77,443.1,460.0,442.0,444.0,444.00,0.0,0.0,445.72,"42,657.00",451.50,"19,012,936.40",333,-7.5,18.0,-1.66,4.07,-0.39,750.00,302.00,,
2022/03/29,40,GBBL,38.86,451.9,451.9,437.1,438.1,438.10,0.0,0.0,441.77,"24,090.00",444.00,"10,642,285.70",222,-5.9,14.8,-1.33,3.39,-0.84,750.00,302.00,,
2022/03/30,40,GBBL,46.55,440.0,455.0,434.0,453.9,453.90,0.0,0.0,445.04,"51,230.00",438.10,"22,799,302.80",301,15.8,21.0,3.61,4.84,1.95,750.00,309.00,,
2022/03/31,41,GBBL,42.79,457.0,462.0,440.0,441.0,441.00,0.0,0.0,446.89,"29,416.00",453.90,"13,145,859.30",256,-12.9,22.0,-2.84,5.0,-1.34,750.00,310.00,,
2022/04/28,40,GBBL,34.41,433.9,435.0,421.0,425.0,425.00,0.0,0.0,427.91,"22,946.00",430.60,"9,818,720.90",202,-5.6,14.0,-1.3,3.33,-0.68,750.00,334.00,,
2022/05/26,39,GBBL,38.8,402.0,410.0,401.9,403.9,403.90,0.0,0.0,403.82,"5,736.00",405.00,"2,316,303.00",67,-1.1,8.1,-0.27,2.02,0.02,750.00,385.10,,
2022/06/17,39,GBBL,31.23,364.0,367.0,362.5,363.8,363.80,0.0,0.0,363.58,"8,072.00",365.00,"2,934,808.90",50,-1.2,4.5,-0.33,1.24,0.06,750.00,355.50,,
2022/07/07,40,GBBL,33.27,385.0,387.0,368.9,375.0,375.00,0.0,0.0,376.69,"25,430.00",380.00,"9,579,248.30",206,-5.0,18.1,-1.32,4.91,-0.45,750.00,318.00,,
2022/07/27,41,GBBL,54.98,400.0,410.0,396.0,407.0,407.00,0.0,0.0,403.45,"52,565.00",406.00,"21,207,127.90",403,1.0,14.0,0.25,3.54,0.87,750.00,318.00,,
2022/08/17,39,GBBL,40.28,399.9,404.0,394.2,400.0,400.00,0.0,0.0,398.78,"18,340.00",395.00,"7,313,623.80",136,5.0,9.8,1.27,2.49,0.31,750.00,318.00,,
2022/09/07,39,GBBL,31.91,374.0,374.0,368.0,372.7,372.70,0.0,0.0,370.68,"19,058.00",374.00,"7,064,334.70",144,-1.3,6.0,-0.35,1.63,0.54,665.00,318.00,,
2022/10/10,43,GBBL,48.17,388.0,395.0,381.1,384.9,384.90,0.0,0.0,387.13,"37,178.00",392.90,"14,392,793.50",281,-8.0,13.9,-2.04,3.65,-0.58,662.00,318.00,,
2022/11/10,41,GBBL,31.78,386.0,386.0,379.0,381.9,381.90,0.0,0.0,381.33,"41,940.00",381.00,"15,992,862.60",178,0.9,7.0,0.24,1.85,0.15,660.00,318.00,,
2022/12/06,44,GBBL,36.43,381.1,386.7,381.1,383.0,383.00,0.0,0.0,383.19,"13,023.00",385.00,"4,990,324.20",87,-2.0,5.6,-0.52,1.47,-0.05,625.00,318.00,,
2023/01/02,50,GBBL,54.46,349.9,364.0,345.0,361.0,361.00,0.0,0.0,357.85,"29,372.00",352.00,"10,510,703.90",217,9.0,19.0,2.56,5.51,0.87,625.00,318.00,,
2023/01/31,48,GBBL,36.52,356.0,365.0,355.1,360.0,360.00,0.0,0.0,359.89,"32,609.00",359.00,"11,735,516.40",213,1.0,9.9,0.28,2.79,0.03,625.00,318.00,,
2023/02/27,49,GBBL,43.24,372.0,372.0,359.2,367.0,367.00,0.0,0.0,362.05,"16,484.00",364.90,"5,967,966.20",108,2.1,12.80,0.58,3.56,1.35,582.10,318.00,,
2023/03/27,47,GBBL,33.42,349.0,364.5,348.2,360.0,360.00,0.0,0.0,353.73,"35,577.00",353.10,"12,584,744.00",140,6.9,16.3,1.95,4.68,1.74,466.10,318.00,,
2023/04/19,48,GBBL,35.02,360.0,364.9,350.9,361.2,361.20,0.0,0.0,357.20,"11,674.00",359.90,"4,169,909.80",104,1.3,14.0,0.36,3.99,1.11,442.00,318.00,,
2018/09/02,33,GBBL,-,188.0,191.0,188.0,191.0,191.00,0.0,0.0,190.32,"2,870.00",187.00,"546,209.00",20,4.0,3.0,2.14,1.6,0.36,273.00,169.00,,
2019/10/05,57,GBBL,35.77,426.0,432.0,425.1,427.0,427.00,0.0,0.0,426.91,"33,594.00",427.00,"14,341,700.50",114,0.0,6.9,0.0,1.62,0.02,498.00,378.70,410.89,407.35
2021/02/14,38,GBBL,56.65,320.0,325.0,314.0,316.0,316.00,0.0,0.0,316.32,"40,194.00",319.00,"12,714,234.00",255,-3.0,11.0,-0.94,3.5,-0.1,377.00,188.00,,
2022/04/03,39,GBBL,39.02,437.0,441.0,434.0,437.0,437.00,0.0,0.0,437.32,"14,041.00",441.00,"6,140,354.10",154,-4.0,7.0,-0.91,1.61,-0.07,750.00,317.00,,
2023/05/15,51,GBBL,32.75,345.0,345.0,338.0,340.0,340.00,0.0,0.0,340.17,"16,897.00",342.00,"5,747,818.60",138,-2.0,7.0,-0.58,2.07,-0.05,435.40,318.00,,
2024/07/17,57,GBBL,35.77,426.0,432.0,425.1,427.0,427.00,0.0,0.0,426.91,"33,594.00",427.00,"14,341,700.50",114,0.0,6.9,0.0,1.62,0.02,498.00,378.70,410.89,407.35
2022/02/09,40,GBBL,41.02,590.0,596.0,585.0,590.0,590.00,0.0,0.0,587.83,"35,419.00",592.00,"20,820,413.60",342,-2.0,11.0,-0.34,1.88,0.37,750.00,293.00,,
2022/02/10,39,GBBL,38.02,590.0,595.0,585.0,587.0,587.00,0.0,0.0,588.51,"32,490.00",590.00,"19,120,665.40",280,-3.0,10.0,-0.51,1.71,-0.26,750.00,293.00,,
2022/02/13,40,GBBL,41.1,580.0,580.0,564.5,565.5,565.50,0.0,0.0,570.38,"96,492.00",587.00,"55,036,686.20",729,-21.5,15.5,-3.66,2.75,-0.86,750.00,293.00,,
2022/02/14,39,GBBL,37.79,555.0,585.0,555.0,570.0,570.00,0.0,0.0,571.40,"57,561.00",565.50,"32,890,434.80",345,4.5,30.0,0.8,5.41,-0.25,750.00,293.00,,
2022/02/15,57,GBBL,35.77,426.0,432.0,425.1,427.0,427.00,0.0,0.0,426.91,"33,594.00",427.00,"14,341,700.50",114,0.0,6.9,0.0,1.62,0.02,498.00,378.70,410.89,407.35
2022/02/16,40,GBBL,36.32,582.0,587.0,570.0,572.0,572.00,0.0,0.0,577.09,"26,554.00",582.00,"15,324,116.30",237,-10.0,17.0,-1.72,2.98,-0.89,750.00,293.00,,
2022/02/17,40,GBBL,48.99,572.0,579.0,566.3,573.1,573.10,0.0,0.0,574.52,"28,529.00",572.00,"16,390,514.60",186,1.1,12.7,0.19,2.24,-0.25,750.00,293.00,,
2022/02/20,40,GBBL,42.01,566.5,573.0,555.0,563.2,563.20,0.0,0.0,564.78,"40,969.00",573.10,"23,138,481.90",342,-9.9,18.0,-1.73,3.24,-0.28,750.00,293.00,,
2022/02/21,39,GBBL,38.19,564.0,570.0,564.0,567.0,567.00,0.0,0.0,567.33,"23,688.00",563.20,"13,438,934.30",186,3.8,6.0,0.67,1.06,-0.06,750.00,293.00,,
2022/02/22,40,GBBL,47.26,571.0,575.0,570.0,571.0,571.00,0.0,0.0,571.73,"26,293.00",567.00,"15,032,596.40",220,4.0,5.0,0.71,0.88,-0.13,750.00,293.00,,
2022/02/23,39,GBBL,39.77,577.0,577.0,562.6,565.0,565.00,0.0,0.0,567.58,"26,533.00",571.00,"15,059,482.90",226,-6.0,14.4,-1.05,2.56,-0.46,750.00,293.00,,
2022/02/24,40,GBBL,43.11,564.0,565.0,550.0,553.0,553.00,0.0,0.0,555.08,"57,470.00",565.00,"31,900,467.60",448,-12.0,15.0,-2.12,2.73,-0.38,750.00,293.00,,
2022/02/27,39,GBBL,37.4,559.0,563.9,545.0,552.0,552.00,0.0,0.0,553.67,"31,836.00",553.00,"17,626,734.80",262,-1.0,18.90,-0.18,3.47,-0.3,750.00,293.00,,
2022/02/28,40,GBBL,40.79,563.0,569.0,541.0,544.0,544.00,0.0,0.0,548.29,"47,070.00",552.00,"25,808,019.30",337,-8.0,28.00,-1.45,5.18,-0.79,750.00,293.00,,
2022/03/02,39,GBBL,38.17,540.0,540.0,526.0,531.0,531.00,0.0,0.0,532.32,"43,262.00",544.00,"23,029,073.00",370,-13.0,14.00,-2.39,2.66,-0.25,750.00,293.00,,
2022/03/06,41,GBBL,42.07,530.0,543.0,527.0,535.0,535.00,0.0,0.0,534.20,"50,973.00",531.00,"27,229,764.00",368,4.0,16.0,0.75,3.04,0.15,750.00,293.00,,
2022/01/16,39,GBBL,58.35,614.0,622.0,609.0,615.0,615.00,0.0,0.0,616.28,"135,129.00",602.50,"83,277,260.80",844,12.5,13.0,2.07,2.13,-0.21,750.00,293.00,,
2022/01/17,38,GBBL,55.76,621.0,621.0,603.0,610.0,610.00,0.0,0.0,611.76,"86,149.00",615.00,"52,702,356.00",592,-5.0,18.0,-0.81,2.99,-0.29,750.00,293.00,,
2022/01/18,39,GBBL,57.41,607.0,615.9,593.0,599.0,599.00,0.0,0.0,606.88,"148,072.00",610.00,"89,862,345.60",673,-11.0,22.9,-1.8,3.86,-1.32,750.00,293.00,,
2022/01/19,40,GBBL,51.5,604.0,606.0,591.0,596.1,596.10,0.0,0.0,598.15,"90,788.00",599.00,"54,304,597.70",547,-2.9,15.0,-0.48,2.54,-0.34,750.00,293.00,,
2022/01/20,39,GBBL,51.71,594.9,607.9,590.0,607.0,607.00,0.0,0.0,601.87,"85,431.00",596.10,"51,418,747.80",552,10.9,17.9,1.83,3.03,0.84,750.00,293.00,,
2022/01/23,39,GBBL,57.37,618.0,620.0,604.5,607.0,607.00,0.0,0.0,611.15,"174,186.00",607.00,"106,453,612.00",693,0.0,15.50,0.0,2.56,-0.68,750.00,293.00,,
2022/01/24,39,GBBL,54.33,608.0,608.0,585.0,586.0,586.00,0.0,0.0,594.51,"206,947.00",607.00,"123,031,784.20","1,199",-21.0,23.0,-3.46,3.93,-1.45,750.00,293.00,,
2022/01/25,40,GBBL,50.68,590.0,600.9,582.0,590.0,590.00,0.0,0.0,592.31,"117,708.00",586.00,"69,719,918.30",706,4.0,18.90,0.68,3.25,-0.39,750.00,293.00,,
2022/01/26,40,GBBL,46.29,590.0,600.0,580.0,587.0,587.00,0.0,0.0,587.26,"125,208.00",590.00,"73,530,137.90",623,-3.0,20.0,-0.51,3.45,-0.04,750.00,293.00,,
2022/01/27,41,GBBL,42.96,590.0,595.0,580.0,585.0,585.00,0.0,0.0,587.64,"65,674.00",587.00,"38,592,457.50",476,-2.0,15.0,-0.34,2.59,-0.45,750.00,293.00,,
2022/01/30,40,GBBL,56.91,596.7,620.0,596.7,617.5,617.50,0.0,0.0,610.08,"164,707.00",585.00,"100,484,960.70",935,32.5,23.3,5.56,3.9,1.2,750.00,293.00,,
2022/01/31,40,GBBL,53.97,620.0,623.0,605.0,607.0,607.00,0.0,0.0,608.92,"91,072.00",617.50,"55,455,314.20",536,-10.5,18.0,-1.7,2.98,-0.32,750.00,293.00,,
2022/02/01,40,GBBL,58.31,607.0,618.0,600.0,615.0,615.00,0.0,0.0,611.69,"125,542.00",607.00,"76,792,378.60",614,8.0,18.0,1.32,3.0,0.54,750.00,293.00,,
2022/02/03,40,GBBL,57.29,623.9,625.0,612.0,615.0,615.00,0.0,0.0,615.88,"158,501.00",615.00,"97,617,980.60",700,0.0,13.0,0.0,2.12,-0.14,750.00,293.00,,
2022/02/06,41,GBBL,41.5,610.0,613.0,601.0,602.0,602.00,0.0,0.0,605.88,"68,105.00",615.00,"41,263,140.30",446,-13.00,12.0,-2.11,2.0,-0.64,750.00,293.00,,
2022/02/07,40,GBBL,40.69,595.1,607.0,595.1,599.0,599.00,0.0,0.0,602.06,"79,536.00",602.00,"47,885,127.90",362,-3.0,11.9,-0.5,2.0,-0.51,750.00,293.00,,
2021/12/21,40,GBBL,41.64,479.5,492.0,474.0,487.0,487.00,0.0,0.0,485.35,"26,880.00",470.10,"13,046,115.50",242,16.9,18.00,3.59,3.8,0.34,750.00,275.00,,
2021/12/22,39,GBBL,51.94,496.0,520.0,494.0,519.0,519.00,0.0,0.0,507.95,"81,664.00",487.00,"41,480,965.00",565,32.0,26.0,6.57,5.26,2.13,750.00,293.00,,
2021/12/23,38,GBBL,53.92,520.0,533.9,508.9,517.0,517.00,0.0,0.0,521.21,"75,119.00",519.00,"39,152,931.80",535,-2.0,25.0,-0.39,4.91,-0.81,750.00,293.00,,
2021/12/26,38,GBBL,53.72,526.9,535.5,515.0,524.0,524.00,0.0,0.0,524.67,"88,807.00",517.00,"46,594,585.90",449,7.00,20.50,1.35,3.98,-0.13,750.00,293.00,,
2021/12/27,39,GBBL,52.77,532.0,532.0,499.1,499.1,499.10,0.0,0.0,510.37,"81,679.00",524.00,"41,686,817.60",487,-24.9,32.90,-4.75,6.59,-2.26,750.00,293.00,,
2021/12/28,40,GBBL,44.48,499.1,509.0,487.0,509.0,509.00,0.0,0.0,499.39,"63,674.00",499.10,"31,798,265.00",335,9.9,22.0,1.98,4.52,1.89,750.00,293.00,,
2021/12/29,38,GBBL,42.49,509.0,512.9,502.0,504.2,504.20,0.0,0.0,505.88,"27,919.00",509.00,"14,123,782.40",183,-4.8,10.90,-0.94,2.17,-0.33,750.00,293.00,,
2022/01/02,40,GBBL,53.57,510.0,531.0,504.0,527.0,527.00,0.0,0.0,518.32,"70,720.00",504.20,"36,655,490.00",330,22.80,27.00,4.52,5.36,1.65,750.00,293.00,,
2022/01/03,39,GBBL,59.41,527.0,543.0,520.0,536.0,536.00,0.0,0.0,535.57,"90,732.00",527.00,"48,593,552.40",503,9.0,23.00,1.71,4.42,0.08,750.00,293.00,,
2022/01/04,39,GBBL,59.7,538.0,566.0,528.0,564.0,564.00,0.0,0.0,550.49,"156,014.00",536.00,"85,884,417.70",746,28.0,38.00,5.22,7.2,2.4,750.00,293.00,,
2022/01/05,40,GBBL,58.63,564.0,575.0,550.0,555.0,555.00,0.0,0.0,559.72,"105,292.00",564.00,"58,934,063.40",625,-9.0,25.0,-1.6,4.55,-0.85,750.00,293.00,,
2022/01/06,57,GBBL,35.77,426.0,432.0,425.1,427.0,427.00,0.0,0.0,426.91,"33,594.00",427.00,"14,341,700.50",114,0.0,6.9,0.0,1.62,0.02,498.00,378.70,410.89,407.35
2022/01/09,40,GBBL,62.46,584.7,596.0,573.0,589.0,589.00,0.0,0.0,588.84,"166,135.00",573.30,"97,826,824.00","1,006",15.7,23.00,2.74,4.01,0.03,750.00,293.00,,
2022/01/10,39,GBBL,57.45,595.0,599.0,578.0,588.0,588.00,0.0,0.0,588.51,"157,155.00",589.00,"92,487,354.70",778,-1.0,21.00,-0.17,3.63,-0.09,750.00,293.00,,
2022/01/11,39,GBBL,59.74,588.0,614.0,577.0,598.0,598.00,0.0,0.0,596.23,"161,685.00",588.00,"96,401,366.90",902,10.0,37.00,1.7,6.41,0.3,750.00,293.00,,
2022/01/12,38,GBBL,55.28,600.0,622.0,590.1,593.0,593.00,0.0,0.0,604.86,"201,207.00",598.00,"121,703,027.70","1,122",-5.0,31.90,-0.84,5.41,-2.0,750.00,293.00,,
2021/11/25,40,GBBL,40.82,615.0,617.0,600.0,601.2,601.20,0.0,0.0,605.99,"61,346.00",612.80,"37,175,137.80",317,-11.6,17.0,-1.89,2.83,-0.8,750.00,258.00,,
2021/11/28,38,GBBL,41.26,590.0,598.0,570.0,570.0,570.00,0.0,0.0,580.13,"125,954.00",601.20,"73,069,189.90",881,-31.2,28.0,-5.19,4.91,-1.78,750.00,259.00,,
2021/11/29,38,GBBL,38.71,570.0,590.0,561.59,568.0,568.00,0.0,0.0,573.32,"87,802.00",570.00,"50,338,573.48",582,-2.0,28.41,-0.35,5.06,-0.94,750.00,259.00,,
2021/11/30,40,GBBL,37.42,579.0,579.0,558.0,568.0,568.00,0.0,0.0,565.02,"77,926.00",568.00,"44,029,509.00",469,0.0,21.0,0.0,3.76,0.53,750.00,259.00,,
2021/12/01,38,GBBL,38.09,574.0,580.0,570.1,573.0,573.00,0.0,0.0,575.31,"35,279.00",568.00,"20,296,196.90",252,5.0,9.9,0.88,1.74,-0.4,750.00,259.00,,
2021/12/02,39,GBBL,44.5,575.0,578.0,550.0,555.0,555.00,0.0,0.0,557.71,"61,397.00",573.00,"34,241,879.00",499,-18.0,28.0,-3.14,5.09,-0.49,750.00,259.00,,
2021/12/05,39,GBBL,41.64,555.0,558.9,530.0,533.0,533.00,0.0,0.0,538.26,"87,607.00",555.00,"47,155,017.10",637,-22.0,28.9,-3.96,5.45,-0.99,750.00,259.00,,
2021/12/06,38,GBBL,46.18,523.0,557.9,510.0,551.0,551.00,0.0,0.0,528.22,"104,856.00",533.00,"55,386,763.20",797,18.0,47.90,3.38,9.39,4.13,750.00,259.00,,
2021/12/07,39,GBBL,38.4,559.2,569.0,530.0,533.0,533.00,0.0,0.0,550.69,"65,782.00",551.00,"36,225,711.50",533,-18.0,39.00,-3.27,7.36,-3.32,750.00,259.00,,
2021/12/08,39,GBBL,35.27,525.0,539.9,515.0,517.0,517.00,0.0,0.0,521.01,"51,503.00",533.00,"26,833,571.50",419,-16.0,24.90,-3.0,4.83,-0.78,750.00,260.00,,
2021/12/09,39,GBBL,39.89,515.0,526.9,512.0,520.0,520.00,0.0,0.0,517.93,"65,594.00",517.00,"33,972,959.40",334,3.0,14.9,0.58,2.91,0.4,750.00,260.00,,
2021/12/12,39,GBBL,30.03,515.0,515.0,488.0,489.0,489.00,0.0,0.0,502.70,"59,206.00",520.00,"29,763,001.40",499,-31.00,27.00,-5.96,5.53,-2.8,750.00,272.00,,
2021/12/13,38,GBBL,36.91,479.4,488.0,446.9,451.0,451.00,0.0,0.0,463.77,"132,019.00",489.00,"61,226,735.60",812,-38.00,41.10,-7.77,9.2,-2.83,750.00,272.00,,
2021/12/14,38,GBBL,40.62,450.0,496.1,450.0,496.1,496.10,0.0,0.0,474.41,"44,964.00",451.00,"21,331,336.20",356,45.10,46.10,10.0,10.24,4.37,750.00,275.00,,
2021/12/15,39,GBBL,43.92,506.0,528.0,486.0,500.0,500.00,0.0,0.0,508.47,"134,065.00",496.10,"68,167,590.10",999,3.9,42.0,0.79,8.64,-1.69,750.00,275.00,,
2021/12/16,40,GBBL,42.43,491.0,499.0,480.0,482.0,482.00,0.0,0.0,488.16,"54,988.00",500.00,"26,842,935.00",430,-18.0,19.0,-3.6,3.96,-1.28,750.00,275.00,,
2021/10/28,41,GBBL,57.71,580.1,595.0,580.0,589.9,589.90,0.0,0.0,589.62,"60,381.00",589.50,"35,601,593.00",435,0.4,15.0,0.07,2.59,0.05,750.00,255.00,,
2021/10/31,41,GBBL,64.86,601.0,627.9,595.0,626.0,626.00,0.0,0.0,615.68,"186,624.00",589.90,"114,899,858.40",992,36.10,32.90,6.12,5.53,1.65,750.00,255.00,,
2021/11/01,38,GBBL,63.45,638.5,660.0,623.0,629.0,629.00,0.0,0.0,636.99,"184,609.00",626.00,"117,593,763.90","1,457",3.0,37.0,0.48,5.94,-1.27,750.00,255.00,,
2021/11/02,40,GBBL,66.71,641.5,652.0,610.0,644.0,644.00,0.0,0.0,637.21,"135,278.00",629.00,"86,200,867.90",867,15.0,42.0,2.38,6.89,1.05,750.00,255.00,,
2021/11/03,39,GBBL,60.96,655.0,662.0,631.2,635.0,635.00,0.0,0.0,642.30,"87,548.00",644.00,"56,232,119.70",570,-9.0,30.8,-1.4,4.88,-1.15,750.00,255.00,,
2021/11/08,39,GBBL,52.57,647.7,647.7,621.0,621.0,621.00,0.0,0.0,632.59,"47,827.00",635.00,"30,254,964.10",376,-14.0,26.7,-2.2,4.3,-1.87,750.00,255.00,,
2021/11/09,38,GBBL,50.72,625.0,625.0,578.0,595.0,595.00,0.0,0.0,600.51,"143,590.00",621.00,"86,226,920.20","1,057",-26.0,47.0,-4.19,8.13,-0.93,750.00,255.00,,
2021/11/11,39,GBBL,46.04,590.0,600.0,568.1,573.0,573.00,0.0,0.0,581.80,"101,907.00",595.00,"59,289,843.20",794,-22.0,31.9,-3.7,5.62,-1.54,750.00,255.00,,
2021/11/14,39,GBBL,44.11,575.0,597.9,567.0,588.0,588.00,0.0,0.0,584.36,"90,279.00",573.00,"52,755,054.10",664,15.00,30.90,2.62,5.45,0.62,750.00,255.00,,
2021/11/15,38,GBBL,51.32,598.0,624.0,590.0,616.8,616.80,0.0,0.0,612.92,"166,691.00",588.00,"102,168,137.40",871,28.80,34.00,4.9,5.76,0.63,750.00,255.00,,
2021/11/16,38,GBBL,56.62,623.0,632.9,616.0,627.9,627.90,0.0,0.0,624.53,"95,313.00",616.80,"59,525,367.50",612,11.10,16.90,1.8,2.74,0.54,750.00,255.00,,
2021/11/17,39,GBBL,66.19,634.0,660.0,628.0,644.0,644.00,0.0,0.0,648.28,"342,355.00",627.90,"221,940,817.30","1,885",16.10,32.00,2.56,5.1,-0.66,750.00,255.00,,
2021/11/18,39,GBBL,61.56,644.0,653.0,629.8,635.0,635.00,0.0,0.0,639.57,"218,938.00",644.00,"140,027,109.00","1,107",-9.0,23.2,-1.4,3.68,-0.72,750.00,255.00,,
2021/11/21,39,GBBL,46.83,625.0,642.0,625.0,626.2,626.20,0.0,0.0,632.54,"97,168.00",635.00,"61,462,771.20",524,-8.8,17.0,-1.39,2.72,-1.01,750.00,258.00,,
2021/11/22,41,GBBL,44.27,629.0,634.0,614.5,620.0,620.00,0.0,0.0,623.93,"78,118.00",626.20,"48,740,385.30",440,-6.2,19.5,-0.99,3.17,-0.63,750.00,258.00,,
2021/11/23,39,GBBL,42.76,618.0,620.0,599.0,605.0,605.00,0.0,0.0,606.00,"108,963.00",620.00,"66,032,078.30",688,-15.0,21.0,-2.42,3.51,-0.17,750.00,258.00,,
2021/09/29,40,GBBL,42.16,550.0,567.0,539.3,566.0,566.00,0.0,0.0,554.81,"94,499.00",545.00,"52,428,737.60",639,21.0,27.7,3.85,5.14,1.98,750.00,242.00,,
2021/09/30,39,GBBL,40.33,574.0,577.0,548.0,548.5,548.50,0.0,0.0,559.65,"70,713.00",566.00,"39,574,544.60",429,-17.5,29.0,-3.09,5.29,-2.03,750.00,242.00,,
2021/10/03,41,GBBL,39.94,550.0,561.0,536.1,538.0,538.00,0.0,0.0,544.00,"76,588.00",548.50,"41,664,164.80",482,-10.5,24.9,-1.91,4.64,-1.12,750.00,243.00,,
2021/10/04,39,GBBL,40.02,535.0,545.5,527.0,530.0,530.00,0.0,0.0,535.13,"70,856.00",538.00,"37,917,476.80",449,-8.0,18.5,-1.49,3.51,-0.97,750.00,243.00,,
2021/10/05,40,GBBL,41.23,540.0,551.0,535.0,548.0,548.00,0.0,0.0,545.94,"53,056.00",530.00,"28,965,445.90",392,18.0,16.0,3.4,2.99,0.38,750.00,243.00,,
2021/10/06,41,GBBL,52.34,537.1,571.0,537.1,569.0,569.00,0.0,0.0,563.84,"58,855.00",548.00,"33,184,693.50",475,21.0,33.9,3.83,6.31,0.91,750.00,243.00,,
2021/10/10,37,GBBL,52.98,572.0,590.0,566.0,566.0,566.00,0.0,0.0,576.29,"84,159.00",569.00,"48,500,345.70",519,-3.0,24.0,-0.53,4.24,-1.82,750.00,255.00,,
2021/10/11,38,GBBL,50.46,566.0,566.0,546.0,564.0,564.00,0.0,0.0,556.09,"52,688.00",566.00,"29,299,131.50",384,-2.0,20.0,-0.35,3.66,1.4,750.00,255.00,,
2021/10/17,38,GBBL,49.96,565.0,575.0,558.0,575.0,575.00,0.0,0.0,566.26,"18,201.00",564.00,"10,306,456.40",176,11.0,17.0,1.95,3.05,1.52,750.00,255.00,,
2021/10/18,39,GBBL,44.21,565.0,575.0,552.0,553.5,553.50,0.0,0.0,558.73,"50,548.00",575.00,"28,242,496.30",311,-21.5,23.0,-3.74,4.17,-0.94,750.00,255.00,,
2021/10/19,57,GBBL,35.77,426.0,432.0,425.1,427.0,427.00,0.0,0.0,426.91,"33,594.00",427.00,"14,341,700.50",114,0.0,6.9,0.0,1.62,0.02,498.00,378.70,410.89,407.35
2021/10/20,38,GBBL,41.2,534.0,555.0,534.0,542.5,542.50,0.0,0.0,543.32,"42,004.00",524.00,"22,821,766.90",299,18.5,21.0,3.53,3.93,-0.15,750.00,255.00,,
2021/10/21,38,GBBL,34.27,533.3,553.9,531.0,534.0,534.00,0.0,0.0,538.34,"34,539.00",542.50,"18,593,748.00",272,-8.50,22.9,-1.57,4.31,-0.81,750.00,255.00,,
2021/10/24,39,GBBL,37.71,535.0,545.0,523.4,541.0,541.00,0.0,0.0,537.21,"30,737.00",534.00,"16,512,221.60",218,7.0,21.6,1.31,4.13,0.7,750.00,255.00,,
2021/10/25,40,GBBL,56.51,545.1,580.0,545.1,578.0,578.00,0.0,0.0,567.21,"85,957.00",541.00,"48,755,877.30",618,37.0,34.9,6.84,6.4,1.87,750.00,255.00,,
2021/10/26,38,GBBL,58.61,580.0,605.0,580.0,588.0,588.00,0.0,0.0,595.03,"129,158.00",578.00,"76,852,497.10",867,10.0,25.0,1.73,4.31,-1.2,750.00,255.00,,
2021/09/06,39,GBBL,54.33,570.0,633.7,566.0,633.7,633.70,0.0,0.0,605.73,"264,599.00",576.10,"160,276,522.80","1,563",57.6,67.7,10.0,11.96,4.41,750.00,232.00,,
2021/09/07,39,GBBL,44.21,645.0,645.0,606.0,622.0,622.00,0.0,0.0,626.70,"171,746.00",633.70,"107,632,783.40","1,212",-11.7,39.0,-1.85,6.44,-0.76,750.00,232.00,,
2021/09/08,37,GBBL,34.21,622.0,622.0,598.0,603.0,603.00,0.0,0.0,603.69,"134,106.00",622.00,"80,958,088.70","1,010",-19.0,24.0,-3.05,4.01,-0.11,750.00,232.00,,
2021/09/09,39,GBBL,50.07,609.0,614.0,594.0,598.2,598.20,0.0,0.0,601.36,"105,795.00",603.00,"63,621,129.70",783,-4.8,20.0,-0.8,3.37,-0.53,750.00,233.00,,
2021/09/10,57,GBBL,35.77,426.0,432.0,425.1,427.0,427.00,0.0,0.0,426.91,"33,594.00",427.00,"14,341,700.50",114,0.0,6.9,0.0,1.62,0.02,498.00,378.70,410.89,407.35
2021/09/12,40,GBBL,49.63,605.0,641.0,602.0,640.0,640.00,0.0,0.0,628.33,"246,324.00",598.20,"154,773,810.90","1,441",41.80,39.00,6.99,6.48,1.82,750.00,233.00,,
2021/09/13,38,GBBL,66.95,652.0,665.0,640.0,643.0,643.00,0.0,0.0,652.44,"213,006.00",640.00,"138,973,362.30","1,297",3.0,25.00,0.47,3.91,-1.47,750.00,233.00,,
2021/09/14,40,GBBL,50.39,643.0,655.0,626.0,633.8,633.80,0.0,0.0,633.02,"92,823.00",643.00,"58,758,426.50",598,-9.20,29.0,-1.43,4.63,0.12,750.00,233.00,,
2021/09/15,41,GBBL,50.21,645.0,645.0,611.0,615.0,615.00,0.0,0.0,620.27,"139,598.00",633.80,"86,588,097.90",988,-18.80,34.0,-2.97,5.56,-0.86,750.00,233.00,,
2021/09/16,41,GBBL,40.04,608.0,610.0,585.0,599.0,599.00,0.0,0.0,594.87,"215,692.00",615.00,"128,308,049.40","1,560",-16.0,25.0,-2.6,4.27,0.69,750.00,233.00,,
2021/09/20,41,GBBL,40.90,600.0,600.0,558.0,565.0,565.00,0.0,0.0,573.92,"199,248.00",599.00,"114,352,917.20","1,258",-34.0,42.0,-5.68,7.53,-1.58,750.00,239.00,,
2021/09/21,40,GBBL,44.62,556.0,590.0,546.0,568.0,568.00,0.0,0.0,565.47,"202,636.00",565.00,"114,585,170.40","1,174",3.0,44.00,0.53,8.06,0.44,750.00,239.00,,
2021/09/22,38,GBBL,53.38,579.0,613.0,578.2,612.0,612.00,0.0,0.0,601.24,"174,378.00",568.00,"104,843,113.30","1,103",44.0,34.80,7.75,6.02,1.76,750.00,239.00,,
2021/09/23,40,GBBL,51.91,624.0,624.2,596.1,603.0,603.00,0.0,0.0,607.96,"138,144.00",612.00,"83,986,650.00",956,-9.00,28.1,-1.47,4.71,-0.82,750.00,239.00,,
2021/09/26,41,GBBL,52.46,615.0,625.0,587.0,587.0,587.00,0.0,0.0,598.09,"120,560.00",603.00,"72,106,068.80",827,-16.0,38.0,-2.65,6.47,-1.89,750.00,242.00,,
2021/09/27,41,GBBL,45.46,580.0,585.0,559.0,560.5,560.50,0.0,0.0,566.50,"119,885.00",587.00,"67,914,265.60",801,-26.5,26.0,-4.51,4.65,-1.07,750.00,242.00,,
2021/08/09,39,GBBL,68.73,595.0,598.0,577.0,584.1,584.10,0.0,0.0,583.80,"103,518.00",588.00,"60,433,755.90",614,-3.9,21.0,-0.66,3.64,0.05,627.00,224.00,,
2021/08/10,40,GBBL,75.3,589.0,636.0,588.0,624.0,624.00,0.0,0.0,617.36,"646,848.00",584.10,"399,337,504.50","2,923",39.9,48.0,6.83,8.16,1.06,636.00,228.00,,
2021/08/11,38,GBBL,69.43,636.4,675.0,616.8,620.0,620.00,0.0,0.0,629.83,"385,887.00",624.00,"243,041,780.30","2,380",-4.00,58.2,-0.64,9.44,-1.58,675.00,228.00,,
2021/08/12,40,GBBL,71.88,632.4,669.9,620.0,651.0,651.00,0.0,0.0,650.45,"639,323.00",620.00,"415,845,946.90","3,219",31.0,49.9,5.0,8.05,0.08,675.00,228.00,,
2021/08/15,40,GBBL,49.13,638.0,650.0,610.0,627.0,627.00,0.0,0.0,626.93,"466,007.00",651.00,"292,151,625.50","2,636",-24.0,40.00,-3.69,6.56,0.01,675.00,228.00,,
2021/08/16,40,GBBL,62.07,627.0,657.9,615.0,644.0,644.00,0.0,0.0,641.08,"341,084.00",627.00,"218,660,429.20","1,400",17.0,42.9,2.71,6.98,0.45,675.00,228.00,,
2021/08/17,40,GBBL,69.36,642.0,700.0,642.0,689.0,689.00,0.0,0.0,673.80,"490,187.00",644.00,"330,288,488.10","2,073",45.0,58.0,6.99,9.03,2.21,700.00,228.00,,
2021/08/18,41,GBBL,66.23,702.0,750.0,690.0,720.0,720.00,0.0,0.0,721.35,"479,706.00",689.00,"346,037,518.00","2,832",31.0,60.00,4.5,8.7,-0.19,750.00,228.00,,
2021/08/19,40,GBBL,67.12,730.0,739.0,695.9,703.0,703.00,0.0,0.0,711.74,"422,109.00",720.00,"300,431,491.10","2,428",-17.0,43.10,-2.36,6.19,-1.24,750.00,228.00,,
2021/08/24,39,GBBL,64.23,710.0,715.0,675.0,676.0,676.00,0.0,0.0,686.83,"279,440.00",703.00,"191,928,880.50","1,717",-27.0,40.0,-3.84,5.93,-1.6,750.00,232.00,,
2021/08/25,41,GBBL,53.36,670.0,680.5,650.5,656.9,656.90,0.0,0.0,663.11,"240,449.00",676.00,"159,443,877.60","1,456",-19.1,30.0,-2.83,4.61,-0.95,750.00,232.00,,
2021/08/26,41,GBBL,54.32,658.0,691.0,655.0,685.0,685.00,0.0,0.0,676.52,"267,263.00",656.90,"180,807,823.00","1,470",28.1,36.0,4.28,5.5,1.24,750.00,232.00,,
2021/08/29,39,GBBL,53.72,698.0,700.0,665.5,673.0,673.00,0.0,0.0,680.05,"293,041.00",685.00,"199,282,453.20","1,480",-12.0,34.5,-1.75,5.18,-1.05,750.00,232.00,,
2021/08/31,39,GBBL,50.84,673.0,673.0,639.0,640.0,640.00,0.0,0.0,650.70,"326,024.00",673.00,"212,145,272.20","1,793",-33.0,34.0,-4.9,5.32,-1.67,750.00,232.00,,
2021/09/01,40,GBBL,47.11,650.0,662.0,630.0,638.0,638.00,0.0,0.0,647.10,"203,727.00",640.00,"131,832,744.00","1,272",-2.0,32.0,-0.31,5.08,-1.43,750.00,232.00,,
2021/09/02,40,GBBL,47.15,650.0,650.0,604.0,616.0,616.00,0.0,0.0,625.39,"178,309.00",638.00,"111,513,434.20","1,233",-22.0,46.0,-3.45,7.62,-1.53,750.00,232.00,,
2021/07/14,40,GBBL,59.08,550.0,551.0,538.0,547.0,547.00,0.0,0.0,545.47,"63,300.00",549.00,"34,528,494.00",415,-2.0,13.0,-0.36,2.42,0.28,627.00,219.00,,
2021/07/15,40,GBBL,46.27,550.0,551.0,542.0,544.0,544.00,0.0,0.0,545.64,"86,028.00",547.00,"46,940,746.00",450,-3.0,9.0,-0.55,1.66,-0.3,627.00,220.00,,
2021/07/18,41,GBBL,74.05,554.0,578.0,553.0,571.1,571.10,0.0,0.0,566.30,"279,481.00",544.00,"158,269,852.70","1,447",27.1,25.0,4.98,4.52,0.84,627.00,224.00,,
2021/07/19,40,GBBL,62.25,582.5,590.9,564.0,567.0,567.00,0.0,0.0,574.92,"174,799.00",571.10,"100,496,228.40",941,-4.1,26.9,-0.72,4.77,-1.4,627.00,224.00,,
2021/07/20,39,GBBL,63.97,577.0,577.0,556.0,562.0,562.00,0.0,0.0,565.17,"89,822.00",567.00,"50,764,793.50",558,-5.00,21.00,-0.88,3.78,-0.56,627.00,224.00,,
2021/07/22,40,GBBL,64.9,563.0,575.0,563.0,568.5,568.50,0.0,0.0,569.75,"138,905.00",562.00,"79,141,684.60",699,6.5,12.00,1.16,2.13,-0.22,627.00,224.00,,
2021/07/25,40,GBBL,62.31,579.0,579.0,565.0,571.0,571.00,0.0,0.0,569.34,"194,685.00",568.50,"110,841,893.10",669,2.5,14.00,0.44,2.48,0.29,627.00,224.00,,
2021/07/26,40,GBBL,56.09,572.0,573.0,558.0,559.0,559.00,0.0,0.0,562.97,"116,674.00",571.00,"65,684,186.50",669,-12.0,15.00,-2.1,2.69,-0.71,627.00,224.00,,
2021/07/27,40,GBBL,56.28,548.0,568.0,538.0,559.0,559.00,0.0,0.0,555.82,"118,649.00",559.00,"65,947,753.70",669,0.0,30.00,0.0,5.58,0.57,627.00,224.00,,
2021/07/28,41,GBBL,55.2,569.0,575.1,561.0,565.0,565.00,0.0,0.0,568.47,"100,000.00",559.00,"56,846,563.90",493,6.0,14.10,1.07,2.51,-0.61,627.00,224.00,,
2021/07/29,40,GBBL,55.68,574.0,576.0,561.0,563.0,563.00,0.0,0.0,569.42,"122,527.00",565.00,"69,768,726.70",686,-2.0,15.0,-0.35,2.67,-1.14,627.00,224.00,,
2021/08/01,42,GBBL,60.19,574.0,575.0,561.0,565.9,565.90,0.0,0.0,567.45,"101,793.00",563.00,"57,761,976.10",549,2.9,14.00,0.52,2.5,-0.27,627.00,224.00,,
2021/08/02,39,GBBL,59.71,565.9,571.0,560.0,560.1,560.10,0.0,0.0,563.27,"62,700.00",565.90,"35,316,969.80",379,-5.8,11.0,-1.02,1.96,-0.57,627.00,224.00,,
2021/08/03,40,GBBL,54.27,564.0,565.0,557.0,559.0,559.00,0.0,0.0,560.55,"56,293.00",560.10,"31,554,881.60",370,-1.1,8.0,-0.2,1.44,-0.28,627.00,224.00,,
2021/08/04,41,GBBL,61.22,559.0,570.0,558.0,568.1,568.10,0.0,0.0,562.92,"163,679.00",559.00,"92,138,401.70",577,9.1,12.0,1.63,2.15,0.91,627.00,224.00,,
2021/08/05,40,GBBL,62.97,579.4,595.0,571.0,583.9,583.90,0.0,0.0,585.34,"298,585.00",568.10,"174,774,385.20","1,466",15.8,24.0,2.78,4.2,-0.25,627.00,224.00,,
2021/06/21,57,GBBL,35.77,426.0,432.0,425.1,427.0,427.00,0.0,0.0,426.91,"33,594.00",427.00,"14,341,700.50",114,0.0,6.9,0.0,1.62,0.02,498.00,378.70,410.89,407.35
2021/06/22,40,GBBL,58.35,525.0,543.0,505.0,540.0,540.00,0.0,0.0,528.60,"276,613.00",518.00,"146,216,434.00","1,533",22.0,38.0,4.25,7.52,2.11,627.00,188.00,,
2021/06/23,40,GBBL,49.21,567.0,567.0,517.0,522.0,522.00,0.0,0.0,528.05,"163,168.00",540.00,"86,160,889.00","1,023",-18.0,50.00,-3.33,9.67,-1.16,627.00,188.00,,
2021/06/24,41,GBBL,48.38,522.0,531.0,506.0,517.0,517.00,0.0,0.0,518.68,"148,067.00",522.00,"76,799,905.00",769,-5.00,25.0,-0.96,4.94,-0.33,627.00,188.00,,
2021/06/27,41,GBBL,46.72,519.0,522.0,505.0,509.0,509.00,0.0,0.0,512.17,"109,383.00",517.00,"56,022,869.00",726,-8.0,17.0,-1.55,3.37,-0.62,627.00,188.00,,
2021/06/28,38,GBBL,44.89,513.0,515.0,496.0,498.0,498.00,0.0,0.0,503.69,"100,699.00",509.00,"50,721,195.00",728,-11.0,19.0,-2.16,3.83,-1.14,627.00,188.00,,
2021/06/29,39,GBBL,49.06,522.0,522.0,477.0,477.0,477.00,0.0,0.0,483.25,"158,330.00",498.00,"76,512,694.00","1,077",-21.0,45.0,-4.22,9.43,-1.31,627.00,188.00,,
2021/06/30,37,GBBL,48.58,500.0,500.0,465.0,495.0,495.00,0.0,0.0,475.25,"196,146.00",477.00,"93,218,285.00","1,115",18.0,35.0,3.77,7.53,3.99,627.00,199.00,,
2021/07/01,39,GBBL,56.67,519.0,527.0,495.0,520.0,520.00,0.0,0.0,513.24,"200,982.00",495.00,"103,152,848.00","1,200",25.0,32.0,5.05,6.46,1.3,627.00,202.00,,
2021/07/04,39,GBBL,59.17,494.0,540.0,494.0,514.0,514.00,0.0,0.0,519.74,"170,949.00",520.00,"88,848,324.00","1,033",-6.0,46.0,-1.15,9.31,-1.12,627.00,202.00,,
2021/07/05,38,GBBL,54.01,489.0,514.0,489.0,501.0,501.00,0.0,0.0,503.73,"117,094.00",514.00,"58,983,998.00",697,-13.0,25.00,-2.53,5.11,-0.55,627.00,202.00,,
2021/07/06,38,GBBL,48.72,526.0,526.0,495.0,500.0,500.00,0.0,0.0,499.60,"68,454.00",501.00,"34,199,701.00",471,-1.00,31.00,-0.2,6.26,0.08,627.00,204.00,,
2021/07/07,39,GBBL,41.74,502.0,506.0,499.0,504.0,504.00,0.0,0.0,501.95,"50,629.00",500.00,"25,413,416.00",371,4.0,7.00,0.8,1.4,0.41,627.00,211.00,,
2021/07/08,42,GBBL,55.99,502.0,514.0,500.0,514.0,514.00,0.0,0.0,507.59,"79,340.00",504.00,"40,272,188.00",451,10.00,14.0,1.98,2.8,1.25,627.00,214.00,,
2021/07/11,40,GBBL,65.27,520.0,556.0,518.0,554.0,554.00,0.0,0.0,538.94,"207,653.00",514.00,"111,911,742.00","1,337",40.0,38.0,7.78,7.34,2.72,627.00,218.00,,
2021/07/12,41,GBBL,63.93,560.0,565.0,530.0,542.0,542.00,0.0,0.0,547.78,"296,801.00",554.00,"162,582,811.00","1,627",-12.0,35.0,-2.17,6.6,-1.07,627.00,218.00,,
2021/05/27,38,GBBL,71.09,398.0,431.0,387.0,430.0,430.00,0.0,0.0,417.34,"437,540.00",406.00,"182,602,891.00","1,816",24.00,44.00,5.91,11.37,2.94,431.00,188.00,,
2021/05/30,38,GBBL,69.48,451.0,471.0,435.0,464.0,464.00,0.0,0.0,451.05,"481,084.00",430.00,"216,993,211.00","2,233",34.0,36.00,7.91,8.28,2.79,471.00,188.00,,
2021/05/31,39,GBBL,63.92,470.0,470.0,439.0,443.0,443.00,0.0,0.0,452.54,"408,059.00",464.00,"184,664,176.00","2,061",-21.00,31.00,-4.53,7.06,-2.15,471.00,188.00,,
2021/06/01,38,GBBL,66.60,443.0,453.0,431.0,438.0,438.00,0.0,0.0,438.37,"249,386.00",443.00,"109,323,348.00","1,451",-5.0,22.0,-1.13,5.1,-0.08,471.00,188.00,,
2021/06/02,38,GBBL,67.60,442.0,469.0,435.0,463.0,463.00,0.0,0.0,456.21,"360,618.00",438.00,"164,518,661.00","1,508",25.00,34.00,5.71,7.82,1.47,471.00,188.00,,
2021/06/03,38,GBBL,68.25,465.0,500.0,465.0,472.0,472.00,0.0,0.0,478.06,"554,711.00",463.00,"265,182,432.00","2,199",9.0,35.00,1.94,7.53,-1.28,500.00,188.00,,
2021/06/06,39,GBBL,69.11,495.0,495.0,473.0,479.0,479.00,0.0,0.0,479.99,"367,269.00",472.00,"176,285,000.00","1,388",7.0,22.00,1.48,4.65,-0.21,500.00,188.00,,
2021/06/07,38,GBBL,67.10,500.0,520.0,475.0,517.0,517.00,0.0,0.0,496.71,"555,908.00",479.00,"276,122,831.00","2,498",38.0,45.0,7.93,9.47,3.93,520.00,188.00,,
2021/06/08,39,GBBL,70.35,525.0,568.0,520.0,568.0,568.00,0.0,0.0,560.61,"528,979.00",517.00,"296,549,216.00","2,400",51.0,48.0,9.86,9.23,1.3,568.00,188.00,,
2021/06/09,39,GBBL,67.71,575.0,575.0,523.0,533.0,533.00,0.0,0.0,544.53,"522,977.00",568.00,"284,776,772.00","3,122",-35.0,52.0,-6.16,9.94,-2.16,575.00,188.00,,
2021/06/10,40,GBBL,69.14,540.0,555.0,519.0,550.0,550.00,0.0,0.0,532.24,"455,625.00",533.00,"242,502,218.00","2,149",17.0,36.0,3.19,6.94,3.23,575.00,188.00,,
2021/06/13,39,GBBL,71.14,550.0,600.0,545.0,598.0,598.00,0.0,0.0,576.03,"596,053.00",550.00,"343,347,016.00","2,674",48.0,55.0,8.73,10.09,3.67,600.00,188.00,,
2021/06/14,40,GBBL,66.15,627.0,627.0,576.0,586.0,586.00,0.0,0.0,591.59,"410,667.00",598.00,"242,947,742.00","2,040",-12.0,51.00,-2.01,8.85,-0.95,627.00,188.00,,
2021/06/15,40,GBBL,64.19,590.0,590.0,554.0,557.0,557.00,0.0,0.0,565.69,"376,059.00",586.00,"212,733,524.00","2,095",-29.0,36.0,-4.95,6.5,-1.56,627.00,188.00,,
2021/06/16,40,GBBL,58.12,558.0,565.0,515.0,538.0,538.00,0.0,0.0,543.37,"254,774.00",557.00,"138,436,613.00","1,609",-19.0,50.00,-3.41,9.71,-1.0,627.00,188.00,,
2021/06/17,41,GBBL,55.47,564.0,565.0,522.0,555.0,555.00,0.0,0.0,547.83,"231,937.00",538.00,"127,062,652.00","1,362",17.0,43.0,3.16,8.24,1.29,627.00,188.00,,
2021/05/03,38,GBBL,51.21,352.0,355.0,343.0,346.0,346.00,0.0,0.0,349.57,"75,178.00",349.00,"26,280,054.00",427,-3.0,12.0,-0.86,3.5,-1.03,379.00,188.00,,
2021/05/04,38,GBBL,52.36,345.0,346.0,341.0,343.0,343.00,0.0,0.0,343.04,"30,714.00",346.00,"10,536,259.00",216,-3.0,5.0,-0.87,1.47,-0.01,379.00,188.00,,
2021/05/05,39,GBBL,47.48,349.0,349.0,340.0,343.0,343.00,0.0,0.0,341.99,"36,022.00",343.00,"12,319,336.00",218,0.0,9.0,0.0,2.65,0.29,379.00,188.00,,
2021/05/06,38,GBBL,45.89,347.0,348.0,337.0,339.0,339.00,0.0,0.0,339.59,"56,820.00",343.00,"19,295,474.00",297,-4.0,11.00,-1.17,3.26,-0.17,379.00,188.00,,
2021/05/09,39,GBBL,46.35,339.0,344.0,336.0,340.0,340.00,0.0,0.0,340.48,"51,099.00",339.00,"17,398,425.00",263,1.0,8.0,0.29,2.38,-0.14,379.00,188.00,,
2021/05/10,39,GBBL,50.52,337.0,345.0,336.0,343.0,343.00,0.0,0.0,342.06,"37,796.00",340.00,"12,928,329.00",200,3.00,9.00,0.88,2.68,0.28,379.00,188.00,,
2021/05/11,38,GBBL,52.2,343.0,346.0,342.0,344.0,344.00,0.0,0.0,343.50,"31,718.00",343.00,"10,895,193.00",220,1.0,4.00,0.29,1.17,0.14,379.00,188.00,,
2021/05/12,38,GBBL,61.47,347.0,347.0,341.0,343.0,343.00,0.0,0.0,342.88,"24,627.00",344.00,"8,444,110.00",173,-1.00,6.00,-0.29,1.76,0.03,379.00,188.00,,
2021/05/13,38,GBBL,66.62,343.0,350.0,341.0,349.0,349.00,0.0,0.0,347.70,"71,332.00",343.00,"24,802,277.00",410,6.0,9.00,1.75,2.64,0.37,379.00,188.00,,
2021/05/16,39,GBBL,68.31,355.0,363.0,355.0,363.0,363.00,0.0,0.0,359.05,"157,646.00",349.00,"56,602,404.00",761,14.0,8.00,4.01,2.25,1.09,379.00,188.00,,
2021/05/17,38,GBBL,70.56,375.0,375.0,357.0,359.0,359.00,0.0,0.0,360.66,"104,123.00",363.00,"37,552,497.00",604,-4.0,18.0,-1.1,5.04,-0.46,379.00,188.00,,
2021/05/18,38,GBBL,73.54,376.0,376.0,358.0,369.0,369.00,0.0,0.0,365.64,"128,084.00",359.00,"46,832,509.00",667,10.0,18.0,2.79,5.03,0.91,379.00,188.00,,
2021/05/19,38,GBBL,72.69,373.0,373.0,364.0,366.0,366.00,0.0,0.0,368.62,"139,365.00",369.00,"51,373,317.00",664,-3.0,9.0,-0.81,2.47,-0.72,379.00,188.00,,
2021/05/20,38,GBBL,67.36,369.0,375.0,363.0,374.0,374.00,0.0,0.0,369.65,"135,597.00",366.00,"50,123,785.00",654,8.0,12.0,2.19,3.31,1.16,379.00,188.00,,
2021/05/23,38,GBBL,77.13,374.0,409.0,363.0,406.0,406.00,0.0,0.0,393.98,"564,540.00",374.00,"222,418,246.00","2,245",32.0,46.0,8.56,12.67,2.96,409.00,188.00,,
2021/05/24,39,GBBL,72.97,411.0,431.0,401.0,415.0,415.00,0.0,0.0,413.81,"488,677.00",406.00,"202,217,240.00","2,170",9.0,30.00,2.22,7.48,0.29,431.00,188.00,,
2021/04/06,37,GBBL,58.71,322.0,323.0,317.0,322.0,322.00,0.0,0.0,321.97,"37,003.00",322.00,"11,913,851.00",163,0.00,6.0,0.0,1.89,0.01,377.00,188.00,,
2021/04/07,36,GBBL,65.52,323.0,333.0,320.0,328.0,328.00,0.0,0.0,328.02,"115,002.00",322.00,"37,723,482.00",387,6.0,13.0,1.86,4.06,-0.01,377.00,188.00,,
2021/04/08,36,GBBL,66.34,330.0,337.0,326.0,333.0,333.00,0.0,0.0,333.62,"124,522.00",328.00,"41,542,534.00",429,5.0,11.0,1.52,3.37,-0.18,377.00,188.00,,
2021/04/12,36,GBBL,65.88,333.0,338.0,333.0,335.0,335.00,0.0,0.0,334.65,"75,619.00",333.00,"25,305,983.00",367,2.0,5.0,0.6,1.5,0.1,377.00,188.00,,
2021/04/13,37,GBBL,71.15,339.0,351.0,335.0,348.0,348.00,0.0,0.0,345.67,"272,172.00",335.00,"94,081,142.00","1,107",13.0,16.0,3.88,4.78,0.67,377.00,188.00,,
2021/04/15,39,GBBL,70.59,365.0,365.0,352.0,360.0,360.00,0.0,0.0,358.98,"309,955.00",348.00,"111,269,120.00","1,147",12.0,13.0,3.45,3.69,0.28,377.00,188.00,,
2021/04/18,36,GBBL,67.81,378.0,379.0,358.0,360.0,360.00,0.0,0.0,366.75,"446,272.00",360.00,"163,670,306.00","1,562",0.0,21.0,0.0,5.87,-1.88,379.00,188.00,,
2021/04/19,36,GBBL,59.56,365.0,365.0,348.0,350.0,350.00,0.0,0.0,353.86,"152,764.00",360.00,"54,057,088.00",784,-10.0,17.0,-2.78,4.89,-1.1,379.00,188.00,,
2021/04/20,37,GBBL,61.24,350.0,364.0,349.0,359.0,359.00,0.0,0.0,356.02,"246,853.00",350.00,"87,884,360.00","1,071",9.00,15.0,2.57,4.3,0.83,379.00,188.00,,
2021/04/21,36,GBBL,50.53,361.0,365.0,343.0,349.0,349.00,0.0,0.0,350.20,"144,778.00",359.00,"50,701,796.00",775,-10.00,22.0,-2.79,6.41,-0.34,379.00,188.00,,
2021/04/22,37,GBBL,52.39,342.0,352.0,342.0,350.0,350.00,0.0,0.0,348.57,"101,714.00",349.00,"35,454,956.00",551,1.0,10.0,0.29,2.92,0.41,379.00,188.00,,
2021/04/25,37,GBBL,48.54,360.0,360.0,338.0,339.0,339.00,0.0,0.0,341.18,"127,500.00",350.00,"43,500,631.00",643,-11.0,22.0,-3.14,6.51,-0.64,379.00,188.00,,
2021/04/26,37,GBBL,45.54,339.0,344.0,323.0,330.0,330.00,0.0,0.0,332.58,"130,868.00",339.00,"43,523,891.00",612,-9.0,21.0,-2.65,6.5,-0.78,379.00,188.00,,
2021/04/27,37,GBBL,50.62,330.0,347.0,329.0,343.0,343.00,0.0,0.0,340.40,"83,171.00",330.00,"28,311,480.00",434,13.0,18.0,3.94,5.47,0.76,379.00,188.00,,
2021/04/28,38,GBBL,43.28,345.0,350.0,337.0,340.0,340.00,0.0,0.0,343.59,"59,945.00",343.00,"20,596,472.00",334,-3.00,13.0,-0.87,3.86,-1.06,379.00,188.00,,
2021/04/29,38,GBBL,50.71,334.0,343.0,334.0,343.0,343.00,0.0,0.0,340.96,"30,898.00",340.00,"10,534,966.00",228,3.0,9.0,0.88,2.69,0.59,379.00,188.00,,
2021/03/14,36,GBBL,46.24,320.0,320.0,298.0,300.0,300.00,0.0,0.0,299.29,"36,593.00",305.00,"10,951,817.00",193,-5.0,22.0,-1.64,7.38,0.24,377.00,188.00,,
2021/03/15,36,GBBL,46.05,296.0,306.0,295.0,297.0,297.00,0.0,0.0,299.22,"35,673.00",300.00,"10,673,914.00",142,-3.0,11.00,-1.0,3.73,-0.75,377.00,188.00,,
2021/03/16,37,GBBL,45.29,293.0,305.0,293.0,297.0,297.00,0.0,0.0,298.62,"23,080.00",297.00,"6,892,070.00",141,0.00,12.00,0.0,4.1,-0.54,377.00,188.00,,
2021/03/17,37,GBBL,47.26,300.0,301.0,296.0,301.0,301.00,0.0,0.0,299.36,"16,582.00",297.00,"4,963,991.00",132,4.0,5.0,1.35,1.69,0.54,377.00,188.00,,
2021/03/18,37,GBBL,58.83,302.0,307.0,300.0,306.0,306.00,0.0,0.0,303.95,"34,847.00",301.00,"10,591,753.00",186,5.0,7.0,1.66,2.33,0.67,377.00,188.00,,
2021/03/21,37,GBBL,63.7,306.0,316.0,305.0,311.0,311.00,0.0,0.0,310.64,"78,109.00",306.00,"24,264,049.00",246,5.00,11.00,1.63,3.61,0.11,377.00,188.00,,
2021/03/22,37,GBBL,60.46,326.0,326.0,308.0,312.0,312.00,0.0,0.0,312.61,"46,259.00",311.00,"14,461,186.00",194,1.0,18.0,0.32,5.84,-0.2,377.00,188.00,,
2021/03/23,36,GBBL,58.53,310.0,310.0,307.0,308.0,308.00,0.0,0.0,307.77,"19,836.00",312.00,"6,105,006.00",131,-4.00,3.00,-1.28,0.98,0.07,377.00,188.00,,
2021/03/24,36,GBBL,59.9,313.0,314.0,308.0,308.0,308.00,0.0,0.0,309.30,"24,415.00",308.00,"7,551,457.00",159,0.00,6.00,0.0,1.95,-0.42,377.00,188.00,,
2021/03/25,37,GBBL,52.27,310.0,313.0,304.0,305.0,305.00,0.0,0.0,307.45,"34,652.00",308.00,"10,653,646.00",209,-3.0,9.00,-0.97,2.96,-0.8,377.00,188.00,,
2021/03/29,37,GBBL,62.64,302.0,314.0,302.0,312.0,312.00,0.0,0.0,311.44,"65,397.00",305.00,"20,367,527.00",288,7.0,12.00,2.3,3.97,0.18,377.00,188.00,,
2021/03/30,38,GBBL,67.37,318.0,318.0,309.0,313.0,313.00,0.0,0.0,312.60,"46,804.00",312.00,"14,630,718.00",210,1.0,9.0,0.32,2.91,0.13,377.00,188.00,,
2021/03/31,37,GBBL,69.47,310.0,320.0,310.0,320.0,320.00,0.0,0.0,317.71,"41,584.00",313.00,"13,211,852.00",223,7.0,10.0,2.24,3.23,0.71,377.00,188.00,,
2021/04/01,38,GBBL,71.68,320.0,334.0,317.0,324.0,324.00,0.0,0.0,325.22,"82,359.00",320.00,"26,784,672.00",428,4.00,17.00,1.25,5.36,-0.38,377.00,188.00,,
2021/04/03,57,GBBL,35.77,426.0,432.0,425.1,427.0,427.00,0.0,0.0,426.91,"33,594.00",427.00,"14,341,700.50",114,0.0,6.9,0.0,1.62,0.02,498.00,378.70,410.89,407.35
2021/04/04,36,GBBL,67.24,330.0,330.0,322.0,326.0,326.00,0.0,0.0,324.96,"44,671.00",324.00,"14,516,501.00",243,2.0,8.00,0.62,2.48,0.32,377.00,188.00,,
2021/02/15,37,GBBL,63.46,322.0,324.0,317.0,318.0,318.00,0.0,0.0,319.46,"91,531.00",316.00,"29,240,157.00",348,2.0,7.0,0.63,2.21,-0.46,377.00,188.00,,
2021/02/16,38,GBBL,63.08,333.0,333.0,320.0,320.0,320.00,0.0,0.0,323.31,"105,014.00",318.00,"33,951,630.00",497,2.0,13.0,0.63,4.06,-1.03,377.00,188.00,,
2021/02/17,36,GBBL,60.28,323.0,324.0,317.0,320.0,320.00,0.0,0.0,320.43,"56,050.00",320.00,"17,959,988.00",268,0.0,7.0,0.0,2.21,-0.13,377.00,188.00,,
2021/02/18,37,GBBL,68.93,336.0,336.0,319.0,334.0,334.00,0.0,0.0,324.65,"220,421.00",320.00,"71,558,653.00",577,14.0,17.0,4.38,5.33,2.8,377.00,188.00,,
2021/02/21,57,GBBL,35.77,426.0,432.0,425.1,427.0,427.00,0.0,0.0,426.91,"33,594.00",427.00,"14,341,700.50",114,0.0,6.9,0.0,1.62,0.02,498.00,378.70,410.89,407.35
2021/02/22,37,GBBL,68.52,341.0,342.0,327.0,328.0,328.00,0.0,0.0,332.51,"112,822.00",339.00,"37,514,841.00",423,-11.0,15.0,-3.24,4.59,-1.38,377.00,188.00,,
2021/02/23,36,GBBL,59.71,325.0,327.0,316.0,324.0,324.00,0.0,0.0,319.97,"88,369.00",328.00,"28,275,507.00",343,-4.00,11.0,-1.22,3.48,1.24,377.00,188.00,,
2021/02/24,37,GBBL,50.52,321.0,333.0,320.0,327.0,327.00,0.0,0.0,327.21,"85,671.00",324.00,"28,032,715.00",276,3.0,13.0,0.93,4.06,-0.07,377.00,188.00,,
2021/02/25,38,GBBL,45.76,332.0,332.0,315.0,319.0,319.00,0.0,0.0,320.77,"51,433.00",327.00,"16,498,351.00",196,-8.0,17.0,-2.45,5.4,-0.56,377.00,188.00,,
2021/02/28,36,GBBL,45.67,317.0,317.0,308.0,308.0,308.00,0.0,0.0,311.48,"68,810.00",319.00,"21,433,006.00",302,-11.0,9.0,-3.45,2.92,-1.13,377.00,188.00,,
2021/03/01,36,GBBL,45.08,305.0,315.0,305.0,314.0,314.00,0.0,0.0,311.96,"39,101.00",308.00,"12,197,825.00",228,6.0,10.0,1.95,3.28,0.65,377.00,188.00,,
2021/03/02,36,GBBL,45.96,318.0,318.0,303.0,306.0,306.00,0.0,0.0,305.93,"74,017.00",314.00,"22,644,028.00",309,-8.0,15.0,-2.55,4.95,0.02,377.00,188.00,,
2021/03/03,37,GBBL,45.69,307.0,307.0,296.0,303.0,303.00,0.0,0.0,299.15,"54,880.00",306.00,"16,417,337.00",282,-3.0,11.00,-0.98,3.72,1.27,377.00,188.00,,
2021/03/04,38,GBBL,49.26,306.0,313.0,304.0,309.0,309.00,0.0,0.0,308.71,"38,100.00",303.00,"11,761,732.00",221,6.0,9.0,1.98,2.96,0.09,377.00,188.00,,
2021/03/07,37,GBBL,41.64,315.0,315.0,307.0,308.0,308.00,0.0,0.0,311.05,"40,693.00",309.00,"12,657,455.00",184,-1.00,8.0,-0.32,2.61,-0.99,377.00,188.00,,
2021/03/09,36,GBBL,52.14,305.0,308.0,299.0,306.0,306.00,0.0,0.0,304.12,"19,888.00",308.00,"6,048,434.00",127,-2.0,9.0,-0.65,3.01,0.61,377.00,188.00,,
2021/01/21,38,GBBL,59.06,376.0,376.0,356.0,359.0,359.00,0.0,0.0,360.34,"102,596.00",359.00,"36,969,716.00",398,0.0,20.00,0.0,5.62,-0.37,377.00,188.00,,
2021/01/24,36,GBBL,64.35,366.0,372.0,360.0,368.0,368.00,0.0,0.0,367.45,"290,197.00",359.00,"106,631,514.00",895,9.0,12.0,2.51,3.33,0.15,377.00,188.00,,
2021/01/25,37,GBBL,56.44,330.0,336.0,320.0,323.0,323.00,0.0,0.0,325.68,"201,148.00",324.00,"65,509,441.00",668,-1.00,16.00,-0.31,5.0,-0.83,377.00,188.00,,
2021/01/26,37,GBBL,52.38,323.0,329.0,311.0,313.0,313.00,0.0,0.0,316.03,"112,579.00",323.00,"35,578,418.00",416,-10.0,18.00,-3.1,5.79,-0.97,377.00,188.00,,
2021/01/27,37,GBBL,52.28,319.0,319.0,309.0,309.0,309.00,0.0,0.0,311.90,"90,353.00",313.00,"28,181,321.00",380,-4.0,10.0,-1.28,3.24,-0.94,377.00,188.00,,
2021/01/28,38,GBBL,51.65,314.0,314.0,304.0,305.0,305.00,0.0,0.0,307.05,"85,971.00",309.00,"26,397,456.00",342,-4.0,10.00,-1.29,3.29,-0.67,377.00,188.00,,
2021/01/31,37,GBBL,48.35,300.0,304.0,295.0,295.0,295.00,0.0,0.0,297.86,"56,479.00",305.00,"16,822,819.00",300,-10.0,9.0,-3.28,3.05,-0.97,377.00,188.00,,
2021/02/01,36,GBBL,47.58,309.0,309.0,295.0,298.0,298.00,0.0,0.0,297.66,"36,954.00",295.00,"10,999,860.00",229,3.00,14.0,1.02,4.75,0.11,377.00,188.00,,
2021/02/02,36,GBBL,51.93,312.0,312.0,299.0,301.0,301.00,0.0,0.0,301.55,"91,322.00",298.00,"27,538,537.00",348,3.0,13.0,1.01,4.35,-0.18,377.00,188.00,,
2021/02/03,36,GBBL,53.96,301.0,310.0,299.0,300.0,300.00,0.0,0.0,302.24,"54,037.00",301.00,"16,332,285.00",262,-1.0,11.0,-0.33,3.68,-0.75,377.00,188.00,,
2021/02/04,36,GBBL,65.12,305.0,306.0,299.0,299.0,299.00,0.0,0.0,300.58,"60,405.00",300.00,"18,156,478.00",220,-1.0,7.0,-0.33,2.34,-0.53,377.00,188.00,,
2021/02/07,36,GBBL,63.18,304.0,306.0,299.0,300.0,300.00,0.0,0.0,302.10,"68,962.00",299.00,"20,833,520.00",288,1.0,7.0,0.33,2.34,-0.7,377.00,188.00,,
2021/02/08,36,GBBL,69.58,315.0,323.0,303.0,321.0,321.00,0.0,0.0,314.24,"156,501.00",300.00,"49,178,904.00",550,21.0,20.0,7.0,6.6,2.11,377.00,188.00,,
2021/02/09,36,GBBL,70.1,325.0,330.0,317.0,318.0,318.00,0.0,0.0,323.89,"181,179.00",321.00,"58,681,323.00",515,-3.0,13.0,-0.93,4.1,-1.85,377.00,188.00,,
2021/02/10,37,GBBL,65.73,323.0,325.0,315.0,319.0,319.00,0.0,0.0,320.63,"85,718.00",318.00,"27,484,165.00",299,1.0,10.0,0.31,3.17,-0.51,377.00,188.00,,
2021/02/11,37,GBBL,65.34,323.0,328.0,317.0,319.0,319.00,0.0,0.0,320.83,"92,274.00",319.00,"29,603,878.00",351,0.0,11.0,0.0,3.47,-0.57,377.00,188.00,,
2021/03/10,37,GBBL,54.84,306.0,306.0,302.0,305.0,305.00,0.0,0.0,303.24,"26,256.00",306.00,"7,961,973.00",153,-1.0,4.00,-0.33,1.32,0.58,377.00,188.00,,
2021/04/05,36,GBBL,64.43,327.0,328.0,317.0,322.0,322.00,0.0,0.0,321.52,"57,914.00",326.00,"18,620,572.00",266,-4.0,11.00,-1.23,3.47,0.15,377.00,188.00,,
2021/05/02,40,GBBL,63.01,344.0,351.0,344.0,349.0,349.00,0.0,0.0,349.29,"99,250.00",343.00,"34,667,391.00",477,6.0,7.0,1.75,2.03,-0.08,379.00,188.00,,
2021/05/25,38,GBBL,71.77,415.0,416.0,403.0,406.0,406.00,0.0,0.0,407.15,"235,112.00",415.00,"95,725,250.00","1,101",-9.00,13.00,-2.17,3.23,-0.28,431.00,188.00,,
2021/06/20,40,GBBL,53.94,570.0,570.0,521.0,535.0,535.00,0.0,0.0,539.71,"283,884.00",555.00,"153,216,026.00","1,588",-20.0,49.00,-3.6,9.4,-0.88,627.00,188.00,,
2021/07/13,39,GBBL,61.67,569.0,569.0,534.0,549.0,549.00,0.0,0.0,546.45,"117,156.00",542.00,"64,019,472.00",599,7.0,35.0,1.29,6.55,0.47,627.00,218.00,,
2021/08/08,39,GBBL,64.5,595.5,598.0,585.0,588.0,588.00,0.0,0.0,590.25,"177,102.00",583.90,"104,535,099.00",965,4.1,13.0,0.7,2.22,-0.38,627.00,224.00,,
2021/09/05,39,GBBL,47.28,616.0,616.0,556.0,576.1,576.10,0.0,0.0,581.24,"295,062.00",616.00,"171,501,754.90","1,723",-39.9,60.0,-6.48,10.79,-0.89,750.00,232.00,,
2021/09/28,38,GBBL,37.53,565.0,570.0,538.0,545.0,545.00,0.0,0.0,547.64,"109,680.00",560.50,"60,065,440.50",820,-15.5,32.0,-2.77,5.95,-0.48,750.00,242.00,,
2021/10/27,40,GBBL,59.95,590.0,604.0,578.0,589.5,589.50,0.0,0.0,593.95,"90,634.00",588.00,"53,831,921.30",691,1.50,26.0,0.26,4.5,-0.75,750.00,255.00,,
2021/11/24,39,GBBL,42.61,600.0,617.0,590.0,612.8,612.80,0.0,0.0,602.26,"94,282.00",605.00,"56,782,744.00",626,7.80,27.0,1.29,4.58,1.72,750.00,258.00,,
2021/12/20,39,GBBL,43.36,473.1,487.1,465.0,470.1,470.10,0.0,0.0,474.44,"40,141.00",482.00,"19,044,431.70",311,-11.9,22.1,-2.47,4.75,-0.92,750.00,275.00,,
2022/01/13,38,GBBL,53.83,600.0,605.0,591.0,602.5,602.50,0.0,0.0,600.16,"96,695.00",593.00,"58,032,508.10",555,9.5,14.0,1.6,2.37,0.39,750.00,293.00,,
2022/02/08,40,GBBL,42.53,610.0,622.1,590.0,592.0,592.00,0.0,0.0,603.22,"86,615.00",599.00,"52,247,602.10",515,-7.0,32.1,-1.17,5.44,-1.89,750.00,293.00,,
2022/03/07,41,GBBL,37.93,534.0,545.7,534.0,535.5,535.50,0.0,0.0,537.75,"27,411.00",535.00,"14,740,240.20",214,0.5,11.7,0.09,2.19,-0.42,750.00,293.00,,
2020/12/28,38,GBBL,46.55,308.0,308.0,301.0,303.0,303.00,0.0,0.0,303.91,"31,341.00",303.00,"9,524,965.00",151,0.0,7.0,0.0,2.33,-0.3,320.00,188.00,,
2020/12/29,38,GBBL,47.49,318.0,318.0,298.0,302.0,302.00,0.0,0.0,300.42,"49,631.00",303.00,"14,910,092.00",171,-1.00,20.0,-0.33,6.71,0.52,320.00,188.00,,
2020/12/30,37,GBBL,42.5,306.0,306.0,298.0,300.0,300.00,0.0,0.0,300.08,"26,381.00",302.00,"7,916,530.00",100,-2.0,8.00,-0.66,2.68,-0.03,320.00,188.00,,
2020/12/31,36,GBBL,47.31,299.0,305.0,299.0,303.0,303.00,0.0,0.0,303.00,"33,903.00",300.00,"10,272,600.00",121,3.0,6.0,1.0,2.01,0.0,320.00,188.00,,
2021/01/03,37,GBBL,52.25,303.0,309.0,303.0,309.0,309.00,0.0,0.0,306.11,"50,860.00",303.00,"15,568,588.00",176,6.00,6.0,1.98,1.98,0.94,320.00,188.00,,
2021/01/04,35,GBBL,55.76,315.0,321.0,309.0,312.0,312.00,0.0,0.0,315.49,"153,958.00",309.00,"48,572,419.00",347,3.0,12.00,0.97,3.88,-1.12,321.00,188.00,,
2021/01/05,35,GBBL,52.83,316.0,317.0,309.0,312.0,312.00,0.0,0.0,312.59,"55,429.00",312.00,"17,326,751.00",154,0.0,8.0,0.0,2.59,-0.19,321.00,188.00,,
2021/01/06,35,GBBL,54.54,315.0,317.0,310.0,314.0,314.00,0.0,0.0,312.07,"64,517.00",312.00,"20,133,620.00",150,2.0,7.0,0.64,2.26,0.62,321.00,188.00,,
2021/01/07,37,GBBL,54.91,312.0,319.0,312.0,316.0,316.00,0.0,0.0,316.21,"80,250.00",314.00,"25,375,932.00",212,2.0,7.0,0.64,2.24,-0.07,321.00,188.00,,
2021/01/10,37,GBBL,62.7,318.0,326.0,315.0,326.0,326.00,0.0,0.0,319.00,"254,630.00",316.00,"81,227,758.00",402,10.0,11.0,3.16,3.49,2.15,326.00,188.00,,
2021/01/11,37,GBBL,63.03,330.0,332.0,323.0,326.0,326.00,0.0,0.0,326.97,"75,272.00",326.00,"24,611,684.00",294,0.0,9.0,0.0,2.79,-0.3,332.00,188.00,,
2021/01/12,36,GBBL,57.94,326.0,327.0,317.0,325.0,325.00,0.0,0.0,323.96,"35,166.00",326.00,"11,392,411.00",160,-1.0,10.0,-0.31,3.15,0.32,332.00,188.00,,
2021/01/13,57,GBBL,35.77,426.0,432.0,425.1,427.0,427.00,0.0,0.0,426.91,"33,594.00",427.00,"14,341,700.50",114,0.0,6.9,0.0,1.62,0.02,498.00,378.70,410.89,407.35
2021/01/17,36,GBBL,70.47,331.0,357.0,331.0,357.0,357.00,0.0,0.0,348.32,"241,317.00",325.00,"84,056,292.00",866,32.0,26.0,9.85,7.85,2.43,357.00,188.00,,
2021/01/18,38,GBBL,67.16,365.0,377.0,360.0,363.0,363.00,0.0,0.0,368.97,"201,996.00",357.00,"74,529,987.00",817,6.0,17.0,1.68,4.72,-1.64,377.00,188.00,,
2021/01/19,37,GBBL,66.31,368.0,369.0,348.0,360.0,360.00,0.0,0.0,359.20,"149,953.00",363.00,"53,862,426.00",552,-3.0,21.0,-0.83,6.03,0.22,377.00,188.00,,
2020/12/04,57,GBBL,35.77,426.0,432.0,425.1,427.0,427.00,0.0,0.0,426.91,"33,594.00",427.00,"14,341,700.50",114,0.0,6.9,0.0,1.62,0.02,498.00,378.70,410.89,407.35
2020/12/06,36,GBBL,48.52,268.0,273.0,265.0,265.0,265.00,0.0,0.0,268.97,"55,739.00",270.00,"14,992,195.00",193,-5.00,8.0,-1.85,3.02,-1.5,304.00,188.00,,
2020/12/07,38,GBBL,56.68,265.0,274.0,259.0,271.0,271.00,0.0,0.0,264.97,"63,908.00",265.00,"16,933,487.00",251,6.0,15.00,2.26,5.79,2.23,304.00,188.00,,
2020/12/08,37,GBBL,47.61,276.0,281.0,269.0,269.0,269.00,0.0,0.0,272.90,"53,093.00",271.00,"14,489,010.00",231,-2.00,12.00,-0.74,4.46,-1.45,304.00,188.00,,
2020/12/09,36,GBBL,53.75,266.0,271.0,265.0,270.0,270.00,0.0,0.0,268.61,"65,661.00",269.00,"17,637,502.00",184,1.0,6.0,0.37,2.26,0.51,304.00,188.00,,
2020/12/10,35,GBBL,58.69,260.0,271.0,260.0,271.0,271.00,0.0,0.0,269.87,"38,726.00",270.00,"10,450,893.00",143,1.0,11.0,0.37,4.23,0.42,304.00,188.00,,
2020/12/13,37,GBBL,63.06,276.0,285.0,272.0,284.0,284.00,0.0,0.0,279.36,"129,591.00",271.00,"36,203,103.00",473,13.0,13.00,4.8,4.78,1.63,304.00,188.00,,
2020/12/14,35,GBBL,73.54,287.0,308.0,283.0,307.0,307.00,0.0,0.0,300.41,"432,279.00",284.00,"129,860,246.00","1,246",23.00,25.0,8.1,8.83,2.15,308.00,188.00,,
2020/12/15,35,GBBL,68.22,310.0,313.0,298.0,301.0,301.00,0.0,0.0,303.17,"208,289.00",307.00,"63,146,059.00",581,-6.0,15.0,-1.95,5.03,-0.72,313.00,188.00,,
2020/12/16,35,GBBL,65.7,300.0,319.0,299.0,312.0,312.00,0.0,0.0,307.93,"176,369.00",301.00,"54,308,693.00",542,11.0,20.0,3.65,6.69,1.31,319.00,188.00,,
2020/12/17,35,GBBL,59.02,315.0,316.0,301.0,303.0,303.00,0.0,0.0,307.00,"83,955.00",312.00,"25,774,473.00",296,-9.0,15.0,-2.88,4.98,-1.32,319.00,188.00,,
2020/12/20,35,GBBL,48.68,299.0,305.0,288.0,288.0,288.00,0.0,0.0,295.57,"144,095.00",303.00,"42,589,806.00",360,-15.00,17.00,-4.95,5.9,-2.63,319.00,188.00,,
2020/12/21,36,GBBL,52.03,283.0,302.0,275.0,294.0,294.00,0.0,0.0,288.49,"110,809.00",288.00,"31,966,774.00",369,6.0,27.00,2.08,9.82,1.88,319.00,188.00,,
2020/12/22,36,GBBL,52.54,297.0,308.0,297.0,305.0,305.00,0.0,0.0,302.42,"126,048.00",294.00,"38,119,896.00",335,11.00,11.00,3.74,3.7,0.84,319.00,188.00,,
2020/12/23,36,GBBL,54.03,310.0,316.0,306.0,307.0,307.00,0.0,0.0,309.30,"113,852.00",305.00,"35,214,866.00",335,2.0,10.00,0.66,3.27,-0.75,319.00,188.00,,
2020/12/24,35,GBBL,57.21,307.0,314.0,306.0,308.0,308.00,0.0,0.0,309.20,"93,727.00",307.00,"28,980,388.00",320,1.0,8.0,0.33,2.61,-0.39,319.00,188.00,,
2020/11/08,34,GBBL,50.68,267.0,269.0,263.0,266.0,266.00,0.0,0.0,265.41,"48,183.00",267.00,"12,788,432.00",166,-1.0,6.0,-0.37,2.28,0.22,298.00,183.00,,
2020/11/09,33,GBBL,51.06,270.0,270.0,259.0,259.0,259.00,0.0,0.0,263.04,"68,986.00",266.00,"18,146,406.00",248,-7.0,11.0,-2.63,4.25,-1.56,298.00,183.00,,
2020/11/10,35,GBBL,51.69,261.0,266.0,260.0,263.0,263.00,0.0,0.0,261.53,"53,641.00",259.00,"14,028,719.00",158,4.00,6.0,1.54,2.31,0.56,298.00,183.00,,
2020/11/11,33,GBBL,50.48,261.0,265.0,261.0,264.0,264.00,0.0,0.0,262.93,"38,811.00",263.00,"10,204,387.00",111,1.00,4.00,0.38,1.53,0.41,298.00,183.00,,
2020/11/12,34,GBBL,51.78,266.0,266.0,261.0,263.0,263.00,0.0,0.0,263.51,"46,482.00",264.00,"12,248,309.00",161,-1.00,5.00,-0.38,1.92,-0.19,298.00,183.00,,
2020/11/18,35,GBBL,64.49,260.0,262.0,256.0,258.0,258.00,0.0,0.0,258.27,"43,311.00",263.00,"11,186,109.00",191,-5.0,6.00,-1.9,2.34,-0.11,298.00,183.00,,
2020/11/19,34,GBBL,69.34,259.0,268.0,255.0,263.0,263.00,0.0,0.0,258.28,"52,015.00",258.00,"13,434,482.00",179,5.00,13.00,1.94,5.1,1.79,298.00,183.00,,
2020/11/22,36,GBBL,65.85,268.0,268.0,259.0,264.0,264.00,0.0,0.0,263.98,"50,596.00",263.00,"13,356,251.00",212,1.00,9.00,0.38,3.47,0.01,298.00,183.00,,
2020/11/23,36,GBBL,49.33,262.0,263.0,259.0,262.0,262.00,0.0,0.0,261.02,"26,418.00",264.00,"6,895,534.00",127,-2.00,4.00,-0.76,1.54,0.38,298.00,183.00,,
2020/11/24,35,GBBL,67.37,260.0,264.0,259.0,261.0,261.00,0.0,0.0,261.84,"27,750.00",262.00,"7,266,108.00",102,-1.0,5.0,-0.38,1.93,-0.32,298.00,183.00,,
2020/11/25,35,GBBL,67.81,263.0,271.0,258.0,263.0,263.00,0.0,0.0,264.11,"69,598.00",261.00,"18,381,638.00",198,2.00,13.00,0.77,5.04,-0.42,298.00,183.00,,
2020/11/26,36,GBBL,70.47,267.0,271.0,263.0,264.0,264.00,0.0,0.0,267.84,"106,749.00",263.00,"28,591,666.00",334,1.0,8.00,0.38,3.04,-1.45,298.00,183.00,,
2020/11/29,36,GBBL,74.08,269.0,290.0,269.0,290.0,290.00,0.0,0.0,281.63,"176,364.00",264.00,"49,669,417.00",613,26.0,21.00,9.85,7.81,2.89,298.00,183.00,,
2020/11/30,36,GBBL,70.74,304.0,304.0,276.0,279.0,279.00,0.0,0.0,285.07,"105,510.00",290.00,"30,077,298.00",471,-11.0,28.0,-3.79,10.14,-2.17,304.00,183.00,,
2020/12/01,36,GBBL,69.0,292.0,292.0,268.0,271.0,271.00,0.0,0.0,273.03,"76,655.00",279.00,"20,929,233.00",325,-8.0,24.0,-2.87,8.96,-0.75,304.00,183.00,,
2020/12/02,36,GBBL,72.33,270.0,280.0,268.0,272.0,272.00,0.0,0.0,274.32,"95,012.00",271.00,"26,063,716.00",293,1.00,12.00,0.37,4.48,-0.85,304.00,188.00,,
2020/10/12,34,GBBL,61.71,266.0,274.0,257.0,270.0,270.00,0.0,0.0,267.04,"122,848.00",261.00,"32,805,658.00",398,9.0,17.0,3.45,6.61,1.1,298.00,183.00,,
2020/10/13,33,GBBL,54.39,275.0,277.0,267.0,268.0,268.00,0.0,0.0,270.75,"76,020.00",270.00,"20,582,049.00",344,-2.0,10.0,-0.74,3.75,-1.02,298.00,183.00,,
2020/10/14,34,GBBL,53.38,266.0,271.0,261.0,267.0,267.00,0.0,0.0,266.08,"49,893.00",268.00,"13,275,319.00",179,-1.0,10.0,-0.37,3.83,0.35,298.00,183.00,,
2020/10/15,35,GBBL,50.61,268.0,270.0,260.0,265.0,265.00,0.0,0.0,263.75,"18,646.00",267.00,"4,917,942.00",118,-2.0,10.0,-0.75,3.85,0.47,298.00,183.00,,
2020/10/18,34,GBBL,41.01,260.0,263.0,258.0,258.0,258.00,0.0,0.0,259.85,"23,388.00",265.00,"6,077,391.00",118,-7.0,5.0,-2.64,1.94,-0.72,298.00,183.00,,
2020/10/19,34,GBBL,40.11,256.0,263.0,255.0,263.0,263.00,0.0,0.0,261.10,"9,612.00",258.00,"2,509,715.00",58,5.0,8.0,1.94,3.14,0.72,298.00,183.00,,
2020/10/20,35,GBBL,44.77,264.0,266.0,261.0,266.0,266.00,0.0,0.0,264.22,"16,526.00",263.00,"4,366,477.00",85,3.0,5.0,1.14,1.92,0.67,298.00,183.00,,
2020/10/21,34,GBBL,44.72,270.0,270.0,265.0,265.0,265.00,0.0,0.0,266.28,"12,965.00",266.00,"3,452,379.00",80,-1.0,5.0,-0.38,1.89,-0.48,298.00,183.00,,
2020/10/22,33,GBBL,54.01,270.0,270.0,265.0,267.0,267.00,0.0,0.0,267.18,"18,583.00",265.00,"4,964,962.00",97,2.0,5.0,0.75,1.89,-0.07,298.00,183.00,,
2020/10/25,57,GBBL,35.77,426.0,432.0,425.1,427.0,427.00,0.0,0.0,426.91,"33,594.00",427.00,"14,341,700.50",114,0.0,6.9,0.0,1.62,0.02,498.00,378.70,410.89,407.35
2020/10/28,32,GBBL,60.76,272.0,276.0,267.0,276.0,276.00,0.0,0.0,272.20,"40,724.00",267.00,"11,084,994.00",219,9.0,9.0,3.37,3.37,1.38,298.00,183.00,,
2020/10/29,34,GBBL,59.86,276.0,284.0,273.0,275.0,275.00,0.0,0.0,279.04,"80,567.00",276.00,"22,481,415.00",334,-1.0,11.0,-0.36,4.03,-1.47,298.00,183.00,,
2020/11/01,33,GBBL,57.07,274.0,278.0,269.0,270.0,270.00,0.0,0.0,272.51,"59,134.00",275.00,"16,114,383.00",238,-5.0,9.0,-1.82,3.35,-0.93,298.00,183.00,,
2020/11/02,34,GBBL,52.28,274.0,274.0,267.0,270.0,270.00,0.0,0.0,268.55,"30,421.00",270.00,"8,169,582.00",117,0.0,7.0,0.0,2.62,0.54,298.00,183.00,,
2020/11/03,35,GBBL,45.3,266.0,275.0,265.0,269.0,269.00,0.0,0.0,268.40,"21,379.00",270.00,"5,738,212.00",102,-1.00,10.00,-0.37,3.77,0.22,298.00,183.00,,
2020/11/04,33,GBBL,46.2,267.0,269.0,265.0,268.0,268.00,0.0,0.0,266.70,"19,272.00",269.00,"5,139,784.00",96,-1.0,4.0,-0.37,1.51,0.49,298.00,183.00,,
2020/09/17,34,GBBL,66.97,238.0,259.0,237.0,246.0,246.00,0.0,0.0,242.99,"61,822.00",236.00,"15,021,971.00",267,10.0,22.0,4.24,9.28,1.22,298.00,183.00,,
2020/09/20,33,GBBL,65.86,250.0,260.0,246.0,252.0,252.00,0.0,0.0,253.47,"74,612.00",246.00,"18,911,750.00",348,6.0,14.0,2.44,5.69,-0.58,298.00,183.00,,
2020/09/21,35,GBBL,66.97,256.0,257.0,247.0,251.0,251.00,0.0,0.0,251.47,"66,722.00",252.00,"16,778,504.00",233,-1.0,10.0,-0.4,4.05,-0.19,298.00,183.00,,
2020/09/22,57,GBBL,35.77,426.0,432.0,425.1,427.0,427.00,0.0,0.0,426.91,"33,594.00",427.00,"14,341,700.50",114,0.0,6.9,0.0,1.62,0.02,498.00,378.70,410.89,407.35
2020/09/23,57,GBBL,35.77,426.0,432.0,425.1,427.0,427.00,0.0,0.0,426.91,"33,594.00",427.00,"14,341,700.50",114,0.0,6.9,0.0,1.62,0.02,498.00,378.70,410.89,407.35
2020/09/24,35,GBBL,46.64,257.0,257.0,243.0,245.0,245.00,0.0,0.0,245.11,"17,609.00",245.00,"4,316,129.00",100,0.0,14.0,0.0,5.76,-0.04,298.00,183.00,,
2020/09/27,33,GBBL,45.48,243.0,254.0,243.0,248.0,248.00,0.0,0.0,248.17,"25,054.00",245.00,"6,217,549.00",113,3.00,11.00,1.22,4.53,-0.07,298.00,183.00,,
2020/09/28,32,GBBL,48.61,248.0,251.0,247.0,247.0,247.00,0.0,0.0,248.30,"10,360.00",248.00,"2,572,420.00",78,-1.0,4.0,-0.4,1.62,-0.53,298.00,183.00,,
2020/09/29,33,GBBL,41.69,247.0,247.0,243.0,243.0,243.00,0.0,0.0,244.50,"14,205.00",247.00,"3,473,056.00",98,-4.0,4.0,-1.62,1.65,-0.62,298.00,183.00,,
2020/09/30,33,GBBL,55.93,243.0,251.0,242.0,246.0,246.00,0.0,0.0,246.69,"29,643.00",243.00,"7,312,745.00",126,3.0,9.0,1.23,3.72,-0.28,298.00,183.00,,
2020/10/01,32,GBBL,58.8,246.0,255.0,246.0,252.0,252.00,0.0,0.0,251.93,"62,932.00",246.00,"15,854,530.00",275,6.00,9.0,2.44,3.66,0.03,298.00,183.00,,
2020/10/04,34,GBBL,62.26,264.0,264.0,254.0,255.0,255.00,0.0,0.0,255.61,"81,171.00",252.00,"20,748,512.00",299,3.0,10.0,1.19,3.94,-0.24,298.00,183.00,,
2020/10/05,34,GBBL,61.22,267.0,267.0,252.0,253.0,253.00,0.0,0.0,254.73,"32,293.00",255.00,"8,226,025.00",157,-2.0,15.0,-0.78,5.95,-0.68,298.00,183.00,,
2020/10/06,34,GBBL,65.75,243.0,264.0,243.0,258.0,258.00,0.0,0.0,260.67,"89,945.00",253.00,"23,446,286.00",326,5.0,21.0,1.98,8.64,-1.04,298.00,183.00,,
2020/10/07,34,GBBL,62.21,258.0,265.0,257.0,263.0,263.00,0.0,0.0,261.11,"69,683.00",258.00,"18,194,679.00",259,5.0,8.0,1.94,3.11,0.72,298.00,183.00,,
2020/10/08,34,GBBL,59.36,268.0,270.0,262.0,264.0,264.00,0.0,0.0,266.28,"74,899.00",263.00,"19,944,192.00",317,1.0,8.0,0.38,3.05,-0.86,298.00,183.00,,
2020/08/24,33,GBBL,56.79,234.0,240.0,234.0,237.0,237.00,0.0,0.0,236.70,"23,320.00",234.00,"5,519,770.00",102,3.0,6.0,1.28,2.56,0.13,298.00,183.00,,
2020/08/25,34,GBBL,55.49,241.0,241.0,236.0,238.0,238.00,0.0,0.0,236.87,"11,601.00",237.00,"2,747,892.00",58,1.0,5.0,0.42,2.12,0.48,298.00,183.00,,
2020/08/26,33,GBBL,59.51,237.0,241.0,235.0,240.0,240.00,0.0,0.0,238.22,"32,721.00",238.00,"7,794,953.00",124,2.0,6.0,0.84,2.55,0.74,298.00,183.00,,
2020/08/27,36,GBBL,57.42,240.0,240.0,236.0,238.0,238.00,0.0,0.0,237.96,"13,320.00",240.00,"3,169,631.00",75,-2.0,4.0,-0.83,1.69,0.02,298.00,183.00,,
2020/08/30,34,GBBL,57.67,249.0,249.0,233.0,238.0,238.00,0.0,0.0,236.02,"6,806.00",238.00,"1,606,377.00",48,0.0,16.0,0.0,6.87,0.83,298.00,183.00,,
2020/08/31,34,GBBL,52.82,237.0,243.0,236.0,239.0,239.00,0.0,0.0,239.60,"29,663.00",238.00,"7,107,386.00",127,1.0,7.0,0.42,2.97,-0.25,298.00,183.00,,
2020/09/02,34,GBBL,55.9,243.0,245.0,239.0,242.0,242.00,0.0,0.0,241.85,"40,963.00",239.00,"9,907,073.00",184,3.0,6.0,1.26,2.51,0.06,298.00,183.00,,
2020/09/03,34,GBBL,55.82,240.0,242.0,237.0,240.0,240.00,0.0,0.0,239.66,"43,243.00",242.00,"10,363,739.00",135,-2.0,5.0,-0.83,2.11,0.14,298.00,183.00,,
2020/09/06,36,GBBL,51.71,244.0,250.0,237.0,237.0,237.00,0.0,0.0,242.58,"42,933.00",240.00,"10,414,886.00",162,-3.0,13.0,-1.25,5.49,-2.36,298.00,183.00,,
2020/09/07,35,GBBL,44.48,236.0,238.0,232.0,237.0,237.00,0.0,0.0,234.94,"10,350.00",237.00,"2,431,635.00",84,0.0,6.0,0.0,2.59,0.87,298.00,183.00,,
2020/09/08,34,GBBL,45.13,235.0,237.0,232.0,237.0,237.00,0.0,0.0,234.76,"12,843.00",237.00,"3,015,066.00",73,0.0,5.0,0.0,2.16,0.94,298.00,183.00,,
2020/09/09,35,GBBL,49.7,239.0,239.0,234.0,236.0,236.00,0.0,0.0,235.60,"12,006.00",237.00,"2,828,643.00",45,-1.00,5.0,-0.42,2.14,0.17,298.00,183.00,,
2020/09/10,36,GBBL,51.68,240.0,240.0,234.0,235.0,235.00,0.0,0.0,235.61,"16,670.00",236.00,"3,927,635.00",80,-1.00,6.0,-0.42,2.56,-0.26,298.00,183.00,,
2020/09/13,57,GBBL,35.77,426.0,432.0,425.1,427.0,427.00,0.0,0.0,426.91,"33,594.00",427.00,"14,341,700.50",114,0.0,6.9,0.0,1.62,0.02,498.00,378.70,410.89,407.35
2020/09/14,33,GBBL,58.62,238.0,240.0,236.0,239.0,239.00,0.0,0.0,238.32,"31,255.00",236.00,"7,448,834.00",161,3.00,4.00,1.27,1.69,0.28,298.00,183.00,,
2020/09/15,35,GBBL,56.87,243.0,245.0,236.0,237.0,237.00,0.0,0.0,238.23,"27,793.00",239.00,"6,621,039.00",138,-2.0,9.0,-0.84,3.81,-0.52,298.00,183.00,,
2020/07/29,33,GBBL,41.91,243.0,245.0,240.0,242.0,242.00,0.0,0.0,242.62,"18,685.00",247.00,"4,533,310.00",132,-5.0,5.0,-2.02,2.08,-0.26,298.00,183.00,,
2020/07/30,34,GBBL,45.0,239.0,244.0,239.0,241.0,241.00,0.0,0.0,240.52,"16,865.00",242.00,"4,056,426.00",68,-1.0,5.0,-0.41,2.09,0.2,298.00,183.00,,
2020/08/02,34,GBBL,45.49,238.0,240.0,230.0,231.0,231.00,0.0,0.0,234.28,"36,294.00",241.00,"8,502,820.00",163,-10.0,10.0,-4.15,4.35,-1.42,298.00,183.00,,
2020/08/03,35,GBBL,45.05,229.0,234.0,224.0,233.0,233.00,0.0,0.0,229.09,"29,290.00",231.00,"6,710,093.00",90,2.0,10.0,0.87,4.46,1.68,298.00,183.00,,
2020/08/05,57,GBBL,35.77,426.0,432.0,425.1,427.0,427.00,0.0,0.0,426.91,"33,594.00",427.00,"14,341,700.50",114,0.0,6.9,0.0,1.62,0.02,498.00,378.70,410.89,407.35
2020/08/06,33,GBBL,38.95,225.0,229.0,224.0,227.0,227.00,0.0,0.0,226.52,"17,765.00",227.00,"4,024,190.00",66,0.0,5.0,0.0,2.23,0.21,298.00,183.00,,
2020/08/09,32,GBBL,43.59,227.0,231.0,224.0,231.0,231.00,0.0,0.0,226.60,"17,874.00",227.00,"4,050,203.00",69,4.0,7.0,1.76,3.13,1.91,298.00,183.00,,
2020/08/10,34,GBBL,44.91,235.0,242.0,228.0,241.0,241.00,0.0,0.0,238.48,"37,675.00",231.00,"8,984,557.00",131,10.0,14.0,4.33,6.14,1.05,298.00,183.00,,
2020/08/11,35,GBBL,60.09,238.0,246.0,237.0,245.0,245.00,0.0,0.0,242.50,"43,357.00",241.00,"10,514,252.00",138,4.0,9.0,1.66,3.8,1.02,298.00,183.00,,
2020/08/12,34,GBBL,54.68,241.0,244.0,239.0,241.0,241.00,0.0,0.0,241.11,"19,981.00",245.00,"4,817,562.00",87,-4.0,5.0,-1.63,2.09,-0.04,298.00,183.00,,
2020/08/13,34,GBBL,45.48,242.0,242.0,235.0,235.0,235.00,0.0,0.0,237.22,"11,862.00",241.00,"2,813,875.00",56,-6.0,7.0,-2.49,2.98,-0.94,298.00,183.00,,
2020/08/16,34,GBBL,38.67,232.0,234.0,228.0,234.0,234.00,0.0,0.0,231.94,"19,124.00",235.00,"4,435,691.00",71,-1.0,6.0,-0.43,2.63,0.88,298.00,183.00,,
2020/08/17,35,GBBL,37.18,234.0,235.0,231.0,234.0,234.00,0.0,0.0,233.74,"8,844.00",234.00,"2,067,174.00",40,0.0,4.0,0.0,1.73,0.11,298.00,183.00,,
2020/08/18,35,GBBL,40.3,234.0,238.0,234.0,236.0,236.00,0.0,0.0,235.06,"12,167.00",234.00,"2,859,990.00",44,2.0,4.0,0.85,1.71,0.4,298.00,183.00,,
2020/08/19,35,GBBL,44.09,232.0,233.0,230.0,231.0,231.00,0.0,0.0,231.06,"11,337.00",236.00,"2,619,520.00",54,-5.0,3.0,-2.12,1.3,-0.03,298.00,183.00,,
2020/08/20,34,GBBL,44.11,228.0,234.0,228.0,231.0,231.00,0.0,0.0,231.36,"5,597.00",231.00,"1,294,946.00",26,0.0,6.0,0.0,2.63,-0.16,298.00,183.00,,
2020/07/06,32,GBBL,44.37,207.0,219.0,204.0,213.0,213.00,0.0,0.0,210.29,"11,813.00",207.00,"2,484,158.00",51,6.0,15.0,2.9,7.35,1.27,298.00,183.00,,
2020/07/07,32,GBBL,46.78,213.0,224.0,211.0,218.0,218.00,0.0,0.0,216.29,"27,710.00",213.00,"5,993,479.00",137,5.0,13.0,2.35,6.16,0.78,298.00,183.00,,
2020/07/08,33,GBBL,57.79,221.0,225.0,214.0,219.0,219.00,0.0,0.0,219.62,"24,467.00",218.00,"5,373,351.00",116,1.0,11.0,0.46,5.14,-0.28,298.00,183.00,,
2020/07/09,32,GBBL,50.29,218.0,222.0,218.0,220.0,220.00,0.0,0.0,220.12,"11,571.00",219.00,"2,546,986.00",59,1.0,4.0,0.46,1.83,-0.05,298.00,183.00,,
2020/07/12,31,GBBL,53.15,223.0,224.0,219.0,220.0,220.00,0.0,0.0,220.66,"15,630.00",220.00,"3,448,844.00",79,0.0,5.0,0.0,2.28,-0.3,298.00,183.00,,
2020/07/13,32,GBBL,48.08,220.0,221.0,218.0,220.0,220.00,0.0,0.0,219.39,"7,229.00",220.00,"1,585,982.00",38,0.0,3.0,0.0,1.38,0.28,298.00,183.00,,
2020/07/14,31,GBBL,51.11,219.0,223.0,219.0,221.0,221.00,0.0,0.0,220.30,"10,326.00",220.00,"2,274,796.00",38,1.0,4.0,0.45,1.83,0.32,298.00,183.00,,
2020/07/15,32,GBBL,60.52,224.0,225.0,220.0,223.0,223.00,0.0,0.0,222.37,"24,871.00",221.00,"5,530,542.00",78,2.0,5.0,0.9,2.27,0.28,298.00,183.00,,
2020/07/16,33,GBBL,64.41,227.0,243.0,223.0,235.0,235.00,0.0,0.0,230.98,"42,622.00",223.00,"9,844,640.00",130,12.0,20.0,5.38,8.97,1.71,298.00,183.00,,
2020/07/19,25,GBBL,56.38,239.0,243.0,239.0,243.0,243.00,0.0,0.0,241.86,70.00,235.00,"16,930.00",5,8.0,4.0,3.4,1.67,0.47,298.00,183.00,,
2020/07/20,33,GBBL,65.04,255.0,265.0,241.0,245.0,245.00,0.0,0.0,251.71,"72,138.00",243.00,"18,158,118.00",263,2.0,24.0,0.82,9.96,-2.74,298.00,183.00,,
2020/07/21,33,GBBL,63.82,257.0,257.0,240.0,245.0,245.00,0.0,0.0,245.17,"49,254.00",245.00,"12,075,713.00",184,0.00,17.0,0.0,7.08,-0.07,298.00,183.00,,
2020/07/22,32,GBBL,65.13,246.0,257.0,244.0,248.0,248.00,0.0,0.0,246.83,"75,387.00",245.00,"18,607,522.00",227,3.0,13.0,1.22,5.33,0.47,298.00,183.00,,
2020/07/23,31,GBBL,53.26,244.0,249.0,242.0,248.0,248.00,0.0,0.0,246.91,"29,211.00",248.00,"7,212,486.00",118,0.0,7.0,0.0,2.89,0.44,298.00,183.00,,
2020/07/26,34,GBBL,53.95,244.0,252.0,244.0,247.0,247.00,0.0,0.0,249.55,"45,402.00",248.00,"11,330,056.00",132,-1.0,8.0,-0.4,3.28,-1.03,298.00,183.00,,
2020/07/27,33,GBBL,50.33,245.0,253.0,245.0,250.0,250.00,0.0,0.0,250.29,"26,014.00",247.00,"6,511,008.00",120,3.0,8.0,1.21,3.27,-0.12,298.00,183.00,,
2020/03/10,30,GBBL,39.15,252.0,252.0,235.0,236.0,236.00,0.0,0.0,240.08,"29,893.00",257.00,"7,176,778.00",85,-21.0,17.0,-8.17,7.23,-1.73,298.00,180.00,,
2020/03/11,33,GBBL,43.18,240.0,253.0,233.0,249.0,249.00,0.0,0.0,243.74,"58,610.00",236.00,"14,285,524.00",151,13.0,20.0,5.51,8.58,2.11,298.00,182.00,,
2020/03/12,34,GBBL,41.2,246.0,248.0,238.0,240.0,240.00,0.0,0.0,241.71,"66,146.00",249.00,"15,987,947.00",149,-9.0,10.0,-3.61,4.2,-0.71,298.00,183.00,,
2020/03/15,32,GBBL,37.5,242.0,242.0,232.0,233.0,233.00,0.0,0.0,234.08,"46,997.00",240.00,"11,001,119.00",171,-7.0,10.0,-2.92,4.31,-0.46,298.00,183.00,,
2020/03/16,34,GBBL,38.79,231.0,241.0,225.0,232.0,232.00,0.0,0.0,232.17,"28,947.00",233.00,"6,720,550.00",91,-1.00,16.0,-0.43,7.11,-0.07,298.00,183.00,,
2020/03/17,32,GBBL,32.37,230.0,230.0,221.0,221.0,221.00,0.0,0.0,224.81,"45,479.00",232.00,"10,224,009.00",151,-11.00,9.0,-4.74,4.07,-1.72,298.00,183.00,,
2020/03/18,31,GBBL,36.47,220.0,223.0,213.0,219.0,219.00,0.0,0.0,216.58,"36,340.00",221.00,"7,870,634.00",120,-2.0,10.0,-0.9,4.69,1.1,298.00,183.00,,
2020/03/19,31,GBBL,37.74,215.0,224.0,211.0,218.0,218.00,0.0,0.0,218.27,"35,147.00",219.00,"7,671,710.00",124,-1.0,13.0,-0.46,6.16,-0.13,298.00,183.00,,
2020/03/22,23,GBBL,30.16,218.0,220.0,214.0,220.0,220.00,0.0,0.0,219.05,629.00,218.00,"137,780.00",8,2.0,6.0,0.92,2.8,0.43,298.00,183.00,,
2020/05/12,17,GBBL,30.21,216.0,216.0,214.0,214.0,214.00,0.0,0.0,215.00,20.00,220.00,"4,300.00",2,-6.0,2.0,-2.73,0.93,-0.47,298.00,183.00,,
2020/05/13,17,GBBL,29.06,210.0,210.0,208.0,208.0,208.00,0.0,0.0,209.67,60.00,214.00,"12,580.00",2,-6.0,2.0,-2.8,0.96,-0.8,298.00,183.00,,
2020/06/22,57,GBBL,35.77,426.0,432.0,425.1,427.0,427.00,0.0,0.0,426.91,"33,594.00",427.00,"14,341,700.50",114,0.0,6.9,0.0,1.62,0.02,498.00,378.70,410.89,407.35
2020/06/29,24,GBBL,27.60,204.0,204.0,188.0,196.0,200.00,-4.0,-0.02,196.43,"19,426.00",208.00,"3,815,868.00",116,-8.0,16.0,-3.85,8.51,-0.22,298.00,183.00,,
2020/06/30,24,GBBL,33.31,199.0,212.0,199.0,210.0,210.00,0.0,0.0,208.05,"3,257.00",196.00,"677,617.00",12,14.00,13.0,7.14,6.53,0.93,298.00,183.00,,
2020/07/01,26,GBBL,42.86,214.0,222.0,214.0,220.0,220.00,0.0,0.0,219.64,"2,731.00",210.00,"599,850.00",12,10.0,8.0,4.76,3.74,0.16,298.00,183.00,,
2020/07/02,25,GBBL,39.24,224.0,224.0,204.0,210.0,210.00,0.0,0.0,216.56,"6,774.00",220.00,"1,466,960.00",24,-10.0,20.0,-4.55,9.8,-3.12,298.00,183.00,,
2020/02/13,32,GBBL,44.31,241.0,243.0,238.0,238.0,238.00,0.0,0.0,239.95,"28,570.00",241.00,"6,855,444.00",101,-3.0,5.0,-1.24,2.1,-0.82,258.00,178.00,,
2020/02/15,57,GBBL,35.77,426.0,432.0,425.1,427.0,427.00,0.0,0.0,426.91,"33,594.00",427.00,"14,341,700.50",114,0.0,6.9,0.0,1.62,0.02,498.00,378.70,410.89,407.35
2020/02/16,32,GBBL,40.34,242.0,246.0,238.0,239.0,239.00,0.0,0.0,239.69,"13,637.00",238.00,"3,268,667.00",64,1.0,8.0,0.42,3.36,-0.29,258.00,178.00,,
2020/02/17,32,GBBL,57.62,243.0,248.0,240.0,247.0,247.00,0.0,0.0,243.32,"45,387.00",239.00,"11,043,763.00",139,8.0,8.0,3.35,3.33,1.49,258.00,178.00,,
2020/02/18,34,GBBL,59.32,247.0,249.0,242.0,246.0,246.00,0.0,0.0,246.34,"41,031.00",247.00,"10,107,393.00",107,-1.0,7.00,-0.4,2.89,-0.14,258.00,178.00,,
2020/02/19,32,GBBL,58.64,242.0,248.0,242.0,244.0,244.00,0.0,0.0,245.53,"11,132.00",246.00,"2,733,265.00",63,-2.0,6.0,-0.81,2.48,-0.63,258.00,178.00,,
2020/02/20,32,GBBL,57.18,247.0,247.0,243.0,244.0,244.00,0.0,0.0,244.65,"27,710.00",244.00,"6,779,314.00",78,0.0,4.0,0.0,1.65,-0.27,258.00,178.00,,
2020/02/23,33,GBBL,62.17,246.0,263.0,246.0,257.0,257.00,0.0,0.0,253.17,"58,214.00",244.00,"14,738,126.00",159,13.0,17.0,5.33,6.91,1.49,263.00,178.00,,
2020/02/24,32,GBBL,64.2,262.0,269.0,254.0,256.0,256.00,0.0,0.0,260.46,"52,940.00",257.00,"13,788,635.00",186,-1.0,15.0,-0.39,5.91,-1.74,269.00,178.00,,
2020/02/25,33,GBBL,64.49,251.0,260.0,247.0,259.0,259.00,0.0,0.0,256.07,"35,925.00",256.00,"9,199,308.00",121,3.00,13.00,1.17,5.26,1.13,269.00,179.00,,
2020/02/26,33,GBBL,70.64,260.0,280.0,260.0,273.0,273.00,0.0,0.0,269.57,"170,441.00",259.00,"45,946,308.00",327,14.00,20.00,5.41,7.69,1.26,280.00,179.00,,
2020/02/27,33,GBBL,69.34,270.0,289.0,260.0,289.0,289.00,0.0,0.0,274.24,"110,293.00",273.00,"30,247,060.00",264,16.00,29.00,5.86,11.15,5.11,289.00,179.00,,
2020/03/01,33,GBBL,64.03,290.0,298.0,273.0,273.0,273.00,0.0,0.0,279.67,"84,685.00",289.00,"23,684,080.00",260,-16.00,25.0,-5.54,9.16,-2.44,298.00,179.00,,
2020/03/02,32,GBBL,46.93,268.0,270.0,246.0,246.0,246.00,0.0,0.0,258.96,"59,894.00",273.00,"15,510,395.00",149,-27.0,24.00,-9.89,9.76,-5.27,298.00,179.00,,
2020/03/03,33,GBBL,51.79,246.0,265.0,243.0,255.0,255.00,0.0,0.0,256.40,"94,386.00",246.00,"24,200,232.00",256,9.0,22.00,3.66,9.05,-0.55,298.00,179.00,,
2020/03/04,34,GBBL,51.24,251.0,259.0,240.0,245.0,245.00,0.0,0.0,247.48,"109,142.00",255.00,"27,010,726.00",229,-10.0,19.0,-3.92,7.92,-1.01,298.00,180.00,,
2020/01/21,32,GBBL,60.52,234.0,235.0,227.0,233.0,233.00,0.0,0.0,231.23,"34,482.00",235.00,"7,973,366.00",58,-2.0,8.0,-0.85,3.52,0.76,245.00,178.00,,
2020/01/22,31,GBBL,56.56,236.0,237.0,230.0,230.0,230.00,0.0,0.0,231.56,"6,888.00",233.00,"1,594,975.00",35,-3.0,7.0,-1.29,3.04,-0.68,245.00,178.00,,
2020/01/23,31,GBBL,46.98,228.0,232.0,228.0,228.0,228.00,0.0,0.0,230.22,"12,553.00",230.00,"2,889,974.00",57,-2.0,4.0,-0.87,1.75,-0.97,245.00,178.00,,
2020/01/26,32,GBBL,49.67,226.0,228.0,225.0,226.0,226.00,0.0,0.0,226.31,"25,813.00",228.00,"5,841,804.00",65,-2.0,3.0,-0.88,1.33,-0.14,245.00,178.00,,
2020/01/27,32,GBBL,48.75,226.0,235.0,226.0,233.0,233.00,0.0,0.0,229.73,"23,417.00",226.00,"5,379,622.00",67,7.0,9.0,3.1,3.98,1.4,245.00,178.00,,
2020/01/28,31,GBBL,50.82,233.0,235.0,231.0,231.0,231.00,0.0,0.0,232.92,"18,289.00",233.00,"4,259,913.00",69,-2.0,4.0,-0.86,1.73,-0.83,245.00,178.00,,
2020/01/29,32,GBBL,52.22,233.0,233.0,228.0,230.0,230.00,0.0,0.0,230.21,"18,701.00",231.00,"4,305,108.00",49,-1.0,5.0,-0.43,2.19,-0.09,245.00,178.00,,
2020/01/30,31,GBBL,52.3,234.0,234.0,229.0,232.0,232.00,0.0,0.0,230.90,"13,726.00",230.00,"3,169,295.00",47,2.0,5.0,0.87,2.18,0.48,245.00,178.00,,
2020/02/02,31,GBBL,50.76,236.0,237.0,232.0,235.0,235.00,0.0,0.0,234.77,"36,125.00",232.00,"8,481,188.00",94,3.0,5.0,1.29,2.16,0.1,245.00,178.00,,
2020/02/03,32,GBBL,65.49,237.0,258.0,236.0,257.0,257.00,0.0,0.0,249.38,"163,618.00",235.00,"40,803,716.00",417,22.0,22.0,9.36,9.32,2.96,258.00,178.00,,
2020/02/04,32,GBBL,65.7,255.0,257.0,240.0,250.0,250.00,0.0,0.0,249.51,"152,614.00",257.00,"38,079,432.00",440,-7.0,17.0,-2.72,7.08,0.19,258.00,178.00,,
2020/02/05,32,GBBL,57.13,255.0,255.0,243.0,248.0,248.00,0.0,0.0,246.16,"31,764.00",250.00,"7,818,971.00",134,-2.0,12.0,-0.8,4.94,0.74,258.00,178.00,,
2020/02/06,32,GBBL,54.87,248.0,249.0,242.0,244.0,244.00,0.0,0.0,244.72,"26,882.00",248.00,"6,578,473.00",165,-4.0,7.0,-1.61,2.89,-0.29,258.00,178.00,,
2020/02/09,31,GBBL,45.11,240.0,244.0,239.0,240.0,240.00,0.0,0.0,240.55,"35,545.00",244.00,"8,550,324.00",114,-4.0,5.0,-1.64,2.09,-0.23,258.00,178.00,,
2020/02/10,32,GBBL,46.03,240.0,242.0,236.0,241.0,241.00,0.0,0.0,239.24,"23,584.00",240.00,"5,642,217.00",83,1.0,6.0,0.42,2.54,0.73,258.00,178.00,,
2020/02/11,32,GBBL,45.63,242.0,245.0,240.0,244.0,244.00,0.0,0.0,242.97,"17,802.00",241.00,"4,325,407.00",64,3.0,5.0,1.24,2.08,0.42,258.00,178.00,,
2019/12/29,35,GBBL,33.42,203.0,203.0,200.0,200.0,200.00,0.0,0.0,200.54,"3,603.00",203.00,"722,540.00",30,-3.0,3.0,-1.48,1.5,-0.27,240.00,178.00,,
2019/12/30,34,GBBL,41.9,200.0,201.0,200.0,200.0,200.00,0.0,0.0,200.44,"4,524.00",200.00,"906,813.00",31,0.0,1.0,0.0,0.5,-0.22,240.00,178.00,,
2019/12/31,33,GBBL,44.02,200.0,202.0,200.0,202.0,202.00,0.0,0.0,201.56,"5,919.00",200.00,"1,193,007.00",23,2.0,2.0,1.0,1.0,0.22,240.00,178.00,,
2020/01/01,34,GBBL,38.07,203.0,203.0,202.0,203.0,203.00,0.0,0.0,202.47,"2,650.00",202.00,"536,538.00",10,1.0,1.0,0.5,0.5,0.26,240.00,178.00,,
2020/01/02,33,GBBL,50.83,203.0,205.0,203.0,204.0,204.00,0.0,0.0,203.94,"5,444.00",203.00,"1,110,243.00",28,1.0,2.0,0.49,0.99,0.03,240.00,178.00,,
2020/01/05,31,GBBL,54.76,206.0,207.0,204.0,205.0,205.00,0.0,0.0,205.35,"7,332.00",204.00,"1,505,612.00",43,1.0,3.0,0.49,1.47,-0.17,240.00,178.00,,
2020/01/06,33,GBBL,59.66,207.0,209.0,207.0,209.0,209.00,0.0,0.0,208.07,"13,075.00",205.00,"2,720,459.00",51,4.0,2.0,1.95,0.97,0.45,240.00,178.00,,
2020/01/07,34,GBBL,61.61,210.0,214.0,210.0,214.0,214.00,0.0,0.0,212.62,"12,200.00",209.00,"2,594,006.00",58,5.0,4.0,2.39,1.9,0.64,240.00,178.00,,
2020/01/08,33,GBBL,62.6,215.0,215.0,211.0,212.0,212.00,0.0,0.0,213.51,"23,747.00",214.00,"5,070,291.00",54,-2.0,4.0,-0.93,1.9,-0.71,240.00,178.00,,
2020/01/09,32,GBBL,62.48,215.0,215.0,211.0,215.0,215.00,0.0,0.0,212.73,"21,408.00",212.00,"4,554,032.00",71,3.0,4.0,1.42,1.9,1.06,240.00,178.00,,
2020/01/12,33,GBBL,63.95,213.0,223.0,213.0,223.0,223.00,0.0,0.0,220.22,"21,285.00",215.00,"4,687,358.00",76,8.0,10.0,3.72,4.69,1.25,240.00,178.00,,
2020/01/13,34,GBBL,63.16,227.0,230.0,220.0,229.0,229.00,0.0,0.0,226.96,"26,492.00",223.00,"6,012,532.00",98,6.0,10.0,2.69,4.55,0.89,240.00,178.00,,
2020/01/14,35,GBBL,61.51,229.0,229.0,221.0,226.0,226.00,0.0,0.0,224.65,"19,863.00",229.00,"4,462,206.00",62,-3.0,8.0,-1.31,3.62,0.6,240.00,178.00,,
2020/01/15,34,GBBL,55.85,230.0,232.0,227.0,232.0,232.00,0.0,0.0,229.35,"12,975.00",226.00,"2,975,778.00",51,6.0,5.0,2.65,2.2,1.14,240.00,178.00,,
2020/01/16,34,GBBL,60.56,235.0,235.0,231.0,233.0,233.00,0.0,0.0,233.01,"36,004.00",232.00,"8,389,318.00",107,1.0,4.0,0.43,1.73,0.0,240.00,178.00,,
2020/01/19,33,GBBL,65.48,233.0,245.0,233.0,240.0,240.00,0.0,0.0,237.55,"33,702.00",233.00,"8,005,930.00",106,7.0,12.0,3.0,5.15,1.02,245.00,178.00,,
2019/12/04,34,GBBL,33.44,194.0,196.0,194.0,196.0,196.00,0.0,0.0,195.24,"5,668.00",194.00,"1,106,616.00",28,2.0,2.0,1.03,1.03,0.39,240.00,171.00,,
2019/12/05,31,GBBL,52.31,197.0,198.0,195.0,197.0,197.00,0.0,0.0,197.16,"8,693.00",196.00,"1,713,935.00",21,1.0,3.0,0.51,1.54,-0.08,240.00,171.00,,
2019/12/08,31,GBBL,48.84,197.0,198.0,196.0,197.0,197.00,0.0,0.0,197.08,"5,591.00",197.00,"1,101,863.00",19,0.0,2.0,0.0,1.02,-0.04,240.00,172.00,,
2019/12/09,32,GBBL,55.14,197.0,205.0,197.0,202.0,202.00,0.0,0.0,200.97,"13,118.00",197.00,"2,636,283.00",46,5.0,8.0,2.54,4.06,0.51,240.00,172.00,,
2019/12/10,31,GBBL,54.74,201.0,206.0,201.0,205.0,205.00,0.0,0.0,204.03,"10,085.00",202.00,"2,057,681.00",39,3.0,5.0,1.49,2.49,0.47,240.00,172.00,,
2019/12/11,32,GBBL,55.77,203.0,207.0,203.0,207.0,207.00,0.0,0.0,205.06,"10,953.00",205.00,"2,246,065.00",26,2.0,4.0,0.98,1.97,0.94,240.00,172.00,,
2019/12/12,33,GBBL,57.21,210.0,210.0,204.0,206.0,206.00,0.0,0.0,205.89,"10,847.00",207.00,"2,233,253.00",25,-1.0,6.0,-0.48,2.94,0.06,240.00,172.00,,
2019/12/15,32,GBBL,54.08,206.0,208.0,202.0,202.0,202.00,0.0,0.0,203.43,"17,843.00",206.00,"3,629,726.00",44,-4.0,6.0,-1.94,2.97,-0.71,240.00,174.00,,
2019/12/16,32,GBBL,47.52,202.0,204.0,200.0,200.0,200.00,0.0,0.0,201.60,"11,308.00",202.00,"2,279,722.00",35,-2.0,4.0,-0.99,2.0,-0.8,240.00,174.00,,
2019/12/17,30,GBBL,41.55,201.0,201.0,201.0,201.0,201.00,0.0,0.0,201.00,"1,399.00",200.00,"281,199.00",3,1.0,0.0,0.5,0.0,0.0,240.00,174.00,,
2019/12/18,33,GBBL,45.03,201.0,202.0,201.0,202.0,202.00,0.0,0.0,201.91,"4,982.00",201.00,"1,005,935.00",31,1.0,1.0,0.5,0.5,0.04,240.00,174.00,,
2019/12/19,33,GBBL,49.17,200.0,204.0,200.0,202.0,202.00,0.0,0.0,202.30,"5,495.00",202.00,"1,111,630.00",31,0.0,4.0,0.0,2.0,-0.15,240.00,175.00,,
2019/12/22,30,GBBL,46.86,200.0,201.0,200.0,201.0,201.00,0.0,0.0,200.04,"2,770.00",202.00,"554,110.00",7,-1.0,1.0,-0.5,0.5,0.48,240.00,178.00,,
2019/12/23,34,GBBL,54.15,203.0,204.0,201.0,204.0,204.00,0.0,0.0,202.82,"7,712.00",201.00,"1,564,168.00",50,3.00,3.0,1.49,1.49,0.58,240.00,178.00,,
2019/12/24,32,GBBL,46.23,205.0,206.0,201.0,201.0,201.00,0.0,0.0,204.07,"3,766.00",204.00,"768,530.00",23,-3.0,5.0,-1.47,2.49,-1.53,240.00,178.00,,
2019/12/25,33,GBBL,48.55,201.0,202.0,200.0,201.0,201.00,0.0,0.0,201.34,"7,126.00",201.00,"1,434,748.00",23,0.0,2.0,0.0,1.0,-0.17,240.00,178.00,,
2019/11/11,33,GBBL,42.54,220.0,223.0,220.0,221.0,221.00,0.0,0.0,220.70,"12,800.00",221.00,"2,824,953.00",49,0.0,3.0,0.0,1.36,0.14,240.00,171.00,,
2019/11/12,31,GBBL,35.91,221.0,221.0,220.0,221.0,221.00,0.0,0.0,220.59,"3,858.00",221.00,"851,025.00",20,0.0,1.0,0.0,0.45,0.19,240.00,171.00,,
2019/11/13,27,GBBL,37.06,219.0,220.0,217.0,220.0,220.00,0.0,0.0,218.89,"5,290.00",221.00,"1,157,924.00",21,-1.0,3.0,-0.45,1.38,0.5,240.00,171.00,,
2019/11/14,31,GBBL,35.86,220.0,222.0,219.0,219.0,219.00,0.0,0.0,219.99,"6,335.00",220.00,"1,393,605.00",10,-1.0,3.0,-0.45,1.37,-0.45,240.00,171.00,,
2019/11/17,29,GBBL,47.36,223.0,226.0,223.0,223.0,223.00,0.0,0.0,224.03,"24,291.00",219.00,"5,441,980.00",58,4.0,3.0,1.83,1.35,-0.46,240.00,171.00,,
2019/11/18,31,GBBL,47.41,225.0,225.0,221.0,224.0,224.00,0.0,0.0,224.23,"8,818.00",223.00,"1,977,247.00",36,1.0,4.0,0.45,1.81,-0.1,240.00,171.00,,
2019/11/19,32,GBBL,49.99,225.0,227.0,224.0,225.0,225.00,0.0,0.0,225.27,"9,662.00",224.00,"2,176,517.00",32,1.0,3.0,0.45,1.34,-0.12,240.00,171.00,,
2019/11/20,57,GBBL,35.77,426.0,432.0,425.1,427.0,427.00,0.0,0.0,426.91,"33,594.00",427.00,"14,341,700.50",114,0.0,6.9,0.0,1.62,0.02,498.00,378.70,410.89,407.35
2019/11/21,30,GBBL,46.52,226.0,227.0,223.0,225.0,225.00,0.0,0.0,224.82,"24,673.00",225.00,"5,546,932.00",62,0.0,4.0,0.0,1.79,0.08,240.00,171.00,,
2019/11/24,31,GBBL,36.52,227.0,227.0,223.0,224.0,224.00,0.0,0.0,223.94,"5,112.00",225.00,"1,144,764.00",35,-1.0,4.0,-0.44,1.79,0.03,240.00,171.00,,
2019/11/25,32,GBBL,36.4,222.0,223.0,220.0,222.0,222.00,0.0,0.0,221.40,"14,910.00",224.00,"3,301,047.00",86,-2.0,3.0,-0.89,1.36,0.27,240.00,171.00,,
2019/11/26,33,GBBL,32.88,222.0,225.0,221.0,222.0,222.00,0.0,0.0,222.23,"7,411.00",222.00,"1,646,927.00",31,0.0,4.0,0.0,1.81,-0.1,240.00,171.00,,
2019/11/27,32,GBBL,36.79,222.0,224.0,221.0,224.0,224.00,0.0,0.0,223.09,"11,314.00",222.00,"2,524,033.00",54,2.0,3.0,0.9,1.36,0.41,240.00,171.00,,
2019/11/28,30,GBBL,41.62,225.0,225.0,223.0,224.0,224.00,0.0,0.0,224.08,"29,115.00",224.00,"6,524,200.00",147,0.0,2.0,0.0,0.9,-0.04,240.00,171.00,,
2019/12/01,29,GBBL,32.34,190.0,190.0,183.0,187.0,187.00,0.0,0.0,187.35,"11,440.00",192.85,"2,143,258.00",66,-37.0,7.0,-16.52,3.83,-0.19,240.00,171.00,,
2019/12/02,30,GBBL,28.51,190.0,191.0,190.0,190.0,190.00,0.0,0.0,190.67,"2,375.00",187.00,"452,830.00",12,3.0,1.0,1.6,0.53,-0.35,240.00,171.00,,
2019/10/10,28,GBBL,36.51,212.0,212.0,212.0,212.0,212.00,0.0,0.0,212.00,750.00,212.00,"159,000.00",3,0.0,0.0,0.0,0.0,0.0,240.00,171.00,,
2019/10/14,32,GBBL,31.32,210.0,213.0,209.0,210.0,210.00,0.0,0.0,211.75,"2,461.00",212.00,"521,119.00",14,-2.0,4.0,-0.94,1.91,-0.83,240.00,171.00,,
2019/10/15,29,GBBL,49.16,210.0,214.0,210.0,212.0,212.00,0.0,0.0,210.87,"2,515.00",210.00,"530,338.00",8,2.0,4.0,0.95,1.9,0.53,240.00,171.00,,
2019/10/16,26,GBBL,45.96,214.0,217.0,213.0,216.0,216.00,0.0,0.0,214.45,"1,275.00",212.00,"273,422.00",13,4.0,4.0,1.89,1.88,0.72,240.00,171.00,,
2019/10/17,27,GBBL,50.84,216.0,216.0,213.0,216.0,216.00,0.0,0.0,215.05,"3,088.00",216.00,"664,062.00",20,0.0,3.0,0.0,1.41,0.44,240.00,171.00,,
2019/10/20,25,GBBL,42.38,214.0,214.0,213.0,213.0,213.00,0.0,0.0,213.23,"2,205.00",216.00,"470,182.00",8,-3.0,1.0,-1.39,0.47,-0.11,240.00,171.00,,
2019/10/21,31,GBBL,36.55,213.0,213.0,213.0,213.0,213.00,0.0,0.0,213.00,"1,955.00",213.00,"416,415.00",11,0.0,0.0,0.0,0.0,0.0,240.00,171.00,,
2019/10/22,33,GBBL,35.21,214.0,214.0,211.0,211.0,211.00,0.0,0.0,213.00,"3,527.00",213.00,"751,256.00",20,-2.0,3.0,-0.94,1.42,-0.95,240.00,171.00,,
2019/10/23,32,GBBL,37.83,214.0,220.0,212.0,216.0,216.00,0.0,0.0,214.72,"2,481.00",211.00,"532,724.00",15,5.0,8.0,2.37,3.77,0.59,240.00,171.00,,
2019/10/24,30,GBBL,55.62,218.0,219.0,216.0,219.0,219.00,0.0,0.0,218.28,"6,962.00",216.00,"1,519,692.00",32,3.0,3.0,1.39,1.39,0.33,240.00,171.00,,
2019/10/31,31,GBBL,49.07,220.0,221.0,216.0,220.0,220.00,0.0,0.0,219.21,"7,046.00",219.00,"1,544,556.00",38,1.0,5.0,0.46,2.31,0.36,240.00,171.00,,
2019/11/03,33,GBBL,57.5,221.0,223.0,220.0,222.0,222.00,0.0,0.0,220.80,"13,093.00",220.00,"2,890,992.00",69,2.0,3.0,0.91,1.36,0.54,240.00,171.00,,
2019/11/04,32,GBBL,53.85,222.0,225.0,221.0,224.0,224.00,0.0,0.0,223.55,"12,324.00",222.00,"2,755,050.00",49,2.0,4.0,0.9,1.81,0.2,240.00,171.00,,
2019/11/05,31,GBBL,44.7,224.0,225.0,222.0,224.0,224.00,0.0,0.0,223.11,"3,218.00",224.00,"717,955.00",19,0.0,3.0,0.0,1.35,0.4,240.00,171.00,,
2019/11/06,29,GBBL,43.8,225.0,225.0,223.0,223.0,223.00,0.0,0.0,223.20,"5,034.00",224.00,"1,123,582.00",51,-1.0,2.0,-0.45,0.9,-0.09,240.00,171.00,,
2019/11/07,29,GBBL,41.68,222.0,224.0,221.0,221.0,221.00,0.0,0.0,221.71,"11,331.00",223.00,"2,512,210.00",52,-2.0,3.0,-0.9,1.36,-0.32,240.00,171.00,,
2019/09/12,33,GBBL,44.93,210.0,213.0,210.0,212.0,212.00,0.0,0.0,211.08,"9,049.00",213.00,"1,910,081.00",29,-1.0,3.0,-0.47,1.43,0.43,240.00,171.00,,
2019/09/15,31,GBBL,34.42,210.0,210.0,207.0,207.0,207.00,0.0,0.0,208.01,"9,538.00",212.00,"1,984,035.00",41,-5.0,3.0,-2.36,1.45,-0.49,240.00,171.00,,
2019/09/16,33,GBBL,30.37,210.0,210.0,206.0,207.0,207.00,0.0,0.0,207.08,"7,813.00",207.00,"1,617,895.00",20,0.0,4.0,0.0,1.94,-0.04,240.00,171.00,,
2019/09/17,33,GBBL,43.26,206.0,212.0,206.0,212.0,212.00,0.0,0.0,210.03,"10,982.00",207.00,"2,306,550.00",22,5.0,6.0,2.42,2.91,0.93,240.00,171.00,,
2019/09/18,34,GBBL,49.42,215.0,215.0,212.0,215.0,215.00,0.0,0.0,212.67,"3,772.00",212.00,"802,174.00",23,3.0,3.0,1.42,1.42,1.09,240.00,171.00,,
2019/09/19,30,GBBL,44.85,212.0,215.0,212.0,214.0,214.00,0.0,0.0,213.12,"1,238.00",215.00,"263,844.00",9,-1.0,3.0,-0.47,1.42,0.41,240.00,171.00,,
2019/09/22,31,GBBL,40.43,213.0,213.0,208.0,208.0,208.00,0.0,0.0,210.08,961.00,214.00,"201,888.00",11,-6.0,5.0,-2.8,2.4,-1.0,240.00,171.00,,
2019/09/23,32,GBBL,29.54,210.0,210.0,207.0,208.0,208.00,0.0,0.0,208.10,"5,172.00",208.00,"1,076,314.00",30,0.0,3.0,0.0,1.45,-0.05,240.00,171.00,,
2019/09/24,33,GBBL,33.52,208.0,208.0,207.0,208.0,208.00,0.0,0.0,208.00,"6,710.00",208.00,"1,395,654.00",19,0.0,1.0,0.0,0.48,0.0,240.00,171.00,,
2019/09/25,34,GBBL,35.63,209.0,209.0,206.0,208.0,208.00,0.0,0.0,206.80,"9,932.00",208.00,"2,053,896.00",72,0.0,3.0,0.0,1.46,0.58,240.00,171.00,,
2019/09/26,33,GBBL,40.75,207.0,209.0,207.0,208.0,208.00,0.0,0.0,207.96,"2,264.00",208.00,"470,814.00",16,0.0,2.0,0.0,0.97,0.02,240.00,171.00,,
2019/09/29,32,GBBL,42.6,207.0,211.0,207.0,209.0,209.00,0.0,0.0,208.88,"2,102.00",208.00,"439,062.00",12,1.0,4.0,0.48,1.93,0.06,240.00,171.00,,
2019/09/30,29,GBBL,40.08,209.0,210.0,209.0,210.0,210.00,0.0,0.0,209.39,"5,551.00",209.00,"1,162,334.00",17,1.0,1.0,0.48,0.48,0.29,240.00,171.00,,
2019/10/01,30,GBBL,44.58,214.0,214.0,210.0,212.0,212.00,0.0,0.0,211.60,"1,549.00",210.00,"327,771.00",9,2.0,4.0,0.95,1.9,0.19,240.00,171.00,,
2019/10/02,29,GBBL,46.63,212.0,213.0,210.0,210.0,210.00,0.0,0.0,212.01,"3,441.00",212.00,"729,510.00",12,-2.0,3.0,-0.94,1.43,-0.95,240.00,171.00,,
2019/10/03,32,GBBL,47.33,211.0,212.0,210.0,212.0,212.00,0.0,0.0,211.10,"3,214.00",210.00,"678,476.00",10,2.00,2.00,0.95,0.95,0.42,240.00,171.00,,
2019/11/10,30,GBBL,39.46,218.0,221.0,218.0,221.0,221.00,0.0,0.0,220.34,"13,917.00",221.00,"3,066,492.00",26,0.0,3.0,0.0,1.38,0.3,240.00,171.00,,
2019/12/03,33,GBBL,31.93,190.0,195.0,190.0,194.0,194.00,0.0,0.0,191.76,"5,363.00",190.00,"1,028,415.00",19,4.0,5.0,2.11,2.63,1.15,240.00,171.00,,
2019/12/26,31,GBBL,47.27,202.0,203.0,202.0,203.0,203.00,0.0,0.0,202.66,"3,276.00",201.00,"663,902.00",13,2.00,1.0,1.0,0.5,0.17,240.00,178.00,,
2020/01/20,33,GBBL,62.51,244.0,245.0,231.0,235.0,235.00,0.0,0.0,239.26,"46,188.00",240.00,"11,050,808.00",108,-5.0,14.0,-2.08,6.06,-1.81,245.00,178.00,,
2020/02/12,32,GBBL,45.18,247.0,247.0,241.0,241.0,241.00,0.0,0.0,242.56,"24,741.00",244.00,"6,001,185.00",76,-3.0,6.0,-1.23,2.49,-0.65,258.00,178.00,,
2020/03/05,34,GBBL,50.92,241.0,257.0,237.0,257.0,257.00,0.0,0.0,244.38,"101,032.00",245.00,"24,690,604.00",171,12.0,20.0,4.9,8.44,4.91,298.00,180.00,,
2020/07/05,31,GBBL,46.84,210.0,212.0,202.0,207.0,207.00,0.0,0.0,207.64,"19,994.00",210.00,"4,151,616.00",84,-3.0,10.0,-1.43,4.95,-0.31,298.00,183.00,,
2020/07/28,32,GBBL,46.27,246.0,250.0,246.0,247.0,247.00,0.0,0.0,247.98,"7,147.00",250.00,"1,772,321.00",65,-3.0,4.0,-1.2,1.63,-0.4,298.00,183.00,,
2020/08/23,34,GBBL,52.36,229.0,235.0,229.0,234.0,234.00,0.0,0.0,233.28,"13,913.00",231.00,"3,245,619.00",35,3.0,6.0,1.3,2.62,0.31,298.00,183.00,,
2020/09/16,35,GBBL,52.48,234.0,239.0,233.0,236.0,236.00,0.0,0.0,236.44,"12,877.00",237.00,"3,044,660.00",68,-1.0,6.0,-0.42,2.58,-0.19,298.00,183.00,,
2020/10/11,35,GBBL,56.24,277.0,277.0,260.0,261.0,261.00,0.0,0.0,262.25,"45,923.00",264.00,"12,043,211.00",188,-3.0,17.0,-1.14,6.54,-0.48,298.00,183.00,,
2020/11/05,34,GBBL,46.01,273.0,273.0,266.0,267.0,267.00,0.0,0.0,267.17,"13,174.00",268.00,"3,519,684.00",95,-1.0,7.0,-0.37,2.63,-0.06,298.00,183.00,,
2020/12/03,36,GBBL,60.75,275.0,282.0,269.0,270.0,270.00,0.0,0.0,271.68,"65,235.00",272.00,"17,723,044.00",213,-2.0,13.00,-0.74,4.83,-0.62,304.00,188.00,,
2020/12/27,36,GBBL,58.42,320.0,320.0,302.0,303.0,303.00,0.0,0.0,305.29,"59,200.00",308.00,"18,073,456.00",286,-5.0,18.0,-1.62,5.96,-0.76,320.00,188.00,,
2021/01/20,37,GBBL,66.92,365.0,365.0,350.0,359.0,359.00,0.0,0.0,354.91,"93,833.00",360.00,"33,302,242.00",354,-1.0,15.0,-0.28,4.29,1.14,377.00,188.00,,
2019/08/20,31,GBBL,49.72,216.0,216.0,213.0,215.0,215.00,0.0,0.0,213.87,"7,443.00",215.00,"1,591,865.00",19,0.0,3.0,0.0,1.41,0.52,240.00,171.00,,
2019/08/21,34,GBBL,47.37,215.0,216.0,213.0,216.0,216.00,0.0,0.0,215.04,"3,069.00",215.00,"659,969.00",19,1.0,3.0,0.47,1.41,0.44,240.00,171.00,,
2019/08/22,32,GBBL,41.71,217.0,219.0,212.0,212.0,212.00,0.0,0.0,214.21,"8,169.00",216.00,"1,749,865.00",34,-4.0,7.0,-1.85,3.3,-1.04,240.00,171.00,,
2019/08/25,57,GBBL,35.77,426.0,432.0,425.1,427.0,427.00,0.0,0.0,426.91,"33,594.00",427.00,"14,341,700.50",114,0.0,6.9,0.0,1.62,0.02,498.00,378.70,410.89,407.35
2019/08/26,30,GBBL,40.53,212.0,214.0,212.0,213.0,213.00,0.0,0.0,213.08,"3,310.00",212.00,"705,280.00",11,1.0,2.0,0.47,0.94,-0.04,240.00,171.00,,
2019/08/27,33,GBBL,41.02,213.0,216.0,213.0,215.0,215.00,0.0,0.0,215.07,"2,870.00",213.00,"617,250.00",10,2.0,3.0,0.94,1.41,-0.03,240.00,171.00,,
2019/08/28,34,GBBL,45.71,215.0,216.0,211.0,211.0,211.00,0.0,0.0,213.26,"12,292.00",215.00,"2,621,357.00",43,-4.0,5.0,-1.86,2.37,-1.07,240.00,171.00,,
2019/08/29,34,GBBL,51.33,215.0,215.0,211.0,214.0,214.00,0.0,0.0,211.52,"10,121.00",211.00,"2,140,811.00",23,3.0,4.0,1.42,1.9,1.16,240.00,171.00,,
2019/09/01,35,GBBL,44.87,213.0,214.0,211.0,213.0,213.00,0.0,0.0,211.92,"7,417.00",214.00,"1,571,776.00",22,-1.0,3.0,-0.47,1.42,0.51,240.00,171.00,,
2019/09/02,35,GBBL,40.65,213.0,213.0,208.0,210.0,210.00,0.0,0.0,210.06,"12,794.00",213.00,"2,687,484.00",38,-3.0,5.0,-1.41,2.4,-0.03,240.00,171.00,,
2019/09/03,34,GBBL,55.73,206.0,216.0,206.0,214.0,214.00,0.0,0.0,209.35,"14,446.00",210.00,"3,024,325.00",45,4.0,10.0,1.9,4.85,2.17,240.00,171.00,,
2019/09/04,31,GBBL,44.37,210.0,215.0,210.0,214.0,214.00,0.0,0.0,213.07,"3,607.00",214.00,"768,550.00",14,0.0,5.0,0.0,2.38,0.43,240.00,171.00,,
2019/09/05,32,GBBL,52.76,214.0,217.0,214.0,214.0,214.00,0.0,0.0,214.95,"17,636.00",214.00,"3,790,805.00",46,0.0,3.0,0.0,1.4,-0.44,240.00,171.00,,
2019/09/08,30,GBBL,48.93,215.0,215.0,212.0,212.0,212.00,0.0,0.0,213.33,"10,772.00",214.00,"2,298,005.00",38,-2.0,3.0,-0.93,1.42,-0.63,240.00,171.00,,
2019/09/09,36,GBBL,34.09,212.0,212.0,211.0,212.0,212.00,0.0,0.0,211.60,"3,470.00",212.00,"734,255.00",13,0.0,1.0,0.0,0.47,0.19,240.00,171.00,,
2019/09/10,35,GBBL,35.15,213.0,214.0,212.0,213.0,213.00,0.0,0.0,212.54,"4,224.00",212.00,"897,771.00",22,1.0,2.0,0.47,0.94,0.22,240.00,171.00,,
2019/07/28,32,GBBL,37.21,225.0,227.0,221.0,224.0,224.00,0.0,0.0,223.38,"15,554.00",227.00,"3,474,397.00",41,-3.0,6.0,-1.32,2.71,0.28,240.00,171.00,,
2019/07/29,31,GBBL,34.87,226.0,228.0,222.0,225.0,225.00,0.0,0.0,224.55,"5,301.00",224.00,"1,190,315.00",19,1.0,6.0,0.45,2.7,0.2,240.00,171.00,,
2019/07/30,33,GBBL,36.62,226.0,227.0,226.0,226.0,226.00,0.0,0.0,226.21,"5,823.00",225.00,"1,317,221.00",27,1.0,1.0,0.44,0.44,-0.09,240.00,171.00,,
2019/07/31,34,GBBL,40.61,222.0,226.0,222.0,223.0,223.00,0.0,0.0,223.65,"8,483.00",226.00,"1,897,258.00",27,-3.0,4.0,-1.33,1.8,-0.29,240.00,171.00,,
2019/08/01,33,GBBL,47.88,226.0,227.0,223.0,223.0,223.00,0.0,0.0,224.10,"10,308.00",223.00,"2,310,011.00",24,0.0,4.0,0.0,1.79,-0.49,240.00,171.00,,
2019/08/04,32,GBBL,42.26,224.0,224.0,222.0,224.0,224.00,0.0,0.0,223.44,"4,845.00",223.00,"1,082,580.00",28,1.0,2.0,0.45,0.9,0.25,240.00,171.00,,
2019/08/05,33,GBBL,37.93,225.0,225.0,222.0,222.0,222.00,0.0,0.0,222.26,"9,558.00",224.00,"2,124,394.00",24,-2.0,3.0,-0.89,1.35,-0.12,240.00,171.00,,
2019/08/06,34,GBBL,34.22,220.0,222.0,220.0,220.0,220.00,0.0,0.0,220.77,"4,545.00",222.00,"1,003,392.00",25,-2.0,2.0,-0.9,0.91,-0.35,240.00,171.00,,
2019/08/07,35,GBBL,34.68,223.0,224.0,221.0,221.0,221.00,0.0,0.0,221.80,"2,531.00",220.00,"561,387.00",16,1.0,3.0,0.45,1.36,-0.36,240.00,171.00,,
2019/08/08,35,GBBL,33.72,220.0,221.0,219.0,219.0,219.00,0.0,0.0,220.19,"4,337.00",221.00,"954,946.00",21,-2.0,2.0,-0.9,0.91,-0.54,240.00,171.00,,
2019/08/11,31,GBBL,36.02,219.0,220.0,218.0,219.0,219.00,0.0,0.0,218.64,"1,608.00",219.00,"351,577.00",16,0.0,2.0,0.0,0.92,0.16,240.00,171.00,,
2019/08/12,35,GBBL,44.36,216.0,222.0,216.0,217.0,217.00,0.0,0.0,218.24,"12,078.00",219.00,"2,635,871.00",32,-2.0,6.0,-0.91,2.78,-0.57,240.00,171.00,,
2019/08/13,32,GBBL,39.28,221.0,221.0,214.0,215.0,215.00,0.0,0.0,216.01,"14,399.00",217.00,"3,110,352.00",62,-2.0,7.0,-0.92,3.27,-0.47,240.00,171.00,,
2019/08/14,35,GBBL,44.32,219.0,219.0,211.0,213.0,213.00,0.0,0.0,214.15,"11,294.00",215.00,"2,418,573.00",28,-2.0,8.0,-0.93,3.79,-0.54,240.00,171.00,,
2019/08/15,31,GBBL,48.2,212.0,215.0,212.0,214.0,214.00,0.0,0.0,214.19,"35,008.00",213.00,"7,498,208.00",30,1.0,3.0,0.47,1.42,-0.09,240.00,171.00,,
2019/08/18,31,GBBL,49.76,213.0,217.0,213.0,216.0,216.00,0.0,0.0,214.33,"23,021.00",214.00,"4,934,036.00",19,2.0,4.0,0.93,1.88,0.77,240.00,171.00,,
2019/07/03,30,GBBL,60.01,220.0,226.0,218.0,225.0,225.00,0.0,0.0,220.57,"28,450.00",222.00,"6,275,148.00",38,3.0,8.0,1.35,3.67,1.97,240.00,170.00,,
2019/07/04,32,GBBL,54.51,226.0,227.0,222.0,227.0,227.00,0.0,0.0,224.23,"10,877.00",225.00,"2,438,980.00",34,2.0,5.0,0.89,2.25,1.22,240.00,170.00,,
2019/07/07,32,GBBL,58.25,226.0,226.0,223.0,224.0,224.00,0.0,0.0,224.69,"29,177.00",227.00,"6,555,757.00",54,-3.0,3.0,-1.32,1.35,-0.31,240.00,170.00,,
2019/07/08,31,GBBL,45.09,225.0,225.0,221.0,221.0,221.00,0.0,0.0,223.58,"9,441.00",224.00,"2,110,811.00",28,-3.0,4.0,-1.34,1.81,-1.17,240.00,170.00,,
2019/07/09,33,GBBL,40.83,221.0,226.0,221.0,222.0,222.00,0.0,0.0,223.39,"6,944.00",221.00,"1,551,246.00",34,1.0,5.0,0.45,2.26,-0.63,240.00,170.00,,
2019/07/10,34,GBBL,38.41,223.0,223.0,221.0,222.0,222.00,0.0,0.0,222.25,"10,461.00",222.00,"2,324,973.00",35,0.0,2.0,0.0,0.9,-0.11,240.00,170.00,,
2019/07/11,32,GBBL,37.74,224.0,225.0,221.0,222.0,222.00,0.0,0.0,223.43,"11,094.00",222.00,"2,478,782.00",34,0.0,4.0,0.0,1.81,-0.65,240.00,170.00,,
2019/07/14,30,GBBL,44.75,225.0,225.0,223.0,225.0,225.00,0.0,0.0,224.18,"11,135.00",222.00,"2,496,267.00",30,3.0,2.0,1.35,0.9,0.36,240.00,170.00,,
2019/07/15,31,GBBL,45.15,225.0,226.0,223.0,225.0,225.00,0.0,0.0,225.10,"10,441.00",225.00,"2,350,264.00",32,0.0,3.0,0.0,1.35,-0.04,240.00,170.00,,
2019/07/16,31,GBBL,44.33,236.0,236.0,223.0,224.0,224.00,0.0,0.0,224.10,"7,885.00",225.00,"1,767,052.00",16,-1.0,13.0,-0.44,5.83,-0.05,240.00,170.00,,
2019/07/17,32,GBBL,56.18,223.0,229.0,223.0,229.0,229.00,0.0,0.0,224.76,"14,202.00",224.00,"3,192,056.00",22,5.0,6.0,2.23,2.69,1.85,240.00,170.00,,
2019/07/18,30,GBBL,50.05,231.0,232.0,229.0,229.0,229.00,0.0,0.0,230.27,"4,266.00",229.00,"982,341.00",15,0.0,3.0,0.0,1.31,-0.56,240.00,170.00,,
2019/07/21,34,GBBL,37.77,226.0,228.0,224.0,225.0,225.00,0.0,0.0,225.15,"5,345.00",229.00,"1,203,416.00",23,-4.0,4.0,-1.75,1.79,-0.07,240.00,170.00,,
2019/07/22,32,GBBL,51.41,229.0,232.0,226.0,226.0,226.00,0.0,0.0,227.00,"4,758.00",225.00,"1,080,069.00",19,1.0,6.0,0.44,2.65,-0.44,240.00,170.00,,
2019/07/23,32,GBBL,34.51,225.0,230.0,225.0,227.0,227.00,0.0,0.0,226.85,"2,942.00",226.00,"667,390.00",18,1.0,5.0,0.44,2.22,0.07,240.00,170.00,,
2019/07/24,32,GBBL,45.86,229.0,231.0,226.0,230.0,230.00,0.0,0.0,228.22,"5,778.00",227.00,"1,318,635.00",35,3.0,5.0,1.32,2.21,0.78,240.00,171.00,,
2019/06/10,33,GBBL,-,223.0,227.0,223.0,227.0,227.00,0.0,0.0,225.56,"25,223.00",225.00,"5,689,377.00",74,2.0,4.0,0.89,1.79,0.63,240.00,170.00,,
2019/06/11,34,GBBL,-,225.0,228.0,224.0,228.0,228.00,0.0,0.0,226.48,"7,326.00",227.00,"1,659,178.00",34,1.0,4.0,0.44,1.79,0.67,240.00,170.00,,
2019/06/12,32,GBBL,-,224.0,227.0,224.0,225.0,225.00,0.0,0.0,225.09,"3,401.00",228.00,"765,530.00",20,-3.0,3.0,-1.32,1.34,-0.04,240.00,170.00,,
2019/06/13,33,GBBL,-,224.0,227.0,223.0,225.0,225.00,0.0,0.0,224.89,"9,997.00",225.00,"2,248,221.00",30,0.0,4.0,0.0,1.79,0.05,240.00,170.00,,
2019/06/16,33,GBBL,-,223.0,226.0,222.0,225.0,225.00,0.0,0.0,224.70,"6,105.00",225.00,"1,371,792.00",34,0.0,4.0,0.0,1.8,0.13,240.00,170.00,,
2019/06/17,32,GBBL,-,224.0,227.0,223.0,225.0,225.00,0.0,0.0,225.35,"13,083.00",225.00,"2,948,303.00",43,0.0,4.0,0.0,1.79,-0.16,240.00,170.00,,
2019/06/18,33,GBBL,-,214.0,227.0,214.0,224.0,224.00,0.0,0.0,223.80,"20,113.00",225.00,"4,501,249.00",37,-1.0,13.0,-0.44,6.07,0.09,240.00,170.00,,
2019/06/19,30,GBBL,39.72,224.0,224.0,223.0,224.0,224.00,0.0,0.0,223.35,"2,757.00",224.00,"615,775.00",21,0.0,1.0,0.0,0.45,0.29,240.00,170.00,,
2019/06/20,32,GBBL,46.26,224.0,226.0,223.0,225.0,225.00,0.0,0.0,225.13,"6,545.00",224.00,"1,473,478.00",21,1.0,3.0,0.45,1.35,-0.06,240.00,170.00,,
2019/06/23,34,GBBL,42.64,223.0,226.0,223.0,224.0,224.00,0.0,0.0,224.28,"6,938.00",225.00,"1,556,033.00",31,-1.0,3.0,-0.44,1.35,-0.12,240.00,170.00,,
2019/06/24,34,GBBL,48.73,225.0,225.0,223.0,224.0,224.00,0.0,0.0,223.79,"10,402.00",224.00,"2,327,839.00",21,0.0,2.0,0.0,0.9,0.09,240.00,170.00,,
2019/06/25,31,GBBL,36.35,224.0,225.0,222.0,223.0,223.00,0.0,0.0,222.95,"10,952.00",224.00,"2,441,710.00",41,-1.0,3.0,-0.45,1.35,0.02,240.00,170.00,,
2019/06/26,33,GBBL,37.96,222.0,226.0,222.0,223.0,223.00,0.0,0.0,223.56,"14,979.00",223.00,"3,348,636.00",35,0.0,4.0,0.0,1.8,-0.25,240.00,170.00,,
2019/06/27,33,GBBL,40.83,224.0,225.0,221.0,221.0,221.00,0.0,0.0,222.81,"9,486.00",223.00,"2,113,529.00",31,-2.0,4.0,-0.9,1.81,-0.82,240.00,170.00,,
2019/06/30,31,GBBL,35.87,221.0,222.0,220.0,220.0,220.00,0.0,0.0,220.76,"10,070.00",221.00,"2,223,028.00",33,-1.0,2.0,-0.45,0.91,-0.34,240.00,170.00,,
2019/07/01,31,GBBL,40.53,215.0,221.0,215.0,220.0,220.00,0.0,0.0,220.24,"8,293.00",220.00,"1,826,452.00",33,0.0,6.0,0.0,2.79,-0.11,240.00,170.00,,
2019/05/14,35,GBBL,-,220.0,224.0,220.0,221.0,221.00,0.0,0.0,221.68,"20,638.00",221.00,"4,574,949.00",62,0.00,4.0,0.0,1.82,-0.31,227.00,170.00,,
2019/05/15,36,GBBL,-,221.0,234.0,221.0,230.0,230.00,0.0,0.0,228.50,"95,864.00",221.00,"21,904,776.00",186,9.0,13.00,4.07,5.88,0.65,234.00,170.00,,
2019/05/16,35,GBBL,-,234.0,240.0,231.0,238.0,238.00,0.0,0.0,235.16,"50,379.00",230.00,"11,847,249.00",152,8.0,9.00,3.48,3.9,1.19,240.00,170.00,,
2019/05/19,38,GBBL,-,238.0,238.0,230.0,232.0,232.00,0.0,0.0,232.01,"39,163.00",238.00,"9,086,343.00",78,-6.0,8.0,-2.52,3.48,-0.01,240.00,170.00,,
2019/05/20,33,GBBL,-,233.0,234.0,227.0,229.0,229.00,0.0,0.0,228.94,"25,735.00",232.00,"5,891,687.00",72,-3.0,7.0,-1.29,3.08,0.03,240.00,170.00,,
2019/05/21,36,GBBL,-,227.0,231.0,226.0,228.0,228.00,0.0,0.0,228.03,"12,303.00",229.00,"2,805,504.00",42,-1.0,5.0,-0.44,2.21,-0.01,240.00,170.00,,
2019/05/22,34,GBBL,-,229.0,230.0,227.0,230.0,230.00,0.0,0.0,228.60,"16,310.00",228.00,"3,728,416.00",58,2.0,3.0,0.88,1.32,0.61,240.00,170.00,,
2019/05/23,34,GBBL,-,228.0,230.0,225.0,225.0,225.00,0.0,0.0,226.69,"13,692.00",230.00,"3,103,806.00",54,-5.0,5.0,-2.17,2.22,-0.75,240.00,170.00,,
2019/05/26,33,GBBL,-,223.0,225.0,222.0,222.0,222.00,0.0,0.0,222.93,"31,217.00",225.00,"6,959,232.00",84,-3.0,3.0,-1.33,1.35,-0.42,240.00,170.00,,
2019/05/27,34,GBBL,-,220.0,226.0,220.0,224.0,224.00,0.0,0.0,222.13,"12,328.00",222.00,"2,738,437.00",39,2.0,6.0,0.9,2.73,0.83,240.00,170.00,,
2019/05/28,33,GBBL,-,228.0,228.0,223.0,227.0,227.00,0.0,0.0,225.17,"5,675.00",224.00,"1,277,837.00",38,3.0,5.0,1.34,2.24,0.81,240.00,170.00,,
2019/05/29,35,GBBL,-,231.0,234.0,225.0,226.0,226.00,0.0,0.0,226.66,"6,149.00",227.00,"1,393,711.00",37,-1.0,9.0,-0.44,4.0,-0.29,240.00,170.00,,
2019/05/30,34,GBBL,-,230.0,234.0,228.0,228.0,228.00,0.0,0.0,230.92,"32,328.00",226.00,"7,465,313.00",126,2.0,6.0,0.88,2.63,-1.28,240.00,170.00,,
2019/06/02,57,GBBL,35.77,426.0,432.0,425.1,427.0,427.00,0.0,0.0,426.91,"33,594.00",427.00,"14,341,700.50",114,0.0,6.9,0.0,1.62,0.02,498.00,378.70,410.89,407.35
2019/06/03,36,GBBL,-,230.0,230.0,224.0,224.0,224.00,0.0,0.0,225.22,"10,676.00",228.00,"2,404,416.00",73,-4.0,6.0,-1.75,2.68,-0.54,240.00,170.00,,
2019/06/04,35,GBBL,-,226.0,226.0,222.0,223.0,223.00,0.0,0.0,224.44,"8,547.00",224.00,"1,918,247.00",36,-1.0,4.0,-0.45,1.8,-0.64,240.00,170.00,,
2019/04/18,31,GBBL,-,199.0,203.0,199.0,202.0,202.00,0.0,0.0,201.93,"9,454.00",201.00,"1,909,090.00",36,1.0,4.0,0.5,2.01,0.03,223.00,170.00,,
2019/04/21,57,GBBL,35.77,426.0,432.0,425.1,427.0,427.00,0.0,0.0,426.91,"33,594.00",427.00,"14,341,700.50",114,0.0,6.9,0.0,1.62,0.02,498.00,378.70,410.89,407.35
2019/04/22,36,GBBL,-,210.0,210.0,202.0,204.0,204.00,0.0,0.0,205.36,"26,607.00",208.00,"5,463,921.00",97,-4.0,8.0,-1.92,3.96,-0.66,223.00,170.00,,
2019/04/23,36,GBBL,-,208.0,209.0,203.0,209.0,209.00,0.0,0.0,205.54,"25,316.00",204.00,"5,203,412.00",96,5.0,6.0,2.45,2.96,1.66,223.00,170.00,,
2019/04/24,35,GBBL,-,207.0,215.0,206.0,212.0,212.00,0.0,0.0,211.66,"24,388.00",209.00,"5,161,999.00",105,3.0,9.0,1.44,4.37,0.16,215.00,170.00,,
2019/04/25,33,GBBL,-,215.0,223.0,215.0,220.0,220.00,0.0,0.0,219.32,"29,902.00",212.00,"6,558,056.00",113,8.0,8.0,3.77,3.72,0.31,223.00,170.00,,
2019/04/28,35,GBBL,-,224.0,227.0,215.0,216.0,216.00,0.0,0.0,219.24,"24,336.00",220.00,"5,335,328.00",85,-4.0,12.0,-1.82,5.58,-1.5,227.00,170.00,,
2019/04/29,33,GBBL,-,216.0,217.0,212.0,215.0,215.00,0.0,0.0,214.09,"14,681.00",216.00,"3,142,994.00",59,-1.0,5.0,-0.46,2.36,0.43,227.00,170.00,,
2019/04/30,35,GBBL,-,218.0,223.0,216.0,219.0,219.00,0.0,0.0,219.56,"40,334.00",215.00,"8,855,870.00",119,4.0,7.0,1.86,3.24,-0.26,227.00,170.00,,
2019/05/02,35,GBBL,-,219.0,222.0,215.0,220.0,220.00,0.0,0.0,218.84,"14,816.00",219.00,"3,242,331.00",66,1.0,7.0,0.46,3.26,0.53,227.00,170.00,,
2019/05/05,35,GBBL,-,218.0,219.0,215.0,215.0,215.00,0.0,0.0,216.57,"14,394.00",220.00,"3,117,364.00",52,-5.0,4.0,-2.27,1.86,-0.73,227.00,170.00,,
2019/05/06,35,GBBL,-,215.0,220.0,214.0,220.0,220.00,0.0,0.0,217.14,"21,615.00",215.00,"4,693,473.00",77,5.0,6.0,2.33,2.8,1.3,227.00,170.00,,
2019/05/07,34,GBBL,-,224.0,226.0,220.0,226.0,226.00,0.0,0.0,223.33,"34,350.00",220.00,"7,671,324.00",89,6.0,6.0,2.73,2.73,1.18,227.00,170.00,,
2019/05/08,35,GBBL,-,223.0,225.0,220.0,223.0,223.00,0.0,0.0,221.54,"37,941.00",226.00,"8,405,439.00",62,-3.0,5.0,-1.33,2.27,0.65,227.00,170.00,,
2019/05/09,33,GBBL,-,225.0,226.0,219.0,222.0,222.00,0.0,0.0,221.25,"8,334.00",223.00,"1,843,888.00",59,-1.0,7.0,-0.45,3.2,0.34,227.00,170.00,,
2019/05/12,33,GBBL,-,225.0,225.0,220.0,220.0,220.00,0.0,0.0,220.43,"10,985.00",222.00,"2,421,428.00",42,-2.0,5.0,-0.9,2.27,-0.2,227.00,170.00,,
2019/03/25,34,GBBL,-,183.0,190.0,183.0,190.0,190.00,0.0,0.0,185.96,"5,219.00",185.00,"970,541.00",27,5.0,7.0,2.7,3.83,2.12,223.00,169.00,,
2019/03/26,35,GBBL,-,187.0,188.0,185.0,187.0,187.00,0.0,0.0,186.59,"3,824.00",190.00,"713,510.00",15,-3.0,3.0,-1.58,1.62,0.22,223.00,169.00,,
2019/03/27,33,GBBL,-,186.0,193.0,186.0,192.0,192.00,0.0,0.0,188.56,"7,892.00",187.00,"1,488,132.00",35,5.0,7.0,2.67,3.76,1.79,223.00,169.00,,
2019/03/28,35,GBBL,-,189.0,190.0,186.0,189.0,189.00,0.0,0.0,188.20,"3,237.00",192.00,"609,212.00",15,-3.0,4.0,-1.56,2.15,0.42,223.00,170.00,,
2019/03/31,34,GBBL,-,188.0,190.0,186.0,188.0,188.00,0.0,0.0,187.66,"1,692.00",189.00,"317,522.00",15,-1.0,4.0,-0.53,2.15,0.18,223.00,170.00,,
2019/04/01,33,GBBL,-,187.0,192.0,187.0,190.0,190.00,0.0,0.0,190.49,"13,278.00",188.00,"2,529,344.00",51,2.0,5.0,1.06,2.67,-0.26,223.00,170.00,,
2019/04/02,33,GBBL,-,193.0,193.0,188.0,191.0,191.00,0.0,0.0,190.87,"12,807.00",190.00,"2,444,506.00",43,1.0,5.0,0.53,2.66,0.07,223.00,170.00,,
2019/04/03,32,GBBL,-,191.0,195.0,191.0,191.0,191.00,0.0,0.0,192.17,"11,506.00",191.00,"2,211,072.00",42,0.0,4.0,0.0,2.09,-0.61,223.00,170.00,,
2019/04/04,35,GBBL,-,193.0,193.0,191.0,191.0,191.00,0.0,0.0,192.10,"17,801.00",191.00,"3,419,592.00",40,0.0,2.0,0.0,1.05,-0.58,223.00,170.00,,
2019/04/07,34,GBBL,-,190.0,195.0,189.0,195.0,195.00,0.0,0.0,193.12,"13,845.00",191.00,"2,673,712.00",45,4.0,6.0,2.09,3.17,0.97,223.00,170.00,,
2019/04/08,35,GBBL,-,198.0,199.0,195.0,197.0,197.00,0.0,0.0,197.13,"30,223.00",195.00,"5,957,994.00",90,2.0,4.0,1.03,2.05,-0.07,223.00,170.00,,
2019/04/09,34,GBBL,-,198.0,198.0,191.0,192.0,192.00,0.0,0.0,195.25,"5,261.00",197.00,"1,027,207.00",31,-5.0,7.0,-2.54,3.66,-1.69,223.00,170.00,,
2019/04/10,32,GBBL,-,192.0,195.0,192.0,195.0,195.00,0.0,0.0,193.43,"5,484.00",192.00,"1,060,791.00",27,3.0,3.0,1.56,1.56,0.8,223.00,170.00,,
2019/04/11,34,GBBL,-,198.0,198.0,193.0,195.0,195.00,0.0,0.0,194.59,"7,911.00",195.00,"1,539,390.00",37,0.0,5.0,0.0,2.59,0.21,223.00,170.00,,
2019/04/15,33,GBBL,-,195.0,198.0,195.0,198.0,198.00,0.0,0.0,195.89,"4,964.00",195.00,"972,399.00",27,3.0,3.0,1.54,1.54,1.07,223.00,170.00,,
2019/04/16,34,GBBL,-,200.0,205.0,197.0,205.0,205.00,0.0,0.0,200.36,"14,170.00",198.00,"2,839,161.00",56,7.0,8.0,3.54,4.06,2.26,223.00,170.00,,
2019/02/25,33,GBBL,-,179.0,182.0,179.0,182.0,182.00,0.0,0.0,180.30,"5,107.00",180.00,"920,817.00",25,2.0,3.0,1.11,1.68,0.93,223.00,169.00,,
2019/02/26,33,GBBL,-,182.0,182.0,180.0,182.0,182.00,0.0,0.0,181.17,"1,978.00",182.00,"358,358.00",14,0.0,2.0,0.0,1.11,0.46,223.00,169.00,,
2019/02/27,32,GBBL,-,180.0,181.0,179.0,180.0,180.00,0.0,0.0,179.47,"3,529.00",182.00,"633,366.00",20,-2.0,2.00,-1.1,1.12,0.29,223.00,169.00,,
2019/03/03,32,GBBL,-,180.0,182.0,179.0,180.0,180.00,0.0,0.0,181.41,"5,493.00",180.00,"996,503.00",18,0.0,3.0,0.0,1.68,-0.79,223.00,169.00,,
2019/03/05,34,GBBL,-,180.0,183.0,180.0,180.0,180.00,0.0,0.0,180.09,"8,674.00",180.00,"1,562,141.00",18,0.0,3.0,0.0,1.67,-0.05,223.00,169.00,,
2019/03/06,34,GBBL,-,180.0,185.0,180.0,185.0,185.00,0.0,0.0,183.85,"22,930.00",180.00,"4,215,752.00",18,5.0,5.0,2.78,2.78,0.62,223.00,169.00,,
2019/03/07,35,GBBL,-,188.0,188.0,181.0,185.0,185.00,0.0,0.0,182.86,"4,233.00",185.00,"774,058.00",26,0.0,7.0,0.0,3.87,1.16,223.00,169.00,,
2019/03/10,57,GBBL,35.77,426.0,432.0,425.1,427.0,427.00,0.0,0.0,426.91,"33,594.00",427.00,"14,341,700.50",114,0.0,6.9,0.0,1.62,0.02,498.00,378.70,410.89,407.35
2019/03/11,34,GBBL,-,182.0,186.0,182.0,185.0,185.00,0.0,0.0,184.31,"11,488.00",182.00,"2,117,368.00",41,3.0,4.0,1.65,2.2,0.37,223.00,169.00,,
2019/03/12,37,GBBL,-,185.0,189.0,185.0,189.0,189.00,0.0,0.0,186.97,"9,417.00",185.00,"1,760,708.00",45,4.0,4.0,2.16,2.16,1.07,223.00,169.00,,
2019/03/13,34,GBBL,-,190.0,190.0,185.0,185.0,185.00,0.0,0.0,187.15,"6,622.00",189.00,"1,239,299.00",33,-4.0,5.0,-2.12,2.7,-1.16,223.00,169.00,,
2019/03/14,34,GBBL,-,185.0,193.0,185.0,193.0,193.00,0.0,0.0,189.54,"13,022.00",185.00,"2,468,214.00",37,8.0,8.0,4.32,4.32,1.79,223.00,169.00,,
2019/03/17,34,GBBL,-,194.0,194.0,190.0,190.0,190.00,0.0,0.0,191.96,"9,252.00",193.00,"1,776,027.00",42,-3.0,4.0,-1.55,2.11,-1.03,223.00,169.00,,
2019/03/18,33,GBBL,-,190.0,193.0,188.0,188.0,188.00,0.0,0.0,190.55,"3,974.00",190.00,"757,257.00",27,-2.0,5.0,-1.05,2.66,-1.36,223.00,169.00,,
2019/03/19,32,GBBL,-,188.0,189.0,186.0,189.0,189.00,0.0,0.0,187.50,"2,794.00",188.00,"523,868.00",8,1.0,3.0,0.53,1.61,0.79,223.00,169.00,,
2019/03/21,35,GBBL,-,189.0,189.0,186.0,187.0,187.00,0.0,0.0,187.11,"6,486.00",189.00,"1,213,605.00",24,-2.0,3.0,-1.06,1.61,-0.06,223.00,169.00,,
2019/01/31,33,GBBL,-,184.0,186.0,184.0,185.0,185.00,0.0,0.0,185.05,"5,089.00",184.00,"941,712.00",35,1.0,2.0,0.54,1.09,-0.03,223.00,169.00,,
2019/02/03,34,GBBL,-,184.0,186.0,184.0,184.0,184.00,0.0,0.0,184.42,"8,116.00",185.00,"1,496,791.00",33,-1.0,2.0,-0.54,1.09,-0.23,223.00,169.00,,
2019/02/04,31,GBBL,-,185.0,185.0,184.0,184.0,184.00,0.0,0.0,184.12,"12,601.00",184.00,"2,320,072.00",22,0.0,1.0,0.0,0.54,-0.06,223.00,169.00,,
2019/02/05,33,GBBL,-,182.0,186.0,182.0,185.0,185.00,0.0,0.0,183.39,"3,486.00",184.00,"639,314.00",27,1.0,4.0,0.54,2.2,0.87,223.00,169.00,,
2019/02/06,32,GBBL,-,182.0,185.0,182.0,185.0,185.00,0.0,0.0,183.49,"2,957.00",185.00,"542,589.00",21,0.0,3.0,0.0,1.65,0.81,223.00,169.00,,
2019/02/07,33,GBBL,-,185.0,185.0,183.0,185.0,185.00,0.0,0.0,184.34,"2,126.00",185.00,"391,902.00",15,0.0,2.0,0.0,1.09,0.36,223.00,169.00,,
2019/02/10,28,GBBL,-,186.0,186.0,181.0,182.0,182.00,0.0,0.0,182.18,"5,375.00",185.00,"979,217.00",36,-3.0,5.0,-1.62,2.76,-0.1,223.00,169.00,,
2019/02/11,35,GBBL,-,180.0,183.0,180.0,183.0,183.00,0.0,0.0,182.17,"3,309.00",182.00,"602,815.00",12,1.0,3.0,0.55,1.67,0.45,223.00,169.00,,
2019/02/12,34,GBBL,-,182.0,182.0,181.0,182.0,182.00,0.0,0.0,181.88,"2,066.00",183.00,"375,764.00",10,-1.0,1.0,-0.55,0.55,0.07,223.00,169.00,,
2019/02/13,37,GBBL,-,182.0,183.0,180.0,182.0,182.00,0.0,0.0,181.32,"4,662.00",182.00,"845,300.00",26,0.00,3.0,0.0,1.67,0.38,223.00,169.00,,
2019/02/14,32,GBBL,-,180.0,182.0,179.0,182.0,182.00,0.0,0.0,180.60,"9,578.00",182.00,"1,729,754.00",46,0.0,3.0,0.0,1.68,0.77,223.00,169.00,,
2019/02/17,33,GBBL,-,180.0,183.0,180.0,182.0,182.00,0.0,0.0,182.10,"2,669.00",182.00,"486,015.00",24,0.0,3.0,0.0,1.67,-0.05,223.00,169.00,,
2019/02/18,30,GBBL,-,180.0,183.0,180.0,182.0,182.00,0.0,0.0,180.84,"3,899.00",182.00,"705,106.00",20,0.0,3.0,0.0,1.67,0.64,223.00,169.00,,
2019/02/19,32,GBBL,-,181.0,186.0,181.0,186.0,186.00,0.0,0.0,182.92,"4,562.00",182.00,"834,469.00",28,4.0,5.0,2.2,2.76,1.66,223.00,169.00,,
2019/02/20,30,GBBL,-,183.0,185.0,181.0,181.0,181.00,0.0,0.0,181.47,"3,710.00",186.00,"673,270.00",21,-5.0,4.0,-2.69,2.21,-0.26,223.00,169.00,,
2019/02/21,32,GBBL,-,179.0,182.0,179.0,180.0,180.00,0.0,0.0,179.99,"4,292.00",181.00,"772,507.00",30,-1.0,3.0,-0.55,1.68,0.01,223.00,169.00,,
2019/01/08,30,GBBL,-,189.0,190.0,188.0,188.0,188.00,0.0,0.0,188.86,"5,121.00",190.00,"967,150.00",21,-2.0,2.0,-1.05,1.06,-0.46,223.00,169.00,,
2019/01/09,32,GBBL,-,190.0,191.0,188.0,188.0,188.00,0.0,0.0,189.35,"5,109.00",188.00,"967,373.00",13,0.0,3.0,0.0,1.6,-0.72,223.00,169.00,,
2019/01/10,29,GBBL,-,189.0,190.0,188.0,188.0,188.00,0.0,0.0,188.82,"5,165.00",188.00,"975,254.00",24,0.0,2.0,0.0,1.06,-0.44,223.00,169.00,,
2019/01/13,28,GBBL,-,188.0,188.0,185.0,188.0,188.00,0.0,0.0,185.60,"5,956.00",188.00,"1,105,411.00",20,0.0,3.0,0.0,1.62,1.28,223.00,169.00,,
2019/01/14,30,GBBL,-,191.0,191.0,182.0,185.0,185.00,0.0,0.0,186.24,"7,478.00",188.00,"1,392,697.00",26,-3.0,9.0,-1.6,4.95,-0.67,223.00,169.00,,
2019/01/15,31,GBBL,-,188.0,190.0,186.0,190.0,190.00,0.0,0.0,188.41,"3,075.00",185.00,"579,364.00",12,5.0,4.0,2.7,2.15,0.84,223.00,169.00,,
2019/01/16,31,GBBL,-,187.0,187.0,185.0,187.0,187.00,0.0,0.0,185.12,"4,586.00",190.00,"848,982.00",7,-3.0,2.0,-1.58,1.08,1.0,223.00,169.00,,
2019/01/17,32,GBBL,-,188.0,191.0,188.0,189.0,189.00,0.0,0.0,189.73,"4,370.00",187.00,"829,110.00",18,2.0,3.0,1.07,1.6,-0.39,223.00,169.00,,
2019/01/20,26,GBBL,-,189.0,189.0,186.0,186.0,186.00,0.0,0.0,186.94,264.00,189.00,"49,353.00",5,-3.0,3.0,-1.59,1.61,-0.51,223.00,169.00,,
2019/01/21,33,GBBL,-,185.0,188.0,184.0,184.0,184.00,0.0,0.0,184.22,"8,240.00",186.00,"1,517,963.00",31,-2.0,4.0,-1.08,2.17,-0.12,223.00,169.00,,
2019/01/22,28,GBBL,-,181.0,186.0,181.0,185.0,185.00,0.0,0.0,184.37,"13,496.00",184.00,"2,488,218.00",15,1.00,5.00,0.54,2.76,0.34,223.00,169.00,,
2019/01/23,28,GBBL,-,185.0,186.0,184.0,186.0,186.00,0.0,0.0,185.11,"1,909.00",185.00,"353,381.00",16,1.0,2.0,0.54,1.09,0.48,223.00,169.00,,
2019/01/24,32,GBBL,-,187.0,187.0,184.0,185.0,185.00,0.0,0.0,185.12,"6,418.00",186.00,"1,188,117.00",40,-1.0,3.00,-0.54,1.63,-0.07,223.00,169.00,,
2019/01/27,29,GBBL,-,185.0,185.0,182.0,184.0,184.00,0.0,0.0,183.18,"1,503.00",185.00,"275,319.00",17,-1.0,3.0,-0.54,1.65,0.45,223.00,169.00,,
2019/01/28,32,GBBL,-,182.0,184.0,182.0,183.0,183.00,0.0,0.0,183.02,"1,324.00",184.00,"242,317.00",10,-1.0,2.0,-0.54,1.1,-0.01,223.00,169.00,,
2019/01/29,31,GBBL,-,186.0,188.0,185.0,185.0,185.00,0.0,0.0,185.63,"9,703.00",183.00,"1,801,194.00",46,2.0,3.0,1.09,1.62,-0.34,223.00,169.00,,
2018/12/16,27,GBBL,-,175.0,182.0,175.0,177.0,177.00,0.0,0.0,177.81,"4,797.00",175.00,"852,958.00",15,2.0,7.0,1.14,4.0,-0.46,241.00,169.00,,
2018/12/17,30,GBBL,-,176.0,176.0,174.0,175.0,175.00,0.0,0.0,175.19,"8,103.00",177.00,"1,419,559.00",22,-2.0,2.0,-1.13,1.15,-0.11,241.00,169.00,,
2018/12/18,30,GBBL,-,174.0,177.0,174.0,176.0,176.00,0.0,0.0,175.35,"5,273.00",175.00,"924,601.00",17,1.0,3.0,0.57,1.72,0.37,240.00,169.00,,
2018/12/19,30,GBBL,-,177.0,187.0,175.0,187.0,187.00,0.0,0.0,182.92,"26,583.00",176.00,"4,862,694.00",102,11.0,12.0,6.25,6.86,2.18,240.00,169.00,,
2018/12/20,31,GBBL,-,188.0,194.0,188.0,190.0,190.00,0.0,0.0,189.88,"23,389.00",187.00,"4,441,034.00",71,3.0,6.0,1.6,3.19,0.06,240.00,169.00,,
2018/12/23,29,GBBL,-,193.0,209.0,193.0,203.0,203.00,0.0,0.0,203.36,"108,895.00",190.00,"22,145,264.00",276,13.0,16.0,6.84,8.29,-0.18,240.00,169.00,,
2018/12/24,32,GBBL,-,203.0,205.0,186.0,190.0,190.00,0.0,0.0,191.49,"53,030.00",203.00,"10,154,652.00",137,-13.0,19.0,-6.4,10.22,-0.78,240.00,169.00,,
2018/12/25,32,GBBL,-,189.0,192.0,184.0,188.0,188.00,0.0,0.0,187.90,"13,518.00",190.00,"2,540,094.00",52,-2.0,8.0,-1.05,4.35,0.05,240.00,169.00,,
2018/12/26,33,GBBL,-,186.0,198.0,186.0,193.0,193.00,0.0,0.0,192.33,"7,433.00",188.00,"1,429,607.00",39,5.0,12.0,2.66,6.45,0.35,240.00,169.00,,
2018/12/27,31,GBBL,-,196.0,196.0,190.0,190.0,190.00,0.0,0.0,192.18,"15,036.00",193.00,"2,889,664.00",47,-3.0,6.0,-1.55,3.16,-1.15,237.00,169.00,,
2018/12/30,30,GBBL,-,190.0,196.0,190.0,194.0,194.00,0.0,0.0,193.86,"11,755.00",190.00,"2,278,795.00",46,4.0,6.0,2.11,3.16,0.07,223.00,169.00,,
2018/12/31,32,GBBL,-,191.0,192.0,189.0,189.0,189.00,0.0,0.0,190.52,"16,705.00",194.00,"3,182,715.00",31,-5.0,3.0,-2.58,1.59,-0.81,223.00,169.00,,
2019/01/01,27,GBBL,-,190.0,192.0,187.0,191.0,191.00,0.0,0.0,190.70,"10,648.00",189.00,"2,030,537.00",32,2.0,5.0,1.06,2.67,0.16,223.00,169.00,,
2019/01/02,31,GBBL,-,190.0,190.0,188.0,188.0,188.00,0.0,0.0,189.91,"8,307.00",191.00,"1,577,562.00",11,-3.0,2.0,-1.57,1.06,-1.01,223.00,169.00,,
2019/01/03,31,GBBL,-,190.0,193.0,189.0,192.0,192.00,0.0,0.0,190.90,"23,239.00",188.00,"4,436,368.00",49,4.0,4.0,2.13,2.12,0.57,223.00,169.00,,
2019/01/06,31,GBBL,-,190.0,190.0,189.0,190.0,190.00,0.0,0.0,189.53,"7,413.00",192.00,"1,405,004.00",29,-2.0,1.0,-1.04,0.53,0.25,223.00,169.00,,
2018/11/21,29,GBBL,-,178.0,180.0,176.0,180.0,180.00,0.0,0.0,178.69,"2,736.00",179.00,"488,898.00",9,1.0,4.0,0.56,2.27,0.73,252.00,169.00,,
2018/11/22,27,GBBL,-,180.0,182.0,180.0,182.0,182.00,0.0,0.0,181.84,"3,965.00",180.00,"721,015.00",13,2.0,2.0,1.11,1.11,0.09,252.00,169.00,,
2018/11/25,27,GBBL,-,183.0,183.0,180.0,180.0,180.00,0.0,0.0,180.21,330.00,182.00,"59,470.00",5,-2.0,3.0,-1.1,1.67,-0.12,252.00,169.00,,
2018/11/26,28,GBBL,-,179.0,179.0,177.0,177.0,177.00,0.0,0.0,178.11,"1,889.00",180.00,"336,453.00",5,-3.0,2.0,-1.67,1.13,-0.63,252.00,169.00,,
2018/11/27,31,GBBL,-,176.0,178.0,176.0,178.0,178.00,0.0,0.0,177.29,687.00,177.00,"121,799.00",7,1.0,2.0,0.56,1.14,0.4,251.00,169.00,,
2018/11/28,30,GBBL,-,178.0,179.0,178.0,179.0,179.00,0.0,0.0,178.78,760.00,178.00,"135,874.00",9,1.0,1.0,0.56,0.56,0.12,251.00,169.00,,
2018/11/29,30,GBBL,-,180.0,180.0,177.0,179.0,179.00,0.0,0.0,178.15,"2,621.00",179.00,"466,924.00",18,0.0,3.0,0.0,1.69,0.48,251.00,169.00,,
2018/12/02,28,GBBL,-,177.0,179.0,176.0,177.0,177.00,0.0,0.0,177.13,"8,534.00",179.00,"1,511,639.00",11,-2.0,3.0,-1.12,1.7,-0.07,251.00,169.00,,
2018/12/03,30,GBBL,-,179.0,179.0,177.0,177.0,177.00,0.0,0.0,177.57,"4,997.00",177.00,"887,330.00",11,0.0,2.0,0.0,1.13,-0.32,251.00,169.00,,
2018/12/04,32,GBBL,-,177.0,179.0,177.0,179.0,179.00,0.0,0.0,178.49,"4,154.00",177.00,"741,456.00",12,2.0,2.0,1.13,1.13,0.28,251.00,169.00,,
2018/12/05,30,GBBL,-,177.0,177.0,171.0,172.0,172.00,0.0,0.0,172.85,"11,198.00",179.00,"1,935,628.00",25,-7.0,6.0,-3.91,3.51,-0.5,251.00,169.00,,
2018/12/06,32,GBBL,-,175.0,175.0,172.0,172.0,172.00,0.0,0.0,174.16,647.00,172.00,"112,684.00",7,0.0,3.0,0.0,1.74,-1.26,251.00,169.00,,
2018/12/09,27,GBBL,-,175.0,175.0,175.0,175.0,175.00,0.0,0.0,175.00,761.00,172.00,"133,175.00",5,3.0,0.0,1.74,0.0,0.0,251.00,169.00,,
2018/12/10,28,GBBL,-,178.0,178.0,175.0,175.0,175.00,0.0,0.0,175.41,"6,067.00",175.00,"1,064,185.00",25,0.0,3.0,0.0,1.71,-0.23,251.00,169.00,,
2018/12/11,31,GBBL,-,172.0,175.0,172.0,175.0,175.00,0.0,0.0,173.55,480.00,175.00,"83,304.00",5,0.0,3.0,0.0,1.74,0.83,249.00,169.00,,
2018/12/12,28,GBBL,-,174.0,175.0,173.0,174.0,174.00,0.0,0.0,173.39,"4,170.00",175.00,"723,050.00",10,-1.0,2.0,-0.57,1.16,0.35,249.00,169.00,,
2018/10/25,30,GBBL,-,181.0,183.0,180.0,183.0,183.00,0.0,0.0,182.21,"6,069.00",184.00,"1,105,809.00",20,-1.0,3.0,-0.54,1.67,0.43,261.00,169.00,,
2018/10/28,30,GBBL,-,180.0,183.0,180.0,182.0,182.00,0.0,0.0,181.32,"5,457.00",183.00,"989,478.00",23,-1.0,3.0,-0.55,1.67,0.37,256.00,169.00,,
2018/10/29,27,GBBL,-,181.0,181.0,179.0,180.0,180.00,0.0,0.0,179.57,"4,387.00",182.00,"787,776.00",25,-2.0,2.0,-1.1,1.12,0.24,256.00,169.00,,
2018/10/30,29,GBBL,-,180.0,181.0,178.0,181.0,181.00,0.0,0.0,179.90,"15,135.00",180.00,"2,722,812.00",25,1.0,3.0,0.56,1.69,0.61,256.00,169.00,,
2018/10/31,30,GBBL,-,181.0,181.0,180.0,180.0,180.00,0.0,0.0,180.15,"6,064.00",181.00,"1,092,412.00",22,-1.0,1.0,-0.55,0.56,-0.08,255.00,169.00,,
2018/11/01,30,GBBL,-,181.0,182.0,180.0,181.0,181.00,0.0,0.0,181.00,"2,966.00",180.00,"536,856.00",12,1.0,2.0,0.56,1.11,0.0,255.00,169.00,,
2018/11/04,27,GBBL,-,180.0,184.0,180.0,184.0,184.00,0.0,0.0,182.58,"1,484.00",181.00,"270,951.00",11,3.0,4.0,1.66,2.22,0.77,252.00,169.00,,
2018/11/05,28,GBBL,-,183.0,183.0,181.0,181.0,181.00,0.0,0.0,181.97,"1,528.00",184.00,"278,057.00",8,-3.0,2.0,-1.63,1.1,-0.54,252.00,169.00,,
2018/11/06,19,GBBL,-,181.0,188.0,184.0,186.0,186.00,0.0,0.0,186.06,"4,060.00",181.00,"755,410.00",17,5.0,4.0,2.76,2.17,-0.03,252.00,169.00,,
2018/11/11,22,GBBL,-,186.0,186.0,183.0,183.0,183.00,0.0,0.0,183.00,"1,000.00",186.00,"183,000.00",5,-3.0,3.0,-1.61,1.64,0.0,252.00,169.00,,
2018/11/12,23,GBBL,-,180.0,183.0,178.0,179.0,179.00,0.0,0.0,178.91,"3,117.00",183.00,"557,669.00",15,-4.0,5.0,-2.19,2.81,0.05,252.00,169.00,,
2018/11/13,29,GBBL,-,178.0,183.0,178.0,182.0,182.00,0.0,0.0,181.51,"3,417.00",179.00,"620,215.00",14,3.0,5.0,1.68,2.81,0.27,252.00,169.00,,
2018/11/14,25,GBBL,-,180.0,183.0,180.0,183.0,183.00,0.0,0.0,181.42,"3,149.00",182.00,"571,299.00",12,1.0,3.0,0.55,1.67,0.86,252.00,169.00,,
2018/11/15,28,GBBL,-,180.0,181.0,180.0,180.0,180.00,0.0,0.0,180.63,"2,112.00",183.00,"381,491.00",16,-3.0,1.0,-1.64,0.56,-0.35,252.00,169.00,,
2018/11/18,26,GBBL,-,178.0,183.0,178.0,180.0,180.00,0.0,0.0,180.94,"7,269.00",180.00,"1,315,217.00",18,0.0,5.0,0.0,2.81,-0.52,252.00,169.00,,
2018/11/19,27,GBBL,-,180.0,183.0,179.0,181.0,181.00,0.0,0.0,181.30,"6,794.00",180.00,"1,231,733.00",21,1.0,4.0,0.56,2.23,-0.16,252.00,169.00,,
2018/09/27,33,GBBL,-,201.0,209.0,201.0,206.0,206.00,0.0,0.0,205.83,"45,667.00",205.00,"9,399,673.00",175,1.0,8.0,0.49,3.98,0.08,273.00,169.00,,
2018/09/30,33,GBBL,-,186.0,187.0,182.0,182.0,182.00,0.0,0.0,183.59,"7,921.00",187.00,"1,454,199.00",46,-5.0,5.0,-2.67,2.75,-0.87,273.00,169.00,,
2018/10/01,33,GBBL,-,180.0,182.0,178.0,179.0,179.00,0.0,0.0,180.35,"4,862.00",182.00,"876,854.00",29,-3.0,4.0,-1.65,2.25,-0.75,273.00,169.00,,
2018/10/02,34,GBBL,-,176.0,180.0,176.0,180.0,180.00,0.0,0.0,179.23,"3,744.00",179.00,"671,020.00",25,1.0,4.0,0.56,2.27,0.43,273.00,169.00,,
2018/10/03,31,GBBL,-,178.0,178.0,174.0,174.0,174.00,0.0,0.0,175.89,"22,081.00",180.00,"3,883,870.00",44,-6.0,4.0,-3.33,2.3,-1.09,273.00,169.00,,
2018/10/04,35,GBBL,-,175.0,176.0,173.0,174.0,174.00,0.0,0.0,174.60,"4,158.00",174.00,"725,983.00",26,0.0,3.0,0.0,1.73,-0.34,273.00,169.00,,
2018/10/07,32,GBBL,-,173.0,174.0,171.0,171.0,171.00,0.0,0.0,171.90,"6,374.00",174.00,"1,095,709.00",37,-3.0,3.0,-1.72,1.75,-0.53,273.00,169.00,,
2018/10/08,29,GBBL,-,173.0,175.0,172.0,173.0,173.00,0.0,0.0,172.99,"4,501.00",171.00,"778,643.00",15,2.0,3.0,1.17,1.74,0.0,273.00,169.00,,
2018/10/09,32,GBBL,-,174.0,177.0,174.0,174.0,174.00,0.0,0.0,175.22,"6,799.00",173.00,"1,191,332.00",23,1.0,3.0,0.58,1.72,-0.7,273.00,169.00,,
2018/10/10,31,GBBL,-,174.0,175.0,173.0,173.0,173.00,0.0,0.0,174.24,"4,679.00",174.00,"815,289.00",20,-1.0,2.0,-0.57,1.16,-0.72,273.00,169.00,,
2018/10/11,33,GBBL,-,174.0,175.0,173.0,175.0,175.00,0.0,0.0,173.69,"2,111.00",173.00,"366,665.00",13,2.0,2.0,1.16,1.16,0.75,273.00,169.00,,
2018/10/14,29,GBBL,-,178.0,180.0,177.0,179.0,179.00,0.0,0.0,178.46,"5,512.00",175.00,"983,682.00",29,4.00,3.00,2.29,1.69,0.3,273.00,169.00,,
2018/10/15,26,GBBL,-,179.0,182.0,179.0,180.0,180.00,0.0,0.0,180.31,"9,378.00",179.00,"1,690,945.00",28,1.0,3.0,0.56,1.68,-0.17,273.00,169.00,,
2018/10/21,22,GBBL,-,183.0,183.0,181.0,183.0,183.00,0.0,0.0,181.62,711.00,180.00,"129,135.00",5,3.0,2.0,1.67,1.1,0.75,272.00,169.00,,
2018/10/22,29,GBBL,-,185.0,185.0,179.0,183.0,183.00,0.0,0.0,181.80,"6,251.00",183.00,"1,136,412.00",22,0.0,6.0,0.0,3.35,0.66,272.00,169.00,,
2018/10/23,31,GBBL,-,183.0,183.0,180.0,181.0,181.00,0.0,0.0,181.33,"9,380.00",183.00,"1,700,869.00",23,-2.0,3.0,-1.09,1.67,-0.18,267.00,169.00,,
2018/09/03,32,GBBL,-,191.0,196.0,191.0,193.0,193.00,0.0,0.0,192.32,"8,865.00",191.00,"1,704,914.00",40,2.00,5.0,1.05,2.62,0.35,273.00,169.00,,
2018/09/04,35,GBBL,-,193.0,195.0,191.0,193.0,193.00,0.0,0.0,194.06,"3,456.00",193.00,"670,665.00",23,0.0,4.0,0.0,2.09,-0.55,273.00,169.00,,
2018/09/05,34,GBBL,-,195.0,198.0,192.0,196.0,196.00,0.0,0.0,195.07,"9,971.00",193.00,"1,945,045.00",39,3.0,6.0,1.55,3.13,0.47,273.00,169.00,,
2018/09/06,33,GBBL,-,195.0,197.0,192.0,193.0,193.00,0.0,0.0,193.86,"4,466.00",196.00,"865,784.00",24,-3.0,5.0,-1.53,2.6,-0.45,273.00,169.00,,
2018/09/09,35,GBBL,-,190.0,193.0,188.0,192.0,192.00,0.0,0.0,190.21,"5,625.00",193.00,"1,069,929.00",16,-1.0,5.0,-0.52,2.66,0.93,273.00,169.00,,
2018/09/10,33,GBBL,-,191.0,192.0,190.0,191.0,191.00,0.0,0.0,190.78,"2,078.00",192.00,"396,448.00",15,-1.0,2.0,-0.52,1.05,0.11,273.00,169.00,,
2018/09/11,32,GBBL,-,194.0,200.0,193.0,194.0,194.00,0.0,0.0,195.18,"16,489.00",191.00,"3,218,331.00",75,3.0,7.00,1.57,3.63,-0.61,273.00,169.00,,
2018/09/12,31,GBBL,-,195.0,197.0,195.0,197.0,197.00,0.0,0.0,195.46,"5,717.00",194.00,"1,117,457.00",27,3.0,2.0,1.55,1.03,0.78,273.00,169.00,,
2018/09/13,33,GBBL,-,200.0,202.0,197.0,198.0,198.00,0.0,0.0,198.90,"21,068.00",197.00,"4,190,400.00",64,1.0,5.0,0.51,2.54,-0.45,273.00,169.00,,
2018/09/16,31,GBBL,-,201.0,206.0,201.0,205.0,205.00,0.0,0.0,203.12,"16,029.00",198.00,"3,255,735.00",59,7.0,5.0,3.54,2.49,0.92,273.00,169.00,,
2018/09/17,32,GBBL,-,207.0,208.0,201.0,203.0,203.00,0.0,0.0,202.75,"8,350.00",205.00,"1,692,934.00",40,-2.0,7.0,-0.98,3.48,0.12,273.00,169.00,,
2018/09/18,32,GBBL,-,203.0,204.0,198.0,198.0,198.00,0.0,0.0,199.96,"17,368.00",203.00,"3,472,976.00",39,-5.0,6.0,-2.46,3.03,-0.99,273.00,169.00,,
2018/09/19,57,GBBL,35.77,426.0,432.0,425.1,427.0,427.00,0.0,0.0,426.91,"33,594.00",427.00,"14,341,700.50",114,0.0,6.9,0.0,1.62,0.02,498.00,378.70,410.89,407.35
2018/09/20,32,GBBL,-,197.0,200.0,196.0,197.0,197.00,0.0,0.0,197.68,"9,940.00",198.00,"1,964,924.00",34,-1.0,4.0,-0.51,2.04,-0.34,273.00,169.00,,
2018/09/23,32,GBBL,-,198.0,201.0,197.0,201.0,201.00,0.0,0.0,199.47,"19,801.00",197.00,"3,949,783.00",72,4.0,4.0,2.03,2.03,0.76,273.00,169.00,,
2018/09/25,33,GBBL,-,203.0,209.0,199.0,206.0,206.00,0.0,0.0,204.35,"27,574.00",201.00,"5,634,617.00",84,5.0,10.0,2.49,5.03,0.8,273.00,169.00,,
2018/08/08,30,GBBL,-,185.0,185.0,181.0,183.0,183.00,0.0,0.0,182.65,"5,417.00",185.00,"989,393.00",26,-2.0,4.0,-1.08,2.21,0.19,286.00,169.00,,
2018/08/09,30,GBBL,-,181.0,185.0,181.0,184.0,184.00,0.0,0.0,184.57,"8,547.00",183.00,"1,577,554.00",29,1.0,4.0,0.55,2.21,-0.31,285.00,169.00,,
2018/08/12,29,GBBL,-,182.0,183.0,181.0,182.0,182.00,0.0,0.0,181.50,"3,790.00",184.00,"687,887.00",12,-2.0,2.0,-1.09,1.1,0.27,285.00,169.00,,
2018/08/13,29,GBBL,-,183.0,184.0,182.0,183.0,183.00,0.0,0.0,182.98,"4,543.00",182.00,"831,256.00",12,1.0,2.0,0.55,1.1,0.01,285.00,169.00,,
2018/08/14,31,GBBL,-,185.0,187.0,183.0,185.0,185.00,0.0,0.0,184.71,"6,924.00",183.00,"1,278,958.00",25,2.0,4.0,1.09,2.19,0.15,285.00,169.00,,
2018/08/15,32,GBBL,-,187.0,194.0,187.0,191.0,191.00,0.0,0.0,189.09,"9,376.00",185.00,"1,772,909.00",35,6.0,7.0,3.24,3.74,1.0,280.00,169.00,,
2018/08/16,32,GBBL,-,190.0,194.0,190.0,192.0,192.00,0.0,0.0,192.24,"8,382.00",191.00,"1,611,360.00",29,1.00,4.0,0.52,2.11,-0.13,276.00,169.00,,
2018/08/19,30,GBBL,-,190.0,192.0,189.0,190.0,190.00,0.0,0.0,190.15,"4,989.00",192.00,"948,640.00",29,-2.0,3.0,-1.04,1.59,-0.08,275.00,169.00,,
2018/08/20,32,GBBL,-,190.0,190.0,185.0,186.0,186.00,0.0,0.0,186.57,"8,358.00",190.00,"1,559,314.00",26,-4.0,5.0,-2.11,2.7,-0.3,275.00,169.00,,
2018/08/21,33,GBBL,-,185.0,187.0,185.0,187.0,187.00,0.0,0.0,186.09,"3,545.00",186.00,"659,703.00",18,1.0,2.0,0.54,1.08,0.48,275.00,169.00,,
2018/08/22,30,GBBL,-,186.0,187.0,186.0,187.0,187.00,0.0,0.0,186.14,731.00,187.00,"136,066.00",8,0.0,1.0,0.0,0.54,0.46,275.00,169.00,,
2018/08/23,30,GBBL,-,186.0,188.0,184.0,186.0,186.00,0.0,0.0,185.28,"3,652.00",187.00,"676,660.00",22,-1.0,4.0,-0.53,2.17,0.38,275.00,169.00,,
2018/08/26,27,GBBL,-,188.0,189.0,185.0,185.0,185.00,0.0,0.0,185.79,948.00,186.00,"176,128.00",14,-1.0,4.0,-0.54,2.16,-0.43,273.00,169.00,,
2018/08/28,30,GBBL,-,183.0,191.0,182.0,191.0,191.00,0.0,0.0,183.67,"8,199.00",185.00,"1,505,874.00",32,6.0,9.0,3.24,4.95,3.84,273.00,169.00,,
2018/08/29,31,GBBL,-,191.0,191.0,183.0,186.0,186.00,0.0,0.0,185.39,"4,824.00",191.00,"894,309.00",32,-5.0,8.0,-2.62,4.37,0.33,273.00,169.00,,
2018/08/30,34,GBBL,-,184.0,188.0,184.0,187.0,187.00,0.0,0.0,186.32,"3,059.00",186.00,"569,962.00",14,1.0,4.0,0.54,2.17,0.36,273.00,169.00,,
2018/09/26,35,GBBL,-,206.0,208.0,201.0,205.0,205.00,0.0,0.0,203.99,"22,211.00",206.00,"4,530,809.00",71,-1.0,7.0,-0.49,3.48,0.49,273.00,169.00,,
2018/10/24,31,GBBL,-,183.0,184.0,182.0,184.0,184.00,0.0,0.0,182.89,"3,497.00",181.00,"639,560.00",18,3.0,2.0,1.66,1.1,0.6,265.00,169.00,,
2018/11/20,26,GBBL,-,180.0,181.0,178.0,179.0,179.00,0.0,0.0,178.63,"2,206.00",181.00,"394,049.00",8,-2.0,3.0,-1.1,1.69,0.21,252.00,169.00,,
2018/12/13,57,GBBL,35.77,426.0,432.0,425.1,427.0,427.00,0.0,0.0,426.91,"33,594.00",427.00,"14,341,700.50",114,0.0,6.9,0.0,1.62,0.02,498.00,378.70,410.89,407.35
2019/01/07,31,GBBL,-,189.0,191.0,189.0,190.0,190.00,0.0,0.0,190.34,"9,407.00",190.00,"1,790,539.00",20,0.0,2.0,0.0,1.06,-0.18,223.00,169.00,,
2019/01/30,32,GBBL,-,188.0,188.0,184.0,184.0,184.00,0.0,0.0,185.52,"8,725.00",185.00,"1,618,667.00",46,-1.00,4.0,-0.54,2.17,-0.83,223.00,169.00,,
2019/02/24,32,GBBL,-,179.0,181.0,178.0,180.0,180.00,0.0,0.0,179.24,"2,953.00",180.00,"529,304.00",18,0.0,3.0,0.0,1.69,0.42,223.00,169.00,,
2019/03/24,34,GBBL,-,186.0,186.0,184.0,185.0,185.00,0.0,0.0,185.09,"9,260.00",187.00,"1,713,894.00",30,-2.0,2.0,-1.07,1.09,-0.05,223.00,169.00,,
2019/04/17,34,GBBL,-,209.0,209.0,201.0,201.0,201.00,0.0,0.0,203.11,"14,866.00",205.00,"3,019,418.00",47,-4.0,8.0,-1.95,3.98,-1.05,223.00,170.00,,
2019/05/13,35,GBBL,-,218.0,222.0,216.0,221.0,221.00,0.0,0.0,219.40,"26,257.00",220.00,"5,760,683.00",44,1.0,6.0,0.45,2.78,0.73,227.00,170.00,,
2019/06/06,33,GBBL,-,224.0,226.0,222.0,225.0,225.00,0.0,0.0,224.49,"6,329.00",223.00,"1,420,789.00",32,2.0,4.0,0.9,1.8,0.23,240.00,170.00,,
2019/07/02,33,GBBL,50.75,220.0,222.0,218.0,222.0,222.00,0.0,0.0,218.93,"21,784.00",220.00,"4,769,190.00",35,2.0,4.0,0.91,1.83,1.38,240.00,170.00,,
2019/07/25,32,GBBL,44.27,230.0,230.0,226.0,227.0,227.00,0.0,0.0,226.26,"4,032.00",230.00,"912,291.00",22,-3.0,4.0,-1.3,1.77,0.32,240.00,171.00,,
2019/08/19,57,GBBL,35.77,426.0,432.0,425.1,427.0,427.00,0.0,0.0,426.91,"33,594.00",427.00,"14,341,700.50",114,0.0,6.9,0.0,1.62,0.02,498.00,378.70,410.89,407.35
2019/09/11,34,GBBL,42.89,214.0,214.0,212.0,213.0,213.00,0.0,0.0,212.76,"9,755.00",213.00,"2,075,481.00",31,0.0,2.0,0.0,0.94,0.11,240.00,171.00,,
2018/07/16,28,GBBL,-,180.0,185.0,178.0,182.0,182.00,0.0,0.0,182.42,"3,864.00",180.00,"704,873.00",25,2.0,7.0,1.11,3.93,-0.23,308.00,169.00,,
2018/07/17,30,GBBL,-,179.0,181.0,175.0,180.0,180.00,0.0,0.0,175.72,"9,189.00",182.00,"1,614,695.00",13,-2.0,6.0,-1.1,3.43,2.38,308.00,169.00,,
2018/07/18,29,GBBL,-,181.0,181.0,177.0,179.0,179.00,0.0,0.0,178.02,"23,834.00",180.00,"4,243,025.00",17,-1.0,4.0,-0.56,2.26,0.55,306.00,169.00,,
2018/07/19,29,GBBL,-,179.0,180.0,176.0,177.0,177.00,0.0,0.0,177.51,"2,876.00",179.00,"510,522.00",17,-2.0,4.0,-1.12,2.27,-0.29,298.00,169.00,,
2018/07/22,31,GBBL,-,177.0,177.0,170.0,170.0,170.00,0.0,0.0,174.01,"3,623.00",177.00,"630,427.00",33,-7.0,7.0,-3.95,4.12,-2.36,298.00,169.00,,
2018/07/23,31,GBBL,-,170.0,176.0,170.0,176.0,176.00,0.0,0.0,174.08,"1,208.00",170.00,"210,284.00",13,6.0,6.0,3.53,3.53,1.09,298.00,169.00,,
2018/07/24,31,GBBL,-,179.0,184.0,179.0,181.0,181.00,0.0,0.0,181.43,"3,225.00",176.00,"585,112.00",29,5.0,5.0,2.84,2.79,-0.24,298.00,169.00,,
2018/07/25,32,GBBL,-,179.0,182.0,179.0,181.0,181.00,0.0,0.0,180.34,"3,054.00",181.00,"550,753.00",21,0.0,3.0,0.0,1.68,0.37,298.00,169.00,,
2018/07/26,32,GBBL,-,180.0,181.0,175.0,181.0,181.00,0.0,0.0,178.73,"6,302.00",181.00,"1,126,377.00",23,0.0,6.0,0.0,3.43,1.25,298.00,169.00,,
2018/07/29,28,GBBL,-,181.0,182.0,180.0,182.0,182.00,0.0,0.0,180.89,"6,144.00",181.00,"1,111,416.00",27,1.0,2.0,0.55,1.11,0.61,298.00,169.00,,
2018/07/30,30,GBBL,-,182.0,183.0,180.0,181.0,181.00,0.0,0.0,181.63,"7,342.00",182.00,"1,333,559.00",26,-1.0,3.0,-0.55,1.67,-0.35,298.00,169.00,,
2018/07/31,31,GBBL,-,180.0,183.0,180.0,183.0,183.00,0.0,0.0,181.20,"2,415.00",181.00,"437,591.00",18,2.0,3.0,1.11,1.67,0.99,298.00,169.00,,
2018/08/01,30,GBBL,-,182.0,183.0,179.0,183.0,183.00,0.0,0.0,180.21,"14,863.00",183.00,"2,678,526.00",42,0.0,4.0,0.0,2.23,1.52,296.00,169.00,,
2018/08/02,33,GBBL,-,182.0,183.0,179.0,181.0,181.00,0.0,0.0,181.41,"3,586.00",183.00,"650,544.00",25,-2.0,4.0,-1.09,2.23,-0.23,291.00,169.00,,
2018/08/05,31,GBBL,-,184.0,184.0,182.0,183.0,183.00,0.0,0.0,182.74,"1,141.00",181.00,"208,503.00",12,2.0,2.0,1.11,1.1,0.14,286.00,169.00,,
2018/08/06,32,GBBL,-,184.0,186.0,183.0,186.0,186.00,0.0,0.0,184.79,"2,828.00",183.00,"522,585.00",17,3.0,3.0,1.64,1.64,0.65,286.00,169.00,,
2018/06/21,34,GBBL,-,178.0,183.0,176.0,183.0,183.00,0.0,0.0,178.85,594.00,178.00,"106,235.00",7,5.0,7.0,2.81,3.98,2.27,312.00,169.00,,
2018/06/24,30,GBBL,-,180.0,185.0,178.0,180.0,180.00,0.0,0.0,180.33,"4,286.00",183.00,"772,889.00",20,-3.0,7.0,-1.64,3.93,-0.18,312.00,169.00,,
2018/06/25,29,GBBL,-,181.0,182.0,178.0,179.0,179.00,0.0,0.0,179.40,"1,288.00",180.00,"231,064.00",14,-1.0,4.0,-0.56,2.25,-0.22,312.00,169.00,,
2018/06/26,29,GBBL,-,179.0,180.0,174.0,175.0,175.00,0.0,0.0,178.82,"3,905.00",179.00,"698,275.00",21,-4.0,6.0,-2.23,3.45,-2.18,312.00,169.00,,
2018/06/27,31,GBBL,-,175.0,178.0,173.0,178.0,178.00,0.0,0.0,175.46,"3,238.00",175.00,"568,142.00",19,3.0,5.0,1.71,2.89,1.43,312.00,169.00,,
2018/06/28,30,GBBL,-,180.0,181.0,178.0,178.0,178.00,0.0,0.0,179.87,"2,712.00",178.00,"487,800.00",14,0.0,3.0,0.0,1.69,-1.05,312.00,169.00,,
2018/07/01,30,GBBL,-,175.0,175.0,172.0,172.0,172.00,0.0,0.0,172.73,"3,345.00",178.00,"577,796.00",27,-6.0,3.0,-3.37,1.74,-0.43,312.00,169.00,,
2018/07/02,29,GBBL,-,173.0,175.0,170.0,173.0,173.00,0.0,0.0,172.80,"3,010.00",172.00,"520,131.00",18,1.0,5.0,0.58,2.94,0.12,312.00,169.00,,
2018/07/03,29,GBBL,-,173.0,176.0,170.0,175.0,175.00,0.0,0.0,172.36,"3,096.00",173.00,"533,642.00",19,2.0,6.0,1.16,3.53,1.51,312.00,169.00,,
2018/07/04,33,GBBL,-,173.0,180.0,173.0,177.0,177.00,0.0,0.0,175.29,"4,410.00",175.00,"773,015.00",28,2.0,7.0,1.14,4.05,0.97,312.00,169.00,,
2018/07/05,30,GBBL,-,176.0,182.0,175.0,180.0,180.00,0.0,0.0,178.81,"6,418.00",177.00,"1,147,630.00",46,3.00,7.0,1.69,4.0,0.66,312.00,169.00,,
2018/07/08,32,GBBL,-,181.0,184.0,179.0,180.0,180.00,0.0,0.0,181.55,"4,822.00",180.00,"875,438.00",28,0.0,5.0,0.0,2.79,-0.86,308.00,169.00,,
2018/07/09,30,GBBL,-,181.0,181.0,179.0,179.0,179.00,0.0,0.0,179.91,"2,285.00",180.00,"411,097.00",20,-1.0,2.0,-0.56,1.12,-0.51,308.00,169.00,,
2018/07/10,29,GBBL,-,181.0,182.0,180.0,181.0,181.00,0.0,0.0,180.40,"3,650.00",179.00,"658,477.00",32,2.0,2.0,1.12,1.11,0.33,308.00,169.00,,
2018/07/11,30,GBBL,-,182.0,183.0,180.0,180.0,180.00,0.0,0.0,181.14,"2,223.00",181.00,"402,672.00",19,-1.0,3.0,-0.55,1.67,-0.63,308.00,169.00,,
2018/07/12,30,GBBL,-,180.0,180.0,174.0,178.0,178.00,0.0,0.0,175.79,"4,454.00",180.00,"782,973.00",22,-2.0,6.0,-1.11,3.45,1.24,308.00,169.00,,
2018/05/28,33,GBBL,-,188.0,194.0,186.0,193.0,193.00,0.0,0.0,190.82,"12,556.00",189.00,"2,395,972.00",40,4.0,8.0,2.12,4.3,1.13,322.00,169.00,,
2018/05/29,29,GBBL,-,196.0,199.0,195.0,195.0,195.00,0.0,0.0,196.29,"2,527.00",193.00,"496,013.00",13,2.0,4.0,1.04,2.05,-0.66,322.00,169.00,,
2018/05/30,32,GBBL,-,197.0,197.0,190.0,194.0,194.00,0.0,0.0,191.10,"16,793.00",195.00,"3,209,078.00",16,-1.0,7.0,-0.51,3.68,1.5,322.00,169.00,,
2018/05/31,34,GBBL,-,192.0,194.0,191.0,192.0,192.00,0.0,0.0,192.11,"6,008.00",194.00,"1,154,202.00",26,-2.0,3.0,-1.03,1.57,-0.06,322.00,169.00,,
2018/06/03,28,GBBL,-,190.0,190.0,184.0,186.0,186.00,0.0,0.0,187.52,"6,285.00",192.00,"1,178,558.00",22,-6.00,6.00,-3.13,3.26,-0.82,322.00,169.00,,
2018/06/04,30,GBBL,-,183.0,190.0,183.0,187.0,187.00,0.0,0.0,186.81,"1,918.00",186.00,"358,310.00",12,1.0,7.00,0.54,3.83,0.1,322.00,169.00,,
2018/06/06,26,GBBL,-,190.0,193.0,190.0,191.0,191.00,0.0,0.0,191.82,110.00,187.00,"21,100.00",3,4.0,3.0,2.14,1.58,-0.43,313.00,169.00,,
2018/06/07,30,GBBL,-,190.0,190.0,181.0,181.0,181.00,0.0,0.0,183.67,"8,143.00",191.00,"1,495,637.00",37,-10.0,9.0,-5.24,4.97,-1.48,312.00,169.00,,
2018/06/10,27,GBBL,-,180.0,183.0,176.0,178.0,178.00,0.0,0.0,179.07,"5,822.00",181.00,"1,042,528.00",29,-3.0,7.0,-1.66,3.98,-0.6,312.00,169.00,,
2018/06/11,32,GBBL,-,178.0,184.0,176.0,180.0,180.00,0.0,0.0,178.65,"7,999.00",178.00,"1,429,030.00",25,2.0,8.0,1.12,4.55,0.75,312.00,169.00,,
2018/06/12,30,GBBL,-,180.0,181.0,173.0,176.0,176.00,0.0,0.0,176.96,"2,422.00",180.00,"428,607.00",22,-4.0,8.0,-2.22,4.62,-0.55,312.00,169.00,,
2018/06/13,28,GBBL,-,175.0,179.0,175.0,178.0,178.00,0.0,0.0,176.55,"3,526.00",176.00,"622,524.00",25,2.0,4.0,1.14,2.29,0.81,312.00,169.00,,
2018/06/14,30,GBBL,-,178.0,185.0,178.0,180.0,180.00,0.0,0.0,179.37,"3,925.00",178.00,"704,041.00",16,2.00,7.0,1.12,3.93,0.35,312.00,169.00,,
2018/06/17,32,GBBL,-,181.0,183.0,180.0,180.0,180.00,0.0,0.0,181.02,"3,362.00",180.00,"608,602.00",17,0.0,3.0,0.0,1.67,-0.57,312.00,169.00,,
2018/06/18,28,GBBL,-,179.0,186.0,179.0,186.0,186.00,0.0,0.0,182.36,"1,914.00",180.00,"349,032.00",15,6.0,7.0,3.33,3.91,1.96,312.00,169.00,,
2018/06/19,34,GBBL,-,183.0,183.0,177.0,180.0,180.00,0.0,0.0,179.57,"2,084.00",186.00,"374,229.00",16,-6.0,6.0,-3.23,3.39,0.24,312.00,169.00,,
2018/05/02,30,GBBL,-,200.0,200.0,195.0,200.0,200.00,0.0,0.0,199.39,"3,654.00",204.00,"728,587.00",20,-4.0,5.0,-1.96,2.56,0.3,335.00,169.00,,
2018/05/03,32,GBBL,-,204.0,208.0,200.0,203.0,203.00,0.0,0.0,202.29,"9,911.00",200.00,"2,004,891.00",38,3.0,8.0,1.5,4.0,0.35,335.00,169.00,,
2018/05/06,32,GBBL,-,200.0,202.0,197.0,198.0,198.00,0.0,0.0,198.95,"4,536.00",203.00,"902,440.00",32,-5.0,5.0,-2.46,2.54,-0.48,335.00,169.00,,
2018/05/07,28,GBBL,-,200.0,200.0,197.0,198.0,198.00,0.0,0.0,198.37,"3,869.00",198.00,"767,490.00",29,0.0,3.0,0.0,1.52,-0.19,335.00,169.00,,
2018/05/08,30,GBBL,-,199.0,200.0,197.0,200.0,200.00,0.0,0.0,198.79,"6,738.00",198.00,"1,339,454.00",34,2.0,3.0,1.01,1.52,0.6,335.00,169.00,,
2018/05/09,29,GBBL,-,201.0,203.0,199.0,200.0,200.00,0.0,0.0,200.62,"7,158.00",200.00,"1,436,050.00",36,0.0,4.0,0.0,2.01,-0.31,335.00,169.00,,
2018/05/10,31,GBBL,-,200.0,203.0,200.0,203.0,203.00,0.0,0.0,200.41,"1,393.00",200.00,"279,175.00",22,3.0,3.0,1.5,1.5,1.27,335.00,169.00,,
2018/05/14,30,GBBL,-,204.0,204.0,195.0,195.0,195.00,0.0,0.0,197.09,"5,481.00",203.00,"1,080,276.00",31,-8.0,9.0,-3.94,4.62,-1.07,328.00,169.00,,
2018/05/15,28,GBBL,-,198.0,198.0,194.0,194.0,194.00,0.0,0.0,195.15,"1,073.00",195.00,"209,400.00",10,-1.0,4.0,-0.51,2.06,-0.59,328.00,169.00,,
2018/05/16,57,GBBL,35.77,426.0,432.0,425.1,427.0,427.00,0.0,0.0,426.91,"33,594.00",427.00,"14,341,700.50",114,0.0,6.9,0.0,1.62,0.02,498.00,378.70,410.89,407.35
2018/05/17,30,GBBL,-,193.0,198.0,193.0,195.0,195.00,0.0,0.0,195.89,"1,443.00",193.00,"282,675.00",11,2.0,5.0,1.04,2.59,-0.46,323.00,169.00,,
2018/05/20,30,GBBL,-,198.0,199.0,195.0,196.0,196.00,0.0,0.0,196.09,"5,122.00",195.00,"1,004,397.00",18,1.0,4.0,0.51,2.05,-0.05,323.00,169.00,,
2018/05/21,28,GBBL,-,195.0,200.0,194.0,200.0,200.00,0.0,0.0,195.57,"1,751.00",196.00,"342,447.00",17,4.0,6.0,2.04,3.09,2.21,323.00,169.00,,
2018/05/22,29,GBBL,-,200.0,200.0,196.0,197.0,197.00,0.0,0.0,196.77,"1,149.00",200.00,"226,092.00",10,-3.0,4.0,-1.5,2.04,0.12,323.00,169.00,,
2018/05/23,29,GBBL,-,196.0,196.0,190.0,193.0,193.00,0.0,0.0,192.18,"6,899.00",197.00,"1,325,853.00",23,-4.0,6.0,-2.03,3.16,0.42,322.00,169.00,,
2018/05/24,30,GBBL,-,191.0,192.0,189.0,190.0,190.00,0.0,0.0,190.30,"12,231.00",193.00,"2,327,617.00",28,-3.0,3.0,-1.55,1.59,-0.16,322.00,169.00,,
2018/04/06,57,GBBL,35.77,426.0,432.0,425.1,427.0,427.00,0.0,0.0,426.91,"33,594.00",427.00,"14,341,700.50",114,0.0,6.9,0.0,1.62,0.02,498.00,378.70,410.89,407.35
2018/04/08,32,GBBL,-,187.0,195.0,184.0,188.0,188.00,0.0,0.0,187.68,"24,529.00",187.00,"4,603,650.00",88,1.0,11.0,0.53,5.98,0.17,500.00,169.00,,
2018/04/09,32,GBBL,-,191.0,194.0,187.0,187.0,187.00,0.0,0.0,190.11,"6,635.00",188.00,"1,261,348.00",39,-1.0,7.0,-0.53,3.74,-1.66,500.00,169.00,,
2018/04/10,30,GBBL,-,184.0,189.0,184.0,185.0,185.00,0.0,0.0,187.01,"4,019.00",187.00,"751,585.00",25,-2.00,5.00,-1.07,2.72,-1.09,368.00,169.00,,
2018/04/11,30,GBBL,-,183.0,185.0,177.0,178.0,178.00,0.0,0.0,180.32,"9,816.00",185.00,"1,770,060.00",50,-7.0,8.0,-3.78,4.52,-1.31,364.00,169.00,,
2018/04/12,30,GBBL,-,181.0,186.0,179.0,181.0,181.00,0.0,0.0,182.32,"7,553.00",178.00,"1,377,066.00",57,3.0,7.00,1.69,3.91,-0.73,364.00,169.00,,
2018/04/15,29,GBBL,-,181.0,183.0,178.0,183.0,183.00,0.0,0.0,182.14,"2,983.00",181.00,"543,332.00",15,2.0,5.0,1.11,2.81,0.47,364.00,169.00,,
2018/04/16,33,GBBL,-,186.0,187.0,182.0,184.0,184.00,0.0,0.0,184.19,"4,732.00",183.00,"871,577.00",29,1.0,5.0,0.55,2.75,-0.1,364.00,169.00,,
2018/04/17,30,GBBL,-,187.0,193.0,187.0,193.0,193.00,0.0,0.0,190.77,"9,957.00",184.00,"1,899,537.00",37,9.0,6.0,4.89,3.21,1.15,364.00,169.00,,
2018/04/18,32,GBBL,-,195.0,210.0,192.0,196.0,196.00,0.0,0.0,198.91,"19,449.00",193.00,"3,868,679.00",66,3.00,18.00,1.55,9.38,-1.49,364.00,169.00,,
2018/04/19,32,GBBL,-,199.0,212.0,199.0,207.0,207.00,0.0,0.0,204.76,"20,313.00",196.00,"4,159,191.00",98,11.0,13.00,5.61,6.53,1.08,362.00,169.00,,
2018/04/22,32,GBBL,-,209.0,219.0,208.0,219.0,219.00,0.0,0.0,211.99,"22,144.00",207.00,"4,694,317.00",93,12.00,11.00,5.8,5.29,3.2,350.00,169.00,,
2018/04/23,33,GBBL,-,223.0,223.0,204.0,215.0,215.00,0.0,0.0,214.99,"10,549.00",219.00,"2,267,891.00",65,-4.0,19.00,-1.83,9.31,0.01,350.00,169.00,,
2018/04/24,35,GBBL,-,213.0,214.0,204.0,208.0,208.00,0.0,0.0,209.67,"12,314.00",215.00,"2,581,891.00",59,-7.0,10.0,-3.26,4.9,-0.8,340.00,169.00,,
2018/04/25,31,GBBL,-,208.0,210.0,204.0,207.0,207.00,0.0,0.0,207.16,"16,029.00",208.00,"3,320,505.00",47,-1.0,6.0,-0.48,2.94,-0.08,340.00,169.00,,
2018/04/26,31,GBBL,-,210.0,210.0,200.0,201.0,201.00,0.0,0.0,201.80,"5,833.00",207.00,"1,177,097.00",36,-6.0,10.0,-2.9,5.0,-0.4,335.00,169.00,,
2018/03/13,31,GBBL,-,186.0,188.0,184.0,188.0,188.00,0.0,0.0,186.25,"3,903.00",189.00,"726,928.00",20,-1.0,4.0,-0.53,2.17,0.93,515.00,178.00,,
2018/03/14,27,GBBL,-,188.0,188.0,185.0,188.0,188.00,0.0,0.0,186.84,"3,639.00",188.00,"679,927.00",17,0.0,3.0,0.0,1.62,0.61,515.00,178.00,,
2018/03/15,28,GBBL,-,188.0,191.0,186.0,189.0,189.00,0.0,0.0,189.27,"3,635.00",188.00,"688,006.00",17,1.0,5.0,0.53,2.69,-0.14,515.00,178.00,,
2018/03/18,28,GBBL,-,191.0,191.0,186.0,187.0,187.00,0.0,0.0,187.28,"3,314.00",189.00,"620,632.00",17,-2.0,5.0,-1.06,2.69,-0.15,515.00,178.00,,
2018/03/19,30,GBBL,-,187.0,189.0,184.0,184.0,184.00,0.0,0.0,185.74,"7,218.00",187.00,"1,340,675.00",34,-3.0,5.0,-1.6,2.72,-0.95,515.00,178.00,,
2018/03/20,28,GBBL,-,184.0,184.0,180.0,183.0,183.00,0.0,0.0,182.28,"7,451.00",184.00,"1,358,186.00",19,-1.0,4.0,-0.54,2.22,0.39,515.00,178.00,,
2018/03/21,29,GBBL,-,182.0,182.0,178.0,180.0,180.00,0.0,0.0,180.32,"6,258.00",183.00,"1,128,425.00",35,-3.00,4.00,-1.64,2.25,-0.18,515.00,178.00,,
2018/03/22,27,GBBL,-,178.0,187.0,178.0,180.0,180.00,0.0,0.0,184.82,"12,597.00",180.00,"2,328,206.00",30,0.0,9.0,0.0,5.06,-2.68,515.00,178.00,,
2018/03/26,29,GBBL,-,177.0,180.0,172.0,172.0,172.00,0.0,0.0,175.55,"5,701.00",180.00,"1,000,788.00",33,-8.00,8.00,-4.44,4.65,-2.06,515.00,178.00,,
2018/03/27,33,GBBL,-,171.0,184.0,169.0,180.0,180.00,0.0,0.0,172.69,"7,039.00",172.00,"1,215,562.00",36,8.0,15.00,4.65,8.88,4.06,515.00,172.00,,
2018/03/28,29,GBBL,-,180.0,180.0,177.0,179.0,179.00,0.0,0.0,178.24,"6,223.00",180.00,"1,109,198.00",41,-1.0,3.0,-0.56,1.69,0.42,515.00,169.00,,
2018/03/29,32,GBBL,-,178.0,184.0,178.0,184.0,184.00,0.0,0.0,181.62,"3,185.00",179.00,"578,475.00",15,5.0,6.0,2.79,3.37,1.29,515.00,169.00,,
2018/04/01,28,GBBL,-,181.0,181.0,173.0,174.0,174.00,0.0,0.0,175.27,"6,820.00",184.00,"1,195,334.00",48,-10.0,8.0,-5.43,4.62,-0.73,515.00,169.00,,
2018/04/02,27,GBBL,-,174.0,176.0,171.0,171.0,171.00,0.0,0.0,173.26,"9,949.00",174.00,"1,723,772.00",49,-3.0,5.0,-1.72,2.92,-1.32,515.00,169.00,,
2018/04/03,29,GBBL,-,174.0,180.0,173.0,174.0,174.00,0.0,0.0,175.09,"3,205.00",171.00,"561,153.00",21,3.0,7.0,1.75,4.05,-0.62,515.00,169.00,,
2018/04/04,30,GBBL,-,177.0,185.0,177.0,183.0,183.00,0.0,0.0,182.00,"2,297.00",174.00,"418,057.00",19,9.0,8.0,5.17,4.52,0.55,515.00,169.00,,
2018/02/12,29,GBBL,-,187.0,195.0,190.0,195.0,195.00,0.0,0.0,193.39,"1,160.00",187.00,"224,330.00",11,8.0,5.0,0.0,2.63,0.83,0.0,0.0,,
2018/02/14,29,GBBL,-,195.0,195.0,192.0,193.0,193.00,0.0,0.0,192.59,"6,400.00",195.00,"1,232,580.00",26,-2.0,3.0,0.0,1.56,0.21,0.0,0.0,,
2018/02/15,33,GBBL,-,193.0,201.0,191.0,200.0,200.00,0.0,0.0,198.54,"7,506.00",193.00,"1,490,244.00",34,7.0,10.0,0.0,5.24,0.73,0.0,0.0,,
2018/02/18,31,GBBL,-,202.0,208.0,198.0,202.0,202.00,0.0,0.0,201.91,"17,316.00",200.00,"3,496,287.00",75,2.0,10.0,1.0,5.05,0.04,515.00,186.00,,
2018/02/20,32,GBBL,-,201.0,201.0,197.0,198.0,198.00,0.0,0.0,198.28,"8,653.00",202.00,"1,715,760.00",31,-4.0,4.0,-1.98,2.03,-0.14,515.00,186.00,,
2018/02/21,28,GBBL,-,197.0,197.0,195.0,195.0,195.00,0.0,0.0,196.23,"2,309.00",198.00,"453,091.00",12,-3.0,2.0,-1.52,1.03,-0.63,515.00,186.00,,
2018/02/22,28,GBBL,-,196.0,197.0,194.0,195.0,195.00,0.0,0.0,195.74,"9,768.00",195.00,"1,911,962.00",24,0.0,3.0,0.0,1.55,-0.38,515.00,186.00,,
2018/02/25,57,GBBL,35.77,426.0,432.0,425.1,427.0,427.00,0.0,0.0,426.91,"33,594.00",427.00,"14,341,700.50",114,0.0,6.9,0.0,1.62,0.02,498.00,378.70,410.89,407.35
2018/02/26,29,GBBL,-,195.0,195.0,191.0,195.0,195.00,0.0,0.0,192.41,"5,117.00",192.00,"984,551.00",20,3.00,4.00,1.56,2.09,1.33,515.00,186.00,,
2018/02/27,28,GBBL,-,198.0,197.0,192.0,194.0,194.00,0.0,0.0,193.57,"5,552.00",195.00,"1,074,689.00",29,-1.0,5.0,-0.51,2.6,0.22,515.00,186.00,,
2018/02/28,32,GBBL,-,191.0,193.0,188.0,189.0,189.00,0.0,0.0,190.14,"8,269.00",194.00,"1,572,249.00",42,-5.0,5.0,-2.58,2.66,-0.6,515.00,186.00,,
2018/03/04,28,GBBL,-,186.0,186.0,178.0,178.0,178.00,0.0,0.0,181.75,"14,483.00",189.00,"2,632,327.00",43,-11.0,8.0,-5.82,4.49,-2.11,515.00,186.00,,
2018/03/05,30,GBBL,-,181.0,184.0,181.0,182.0,182.00,0.0,0.0,182.19,"3,060.00",178.00,"557,494.00",22,4.0,3.0,2.25,1.66,-0.1,515.00,178.00,,
2018/03/06,31,GBBL,-,185.0,187.0,180.0,185.0,185.00,0.0,0.0,183.56,"5,752.00",182.00,"1,055,853.00",33,3.0,7.00,1.65,3.89,0.78,515.00,178.00,,
2018/03/07,31,GBBL,-,185.0,192.0,185.0,192.0,192.00,0.0,0.0,188.52,"17,119.00",185.00,"3,227,349.00",38,7.0,7.0,3.78,3.78,1.81,515.00,178.00,,
2018/03/11,31,GBBL,-,192.0,192.0,185.0,185.0,185.00,0.0,0.0,187.30,"9,970.00",192.00,"1,867,415.00",47,-7.0,7.0,-3.65,3.78,-1.25,515.00,178.00,,
2018/01/16,30,GBBL,-,194.0,194.0,190.0,192.0,192.00,0.0,0.0,191.65,"3,076.00",194.00,"589,512.00",22,-2.0,4.0,0.0,2.11,0.18,0.0,0.0,,
2018/01/17,29,GBBL,-,192.0,195.0,186.0,195.0,195.00,0.0,0.0,188.91,"3,073.00",192.00,"580,522.00",26,3.0,9.0,0.0,4.84,3.12,0.0,0.0,,
2018/01/21,33,GBBL,-,195.0,198.0,192.0,195.0,195.00,0.0,0.0,194.13,"2,515.00",195.00,"488,249.00",20,0.0,6.0,0.0,3.13,0.44,0.0,0.0,,
2018/01/22,32,GBBL,-,195.0,194.0,191.0,192.0,192.00,0.0,0.0,192.24,"2,728.00",195.00,"524,429.00",17,-3.0,3.0,0.0,1.57,-0.12,0.0,0.0,,
2018/01/23,31,GBBL,-,192.0,195.0,192.0,194.0,194.00,0.0,0.0,193.17,"5,845.00",192.00,"1,129,058.00",29,2.0,3.0,0.0,1.56,0.43,0.0,0.0,,
2018/01/24,31,GBBL,-,194.0,196.0,192.0,196.0,196.00,0.0,0.0,194.15,"5,216.00",194.00,"1,012,710.00",23,2.0,4.0,0.0,2.08,0.94,0.0,0.0,,
2018/01/25,32,GBBL,-,196.0,198.0,193.0,194.0,194.00,0.0,0.0,194.13,"3,892.00",196.00,"755,568.00",25,-2.0,5.0,0.0,2.59,-0.07,0.0,0.0,,
2018/01/28,32,GBBL,-,194.0,197.0,192.0,195.0,195.00,0.0,0.0,193.25,"7,986.00",194.00,"1,543,312.00",38,1.0,5.0,0.0,2.6,0.9,0.0,0.0,,
2018/01/29,29,GBBL,-,195.0,197.0,194.0,197.0,197.00,0.0,0.0,195.22,"1,245.00",195.00,"243,050.00",15,2.0,3.0,0.0,1.55,0.9,0.0,0.0,,
2018/01/31,31,GBBL,-,197.0,197.0,192.0,196.0,196.00,0.0,0.0,194.23,"3,692.00",197.00,"717,080.00",20,-1.0,5.0,0.0,2.6,0.91,0.0,0.0,,
2018/02/01,29,GBBL,-,196.0,200.0,196.0,198.0,198.00,0.0,0.0,197.45,"5,328.00",196.00,"1,051,994.00",23,2.0,4.0,0.0,2.04,0.28,0.0,0.0,,
2018/02/04,31,GBBL,-,198.0,197.0,195.0,195.0,195.00,0.0,0.0,195.36,"4,953.00",198.00,"967,628.00",30,-3.0,2.0,0.0,1.03,-0.19,0.0,0.0,,
2018/02/05,27,GBBL,-,195.0,195.0,194.0,194.0,194.00,0.0,0.0,194.45,888.00,195.00,"172,672.00",8,-1.0,1.0,0.0,0.52,-0.23,0.0,0.0,,
2018/02/06,28,GBBL,-,194.0,195.0,192.0,193.0,193.00,0.0,0.0,192.90,"3,610.00",194.00,"696,372.00",19,-1.0,3.0,0.0,1.56,0.05,0.0,0.0,,
2018/02/07,31,GBBL,-,193.0,196.0,190.0,193.0,193.00,0.0,0.0,191.91,"6,154.00",193.00,"1,181,032.00",25,0.0,6.0,0.0,3.16,0.56,0.0,0.0,,
2018/02/08,29,GBBL,-,193.0,195.0,192.0,195.0,195.00,0.0,0.0,193.66,"3,102.00",193.00,"600,738.00",11,2.0,3.0,0.0,1.56,0.69,0.0,0.0,,
2017/12/19,30,GBBL,-,238.0,240.0,234.0,235.0,235.00,0.0,0.0,235.48,"4,180.00",238.00,"984,311.00",24,-3.0,6.0,0.0,2.56,-0.2,0.0,0.0,,
2017/12/20,28,GBBL,-,235.0,239.0,235.0,239.0,239.00,0.0,0.0,236.82,"2,204.00",235.00,"521,956.00",22,4.0,4.0,0.0,1.7,0.91,0.0,0.0,,
2017/12/21,29,GBBL,-,239.0,239.0,235.0,238.0,238.00,0.0,0.0,236.46,"4,922.00",239.00,"1,163,845.00",35,-1.0,4.0,0.0,1.7,0.65,0.0,0.0,,
2017/12/24,30,GBBL,-,238.0,240.0,234.0,238.0,238.00,0.0,0.0,236.72,"6,749.00",238.00,"1,597,630.00",37,0.0,6.0,0.0,2.56,0.54,0.0,0.0,,
2017/12/26,32,GBBL,-,238.0,240.0,233.0,234.0,234.00,0.0,0.0,235.37,"3,886.00",238.00,"914,658.00",31,-4.0,7.0,0.0,3.0,-0.59,0.0,0.0,,
2017/12/27,29,GBBL,-,234.0,235.0,227.0,229.0,229.00,0.0,0.0,229.13,"9,924.00",234.00,"2,273,886.00",65,-5.0,8.0,0.0,3.52,-0.06,0.0,0.0,,
2017/12/28,32,GBBL,-,229.0,237.0,221.0,227.0,227.00,0.0,0.0,225.69,"35,518.00",229.00,"8,016,230.00",100,-2.0,16.0,0.0,7.24,0.57,0.0,0.0,,
2017/12/31,30,GBBL,-,197.0,194.0,189.0,189.0,189.00,0.0,0.0,191.68,"4,058.00",197.00,"777,848.00",31,-8.0,5.0,0.0,2.65,-1.42,0.0,0.0,,
2018/01/01,30,GBBL,-,189.0,196.0,190.0,196.0,196.00,0.0,0.0,193.34,"4,801.00",189.00,"928,213.00",21,7.00,6.00,0.0,3.16,1.36,0.0,0.0,,
2018/01/02,32,GBBL,-,196.0,199.0,194.0,195.0,195.00,0.0,0.0,196.24,"4,806.00",196.00,"943,110.00",27,-1.0,5.0,0.0,2.58,-0.63,0.0,0.0,,
2018/01/03,32,GBBL,-,195.0,196.0,190.0,191.0,191.00,0.0,0.0,192.51,"1,606.00",195.00,"309,164.00",16,-4.0,6.0,0.0,3.16,-0.79,0.0,0.0,,
2018/01/04,34,GBBL,-,191.0,195.0,190.0,190.0,190.00,0.0,0.0,192.38,"5,972.00",191.00,"1,148,878.00",33,-1.0,5.0,0.0,2.63,-1.25,0.0,0.0,,
2018/01/07,31,GBBL,-,190.0,195.0,190.0,195.0,195.00,0.0,0.0,191.88,"4,130.00",190.00,"792,478.00",21,5.0,5.0,0.0,2.63,1.6,0.0,0.0,,
2018/01/08,32,GBBL,-,195.0,198.0,191.0,195.0,195.00,0.0,0.0,194.09,"2,866.00",195.00,"556,249.00",20,0.0,7.0,0.0,3.66,0.47,0.0,0.0,,
2018/01/09,34,GBBL,-,195.0,200.0,195.0,200.0,200.00,0.0,0.0,197.59,"2,656.00",195.00,"524,805.00",21,5.0,5.0,0.0,2.56,1.2,0.0,0.0,,
2018/01/10,29,GBBL,-,200.0,203.0,196.0,196.0,196.00,0.0,0.0,197.77,"5,860.00",200.00,"1,158,956.00",31,-4.0,7.0,0.0,3.57,-0.91,0.0,0.0,,
2017/11/22,30,GBBL,-,242.0,242.0,238.0,238.0,238.00,0.0,0.0,239.50,"14,429.00",242.00,"3,455,720.00",47,-4.0,4.0,0.0,1.68,-0.63,0.0,0.0,,
2017/11/23,32,GBBL,-,238.0,247.0,242.0,246.0,246.00,0.0,0.0,244.30,"7,961.00",238.00,"1,944,901.00",23,8.0,5.0,0.0,2.07,0.69,0.0,0.0,,
2017/11/26,31,GBBL,-,246.0,252.0,247.0,251.0,251.00,0.0,0.0,249.75,"6,526.00",246.00,"1,629,855.00",42,5.0,5.0,0.0,2.02,0.5,0.0,0.0,,
2017/11/27,31,GBBL,-,251.0,249.0,244.0,244.0,244.00,0.0,0.0,245.81,"3,193.00",251.00,"784,875.00",21,-7.0,5.0,0.0,2.05,-0.74,0.0,0.0,,
2017/11/28,31,GBBL,-,244.0,247.0,242.0,243.0,243.00,0.0,0.0,243.86,"7,199.00",244.00,"1,755,570.00",30,-1.0,5.0,0.0,2.07,-0.36,0.0,0.0,,
2017/11/29,31,GBBL,-,243.0,250.0,244.0,248.0,248.00,0.0,0.0,247.75,"10,196.00",243.00,"2,526,076.00",31,5.0,6.0,0.0,2.46,0.1,0.0,0.0,,
2017/11/30,31,GBBL,-,248.0,248.0,241.0,248.0,248.00,0.0,0.0,246.09,"2,940.00",248.00,"723,516.00",30,0.0,7.0,0.0,2.9,0.77,0.0,0.0,,
2017/12/04,31,GBBL,-,248.0,248.0,240.0,243.0,243.00,0.0,0.0,241.95,"10,803.00",248.00,"2,613,785.00",57,-5.0,8.0,0.0,3.33,0.43,0.0,0.0,,
2017/12/05,31,GBBL,-,243.0,244.0,240.0,244.0,244.00,0.0,0.0,242.22,"3,068.00",243.00,"743,131.00",14,1.0,4.0,0.0,1.67,0.73,0.0,0.0,,
2017/12/06,32,GBBL,-,244.0,250.0,243.0,247.0,247.00,0.0,0.0,246.09,"17,285.00",244.00,"4,253,639.00",52,3.0,7.0,0.0,2.88,0.37,0.0,0.0,,
2017/12/10,31,GBBL,-,247.0,251.0,244.0,246.0,246.00,0.0,0.0,247.84,"3,567.00",247.00,"884,058.00",22,-1.0,7.0,0.0,2.87,-0.75,0.0,0.0,,
2017/12/11,30,GBBL,-,246.0,246.0,243.0,244.0,244.00,0.0,0.0,245.14,"2,970.00",246.00,"728,062.00",20,-2.0,3.0,0.0,1.23,-0.47,0.0,0.0,,
2017/12/12,30,GBBL,-,244.0,246.0,241.0,242.0,242.00,0.0,0.0,241.26,"14,406.00",244.00,"3,475,606.00",14,-2.0,5.0,0.0,2.07,0.31,0.0,0.0,,
2017/12/13,30,GBBL,-,242.0,246.0,238.0,245.0,245.00,0.0,0.0,243.53,"1,570.00",242.00,"382,336.00",12,3.0,8.0,0.0,3.36,0.6,0.0,0.0,,
2017/12/14,30,GBBL,-,245.0,249.0,241.0,241.0,241.00,0.0,0.0,242.73,"4,895.00",245.00,"1,188,145.00",17,-4.0,8.0,0.0,3.32,-0.72,0.0,0.0,,
2017/12/17,31,GBBL,-,241.0,241.0,238.0,238.0,238.00,0.0,0.0,239.41,"3,310.00",241.00,"792,454.00",34,-3.0,3.0,0.0,1.26,-0.59,0.0,0.0,,
2017/10/30,33,GBBL,-,252.0,256.0,250.0,251.0,251.00,0.0,0.0,252.80,"4,762.00",252.00,"1,203,839.00",28,-1.0,6.0,0.0,2.4,-0.72,0.0,0.0,,
2017/10/31,30,GBBL,-,251.0,253.0,250.0,250.0,250.00,0.0,0.0,252.05,"1,950.00",251.00,"491,507.00",15,-1.0,3.00,0.0,1.2,-0.82,0.0,0.0,,
2017/11/01,29,GBBL,-,250.0,255.0,248.0,255.0,255.00,0.0,0.0,250.49,"2,602.00",250.00,"651,767.00",19,5.0,7.0,0.0,2.82,1.77,0.0,0.0,,
2017/11/02,30,GBBL,-,255.0,255.0,250.0,251.0,251.00,0.0,0.0,251.19,"4,659.00",255.00,"1,170,285.00",25,-4.0,5.0,0.0,2.0,-0.07,0.0,0.0,,
2017/11/05,31,GBBL,-,251.0,250.0,243.0,248.0,248.00,0.0,0.0,245.93,"7,367.00",251.00,"1,811,785.00",48,-3.0,7.0,0.0,2.88,0.83,0.0,0.0,,
2017/11/06,32,GBBL,-,248.0,250.0,240.0,246.0,246.00,0.0,0.0,242.40,"13,815.00",248.00,"3,348,809.00",47,-2.0,10.0,0.0,4.17,1.46,0.0,0.0,,
2017/11/07,29,GBBL,-,246.0,247.0,240.0,243.0,243.00,0.0,0.0,243.41,"6,734.00",246.00,"1,639,101.00",22,-3.0,7.0,0.0,2.92,-0.17,0.0,0.0,,
2017/11/08,30,GBBL,-,243.0,241.0,237.0,240.0,240.00,0.0,0.0,239.42,"5,055.00",243.00,"1,210,245.00",39,-3.00,4.0,0.0,1.69,0.24,0.0,0.0,,
2017/11/09,29,GBBL,-,240.0,244.0,232.0,239.0,239.00,0.0,0.0,237.04,"8,560.00",240.00,"2,029,089.00",36,-1.0,12.0,0.0,5.17,0.82,0.0,0.0,,
2017/11/12,30,GBBL,-,239.0,248.0,233.0,248.0,248.00,0.0,0.0,238.45,"4,323.00",239.00,"1,030,800.00",27,9.0,15.0,0.0,6.44,3.85,0.0,0.0,,
2017/11/13,30,GBBL,-,248.0,249.0,240.0,246.0,246.00,0.0,0.0,243.24,"4,718.00",248.00,"1,147,611.00",23,-2.0,9.00,0.0,3.75,1.12,0.0,0.0,,
2017/11/14,30,GBBL,-,246.0,249.0,245.0,247.0,247.00,0.0,0.0,246.36,"6,493.00",246.00,"1,599,605.00",30,1.0,4.0,0.0,1.63,0.26,0.0,0.0,,
2017/11/15,30,GBBL,-,247.0,250.0,241.0,244.0,244.00,0.0,0.0,244.39,"3,842.00",247.00,"938,941.00",37,-3.0,9.0,0.0,3.73,-0.16,0.0,0.0,,
2017/11/16,57,GBBL,35.77,426.0,432.0,425.1,427.0,427.00,0.0,0.0,426.91,"33,594.00",427.00,"14,341,700.50",114,0.0,6.9,0.0,1.62,0.02,498.00,378.70,410.89,407.35
2017/11/19,29,GBBL,-,240.0,245.0,238.0,238.0,238.00,0.0,0.0,240.23,"10,953.00",240.00,"2,631,252.00",60,-2.0,7.0,0.0,2.94,-0.94,0.0,0.0,,
2017/11/20,30,GBBL,-,238.0,242.0,238.0,239.0,239.00,0.0,0.0,239.61,"11,374.00",238.00,"2,725,317.00",37,1.0,4.0,0.0,1.68,-0.25,0.0,0.0,,
2017/10/03,23,GBBL,-,261.0,265.0,261.0,261.0,261.00,0.0,0.0,263.72,"1,609.00",261.00,"424,322.00",7,0.0,4.0,0.0,1.53,-1.04,0.0,0.0,,
2017/10/04,28,GBBL,-,261.0,260.0,255.0,255.0,255.00,0.0,0.0,257.55,"3,011.00",261.00,"775,484.00",20,-6.0,5.0,0.0,1.96,-1.0,0.0,0.0,,
2017/10/08,31,GBBL,-,255.0,250.0,243.0,248.0,248.00,0.0,0.0,246.35,"8,321.00",255.00,"2,049,878.00",31,-7.0,7.0,0.0,2.88,0.67,0.0,0.0,,
2017/10/09,28,GBBL,-,248.0,250.0,245.0,247.0,247.00,0.0,0.0,247.45,"4,080.00",248.00,"1,009,587.00",19,-1.0,5.0,0.0,2.04,-0.18,0.0,0.0,,
2017/10/10,30,GBBL,-,247.0,254.0,245.0,254.0,254.00,0.0,0.0,249.49,"3,829.00",247.00,"955,301.00",29,7.0,9.0,0.0,3.67,1.78,0.0,0.0,,
2017/10/11,29,GBBL,-,254.0,258.0,247.0,250.0,250.00,0.0,0.0,251.65,"2,442.00",254.00,"614,541.00",21,-4.0,11.0,0.0,4.45,-0.66,0.0,0.0,,
2017/10/12,26,GBBL,-,250.0,251.0,248.0,249.0,249.00,0.0,0.0,249.50,"2,871.00",250.00,"716,314.00",21,-1.0,3.0,0.0,1.21,-0.2,0.0,0.0,,
2017/10/15,30,GBBL,-,249.0,255.0,248.0,253.0,253.00,0.0,0.0,251.46,"2,539.00",249.00,"638,465.00",18,4.0,7.0,0.0,2.82,0.61,0.0,0.0,,
2017/10/16,33,GBBL,-,253.0,266.0,255.0,266.0,266.00,0.0,0.0,258.89,"2,916.00",253.00,"754,926.00",20,13.0,11.0,0.0,4.31,2.67,0.0,0.0,,
2017/10/17,30,GBBL,-,266.0,273.0,260.0,270.0,270.00,0.0,0.0,267.21,"13,708.00",266.00,"3,662,899.00",66,4.0,13.0,0.0,5.0,1.03,0.0,0.0,,
2017/10/18,28,GBBL,-,270.0,272.0,257.0,272.0,272.00,0.0,0.0,263.88,"3,223.00",270.00,"850,500.00",14,2.0,15.0,0.0,5.84,2.98,0.0,0.0,,
2017/10/19,57,GBBL,35.77,426.0,432.0,425.1,427.0,427.00,0.0,0.0,426.91,"33,594.00",427.00,"14,341,700.50",114,0.0,6.9,0.0,1.62,0.02,498.00,378.70,410.89,407.35
2017/10/22,28,GBBL,-,272.0,272.0,267.0,269.0,269.00,0.0,0.0,268.60,"2,068.00",272.00,"555,464.00",12,-3.0,5.0,0.0,1.87,0.15,0.0,0.0,,
2017/10/23,31,GBBL,-,269.0,267.0,259.0,264.0,264.00,0.0,0.0,261.68,"4,986.00",269.00,"1,304,753.00",21,-5.00,8.0,0.0,3.09,0.88,0.0,0.0,,
2017/10/24,31,GBBL,-,264.0,265.0,256.0,262.0,262.00,0.0,0.0,261.11,"3,868.00",264.00,"1,009,970.00",25,-2.0,9.0,0.0,3.52,0.34,0.0,0.0,,
2017/10/25,30,GBBL,-,262.0,261.0,253.0,253.0,253.00,0.0,0.0,259.14,"3,925.00",262.00,"1,017,144.00",24,-9.0,8.0,0.0,3.16,-2.43,0.0,0.0,,
2017/08/28,29,GBBL,-,267.0,270.0,263.0,270.0,270.00,0.0,0.0,266.21,"11,937.00",267.00,"3,177,720.00",65,3.0,7.0,0.0,2.66,1.4,0.0,0.0,,
2017/08/30,27,GBBL,-,270.0,270.0,262.0,267.0,267.00,0.0,0.0,265.41,"5,047.00",270.00,"1,339,536.00",32,-3.0,8.0,0.0,3.05,0.59,0.0,0.0,,
2017/08/31,30,GBBL,-,267.0,270.0,263.0,267.0,267.00,0.0,0.0,265.86,"5,180.00",267.00,"1,377,141.00",27,0.0,7.0,0.0,2.66,0.43,0.0,0.0,,
2017/09/04,31,GBBL,-,267.0,266.0,259.0,260.0,260.00,0.0,0.0,261.48,"8,890.00",267.00,"2,324,527.00",63,-7.0,7.0,0.0,2.7,-0.57,0.0,0.0,,
2017/09/06,57,GBBL,35.77,426.0,432.0,425.1,427.0,427.00,0.0,0.0,426.91,"33,594.00",427.00,"14,341,700.50",114,0.0,6.9,0.0,1.62,0.02,498.00,378.70,410.89,407.35
2017/09/07,31,GBBL,-,259.0,260.0,255.0,255.0,255.00,0.0,0.0,257.81,"4,625.00",259.00,"1,192,388.00",49,-4.0,5.0,0.0,1.96,-1.1,0.0,0.0,,
2017/09/10,30,GBBL,-,255.0,252.0,245.0,248.0,248.00,0.0,0.0,247.14,"19,400.00",255.00,"4,794,575.00",81,-7.00,7.0,0.0,2.86,0.35,0.0,0.0,,
2017/09/11,29,GBBL,-,248.0,249.0,243.0,248.0,248.00,0.0,0.0,246.31,"11,765.00",248.00,"2,897,800.00",56,0.0,6.0,0.0,2.47,0.68,0.0,0.0,,
2017/09/12,28,GBBL,-,248.0,251.0,244.0,247.0,247.00,0.0,0.0,247.97,"4,805.00",248.00,"1,191,511.00",38,-1.0,7.0,0.0,2.87,-0.39,0.0,0.0,,
2017/09/13,31,GBBL,-,247.0,250.0,239.0,244.0,244.00,0.0,0.0,245.11,"15,889.00",247.00,"3,894,571.00",57,-3.0,11.0,0.0,4.6,-0.46,0.0,0.0,,
2017/09/14,30,GBBL,-,244.0,260.0,241.0,255.0,255.00,0.0,0.0,248.22,"12,277.00",244.00,"3,047,446.00",61,11.00,19.00,0.0,7.88,2.66,0.0,0.0,,
2017/09/17,31,GBBL,-,255.0,261.0,250.0,261.0,261.00,0.0,0.0,254.39,"6,309.00",255.00,"1,604,947.00",35,6.0,11.0,0.0,4.4,2.53,0.0,0.0,,
2017/09/18,31,GBBL,-,261.0,267.0,255.0,255.0,255.00,0.0,0.0,258.75,"5,110.00",261.00,"1,322,238.00",43,-6.0,12.0,0.0,4.71,-1.47,0.0,0.0,,
2017/09/20,30,GBBL,-,255.0,257.0,252.0,256.0,256.00,0.0,0.0,253.97,"4,427.00",255.00,"1,124,307.00",19,1.0,5.0,0.0,1.98,0.79,0.0,0.0,,
2017/09/24,30,GBBL,-,256.0,259.0,252.0,257.0,257.00,0.0,0.0,256.42,"1,462.00",256.00,"374,888.00",13,1.0,7.0,0.0,2.78,0.23,0.0,0.0,,
2017/09/25,30,GBBL,-,257.0,261.0,257.0,261.0,261.00,0.0,0.0,259.33,"2,660.00",257.00,"689,814.00",16,4.0,4.0,0.0,1.56,0.64,0.0,0.0,,
2017/08/01,29,GBBL,-,290.0,295.0,290.0,291.0,291.00,0.0,0.0,291.32,"10,097.00",290.00,"2,941,441.00",65,1.0,5.0,0.0,1.72,-0.11,0.0,0.0,,
2017/08/02,29,GBBL,-,291.0,298.0,288.0,291.0,291.00,0.0,0.0,292.04,"8,418.00",291.00,"2,458,412.00",49,0.0,10.0,0.0,3.47,-0.36,0.0,0.0,,
2017/08/03,29,GBBL,-,291.0,296.0,286.0,295.0,295.00,0.0,0.0,288.63,"7,492.00",291.00,"2,162,441.00",55,4.0,10.0,0.0,3.5,2.16,0.0,0.0,,
2017/08/06,30,GBBL,-,295.0,291.0,286.0,286.0,286.00,0.0,0.0,288.22,"5,979.00",295.00,"1,723,294.00",52,-9.0,5.0,0.0,1.75,-0.78,0.0,0.0,,
2017/08/07,29,GBBL,-,286.0,286.0,282.0,285.0,285.00,0.0,0.0,283.97,"9,362.00",286.00,"2,658,535.00",56,-1.0,4.0,0.0,1.42,0.36,0.0,0.0,,
2017/08/09,29,GBBL,-,285.0,286.0,281.0,282.0,282.00,0.0,0.0,283.22,"10,262.00",285.00,"2,906,401.00",54,-3.0,5.00,0.0,1.78,-0.43,0.0,0.0,,
2017/08/10,30,GBBL,-,282.0,286.0,280.0,280.0,280.00,0.0,0.0,281.43,"17,296.00",282.00,"4,867,657.00",61,-2.0,6.0,0.0,2.14,-0.51,0.0,0.0,,
2017/08/13,30,GBBL,-,280.0,285.0,277.0,279.0,279.00,0.0,0.0,278.73,"9,987.00",280.00,"2,783,660.00",42,-1.0,8.0,0.0,2.89,0.1,0.0,0.0,,
2017/08/15,30,GBBL,-,279.0,281.0,271.0,277.0,277.00,0.0,0.0,275.45,"13,138.00",279.00,"3,618,897.00",56,-2.0,10.0,0.0,3.69,0.56,0.0,0.0,,
2017/08/16,30,GBBL,-,277.0,285.0,275.0,276.0,276.00,0.0,0.0,278.39,"14,544.00",277.00,"4,048,892.00",59,-1.0,10.0,0.0,3.64,-0.87,0.0,0.0,,
2017/08/17,30,GBBL,-,276.0,280.0,270.0,273.0,273.00,0.0,0.0,272.88,"22,063.00",276.00,"6,020,540.00",92,-3.0,10.0,0.0,3.7,0.04,0.0,0.0,,
2017/08/20,30,GBBL,-,273.0,276.0,265.0,265.0,265.00,0.0,0.0,268.05,"22,873.00",273.00,"6,131,118.00",89,-8.0,11.0,0.0,4.15,-1.15,0.0,0.0,,
2017/08/21,27,GBBL,-,265.0,270.0,264.0,268.0,268.00,0.0,0.0,266.60,"9,215.00",265.00,"2,456,760.00",37,3.0,6.0,0.0,2.27,0.52,0.0,0.0,,
2017/08/22,29,GBBL,-,268.0,271.0,265.0,266.0,266.00,0.0,0.0,267.84,"21,218.00",268.00,"5,683,043.00",58,-2.0,6.0,0.0,2.26,-0.69,0.0,0.0,,
2017/08/23,30,GBBL,-,266.0,270.0,265.0,269.0,269.00,0.0,0.0,265.91,"21,280.00",266.00,"5,658,580.00",54,3.0,5.0,0.0,1.89,1.15,0.0,0.0,,
2017/08/24,29,GBBL,-,269.0,271.0,267.0,271.0,271.00,0.0,0.0,268.58,"10,557.00",269.00,"2,835,417.00",40,2.0,4.0,0.0,1.5,0.89,0.0,0.0,,
2017/07/09,28,GBBL,-,300.0,312.0,285.0,303.0,303.00,0.0,0.0,300.66,"10,152.00",300.00,"3,052,347.00",68,3.0,27.0,0.0,9.47,0.77,0.0,0.0,,
2017/07/10,28,GBBL,-,303.0,306.0,293.0,296.0,296.00,0.0,0.0,295.78,"9,426.00",303.00,"2,788,055.00",42,-7.00,13.0,0.0,4.44,0.07,0.0,0.0,,
2017/07/11,29,GBBL,-,296.0,300.0,295.0,297.0,297.00,0.0,0.0,296.49,"7,843.00",296.00,"2,325,386.00",33,1.0,5.0,0.0,1.69,0.17,0.0,0.0,,
2017/07/12,26,GBBL,-,297.0,299.0,290.0,298.0,298.00,0.0,0.0,294.87,"13,166.00",297.00,"3,882,298.00",62,1.0,9.0,0.0,3.1,1.05,0.0,0.0,,
2017/07/13,26,GBBL,-,298.0,300.0,290.0,296.0,296.00,0.0,0.0,294.65,"4,742.00",298.00,"1,397,216.00",37,-2.0,10.0,0.0,3.45,0.46,0.0,0.0,,
2017/07/16,28,GBBL,-,296.0,298.0,291.0,295.0,295.00,0.0,0.0,293.22,"7,320.00",296.00,"2,146,367.00",41,-1.0,7.0,0.0,2.41,0.6,0.0,0.0,,
2017/07/17,29,GBBL,-,295.0,300.0,295.0,300.0,300.00,0.0,0.0,297.14,"5,536.00",295.00,"1,644,991.00",41,5.0,5.0,0.0,1.69,0.95,0.0,0.0,,
2017/07/18,29,GBBL,-,300.0,305.0,300.0,302.0,302.00,0.0,0.0,301.72,"11,992.00",300.00,"3,618,285.00",64,2.00,5.0,0.0,1.67,0.09,0.0,0.0,,
2017/07/19,29,GBBL,-,302.0,308.0,300.0,300.0,300.00,0.0,0.0,303.46,"9,773.00",302.00,"2,965,753.00",67,-2.0,8.0,0.0,2.67,-1.15,0.0,0.0,,
2017/07/20,29,GBBL,-,300.0,306.0,297.0,298.0,298.00,0.0,0.0,300.20,"12,570.00",300.00,"3,773,462.00",58,-2.0,9.0,0.0,3.03,-0.74,0.0,0.0,,
2017/07/23,31,GBBL,-,298.0,295.0,292.0,295.0,295.00,0.0,0.0,293.82,"7,284.00",298.00,"2,140,162.00",53,-3.0,3.0,0.0,1.03,0.4,0.0,0.0,,
2017/07/24,30,GBBL,-,295.0,295.0,292.0,294.0,294.00,0.0,0.0,292.72,"7,877.00",295.00,"2,305,759.00",59,-1.00,3.00,0.0,1.03,0.44,0.0,0.0,,
2017/07/25,28,GBBL,-,294.0,298.0,290.0,294.0,294.00,0.0,0.0,293.54,"6,266.00",294.00,"1,839,331.00",34,0.00,8.00,0.0,2.76,0.16,0.0,0.0,,
2017/07/26,30,GBBL,-,294.0,295.0,290.0,293.0,293.00,0.0,0.0,291.38,"11,769.00",294.00,"3,429,266.00",67,-1.00,5.00,0.0,1.72,0.55,0.0,0.0,,
2017/07/27,29,GBBL,-,293.0,295.0,286.0,286.0,286.00,0.0,0.0,288.54,"11,030.00",293.00,"3,182,580.00",92,-7.00,9.00,0.0,3.15,-0.89,0.0,0.0,,
2017/07/30,29,GBBL,-,286.0,290.0,278.0,286.0,286.00,0.0,0.0,284.69,"17,371.00",286.00,"4,945,271.00",84,0.0,12.0,0.0,4.32,0.46,0.0,0.0,,
2017/06/12,57,GBBL,35.77,426.0,432.0,425.1,427.0,427.00,0.0,0.0,426.91,"33,594.00",427.00,"14,341,700.50",114,0.0,6.9,0.0,1.62,0.02,498.00,378.70,410.89,407.35
2017/06/13,27,GBBL,-,307.0,310.0,300.0,304.0,304.00,0.0,0.0,304.15,"3,285.00",307.00,"999,138.00",24,-3.0,10.0,0.0,3.33,-0.05,0.0,0.0,,
2017/06/14,28,GBBL,-,304.0,306.0,300.0,303.0,303.00,0.0,0.0,302.16,"5,579.00",304.00,"1,685,765.00",41,-1.0,6.0,0.0,2.0,0.28,0.0,0.0,,
2017/06/15,30,GBBL,-,303.0,308.0,294.0,300.0,300.00,0.0,0.0,300.22,"20,043.00",303.00,"6,017,376.00",77,-3.0,14.0,0.0,4.76,-0.07,0.0,0.0,,
2017/06/18,29,GBBL,-,300.0,303.0,295.0,295.0,295.00,0.0,0.0,296.73,"8,388.00",300.00,"2,488,950.00",35,-5.0,8.0,0.0,2.71,-0.59,0.0,0.0,,
2017/06/19,27,GBBL,-,295.0,300.0,293.0,293.0,293.00,0.0,0.0,295.94,"4,397.00",295.00,"1,301,233.00",29,-2.0,7.0,0.0,2.39,-1.0,0.0,0.0,,
2017/06/20,26,GBBL,-,293.0,300.0,288.0,296.0,296.00,0.0,0.0,295.81,"4,232.00",293.00,"1,251,857.00",33,3.0,12.0,0.0,4.17,0.07,0.0,0.0,,
2017/06/21,29,GBBL,-,296.0,300.0,294.0,295.0,295.00,0.0,0.0,297.38,"5,144.00",296.00,"1,529,743.00",37,-1.0,6.0,0.0,2.04,-0.81,0.0,0.0,,
2017/06/22,26,GBBL,-,295.0,299.0,293.0,293.0,293.00,0.0,0.0,294.97,"3,451.00",295.00,"1,017,953.00",37,-2.0,6.0,0.0,2.05,-0.67,0.0,0.0,,
2017/06/25,28,GBBL,-,293.0,300.0,290.0,300.0,300.00,0.0,0.0,298.63,"1,941.00",293.00,"579,640.00",21,7.0,10.0,0.0,3.45,0.46,0.0,0.0,,
2017/06/27,28,GBBL,-,300.0,296.0,294.0,296.0,296.00,0.0,0.0,294.43,"2,972.00",300.00,"875,054.00",21,-4.0,2.0,0.0,0.68,0.53,0.0,0.0,,
2017/06/28,25,GBBL,-,296.0,300.0,291.0,297.0,297.00,0.0,0.0,295.69,"2,047.00",296.00,"605,273.00",12,1.0,9.0,0.0,3.09,0.44,0.0,0.0,,
2017/07/02,29,GBBL,-,297.0,294.0,290.0,293.0,293.00,0.0,0.0,291.01,"3,004.00",297.00,"874,200.00",25,-4.0,4.0,0.0,1.38,0.68,0.0,0.0,,
2017/07/03,28,GBBL,-,293.0,303.0,290.0,292.0,292.00,0.0,0.0,293.35,"1,665.00",293.00,"488,431.00",21,-1.0,13.0,0.0,4.48,-0.46,0.0,0.0,,
2017/07/04,27,GBBL,-,292.0,295.0,290.0,294.0,294.00,0.0,0.0,293.72,"1,617.00",292.00,"474,946.00",23,2.0,5.0,0.0,1.72,0.1,0.0,0.0,,
2017/07/05,26,GBBL,-,294.0,295.0,293.0,294.0,294.00,0.0,0.0,293.87,"1,609.00",294.00,"472,834.00",21,0.0,2.0,0.0,0.68,0.04,0.0,0.0,,
2017/02/20,23,GBBL,-,333.0,340.0,321.0,333.0,333.00,0.0,0.0,334.34,"18,019.00",333.00,"6,024,512.00",94,0.0,19.00,0.0,5.92,-0.4,0.0,0.0,,
2017/03/20,22,GBBL,-,333.0,346.0,334.0,340.0,340.00,0.0,0.0,341.12,"19,920.00",333.00,"6,795,033.00",58,7.0,12.0,0.0,3.59,-0.33,0.0,0.0,,
2017/04/16,24,GBBL,-,351.0,351.0,333.0,334.0,334.00,0.0,0.0,338.08,"8,430.00",351.00,"2,850,035.00",43,-17.00,18.00,0.0,5.41,-1.22,0.0,0.0,,
2017/05/15,25,GBBL,-,324.0,335.0,325.0,325.0,325.00,0.0,0.0,329.69,"1,739.00",324.00,"573,325.00",12,1.0,10.0,0.0,3.08,-1.44,0.0,0.0,,
2017/06/11,26,GBBL,-,310.0,309.0,300.0,305.0,305.00,0.0,0.0,304.03,"6,845.00",310.00,"2,081,062.00",41,-5.0,9.0,0.0,3.0,0.32,0.0,0.0,,
2017/07/06,26,GBBL,-,294.0,302.0,292.0,300.0,300.00,0.0,0.0,294.07,"15,477.00",294.00,"4,551,288.00",48,6.0,10.0,0.0,3.42,1.98,0.0,0.0,,
2017/07/31,29,GBBL,-,286.0,294.0,286.0,290.0,290.00,0.0,0.0,288.38,"10,901.00",286.00,"3,143,614.00",62,4.0,8.00,0.0,2.8,0.56,0.0,0.0,,
2017/08/27,29,GBBL,-,271.0,275.0,266.0,267.0,267.00,0.0,0.0,268.34,"8,736.00",271.00,"2,344,193.00",44,-4.0,9.0,0.0,3.38,-0.5,0.0,0.0,,
2017/09/26,30,GBBL,-,261.0,263.0,257.0,261.0,261.00,0.0,0.0,260.45,"3,137.00",261.00,"817,042.00",15,0.0,6.0,0.0,2.33,0.21,0.0,0.0,,
2017/10/29,30,GBBL,-,253.0,255.0,252.0,252.0,252.00,0.0,0.0,253.75,"5,430.00",253.00,"1,377,847.00",32,-1.0,3.0,0.0,1.19,-0.69,0.0,0.0,,
2017/11/21,30,GBBL,-,239.0,243.0,238.0,242.0,242.00,0.0,0.0,240.11,"8,746.00",239.00,"2,100,024.00",21,3.0,5.0,0.0,2.1,0.78,0.0,0.0,,
2017/12/18,31,GBBL,-,238.0,240.0,235.0,238.0,238.00,0.0,0.0,237.07,"17,013.00",238.00,"4,033,233.00",51,0.0,5.0,0.0,2.13,0.39,0.0,0.0,,
2018/01/14,29,GBBL,-,196.0,196.0,193.0,194.0,194.00,0.0,0.0,194.41,"1,500.00",196.00,"291,614.00",15,-2.0,3.0,0.0,1.55,-0.21,0.0,0.0,,
2018/02/11,30,GBBL,-,195.0,195.0,187.0,187.0,187.00,0.0,0.0,192.34,"4,911.00",195.00,"944,571.00",25,-8.0,8.0,0.0,4.28,-2.85,0.0,0.0,,
2018/03/12,30,GBBL,-,182.0,191.0,182.0,189.0,189.00,0.0,0.0,187.00,636.00,185.00,"118,933.00",9,4.0,9.0,2.16,4.95,1.06,515.00,178.00,,
2018/04/05,31,GBBL,-,186.0,187.0,180.0,187.0,187.00,0.0,0.0,184.21,"13,460.00",183.00,"2,479,477.00",61,4.0,7.0,2.19,3.89,1.49,515.00,169.00,,
2018/04/29,33,GBBL,-,199.0,204.0,196.0,204.0,204.00,0.0,0.0,199.78,"8,439.00",201.00,"1,685,918.00",46,3.0,8.0,1.49,4.08,2.07,335.00,169.00,,
2018/05/27,28,GBBL,-,188.0,190.0,187.0,189.0,189.00,0.0,0.0,188.85,"7,939.00",190.00,"1,499,262.00",27,-1.0,3.0,-0.53,1.6,0.08,322.00,169.00,,
2018/06/20,31,GBBL,-,181.0,181.0,177.0,178.0,178.00,0.0,0.0,178.80,"2,073.00",180.00,"370,648.00",11,-2.0,4.0,-1.11,2.26,-0.45,312.00,169.00,,
2018/07/15,36,GBBL,-,180.0,181.0,175.0,180.0,180.00,0.0,0.0,179.25,"3,104.00",178.00,"556,405.00",24,2.0,6.0,1.12,3.43,0.41,308.00,169.00,,
2018/08/07,29,GBBL,-,185.0,185.0,181.0,185.0,185.00,0.0,0.0,183.39,"3,620.00",186.00,"663,882.00",17,-1.0,4.0,-0.54,2.21,0.87,286.00,169.00,,
2017/05/16,25,GBBL,-,325.0,327.0,319.0,325.0,325.00,0.0,0.0,324.17,"7,436.00",325.00,"2,410,526.00",24,0.0,8.0,0.0,2.51,0.26,0.0,0.0,,
2017/05/17,25,GBBL,-,325.0,328.0,320.0,322.0,322.00,0.0,0.0,322.53,"7,511.00",325.00,"2,422,502.00",44,-3.0,8.0,0.0,2.5,-0.16,0.0,0.0,,
2017/05/18,25,GBBL,-,322.0,320.0,318.0,320.0,320.00,0.0,0.0,318.67,"3,995.00",322.00,"1,273,092.00",27,-2.0,2.0,0.0,0.63,0.42,0.0,0.0,,
2017/05/21,26,GBBL,-,320.0,320.0,309.0,310.0,310.00,0.0,0.0,312.35,"8,677.00",320.00,"2,710,219.00",39,-10.0,11.0,0.0,3.56,-0.76,0.0,0.0,,
2017/05/22,26,GBBL,-,310.0,310.0,302.0,310.0,310.00,0.0,0.0,305.84,"2,380.00",310.00,"727,910.00",20,0.0,8.0,0.0,2.65,1.34,0.0,0.0,,
2017/05/23,26,GBBL,-,310.0,322.0,310.0,317.0,317.00,0.0,0.0,315.37,"5,090.00",310.00,"1,605,212.00",25,7.0,12.0,0.0,3.87,0.52,0.0,0.0,,
2017/05/24,25,GBBL,-,317.0,323.0,313.0,316.0,316.00,0.0,0.0,318.69,"5,038.00",317.00,"1,605,585.00",18,-1.0,10.0,0.0,3.19,-0.85,0.0,0.0,,
2017/05/28,25,GBBL,-,316.0,318.0,308.0,310.0,310.00,0.0,0.0,310.86,"13,221.00",316.00,"4,109,936.00",51,-6.0,10.0,0.0,3.25,-0.28,0.0,0.0,,
2017/05/30,26,GBBL,-,310.0,309.0,304.0,308.0,308.00,0.0,0.0,306.61,"13,224.00",310.00,"4,054,614.00",48,-2.0,5.0,0.0,1.64,0.45,0.0,0.0,,
2017/05/31,25,GBBL,-,308.0,319.0,303.0,311.0,311.00,0.0,0.0,311.07,"5,380.00",308.00,"1,673,537.00",41,3.0,16.0,0.0,5.28,-0.02,0.0,0.0,,
2017/06/01,26,GBBL,-,311.0,315.0,308.0,310.0,310.00,0.0,0.0,313.05,"5,902.00",311.00,"1,847,616.00",37,-1.0,7.0,0.0,2.27,-0.98,0.0,0.0,,
2017/06/04,26,GBBL,-,310.0,311.0,302.0,302.0,302.00,0.0,0.0,307.38,"8,625.00",310.00,"2,651,167.00",62,-8.0,9.0,0.0,2.98,-1.78,0.0,0.0,,
2017/06/05,28,GBBL,-,302.0,315.0,303.0,307.0,307.00,0.0,0.0,310.06,"6,092.00",302.00,"1,888,885.00",36,5.0,12.0,0.0,3.96,-1.0,0.0,0.0,,
2017/06/06,27,GBBL,-,307.0,319.0,310.0,316.0,316.00,0.0,0.0,314.97,"5,417.00",307.00,"1,706,184.00",37,9.0,9.0,0.0,2.9,0.33,0.0,0.0,,
2017/06/07,27,GBBL,-,316.0,322.0,310.0,311.0,311.00,0.0,0.0,314.84,"3,937.00",316.00,"1,239,507.00",35,-5.0,12.0,0.0,3.87,-1.23,0.0,0.0,,
2017/06/08,26,GBBL,-,311.0,313.0,307.0,310.0,310.00,0.0,0.0,310.26,"3,964.00",311.00,"1,229,889.00",26,-1.0,6.0,0.0,1.95,-0.09,0.0,0.0,,
2017/04/18,26,GBBL,-,334.0,330.0,318.0,320.0,320.00,0.0,0.0,322.33,"12,949.00",334.00,"4,173,852.00",81,-14.0,12.0,0.0,3.77,-0.73,0.0,0.0,,
2017/04/19,26,GBBL,-,320.0,350.0,321.0,350.0,350.00,0.0,0.0,346.36,"6,106.00",320.00,"2,114,872.00",34,30.0,29.00,0.0,9.03,1.04,0.0,0.0,,
2017/04/20,23,GBBL,-,350.0,364.0,343.0,343.0,343.00,0.0,0.0,349.24,"6,479.00",350.00,"2,262,694.00",39,-7.0,21.00,0.0,6.12,-1.82,0.0,0.0,,
2017/04/23,25,GBBL,-,343.0,362.0,343.0,345.0,345.00,0.0,0.0,351.74,"10,937.00",343.00,"3,846,968.00",63,2.00,19.0,0.0,5.54,-1.95,0.0,0.0,,
2017/04/24,24,GBBL,-,345.0,348.0,336.0,343.0,343.00,0.0,0.0,342.05,"7,552.00",345.00,"2,583,145.00",43,-2.00,12.0,0.0,3.57,0.28,0.0,0.0,,
2017/04/25,25,GBBL,-,343.0,350.0,330.0,334.0,334.00,0.0,0.0,339.06,"5,687.00",343.00,"1,928,207.00",34,-9.00,20.0,0.0,6.06,-1.51,0.0,0.0,,
2017/04/26,25,GBBL,-,334.0,340.0,328.0,330.0,330.00,0.0,0.0,330.98,"9,301.00",334.00,"3,078,441.00",42,-4.00,12.00,0.0,3.66,-0.3,0.0,0.0,,
2017/04/27,26,GBBL,-,330.0,340.0,325.0,334.0,334.00,0.0,0.0,332.41,"6,305.00",330.00,"2,095,825.00",52,4.0,15.00,0.0,4.62,0.48,0.0,0.0,,
2017/04/30,57,GBBL,35.77,426.0,432.0,425.1,427.0,427.00,0.0,0.0,426.91,"33,594.00",427.00,"14,341,700.50",114,0.0,6.9,0.0,1.62,0.02,498.00,378.70,410.89,407.35
2017/05/02,26,GBBL,-,323.0,329.0,320.0,328.0,328.00,0.0,0.0,322.62,"9,104.00",323.00,"2,937,130.00",41,5.0,9.0,0.0,2.81,1.64,0.0,0.0,,
2017/05/03,25,GBBL,-,328.0,334.0,322.0,322.0,322.00,0.0,0.0,329.32,"5,763.00",328.00,"1,897,857.00",34,-6.0,12.0,0.0,3.73,-2.27,0.0,0.0,,
2017/05/04,25,GBBL,-,322.0,325.0,317.0,321.0,321.00,0.0,0.0,320.19,"10,385.00",322.00,"3,325,143.00",53,-1.0,8.0,0.0,2.52,0.25,0.0,0.0,,
2017/05/07,25,GBBL,-,321.0,321.0,312.0,315.0,315.00,0.0,0.0,315.49,"8,880.00",321.00,"2,801,589.00",56,-6.0,9.0,0.0,2.88,-0.16,0.0,0.0,,
2017/05/08,25,GBBL,-,315.0,321.0,314.0,317.0,317.00,0.0,0.0,317.39,"5,754.00",315.00,"1,826,249.00",29,2.0,7.0,0.0,2.23,-0.12,0.0,0.0,,
2017/05/09,24,GBBL,-,317.0,322.0,317.0,321.0,321.00,0.0,0.0,320.85,"2,729.00",317.00,"875,613.00",21,4.0,5.0,0.0,1.58,0.05,0.0,0.0,,
2017/05/11,25,GBBL,-,321.0,328.0,319.0,324.0,324.00,0.0,0.0,322.10,"10,562.00",321.00,"3,402,013.00",42,3.0,9.0,0.0,2.82,0.59,0.0,0.0,,
2017/03/21,22,GBBL,-,340.0,374.0,335.0,365.0,365.00,0.0,0.0,347.06,"19,283.00",340.00,"6,692,450.00",51,25.0,39.0,0.0,11.64,4.91,0.0,0.0,,
2017/03/22,23,GBBL,-,365.0,389.0,358.0,367.0,367.00,0.0,0.0,372.84,"34,811.00",365.00,"12,978,986.00",133,2.0,31.0,0.0,8.66,-1.59,0.0,0.0,,
2017/03/23,22,GBBL,-,367.0,397.0,370.0,390.0,390.00,0.0,0.0,384.34,"66,925.00",367.00,"25,721,778.00",237,23.0,27.0,0.0,7.3,1.45,0.0,0.0,,
2017/03/26,23,GBBL,-,390.0,410.0,390.0,407.0,407.00,0.0,0.0,400.15,"56,890.00",390.00,"22,764,280.00",191,17.0,20.0,0.0,5.13,1.68,0.0,0.0,,
2017/03/28,25,GBBL,-,407.0,447.0,411.0,436.0,436.00,0.0,0.0,429.82,"42,880.00",407.00,"18,430,488.00",142,29.00,36.0,0.0,8.76,1.42,0.0,0.0,,
2017/03/29,25,GBBL,-,436.0,460.0,430.0,434.0,434.00,0.0,0.0,442.63,"36,657.00",436.00,"16,225,624.00",168,-1.00,30.00,0.0,6.98,-1.99,0.0,0.0,,
2017/03/30,23,GBBL,-,434.0,442.0,419.0,435.0,435.00,0.0,0.0,432.71,"26,372.00",434.00,"11,411,550.00",92,1.0,23.0,0.0,5.49,0.53,0.0,0.0,,
2017/04/02,19,GBBL,-,435.0,465.0,440.0,465.0,465.00,0.0,0.0,453.07,"23,222.00",435.00,"10,521,286.00",76,30.00,25.00,0.0,5.68,2.56,0.0,0.0,,
2017/04/03,22,GBBL,-,465.0,511.0,456.0,465.0,465.00,0.0,0.0,478.68,"34,416.00",465.00,"16,474,166.00",160,0.00,55.00,0.0,12.06,-2.94,0.0,0.0,,
2017/04/04,24,GBBL,-,465.0,500.0,456.0,496.0,496.00,0.0,0.0,486.49,"71,451.00",465.00,"34,760,020.00",337,31.00,44.00,0.0,9.65,1.92,0.0,0.0,,
2017/04/06,23,GBBL,-,496.0,515.0,497.0,505.0,505.00,0.0,0.0,505.01,"67,430.00",496.00,"34,053,116.00",359,9.00,18.00,0.0,3.62,0.0,0.0,0.0,,
2017/04/09,23,GBBL,-,505.0,515.0,486.0,495.0,495.00,0.0,0.0,495.09,"62,172.00",505.00,"30,780,584.00",386,-10.0,29.00,0.0,5.97,-0.02,0.0,0.0,,
2017/04/10,25,GBBL,-,495.0,500.0,486.0,494.0,494.00,0.0,0.0,492.54,"81,317.00",495.00,"40,051,728.00",344,-1.0,14.00,0.0,2.88,0.3,0.0,0.0,,
2017/04/11,23,GBBL,-,494.0,500.0,490.0,500.0,500.00,0.0,0.0,496.35,"156,747.00",494.00,"77,801,328.00",702,6.0,10.0,0.0,2.04,0.73,0.0,0.0,,
2017/04/12,25,GBBL,-,335.0,368.0,341.0,360.0,360.00,0.0,0.0,361.80,"46,378.00",335.00,"16,779,528.00",249,25.0,27.0,0.0,7.92,-0.5,0.0,0.0,,
2017/04/13,23,GBBL,-,360.0,359.0,340.0,351.0,351.00,0.0,0.0,348.74,"23,438.00",360.00,"8,173,684.00",111,-9.0,19.00,0.0,5.59,0.64,0.0,0.0,,
2017/02/21,24,GBBL,-,333.0,339.0,323.0,323.0,323.00,0.0,0.0,330.70,"7,648.00",333.00,"2,529,212.00",51,-10.0,16.0,0.0,4.95,-2.38,0.0,0.0,,
2017/02/22,23,GBBL,-,323.0,329.0,320.0,320.0,320.00,0.0,0.0,323.48,"2,320.00",323.00,"750,480.00",21,-3.0,9.0,0.0,2.81,-1.09,0.0,0.0,,
2017/02/23,24,GBBL,-,320.0,326.0,320.0,320.0,320.00,0.0,0.0,324.47,"3,694.00",320.00,"1,198,603.00",20,0.0,6.0,0.0,1.88,-1.4,0.0,0.0,,
2017/02/26,24,GBBL,-,320.0,321.0,316.0,319.0,319.00,0.0,0.0,318.84,"3,092.00",320.00,"985,860.00",17,-1.0,5.0,0.0,1.58,0.05,0.0,0.0,,
2017/02/28,24,GBBL,-,319.0,320.0,314.0,318.0,318.00,0.0,0.0,316.85,"7,134.00",319.00,"2,260,402.00",36,-1.0,6.0,0.0,1.91,0.36,0.0,0.0,,
2017/03/01,23,GBBL,-,318.0,321.0,315.0,319.0,319.00,0.0,0.0,317.62,"3,452.00",318.00,"1,096,435.00",26,1.0,6.0,0.0,1.9,0.43,0.0,0.0,,
2017/03/02,23,GBBL,-,319.0,323.0,316.0,323.0,323.00,0.0,0.0,318.48,"5,749.00",319.00,"1,830,933.00",19,4.0,7.0,0.0,2.22,1.4,0.0,0.0,,
2017/03/05,24,GBBL,-,323.0,328.0,318.0,326.0,326.00,0.0,0.0,325.04,"2,839.00",323.00,"922,802.00",15,3.0,10.0,0.0,3.14,0.29,0.0,0.0,,
2017/03/06,25,GBBL,-,326.0,338.0,326.0,327.0,327.00,0.0,0.0,328.91,"3,131.00",326.00,"1,029,810.00",25,1.0,12.0,0.0,3.68,-0.58,0.0,0.0,,
2017/03/07,24,GBBL,-,327.0,327.0,321.0,327.0,327.00,0.0,0.0,325.38,"2,327.00",327.00,"757,158.00",17,0.0,6.0,0.0,1.87,0.5,0.0,0.0,,
2017/03/09,22,GBBL,-,327.0,330.0,322.0,330.0,330.00,0.0,0.0,325.72,"5,258.00",327.00,"1,712,662.00",23,3.0,8.0,0.0,2.48,1.3,0.0,0.0,,
2017/03/13,24,GBBL,-,330.0,332.0,327.0,330.0,330.00,0.0,0.0,329.94,"2,050.00",330.00,"676,378.00",12,0.0,5.0,0.0,1.53,0.02,0.0,0.0,,
2017/03/14,24,GBBL,-,330.0,330.0,328.0,328.0,328.00,0.0,0.0,328.96,"3,896.00",330.00,"1,281,614.00",36,-2.0,2.0,0.0,0.61,-0.29,0.0,0.0,,
2017/03/15,23,GBBL,-,328.0,335.0,325.0,335.0,335.00,0.0,0.0,331.37,"4,849.00",328.00,"1,606,791.00",23,7.0,10.0,0.0,3.08,1.08,0.0,0.0,,
2017/03/16,26,GBBL,-,335.0,335.0,328.0,331.0,331.00,0.0,0.0,330.63,"3,913.00",335.00,"1,293,774.00",20,-4.0,7.0,0.0,2.13,0.11,0.0,0.0,,
2017/03/19,23,GBBL,-,331.0,337.0,330.0,333.0,333.00,0.0,0.0,331.58,"2,543.00",331.00,"843,207.00",11,2.0,7.0,0.0,2.12,0.43,0.0,0.0,,
2017/01/24,25,GBBL,-,388.0,395.0,376.0,376.0,376.00,0.0,0.0,379.41,"7,666.00",388.00,"2,908,588.00",38,-12.0,19.0,0.0,5.05,-0.91,0.0,0.0,,
2017/01/25,25,GBBL,-,376.0,397.0,372.0,386.0,386.00,0.0,0.0,384.52,"46,888.00",376.00,"18,029,140.00",213,10.00,25.00,0.0,6.72,0.38,0.0,0.0,,
2017/01/26,24,GBBL,-,386.0,396.0,380.0,386.0,386.00,0.0,0.0,387.61,"28,148.00",386.00,"10,910,559.00",170,0.0,16.0,0.0,4.21,-0.42,0.0,0.0,,
2017/01/30,20,GBBL,-,386.0,390.0,370.0,375.0,375.00,0.0,0.0,381.42,"25,174.00",386.00,"9,601,807.00",157,-11.0,20.0,0.0,5.41,-1.71,0.0,0.0,,
2017/01/31,25,GBBL,-,375.0,391.0,368.0,391.0,391.00,0.0,0.0,383.94,"14,373.00",375.00,"5,518,412.00",101,16.0,23.0,0.0,6.25,1.8,0.0,0.0,,
2017/02/01,25,GBBL,-,391.0,410.0,391.0,405.0,405.00,0.0,0.0,398.95,"39,018.00",391.00,"15,566,311.00",241,14.0,19.0,0.0,4.86,1.49,0.0,0.0,,
2017/02/02,24,GBBL,-,405.0,413.0,395.0,404.0,404.00,0.0,0.0,402.92,"56,737.00",405.00,"22,860,470.00",364,-1.0,18.0,0.0,4.56,0.27,0.0,0.0,,
2017/02/05,20,GBBL,-,337.0,343.0,316.0,329.0,329.00,0.0,0.0,324.84,"6,519.00",337.00,"2,117,663.00",50,-8.0,27.0,0.0,8.54,1.26,0.0,0.0,,
2017/02/06,23,GBBL,-,329.0,326.0,312.0,312.0,312.00,0.0,0.0,318.31,"11,141.00",329.00,"3,546,258.00",46,-17.0,14.0,0.0,4.49,-2.02,0.0,0.0,,
2017/02/07,20,GBBL,-,312.0,324.0,315.0,317.0,317.00,0.0,0.0,319.48,"3,335.00",312.00,"1,065,466.00",19,5.0,9.0,0.0,2.86,-0.78,0.0,0.0,,
2017/02/08,24,GBBL,-,317.0,317.0,311.0,311.0,311.00,0.0,0.0,313.76,"4,967.00",317.00,"1,558,457.00",34,-6.0,6.0,0.0,1.93,-0.89,0.0,0.0,,
2017/02/09,23,GBBL,-,311.0,322.0,307.0,308.0,308.00,0.0,0.0,311.54,"7,995.00",311.00,"2,490,784.00",43,-3.0,15.0,0.0,4.89,-1.15,0.0,0.0,,
2017/02/12,22,GBBL,-,308.0,310.0,300.0,300.0,300.00,0.0,0.0,303.40,"7,369.00",308.00,"2,235,777.00",60,-8.0,10.0,0.0,3.33,-1.13,0.0,0.0,,
2017/02/13,24,GBBL,-,300.0,301.0,285.0,300.0,300.00,0.0,0.0,293.97,"11,939.00",300.00,"3,509,766.00",63,0.0,16.0,0.0,5.61,2.01,0.0,0.0,,
2017/02/14,24,GBBL,-,300.0,307.0,295.0,300.0,300.00,0.0,0.0,301.20,"6,761.00",300.00,"2,036,402.00",44,0.0,12.0,0.0,4.07,-0.4,0.0,0.0,,
2017/02/15,25,GBBL,-,300.0,318.0,300.0,318.0,318.00,0.0,0.0,308.65,"3,129.00",300.00,"965,774.00",29,18.00,18.0,0.0,6.0,2.94,0.0,0.0,,
2017/02/16,26,GBBL,-,318.0,330.0,315.0,323.0,323.00,0.0,0.0,319.91,"7,536.00",318.00,"2,410,838.00",63,5.0,15.0,0.0,4.76,0.96,0.0,0.0,,
2017/02/19,23,GBBL,-,323.0,334.0,317.0,333.0,333.00,0.0,0.0,328.79,"16,574.00",323.00,"5,449,444.00",91,10.00,17.00,0.0,5.36,1.26,0.0,0.0,,
