Date,S.No,Symbol,Conf.,Open,High,Low,Close,LTP,Close - LTP,Close - LTP %,VWAP,Vol,Prev. Close,Turnover,Trans.,Diff,Range,Diff %,Range %,VWAP %,52 Weeks High,52 Weeks Low,120 Days,180 Days
2025/08/25,66,GLH,31.59,261.0,266.5,261.0,265.89,266.50,-0.61,0.0,263.39,"28,197.00",263.07,"7,426,695.30",168,2.82,5.5,1.07,2.11,0.94,313.00,223.80,,
2025/08/26,67,GLH,28.84,269.0,269.0,264.0,265.3,265.20,0.1,0.0,265.39,"11,488.00",265.89,"3,048,778.10",86,-0.59,5.0,-0.22,1.89,-0.03,313.00,223.80,,
2025/08/27,69,GLH,39.48,263.1,274.0,261.0,272.28,274.00,-1.72,-0.01,270.36,"43,219.00",265.30,"11,684,777.30",228,6.98,13.0,2.63,4.98,0.7,313.00,223.80,,
2025/08/28,71,GLH,39.65,272.0,280.0,267.0,268.24,267.00,1.24,0.0,271.78,"62,349.00",272.28,"16,945,031.70",272,-4.04,13.0,-1.48,4.87,-1.32,313.00,223.80,,
2025/08/31,67,GLH,39.58,265.8,269.0,265.0,266.6,268.00,-1.4,-0.01,266.37,"37,289.00",268.24,"9,932,692.75",162,-1.64,4.0,-0.61,1.51,0.09,313.00,223.80,,
2025/09/01,69,GLH,35.21,263.2,268.0,262.1,265.16,266.00,-0.84,0.0,264.24,"34,015.00",266.60,"8,988,178.20",162,-1.44,5.9,-0.54,2.25,0.35,313.00,223.80,,
2025/09/02,69,GLH,32.14,268.0,268.0,262.2,262.77,262.60,0.17,0.0,263.67,"22,119.00",265.16,"5,832,122.80",154,-2.39,5.8,-0.9,2.21,-0.34,313.00,223.80,,
2025/09/03,73,GLH,26.07,265.4,265.4,261.0,261.13,261.10,0.03,0.0,262.03,"28,537.00",262.77,"7,477,609.40",159,-1.64,4.4,-0.62,1.69,-0.35,313.00,223.80,,
2025/09/04,71,GLH,30.88,260.9,262.0,256.0,258.76,259.00,-0.24,0.0,258.22,"47,718.00",261.13,"12,321,747.20",233,-2.37,6.0,-0.91,2.34,0.21,313.00,223.80,,
2025/09/07,74,GLH,25.93,258.0,261.9,257.0,257.46,257.20,0.26,0.0,258.46,"21,426.00",258.76,"5,537,868.80",161,-1.3,4.9,-0.5,1.91,-0.39,313.00,223.80,,
2025/09/08,69,GLH,30.26,260.0,260.0,249.9,250.93,250.50,0.43,0.0,251.67,"54,580.00",257.46,"13,736,239.60",232,-6.53,10.1,-2.54,4.04,-0.3,313.00,223.80,,
2025/09/18,55,GLH,21.81,246.0,246.1,232.0,232.0,232.00,0.0,0.0,236.80,"4,833.00",250.93,"1,144,454.30",19,-18.93,14.1,-7.54,6.08,-2.07,306.30,223.80,,
2025/09/21,72,GLH,42.07,227.4,255.0,227.4,253.02,254.00,-0.98,0.0,244.13,"71,076.00",232.00,"17,351,944.20",357,21.02,27.60,9.06,12.14,3.51,306.30,223.80,,
2025/09/23,70,GLH,40.06,255.7,263.2,255.1,261.0,261.00,0.0,0.0,259.19,"35,891.00",253.02,"9,302,621.40",196,7.98,8.1,3.15,3.18,0.69,306.30,223.80,,
2025/09/24,65,GLH,36.85,264.0,264.0,255.0,258.0,258.00,0.0,0.0,258.17,"14,206.00",261.00,"3,667,559.30",119,-3.00,9.0,-1.15,3.53,-0.07,306.30,223.80,,
2025/09/25,69,GLH,42.47,261.0,277.5,258.7,272.5,272.50,0.0,0.0,271.52,"211,469.00",258.00,"57,417,598.80",790,14.5,18.8,5.62,7.27,0.36,306.30,223.80,263.78,260.53
2025/07/30,67,GLH,33.18,301.9,301.9,286.2,286.75,286.20,0.55,0.0,290.74,"148,968.00",296.01,"43,310,703.60",611,-9.26,15.7,-3.13,5.49,-1.39,336.00,223.80,,
2025/07/31,67,GLH,32.97,286.0,290.0,279.0,280.58,279.00,1.58,0.01,283.33,"150,696.00",286.75,"42,697,337.20",635,-6.17,11.0,-2.15,3.94,-0.98,336.00,223.80,,
2025/08/03,68,GLH,31.69,282.0,282.0,271.1,272.24,272.00,0.24,0.0,275.45,"166,481.00",280.58,"45,857,067.60",689,-8.34,10.9,-2.97,4.02,-1.18,336.00,223.80,,
2025/08/04,69,GLH,28.76,271.0,281.0,271.0,278.49,278.00,0.49,0.0,275.20,"99,889.00",272.24,"27,489,782.40",515,6.25,10.0,2.3,3.69,1.18,336.00,223.80,,
2025/08/05,71,GLH,30.07,280.0,282.0,273.0,273.9,274.80,-0.9,0.0,277.24,"87,392.00",278.49,"24,228,907.90",355,-4.59,9.0,-1.65,3.3,-1.22,336.00,223.80,,
2025/08/06,70,GLH,25.32,270.0,275.0,270.0,271.76,273.80,-2.04,-0.01,272.89,"46,357.00",273.90,"12,650,361.70",312,-2.14,5.00,-0.78,1.85,-0.42,336.00,223.80,,
2025/08/07,68,GLH,23.87,272.0,278.0,272.0,276.32,276.00,0.32,0.0,275.24,"66,109.00",271.76,"18,196,086.80",343,4.56,6.0,1.68,2.21,0.39,336.00,223.80,,
2025/08/11,70,GLH,25.91,276.0,279.5,268.0,268.97,269.00,-0.03,0.0,272.35,"81,595.00",276.32,"22,222,716.40",377,-7.35,11.5,-2.66,4.29,-1.26,336.00,223.80,,
2025/08/12,70,GLH,22.92,268.5,270.0,265.0,266.35,266.10,0.25,0.0,266.63,"59,586.00",268.97,"15,887,600.60",299,-2.62,5.0,-0.97,1.89,-0.11,336.00,223.80,,
2025/08/13,64,GLH,21.63,269.8,270.6,266.0,266.22,267.00,-0.78,0.0,267.92,"35,078.00",266.35,"9,398,187.20",218,-0.13,4.6,-0.05,1.73,-0.64,336.00,223.80,,
2025/08/14,66,GLH,22.23,270.0,270.0,265.2,266.09,267.00,-0.91,0.0,266.33,"32,633.00",266.22,"8,691,119.70",203,-0.13,4.8,-0.05,1.81,-0.09,336.00,223.80,,
2025/08/17,64,GLH,26.23,268.0,271.4,266.0,268.29,268.80,-0.51,0.0,268.89,"41,582.00",266.09,"11,181,116.80",259,2.2,5.4,0.83,2.03,-0.22,320.00,223.80,,
2025/08/18,71,GLH,39.35,269.0,271.9,265.0,270.63,270.90,-0.27,0.0,269.42,"61,636.00",268.29,"16,606,186.70",226,2.34,6.9,0.87,2.6,0.45,320.00,223.80,,
2025/08/19,66,GLH,38.07,273.8,273.8,269.0,270.93,271.90,-0.97,0.0,270.88,"38,929.00",270.63,"10,545,142.00",183,0.3,4.8,0.11,1.78,0.02,313.00,223.80,,
2025/08/20,70,GLH,34.83,266.0,274.9,266.0,268.72,269.60,-0.88,0.0,269.13,"19,162.00",270.93,"5,157,119.50",149,-2.21,8.9,-0.82,3.35,-0.15,313.00,223.80,,
2025/08/21,66,GLH,37.77,264.0,270.0,264.0,266.2,266.00,0.2,0.0,266.40,"67,957.00",268.72,"18,103,528.20",209,-2.52,6.0,-0.94,2.27,-0.07,313.00,223.80,,
2025/07/07,64,GLH,25.16,265.4,266.0,259.0,261.48,263.70,-2.22,-0.01,261.82,"101,224.00",262.84,"26,502,440.40",397,-1.36,7.0,-0.52,2.7,-0.13,336.00,207.60,,
2025/07/08,65,GLH,23.28,257.1,263.9,257.1,261.72,262.00,-0.28,0.0,261.51,"36,741.00",261.48,"9,608,082.00",216,0.24,6.8,0.09,2.64,0.08,336.00,207.60,,
2025/07/09,64,GLH,24.82,264.3,268.0,262.5,263.48,263.40,0.08,0.0,265.19,"43,629.00",261.72,"11,569,894.80",256,1.76,5.5,0.67,2.1,-0.65,336.00,207.60,,
2025/07/10,65,GLH,25.73,265.0,268.7,261.1,262.98,263.00,-0.02,0.0,263.63,"60,908.00",263.48,"16,057,316.00",319,-0.5,7.6,-0.19,2.91,-0.25,336.00,210.00,,
2025/07/13,65,GLH,44.32,268.2,271.9,263.0,263.84,264.80,-0.96,0.0,265.75,"87,534.00",262.98,"23,262,122.00",384,0.86,8.9,0.33,3.38,-0.72,336.00,216.00,,
2025/07/14,69,GLH,39.52,262.0,268.9,262.0,265.43,265.80,-0.37,0.0,265.77,"49,682.00",263.84,"13,203,981.70",254,1.59,6.90,0.6,2.63,-0.13,336.00,216.00,,
2025/07/15,66,GLH,43.51,263.1,269.0,261.0,268.14,268.20,-0.06,0.0,266.04,"89,259.00",265.43,"23,746,656.00",316,2.71,8.00,1.02,3.07,0.78,336.00,216.00,,
2025/07/16,71,GLH,46.32,263.0,274.0,263.0,272.62,273.00,-0.38,0.0,270.83,"140,550.00",268.14,"38,065,635.10",434,4.48,11.0,1.67,4.18,0.66,336.00,219.00,,
2025/07/17,64,GLH,48.14,267.2,287.6,267.2,282.41,283.00,-0.59,0.0,282.43,"167,739.00",272.62,"47,374,009.80",773,9.79,20.40,3.59,7.63,-0.01,336.00,223.80,,
2025/07/20,66,GLH,51.26,285.0,304.9,277.0,282.4,281.00,1.4,0.0,289.18,"372,268.00",282.41,"107,652,026.70","1,358",-0.01,27.9,0.0,10.07,-2.4,336.00,223.80,,
2025/07/21,66,GLH,46.92,283.0,290.0,281.0,285.78,286.00,-0.22,0.0,284.71,"201,550.00",282.40,"57,383,595.80",673,3.38,9.0,1.2,3.2,0.37,336.00,223.80,,
2025/07/22,68,GLH,48.45,286.0,293.4,285.0,290.13,290.00,0.13,0.0,290.04,"178,884.00",285.78,"51,883,536.90",775,4.35,8.4,1.52,2.95,0.03,336.00,223.80,,
2025/07/23,67,GLH,50.3,285.0,301.9,285.0,294.97,295.00,-0.03,0.0,294.87,"329,167.00",290.13,"97,062,628.10","1,229",4.84,16.90,1.67,5.93,0.03,336.00,223.80,,
2025/07/24,68,GLH,47.56,300.0,302.0,295.0,300.57,301.90,-1.33,0.0,299.50,"280,814.00",294.97,"84,103,196.00","1,126",5.6,7.0,1.9,2.37,0.36,336.00,223.80,,
2025/07/27,69,GLH,50.33,301.0,306.3,290.0,291.1,292.00,-0.9,0.0,297.15,"372,587.00",300.57,"110,714,549.70","1,279",-9.47,16.3,-3.15,5.62,-2.08,336.00,223.80,,
2025/07/28,69,GLH,43.34,295.0,295.0,285.6,293.01,293.90,-0.89,0.0,289.34,"145,272.00",291.10,"42,033,711.10",733,1.91,9.4,0.66,3.29,1.25,336.00,223.80,,
2025/06/12,66,GLH,44.18,261.9,272.9,258.2,264.62,264.90,-0.28,0.0,266.86,"231,175.00",258.66,"61,691,610.60",775,5.96,14.7,2.3,5.69,-0.85,336.00,196.00,,
2025/06/15,68,GLH,41.77,265.0,268.0,263.0,264.86,266.00,-1.14,0.0,265.24,"104,404.00",264.62,"27,692,464.70",382,0.24,5.0,0.09,1.9,-0.14,336.00,205.00,,
2025/06/16,71,GLH,47.5,270.0,274.0,263.0,267.77,268.00,-0.23,0.0,268.48,"229,828.00",264.86,"61,703,423.30",677,2.91,11.0,1.1,4.18,-0.26,336.00,205.00,,
2025/06/17,66,GLH,42.94,270.0,270.0,261.5,263.21,263.20,0.01,0.0,263.50,"63,928.00",267.77,"16,845,313.20",291,-4.56,8.5,-1.7,3.25,-0.11,336.00,205.00,,
2025/06/18,67,GLH,43.93,263.1,268.9,263.1,267.29,268.90,-1.61,-0.01,266.75,"124,962.00",263.21,"33,334,222.10",463,4.08,5.8,1.55,2.2,0.2,336.00,205.00,,
2025/06/19,71,GLH,47.49,272.6,280.0,271.0,272.73,271.00,1.73,0.01,275.31,"327,911.00",267.29,"90,278,007.00","1,237",5.44,9.00,2.04,3.32,-0.95,336.00,205.00,,
2025/06/22,68,GLH,27.22,275.0,275.0,261.7,263.05,264.50,-1.45,-0.01,266.77,"133,391.00",272.73,"35,585,355.10",491,-9.68,13.30,-3.55,5.08,-1.42,336.00,205.00,,
2025/06/23,72,GLH,25.37,257.8,265.9,256.5,260.62,262.00,-1.38,-0.01,260.60,"68,893.00",263.05,"17,953,654.70",317,-2.43,9.40,-0.92,3.66,0.01,336.00,205.00,,
2025/06/24,71,GLH,29.51,260.0,268.0,260.0,263.33,263.90,-0.57,0.0,265.04,"84,065.00",260.62,"22,280,201.80",324,2.71,8.00,1.04,3.08,-0.65,336.00,205.00,,
2025/06/25,67,GLH,36.66,258.1,276.0,258.1,272.33,275.00,-2.67,-0.01,269.00,"149,769.00",263.33,"40,287,155.90",530,9.0,17.9,3.42,6.94,1.22,336.00,205.00,,
2025/06/26,69,GLH,42.47,261.0,277.5,258.7,272.5,272.50,0.0,0.0,271.52,"211,469.00",258.00,"57,417,598.80",790,14.5,18.8,5.62,7.27,0.36,306.30,223.80,263.78,260.53
2025/06/29,71,GLH,40.34,275.0,279.0,271.2,275.97,276.00,-0.03,0.0,275.08,"135,650.00",275.78,"37,315,139.10",476,0.19,7.8,0.07,2.88,0.32,336.00,205.00,,
2025/06/30,68,GLH,40.26,276.0,280.0,267.5,269.04,269.90,-0.86,0.0,272.30,"100,991.00",275.97,"27,499,837.90",407,-6.93,12.50,-2.51,4.67,-1.21,336.00,205.00,,
2025/07/01,66,GLH,37.9,263.7,275.0,263.7,274.0,272.50,1.5,0.01,270.89,"66,244.00",269.04,"17,944,506.10",362,4.96,11.3,1.84,4.29,1.14,336.00,205.00,,
2025/07/02,67,GLH,25.26,279.4,279.4,267.5,269.88,269.90,-0.02,0.0,271.95,"122,353.00",274.00,"33,273,960.00",455,-4.12,11.9,-1.5,4.45,-0.77,336.00,207.20,,
2025/07/03,66,GLH,23.95,264.5,273.0,264.5,266.9,266.00,0.9,0.0,268.57,"110,983.00",269.88,"29,806,695.00",481,-2.98,8.5,-1.1,3.21,-0.63,336.00,207.20,,
2025/05/18,63,GLH,23.96,257.8,266.8,257.8,264.28,263.90,0.38,0.0,262.51,"95,324.00",262.79,"25,023,028.50",364,1.49,9.0,0.57,3.49,0.67,336.00,196.00,,
2025/05/19,68,GLH,26.17,259.0,274.0,258.5,263.22,261.50,1.72,0.01,265.86,"161,832.00",264.28,"43,024,316.10",502,-1.06,15.50,-0.4,6.0,-1.0,336.00,196.00,,
2025/05/20,64,GLH,26.75,258.1,273.0,258.1,269.49,270.00,-0.51,0.0,263.68,"166,949.00",263.22,"44,021,849.90",445,6.27,14.9,2.38,5.77,2.15,336.00,196.00,,
2025/05/21,69,GLH,42.47,261.0,277.5,258.7,272.5,272.50,0.0,0.0,271.52,"211,469.00",258.00,"57,417,598.80",790,14.5,18.8,5.62,7.27,0.36,306.30,223.80,263.78,260.53
2025/05/22,67,GLH,28.89,266.0,267.0,255.0,257.54,255.00,2.54,0.01,259.28,"113,843.00",262.06,"29,516,945.20",460,-4.52,12.00,-1.72,4.71,-0.67,336.00,196.00,,
2025/05/25,69,GLH,26.47,252.4,267.0,250.0,255.65,259.00,-3.35,-0.01,254.13,"121,824.00",257.54,"30,959,658.50",402,-1.89,17.0,-0.73,6.8,0.59,336.00,196.00,,
2025/05/26,71,GLH,26.38,259.0,265.9,251.1,252.75,251.10,1.65,0.01,255.94,"97,867.00",255.65,"25,047,859.30",334,-2.9,14.8,-1.13,5.89,-1.26,336.00,196.00,,
2025/05/27,67,GLH,28.51,252.0,258.0,247.0,252.73,253.00,-0.27,0.0,252.04,"122,661.00",252.75,"30,916,002.10",377,-0.02,11.0,-0.01,4.45,0.27,336.00,196.00,,
2025/05/28,67,GLH,32.71,247.7,260.0,247.7,257.77,256.00,1.77,0.01,256.43,"70,908.00",252.73,"18,182,727.90",331,5.04,12.3,1.99,4.97,0.52,336.00,196.00,,
2025/06/02,67,GLH,39.22,262.9,264.0,256.1,258.9,258.70,0.2,0.0,260.22,"71,291.00",257.77,"18,551,478.60",341,1.13,7.90,0.44,3.08,-0.51,336.00,196.00,,
2025/06/03,66,GLH,34.34,255.0,259.8,249.0,250.23,251.00,-0.77,0.0,251.84,"110,545.00",258.90,"27,840,040.40",411,-8.67,10.8,-3.35,4.34,-0.64,336.00,196.00,,
2025/06/04,65,GLH,28.4,251.0,253.9,245.0,245.49,245.20,0.29,0.0,247.56,"88,112.00",250.23,"21,813,044.80",401,-4.74,8.9,-1.89,3.63,-0.84,336.00,196.00,,
2025/06/05,67,GLH,32.15,250.0,250.0,244.0,247.15,246.10,1.05,0.0,246.05,"86,151.00",245.49,"21,197,783.20",340,1.66,6.0,0.68,2.46,0.44,336.00,196.00,,
2025/06/08,66,GLH,33.28,252.0,256.0,245.1,251.24,251.50,-0.26,0.0,252.81,"71,796.00",247.15,"18,150,769.50",339,4.09,10.9,1.65,4.45,-0.63,336.00,196.00,,
2025/06/09,71,GLH,37.1,256.2,259.2,250.0,256.52,257.50,-0.98,0.0,256.27,"100,014.00",251.24,"25,630,369.50",389,5.28,9.2,2.1,3.68,0.1,336.00,196.00,,
2025/06/10,66,GLH,39.02,259.0,262.0,255.0,259.2,260.00,-0.8,0.0,259.90,"78,672.00",256.52,"20,447,190.00",342,2.68,7.0,1.04,2.75,-0.27,336.00,196.00,,
2024/08/12,71,GLH,62.49,303.9,317.0,296.0,316.0,316.00,0.0,0.0,307.82,"229,482.00",303.90,"70,639,160.70","1,374",12.1,21.00,3.98,7.09,2.59,317.00,194.60,,
2024/09/09,68,GLH,60.39,286.9,309.0,264.6,302.0,302.00,0.0,0.0,277.11,"166,124.00",287.00,"46,034,607.20",749,15.00,44.4,5.23,16.78,8.24,336.00,194.60,,
2024/10/07,62,GLH,-,240.0,258.0,240.0,253.0,253.00,0.0,0.0,250.25,"85,081.00",240.50,"21,291,141.60",428,12.50,18.00,5.2,7.5,1.09,336.00,194.60,,
2024/11/10,67,GLH,-,252.7,263.1,252.7,262.0,262.00,0.0,0.0,259.44,"105,337.00",251.30,"27,329,126.30",434,10.7,10.40,4.26,4.12,0.98,336.00,194.60,,
2024/12/04,65,GLH,43.9,268.0,270.0,261.0,265.0,265.00,0.0,0.0,264.90,"106,415.00",265.00,"28,189,611.00",439,0.0,9.0,0.0,3.45,0.04,336.00,196.00,,
2025/01/01,65,GLH,26.79,230.1,235.0,230.1,231.0,231.00,0.0,0.0,231.49,"13,836.00",233.00,"3,202,952.60",117,-2.0,4.9,-0.86,2.13,-0.21,336.00,196.00,,
2025/01/27,68,GLH,36.25,252.0,264.0,252.0,256.1,256.10,0.0,0.0,259.27,"152,948.00",255.00,"39,655,447.50",467,1.10,12.00,0.43,4.76,-1.24,336.00,196.00,,
2025/02/24,67,GLH,36.35,259.1,265.0,255.1,263.2,263.20,0.0,0.0,261.45,"75,470.00",255.00,"19,731,883.00",414,8.20,9.90,3.22,3.88,0.66,336.00,196.00,,
2025/03/23,67,GLH,25.19,246.0,248.0,239.0,240.15,240.00,0.15,0.0,242.23,"42,544.00",247.47,"10,305,627.70",258,-7.32,9.0,-2.96,3.77,-0.87,336.00,196.00,,
2025/04/20,70,GLH,41.42,250.9,252.0,241.5,243.64,241.50,2.14,0.01,247.10,"32,088.00",250.57,"7,929,077.50",173,-6.93,10.5,-2.77,4.35,-1.42,336.00,196.00,,
2025/05/15,68,GLH,25.7,258.0,264.8,256.0,262.79,260.70,2.09,0.01,259.78,"96,366.00",260.65,"25,034,091.10",389,2.14,8.8,0.82,3.44,1.14,336.00,196.00,,
2025/06/11,66,GLH,40.3,259.8,261.0,253.0,258.66,259.00,-0.34,0.0,256.94,"94,104.00",259.20,"24,179,507.50",345,-0.54,8.00,-0.21,3.16,0.66,336.00,196.00,,
2025/07/06,67,GLH,25.57,270.0,270.0,262.0,262.84,263.00,-0.16,0.0,265.49,"100,888.00",266.90,"26,785,218.70",500,-4.06,8.0,-1.52,3.05,-1.01,336.00,207.60,,
2025/07/29,67,GLH,43.97,297.0,302.0,294.1,296.01,295.90,0.11,0.0,298.15,"204,054.00",293.01,"60,838,653.20",745,3.0,7.90,1.02,2.69,-0.72,336.00,223.80,,
2025/08/24,70,GLH,30.8,266.0,269.0,262.0,263.07,263.50,-0.43,0.0,264.18,"34,640.00",266.20,"9,151,031.05",175,-3.13,7.0,-1.18,2.67,-0.42,313.00,223.80,,
2025/04/21,65,GLH,47.9,240.0,267.3,240.0,258.89,266.50,-7.61,-0.03,255.42,"175,145.00",243.64,"44,734,990.80",559,15.25,27.3,6.26,11.38,1.34,336.00,196.00,,
2025/04/22,67,GLH,50.18,264.0,278.0,262.9,272.6,273.30,-0.7,0.0,271.93,"291,016.00",258.89,"79,134,601.80","1,169",13.71,15.1,5.3,5.74,0.25,336.00,196.00,,
2025/04/23,67,GLH,49.76,273.0,276.1,263.1,271.12,271.80,-0.68,0.0,270.04,"225,368.00",272.60,"60,858,219.80",634,-1.48,13.0,-0.54,4.94,0.4,336.00,196.00,,
2025/04/24,68,GLH,46.65,265.7,273.0,262.1,271.51,271.00,0.51,0.0,268.33,"123,948.00",271.12,"33,259,050.40",452,0.39,10.9,0.14,4.16,1.17,336.00,196.00,,
2025/04/27,65,GLH,49.15,266.2,282.2,266.2,281.38,281.70,-0.32,0.0,278.30,"306,366.00",271.51,"85,261,311.30",977,9.87,16.0,3.64,6.01,1.1,336.00,196.00,,
2025/04/28,69,GLH,44.29,276.0,287.1,275.5,281.04,279.00,2.04,0.01,280.24,"229,764.00",281.38,"64,389,125.80",597,-0.34,11.6,-0.12,4.21,0.28,336.00,196.00,,
2025/04/29,64,GLH,30.96,275.5,284.0,263.0,268.14,265.00,3.14,0.01,274.69,"224,238.00",281.04,"61,594,983.60",581,-12.9,21.0,-4.59,7.98,-2.44,336.00,196.00,,
2025/04/30,67,GLH,28.55,264.2,272.3,262.1,263.81,264.00,-0.19,0.0,267.54,"241,540.00",268.14,"64,622,066.40",540,-4.33,10.2,-1.61,3.89,-1.41,336.00,196.00,,
2025/05/04,69,GLH,26.95,269.0,272.0,264.0,268.83,268.00,0.83,0.0,267.71,"126,309.00",263.81,"33,813,898.60",405,5.02,8.0,1.9,3.03,0.42,336.00,196.00,,
2025/05/05,68,GLH,32.05,263.5,287.0,263.0,282.47,270.00,12.47,0.05,271.66,"148,762.00",268.83,"40,412,886.30",339,13.64,24.0,5.07,9.13,3.83,336.00,196.00,,
2025/05/06,68,GLH,32.91,276.9,279.9,270.0,272.07,273.80,-1.73,-0.01,275.35,"159,266.00",282.47,"43,853,200.60",547,-10.4,9.9,-3.68,3.67,-1.2,336.00,196.00,,
2025/05/07,64,GLH,39.18,276.0,280.0,268.9,277.52,276.40,1.12,0.0,276.14,"243,801.00",272.07,"67,322,278.60",711,5.45,11.1,2.0,4.13,0.5,336.00,196.00,,
2025/05/08,65,GLH,41.4,283.0,289.5,272.5,285.7,282.00,3.7,0.01,283.30,"300,705.00",277.52,"85,189,466.90","1,186",8.18,17.0,2.95,6.24,0.84,336.00,196.00,,
2025/05/11,62,GLH,36.21,281.0,294.4,271.7,272.8,273.90,-1.1,0.0,283.82,"312,715.00",285.70,"88,754,092.60",998,-12.9,22.7,-4.52,8.35,-4.04,336.00,196.00,,
2025/05/13,63,GLH,33.65,278.2,278.2,269.0,275.55,272.00,3.55,0.01,273.60,"224,731.00",272.80,"61,487,290.00",512,2.75,9.2,1.01,3.42,0.71,336.00,196.00,,
2025/05/14,67,GLH,28.41,270.1,280.0,258.0,260.65,261.00,-0.35,0.0,266.47,"128,356.00",275.55,"34,202,889.60",443,-14.9,22.0,-5.41,8.53,-2.23,336.00,196.00,,
2025/03/24,70,GLH,34.25,242.9,246.0,239.8,242.96,242.00,0.96,0.0,242.58,"59,947.00",240.15,"14,541,910.10",257,2.81,6.2,1.17,2.59,0.16,336.00,196.00,,
2025/03/25,68,GLH,23.77,240.0,241.5,234.5,234.92,235.00,-0.08,0.0,236.79,"47,970.00",242.96,"11,358,993.50",303,-8.04,7.0,-3.31,2.99,-0.8,336.00,196.00,,
2025/03/26,69,GLH,42.47,261.0,277.5,258.7,272.5,272.50,0.0,0.0,271.52,"211,469.00",258.00,"57,417,598.80",790,14.5,18.8,5.62,7.27,0.36,306.30,223.80,263.78,260.53
2025/03/27,65,GLH,31.21,241.0,244.9,238.1,244.08,244.70,-0.62,0.0,241.68,"31,230.00",239.02,"7,547,637.60",184,5.06,6.8,2.12,2.86,0.98,336.00,196.00,,
2025/03/30,66,GLH,40.59,244.0,253.0,243.1,247.32,247.00,0.32,0.0,248.10,"70,104.00",244.08,"17,393,016.20",280,3.24,9.9,1.33,4.07,-0.32,336.00,196.00,,
2025/04/01,68,GLH,37.19,244.0,249.9,242.0,242.57,243.00,-0.43,0.0,244.40,"38,116.00",247.32,"9,315,583.20",193,-4.75,7.90,-1.92,3.26,-0.75,336.00,196.00,,
2025/04/02,67,GLH,35.96,239.4,247.9,239.4,240.87,242.00,-1.13,0.0,243.02,"35,335.00",242.57,"8,587,001.10",162,-1.70,8.50,-0.7,3.55,-0.89,336.00,196.00,,
2025/04/03,67,GLH,37.09,241.1,247.1,236.2,239.42,238.50,0.92,0.0,240.88,"57,977.00",240.87,"13,965,455.70",291,-1.45,10.9,-0.6,4.61,-0.61,336.00,196.00,,
2025/04/07,68,GLH,30.38,240.2,240.2,237.0,237.63,237.50,0.13,0.0,238.09,"15,125.00",239.42,"3,601,119.70",129,-1.79,3.2,-0.75,1.35,-0.19,336.00,196.00,,
2025/04/08,66,GLH,34.94,238.0,239.9,230.1,236.72,237.00,-0.28,0.0,233.66,"46,843.00",237.63,"10,945,557.90",272,-0.91,9.80,-0.38,4.26,1.29,336.00,196.00,,
2025/04/09,70,GLH,34.47,237.0,241.0,235.0,237.02,237.00,0.02,0.0,237.86,"26,657.00",236.72,"6,340,658.80",162,0.3,6.00,0.13,2.55,-0.35,336.00,196.00,,
2025/04/10,71,GLH,33.76,234.4,243.1,234.4,237.5,237.00,0.5,0.0,239.27,"19,681.00",237.02,"4,709,035.00",154,0.48,8.7,0.2,3.71,-0.74,336.00,196.00,,
2025/04/13,67,GLH,31.81,237.5,239.0,235.1,236.57,237.00,-0.43,0.0,237.25,"15,795.00",237.50,"3,747,368.10",96,-0.93,3.9,-0.39,1.66,-0.29,336.00,196.00,,
2025/04/15,70,GLH,40.53,237.0,243.0,236.0,241.32,240.10,1.22,0.01,240.21,"27,537.00",236.57,"6,614,652.00",163,4.75,7.0,2.01,2.97,0.46,336.00,196.00,,
2025/04/16,69,GLH,44.05,238.1,253.9,238.1,247.41,248.00,-0.59,0.0,243.47,"42,619.00",241.32,"10,376,276.20",200,6.09,15.8,2.52,6.64,1.59,336.00,196.00,,
2025/04/17,67,GLH,44.63,247.0,253.8,246.0,250.57,250.00,0.57,0.0,250.59,"58,754.00",247.41,"14,723,279.00",291,3.16,7.8,1.28,3.17,-0.01,336.00,196.00,,
2025/02/25,63,GLH,31.37,262.6,267.0,256.0,259.0,259.00,0.0,0.0,260.12,"64,292.00",263.20,"16,723,605.50",311,-4.2,11.00,-1.6,4.3,-0.43,336.00,196.00,,
2025/02/27,64,GLH,49.87,262.1,272.0,258.5,270.1,270.10,0.0,0.0,264.72,"221,917.00",259.00,"58,746,430.70",701,11.10,13.50,4.29,5.22,1.99,336.00,196.00,,
2025/03/02,62,GLH,49.49,274.0,280.0,270.1,279.0,279.00,0.0,0.0,275.65,"137,194.00",270.10,"37,817,732.50",677,8.90,9.90,3.3,3.67,1.2,336.00,196.00,,
2025/03/03,63,GLH,47.65,280.0,284.0,271.0,271.0,271.00,0.0,0.0,275.82,"100,971.00",279.00,"27,849,800.10",559,-8.00,13.00,-2.87,4.8,-1.78,336.00,196.00,,
2025/03/04,66,GLH,48.81,276.0,280.2,269.0,270.0,270.00,0.0,0.0,275.76,"123,894.00",271.00,"34,165,263.40",601,-1.0,11.2,-0.37,4.16,-2.13,336.00,196.00,,
2025/03/05,65,GLH,49.12,271.0,278.0,266.0,275.5,275.50,0.0,0.0,274.05,"134,099.00",270.00,"36,750,419.00",561,5.5,12.0,2.04,4.51,0.52,336.00,196.00,,
2025/03/06,64,GLH,39.0,279.0,279.0,269.5,271.7,271.70,0.0,0.0,271.85,"76,483.00",275.50,"20,791,552.90",384,-3.80,9.50,-1.38,3.53,-0.05,336.00,196.00,,
2025/03/09,66,GLH,33.65,275.1,275.1,260.0,264.9,264.90,0.0,0.0,265.38,"108,177.00",271.70,"28,707,641.80",475,-6.8,15.10,-2.5,5.81,-0.18,336.00,196.00,,
2025/03/10,64,GLH,31.19,266.2,268.0,255.2,256.0,256.00,0.0,0.0,259.22,"86,288.00",264.90,"22,367,558.40",421,-8.9,12.8,-3.36,5.02,-1.26,336.00,196.00,,
2025/03/11,65,GLH,28.89,255.1,259.9,249.0,251.8,251.80,0.0,0.0,253.47,"65,641.00",256.00,"16,638,219.60",358,-4.2,10.9,-1.64,4.38,-0.66,336.00,196.00,,
2025/03/12,67,GLH,27.97,255.5,255.5,249.0,252.0,252.00,0.0,0.0,251.81,"59,000.00",251.80,"14,856,965.30",291,0.2,6.5,0.08,2.61,0.07,336.00,196.00,,
2025/03/16,66,GLH,24.67,255.0,256.9,249.0,249.1,249.10,0.0,0.0,251.80,"49,559.00",252.00,"12,478,869.50",292,-2.9,7.90,-1.15,3.17,-1.08,336.00,196.00,,
2025/03/17,68,GLH,26.7,248.5,253.7,247.5,247.5,247.50,0.0,0.0,249.89,"47,944.00",249.10,"11,980,841.00",259,-1.6,6.2,-0.64,2.51,-0.97,336.00,196.00,,
2025/03/18,66,GLH,38.42,250.0,256.9,250.0,253.0,253.00,0.0,0.0,253.20,"47,251.00",247.50,"11,963,885.40",262,5.5,6.9,2.22,2.76,-0.08,336.00,196.00,,
2025/03/19,65,GLH,35.18,251.0,256.0,248.0,252.0,252.00,0.0,0.0,250.68,"30,977.00",253.00,"7,765,401.10",178,-1.00,8.0,-0.4,3.23,0.52,336.00,196.00,,
2025/03/20,65,GLH,26.44,252.0,255.0,247.0,247.47,247.10,0.37,0.0,248.79,"31,441.00",252.00,"7,822,168.40",211,-4.53,8.0,-1.8,3.24,-0.53,336.00,196.00,,
2025/01/28,68,GLH,43.35,261.0,265.0,256.0,263.0,263.00,0.0,0.0,260.58,"120,924.00",256.10,"31,510,529.80",481,6.90,9.00,2.69,3.52,0.92,336.00,196.00,,
2025/02/02,69,GLH,44.73,263.1,272.0,263.1,269.0,269.00,0.0,0.0,268.01,"134,645.00",263.00,"36,085,940.30",606,6.0,8.90,2.28,3.38,0.37,336.00,196.00,,
2025/02/03,66,GLH,39.94,270.0,271.7,261.0,264.0,264.00,0.0,0.0,265.42,"97,253.00",269.00,"25,813,190.80",416,-5.0,10.7,-1.86,4.1,-0.54,336.00,196.00,,
2025/02/04,62,GLH,34.37,261.1,268.0,260.0,262.2,262.20,0.0,0.0,263.54,"62,714.00",264.00,"16,527,346.20",306,-1.8,8.00,-0.68,3.08,-0.51,336.00,196.00,,
2025/02/05,65,GLH,39.54,262.2,272.0,262.2,268.0,268.00,0.0,0.0,268.23,"108,159.00",262.20,"29,011,708.70",432,5.8,9.80,2.21,3.74,-0.09,336.00,196.00,,
2025/02/06,67,GLH,36.83,262.7,273.2,262.1,264.0,264.00,0.0,0.0,266.95,"91,867.00",268.00,"24,523,759.40",388,-4.0,11.1,-1.49,4.24,-1.12,336.00,196.00,,
2025/02/09,64,GLH,30.62,264.0,269.2,258.79,259.0,259.00,0.0,0.0,261.37,"59,266.00",264.00,"15,490,205.09",302,-5.0,10.41,-1.89,4.02,-0.91,336.00,196.00,,
2025/02/10,68,GLH,31.32,262.0,263.9,256.5,259.0,259.00,0.0,0.0,259.17,"80,652.00",259.00,"20,902,310.31",273,0.00,7.40,0.0,2.88,-0.06,336.00,196.00,,
2025/02/11,63,GLH,38.28,257.1,266.3,257.1,265.0,265.00,0.0,0.0,262.85,"86,828.00",259.00,"22,822,640.50",346,6.0,9.2,2.32,3.58,0.81,336.00,196.00,,
2025/02/12,67,GLH,34.91,268.0,268.3,263.0,266.9,266.90,0.0,0.0,265.48,"93,952.00",265.00,"24,942,419.10",332,1.9,5.30,0.72,2.02,0.53,336.00,196.00,,
2025/02/13,69,GLH,42.47,261.0,277.5,258.7,272.5,272.50,0.0,0.0,271.52,"211,469.00",258.00,"57,417,598.80",790,14.5,18.8,5.62,7.27,0.36,306.30,223.80,263.78,260.53
2025/02/16,68,GLH,36.96,260.0,271.0,258.0,262.1,262.10,0.0,0.0,263.97,"85,247.00",260.10,"22,502,613.70",405,2.0,13.0,0.77,5.04,-0.71,336.00,196.00,,
2025/02/17,65,GLH,34.56,264.0,269.0,261.0,262.5,262.50,0.0,0.0,264.20,"68,046.00",262.10,"17,977,863.20",267,0.4,8.0,0.15,3.07,-0.65,336.00,196.00,,
2025/02/18,66,GLH,27.13,266.7,266.7,256.3,259.9,259.90,0.0,0.0,260.08,"63,629.00",262.50,"16,548,696.00",273,-2.60,10.4,-0.99,4.06,-0.07,336.00,196.00,,
2025/02/20,63,GLH,26.18,259.0,260.0,255.0,256.0,256.00,0.0,0.0,257.52,"54,517.00",259.90,"14,039,354.10",267,-3.9,5.0,-1.5,1.96,-0.59,336.00,196.00,,
2025/02/23,72,GLH,27.81,251.0,259.0,247.5,255.0,255.00,0.0,0.0,254.17,"46,602.00",256.00,"11,844,695.10",247,-1.00,11.50,-0.39,4.65,0.33,336.00,196.00,,
2025/01/02,67,GLH,36.57,231.0,238.1,230.0,238.1,238.10,0.0,0.0,232.82,"37,762.00",231.00,"8,791,572.70",159,7.1,8.10,3.07,3.52,2.22,336.00,196.00,,
2025/01/05,72,GLH,38.0,237.7,238.9,233.6,238.0,238.00,0.0,0.0,236.05,"22,730.00",238.10,"5,365,391.20",160,-0.1,5.3,-0.04,2.27,0.82,336.00,196.00,,
2025/01/06,65,GLH,45.08,240.0,252.9,238.0,250.0,250.00,0.0,0.0,246.44,"65,851.00",238.00,"16,228,472.20",364,12.0,14.90,5.04,6.26,1.42,336.00,196.00,,
2025/01/07,65,GLH,43.86,250.0,255.9,248.0,253.3,253.30,0.0,0.0,251.26,"51,654.00",250.00,"12,978,704.20",301,3.3,7.9,1.32,3.19,0.8,336.00,196.00,,
2025/01/08,62,GLH,43.13,254.7,254.8,249.0,251.0,251.00,0.0,0.0,250.80,"39,063.00",253.30,"9,797,094.40",196,-2.3,5.80,-0.91,2.33,0.08,336.00,196.00,,
2025/01/09,64,GLH,38.74,248.0,254.5,246.6,250.0,250.00,0.0,0.0,250.99,"60,140.00",251.00,"15,094,443.40",225,-1.0,7.9,-0.4,3.2,-0.4,336.00,196.00,,
2025/01/12,64,GLH,44.69,250.0,250.0,244.0,245.0,245.00,0.0,0.0,247.04,"35,672.00",250.00,"8,812,470.20",171,-5.0,6.0,-2.0,2.46,-0.83,336.00,196.00,,
2025/01/13,69,GLH,29.79,240.3,249.9,240.0,244.8,244.80,0.0,0.0,242.28,"37,077.00",245.00,"8,983,178.70",198,-0.2,9.90,-0.08,4.13,1.03,336.00,196.00,,
2025/01/15,63,GLH,28.41,240.0,250.0,240.0,246.0,246.00,0.0,0.0,246.57,"28,190.00",244.80,"6,950,933.50",175,1.2,10.0,0.49,4.17,-0.23,336.00,196.00,,
2025/01/16,62,GLH,30.49,249.9,251.0,246.1,248.0,248.00,0.0,0.0,249.18,"51,161.00",246.00,"12,748,238.90",258,2.00,4.90,0.81,1.99,-0.48,336.00,196.00,,
2025/01/19,67,GLH,36.89,243.1,250.0,243.0,246.5,246.50,0.0,0.0,245.87,"76,141.00",248.00,"18,721,130.30",280,-1.50,7.00,-0.6,2.88,0.25,336.00,196.00,,
2025/01/20,66,GLH,46.86,241.6,259.5,241.6,258.0,258.00,0.0,0.0,255.08,"139,496.00",246.50,"35,583,021.10",536,11.5,17.90,4.67,7.41,1.13,336.00,196.00,,
2025/01/21,66,GLH,42.15,256.2,258.0,250.0,252.9,252.90,0.0,0.0,252.78,"73,494.00",258.00,"18,578,122.80",285,-5.1,8.0,-1.98,3.2,0.05,336.00,196.00,,
2025/01/22,68,GLH,43.47,257.9,257.9,248.7,255.4,255.40,0.0,0.0,254.95,"75,821.00",252.90,"19,330,576.60",334,2.5,9.2,0.99,3.7,0.18,336.00,196.00,,
2025/01/23,67,GLH,39.22,257.8,257.8,253.0,253.0,253.00,0.0,0.0,254.47,"67,475.00",255.40,"17,170,123.20",328,-2.40,4.80,-0.94,1.9,-0.58,336.00,196.00,,
2025/01/26,68,GLH,43.11,249.0,259.9,249.0,255.0,255.00,0.0,0.0,255.52,"62,734.00",253.00,"16,029,877.60",299,2.00,10.90,0.79,4.38,-0.2,336.00,196.00,,
2024/12/05,66,GLH,41.38,270.3,270.3,257.0,259.0,259.00,0.0,0.0,260.53,"41,551.00",265.00,"10,825,091.70",226,-6.0,13.3,-2.26,5.18,-0.59,336.00,196.00,,
2024/12/08,69,GLH,27.34,255.0,261.9,248.0,248.3,248.30,0.0,0.0,252.59,"75,422.00",259.00,"19,050,911.50",346,-10.7,13.9,-4.13,5.6,-1.73,336.00,196.00,,
2024/12/09,69,GLH,28.06,250.0,255.0,246.0,250.0,250.00,0.0,0.0,250.15,"64,678.00",248.30,"16,179,228.10",269,1.7,9.0,0.68,3.66,-0.06,336.00,196.00,,
2024/12/10,64,GLH,24.0,254.0,254.5,247.0,247.1,247.10,0.0,0.0,249.08,"21,108.00",250.00,"5,257,551.50",158,-2.9,7.5,-1.16,3.04,-0.8,336.00,196.00,,
2024/12/11,64,GLH,26.58,246.5,257.0,246.5,253.6,253.60,0.0,0.0,252.04,"41,155.00",247.10,"10,372,794.90",174,6.5,10.5,2.63,4.26,0.61,336.00,196.00,,
2024/12/12,64,GLH,22.46,256.6,258.0,248.6,249.0,249.00,0.0,0.0,250.28,"22,794.00",253.60,"5,704,801.60",176,-4.6,9.4,-1.81,3.78,-0.51,336.00,196.00,,
2024/12/16,66,GLH,33.23,245.2,249.0,240.2,242.0,242.00,0.0,0.0,243.48,"44,225.00",249.00,"10,767,928.60",248,-7.0,8.8,-2.81,3.66,-0.61,336.00,196.00,,
2024/12/17,65,GLH,35.47,240.0,246.8,238.0,239.9,239.90,0.0,0.0,240.41,"58,874.00",242.00,"14,154,158.30",274,-2.1,8.8,-0.87,3.7,-0.21,336.00,196.00,,
2024/12/18,66,GLH,30.13,241.9,246.7,237.0,237.5,237.50,0.0,0.0,240.85,"40,698.00",239.90,"9,801,940.10",209,-2.4,9.7,-1.0,4.09,-1.41,336.00,196.00,,
2024/12/19,63,GLH,25.48,237.0,240.0,235.6,237.0,237.00,0.0,0.0,236.87,"22,933.00",237.50,"5,432,109.13",173,-0.5,4.4,-0.21,1.87,0.06,336.00,196.00,,
2024/12/22,65,GLH,25.42,238.0,244.0,236.0,239.9,239.90,0.0,0.0,238.14,"38,121.00",237.00,"9,078,145.00",195,2.9,8.0,1.22,3.39,0.73,336.00,196.00,,
2024/12/23,70,GLH,33.0,237.0,243.8,237.0,241.3,241.30,0.0,0.0,241.23,"19,965.00",239.90,"4,816,253.20",149,1.40,6.80,0.58,2.87,0.03,336.00,196.00,,
2024/12/24,66,GLH,40.57,240.0,248.0,238.0,242.2,242.20,0.0,0.0,244.47,"26,936.00",241.30,"6,584,992.60",202,0.90,10.00,0.37,4.2,-0.94,336.00,196.00,,
2024/12/26,66,GLH,38.44,238.0,244.5,238.0,240.6,240.60,0.0,0.0,241.65,"22,649.00",242.20,"5,473,076.40",153,-1.6,6.5,-0.66,2.73,-0.44,336.00,196.00,,
2024/12/29,68,GLH,32.44,240.1,243.3,235.2,235.2,235.20,0.0,0.0,237.80,"32,503.00",240.60,"7,729,173.40",227,-5.4,8.1,-2.24,3.44,-1.1,336.00,196.00,,
2024/12/31,65,GLH,32.4,232.1,235.0,230.0,233.0,233.00,0.0,0.0,231.65,"39,097.00",235.20,"9,056,880.80",185,-2.20,5.00,-0.94,2.17,0.58,336.00,196.00,,
2024/11/11,64,GLH,-,265.0,275.3,263.0,268.0,268.00,0.0,0.0,268.80,"82,755.00",262.00,"22,244,824.00",474,6.0,12.3,2.29,4.68,-0.3,336.00,194.60,,
2024/11/12,67,GLH,-,263.0,272.0,260.1,260.3,260.30,0.0,0.0,265.33,"43,186.00",268.00,"11,458,715.10",253,-7.7,11.9,-2.87,4.58,-1.93,336.00,194.60,,
2024/11/13,64,GLH,46.06,265.5,269.2,258.0,269.2,269.20,0.0,0.0,262.06,"41,298.00",260.30,"10,822,719.00",254,8.9,11.2,3.42,4.34,2.65,336.00,194.60,,
2024/11/14,67,GLH,51.75,263.9,287.0,250.0,276.0,276.00,0.0,0.0,263.77,"734,693.00",269.20,"193,786,871.90","1,305",6.8,37.00,2.53,14.8,4.43,336.00,194.60,,
2024/11/17,69,GLH,45.49,281.0,286.0,268.6,268.6,268.60,0.0,0.0,275.88,"101,898.00",276.00,"28,111,664.40",495,-7.4,17.40,-2.68,6.48,-2.71,336.00,194.60,,
2024/11/19,65,GLH,33.85,273.9,273.9,253.0,257.0,257.00,0.0,0.0,258.51,"264,713.00",268.60,"68,430,966.10",802,-11.6,20.9,-4.32,8.26,-0.59,336.00,194.60,,
2024/11/20,68,GLH,28.8,253.4,261.0,253.3,258.1,258.10,0.0,0.0,258.16,"49,531.00",257.00,"12,787,057.80",258,1.1,7.7,0.43,3.04,-0.02,336.00,194.60,,
2024/11/21,68,GLH,31.02,258.2,262.0,250.0,252.0,252.00,0.0,0.0,255.41,"79,975.00",258.10,"20,426,393.00",354,-6.1,12.0,-2.36,4.8,-1.35,336.00,194.60,,
2024/11/24,68,GLH,30.93,256.0,256.9,246.2,248.5,248.50,0.0,0.0,250.46,"73,041.00",252.00,"18,293,759.10",309,-3.5,10.7,-1.39,4.35,-0.79,336.00,196.00,,
2024/11/25,64,GLH,28.63,252.0,255.0,249.1,250.0,250.00,0.0,0.0,251.65,"34,614.00",248.50,"8,710,465.50",191,1.5,5.90,0.6,2.37,-0.66,336.00,196.00,,
2024/11/26,68,GLH,35.79,254.0,263.0,251.0,258.0,258.00,0.0,0.0,254.72,"45,192.00",250.00,"11,511,301.40",234,8.0,12.0,3.2,4.78,1.27,336.00,196.00,,
2024/11/27,67,GLH,35.59,261.0,263.0,258.0,258.7,258.70,0.0,0.0,260.41,"98,277.00",258.00,"25,592,308.70",321,0.7,5.0,0.27,1.94,-0.66,336.00,196.00,,
2024/11/28,65,GLH,37.12,258.0,262.0,253.0,253.5,253.50,0.0,0.0,255.19,"89,523.00",258.70,"22,845,461.40",314,-5.2,9.0,-2.01,3.56,-0.67,336.00,196.00,,
2024/12/01,64,GLH,42.35,250.1,255.0,247.0,253.0,253.00,0.0,0.0,252.61,"59,126.00",253.50,"14,935,972.40",275,-0.5,8.0,-0.2,3.24,0.15,336.00,196.00,,
2024/12/02,69,GLH,43.32,248.6,266.0,248.6,253.5,253.50,0.0,0.0,256.89,"61,934.00",253.00,"15,910,158.20",322,0.5,17.4,0.2,7.0,-1.34,336.00,196.00,,
2024/12/03,66,GLH,45.44,255.0,270.0,255.0,265.0,265.00,0.0,0.0,262.16,"175,078.00",253.50,"45,898,927.70",602,11.5,15.0,4.54,5.88,1.07,336.00,196.00,,
2024/10/08,69,GLH,42.47,261.0,277.5,258.7,272.5,272.50,0.0,0.0,271.52,"211,469.00",258.00,"57,417,598.80",790,14.5,18.8,5.62,7.27,0.36,306.30,223.80,263.78,260.53
2024/10/09,60,GLH,-,249.0,254.0,245.0,249.7,249.70,0.0,0.0,249.30,"43,119.00",250.00,"10,749,677.60",173,-0.30,9.00,-0.12,3.67,0.16,336.00,194.60,,
2024/10/15,64,GLH,-,253.0,258.0,245.0,256.0,256.00,0.0,0.0,254.13,"16,842.00",249.70,"4,280,092.50",139,6.30,13.00,2.52,5.31,0.73,336.00,194.60,,
2024/10/16,66,GLH,-,256.0,261.5,255.0,258.0,258.00,0.0,0.0,259.63,"36,441.00",256.00,"9,461,313.20",267,2.0,6.50,0.78,2.55,-0.63,336.00,194.60,,
2024/10/17,68,GLH,-,261.0,264.0,255.1,256.0,256.00,0.0,0.0,260.47,"50,081.00",258.00,"13,044,509.40",284,-2.0,8.9,-0.78,3.49,-1.75,336.00,194.60,,
2024/10/20,65,GLH,-,250.9,255.0,246.0,246.0,246.00,0.0,0.0,250.43,"79,674.00",256.00,"19,952,557.20",394,-10.0,9.00,-3.91,3.66,-1.8,336.00,194.60,,
2024/10/21,66,GLH,-,242.2,250.0,238.2,238.3,238.30,0.0,0.0,241.27,"56,986.00",246.00,"13,749,163.50",353,-7.7,11.80,-3.13,4.95,-1.25,336.00,194.60,,
2024/10/22,69,GLH,-,234.0,247.3,234.0,246.0,246.00,0.0,0.0,241.36,"35,871.00",238.30,"8,657,978.90",264,7.70,13.30,3.23,5.68,1.88,336.00,194.60,,
2024/10/23,69,GLH,-,245.0,249.0,243.1,244.0,244.00,0.0,0.0,246.46,"25,115.00",246.00,"6,189,946.40",204,-2.0,5.90,-0.81,2.43,-1.01,336.00,194.60,,
2024/10/24,67,GLH,-,243.0,247.9,239.2,240.3,240.30,0.0,0.0,242.59,"26,503.00",244.00,"6,429,328.00",210,-3.7,8.70,-1.52,3.64,-0.95,336.00,194.60,,
2024/10/27,65,GLH,-,240.3,245.0,238.0,243.0,243.00,0.0,0.0,241.34,"20,768.00",240.30,"5,012,112.40",179,2.7,7.0,1.12,2.94,0.68,336.00,194.60,,
2024/10/28,63,GLH,-,241.0,250.9,241.0,248.0,248.00,0.0,0.0,248.27,"22,992.00",243.00,"5,708,164.10",152,5.0,9.9,2.06,4.11,-0.11,336.00,194.60,,
2024/10/29,65,GLH,-,251.0,258.8,248.5,257.3,257.30,0.0,0.0,254.32,"71,513.00",248.00,"18,186,926.80",364,9.3,10.3,3.75,4.14,1.16,336.00,194.60,,
2024/10/30,64,GLH,-,261.0,261.0,250.3,252.0,252.00,0.0,0.0,253.64,"45,325.00",257.30,"11,496,372.30",202,-5.3,10.7,-2.06,4.27,-0.65,336.00,194.60,,
2024/11/05,66,GLH,-,252.1,257.1,250.2,251.0,251.00,0.0,0.0,253.12,"21,934.00",252.00,"5,551,826.50",131,-1.0,6.9,-0.4,2.76,-0.84,336.00,194.60,,
2024/11/06,69,GLH,-,250.0,257.0,250.0,251.3,251.30,0.0,0.0,254.56,"26,061.00",251.00,"6,634,053.50",167,0.3,7.0,0.12,2.8,-1.3,336.00,194.60,,
2024/09/10,70,GLH,58.28,296.0,313.0,273.2,298.0,298.00,0.0,0.0,290.95,"173,544.00",302.00,"50,492,762.30",649,-4.0,39.80,-1.32,14.57,2.37,336.00,194.60,,
2024/09/11,69,GLH,61.79,292.1,312.1,268.2,307.0,307.00,0.0,0.0,277.47,"694,521.00",298.00,"192,707,393.70","2,346",9.0,43.90,3.02,16.37,9.62,336.00,194.60,,
2024/09/12,67,GLH,62.35,300.9,300.9,276.3,296.9,296.90,0.0,0.0,282.59,"496,431.00",307.00,"140,284,007.80","1,745",-10.10,24.60,-3.29,8.9,4.82,336.00,194.60,,
2024/09/15,70,GLH,42.91,291.0,292.0,268.2,269.0,269.00,0.0,0.0,277.97,"335,456.00",296.90,"93,245,940.40","1,287",-27.90,23.8,-9.4,8.87,-3.33,336.00,194.60,,
2024/09/16,65,GLH,37.61,274.3,274.3,254.8,255.0,255.00,0.0,0.0,259.93,"132,301.00",269.00,"34,389,249.20",796,-14.0,19.50,-5.2,7.65,-1.93,336.00,194.60,,
2024/09/18,70,GLH,37.07,260.0,261.0,249.0,249.0,249.00,0.0,0.0,255.12,"74,488.00",255.00,"19,003,442.10",532,-6.0,12.0,-2.35,4.82,-2.46,336.00,194.60,,
2024/09/22,68,GLH,36.66,253.9,262.5,244.0,245.5,245.50,0.0,0.0,249.43,"93,716.00",249.00,"23,375,520.50",521,-3.5,18.5,-1.41,7.58,-1.6,336.00,194.60,,
2024/09/23,69,GLH,36.79,243.0,262.0,235.0,237.0,237.00,0.0,0.0,243.75,"108,029.00",245.50,"26,332,525.70",573,-8.5,27.00,-3.46,11.49,-2.85,336.00,194.60,,
2024/09/24,67,GLH,37.9,235.0,241.7,228.1,229.0,229.00,0.0,0.0,233.21,"82,946.00",237.00,"19,343,872.70",517,-8.0,13.60,-3.38,5.96,-1.84,336.00,194.60,,
2024/09/25,65,GLH,40.14,231.0,238.0,226.0,234.0,234.00,0.0,0.0,233.74,"45,065.00",229.00,"10,533,442.80",354,5.0,12.0,2.18,5.31,0.11,336.00,194.60,,
2024/09/26,69,GLH,37.08,235.0,240.0,228.0,228.0,228.00,0.0,0.0,233.33,"43,230.00",234.00,"10,086,693.10",271,-6.0,12.0,-2.56,5.26,-2.34,336.00,194.60,,
2024/09/29,69,GLH,38.91,224.0,230.5,223.8,226.0,226.00,0.0,0.0,226.30,"32,824.00",228.00,"7,428,083.90",240,-2.0,6.70,-0.88,2.99,-0.13,336.00,194.60,,
2024/09/30,65,GLH,46.97,227.0,230.5,224.0,229.6,229.60,0.0,0.0,227.62,"57,151.00",226.00,"13,008,528.20",234,3.6,6.5,1.59,2.9,0.86,336.00,194.60,,
2024/10/01,65,GLH,55.88,225.1,247.9,225.1,245.0,245.00,0.0,0.0,238.48,"121,861.00",229.60,"29,061,478.10",521,15.4,22.80,6.71,10.13,2.66,336.00,194.60,,
2024/10/02,67,GLH,53.87,245.0,248.8,235.0,235.2,235.20,0.0,0.0,240.88,"84,164.00",245.00,"20,273,632.40",442,-9.80,13.8,-4.0,5.87,-2.42,336.00,194.60,,
2024/10/06,67,GLH,-,235.0,243.9,233.2,240.5,240.50,0.0,0.0,239.36,"45,740.00",235.20,"10,948,106.50",263,5.30,10.70,2.25,4.59,0.48,336.00,194.60,,
2024/08/13,70,GLH,54.29,320.0,321.2,296.0,306.0,306.00,0.0,0.0,307.43,"188,644.00",316.00,"57,994,652.80","1,087",-10.00,25.2,-3.16,8.51,-0.47,321.20,194.60,,
2024/08/14,71,GLH,59.6,306.0,318.0,298.0,315.0,315.00,0.0,0.0,306.41,"139,497.00",306.00,"42,742,582.90",943,9.0,20.0,2.94,6.71,2.73,321.20,194.60,,
2024/08/15,72,GLH,57.44,321.0,336.0,316.0,319.0,319.00,0.0,0.0,325.19,"213,338.00",315.00,"69,375,439.10","1,378",4.00,20.00,1.27,6.33,-1.94,336.00,194.60,,
2024/08/18,69,GLH,50.76,319.0,320.0,299.0,299.0,299.00,0.0,0.0,306.63,"168,903.00",319.00,"51,791,327.40","1,117",-20.00,21.00,-6.27,7.02,-2.55,336.00,194.60,,
2024/08/21,67,GLH,50.44,301.0,311.0,292.3,300.0,300.00,0.0,0.0,299.92,"123,897.00",299.00,"37,159,282.90",911,1.00,18.70,0.33,6.4,0.03,336.00,194.60,,
2024/08/22,71,GLH,48.44,302.0,311.0,299.0,304.0,304.00,0.0,0.0,304.16,"94,255.00",300.00,"28,668,342.10",815,4.0,12.00,1.33,4.01,-0.05,336.00,194.60,,
2024/08/25,68,GLH,44.44,304.0,304.0,285.0,286.0,286.00,0.0,0.0,292.91,"101,600.00",304.00,"29,759,965.10",767,-18.0,19.00,-5.92,6.67,-2.42,336.00,194.60,,
2024/08/27,69,GLH,43.32,286.0,291.7,271.0,275.0,275.00,0.0,0.0,281.27,"101,519.00",286.00,"28,554,408.00",840,-11.0,20.70,-3.85,7.64,-2.28,336.00,194.60,,
2024/08/28,69,GLH,41.67,276.0,287.5,270.0,271.1,271.10,0.0,0.0,278.96,"71,846.00",275.00,"20,042,466.50",608,-3.9,17.50,-1.42,6.48,-2.9,336.00,194.60,,
2024/08/29,68,GLH,41.16,266.0,280.0,266.0,275.0,275.00,0.0,0.0,273.74,"59,835.00",271.10,"16,379,267.60",508,3.9,14.0,1.44,5.26,0.46,336.00,194.60,,
2024/09/01,72,GLH,38.52,278.0,289.0,270.0,272.0,272.00,0.0,0.0,278.98,"52,881.00",275.00,"14,752,694.10",448,-3.0,19.0,-1.09,7.04,-2.57,336.00,194.60,,
2024/09/02,71,GLH,58.82,277.4,293.0,272.0,285.0,285.00,0.0,0.0,284.05,"73,367.00",272.00,"20,839,569.80",583,13.0,21.00,4.78,7.72,0.33,336.00,194.60,,
2024/09/03,69,GLH,57.43,285.0,294.7,284.2,286.0,286.00,0.0,0.0,288.13,"63,214.00",285.00,"18,213,668.30",422,1.0,10.5,0.35,3.69,-0.74,336.00,194.60,,
2024/09/04,67,GLH,47.57,290.0,290.0,270.0,270.0,270.00,0.0,0.0,275.90,"68,740.00",286.00,"18,965,038.80",498,-16.0,20.00,-5.59,7.41,-2.18,336.00,194.60,,
2024/09/05,66,GLH,49.97,270.0,275.0,265.2,272.0,272.00,0.0,0.0,269.46,"47,833.00",270.00,"12,889,236.50",326,2.0,9.8,0.74,3.7,0.93,336.00,194.60,,
2024/09/08,68,GLH,52.78,275.4,299.0,250.0,287.0,287.00,0.0,0.0,264.91,"1,342,480.00",272.00,"355,634,223.20","1,703",15.00,49.00,5.51,19.6,7.7,336.00,194.60,,
2024/07/18,67,GLH,68.56,246.8,246.8,235.3,237.0,237.00,0.0,0.0,239.71,"117,855.00",242.00,"28,250,565.90",615,-5.00,11.50,-2.07,4.89,-1.14,289.00,194.60,,
2024/07/21,66,GLH,71.53,238.0,254.0,233.0,242.5,242.50,0.0,0.0,241.23,"137,456.00",237.00,"33,158,865.10",695,5.5,21.00,2.32,9.01,0.52,289.00,194.60,,
2024/07/22,65,GLH,64.95,247.0,251.3,236.0,250.0,250.00,0.0,0.0,244.72,"230,164.00",242.50,"56,326,316.20",781,7.50,15.30,3.09,6.48,2.11,289.00,194.60,,
2024/07/23,68,GLH,67.69,247.0,265.0,246.2,263.9,263.90,0.0,0.0,259.34,"184,723.00",250.00,"47,905,927.90",789,13.90,18.80,5.56,7.64,1.73,289.00,194.60,,
2024/07/24,65,GLH,63.83,263.9,269.1,249.2,255.0,255.00,0.0,0.0,257.62,"156,075.00",263.90,"40,207,951.00",761,-8.90,19.90,-3.37,7.99,-1.03,289.00,194.60,,
2024/07/25,69,GLH,59.64,250.1,258.9,249.0,250.7,250.70,0.0,0.0,253.49,"133,515.00",255.00,"33,844,424.00",607,-4.30,9.90,-1.69,3.98,-1.11,289.00,194.60,,
2024/07/28,68,GLH,59.99,255.7,265.9,248.1,253.0,253.00,0.0,0.0,252.08,"135,478.00",250.70,"34,151,826.00",568,2.30,17.80,0.92,7.17,0.36,289.00,194.60,,
2024/07/29,67,GLH,54.7,258.0,258.0,245.5,247.0,247.00,0.0,0.0,252.38,"182,163.00",253.00,"45,974,444.40",772,-6.00,12.50,-2.37,5.09,-2.18,289.00,194.60,,
2024/07/30,71,GLH,66.98,247.0,270.0,246.0,269.0,269.00,0.0,0.0,260.01,"359,267.00",247.00,"93,412,193.40","1,278",22.00,24.00,8.91,9.76,3.34,289.00,194.60,,
2024/07/31,69,GLH,64.12,274.3,290.0,270.0,277.2,277.20,0.0,0.0,279.92,"232,070.00",269.00,"64,961,442.60","1,131",8.20,20.00,3.05,7.41,-0.98,290.00,194.60,,
2024/08/01,72,GLH,60.95,282.7,283.4,267.0,270.0,270.00,0.0,0.0,276.34,"175,897.00",277.20,"48,606,691.20",814,-7.2,16.40,-2.6,6.14,-2.35,290.00,194.60,,
2024/08/05,71,GLH,66.03,270.0,289.6,265.0,285.0,285.00,0.0,0.0,278.23,"356,411.00",270.00,"99,164,170.90","1,419",15.00,24.60,5.56,9.28,2.38,290.00,194.60,,
2024/08/06,67,GLH,57.49,279.3,297.0,271.1,271.1,271.10,0.0,0.0,285.09,"379,407.00",285.00,"108,163,801.40","1,669",-13.90,25.90,-4.88,9.55,-5.16,297.00,194.60,,
2024/08/07,69,GLH,58.9,276.0,287.0,271.2,285.4,285.40,0.0,0.0,280.45,"160,551.00",271.10,"45,025,965.20",998,14.30,15.80,5.27,5.83,1.74,297.00,194.60,,
2024/08/08,69,GLH,55.13,285.4,295.3,281.1,283.0,283.00,0.0,0.0,287.89,"125,465.00",285.40,"36,120,621.60",852,-2.40,14.20,-0.84,5.05,-1.73,297.00,194.60,,
2024/08/11,69,GLH,61.93,286.0,304.0,279.5,303.9,303.90,0.0,0.0,294.63,"291,236.00",283.00,"85,807,710.00","1,376",20.90,24.50,7.39,8.77,3.05,304.00,194.60,,
2024/06/25,66,GLH,32.68,216.0,218.0,211.2,214.5,214.50,0.0,0.0,214.33,"47,594.00",212.10,"10,201,006.50",226,2.4,6.8,1.13,3.22,0.08,289.00,194.60,,
2024/06/26,63,GLH,30.5,211.0,214.0,209.0,213.0,213.00,0.0,0.0,210.97,"30,579.00",214.50,"6,451,395.40",164,-1.5,5.0,-0.7,2.39,0.95,289.00,194.60,,
2024/06/27,71,GLH,29.87,215.1,215.1,207.1,208.1,208.10,0.0,0.0,210.14,"36,991.00",213.00,"7,773,248.30",169,-4.90,8.00,-2.3,3.86,-0.98,289.00,194.60,,
2024/06/30,65,GLH,30.36,211.0,211.0,205.7,205.8,205.80,0.0,0.0,206.99,"40,959.00",208.10,"8,477,972.40",190,-2.3,5.30,-1.11,2.58,-0.58,289.00,194.60,,
2024/07/01,64,GLH,32.18,208.0,211.3,205.0,206.0,206.00,0.0,0.0,208.24,"29,656.00",205.80,"6,175,575.40",182,0.20,6.3,0.1,3.07,-1.09,289.00,194.60,,
2024/07/02,65,GLH,47.67,210.1,223.3,208.8,211.4,211.40,0.0,0.0,213.43,"55,338.00",206.00,"11,810,801.40",242,5.40,14.5,2.62,6.94,-0.96,289.00,194.60,,
2024/07/03,67,GLH,39.42,215.6,215.6,207.2,209.0,209.00,0.0,0.0,210.63,"30,659.00",211.40,"6,457,563.50",169,-2.4,8.4,-1.14,4.05,-0.78,289.00,194.60,,
2024/07/04,68,GLH,58.46,210.0,215.2,209.5,215.0,215.00,0.0,0.0,213.72,"48,542.00",209.00,"10,374,431.90",236,6.0,5.7,2.87,2.72,0.6,289.00,194.60,,
2024/07/07,69,GLH,42.47,261.0,277.5,258.7,272.5,272.50,0.0,0.0,271.52,"211,469.00",258.00,"57,417,598.80",790,14.5,18.8,5.62,7.27,0.36,306.30,223.80,263.78,260.53
2024/07/08,69,GLH,44.71,215.0,215.0,210.0,211.0,211.00,0.0,0.0,211.14,"34,092.00",213.70,"7,198,074.20",177,-2.7,5.0,-1.26,2.38,-0.06,289.00,194.60,,
2024/07/09,65,GLH,45.12,207.6,214.1,207.6,208.5,208.50,0.0,0.0,209.53,"32,449.00",211.00,"6,799,159.50",169,-2.5,6.5,-1.18,3.13,-0.5,289.00,194.60,,
2024/07/10,67,GLH,41.54,211.6,216.0,211.0,211.5,211.50,0.0,0.0,213.37,"38,355.00",208.50,"8,183,977.20",177,3.0,5.0,1.44,2.37,-0.89,289.00,194.60,,
2024/07/11,72,GLH,59.32,210.1,215.0,210.0,214.0,214.00,0.0,0.0,212.55,"52,865.00",211.50,"11,236,467.30",232,2.5,5.00,1.18,2.38,0.68,289.00,194.60,,
2024/07/14,67,GLH,66.54,218.2,226.0,216.2,221.0,221.00,0.0,0.0,219.37,"79,162.00",214.00,"17,365,642.20",288,7.0,9.80,3.27,4.53,0.74,289.00,194.60,,
2024/07/15,69,GLH,64.07,225.4,229.9,216.0,216.1,216.10,0.0,0.0,222.90,"107,894.00",221.00,"24,049,912.00",453,-4.90,13.90,-2.22,6.44,-3.15,289.00,194.60,,
2024/07/16,67,GLH,71.88,220.3,236.0,219.0,233.9,233.90,0.0,0.0,227.65,"188,228.00",216.10,"42,849,401.30",658,17.8,17.00,8.24,7.76,2.67,289.00,194.60,,
2024/05/30,64,GLH,45.33,207.0,210.0,202.0,204.0,204.00,0.0,0.0,204.20,"25,781.00",209.00,"5,264,375.70",136,-5.00,8.00,-2.39,3.96,-0.1,293.70,194.60,,
2024/06/02,68,GLH,46.51,208.0,212.1,200.0,201.0,201.00,0.0,0.0,202.39,"23,614.00",204.00,"4,779,310.70",176,-3.00,12.10,-1.47,6.05,-0.69,293.70,194.60,,
2024/06/03,66,GLH,43.22,205.0,205.0,202.0,202.2,202.20,0.0,0.0,203.37,"14,206.00",201.00,"2,889,128.70",137,1.20,3.00,0.6,1.49,-0.58,293.70,194.60,,
2024/06/04,64,GLH,44.89,204.0,206.0,201.0,203.9,203.90,0.0,0.0,201.84,"19,478.00",202.20,"3,931,376.60",114,1.70,5.00,0.84,2.49,1.01,293.70,194.60,,
2024/06/05,63,GLH,40.33,201.1,204.0,200.3,201.0,201.00,0.0,0.0,202.27,"10,229.00",203.90,"2,069,043.00",95,-2.90,3.70,-1.42,1.85,-0.63,293.70,194.60,,
2024/06/06,67,GLH,58.69,204.0,205.0,200.0,202.9,202.90,0.0,0.0,201.44,"17,472.00",201.00,"3,519,620.10",132,1.9,5.00,0.95,2.5,0.72,293.70,194.60,,
2024/06/09,65,GLH,52.58,204.9,204.9,200.0,202.0,202.00,0.0,0.0,200.95,"16,184.00",202.90,"3,252,116.50",123,-0.9,4.90,-0.44,2.45,0.52,293.70,194.60,,
2024/06/10,66,GLH,42.01,206.0,206.0,200.5,201.7,201.70,0.0,0.0,202.56,"12,870.00",202.00,"2,606,955.50",120,-0.3,5.50,-0.15,2.74,-0.43,293.70,194.60,,
2024/06/11,63,GLH,64.54,205.0,211.2,203.1,211.2,211.20,0.0,0.0,208.00,"24,039.00",201.70,"5,000,084.80",190,9.5,8.10,4.71,3.99,1.52,293.70,194.60,,
2024/06/12,64,GLH,66.19,209.0,232.3,196.0,232.3,232.30,0.0,0.0,209.74,"951,207.00",211.20,"199,503,642.50","1,462",21.1,36.3,9.99,18.52,9.71,293.70,194.60,,
2024/06/13,63,GLH,61.71,236.9,250.9,231.6,233.0,233.00,0.0,0.0,239.09,"152,838.00",232.30,"36,542,040.50",864,0.7,19.3,0.3,8.33,-2.61,293.70,194.60,,
2024/06/16,66,GLH,61.79,237.6,237.6,217.8,221.9,221.90,0.0,0.0,221.71,"262,919.00",233.00,"58,291,700.60",894,-11.1,19.8,-4.76,9.09,0.09,289.00,194.60,,
2024/06/18,67,GLH,53.73,221.9,222.2,213.2,216.0,216.00,0.0,0.0,216.62,"100,750.00",221.90,"21,824,732.90",411,-5.9,9.00,-2.66,4.22,-0.29,289.00,194.60,,
2024/06/19,64,GLH,43.14,220.3,224.3,215.0,219.3,219.30,0.0,0.0,219.03,"130,346.00",216.00,"28,549,446.50",351,3.3,9.3,1.53,4.33,0.12,289.00,194.60,,
2024/06/20,62,GLH,42.68,219.0,223.3,216.0,218.7,218.70,0.0,0.0,218.60,"77,751.00",219.30,"16,996,105.00",274,-0.6,7.30,-0.27,3.38,0.05,289.00,194.60,,
2024/06/23,66,GLH,36.77,219.9,219.9,211.0,215.0,215.00,0.0,0.0,214.32,"72,567.00",218.70,"15,552,514.80",330,-3.7,8.9,-1.69,4.22,0.32,289.00,194.60,,
2024/05/05,69,GLH,47.9,205.0,208.0,201.0,201.0,201.00,0.0,0.0,203.69,"19,622.00",205.00,"3,996,888.90",110,-4.0,7.0,-1.95,3.48,-1.34,318.00,194.60,,
2024/05/06,65,GLH,46.66,201.0,205.0,201.0,201.2,201.20,0.0,0.0,202.27,"8,889.00",201.00,"1,797,934.40",80,0.20,4.00,0.1,1.99,-0.53,318.00,194.60,,
2024/05/07,67,GLH,43.34,199.0,213.9,198.0,204.0,204.00,0.0,0.0,202.50,"16,673.00",201.20,"3,376,362.00",123,2.80,15.9,1.39,8.03,0.73,318.00,194.60,,
2024/05/08,66,GLH,45.55,202.0,205.0,201.0,203.0,203.00,0.0,0.0,201.75,"8,812.00",204.00,"1,777,808.00",71,-1.0,4.0,-0.49,1.99,0.62,318.00,194.60,,
2024/05/09,64,GLH,51.63,199.9,205.0,199.9,203.0,203.00,0.0,0.0,203.15,"11,249.00",203.00,"2,285,233.30",102,0.0,5.10,0.0,2.55,-0.07,318.00,194.60,,
2024/05/12,66,GLH,50.16,199.0,205.0,199.0,204.0,204.00,0.0,0.0,202.70,"7,026.00",203.00,"1,424,157.60",93,1.00,6.0,0.49,3.02,0.64,318.00,194.60,,
2024/05/13,65,GLH,44.15,200.0,207.0,200.0,200.0,200.00,0.0,0.0,200.70,"14,121.00",204.00,"2,834,122.00",125,-4.0,7.0,-1.96,3.5,-0.35,318.00,194.60,,
2024/05/14,68,GLH,57.58,200.0,210.0,200.0,210.0,210.00,0.0,0.0,206.98,"15,569.00",200.00,"3,222,533.80",137,10.0,10.0,5.0,5.0,1.44,318.00,194.60,,
2024/05/15,68,GLH,56.23,206.1,210.6,205.0,205.0,205.00,0.0,0.0,206.95,"19,025.00",210.00,"3,937,228.60",146,-5.0,5.6,-2.38,2.73,-0.95,318.00,194.60,,
2024/05/16,68,GLH,50.23,202.0,207.0,202.0,205.0,205.00,0.0,0.0,204.41,"4,870.00",205.00,"995,479.70",80,0.0,5.0,0.0,2.48,0.29,318.00,194.60,,
2024/05/19,68,GLH,58.84,208.0,208.8,205.0,207.0,207.00,0.0,0.0,206.95,"14,582.00",205.00,"3,017,766.00",140,2.0,3.8,0.98,1.85,0.02,318.00,194.60,,
2024/05/20,69,GLH,44.65,207.0,213.0,207.0,207.0,207.00,0.0,0.0,209.65,"19,457.00",207.00,"4,079,202.00",167,0.0,6.0,0.0,2.9,-1.28,318.00,194.60,,
2024/05/21,66,GLH,65.23,208.0,218.3,207.1,212.0,212.00,0.0,0.0,213.05,"20,117.00",207.00,"4,285,903.30",207,5.00,11.2,2.42,5.41,-0.49,318.00,194.60,,
2024/05/22,64,GLH,61.54,210.0,216.0,209.1,210.0,210.00,0.0,0.0,211.89,"20,421.00",212.00,"4,326,912.70",154,-2.0,6.9,-0.94,3.3,-0.9,318.00,194.60,,
2024/05/26,66,GLH,59.57,214.2,214.2,208.0,211.7,211.70,0.0,0.0,211.58,"10,361.00",210.00,"2,192,160.80",119,1.7,6.2,0.81,2.98,0.06,293.70,194.60,,
2024/05/27,67,GLH,61.98,209.0,213.0,208.0,211.4,211.40,0.0,0.0,209.82,"19,216.00",211.70,"4,031,921.50",121,-0.3,5.0,-0.14,2.4,0.75,293.70,194.60,,
2024/04/03,69,GLH,42.47,261.0,277.5,258.7,272.5,272.50,0.0,0.0,271.52,"211,469.00",258.00,"57,417,598.80",790,14.5,18.8,5.62,7.27,0.36,306.30,223.80,263.78,260.53
2024/04/04,66,GLH,33.49,219.0,219.0,212.0,216.0,216.00,0.0,0.0,214.44,"13,118.00",215.80,"2,812,968.90",136,0.2,7.00,0.09,3.3,0.72,318.00,194.60,,
2024/04/07,66,GLH,35.23,216.1,217.0,212.0,213.7,213.70,0.0,0.0,214.94,"11,721.00",216.00,"2,519,322.90",151,-2.3,5.00,-1.06,2.36,-0.58,318.00,194.60,,
2024/04/09,69,GLH,42.47,261.0,277.5,258.7,272.5,272.50,0.0,0.0,271.52,"211,469.00",258.00,"57,417,598.80",790,14.5,18.8,5.62,7.27,0.36,306.30,223.80,263.78,260.53
2024/04/10,66,GLH,37.98,217.0,221.5,212.0,212.0,212.00,0.0,0.0,213.58,"28,664.00",213.00,"6,121,937.30",166,-1.0,9.50,-0.47,4.48,-0.74,318.00,194.60,,
2024/04/14,67,GLH,40.01,210.0,215.0,210.0,212.5,212.50,0.0,0.0,212.68,"22,198.00",212.00,"4,721,106.40",150,0.5,5.0,0.24,2.38,-0.09,318.00,194.60,,
2024/04/15,67,GLH,49.69,210.0,212.5,206.0,210.1,210.10,0.0,0.0,209.04,"36,554.00",212.50,"7,641,351.60",203,-2.40,6.5,-1.13,3.16,0.5,318.00,194.60,,
2024/04/16,68,GLH,45.74,210.0,212.5,206.8,209.0,209.00,0.0,0.0,209.97,"13,269.00",210.10,"2,786,148.70",111,-1.1,5.7,-0.52,2.76,-0.47,318.00,194.60,,
2024/04/18,66,GLH,40.14,206.8,213.0,205.1,205.1,205.10,0.0,0.0,207.66,"12,213.00",209.00,"2,536,107.50",108,-3.9,7.9,-1.87,3.85,-1.25,318.00,194.60,,
2024/04/21,63,GLH,43.88,204.0,209.2,201.1,208.5,208.50,0.0,0.0,206.39,"12,694.00",205.10,"2,619,938.80",126,3.4,8.1,1.66,4.03,1.01,318.00,194.60,,
2024/04/22,65,GLH,38.19,210.0,212.0,205.0,206.0,206.00,0.0,0.0,207.53,"7,385.00",208.50,"1,532,574.50",78,-2.5,7.0,-1.2,3.41,-0.74,318.00,194.60,,
2024/04/24,65,GLH,39.75,206.0,209.0,204.0,206.0,206.00,0.0,0.0,206.19,"6,222.00",206.00,"1,282,921.60",72,0.0,5.0,0.0,2.45,-0.09,318.00,194.60,,
2024/04/25,62,GLH,50.06,206.0,209.0,202.3,208.0,208.00,0.0,0.0,204.28,"22,200.00",206.00,"4,534,979.20",117,2.0,6.7,0.97,3.31,1.79,318.00,194.60,,
2024/04/28,66,GLH,44.56,204.0,208.0,203.9,203.9,203.90,0.0,0.0,206.00,"15,743.00",208.00,"3,243,112.40",121,-4.1,4.1,-1.97,2.01,-1.03,318.00,194.60,,
2024/04/29,69,GLH,49.33,204.0,215.0,198.0,202.0,202.00,0.0,0.0,201.72,"103,821.00",203.90,"20,943,148.20",331,-1.9,17.0,-0.93,8.59,0.14,318.00,194.60,,
2024/04/30,68,GLH,56.02,205.0,212.0,201.8,209.8,209.80,0.0,0.0,208.02,"21,177.00",202.00,"4,405,156.80",168,7.80,10.20,3.86,5.05,0.85,318.00,194.60,,
2024/03/07,69,GLH,45.23,217.0,220.0,211.0,211.0,211.00,0.0,0.0,213.45,"17,802.00",213.00,"3,799,773.80",166,-2.0,9.00,-0.94,4.27,-1.16,319.00,194.60,,
2024/03/10,65,GLH,40.37,215.0,219.3,211.0,214.0,214.00,0.0,0.0,213.97,"25,869.00",211.00,"5,535,101.30",205,3.0,8.3,1.42,3.93,0.02,319.00,194.60,,
2024/03/12,65,GLH,56.65,218.2,226.0,211.0,217.6,217.60,0.0,0.0,217.10,"37,201.00",214.00,"8,076,343.60",261,3.60,15.0,1.68,7.11,0.23,319.00,194.60,,
2024/03/13,67,GLH,61.97,220.0,236.0,215.8,232.0,232.00,0.0,0.0,223.20,"133,348.00",217.60,"29,762,969.70",449,14.4,20.2,6.62,9.36,3.79,318.00,194.60,,
2024/03/14,66,GLH,59.27,232.0,240.0,229.2,234.0,234.00,0.0,0.0,233.61,"66,742.00",232.00,"15,591,378.40",365,2.0,10.8,0.86,4.71,0.17,318.00,194.60,,
2024/03/17,68,GLH,55.11,230.0,234.0,226.0,227.0,227.00,0.0,0.0,228.42,"24,391.00",234.00,"5,571,329.10",192,-7.0,8.0,-2.99,3.54,-0.62,318.00,194.60,,
2024/03/18,65,GLH,54.72,222.6,236.0,222.6,228.0,228.00,0.0,0.0,226.94,"14,602.00",227.00,"3,313,759.90",183,1.0,13.4,0.44,6.02,0.47,318.00,194.60,,
2024/03/19,65,GLH,47.45,228.0,232.0,222.0,222.3,222.30,0.0,0.0,224.30,"33,460.00",228.00,"7,505,089.60",188,-5.7,10.00,-2.5,4.5,-0.9,318.00,194.60,,
2024/03/20,66,GLH,39.86,222.0,227.0,219.0,225.9,225.90,0.0,0.0,223.64,"28,159.00",222.30,"6,297,497.50",196,3.60,8.00,1.62,3.65,1.0,318.00,194.60,,
2024/03/21,67,GLH,42.92,222.1,248.4,222.1,225.0,225.00,0.0,0.0,226.78,"120,367.00",225.90,"27,296,823.80",313,-0.90,26.30,-0.4,11.84,-0.79,318.00,194.60,,
2024/03/25,64,GLH,35.18,225.0,225.0,217.0,219.0,219.00,0.0,0.0,219.79,"19,989.00",225.00,"4,393,359.30",134,-6.00,8.00,-2.67,3.69,-0.36,318.00,194.60,,
2024/03/26,67,GLH,37.9,222.0,224.5,217.0,219.0,219.00,0.0,0.0,220.84,"23,323.00",219.00,"5,150,709.10",174,0.0,7.50,0.0,3.46,-0.84,318.00,194.60,,
2024/03/27,67,GLH,34.37,222.0,225.0,217.0,218.0,218.00,0.0,0.0,218.35,"11,689.00",219.00,"2,552,242.50",126,-1.0,8.00,-0.46,3.69,-0.16,318.00,194.60,,
2024/03/28,67,GLH,34.5,214.6,220.0,214.6,218.0,218.00,0.0,0.0,217.15,"9,911.00",218.00,"2,152,211.70",90,0.0,5.4,0.0,2.52,0.39,318.00,194.60,,
2024/03/31,68,GLH,41.49,215.0,224.3,215.0,219.0,219.00,0.0,0.0,220.55,"26,566.00",218.00,"5,859,078.80",169,1.00,9.30,0.46,4.33,-0.71,318.00,194.60,,
2024/04/01,67,GLH,34.24,215.0,223.2,215.0,217.6,217.60,0.0,0.0,218.91,"15,195.00",219.00,"3,326,306.80",127,-1.4,8.2,-0.64,3.81,-0.6,318.00,194.60,,
2024/02/12,69,GLH,51.46,251.3,256.9,249.1,256.0,256.00,0.0,0.0,252.78,"21,508.00",251.30,"5,436,716.80",218,4.70,7.80,1.87,3.13,1.26,332.30,194.60,,
2024/02/13,67,GLH,46.14,252.1,254.4,246.7,250.0,250.00,0.0,0.0,249.33,"24,264.00",256.00,"6,049,626.00",198,-6.0,7.7,-2.34,3.12,0.27,330.00,194.60,,
2024/02/14,66,GLH,38.04,246.0,250.9,243.0,244.3,244.30,0.0,0.0,246.35,"18,836.00",250.00,"4,640,295.40",158,-5.7,7.9,-2.28,3.25,-0.84,330.00,194.60,,
2024/02/15,68,GLH,39.78,244.0,248.0,238.0,238.4,238.40,0.0,0.0,242.14,"33,523.00",244.30,"8,117,292.40",286,-5.9,10.0,-2.42,4.2,-1.57,330.00,194.60,,
2024/02/18,69,GLH,33.84,235.0,251.0,234.0,243.0,243.00,0.0,0.0,243.18,"25,626.00",238.40,"6,231,651.90",273,4.6,17.0,1.93,7.26,-0.07,330.00,194.60,,
2024/02/20,67,GLH,39.1,247.8,247.8,218.7,218.7,218.70,0.0,0.0,219.49,"190,039.00",243.00,"41,711,810.80",668,-24.30,29.1,-10.0,13.31,-0.36,330.00,194.60,,
2024/02/21,66,GLH,39.34,214.4,228.4,202.0,224.0,224.00,0.0,0.0,219.25,"114,609.00",218.70,"25,128,055.00",495,5.30,26.4,2.42,13.07,2.12,330.00,194.60,,
2024/02/22,67,GLH,31.62,226.5,226.9,218.0,219.8,219.80,0.0,0.0,221.85,"24,585.00",224.00,"5,454,259.80",220,-4.20,8.9,-1.88,4.08,-0.93,330.00,194.60,,
2024/02/25,70,GLH,31.05,219.0,219.0,208.2,212.0,212.00,0.0,0.0,212.89,"42,775.00",219.80,"9,106,534.80",302,-7.80,10.80,-3.55,5.19,-0.42,330.00,194.60,,
2024/02/26,70,GLH,39.63,211.0,218.0,202.6,210.0,210.00,0.0,0.0,209.54,"46,863.00",212.00,"9,819,652.40",205,-2.00,15.40,-0.94,7.6,0.22,330.00,194.60,,
2024/02/27,67,GLH,36.36,213.0,217.0,207.7,212.0,212.00,0.0,0.0,211.63,"19,202.00",210.00,"4,063,779.50",130,2.00,9.30,0.95,4.48,0.17,329.00,194.60,,
2024/02/28,67,GLH,40.64,208.5,214.0,208.2,211.8,211.80,0.0,0.0,211.64,"14,399.00",212.00,"3,047,336.00",118,-0.20,5.80,-0.09,2.79,0.08,324.00,194.60,,
2024/02/29,67,GLH,41.45,211.0,212.0,204.1,204.1,204.10,0.0,0.0,207.80,"28,237.00",211.80,"5,867,663.20",147,-7.70,7.90,-3.64,3.87,-1.81,319.00,194.60,,
2024/03/03,67,GLH,44.07,205.0,213.0,203.8,209.8,209.80,0.0,0.0,208.44,"29,315.00",204.10,"6,110,438.60",255,5.70,9.20,2.79,4.51,0.65,319.00,194.60,,
2024/03/04,56,GLH,48.45,213.0,228.4,212.9,228.0,228.00,0.0,0.0,223.36,"3,840.00",209.80,"857,697.00",17,18.2,15.5,8.67,7.28,2.04,319.00,194.60,,
2024/03/05,69,GLH,49.64,228.0,231.8,212.0,213.2,213.20,0.0,0.0,216.47,"50,820.00",228.00,"11,000,907.10",251,-14.80,19.80,-6.49,9.34,-1.53,319.00,194.60,,
2024/01/18,64,GLH,57.03,256.7,265.0,252.0,261.0,261.00,0.0,0.0,258.56,"20,352.00",261.90,"5,262,117.00",284,-0.9,13.00,-0.34,5.16,0.94,370.00,194.60,,
2024/01/21,67,GLH,48.74,257.0,265.3,246.0,252.0,252.00,0.0,0.0,255.93,"59,976.00",261.00,"15,349,452.20",437,-9.0,19.30,-3.45,7.85,-1.56,370.00,194.60,,
2024/01/22,65,GLH,43.74,247.0,257.0,244.0,245.0,245.00,0.0,0.0,248.57,"19,806.00",252.00,"4,923,147.00",239,-7.0,13.0,-2.78,5.33,-1.46,370.00,194.60,,
2024/01/23,68,GLH,43.78,245.0,249.0,240.0,243.7,243.70,0.0,0.0,242.40,"22,574.00",245.00,"5,471,920.80",218,-1.3,9.0,-0.53,3.75,0.53,370.00,194.60,,
2024/01/24,69,GLH,39.87,242.0,249.0,241.1,246.5,246.50,0.0,0.0,245.15,"18,358.00",243.70,"4,500,461.40",204,2.8,7.9,1.15,3.28,0.55,370.00,194.60,,
2024/01/25,66,GLH,38.45,246.0,250.0,242.0,243.0,243.00,0.0,0.0,245.68,"11,017.00",246.50,"2,706,690.40",172,-3.5,8.00,-1.42,3.31,-1.1,370.00,194.60,,
2024/01/28,67,GLH,43.87,243.0,245.0,235.2,245.0,245.00,0.0,0.0,239.54,"16,546.00",243.00,"3,963,352.30",183,2.0,9.8,0.82,4.17,2.23,356.00,194.60,,
2024/01/29,66,GLH,60.0,248.6,255.1,248.6,252.8,252.80,0.0,0.0,251.58,"58,180.00",245.00,"14,636,923.00",425,7.8,6.5,3.18,2.61,0.48,356.00,194.60,,
2024/01/30,67,GLH,61.09,257.8,275.9,252.9,273.0,273.00,0.0,0.0,266.42,"88,776.00",252.80,"23,652,112.50",668,20.2,23.0,7.99,9.09,2.41,355.00,194.60,,
2024/01/31,67,GLH,51.31,277.0,278.4,258.1,262.0,262.00,0.0,0.0,265.76,"32,831.00",273.00,"8,725,009.90",290,-11.00,20.30,-4.03,7.87,-1.43,355.00,194.60,,
2024/02/01,68,GLH,44.66,258.0,262.0,250.0,251.0,251.00,0.0,0.0,251.86,"18,467.00",262.00,"4,651,054.90",199,-11.0,12.0,-4.2,4.8,-0.34,350.00,194.60,,
2024/02/04,68,GLH,35.94,246.0,252.0,245.1,247.0,247.00,0.0,0.0,247.59,"13,115.00",251.00,"3,247,168.00",170,-4.0,6.9,-1.59,2.82,-0.24,349.90,194.60,,
2024/02/05,68,GLH,35.34,251.0,251.9,246.0,249.5,249.50,0.0,0.0,248.96,"7,712.00",247.00,"1,919,944.80",129,2.5,5.9,1.01,2.4,0.22,349.90,194.60,,
2024/02/06,69,GLH,34.47,246.9,251.0,246.9,250.0,250.00,0.0,0.0,249.59,"13,109.00",249.50,"3,271,908.00",161,0.5,4.1,0.2,1.66,0.16,349.90,194.60,,
2024/02/07,69,GLH,46.08,246.0,254.9,246.0,251.5,251.50,0.0,0.0,251.64,"11,972.00",250.00,"3,012,586.80",166,1.5,8.9,0.6,3.62,-0.05,349.90,194.60,,
2024/02/08,69,GLH,50.12,251.0,258.0,250.0,253.5,253.50,0.0,0.0,252.73,"18,348.00",251.50,"4,637,149.90",190,2.0,8.00,0.8,3.2,0.3,349.90,194.60,,
2023/12/20,69,GLH,63.02,244.0,265.1,240.0,259.9,259.90,0.0,0.0,254.87,"35,219.00",241.00,"8,976,266.40",289,18.90,25.10,7.84,10.46,1.94,370.00,194.60,,
2023/12/21,70,GLH,55.42,260.0,267.5,248.0,250.0,250.00,0.0,0.0,256.91,"48,042.00",259.90,"12,342,279.60",246,-9.90,19.50,-3.81,7.86,-2.76,370.00,194.60,,
2023/12/24,68,GLH,51.26,246.0,255.0,242.0,246.0,246.00,0.0,0.0,249.05,"13,100.00",250.00,"3,262,569.50",209,-4.0,13.00,-1.6,5.37,-1.24,370.00,194.60,,
2023/12/27,68,GLH,55.25,242.0,255.4,241.1,244.0,244.00,0.0,0.0,248.95,"29,350.00",246.00,"7,306,815.30",247,-2.0,14.30,-0.81,5.93,-2.03,370.00,194.60,,
2023/12/28,66,GLH,45.26,245.0,253.9,240.1,241.1,241.10,0.0,0.0,245.32,"16,782.00",244.00,"4,116,969.30",192,-2.9,13.8,-1.19,5.75,-1.75,370.00,194.60,,
2024/01/01,66,GLH,42.85,237.4,246.8,233.5,234.3,234.30,0.0,0.0,240.25,"10,009.00",241.10,"2,404,621.00",161,-6.8,13.3,-2.82,5.7,-2.54,370.00,194.60,,
2024/01/02,68,GLH,40.21,238.9,243.6,227.0,227.0,227.00,0.0,0.0,230.71,"7,585.00",234.30,"1,749,924.00",132,-7.3,16.6,-3.12,7.31,-1.63,370.00,194.60,,
2024/01/03,67,GLH,42.5,222.5,234.0,222.5,233.9,233.90,0.0,0.0,230.59,"10,881.00",227.00,"2,509,051.50",153,6.90,11.5,3.04,5.17,1.42,370.00,194.60,,
2024/01/04,66,GLH,55.78,234.0,257.2,234.0,251.0,251.00,0.0,0.0,250.97,"90,238.00",233.90,"22,646,753.50",484,17.10,23.20,7.31,9.91,0.01,370.00,194.60,,
2024/01/07,68,GLH,57.41,256.0,266.0,251.0,254.0,254.00,0.0,0.0,259.08,"51,026.00",251.00,"13,219,889.30",354,3.0,15.0,1.2,5.98,-2.0,370.00,194.60,,
2024/01/08,70,GLH,58.77,259.0,264.1,250.0,259.5,259.50,0.0,0.0,258.76,"40,098.00",254.00,"10,375,626.50",296,5.5,14.10,2.17,5.64,0.29,370.00,194.60,,
2024/01/09,65,GLH,54.22,260.0,268.0,254.2,257.9,257.90,0.0,0.0,260.90,"31,122.00",259.50,"8,119,614.00",256,-1.6,13.8,-0.62,5.43,-1.16,370.00,194.60,,
2024/01/10,65,GLH,47.85,252.8,259.9,250.0,250.9,250.90,0.0,0.0,252.91,"14,012.00",257.90,"3,543,773.00",173,-7.0,9.90,-2.71,3.96,-0.8,370.00,194.60,,
2024/01/11,66,GLH,47.15,246.1,258.9,246.1,255.0,255.00,0.0,0.0,254.50,"20,417.00",250.90,"5,196,122.80",211,4.10,12.8,1.63,5.2,0.2,370.00,194.60,,
2024/01/14,66,GLH,55.79,260.0,271.9,256.8,267.5,267.50,0.0,0.0,268.24,"59,527.00",255.00,"15,967,719.20",316,12.5,15.1,4.9,5.88,-0.28,370.00,194.60,,
2024/01/16,68,GLH,63.55,262.4,289.0,256.0,277.0,277.00,0.0,0.0,270.84,"123,693.00",267.50,"33,501,102.00",624,9.5,33.0,3.55,12.89,2.22,370.00,194.60,,
2023/11/27,64,GLH,57.06,211.0,216.0,208.1,210.0,210.00,0.0,0.0,212.63,"4,055.00",214.80,"862,197.00",88,-4.80,7.90,-2.23,3.8,-1.25,370.00,194.60,,
2023/11/28,64,GLH,54.0,210.0,212.1,207.6,212.0,212.00,0.0,0.0,210.55,"4,010.00",210.00,"844,297.70",79,2.0,4.5,0.95,2.17,0.68,370.00,194.60,,
2023/11/29,63,GLH,50.4,210.0,216.0,207.9,207.9,207.90,0.0,0.0,210.29,"1,580.00",212.00,"332,252.00",53,-4.10,8.10,-1.93,3.9,-1.15,370.00,194.60,,
2023/11/30,62,GLH,35.24,203.8,208.0,203.8,204.4,204.40,0.0,0.0,205.59,"2,390.00",207.90,"491,365.00",48,-3.5,4.20,-1.68,2.06,-0.58,370.00,194.60,,
2023/12/03,61,GLH,40.57,200.4,205.0,200.4,204.9,204.90,0.0,0.0,202.37,"1,060.00",204.40,"214,508.00",55,0.5,4.6,0.24,2.3,1.24,370.00,194.60,,
2023/12/04,66,GLH,42.21,201.0,210.0,200.1,205.0,205.00,0.0,0.0,204.14,"4,586.00",204.90,"936,181.00",69,0.1,9.9,0.05,4.95,0.42,370.00,194.60,,
2023/12/05,66,GLH,42.11,201.2,205.2,200.0,202.2,202.20,0.0,0.0,201.80,"3,201.00",205.00,"645,959.80",57,-2.80,5.20,-1.37,2.6,0.2,370.00,194.60,,
2023/12/06,62,GLH,45.91,204.5,204.5,199.5,202.9,202.90,0.0,0.0,202.66,"3,785.00",202.20,"767,087.00",57,0.7,5.00,0.35,2.51,0.12,370.00,194.60,,
2023/12/07,65,GLH,38.17,200.0,206.0,200.0,203.0,203.00,0.0,0.0,203.44,"2,899.00",202.90,"589,764.40",73,0.1,6.00,0.05,3.0,-0.22,370.00,194.60,,
2023/12/10,53,GLH,52.55,207.0,218.4,207.0,218.0,218.00,0.0,0.0,212.20,"1,440.00",203.00,"305,564.00",8,15.00,11.4,7.39,5.51,2.66,370.00,194.60,,
2023/12/11,67,GLH,59.78,218.0,218.8,209.5,216.0,216.00,0.0,0.0,213.83,"10,675.00",218.00,"2,282,668.50",151,-2.0,9.3,-0.92,4.44,1.0,370.00,194.60,,
2023/12/12,67,GLH,61.45,212.0,232.0,212.0,231.9,231.90,0.0,0.0,219.71,"9,157.00",216.00,"2,011,868.90",148,15.90,20.00,7.36,9.43,5.26,370.00,194.60,,
2023/12/13,68,GLH,61.08,228.0,235.1,227.1,229.0,229.00,0.0,0.0,230.73,"20,061.00",231.90,"4,628,716.50",153,-2.9,8.0,-1.25,3.52,-0.76,370.00,194.60,,
2023/12/14,68,GLH,59.89,225.0,240.5,225.0,238.0,238.00,0.0,0.0,234.79,"13,551.00",229.00,"3,181,601.30",160,9.0,15.5,3.93,6.89,1.35,370.00,194.60,,
2023/12/17,66,GLH,62.16,233.3,250.0,229.0,249.2,249.20,0.0,0.0,242.66,"12,752.00",238.00,"3,094,368.50",163,11.2,21.00,4.71,9.17,2.63,370.00,194.60,,
2023/12/18,66,GLH,58.89,244.3,255.1,235.2,242.8,242.80,0.0,0.0,243.02,"23,772.00",249.20,"5,776,972.10",224,-6.40,19.90,-2.57,8.46,-0.09,370.00,194.60,,
2023/10/18,63,GLH,35.2,216.0,216.0,210.0,216.0,216.00,0.0,0.0,212.79,"2,840.00",213.00,"604,333.00",46,3.0,6.0,1.41,2.86,1.48,370.00,201.00,,
2023/10/19,63,GLH,43.94,213.0,216.0,213.0,216.0,216.00,0.0,0.0,214.02,"1,775.00",216.00,"379,889.00",30,0.0,3.0,0.0,1.41,0.92,370.00,201.00,,
2023/10/29,62,GLH,42.34,212.0,216.0,206.0,216.0,216.00,0.0,0.0,211.12,"1,426.00",216.00,"301,052.00",40,0.0,10.0,0.0,4.85,2.26,370.00,201.00,,
2023/10/30,63,GLH,40.42,212.0,215.7,207.9,214.9,214.90,0.0,0.0,210.06,"1,479.00",216.00,"310,672.90",39,-1.1,7.8,-0.51,3.75,2.25,370.00,201.00,,
2023/10/31,65,GLH,35.18,210.7,211.9,207.2,211.9,211.90,0.0,0.0,210.17,"1,075.00",214.90,"225,932.50",42,-3.0,4.7,-1.4,2.27,0.82,370.00,201.00,,
2023/11/01,66,GLH,36.5,207.7,213.4,205.0,206.0,206.00,0.0,0.0,207.15,"1,690.00",211.90,"350,083.00",48,-5.9,8.4,-2.78,4.1,-0.56,370.00,201.00,,
2023/11/02,62,GLH,37.07,204.0,210.0,202.1,205.0,205.00,0.0,0.0,203.89,"2,028.00",206.00,"413,486.60",49,-1.0,7.9,-0.49,3.91,0.54,370.00,201.00,,
2023/11/05,64,GLH,33.81,201.1,206.0,199.0,203.9,203.90,0.0,0.0,201.32,"2,250.00",205.00,"452,969.00",55,-1.1,7.0,-0.54,3.52,1.27,370.00,199.00,,
2023/11/06,61,GLH,36.77,200.3,207.0,200.3,207.0,207.00,0.0,0.0,204.15,"1,210.00",203.90,"247,023.50",70,3.1,6.7,1.52,3.34,1.38,370.00,199.00,,
2023/11/07,62,GLH,38.46,207.0,211.0,201.0,205.0,205.00,0.0,0.0,205.36,"1,010.00",207.00,"207,413.00",36,-2.0,10.0,-0.97,4.98,-0.18,370.00,199.00,,
2023/11/08,65,GLH,40.1,201.0,207.8,201.0,207.0,207.00,0.0,0.0,204.07,350.00,205.00,"71,425.00",31,2.00,6.8,0.98,3.38,1.41,370.00,199.00,,
2023/11/09,61,GLH,42.52,203.0,208.8,203.0,203.0,203.00,0.0,0.0,204.23,"2,469.00",207.00,"504,246.40",34,-4.0,5.8,-1.93,2.86,-0.61,370.00,199.00,,
2023/11/20,62,GLH,37.01,207.0,211.0,203.1,204.0,204.00,0.0,0.0,205.23,775.00,203.00,"159,053.00",58,1.00,7.90,0.49,3.89,-0.6,370.00,199.00,,
2023/11/21,63,GLH,31.21,202.1,202.4,197.2,198.0,198.00,0.0,0.0,199.35,450.00,204.00,"89,707.00",30,-6.0,5.20,-2.94,2.64,-0.68,370.00,197.20,,
2023/11/22,63,GLH,41.42,194.6,205.9,194.6,204.7,204.70,0.0,0.0,199.94,"1,414.00",198.00,"282,712.00",45,6.7,11.30,3.38,5.81,2.33,370.00,194.60,,
2023/11/23,64,GLH,51.62,200.7,208.8,200.7,205.0,205.00,0.0,0.0,205.03,"3,355.00",204.70,"687,882.50",73,0.3,8.1,0.15,4.04,-0.02,370.00,194.60,,
2023/09/21,60,GLH,64.25,232.0,251.7,232.0,245.0,245.00,0.0,0.0,239.73,"30,571.00",229.00,"7,328,788.00",207,16.00,19.70,6.99,8.49,2.15,370.00,201.00,,
2023/09/24,64,GLH,55.78,240.1,244.0,232.0,240.0,240.00,0.0,0.0,237.09,"10,022.00",245.00,"2,376,093.50",127,-5.00,12.00,-2.04,5.17,1.21,370.00,201.00,,
2023/09/25,61,GLH,53.36,236.1,239.6,232.1,239.6,239.60,0.0,0.0,236.20,"5,252.00",240.00,"1,240,511.00",108,-0.4,7.5,-0.17,3.23,1.42,370.00,201.00,,
2023/09/26,62,GLH,58.35,236.1,247.8,236.1,243.5,243.50,0.0,0.0,243.11,"7,770.00",239.60,"1,888,996.00",121,3.9,11.70,1.63,4.96,0.16,370.00,201.00,,
2023/09/27,60,GLH,40.34,247.9,247.9,227.0,232.0,232.00,0.0,0.0,231.54,"9,481.00",243.50,"2,195,204.20",138,-11.5,20.9,-4.72,9.21,0.2,370.00,201.00,,
2023/10/01,61,GLH,37.79,228.0,229.5,220.1,229.5,229.50,0.0,0.0,225.41,"5,951.00",232.00,"1,341,402.20",85,-2.5,9.4,-1.08,4.27,1.78,370.00,201.00,,
2023/10/02,64,GLH,36.32,226.0,229.5,218.2,229.5,229.50,0.0,0.0,224.46,"3,475.00",229.50,"780,002.50",91,0.0,11.3,0.0,5.18,2.2,370.00,201.00,,
2023/10/03,59,GLH,34.35,225.0,228.0,218.0,225.0,225.00,0.0,0.0,223.48,"1,999.00",229.50,"446,733.90",89,-4.5,10.0,-1.96,4.59,0.68,370.00,201.00,,
2023/10/04,63,GLH,35.56,221.0,232.0,221.0,228.0,228.00,0.0,0.0,226.21,"3,897.00",225.00,"881,554.40",110,3.0,11.0,1.33,4.98,0.78,370.00,201.00,,
2023/10/05,59,GLH,32.72,223.5,229.0,220.8,225.0,225.00,0.0,0.0,223.50,"3,045.00",228.00,"680,570.30",83,-3.0,8.2,-1.32,3.71,0.66,370.00,201.00,,
2023/10/08,64,GLH,31.5,220.5,229.0,219.0,221.4,221.40,0.0,0.0,221.34,"4,204.00",225.00,"930,497.00",91,-3.6,10.0,-1.6,4.57,0.03,370.00,201.00,,
2023/10/09,62,GLH,32.28,217.0,225.8,216.0,220.0,220.00,0.0,0.0,219.06,"3,650.00",221.40,"799,571.00",79,-1.4,9.8,-0.63,4.54,0.43,370.00,201.00,,
2023/10/10,61,GLH,32.08,216.1,224.4,212.0,213.0,213.00,0.0,0.0,215.53,"6,680.00",220.00,"1,439,740.00",106,-7.0,12.4,-3.18,5.85,-1.19,370.00,201.00,,
2023/10/11,65,GLH,32.55,213.0,223.5,211.1,216.0,216.00,0.0,0.0,216.38,"3,970.00",213.00,"859,027.00",95,3.0,12.4,1.41,5.87,-0.18,370.00,201.00,,
2023/10/12,65,GLH,27.32,211.7,216.2,209.0,212.0,212.00,0.0,0.0,212.60,"1,775.00",216.00,"377,364.50",79,-4.0,7.20,-1.85,3.44,-0.28,370.00,201.00,,
2023/10/16,63,GLH,25.17,208.1,210.0,205.2,210.0,210.00,0.0,0.0,207.11,"1,737.00",212.00,"359,754.00",94,-2.0,4.80,-0.94,2.34,1.38,370.00,201.00,,
2023/08/23,60,GLH,47.68,220.0,230.0,217.2,230.0,230.00,0.0,0.0,226.86,"5,050.00",224.40,"1,145,655.40",107,5.6,12.8,2.5,5.89,1.36,370.00,213.00,,
2023/08/24,62,GLH,46.22,230.0,232.0,220.0,230.0,230.00,0.0,0.0,225.04,"2,870.00",230.00,"645,861.00",82,0.0,12.0,0.0,5.45,2.16,370.00,213.00,,
2023/08/27,61,GLH,39.08,225.4,226.4,218.5,222.0,222.00,0.0,0.0,220.04,"1,505.00",230.00,"331,164.50",71,-8.0,7.90,-3.48,3.62,0.88,370.00,213.00,,
2023/08/28,61,GLH,38.29,218.0,222.0,217.0,221.3,221.30,0.0,0.0,219.07,"1,870.00",222.00,"409,656.00",72,-0.7,5.0,-0.32,2.3,1.01,370.00,213.00,,
2023/08/29,60,GLH,33.64,218.0,222.0,217.0,220.0,220.00,0.0,0.0,218.04,"1,240.00",221.30,"270,368.00",65,-1.3,5.0,-0.59,2.3,0.89,370.00,213.00,,
2023/08/30,63,GLH,41.57,219.0,220.0,215.0,219.9,219.90,0.0,0.0,217.18,"4,050.00",220.00,"879,561.00",76,-0.1,5.0,-0.05,2.33,1.24,370.00,213.00,,
2023/09/03,61,GLH,38.4,215.6,215.6,210.0,212.5,212.50,0.0,0.0,211.80,"3,790.00",219.90,"802,706.00",89,-7.4,5.6,-3.37,2.67,0.33,370.00,210.00,,
2023/09/04,58,GLH,38.53,212.5,215.0,210.0,215.0,215.00,0.0,0.0,212.21,"2,850.00",212.50,"604,793.00",71,2.5,5.0,1.18,2.38,1.3,370.00,210.00,,
2023/09/05,61,GLH,32.84,211.0,212.0,211.0,211.1,211.10,0.0,0.0,211.19,640.00,215.00,"135,162.00",41,-3.9,1.0,-1.81,0.47,-0.04,370.00,210.00,,
2023/09/07,63,GLH,31.16,206.9,214.0,203.0,205.0,205.00,0.0,0.0,205.59,"1,390.00",211.10,"285,772.00",51,-6.1,11.0,-2.89,5.42,-0.29,370.00,203.00,,
2023/09/10,61,GLH,38.83,201.0,207.0,201.0,207.0,207.00,0.0,0.0,204.54,"2,250.00",205.00,"460,217.00",90,2.0,6.0,0.98,2.99,1.19,370.00,201.00,,
2023/09/11,61,GLH,47.23,204.0,214.0,204.0,212.9,212.90,0.0,0.0,210.60,"4,190.00",207.00,"882,423.00",85,5.9,10.0,2.85,4.9,1.08,370.00,201.00,,
2023/09/12,62,GLH,44.32,210.0,212.7,207.1,212.7,212.70,0.0,0.0,208.79,"2,593.00",212.90,"541,393.30",72,-0.2,5.6,-0.09,2.7,1.84,370.00,201.00,,
2023/09/13,59,GLH,50.21,208.5,216.9,205.1,216.9,216.90,0.0,0.0,213.82,"2,324.00",212.70,"496,924.00",89,4.2,11.8,1.97,5.75,1.42,370.00,201.00,,
2023/09/17,61,GLH,52.92,212.6,216.0,203.8,215.0,215.00,0.0,0.0,206.64,"5,250.00",216.90,"1,084,852.00",79,-1.9,12.2,-0.88,5.99,3.89,370.00,201.00,,
2023/09/18,61,GLH,48.96,212.0,215.0,209.8,215.0,215.00,0.0,0.0,212.12,"1,060.00",215.00,"224,843.00",42,0.0,5.2,0.0,2.48,1.34,370.00,201.00,,
2023/07/31,57,GLH,40.15,250.1,256.0,245.1,250.9,250.90,0.0,0.0,248.00,"8,645.00",252.00,"2,143,925.00",99,-1.1,10.9,-0.44,4.45,1.16,370.00,219.00,,
2023/08/01,56,GLH,37.57,245.9,252.0,237.5,246.0,246.00,0.0,0.0,242.22,"21,246.00",250.90,"5,146,152.60",152,-4.90,14.50,-1.95,6.11,1.54,370.00,219.00,,
2023/08/02,57,GLH,32.8,242.1,247.4,240.0,247.4,247.40,0.0,0.0,242.53,"4,637.00",246.00,"1,124,608.90",84,1.4,7.40,0.57,3.08,1.97,370.00,219.00,,
2023/08/03,55,GLH,35.3,246.0,248.0,236.3,246.0,246.00,0.0,0.0,239.75,"10,740.00",247.40,"2,574,888.30",108,-1.4,11.7,-0.57,4.95,2.54,370.00,219.00,,
2023/08/06,57,GLH,29.73,243.0,249.0,234.0,236.5,236.50,0.0,0.0,236.80,"3,222.00",246.00,"762,965.70",79,-9.5,15.00,-3.86,6.41,-0.13,370.00,219.00,,
2023/08/07,55,GLH,39.4,232.1,245.9,232.1,244.0,244.00,0.0,0.0,238.55,"5,052.00",236.50,"1,205,149.00",121,7.5,13.80,3.17,5.95,2.23,370.00,219.00,,
2023/08/08,57,GLH,29.58,239.2,241.7,235.0,240.0,240.00,0.0,0.0,236.57,"4,705.00",244.00,"1,113,058.10",94,-4.0,6.70,-1.64,2.85,1.43,370.00,219.00,,
2023/08/09,58,GLH,46.75,235.2,244.8,231.0,244.8,244.80,0.0,0.0,237.08,"7,020.00",240.00,"1,664,271.60",110,4.8,13.80,2.0,5.97,3.16,370.00,219.00,,
2023/08/10,60,GLH,52.73,243.5,246.0,238.5,243.9,243.90,0.0,0.0,241.81,"8,000.00",244.80,"1,934,473.00",91,-0.9,7.5,-0.37,3.14,0.86,370.00,219.00,,
2023/08/13,56,GLH,44.27,239.1,253.6,235.0,238.2,238.20,0.0,0.0,242.11,"8,499.00",243.90,"2,057,664.90",128,-5.70,18.60,-2.34,7.91,-1.64,370.00,219.00,,
2023/08/14,61,GLH,48.05,233.7,242.6,233.7,241.0,241.00,0.0,0.0,239.92,"5,220.00",238.20,"1,252,368.20",136,2.8,8.9,1.18,3.81,0.45,370.00,219.00,,
2023/08/15,59,GLH,38.08,236.2,237.1,231.8,236.0,236.00,0.0,0.0,233.28,"5,587.00",241.00,"1,303,355.00",79,-5.0,5.30,-2.07,2.29,1.15,370.00,219.00,,
2023/08/16,59,GLH,37.15,231.4,231.4,225.1,225.2,225.20,0.0,0.0,226.77,"6,290.00",236.00,"1,426,363.80",89,-10.8,6.30,-4.58,2.8,-0.7,370.00,219.00,,
2023/08/17,59,GLH,38.21,228.0,229.5,224.1,229.5,229.50,0.0,0.0,227.27,"1,965.00",225.20,"446,580.50",84,4.3,5.40,1.91,2.41,0.97,370.00,219.00,,
2023/08/20,60,GLH,41.45,225.0,232.0,217.0,224.0,224.00,0.0,0.0,221.14,"7,006.00",229.50,"1,549,323.00",111,-5.5,15.00,-2.4,6.91,1.28,370.00,217.00,,
2023/08/21,60,GLH,37.97,219.6,226.0,215.5,221.0,221.00,0.0,0.0,219.45,"3,639.00",224.00,"798,569.00",97,-3.0,10.5,-1.34,4.87,0.7,370.00,215.50,,
2023/07/06,69,GLH,42.47,261.0,277.5,258.7,272.5,272.50,0.0,0.0,271.52,"211,469.00",258.00,"57,417,598.80",790,14.5,18.8,5.62,7.27,0.36,306.30,223.80,263.78,260.53
2023/07/09,61,GLH,53.61,246.0,256.0,243.0,255.0,255.00,0.0,0.0,252.41,"11,928.00",242.20,"3,010,766.20",156,12.8,13.0,5.28,5.35,1.02,377.00,219.00,,
2023/07/10,61,GLH,42.65,249.9,253.0,247.1,250.0,250.00,0.0,0.0,250.23,"5,495.00",255.00,"1,375,031.00",108,-5.00,5.90,-1.96,2.39,-0.09,377.00,219.00,,
2023/07/11,63,GLH,46.15,250.0,250.0,243.1,249.5,249.50,0.0,0.0,244.91,"7,348.00",250.00,"1,799,631.50",103,-0.5,6.90,-0.2,2.84,1.84,377.00,219.00,,
2023/07/12,63,GLH,57.24,245.0,269.7,245.0,267.2,267.20,0.0,0.0,260.57,"30,031.00",249.50,"7,825,311.40",189,17.7,24.7,7.09,10.08,2.48,377.00,219.00,,
2023/07/13,64,GLH,59.47,267.2,280.5,255.8,260.0,260.00,0.0,0.0,264.26,"79,148.00",267.20,"20,915,568.70",216,-7.2,24.70,-2.69,9.66,-1.64,377.00,219.00,,
2023/07/16,61,GLH,52.45,263.0,265.2,255.4,255.5,255.50,0.0,0.0,260.14,"3,780.00",260.00,"983,331.00",62,-4.50,9.80,-1.73,3.84,-1.82,377.00,219.00,,
2023/07/17,55,GLH,55.76,255.0,263.0,255.0,263.0,263.00,0.0,0.0,259.61,"7,501.00",255.50,"1,947,355.00",103,7.5,8.00,2.94,3.14,1.29,377.00,219.00,,
2023/07/18,55,GLH,49.25,260.0,265.0,258.0,263.0,263.00,0.0,0.0,260.55,"20,525.00",263.00,"5,347,690.00",127,0.00,7.00,0.0,2.71,0.93,377.00,219.00,,
2023/07/19,57,GLH,52.51,258.0,266.9,253.4,260.0,260.00,0.0,0.0,257.64,"8,451.00",263.00,"2,177,308.80",119,-3.0,13.50,-1.14,5.33,0.91,377.00,219.00,,
2023/07/20,58,GLH,58.71,256.2,267.2,256.2,265.0,265.00,0.0,0.0,261.21,"20,016.00",260.00,"5,228,319.50",132,5.00,11.00,1.92,4.29,1.43,377.00,219.00,,
2023/07/23,58,GLH,57.36,260.0,269.1,260.0,269.0,269.00,0.0,0.0,266.65,"9,109.00",265.00,"2,428,913.00",130,4.0,9.10,1.51,3.5,0.87,377.00,219.00,,
2023/07/24,56,GLH,58.67,272.0,272.0,261.5,265.5,265.50,0.0,0.0,265.01,"13,749.00",269.00,"3,643,556.00",111,-3.5,10.50,-1.3,4.02,0.19,377.00,219.00,,
2023/07/25,57,GLH,45.8,261.0,263.0,260.5,262.0,262.00,0.0,0.0,261.33,"3,482.00",265.50,"909,943.10",80,-3.50,2.50,-1.32,0.96,0.26,377.00,219.00,,
2023/07/26,57,GLH,42.93,257.0,264.1,255.0,263.0,263.00,0.0,0.0,258.95,"6,008.00",262.00,"1,555,772.50",90,1.00,9.10,0.38,3.57,1.54,377.00,219.00,,
2023/07/27,58,GLH,35.15,258.0,263.2,255.0,256.9,256.90,0.0,0.0,257.56,"6,041.00",263.00,"1,555,922.00",83,-6.1,8.20,-2.32,3.22,-0.26,377.00,219.00,,
2023/06/12,63,GLH,46.61,280.0,290.0,278.2,283.0,283.00,0.0,0.0,281.87,"11,334.00",285.00,"3,194,710.90",120,-2.00,11.80,-0.7,4.24,0.4,377.00,219.00,,
2023/06/13,61,GLH,50.53,277.4,290.0,277.4,288.0,288.00,0.0,0.0,285.68,"9,929.00",283.00,"2,836,491.50",139,5.00,12.60,1.77,4.54,0.81,377.00,219.00,,
2023/06/14,62,GLH,53.36,283.1,293.7,283.1,287.0,287.00,0.0,0.0,289.38,"18,065.00",288.00,"5,227,674.10",172,-1.00,10.60,-0.35,3.74,-0.83,377.00,219.00,,
2023/06/15,59,GLH,41.46,281.4,285.0,275.8,283.0,283.00,0.0,0.0,279.75,"11,746.00",287.00,"3,285,933.30",139,-4.0,9.20,-1.39,3.34,1.15,377.00,219.00,,
2023/06/18,62,GLH,59.39,287.0,287.0,277.1,285.0,285.00,0.0,0.0,282.82,"12,803.00",283.00,"3,621,008.00",135,2.0,9.90,0.71,3.57,0.76,377.00,219.00,,
2023/06/19,61,GLH,45.14,288.9,288.9,279.0,281.9,281.90,0.0,0.0,280.68,"8,319.00",285.00,"2,334,998.80",127,-3.10,9.90,-1.09,3.55,0.43,377.00,219.00,,
2023/06/20,59,GLH,46.13,276.3,283.7,275.0,277.4,277.40,0.0,0.0,277.61,"9,221.00",281.90,"2,559,837.10",121,-4.5,8.7,-1.6,3.16,-0.08,377.00,219.00,,
2023/06/21,69,GLH,42.47,261.0,277.5,258.7,272.5,272.50,0.0,0.0,271.52,"211,469.00",258.00,"57,417,598.80",790,14.5,18.8,5.62,7.27,0.36,306.30,223.80,263.78,260.53
2023/06/22,69,GLH,42.47,261.0,277.5,258.7,272.5,272.50,0.0,0.0,271.52,"211,469.00",258.00,"57,417,598.80",790,14.5,18.8,5.62,7.27,0.36,306.30,223.80,263.78,260.53
2023/06/25,59,GLH,46.42,265.0,269.0,256.0,268.0,268.00,0.0,0.0,262.66,"18,650.00",264.00,"4,898,652.10",186,4.00,13.00,1.52,5.08,1.99,377.00,219.00,,
2023/06/26,61,GLH,46.21,263.0,272.0,256.5,257.0,257.00,0.0,0.0,263.37,"27,042.00",268.00,"7,122,047.20",167,-11.0,15.5,-4.1,6.04,-2.48,377.00,219.00,,
2023/06/27,60,GLH,47.6,262.0,277.2,258.0,270.0,270.00,0.0,0.0,266.54,"19,303.00",257.00,"5,145,047.10",170,13.00,19.20,5.06,7.44,1.28,377.00,219.00,,
2023/06/28,62,GLH,47.09,265.0,274.0,262.0,264.9,264.90,0.0,0.0,265.28,"12,153.00",270.00,"3,223,999.50",139,-5.1,12.0,-1.89,4.58,-0.15,377.00,219.00,,
2023/07/02,60,GLH,44.4,260.1,266.0,253.0,253.0,253.00,0.0,0.0,256.27,"24,898.00",264.90,"6,380,686.50",135,-11.9,13.0,-4.49,5.14,-1.29,377.00,219.00,,
2023/07/03,60,GLH,49.4,249.0,260.1,247.5,251.0,251.00,0.0,0.0,253.11,"15,145.00",253.00,"3,833,278.00",182,-2.0,12.6,-0.79,5.09,-0.84,377.00,219.00,,
2023/07/04,61,GLH,39.81,252.0,260.0,249.4,257.0,257.00,0.0,0.0,254.97,"7,201.00",251.00,"1,836,029.20",106,6.00,10.6,2.39,4.25,0.79,377.00,219.00,,
2023/05/16,59,GLH,37.86,252.4,259.5,248.1,257.9,257.90,0.0,0.0,253.65,"6,615.00",257.50,"1,677,901.00",66,0.4,11.4,0.16,4.59,1.65,399.90,219.00,,
2023/05/17,57,GLH,45.57,254.0,283.0,254.0,283.0,283.00,0.0,0.0,266.94,"7,795.00",257.90,"2,080,822.30",85,25.1,29.0,9.73,11.42,5.67,399.90,219.00,,
2023/05/18,57,GLH,57.92,288.6,300.0,271.8,300.0,300.00,0.0,0.0,283.46,"17,066.00",283.00,"4,837,557.60",187,17.0,28.2,6.01,10.38,5.51,399.80,219.00,,
2023/05/21,63,GLH,56.88,295.0,312.0,281.3,312.0,312.00,0.0,0.0,288.38,"30,082.00",300.00,"8,674,932.20",200,12.00,30.70,4.0,10.91,7.57,399.80,219.00,,
2023/05/22,59,GLH,57.85,318.0,318.0,285.0,289.0,289.00,0.0,0.0,288.95,"47,409.00",312.00,"13,698,892.10",186,-23.00,33.00,-7.37,11.58,0.02,399.80,219.00,,
2023/05/23,59,GLH,52.75,294.7,295.0,285.0,290.0,290.00,0.0,0.0,290.78,"18,798.00",289.00,"5,466,103.10",155,1.00,10.00,0.35,3.51,-0.27,399.80,219.00,,
2023/05/24,59,GLH,34.84,284.4,293.0,284.4,286.9,286.90,0.0,0.0,285.38,"9,506.00",290.00,"2,712,823.50",85,-3.10,8.60,-1.07,3.02,0.53,399.80,219.00,,
2023/05/28,58,GLH,33.58,281.5,291.0,275.0,275.0,275.00,0.0,0.0,282.21,"18,261.00",286.90,"5,153,472.60",131,-11.90,16.00,-4.15,5.82,-2.62,386.00,219.00,,
2023/05/30,60,GLH,36.91,271.8,275.0,256.0,263.5,263.50,0.0,0.0,268.58,"12,118.00",275.00,"3,254,683.90",120,-11.5,19.00,-4.18,7.42,-1.93,386.00,219.00,,
2023/05/31,57,GLH,35.22,258.3,272.3,258.3,259.2,259.20,0.0,0.0,261.62,"11,375.00",263.50,"2,975,933.00",108,-4.30,14.00,-1.63,5.42,-0.93,377.00,219.00,,
2023/06/01,58,GLH,36.49,264.3,269.0,254.1,268.8,268.80,0.0,0.0,260.17,"12,365.00",259.20,"3,216,986.00",136,9.6,14.90,3.7,5.86,3.21,377.00,219.00,,
2023/06/04,57,GLH,41.07,274.1,290.0,264.0,276.0,276.00,0.0,0.0,277.15,"5,910.00",268.80,"1,637,969.00",90,7.20,26.0,2.68,9.85,-0.42,377.00,219.00,,
2023/06/05,59,GLH,55.71,278.0,280.0,262.0,274.2,274.20,0.0,0.0,269.55,"17,647.00",276.00,"4,756,810.00",181,-1.8,18.00,-0.65,6.87,1.69,377.00,219.00,,
2023/06/06,57,GLH,51.22,278.0,278.0,264.0,274.0,274.00,0.0,0.0,271.72,"10,383.00",274.20,"2,821,223.80",123,-0.2,14.00,-0.07,5.3,0.83,377.00,219.00,,
2023/06/07,53,GLH,41.7,277.4,282.9,270.0,272.0,272.00,0.0,0.0,276.92,"11,636.00",274.00,"3,222,252.00",121,-2.0,12.9,-0.73,4.78,-1.81,377.00,219.00,,
2023/06/08,60,GLH,32.14,275.9,276.0,267.0,273.9,273.90,0.0,0.0,272.30,"5,925.00",272.00,"1,613,379.00",72,1.9,9.0,0.7,3.37,0.58,377.00,219.00,,
2023/04/20,57,GLH,38.25,277.1,281.0,275.0,279.5,279.50,0.0,0.0,277.02,"3,896.00",282.50,"1,079,260.90",76,-3.0,6.00,-1.06,2.18,0.89,425.00,219.00,,
2023/04/23,55,GLH,31.79,277.0,290.0,272.3,277.0,277.00,0.0,0.0,274.98,"4,420.00",279.50,"1,215,425.40",77,-2.5,17.7,-0.89,6.5,0.73,425.00,219.00,,
2023/04/24,59,GLH,34.44,272.0,276.0,267.0,276.0,276.00,0.0,0.0,273.51,"3,432.00",277.00,"938,695.00",67,-1.0,9.0,-0.36,3.37,0.9,425.00,219.00,,
2023/04/25,53,GLH,31.03,271.2,280.0,271.2,276.0,276.00,0.0,0.0,276.63,"1,530.00",276.00,"423,238.00",57,0.0,8.8,0.0,3.24,-0.23,423.00,219.00,,
2023/04/26,55,GLH,34.63,271.0,276.0,271.0,272.0,272.00,0.0,0.0,273.40,"3,203.00",276.00,"875,698.00",52,-4.0,5.0,-1.45,1.85,-0.51,423.00,219.00,,
2023/04/27,56,GLH,32.8,270.0,273.0,270.0,273.0,273.00,0.0,0.0,271.63,"2,252.00",272.00,"611,712.00",59,1.00,3.0,0.37,1.11,0.5,423.00,219.00,,
2023/04/30,59,GLH,30.18,269.0,273.0,257.1,266.0,266.00,0.0,0.0,266.02,"5,415.00",273.00,"1,440,509.00",87,-7.0,15.9,-2.56,6.18,-0.01,423.00,219.00,,
2023/05/02,59,GLH,25.55,263.0,266.0,261.3,261.3,261.30,0.0,0.0,263.05,"1,990.00",266.00,"523,475.00",56,-4.7,4.7,-1.77,1.8,-0.67,423.00,219.00,,
2023/05/03,55,GLH,31.29,260.0,262.0,255.0,260.0,260.00,0.0,0.0,258.62,"5,349.00",261.30,"1,383,373.50",66,-1.3,7.0,-0.5,2.75,0.53,423.00,219.00,,
2023/05/04,59,GLH,42.9,255.1,276.7,255.1,275.0,275.00,0.0,0.0,262.58,"3,860.00",260.00,"1,013,541.00",54,15.0,21.6,5.77,8.47,4.52,423.00,219.00,,
2023/05/07,58,GLH,37.24,275.0,275.0,260.0,264.9,264.90,0.0,0.0,265.83,"4,907.00",275.00,"1,304,446.30",65,-10.1,15.0,-3.67,5.77,-0.35,423.00,219.00,,
2023/05/08,59,GLH,35.81,264.9,264.9,255.3,259.0,259.00,0.0,0.0,257.64,"5,475.00",264.90,"1,410,562.40",85,-5.9,9.60,-2.23,3.76,0.53,423.00,219.00,,
2023/05/09,57,GLH,42.21,256.0,269.0,256.0,263.9,263.90,0.0,0.0,261.22,"3,031.00",259.00,"791,748.00",65,4.9,13.0,1.89,5.08,1.02,423.00,219.00,,
2023/05/10,56,GLH,24.21,261.0,264.1,258.2,260.0,260.00,0.0,0.0,260.13,"3,170.00",263.90,"824,598.00",50,-3.9,5.9,-1.48,2.29,-0.05,423.00,219.00,,
2023/05/11,56,GLH,31.92,256.5,258.1,255.1,258.0,258.00,0.0,0.0,257.51,"1,220.00",260.00,"314,163.00",43,-2.0,3.0,-0.77,1.18,0.19,423.00,219.00,,
2023/05/14,57,GLH,32.07,262.0,263.1,250.1,253.0,253.00,0.0,0.0,254.50,"5,230.00",258.00,"1,331,047.20",67,-5.0,13.0,-1.94,5.2,-0.59,399.90,219.00,,
2023/06/11,62,GLH,54.29,273.0,285.0,273.0,285.0,285.00,0.0,0.0,281.53,"19,492.00",273.90,"5,487,571.00",186,11.10,12.00,4.05,4.4,1.22,377.00,219.00,,
2023/07/05,60,GLH,38.73,255.0,258.0,244.0,250.0,250.00,0.0,0.0,249.09,"11,735.00",257.00,"2,923,092.40",116,-7.0,14.00,-2.72,5.74,0.36,377.00,219.00,,
2023/07/30,56,GLH,37.05,253.0,257.0,249.0,252.0,252.00,0.0,0.0,251.31,"4,137.00",256.90,"1,039,658.50",84,-4.9,8.00,-1.91,3.21,0.27,370.00,219.00,,
2023/08/22,60,GLH,43.66,216.7,224.4,213.0,224.4,224.40,0.0,0.0,220.82,"3,220.00",221.00,"711,046.00",82,3.4,11.4,1.54,5.35,1.59,370.00,213.00,,
2023/09/19,61,GLH,58.26,210.7,230.0,210.0,229.0,229.00,0.0,0.0,220.20,"15,757.00",215.00,"3,469,621.60",129,14.0,20.0,6.51,9.52,3.84,370.00,201.00,,
2023/10/17,63,GLH,41.08,214.2,220.9,208.0,213.0,213.00,0.0,0.0,211.86,"3,980.00",210.00,"843,213.50",71,3.0,12.9,1.43,6.2,0.53,370.00,201.00,,
2023/11/26,64,GLH,55.73,202.0,216.0,202.0,214.8,214.80,0.0,0.0,211.01,"3,486.00",205.00,"735,582.00",97,9.80,14.00,4.78,6.93,1.76,370.00,194.60,,
2023/12/19,69,GLH,57.91,247.6,247.6,231.2,241.0,241.00,0.0,0.0,242.11,"15,448.00",242.80,"3,740,079.40",168,-1.8,16.40,-0.74,7.09,-0.46,370.00,194.60,,
2024/01/17,66,GLH,58.57,279.0,280.0,257.0,261.9,261.90,0.0,0.0,267.61,"35,214.00",277.00,"9,423,779.60",318,-15.1,23.0,-5.45,8.95,-2.18,370.00,194.60,,
2024/02/11,67,GLH,50.93,253.0,265.0,249.7,251.3,251.30,0.0,0.0,257.48,"25,803.00",253.50,"6,643,872.90",249,-2.20,15.30,-0.87,6.13,-2.46,332.30,194.60,,
2024/03/06,68,GLH,54.74,217.4,220.0,210.2,213.0,213.00,0.0,0.0,213.86,"50,991.00",213.20,"10,904,800.50",208,-0.2,9.80,-0.09,4.66,-0.4,319.00,194.60,,
2024/04/02,66,GLH,34.61,214.0,222.0,214.0,216.9,216.90,0.0,0.0,216.44,"10,200.00",217.60,"2,207,711.50",129,-0.7,8.0,-0.32,3.74,0.21,318.00,194.60,,
2024/05/02,68,GLH,45.47,213.0,213.0,201.9,205.0,205.00,0.0,0.0,205.29,"10,982.00",209.80,"2,254,533.90",105,-4.8,11.1,-2.29,5.5,-0.14,318.00,194.60,,
2024/05/29,65,GLH,44.07,211.0,215.0,202.9,209.0,209.00,0.0,0.0,208.06,"18,558.00",211.40,"3,861,127.00",131,-2.40,12.10,-1.14,5.96,0.45,293.70,194.60,,
2024/06/24,69,GLH,37.13,219.3,219.3,209.0,212.1,212.10,0.0,0.0,211.49,"71,223.00",215.00,"15,063,163.00",276,-2.9,10.30,-1.35,4.93,0.29,289.00,194.60,,
2023/03/28,56,GLH,34.5,293.0,298.0,290.1,295.0,295.00,0.0,0.0,295.29,"5,411.00",293.00,"1,597,819.60",93,2.0,7.9,0.68,2.72,-0.1,480.00,219.00,,
2023/03/29,57,GLH,33.66,289.1,297.8,289.1,297.8,297.80,0.0,0.0,293.04,"6,477.00",295.00,"1,898,038.20",68,2.8,8.7,0.95,3.01,1.6,474.90,219.00,,
2023/03/30,54,GLH,39.59,292.1,298.0,290.1,293.0,293.00,0.0,0.0,292.69,"4,171.00",297.80,"1,220,793.30",91,-4.8,7.9,-1.61,2.72,0.11,474.90,219.00,,
2023/04/02,69,GLH,42.47,261.0,277.5,258.7,272.5,272.50,0.0,0.0,271.52,"211,469.00",258.00,"57,417,598.80",790,14.5,18.8,5.62,7.27,0.36,306.30,223.80,263.78,260.53
2023/04/03,56,GLH,28.23,281.0,283.9,277.6,282.0,282.00,0.0,0.0,279.66,"6,486.00",283.90,"1,813,899.00",93,-1.9,6.3,-0.67,2.27,0.83,467.00,219.00,,
2023/04/04,58,GLH,26.98,282.0,285.2,277.0,283.0,283.00,0.0,0.0,280.73,"7,049.00",282.00,"1,978,849.70",86,1.0,8.2,0.35,2.96,0.8,455.00,219.00,,
2023/04/05,55,GLH,25.08,282.0,287.5,277.8,286.0,286.00,0.0,0.0,282.66,"4,781.00",283.00,"1,351,417.80",74,3.0,9.7,1.06,3.49,1.17,455.00,219.00,,
2023/04/06,57,GLH,28.71,282.0,285.0,278.0,278.0,278.00,0.0,0.0,279.86,"3,529.00",286.00,"987,637.00",63,-8.0,7.0,-2.8,2.52,-0.67,450.00,219.00,,
2023/04/09,60,GLH,31.12,274.0,277.0,267.1,270.0,270.00,0.0,0.0,271.54,"7,188.00",278.00,"1,951,859.00",107,-8.0,9.9,-2.88,3.71,-0.57,450.00,219.00,,
2023/04/10,56,GLH,24.1,265.0,279.8,265.0,273.0,273.00,0.0,0.0,270.40,"2,888.00",270.00,"780,915.90",63,3.0,14.8,1.11,5.58,0.95,450.00,219.00,,
2023/04/11,56,GLH,30.17,273.0,277.0,268.3,276.7,276.70,0.0,0.0,273.16,"3,525.00",273.00,"962,893.50",76,3.70,8.70,1.36,3.24,1.28,450.00,219.00,,
2023/04/12,57,GLH,51.88,282.2,295.0,280.0,295.0,295.00,0.0,0.0,287.73,"9,664.00",276.70,"2,780,654.00",114,18.30,15.00,6.61,5.36,2.46,429.00,219.00,,
2023/04/13,69,GLH,42.47,261.0,277.5,258.7,272.5,272.50,0.0,0.0,271.52,"211,469.00",258.00,"57,417,598.80",790,14.5,18.8,5.62,7.27,0.36,306.30,223.80,263.78,260.53
2023/04/16,57,GLH,43.84,283.0,287.6,277.0,283.0,283.00,0.0,0.0,280.77,"6,750.00",286.00,"1,895,213.80",89,-3.0,10.6,-1.05,3.83,0.79,425.00,219.00,,
2023/04/17,54,GLH,41.86,283.0,285.0,278.1,282.3,282.30,0.0,0.0,281.57,"4,367.00",283.00,"1,229,615.10",70,-0.7,6.9,-0.25,2.48,0.26,425.00,219.00,,
2023/04/18,57,GLH,28.26,280.0,283.0,277.2,280.0,280.00,0.0,0.0,278.82,"2,462.00",282.30,"686,451.10",57,-2.3,5.8,-0.81,2.09,0.42,425.00,219.00,,
2023/02/28,57,GLH,36.39,323.9,324.0,312.0,320.0,320.00,0.0,0.0,317.69,"6,561.00",318.00,"2,084,352.00",115,2.0,12.0,0.63,3.85,0.72,511.00,219.00,,
2023/03/01,59,GLH,35.92,314.1,314.2,305.0,305.0,305.00,0.0,0.0,308.54,"11,911.00",320.00,"3,675,043.20",104,-15.00,9.20,-4.69,3.02,-1.16,511.00,219.00,,
2023/03/02,59,GLH,22.39,300.0,305.0,297.0,300.0,300.00,0.0,0.0,300.57,"9,459.00",305.00,"2,843,096.30",109,-5.0,8.0,-1.64,2.69,-0.19,511.00,219.00,,
2023/03/05,59,GLH,26.64,296.1,306.0,288.0,290.0,290.00,0.0,0.0,292.08,"15,400.00",300.00,"4,497,985.40",151,-10.0,18.0,-3.33,6.25,-0.72,511.00,219.00,,
2023/03/07,58,GLH,25.14,290.0,300.0,287.1,295.0,295.00,0.0,0.0,294.76,"7,101.00",290.00,"2,093,093.20",94,5.0,12.9,1.72,4.49,0.08,511.00,219.00,,
2023/03/09,58,GLH,45.45,300.9,308.0,296.1,308.0,308.00,0.0,0.0,303.89,"18,416.00",295.00,"5,596,444.00",162,13.0,11.9,4.41,4.02,1.33,511.00,219.00,,
2023/03/12,58,GLH,42.89,301.9,319.0,301.9,303.0,303.00,0.0,0.0,306.45,"22,202.00",308.00,"6,803,868.40",158,-5.0,17.1,-1.62,5.66,-1.14,511.00,219.00,,
2023/03/13,56,GLH,35.98,298.0,305.9,296.0,298.0,298.00,0.0,0.0,299.63,"5,212.00",303.00,"1,561,685.50",88,-5.0,9.9,-1.65,3.34,-0.55,511.00,219.00,,
2023/03/14,58,GLH,38.06,295.0,304.9,295.0,302.0,302.00,0.0,0.0,300.76,"5,690.00",298.00,"1,711,348.50",85,4.0,9.9,1.34,3.36,0.41,511.00,219.00,,
2023/03/15,69,GLH,42.47,261.0,277.5,258.7,272.5,272.50,0.0,0.0,271.52,"211,469.00",258.00,"57,417,598.80",790,14.5,18.8,5.62,7.27,0.36,306.30,223.80,263.78,260.53
2023/03/16,56,GLH,34.56,293.6,305.0,293.6,294.0,294.00,0.0,0.0,298.43,"14,104.00",298.00,"4,209,114.20",101,-4.0,11.4,-1.34,3.88,-1.51,511.00,219.00,,
2023/03/19,55,GLH,33.22,299.0,303.0,295.0,298.0,298.00,0.0,0.0,299.14,"7,948.00",294.00,"2,377,583.00",113,4.0,8.0,1.36,2.71,-0.38,511.00,219.00,,
2023/03/20,56,GLH,41.06,294.3,306.0,294.3,305.5,305.50,0.0,0.0,303.36,"6,264.00",298.00,"1,900,218.90",89,7.5,11.7,2.52,3.98,0.7,511.00,219.00,,
2023/03/22,57,GLH,43.4,310.0,311.0,295.0,299.9,299.90,0.0,0.0,301.33,"15,130.00",305.50,"4,559,079.60",112,-5.6,16.0,-1.83,5.42,-0.48,511.00,219.00,,
2023/03/23,57,GLH,38.95,294.0,304.0,290.2,298.0,298.00,0.0,0.0,293.81,"5,716.00",299.90,"1,679,410.40",80,-1.9,13.8,-0.63,4.76,1.41,511.00,219.00,,
2023/03/26,56,GLH,27.07,292.5,298.0,285.0,287.0,287.00,0.0,0.0,290.18,"18,148.00",298.00,"5,266,232.00",153,-11.0,13.0,-3.69,4.56,-1.11,490.60,219.00,,
2023/02/01,55,GLH,44.49,325.0,339.6,325.0,334.9,334.90,0.0,0.0,332.64,"37,581.00",327.00,"12,501,062.60",224,7.9,14.6,2.42,4.49,0.67,524.00,219.00,,
2023/02/02,57,GLH,40.52,328.4,350.0,317.0,323.9,323.90,0.0,0.0,324.80,"28,505.00",334.90,"9,258,530.10",257,-11.0,33.0,-3.28,10.41,-0.28,524.00,219.00,,
2023/02/03,69,GLH,42.47,261.0,277.5,258.7,272.5,272.50,0.0,0.0,271.52,"211,469.00",258.00,"57,417,598.80",790,14.5,18.8,5.62,7.27,0.36,306.30,223.80,263.78,260.53
2023/02/05,60,GLH,37.51,318.1,336.0,315.1,320.0,320.00,0.0,0.0,322.65,"16,005.00",323.90,"5,164,080.50",156,-3.9,20.9,-1.2,6.63,-0.83,522.70,219.00,,
2023/02/06,58,GLH,36.33,320.0,324.0,317.7,323.9,323.90,0.0,0.0,319.69,"6,515.00",320.00,"2,082,783.00",142,3.9,6.3,1.22,1.98,1.3,522.70,219.00,,
2023/02/07,58,GLH,47.36,319.0,345.6,319.0,343.0,343.00,0.0,0.0,338.50,"96,021.00",323.90,"32,502,745.90",345,19.1,26.6,5.9,8.34,1.31,522.70,219.00,,
2023/02/08,57,GLH,50.96,349.0,349.9,333.1,334.5,334.50,0.0,0.0,341.73,"41,342.00",343.00,"14,127,792.80",242,-8.5,16.8,-2.48,5.04,-2.16,522.70,219.00,,
2023/02/09,56,GLH,50.31,328.0,340.9,328.0,339.0,339.00,0.0,0.0,331.66,"30,565.00",334.50,"10,137,268.60",154,4.5,12.9,1.35,3.93,2.16,511.00,219.00,,
2023/02/12,56,GLH,28.68,332.3,332.3,318.0,318.0,318.00,0.0,0.0,320.89,"34,811.00",339.00,"11,170,351.70",202,-21.0,14.3,-6.19,4.5,-0.91,511.00,219.00,,
2023/02/14,59,GLH,33.95,315.0,320.0,310.0,319.0,319.00,0.0,0.0,314.96,"15,203.00",318.00,"4,788,342.00",143,1.00,10.0,0.31,3.23,1.27,511.00,219.00,,
2023/02/15,61,GLH,34.81,314.0,320.0,307.0,311.0,311.00,0.0,0.0,312.64,"13,125.00",319.00,"4,103,362.00",162,-8.00,13.00,-2.51,4.23,-0.53,511.00,219.00,,
2023/02/16,57,GLH,26.83,306.7,313.0,299.0,303.0,303.00,0.0,0.0,304.05,"16,389.00",311.00,"4,983,077.40",195,-8.00,14.00,-2.57,4.68,-0.35,511.00,219.00,,
2023/02/20,57,GLH,28.61,300.0,307.9,300.0,301.0,301.00,0.0,0.0,302.84,"107,657.00",303.00,"32,602,910.30",188,-2.0,7.9,-0.66,2.63,-0.61,511.00,219.00,,
2023/02/22,64,GLH,24.66,300.0,322.0,300.0,317.9,317.90,0.0,0.0,315.32,"17,332.00",301.00,"5,465,169.20",203,16.9,22.0,5.61,7.33,0.81,511.00,219.00,,
2023/02/23,59,GLH,19.82,311.7,311.7,302.2,309.5,309.50,0.0,0.0,306.69,"13,237.00",317.90,"4,059,675.00",133,-8.4,9.5,-2.64,3.14,0.91,511.00,219.00,,
2023/02/26,59,GLH,48.28,304.0,330.0,294.0,330.0,330.00,0.0,0.0,306.41,"24,345.00",309.50,"7,459,508.40",199,20.5,36.0,6.62,12.24,7.15,511.00,219.00,,
2023/01/03,61,GLH,57.28,274.5,278.9,265.3,268.0,268.00,0.0,0.0,271.38,"9,518.00",275.00,"2,583,026.50",87,-7.0,13.6,-2.55,5.13,-1.26,527.30,219.00,,
2023/01/04,61,GLH,52.86,265.6,293.0,265.6,282.1,282.10,0.0,0.0,276.51,"12,573.00",268.00,"3,476,580.00",114,14.1,27.4,5.26,10.32,1.98,527.30,219.00,,
2023/01/05,60,GLH,58.67,285.0,293.4,276.6,287.9,287.90,0.0,0.0,281.65,"20,984.00",282.10,"5,910,213.10",144,5.8,16.8,2.06,6.07,2.17,527.30,219.00,,
2023/01/08,63,GLH,57.54,290.0,305.0,278.0,299.0,299.00,0.0,0.0,295.15,"43,906.00",287.90,"12,958,785.90",238,11.10,27.00,3.86,9.71,1.29,527.30,219.00,,
2023/01/09,58,GLH,62.35,295.0,328.0,293.1,321.0,321.00,0.0,0.0,313.42,"34,113.00",299.00,"10,691,748.40",194,22.0,34.9,7.36,11.91,2.36,527.30,219.00,,
2023/01/10,58,GLH,61.35,322.0,331.0,298.0,304.0,304.00,0.0,0.0,318.39,"47,989.00",321.00,"15,279,451.50",287,-17.0,33.0,-5.3,11.07,-4.74,527.30,219.00,,
2023/01/12,59,GLH,54.22,310.0,316.2,282.3,294.0,294.00,0.0,0.0,296.14,"26,126.00",304.00,"7,737,027.60",200,-10.0,33.9,-3.29,12.01,-0.73,527.30,219.00,,
2023/01/17,58,GLH,52.89,299.8,311.0,285.3,309.0,309.00,0.0,0.0,304.07,"17,386.00",294.00,"5,286,541.00",205,15.0,25.7,5.1,9.01,1.6,527.30,219.00,,
2023/01/18,58,GLH,51.14,315.0,325.3,303.9,309.0,309.00,0.0,0.0,314.52,"28,941.00",309.00,"9,102,501.10",204,0.0,21.4,0.0,7.04,-1.79,526.00,219.00,,
2023/01/19,57,GLH,52.55,310.0,314.9,304.0,312.0,312.00,0.0,0.0,308.47,"18,015.00",309.00,"5,557,103.40",164,3.0,10.9,0.97,3.59,1.13,524.00,219.00,,
2023/01/23,59,GLH,48.99,312.0,315.0,300.0,310.0,310.00,0.0,0.0,305.55,"9,731.00",312.00,"2,973,341.60",195,-2.0,15.0,-0.64,5.0,1.43,524.00,219.00,,
2023/01/24,59,GLH,46.11,305.0,308.0,295.5,308.0,308.00,0.0,0.0,301.69,"9,429.00",310.00,"2,844,651.50",148,-2.0,12.5,-0.65,4.23,2.05,524.00,219.00,,
2023/01/25,58,GLH,59.3,303.1,338.8,303.1,338.8,338.80,0.0,0.0,331.64,"252,308.00",308.00,"83,676,023.40",416,30.8,35.7,10.0,11.78,2.11,524.00,219.00,,
2023/01/26,55,GLH,57.35,345.5,370.0,345.5,355.0,355.00,0.0,0.0,359.46,"68,826.00",338.80,"24,739,882.00",475,16.2,24.5,4.78,7.09,-1.26,524.00,219.00,,
2023/01/29,59,GLH,52.93,347.9,356.0,335.0,337.0,337.00,0.0,0.0,344.22,"39,336.00",355.00,"13,540,364.30",282,-18.0,21.0,-5.07,6.27,-2.14,524.00,219.00,,
2023/01/30,58,GLH,52.6,339.0,339.0,321.5,329.8,329.80,0.0,0.0,327.75,"60,441.00",337.00,"19,809,678.50",323,-7.2,17.5,-2.14,5.44,0.62,524.00,219.00,,
2022/12/07,53,GLH,24.33,248.8,258.7,235.4,241.0,241.00,0.0,0.0,240.28,"3,023.00",244.00,"726,379.50",51,-3.0,23.3,-1.23,9.9,0.3,527.30,219.00,,
2022/12/11,57,GLH,29.29,236.8,244.0,233.4,240.7,240.70,0.0,0.0,237.38,"2,540.00",241.00,"602,951.10",87,-0.3,10.6,-0.12,4.54,1.38,527.30,219.00,,
2022/12/12,57,GLH,30.8,236.0,243.0,235.0,243.0,243.00,0.0,0.0,239.13,"3,336.00",240.70,"797,737.00",51,2.3,8.0,0.96,3.4,1.59,527.30,219.00,,
2022/12/13,56,GLH,25.73,243.0,243.0,233.5,240.0,240.00,0.0,0.0,236.42,864.00,243.00,"204,270.60",34,-3.0,9.5,-1.23,4.07,1.49,527.30,219.00,,
2022/12/14,58,GLH,29.04,235.2,242.9,231.3,239.0,239.00,0.0,0.0,234.27,"3,296.00",240.00,"772,147.50",54,-1.0,11.6,-0.42,5.02,1.98,527.30,219.00,,
2022/12/15,59,GLH,28.16,235.0,235.0,230.0,234.0,234.00,0.0,0.0,230.75,"3,390.00",239.00,"782,257.40",46,-5.0,5.0,-2.09,2.17,1.39,527.30,219.00,,
2022/12/18,59,GLH,30.22,229.4,235.2,225.1,230.0,230.00,0.0,0.0,231.78,"6,898.00",234.00,"1,598,811.50",63,-4.0,10.1,-1.71,4.49,-0.77,527.30,219.00,,
2022/12/19,59,GLH,32.63,226.2,232.0,225.7,231.5,231.50,0.0,0.0,226.75,"11,253.00",230.00,"2,551,668.00",65,1.5,6.3,0.65,2.79,2.05,527.30,219.00,,
2022/12/20,59,GLH,27.66,228.0,234.9,227.0,231.0,231.00,0.0,0.0,231.06,"2,047.00",231.50,"472,982.50",65,-0.5,7.9,-0.22,3.48,-0.03,527.30,219.00,,
2022/12/21,59,GLH,33.04,226.4,231.5,226.4,231.5,231.50,0.0,0.0,229.22,"1,355.00",231.00,"310,589.80",49,0.5,5.1,0.22,2.25,0.99,527.30,219.00,,
2022/12/22,58,GLH,42.5,227.0,234.0,222.5,234.0,234.00,0.0,0.0,225.06,"2,386.00",231.50,"537,003.50",57,2.5,11.5,1.08,5.17,3.82,527.30,219.00,,
2022/12/26,57,GLH,50.14,237.6,247.8,230.3,244.9,244.90,0.0,0.0,239.49,"9,159.00",234.00,"2,193,528.30",99,10.9,17.5,4.66,7.6,2.21,527.30,219.00,,
2022/12/27,60,GLH,53.1,249.7,264.0,248.0,254.0,254.00,0.0,0.0,252.96,"8,721.00",244.90,"2,206,087.00",122,9.1,16.00,3.72,6.45,0.41,527.30,219.00,,
2022/12/28,69,GLH,42.47,261.0,277.5,258.7,272.5,272.50,0.0,0.0,271.52,"211,469.00",258.00,"57,417,598.80",790,14.5,18.8,5.62,7.27,0.36,306.30,223.80,263.78,260.53
2022/12/29,60,GLH,56.05,244.0,267.0,240.0,267.0,267.00,0.0,0.0,256.37,"22,570.00",245.10,"5,786,237.10",140,21.9,27.0,8.94,11.25,3.98,527.30,219.00,,
2023/01/01,63,GLH,56.13,268.0,278.0,259.7,266.0,266.00,0.0,0.0,269.19,"18,120.00",267.00,"4,877,705.50",176,-1.0,18.30,-0.37,7.05,-1.2,527.30,219.00,,
2022/11/13,52,GLH,27.16,232.9,237.0,227.1,230.0,230.00,0.0,0.0,230.25,645.00,237.60,"148,513.00",33,-7.6,9.9,-3.2,4.36,-0.11,527.30,219.00,,
2022/11/14,50,GLH,30.63,225.8,233.0,225.8,230.0,230.00,0.0,0.0,227.61,"2,107.00",230.00,"479,571.00",45,0.0,7.2,0.0,3.19,1.04,527.30,219.00,,
2022/11/15,52,GLH,35.16,226.0,238.6,226.0,231.8,231.80,0.0,0.0,231.60,"2,415.00",230.00,"559,325.50",53,1.8,12.6,0.78,5.58,0.08,527.30,219.00,,
2022/11/16,49,GLH,33.15,227.2,236.0,225.0,233.0,233.00,0.0,0.0,231.09,"3,097.00",231.80,"715,682.00",45,1.2,11.0,0.52,4.89,0.82,527.30,219.00,,
2022/11/17,49,GLH,48.98,233.0,241.0,231.0,240.0,240.00,0.0,0.0,237.99,"7,610.00",233.00,"1,811,091.00",82,7.0,10.00,3.0,4.33,0.84,527.30,219.00,,
2022/11/19,69,GLH,42.47,261.0,277.5,258.7,272.5,272.50,0.0,0.0,271.52,"211,469.00",258.00,"57,417,598.80",790,14.5,18.8,5.62,7.27,0.36,306.30,223.80,263.78,260.53
2022/11/22,52,GLH,45.42,240.0,243.0,232.0,240.0,240.00,0.0,0.0,238.63,"1,728.00",240.00,"412,358.80",44,0.00,11.0,0.0,4.74,0.57,527.30,219.00,,
2022/11/23,51,GLH,50.4,236.0,239.0,230.6,239.0,239.00,0.0,0.0,233.62,"5,180.00",240.00,"1,210,143.50",50,-1.0,8.4,-0.42,3.64,2.25,527.30,219.00,,
2022/11/24,50,GLH,46.11,234.3,238.0,231.1,236.0,236.00,0.0,0.0,234.59,"2,030.00",239.00,"476,223.50",48,-3.0,6.9,-1.26,2.99,0.6,527.30,219.00,,
2022/11/27,52,GLH,51.25,231.3,258.0,231.3,251.5,251.50,0.0,0.0,240.70,"7,082.00",236.00,"1,704,655.20",99,15.5,26.7,6.57,11.54,4.29,527.30,219.00,,
2022/11/28,53,GLH,45.37,256.0,256.0,241.0,242.5,242.50,0.0,0.0,245.22,"4,621.00",251.50,"1,133,156.50",55,-9.0,15.0,-3.58,6.22,-1.12,527.30,219.00,,
2022/11/29,51,GLH,36.3,240.0,245.0,235.0,240.0,240.00,0.0,0.0,239.55,"1,055.00",242.50,"252,727.00",37,-2.5,10.0,-1.03,4.26,0.19,527.30,219.00,,
2022/11/30,51,GLH,51.06,244.8,264.0,233.1,250.0,250.00,0.0,0.0,245.49,"9,816.00",240.00,"2,409,762.90",98,10.0,30.9,4.17,13.26,1.8,527.30,219.00,,
2022/12/01,56,GLH,40.27,248.0,257.0,243.1,253.0,253.00,0.0,0.0,253.16,"6,638.00",250.00,"1,680,454.50",97,3.0,13.9,1.2,5.72,-0.06,527.30,219.00,,
2022/12/04,55,GLH,46.5,248.0,261.9,243.0,253.0,253.00,0.0,0.0,249.57,"4,961.00",253.00,"1,238,139.20",90,0.0,18.9,0.0,7.78,1.35,527.30,219.00,,
2022/12/05,52,GLH,53.39,258.0,273.0,243.1,248.0,248.00,0.0,0.0,246.77,"5,940.00",253.00,"1,465,800.00",69,-5.0,29.9,-1.98,12.3,0.5,527.30,219.00,,
2022/10/11,52,GLH,33.61,242.1,243.0,237.3,241.0,241.00,0.0,0.0,240.13,786.00,247.00,"188,742.00",20,-6.0,5.7,-2.43,2.4,0.36,582.00,235.30,,
2022/10/12,50,GLH,34.61,240.0,244.0,236.5,243.9,243.90,0.0,0.0,241.86,"1,120.00",241.00,"270,888.00",43,2.9,7.5,1.2,3.17,0.83,582.00,235.30,,
2022/10/13,49,GLH,36.81,244.5,246.0,237.5,243.0,243.00,0.0,0.0,241.73,"2,045.00",243.90,"494,330.00",43,-0.9,8.5,-0.37,3.58,0.52,582.00,235.30,,
2022/10/16,49,GLH,37.38,240.0,241.0,235.2,238.0,238.00,0.0,0.0,236.90,"4,932.00",243.00,"1,168,392.00",62,-5.00,5.8,-2.06,2.47,0.46,582.00,235.20,,
2022/10/17,49,GLH,35.52,234.8,238.0,230.7,235.0,235.00,0.0,0.0,232.11,"2,131.00",238.00,"494,630.20",41,-3.0,7.3,-1.26,3.16,1.23,582.00,230.70,,
2022/10/19,47,GLH,34.14,231.0,231.0,223.0,228.0,228.00,0.0,0.0,227.67,"3,778.00",235.00,"860,130.10",68,-7.0,8.0,-2.98,3.59,0.15,582.00,223.00,,
2022/10/20,49,GLH,30.9,223.7,231.0,223.7,231.0,231.00,0.0,0.0,224.80,825.00,228.00,"185,459.00",27,3.0,7.3,1.32,3.26,2.68,582.00,223.00,,
2022/10/23,50,GLH,33.99,227.0,234.0,220.1,227.0,227.00,0.0,0.0,226.96,"1,800.00",231.00,"408,525.00",36,-4.0,13.9,-1.73,6.32,0.02,582.00,220.10,,
2022/10/31,50,GLH,38.63,222.6,229.0,219.0,229.0,229.00,0.0,0.0,223.20,"3,159.00",227.00,"705,075.00",34,2.0,10.0,0.88,4.57,2.53,582.00,219.00,,
2022/11/01,51,GLH,49.33,225.0,247.6,222.0,239.0,239.00,0.0,0.0,234.23,"4,701.00",229.00,"1,101,118.00",71,10.0,25.6,4.37,11.53,2.0,582.00,219.00,,
2022/11/02,52,GLH,53.26,236.0,257.0,235.0,251.9,251.90,0.0,0.0,240.71,"7,976.00",239.00,"1,919,908.60",62,12.9,22.0,5.4,9.36,4.44,550.00,219.00,,
2022/11/03,49,GLH,46.23,247.0,247.0,240.1,246.0,246.00,0.0,0.0,242.48,985.00,251.90,"238,841.50",44,-5.90,6.90,-2.34,2.87,1.43,550.00,219.00,,
2022/11/06,51,GLH,48.68,244.0,257.0,239.2,254.0,254.00,0.0,0.0,249.16,"3,174.00",246.00,"790,839.00",73,8.0,17.8,3.25,7.44,1.9,540.00,219.00,,
2022/11/07,51,GLH,54.24,257.0,265.0,243.0,249.0,249.00,0.0,0.0,254.39,"9,449.00",254.00,"2,403,686.40",113,-5.0,22.0,-1.97,9.05,-2.16,540.00,219.00,,
2022/11/08,50,GLH,34.31,245.0,250.0,242.0,250.0,250.00,0.0,0.0,244.03,"3,525.00",249.00,"860,217.30",70,1.0,8.0,0.4,3.31,2.39,540.00,219.00,,
2022/11/09,49,GLH,33.58,245.0,245.0,237.5,239.0,239.00,0.0,0.0,239.96,"2,707.00",250.00,"649,566.50",47,-11.0,7.5,-4.4,3.16,-0.4,527.30,219.00,,
2022/09/08,45,GLH,34.71,282.0,286.8,276.4,280.3,280.30,0.0,0.0,280.92,"3,475.00",282.00,"976,212.00",76,-1.7,10.4,-0.6,3.76,-0.22,591.60,269.10,,
2022/09/11,46,GLH,33.09,280.0,280.5,275.0,280.0,280.00,0.0,0.0,276.57,"4,426.00",280.30,"1,224,109.50",84,-0.3,5.5,-0.11,2.0,1.22,591.60,269.10,,
2022/09/12,44,GLH,39.22,274.4,279.9,269.0,279.9,279.90,0.0,0.0,272.05,"9,705.00",280.00,"2,640,213.70",107,-0.1,10.9,-0.04,4.05,2.81,591.60,269.00,,
2022/09/13,48,GLH,35.91,274.6,281.0,274.5,280.0,280.00,0.0,0.0,279.95,"3,110.00",279.90,"870,633.90",55,0.1,6.5,0.04,2.37,0.02,591.00,269.00,,
2022/09/14,46,GLH,44.83,274.4,290.0,274.4,290.0,290.00,0.0,0.0,285.92,"5,257.00",280.00,"1,503,085.30",79,10.0,15.6,3.57,5.69,1.41,582.00,269.00,,
2022/09/15,46,GLH,42.4,295.8,295.8,268.0,275.0,275.00,0.0,0.0,275.14,"9,996.00",290.00,"2,750,259.80",135,-15.0,27.8,-5.17,10.37,-0.05,582.00,268.00,,
2022/09/16,44,GLH,35.05,269.5,269.5,264.2,268.0,268.00,0.0,0.0,266.88,"4,573.00",275.00,"1,220,419.90",53,-7.0,5.3,-2.55,2.01,0.42,582.00,264.20,,
2022/09/18,48,GLH,27.74,264.0,264.0,253.0,253.0,253.00,0.0,0.0,257.17,"4,771.00",268.00,"1,226,973.80",105,-15.0,11.0,-5.6,4.35,-1.65,582.00,253.00,,
2022/09/20,49,GLH,25.26,250.0,252.0,240.0,249.6,249.60,0.0,0.0,245.09,"4,515.00",253.00,"1,106,572.80",95,-3.4,12.0,-1.34,5.0,1.81,582.00,240.00,,
2022/09/21,47,GLH,27.65,244.7,254.0,244.7,253.0,253.00,0.0,0.0,250.60,"1,618.00",249.60,"405,468.00",48,3.4,9.3,1.36,3.8,0.95,582.00,240.00,,
2022/09/22,48,GLH,30.31,248.0,256.9,240.5,256.9,256.90,0.0,0.0,244.38,"3,190.00",253.00,"779,580.50",69,3.9,16.40,1.54,6.82,4.87,582.00,240.00,,
2022/09/25,50,GLH,29.0,252.0,252.0,238.3,243.1,243.10,0.0,0.0,243.14,"2,497.00",256.90,"607,130.50",70,-13.8,13.7,-5.37,5.75,-0.02,582.00,238.30,,
2022/09/27,48,GLH,33.1,240.0,247.0,238.1,243.1,243.10,0.0,0.0,244.28,"3,151.00",243.10,"769,732.10",62,0.0,8.9,0.0,3.74,-0.49,582.00,238.10,,
2022/09/28,48,GLH,26.78,245.0,245.0,240.0,243.9,243.90,0.0,0.0,242.38,460.00,243.10,"111,493.00",22,0.8,5.0,0.33,2.08,0.62,582.00,238.10,,
2022/09/29,48,GLH,27.92,240.0,247.0,235.3,247.0,247.00,0.0,0.0,239.78,"1,440.00",243.90,"345,286.00",29,3.1,11.7,1.27,4.97,2.92,582.00,235.30,,
2022/10/09,69,GLH,42.47,261.0,277.5,258.7,272.5,272.50,0.0,0.0,271.52,"211,469.00",258.00,"57,417,598.80",790,14.5,18.8,5.62,7.27,0.36,306.30,223.80,263.78,260.53
2022/08/18,46,GLH,46.07,315.0,324.9,311.0,324.9,324.90,0.0,0.0,320.68,"11,564.00",320.00,"3,708,399.00",113,4.9,13.9,1.53,4.47,1.3,657.00,269.10,,
2022/08/21,69,GLH,42.47,261.0,277.5,258.7,272.5,272.50,0.0,0.0,271.52,"211,469.00",258.00,"57,417,598.80",790,14.5,18.8,5.62,7.27,0.36,306.30,223.80,263.78,260.53
2022/08/22,46,GLH,39.11,318.0,319.0,312.0,316.0,316.00,0.0,0.0,316.42,"4,086.00",324.00,"1,292,898.00",92,-8.0,7.0,-2.47,2.24,-0.13,591.60,269.10,,
2022/08/23,46,GLH,32.23,310.3,315.0,310.0,310.1,310.10,0.0,0.0,310.66,"3,432.00",316.00,"1,066,191.00",77,-5.9,5.0,-1.87,1.61,-0.18,591.60,269.10,,
2022/08/24,46,GLH,29.25,306.0,316.0,306.0,309.0,309.00,0.0,0.0,309.62,"2,568.00",310.10,"795,099.00",85,-1.1,10.0,-0.35,3.27,-0.2,591.60,269.10,,
2022/08/25,47,GLH,32.87,302.9,311.0,302.9,304.0,304.00,0.0,0.0,306.13,"5,334.00",309.00,"1,632,879.00",91,-5.0,8.1,-1.62,2.67,-0.7,591.60,269.10,,
2022/08/26,43,GLH,29.55,304.0,304.0,295.0,297.0,297.00,0.0,0.0,297.56,"2,769.00",304.00,"823,951.90",49,-7.0,9.0,-2.3,3.05,-0.19,591.60,269.10,,
2022/08/28,47,GLH,30.69,292.0,296.9,286.5,287.0,287.00,0.0,0.0,290.67,"4,677.00",297.00,"1,359,442.00",80,-10.0,10.4,-3.37,3.63,-1.28,591.60,269.10,,
2022/08/29,45,GLH,30.69,285.0,290.0,281.1,290.0,290.00,0.0,0.0,288.16,"4,422.00",287.00,"1,274,242.50",70,3.0,8.9,1.05,3.17,0.63,591.60,269.10,,
2022/08/30,47,GLH,30.94,290.0,291.0,284.4,285.0,285.00,0.0,0.0,286.62,"4,696.00",290.00,"1,345,963.50",52,-5.0,6.6,-1.72,2.32,-0.57,591.60,269.10,,
2022/08/31,45,GLH,30.69,285.0,287.0,279.3,279.3,279.30,0.0,0.0,280.65,"3,720.00",285.00,"1,044,011.50",50,-5.7,7.7,-2.0,2.76,-0.48,591.60,269.10,,
2022/09/01,45,GLH,34.79,274.1,284.0,274.0,280.0,280.00,0.0,0.0,277.49,"4,247.00",279.30,"1,178,499.00",67,0.7,10.0,0.25,3.65,0.9,591.60,269.10,,
2022/09/02,45,GLH,31.33,277.0,285.0,277.0,284.0,284.00,0.0,0.0,282.78,"2,145.00",280.00,"606,572.00",29,4.0,8.0,1.43,2.89,0.43,591.60,269.10,,
2022/09/04,47,GLH,35.48,282.0,290.0,282.0,286.0,286.00,0.0,0.0,285.13,"2,321.00",284.00,"661,780.00",60,2.0,8.0,0.7,2.84,0.31,591.60,269.10,,
2022/09/05,45,GLH,44.67,281.0,303.3,281.0,289.0,289.00,0.0,0.0,283.16,"7,758.00",286.00,"2,196,766.20",101,3.0,22.3,1.05,7.94,2.02,591.60,269.10,,
2022/09/06,45,GLH,44.79,283.3,287.0,276.0,286.0,286.00,0.0,0.0,280.77,"9,805.00",289.00,"2,752,909.00",82,-3.0,11.0,-1.04,3.99,1.83,591.60,269.10,,
2022/07/28,48,GLH,52.43,363.0,377.0,338.8,357.0,357.00,0.0,0.0,356.66,"20,275.00",356.00,"7,231,181.50",245,1.0,38.20,0.28,11.28,0.1,657.00,269.10,,
2022/07/29,47,GLH,42.31,350.0,355.0,342.0,349.0,349.00,0.0,0.0,347.35,"13,950.00",357.00,"4,845,546.70",110,-8.0,13.00,-2.24,3.8,0.47,657.00,269.10,,
2022/07/31,49,GLH,49.77,349.0,361.0,341.3,348.8,348.80,0.0,0.0,347.35,"19,374.00",349.00,"6,729,508.10",189,-0.2,19.7,-0.06,5.77,0.42,657.00,269.10,,
2022/08/01,49,GLH,41.03,341.9,360.0,335.0,343.7,343.70,0.0,0.0,343.36,"22,442.00",348.80,"7,705,703.90",240,-5.1,25.0,-1.46,7.46,0.1,657.00,269.10,,
2022/08/02,48,GLH,38.19,338.0,347.0,333.0,339.0,339.00,0.0,0.0,339.15,"17,454.00",343.70,"5,919,610.40",175,-4.7,14.0,-1.37,4.2,-0.05,657.00,269.10,,
2022/08/03,48,GLH,41.17,339.0,357.0,335.1,341.0,341.00,0.0,0.0,347.57,"19,843.00",339.00,"6,896,904.20",204,2.0,21.9,0.59,6.54,-1.93,657.00,269.10,,
2022/08/04,47,GLH,40.28,335.0,360.9,331.2,337.0,337.00,0.0,0.0,340.80,"27,270.00",341.00,"9,293,748.20",230,-4.0,29.7,-1.17,8.97,-1.13,657.00,269.10,,
2022/08/05,45,GLH,34.38,340.0,340.0,326.0,330.0,330.00,0.0,0.0,331.73,"11,901.00",337.00,"3,947,909.70",131,-7.0,14.0,-2.08,4.29,-0.52,657.00,269.10,,
2022/08/07,45,GLH,31.63,330.0,337.0,330.0,334.0,334.00,0.0,0.0,332.84,"10,954.00",330.00,"3,645,953.00",160,4.0,7.0,1.21,2.12,0.35,657.00,269.10,,
2022/08/08,46,GLH,39.83,334.0,351.9,323.6,335.0,335.00,0.0,0.0,342.72,"26,601.00",334.00,"9,116,766.40",235,1.00,28.30,0.3,8.75,-2.31,657.00,269.10,,
2022/08/09,46,GLH,32.14,339.0,339.0,325.0,327.0,327.00,0.0,0.0,329.97,"10,999.00",335.00,"3,629,331.50",139,-8.0,14.0,-2.39,4.31,-0.91,657.00,269.10,,
2022/08/10,46,GLH,28.39,325.0,331.9,320.0,320.0,320.00,0.0,0.0,323.44,"5,677.00",327.00,"1,836,173.00",103,-7.0,11.90,-2.14,3.72,-1.08,657.00,269.10,,
2022/08/11,49,GLH,25.98,313.6,344.3,313.6,315.0,315.00,0.0,0.0,318.77,"4,351.00",320.00,"1,386,985.20",87,-5.00,30.70,-1.56,9.79,-1.2,657.00,269.10,,
2022/08/14,47,GLH,23.17,312.0,319.0,306.0,306.0,306.00,0.0,0.0,310.59,"4,812.00",315.00,"1,494,568.00",89,-9.0,13.0,-2.86,4.25,-1.5,657.00,269.10,,
2022/08/15,45,GLH,31.54,309.0,326.0,305.5,320.0,320.00,0.0,0.0,313.27,"8,589.00",306.00,"2,690,660.00",120,14.0,20.5,4.58,6.71,2.1,657.00,269.10,,
2022/08/16,47,GLH,27.76,326.0,332.5,308.7,315.0,315.00,0.0,0.0,319.68,"8,710.00",320.00,"2,784,384.00",132,-5.00,23.80,-1.56,7.71,-1.48,657.00,269.10,,
2022/07/08,48,GLH,37.91,305.1,310.5,299.0,299.0,299.00,0.0,0.0,303.27,"1,670.00",311.00,"506,458.60",30,-12.0,11.5,-3.86,3.85,-1.43,657.00,272.40,,
2022/07/11,49,GLH,35.87,294.0,299.0,283.7,283.8,283.80,0.0,0.0,287.80,"6,470.00",299.00,"1,862,097.00",94,-15.2,15.3,-5.08,5.39,-1.41,657.00,272.40,,
2022/07/12,49,GLH,37.8,283.8,295.8,269.1,295.8,295.80,0.0,0.0,276.81,"21,727.00",283.80,"6,014,323.70",183,12.0,26.7,4.23,9.92,6.42,657.00,269.10,,
2022/07/13,49,GLH,48.35,290.0,323.0,289.1,323.0,323.00,0.0,0.0,307.93,"7,353.00",295.80,"2,264,213.50",119,27.2,33.9,9.2,11.73,4.67,657.00,269.10,,
2022/07/14,47,GLH,50.71,317.5,329.0,308.0,320.0,320.00,0.0,0.0,318.88,"8,798.00",323.00,"2,805,506.20",105,-3.0,21.00,-0.93,6.82,0.35,657.00,269.10,,
2022/07/15,48,GLH,53.8,313.6,314.0,302.0,303.0,303.00,0.0,0.0,310.19,"26,260.00",320.00,"8,145,512.40",88,-17.0,12.0,-5.31,3.97,-2.37,657.00,269.10,,
2022/07/17,45,GLH,43.67,305.0,322.0,297.0,313.9,313.90,0.0,0.0,305.53,"3,285.00",303.00,"1,003,663.00",88,10.9,25.0,3.6,8.42,2.67,657.00,269.10,,
2022/07/18,47,GLH,24.38,320.0,320.0,305.0,313.0,313.00,0.0,0.0,311.89,"1,380.00",313.90,"430,411.00",49,-0.90,15.0,-0.29,4.92,0.35,657.00,269.10,,
2022/07/19,48,GLH,28.03,311.0,320.0,305.0,311.0,311.00,0.0,0.0,312.41,"7,288.00",313.00,"2,276,845.50",117,-2.0,15.0,-0.64,4.92,-0.45,657.00,269.10,,
2022/07/20,48,GLH,52.36,304.8,317.0,304.8,309.0,309.00,0.0,0.0,314.89,"15,929.00",311.00,"5,015,932.00",79,-2.0,12.2,-0.64,4.0,-1.91,657.00,269.10,,
2022/07/21,49,GLH,27.75,315.0,315.0,305.5,312.0,312.00,0.0,0.0,311.56,"3,060.00",309.00,"953,364.00",49,3.0,9.5,0.97,3.11,0.14,657.00,269.10,,
2022/07/22,47,GLH,30.95,306.1,309.0,294.0,303.0,303.00,0.0,0.0,302.82,"6,767.00",312.00,"2,049,190.40",56,-9.0,15.0,-2.88,5.1,0.06,657.00,269.10,,
2022/07/23,69,GLH,42.47,261.0,277.5,258.7,272.5,272.50,0.0,0.0,271.52,"211,469.00",258.00,"57,417,598.80",790,14.5,18.8,5.62,7.27,0.36,306.30,223.80,263.78,260.53
2022/07/24,47,GLH,50.01,309.0,321.4,301.2,318.0,318.00,0.0,0.0,310.43,"42,033.00",303.00,"13,048,360.90",114,15.0,20.2,4.95,6.71,2.38,657.00,269.10,,
2022/07/25,48,GLH,55.21,320.0,344.1,320.0,338.0,338.00,0.0,0.0,331.83,"18,764.00",318.00,"6,226,445.40",212,20.0,24.1,6.29,7.53,1.83,657.00,269.10,,
2022/07/26,48,GLH,54.36,344.7,351.0,327.4,330.0,330.00,0.0,0.0,337.77,"51,162.00",338.00,"17,280,843.80",324,-8.0,23.6,-2.37,7.21,-2.35,657.00,269.10,,
2022/06/19,49,GLH,32.84,343.0,343.0,328.4,341.8,341.80,0.0,0.0,332.57,"5,064.00",350.00,"1,684,157.10",74,-8.2,14.60,-2.34,4.45,2.7,657.00,328.40,,
2022/06/20,48,GLH,30.53,335.0,335.0,315.2,324.0,324.00,0.0,0.0,320.96,"2,813.00",341.80,"902,847.00",68,-17.8,19.80,-5.21,6.28,0.94,657.00,315.20,,
2022/06/21,49,GLH,36.81,317.6,330.0,305.1,325.0,325.00,0.0,0.0,318.27,"5,520.00",324.00,"1,756,858.00",86,1.0,24.90,0.31,8.16,2.07,657.00,305.10,,
2022/06/22,50,GLH,32.3,329.0,329.0,305.1,319.2,319.20,0.0,0.0,310.61,"4,140.00",325.00,"1,285,936.80",74,-5.8,23.9,-1.78,7.83,2.69,657.00,305.10,,
2022/06/23,50,GLH,30.55,312.9,312.9,287.5,300.0,300.00,0.0,0.0,293.39,"3,973.00",319.20,"1,165,636.00",67,-19.2,25.4,-6.02,8.83,2.2,657.00,287.50,,
2022/06/24,50,GLH,39.37,300.0,305.0,272.4,305.0,305.00,0.0,0.0,286.74,"7,425.00",300.00,"2,129,074.00",82,5.0,32.6,1.67,11.97,5.99,657.00,272.40,,
2022/06/26,49,GLH,44.77,302.0,326.9,302.0,326.9,326.90,0.0,0.0,314.09,"8,787.00",305.00,"2,759,882.00",102,21.9,24.9,7.18,8.25,3.92,657.00,272.40,,
2022/06/27,48,GLH,43.24,320.5,333.0,304.0,313.0,313.00,0.0,0.0,314.24,"11,372.00",326.90,"3,573,560.70",125,-13.9,29.0,-4.25,9.54,-0.4,657.00,272.40,,
2022/06/28,49,GLH,44.6,306.8,310.0,291.5,304.0,304.00,0.0,0.0,297.56,"4,180.00",313.00,"1,243,785.20",83,-9.0,18.5,-2.88,6.35,2.12,657.00,272.40,,
2022/06/29,50,GLH,39.79,298.0,307.9,287.0,306.0,306.00,0.0,0.0,300.73,"3,153.00",304.00,"948,216.70",67,2.0,20.9,0.66,7.28,1.72,657.00,272.40,,
2022/06/30,51,GLH,42.05,307.0,334.0,307.0,324.0,324.00,0.0,0.0,318.99,"6,961.00",306.00,"2,220,477.00",113,18.00,27.00,5.88,8.79,1.55,657.00,272.40,,
2022/07/01,49,GLH,51.31,317.7,330.0,317.7,327.0,327.00,0.0,0.0,322.55,"6,923.00",324.00,"2,232,994.80",49,3.0,12.3,0.93,3.87,1.36,657.00,272.40,,
2022/07/03,51,GLH,52.02,320.5,339.0,314.5,331.0,331.00,0.0,0.0,327.06,"9,042.00",327.00,"2,957,257.50",105,4.0,24.5,1.22,7.79,1.19,657.00,272.40,,
2022/07/04,53,GLH,53.4,330.0,348.0,310.0,311.0,311.00,0.0,0.0,330.56,"16,805.00",331.00,"5,555,099.50",166,-20.0,38.00,-6.04,12.26,-6.29,657.00,272.40,,
2022/07/05,51,GLH,38.39,315.0,324.3,305.0,308.0,308.00,0.0,0.0,310.96,"8,537.00",311.00,"2,654,646.00",127,-3.0,19.3,-0.96,6.33,-0.96,657.00,272.40,,
2022/07/06,51,GLH,40.38,310.0,319.8,304.0,319.8,319.80,0.0,0.0,308.18,"3,593.00",308.00,"1,107,275.50",105,11.8,15.8,3.83,5.2,3.63,657.00,272.40,,
2022/05/27,47,GLH,43.58,382.3,391.0,375.0,382.0,382.00,0.0,0.0,379.92,"2,910.00",390.10,"1,105,581.00",52,-8.1,16.0,-2.08,4.27,0.54,657.00,339.00,,
2022/05/30,49,GLH,37.13,386.0,386.0,363.0,373.9,373.90,0.0,0.0,367.74,"2,861.00",382.00,"1,052,108.00",78,-8.1,23.0,-2.12,6.34,1.65,657.00,339.00,,
2022/05/31,49,GLH,36.48,377.0,377.0,358.1,369.8,369.80,0.0,0.0,364.02,"2,163.00",373.90,"787,373.80",67,-4.1,18.9,-1.1,5.28,1.56,657.00,339.00,,
2022/06/01,50,GLH,28.79,362.5,369.0,356.1,369.0,369.00,0.0,0.0,359.61,"1,410.00",369.80,"507,054.00",71,-0.8,12.9,-0.22,3.62,2.54,657.00,339.00,,
2022/06/02,48,GLH,22.87,368.0,368.0,361.0,366.0,366.00,0.0,0.0,362.68,435.00,369.00,"157,766.00",35,-3.0,7.0,-0.81,1.94,0.91,657.00,339.00,,
2022/06/03,48,GLH,34.42,359.0,368.0,355.0,367.0,367.00,0.0,0.0,363.75,"4,120.00",366.00,"1,498,654.30",65,1.0,13.0,0.27,3.66,0.89,657.00,339.00,,
2022/06/06,48,GLH,30.89,360.0,373.9,356.0,367.9,367.90,0.0,0.0,362.86,"2,379.00",367.00,"863,234.20",70,0.9,17.9,0.25,5.03,1.37,657.00,339.00,,
2022/06/07,52,GLH,30.85,361.0,361.0,350.0,356.0,356.00,0.0,0.0,353.04,"2,248.00",367.90,"793,633.90",60,-11.9,11.0,-3.23,3.14,0.83,657.00,339.00,,
2022/06/08,51,GLH,42.25,350.1,370.0,345.2,365.0,365.00,0.0,0.0,361.30,"3,145.00",356.00,"1,136,284.00",64,9.0,24.80,2.53,7.18,1.01,657.00,339.00,,
2022/06/09,49,GLH,40.22,368.0,368.0,352.0,363.0,363.00,0.0,0.0,360.01,"3,073.00",365.00,"1,106,311.00",64,-2.0,16.0,-0.55,4.55,0.82,657.00,339.00,,
2022/06/10,49,GLH,37.89,355.8,363.0,350.0,359.0,359.00,0.0,0.0,353.82,"3,111.00",363.00,"1,100,721.50",67,-4.0,13.0,-1.1,3.71,1.44,657.00,339.00,,
2022/06/12,69,GLH,42.47,261.0,277.5,258.7,272.5,272.50,0.0,0.0,271.52,"211,469.00",258.00,"57,417,598.80",790,14.5,18.8,5.62,7.27,0.36,306.30,223.80,263.78,260.53
2022/06/13,53,GLH,44.39,352.0,365.0,347.0,365.0,365.00,0.0,0.0,354.32,"2,370.00",359.00,"839,740.00",61,6.0,18.0,1.67,5.19,2.93,657.00,339.00,,
2022/06/14,50,GLH,31.76,357.7,362.0,348.0,360.0,360.00,0.0,0.0,351.89,"2,350.00",365.00,"826,939.00",71,-5.0,14.0,-1.37,4.02,2.25,657.00,339.00,,
2022/06/15,52,GLH,31.7,352.8,352.8,333.0,350.0,350.00,0.0,0.0,339.79,"1,475.00",360.00,"501,184.00",64,-10.0,19.80,-2.78,5.95,2.92,657.00,333.00,,
2022/06/16,47,GLH,33.46,343.0,350.0,337.0,346.0,346.00,0.0,0.0,342.05,"2,330.00",350.00,"796,967.00",53,-4.0,13.0,-1.14,3.86,1.14,657.00,333.00,,
2022/05/02,50,GLH,34.44,408.0,416.0,380.1,388.0,388.00,0.0,0.0,388.83,"3,270.00",408.00,"1,271,481.00",106,-20.0,35.9,-4.9,9.44,-0.21,657.00,339.00,,
2022/05/04,50,GLH,33.64,381.0,384.0,368.5,382.0,382.00,0.0,0.0,375.66,"3,290.00",388.00,"1,235,935.20",81,-6.0,15.5,-1.55,4.21,1.66,657.00,339.00,,
2022/05/05,52,GLH,28.41,375.0,375.0,359.0,371.5,371.50,0.0,0.0,364.38,"3,240.00",382.00,"1,180,592.00",91,-10.5,16.0,-2.75,4.46,1.92,657.00,339.00,,
2022/05/06,69,GLH,42.47,261.0,277.5,258.7,272.5,272.50,0.0,0.0,271.52,"211,469.00",258.00,"57,417,598.80",790,14.5,18.8,5.62,7.27,0.36,306.30,223.80,263.78,260.53
2022/05/08,50,GLH,32.29,364.1,385.0,350.2,385.0,385.00,0.0,0.0,363.80,"3,100.00",371.50,"1,127,768.00",80,13.5,34.8,3.63,9.94,5.51,657.00,339.00,,
2022/05/09,48,GLH,41.54,380.0,392.0,365.0,392.0,392.00,0.0,0.0,380.73,"4,020.00",385.00,"1,530,528.00",89,7.0,27.0,1.82,7.4,2.88,657.00,339.00,,
2022/05/10,50,GLH,45.42,392.0,404.2,381.0,404.2,404.20,0.0,0.0,391.84,"4,595.00",392.00,"1,800,495.50",66,12.2,23.2,3.11,6.09,3.06,657.00,339.00,,
2022/05/11,48,GLH,49.07,396.2,417.0,387.0,415.0,415.00,0.0,0.0,403.37,"6,680.00",404.20,"2,694,518.00",125,10.8,30.0,2.67,7.75,2.8,657.00,339.00,,
2022/05/12,48,GLH,45.11,423.0,423.0,394.0,408.0,408.00,0.0,0.0,403.26,"3,920.00",415.00,"1,580,798.00",81,-7.0,29.0,-1.69,7.36,1.16,657.00,339.00,,
2022/05/17,48,GLH,36.38,399.9,399.9,369.1,374.0,374.00,0.0,0.0,379.90,"4,354.00",408.00,"1,654,101.50",83,-34.00,30.8,-8.33,8.34,-1.58,657.00,339.00,,
2022/05/18,48,GLH,30.08,368.0,387.6,365.0,385.0,385.00,0.0,0.0,377.04,"2,240.00",374.00,"844,566.00",74,11.0,22.6,2.94,6.19,2.07,657.00,339.00,,
2022/05/19,46,GLH,24.07,392.0,392.0,369.5,375.0,375.00,0.0,0.0,377.88,"2,770.00",385.00,"1,046,740.50",83,-10.0,22.5,-2.6,6.09,-0.77,657.00,339.00,,
2022/05/20,48,GLH,21.8,368.0,397.0,361.0,379.4,379.40,0.0,0.0,373.07,"1,726.00",375.00,"643,926.00",60,4.4,36.0,1.17,9.97,1.67,657.00,339.00,,
2022/05/23,47,GLH,43.3,371.9,378.0,360.0,378.0,378.00,0.0,0.0,365.49,"2,836.00",379.40,"1,036,533.00",104,-1.4,18.0,-0.37,5.0,3.31,657.00,339.00,,
2022/05/24,47,GLH,32.27,370.5,385.5,363.1,378.0,378.00,0.0,0.0,375.70,"1,615.00",378.00,"606,752.50",62,0.0,22.40,0.0,6.17,0.61,657.00,339.00,,
2022/05/25,49,GLH,40.82,371.0,399.8,371.0,375.0,375.00,0.0,0.0,375.54,"2,870.00",378.00,"1,077,804.00",68,-3.0,28.8,-0.79,7.76,-0.14,657.00,339.00,,
2022/04/04,48,GLH,43.5,442.0,451.0,435.0,449.0,449.00,0.0,0.0,439.32,"8,277.00",450.00,"3,636,234.40",181,-1.0,16.0,-0.22,3.68,2.16,657.00,339.00,,
2022/04/05,49,GLH,34.08,449.0,455.0,422.0,439.0,439.00,0.0,0.0,428.91,"9,832.00",449.00,"4,217,092.00",175,-10.0,33.00,-2.23,7.82,2.3,657.00,339.00,,
2022/04/06,48,GLH,29.68,430.3,439.0,422.0,432.0,432.00,0.0,0.0,428.28,"3,168.00",439.00,"1,356,803.50",100,-7.0,17.0,-1.59,4.03,0.86,657.00,339.00,,
2022/04/07,50,GLH,32.43,430.0,440.0,425.0,436.0,436.00,0.0,0.0,431.48,"4,860.00",432.00,"2,097,012.00",146,4.0,15.0,0.93,3.53,1.04,657.00,339.00,,
2022/04/11,52,GLH,32.15,428.0,450.0,416.6,421.0,421.00,0.0,0.0,429.85,"6,447.00",436.00,"2,771,256.30",159,-15.0,33.4,-3.44,8.02,-2.1,657.00,339.00,,
2022/04/12,49,GLH,34.0,412.6,429.0,402.0,420.0,420.00,0.0,0.0,409.64,"3,582.00",421.00,"1,467,315.70",133,-1.0,27.0,-0.24,6.72,2.47,657.00,339.00,,
2022/04/13,49,GLH,33.15,412.0,420.0,398.0,415.0,415.00,0.0,0.0,409.03,"2,811.00",420.00,"1,149,770.00",91,-5.00,22.0,-1.19,5.53,1.44,657.00,339.00,,
2022/04/17,52,GLH,32.66,406.7,414.0,392.0,412.0,412.00,0.0,0.0,402.26,"2,945.00",415.00,"1,184,660.00",115,-3.00,22.0,-0.72,5.61,2.36,657.00,339.00,,
2022/04/18,50,GLH,32.53,420.2,420.2,383.2,387.1,387.10,0.0,0.0,394.42,"4,530.00",412.00,"1,786,726.00",104,-24.9,37.00,-6.04,9.66,-1.89,657.00,339.00,,
2022/04/19,49,GLH,33.86,394.0,401.8,372.2,401.8,401.80,0.0,0.0,389.45,"3,496.00",387.10,"1,361,533.20",101,14.7,29.6,3.8,7.95,3.07,657.00,339.00,,
2022/04/20,52,GLH,33.66,397.0,400.0,380.2,397.0,397.00,0.0,0.0,387.05,"2,950.00",401.80,"1,141,783.00",81,-4.8,19.8,-1.19,5.21,2.51,657.00,339.00,,
2022/04/21,49,GLH,39.02,404.0,404.0,357.3,390.0,390.00,0.0,0.0,368.70,"15,162.00",397.00,"5,590,225.80",171,-7.0,46.70,-1.76,13.07,5.46,657.00,339.00,,
2022/04/24,52,GLH,47.86,390.0,425.0,369.0,421.0,421.00,0.0,0.0,403.41,"8,487.00",390.00,"3,423,715.90",170,31.00,56.00,7.95,15.18,4.18,657.00,339.00,,
2022/04/25,50,GLH,44.46,413.0,422.0,394.0,409.0,409.00,0.0,0.0,408.71,"7,562.00",421.00,"3,090,669.20",129,-12.0,28.0,-2.85,7.11,0.07,657.00,339.00,,
2022/04/26,50,GLH,41.53,400.9,408.0,393.0,402.5,402.50,0.0,0.0,398.20,"2,290.00",409.00,"911,886.00",80,-6.5,15.0,-1.59,3.82,1.07,657.00,339.00,,
2022/04/27,49,GLH,45.83,395.0,410.5,383.0,410.5,410.50,0.0,0.0,394.67,"5,506.00",402.50,"2,173,036.10",114,8.0,27.5,1.99,7.18,3.86,657.00,339.00,,
2022/03/09,51,GLH,42.18,451.8,453.0,441.0,453.0,453.00,0.0,0.0,445.98,"9,044.00",461.00,"4,033,447.00",140,-8.0,12.0,-1.74,2.72,1.55,657.00,299.00,,
2022/03/10,50,GLH,47.44,454.0,462.0,426.5,461.0,461.00,0.0,0.0,452.68,"7,004.00",453.00,"3,170,584.50",163,8.0,35.5,1.77,8.32,1.8,657.00,299.00,,
2022/03/13,51,GLH,54.1,452.0,478.0,452.0,474.9,474.90,0.0,0.0,465.52,"13,369.00",461.00,"6,223,603.70",224,13.90,26.00,3.02,5.75,1.97,657.00,299.00,,
2022/03/14,49,GLH,44.81,465.5,474.6,447.1,462.0,462.00,0.0,0.0,464.59,773.00,474.90,"359,130.00",33,-12.9,27.5,-2.72,6.15,-0.56,657.00,299.00,,
2022/03/15,52,GLH,48.59,465.0,473.0,454.0,465.9,465.90,0.0,0.0,462.03,"4,317.00",462.00,"1,994,592.80",187,3.9,19.0,0.84,4.19,0.83,657.00,299.00,,
2022/03/16,48,GLH,41.04,456.6,465.9,450.0,462.5,462.50,0.0,0.0,456.52,"3,190.00",465.90,"1,456,287.00",127,-3.4,15.9,-0.73,3.53,1.29,657.00,299.00,,
2022/03/20,47,GLH,34.15,464.0,464.0,449.0,459.0,459.00,0.0,0.0,456.26,"4,141.00",462.50,"1,889,385.00",160,-3.5,15.0,-0.76,3.34,0.6,657.00,339.00,,
2022/03/21,51,GLH,54.64,450.0,472.0,446.5,472.0,472.00,0.0,0.0,460.89,"4,095.00",459.00,"1,887,340.00",172,13.00,25.5,2.83,5.71,2.35,657.00,339.00,,
2022/03/22,51,GLH,52.74,463.0,474.0,460.0,467.0,467.00,0.0,0.0,464.39,"5,627.00",472.00,"2,613,120.50",171,-5.0,14.0,-1.06,3.04,0.56,657.00,339.00,,
2022/03/23,49,GLH,45.08,467.0,467.0,452.3,465.0,465.00,0.0,0.0,458.58,"2,900.00",467.00,"1,329,882.00",112,-2.0,14.7,-0.43,3.25,1.38,657.00,339.00,,
2022/03/24,51,GLH,54.98,455.8,511.0,450.5,500.0,500.00,0.0,0.0,475.33,"16,731.00",465.00,"7,952,699.30",263,35.0,60.5,7.53,13.43,4.93,657.00,339.00,,
2022/03/27,69,GLH,42.47,261.0,277.5,258.7,272.5,272.50,0.0,0.0,271.52,"211,469.00",258.00,"57,417,598.80",790,14.5,18.8,5.62,7.27,0.36,306.30,223.80,263.78,260.53
2022/03/28,51,GLH,42.74,470.4,480.0,456.2,459.0,459.00,0.0,0.0,465.97,"6,130.00",480.00,"2,856,423.50",117,-21.0,23.8,-4.38,5.22,-1.52,657.00,339.00,,
2022/03/29,49,GLH,48.7,450.1,468.0,450.0,467.9,467.90,0.0,0.0,456.50,"2,825.00",459.00,"1,289,626.10",133,8.9,18.0,1.94,4.0,2.44,657.00,339.00,,
2022/03/30,50,GLH,37.99,458.6,474.9,451.0,462.2,462.20,0.0,0.0,458.45,"8,910.00",467.90,"4,084,820.00",128,-5.7,23.9,-1.22,5.3,0.81,657.00,339.00,,
2022/03/31,50,GLH,36.12,457.0,466.2,453.0,459.0,459.00,0.0,0.0,456.09,"8,174.00",462.20,"3,728,096.40",138,-3.2,13.2,-0.69,2.91,0.63,657.00,339.00,,
2022/04/28,50,GLH,35.95,402.6,420.0,397.1,408.0,408.00,0.0,0.0,402.15,"4,560.00",410.50,"1,833,798.00",125,-2.5,22.9,-0.61,5.77,1.43,657.00,339.00,,
2022/05/26,48,GLH,39.71,370.0,390.1,368.0,390.1,390.10,0.0,0.0,372.54,751.00,375.00,"279,779.10",65,15.1,22.1,4.03,6.01,4.5,657.00,339.00,,
2022/06/17,47,GLH,30.18,340.0,350.0,334.0,350.0,350.00,0.0,0.0,343.50,"2,120.00",346.00,"728,222.00",35,4.0,16.0,1.16,4.79,1.86,657.00,333.00,,
2022/07/07,50,GLH,41.58,324.0,324.0,304.0,311.0,311.00,0.0,0.0,310.29,"11,548.00",319.80,"3,583,239.40",122,-8.8,20.0,-2.75,6.58,0.23,657.00,272.40,,
2022/07/27,49,GLH,54.31,323.4,363.0,323.4,356.0,356.00,0.0,0.0,341.02,"21,944.00",330.00,"7,483,262.20",235,26.0,39.6,7.88,12.24,4.21,657.00,269.10,,
2022/08/17,47,GLH,42.23,312.0,320.0,309.0,320.0,320.00,0.0,0.0,312.40,"7,965.00",315.00,"2,488,291.30",81,5.0,11.0,1.59,3.56,2.37,657.00,269.10,,
2022/09/07,47,GLH,35.55,285.0,285.0,278.0,282.0,282.00,0.0,0.0,280.05,"4,648.00",286.00,"1,301,671.60",71,-4.0,7.0,-1.4,2.52,0.69,591.60,269.10,,
2022/10/10,52,GLH,39.38,248.0,250.0,241.0,247.0,247.00,0.0,0.0,244.32,"1,537.00",250.00,"375,516.00",27,-3.0,9.0,-1.2,3.73,1.09,582.00,235.30,,
2022/11/10,50,GLH,33.71,235.0,238.6,228.2,237.6,237.60,0.0,0.0,231.63,"4,065.00",239.00,"941,579.00",51,-1.4,10.4,-0.59,4.56,2.51,527.30,219.00,,
2022/12/06,52,GLH,33.56,243.3,245.0,243.3,244.0,244.00,0.0,0.0,244.08,"1,560.00",248.00,"380,759.00",31,-4.0,1.7,-1.61,0.7,-0.03,527.30,219.00,,
2023/01/02,59,GLH,54.71,261.0,282.5,257.0,275.0,275.00,0.0,0.0,276.31,"10,984.00",266.00,"3,034,956.00",101,9.0,25.5,3.38,9.92,-0.48,527.30,219.00,,
2023/01/31,58,GLH,43.44,323.4,355.0,322.0,327.0,327.00,0.0,0.0,333.21,"30,579.00",329.80,"10,189,211.20",265,-2.8,33.0,-0.85,10.25,-1.9,524.00,219.00,,
2023/02/27,59,GLH,38.23,325.0,329.0,305.1,318.0,318.00,0.0,0.0,315.88,"22,582.00",330.00,"7,133,093.40",202,-12.0,23.90,-3.64,7.83,0.67,511.00,219.00,,
2023/03/27,56,GLH,32.91,287.0,294.7,281.4,293.0,293.00,0.0,0.0,286.38,"9,185.00",287.00,"2,630,445.60",109,6.0,13.3,2.09,4.73,2.26,490.60,219.00,,
2023/04/19,57,GLH,40.31,280.0,285.0,277.0,282.5,282.50,0.0,0.0,281.21,"1,990.00",280.00,"559,605.50",61,2.5,8.0,0.89,2.89,0.46,425.00,219.00,,
2019/10/05,69,GLH,42.47,261.0,277.5,258.7,272.5,272.50,0.0,0.0,271.52,"211,469.00",258.00,"57,417,598.80",790,14.5,18.8,5.62,7.27,0.36,306.30,223.80,263.78,260.53
2022/04/03,49,GLH,30.19,455.0,467.0,450.0,450.0,450.00,0.0,0.0,452.22,"3,417.00",459.00,"1,545,248.60",134,-9.0,17.0,-1.96,3.78,-0.49,657.00,339.00,,
2023/05/15,61,GLH,29.94,248.0,258.0,243.1,257.5,257.50,0.0,0.0,249.56,"3,635.00",253.00,"907,162.00",58,4.5,14.9,1.78,6.13,3.08,399.90,219.00,,
2024/07/17,69,GLH,42.47,261.0,277.5,258.7,272.5,272.50,0.0,0.0,271.52,"211,469.00",258.00,"57,417,598.80",790,14.5,18.8,5.62,7.27,0.36,306.30,223.80,263.78,260.53
2022/02/09,49,GLH,42.09,495.0,500.0,482.0,485.0,485.00,0.0,0.0,486.11,"9,615.00",493.00,"4,673,932.80",161,-8.0,18.0,-1.62,3.73,-0.23,657.00,299.00,,
2022/02/10,48,GLH,38.66,494.0,494.0,475.3,485.0,485.00,0.0,0.0,482.67,"7,746.00",485.00,"3,738,768.60",173,0.0,18.7,0.0,3.93,0.48,657.00,299.00,,
2022/02/13,49,GLH,36.27,475.3,475.3,458.0,458.5,458.50,0.0,0.0,463.40,"7,194.00",485.00,"3,333,673.00",193,-26.5,17.3,-5.46,3.78,-1.07,657.00,299.00,,
2022/02/14,49,GLH,33.62,458.0,474.0,452.1,458.6,458.60,0.0,0.0,462.55,"5,712.00",458.50,"2,642,112.00",139,0.1,21.9,0.02,4.84,-0.86,657.00,299.00,,
2022/02/15,69,GLH,42.47,261.0,277.5,258.7,272.5,272.50,0.0,0.0,271.52,"211,469.00",258.00,"57,417,598.80",790,14.5,18.8,5.62,7.27,0.36,306.30,223.80,263.78,260.53
2022/02/16,50,GLH,36.43,486.0,486.0,468.1,475.0,475.00,0.0,0.0,473.08,"7,454.00",485.40,"3,526,330.50",140,-10.4,17.9,-2.14,3.82,0.4,657.00,299.00,,
2022/02/17,49,GLH,48.94,466.0,472.0,456.7,458.9,458.90,0.0,0.0,463.54,"11,261.00",475.00,"5,219,886.40",188,-16.1,15.3,-3.39,3.35,-1.01,657.00,299.00,,
2022/02/20,49,GLH,44.8,449.8,469.0,449.6,458.0,458.00,0.0,0.0,455.82,"9,301.00",458.90,"4,239,544.50",169,-0.9,19.4,-0.2,4.31,0.48,657.00,299.00,,
2022/02/21,48,GLH,35.27,467.1,472.0,448.9,470.9,470.90,0.0,0.0,464.30,"3,413.00",458.00,"1,584,656.50",164,12.9,23.1,2.82,5.15,1.4,657.00,299.00,,
2022/02/22,49,GLH,54.34,473.0,490.0,465.0,484.0,484.00,0.0,0.0,483.36,"11,682.00",470.90,"5,646,611.00",213,13.1,25.0,2.78,5.38,0.13,657.00,299.00,,
2022/02/23,48,GLH,52.57,484.0,493.9,477.0,485.0,485.00,0.0,0.0,485.56,"11,560.00",484.00,"5,613,128.60",213,1.0,16.9,0.21,3.54,-0.12,657.00,299.00,,
2022/02/24,49,GLH,48.85,485.0,485.0,461.0,461.0,461.00,0.0,0.0,469.26,"6,567.00",485.00,"3,081,630.00",145,-24.0,24.0,-4.95,5.21,-1.79,657.00,299.00,,
2022/02/27,48,GLH,32.45,454.1,472.2,452.3,464.2,464.20,0.0,0.0,462.60,"6,954.00",461.00,"3,216,951.20",210,3.2,19.90,0.69,4.4,0.34,657.00,299.00,,
2022/02/28,49,GLH,33.57,473.0,475.0,451.1,458.0,458.00,0.0,0.0,459.51,"8,808.00",464.20,"4,047,378.00",129,-6.2,23.90,-1.34,5.3,-0.33,657.00,299.00,,
2022/03/02,48,GLH,34.57,451.0,455.0,430.4,449.0,449.00,0.0,0.0,442.87,"11,131.00",458.00,"4,929,635.00",180,-9.0,24.60,-1.97,5.72,1.36,657.00,299.00,,
2022/03/06,50,GLH,39.35,441.0,475.0,441.0,454.0,454.00,0.0,0.0,447.00,"4,367.00",449.00,"1,952,038.00",149,5.0,34.0,1.11,7.71,1.54,657.00,299.00,,
2022/01/16,49,GLH,65.87,495.2,517.0,486.1,517.0,517.00,0.0,0.0,497.23,"83,146.00",489.00,"41,342,344.40",556,28.0,30.9,5.73,6.36,3.82,657.00,299.00,,
2022/01/17,48,GLH,56.0,527.3,527.3,497.0,506.4,506.40,0.0,0.0,511.76,"15,253.00",517.00,"7,805,904.40",408,-10.6,30.3,-2.05,6.1,-1.06,657.00,299.00,,
2022/01/18,49,GLH,58.9,516.0,526.0,487.1,490.0,490.00,0.0,0.0,506.98,"33,630.00",506.40,"17,049,703.40",518,-16.4,38.9,-3.24,7.99,-3.47,657.00,299.00,,
2022/01/19,49,GLH,53.63,481.0,500.5,476.0,490.0,490.00,0.0,0.0,483.80,"18,299.00",490.00,"8,853,103.20",342,0.0,24.5,0.0,5.15,1.26,657.00,299.00,,
2022/01/20,49,GLH,50.09,480.2,500.0,470.4,498.0,498.00,0.0,0.0,489.66,"7,696.00",490.00,"3,768,406.00",295,8.0,29.6,1.63,6.29,1.68,657.00,299.00,,
2022/01/23,49,GLH,57.57,498.0,511.0,488.2,501.0,501.00,0.0,0.0,499.78,"35,893.00",498.00,"17,938,440.30",395,3.0,22.80,0.6,4.67,0.24,657.00,299.00,,
2022/01/24,49,GLH,50.83,510.0,510.0,462.0,470.0,470.00,0.0,0.0,475.65,"22,232.00",501.00,"10,574,737.00",289,-31.0,48.0,-6.19,10.39,-1.2,657.00,299.00,,
2022/01/25,49,GLH,44.44,470.0,498.0,456.4,470.0,470.00,0.0,0.0,469.42,"5,802.00",470.00,"2,723,563.50",194,0.0,41.60,0.0,9.11,0.12,657.00,299.00,,
2022/01/26,49,GLH,43.64,470.0,471.0,449.0,458.0,458.00,0.0,0.0,453.26,"14,114.00",470.00,"6,397,314.80",241,-12.0,22.0,-2.55,4.9,1.03,657.00,299.00,,
2022/01/27,51,GLH,40.58,466.0,472.0,451.0,460.0,460.00,0.0,0.0,455.94,"6,969.00",458.00,"3,177,415.00",209,2.0,21.0,0.44,4.66,0.88,657.00,299.00,,
2022/01/30,49,GLH,55.14,469.2,497.7,469.2,491.6,491.60,0.0,0.0,487.39,"38,243.00",460.00,"18,639,367.00",376,31.6,28.5,6.87,6.07,0.86,657.00,299.00,,
2022/01/31,49,GLH,53.21,501.4,501.4,475.5,490.7,490.70,0.0,0.0,484.40,"14,664.00",491.60,"7,103,200.90",278,-0.9,25.9,-0.18,5.45,1.28,657.00,299.00,,
2022/02/01,49,GLH,58.35,490.0,506.9,471.6,501.0,501.00,0.0,0.0,496.61,"38,881.00",490.70,"19,308,663.00",512,10.3,35.3,2.1,7.49,0.88,657.00,299.00,,
2022/02/03,49,GLH,58.9,498.0,524.0,498.0,510.5,510.50,0.0,0.0,516.18,"54,463.00",501.00,"28,112,732.10",831,9.5,26.0,1.9,5.22,-1.11,657.00,299.00,,
2022/02/06,50,GLH,49.09,501.0,510.0,495.1,505.0,505.00,0.0,0.0,503.15,"16,499.00",510.50,"8,301,519.80",329,-5.50,14.9,-1.08,3.01,0.37,657.00,299.00,,
2022/02/07,49,GLH,46.89,501.1,508.0,495.1,502.9,502.90,0.0,0.0,501.02,"12,522.00",505.00,"6,273,717.00",313,-2.1,12.9,-0.42,2.61,0.37,657.00,299.00,,
2021/12/21,49,GLH,42.72,358.0,380.0,351.0,380.0,380.00,0.0,0.0,363.73,"5,105.00",351.00,"1,856,853.00",134,29.0,29.00,8.26,8.26,4.28,657.00,299.00,,
2021/12/22,48,GLH,52.54,387.0,409.5,373.5,408.0,408.00,0.0,0.0,395.32,"13,315.00",380.00,"5,263,706.50",213,28.0,36.0,7.37,9.64,3.11,657.00,299.00,,
2021/12/23,48,GLH,52.97,416.1,416.1,392.0,405.0,405.00,0.0,0.0,403.34,"10,405.00",408.00,"4,196,790.00",186,-3.0,24.1,-0.74,6.15,0.41,657.00,299.00,,
2021/12/26,47,GLH,52.35,400.0,408.0,388.2,393.0,393.00,0.0,0.0,396.54,"11,490.00",405.00,"4,556,262.50",205,-12.00,19.80,-2.96,5.1,-0.9,657.00,299.00,,
2021/12/27,48,GLH,47.0,395.0,398.0,370.0,380.0,380.00,0.0,0.0,383.27,"8,073.00",393.00,"3,094,159.00",151,-13.0,28.00,-3.31,7.57,-0.86,657.00,299.00,,
2021/12/28,49,GLH,37.3,382.0,385.0,367.0,385.0,385.00,0.0,0.0,377.09,"5,685.00",380.00,"2,143,757.80",96,5.0,18.0,1.32,4.9,2.05,657.00,299.00,,
2021/12/29,47,GLH,40.41,379.0,392.0,374.0,380.0,380.00,0.0,0.0,378.37,"7,633.00",385.00,"2,888,113.00",99,-5.0,18.00,-1.3,4.81,0.43,657.00,299.00,,
2022/01/02,50,GLH,56.58,372.5,398.0,372.5,398.0,398.00,0.0,0.0,383.95,"12,743.00",380.00,"4,892,709.30",200,18.00,25.50,4.74,6.85,3.53,657.00,299.00,,
2022/01/03,48,GLH,55.45,400.0,400.0,383.2,394.9,394.90,0.0,0.0,391.93,"5,889.00",398.00,"2,308,089.50",138,-3.1,16.80,-0.78,4.38,0.75,657.00,299.00,,
2022/01/04,50,GLH,54.04,389.0,405.0,383.1,399.0,399.00,0.0,0.0,394.76,"5,569.00",394.90,"2,198,436.00",138,4.1,21.90,1.04,5.72,1.06,657.00,299.00,,
2022/01/05,49,GLH,60.38,406.9,435.0,391.4,404.9,404.90,0.0,0.0,410.04,"23,034.00",399.00,"9,444,752.80",212,5.9,43.6,1.48,11.14,-1.27,657.00,299.00,,
2022/01/06,69,GLH,42.47,261.0,277.5,258.7,272.5,272.50,0.0,0.0,271.52,"211,469.00",258.00,"57,417,598.80",790,14.5,18.8,5.62,7.27,0.36,306.30,223.80,263.78,260.53
2022/01/09,50,GLH,63.5,407.0,441.0,407.0,430.5,430.50,0.0,0.0,424.09,"21,662.00",407.00,"9,186,723.00",322,23.5,34.00,5.77,8.35,1.49,657.00,299.00,,
2022/01/10,49,GLH,67.04,433.0,473.5,430.4,456.0,456.00,0.0,0.0,454.62,"50,353.00",430.50,"22,891,605.40",444,25.5,43.10,5.92,10.01,0.3,657.00,299.00,,
2022/01/11,49,GLH,66.01,460.0,501.6,442.1,489.0,489.00,0.0,0.0,489.88,"29,447.00",456.00,"14,425,540.40",425,33.0,59.50,7.24,13.46,-0.18,657.00,299.00,,
2022/01/12,47,GLH,60.1,498.0,518.0,466.0,475.0,475.00,0.0,0.0,485.50,"22,050.00",489.00,"10,705,228.60",281,-14.0,52.00,-2.86,11.16,-2.21,657.00,299.00,,
2021/11/25,49,GLH,51.27,471.0,480.0,462.1,472.0,472.00,0.0,0.0,467.46,"12,338.00",480.00,"5,767,499.90",255,-8.0,17.9,-1.67,3.87,0.96,657.00,299.00,,
2021/11/28,48,GLH,38.61,462.6,462.6,424.8,439.0,439.00,0.0,0.0,436.57,"39,839.00",472.00,"17,392,618.70",391,-33.0,37.8,-6.99,8.9,0.55,657.00,299.00,,
2021/11/29,47,GLH,39.05,447.7,456.6,421.4,434.0,434.00,0.0,0.0,437.51,"10,990.00",439.00,"4,808,240.80",223,-5.0,35.2,-1.14,8.35,-0.81,657.00,299.00,,
2021/11/30,50,GLH,36.62,434.0,443.0,419.0,438.1,438.10,0.0,0.0,426.30,"12,939.00",434.00,"5,515,858.50",183,4.1,24.0,0.94,5.73,2.69,657.00,299.00,,
2021/12/01,47,GLH,42.68,430.0,445.0,426.0,433.0,433.00,0.0,0.0,432.22,"15,623.00",438.10,"6,752,598.00",216,-5.1,19.0,-1.16,4.46,0.18,657.00,299.00,,
2021/12/02,49,GLH,48.38,425.0,430.0,412.0,422.0,422.00,0.0,0.0,417.35,"11,713.00",433.00,"4,888,469.70",208,-11.0,18.0,-2.54,4.37,1.1,657.00,299.00,,
2021/12/05,48,GLH,46.23,413.6,419.2,390.0,406.0,406.00,0.0,0.0,400.48,"17,384.00",422.00,"6,961,945.50",269,-16.0,29.2,-3.79,7.49,1.36,657.00,299.00,,
2021/12/06,48,GLH,45.32,400.0,426.0,390.0,411.0,411.00,0.0,0.0,402.69,"13,117.00",406.00,"5,282,075.50",192,5.0,36.00,1.23,9.23,2.02,657.00,299.00,,
2021/12/07,48,GLH,41.29,419.2,427.5,393.0,396.0,396.00,0.0,0.0,411.25,"8,787.00",411.00,"3,613,647.00",174,-15.0,34.50,-3.65,8.78,-3.85,657.00,299.00,,
2021/12/08,48,GLH,38.51,396.0,408.0,385.0,389.0,389.00,0.0,0.0,390.28,"6,739.00",396.00,"2,630,101.40",131,-7.0,23.00,-1.77,5.97,-0.33,657.00,299.00,,
2021/12/09,48,GLH,38.63,381.3,396.7,373.9,391.6,391.60,0.0,0.0,388.41,"3,540.00",389.00,"1,374,984.00",108,2.6,22.8,0.67,6.1,0.81,657.00,299.00,,
2021/12/12,48,GLH,33.31,380.0,385.8,374.0,378.0,378.00,0.0,0.0,376.97,"4,881.00",391.60,"1,840,008.50",167,-13.60,11.80,-3.47,3.16,0.27,657.00,299.00,,
2021/12/13,47,GLH,40.55,370.5,370.5,346.1,358.0,358.00,0.0,0.0,353.88,"19,488.00",378.00,"6,896,464.80",194,-20.00,24.40,-5.29,7.05,1.15,657.00,299.00,,
2021/12/14,47,GLH,42.91,365.0,384.0,355.0,384.0,384.00,0.0,0.0,375.96,"5,005.00",358.00,"1,881,682.00",73,26.00,29.00,7.26,8.17,2.09,657.00,299.00,,
2021/12/15,48,GLH,47.39,391.0,406.5,377.0,395.0,395.00,0.0,0.0,391.47,"14,844.00",384.00,"5,811,021.00",186,11.0,29.5,2.86,7.82,0.89,657.00,299.00,,
2021/12/16,49,GLH,42.07,402.0,402.0,365.0,365.0,365.00,0.0,0.0,377.19,"9,240.00",395.00,"3,485,269.00",135,-30.0,37.0,-7.59,10.14,-3.34,657.00,299.00,,
2021/10/28,50,GLH,65.08,485.2,505.0,456.7,505.0,505.00,0.0,0.0,487.47,"31,290.00",495.10,"15,253,072.50",323,9.9,48.3,2.0,10.58,3.47,657.00,299.00,,
2021/10/31,50,GLH,67.28,500.0,552.4,495.0,549.0,549.00,0.0,0.0,536.50,"40,952.00",505.00,"21,970,928.30",487,44.00,57.40,8.71,11.6,2.28,657.00,299.00,,
2021/11/01,48,GLH,61.74,549.0,582.0,518.0,519.0,519.00,0.0,0.0,536.71,"27,022.00",549.00,"14,503,080.10",337,-30.0,64.0,-5.46,12.36,-3.41,657.00,299.00,,
2021/11/02,49,GLH,64.14,515.0,548.7,505.0,540.0,540.00,0.0,0.0,528.92,"21,151.00",519.00,"11,187,092.20",211,21.0,43.7,4.05,8.65,2.05,657.00,299.00,,
2021/11/03,49,GLH,56.9,540.0,550.0,518.7,520.0,520.00,0.0,0.0,527.95,"6,672.00",540.00,"3,522,501.50",163,-20.0,31.3,-3.7,6.03,-1.53,657.00,299.00,,
2021/11/08,49,GLH,54.41,530.4,540.0,506.0,506.0,506.00,0.0,0.0,517.41,"17,352.00",520.00,"8,978,169.00",210,-14.0,34.0,-2.69,6.72,-2.26,657.00,299.00,,
2021/11/09,47,GLH,50.04,506.0,508.0,470.5,481.0,481.00,0.0,0.0,484.97,"14,060.00",506.00,"6,818,645.10",244,-25.0,37.5,-4.94,7.97,-0.82,657.00,299.00,,
2021/11/11,48,GLH,45.57,471.4,475.4,454.0,460.0,460.00,0.0,0.0,461.56,"8,230.00",481.00,"3,798,628.50",189,-21.0,21.4,-4.37,4.71,-0.34,657.00,299.00,,
2021/11/14,49,GLH,43.73,460.0,487.0,451.0,468.0,468.00,0.0,0.0,461.19,"6,709.00",460.00,"3,094,145.00",222,8.00,36.00,1.74,7.98,1.45,657.00,299.00,,
2021/11/15,48,GLH,44.72,458.7,496.5,451.0,480.0,480.00,0.0,0.0,479.43,"7,296.00",468.00,"3,497,920.10",276,12.00,45.50,2.56,10.09,0.12,657.00,299.00,,
2021/11/16,47,GLH,50.36,484.0,513.0,479.3,495.0,495.00,0.0,0.0,489.14,"7,163.00",480.00,"3,503,745.00",247,15.00,33.70,3.13,7.03,1.18,657.00,299.00,,
2021/11/17,48,GLH,56.43,485.2,524.0,485.2,495.0,495.00,0.0,0.0,502.15,"8,704.00",495.00,"4,370,714.00",301,0.00,38.80,0.0,8.0,-1.44,657.00,299.00,,
2021/11/18,48,GLH,50.22,485.1,494.0,476.0,481.0,481.00,0.0,0.0,482.61,"5,480.00",495.00,"2,644,706.00",207,-14.0,18.0,-2.83,3.78,-0.33,657.00,299.00,,
2021/11/21,49,GLH,44.41,474.0,481.0,466.0,474.0,474.00,0.0,0.0,472.52,"5,685.00",481.00,"2,686,290.00",224,-7.0,15.0,-1.46,3.22,0.31,657.00,299.00,,
2021/11/22,51,GLH,42.44,470.0,491.0,470.0,470.2,470.20,0.0,0.0,473.82,"6,065.00",474.00,"2,873,714.00",249,-3.8,21.0,-0.8,4.47,-0.77,657.00,299.00,,
2021/11/23,49,GLH,43.44,461.0,471.0,455.0,462.0,462.00,0.0,0.0,460.11,"6,891.00",470.20,"3,170,589.00",217,-8.2,16.0,-1.74,3.52,0.41,657.00,299.00,,
2021/09/29,49,GLH,40.28,414.0,451.9,398.2,435.0,435.00,0.0,0.0,415.55,"22,389.00",422.00,"9,303,704.40",280,13.0,53.7,3.08,13.49,4.47,657.00,299.00,,
2021/09/30,49,GLH,46.98,443.7,465.0,417.0,432.9,432.90,0.0,0.0,441.34,"17,467.00",435.00,"7,708,821.10",225,-2.1,48.0,-0.48,11.51,-1.95,657.00,299.00,,
2021/10/03,51,GLH,33.25,425.1,442.2,402.9,402.9,402.90,0.0,0.0,412.77,"6,915.00",432.90,"2,854,310.00",212,-30.0,39.3,-6.93,9.75,-2.45,657.00,299.00,,
2021/10/04,49,GLH,37.04,401.0,430.0,380.0,399.0,399.00,0.0,0.0,395.63,"17,454.00",402.90,"6,905,319.50",217,-3.9,50.0,-0.97,13.16,0.84,657.00,299.00,,
2021/10/05,50,GLH,38.74,391.1,410.0,391.1,408.0,408.00,0.0,0.0,404.54,"5,575.00",399.00,"2,255,296.00",158,9.0,18.9,2.26,4.83,0.85,657.00,299.00,,
2021/10/06,50,GLH,44.1,415.0,431.7,399.9,418.0,418.00,0.0,0.0,406.81,"9,148.00",408.00,"3,721,456.00",162,10.0,31.8,2.45,7.95,2.68,657.00,299.00,,
2021/10/10,46,GLH,45.42,418.0,418.0,392.0,400.0,400.00,0.0,0.0,402.31,"7,184.00",418.00,"2,890,197.50",128,-18.0,26.0,-4.31,6.63,-0.58,657.00,299.00,,
2021/10/11,47,GLH,42.7,392.1,402.0,374.0,400.0,400.00,0.0,0.0,387.76,"8,761.00",400.00,"3,397,168.20",101,0.0,28.0,0.0,7.49,3.06,657.00,299.00,,
2021/10/17,48,GLH,41.02,395.5,427.9,392.0,414.0,414.00,0.0,0.0,409.55,990.00,400.00,"405,459.00",67,14.0,35.9,3.5,9.16,1.07,657.00,299.00,,
2021/10/18,48,GLH,47.14,405.8,422.0,388.0,391.0,391.00,0.0,0.0,401.74,"16,402.00",414.00,"6,589,389.40",201,-23.0,34.0,-5.56,8.76,-2.75,657.00,299.00,,
2021/10/19,69,GLH,42.47,261.0,277.5,258.7,272.5,272.50,0.0,0.0,271.52,"211,469.00",258.00,"57,417,598.80",790,14.5,18.8,5.62,7.27,0.36,306.30,223.80,263.78,260.53
2021/10/20,47,GLH,45.03,386.5,399.9,386.4,397.5,397.50,0.0,0.0,393.30,"4,090.00",379.00,"1,608,599.00",97,18.5,13.5,4.88,3.49,1.06,657.00,299.00,,
2021/10/21,47,GLH,39.51,405.4,405.4,376.0,385.0,385.00,0.0,0.0,390.81,"3,837.00",397.50,"1,499,523.20",108,-12.50,29.4,-3.14,7.82,-1.51,657.00,299.00,,
2021/10/24,48,GLH,52.62,385.0,407.9,383.0,399.0,399.00,0.0,0.0,390.94,"8,461.00",385.00,"3,307,759.60",170,14.0,24.9,3.64,6.5,2.02,657.00,299.00,,
2021/10/25,49,GLH,58.15,406.9,438.9,401.8,438.9,438.90,0.0,0.0,424.81,"40,883.00",399.00,"17,367,356.30",267,39.9,37.1,10.0,9.23,3.21,657.00,299.00,,
2021/10/26,48,GLH,58.37,447.6,482.0,445.0,482.0,482.00,0.0,0.0,461.63,"59,683.00",438.90,"27,551,264.00",305,43.1,37.0,9.82,8.31,4.23,657.00,299.00,,
2021/09/06,49,GLH,51.08,460.0,506.8,430.0,506.8,506.80,0.0,0.0,480.98,"33,898.00",460.80,"16,304,144.50",409,46.0,76.8,9.98,17.86,5.1,657.00,299.00,,
2021/09/07,49,GLH,38.47,516.9,536.0,478.1,490.0,490.00,0.0,0.0,503.62,"33,467.00",506.80,"16,854,690.80",442,-16.8,57.9,-3.31,12.11,-2.78,657.00,299.00,,
2021/09/08,46,GLH,45.51,499.8,509.0,475.0,500.0,500.00,0.0,0.0,486.71,"11,025.00",490.00,"5,366,032.30",265,10.0,34.0,2.04,7.16,2.66,657.00,299.00,,
2021/09/09,50,GLH,58.01,500.0,550.0,490.2,540.0,540.00,0.0,0.0,526.27,"40,506.00",500.00,"21,317,071.30",512,40.0,59.8,8.0,12.2,2.54,657.00,299.00,,
2021/09/10,69,GLH,42.47,261.0,277.5,258.7,272.5,272.50,0.0,0.0,271.52,"211,469.00",258.00,"57,417,598.80",790,14.5,18.8,5.62,7.27,0.36,306.30,223.80,263.78,260.53
2021/09/12,51,GLH,56.26,540.0,591.6,540.0,580.1,580.10,0.0,0.0,566.50,"53,759.00",540.00,"30,454,474.10",752,40.10,51.60,7.43,9.56,2.34,657.00,299.00,,
2021/09/13,49,GLH,58.37,590.0,591.0,530.0,549.0,549.00,0.0,0.0,553.83,"43,457.00",580.10,"24,067,948.50",506,-31.1,61.00,-5.36,11.51,-0.88,657.00,299.00,,
2021/09/14,50,GLH,49.96,549.0,559.0,529.0,540.0,540.00,0.0,0.0,536.13,"17,375.00",549.00,"9,315,343.40",373,-9.00,30.0,-1.64,5.67,0.72,657.00,299.00,,
2021/09/15,50,GLH,40.14,530.0,550.8,517.0,528.0,528.00,0.0,0.0,523.14,"15,074.00",540.00,"7,885,858.90",362,-12.00,33.8,-2.22,6.54,0.92,657.00,299.00,,
2021/09/16,51,GLH,32.65,525.0,538.5,490.0,499.0,499.00,0.0,0.0,498.46,"21,293.00",528.00,"10,613,781.10",413,-29.0,48.5,-5.49,9.9,0.11,657.00,299.00,,
2021/09/20,51,GLH,34.49,490.0,490.0,450.0,450.0,450.00,0.0,0.0,464.97,"18,913.00",499.00,"8,794,020.00",379,-49.0,40.0,-9.82,8.89,-3.33,657.00,299.00,,
2021/09/21,50,GLH,36.87,445.1,469.0,414.0,455.0,455.00,0.0,0.0,448.87,"19,151.00",450.00,"8,596,215.50",375,5.0,55.00,1.11,13.29,1.35,657.00,299.00,,
2021/09/22,48,GLH,41.04,464.0,498.0,457.0,498.0,498.00,0.0,0.0,483.38,"10,880.00",455.00,"5,259,144.00",273,43.0,41.00,9.45,8.97,2.94,657.00,299.00,,
2021/09/23,50,GLH,41.93,507.9,507.9,470.7,478.0,478.00,0.0,0.0,486.23,"18,653.00",498.00,"9,069,707.00",248,-20.00,37.2,-4.02,7.9,-1.72,657.00,299.00,,
2021/09/26,51,GLH,44.3,478.0,478.0,433.0,449.0,449.00,0.0,0.0,452.61,"16,566.00",478.00,"7,497,891.00",269,-29.0,45.0,-6.07,10.39,-0.8,657.00,299.00,,
2021/09/27,50,GLH,40.92,441.0,458.7,423.0,438.0,438.00,0.0,0.0,434.25,"18,875.00",449.00,"8,196,394.00",290,-11.0,35.7,-2.45,8.44,0.86,657.00,299.00,,
2021/08/09,48,GLH,58.63,590.0,622.0,580.0,583.0,583.00,0.0,0.0,595.37,"91,197.00",590.00,"54,295,570.80","1,056",-7.0,42.0,-1.19,7.24,-2.12,622.00,299.00,,
2021/08/10,50,GLH,58.87,594.0,605.8,560.0,567.0,567.00,0.0,0.0,568.68,"94,612.00",583.00,"53,803,588.00",920,-16.0,45.8,-2.74,8.18,-0.3,622.00,299.00,,
2021/08/11,48,GLH,58.1,570.0,622.0,561.0,584.0,584.00,0.0,0.0,577.08,"72,970.00",567.00,"42,109,702.20",891,17.00,61.0,3.0,10.87,1.18,622.00,299.00,,
2021/08/12,50,GLH,61.86,595.6,637.0,574.0,620.0,620.00,0.0,0.0,595.50,"234,936.00",584.00,"139,903,859.50","1,401",36.0,63.0,6.16,10.98,3.95,637.00,299.00,,
2021/08/15,49,GLH,37.16,607.6,610.1,570.0,585.0,585.00,0.0,0.0,589.10,"85,119.00",620.00,"50,143,280.40",931,-35.0,40.10,-5.65,7.04,-0.7,637.00,299.00,,
2021/08/16,50,GLH,54.31,575.0,605.0,570.0,591.0,591.00,0.0,0.0,593.49,"36,809.00",585.00,"21,845,590.50",893,6.0,35.0,1.03,6.14,-0.42,637.00,299.00,,
2021/08/17,50,GLH,62.88,591.0,650.1,591.0,633.0,633.00,0.0,0.0,635.19,"192,480.00",591.00,"122,261,693.70","1,340",42.0,59.1,7.11,10.0,-0.35,650.10,299.00,,
2021/08/18,51,GLH,61.57,633.0,657.0,618.0,629.0,629.00,0.0,0.0,628.71,"233,257.00",633.00,"146,651,355.90","1,167",-4.0,39.00,-0.63,6.31,0.05,657.00,299.00,,
2021/08/19,50,GLH,53.04,620.0,641.5,588.0,598.1,598.10,0.0,0.0,608.63,"46,881.00",629.00,"28,533,415.90",932,-30.9,53.50,-4.91,9.1,-1.76,657.00,299.00,,
2021/08/24,49,GLH,52.83,586.2,586.2,543.0,556.0,556.00,0.0,0.0,561.10,"64,416.00",598.10,"36,143,764.50","1,039",-42.1,43.2,-7.04,7.96,-0.92,657.00,299.00,,
2021/08/25,50,GLH,48.51,544.9,568.1,524.3,535.0,535.00,0.0,0.0,545.27,"24,046.00",556.00,"13,111,474.50",648,-21.0,43.8,-3.78,8.35,-1.92,657.00,299.00,,
2021/08/26,52,GLH,48.95,525.0,587.0,525.0,569.0,569.00,0.0,0.0,562.55,"32,350.00",535.00,"18,198,640.80",743,34.0,62.0,6.36,11.81,1.13,657.00,299.00,,
2021/08/29,48,GLH,49.27,558.0,568.0,537.0,550.0,550.00,0.0,0.0,547.55,"36,403.00",569.00,"19,932,399.90",825,-19.0,31.0,-3.34,5.77,0.45,657.00,299.00,,
2021/08/31,48,GLH,45.79,539.0,561.0,514.0,519.0,519.00,0.0,0.0,522.10,"30,438.00",550.00,"15,891,530.50",655,-31.0,47.0,-5.64,9.14,-0.6,657.00,299.00,,
2021/09/01,50,GLH,35.15,513.0,555.0,512.0,525.0,525.00,0.0,0.0,527.90,"19,194.00",519.00,"10,132,605.50",439,6.0,43.0,1.16,8.4,-0.55,657.00,299.00,,
2021/09/02,51,GLH,38.09,535.0,535.0,495.0,511.9,511.90,0.0,0.0,507.59,"31,835.00",525.00,"16,159,083.50",450,-13.1,40.0,-2.5,8.08,0.84,657.00,299.00,,
2021/07/14,50,GLH,58.99,353.0,369.0,353.0,368.0,368.00,0.0,0.0,363.43,"6,055.00",358.00,"2,200,585.00",252,10.0,16.0,2.79,4.53,1.24,463.00,299.00,,
2021/07/15,51,GLH,63.53,368.0,380.0,361.0,373.0,373.00,0.0,0.0,374.69,"12,493.00",368.00,"4,680,991.00",363,5.0,19.0,1.36,5.26,-0.45,463.00,299.00,,
2021/07/18,51,GLH,72.34,373.0,384.0,373.0,380.0,380.00,0.0,0.0,378.60,"15,598.00",373.00,"5,905,388.00",496,7.0,11.0,1.88,2.95,0.37,463.00,299.00,,
2021/07/19,50,GLH,70.66,385.0,387.6,373.0,380.0,380.00,0.0,0.0,380.57,"17,563.00",380.00,"6,683,892.00",341,0.0,14.6,0.0,3.91,-0.15,463.00,299.00,,
2021/07/20,48,GLH,71.37,373.0,386.0,373.0,382.0,382.00,0.0,0.0,382.11,"22,393.00",380.00,"8,556,624.20",508,2.00,13.00,0.53,3.49,-0.03,463.00,299.00,,
2021/07/22,51,GLH,74.68,385.0,415.0,380.0,407.0,407.00,0.0,0.0,405.94,"121,804.00",382.00,"49,445,018.50","1,507",25.0,35.00,6.54,9.21,0.26,463.00,299.00,,
2021/07/25,50,GLH,78.63,415.0,431.0,408.0,421.0,421.00,0.0,0.0,419.64,"111,176.00",407.00,"46,653,941.60","1,364",14.0,23.00,3.44,5.64,0.32,463.00,299.00,,
2021/07/26,50,GLH,77.59,415.1,463.1,415.1,463.1,463.10,0.0,0.0,450.10,"227,054.00",421.00,"102,196,724.90","2,296",42.1,48.00,10.0,11.56,2.81,463.10,299.00,,
2021/07/27,50,GLH,76.09,472.0,509.4,463.0,502.0,502.00,0.0,0.0,499.53,"206,927.00",463.10,"103,367,047.70","2,525",38.9,46.40,8.4,10.02,0.49,509.40,299.00,,
2021/07/28,51,GLH,67.18,512.0,540.0,478.0,481.0,481.00,0.0,0.0,486.94,"76,583.00",502.00,"37,291,022.90","1,243",-21.0,62.00,-4.18,12.97,-1.23,540.00,299.00,,
2021/07/29,50,GLH,66.51,472.0,494.0,465.5,490.0,490.00,0.0,0.0,481.53,"90,922.00",481.00,"43,782,048.30","1,024",9.0,28.5,1.87,6.12,1.73,540.00,299.00,,
2021/08/01,52,GLH,69.08,490.0,539.0,481.5,539.0,539.00,0.0,0.0,528.02,"188,288.00",490.00,"99,419,488.50","2,300",49.0,57.50,10.0,11.94,2.04,540.00,299.00,,
2021/08/02,50,GLH,68.61,549.0,555.9,520.0,531.0,531.00,0.0,0.0,537.43,"109,108.00",539.00,"58,638,238.10","1,414",-8.0,35.9,-1.48,6.9,-1.21,555.90,299.00,,
2021/08/03,50,GLH,67.67,525.0,582.9,520.0,577.2,577.20,0.0,0.0,561.36,"120,819.00",531.00,"67,822,633.60","1,421",46.2,62.9,8.7,12.1,2.74,582.90,299.00,,
2021/08/04,51,GLH,67.01,575.0,605.0,561.0,576.0,576.00,0.0,0.0,586.68,"162,806.00",577.20,"95,515,416.20","1,227",-1.2,44.0,-0.21,7.84,-1.85,605.00,299.00,,
2021/08/05,50,GLH,58.24,565.0,580.0,545.9,548.0,548.00,0.0,0.0,562.59,"86,828.00",576.00,"48,848,784.80","1,093",-28.0,34.1,-4.86,6.25,-2.66,605.00,299.00,,
2021/06/21,69,GLH,42.47,261.0,277.5,258.7,272.5,272.50,0.0,0.0,271.52,"211,469.00",258.00,"57,417,598.80",790,14.5,18.8,5.62,7.27,0.36,306.30,223.80,263.78,260.53
2021/06/22,49,GLH,57.28,390.0,395.0,370.0,395.0,395.00,0.0,0.0,382.04,"16,943.00",379.00,"6,472,941.00",431,16.0,25.0,4.22,6.76,3.28,463.00,299.00,,
2021/06/23,49,GLH,42.35,414.0,414.0,378.0,378.0,378.00,0.0,0.0,382.82,"10,287.00",395.00,"3,938,060.00",339,-17.0,36.00,-4.3,9.52,-1.27,463.00,299.00,,
2021/06/24,51,GLH,53.14,380.0,385.0,375.0,378.0,378.00,0.0,0.0,378.74,"13,588.00",378.00,"5,146,275.00",391,0.00,10.0,0.0,2.67,-0.19,463.00,299.00,,
2021/06/27,51,GLH,54.59,378.0,390.0,375.0,378.0,378.00,0.0,0.0,378.36,"14,232.00",378.00,"5,384,814.00",500,0.0,15.0,0.0,4.0,-0.1,463.00,299.00,,
2021/06/28,48,GLH,44.47,396.0,396.0,371.0,373.0,373.00,0.0,0.0,375.00,"20,718.00",378.00,"7,769,171.00",422,-5.0,25.0,-1.32,6.74,-0.54,463.00,299.00,,
2021/06/29,50,GLH,43.53,371.0,375.0,364.0,365.0,365.00,0.0,0.0,368.50,"13,517.00",373.00,"4,981,029.00",417,-8.0,11.0,-2.14,3.02,-0.96,463.00,299.00,,
2021/06/30,47,GLH,42.80,365.0,366.0,355.0,360.0,360.00,0.0,0.0,358.11,"8,884.00",365.00,"3,181,493.00",322,-5.0,11.0,-1.37,3.1,0.52,463.00,299.00,,
2021/07/01,49,GLH,42.51,356.0,377.0,356.0,367.0,367.00,0.0,0.0,365.46,"11,414.00",360.00,"4,171,405.00",414,7.0,21.0,1.94,5.9,0.42,463.00,299.00,,
2021/07/04,48,GLH,41.32,360.0,370.0,359.0,359.0,359.00,0.0,0.0,363.21,"10,541.00",367.00,"3,828,549.00",521,-8.0,11.0,-2.18,3.06,-1.17,463.00,299.00,,
2021/07/05,48,GLH,46.79,355.0,364.0,352.0,353.0,353.00,0.0,0.0,355.87,"9,856.00",359.00,"3,507,490.00",404,-6.0,12.00,-1.67,3.41,-0.81,463.00,299.00,,
2021/07/06,48,GLH,46.17,345.0,365.0,345.0,351.0,351.00,0.0,0.0,352.70,"6,545.00",353.00,"2,308,450.00",341,-2.00,20.00,-0.57,5.8,-0.49,463.00,299.00,,
2021/07/07,49,GLH,40.72,355.0,355.0,342.0,342.0,342.00,0.0,0.0,346.43,"8,155.00",351.00,"2,825,115.00",279,-9.0,13.00,-2.56,3.8,-1.29,463.00,299.00,,
2021/07/08,52,GLH,53.96,339.0,355.0,339.0,349.0,349.00,0.0,0.0,343.54,"10,036.00",342.00,"3,447,740.00",329,7.00,16.0,2.05,4.72,1.57,463.00,299.00,,
2021/07/11,49,GLH,61.99,350.0,372.0,349.0,370.0,370.00,0.0,0.0,360.57,"9,414.00",349.00,"3,394,381.00",385,21.0,23.0,6.02,6.59,2.55,463.00,299.00,,
2021/07/12,50,GLH,60.88,365.0,373.0,353.0,358.0,358.00,0.0,0.0,360.77,"17,708.00",370.00,"6,388,428.00",336,-12.0,20.0,-3.24,5.67,-0.77,463.00,299.00,,
2021/05/27,48,GLH,70.93,401.0,434.0,400.0,420.0,420.00,0.0,0.0,419.60,"116,366.00",401.00,"48,827,506.00","2,011",19.00,34.00,4.74,8.5,0.09,435.00,299.00,,
2021/05/30,49,GLH,68.47,425.0,443.0,399.0,402.0,402.00,0.0,0.0,412.56,"72,953.00",420.00,"30,097,825.00","1,181",-18.0,44.00,-4.29,11.03,-2.63,443.00,299.00,,
2021/05/31,50,GLH,58.51,382.0,407.0,382.0,388.0,388.00,0.0,0.0,393.69,"33,760.00",402.00,"13,291,032.00",791,-14.00,25.00,-3.48,6.54,-1.47,443.00,299.00,,
2021/06/01,47,GLH,51.44,385.0,390.0,378.0,381.0,381.00,0.0,0.0,382.72,"20,792.00",388.00,"7,957,424.00",544,-7.0,12.0,-1.8,3.17,-0.45,443.00,299.00,,
2021/06/02,49,GLH,51.92,376.0,393.0,376.0,392.0,392.00,0.0,0.0,386.65,"22,681.00",381.00,"8,769,623.00",620,11.00,17.00,2.89,4.52,1.36,443.00,299.00,,
2021/06/03,47,GLH,52.88,392.0,394.0,381.0,383.0,383.00,0.0,0.0,384.30,"29,683.00",392.00,"11,407,086.00",597,-9.0,13.00,-2.3,3.41,-0.34,443.00,299.00,,
2021/06/06,48,GLH,54.82,383.0,385.0,370.0,374.0,374.00,0.0,0.0,376.11,"35,202.00",383.00,"13,239,931.00",672,-9.0,15.00,-2.35,4.05,-0.56,443.00,299.00,,
2021/06/07,49,GLH,68.20,380.0,386.0,373.0,383.0,383.00,0.0,0.0,382.05,"31,129.00",374.00,"11,892,925.00",710,9.0,13.0,2.41,3.49,0.25,443.00,299.00,,
2021/06/08,48,GLH,52.75,378.0,393.0,378.0,382.0,382.00,0.0,0.0,385.95,"37,584.00",383.00,"14,505,409.00",683,-1.0,15.0,-0.26,3.97,-1.03,443.00,299.00,,
2021/06/09,49,GLH,56.44,382.0,388.0,378.0,378.0,378.00,0.0,0.0,382.22,"22,164.00",382.00,"8,471,591.00",447,-4.0,10.0,-1.05,2.65,-1.12,443.00,299.00,,
2021/06/10,49,GLH,73.89,361.0,415.0,361.0,415.0,415.00,0.0,0.0,404.07,"89,320.00",378.00,"36,091,807.00","1,500",37.0,54.0,9.79,14.96,2.63,443.00,299.00,,
2021/06/13,48,GLH,77.46,435.0,444.0,403.0,441.0,441.00,0.0,0.0,435.57,"159,930.00",415.00,"69,660,187.00","2,357",26.0,41.0,6.27,10.17,1.23,444.00,299.00,,
2021/06/14,50,GLH,76.63,463.0,463.0,423.0,424.0,424.00,0.0,0.0,432.09,"68,732.00",441.00,"29,698,389.00","1,210",-17.0,40.00,-3.85,9.46,-1.91,463.00,299.00,,
2021/06/15,49,GLH,72.18,415.0,428.0,406.0,410.0,410.00,0.0,0.0,414.54,"55,734.00",424.00,"23,103,988.00",941,-14.0,22.0,-3.3,5.42,-1.11,463.00,299.00,,
2021/06/16,49,GLH,52.28,402.0,415.0,383.0,392.0,392.00,0.0,0.0,396.71,"39,748.00",410.00,"15,768,325.00",808,-18.0,32.00,-4.39,8.36,-1.2,463.00,299.00,,
2021/06/17,51,GLH,50.63,393.0,409.0,384.0,397.0,397.00,0.0,0.0,391.10,"21,852.00",392.00,"8,546,222.00",686,5.0,25.0,1.28,6.51,1.49,463.00,299.00,,
2021/05/03,47,GLH,64.37,368.0,382.0,368.0,371.0,371.00,0.0,0.0,372.45,"19,169.00",375.00,"7,139,555.00",767,-4.0,14.0,-1.07,3.8,-0.39,435.00,299.00,,
2021/05/04,47,GLH,68.82,373.0,383.0,364.0,383.0,383.00,0.0,0.0,372.40,"21,924.00",371.00,"8,164,538.00",780,12.0,19.0,3.23,5.22,2.77,435.00,299.00,,
2021/05/05,49,GLH,68.53,383.0,405.0,369.0,400.0,400.00,0.0,0.0,393.03,"56,811.00",383.00,"22,328,554.00","1,478",17.0,36.0,4.44,9.76,1.74,435.00,299.00,,
2021/05/06,47,GLH,65.32,405.0,405.0,382.0,388.0,388.00,0.0,0.0,387.44,"19,453.00",400.00,"7,536,912.00",804,-12.0,23.00,-3.0,6.02,0.14,435.00,299.00,,
2021/05/09,48,GLH,68.5,407.0,407.0,375.0,384.0,384.00,0.0,0.0,382.61,"32,899.00",388.00,"12,587,489.00",904,-4.0,32.0,-1.03,8.53,0.36,435.00,299.00,,
2021/05/10,48,GLH,64.5,403.0,422.0,369.0,386.0,386.00,0.0,0.0,378.23,"16,664.00",384.00,"6,302,749.00",643,2.00,53.00,0.52,14.36,2.01,435.00,299.00,,
2021/05/11,48,GLH,52.4,379.0,394.0,372.0,393.0,393.00,0.0,0.0,388.48,"22,186.00",386.00,"8,618,911.00",715,7.0,22.00,1.81,5.91,1.15,435.00,299.00,,
2021/05/12,47,GLH,72.14,400.0,400.0,385.0,393.0,393.00,0.0,0.0,391.95,"47,981.00",393.00,"18,806,097.00",751,0.00,15.00,0.0,3.9,0.27,435.00,299.00,,
2021/05/13,47,GLH,71.27,395.0,400.0,390.0,399.0,399.00,0.0,0.0,396.69,"39,488.00",393.00,"15,664,321.00","1,030",6.0,10.00,1.53,2.56,0.58,435.00,299.00,,
2021/05/16,48,GLH,72.33,399.0,399.0,383.0,388.0,388.00,0.0,0.0,387.44,"46,265.00",399.00,"17,924,917.00",737,-11.0,16.00,-2.76,4.18,0.14,435.00,299.00,,
2021/05/17,47,GLH,55.12,369.0,390.0,369.0,389.0,389.00,0.0,0.0,385.95,"36,107.00",388.00,"13,935,580.00",739,1.0,21.0,0.26,5.69,0.78,435.00,299.00,,
2021/05/18,48,GLH,76.69,383.0,417.0,383.0,406.0,406.00,0.0,0.0,407.28,"87,505.00",389.00,"35,638,950.00","1,850",17.0,34.0,4.37,8.88,-0.32,435.00,299.00,,
2021/05/19,47,GLH,52.03,410.0,410.0,392.0,393.0,393.00,0.0,0.0,397.02,"18,488.00",406.00,"7,340,143.00",690,-13.0,18.0,-3.2,4.59,-1.02,435.00,299.00,,
2021/05/20,47,GLH,56.46,395.0,402.0,386.0,388.0,388.00,0.0,0.0,389.78,"17,114.00",393.00,"6,670,731.00",544,-5.0,16.0,-1.27,4.15,-0.46,435.00,299.00,,
2021/05/23,48,GLH,61.36,380.0,395.0,380.0,391.0,391.00,0.0,0.0,389.10,"20,910.00",388.00,"8,136,005.00",670,3.0,15.0,0.77,3.95,0.49,435.00,299.00,,
2021/05/24,48,GLH,55.8,398.0,398.0,386.0,387.0,387.00,0.0,0.0,389.38,"31,570.00",391.00,"12,292,787.00",622,-4.0,12.00,-1.02,3.11,-0.62,435.00,299.00,,
2021/04/06,46,GLH,50.99,370.0,377.0,365.0,374.0,374.00,0.0,0.0,374.11,"17,225.00",377.00,"6,444,115.00",839,-3.00,12.0,-0.8,3.29,-0.03,435.00,299.00,,
2021/04/07,45,GLH,52.32,389.0,389.0,362.0,373.0,373.00,0.0,0.0,373.98,"17,295.00",374.00,"6,468,018.00",782,-1.0,27.0,-0.27,7.46,-0.26,435.00,299.00,,
2021/04/08,46,GLH,63.33,390.0,410.0,371.0,410.0,410.00,0.0,0.0,400.24,"81,311.00",373.00,"32,544,212.00","2,148",37.0,39.0,9.92,10.51,2.38,435.00,299.00,,
2021/04/12,45,GLH,62.45,430.0,430.0,400.0,401.0,401.00,0.0,0.0,408.05,"47,381.00",410.00,"19,333,751.00","1,594",-9.0,30.0,-2.2,7.5,-1.76,435.00,299.00,,
2021/04/13,46,GLH,58.62,381.0,409.0,381.0,397.0,397.00,0.0,0.0,398.93,"17,889.00",401.00,"7,136,378.00",843,-4.0,28.0,-1.0,7.35,-0.49,435.00,299.00,,
2021/04/15,49,GLH,58.64,405.0,410.0,388.0,393.0,393.00,0.0,0.0,394.13,"18,195.00",397.00,"7,171,269.00",916,-4.0,22.0,-1.01,5.67,-0.29,435.00,299.00,,
2021/04/18,45,GLH,47.67,400.0,400.0,386.0,390.0,390.00,0.0,0.0,388.87,"12,353.00",393.00,"4,803,746.00",851,-3.0,14.0,-0.76,3.63,0.29,435.00,299.00,,
2021/04/19,46,GLH,45.44,409.0,409.0,372.0,383.0,383.00,0.0,0.0,384.45,"12,506.00",390.00,"4,807,956.00",788,-7.0,37.0,-1.79,9.95,-0.38,435.00,299.00,,
2021/04/20,46,GLH,48.57,376.0,392.0,376.0,391.0,391.00,0.0,0.0,384.23,"14,831.00",383.00,"5,698,555.00",892,8.00,16.0,2.09,4.26,1.73,435.00,299.00,,
2021/04/21,45,GLH,45.1,391.0,395.0,381.0,388.0,388.00,0.0,0.0,383.88,"9,608.00",391.00,"3,688,340.00",685,-3.00,14.0,-0.77,3.67,1.06,435.00,299.00,,
2021/04/22,46,GLH,50.57,381.0,386.0,374.0,386.0,386.00,0.0,0.0,380.87,"12,225.00",388.00,"4,656,120.00",878,-2.0,12.0,-0.52,3.21,1.33,435.00,299.00,,
2021/04/25,46,GLH,49.24,379.0,379.0,364.0,372.0,372.00,0.0,0.0,369.38,"20,901.00",386.00,"7,720,371.00","1,219",-14.0,15.0,-3.63,4.12,0.7,435.00,299.00,,
2021/04/26,47,GLH,46.31,365.0,365.0,345.0,356.0,356.00,0.0,0.0,352.37,"26,868.00",372.00,"9,467,544.00",986,-16.0,20.0,-4.3,5.8,1.02,435.00,299.00,,
2021/04/27,47,GLH,48.29,350.0,369.0,349.0,368.0,368.00,0.0,0.0,359.81,"13,009.00",356.00,"4,680,746.00",637,12.0,20.0,3.37,5.73,2.23,435.00,299.00,,
2021/04/28,47,GLH,42.4,386.0,386.0,353.0,360.0,360.00,0.0,0.0,364.01,"7,244.00",368.00,"2,636,917.00",430,-8.00,33.0,-2.17,9.35,-1.11,435.00,299.00,,
2021/04/29,47,GLH,53.1,350.0,374.0,350.0,367.0,367.00,0.0,0.0,365.89,"13,195.00",360.00,"4,827,880.00",542,7.0,24.0,1.94,6.86,0.3,435.00,299.00,,
2021/03/16,47,GLH,49.44,299.0,328.0,299.0,328.0,328.00,0.0,0.0,326.98,"10,180.00",299.00,"3,328,672.00","1,019",29.00,29.00,9.7,9.7,0.31,328.00,299.00,,
2021/03/17,46,GLH,63.85,344.0,360.0,344.0,360.0,360.00,0.0,0.0,359.77,"35,073.00",328.00,"12,618,280.00","1,655",32.0,16.0,9.76,4.65,0.06,360.00,299.00,,
2021/03/18,47,GLH,65.71,378.0,396.0,378.0,396.0,396.00,0.0,0.0,395.79,"26,900.00",360.00,"10,646,630.00","2,124",36.0,18.0,10.0,4.76,0.05,396.00,299.00,,
2021/03/21,48,GLH,66.03,415.0,435.0,357.0,372.0,372.00,0.0,0.0,408.59,"234,228.00",396.00,"95,703,828.00","14,947",-24.00,78.00,-6.06,21.85,-9.84,435.00,299.00,,
2021/03/22,46,GLH,59.76,372.0,392.0,340.0,392.0,392.00,0.0,0.0,352.74,"46,079.00",372.00,"16,253,724.00","4,147",20.0,52.0,5.38,15.29,10.02,435.00,299.00,,
2021/03/23,46,GLH,55.28,411.0,411.0,363.0,388.0,388.00,0.0,0.0,377.78,"33,100.00",392.00,"12,504,581.00","2,245",-4.00,48.00,-1.02,13.22,2.63,435.00,299.00,,
2021/03/24,46,GLH,53.48,395.0,416.0,370.0,399.0,399.00,0.0,0.0,389.91,"59,650.00",388.00,"23,258,178.00","2,230",11.00,46.00,2.84,12.43,2.28,435.00,299.00,,
2021/03/25,46,GLH,53.2,410.0,410.0,378.0,389.0,389.00,0.0,0.0,389.47,"28,220.00",399.00,"10,990,910.00","1,445",-10.0,32.00,-2.51,8.47,-0.12,435.00,299.00,,
2021/03/29,47,GLH,45.6,395.0,395.0,372.0,380.0,380.00,0.0,0.0,378.16,"26,750.00",389.00,"10,115,667.00","1,544",-9.0,23.00,-2.31,6.18,0.49,435.00,299.00,,
2021/03/30,47,GLH,47.47,375.0,390.0,368.0,379.0,379.00,0.0,0.0,377.32,"20,562.00",380.00,"7,758,416.00","1,359",-1.0,22.0,-0.26,5.98,0.44,435.00,299.00,,
2021/03/31,47,GLH,48.56,392.0,392.0,370.0,380.0,380.00,0.0,0.0,376.99,"19,019.00",379.00,"7,170,050.00","1,010",1.0,22.0,0.26,5.95,0.79,435.00,299.00,,
2021/04/01,49,GLH,46.8,376.0,382.0,375.0,377.0,377.00,0.0,0.0,377.92,"15,626.00",380.00,"5,905,334.00",948,-3.00,7.00,-0.79,1.87,-0.24,435.00,299.00,,
2021/04/03,69,GLH,42.47,261.0,277.5,258.7,272.5,272.50,0.0,0.0,271.52,"211,469.00",258.00,"57,417,598.80",790,14.5,18.8,5.62,7.27,0.36,306.30,223.80,263.78,260.53
2021/04/04,46,GLH,52.88,395.0,395.0,372.0,380.0,380.00,0.0,0.0,377.87,"23,891.00",377.00,"9,027,808.00","1,184",3.0,23.00,0.8,6.18,0.56,435.00,299.00,,
2021/02/21,69,GLH,42.47,261.0,277.5,258.7,272.5,272.50,0.0,0.0,271.52,"211,469.00",258.00,"57,417,598.80",790,14.5,18.8,5.62,7.27,0.36,306.30,223.80,263.78,260.53
2021/04/05,46,GLH,49.76,380.0,385.0,373.0,377.0,377.00,0.0,0.0,375.69,"14,635.00",380.00,"5,498,165.00",867,-3.0,12.00,-0.79,3.22,0.35,435.00,299.00,,
2021/05/02,51,GLH,63.66,365.0,378.0,365.0,375.0,375.00,0.0,0.0,372.89,"13,085.00",367.00,"4,879,330.00",813,8.0,13.0,2.18,3.56,0.56,435.00,299.00,,
2021/05/25,48,GLH,66.65,382.0,408.0,382.0,401.0,401.00,0.0,0.0,399.88,"52,861.00",387.00,"21,137,832.00","1,123",14.00,26.00,3.62,6.81,0.28,435.00,299.00,,
2021/06/20,51,GLH,48.36,390.0,392.0,380.0,382.0,382.00,0.0,0.0,384.24,"29,029.00",397.00,"11,154,248.00",684,-15.0,12.00,-3.78,3.16,-0.59,463.00,299.00,,
2021/07/13,48,GLH,61.26,356.0,362.0,351.0,358.0,358.00,0.0,0.0,358.67,"9,544.00",358.00,"3,423,157.00",248,0.0,11.0,0.0,3.13,-0.19,463.00,299.00,,
2021/08/08,49,GLH,62.27,548.0,602.8,538.5,590.0,590.00,0.0,0.0,580.03,"110,745.00",548.00,"64,234,918.60","1,378",42.0,64.3,7.66,11.94,1.69,605.00,299.00,,
2021/09/05,48,GLH,34.55,501.7,501.7,460.8,460.8,460.80,0.0,0.0,468.50,"23,416.00",511.90,"10,970,492.10",417,-51.1,40.9,-9.98,8.88,-1.67,657.00,299.00,,
2021/09/28,47,GLH,33.08,429.3,443.0,396.0,422.0,422.00,0.0,0.0,410.69,"17,691.00",438.00,"7,265,513.80",331,-16.0,47.0,-3.65,11.87,2.68,657.00,299.00,,
2021/10/27,49,GLH,66.24,491.6,511.4,456.2,495.1,495.10,0.0,0.0,477.70,"30,510.00",482.00,"14,574,576.30",291,13.10,55.2,2.72,12.1,3.51,657.00,299.00,,
2021/11/24,48,GLH,51.0,455.0,487.0,444.0,480.0,480.00,0.0,0.0,460.39,"9,570.00",462.00,"4,405,926.00",319,18.00,43.0,3.9,9.68,4.09,657.00,299.00,,
2021/12/20,48,GLH,39.02,365.0,372.3,349.4,351.0,351.00,0.0,0.0,355.24,"5,667.00",365.00,"2,013,163.60",135,-14.0,22.9,-3.84,6.55,-1.21,657.00,299.00,,
2022/01/13,48,GLH,59.47,466.0,495.0,460.0,489.0,489.00,0.0,0.0,479.59,"12,611.00",475.00,"6,048,172.00",258,14.0,35.0,2.95,7.61,1.92,657.00,299.00,,
2022/02/08,49,GLH,41.59,512.5,522.7,491.2,493.0,493.00,0.0,0.0,501.94,"8,396.00",502.90,"4,214,251.60",257,-9.9,31.5,-1.97,6.41,-1.81,657.00,299.00,,
2022/03/07,51,GLH,41.87,462.5,462.5,437.0,461.0,461.00,0.0,0.0,450.31,"7,752.00",454.00,"3,490,803.20",164,7.0,25.5,1.54,5.84,2.32,657.00,299.00,,
2021/01/13,69,GLH,42.47,261.0,277.5,258.7,272.5,272.50,0.0,0.0,271.52,"211,469.00",258.00,"57,417,598.80",790,14.5,18.8,5.62,7.27,0.36,306.30,223.80,263.78,260.53
2020/12/04,69,GLH,42.47,261.0,277.5,258.7,272.5,272.50,0.0,0.0,271.52,"211,469.00",258.00,"57,417,598.80",790,14.5,18.8,5.62,7.27,0.36,306.30,223.80,263.78,260.53
2020/10/25,69,GLH,42.47,261.0,277.5,258.7,272.5,272.50,0.0,0.0,271.52,"211,469.00",258.00,"57,417,598.80",790,14.5,18.8,5.62,7.27,0.36,306.30,223.80,263.78,260.53
2020/09/22,69,GLH,42.47,261.0,277.5,258.7,272.5,272.50,0.0,0.0,271.52,"211,469.00",258.00,"57,417,598.80",790,14.5,18.8,5.62,7.27,0.36,306.30,223.80,263.78,260.53
2020/09/23,69,GLH,42.47,261.0,277.5,258.7,272.5,272.50,0.0,0.0,271.52,"211,469.00",258.00,"57,417,598.80",790,14.5,18.8,5.62,7.27,0.36,306.30,223.80,263.78,260.53
2020/09/13,69,GLH,42.47,261.0,277.5,258.7,272.5,272.50,0.0,0.0,271.52,"211,469.00",258.00,"57,417,598.80",790,14.5,18.8,5.62,7.27,0.36,306.30,223.80,263.78,260.53
2020/08/05,69,GLH,42.47,261.0,277.5,258.7,272.5,272.50,0.0,0.0,271.52,"211,469.00",258.00,"57,417,598.80",790,14.5,18.8,5.62,7.27,0.36,306.30,223.80,263.78,260.53
2020/06/22,69,GLH,42.47,261.0,277.5,258.7,272.5,272.50,0.0,0.0,271.52,"211,469.00",258.00,"57,417,598.80",790,14.5,18.8,5.62,7.27,0.36,306.30,223.80,263.78,260.53
2020/02/15,69,GLH,42.47,261.0,277.5,258.7,272.5,272.50,0.0,0.0,271.52,"211,469.00",258.00,"57,417,598.80",790,14.5,18.8,5.62,7.27,0.36,306.30,223.80,263.78,260.53
2019/11/20,69,GLH,42.47,261.0,277.5,258.7,272.5,272.50,0.0,0.0,271.52,"211,469.00",258.00,"57,417,598.80",790,14.5,18.8,5.62,7.27,0.36,306.30,223.80,263.78,260.53
2019/08/25,69,GLH,42.47,261.0,277.5,258.7,272.5,272.50,0.0,0.0,271.52,"211,469.00",258.00,"57,417,598.80",790,14.5,18.8,5.62,7.27,0.36,306.30,223.80,263.78,260.53
2019/06/02,69,GLH,42.47,261.0,277.5,258.7,272.5,272.50,0.0,0.0,271.52,"211,469.00",258.00,"57,417,598.80",790,14.5,18.8,5.62,7.27,0.36,306.30,223.80,263.78,260.53
2019/04/21,69,GLH,42.47,261.0,277.5,258.7,272.5,272.50,0.0,0.0,271.52,"211,469.00",258.00,"57,417,598.80",790,14.5,18.8,5.62,7.27,0.36,306.30,223.80,263.78,260.53
2019/03/10,69,GLH,42.47,261.0,277.5,258.7,272.5,272.50,0.0,0.0,271.52,"211,469.00",258.00,"57,417,598.80",790,14.5,18.8,5.62,7.27,0.36,306.30,223.80,263.78,260.53
2018/09/19,69,GLH,42.47,261.0,277.5,258.7,272.5,272.50,0.0,0.0,271.52,"211,469.00",258.00,"57,417,598.80",790,14.5,18.8,5.62,7.27,0.36,306.30,223.80,263.78,260.53
2018/12/13,69,GLH,42.47,261.0,277.5,258.7,272.5,272.50,0.0,0.0,271.52,"211,469.00",258.00,"57,417,598.80",790,14.5,18.8,5.62,7.27,0.36,306.30,223.80,263.78,260.53
2019/08/19,69,GLH,42.47,261.0,277.5,258.7,272.5,272.50,0.0,0.0,271.52,"211,469.00",258.00,"57,417,598.80",790,14.5,18.8,5.62,7.27,0.36,306.30,223.80,263.78,260.53
2018/05/16,69,GLH,42.47,261.0,277.5,258.7,272.5,272.50,0.0,0.0,271.52,"211,469.00",258.00,"57,417,598.80",790,14.5,18.8,5.62,7.27,0.36,306.30,223.80,263.78,260.53
2018/04/06,69,GLH,42.47,261.0,277.5,258.7,272.5,272.50,0.0,0.0,271.52,"211,469.00",258.00,"57,417,598.80",790,14.5,18.8,5.62,7.27,0.36,306.30,223.80,263.78,260.53
2018/02/25,69,GLH,42.47,261.0,277.5,258.7,272.5,272.50,0.0,0.0,271.52,"211,469.00",258.00,"57,417,598.80",790,14.5,18.8,5.62,7.27,0.36,306.30,223.80,263.78,260.53
2017/11/16,69,GLH,42.47,261.0,277.5,258.7,272.5,272.50,0.0,0.0,271.52,"211,469.00",258.00,"57,417,598.80",790,14.5,18.8,5.62,7.27,0.36,306.30,223.80,263.78,260.53
2017/10/19,69,GLH,42.47,261.0,277.5,258.7,272.5,272.50,0.0,0.0,271.52,"211,469.00",258.00,"57,417,598.80",790,14.5,18.8,5.62,7.27,0.36,306.30,223.80,263.78,260.53
2017/09/06,69,GLH,42.47,261.0,277.5,258.7,272.5,272.50,0.0,0.0,271.52,"211,469.00",258.00,"57,417,598.80",790,14.5,18.8,5.62,7.27,0.36,306.30,223.80,263.78,260.53
2017/06/12,69,GLH,42.47,261.0,277.5,258.7,272.5,272.50,0.0,0.0,271.52,"211,469.00",258.00,"57,417,598.80",790,14.5,18.8,5.62,7.27,0.36,306.30,223.80,263.78,260.53
2017/04/30,69,GLH,42.47,261.0,277.5,258.7,272.5,272.50,0.0,0.0,271.52,"211,469.00",258.00,"57,417,598.80",790,14.5,18.8,5.62,7.27,0.36,306.30,223.80,263.78,260.53
