Date,S.No,Symbol,Conf.,Open,High,Low,Close,LTP,Close - LTP,Close - LTP %,VWAP,Vol,Prev. Close,Turnover,Trans.,Diff,Range,Diff %,Range %,VWAP %,52 Weeks High,52 Weeks Low,120 Days,180 Days
2025/08/25,72,GUFL,34.77,532.0,536.8,529.2,533.45,536.00,-2.55,0.0,532.39,"6,416.00",529.56,"3,415,796.90",84,3.89,7.6,0.73,1.44,0.2,929.00,521.50,,
2025/08/26,73,GUFL,32.22,534.0,537.9,530.0,534.21,535.00,-0.79,0.0,532.67,"4,267.00",533.45,"2,272,911.90",39,0.76,7.9,0.14,1.49,0.29,897.00,521.50,,
2025/08/27,75,GUFL,38.08,543.9,543.9,530.3,538.33,539.00,-0.67,0.0,534.93,"10,275.00",534.21,"5,496,408.80",91,4.12,13.6,0.77,2.56,0.63,897.00,521.50,,
2025/08/28,77,GUFL,35.49,548.9,548.9,530.5,531.34,530.50,0.84,0.0,534.05,"8,114.00",538.33,"4,333,257.80",83,-6.99,18.4,-1.3,3.47,-0.51,897.00,521.50,,
2025/08/31,73,GUFL,34.78,530.0,535.0,525.4,525.55,527.00,-1.45,0.0,527.71,"7,721.00",531.34,"4,074,467.00",82,-5.79,9.6,-1.09,1.83,-0.41,897.00,521.50,,
2025/09/01,75,GUFL,32.34,516.0,534.0,516.0,526.95,525.10,1.85,0.0,525.44,"3,914.00",525.55,"2,056,564.20",76,1.4,18.0,0.27,3.49,0.29,897.00,516.00,,
2025/09/02,75,GUFL,33.51,529.0,534.9,520.0,523.32,525.00,-1.68,0.0,524.73,"7,066.00",526.95,"3,707,769.80",90,-3.63,14.9,-0.69,2.87,-0.27,897.00,516.00,,
2025/09/03,79,GUFL,35.38,524.0,538.0,513.0,514.27,518.00,-3.73,-0.01,518.68,"11,244.00",523.32,"5,831,991.20",107,-9.05,25.0,-1.73,4.87,-0.86,897.00,513.00,,
2025/09/04,77,GUFL,36.62,524.5,565.0,509.6,519.14,515.00,4.14,0.01,518.83,"15,617.00",514.27,"8,102,507.90",130,4.87,55.4,0.95,10.87,0.06,870.00,509.60,,
2025/09/07,80,GUFL,33.28,529.5,529.5,509.0,511.68,509.00,2.68,0.01,516.45,"9,758.00",519.14,"5,039,498.80",94,-7.46,20.5,-1.44,4.03,-0.93,840.00,509.00,,
2025/09/08,75,GUFL,29.51,520.0,520.0,508.0,509.72,512.00,-2.28,0.0,510.03,"3,726.00",511.68,"1,900,367.00",50,-1.96,12.0,-0.38,2.36,-0.06,840.00,508.00,,
2025/09/18,60,GUFL,21.27,499.6,499.6,465.5,465.5,465.50,0.0,0.0,479.82,"2,390.00",509.72,"1,146,772.00",22,-44.22,34.1,-8.68,7.33,-3.08,840.00,465.50,,
2025/09/21,78,GUFL,34.62,465.5,512.0,465.5,499.45,500.00,-0.55,0.0,488.68,"17,352.00",465.50,"8,479,503.20",185,33.95,46.50,7.29,9.99,2.16,840.00,465.50,,
2025/09/23,76,GUFL,35.9,509.4,517.0,500.0,512.0,512.00,0.0,0.0,510.92,"5,474.00",499.45,"2,796,751.20",70,12.55,17.0,2.51,3.4,0.21,840.00,465.50,,
2025/09/24,71,GUFL,33.25,521.0,521.0,500.0,510.0,510.00,0.0,0.0,502.29,"4,205.00",512.00,"2,112,140.00",58,-2.00,21.0,-0.39,4.2,1.51,840.00,465.50,,
2025/09/25,75,GUFL,31.47,513.0,518.5,500.0,507.9,507.90,0.0,0.0,505.88,"1,258.00",510.00,"636,395.00",25,-2.1,18.5,-0.41,3.7,0.4,840.00,465.50,554.54,582.06
2025/07/30,73,GUFL,31.42,592.0,603.0,579.0,581.41,581.00,0.41,0.0,586.91,"17,809.00",598.33,"10,452,230.90",168,-16.92,24.0,-2.83,4.15,-0.95,"1,041.00",521.50,,
2025/07/31,73,GUFL,34.36,578.0,601.0,574.0,581.86,581.00,0.86,0.0,586.07,"31,867.00",581.41,"18,676,419.70",261,0.45,27.0,0.08,4.7,-0.72,"1,041.00",521.50,,
2025/08/03,74,GUFL,29.32,570.4,590.0,570.0,570.73,570.50,0.23,0.0,576.16,"14,561.00",581.86,"8,389,530.30",148,-11.13,20.0,-1.91,3.51,-0.95,"1,041.00",521.50,,
2025/08/04,75,GUFL,30.32,582.0,582.1,560.2,568.72,567.00,1.72,0.0,568.33,"20,826.00",570.73,"11,836,040.50",151,-2.01,21.9,-0.35,3.91,0.07,"1,041.00",521.50,,
2025/08/05,77,GUFL,28.12,578.0,578.0,560.0,560.51,560.00,0.51,0.0,564.41,"6,118.00",568.72,"3,453,053.50",87,-8.21,18.0,-1.44,3.21,-0.7,"1,041.00",521.50,,
2025/08/06,76,GUFL,27.04,560.0,571.0,556.0,559.87,556.00,3.87,0.01,563.01,"11,529.00",560.51,"6,490,960.00",88,-0.64,15.00,-0.11,2.7,-0.56,"1,041.00",521.50,,
2025/08/07,74,GUFL,22.34,571.0,571.0,561.0,563.78,563.20,0.58,0.0,563.90,"5,854.00",559.87,"3,301,083.80",64,3.91,10.0,0.7,1.78,-0.02,"1,041.00",521.50,,
2025/08/11,76,GUFL,25.43,555.7,566.8,550.0,553.48,550.00,3.48,0.01,556.36,"10,699.00",563.78,"5,952,450.40",113,-10.3,16.8,-1.83,3.05,-0.52,"1,041.00",521.50,,
2025/08/12,76,GUFL,24.4,550.0,561.0,543.0,546.83,546.10,0.73,0.0,548.31,"10,350.00",553.48,"5,675,005.80",104,-6.65,18.0,-1.2,3.31,-0.27,"1,041.00",521.50,,
2025/08/13,70,GUFL,24.02,554.9,555.0,543.0,543.85,544.00,-0.15,0.0,548.40,"9,194.00",546.83,"5,042,009.90",78,-2.98,12.0,-0.54,2.21,-0.84,"1,041.00",521.50,,
2025/08/14,72,GUFL,23.19,554.0,554.0,543.0,543.35,543.00,0.35,0.0,544.63,"5,972.00",543.85,"3,252,528.50",80,-0.5,11.0,-0.09,2.03,-0.24,"1,041.00",521.50,,
2025/08/17,70,GUFL,31.63,541.0,543.9,530.0,532.07,530.00,2.07,0.0,535.34,"17,113.00",543.35,"9,161,339.30",155,-11.28,13.9,-2.08,2.62,-0.62,980.00,521.50,,
2025/08/18,77,GUFL,28.17,540.0,540.0,532.1,535.16,535.00,0.16,0.0,535.90,"5,964.00",532.07,"3,196,122.70",64,3.09,7.9,0.58,1.48,-0.14,980.00,521.50,,
2025/08/19,72,GUFL,31.71,534.0,556.4,534.0,540.05,540.00,0.05,0.0,540.02,"7,091.00",535.16,"3,829,300.90",69,4.89,22.4,0.91,4.19,0.01,980.00,521.50,,
2025/08/20,76,GUFL,31.18,543.0,549.8,535.0,536.7,535.00,1.7,0.0,538.62,"6,828.00",540.05,"3,677,708.40",71,-3.35,14.8,-0.62,2.77,-0.36,980.00,521.50,,
2025/08/21,72,GUFL,32.05,535.0,537.0,532.5,534.51,537.00,-2.49,0.0,534.07,"9,231.00",536.70,"4,930,038.40",74,-2.19,4.5,-0.41,0.85,0.08,980.00,521.50,,
2025/07/07,70,GUFL,45.7,560.0,562.0,540.0,542.16,548.00,-5.84,-0.01,548.54,"18,433.00",566.89,"10,111,161.80",187,-24.73,22.0,-4.36,4.07,-1.18,"1,041.00",521.50,,
2025/07/08,71,GUFL,44.4,541.0,551.9,541.0,550.12,551.00,-0.88,0.0,547.89,"7,496.00",542.16,"4,106,995.20",78,7.96,10.9,1.47,2.01,0.41,"1,041.00",521.50,,
2025/07/09,70,GUFL,45.33,550.2,556.0,547.0,551.75,553.00,-1.25,0.0,550.79,"6,015.00",550.12,"3,313,005.40",38,1.63,9.0,0.3,1.65,0.17,"1,041.00",521.50,,
2025/07/10,71,GUFL,46.99,553.0,565.0,553.0,558.18,559.00,-0.82,0.0,556.89,"12,866.00",551.75,"7,164,973.00",121,6.43,12.0,1.17,2.17,0.23,"1,041.00",521.50,,
2025/07/13,71,GUFL,32.46,569.3,590.0,560.0,562.81,560.00,2.81,0.01,569.05,"23,941.00",558.18,"13,623,627.40",170,4.63,30.0,0.83,5.36,-1.11,"1,041.00",521.50,,
2025/07/14,75,GUFL,44.63,569.59,569.59,555.0,560.65,560.20,0.45,0.0,558.68,"15,446.00",562.81,"8,629,407.30",120,-2.16,14.59,-0.38,2.63,0.35,"1,041.00",521.50,,
2025/07/15,72,GUFL,48.7,568.0,579.9,560.0,577.57,577.00,0.57,0.0,575.13,"31,343.00",560.65,"18,026,445.50",242,16.92,19.90,3.02,3.55,0.42,"1,041.00",521.50,,
2025/07/16,77,GUFL,46.12,589.0,589.0,580.1,583.63,582.00,1.63,0.0,582.62,"14,359.00",577.57,"8,365,820.20",146,6.06,8.9,1.05,1.53,0.17,"1,041.00",521.50,,
2025/07/17,70,GUFL,45.94,589.9,600.0,579.2,593.68,595.00,-1.32,0.0,593.72,"18,271.00",583.63,"10,847,936.60",179,10.05,20.80,1.72,3.59,-0.01,"1,041.00",521.50,,
2025/07/20,72,GUFL,45.15,590.0,600.0,575.0,577.59,575.00,2.59,0.0,589.25,"39,323.00",593.68,"23,171,102.10",281,-16.09,25.0,-2.71,4.35,-2.02,"1,041.00",521.50,,
2025/07/21,72,GUFL,41.59,585.0,585.0,560.0,575.22,575.80,-0.58,0.0,570.80,"37,549.00",577.59,"21,433,001.30",284,-2.37,25.0,-0.41,4.46,0.77,"1,041.00",521.50,,
2025/07/22,74,GUFL,38.3,585.0,590.0,575.1,586.38,584.90,1.48,0.0,584.13,"21,742.00",575.22,"12,700,081.80",188,11.16,14.9,1.94,2.59,0.38,"1,041.00",521.50,,
2025/07/23,73,GUFL,45.84,591.0,611.0,588.0,605.94,607.00,-1.06,0.0,600.51,"51,977.00",586.38,"31,212,848.10",395,19.56,23.00,3.34,3.91,0.9,"1,041.00",521.50,,
2025/07/24,74,GUFL,38.92,610.0,612.0,593.9,597.32,595.10,2.22,0.0,602.02,"23,923.00",605.94,"14,402,131.70",204,-8.62,18.1,-1.42,3.05,-0.79,"1,041.00",521.50,,
2025/07/27,75,GUFL,41.41,600.0,606.0,580.2,584.88,586.00,-1.12,0.0,595.11,"36,049.00",597.32,"21,453,133.80",308,-12.44,25.8,-2.08,4.45,-1.75,"1,041.00",521.50,,
2025/07/28,75,GUFL,43.19,580.0,601.0,574.3,597.27,601.00,-3.73,-0.01,586.46,"28,643.00",584.88,"16,797,938.90",238,12.39,26.7,2.12,4.65,1.81,"1,041.00",521.50,,
2025/06/12,72,GUFL,42.76,560.0,562.0,544.1,546.37,544.10,2.27,0.0,551.59,"10,857.00",549.72,"5,988,660.90",101,-3.35,17.9,-0.61,3.29,-0.96,"1,041.00",528.10,,
2025/06/15,74,GUFL,41.55,547.0,556.0,545.2,547.02,548.00,-0.98,0.0,547.37,"6,150.00",546.37,"3,366,313.50",53,0.65,10.8,0.12,1.98,-0.06,"1,041.00",528.10,,
2025/06/16,77,GUFL,33.74,550.0,550.0,543.1,544.15,544.30,-0.15,0.0,545.41,"6,066.00",547.02,"3,308,470.90",56,-2.87,6.9,-0.52,1.27,-0.23,"1,041.00",528.10,,
2025/06/17,72,GUFL,26.92,554.2,554.2,536.0,539.24,538.10,1.14,0.0,542.77,"7,578.00",544.15,"4,113,134.00",89,-4.91,18.2,-0.9,3.4,-0.66,"1,041.00",528.10,,
2025/06/18,73,GUFL,23.78,540.0,549.5,536.0,538.43,538.10,0.33,0.0,539.64,"4,939.00",539.24,"2,665,296.00",67,-0.81,13.5,-0.15,2.52,-0.23,"1,041.00",528.10,,
2025/06/19,77,GUFL,27.9,535.0,549.0,529.0,533.46,535.00,-1.54,0.0,534.60,"13,694.00",538.43,"7,320,814.60",132,-4.97,20.00,-0.92,3.78,-0.21,"1,041.00",528.10,,
2025/06/22,74,GUFL,26.87,535.0,545.0,530.0,531.25,530.20,1.05,0.0,535.00,"9,716.00",533.46,"5,198,033.90",97,-2.21,15.00,-0.41,2.83,-0.71,"1,041.00",528.10,,
2025/06/23,78,GUFL,29.55,531.2,541.8,530.1,536.11,535.60,0.51,0.0,534.41,"6,636.00",531.25,"3,546,319.40",71,4.86,11.70,0.91,2.21,0.32,"1,041.00",528.10,,
2025/06/24,77,GUFL,33.21,537.0,553.9,533.0,534.05,535.00,-0.95,0.0,537.59,"8,743.00",536.11,"4,700,186.50",84,-2.06,20.90,-0.38,3.92,-0.66,"1,041.00",528.10,,
2025/06/25,73,GUFL,31.34,535.1,540.0,529.0,529.9,533.00,-3.1,-0.01,531.83,"11,670.00",534.05,"6,206,406.80",106,-4.15,11.0,-0.78,2.08,-0.36,"1,041.00",528.10,,
2025/06/26,75,GUFL,31.47,513.0,518.5,500.0,507.9,507.90,0.0,0.0,505.88,"1,258.00",510.00,"636,395.00",25,-2.1,18.5,-0.41,3.7,0.4,840.00,465.50,554.54,582.06
2025/06/29,77,GUFL,38.39,536.0,536.0,528.0,532.07,532.50,-0.43,0.0,530.92,"9,732.00",530.84,"5,166,874.60",103,1.23,8.0,0.23,1.52,0.22,"1,041.00",528.00,,
2025/06/30,74,GUFL,22.82,521.5,540.0,521.5,529.4,529.50,-0.1,0.0,531.14,"3,680.00",532.07,"1,954,577.70",57,-2.67,18.50,-0.5,3.55,-0.33,"1,041.00",521.50,,
2025/07/01,72,GUFL,32.35,535.5,535.5,526.9,531.65,533.00,-1.35,0.0,529.51,"8,603.00",529.40,"4,555,379.40",81,2.25,8.6,0.43,1.63,0.4,"1,041.00",521.50,,
2025/07/02,73,GUFL,43.39,542.2,542.2,532.0,538.07,536.00,2.07,0.0,537.53,"12,654.00",531.65,"6,801,846.70",128,6.42,10.2,1.21,1.92,0.1,"1,041.00",521.50,,
2025/07/03,72,GUFL,45.3,544.0,565.0,539.0,556.4,555.00,1.4,0.0,553.32,"28,254.00",538.07,"15,633,427.10",217,18.33,26.0,3.41,4.82,0.55,"1,041.00",521.50,,
2025/05/18,69,GUFL,32.36,540.1,548.0,535.0,536.3,540.00,-3.7,-0.01,537.85,"8,379.00",540.35,"4,506,674.10",79,-4.05,13.0,-0.75,2.43,-0.29,"1,041.00",528.10,,
2025/05/19,74,GUFL,33.84,545.0,549.0,536.0,542.93,542.00,0.93,0.0,541.15,"8,478.00",536.30,"4,587,866.50",62,6.63,13.00,1.24,2.43,0.33,"1,041.00",528.10,,
2025/05/20,70,GUFL,41.73,540.0,555.0,533.7,552.03,555.00,-2.97,-0.01,546.76,"12,514.00",542.93,"6,842,194.60",106,9.1,21.3,1.68,3.99,0.95,"1,041.00",528.10,,
2025/05/21,75,GUFL,31.47,513.0,518.5,500.0,507.9,507.90,0.0,0.0,505.88,"1,258.00",510.00,"636,395.00",25,-2.1,18.5,-0.41,3.7,0.4,840.00,465.50,554.54,582.06
2025/05/22,73,GUFL,41.02,555.1,567.0,551.1,552.94,552.00,0.94,0.0,554.98,"10,049.00",554.64,"5,576,995.10",92,-1.70,15.90,-0.31,2.89,-0.37,"1,041.00",528.10,,
2025/05/25,75,GUFL,39.99,555.0,565.0,545.0,547.26,546.50,0.76,0.0,551.63,"7,166.00",552.94,"3,952,978.40",60,-5.68,20.0,-1.03,3.67,-0.8,"1,041.00",528.10,,
2025/05/26,77,GUFL,39.8,558.2,569.3,543.0,543.99,544.00,-0.01,0.0,550.30,"11,693.00",547.26,"6,434,607.80",111,-3.27,26.3,-0.6,4.84,-1.16,"1,041.00",528.10,,
2025/05/27,73,GUFL,29.33,550.0,550.0,540.0,540.65,543.00,-2.35,0.0,543.90,"6,184.00",543.99,"3,363,497.70",68,-3.34,10.0,-0.61,1.85,-0.6,"1,041.00",528.10,,
2025/05/28,73,GUFL,28.5,545.0,551.0,530.3,540.36,540.00,0.36,0.0,539.71,"9,418.00",540.65,"5,082,979.80",81,-0.29,20.7,-0.05,3.9,0.12,"1,041.00",528.10,,
2025/06/02,73,GUFL,44.15,551.1,561.0,547.0,548.07,548.00,0.07,0.0,554.22,"12,560.00",540.36,"6,961,059.00",128,7.71,14.00,1.43,2.56,-1.12,"1,041.00",528.10,,
2025/06/03,72,GUFL,39.05,558.9,558.9,545.1,545.15,545.20,-0.05,0.0,548.24,"3,949.00",548.07,"2,165,016.30",54,-2.92,13.8,-0.53,2.53,-0.57,"1,041.00",528.10,,
2025/06/04,71,GUFL,40.75,555.0,555.0,540.0,543.82,544.00,-0.18,0.0,543.35,"6,164.00",545.15,"3,349,221.90",73,-1.33,15.0,-0.24,2.78,0.09,"1,041.00",528.10,,
2025/06/05,73,GUFL,26.45,554.0,554.0,533.0,538.45,539.90,-1.45,0.0,537.41,"8,036.00",543.82,"4,318,630.40",65,-5.37,21.0,-0.99,3.94,0.19,"1,041.00",528.10,,
2025/06/08,72,GUFL,38.74,531.0,544.9,531.0,539.15,538.50,0.65,0.0,539.73,"8,663.00",538.45,"4,675,653.90",62,0.7,13.9,0.13,2.62,-0.11,"1,041.00",528.10,,
2025/06/09,77,GUFL,38.92,542.0,549.0,539.0,543.27,545.00,-1.73,0.0,543.13,"13,075.00",539.15,"7,101,467.80",84,4.12,10.0,0.76,1.86,0.03,"1,041.00",528.10,,
2025/06/10,72,GUFL,45.5,551.9,568.0,542.0,563.42,562.00,1.42,0.0,558.08,"28,557.00",543.27,"15,937,036.70",162,20.15,26.0,3.71,4.8,0.95,"1,041.00",528.10,,
2024/08/12,75,GUFL,63.26,850.0,890.0,850.0,860.1,860.10,0.0,0.0,867.31,"103,194.00",840.00,"89,501,282.70",800,20.1,40.00,2.39,4.71,-0.84,946.00,481.60,,
2024/09/09,72,GUFL,41.54,793.4,807.0,770.0,773.0,773.00,0.0,0.0,783.83,"58,420.00",796.00,"45,791,611.80",483,-23.00,37.0,-2.89,4.81,-1.4,"1,041.00",481.60,,
2024/10/07,66,GUFL,-,782.0,799.0,745.1,760.0,760.00,0.0,0.0,773.85,"42,991.00",776.00,"33,268,661.70",411,-16.00,53.90,-2.06,7.23,-1.82,"1,041.00",481.60,,
2024/11/10,71,GUFL,-,775.0,782.0,770.0,775.0,775.00,0.0,0.0,776.79,"33,205.00",760.00,"25,793,180.00",270,15.0,12.00,1.97,1.56,-0.23,"1,041.00",484.00,,
2024/12/04,69,GUFL,28.92,777.7,792.0,760.0,763.0,763.00,0.0,0.0,770.72,"20,817.00",778.00,"16,044,111.90",187,-15.0,32.0,-1.93,4.21,-1.01,"1,041.00",491.90,,
2025/01/01,69,GUFL,31.69,632.0,655.0,631.0,652.5,652.50,0.0,0.0,648.27,"16,860.00",631.00,"10,929,862.20",195,21.5,24.0,3.41,3.8,0.65,"1,041.00",516.00,,
2025/01/27,72,GUFL,37.81,575.0,592.0,548.0,580.0,580.00,0.0,0.0,575.83,"43,421.00",568.00,"25,002,902.10",384,12.00,44.00,2.11,8.03,0.72,"1,041.00",540.50,,
2025/02/24,73,GUFL,28.96,650.0,660.0,641.0,641.0,641.00,0.0,0.0,646.50,"21,198.00",649.00,"13,704,573.00",192,-8.00,19.00,-1.23,2.96,-0.86,"1,041.00",548.00,,
2025/03/23,73,GUFL,31.24,594.0,594.0,578.0,579.87,580.00,-0.13,0.0,582.53,"17,586.00",596.56,"10,244,316.00",150,-16.69,16.0,-2.8,2.77,-0.46,"1,041.00",548.00,,
2025/04/20,76,GUFL,40.73,613.0,613.0,591.5,592.7,592.60,0.1,0.0,597.95,"7,660.00",601.85,"4,580,321.90",74,-9.15,21.5,-1.52,3.63,-0.89,"1,041.00",548.00,,
2025/05/15,74,GUFL,27.12,538.0,548.0,538.0,540.35,540.00,0.35,0.0,540.74,"6,800.00",543.12,"3,677,033.70",68,-2.77,10.0,-0.51,1.86,-0.07,"1,041.00",528.10,,
2025/06/11,72,GUFL,44.27,556.2,569.9,549.0,549.72,550.00,-0.28,0.0,553.77,"15,559.00",563.42,"8,616,184.70",112,-13.7,20.90,-2.43,3.81,-0.74,"1,041.00",528.10,,
2025/07/06,73,GUFL,48.82,565.0,580.0,548.5,566.89,568.00,-1.11,0.0,569.41,"32,060.00",556.40,"18,255,415.70",320,10.49,31.5,1.89,5.74,-0.45,"1,041.00",521.50,,
2025/07/29,73,GUFL,41.78,608.0,608.0,590.0,598.33,598.00,0.33,0.0,600.25,"26,785.00",597.27,"16,077,765.90",179,1.06,18.00,0.18,3.05,-0.32,"1,041.00",521.50,,
2025/08/24,76,GUFL,37.2,544.9,544.9,527.4,529.56,529.30,0.26,0.0,530.53,"12,012.00",534.51,"6,372,753.40",91,-4.95,17.5,-0.93,3.32,-0.18,929.00,521.50,,
2025/04/21,71,GUFL,42.54,591.0,599.0,585.0,585.96,585.00,0.96,0.0,588.31,"11,965.00",592.70,"7,039,089.20",123,-6.74,14.0,-1.14,2.39,-0.4,"1,041.00",548.00,,
2025/04/22,73,GUFL,26.88,580.0,585.0,577.0,582.72,580.00,2.72,0.0,581.49,"9,342.00",585.96,"5,432,273.40",81,-3.24,8.0,-0.55,1.39,0.21,"1,041.00",548.00,,
2025/04/23,73,GUFL,30.39,578.0,584.0,571.1,574.92,574.00,0.92,0.0,575.70,"17,238.00",582.72,"9,923,916.31",138,-7.8,12.9,-1.34,2.26,-0.14,"1,041.00",548.00,,
2025/04/24,74,GUFL,29.62,582.0,582.0,568.0,570.85,570.00,0.85,0.0,571.88,"12,020.00",574.92,"6,874,013.40",111,-4.07,14.0,-0.71,2.46,-0.18,"1,041.00",548.00,,
2025/04/27,71,GUFL,28.52,564.0,580.0,560.0,562.14,563.00,-0.86,0.0,564.75,"12,859.00",570.85,"7,262,112.90",137,-8.71,20.0,-1.53,3.57,-0.46,"1,041.00",548.00,,
2025/04/28,75,GUFL,27.36,573.0,580.0,550.9,562.41,562.40,0.01,0.0,564.94,"9,203.00",562.14,"5,199,177.40",104,0.27,29.1,0.05,5.28,-0.45,"1,041.00",548.00,,
2025/04/29,70,GUFL,25.38,562.41,567.0,555.1,556.31,555.10,1.21,0.0,557.99,"7,731.00",562.41,"4,313,838.80",90,-6.1,11.9,-1.08,2.14,-0.3,"1,041.00",548.00,,
2025/04/30,73,GUFL,29.28,567.0,567.0,550.0,551.22,550.10,1.12,0.0,551.99,"10,901.00",556.31,"6,017,245.40",101,-5.09,17.0,-0.91,3.09,-0.14,"1,041.00",548.00,,
2025/05/04,75,GUFL,33.6,562.0,562.0,535.0,538.85,535.00,3.85,0.01,545.86,"16,918.00",551.22,"9,234,796.70",200,-12.37,27.0,-2.24,5.05,-1.3,"1,041.00",535.00,,
2025/05/05,74,GUFL,27.11,528.1,550.9,528.1,538.24,540.00,-1.76,0.0,539.92,"5,831.00",538.85,"3,148,295.80",86,-0.61,22.8,-0.11,4.32,-0.31,"1,041.00",528.10,,
2025/05/06,74,GUFL,30.07,547.8,547.8,530.5,531.98,531.00,0.98,0.0,535.76,"11,361.00",538.24,"6,086,718.10",105,-6.26,17.3,-1.16,3.26,-0.71,"1,041.00",528.10,,
2025/05/07,70,GUFL,46.25,542.0,565.0,534.0,557.36,558.00,-0.64,0.0,548.54,"19,578.00",531.98,"10,739,219.20",151,25.38,31.0,4.77,5.81,1.58,"1,041.00",528.10,,
2025/05/08,71,GUFL,46.71,568.5,588.0,547.3,573.21,574.00,-0.79,0.0,570.24,"21,939.00",557.36,"12,510,413.60",205,15.85,40.7,2.84,7.44,0.52,"1,041.00",528.10,,
2025/05/11,68,GUFL,40.66,584.0,584.0,555.1,555.4,555.20,0.2,0.0,567.82,"7,049.00",573.21,"4,002,579.40",84,-17.81,28.9,-3.11,5.21,-2.24,"1,041.00",528.10,,
2025/05/13,69,GUFL,41.15,554.1,566.0,547.0,547.25,547.00,0.25,0.0,557.23,"7,839.00",555.40,"4,368,133.40",78,-8.15,19.0,-1.47,3.47,-1.82,"1,041.00",528.10,,
2025/05/14,73,GUFL,34.3,538.2,558.0,538.2,543.12,541.50,1.62,0.0,546.36,"11,224.00",547.25,"6,132,348.40",90,-4.13,19.8,-0.75,3.68,-0.6,"1,041.00",528.10,,
2025/03/24,76,GUFL,33.4,571.4,610.0,571.0,595.29,595.00,0.29,0.0,596.58,"18,804.00",579.87,"11,218,123.50",186,15.42,39.0,2.66,6.83,-0.22,"1,041.00",548.00,,
2025/03/25,74,GUFL,26.56,596.0,596.0,575.0,575.66,575.50,0.16,0.0,579.33,"15,010.00",595.29,"8,695,798.40",204,-19.63,21.0,-3.3,3.65,-0.64,"1,041.00",548.00,,
2025/03/26,75,GUFL,31.47,513.0,518.5,500.0,507.9,507.90,0.0,0.0,505.88,"1,258.00",510.00,"636,395.00",25,-2.1,18.5,-0.41,3.7,0.4,840.00,465.50,554.54,582.06
2025/03/27,71,GUFL,31.76,579.4,588.2,579.4,586.4,584.50,1.9,0.0,586.61,"9,064.00",579.40,"5,317,040.40",112,7.0,8.8,1.21,1.52,-0.04,"1,041.00",548.00,,
2025/03/30,72,GUFL,39.69,590.0,604.0,589.9,598.84,600.00,-1.16,0.0,597.10,"15,128.00",586.40,"9,032,963.90",135,12.44,14.1,2.12,2.39,0.29,"1,041.00",548.00,,
2025/04/01,74,GUFL,37.24,609.8,609.8,587.0,591.12,594.00,-2.88,0.0,593.89,"9,297.00",598.84,"5,521,384.30",89,-7.72,22.80,-1.29,3.88,-0.47,"1,041.00",548.00,,
2025/04/02,73,GUFL,40.04,592.0,612.0,592.0,598.31,599.90,-1.59,0.0,604.49,"10,262.00",591.12,"6,203,318.60",112,7.19,20.00,1.22,3.38,-1.03,"1,041.00",548.00,,
2025/04/03,73,GUFL,39.71,591.0,616.3,586.0,586.87,586.10,0.77,0.0,594.44,"13,477.00",598.31,"8,011,203.00",211,-11.44,30.3,-1.91,5.17,-1.29,"1,041.00",548.00,,
2025/04/07,74,GUFL,32.96,575.5,598.6,575.0,578.21,579.10,-0.89,0.0,577.55,"9,852.00",586.87,"5,690,051.00",116,-8.66,23.6,-1.48,4.1,0.11,"1,041.00",548.00,,
2025/04/08,72,GUFL,31.92,579.0,589.0,572.5,582.33,589.00,-6.67,-0.01,577.73,"5,964.00",578.21,"3,445,572.30",82,4.12,16.50,0.71,2.88,0.79,"1,041.00",548.00,,
2025/04/09,76,GUFL,29.61,592.9,593.0,584.0,584.52,585.00,-0.48,0.0,587.12,"3,004.00",582.33,"1,763,699.70",37,2.19,9.00,0.38,1.54,-0.44,"1,041.00",548.00,,
2025/04/10,77,GUFL,33.37,596.0,596.0,578.2,580.12,583.00,-2.88,0.0,581.79,"6,003.00",584.52,"3,492,487.60",71,-4.4,17.8,-0.75,3.08,-0.29,"1,041.00",548.00,,
2025/04/13,73,GUFL,35.0,589.9,590.0,580.0,580.0,580.00,0.0,0.0,581.07,"9,866.00",580.12,"5,732,850.30",72,-0.12,10.0,-0.02,1.72,-0.18,"1,041.00",548.00,,
2025/04/15,76,GUFL,43.02,582.0,600.0,580.0,594.96,595.20,-0.24,0.0,595.93,"13,552.00",580.00,"8,076,003.20",166,14.96,20.0,2.58,3.45,-0.16,"1,041.00",548.00,,
2025/04/16,75,GUFL,43.1,606.0,618.0,582.0,593.16,594.00,-0.84,0.0,591.69,"10,843.00",594.96,"6,415,670.30",96,-1.8,36.0,-0.3,6.19,0.25,"1,041.00",548.00,,
2025/04/17,73,GUFL,45.93,595.0,605.0,588.2,601.85,603.00,-1.15,0.0,598.83,"20,736.00",593.16,"12,417,364.20",163,8.69,16.8,1.47,2.86,0.5,"1,041.00",548.00,,
2025/02/25,69,GUFL,30.4,653.8,653.9,638.0,638.2,638.20,0.0,0.0,643.73,"17,587.00",641.00,"11,321,224.30",182,-2.8,15.90,-0.44,2.49,-0.87,"1,041.00",548.00,,
2025/02/27,70,GUFL,30.91,650.0,650.9,638.0,648.0,648.00,0.0,0.0,641.33,"19,996.00",638.20,"12,824,034.00",169,9.80,12.90,1.54,2.02,1.03,"1,041.00",548.00,,
2025/03/02,68,GUFL,39.54,660.9,672.0,648.0,672.0,672.00,0.0,0.0,659.25,"29,448.00",648.00,"19,413,637.20",238,24.00,24.00,3.7,3.7,1.9,"1,041.00",548.00,,
2025/03/03,69,GUFL,36.28,685.4,685.4,656.0,656.0,656.00,0.0,0.0,665.70,"21,832.00",672.00,"14,533,489.00",244,-16.00,29.40,-2.38,4.48,-1.48,"1,041.00",548.00,,
2025/03/04,72,GUFL,34.82,651.0,669.1,642.1,647.0,647.00,0.0,0.0,652.47,"24,184.00",656.00,"15,779,402.70",203,-9.0,27.0,-1.37,4.2,-0.85,"1,041.00",548.00,,
2025/03/05,71,GUFL,31.25,649.8,650.0,635.0,639.8,639.80,0.0,0.0,640.16,"14,159.00",647.00,"9,064,064.00",142,-7.2,15.0,-1.11,2.36,-0.06,"1,041.00",548.00,,
2025/03/06,70,GUFL,30.28,648.5,653.8,632.0,642.0,642.00,0.0,0.0,644.36,"19,879.00",639.80,"12,809,237.30",210,2.20,21.80,0.34,3.45,-0.37,"1,041.00",548.00,,
2025/03/09,72,GUFL,28.95,641.9,644.9,630.0,634.0,634.00,0.0,0.0,638.75,"13,462.00",642.00,"8,598,819.20",141,-8.0,14.90,-1.25,2.37,-0.75,"1,041.00",548.00,,
2025/03/10,70,GUFL,26.55,630.0,640.0,625.2,625.5,625.50,0.0,0.0,631.00,"9,447.00",634.00,"5,961,052.00",118,-8.5,14.8,-1.34,2.37,-0.88,"1,041.00",548.00,,
2025/03/11,71,GUFL,30.02,630.0,631.0,603.0,609.0,609.00,0.0,0.0,614.03,"21,822.00",625.50,"13,399,470.70",216,-16.5,28.0,-2.64,4.64,-0.83,"1,041.00",548.00,,
2025/03/12,73,GUFL,28.86,619.0,622.0,603.1,608.0,608.00,0.0,0.0,611.56,"19,873.00",609.00,"12,153,493.70",156,-1.0,18.9,-0.16,3.13,-0.59,"1,041.00",548.00,,
2025/03/16,72,GUFL,31.28,610.0,632.0,604.0,607.1,607.10,0.0,0.0,613.37,"20,645.00",608.00,"12,663,048.80",185,-0.9,28.00,-0.15,4.64,-1.03,"1,041.00",548.00,,
2025/03/17,74,GUFL,27.42,613.0,615.0,606.0,610.0,610.00,0.0,0.0,609.37,"5,841.00",607.10,"3,559,329.60",63,2.9,9.0,0.48,1.49,0.1,"1,041.00",548.00,,
2025/03/18,72,GUFL,36.16,612.0,615.0,610.0,614.5,614.50,0.0,0.0,612.04,"6,696.00",610.00,"4,098,235.10",61,4.5,5.0,0.74,0.82,0.4,"1,041.00",548.00,,
2025/03/19,71,GUFL,33.69,624.9,624.9,604.0,605.0,605.00,0.0,0.0,607.32,"8,695.00",614.50,"5,280,614.20",112,-9.50,20.9,-1.55,3.46,-0.38,"1,041.00",548.00,,
2025/03/20,71,GUFL,35.86,606.0,607.0,590.1,596.56,600.00,-3.44,-0.01,597.62,"17,178.00",605.00,"10,265,975.40",178,-8.44,16.9,-1.4,2.86,-0.18,"1,041.00",548.00,,
2025/01/28,72,GUFL,37.21,580.0,615.0,580.0,594.5,594.50,0.0,0.0,593.74,"18,614.00",580.00,"11,051,921.70",195,14.50,35.00,2.5,6.03,0.13,"1,041.00",540.50,,
2025/02/02,73,GUFL,47.65,595.0,609.0,586.3,601.0,601.00,0.0,0.0,599.25,"33,041.00",594.50,"19,799,763.30",227,6.5,22.70,1.09,3.87,0.29,"1,041.00",540.50,,
2025/02/03,70,GUFL,46.19,613.0,613.0,594.9,595.0,595.00,0.0,0.0,602.74,"25,010.00",601.00,"15,074,422.90",220,-6.0,18.1,-1.0,3.04,-1.3,"1,041.00",540.50,,
2025/02/04,66,GUFL,38.2,604.0,604.0,577.0,577.0,577.00,0.0,0.0,585.51,"21,368.00",595.00,"12,511,256.50",208,-18.0,27.00,-3.03,4.68,-1.48,"1,041.00",540.50,,
2025/02/05,69,GUFL,48.66,585.0,617.1,575.0,603.0,603.00,0.0,0.0,596.95,"44,965.00",577.00,"26,841,901.50",376,26.0,42.10,4.51,7.32,1.0,"1,041.00",548.00,,
2025/02/06,71,GUFL,49.73,603.0,636.0,600.0,615.0,615.00,0.0,0.0,625.06,"43,975.00",603.00,"27,487,227.10",377,12.0,36.0,1.99,6.0,-1.64,"1,041.00",548.00,,
2025/02/09,69,GUFL,47.97,626.9,626.9,602.0,615.0,615.00,0.0,0.0,611.39,"26,106.00",615.00,"15,960,937.50",268,0.0,24.9,0.0,4.14,0.59,"1,041.00",548.00,,
2025/02/10,73,GUFL,44.02,609.9,617.0,603.0,605.0,605.00,0.0,0.0,609.79,"16,038.00",615.00,"9,779,736.60",165,-10.00,14.00,-1.63,2.32,-0.79,"1,041.00",548.00,,
2025/02/11,68,GUFL,47.79,617.1,620.0,601.3,614.0,614.00,0.0,0.0,613.55,"31,121.00",605.00,"19,094,271.20",221,9.0,18.7,1.49,3.11,0.07,"1,041.00",548.00,,
2025/02/12,72,GUFL,47.69,619.0,630.0,610.0,619.5,619.50,0.0,0.0,618.03,"31,373.00",614.00,"19,389,425.30",200,5.5,20.00,0.9,3.28,0.24,"1,041.00",548.00,,
2025/02/13,75,GUFL,31.47,513.0,518.5,500.0,507.9,507.90,0.0,0.0,505.88,"1,258.00",510.00,"636,395.00",25,-2.1,18.5,-0.41,3.7,0.4,840.00,465.50,554.54,582.06
2025/02/16,73,GUFL,49.54,627.0,670.0,622.9,669.0,669.00,0.0,0.0,646.06,"84,922.00",615.00,"54,864,951.00",692,54.0,47.1,8.78,7.56,3.43,"1,041.00",548.00,,
2025/02/17,70,GUFL,46.89,682.3,682.3,640.0,655.0,655.00,0.0,0.0,660.46,"51,468.00",669.00,"33,992,337.60",422,-14.0,42.3,-2.09,6.61,-0.83,"1,041.00",548.00,,
2025/02/18,71,GUFL,46.01,668.1,668.1,640.0,642.5,642.50,0.0,0.0,649.47,"36,235.00",655.00,"23,533,498.80",307,-12.50,28.1,-1.91,4.39,-1.08,"1,041.00",548.00,,
2025/02/20,69,GUFL,46.27,642.0,669.0,632.0,652.0,652.00,0.0,0.0,653.77,"41,788.00",642.50,"27,319,698.70",331,9.5,37.0,1.48,5.85,-0.27,"1,041.00",548.00,,
2025/02/23,78,GUFL,29.72,639.0,663.0,628.0,649.0,649.00,0.0,0.0,650.72,"25,123.00",652.00,"16,348,157.90",220,-3.00,35.00,-0.46,5.57,-0.27,"1,041.00",548.00,,
2025/01/02,71,GUFL,37.18,651.0,663.0,645.0,663.0,663.00,0.0,0.0,655.51,"22,356.00",652.50,"14,654,535.70",148,10.5,18.00,1.61,2.79,1.13,"1,041.00",516.00,,
2025/01/05,76,GUFL,37.66,651.0,680.0,651.0,661.0,661.00,0.0,0.0,669.02,"14,740.00",663.00,"9,861,332.90",164,-2.0,29.0,-0.3,4.45,-1.21,"1,041.00",516.00,,
2025/01/06,69,GUFL,38.8,662.0,670.0,661.1,665.0,665.00,0.0,0.0,665.87,"15,398.00",661.00,"10,253,033.60",149,4.0,8.90,0.61,1.35,-0.13,"1,041.00",516.00,,
2025/01/07,69,GUFL,41.28,675.0,679.8,665.1,674.0,674.00,0.0,0.0,669.30,"19,737.00",665.00,"13,209,912.20",160,9.0,14.7,1.35,2.21,0.7,"1,041.00",516.00,,
2025/01/08,66,GUFL,44.39,673.0,705.0,673.0,695.0,695.00,0.0,0.0,695.54,"26,578.00",674.00,"18,486,154.30",255,21.0,32.00,3.12,4.75,-0.08,"1,041.00",516.00,,
2025/01/09,68,GUFL,43.47,708.9,723.0,669.1,675.1,675.10,0.0,0.0,680.89,"18,413.00",695.00,"12,537,202.60",199,-19.9,53.9,-2.86,8.06,-0.86,"1,041.00",536.10,,
2025/01/12,68,GUFL,35.29,688.6,699.0,651.0,656.1,656.10,0.0,0.0,667.07,"9,000.00",675.10,"6,003,585.20",115,-19.0,48.0,-2.81,7.37,-1.67,"1,041.00",540.50,,
2025/01/13,73,GUFL,38.03,664.0,669.0,646.1,650.0,650.00,0.0,0.0,652.87,"19,277.00",656.10,"12,585,306.20",202,-6.1,22.90,-0.93,3.54,-0.44,"1,041.00",540.50,,
2025/01/15,67,GUFL,31.67,640.0,664.0,620.0,638.0,638.00,0.0,0.0,637.91,"26,658.00",650.00,"17,005,431.40",234,-12.0,44.0,-1.85,7.1,0.01,"1,041.00",540.50,,
2025/01/16,66,GUFL,31.94,633.0,641.0,620.2,620.4,620.40,0.0,0.0,624.48,"31,867.00",638.00,"19,900,425.00",324,-17.60,20.80,-2.76,3.35,-0.66,"1,041.00",540.50,,
2025/01/19,71,GUFL,29.65,620.0,649.0,608.0,626.0,626.00,0.0,0.0,625.76,"21,954.00",620.40,"13,737,959.10",215,5.60,41.00,0.9,6.74,0.04,"1,041.00",540.50,,
2025/01/20,70,GUFL,31.46,620.1,644.0,613.0,613.0,613.00,0.0,0.0,622.63,"27,828.00",626.00,"17,326,540.30",263,-13.0,31.00,-2.08,5.06,-1.57,"1,041.00",540.50,,
2025/01/21,70,GUFL,30.76,613.0,620.0,605.0,606.0,606.00,0.0,0.0,611.97,"28,765.00",613.00,"17,603,247.00",226,-7.0,15.0,-1.14,2.48,-0.98,"1,041.00",540.50,,
2025/01/22,72,GUFL,32.15,606.0,610.0,599.0,602.0,602.00,0.0,0.0,603.88,"30,579.00",606.00,"18,466,098.80",332,-4.0,11.0,-0.66,1.84,-0.31,"1,041.00",540.50,,
2025/01/23,71,GUFL,35.44,608.4,608.4,590.1,590.1,590.10,0.0,0.0,597.53,"36,276.00",602.00,"21,676,113.70",329,-11.90,18.30,-1.98,3.1,-1.26,"1,041.00",540.50,,
2025/01/26,72,GUFL,35.9,601.9,601.9,568.0,568.0,568.00,0.0,0.0,577.45,"61,245.00",590.10,"35,365,699.90",480,-22.10,33.90,-3.75,5.97,-1.66,"1,041.00",540.50,,
2024/12/05,70,GUFL,31.88,778.0,778.0,733.3,745.0,745.00,0.0,0.0,744.84,"57,289.00",763.00,"42,670,868.00",481,-18.0,44.7,-2.36,6.1,0.02,"1,041.00",491.90,,
2024/12/08,73,GUFL,28.09,745.1,748.9,715.0,719.9,719.90,0.0,0.0,726.57,"34,647.00",745.00,"25,173,635.50",336,-25.1,33.9,-3.37,4.74,-0.93,"1,041.00",505.00,,
2024/12/09,73,GUFL,29.21,716.0,733.5,715.0,723.5,723.50,0.0,0.0,721.45,"32,971.00",719.90,"23,786,860.20",230,3.6,18.5,0.5,2.59,0.28,"1,041.00",505.00,,
2024/12/10,68,GUFL,25.53,737.0,737.0,711.0,727.0,727.00,0.0,0.0,725.18,"14,484.00",723.50,"10,503,506.50",122,3.5,26.0,0.48,3.66,0.25,"1,041.00",515.30,,
2024/12/11,68,GUFL,25.51,738.0,742.0,723.4,742.0,742.00,0.0,0.0,733.75,"12,058.00",727.00,"8,847,597.30",127,15.0,18.6,2.06,2.57,1.11,"1,041.00",515.30,,
2024/12/12,68,GUFL,28.57,746.0,746.0,720.0,720.0,720.00,0.0,0.0,728.61,"17,291.00",742.00,"12,598,420.30",179,-22.0,26.0,-2.96,3.61,-1.2,"1,041.00",515.30,,
2024/12/16,70,GUFL,36.42,720.0,720.0,697.0,699.7,699.70,0.0,0.0,703.51,"30,775.00",720.00,"21,650,463.90",306,-20.3,23.0,-2.82,3.3,-0.54,"1,041.00",515.30,,
2024/12/17,69,GUFL,30.92,686.1,709.9,685.0,695.0,695.00,0.0,0.0,694.42,"16,449.00",699.70,"11,422,575.00",182,-4.7,24.9,-0.67,3.64,0.08,"1,041.00",515.30,,
2024/12/18,70,GUFL,29.36,700.0,708.0,692.0,693.1,693.10,0.0,0.0,700.12,"14,048.00",695.00,"9,835,250.60",165,-1.9,16.0,-0.27,2.31,-1.01,"1,041.00",516.00,,
2024/12/19,67,GUFL,30.36,689.0,704.0,678.0,680.0,680.00,0.0,0.0,684.27,"21,540.00",693.10,"14,739,089.20",222,-13.1,26.0,-1.89,3.83,-0.63,"1,041.00",516.00,,
2024/12/22,69,GUFL,26.22,691.9,691.9,666.5,668.9,668.90,0.0,0.0,674.24,"17,224.00",680.00,"11,613,048.10",167,-11.1,25.4,-1.63,3.81,-0.8,"1,041.00",516.00,,
2024/12/23,74,GUFL,28.68,670.0,679.9,670.0,677.0,677.00,0.0,0.0,675.63,"11,052.00",668.90,"7,467,101.30",131,8.10,9.90,1.21,1.48,0.2,"1,041.00",516.00,,
2024/12/24,70,GUFL,39.36,689.0,705.0,688.0,695.0,695.00,0.0,0.0,696.74,"25,126.00",677.00,"17,506,308.90",223,18.00,17.00,2.66,2.47,-0.25,"1,041.00",516.00,,
2024/12/26,70,GUFL,35.54,683.0,690.0,675.0,675.0,675.00,0.0,0.0,683.66,"19,611.00",695.00,"13,407,349.90",199,-20.0,15.0,-2.88,2.22,-1.28,"1,041.00",516.00,,
2024/12/29,72,GUFL,37.84,670.4,670.4,653.8,657.0,657.00,0.0,0.0,660.82,"28,323.00",675.00,"18,716,418.70",304,-18.0,16.6,-2.67,2.54,-0.58,"1,041.00",516.00,,
2024/12/31,69,GUFL,34.15,651.09,651.09,620.0,631.0,631.00,0.0,0.0,628.40,"40,813.00",657.00,"25,647,038.90",466,-26.00,31.09,-3.96,5.01,0.41,"1,041.00",516.00,,
2024/11/11,68,GUFL,-,790.0,790.0,762.0,769.0,769.00,0.0,0.0,777.23,"38,885.00",775.00,"30,222,671.40",305,-6.0,28.0,-0.77,3.67,-1.07,"1,041.00",484.00,,
2024/11/12,71,GUFL,-,782.0,784.3,770.0,771.0,771.00,0.0,0.0,775.59,"30,102.00",769.00,"23,346,824.00",258,2.0,14.3,0.26,1.86,-0.6,"1,041.00",484.00,,
2024/11/13,68,GUFL,50.65,785.0,810.0,761.0,809.0,809.00,0.0,0.0,800.87,"84,962.00",771.00,"68,043,634.00",781,38.0,49.0,4.93,6.44,1.0,"1,041.00",484.00,,
2024/11/14,71,GUFL,51.08,815.0,840.0,810.0,819.9,819.90,0.0,0.0,826.76,"71,367.00",809.00,"59,003,112.10",620,10.9,30.00,1.35,3.7,-0.84,"1,041.00",484.00,,
2024/11/17,73,GUFL,51.24,830.0,830.0,795.0,797.0,797.00,0.0,0.0,812.85,"44,806.00",819.90,"36,420,624.50",443,-22.9,35.00,-2.79,4.4,-1.99,"1,041.00",484.00,,
2024/11/19,69,GUFL,42.77,797.0,812.0,768.0,770.0,770.00,0.0,0.0,793.80,"62,456.00",797.00,"49,577,703.60",495,-27.0,44.0,-3.39,5.73,-3.09,"1,041.00",484.00,,
2024/11/20,72,GUFL,30.83,754.7,784.9,725.0,777.0,777.00,0.0,0.0,771.54,"34,078.00",770.00,"26,292,438.20",296,7.0,59.9,0.91,8.26,0.7,"1,041.00",484.00,,
2024/11/21,72,GUFL,31.74,788.8,788.8,750.0,750.0,750.00,0.0,0.0,767.01,"32,219.00",777.00,"24,712,179.10",252,-27.0,38.8,-3.47,5.17,-2.27,"1,041.00",484.00,,
2024/11/24,72,GUFL,30.32,764.0,765.0,743.0,745.0,745.00,0.0,0.0,752.36,"25,910.00",750.00,"19,493,529.50",196,-5.0,22.0,-0.67,2.96,-0.99,"1,041.00",491.90,,
2024/11/25,68,GUFL,28.96,749.9,762.8,745.3,758.0,758.00,0.0,0.0,756.37,"18,154.00",745.00,"13,731,184.10",174,13.0,17.50,1.74,2.35,0.21,"1,041.00",491.90,,
2024/11/26,72,GUFL,45.92,773.0,827.0,770.0,809.0,809.00,0.0,0.0,809.36,"143,726.00",758.00,"116,326,318.90",849,51.0,57.0,6.73,7.4,-0.04,"1,041.00",491.90,,
2024/11/27,71,GUFL,38.0,808.1,815.0,799.0,800.0,800.00,0.0,0.0,807.00,"31,713.00",809.00,"25,592,476.90",289,-9.0,16.0,-1.11,2.0,-0.88,"1,041.00",491.90,,
2024/11/28,69,GUFL,45.11,801.0,801.0,782.0,784.0,784.00,0.0,0.0,789.29,"38,945.00",800.00,"30,738,744.50",299,-16.0,19.0,-2.0,2.43,-0.67,"1,041.00",491.90,,
2024/12/01,68,GUFL,46.5,768.4,782.3,755.0,761.0,761.00,0.0,0.0,766.31,"55,041.00",784.00,"42,178,260.40",369,-23.0,27.3,-2.93,3.62,-0.7,"1,041.00",491.90,,
2024/12/02,73,GUFL,45.16,773.0,773.0,758.0,762.0,762.00,0.0,0.0,763.91,"31,054.00",761.00,"23,722,520.70",250,1.0,15.0,0.13,1.98,-0.25,"1,041.00",491.90,,
2024/12/03,70,GUFL,29.11,746.8,790.0,746.8,778.0,778.00,0.0,0.0,777.60,"34,318.00",762.00,"26,685,789.10",246,16.0,43.2,2.1,5.78,0.05,"1,041.00",491.90,,
2024/10/08,75,GUFL,31.47,513.0,518.5,500.0,507.9,507.90,0.0,0.0,505.88,"1,258.00",510.00,"636,395.00",25,-2.1,18.5,-0.41,3.7,0.4,840.00,465.50,554.54,582.06
2024/10/09,64,GUFL,-,754.0,754.0,729.1,750.0,750.00,0.0,0.0,742.15,"18,495.00",742.00,"13,726,143.60",161,8.00,24.90,1.08,3.42,1.05,"1,041.00",481.60,,
2024/10/15,68,GUFL,-,750.0,778.2,750.0,778.0,778.00,0.0,0.0,770.57,"20,459.00",750.00,"15,765,079.00",189,28.00,28.20,3.73,3.76,0.96,"1,041.00",481.60,,
2024/10/16,70,GUFL,-,785.1,793.0,775.0,779.0,779.00,0.0,0.0,786.01,"22,385.00",778.00,"17,594,815.30",235,1.0,18.00,0.13,2.32,-0.9,"1,041.00",481.60,,
2024/10/17,72,GUFL,-,780.0,790.0,768.2,775.1,775.10,0.0,0.0,781.09,"37,798.00",779.00,"29,523,519.50",262,-3.9,21.8,-0.5,2.84,-0.77,"1,041.00",481.60,,
2024/10/20,69,GUFL,-,759.6,770.0,744.6,750.0,750.00,0.0,0.0,758.68,"36,319.00",775.10,"27,554,400.80",332,-25.1,25.40,-3.24,3.41,-1.16,"1,041.00",484.00,,
2024/10/21,70,GUFL,-,750.0,751.0,710.0,715.0,715.00,0.0,0.0,728.40,"43,991.00",750.00,"32,042,934.00",434,-35.0,41.00,-4.67,5.77,-1.87,"1,041.00",484.00,,
2024/10/22,73,GUFL,-,715.0,741.0,715.0,730.0,730.00,0.0,0.0,727.81,"22,440.00",715.00,"16,332,145.00",224,15.00,26.00,2.1,3.64,0.3,"1,041.00",484.00,,
2024/10/23,73,GUFL,-,744.6,759.0,721.0,735.0,735.00,0.0,0.0,743.82,"40,894.00",730.00,"30,417,703.90",309,5.0,38.00,0.68,5.27,-1.2,"1,041.00",484.00,,
2024/10/24,71,GUFL,-,749.0,749.0,722.3,730.0,730.00,0.0,0.0,733.32,"27,707.00",735.00,"20,318,235.40",219,-5.0,26.70,-0.68,3.7,-0.46,"1,041.00",484.00,,
2024/10/27,69,GUFL,-,730.0,738.9,726.0,726.0,726.00,0.0,0.0,730.70,"13,295.00",730.00,"9,714,597.40",155,-4.0,12.9,-0.55,1.78,-0.65,"1,041.00",484.00,,
2024/10/28,67,GUFL,-,740.5,755.0,733.0,755.0,755.00,0.0,0.0,746.54,"25,748.00",726.00,"19,221,947.40",241,29.0,22.0,3.99,3.0,1.12,"1,041.00",484.00,,
2024/10/29,69,GUFL,-,769.9,794.8,769.9,776.0,776.00,0.0,0.0,784.64,"62,063.00",755.00,"48,697,091.10",623,21.0,24.9,2.78,3.23,-1.11,"1,041.00",484.00,,
2024/10/30,68,GUFL,-,790.0,790.0,760.1,762.1,762.10,0.0,0.0,765.96,"16,268.00",776.00,"12,460,570.30",195,-13.9,29.9,-1.79,3.93,-0.51,"1,041.00",484.00,,
2024/11/05,70,GUFL,-,777.0,785.0,750.0,756.0,756.00,0.0,0.0,760.30,"13,210.00",762.10,"10,043,627.80",128,-6.1,35.0,-0.8,4.67,-0.57,"1,041.00",484.00,,
2024/11/06,73,GUFL,-,768.0,770.0,750.0,760.0,760.00,0.0,0.0,758.62,"20,975.00",756.00,"15,912,072.70",164,4.0,20.0,0.53,2.67,0.18,"1,041.00",484.00,,
2024/09/10,74,GUFL,38.53,788.4,800.0,766.4,775.0,775.00,0.0,0.0,780.39,"46,410.00",773.00,"36,217,772.80",441,2.0,33.60,0.26,4.38,-0.7,"1,041.00",481.60,,
2024/09/11,73,GUFL,41.92,780.0,791.0,770.0,774.9,774.90,0.0,0.0,779.60,"33,593.00",775.00,"26,189,030.70",379,-0.1,21.00,-0.01,2.73,-0.61,"1,041.00",481.60,,
2024/09/12,71,GUFL,55.0,780.0,800.0,770.3,800.0,800.00,0.0,0.0,790.13,"48,357.00",774.90,"38,208,104.50",416,25.10,29.70,3.24,3.86,1.23,"1,041.00",481.60,,
2024/09/15,74,GUFL,50.05,812.0,814.9,770.0,775.0,775.00,0.0,0.0,794.98,"38,926.00",800.00,"30,945,356.50",392,-25.00,44.9,-3.13,5.83,-2.58,"1,041.00",481.60,,
2024/09/16,69,GUFL,45.77,770.0,775.0,735.0,739.0,739.00,0.0,0.0,752.89,"47,704.00",775.00,"35,915,742.10",514,-36.0,40.00,-4.65,5.44,-1.88,"1,041.00",481.60,,
2024/09/18,74,GUFL,44.26,739.1,740.0,711.0,716.0,716.00,0.0,0.0,721.13,"49,198.00",739.00,"35,478,341.60",440,-23.0,29.0,-3.11,4.08,-0.72,"1,041.00",481.60,,
2024/09/22,72,GUFL,38.64,730.0,744.6,710.1,717.0,717.00,0.0,0.0,723.18,"22,077.00",716.00,"15,965,618.90",234,1.0,34.5,0.14,4.86,-0.86,"1,041.00",481.60,,
2024/09/23,73,GUFL,40.95,710.0,718.0,664.0,674.0,674.00,0.0,0.0,683.65,"54,570.00",717.00,"37,306,936.90",581,-43.0,54.00,-6.0,8.13,-1.43,"1,041.00",481.60,,
2024/09/24,71,GUFL,38.99,674.0,683.0,651.0,652.0,652.00,0.0,0.0,663.10,"32,341.00",674.00,"21,445,411.40",344,-22.0,32.00,-3.26,4.92,-1.7,"1,041.00",481.60,,
2024/09/25,69,GUFL,45.33,652.0,678.0,640.0,667.2,667.20,0.0,0.0,661.04,"41,328.00",652.00,"27,319,375.80",365,15.2,38.0,2.33,5.94,0.92,"1,041.00",481.60,,
2024/09/26,73,GUFL,39.74,655.0,679.9,640.0,641.1,641.10,0.0,0.0,656.77,"28,895.00",667.20,"18,977,459.50",314,-26.1,39.9,-3.91,6.23,-2.44,"1,041.00",481.60,,
2024/09/29,73,GUFL,43.85,640.0,649.8,619.3,646.0,646.00,0.0,0.0,641.18,"27,398.00",641.10,"17,567,022.60",218,4.9,30.50,0.76,4.92,0.75,"1,041.00",481.60,,
2024/09/30,69,GUFL,51.06,650.0,681.0,650.0,678.0,678.00,0.0,0.0,665.07,"22,733.00",646.00,"15,119,101.20",211,32.0,31.0,4.95,4.77,1.91,"1,041.00",481.60,,
2024/10/01,69,GUFL,57.83,685.0,745.8,685.0,745.8,745.80,0.0,0.0,726.88,"48,246.00",678.00,"35,069,195.00",556,67.8,60.80,10.0,8.88,2.54,"1,041.00",481.60,,
2024/10/02,71,GUFL,59.0,760.7,770.0,726.5,740.0,740.00,0.0,0.0,752.20,"57,813.00",745.80,"43,487,044.60",544,-5.80,43.5,-0.78,5.99,-1.65,"1,041.00",481.60,,
2024/10/06,71,GUFL,-,739.0,785.0,726.0,776.0,776.00,0.0,0.0,763.93,"30,246.00",740.00,"23,105,851.50",299,36.00,59.00,4.86,8.13,1.56,"1,041.00",481.60,,
2024/08/13,74,GUFL,59.08,877.0,946.1,855.0,915.0,915.00,0.0,0.0,915.80,"173,287.00",860.10,"158,697,085.20","1,480",54.90,91.1,6.38,10.65,-0.09,946.10,481.60,,
2024/08/14,75,GUFL,68.26,933.3,985.0,915.0,982.0,982.00,0.0,0.0,964.57,"163,272.00",915.00,"157,487,120.00","1,361",67.0,70.0,7.32,7.65,1.78,985.00,481.60,,
2024/08/15,76,GUFL,64.46,980.0,1041.0,940.0,942.0,942.00,0.0,0.0,985.39,"169,295.00",982.00,"166,821,689.80","1,386",-40.00,101.00,-4.07,10.74,-4.61,"1,041.00",481.60,,
2024/08/18,73,GUFL,60.11,923.2,950.0,885.0,894.0,894.00,0.0,0.0,913.98,"170,903.00",942.00,"156,201,670.10","1,379",-48.00,65.00,-5.1,7.34,-2.23,"1,041.00",481.60,,
2024/08/21,71,GUFL,53.25,876.2,929.9,876.2,914.0,914.00,0.0,0.0,916.90,"104,804.00",894.00,"96,094,670.20",753,20.00,53.70,2.24,6.13,-0.32,"1,041.00",481.60,,
2024/08/22,75,GUFL,49.74,932.2,980.0,917.0,919.0,919.00,0.0,0.0,940.73,"113,658.00",914.00,"106,920,948.60",964,5.0,63.00,0.55,6.87,-2.36,"1,041.00",481.60,,
2024/08/25,72,GUFL,46.3,919.0,929.0,869.0,873.0,873.00,0.0,0.0,888.71,"104,778.00",919.00,"93,117,013.80",913,-46.0,60.00,-5.01,6.9,-1.8,"1,041.00",481.60,,
2024/08/27,73,GUFL,43.14,873.0,891.0,835.0,843.0,843.00,0.0,0.0,864.61,"68,007.00",873.00,"58,799,415.50",742,-30.0,56.00,-3.44,6.71,-2.56,"1,041.00",481.60,,
2024/08/28,73,GUFL,43.17,859.8,876.0,817.0,818.0,818.00,0.0,0.0,840.21,"76,568.00",843.00,"64,333,337.80",640,-25.0,59.00,-2.97,7.22,-2.72,"1,041.00",481.60,,
2024/08/29,72,GUFL,41.95,834.0,839.0,801.1,801.1,801.10,0.0,0.0,817.28,"55,780.00",818.00,"45,587,666.40",570,-16.9,37.9,-2.07,4.73,-2.02,"1,041.00",481.60,,
2024/09/01,76,GUFL,39.99,805.3,831.0,795.0,795.0,795.00,0.0,0.0,803.45,"59,784.00",801.10,"48,033,744.00",505,-6.1,36.0,-0.76,4.53,-1.06,"1,041.00",481.60,,
2024/09/02,75,GUFL,55.59,810.0,864.0,802.5,864.0,864.00,0.0,0.0,835.47,"104,690.00",795.00,"87,464,985.30",846,69.0,61.50,8.68,7.66,3.3,"1,041.00",481.60,,
2024/09/03,73,GUFL,57.46,870.0,897.0,853.0,861.0,861.00,0.0,0.0,873.91,"59,212.00",864.00,"51,745,846.20",551,-3.0,44.0,-0.35,5.16,-1.5,"1,041.00",481.60,,
2024/09/04,71,GUFL,54.1,860.0,870.0,812.0,812.0,812.00,0.0,0.0,832.86,"72,423.00",861.00,"60,318,385.50",658,-49.0,58.00,-5.69,7.14,-2.57,"1,041.00",481.60,,
2024/09/05,70,GUFL,51.86,828.2,828.2,791.1,798.0,798.00,0.0,0.0,803.75,"56,542.00",812.00,"45,445,424.60",603,-14.0,37.1,-1.72,4.69,-0.72,"1,041.00",481.60,,
2024/09/08,72,GUFL,36.65,813.7,824.8,793.0,796.0,796.00,0.0,0.0,809.42,"39,278.00",798.00,"31,792,260.90",410,-2.00,31.80,-0.25,4.01,-1.69,"1,041.00",481.60,,
2024/07/18,71,GUFL,68.0,762.0,775.0,751.2,751.4,751.40,0.0,0.0,763.06,"88,983.00",757.30,"67,899,093.20",782,-5.90,23.80,-0.78,3.17,-1.55,946.00,481.60,,
2024/07/21,70,GUFL,72.94,755.0,773.9,740.0,755.0,755.00,0.0,0.0,754.65,"131,346.00",751.40,"99,120,725.10",998,3.6,33.90,0.48,4.58,0.05,946.00,481.60,,
2024/07/22,69,GUFL,67.37,756.0,770.0,743.5,755.0,755.00,0.0,0.0,759.48,"80,471.00",755.00,"61,116,309.60",605,0.00,26.50,0.0,3.56,-0.59,946.00,481.60,,
2024/07/23,72,GUFL,68.34,762.0,779.0,758.0,775.1,775.10,0.0,0.0,769.63,"76,787.00",755.00,"59,097,432.80",582,20.10,21.00,2.66,2.77,0.71,946.00,481.60,,
2024/07/24,69,GUFL,65.84,779.0,799.0,760.0,769.0,769.00,0.0,0.0,781.91,"109,796.00",775.10,"85,850,573.60",909,-6.10,39.00,-0.79,5.13,-1.68,946.00,481.60,,
2024/07/25,73,GUFL,60.66,784.0,788.0,760.0,770.0,770.00,0.0,0.0,776.82,"80,657.00",769.00,"62,655,868.50",598,1.00,28.00,0.13,3.68,-0.89,946.00,481.60,,
2024/07/28,72,GUFL,61.72,785.4,799.0,744.0,775.0,775.00,0.0,0.0,777.00,"67,123.00",770.00,"52,154,721.50",528,5.00,55.00,0.65,7.39,-0.26,946.00,481.60,,
2024/07/29,71,GUFL,53.92,775.0,786.0,761.0,762.0,762.00,0.0,0.0,771.20,"92,753.00",775.00,"71,530,805.20",727,-13.00,25.00,-1.68,3.29,-1.21,946.00,481.60,,
2024/07/30,75,GUFL,64.3,770.0,795.0,756.6,780.0,780.00,0.0,0.0,776.64,"140,000.00",762.00,"108,729,942.90",958,18.00,38.40,2.36,5.08,0.43,946.00,481.60,,
2024/07/31,73,GUFL,70.67,781.0,858.0,781.0,858.0,858.00,0.0,0.0,849.60,"173,974.00",780.00,"147,808,364.90","1,042",78.00,77.00,10.0,9.86,0.98,946.00,481.60,,
2024/08/01,76,GUFL,71.21,875.1,943.8,875.1,931.0,931.00,0.0,0.0,937.51,"233,614.00",858.00,"219,015,125.40","2,079",73.0,68.70,8.51,7.85,-0.7,946.00,481.60,,
2024/08/05,75,GUFL,66.98,931.0,932.9,880.3,880.3,880.30,0.0,0.0,900.05,"182,455.00",931.00,"164,219,214.00","1,634",-50.70,52.60,-5.45,5.98,-2.24,946.00,481.60,,
2024/08/06,71,GUFL,59.03,865.0,870.0,792.3,792.3,792.30,0.0,0.0,821.55,"250,116.00",880.30,"205,481,928.50","2,346",-88.00,77.70,-10.0,9.81,-3.69,946.00,481.60,,
2024/08/07,73,GUFL,57.22,776.5,870.0,745.8,848.0,848.00,0.0,0.0,827.95,"140,199.00",792.30,"116,077,524.50","1,217",55.70,124.20,7.03,16.65,2.36,946.00,481.60,,
2024/08/08,73,GUFL,49.15,863.0,863.0,815.0,815.0,815.00,0.0,0.0,833.50,"87,322.00",848.00,"72,783,117.60",732,-33.00,48.00,-3.89,5.89,-2.27,946.00,481.60,,
2024/08/11,73,GUFL,52.22,831.3,847.0,815.0,840.0,840.00,0.0,0.0,833.58,"97,966.00",815.00,"81,662,116.10",745,25.00,32.00,3.07,3.93,0.76,946.00,481.60,,
2024/06/25,70,GUFL,44.63,754.6,775.0,740.0,744.0,744.00,0.0,0.0,754.77,"83,904.00",769.90,"63,328,179.40",691,-25.9,35.0,-3.36,4.73,-1.45,946.00,481.60,,
2024/06/26,67,GUFL,39.98,729.2,760.0,729.2,732.0,732.00,0.0,0.0,742.88,"72,413.00",744.00,"53,794,474.30",490,-12.0,30.8,-1.61,4.22,-1.49,946.00,481.60,,
2024/06/27,75,GUFL,42.23,717.4,744.0,710.0,711.0,711.00,0.0,0.0,719.26,"68,000.00",732.00,"48,909,850.00",549,-21.00,34.00,-2.87,4.79,-1.16,946.00,481.60,,
2024/06/30,69,GUFL,39.99,710.0,717.9,698.0,700.0,700.00,0.0,0.0,706.48,"43,110.00",711.00,"30,456,147.90",389,-11.0,19.90,-1.55,2.85,-0.93,946.00,481.60,,
2024/07/01,68,GUFL,37.33,692.0,712.0,692.0,696.9,696.90,0.0,0.0,699.81,"31,571.00",700.00,"22,093,816.30",311,-3.10,20.0,-0.44,2.89,-0.42,946.00,481.60,,
2024/07/02,69,GUFL,40.7,710.8,740.0,700.1,703.0,703.00,0.0,0.0,711.12,"43,786.00",696.90,"31,137,262.90",407,6.10,39.9,0.88,5.7,-1.16,946.00,481.60,,
2024/07/03,71,GUFL,50.99,700.0,735.0,692.0,727.0,727.00,0.0,0.0,718.71,"84,106.00",703.00,"60,447,883.10",670,24.0,43.0,3.41,6.21,1.14,946.00,481.60,,
2024/07/04,72,GUFL,49.11,738.0,738.0,710.5,710.5,710.50,0.0,0.0,721.34,"61,645.00",727.00,"44,466,884.70",527,-16.5,27.5,-2.27,3.87,-1.53,946.00,481.60,,
2024/07/07,75,GUFL,31.47,513.0,518.5,500.0,507.9,507.90,0.0,0.0,505.88,"1,258.00",510.00,"636,395.00",25,-2.1,18.5,-0.41,3.7,0.4,840.00,465.50,554.54,582.06
2024/07/08,74,GUFL,42.31,709.9,710.1,695.0,697.0,697.00,0.0,0.0,700.76,"58,770.00",700.10,"41,183,555.10",437,-3.1,15.1,-0.44,2.17,-0.54,946.00,481.60,,
2024/07/09,69,GUFL,42.37,694.2,706.9,694.2,697.2,697.20,0.0,0.0,699.76,"32,717.00",697.00,"22,893,920.20",331,0.2,12.7,0.03,1.83,-0.37,946.00,481.60,,
2024/07/10,71,GUFL,49.33,707.0,710.0,698.0,699.9,699.90,0.0,0.0,702.87,"46,320.00",697.20,"32,556,801.20",414,2.7,12.0,0.39,1.72,-0.42,946.00,481.60,,
2024/07/11,76,GUFL,65.87,710.0,739.0,701.0,729.0,729.00,0.0,0.0,722.89,"96,658.00",699.90,"69,873,081.40",824,29.1,38.00,4.16,5.42,0.84,946.00,481.60,,
2024/07/14,71,GUFL,63.02,743.5,758.0,721.3,735.6,735.60,0.0,0.0,735.80,"43,428.00",729.00,"31,954,340.40",384,6.6,36.70,0.91,5.09,-0.03,946.00,481.60,,
2024/07/15,73,GUFL,59.71,750.3,750.3,718.0,720.0,720.00,0.0,0.0,726.98,"47,245.00",735.60,"34,346,219.20",403,-15.60,32.30,-2.12,4.5,-0.97,946.00,481.60,,
2024/07/16,71,GUFL,66.5,706.1,754.0,706.1,742.9,742.90,0.0,0.0,737.77,"69,515.00",720.00,"51,286,179.10",532,22.9,47.90,3.18,6.78,0.69,946.00,481.60,,
2024/05/30,68,GUFL,50.4,676.9,676.9,653.0,657.0,657.00,0.0,0.0,661.57,"45,855.00",669.90,"30,336,380.20",402,-12.90,23.90,-1.93,3.66,-0.7,946.00,470.10,,
2024/06/02,72,GUFL,55.04,666.0,675.0,660.1,669.5,669.50,0.0,0.0,670.17,"59,114.00",657.00,"39,616,313.10",501,12.50,14.90,1.9,2.26,-0.1,946.00,481.60,,
2024/06/03,70,GUFL,51.74,679.0,679.0,665.3,668.0,668.00,0.0,0.0,673.19,"40,976.00",669.50,"27,584,524.40",312,-1.50,13.70,-0.22,2.06,-0.78,946.00,481.60,,
2024/06/04,68,GUFL,52.35,670.0,671.9,663.2,670.0,670.00,0.0,0.0,667.18,"27,244.00",668.00,"18,176,620.00",272,2.00,8.70,0.3,1.31,0.42,946.00,481.60,,
2024/06/05,67,GUFL,55.12,670.1,679.9,668.0,668.0,668.00,0.0,0.0,673.09,"30,061.00",670.00,"20,233,773.50",322,-2.00,11.90,-0.3,1.78,-0.76,946.00,481.60,,
2024/06/06,71,GUFL,41.83,668.1,673.0,655.0,655.4,655.40,0.0,0.0,661.51,"40,441.00",668.00,"26,752,250.60",352,-12.6,18.00,-1.89,2.75,-0.93,946.00,481.60,,
2024/06/09,69,GUFL,48.33,660.0,665.0,645.0,646.0,646.00,0.0,0.0,651.20,"45,107.00",655.40,"29,373,619.00",417,-9.4,20.00,-1.43,3.1,-0.8,946.00,481.60,,
2024/06/10,70,GUFL,61.72,657.0,704.0,646.0,692.0,692.00,0.0,0.0,686.92,"99,039.00",646.00,"68,031,924.90","1,024",46.0,58.00,7.12,8.98,0.73,946.00,481.60,,
2024/06/11,67,GUFL,65.65,703.0,739.5,695.0,731.0,731.00,0.0,0.0,722.84,"128,856.00",692.00,"93,141,860.80","1,127",39.0,44.50,5.64,6.4,1.12,946.00,481.60,,
2024/06/12,68,GUFL,62.14,731.0,744.5,725.0,733.0,733.00,0.0,0.0,734.36,"75,199.00",731.00,"55,223,261.60",739,2.0,19.5,0.27,2.69,-0.19,946.00,481.60,,
2024/06/13,67,GUFL,62.95,740.0,747.5,711.5,739.9,739.90,0.0,0.0,731.82,"80,523.00",733.00,"58,928,566.50",697,6.9,36.0,0.94,5.06,1.09,946.00,481.60,,
2024/06/16,70,GUFL,60.38,735.0,745.5,720.0,729.0,729.00,0.0,0.0,730.18,"63,411.00",739.90,"46,301,436.40",485,-10.9,25.5,-1.47,3.54,-0.16,946.00,481.60,,
2024/06/18,71,GUFL,52.72,720.0,745.0,715.2,736.7,736.70,0.0,0.0,734.40,"102,035.00",729.00,"74,934,625.20",800,7.7,29.80,1.06,4.17,0.31,946.00,481.60,,
2024/06/19,68,GUFL,56.24,736.7,758.0,728.0,750.0,750.00,0.0,0.0,749.47,"129,003.00",736.70,"96,684,518.00","1,031",13.3,30.0,1.81,4.12,0.07,946.00,481.60,,
2024/06/20,66,GUFL,55.0,758.0,793.0,750.0,774.9,774.90,0.0,0.0,771.10,"112,673.00",750.00,"86,882,636.20","1,094",24.9,43.00,3.32,5.73,0.49,946.00,481.60,,
2024/06/23,70,GUFL,57.12,779.0,798.6,775.0,781.0,781.00,0.0,0.0,787.18,"109,737.00",774.90,"86,382,650.10",681,6.1,23.6,0.79,3.05,-0.79,946.00,481.60,,
2024/05/05,73,GUFL,43.08,711.0,734.0,711.0,720.0,720.00,0.0,0.0,721.21,"86,171.00",725.00,"62,147,097.70",563,-5.0,23.0,-0.69,3.23,-0.17,946.00,454.00,,
2024/05/06,69,GUFL,41.38,712.1,729.0,700.0,700.0,700.00,0.0,0.0,712.48,"89,365.00",720.00,"63,670,498.00",585,-20.00,29.00,-2.78,4.14,-1.78,946.00,454.00,,
2024/05/07,71,GUFL,45.23,713.0,713.0,677.6,678.0,678.00,0.0,0.0,689.24,"59,810.00",700.00,"41,223,686.90",671,-22.00,35.4,-3.14,5.22,-1.66,946.00,454.00,,
2024/05/08,70,GUFL,46.84,690.0,705.8,681.5,702.9,702.90,0.0,0.0,694.98,"81,824.00",678.00,"56,866,201.70",514,24.9,24.3,3.67,3.57,1.13,946.00,454.00,,
2024/05/09,68,GUFL,48.42,688.9,730.0,688.9,711.0,711.00,0.0,0.0,709.08,"85,563.00",702.90,"60,671,211.70",578,8.1,41.10,1.15,5.97,0.27,946.00,454.00,,
2024/05/12,70,GUFL,48.75,725.2,725.2,690.0,713.0,713.00,0.0,0.0,707.25,"61,527.00",711.00,"43,515,105.40",412,2.00,35.2,0.28,5.1,0.81,946.00,454.00,,
2024/05/13,69,GUFL,53.48,699.1,719.1,699.1,713.2,713.20,0.0,0.0,710.13,"85,980.00",713.00,"61,057,351.00",445,0.2,20.0,0.03,2.86,0.43,946.00,454.00,,
2024/05/14,72,GUFL,50.97,699.0,717.0,699.0,714.5,714.50,0.0,0.0,711.13,"35,815.00",713.20,"25,469,005.50",357,1.3,18.0,0.18,2.58,0.47,946.00,454.00,,
2024/05/15,72,GUFL,47.13,700.3,715.8,700.3,708.0,708.00,0.0,0.0,708.74,"47,687.00",714.50,"33,797,693.40",328,-6.5,15.5,-0.91,2.21,-0.1,946.00,454.00,,
2024/05/16,72,GUFL,48.37,693.9,718.0,687.0,693.0,693.00,0.0,0.0,696.09,"82,143.00",708.00,"57,179,182.10",631,-15.0,31.0,-2.12,4.51,-0.45,946.00,456.00,,
2024/05/19,72,GUFL,50.57,706.8,706.8,683.0,683.0,683.00,0.0,0.0,689.62,"68,364.00",693.00,"47,145,478.40",573,-10.0,23.8,-1.44,3.48,-0.97,946.00,470.10,,
2024/05/20,73,GUFL,49.29,670.0,696.0,668.1,670.0,670.00,0.0,0.0,677.07,"72,783.00",683.00,"49,279,329.20",708,-13.0,27.9,-1.9,4.18,-1.06,946.00,470.10,,
2024/05/21,70,GUFL,54.15,670.9,693.6,670.0,685.0,685.00,0.0,0.0,685.31,"66,176.00",670.00,"45,351,356.00",515,15.00,23.6,2.24,3.52,-0.05,946.00,470.10,,
2024/05/22,68,GUFL,50.29,690.0,693.0,670.4,671.0,671.00,0.0,0.0,681.82,"70,854.00",685.00,"48,309,619.00",584,-14.0,22.6,-2.04,3.37,-1.61,946.00,470.10,,
2024/05/26,70,GUFL,51.87,673.0,678.0,668.0,670.9,670.90,0.0,0.0,671.15,"38,820.00",671.00,"26,053,971.10",395,-0.1,10.0,-0.01,1.5,-0.04,946.00,470.10,,
2024/05/27,71,GUFL,54.99,665.1,680.0,665.0,672.0,672.00,0.0,0.0,674.83,"44,813.00",670.90,"30,241,345.20",361,1.1,15.0,0.16,2.26,-0.42,946.00,470.10,,
2024/04/03,75,GUFL,31.47,513.0,518.5,500.0,507.9,507.90,0.0,0.0,505.88,"1,258.00",510.00,"636,395.00",25,-2.1,18.5,-0.41,3.7,0.4,840.00,465.50,554.54,582.06
2024/04/04,70,GUFL,43.42,853.0,930.2,846.0,854.9,854.90,0.0,0.0,861.82,"270,698.00",869.90,"233,291,612.00","1,363",-15.0,84.20,-1.72,9.95,-0.81,946.00,454.00,,
2024/04/07,70,GUFL,45.82,854.9,885.3,854.9,884.0,884.00,0.0,0.0,862.00,"220,985.00",854.90,"190,489,829.10","1,071",29.1,30.40,3.4,3.56,2.49,946.00,454.00,,
2024/04/09,75,GUFL,31.47,513.0,518.5,500.0,507.9,507.90,0.0,0.0,505.88,"1,258.00",510.00,"636,395.00",25,-2.1,18.5,-0.41,3.7,0.4,840.00,465.50,554.54,582.06
2024/04/10,70,GUFL,36.65,835.0,854.8,812.2,816.0,816.00,0.0,0.0,832.99,"133,529.00",852.00,"111,228,427.10","1,004",-36.0,42.60,-4.23,5.25,-2.08,946.00,454.00,,
2024/04/14,71,GUFL,38.48,799.7,831.0,799.7,828.5,828.50,0.0,0.0,823.99,"62,527.00",816.00,"51,521,863.80",591,12.5,31.3,1.53,3.91,0.54,946.00,454.00,,
2024/04/15,71,GUFL,39.62,812.0,845.4,812.0,823.0,823.00,0.0,0.0,828.13,"75,837.00",828.50,"62,802,934.60",526,-5.50,33.4,-0.66,4.11,-0.62,946.00,454.00,,
2024/04/16,72,GUFL,49.85,823.0,905.3,800.0,905.0,905.00,0.0,0.0,827.64,"212,626.00",823.00,"175,978,163.20",955,82.0,105.3,9.96,13.16,8.55,946.00,454.00,,
2024/04/18,70,GUFL,48.14,886.9,886.9,819.2,820.0,820.00,0.0,0.0,828.85,"218,705.00",905.00,"181,274,202.60","1,353",-85.0,67.7,-9.39,8.26,-1.08,946.00,454.00,,
2024/04/21,67,GUFL,39.61,804.0,805.0,765.6,787.1,787.10,0.0,0.0,789.52,"129,366.00",820.00,"102,137,227.30","1,081",-32.9,39.4,-4.01,5.15,-0.31,946.00,454.00,,
2024/04/22,69,GUFL,35.49,771.4,827.0,754.6,755.0,755.00,0.0,0.0,769.19,"150,131.00",787.10,"115,479,347.20",919,-32.5,72.4,-4.13,9.59,-1.88,946.00,454.00,,
2024/04/24,69,GUFL,33.33,770.1,770.1,740.1,768.9,768.90,0.0,0.0,757.32,"110,945.00",755.00,"84,020,548.60",742,13.9,30.0,1.84,4.05,1.51,946.00,454.00,,
2024/04/25,66,GUFL,34.22,775.0,794.5,757.0,770.0,770.00,0.0,0.0,779.87,"103,424.00",768.90,"80,656,868.80",645,1.1,37.5,0.14,4.95,-1.28,946.00,454.00,,
2024/04/28,70,GUFL,44.03,785.4,785.4,760.1,760.2,760.20,0.0,0.0,771.07,"111,346.00",770.00,"85,855,878.30",715,-9.8,25.3,-1.27,3.33,-1.43,946.00,454.00,,
2024/04/29,73,GUFL,45.95,760.0,762.0,741.0,745.1,745.10,0.0,0.0,750.04,"121,068.00",760.20,"90,805,508.10",884,-15.1,21.0,-1.99,2.83,-0.66,946.00,454.00,,
2024/04/30,72,GUFL,46.01,745.1,746.0,710.0,711.0,711.00,0.0,0.0,725.23,"224,124.00",745.10,"162,541,983.30","1,874",-34.10,36.00,-4.58,5.07,-2.0,946.00,454.00,,
2024/03/07,73,GUFL,55.0,670.0,670.0,643.0,654.0,654.00,0.0,0.0,653.39,"120,326.00",668.00,"78,619,509.80",584,-14.0,27.00,-2.1,4.2,0.09,670.00,454.00,,
2024/03/10,69,GUFL,49.48,654.0,674.0,645.0,671.0,671.00,0.0,0.0,665.66,"101,983.00",654.00,"67,886,029.50",631,17.0,29.0,2.6,4.5,0.8,674.00,454.00,,
2024/03/12,69,GUFL,58.6,684.4,713.8,662.0,702.0,702.00,0.0,0.0,687.99,"134,207.00",671.00,"92,333,001.80",816,31.00,51.8,4.62,7.82,2.0,713.80,454.00,,
2024/03/13,71,GUFL,57.8,713.0,767.0,695.0,755.0,755.00,0.0,0.0,723.30,"190,425.00",702.00,"137,735,261.80","1,251",53.0,72.0,7.55,10.36,4.2,767.00,454.00,,
2024/03/14,70,GUFL,55.95,755.0,830.0,728.0,750.0,750.00,0.0,0.0,758.59,"168,293.00",755.00,"127,665,689.70","1,025",-5.0,102.0,-0.66,14.01,-1.15,830.00,454.00,,
2024/03/17,72,GUFL,56.53,750.0,785.0,750.0,785.0,785.00,0.0,0.0,776.74,"136,140.00",750.00,"105,746,007.40",865,35.0,35.0,4.67,4.67,1.05,830.00,454.00,,
2024/03/18,69,GUFL,58.95,800.0,863.5,775.1,863.5,863.50,0.0,0.0,791.63,"292,380.00",785.00,"231,458,077.60","1,102",78.5,88.4,10.0,11.4,8.32,863.50,454.00,,
2024/03/19,69,GUFL,55.8,846.3,930.0,783.1,860.0,860.00,0.0,0.0,829.44,"190,766.00",863.50,"158,229,403.70","1,282",-3.5,146.90,-0.41,18.76,3.55,930.00,454.00,,
2024/03/20,70,GUFL,54.64,850.0,946.0,820.5,946.0,946.00,0.0,0.0,852.62,"139,705.00",860.00,"119,114,792.20",931,86.00,125.50,10.0,15.3,9.87,946.00,454.00,,
2024/03/21,71,GUFL,53.15,927.1,927.1,852.0,855.0,855.00,0.0,0.0,871.05,"327,548.00",946.00,"285,310,580.00","2,108",-72.00,75.10,-7.61,8.81,-1.88,946.00,454.00,,
2024/03/25,68,GUFL,46.83,837.9,922.7,790.0,872.0,872.00,0.0,0.0,841.45,"343,485.00",855.00,"289,025,856.90","1,904",17.00,132.70,1.99,16.8,3.5,946.00,454.00,,
2024/03/26,71,GUFL,44.57,854.6,878.0,838.1,878.0,878.00,0.0,0.0,867.14,"93,160.00",872.00,"80,782,933.60",656,6.0,39.90,0.69,4.76,1.24,946.00,454.00,,
2024/03/27,71,GUFL,37.22,860.6,870.0,820.1,858.0,858.00,0.0,0.0,853.38,"69,174.00",878.00,"59,031,983.00",587,-20.0,49.90,-2.28,6.08,0.54,946.00,454.00,,
2024/03/28,71,GUFL,46.16,840.9,890.0,833.0,880.0,880.00,0.0,0.0,866.69,"186,907.00",858.00,"161,989,558.80","1,192",22.0,57.0,2.56,6.84,1.51,946.00,454.00,,
2024/03/31,72,GUFL,42.37,881.0,888.0,860.2,879.0,879.00,0.0,0.0,871.75,"144,150.00",880.00,"125,662,625.30",764,-1.00,27.80,-0.11,3.23,0.82,946.00,454.00,,
2024/04/01,71,GUFL,38.0,861.5,877.0,855.0,869.9,869.90,0.0,0.0,866.52,"115,371.00",879.00,"99,971,381.60",765,-9.1,22.0,-1.04,2.57,0.39,946.00,454.00,,
2024/02/12,73,GUFL,45.83,565.0,571.0,565.0,570.0,570.00,0.0,0.0,568.29,"21,952.00",560.00,"12,475,133.00",201,10.00,6.00,1.79,1.06,0.3,611.00,454.00,,
2024/02/13,71,GUFL,52.45,565.0,574.9,560.0,565.0,565.00,0.0,0.0,568.60,"32,650.00",570.00,"18,564,762.00",342,-5.0,14.9,-0.88,2.66,-0.64,611.00,454.00,,
2024/02/14,70,GUFL,62.68,562.1,619.0,562.0,606.0,606.00,0.0,0.0,603.13,"208,840.00",565.00,"125,957,880.90","1,605",41.0,57.0,7.26,10.14,0.47,619.00,454.00,,
2024/02/15,72,GUFL,58.41,609.0,615.0,580.1,584.0,584.00,0.0,0.0,593.92,"56,571.00",606.00,"33,598,752.10",476,-22.0,34.9,-3.63,6.02,-1.7,619.00,454.00,,
2024/02/18,73,GUFL,42.33,578.2,581.0,567.3,570.0,570.00,0.0,0.0,575.08,"34,801.00",584.00,"20,013,378.10",302,-14.0,13.7,-2.4,2.41,-0.89,619.00,454.00,,
2024/02/20,71,GUFL,50.07,558.6,581.0,558.6,573.0,573.00,0.0,0.0,577.11,"28,511.00",570.00,"16,453,906.70",229,3.00,22.4,0.53,4.01,-0.72,619.00,454.00,,
2024/02/21,70,GUFL,38.18,562.0,590.5,562.0,589.0,589.00,0.0,0.0,583.86,"39,680.00",573.00,"23,167,668.80",261,16.00,28.5,2.79,5.07,0.87,619.00,454.00,,
2024/02/22,71,GUFL,55.42,577.3,647.9,577.3,619.9,619.90,0.0,0.0,619.98,"225,994.00",589.00,"140,110,688.80","1,442",30.90,70.6,5.25,12.23,-0.01,647.90,454.00,,
2024/02/25,74,GUFL,57.23,620.0,668.3,620.0,651.9,651.90,0.0,0.0,649.55,"165,634.00",619.90,"107,588,145.70","1,210",32.00,48.30,5.16,7.79,0.36,668.30,454.00,,
2024/02/26,74,GUFL,54.43,664.9,664.9,615.0,617.0,617.00,0.0,0.0,629.88,"99,486.00",651.90,"62,664,018.00",782,-34.90,49.90,-5.35,8.11,-2.09,668.30,454.00,,
2024/02/27,71,GUFL,48.9,621.2,636.4,610.0,628.0,628.00,0.0,0.0,620.89,"49,522.00",617.00,"30,747,701.10",316,11.00,26.40,1.78,4.33,1.13,668.30,454.00,,
2024/02/28,71,GUFL,36.33,628.0,628.0,614.0,614.0,614.00,0.0,0.0,619.58,"36,112.00",628.00,"22,374,450.90",275,-14.00,14.00,-2.23,2.28,-0.91,668.30,454.00,,
2024/02/29,71,GUFL,33.72,618.0,619.9,580.0,583.0,583.00,0.0,0.0,593.74,"57,875.00",614.00,"34,362,592.10",550,-31.00,39.90,-5.05,6.88,-1.84,668.30,454.00,,
2024/03/03,71,GUFL,29.06,575.0,595.0,575.0,580.1,580.10,0.0,0.0,583.16,"23,695.00",583.00,"13,818,022.50",249,-2.90,20.00,-0.5,3.48,-0.53,668.30,454.00,,
2024/03/04,60,GUFL,34.45,591.7,627.3,591.7,624.0,624.00,0.0,0.0,622.21,"1,300.00",580.10,"808,869.00",9,43.9,35.6,7.57,6.02,0.29,668.30,454.00,,
2024/03/05,73,GUFL,41.68,625.0,625.0,596.0,618.0,618.00,0.0,0.0,605.92,"92,213.00",624.00,"55,873,534.60",510,-6.00,29.00,-0.96,4.87,1.95,668.30,454.00,,
2024/01/18,68,GUFL,62.97,563.0,582.0,563.0,573.0,573.00,0.0,0.0,572.10,"38,463.00",574.00,"22,004,728.70",311,-1.0,19.00,-0.17,3.37,0.16,620.00,454.00,,
2024/01/21,71,GUFL,64.09,563.1,584.0,560.0,569.1,569.10,0.0,0.0,569.15,"43,304.00",573.00,"24,646,480.90",313,-3.9,24.00,-0.68,4.29,-0.01,620.00,454.00,,
2024/01/22,69,GUFL,45.41,560.0,571.0,555.0,558.0,558.00,0.0,0.0,562.24,"38,087.00",569.10,"21,413,974.30",228,-11.1,16.0,-1.95,2.88,-0.76,620.00,454.00,,
2024/01/23,72,GUFL,45.0,550.0,569.0,550.0,560.0,560.00,0.0,0.0,560.38,"17,756.00",558.00,"9,950,081.10",184,2.0,19.0,0.36,3.45,-0.07,620.00,454.00,,
2024/01/24,73,GUFL,40.93,554.0,571.1,554.0,558.9,558.90,0.0,0.0,565.41,"20,287.00",560.00,"11,470,538.70",174,-1.1,17.1,-0.2,3.09,-1.17,617.00,454.00,,
2024/01/25,70,GUFL,41.12,547.8,575.0,547.8,559.0,559.00,0.0,0.0,557.95,"22,132.00",558.90,"12,348,620.40",164,0.1,27.20,0.02,4.97,0.19,617.00,454.00,,
2024/01/28,71,GUFL,43.61,563.9,563.9,555.1,560.0,560.00,0.0,0.0,558.76,"5,549.00",559.00,"3,100,535.70",85,1.0,8.8,0.18,1.59,0.22,611.00,454.00,,
2024/01/29,70,GUFL,46.42,566.0,577.0,557.0,562.2,562.20,0.0,0.0,564.86,"18,328.00",560.00,"10,352,697.10",145,2.2,20.0,0.39,3.59,-0.47,611.00,454.00,,
2024/01/30,71,GUFL,47.54,557.0,573.0,557.0,563.6,563.60,0.0,0.0,566.99,"9,331.00",562.20,"5,290,569.10",93,1.4,16.0,0.25,2.87,-0.6,611.00,454.00,,
2024/01/31,71,GUFL,37.97,555.1,574.0,553.0,553.5,553.50,0.0,0.0,557.85,"17,519.00",563.60,"9,772,897.90",138,-10.10,21.00,-1.79,3.8,-0.79,611.00,454.00,,
2024/02/01,72,GUFL,38.06,551.2,565.0,548.1,548.6,548.60,0.0,0.0,554.10,"33,671.00",553.50,"18,656,971.60",202,-4.9,16.9,-0.89,3.08,-1.0,611.00,454.00,,
2024/02/04,72,GUFL,37.49,540.5,563.0,540.5,557.9,557.90,0.0,0.0,555.40,"14,486.00",548.60,"8,045,506.90",164,9.3,22.5,1.7,4.16,0.45,611.00,454.00,,
2024/02/05,72,GUFL,41.28,549.4,566.0,549.4,560.0,560.00,0.0,0.0,559.67,"20,859.00",557.90,"11,674,083.90",148,2.1,16.6,0.38,3.02,0.06,611.00,454.00,,
2024/02/06,73,GUFL,50.0,550.1,570.0,550.1,569.0,569.00,0.0,0.0,563.94,"16,740.00",560.00,"9,440,411.90",149,9.0,19.9,1.61,3.62,0.89,611.00,454.00,,
2024/02/07,73,GUFL,54.38,562.0,573.0,558.0,566.0,566.00,0.0,0.0,564.68,"17,875.00",569.00,"10,093,683.60",163,-3.0,15.0,-0.53,2.69,0.23,611.00,454.00,,
2024/02/08,73,GUFL,46.66,558.0,569.0,558.0,565.0,565.00,0.0,0.0,564.15,"13,808.00",566.00,"7,789,804.80",118,-1.0,11.00,-0.18,1.97,0.15,611.00,454.00,,
2023/12/20,73,GUFL,64.1,571.0,580.0,557.0,573.8,573.80,0.0,0.0,569.54,"37,255.00",560.20,"21,218,126.00",293,13.60,23.00,2.43,4.13,0.74,652.00,454.00,,
2023/12/21,74,GUFL,55.18,585.0,585.0,551.2,555.0,555.00,0.0,0.0,563.68,"28,241.00",573.80,"15,918,837.30",257,-18.80,33.80,-3.28,6.13,-1.56,652.00,454.00,,
2023/12/24,72,GUFL,46.7,545.0,577.0,543.0,543.0,543.00,0.0,0.0,557.51,"31,533.00",555.00,"17,579,807.30",268,-12.0,34.00,-2.16,6.26,-2.67,652.00,454.00,,
2023/12/27,72,GUFL,47.76,553.8,564.8,536.0,547.1,547.10,0.0,0.0,542.87,"25,129.00",543.00,"13,641,877.00",227,4.1,28.80,0.76,5.37,0.77,652.00,454.00,,
2023/12/28,70,GUFL,43.48,542.1,554.0,540.0,545.0,545.00,0.0,0.0,544.63,"15,608.00",547.10,"8,500,655.20",137,-2.1,14.0,-0.38,2.59,0.07,652.00,454.00,,
2024/01/01,70,GUFL,45.36,536.0,557.0,536.0,548.0,548.00,0.0,0.0,549.16,"32,321.00",545.00,"17,749,327.60",183,3.0,21.0,0.55,3.92,-0.21,652.00,454.00,,
2024/01/02,72,GUFL,44.46,543.0,548.8,536.0,545.0,545.00,0.0,0.0,539.76,"12,650.00",548.00,"6,828,010.90",128,-3.0,12.8,-0.55,2.39,0.96,652.00,454.00,,
2024/01/03,71,GUFL,45.84,534.1,550.0,523.5,548.0,548.00,0.0,0.0,542.47,"15,056.00",545.00,"8,167,494.60",117,3.00,26.5,0.55,5.06,1.01,652.00,454.00,,
2024/01/04,70,GUFL,42.07,537.1,553.0,534.0,534.0,534.00,0.0,0.0,541.01,"20,013.00",548.00,"10,827,309.40",143,-14.00,19.00,-2.55,3.56,-1.31,652.00,454.00,,
2024/01/07,72,GUFL,40.7,525.0,540.0,522.4,525.0,525.00,0.0,0.0,528.69,"18,700.00",534.00,"9,886,514.30",160,-9.0,17.6,-1.69,3.37,-0.7,652.00,454.00,,
2024/01/08,75,GUFL,40.38,516.0,536.6,516.0,527.0,527.00,0.0,0.0,529.75,"13,690.00",525.00,"7,252,277.50",119,2.0,20.60,0.38,3.99,-0.52,652.00,454.00,,
2024/01/09,69,GUFL,43.99,537.5,547.0,536.1,543.0,543.00,0.0,0.0,542.46,"20,627.00",527.00,"11,189,401.10",156,16.0,10.9,3.04,2.03,0.1,652.00,454.00,,
2024/01/10,69,GUFL,63.91,550.0,564.0,545.5,549.0,549.00,0.0,0.0,555.44,"57,002.00",543.00,"31,661,203.90",363,6.0,18.50,1.1,3.39,-1.17,652.00,454.00,,
2024/01/11,70,GUFL,57.03,540.1,558.4,540.1,546.0,546.00,0.0,0.0,550.57,"15,426.00",549.00,"8,493,100.50",136,-3.00,18.3,-0.55,3.39,-0.84,639.00,454.00,,
2024/01/14,70,GUFL,58.95,550.0,564.0,550.0,557.5,557.50,0.0,0.0,559.09,"18,271.00",546.00,"10,215,202.30",145,11.5,14.0,2.11,2.55,-0.29,620.00,454.00,,
2024/01/16,72,GUFL,69.0,565.0,598.0,565.0,591.0,591.00,0.0,0.0,581.41,"89,109.00",557.50,"51,808,637.40",666,33.5,33.0,6.01,5.84,1.62,620.00,454.00,,
2023/11/27,68,GUFL,57.98,511.0,562.0,511.0,516.0,516.00,0.0,0.0,518.43,"23,862.00",521.40,"12,370,810.20",127,-5.40,51.00,-1.04,9.98,-0.47,652.00,381.00,,
2023/11/28,68,GUFL,49.9,505.7,529.0,505.7,525.8,525.80,0.0,0.0,518.44,"7,240.00",516.00,"3,753,469.60",82,9.8,23.3,1.9,4.61,1.4,652.00,381.00,,
2023/11/29,67,GUFL,50.4,515.8,534.3,510.0,519.5,519.50,0.0,0.0,520.21,"6,676.00",525.80,"3,472,938.50",65,-6.30,24.30,-1.2,4.76,-0.14,652.00,381.00,,
2023/11/30,66,GUFL,37.83,509.2,518.0,499.8,505.0,505.00,0.0,0.0,502.79,"20,351.00",519.50,"10,232,333.90",105,-14.5,18.20,-2.79,3.64,0.44,652.00,381.00,,
2023/12/03,65,GUFL,36.41,494.9,510.0,494.9,510.0,510.00,0.0,0.0,504.95,"6,749.00",505.00,"3,407,880.60",61,5.0,15.1,0.99,3.05,0.99,652.00,381.00,,
2023/12/04,70,GUFL,34.6,499.8,520.0,499.8,513.9,513.90,0.0,0.0,511.94,"6,974.00",510.00,"3,570,281.00",79,3.9,20.2,0.76,4.04,0.38,652.00,454.00,,
2023/12/05,70,GUFL,35.2,503.7,519.7,500.0,506.9,506.90,0.0,0.0,503.82,"10,023.00",513.90,"5,049,759.50",86,-7.00,19.70,-1.36,3.94,0.61,652.00,454.00,,
2023/12/06,66,GUFL,36.4,496.8,509.6,496.8,501.9,501.90,0.0,0.0,501.14,"17,005.00",506.90,"8,521,846.40",74,-5.0,12.80,-0.99,2.58,0.15,652.00,454.00,,
2023/12/07,69,GUFL,37.49,491.9,515.0,491.9,505.0,505.00,0.0,0.0,503.09,"16,147.00",501.90,"8,123,401.60",102,3.1,23.10,0.62,4.7,0.38,652.00,454.00,,
2023/12/10,56,GUFL,48.14,514.9,555.0,505.0,550.0,550.00,0.0,0.0,546.57,"2,040.00",505.00,"1,115,008.00",31,45.00,50.0,8.91,9.9,0.62,652.00,454.00,,
2023/12/11,71,GUFL,57.78,561.0,561.0,520.0,534.0,534.00,0.0,0.0,533.75,"31,012.00",550.00,"16,552,647.00",273,-16.0,41.0,-2.91,7.88,0.05,652.00,454.00,,
2023/12/12,71,GUFL,58.09,544.6,544.6,515.5,535.0,535.00,0.0,0.0,535.17,"17,291.00",534.00,"9,253,705.80",191,1.00,29.10,0.19,5.65,-0.03,652.00,454.00,,
2023/12/13,72,GUFL,61.01,544.9,550.0,527.0,534.3,534.30,0.0,0.0,536.48,"34,106.00",535.00,"18,297,290.10",230,-0.7,23.0,-0.13,4.36,-0.41,652.00,454.00,,
2023/12/14,72,GUFL,41.46,523.7,537.9,523.7,528.9,528.90,0.0,0.0,529.39,"11,375.00",534.30,"6,021,840.40",119,-5.4,14.2,-1.01,2.71,-0.09,652.00,454.00,,
2023/12/17,70,GUFL,52.94,521.1,542.0,515.3,538.0,538.00,0.0,0.0,532.63,"22,979.00",528.90,"12,239,277.60",182,9.1,26.70,1.72,5.18,1.0,652.00,454.00,,
2023/12/18,70,GUFL,60.8,535.0,569.1,535.0,555.0,555.00,0.0,0.0,557.80,"91,706.00",538.00,"51,153,408.70",525,17.00,34.10,3.16,6.37,-0.5,652.00,454.00,,
2023/10/18,67,GUFL,46.35,506.7,522.0,496.6,522.0,522.00,0.0,0.0,516.34,"11,951.00",517.00,"6,170,723.50",86,5.0,25.4,0.97,5.11,1.09,652.00,381.00,,
2023/10/19,67,GUFL,50.1,511.6,520.0,481.6,516.8,516.80,0.0,0.0,499.69,"17,302.00",522.00,"8,645,653.60",155,-5.2,38.4,-1.0,7.97,3.31,652.00,381.00,,
2023/10/29,65,GUFL,35.79,510.0,510.0,496.1,499.8,499.80,0.0,0.0,499.81,"5,764.00",516.80,"2,880,876.20",80,-17.0,13.9,-3.29,2.8,0.0,652.00,381.00,,
2023/10/30,67,GUFL,36.18,490.0,509.0,490.0,508.0,508.00,0.0,0.0,502.06,"5,534.00",499.80,"2,778,396.10",74,8.2,19.0,1.64,3.88,1.17,652.00,381.00,,
2023/10/31,69,GUFL,29.98,504.0,510.9,502.0,504.0,504.00,0.0,0.0,503.66,"1,696.00",508.00,"854,199.30",23,-4.0,8.9,-0.79,1.77,0.07,652.00,381.00,,
2023/11/01,70,GUFL,34.57,495.0,504.9,495.0,503.9,503.90,0.0,0.0,500.97,"2,901.00",504.00,"1,453,302.50",42,-0.1,9.9,-0.02,2.0,0.58,652.00,381.00,,
2023/11/02,66,GUFL,38.59,498.0,502.8,495.0,500.0,500.00,0.0,0.0,497.55,"2,662.00",503.90,"1,324,469.60",46,-3.9,7.8,-0.77,1.58,0.49,652.00,381.00,,
2023/11/05,68,GUFL,36.01,490.0,500.0,490.0,496.0,496.00,0.0,0.0,496.70,"6,046.00",500.00,"3,003,038.10",64,-4.0,10.0,-0.8,2.04,-0.14,652.00,381.00,,
2023/11/06,65,GUFL,45.8,487.0,510.0,487.0,507.0,507.00,0.0,0.0,504.02,"8,035.00",496.00,"4,049,784.00",79,11.0,23.0,2.22,4.72,0.59,652.00,381.00,,
2023/11/07,66,GUFL,47.14,510.0,511.9,497.0,510.0,510.00,0.0,0.0,507.82,"10,475.00",507.00,"5,319,399.00",83,3.0,14.9,0.59,3.0,0.43,652.00,381.00,,
2023/11/08,69,GUFL,48.66,500.0,516.0,500.0,508.6,508.60,0.0,0.0,507.48,"8,921.00",510.00,"4,527,211.40",89,-1.40,16.0,-0.27,3.2,0.22,652.00,381.00,,
2023/11/09,65,GUFL,43.62,500.0,505.2,500.0,505.2,505.20,0.0,0.0,501.25,"4,767.00",508.60,"2,389,469.70",49,-3.4,5.2,-0.67,1.04,0.78,652.00,381.00,,
2023/11/20,66,GUFL,38.38,496.0,508.0,496.0,503.0,503.00,0.0,0.0,502.40,"3,941.00",505.20,"1,979,952.90",44,-2.20,12.00,-0.44,2.42,0.12,652.00,381.00,,
2023/11/21,67,GUFL,36.35,493.5,500.0,490.1,497.0,497.00,0.0,0.0,495.69,"13,744.00",503.00,"6,812,768.40",54,-6.0,9.90,-1.19,2.02,0.26,652.00,381.00,,
2023/11/22,67,GUFL,39.92,488.0,506.9,488.0,503.0,503.00,0.0,0.0,497.78,"10,609.00",497.00,"5,280,927.90",79,6.0,18.90,1.21,3.87,1.04,652.00,381.00,,
2023/11/23,68,GUFL,37.03,493.0,510.0,484.0,500.2,500.20,0.0,0.0,502.44,"7,916.00",503.00,"3,977,320.70",88,-2.8,26.0,-0.56,5.37,-0.45,652.00,381.00,,
2023/09/21,64,GUFL,63.99,524.2,554.8,515.0,550.0,550.00,0.0,0.0,545.51,"36,474.00",524.20,"19,897,054.60",232,25.80,39.80,4.92,7.73,0.82,652.00,381.00,,
2023/09/24,68,GUFL,58.65,539.0,552.0,528.3,552.0,552.00,0.0,0.0,543.16,"21,076.00",550.00,"11,447,574.00",157,2.00,23.70,0.36,4.49,1.6,652.00,381.00,,
2023/09/25,65,GUFL,59.36,541.0,600.0,519.6,560.0,560.00,0.0,0.0,554.84,"39,104.00",552.00,"21,696,646.50",198,8.0,80.4,1.45,15.47,0.92,652.00,381.00,,
2023/09/26,66,GUFL,57.24,548.8,560.0,548.8,555.0,555.00,0.0,0.0,555.68,"8,402.00",560.00,"4,668,809.00",91,-5.0,11.20,-0.89,2.04,-0.12,652.00,381.00,,
2023/09/27,64,GUFL,41.58,544.0,577.4,536.0,540.0,540.00,0.0,0.0,549.26,"25,458.00",555.00,"13,983,184.80",153,-15.0,41.4,-2.7,7.72,-1.72,652.00,381.00,,
2023/10/01,65,GUFL,36.81,535.1,545.0,530.0,537.9,537.90,0.0,0.0,533.73,"9,207.00",540.00,"4,914,049.70",93,-2.1,15.0,-0.39,2.83,0.78,652.00,381.00,,
2023/10/02,68,GUFL,40.36,527.5,553.8,517.0,544.0,544.00,0.0,0.0,536.53,"17,381.00",537.90,"9,325,468.00",102,6.1,36.8,1.13,7.12,1.37,652.00,381.00,,
2023/10/03,63,GUFL,36.59,533.2,560.0,522.6,529.0,529.00,0.0,0.0,535.33,"8,931.00",544.00,"4,781,058.60",83,-15.0,37.4,-2.76,7.16,-1.2,652.00,381.00,,
2023/10/04,67,GUFL,42.41,539.5,547.0,531.1,543.9,543.90,0.0,0.0,538.11,"5,737.00",529.00,"3,087,150.10",83,14.9,15.9,2.82,2.99,1.06,652.00,381.00,,
2023/10/05,63,GUFL,37.08,533.3,543.0,523.0,538.8,538.80,0.0,0.0,533.42,"6,014.00",543.90,"3,207,960.00",73,-5.1,20.0,-0.94,3.82,1.0,652.00,381.00,,
2023/10/08,68,GUFL,35.5,544.0,544.0,515.0,524.0,524.00,0.0,0.0,520.54,"36,418.00",538.80,"18,957,129.60",230,-14.8,29.0,-2.75,5.63,0.66,652.00,381.00,,
2023/10/09,66,GUFL,36.89,515.0,525.3,506.0,517.8,517.80,0.0,0.0,513.58,"22,466.00",524.00,"11,538,144.80",188,-6.2,19.3,-1.18,3.81,0.81,652.00,381.00,,
2023/10/10,65,GUFL,27.15,508.0,518.0,508.0,510.0,510.00,0.0,0.0,509.95,"4,423.00",517.80,"2,255,493.50",71,-7.8,10.0,-1.51,1.97,0.01,652.00,381.00,,
2023/10/11,69,GUFL,34.58,500.0,519.8,500.0,512.0,512.00,0.0,0.0,510.59,"14,297.00",510.00,"7,299,854.30",83,2.0,19.8,0.39,3.96,0.28,652.00,381.00,,
2023/10/12,69,GUFL,30.22,503.0,515.0,503.0,509.4,509.40,0.0,0.0,505.74,"8,120.00",512.00,"4,106,605.70",102,-2.6,12.00,-0.51,2.39,0.72,652.00,381.00,,
2023/10/16,67,GUFL,37.07,500.1,510.1,499.0,505.0,505.00,0.0,0.0,501.90,"10,791.00",509.40,"5,415,999.50",102,-4.4,11.10,-0.86,2.22,0.61,652.00,381.00,,
2023/08/23,64,GUFL,49.42,529.2,552.0,529.2,548.0,548.00,0.0,0.0,545.55,"10,552.00",540.00,"5,756,594.70",93,8.0,22.8,1.48,4.31,0.45,652.00,381.00,,
2023/08/24,66,GUFL,30.65,558.9,558.9,527.0,532.0,532.00,0.0,0.0,536.74,"9,978.00",548.00,"5,355,601.00",127,-16.0,31.9,-2.92,6.05,-0.89,652.00,381.00,,
2023/08/27,65,GUFL,34.85,532.0,532.0,523.2,530.0,530.00,0.0,0.0,525.01,"7,319.00",532.00,"3,842,578.60",89,-2.0,8.80,-0.38,1.68,0.94,652.00,381.00,,
2023/08/28,65,GUFL,27.75,520.0,535.5,520.0,530.0,530.00,0.0,0.0,528.08,"5,838.00",530.00,"3,082,954.90",67,0.0,15.5,0.0,2.98,0.36,652.00,381.00,,
2023/08/29,64,GUFL,26.37,525.0,530.0,523.0,526.9,526.90,0.0,0.0,526.76,"1,791.00",530.00,"943,428.00",49,-3.1,7.0,-0.58,1.34,0.03,652.00,381.00,,
2023/08/30,67,GUFL,31.47,525.0,527.0,522.1,526.0,526.00,0.0,0.0,524.50,"5,345.00",526.90,"2,803,475.00",65,-0.9,4.9,-0.17,0.94,0.28,652.00,381.00,,
2023/09/03,65,GUFL,30.06,520.0,533.9,515.7,517.0,517.00,0.0,0.0,518.73,"8,618.00",526.00,"4,470,387.30",80,-9.0,18.2,-1.71,3.53,-0.33,652.00,381.00,,
2023/09/04,62,GUFL,34.96,511.0,525.0,511.0,525.0,525.00,0.0,0.0,515.90,"8,350.00",517.00,"4,307,794.50",103,8.0,14.0,1.55,2.74,1.73,652.00,381.00,,
2023/09/05,65,GUFL,35.33,515.5,530.0,512.0,512.0,512.00,0.0,0.0,518.06,"3,920.00",525.00,"2,030,804.50",58,-13.0,18.0,-2.48,3.52,-1.18,652.00,381.00,,
2023/09/07,67,GUFL,31.52,522.0,522.0,498.1,500.0,500.00,0.0,0.0,503.44,"10,592.00",512.00,"5,332,403.70",123,-12.0,23.9,-2.34,4.8,-0.69,652.00,381.00,,
2023/09/10,65,GUFL,34.97,501.0,507.9,497.0,500.0,500.00,0.0,0.0,501.29,"5,453.00",500.00,"2,733,544.10",49,0.0,10.9,0.0,2.19,-0.26,652.00,381.00,,
2023/09/11,65,GUFL,44.37,492.7,517.0,492.7,515.0,515.00,0.0,0.0,507.24,"16,284.00",500.00,"8,259,962.30",97,15.0,24.3,3.0,4.93,1.51,652.00,381.00,,
2023/09/12,66,GUFL,40.51,505.0,516.1,504.0,505.0,505.00,0.0,0.0,507.99,"8,572.00",515.00,"4,354,528.40",59,-10.0,12.1,-1.94,2.4,-0.59,652.00,381.00,,
2023/09/13,63,GUFL,50.89,500.1,520.0,500.1,519.0,519.00,0.0,0.0,515.17,"8,401.00",505.00,"4,327,915.30",89,14.0,19.9,2.77,3.98,0.74,652.00,381.00,,
2023/09/17,65,GUFL,46.23,508.9,520.1,502.0,504.0,504.00,0.0,0.0,509.43,"7,338.00",519.00,"3,738,219.60",103,-15.0,18.1,-2.89,3.61,-1.08,652.00,381.00,,
2023/09/18,65,GUFL,44.07,495.1,513.0,495.1,513.0,513.00,0.0,0.0,505.39,"3,461.00",504.00,"1,749,160.60",48,9.0,17.9,1.79,3.62,1.48,652.00,381.00,,
2023/07/31,61,GUFL,39.49,512.1,543.3,512.1,526.0,526.00,0.0,0.0,531.67,"20,881.00",520.00,"11,101,808.70",176,6.0,31.2,1.15,6.09,-1.08,715.00,381.00,,
2023/08/01,60,GUFL,33.37,536.0,539.9,509.6,510.3,510.30,0.0,0.0,518.70,"11,288.00",526.00,"5,855,047.60",167,-15.70,30.30,-2.98,5.95,-1.65,693.50,381.00,,
2023/08/02,61,GUFL,44.1,520.5,529.0,511.1,529.0,529.00,0.0,0.0,519.40,"17,252.00",510.30,"8,960,641.40",150,18.7,17.90,3.66,3.5,1.82,692.00,381.00,,
2023/08/03,59,GUFL,50.3,538.0,568.0,523.0,523.1,523.10,0.0,0.0,534.31,"21,882.00",529.00,"11,691,802.80",197,-5.9,45.0,-1.12,8.6,-2.14,692.00,381.00,,
2023/08/06,61,GUFL,52.57,533.0,549.0,522.2,534.0,534.00,0.0,0.0,529.66,"27,405.00",523.10,"14,515,322.00",202,10.9,26.80,2.08,5.13,0.81,655.00,381.00,,
2023/08/07,59,GUFL,55.37,523.5,586.7,523.5,586.0,586.00,0.0,0.0,546.71,"34,800.00",534.00,"19,025,639.30",285,52.0,63.20,9.74,12.07,6.7,655.00,381.00,,
2023/08/08,61,GUFL,53.28,574.3,574.3,537.7,537.7,537.70,0.0,0.0,550.84,"50,075.00",586.00,"27,583,069.90",374,-48.3,36.60,-8.24,6.81,-2.44,655.00,381.00,,
2023/08/09,62,GUFL,53.1,527.1,558.9,527.1,557.0,557.00,0.0,0.0,543.10,"20,236.00",537.70,"10,990,240.70",161,19.3,31.80,3.59,6.03,2.49,652.00,381.00,,
2023/08/10,64,GUFL,52.26,546.0,564.0,537.0,550.0,550.00,0.0,0.0,554.98,"18,576.00",557.00,"10,309,316.70",141,-7.0,27.0,-1.26,5.03,-0.91,652.00,381.00,,
2023/08/13,60,GUFL,47.49,539.0,580.0,539.0,560.0,560.00,0.0,0.0,554.77,"33,899.00",550.00,"18,806,115.70",211,10.00,41.00,1.82,7.61,0.93,652.00,381.00,,
2023/08/14,65,GUFL,53.35,548.8,561.5,540.0,557.0,557.00,0.0,0.0,554.35,"20,371.00",560.00,"11,292,584.80",182,-3.0,21.5,-0.54,3.98,0.48,652.00,381.00,,
2023/08/15,63,GUFL,38.19,545.9,550.0,537.0,547.0,547.00,0.0,0.0,543.19,"13,492.00",557.00,"7,328,680.70",136,-10.0,13.00,-1.8,2.42,0.70,652.00,381.00,,
2023/08/16,62,GUFL,42.29,536.2,541.0,526.5,540.0,540.00,0.0,0.0,532.65,"24,082.00",547.00,"12,827,373.90",175,-7.0,14.50,-1.28,2.75,1.36,652.00,381.00,,
2023/08/17,63,GUFL,35.83,530.1,547.0,530.0,545.0,545.00,0.0,0.0,537.39,"23,576.00",540.00,"12,669,566.70",141,5.0,17.00,0.93,3.21,1.4,652.00,381.00,,
2023/08/20,64,GUFL,33.97,555.0,555.0,530.3,540.0,540.00,0.0,0.0,538.90,"6,198.00",545.00,"3,340,112.00",88,-5.0,24.70,-0.92,4.66,0.2,652.00,381.00,,
2023/08/21,64,GUFL,32.22,529.2,550.0,527.1,528.0,528.00,0.0,0.0,531.97,"8,189.00",540.00,"4,356,280.00",81,-12.0,22.9,-2.22,4.34,-0.75,652.00,381.00,,
2023/07/06,75,GUFL,31.47,513.0,518.5,500.0,507.9,507.90,0.0,0.0,505.88,"1,258.00",510.00,"636,395.00",25,-2.1,18.5,-0.41,3.7,0.4,840.00,465.50,554.54,582.06
2023/07/09,65,GUFL,39.77,562.0,575.0,556.0,568.0,568.00,0.0,0.0,568.08,"17,122.00",552.00,"9,726,721.50",191,16.0,19.0,2.9,3.42,-0.01,715.00,439.00,,
2023/07/10,65,GUFL,42.34,562.0,584.0,562.0,572.1,572.10,0.0,0.0,574.41,"27,527.00",568.00,"15,811,647.30",212,4.10,22.00,0.72,3.91,-0.4,715.00,439.00,,
2023/07/11,67,GUFL,48.01,573.0,598.0,561.0,580.0,580.00,0.0,0.0,585.27,"45,549.00",572.10,"26,658,570.30",360,7.9,37.00,1.38,6.6,-0.91,715.00,439.00,,
2023/07/12,67,GUFL,51.9,591.6,600.0,567.0,572.0,572.00,0.0,0.0,580.10,"39,641.00",580.00,"22,995,621.00",308,-8.0,33.0,-1.38,5.82,-1.42,715.00,381.00,,
2023/07/13,68,GUFL,38.53,583.4,590.0,554.7,564.9,564.90,0.0,0.0,570.85,"31,405.00",572.00,"17,927,653.30",281,-7.1,35.30,-1.24,6.36,-1.05,715.00,381.00,,
2023/07/16,65,GUFL,38.06,555.0,575.0,549.0,560.0,560.00,0.0,0.0,559.39,"45,240.00",564.90,"25,306,853.20",262,-4.90,26.00,-0.87,4.74,0.11,715.00,381.00,,
2023/07/17,59,GUFL,40.44,554.0,580.0,554.0,578.0,578.00,0.0,0.0,573.45,"23,126.00",560.00,"13,261,652.80",196,18.0,26.00,3.21,4.69,0.79,715.00,381.00,,
2023/07/18,59,GUFL,47.92,589.0,589.0,567.0,579.5,579.50,0.0,0.0,575.27,"21,112.00",578.00,"12,145,112.70",193,1.50,22.00,0.26,3.88,0.73,715.00,381.00,,
2023/07/19,61,GUFL,50.95,568.0,582.0,567.4,570.0,570.00,0.0,0.0,573.87,"23,498.00",579.50,"13,484,824.30",165,-9.5,14.60,-1.64,2.57,-0.68,715.00,381.00,,
2023/07/20,62,GUFL,44.85,561.1,570.0,561.1,566.0,566.00,0.0,0.0,565.06,"15,024.00",570.00,"8,489,405.00",129,-4.00,8.90,-0.7,1.59,0.17,715.00,381.00,,
2023/07/23,62,GUFL,45.8,558.0,578.0,555.1,572.0,572.00,0.0,0.0,571.18,"34,490.00",566.00,"19,699,959.70",207,6.0,22.90,1.06,4.13,0.14,715.00,381.00,,
2023/07/24,60,GUFL,43.83,564.2,580.0,553.0,558.0,558.00,0.0,0.0,561.15,"38,204.00",572.00,"21,437,993.80",290,-14.0,27.00,-2.45,4.88,-0.56,715.00,381.00,,
2023/07/25,61,GUFL,37.92,550.1,565.0,546.1,553.0,553.00,0.0,0.0,552.61,"20,744.00",558.00,"11,463,290.50",201,-5.00,18.90,-0.9,3.46,0.07,715.00,381.00,,
2023/07/26,61,GUFL,42.33,547.0,562.9,547.0,549.0,549.00,0.0,0.0,551.13,"14,837.00",553.00,"8,177,078.20",170,-4.00,15.90,-0.72,2.91,-0.39,715.00,381.00,,
2023/07/27,62,GUFL,36.35,551.0,557.0,535.0,535.0,535.00,0.0,0.0,543.39,"18,392.00",549.00,"9,994,046.20",189,-14.0,22.00,-2.55,4.11,-1.57,715.00,381.00,,
2023/06/12,67,GUFL,45.48,529.7,539.0,511.3,521.5,521.50,0.0,0.0,522.68,"30,058.00",520.00,"15,710,643.60",186,1.50,27.70,0.29,5.42,-0.23,715.00,357.00,,
2023/06/13,65,GUFL,55.73,523.0,545.0,512.6,540.0,540.00,0.0,0.0,534.58,"35,280.00",521.50,"18,860,029.10",305,18.50,32.40,3.55,6.32,1.0,715.00,357.00,,
2023/06/14,66,GUFL,56.66,549.0,549.0,519.4,535.0,535.00,0.0,0.0,531.74,"49,758.00",540.00,"26,458,355.90",320,-5.00,29.60,-0.93,5.7,0.61,715.00,357.00,,
2023/06/15,63,GUFL,47.3,525.0,532.0,515.0,527.0,527.00,0.0,0.0,523.61,"33,068.00",535.00,"17,314,847.30",227,-8.0,17.00,-1.5,3.3,0.64,715.00,357.00,,
2023/06/18,66,GUFL,54.32,537.5,538.5,525.0,533.9,533.90,0.0,0.0,531.87,"41,629.00",527.00,"22,141,125.40",200,6.9,13.50,1.31,2.57,0.38,715.00,357.00,,
2023/06/19,65,GUFL,56.86,544.5,569.0,526.0,564.0,564.00,0.0,0.0,556.72,"89,959.00",533.90,"50,082,145.90",671,30.10,43.00,5.64,8.17,1.29,715.00,357.00,,
2023/06/20,63,GUFL,55.04,565.0,580.0,548.0,560.0,560.00,0.0,0.0,564.55,"80,806.00",564.00,"45,619,109.70",648,-4.0,32.0,-0.71,5.84,-0.81,715.00,357.00,,
2023/06/21,75,GUFL,31.47,513.0,518.5,500.0,507.9,507.90,0.0,0.0,505.88,"1,258.00",510.00,"636,395.00",25,-2.1,18.5,-0.41,3.7,0.4,840.00,465.50,554.54,582.06
2023/06/22,75,GUFL,31.47,513.0,518.5,500.0,507.9,507.90,0.0,0.0,505.88,"1,258.00",510.00,"636,395.00",25,-2.1,18.5,-0.41,3.7,0.4,840.00,465.50,554.54,582.06
2023/06/25,63,GUFL,48.94,539.0,563.0,530.0,557.0,557.00,0.0,0.0,549.96,"69,557.00",535.00,"38,253,281.20",403,22.00,33.00,4.11,6.23,1.26,715.00,385.00,,
2023/06/26,65,GUFL,54.35,568.1,579.0,565.0,573.0,573.00,0.0,0.0,572.52,"77,600.00",557.00,"44,427,890.90",474,16.0,14.0,2.87,2.48,0.08,715.00,385.00,,
2023/06/27,64,GUFL,58.28,584.4,605.0,571.4,600.0,600.00,0.0,0.0,593.68,"65,035.00",573.00,"38,609,896.40",550,27.00,33.60,4.71,5.88,1.05,715.00,395.20,,
2023/06/28,66,GUFL,56.25,604.0,608.8,579.0,579.0,579.00,0.0,0.0,587.73,"106,695.00",600.00,"62,707,993.10",646,-21.0,29.8,-3.5,5.15,-1.51,715.00,395.20,,
2023/07/02,64,GUFL,46.88,590.5,590.5,562.0,564.9,564.90,0.0,0.0,575.93,"49,579.00",579.00,"28,554,238.90",374,-14.1,28.5,-2.44,5.07,-1.95,715.00,439.00,,
2023/07/03,64,GUFL,40.15,564.9,572.0,554.0,558.9,558.90,0.0,0.0,562.35,"37,661.00",564.90,"21,178,597.80",320,-6.0,18.0,-1.06,3.25,-0.62,715.00,439.00,,
2023/07/04,65,GUFL,39.2,570.0,570.0,552.0,565.0,565.00,0.0,0.0,560.55,"19,737.00",558.90,"11,063,651.90",158,6.10,18.0,1.09,3.26,0.79,715.00,439.00,,
2023/05/16,63,GUFL,32.03,456.0,467.8,456.0,467.8,467.80,0.0,0.0,462.28,"4,321.00",463.90,"1,997,504.00",46,3.9,11.8,0.84,2.59,1.18,715.00,357.00,,
2023/05/17,61,GUFL,47.71,461.1,482.9,461.1,479.9,479.90,0.0,0.0,474.78,"8,394.00",467.80,"3,985,314.70",107,12.1,21.8,2.59,4.73,1.07,715.00,357.00,,
2023/05/18,61,GUFL,52.14,470.4,500.0,470.4,499.9,499.90,0.0,0.0,492.23,"10,650.00",479.90,"5,242,280.20",138,20.0,29.6,4.17,6.29,1.53,715.00,357.00,,
2023/05/21,67,GUFL,52.32,500.0,505.0,481.0,485.0,485.00,0.0,0.0,492.86,"14,786.00",499.90,"7,287,448.90",138,-14.90,24.00,-2.98,4.99,-1.62,715.00,357.00,,
2023/05/22,63,GUFL,51.1,485.0,498.0,478.0,489.9,489.90,0.0,0.0,486.29,"9,946.00",485.00,"4,836,658.40",82,4.90,20.00,1.01,4.18,0.74,715.00,357.00,,
2023/05/23,63,GUFL,56.98,480.2,519.0,480.2,518.9,518.90,0.0,0.0,507.10,"30,913.00",489.90,"15,675,959.60",269,29.00,38.80,5.92,8.08,2.27,715.00,357.00,,
2023/05/24,63,GUFL,54.84,520.0,520.0,508.1,519.0,519.00,0.0,0.0,513.06,"16,330.00",518.90,"8,378,268.20",167,0.10,11.90,0.02,2.34,1.14,715.00,357.00,,
2023/05/28,62,GUFL,57.9,518.0,525.0,497.0,510.0,510.00,0.0,0.0,509.00,"26,963.00",519.00,"13,724,051.00",173,-9.00,28.00,-1.73,5.63,0.2,715.00,357.00,,
2023/05/30,64,GUFL,48.28,499.8,505.0,486.2,493.0,493.00,0.0,0.0,495.18,"25,477.00",510.00,"12,615,765.60",213,-17.0,18.80,-3.33,3.87,-0.44,715.00,357.00,,
2023/05/31,61,GUFL,44.91,483.2,508.0,470.1,480.0,480.00,0.0,0.0,482.27,"21,276.00",493.00,"10,260,806.50",178,-13.00,37.90,-2.64,8.06,-0.47,715.00,357.00,,
2023/06/01,62,GUFL,37.14,488.0,490.0,473.0,481.0,481.00,0.0,0.0,484.73,"15,987.00",480.00,"7,749,341.90",89,1.0,17.00,0.21,3.59,-0.77,715.00,357.00,,
2023/06/04,61,GUFL,38.99,490.6,508.0,490.6,503.7,503.70,0.0,0.0,497.94,"12,844.00",481.00,"6,395,540.50",145,22.70,17.4,4.72,3.55,1.14,715.00,357.00,,
2023/06/05,63,GUFL,57.63,505.0,530.0,487.0,530.0,530.00,0.0,0.0,501.28,"27,897.00",503.70,"13,984,341.70",172,26.3,43.00,5.22,8.83,5.42,715.00,357.00,,
2023/06/06,61,GUFL,57.55,525.0,529.0,496.6,517.0,517.00,0.0,0.0,514.80,"50,896.00",530.00,"26,201,130.50",391,-13.0,32.40,-2.45,6.52,0.43,715.00,357.00,,
2023/06/07,57,GUFL,50.62,506.7,527.0,505.0,505.0,505.00,0.0,0.0,511.72,"12,259.00",517.00,"6,273,217.80",133,-12.0,22.0,-2.32,4.36,-1.33,715.00,357.00,,
2023/06/08,64,GUFL,37.62,494.9,510.0,494.9,501.0,501.00,0.0,0.0,504.00,"15,799.00",505.00,"7,962,687.70",116,-4.0,15.1,-0.79,3.05,-0.6,715.00,357.00,,
2023/04/20,62,GUFL,30.18,484.0,510.0,484.0,490.0,490.00,0.0,0.0,494.00,"7,384.00",493.00,"3,647,681.60",106,-3.0,26.00,-0.61,5.37,-0.82,715.00,357.00,,
2023/04/23,60,GUFL,27.51,483.1,494.0,482.1,483.1,483.10,0.0,0.0,486.89,"6,197.00",490.00,"3,017,254.90",53,-6.9,11.9,-1.41,2.47,-0.78,715.00,357.00,,
2023/04/24,64,GUFL,36.49,482.0,495.0,482.0,487.2,487.20,0.0,0.0,488.80,"4,888.00",483.10,"2,389,269.40",54,4.1,13.0,0.85,2.7,-0.33,715.00,357.00,,
2023/04/25,58,GUFL,37.36,480.0,498.0,480.0,493.9,493.90,0.0,0.0,494.24,"1,756.00",487.20,"867,880.20",35,6.7,18.0,1.38,3.75,-0.07,715.00,357.00,,
2023/04/26,60,GUFL,45.08,503.0,503.7,488.0,492.9,492.90,0.0,0.0,496.29,"6,527.00",493.90,"3,239,309.70",62,-1.0,15.7,-0.2,3.22,-0.69,715.00,357.00,,
2023/04/27,61,GUFL,38.56,485.0,494.0,480.1,480.1,480.10,0.0,0.0,485.28,"9,087.00",492.90,"4,409,779.20",103,-12.80,13.9,-2.6,2.9,-1.08,715.00,357.00,,
2023/04/30,64,GUFL,29.59,481.1,489.7,478.1,480.0,480.00,0.0,0.0,481.10,"6,705.00",480.10,"3,225,794.50",61,-0.1,11.6,-0.02,2.43,-0.23,715.00,357.00,,
2023/05/02,64,GUFL,27.27,489.0,489.0,476.0,477.0,477.00,0.0,0.0,479.58,"5,571.00",480.00,"2,671,763.60",62,-3.0,13.0,-0.63,2.73,-0.54,715.00,357.00,,
2023/05/03,60,GUFL,23.35,471.0,487.0,471.0,482.0,482.00,0.0,0.0,477.44,"3,871.00",477.00,"1,848,187.50",49,5.0,16.0,1.05,3.4,0.95,715.00,357.00,,
2023/05/04,64,GUFL,41.95,475.0,491.0,475.0,485.9,485.90,0.0,0.0,484.39,"4,275.00",482.00,"2,070,759.90",59,3.9,16.0,0.81,3.37,0.31,715.00,357.00,,
2023/05/07,63,GUFL,35.88,476.2,487.0,471.1,480.0,480.00,0.0,0.0,476.85,"4,629.00",485.90,"2,207,342.80",55,-5.9,15.9,-1.21,3.38,0.66,715.00,357.00,,
2023/05/08,64,GUFL,29.35,471.1,480.0,467.0,474.0,474.00,0.0,0.0,470.78,"6,159.00",480.00,"2,899,548.00",60,-6.0,13.00,-1.25,2.78,0.68,715.00,357.00,,
2023/05/09,61,GUFL,27.29,465.0,483.0,465.0,480.0,480.00,0.0,0.0,478.39,"5,394.00",474.00,"2,580,449.00",65,6.0,18.0,1.27,3.87,0.33,715.00,357.00,,
2023/05/10,60,GUFL,29.57,475.0,483.5,474.5,480.0,480.00,0.0,0.0,476.46,"5,106.00",480.00,"2,432,816.40",47,0.0,9.0,0.0,1.9,0.74,715.00,357.00,,
2023/05/11,60,GUFL,33.84,472.0,484.0,471.0,473.5,473.50,0.0,0.0,473.13,"3,100.00",480.00,"1,466,703.70",61,-6.5,13.0,-1.35,2.76,0.08,715.00,357.00,,
2023/05/14,61,GUFL,33.64,470.1,480.0,465.0,465.2,465.20,0.0,0.0,468.45,"5,466.00",473.50,"2,560,565.10",75,-8.3,15.0,-1.75,3.23,-0.7,715.00,357.00,,
2023/06/11,66,GUFL,46.53,510.0,533.8,506.0,520.0,520.00,0.0,0.0,523.07,"59,953.00",501.00,"31,359,850.70",378,19.00,27.80,3.79,5.49,-0.59,715.00,357.00,,
2023/07/05,64,GUFL,35.10,560.0,572.0,550.0,555.0,555.00,0.0,0.0,560.18,"27,342.00",565.00,"15,316,494.60",234,-10.0,22.00,-1.77,4.0,-0.93,715.00,439.00,,
2023/07/30,60,GUFL,41.52,526.0,542.0,520.0,520.0,520.00,0.0,0.0,529.55,"24,619.00",535.00,"13,036,868.70",229,-15.0,22.00,-2.8,4.23,-1.84,715.00,381.00,,
2023/08/22,64,GUFL,44.09,522.0,540.0,522.0,540.0,540.00,0.0,0.0,530.72,"10,611.00",528.00,"5,631,467.20",98,12.0,18.0,2.27,3.45,1.72,652.00,381.00,,
2023/09/19,65,GUFL,54.95,502.8,524.3,493.0,524.2,524.20,0.0,0.0,516.64,"11,806.00",513.00,"6,099,445.90",122,11.2,31.3,2.18,6.35,1.44,652.00,381.00,,
2023/10/17,67,GUFL,45.06,500.0,519.0,495.1,517.0,517.00,0.0,0.0,511.00,"9,538.00",505.00,"4,873,951.50",100,12.0,23.9,2.38,4.83,1.16,652.00,381.00,,
2023/11/26,68,GUFL,57.73,492.1,542.0,492.1,521.4,521.40,0.0,0.0,518.43,"24,174.00",500.20,"12,532,427.50",159,21.20,49.90,4.24,10.14,0.57,652.00,381.00,,
2023/12/19,73,GUFL,60.97,566.1,570.0,546.2,560.2,560.20,0.0,0.0,557.78,"41,685.00",555.00,"23,251,112.30",247,5.2,23.80,0.94,4.36,0.43,652.00,454.00,,
2024/01/17,70,GUFL,64.66,595.0,611.0,570.0,574.0,574.00,0.0,0.0,591.94,"93,494.00",591.00,"55,342,571.80",712,-17.0,41.0,-2.88,7.19,-3.12,620.00,454.00,,
2024/02/11,71,GUFL,37.31,574.0,576.0,560.0,560.0,560.00,0.0,0.0,566.21,"6,907.00",565.00,"3,910,794.50",112,-5.00,16.00,-0.88,2.86,-1.11,611.00,454.00,,
2024/03/06,72,GUFL,54.84,605.9,668.0,585.0,668.0,668.00,0.0,0.0,623.38,"99,214.00",618.00,"61,847,776.90",557,50.0,83.00,8.09,14.19,6.68,668.30,454.00,,
2024/04/02,70,GUFL,43.89,853.0,904.0,850.0,880.0,880.00,0.0,0.0,865.40,"173,197.00",869.90,"149,884,901.30","1,052",10.1,54.0,1.16,6.35,1.66,946.00,454.00,,
2024/05/02,72,GUFL,47.32,711.0,743.6,680.0,725.0,725.00,0.0,0.0,708.00,"223,183.00",711.00,"158,013,273.90","1,624",14.0,63.6,1.97,9.35,2.35,946.00,454.00,,
2024/05/29,69,GUFL,50.86,685.0,685.3,660.0,669.9,669.90,0.0,0.0,668.27,"47,225.00",672.00,"31,559,007.50",395,-2.10,25.30,-0.31,3.83,0.24,946.00,470.10,,
2024/06/24,73,GUFL,54.68,765.4,790.5,755.1,769.9,769.90,0.0,0.0,769.23,"107,114.00",781.00,"82,395,563.30",931,-11.1,35.40,-1.42,4.69,0.09,946.00,481.60,,
2023/03/28,61,GUFL,44.44,511.0,519.8,506.5,510.0,510.00,0.0,0.0,512.09,"7,385.00",508.00,"3,781,799.30",87,2.0,13.3,0.39,2.63,-0.41,715.00,357.00,,
2023/03/29,62,GUFL,38.19,509.0,510.0,503.2,506.0,506.00,0.0,0.0,506.32,"6,312.00",510.00,"3,195,914.70",46,-4.0,6.8,-0.78,1.35,-0.06,715.00,357.00,,
2023/03/30,59,GUFL,41.71,510.0,514.0,500.0,502.0,502.00,0.0,0.0,505.77,"8,599.00",506.00,"4,349,157.60",68,-4.0,14.0,-0.79,2.8,-0.75,715.00,357.00,,
2023/04/02,75,GUFL,31.47,513.0,518.5,500.0,507.9,507.90,0.0,0.0,505.88,"1,258.00",510.00,"636,395.00",25,-2.1,18.5,-0.41,3.7,0.4,840.00,465.50,554.54,582.06
2023/04/03,61,GUFL,29.03,491.0,495.0,490.0,495.0,495.00,0.0,0.0,491.27,"10,712.00",494.00,"5,262,509.80",88,1.0,5.0,0.2,1.02,0.75,715.00,357.00,,
2023/04/04,63,GUFL,25.58,493.0,500.0,488.0,494.0,494.00,0.0,0.0,492.29,"6,385.00",495.00,"3,143,278.20",82,-1.0,12.0,-0.2,2.46,0.35,715.00,357.00,,
2023/04/05,60,GUFL,23.27,495.0,499.0,488.0,496.0,496.00,0.0,0.0,492.20,"2,634.00",494.00,"1,296,450.00",39,2.0,11.0,0.4,2.25,0.77,715.00,357.00,,
2023/04/06,62,GUFL,28.73,496.1,496.1,481.5,485.0,485.00,0.0,0.0,487.20,"5,870.00",496.00,"2,859,850.30",93,-11.0,14.6,-2.22,3.03,-0.45,715.00,357.00,,
2023/04/09,65,GUFL,31.23,480.0,487.0,473.1,480.0,480.00,0.0,0.0,478.27,"8,240.00",485.00,"3,940,971.60",90,-5.0,13.9,-1.03,2.94,0.36,715.00,357.00,,
2023/04/10,61,GUFL,32.76,485.0,488.0,470.4,483.0,483.00,0.0,0.0,482.81,"8,578.00",480.00,"4,141,552.80",83,3.0,17.6,0.63,3.74,0.04,715.00,357.00,,
2023/04/11,61,GUFL,35.52,485.0,494.0,485.0,494.0,494.00,0.0,0.0,487.86,"3,903.00",483.00,"1,904,128.30",64,11.00,9.00,2.28,1.86,1.24,715.00,357.00,,
2023/04/12,62,GUFL,53.84,503.0,525.0,500.0,524.8,524.80,0.0,0.0,515.97,"18,641.00",494.00,"9,618,119.90",219,30.80,25.00,6.23,5.0,1.68,715.00,357.00,,
2023/04/13,75,GUFL,31.47,513.0,518.5,500.0,507.9,507.90,0.0,0.0,505.88,"1,258.00",510.00,"636,395.00",25,-2.1,18.5,-0.41,3.7,0.4,840.00,465.50,554.54,582.06
2023/04/16,62,GUFL,43.55,514.5,514.5,502.1,509.0,509.00,0.0,0.0,508.84,"5,748.00",514.10,"2,924,835.60",58,-5.1,12.4,-0.99,2.47,0.03,715.00,357.00,,
2023/04/17,59,GUFL,44.88,518.5,518.5,500.0,500.0,500.00,0.0,0.0,501.30,"9,606.00",509.00,"4,815,496.60",87,-9.0,18.5,-1.77,3.7,-0.26,715.00,357.00,,
2023/04/18,62,GUFL,33.18,497.0,501.0,486.2,489.0,489.00,0.0,0.0,492.17,"16,321.00",500.00,"8,032,780.80",113,-11.0,14.8,-2.2,3.04,-0.65,715.00,357.00,,
2023/02/28,62,GUFL,35.05,530.4,530.4,517.6,529.9,529.90,0.0,0.0,521.87,"10,481.00",520.00,"5,469,709.00",110,9.9,12.8,1.9,2.47,1.52,715.00,357.00,,
2023/03/01,64,GUFL,38.33,520.0,525.0,515.0,518.9,518.90,0.0,0.0,516.88,"14,657.00",529.90,"7,575,978.30",123,-11.00,10.00,-2.08,1.94,0.39,715.00,357.00,,
2023/03/02,64,GUFL,29.8,509.0,515.0,506.1,507.0,507.00,0.0,0.0,510.31,"26,082.00",518.90,"13,309,815.90",162,-11.9,8.9,-2.29,1.76,-0.65,715.00,357.00,,
2023/03/05,64,GUFL,32.52,510.0,513.0,495.0,495.1,495.10,0.0,0.0,498.87,"17,842.00",507.00,"8,900,794.50",156,-11.9,18.0,-2.35,3.64,-0.76,715.00,357.00,,
2023/03/07,63,GUFL,29.66,505.0,510.0,498.0,504.9,504.90,0.0,0.0,505.72,"11,037.00",495.10,"5,581,629.40",91,9.8,12.0,1.98,2.41,-0.16,715.00,357.00,,
2023/03/09,63,GUFL,46.04,510.0,530.0,510.0,525.0,525.00,0.0,0.0,520.10,"21,931.00",504.90,"11,406,256.90",169,20.1,20.0,3.98,3.92,0.93,715.00,357.00,,
2023/03/12,63,GUFL,40.33,535.5,535.5,511.1,512.9,512.90,0.0,0.0,519.17,"17,964.00",525.00,"9,326,402.00",172,-12.1,24.4,-2.3,4.77,-1.22,715.00,357.00,,
2023/03/13,61,GUFL,38.6,517.2,517.2,506.0,510.1,510.10,0.0,0.0,509.43,"11,477.00",512.90,"5,846,714.80",96,-2.8,11.2,-0.55,2.21,0.13,715.00,357.00,,
2023/03/14,63,GUFL,41.44,508.0,520.0,508.0,517.0,517.00,0.0,0.0,513.29,"11,296.00",510.10,"5,798,151.30",102,6.9,12.0,1.35,2.36,0.72,715.00,357.00,,
2023/03/15,75,GUFL,31.47,513.0,518.5,500.0,507.9,507.90,0.0,0.0,505.88,"1,258.00",510.00,"636,395.00",25,-2.1,18.5,-0.41,3.7,0.4,840.00,465.50,554.54,582.06
2023/03/16,61,GUFL,38.06,517.0,517.0,506.0,510.0,510.00,0.0,0.0,509.27,"7,018.00",507.00,"3,574,056.80",73,3.0,11.0,0.59,2.17,0.14,715.00,357.00,,
2023/03/19,60,GUFL,35.09,500.1,513.0,500.1,509.5,509.50,0.0,0.0,510.22,"5,097.00",510.00,"2,600,614.00",56,-0.5,12.9,-0.1,2.58,-0.14,715.00,357.00,,
2023/03/20,61,GUFL,38.03,503.0,519.1,503.0,517.9,517.90,0.0,0.0,514.37,"6,857.00",509.50,"3,527,061.50",76,8.4,16.1,1.65,3.2,0.68,715.00,357.00,,
2023/03/22,62,GUFL,37.94,513.0,522.0,506.5,506.5,506.50,0.0,0.0,511.82,"9,522.00",517.90,"4,873,508.20",89,-11.4,15.5,-2.2,3.06,-1.05,715.00,357.00,,
2023/03/23,62,GUFL,33.26,506.1,510.0,500.0,504.0,504.00,0.0,0.0,503.82,"9,030.00",506.50,"4,549,475.10",93,-2.5,10.0,-0.49,2.0,0.04,715.00,357.00,,
2023/03/26,61,GUFL,26.59,510.0,510.9,496.0,496.0,496.00,0.0,0.0,498.79,"9,841.00",504.00,"4,908,552.10",99,-8.0,14.9,-1.59,3.0,-0.56,715.00,357.00,,
2023/02/01,60,GUFL,37.64,576.0,576.0,554.0,563.0,563.00,0.0,0.0,559.79,"40,373.00",564.90,"22,600,486.70",207,-1.9,22.0,-0.34,3.97,0.57,816.00,357.00,,
2023/02/02,62,GUFL,34.93,574.0,574.0,542.0,549.0,549.00,0.0,0.0,549.46,"44,308.00",563.00,"24,345,581.30",324,-14.0,32.0,-2.49,5.9,-0.08,816.00,357.00,,
2023/02/03,75,GUFL,31.47,513.0,518.5,500.0,507.9,507.90,0.0,0.0,505.88,"1,258.00",510.00,"636,395.00",25,-2.1,18.5,-0.41,3.7,0.4,840.00,465.50,554.54,582.06
2023/02/05,65,GUFL,38.34,551.0,558.0,540.0,557.0,557.00,0.0,0.0,551.04,"25,202.00",549.00,"13,887,264.20",230,8.0,18.0,1.46,3.33,1.07,809.00,357.00,,
2023/02/06,63,GUFL,36.03,550.0,560.9,545.0,547.0,547.00,0.0,0.0,549.86,"51,064.00",557.00,"28,077,984.50",184,-10.0,15.9,-1.8,2.92,-0.52,809.00,357.00,,
2023/02/07,63,GUFL,50.68,540.0,575.0,540.0,575.0,575.00,0.0,0.0,564.26,"45,918.00",547.00,"25,909,873.90",306,28.0,35.0,5.12,6.48,1.87,809.00,357.00,,
2023/02/08,62,GUFL,53.15,586.0,589.0,562.0,569.0,569.00,0.0,0.0,575.06,"30,842.00",575.00,"17,736,077.30",233,-6.0,27.0,-1.04,4.8,-1.07,809.00,357.00,,
2023/02/09,61,GUFL,48.21,560.0,580.0,560.0,569.0,569.00,0.0,0.0,568.02,"17,362.00",569.00,"9,861,926.80",166,0.0,20.0,0.0,3.57,0.17,771.00,357.00,,
2023/02/12,61,GUFL,43.99,557.7,560.0,545.0,546.5,546.50,0.0,0.0,552.40,"29,764.00",569.00,"16,441,706.00",255,-22.5,15.0,-3.95,2.75,-1.08,757.00,357.00,,
2023/02/14,64,GUFL,31.6,540.0,549.0,535.7,541.0,541.00,0.0,0.0,541.34,"15,462.00",546.50,"8,370,174.40",141,-5.50,13.3,-1.01,2.48,-0.06,735.00,357.00,,
2023/02/15,66,GUFL,32.47,545.0,548.7,530.0,532.0,532.00,0.0,0.0,537.55,"21,196.00",541.00,"11,393,946.50",176,-9.00,18.70,-1.66,3.53,-1.04,727.00,357.00,,
2023/02/16,62,GUFL,34.64,540.0,540.0,522.0,528.0,528.00,0.0,0.0,530.89,"18,913.00",532.00,"10,040,666.20",168,-4.00,18.00,-0.75,3.45,-0.55,727.00,357.00,,
2023/02/20,62,GUFL,33.31,528.0,531.0,515.0,517.2,517.20,0.0,0.0,522.34,"15,416.00",528.00,"8,052,408.40",136,-10.8,16.0,-2.05,3.11,-0.99,727.00,357.00,,
2023/02/22,69,GUFL,41.83,527.5,540.0,518.5,539.0,539.00,0.0,0.0,529.46,"21,221.00",517.20,"11,235,689.80",154,21.8,21.5,4.22,4.15,1.77,727.00,357.00,,
2023/02/23,64,GUFL,39.42,540.0,540.0,518.4,522.8,522.80,0.0,0.0,525.23,"35,854.00",539.00,"18,831,745.70",172,-16.2,21.6,-3.01,4.17,-0.47,727.00,357.00,,
2023/02/26,64,GUFL,48.36,512.4,540.0,496.0,540.0,540.00,0.0,0.0,512.70,"37,744.00",522.80,"19,351,364.60",305,17.2,44.0,3.29,8.87,5.06,715.00,357.00,,
2023/01/03,65,GUFL,57.37,600.0,600.0,571.1,575.0,575.00,0.0,0.0,580.02,"76,098.00",590.00,"44,138,323.30",367,-15.0,28.9,-2.54,5.06,-0.87,913.30,357.00,,
2023/01/04,65,GUFL,47.35,566.1,600.0,566.1,599.0,599.00,0.0,0.0,590.63,"56,765.00",575.00,"33,527,171.70",379,24.0,33.9,4.17,5.99,1.4,913.30,357.00,,
2023/01/05,64,GUFL,51.58,603.0,609.0,585.0,595.0,595.00,0.0,0.0,594.93,"113,485.00",599.00,"67,515,099.80",539,-4.0,24.0,-0.67,4.1,0.01,913.30,357.00,,
2023/01/08,67,GUFL,55.79,606.9,630.0,588.0,624.9,624.90,0.0,0.0,611.04,"130,070.00",595.00,"79,478,392.30",690,29.90,42.00,5.03,7.14,2.22,913.30,357.00,,
2023/01/09,62,GUFL,56.54,613.0,633.5,612.0,629.0,629.00,0.0,0.0,626.18,"86,526.00",624.90,"54,180,682.00",452,4.1,21.5,0.66,3.51,0.45,913.30,357.00,,
2023/01/10,62,GUFL,54.32,620.0,652.0,588.1,603.0,603.00,0.0,0.0,620.81,"100,303.00",629.00,"62,269,036.00",698,-26.0,63.9,-4.13,10.87,-2.95,913.30,357.00,,
2023/01/12,65,GUFL,46.98,615.0,639.0,577.0,579.9,579.90,0.0,0.0,595.52,"124,391.00",603.00,"74,077,069.40",707,-23.1,62.0,-3.83,10.75,-2.69,913.30,357.00,,
2023/01/17,62,GUFL,47.58,579.9,608.0,571.0,600.9,600.90,0.0,0.0,592.23,"65,927.00",579.90,"39,044,131.10",428,21.0,37.0,3.62,6.48,1.44,897.00,357.00,,
2023/01/18,62,GUFL,45.81,590.0,613.0,586.0,599.8,599.80,0.0,0.0,598.03,"53,880.00",600.90,"32,221,704.90",387,-1.1,27.0,-0.18,4.61,0.3,889.00,357.00,,
2023/01/19,61,GUFL,44.73,611.0,611.0,583.1,586.0,586.00,0.0,0.0,591.96,"28,597.00",599.80,"16,928,270.30",235,-13.8,27.9,-2.3,4.78,-1.02,874.90,357.00,,
2023/01/23,63,GUFL,47.5,597.7,620.0,583.1,585.0,585.00,0.0,0.0,599.13,"51,017.00",586.00,"30,565,647.00",451,-1.0,36.9,-0.17,6.33,-2.41,852.60,357.00,,
2023/01/24,63,GUFL,45.7,585.0,595.0,572.0,593.1,593.10,0.0,0.0,582.88,"47,974.00",585.00,"27,962,962.70",365,8.1,23.0,1.38,4.02,1.72,838.40,357.00,,
2023/01/25,62,GUFL,50.35,582.5,617.0,582.5,605.0,605.00,0.0,0.0,608.24,"59,765.00",593.10,"36,351,752.80",420,11.9,34.5,2.01,5.92,-0.54,821.70,357.00,,
2023/01/26,59,GUFL,47.71,616.8,616.8,593.0,600.0,600.00,0.0,0.0,601.26,"27,158.00",605.00,"16,329,037.10",206,-5.0,23.8,-0.83,4.01,-0.21,820.00,357.00,,
2023/01/29,63,GUFL,44.79,588.8,598.0,581.0,583.0,583.00,0.0,0.0,586.35,"34,963.00",600.00,"20,500,529.50",285,-17.0,17.0,-2.83,2.93,-0.57,820.00,357.00,,
2023/01/30,62,GUFL,36.48,579.0,583.0,566.5,568.1,568.10,0.0,0.0,571.81,"40,078.00",583.00,"22,916,836.30",300,-14.9,16.5,-2.56,2.91,-0.65,820.00,357.00,,
2022/12/07,57,GUFL,30.02,521.5,537.9,517.0,524.0,524.00,0.0,0.0,522.71,"24,224.00",529.90,"12,662,232.70",198,-5.9,20.9,-1.11,4.04,0.25,"1,015.30",357.00,,
2022/12/11,61,GUFL,31.28,529.0,529.0,509.6,510.0,510.00,0.0,0.0,512.90,"21,137.00",524.00,"10,841,196.90",196,-14.0,19.4,-2.67,3.81,-0.57,"1,015.30",357.00,,
2022/12/12,61,GUFL,32.36,518.0,525.0,510.0,524.0,524.00,0.0,0.0,518.20,"20,793.00",510.00,"10,774,965.90",169,14.0,15.0,2.75,2.94,1.11,"1,015.30",357.00,,
2022/12/13,60,GUFL,27.95,513.6,530.0,513.6,518.0,518.00,0.0,0.0,519.39,"15,004.00",524.00,"7,792,937.20",109,-6.0,16.4,-1.15,3.19,-0.27,"1,015.30",357.00,,
2022/12/14,62,GUFL,29.47,528.3,528.3,514.0,522.0,522.00,0.0,0.0,520.20,"14,544.00",518.00,"7,565,839.20",96,4.0,14.3,0.77,2.78,0.34,"1,015.30",357.00,,
2022/12/15,63,GUFL,40.85,511.7,521.0,509.0,515.0,515.00,0.0,0.0,512.41,"13,126.00",522.00,"6,725,845.90",102,-7.0,12.0,-1.34,2.36,0.5,"1,015.30",357.00,,
2022/12/18,63,GUFL,28.98,510.0,513.9,497.0,500.0,500.00,0.0,0.0,502.11,"27,737.00",515.00,"13,926,952.70",195,-15.0,16.9,-2.91,3.4,-0.42,"1,015.30",357.00,,
2022/12/19,63,GUFL,30.63,510.0,520.0,499.5,504.9,504.90,0.0,0.0,502.81,"9,243.00",500.00,"4,647,439.40",84,4.9,20.5,0.98,4.1,0.41,"1,015.30",357.00,,
2022/12/20,63,GUFL,32.82,502.0,517.0,500.0,500.0,500.00,0.0,0.0,508.67,"21,982.00",504.90,"11,181,495.20",139,-4.9,17.0,-0.97,3.4,-1.73,"1,015.30",357.00,,
2022/12/21,63,GUFL,30.98,495.0,510.0,495.0,501.0,501.00,0.0,0.0,499.81,"15,080.00",500.00,"7,537,156.60",111,1.0,15.0,0.2,3.03,0.24,995.00,357.00,,
2022/12/22,62,GUFL,33.73,495.0,496.9,490.0,490.0,490.00,0.0,0.0,492.00,"14,198.00",501.00,"6,985,371.00",124,-11.0,6.9,-2.2,1.41,-0.41,925.00,357.00,,
2022/12/26,61,GUFL,44.44,499.8,539.0,499.8,539.0,539.00,0.0,0.0,518.89,"54,093.00",490.00,"28,068,103.30",383,49.0,39.2,10.0,7.84,3.73,913.30,357.00,,
2022/12/27,64,GUFL,51.75,540.0,575.0,540.0,567.1,567.10,0.0,0.0,560.70,"140,067.00",539.00,"78,536,152.80",749,28.1,35.00,5.21,6.48,1.13,913.30,357.00,,
2022/12/28,75,GUFL,31.47,513.0,518.5,500.0,507.9,507.90,0.0,0.0,505.88,"1,258.00",510.00,"636,395.00",25,-2.1,18.5,-0.41,3.7,0.4,840.00,465.50,554.54,582.06
2022/12/29,64,GUFL,58.92,550.1,588.0,550.0,588.0,588.00,0.0,0.0,571.74,"91,656.00",559.00,"52,403,677.90",548,29.0,38.0,5.19,6.91,2.76,913.30,357.00,,
2023/01/01,67,GUFL,57.62,595.0,607.0,566.0,589.0,589.00,0.0,0.0,586.42,"84,675.00",588.00,"49,654,859.70",539,1.0,41.00,0.17,7.24,0.44,913.30,357.00,,
2022/11/13,56,GUFL,33.23,512.0,527.0,505.0,526.0,526.00,0.0,0.0,516.72,"20,635.00",510.00,"10,662,584.60",183,16.0,22.0,3.14,4.36,1.76,"1,015.30",357.00,,
2022/11/14,54,GUFL,38.16,519.0,548.0,512.1,540.0,540.00,0.0,0.0,539.81,"46,888.00",526.00,"25,310,791.70",287,14.0,35.9,2.66,7.01,0.03,"1,015.30",357.00,,
2022/11/15,56,GUFL,41.16,550.8,556.0,523.1,525.2,525.20,0.0,0.0,539.14,"57,790.00",540.00,"31,157,141.30",328,-14.8,32.9,-2.74,6.29,-2.66,"1,015.30",357.00,,
2022/11/16,53,GUFL,44.75,535.0,543.6,524.3,540.0,540.00,0.0,0.0,535.91,"14,317.00",525.20,"7,672,627.30",157,14.8,19.3,2.82,3.68,0.76,"1,015.30",357.00,,
2022/11/17,53,GUFL,47.9,535.5,555.0,535.5,541.1,541.10,0.0,0.0,549.07,"57,413.00",540.00,"31,523,755.90",336,1.1,19.50,0.2,3.64,-1.47,"1,015.30",357.00,,
2022/11/19,75,GUFL,31.47,513.0,518.5,500.0,507.9,507.90,0.0,0.0,505.88,"1,258.00",510.00,"636,395.00",25,-2.1,18.5,-0.41,3.7,0.4,840.00,465.50,554.54,582.06
2022/11/22,56,GUFL,26.32,550.0,552.0,531.1,532.2,532.20,0.0,0.0,542.94,"31,112.00",541.10,"16,891,821.80",250,-8.90,20.9,-1.64,3.94,-2.02,"1,015.30",357.00,,
2022/11/23,55,GUFL,41.7,527.0,542.0,526.0,533.0,533.00,0.0,0.0,529.85,"25,480.00",532.20,"13,500,596.00",190,0.8,16.0,0.15,3.04,0.59,"1,015.30",357.00,,
2022/11/24,54,GUFL,40.73,522.4,545.0,522.4,544.0,544.00,0.0,0.0,536.36,"36,918.00",533.00,"19,801,495.00",199,11.0,22.6,2.06,4.33,1.4,"1,015.30",357.00,,
2022/11/27,56,GUFL,46.31,538.0,554.8,538.0,551.0,551.00,0.0,0.0,547.58,"47,139.00",544.00,"25,812,429.00",232,7.0,16.8,1.29,3.12,0.62,"1,015.30",357.00,,
2022/11/28,57,GUFL,41.89,551.0,566.0,540.0,542.0,542.00,0.0,0.0,548.29,"31,995.00",551.00,"17,542,623.70",249,-9.0,26.0,-1.63,4.81,-1.16,"1,015.30",357.00,,
2022/11/29,55,GUFL,40.31,540.0,554.0,535.0,548.0,548.00,0.0,0.0,545.59,"25,161.00",542.00,"13,727,549.80",163,6.0,19.0,1.11,3.55,0.44,"1,015.30",357.00,,
2022/11/30,55,GUFL,34.77,540.1,553.7,540.1,546.0,546.00,0.0,0.0,546.36,"26,458.00",548.00,"14,455,664.80",169,-2.0,13.6,-0.36,2.52,-0.07,"1,015.30",357.00,,
2022/12/01,60,GUFL,31.19,545.0,556.5,542.0,545.0,545.00,0.0,0.0,550.19,"38,506.00",546.00,"21,185,424.40",243,-1.0,14.5,-0.18,2.68,-0.95,"1,015.30",357.00,,
2022/12/04,59,GUFL,32.43,548.9,553.0,538.1,540.5,540.50,0.0,0.0,544.51,"21,946.00",545.00,"11,949,857.00",141,-4.5,14.9,-0.83,2.77,-0.74,"1,015.30",357.00,,
2022/12/05,56,GUFL,32.21,546.0,546.5,525.0,526.8,526.80,0.0,0.0,530.67,"24,509.00",540.50,"13,006,237.20",229,-13.7,21.5,-2.53,4.1,-0.73,"1,015.30",357.00,,
2022/10/11,56,GUFL,34.23,502.8,502.8,478.0,490.1,490.10,0.0,0.0,487.22,"4,877.00",493.00,"2,376,183.80",62,-2.9,24.8,-0.59,5.19,0.59,"1,035.00",357.00,,
2022/10/12,54,GUFL,41.67,481.0,512.0,481.0,507.0,507.00,0.0,0.0,504.53,"35,878.00",490.10,"18,101,442.20",230,16.9,31.0,3.45,6.44,0.49,"1,035.00",357.00,,
2022/10/13,53,GUFL,43.5,500.0,524.9,500.0,519.9,519.90,0.0,0.0,517.82,"52,396.00",507.00,"27,131,541.90",342,12.9,24.9,2.54,4.98,0.4,"1,035.00",357.00,,
2022/10/16,53,GUFL,38.4,521.0,528.0,500.0,500.0,500.00,0.0,0.0,508.23,"17,589.00",519.90,"8,939,279.60",161,-19.90,28.0,-3.83,5.6,-1.65,"1,035.00",357.00,,
2022/10/17,53,GUFL,35.93,500.0,508.0,493.0,493.0,493.00,0.0,0.0,498.77,"16,784.00",500.00,"8,371,354.00",133,-7.0,15.0,-1.4,3.04,-1.17,"1,035.00",357.00,,
2022/10/19,51,GUFL,21.47,500.0,510.0,478.3,478.3,478.30,0.0,0.0,485.40,"21,859.00",493.00,"10,610,405.30",176,-14.7,31.7,-2.98,6.63,-1.48,"1,035.00",357.00,,
2022/10/20,53,GUFL,19.7,474.0,498.0,474.0,483.0,483.00,0.0,0.0,482.29,"12,383.00",478.30,"5,972,226.00",111,4.7,24.0,0.98,5.06,0.15,"1,035.00",357.00,,
2022/10/23,54,GUFL,26.95,492.5,494.9,483.1,489.9,489.90,0.0,0.0,489.68,"4,781.00",483.00,"2,341,153.50",57,6.9,11.8,1.43,2.44,0.05,"1,035.00",357.00,,
2022/10/31,54,GUFL,41.83,499.6,509.0,492.0,500.0,500.00,0.0,0.0,499.43,"17,181.00",489.90,"8,580,700.30",111,10.1,17.0,2.06,3.46,0.11,"1,035.00",357.00,,
2022/11/01,55,GUFL,35.62,510.0,535.0,499.8,530.0,530.00,0.0,0.0,521.44,"47,531.00",500.00,"24,784,511.60",305,30.0,35.2,6.0,7.04,1.62,"1,035.00",357.00,,
2022/11/02,56,GUFL,56.8,535.0,560.0,521.0,543.0,543.00,0.0,0.0,542.02,"72,775.00",530.00,"39,445,600.10",448,13.0,39.0,2.45,7.49,0.18,"1,015.30",357.00,,
2022/11/03,53,GUFL,55.01,533.1,555.9,533.1,538.0,538.00,0.0,0.0,545.24,"40,680.00",543.00,"22,180,530.60",272,-5.00,22.80,-0.92,4.28,-1.35,"1,015.30",357.00,,
2022/11/06,55,GUFL,54.36,547.0,565.0,527.4,565.0,565.00,0.0,0.0,552.45,"48,345.00",538.00,"26,708,130.30",368,27.0,37.6,5.02,7.13,2.22,"1,015.30",357.00,,
2022/11/07,55,GUFL,53.08,555.0,584.4,555.0,559.0,559.00,0.0,0.0,573.02,"90,013.00",565.00,"51,579,229.20",516,-6.0,29.4,-1.06,5.3,-2.51,"1,015.30",357.00,,
2022/11/08,54,GUFL,46.42,550.0,576.0,550.0,562.0,562.00,0.0,0.0,562.39,"44,967.00",559.00,"25,288,846.60",267,3.0,26.0,0.54,4.73,-0.07,"1,015.30",357.00,,
2022/11/09,53,GUFL,41.49,570.0,575.0,524.0,529.0,529.00,0.0,0.0,542.57,"62,261.00",562.00,"33,780,991.10",383,-33.0,51.0,-5.87,9.73,-2.57,"1,015.30",357.00,,
2022/09/08,49,GUFL,34.42,515.5,533.6,510.0,527.1,527.10,0.0,0.0,521.39,"31,984.00",517.90,"16,676,122.90",208,9.2,23.6,1.78,4.63,1.08,"1,187.00",357.00,,
2022/09/11,50,GUFL,29.56,529.0,531.0,514.5,514.5,514.50,0.0,0.0,520.55,"20,303.00",527.10,"10,568,677.70",164,-12.6,16.5,-2.39,3.21,-1.18,"1,187.00",357.00,,
2022/09/12,48,GUFL,31.67,511.1,521.0,506.1,518.9,518.90,0.0,0.0,512.69,"16,153.00",514.50,"8,281,524.00",196,4.4,14.9,0.86,2.94,1.2,"1,187.00",357.00,,
2022/09/13,52,GUFL,38.38,515.0,533.0,515.0,531.0,531.00,0.0,0.0,526.84,"24,254.00",518.90,"12,777,962.20",209,12.1,18.0,2.33,3.5,0.78,"1,187.00",357.00,,
2022/09/14,50,GUFL,44.09,539.0,575.0,528.3,572.0,572.00,0.0,0.0,558.31,"81,868.00",531.00,"45,707,722.10",604,41.0,46.7,7.72,8.84,2.39,"1,170.00",357.00,,
2022/09/15,50,GUFL,45.47,561.0,583.0,533.4,544.0,544.00,0.0,0.0,551.56,"77,582.00",572.00,"42,790,845.90",573,-28.0,49.6,-4.9,9.3,-1.39,"1,122.00",357.00,,
2022/09/16,47,GUFL,40.8,554.8,554.8,502.3,530.0,530.00,0.0,0.0,522.32,"36,447.00",544.00,"19,036,933.40",263,-14.0,52.5,-2.57,10.45,1.45,"1,080.00",357.00,,
2022/09/18,52,GUFL,29.48,540.6,540.6,515.0,518.0,518.00,0.0,0.0,520.70,"32,369.00",530.00,"16,854,523.30",247,-12.0,25.6,-2.26,4.97,-0.52,"1,080.00",357.00,,
2022/09/20,53,GUFL,23.34,508.0,519.0,488.1,499.9,499.90,0.0,0.0,500.88,"45,341.00",518.00,"22,710,206.60",383,-18.1,30.9,-3.49,6.33,-0.2,"1,080.00",357.00,,
2022/09/21,51,GUFL,24.65,509.8,519.9,498.0,500.0,500.00,0.0,0.0,505.53,"34,875.00",499.90,"17,630,377.50",306,0.1,21.9,0.02,4.4,-1.11,"1,080.00",357.00,,
2022/09/22,52,GUFL,19.57,491.0,509.0,491.0,496.0,496.00,0.0,0.0,496.69,"13,753.00",500.00,"6,830,943.80",148,-4.0,18.00,-0.8,3.67,-0.14,"1,080.00",357.00,,
2022/09/25,54,GUFL,17.86,487.5,497.0,474.4,481.0,481.00,0.0,0.0,484.11,"16,408.00",496.00,"7,943,317.10",163,-15.0,22.6,-3.02,4.76,-0.65,"1,035.00",357.00,,
2022/09/27,52,GUFL,26.16,472.0,499.0,472.0,489.0,489.00,0.0,0.0,489.01,"12,102.00",481.00,"5,917,993.10",141,8.0,27.0,1.66,5.72,0.0,"1,035.00",357.00,,
2022/09/28,52,GUFL,20.48,497.0,497.0,479.0,479.9,479.90,0.0,0.0,481.20,"3,776.00",489.00,"1,817,019.50",51,-9.1,18.0,-1.86,3.76,-0.27,"1,035.00",357.00,,
2022/09/29,52,GUFL,28.94,487.0,487.0,470.4,473.0,473.00,0.0,0.0,474.28,"13,380.00",479.90,"6,345,859.70",108,-6.9,16.6,-1.44,3.53,-0.27,"1,035.00",357.00,,
2022/10/09,75,GUFL,31.47,513.0,518.5,500.0,507.9,507.90,0.0,0.0,505.88,"1,258.00",510.00,"636,395.00",25,-2.1,18.5,-0.41,3.7,0.4,840.00,465.50,554.54,582.06
2022/08/18,50,GUFL,38.7,568.0,600.0,568.0,594.7,594.70,0.0,0.0,591.47,"34,876.00",579.00,"20,628,075.70",273,15.7,32.0,2.71,5.63,0.54,"1,500.00",357.00,,
2022/08/21,75,GUFL,31.47,513.0,518.5,500.0,507.9,507.90,0.0,0.0,505.88,"1,258.00",510.00,"636,395.00",25,-2.1,18.5,-0.41,3.7,0.4,840.00,465.50,554.54,582.06
2022/08/22,50,GUFL,40.34,586.0,598.7,580.0,597.0,597.00,0.0,0.0,589.34,"34,552.00",597.90,"20,362,888.60",291,-0.9,18.7,-0.15,3.22,1.28,"1,500.00",357.00,,
2022/08/23,50,GUFL,35.33,608.0,608.0,576.5,593.0,593.00,0.0,0.0,585.59,"17,180.00",597.00,"10,060,424.29",158,-4.0,31.5,-0.67,5.46,1.25,"1,500.00",357.00,,
2022/08/24,50,GUFL,37.11,604.8,604.8,575.0,579.0,579.00,0.0,0.0,584.72,"31,866.00",593.00,"18,632,676.20",228,-14.0,29.8,-2.36,5.18,-0.99,"1,500.00",357.00,,
2022/08/25,51,GUFL,35.22,590.5,593.0,563.0,566.9,566.90,0.0,0.0,575.63,"29,836.00",579.00,"17,174,543.60",246,-12.1,30.0,-2.09,5.33,-1.54,"1,500.00",357.00,,
2022/08/26,47,GUFL,30.24,567.0,567.0,545.3,546.2,546.20,0.0,0.0,551.47,"43,108.00",566.90,"23,772,981.70",267,-20.7,21.7,-3.65,3.98,-0.97,"1,471.80",357.00,,
2022/08/28,51,GUFL,27.18,535.3,556.0,520.1,522.0,522.00,0.0,0.0,532.30,"38,821.00",546.20,"20,664,382.70",387,-24.2,35.9,-4.43,6.9,-1.97,"1,408.00",357.00,,
2022/08/29,49,GUFL,27.66,529.9,550.0,519.1,535.9,535.90,0.0,0.0,534.11,"32,200.00",522.00,"17,198,302.40",303,13.9,30.9,2.66,5.95,0.33,"1,408.00",357.00,,
2022/08/30,51,GUFL,28.32,542.9,549.9,534.0,538.6,538.60,0.0,0.0,540.84,"29,663.00",535.90,"16,042,980.70",184,2.7,15.9,0.5,2.98,-0.42,"1,330.00",357.00,,
2022/08/31,49,GUFL,27.87,542.9,545.8,520.0,526.0,526.00,0.0,0.0,529.14,"15,027.00",538.60,"7,951,359.20",167,-12.6,25.8,-2.34,4.96,-0.6,"1,330.00",357.00,,
2022/09/01,49,GUFL,35.11,517.2,540.2,513.0,534.5,534.50,0.0,0.0,523.89,"22,298.00",526.00,"11,681,605.70",208,8.5,27.2,1.62,5.3,1.99,"1,310.00",357.00,,
2022/09/02,50,GUFL,28.74,524.0,549.0,524.0,530.0,530.00,0.0,0.0,534.17,"13,830.00",534.50,"7,387,618.30",132,-4.5,25.0,-0.84,4.77,-0.79,"1,279.80",357.00,,
2022/09/04,51,GUFL,30.81,540.5,543.0,520.0,533.0,533.00,0.0,0.0,529.08,"20,054.00",530.00,"10,610,210.90",157,3.0,23.0,0.57,4.42,0.74,"1,251.50",357.00,,
2022/09/05,49,GUFL,29.45,523.0,538.0,523.0,525.1,525.10,0.0,0.0,528.50,"9,656.00",533.00,"5,103,235.50",99,-7.9,15.0,-1.48,2.87,-0.65,"1,251.50",357.00,,
2022/09/06,49,GUFL,28.58,535.5,545.0,515.0,518.0,518.00,0.0,0.0,520.53,"26,711.00",525.10,"13,903,993.50",180,-7.1,30.0,-1.35,5.83,-0.49,"1,251.50",357.00,,
2022/07/28,52,GUFL,52.79,647.0,689.9,634.1,670.1,670.10,0.0,0.0,664.02,"157,585.00",636.00,"104,639,188.40",992,34.1,55.80,5.36,8.8,0.91,"1,500.00",357.00,,
2022/07/29,51,GUFL,44.15,670.0,709.5,657.0,698.7,698.70,0.0,0.0,686.22,"86,902.00",670.10,"59,633,983.90",560,28.6,52.50,4.27,7.99,1.79,"1,500.00",357.00,,
2022/07/31,53,GUFL,45.07,700.0,715.0,676.0,690.0,690.00,0.0,0.0,696.84,"134,691.00",698.70,"93,858,694.20",860,-8.7,39.0,-1.25,5.77,-0.99,"1,500.00",357.00,,
2022/08/01,53,GUFL,47.99,676.2,693.5,665.1,679.0,679.00,0.0,0.0,680.55,"127,210.00",690.00,"86,572,589.80",800,-11.0,28.4,-1.59,4.27,-0.23,"1,500.00",357.00,,
2022/08/02,52,GUFL,41.14,688.0,690.0,667.0,678.0,678.00,0.0,0.0,678.10,"64,324.00",679.00,"43,617,898.80",393,-1.0,23.0,-0.15,3.45,-0.01,"1,500.00",357.00,,
2022/08/03,52,GUFL,38.51,691.5,692.0,667.5,669.0,669.00,0.0,0.0,682.06,"56,435.00",678.00,"38,491,806.30",376,-9.0,24.5,-1.33,3.67,-1.95,"1,500.00",357.00,,
2022/08/04,51,GUFL,40.06,661.0,679.0,639.0,641.0,641.00,0.0,0.0,653.15,"115,174.00",669.00,"75,225,458.00",570,-28.0,40.0,-4.19,6.26,-1.89,"1,500.00",357.00,,
2022/08/05,49,GUFL,36.15,635.0,640.0,612.5,630.0,630.00,0.0,0.0,626.12,"87,637.00",641.00,"54,871,426.60",458,-11.0,27.5,-1.72,4.49,0.62,"1,500.00",357.00,,
2022/08/07,49,GUFL,33.07,642.4,642.4,606.1,637.0,637.00,0.0,0.0,626.40,"66,150.00",630.00,"41,436,505.00",460,7.0,36.3,1.11,5.99,1.66,"1,500.00",357.00,,
2022/08/08,50,GUFL,34.64,649.7,655.0,627.3,632.1,632.10,0.0,0.0,641.89,"50,913.00",637.00,"32,680,419.60",350,-4.90,27.70,-0.77,4.42,-1.55,"1,500.00",357.00,,
2022/08/09,50,GUFL,31.93,625.0,632.0,605.0,607.0,607.00,0.0,0.0,614.55,"49,587.00",632.10,"30,473,758.60",396,-25.1,27.0,-3.97,4.46,-1.24,"1,500.00",357.00,,
2022/08/10,50,GUFL,28.28,600.0,611.9,590.0,590.0,590.00,0.0,0.0,599.08,"31,106.00",607.00,"18,635,007.10",282,-17.0,21.90,-2.8,3.71,-1.54,"1,500.00",357.00,,
2022/08/11,53,GUFL,30.52,600.0,624.0,560.0,571.0,571.00,0.0,0.0,586.25,"67,318.00",590.00,"39,465,196.60",419,-19.00,64.00,-3.22,11.43,-2.67,"1,500.00",357.00,,
2022/08/14,51,GUFL,24.02,560.0,582.4,543.9,548.0,548.00,0.0,0.0,556.88,"31,581.00",571.00,"17,586,854.20",285,-23.0,38.5,-4.03,7.08,-1.62,"1,500.00",357.00,,
2022/08/15,49,GUFL,39.23,540.2,599.9,540.2,599.0,599.00,0.0,0.0,575.19,"61,733.00",548.00,"35,508,087.40",471,51.0,59.7,9.31,11.05,3.98,"1,500.00",357.00,,
2022/08/16,51,GUFL,34.28,610.9,620.0,577.0,580.0,580.00,0.0,0.0,599.66,"59,571.00",599.00,"35,722,075.30",416,-19.00,43.00,-3.17,7.45,-3.39,"1,500.00",357.00,,
2022/07/08,52,GUFL,34.18,485.1,497.0,480.1,480.1,480.10,0.0,0.0,489.62,"34,579.00",492.00,"16,930,536.50",139,-11.9,16.9,-2.42,3.52,-1.98,"1,500.00",357.00,,
2022/07/11,53,GUFL,30.53,479.0,479.0,445.0,446.0,446.00,0.0,0.0,457.16,"49,460.00",480.10,"22,611,293.30",393,-34.1,34.0,-7.1,7.64,-2.5,"1,500.00",357.00,,
2022/07/12,53,GUFL,34.49,440.0,460.0,439.0,444.0,444.00,0.0,0.0,446.31,"170,377.00",446.00,"76,040,495.90",352,-2.0,21.0,-0.45,4.78,-0.52,"1,500.00",357.00,,
2022/07/13,53,GUFL,34.05,452.0,472.9,443.0,470.0,470.00,0.0,0.0,457.01,"60,360.00",444.00,"27,585,315.20",294,26.0,29.9,5.86,6.75,2.76,"1,500.00",357.00,,
2022/07/14,51,GUFL,37.13,479.0,487.0,455.1,480.0,480.00,0.0,0.0,474.65,"48,063.00",470.00,"22,813,243.20",287,10.0,31.90,2.13,7.01,1.11,"1,500.00",357.00,,
2022/07/15,52,GUFL,38.71,489.0,489.0,465.0,473.0,473.00,0.0,0.0,470.92,"32,351.00",480.00,"15,234,893.00",170,-7.0,24.0,-1.46,5.16,0.44,"1,500.00",357.00,,
2022/07/17,49,GUFL,36.36,470.0,484.0,467.1,484.0,484.00,0.0,0.0,476.40,"33,509.00",473.00,"15,963,685.60",192,11.0,16.9,2.33,3.62,1.57,"1,500.00",357.00,,
2022/07/18,51,GUFL,38.41,493.0,503.0,466.1,499.8,499.80,0.0,0.0,492.27,"89,767.00",484.00,"44,189,459.40",423,15.80,36.9,3.26,7.92,1.51,"1,500.00",357.00,,
2022/07/19,52,GUFL,39.4,509.0,523.0,490.0,519.0,519.00,0.0,0.0,515.71,"103,579.00",499.80,"53,416,658.50",765,19.2,33.0,3.84,6.73,0.63,"1,500.00",357.00,,
2022/07/20,52,GUFL,46.22,525.0,543.0,516.0,537.0,537.00,0.0,0.0,531.41,"98,285.00",519.00,"52,229,771.10",606,18.0,27.0,3.47,5.23,1.04,"1,500.00",357.00,,
2022/07/21,53,GUFL,41.29,547.7,547.7,523.0,529.9,529.90,0.0,0.0,529.00,"66,965.00",537.00,"35,424,428.60",443,-7.1,24.7,-1.32,4.72,0.17,"1,500.00",357.00,,
2022/07/22,52,GUFL,39.37,525.0,529.0,508.0,509.9,509.90,0.0,0.0,515.24,"96,088.00",529.90,"49,508,444.10",374,-20.0,21.0,-3.77,4.13,-1.05,"1,500.00",357.00,,
2022/07/23,75,GUFL,31.47,513.0,518.5,500.0,507.9,507.90,0.0,0.0,505.88,"1,258.00",510.00,"636,395.00",25,-2.1,18.5,-0.41,3.7,0.4,840.00,465.50,554.54,582.06
2022/07/24,51,GUFL,38.11,511.0,542.0,506.1,542.0,542.00,0.0,0.0,524.44,"77,567.00",509.90,"40,678,865.80",463,32.1,35.9,6.3,7.09,3.24,"1,500.00",357.00,,
2022/07/25,52,GUFL,49.11,552.8,596.2,535.0,596.0,596.00,0.0,0.0,578.62,"150,769.00",542.00,"87,237,474.50",842,54.0,61.2,9.96,11.44,2.92,"1,500.00",357.00,,
2022/07/26,52,GUFL,45.77,607.9,625.0,583.0,610.0,610.00,0.0,0.0,607.12,"125,690.00",596.00,"76,309,055.50",937,14.0,42.0,2.35,7.2,0.47,"1,500.00",357.00,,
2022/06/19,53,GUFL,31.06,378.0,385.0,369.1,371.5,371.50,0.0,0.0,371.83,"9,110.00",380.00,"3,387,409.20",132,-8.5,15.90,-2.24,4.31,-0.09,"1,500.00",365.00,,
2022/06/20,52,GUFL,37.37,365.0,372.0,357.0,372.0,372.00,0.0,0.0,360.17,"17,412.00",371.50,"6,271,212.60",160,0.5,15.00,0.13,4.2,3.18,"1,500.00",357.00,,
2022/06/21,53,GUFL,42.24,372.0,400.5,371.0,386.0,386.00,0.0,0.0,383.60,"16,138.00",372.00,"6,190,505.20",176,14.0,29.50,3.76,7.95,0.62,"1,500.00",357.00,,
2022/06/22,54,GUFL,37.91,382.0,389.9,365.1,379.9,379.90,0.0,0.0,377.49,"14,561.00",386.00,"5,496,622.20",95,-6.1,24.8,-1.58,6.79,0.63,"1,500.00",357.00,,
2022/06/23,54,GUFL,43.6,375.0,387.4,361.7,387.4,387.40,0.0,0.0,370.49,"19,301.00",379.90,"7,150,903.60",150,7.5,25.7,1.97,7.11,4.36,"1,500.00",357.00,,
2022/06/24,54,GUFL,42.91,388.9,394.0,365.2,385.5,385.50,0.0,0.0,379.39,"12,760.00",387.40,"4,840,995.30",141,-1.9,28.8,-0.49,7.89,1.59,"1,500.00",357.00,,
2022/06/26,53,GUFL,47.46,392.8,416.0,385.0,415.9,415.90,0.0,0.0,401.24,"45,743.00",385.50,"18,353,830.70",322,30.4,31.0,7.89,8.05,3.53,"1,500.00",357.00,,
2022/06/27,52,GUFL,49.54,424.2,427.9,400.2,403.3,403.30,0.0,0.0,414.43,"43,045.00",415.90,"17,839,324.10",307,-12.6,27.7,-3.03,6.92,-2.76,"1,500.00",357.00,,
2022/06/28,53,GUFL,48.09,396.0,411.0,395.2,406.0,406.00,0.0,0.0,402.81,"19,675.00",403.30,"7,925,288.60",158,2.7,15.8,0.67,4.0,0.79,"1,500.00",357.00,,
2022/06/29,54,GUFL,44.4,403.0,423.3,402.0,422.0,422.00,0.0,0.0,414.25,"16,273.00",406.00,"6,741,025.70",208,16.0,21.3,3.94,5.3,1.84,"1,500.00",357.00,,
2022/06/30,55,GUFL,47.78,430.0,452.0,416.0,451.9,451.90,0.0,0.0,439.24,"46,640.00",422.00,"20,486,384.10",458,29.90,36.00,7.09,8.65,2.8,"1,500.00",357.00,,
2022/07/01,53,GUFL,47.83,451.9,465.0,428.0,450.0,450.00,0.0,0.0,450.67,"22,768.00",451.90,"10,260,839.30",222,-1.9,37.0,-0.42,8.64,-0.15,"1,500.00",357.00,,
2022/07/03,55,GUFL,51.97,441.0,477.0,441.0,476.0,476.00,0.0,0.0,462.22,"39,346.00",450.00,"18,186,441.40",295,26.0,36.0,5.78,8.16,2.9,"1,500.00",357.00,,
2022/07/04,57,GUFL,54.28,484.0,520.0,461.0,489.0,489.00,0.0,0.0,490.24,"84,727.00",476.00,"41,536,621.10",671,13.0,59.00,2.73,12.8,-0.25,"1,500.00",357.00,,
2022/07/05,55,GUFL,41.98,479.3,505.0,464.0,474.0,474.00,0.0,0.0,485.58,"71,699.00",489.00,"34,815,410.00",441,-15.0,41.0,-3.07,8.84,-2.44,"1,500.00",357.00,,
2022/07/06,55,GUFL,46.62,465.0,510.0,447.0,490.0,490.00,0.0,0.0,484.41,"242,110.00",474.00,"117,280,330.50",542,16.0,63.0,3.38,14.09,1.14,"1,500.00",357.00,,
2022/05/27,51,GUFL,44.35,420.1,428.5,411.6,413.0,413.00,0.0,0.0,415.14,"22,384.00",423.90,"9,292,562.80",114,-10.9,16.9,-2.57,4.11,-0.52,"1,500.00",403.10,,
2022/05/30,53,GUFL,31.29,411.0,416.0,402.0,405.0,405.00,0.0,0.0,406.12,"6,130.00",413.00,"2,489,536.00",94,-8.0,14.0,-1.94,3.48,-0.28,"1,500.00",402.00,,
2022/05/31,53,GUFL,36.18,400.0,410.0,396.0,402.9,402.90,0.0,0.0,400.90,"15,999.00",405.00,"6,414,012.50",145,-2.1,14.0,-0.52,3.54,0.5,"1,500.00",396.00,,
2022/06/01,54,GUFL,31.18,408.0,408.0,399.9,405.0,405.00,0.0,0.0,402.23,"7,367.00",402.90,"2,963,259.80",76,2.1,8.1,0.52,2.03,0.68,"1,500.00",396.00,,
2022/06/02,52,GUFL,31.12,412.8,412.9,399.1,399.1,399.10,0.0,0.0,403.48,"11,255.00",405.00,"4,541,126.20",111,-5.9,13.8,-1.46,3.46,-1.1,"1,500.00",396.00,,
2022/06/03,52,GUFL,34.77,397.0,400.0,393.0,396.9,396.90,0.0,0.0,395.45,"10,639.00",399.10,"4,207,155.70",112,-2.2,7.0,-0.55,1.78,0.37,"1,500.00",393.00,,
2022/06/06,52,GUFL,36.5,404.8,412.8,392.0,399.0,399.00,0.0,0.0,396.61,"17,177.00",396.90,"6,812,566.20",142,2.1,20.8,0.53,5.31,0.6,"1,500.00",392.00,,
2022/06/07,56,GUFL,33.42,392.1,400.0,376.0,381.0,381.00,0.0,0.0,383.77,"28,306.00",399.00,"10,862,991.10",224,-18.0,24.0,-4.51,6.38,-0.73,"1,500.00",376.00,,
2022/06/08,56,GUFL,47.45,375.0,411.0,373.5,409.9,409.90,0.0,0.0,398.89,"18,076.00",381.00,"7,210,340.90",218,28.9,37.50,7.59,10.04,2.69,"1,500.00",373.50,,
2022/06/09,53,GUFL,43.89,416.0,416.0,389.0,395.0,395.00,0.0,0.0,404.45,"25,644.00",409.90,"10,371,772.50",223,-14.9,27.0,-3.64,6.94,-2.39,"1,500.00",373.50,,
2022/06/10,53,GUFL,36.83,402.9,402.9,382.2,385.0,385.00,0.0,0.0,393.04,"15,505.00",395.00,"6,094,030.60",90,-10.0,20.7,-2.53,5.42,-2.09,"1,500.00",373.50,,
2022/06/12,75,GUFL,31.47,513.0,518.5,500.0,507.9,507.90,0.0,0.0,505.88,"1,258.00",510.00,"636,395.00",25,-2.1,18.5,-0.41,3.7,0.4,840.00,465.50,554.54,582.06
2022/06/13,57,GUFL,41.23,382.1,399.0,381.3,386.0,386.00,0.0,0.0,388.54,"8,712.00",385.00,"3,384,937.30",111,1.0,17.7,0.26,4.64,-0.66,"1,500.00",373.50,,
2022/06/14,54,GUFL,25.85,393.0,393.0,376.0,382.9,382.90,0.0,0.0,381.55,"9,619.00",386.00,"3,670,084.20",124,-3.1,17.0,-0.8,4.52,0.35,"1,500.00",373.50,,
2022/06/15,56,GUFL,36.53,378.2,384.5,365.0,380.0,380.00,0.0,0.0,372.14,"19,339.00",382.90,"7,196,794.20",158,-2.9,19.50,-0.76,5.34,2.07,"1,500.00",365.00,,
2022/06/16,51,GUFL,38.84,379.1,403.3,375.0,384.0,384.00,0.0,0.0,387.52,"8,750.00",380.00,"3,390,834.00",119,4.0,28.3,1.05,7.55,-0.92,"1,500.00",365.00,,
2022/05/02,55,GUFL,31.71,450.0,450.0,425.0,426.0,426.00,0.0,0.0,434.20,"12,548.00",450.00,"5,448,323.70",161,-24.0,25.0,-5.33,5.88,-1.92,"1,500.00",416.00,,
2022/05/04,55,GUFL,32.06,434.5,434.5,415.0,427.0,427.00,0.0,0.0,422.34,"17,910.00",426.00,"7,564,059.00",157,1.0,19.5,0.23,4.7,1.09,"1,500.00",415.00,,
2022/05/05,57,GUFL,32.44,418.6,424.0,410.6,411.3,411.30,0.0,0.0,416.00,"16,849.00",427.00,"7,009,241.30",177,-15.7,13.4,-3.68,3.26,-1.14,"1,500.00",410.60,,
2022/05/06,75,GUFL,31.47,513.0,518.5,500.0,507.9,507.90,0.0,0.0,505.88,"1,258.00",510.00,"636,395.00",25,-2.1,18.5,-0.41,3.7,0.4,840.00,465.50,554.54,582.06
2022/05/08,55,GUFL,33.37,411.3,427.3,403.1,427.3,427.30,0.0,0.0,410.53,"18,226.00",411.30,"7,482,378.50",148,16.0,24.2,3.89,6.0,3.92,"1,500.00",403.10,,
2022/05/09,53,GUFL,35.09,435.8,435.8,419.0,421.0,421.00,0.0,0.0,427.49,"18,091.00",427.30,"7,733,638.90",201,-6.3,16.8,-1.47,4.01,-1.54,"1,500.00",403.10,,
2022/05/10,55,GUFL,36.95,429.3,435.0,423.0,433.0,433.00,0.0,0.0,430.38,"15,551.00",421.00,"6,692,810.70",180,12.0,12.0,2.85,2.84,0.61,"1,500.00",403.10,,
2022/05/11,53,GUFL,45.62,439.9,452.0,428.0,452.0,452.00,0.0,0.0,440.39,"35,407.00",433.00,"15,592,808.70",272,19.0,24.0,4.39,5.61,2.57,"1,500.00",403.10,,
2022/05/12,53,GUFL,44.15,455.0,470.0,444.0,452.0,452.00,0.0,0.0,455.84,"29,571.00",452.00,"13,479,634.00",257,0.0,26.0,0.0,5.86,-0.85,"1,500.00",403.10,,
2022/05/17,52,GUFL,43.85,444.0,450.9,421.0,425.0,425.00,0.0,0.0,430.61,"16,459.00",452.00,"7,087,331.70",159,-27.00,29.9,-5.97,7.1,-1.32,"1,500.00",403.10,,
2022/05/18,52,GUFL,39.67,420.0,430.0,405.1,425.0,425.00,0.0,0.0,420.78,"10,804.00",425.00,"4,546,060.70",129,0.0,24.9,0.0,6.15,0.99,"1,500.00",403.10,,
2022/05/19,50,GUFL,27.84,425.0,434.0,415.0,420.0,420.00,0.0,0.0,422.75,"9,390.00",425.00,"3,969,577.10",98,-5.0,19.0,-1.18,4.58,-0.65,"1,500.00",403.10,,
2022/05/20,52,GUFL,22.21,420.0,426.9,415.0,415.2,415.20,0.0,0.0,420.00,"5,851.00",420.00,"2,457,402.50",81,-4.8,11.9,-1.14,2.87,-1.16,"1,500.00",403.10,,
2022/05/23,51,GUFL,36.46,415.2,419.0,407.1,408.0,408.00,0.0,0.0,411.26,"14,485.00",415.20,"5,957,159.20",122,-7.2,11.9,-1.73,2.92,-0.8,"1,500.00",403.10,,
2022/05/24,51,GUFL,30.83,416.1,424.4,406.0,419.0,419.00,0.0,0.0,415.46,"8,690.00",408.00,"3,610,354.00",92,11.0,18.40,2.7,4.53,0.84,"1,500.00",403.10,,
2022/05/25,53,GUFL,39.78,419.5,426.9,417.0,421.9,421.90,0.0,0.0,421.69,"6,496.00",419.00,"2,739,271.40",92,2.9,9.9,0.69,2.37,0.05,"1,500.00",403.10,,
2022/04/04,53,GUFL,34.4,583.9,583.9,567.0,570.0,570.00,0.0,0.0,571.65,"11,571.00",573.00,"6,614,560.60",128,-3.0,16.9,-0.52,2.98,-0.29,"1,500.00",441.00,,
2022/04/05,54,GUFL,32.89,566.0,566.0,545.0,548.0,548.00,0.0,0.0,551.58,"32,558.00",570.00,"17,958,447.40",302,-22.0,21.00,-3.86,3.85,-0.65,"1,500.00",441.00,,
2022/04/06,53,GUFL,30.08,545.0,554.0,531.0,531.0,531.00,0.0,0.0,540.74,"16,334.00",548.00,"8,832,525.00",223,-17.0,23.0,-3.1,4.33,-1.84,"1,500.00",441.00,,
2022/04/07,55,GUFL,32.33,532.0,548.0,527.0,538.1,538.10,0.0,0.0,540.45,"19,634.00",531.00,"10,611,186.50",168,7.1,21.0,1.34,3.98,-0.44,"1,500.00",441.00,,
2022/04/11,57,GUFL,33.02,548.8,558.0,520.6,520.6,520.60,0.0,0.0,539.47,"20,803.00",538.10,"11,222,680.80",180,-17.5,37.4,-3.25,7.18,-3.63,"1,500.00",441.00,,
2022/04/12,54,GUFL,35.97,521.0,521.0,500.0,503.0,503.00,0.0,0.0,506.15,"24,075.00",520.60,"12,185,525.50",228,-17.6,21.0,-3.38,4.2,-0.63,"1,500.00",441.00,,
2022/04/13,54,GUFL,37.67,511.0,512.7,489.3,500.0,500.00,0.0,0.0,500.26,"21,591.00",503.00,"10,801,104.50",220,-3.00,23.4,-0.6,4.78,-0.05,"1,500.00",443.00,,
2022/04/17,57,GUFL,35.77,510.0,518.0,485.1,488.0,488.00,0.0,0.0,498.03,"16,023.00",500.00,"7,979,874.50",168,-12.00,32.9,-2.4,6.78,-2.05,"1,500.00",443.00,,
2022/04/18,55,GUFL,35.52,480.2,482.0,469.5,469.5,469.50,0.0,0.0,474.49,"20,536.00",488.00,"9,744,138.00",209,-18.5,12.50,-3.79,2.66,-1.06,"1,500.00",443.00,,
2022/04/19,54,GUFL,36.35,464.0,481.9,451.0,468.0,468.00,0.0,0.0,464.78,"18,013.00",469.50,"8,372,082.00",163,-1.5,30.9,-0.32,6.85,0.69,"1,500.00",443.00,,
2022/04/20,57,GUFL,34.4,460.6,468.0,441.2,441.2,441.20,0.0,0.0,452.96,"18,731.00",468.00,"8,484,370.00",201,-26.8,26.8,-5.73,6.07,-2.67,"1,500.00",441.20,,
2022/04/21,54,GUFL,39.7,433.0,454.0,416.0,440.0,440.00,0.0,0.0,424.23,"32,039.00",441.20,"13,591,967.00",352,-1.2,38.00,-0.27,9.13,3.58,"1,500.00",416.00,,
2022/04/24,57,GUFL,42.85,448.7,483.9,438.0,482.0,482.00,0.0,0.0,462.70,"38,033.00",440.00,"17,598,045.10",374,42.00,45.90,9.55,10.48,4.0,"1,500.00",416.00,,
2022/04/25,55,GUFL,37.94,482.0,490.0,461.1,461.1,461.10,0.0,0.0,476.59,"26,446.00",482.00,"12,603,803.10",310,-20.9,28.9,-4.34,6.27,-3.36,"1,500.00",416.00,,
2022/04/26,55,GUFL,41.08,470.3,475.0,456.0,461.0,461.00,0.0,0.0,465.79,"18,022.00",461.10,"8,394,383.50",148,-0.1,19.0,-0.02,4.17,-1.04,"1,500.00",416.00,,
2022/04/27,54,GUFL,38.68,470.2,472.0,451.8,464.0,464.00,0.0,0.0,462.11,"8,773.00",461.00,"4,054,095.80",94,3.0,20.2,0.65,4.47,0.41,"1,500.00",416.00,,
2022/03/09,56,GUFL,33.31,595.0,613.0,570.1,578.4,578.40,0.0,0.0,585.43,"23,667.00",595.00,"13,855,446.20",265,-16.6,42.9,-2.79,7.52,-1.22,"1,500.00",380.00,,
2022/03/10,55,GUFL,40.88,575.0,613.9,565.5,611.0,611.00,0.0,0.0,591.94,"28,287.00",578.40,"16,744,231.70",311,32.6,48.4,5.64,8.56,3.12,"1,500.00",380.00,,
2022/03/13,56,GUFL,51.71,622.9,645.0,615.0,644.8,644.80,0.0,0.0,635.09,"37,248.00",611.00,"23,655,684.60",402,33.80,30.00,5.53,4.88,1.51,"1,500.00",380.00,,
2022/03/14,54,GUFL,49.4,646.0,650.0,625.0,648.0,648.00,0.0,0.0,640.75,"15,534.00",644.80,"9,953,360.60",142,3.2,25.0,0.5,4.0,1.12,"1,500.00",380.00,,
2022/03/15,57,GUFL,53.42,647.9,688.5,639.0,678.0,678.00,0.0,0.0,665.66,"75,891.00",648.00,"50,517,515.20",626,30.0,49.5,4.63,7.75,1.82,"1,500.00",380.00,,
2022/03/16,54,GUFL,48.49,689.0,689.0,659.0,670.0,670.00,0.0,0.0,665.49,"22,757.00",678.00,"15,144,505.10",245,-8.0,30.0,-1.18,4.55,0.67,"1,500.00",380.00,,
2022/03/20,52,GUFL,52.2,660.0,697.0,643.0,655.1,655.10,0.0,0.0,660.92,"35,100.00",670.00,"23,198,204.60",276,-14.9,54.0,-2.22,8.4,-0.89,"1,500.00",390.00,,
2022/03/21,56,GUFL,58.15,656.0,673.0,635.2,670.0,670.00,0.0,0.0,649.28,"53,873.00",655.10,"34,978,900.10",290,14.90,37.8,2.27,5.95,3.09,"1,500.00",390.00,,
2022/03/22,56,GUFL,40.24,683.0,683.0,660.1,660.1,660.10,0.0,0.0,669.34,"14,940.00",670.00,"9,999,919.10",169,-9.9,22.9,-1.48,3.47,-1.4,"1,500.00",390.00,,
2022/03/23,54,GUFL,44.04,664.0,664.0,638.0,655.0,655.00,0.0,0.0,647.31,"35,500.00",660.10,"22,979,380.20",175,-5.1,26.0,-0.77,4.08,1.17,"1,500.00",390.00,,
2022/03/24,56,GUFL,39.36,645.0,650.0,635.0,635.0,635.00,0.0,0.0,641.42,"39,643.00",655.00,"25,427,995.70",230,-20.0,15.0,-3.05,2.36,-1.01,"1,500.00",395.00,,
2022/03/27,75,GUFL,31.47,513.0,518.5,500.0,507.9,507.90,0.0,0.0,505.88,"1,258.00",510.00,"636,395.00",25,-2.1,18.5,-0.41,3.7,0.4,840.00,465.50,554.54,582.06
2022/03/28,56,GUFL,37.33,610.0,622.0,595.0,597.0,597.00,0.0,0.0,602.48,"23,032.00",610.00,"13,876,308.70",211,-13.0,27.0,-2.13,4.54,-0.92,"1,500.00",430.00,,
2022/03/29,54,GUFL,35.38,597.0,612.0,587.2,595.0,595.00,0.0,0.0,596.38,"18,446.00",597.00,"11,000,865.00",144,-2.0,24.8,-0.34,4.22,-0.23,"1,500.00",430.00,,
2022/03/30,55,GUFL,39.37,591.0,610.0,585.2,610.0,610.00,0.0,0.0,600.16,"16,188.00",595.00,"9,715,455.30",169,15.0,24.8,2.52,4.24,1.61,"1,500.00",439.00,,
2022/03/31,55,GUFL,41.21,613.5,613.6,585.0,586.0,586.00,0.0,0.0,591.89,"21,104.00",610.00,"12,491,307.00",228,-24.0,28.6,-3.93,4.89,-1.01,"1,500.00",441.00,,
2022/04/28,55,GUFL,31.42,473.2,473.2,450.0,450.0,450.00,0.0,0.0,459.47,"16,859.00",464.00,"7,746,272.50",187,-14.0,23.2,-3.02,5.16,-2.11,"1,500.00",416.00,,
2022/05/26,52,GUFL,39.34,425.0,427.0,419.0,423.9,423.90,0.0,0.0,422.06,"4,654.00",421.90,"1,964,254.00",64,2.0,8.0,0.47,1.91,0.43,"1,500.00",403.10,,
2022/06/17,51,GUFL,31.95,384.0,391.5,380.0,380.0,380.00,0.0,0.0,384.92,"4,159.00",384.00,"1,600,870.10",56,-4.0,11.5,-1.04,3.03,-1.29,"1,500.00",365.00,,
2022/07/07,54,GUFL,41.01,499.8,512.2,491.0,492.0,492.00,0.0,0.0,503.79,"93,353.00",490.00,"47,030,045.30",521,2.0,21.2,0.41,4.32,-2.4,"1,500.00",357.00,,
2022/07/27,53,GUFL,55.39,610.0,640.0,588.0,636.0,636.00,0.0,0.0,619.17,"144,099.00",610.00,"89,221,708.10",696,26.0,52.0,4.26,8.84,2.65,"1,500.00",357.00,,
2022/08/17,51,GUFL,36.03,572.0,596.0,570.3,579.0,579.00,0.0,0.0,580.08,"36,230.00",580.00,"21,016,376.40",255,-1.0,25.7,-0.17,4.51,-0.19,"1,500.00",357.00,,
2022/09/07,51,GUFL,22.75,528.0,528.0,510.2,517.9,517.90,0.0,0.0,513.52,"12,186.00",518.00,"6,257,726.00",134,-0.1,17.8,-0.02,3.49,0.85,"1,251.50",357.00,,
2022/10/10,56,GUFL,37.06,508.0,509.0,485.0,493.0,493.00,0.0,0.0,495.98,"18,117.00",507.00,"8,985,709.40",165,-14.0,24.0,-2.76,4.95,-0.6,"1,035.00",357.00,,
2022/11/10,54,GUFL,37.82,525.1,540.6,509.0,510.0,510.00,0.0,0.0,523.69,"52,172.00",529.00,"27,322,196.10",381,-19.0,31.6,-3.59,6.21,-2.69,"1,015.30",357.00,,
2022/12/06,56,GUFL,36.32,522.3,535.0,522.3,529.9,529.90,0.0,0.0,528.89,"28,331.00",526.80,"14,984,122.50",138,3.1,12.7,0.59,2.43,0.19,"1,015.30",357.00,,
2023/01/02,63,GUFL,55.78,577.3,598.9,571.0,590.0,590.00,0.0,0.0,584.13,"104,912.00",589.00,"61,282,001.90",420,1.0,27.9,0.17,4.89,1.0,913.30,357.00,,
2023/01/31,63,GUFL,36.22,561.2,571.0,555.0,564.9,564.90,0.0,0.0,561.11,"47,531.00",568.10,"26,670,356.10",299,-3.2,16.0,-0.56,2.88,0.67,820.00,357.00,,
2023/02/27,64,GUFL,41.34,549.0,549.0,513.0,520.0,520.00,0.0,0.0,527.83,"27,878.00",540.00,"14,714,711.40",218,-20.0,36.00,-3.7,7.02,-1.5,715.00,357.00,,
2023/03/27,61,GUFL,37.23,500.0,508.0,490.1,508.0,508.00,0.0,0.0,498.27,"12,656.00",496.00,"6,306,043.40",108,12.0,17.9,2.42,3.65,1.92,715.00,357.00,,
2023/04/19,62,GUFL,34.55,490.0,499.0,480.0,493.0,493.00,0.0,0.0,494.38,"6,148.00",489.00,"3,039,459.10",72,4.0,19.0,0.82,3.96,-0.28,715.00,357.00,,
2018/09/02,42,GUFL,-,113.0,112.0,111.0,111.0,111.00,0.0,0.0,111.12,"2,850.00",112.00,"316,700.00",3,-1.0,1.0,-0.89,0.9,-0.11,204.00,103.00,,
2019/10/05,75,GUFL,31.47,513.0,518.5,500.0,507.9,507.90,0.0,0.0,505.88,"1,258.00",510.00,"636,395.00",25,-2.1,18.5,-0.41,3.7,0.4,840.00,465.50,554.54,582.06
2021/02/14,52,GUFL,54.54,460.0,464.0,426.0,435.0,435.00,0.0,0.0,432.71,"35,171.00",455.00,"15,218,960.00",166,-20.0,38.0,-4.4,8.92,0.53,483.00,105.00,,
2022/04/03,54,GUFL,38.29,587.0,594.0,570.1,573.0,573.00,0.0,0.0,576.75,"17,653.00",586.00,"10,181,392.00",167,-13.0,23.9,-2.22,4.19,-0.65,"1,500.00",441.00,,
2023/05/15,65,GUFL,32.62,474.0,474.0,454.0,463.9,463.90,0.0,0.0,458.99,"6,294.00",465.20,"2,888,882.00",76,-1.3,20.0,-0.28,4.41,1.06,715.00,357.00,,
2024/07/17,75,GUFL,31.47,513.0,518.5,500.0,507.9,507.90,0.0,0.0,505.88,"1,258.00",510.00,"636,395.00",25,-2.1,18.5,-0.41,3.7,0.4,840.00,465.50,554.54,582.06
2022/02/09,54,GUFL,52.35,768.0,770.0,745.0,758.0,758.00,0.0,0.0,749.75,"43,000.00",763.00,"32,239,441.90",430,-5.0,25.0,-0.66,3.36,1.09,"1,500.00",380.00,,
2022/02/10,53,GUFL,49.57,755.0,771.0,748.0,757.2,757.20,0.0,0.0,756.52,"38,816.00",758.00,"29,364,986.10",283,-0.8,23.0,-0.11,3.07,0.09,"1,500.00",380.00,,
2022/02/13,54,GUFL,45.19,757.0,757.0,715.1,719.0,719.00,0.0,0.0,728.33,"47,217.00",757.20,"34,389,715.20",467,-38.2,41.9,-5.04,5.86,-1.3,"1,500.00",380.00,,
2022/02/14,54,GUFL,40.38,731.9,735.0,709.0,710.0,710.00,0.0,0.0,718.16,"40,418.00",719.00,"29,026,596.80",342,-9.0,26.0,-1.25,3.67,-1.15,"1,500.00",380.00,,
2022/02/15,75,GUFL,31.47,513.0,518.5,500.0,507.9,507.90,0.0,0.0,505.88,"1,258.00",510.00,"636,395.00",25,-2.1,18.5,-0.41,3.7,0.4,840.00,465.50,554.54,582.06
2022/02/16,55,GUFL,45.18,720.0,725.0,695.0,702.0,702.00,0.0,0.0,702.48,"75,085.00",720.00,"52,745,687.20",598,-18.0,30.0,-2.5,4.32,-0.07,"1,500.00",380.00,,
2022/02/17,54,GUFL,44.5,707.9,715.0,694.0,696.0,696.00,0.0,0.0,702.17,"42,404.00",702.00,"29,774,984.70",409,-6.0,21.0,-0.85,3.03,-0.89,"1,500.00",380.00,,
2022/02/20,54,GUFL,40.55,683.0,686.0,670.0,671.0,671.00,0.0,0.0,676.14,"33,217.00",696.00,"22,459,394.50",395,-25.0,16.0,-3.59,2.39,-0.77,"1,500.00",380.00,,
2022/02/21,53,GUFL,44.18,682.2,710.0,670.0,691.0,691.00,0.0,0.0,687.27,"47,132.00",671.00,"32,392,295.50",433,20.0,40.0,2.98,5.97,0.54,"1,500.00",380.00,,
2022/02/22,54,GUFL,57.88,704.8,725.0,691.0,717.0,717.00,0.0,0.0,712.27,"86,373.00",691.00,"61,520,520.00",610,26.0,34.0,3.76,4.92,0.66,"1,500.00",380.00,,
2022/02/23,53,GUFL,50.45,725.0,727.0,695.0,695.0,695.00,0.0,0.0,708.98,"66,846.00",717.00,"47,392,806.20",474,-22.0,32.0,-3.07,4.6,-2.01,"1,500.00",380.00,,
2022/02/24,54,GUFL,47.8,695.0,696.0,675.0,677.0,677.00,0.0,0.0,684.75,"34,796.00",695.00,"23,826,438.40",395,-18.0,21.0,-2.59,3.11,-1.14,"1,500.00",380.00,,
2022/02/27,54,GUFL,43.35,677.0,690.0,670.0,676.0,676.00,0.0,0.0,681.79,"25,963.00",677.00,"17,701,426.30",225,-1.0,20.00,-0.15,2.99,-0.86,"1,500.00",380.00,,
2022/02/28,54,GUFL,38.15,676.0,695.0,657.6,658.0,658.00,0.0,0.0,670.28,"21,638.00",676.00,"14,503,535.00",264,-18.0,37.40,-2.66,5.69,-1.87,"1,500.00",380.00,,
2022/03/02,53,GUFL,38.17,650.0,665.0,624.0,625.0,625.00,0.0,0.0,634.20,"34,512.00",658.00,"21,887,462.20",361,-33.0,41.00,-5.02,6.57,-1.47,"1,500.00",380.00,,
2022/03/06,55,GUFL,37.29,635.0,650.0,607.6,614.0,614.00,0.0,0.0,622.08,"25,125.00",625.00,"15,629,648.20",300,-11.0,42.4,-1.76,6.98,-1.32,"1,500.00",380.00,,
2022/01/16,54,GUFL,68.78,895.4,913.3,878.0,880.0,880.00,0.0,0.0,889.28,"219,131.00",878.00,"194,869,659.80","1,507",2.0,35.3,0.23,4.02,-1.05,"1,500.00",261.00,,
2022/01/17,53,GUFL,54.72,881.0,897.0,870.1,875.0,875.00,0.0,0.0,878.86,"86,513.00",880.00,"76,033,217.60",752,-5.0,26.9,-0.57,3.09,-0.44,"1,500.00",261.00,,
2022/01/18,54,GUFL,58.99,876.0,889.0,842.8,845.0,845.00,0.0,0.0,862.65,"88,989.00",875.00,"76,766,299.50",716,-30.0,46.2,-3.43,5.48,-2.09,"1,500.00",294.00,,
2022/01/19,54,GUFL,51.1,850.0,857.0,817.1,834.9,834.90,0.0,0.0,834.45,"87,342.00",845.00,"72,882,567.30",862,-10.1,39.9,-1.2,4.88,0.05,"1,500.00",336.00,,
2022/01/20,54,GUFL,55.18,822.0,874.9,819.0,870.0,870.00,0.0,0.0,851.50,"78,994.00",834.90,"67,263,193.90",638,35.1,55.9,4.2,6.83,2.13,"1,500.00",342.00,,
2022/01/23,54,GUFL,52.39,852.6,852.6,787.0,825.9,825.90,0.0,0.0,819.72,"178,234.00",870.00,"146,102,149.20","1,822",-44.1,65.60,-5.07,8.34,0.75,"1,500.00",380.00,,
2022/01/24,54,GUFL,51.79,810.0,838.4,772.0,838.4,838.40,0.0,0.0,790.01,"135,460.00",825.90,"107,014,388.10","1,344",12.5,66.4,1.51,8.6,5.77,"1,500.00",380.00,,
2022/01/25,54,GUFL,49.31,821.7,821.7,775.0,800.0,800.00,0.0,0.0,798.24,"69,229.00",838.40,"55,261,167.00",669,-38.4,46.70,-4.58,6.03,0.22,"1,500.00",380.00,,
2022/01/26,54,GUFL,45.17,816.0,816.0,771.0,781.0,781.00,0.0,0.0,777.86,"117,091.00",800.00,"91,080,894.50",430,-19.0,45.0,-2.38,5.84,0.4,"1,500.00",380.00,,
2022/01/27,56,GUFL,39.92,794.0,795.0,775.1,779.0,779.00,0.0,0.0,781.80,"27,530.00",781.00,"21,522,975.10",304,-2.0,19.9,-0.26,2.57,-0.36,"1,500.00",380.00,,
2022/01/30,54,GUFL,41.52,794.5,819.0,794.4,810.0,810.00,0.0,0.0,804.30,"40,043.00",779.00,"32,206,635.90",447,31.0,24.6,3.98,3.1,0.7,"1,500.00",380.00,,
2022/01/31,54,GUFL,42.31,820.0,820.0,780.0,793.2,793.20,0.0,0.0,795.99,"27,201.00",810.00,"21,651,655.20",328,-16.8,40.0,-2.07,5.13,-0.35,"1,500.00",380.00,,
2022/02/01,54,GUFL,56.69,782.0,805.0,781.0,802.0,802.00,0.0,0.0,795.48,"43,851.00",793.20,"34,882,493.70",348,8.8,24.0,1.11,3.07,0.81,"1,500.00",380.00,,
2022/02/03,54,GUFL,45.39,803.1,816.0,775.0,778.0,778.00,0.0,0.0,790.74,"63,408.00",802.00,"50,139,176.10",641,-24.0,41.0,-2.99,5.29,-1.64,"1,500.00",380.00,,
2022/02/06,55,GUFL,40.89,778.0,778.0,764.0,773.8,773.80,0.0,0.0,769.00,"42,550.00",778.00,"32,720,936.90",453,-4.20,14.0,-0.54,1.83,0.62,"1,500.00",380.00,,
2022/02/07,54,GUFL,39.75,765.2,785.0,764.0,770.0,770.00,0.0,0.0,769.33,"44,694.00",773.80,"34,384,616.70",366,-3.8,21.0,-0.49,2.75,0.09,"1,500.00",380.00,,
2021/12/21,54,GUFL,52.3,995.0,995.0,913.8,925.0,925.00,0.0,0.0,915.79,"47,236.00","1,015.30","43,258,095.70",396,-90.3,81.20,-8.89,8.89,1.0,"1,500.00",180.00,,
2021/12/22,53,GUFL,51.2,925.0,925.0,832.5,905.0,905.00,0.0,0.0,861.81,"155,215.00",925.00,"133,765,227.20",830,-20.0,92.5,-2.16,11.11,4.77,"1,500.00",190.00,,
2021/12/23,53,GUFL,42.28,886.9,886.9,814.5,844.0,844.00,0.0,0.0,822.64,"251,438.00",905.00,"206,844,186.50","1,501",-61.0,72.4,-6.74,8.89,2.53,"1,500.00",190.00,,
2021/12/26,52,GUFL,36.38,844.0,844.0,764.0,797.0,797.00,0.0,0.0,796.12,"99,892.00",844.00,"79,526,480.00",660,-47.00,80.00,-5.57,10.47,0.11,"1,500.00",190.00,,
2021/12/27,53,GUFL,38.91,797.0,876.7,755.7,876.7,876.70,0.0,0.0,782.37,"129,355.00",797.00,"101,203,826.00",661,79.7,121.00,10.0,16.01,10.76,"1,500.00",190.00,,
2021/12/28,54,GUFL,35.7,859.2,859.2,789.1,789.1,789.10,0.0,0.0,789.83,"71,664.00",876.70,"56,602,366.10",608,-87.6,70.1,-9.99,8.88,-0.09,"1,500.00",191.00,,
2021/12/29,53,GUFL,40.22,775.0,822.0,760.0,822.0,822.00,0.0,0.0,772.95,"149,319.00",789.10,"115,416,765.50",666,32.9,62.00,4.17,8.16,5.97,"1,500.00",193.00,,
2022/01/02,55,GUFL,43.68,806.0,806.0,774.2,779.9,779.90,0.0,0.0,780.12,"73,992.00",822.00,"57,722,452.30",453,-42.10,31.80,-5.12,4.11,-0.03,"1,500.00",199.00,,
2022/01/03,53,GUFL,44.65,765.9,781.0,765.9,770.0,770.00,0.0,0.0,770.42,"123,885.00",779.90,"95,443,657.30",536,-9.9,15.10,-1.27,1.97,-0.05,"1,500.00",199.00,,
2022/01/04,55,GUFL,40.01,775.0,785.0,755.0,769.9,769.90,0.0,0.0,770.31,"68,245.00",770.00,"52,569,610.20",599,-0.1,30.00,-0.01,3.97,-0.05,"1,500.00",199.00,,
2022/01/05,54,GUFL,40.05,772.0,780.0,755.0,769.9,769.90,0.0,0.0,768.05,"69,772.00",769.90,"53,588,251.60",479,0.0,25.0,0.0,3.31,0.24,"1,500.00",199.00,,
2022/01/06,75,GUFL,31.47,513.0,518.5,500.0,507.9,507.90,0.0,0.0,505.88,"1,258.00",510.00,"636,395.00",25,-2.1,18.5,-0.41,3.7,0.4,840.00,465.50,554.54,582.06
2022/01/09,55,GUFL,51.91,755.0,786.0,755.0,774.0,774.00,0.0,0.0,770.30,"203,109.00",765.00,"156,453,919.20",989,9.0,31.00,1.18,4.11,0.48,"1,500.00",225.00,,
2022/01/10,54,GUFL,62.59,784.9,831.0,777.0,829.0,829.00,0.0,0.0,817.58,"278,555.00",774.00,"227,740,917.60","1,256",55.0,54.00,7.11,6.95,1.38,"1,500.00",225.00,,
2022/01/11,54,GUFL,64.29,845.5,903.0,836.0,894.0,894.00,0.0,0.0,870.14,"186,950.00",829.00,"162,672,624.80","1,289",65.0,67.00,7.84,8.01,2.67,"1,500.00",226.00,,
2022/01/12,52,GUFL,65.35,911.0,913.0,860.0,864.0,864.00,0.0,0.0,889.81,"198,759.00",894.00,"176,858,182.00","1,645",-30.0,53.00,-3.36,6.16,-2.99,"1,500.00",226.00,,
2021/11/25,54,GUFL,43.73,858.8,869.0,835.0,835.0,835.00,0.0,0.0,842.56,"7,836.00",842.00,"6,602,319.00",82,-7.0,34.0,-0.83,4.07,-0.91,"1,500.00",180.00,,
2021/11/28,53,GUFL,45.12,820.0,850.0,802.1,815.0,815.00,0.0,0.0,814.14,"6,604.00",835.00,"5,376,588.20",82,-20.0,47.9,-2.4,5.97,0.11,"1,500.00",180.00,,
2021/11/29,52,GUFL,42.14,831.3,831.3,795.0,795.0,795.00,0.0,0.0,802.48,"4,081.00",815.00,"3,274,910.00",82,-20.0,36.3,-2.45,4.57,-0.94,"1,500.00",180.00,,
2021/11/30,55,GUFL,47.96,810.0,826.0,779.0,794.0,794.00,0.0,0.0,786.12,"9,953.00",795.00,"7,824,289.40",126,-1.0,47.0,-0.13,6.03,0.99,"1,500.00",180.00,,
2021/12/01,52,GUFL,45.56,805.0,809.7,796.1,809.7,809.70,0.0,0.0,802.30,"3,746.00",794.00,"3,005,417.40",37,15.7,13.6,1.98,1.71,0.91,"1,500.00",180.00,,
2021/12/02,54,GUFL,46.47,801.0,801.0,765.0,783.0,783.00,0.0,0.0,784.01,"6,937.00",809.70,"5,438,687.10",92,-26.7,36.0,-3.3,4.71,-0.13,"1,500.00",180.00,,
2021/12/05,53,GUFL,43.98,768.0,780.0,741.0,743.1,743.10,0.0,0.0,765.39,"9,232.00",783.00,"7,066,052.50",83,-39.9,39.0,-5.1,5.26,-3.0,"1,500.00",180.00,,
2021/12/06,53,GUFL,47.35,730.0,764.9,717.0,764.9,764.90,0.0,0.0,738.06,"10,728.00",743.10,"7,917,885.00",92,21.8,47.90,2.93,6.68,3.51,"1,500.00",180.00,,
2021/12/07,53,GUFL,40.2,779.9,780.1,740.0,754.0,754.00,0.0,0.0,760.17,"5,083.00",764.90,"3,863,968.10",65,-10.9,40.10,-1.43,5.42,-0.82,"1,500.00",180.00,,
2021/12/08,53,GUFL,38.93,739.0,766.0,730.0,730.0,730.00,0.0,0.0,737.12,"6,003.00",754.00,"4,424,950.00",47,-24.0,36.00,-3.18,4.93,-0.98,"1,500.00",180.00,,
2021/12/09,53,GUFL,41.34,716.0,744.6,716.0,725.1,725.10,0.0,0.0,730.36,"4,406.00",730.00,"3,217,953.40",47,-4.9,28.6,-0.67,3.99,-0.73,"1,500.00",180.00,,
2021/12/12,53,GUFL,36.42,739.0,739.0,705.0,705.1,705.10,0.0,0.0,713.57,"8,006.00",725.10,"5,712,823.50",84,-20.00,34.00,-2.76,4.82,-1.2,"1,500.00",180.00,,
2021/12/13,52,GUFL,52.27,705.0,771.9,651.8,771.9,771.90,0.0,0.0,689.24,"11,904.00",705.10,"8,204,718.80",123,66.80,120.10,9.47,18.43,10.71,"1,500.00",180.00,,
2021/12/14,52,GUFL,56.32,756.5,849.0,716.0,849.0,849.00,0.0,0.0,812.13,"21,798.00",771.90,"17,702,783.30",142,77.10,133.00,9.99,18.58,4.34,"1,500.00",180.00,,
2021/12/15,53,GUFL,54.53,855.0,892.5,820.0,888.0,888.00,0.0,0.0,860.03,"46,028.00",849.00,"39,585,282.60",345,39.0,72.5,4.59,8.84,3.15,"1,500.00",180.00,,
2021/12/16,54,GUFL,52.5,870.3,923.0,835.9,923.0,923.00,0.0,0.0,876.16,"21,893.00",888.00,"19,181,821.10",176,35.0,87.1,3.94,10.42,5.07,"1,500.00",180.00,,
2021/10/28,55,GUFL,57.02,977.0,1007.1,967.0,984.9,984.90,0.0,0.0,979.33,"11,223.00",989.00,"10,991,041.30",126,-4.1,40.1,-0.41,4.15,0.57,"1,500.00",150.00,,
2021/10/31,55,GUFL,59.14,994.0,1020.0,969.0,1015.0,"1,015.00",0.0,0.0,"1,001.76","12,251.00",984.90,"12,272,506.00",131,30.10,51.00,3.06,5.26,1.3,"1,500.00",150.00,,
2021/11/01,53,GUFL,53.01,1035.0,1035.0,970.0,972.0,972.00,0.0,0.0,982.00,"20,472.00","1,015.00","20,103,578.40",154,-43.0,65.0,-4.24,6.7,-1.03,"1,500.00",150.00,,
2021/11/02,55,GUFL,53.48,952.6,990.0,929.0,960.0,960.00,0.0,0.0,945.31,"16,340.00",972.00,"15,446,416.90",168,-12.0,61.0,-1.23,6.57,1.53,"1,500.00",150.00,,
2021/11/03,55,GUFL,51.44,945.0,958.0,930.0,937.0,937.00,0.0,0.0,943.94,"12,575.00",960.00,"11,869,993.00",107,-23.0,28.0,-2.4,3.01,-0.74,"1,500.00",150.00,,
2021/11/08,55,GUFL,51.24,948.0,955.0,901.0,925.0,925.00,0.0,0.0,926.59,"6,690.00",937.00,"6,198,896.80",96,-12.0,54.0,-1.28,5.99,-0.17,"1,500.00",164.00,,
2021/11/09,52,GUFL,55.62,911.0,943.5,870.0,877.1,877.10,0.0,0.0,884.45,"37,197.00",925.00,"32,898,817.50",252,-47.9,73.5,-5.18,8.45,-0.84,"1,500.00",165.00,,
2021/11/11,53,GUFL,40.79,865.0,872.1,819.3,830.0,830.00,0.0,0.0,841.72,"14,336.00",877.10,"12,066,911.40",203,-47.1,52.8,-5.37,6.44,-1.41,"1,500.00",166.00,,
2021/11/14,54,GUFL,36.46,820.0,850.0,820.0,834.0,834.00,0.0,0.0,836.90,"5,475.00",830.00,"4,582,029.50",54,4.00,30.00,0.48,3.66,-0.35,"1,500.00",175.00,,
2021/11/15,53,GUFL,37.41,850.6,867.0,840.0,840.0,840.00,0.0,0.0,848.92,"6,564.00",834.00,"5,572,331.50",81,6.00,27.00,0.72,3.21,-1.06,"1,500.00",175.00,,
2021/11/16,52,GUFL,37.21,840.0,885.0,840.0,870.1,870.10,0.0,0.0,870.81,"7,710.00",840.00,"6,713,946.10",96,30.10,45.00,3.58,5.36,-0.08,"1,500.00",175.00,,
2021/11/17,53,GUFL,65.94,887.5,957.1,882.0,928.0,928.00,0.0,0.0,925.14,"16,084.00",870.10,"14,879,937.50",156,57.90,75.10,6.65,8.51,0.31,"1,500.00",175.00,,
2021/11/18,53,GUFL,61.75,930.0,945.0,890.0,895.0,895.00,0.0,0.0,899.44,"6,525.00",928.00,"5,868,865.00",110,-33.0,55.0,-3.56,6.18,-0.5,"1,500.00",175.00,,
2021/11/21,54,GUFL,50.73,895.0,895.0,871.0,880.0,880.00,0.0,0.0,879.27,"4,855.00",895.00,"4,268,870.50",70,-15.0,24.0,-1.68,2.76,0.08,"1,500.00",180.00,,
2021/11/22,56,GUFL,48.85,880.0,912.0,860.5,880.0,880.00,0.0,0.0,884.25,"4,317.00",880.00,"3,817,304.50",59,0.0,51.5,0.0,5.98,-0.48,"1,500.00",180.00,,
2021/11/23,54,GUFL,41.02,880.0,897.0,835.0,864.0,864.00,0.0,0.0,851.36,"3,244.00",880.00,"2,761,813.00",65,-16.0,62.0,-1.82,7.43,1.46,"1,500.00",180.00,,
2021/09/29,54,GUFL,44.32,920.0,933.9,879.1,907.5,907.50,0.0,0.0,896.65,"14,202.00",923.30,"12,734,268.70",117,-15.8,54.8,-1.71,6.23,1.2,"1,500.00",134.00,,
2021/09/30,54,GUFL,42.43,925.0,925.6,880.0,880.0,880.00,0.0,0.0,897.35,"8,769.00",907.50,"7,868,853.60",112,-27.5,45.6,-3.03,5.18,-1.97,"1,500.00",134.00,,
2021/10/03,56,GUFL,36.1,864.4,897.0,799.7,824.9,824.90,0.0,0.0,819.04,"20,671.00",880.00,"16,930,308.30",166,-55.1,97.3,-6.26,12.17,0.71,"1,500.00",142.00,,
2021/10/04,54,GUFL,38.33,841.3,841.3,765.1,804.0,804.00,0.0,0.0,787.37,"14,573.00",824.90,"11,474,387.60",157,-20.9,76.2,-2.53,9.96,2.07,"1,500.00",142.00,,
2021/10/05,55,GUFL,40.9,820.0,836.0,802.0,815.0,815.00,0.0,0.0,812.57,"12,045.00",804.00,"9,787,462.50",91,11.0,34.0,1.37,4.24,0.3,"1,500.00",142.00,,
2021/10/06,55,GUFL,49.02,831.0,879.0,814.0,876.0,876.00,0.0,0.0,844.91,"14,226.00",815.00,"12,019,720.70",150,61.0,65.0,7.48,7.99,3.55,"1,500.00",143.00,,
2021/10/10,51,GUFL,50.31,893.0,910.0,860.0,880.0,880.00,0.0,0.0,884.58,"9,521.00",876.00,"8,422,072.50",127,4.0,50.0,0.46,5.81,-0.52,"1,500.00",143.00,,
2021/10/11,52,GUFL,49.92,880.0,880.0,838.1,849.9,849.90,0.0,0.0,845.77,"7,827.00",880.00,"6,619,849.80",90,-30.1,41.9,-3.42,5.0,0.49,"1,500.00",143.00,,
2021/10/17,53,GUFL,50.36,866.0,875.0,841.0,860.0,860.00,0.0,0.0,856.41,"4,223.00",849.90,"3,616,600.00",43,10.1,34.0,1.19,4.04,0.42,"1,500.00",143.00,,
2021/10/18,53,GUFL,47.01,850.0,877.0,810.0,830.0,830.00,0.0,0.0,828.09,"14,379.00",860.00,"11,907,040.10",102,-30.0,67.0,-3.49,8.27,0.23,"1,500.00",143.00,,
2021/10/19,75,GUFL,31.47,513.0,518.5,500.0,507.9,507.90,0.0,0.0,505.88,"1,258.00",510.00,"636,395.00",25,-2.1,18.5,-0.41,3.7,0.4,840.00,465.50,554.54,582.06
2021/10/20,52,GUFL,46.69,783.1,831.0,770.0,831.0,831.00,0.0,0.0,804.60,"11,048.00",773.00,"8,889,267.60",111,58.0,61.0,7.5,7.92,3.18,"1,500.00",149.00,,
2021/10/21,52,GUFL,43.63,847.0,847.0,790.0,824.0,824.00,0.0,0.0,815.47,"10,635.00",831.00,"8,672,490.50",102,-7.00,57.0,-0.84,7.22,1.04,"1,500.00",150.00,,
2021/10/24,53,GUFL,52.16,824.0,849.0,798.7,849.0,849.00,0.0,0.0,829.28,"11,203.00",824.00,"9,290,477.20",95,25.0,50.3,3.03,6.3,2.32,"1,500.00",150.00,,
2021/10/25,54,GUFL,57.6,833.0,933.9,833.0,933.9,933.90,0.0,0.0,893.96,"37,960.00",849.00,"33,934,839.70",270,84.9,100.9,10.0,12.11,4.28,"1,500.00",150.00,,
2021/10/26,53,GUFL,53.07,952.5,1008.0,916.0,1000.0,"1,000.00",0.0,0.0,985.05,"18,649.00",933.90,"18,370,132.50",205,66.1,92.0,7.08,10.04,1.5,"1,500.00",150.00,,
2021/09/06,54,GUFL,47.02,1100.0,1210.0,1060.0,1210.0,"1,210.00",0.0,0.0,"1,163.63","41,981.00","1,100.00","48,850,431.00",326,110.0,150.0,10.0,14.15,3.83,"1,500.00",120.00,,
2021/09/07,54,GUFL,39.62,1185.8,1251.5,1159.0,1185.0,"1,185.00",0.0,0.0,"1,197.36","26,098.00","1,210.00","31,248,736.80",197,-25.0,92.5,-2.07,7.98,-1.04,"1,500.00",120.00,,
2021/09/08,51,GUFL,44.11,1165.0,1173.0,1121.7,1136.0,"1,136.00",0.0,0.0,"1,127.57","72,033.00","1,185.00","81,222,152.00",174,-49.0,51.3,-4.14,4.57,0.74,"1,500.00",121.00,,
2021/09/09,55,GUFL,51.33,1130.0,1180.0,1104.5,1104.5,"1,104.50",0.0,0.0,"1,127.98","15,840.00","1,136.00","17,867,247.70",153,-31.5,75.5,-2.77,6.84,-2.13,"1,500.00",121.00,,
2021/09/10,75,GUFL,31.47,513.0,518.5,500.0,507.9,507.90,0.0,0.0,505.88,"1,258.00",510.00,"636,395.00",25,-2.1,18.5,-0.41,3.7,0.4,840.00,465.50,554.54,582.06
2021/09/12,57,GUFL,38.23,1100.0,1146.0,1100.0,1136.0,"1,136.00",0.0,0.0,"1,129.50","14,369.00","1,104.50","16,229,763.90",133,31.50,46.00,2.85,4.18,0.57,"1,500.00",121.00,,
2021/09/13,54,GUFL,41.68,1158.0,1187.0,1120.0,1130.0,"1,130.00",0.0,0.0,"1,153.87","13,683.00","1,136.00","15,788,397.10",145,-6.0,67.00,-0.53,5.98,-2.11,"1,500.00",121.00,,
2021/09/14,55,GUFL,44.03,1152.6,1170.0,1100.0,1110.0,"1,110.00",0.0,0.0,"1,114.77","12,502.00","1,130.00","13,936,855.10",143,-20.00,70.0,-1.77,6.36,-0.43,"1,500.00",121.00,,
2021/09/15,55,GUFL,42.43,1106.0,1122.0,1050.0,1050.0,"1,050.00",0.0,0.0,"1,083.59","23,608.00","1,110.00","25,581,493.60",227,-60.00,72.0,-5.41,6.86,-3.2,"1,500.00",121.00,,
2021/09/16,56,GUFL,39.94,1050.1,1051.0,980.0,1015.0,"1,015.00",0.0,0.0,"1,002.86","38,518.00","1,050.00","38,628,150.90",406,-35.0,71.0,-3.33,7.24,1.2,"1,500.00",122.00,,
2021/09/20,56,GUFL,38.11,999.0,1035.3,941.0,970.2,970.20,0.0,0.0,979.26,"21,064.00","1,015.00","20,627,107.10",220,-44.8,94.3,-4.41,10.02,-0.93,"1,500.00",131.00,,
2021/09/21,55,GUFL,43.22,960.0,1000.0,875.0,945.0,945.00,0.0,0.0,934.26,"33,749.00",970.20,"31,530,300.10",270,-25.2,125.00,-2.6,14.29,1.14,"1,500.00",131.00,,
2021/09/22,53,GUFL,48.76,950.0,1019.0,950.0,1018.0,"1,018.00",0.0,0.0,998.01,"18,755.00",945.00,"18,717,671.70",166,73.0,69.00,7.72,7.26,1.96,"1,500.00",131.00,,
2021/09/23,55,GUFL,51.23,1038.3,1080.0,995.0,1018.7,"1,018.70",0.0,0.0,"1,026.02","29,247.00","1,018.00","30,008,068.50",224,0.70,85.0,0.07,8.54,-0.72,"1,500.00",131.00,,
2021/09/26,56,GUFL,47.05,999.0,1035.0,965.0,967.0,967.00,0.0,0.0,984.27,"17,289.00","1,018.70","17,017,105.30",144,-51.7,70.0,-5.08,7.25,-1.79,"1,500.00",133.00,,
2021/09/27,55,GUFL,55.41,986.0,1025.8,893.0,1025.8,"1,025.80",0.0,0.0,919.49,"62,944.00",967.00,"57,876,133.60",273,58.8,132.8,6.08,14.87,10.36,"1,500.00",133.00,,
2021/08/09,53,GUFL,53.93,1134.0,1156.0,1115.0,1152.0,"1,152.00",0.0,0.0,"1,133.99","21,790.00","1,135.00","24,709,721.10",178,17.0,41.0,1.5,3.68,1.56,"1,444.00",114.00,,
2021/08/10,55,GUFL,71.82,1162.0,1248.4,1160.0,1233.0,"1,233.00",0.0,0.0,"1,213.70","59,374.00","1,152.00","72,062,044.40",586,81.0,88.4,7.03,7.62,1.57,"1,444.00",114.00,,
2021/08/11,53,GUFL,68.98,1257.0,1260.0,1193.0,1194.0,"1,194.00",0.0,0.0,"1,208.71","37,030.00","1,233.00","44,758,667.20",345,-39.00,67.0,-3.16,5.62,-1.23,"1,444.00",114.00,,
2021/08/12,55,GUFL,66.59,1214.0,1214.0,1167.0,1194.0,"1,194.00",0.0,0.0,"1,189.90","27,102.00","1,194.00","32,248,631.10",262,0.0,47.0,0.0,4.03,0.34,"1,444.00",114.00,,
2021/08/15,54,GUFL,45.07,1170.2,1175.0,1105.5,1150.0,"1,150.00",0.0,0.0,"1,133.40","32,421.00","1,194.00","36,746,112.60",312,-44.0,69.50,-3.69,6.29,1.44,"1,444.00",114.00,,
2021/08/16,55,GUFL,53.61,1127.0,1130.0,1104.6,1113.0,"1,113.00",0.0,0.0,"1,116.68","27,939.00","1,150.00","31,198,858.60",327,-37.0,25.4,-3.22,2.3,-0.33,"1,444.00",114.00,,
2021/08/17,55,GUFL,75.71,1135.2,1224.3,1090.5,1224.3,"1,224.30",0.0,0.0,"1,184.85","119,501.00","1,113.00","141,590,501.10",562,111.3,133.8,10.0,12.27,3.22,"1,444.00",115.00,,
2021/08/18,56,GUFL,75.26,1248.7,1315.0,1248.0,1299.0,"1,299.00",0.0,0.0,"1,286.17","92,530.00","1,224.30","119,009,566.90",763,74.7,67.00,6.1,5.37,0.99,"1,444.00",115.00,,
2021/08/19,55,GUFL,70.46,1324.9,1336.0,1273.0,1282.0,"1,282.00",0.0,0.0,"1,301.98","55,506.00","1,299.00","72,267,686.20",557,-17.0,63.00,-1.31,4.95,-1.56,"1,444.00",116.00,,
2021/08/24,54,GUFL,72.73,1257.0,1410.2,1256.0,1410.2,"1,410.20",0.0,0.0,"1,373.74","182,096.00","1,282.00","250,151,908.90","1,232",128.2,154.2,10.0,12.28,2.59,"1,444.00",119.00,,
2021/08/25,55,GUFL,67.52,1438.4,1500.0,1420.0,1443.0,"1,443.00",0.0,0.0,"1,467.84","86,760.00","1,410.20","127,349,734.80",850,32.8,80.0,2.33,5.63,-1.72,"1,500.00",119.00,,
2021/08/26,57,GUFL,64.11,1471.8,1471.8,1374.0,1411.0,"1,411.00",0.0,0.0,"1,415.46","88,416.00","1,443.00","125,148,944.60",564,-32.0,97.8,-2.22,7.12,-0.32,"1,500.00",119.00,,
2021/08/29,53,GUFL,59.13,1383.0,1408.0,1330.0,1330.0,"1,330.00",0.0,0.0,"1,346.74","47,079.00","1,411.00","63,403,352.20",448,-81.0,78.0,-5.74,5.86,-1.26,"1,500.00",119.00,,
2021/08/31,53,GUFL,46.75,1330.0,1330.0,1200.5,1268.0,"1,268.00",0.0,0.0,"1,249.49","55,233.00","1,330.00","69,013,206.10",454,-62.0,129.5,-4.66,10.79,1.46,"1,500.00",120.00,,
2021/09/01,55,GUFL,42.84,1242.7,1310.0,1240.0,1240.0,"1,240.00",0.0,0.0,"1,258.11","30,814.00","1,268.00","38,767,308.20",235,-28.0,70.0,-2.21,5.65,-1.46,"1,500.00",120.00,,
2021/09/02,56,GUFL,46.44,1254.0,1279.8,1180.0,1186.0,"1,186.00",0.0,0.0,"1,223.21","61,135.00","1,240.00","74,780,782.10",389,-54.0,99.8,-4.35,8.46,-3.14,"1,500.00",120.00,,
2021/07/14,55,GUFL,68.41,1220.0,1220.0,1151.0,1180.0,"1,180.00",0.0,0.0,"1,176.05","250,644.00","1,170.00","294,769,250.00",233,10.0,69.0,0.85,5.99,0.33,"1,444.00",114.00,,
2021/07/15,56,GUFL,71.18,1230.0,1269.0,1175.0,1250.0,"1,250.00",0.0,0.0,"1,208.19","303,780.00","1,180.00","367,023,574.00",459,70.0,94.0,5.93,8.0,3.34,"1,444.00",114.00,,
2021/07/18,56,GUFL,70.59,1275.0,1300.0,1230.0,1251.0,"1,251.00",0.0,0.0,"1,261.96","56,783.00","1,250.00","71,657,841.00",426,1.0,70.0,0.08,5.69,-0.88,"1,444.00",114.00,,
2021/07/19,55,GUFL,66.74,1276.0,1276.0,1206.0,1206.0,"1,206.00",0.0,0.0,"1,228.92","29,888.00","1,251.00","36,730,040.00",273,-45.0,70.0,-3.6,5.8,-1.9,"1,444.00",114.00,,
2021/07/20,53,GUFL,60.11,1205.0,1221.0,1175.0,1175.0,"1,175.00",0.0,0.0,"1,188.30","18,151.00","1,206.00","21,568,800.80",245,-31.00,46.00,-2.57,3.91,-1.13,"1,444.00",114.00,,
2021/07/22,56,GUFL,51.01,1162.0,1193.0,1155.0,1182.0,"1,182.00",0.0,0.0,"1,176.46","20,618.00","1,175.00","24,256,306.60",196,7.0,38.00,0.6,3.29,0.47,"1,444.00",114.00,,
2021/07/25,55,GUFL,50.99,1205.0,1205.6,1162.0,1162.0,"1,162.00",0.0,0.0,"1,172.48","14,722.00","1,182.00","17,261,210.70",163,-20.0,43.60,-1.69,3.75,-0.9,"1,444.00",114.00,,
2021/07/26,55,GUFL,59.8,1180.0,1250.0,1165.0,1220.0,"1,220.00",0.0,0.0,"1,199.01","28,513.00","1,162.00","34,187,491.90",250,58.0,85.00,4.99,7.3,1.72,"1,444.00",114.00,,
2021/07/27,55,GUFL,57.15,1195.6,1215.0,1171.7,1200.0,"1,200.00",0.0,0.0,"1,195.58","16,390.00","1,220.00","19,595,544.90",171,-20.0,43.30,-1.64,3.7,0.37,"1,444.00",114.00,,
2021/07/28,56,GUFL,55.25,1224.0,1224.0,1200.0,1201.0,"1,201.00",0.0,0.0,"1,207.20","16,420.00","1,200.00","19,822,210.90",169,1.0,24.00,0.08,2.0,-0.52,"1,444.00",114.00,,
2021/07/29,55,GUFL,56.61,1205.0,1210.0,1170.0,1170.0,"1,170.00",0.0,0.0,"1,186.78","14,186.00","1,201.00","16,835,590.30",137,-31.0,40.0,-2.58,3.42,-1.43,"1,444.00",114.00,,
2021/08/01,57,GUFL,54.67,1193.0,1193.4,1148.0,1157.0,"1,157.00",0.0,0.0,"1,161.82","31,568.00","1,170.00","36,676,472.00",304,-13.0,45.40,-1.11,3.95,-0.42,"1,444.00",114.00,,
2021/08/02,55,GUFL,54.19,1156.0,1205.0,1147.0,1148.0,"1,148.00",0.0,0.0,"1,155.23","15,908.00","1,157.00","18,377,351.50",156,-9.0,58.0,-0.78,5.06,-0.63,"1,444.00",114.00,,
2021/08/03,55,GUFL,51.06,1156.0,1160.0,1127.0,1153.0,"1,153.00",0.0,0.0,"1,149.27","16,244.00","1,148.00","18,668,803.10",171,5.0,33.0,0.44,2.93,0.32,"1,444.00",114.00,,
2021/08/04,56,GUFL,53.35,1176.0,1176.0,1145.0,1155.0,"1,155.00",0.0,0.0,"1,159.72","19,786.00","1,153.00","22,946,203.50",180,2.0,31.0,0.17,2.71,-0.41,"1,444.00",114.00,,
2021/08/05,55,GUFL,53.04,1156.0,1178.1,1130.0,1140.0,"1,140.00",0.0,0.0,"1,146.94","26,573.00","1,155.00","30,477,724.30",230,-15.0,48.1,-1.3,4.26,-0.61,"1,444.00",114.00,,
2021/06/21,75,GUFL,31.47,513.0,518.5,500.0,507.9,507.90,0.0,0.0,505.88,"1,258.00",510.00,"636,395.00",25,-2.1,18.5,-0.41,3.7,0.4,840.00,465.50,554.54,582.06
2021/06/22,54,GUFL,51.07,1323.0,1323.0,1135.0,1240.0,"1,240.00",0.0,0.0,"1,193.69","32,899.00","1,260.00","39,271,078.00",276,-20.0,188.0,-1.59,16.56,3.73,"1,444.00",105.00,,
2021/06/23,54,GUFL,46.35,1242.0,1242.0,1150.0,1190.0,"1,190.00",0.0,0.0,"1,176.11","21,744.00","1,240.00","25,573,326.00",173,-50.0,92.00,-4.03,8.0,1.17,"1,444.00",105.00,,
2021/06/24,56,GUFL,45.51,1175.0,1198.0,1135.0,1166.0,"1,166.00",0.0,0.0,"1,168.28","42,059.00","1,190.00","49,136,708.00",228,-24.00,63.0,-2.02,5.55,-0.2,"1,444.00",105.00,,
2021/06/27,56,GUFL,41.64,1189.0,1189.0,1112.0,1115.0,"1,115.00",0.0,0.0,"1,132.49","21,441.00","1,166.00","24,281,765.00",208,-51.0,77.0,-4.37,6.92,-1.57,"1,444.00",105.00,,
2021/06/28,53,GUFL,45.91,1060.0,1150.0,1058.0,1093.0,"1,093.00",0.0,0.0,"1,091.66","59,518.00","1,115.00","64,973,372.00",314,-22.0,92.0,-1.97,8.7,0.12,"1,444.00",105.00,,
2021/06/29,55,GUFL,44.74,1050.0,1113.0,1036.0,1063.0,"1,063.00",0.0,0.0,"1,053.36","36,207.00","1,093.00","38,139,000.00",226,-30.0,77.0,-2.74,7.43,0.91,"1,444.00",105.00,,
2021/06/30,52,GUFL,47.62,1116.0,1138.0,995.0,1130.0,"1,130.00",0.0,0.0,"1,048.78","60,790.00","1,063.00","63,755,458.00",398,67.0,143.0,6.3,14.37,7.19,"1,444.00",105.00,,
2021/07/01,54,GUFL,50.14,1100.0,1160.0,1100.0,1149.0,"1,149.00",0.0,0.0,"1,127.92","25,288.00","1,130.00","28,522,832.00",279,19.0,60.0,1.68,5.45,1.83,"1,444.00",105.00,,
2021/07/04,54,GUFL,47.30,1130.0,1137.0,1086.0,1100.0,"1,100.00",0.0,0.0,"1,110.39","15,007.00","1,149.00","16,663,635.00",170,-49.0,51.0,-4.26,4.7,-0.94,"1,444.00",106.00,,
2021/07/05,53,GUFL,50.91,1100.0,1109.0,1028.0,1030.0,"1,030.00",0.0,0.0,"1,045.21","31,124.00","1,100.00","32,531,268.00",243,-70.0,81.00,-6.36,7.88,-1.48,"1,444.00",106.00,,
2021/07/06,54,GUFL,44.93,1015.0,1050.0,1000.0,1035.0,"1,035.00",0.0,0.0,"1,020.19","16,357.00","1,030.00","16,687,224.00",122,5.00,50.00,0.49,5.0,1.43,"1,444.00",106.00,,
2021/07/07,55,GUFL,48.36,1050.0,1050.0,1002.0,1012.0,"1,012.00",0.0,0.0,"1,016.87","28,766.00","1,035.00","29,251,290.00",146,-23.0,48.00,-2.22,4.79,-0.48,"1,444.00",111.00,,
2021/07/08,57,GUFL,52.85,962.0,1047.0,962.0,1030.0,"1,030.00",0.0,0.0,"1,029.75","23,322.00","1,012.00","24,015,906.00",185,18.00,85.0,1.78,8.84,0.02,"1,444.00",114.00,,
2021/07/11,54,GUFL,66.14,1050.0,1133.0,1050.0,1133.0,"1,133.00",0.0,0.0,"1,120.39","44,522.00","1,030.00","49,882,213.00",305,103.0,83.0,10.0,7.9,1.11,"1,444.00",114.00,,
2021/07/12,55,GUFL,64.35,1189.0,1203.0,1093.0,1135.0,"1,135.00",0.0,0.0,"1,149.61","56,040.00","1,133.00","64,423,989.00",569,2.0,110.0,0.18,10.06,-1.29,"1,444.00",114.00,,
2021/05/27,53,GUFL,61.07,648.0,726.0,648.0,712.0,712.00,0.0,0.0,683.60,"61,389.00",682.00,"41,965,357.00",366,30.00,78.00,4.4,12.04,3.99,726.00,105.00,,
2021/05/30,54,GUFL,63.11,712.0,770.0,701.0,755.0,755.00,0.0,0.0,743.87,"83,222.00",712.00,"61,906,520.00",450,43.0,69.00,6.04,9.84,1.47,770.00,105.00,,
2021/05/31,55,GUFL,60.12,760.0,790.0,711.0,790.0,790.00,0.0,0.0,743.83,"56,643.00",755.00,"42,132,547.00",315,35.00,79.00,4.64,11.11,5.84,790.00,105.00,,
2021/06/01,52,GUFL,63.71,795.0,853.0,740.0,853.0,853.00,0.0,0.0,789.73,"104,723.00",790.00,"82,703,404.00",500,63.0,113.0,7.97,15.27,7.42,853.00,105.00,,
2021/06/02,54,GUFL,61.77,830.0,937.0,824.0,930.0,930.00,0.0,0.0,892.19,"67,998.00",853.00,"60,667,326.00",535,77.00,113.00,9.03,13.71,4.07,937.00,105.00,,
2021/06/03,52,GUFL,64.93,976.0,1020.0,925.0,1020.0,"1,020.00",0.0,0.0,966.28,"101,405.00",930.00,"97,986,101.00",543,90.0,95.00,9.68,10.27,5.27,"1,020.00",105.00,,
2021/06/06,53,GUFL,65.47,1015.0,1055.0,970.0,1055.0,"1,055.00",0.0,0.0,"1,001.13","112,924.00","1,020.00","113,051,857.00",673,35.0,85.00,3.43,8.76,5.11,"1,055.00",105.00,,
2021/06/07,54,GUFL,63.80,1050.0,1160.0,1009.0,1160.0,"1,160.00",0.0,0.0,"1,140.16","147,624.00","1,055.00","168,314,693.00",667,105.0,151.0,9.95,14.97,1.71,"1,160.00",105.00,,
2021/06/08,53,GUFL,57.20,1200.0,1276.0,1200.0,1276.0,"1,276.00",0.0,0.0,"1,270.73","35,129.00","1,160.00","44,639,635.00",270,116.0,76.0,10.0,6.33,0.41,"1,276.00",105.00,,
2021/06/09,54,GUFL,58.91,1278.0,1403.0,1149.0,1389.0,"1,389.00",0.0,0.0,"1,276.76","80,807.00","1,276.00","103,171,066.00",635,113.0,254.0,8.86,22.11,8.08,"1,403.00",105.00,,
2021/06/10,54,GUFL,58.07,1389.0,1444.0,1280.0,1330.0,"1,330.00",0.0,0.0,"1,342.43","50,419.00","1,389.00","67,683,984.00",491,-59.0,164.0,-4.25,12.81,-0.93,"1,444.00",105.00,,
2021/06/13,54,GUFL,60.69,1331.0,1400.0,1284.0,1330.0,"1,330.00",0.0,0.0,"1,353.86","85,696.00","1,330.00","116,020,800.00",597,0.0,116.0,0.0,9.03,-1.79,"1,444.00",105.00,,
2021/06/14,55,GUFL,59.86,1343.0,1417.0,1237.0,1379.0,"1,379.00",0.0,0.0,"1,321.01","82,641.00","1,330.00","109,169,387.00",473,49.0,180.00,3.68,14.55,4.21,"1,444.00",105.00,,
2021/06/15,54,GUFL,57.05,1350.0,1432.0,1297.0,1432.0,"1,432.00",0.0,0.0,"1,355.53","70,126.00","1,379.00","95,058,245.00",354,53.0,135.0,3.84,10.41,5.34,"1,444.00",105.00,,
2021/06/16,54,GUFL,52.11,1404.0,1404.0,1289.0,1289.0,"1,289.00",0.0,0.0,"1,311.85","40,485.00","1,432.00","53,110,386.00",401,-143.0,115.00,-9.99,8.92,-1.77,"1,444.00",105.00,,
2021/06/17,56,GUFL,50.83,1275.0,1314.0,1217.0,1256.0,"1,256.00",0.0,0.0,"1,245.67","33,531.00","1,289.00","41,768,560.00",334,-33.0,97.0,-2.56,7.97,0.82,"1,444.00",105.00,,
2021/05/03,52,GUFL,43.28,480.0,485.0,468.0,471.0,471.00,0.0,0.0,475.41,"26,973.00",478.00,"12,823,137.00",189,-7.0,17.0,-1.46,3.63,-0.94,535.00,105.00,,
2021/05/04,52,GUFL,60.34,478.0,478.0,466.0,466.0,466.00,0.0,0.0,469.21,"22,019.00",471.00,"10,331,447.00",128,-5.0,12.0,-1.06,2.58,-0.69,535.00,105.00,,
2021/05/05,54,GUFL,62.64,471.0,480.0,466.0,471.0,471.00,0.0,0.0,473.36,"31,519.00",466.00,"14,919,831.00",144,5.0,14.0,1.07,3.0,-0.5,535.00,105.00,,
2021/05/06,52,GUFL,48.99,470.0,478.0,470.0,475.0,475.00,0.0,0.0,474.37,"29,467.00",471.00,"13,978,263.00",163,4.0,8.00,0.85,1.7,0.13,535.00,105.00,,
2021/05/09,53,GUFL,47.77,498.0,498.0,466.0,466.0,466.00,0.0,0.0,470.13,"16,652.00",475.00,"7,828,558.00",117,-9.0,32.0,-1.89,6.87,-0.89,535.00,105.00,,
2021/05/10,53,GUFL,62.39,464.0,473.0,461.0,470.0,470.00,0.0,0.0,468.72,"16,405.00",466.00,"7,689,400.00",103,4.00,12.00,0.86,2.6,0.27,535.00,105.00,,
2021/05/11,53,GUFL,58.83,471.0,473.0,470.0,471.0,471.00,0.0,0.0,471.67,"15,406.00",470.00,"7,266,622.00",103,1.0,3.00,0.21,0.64,-0.14,535.00,105.00,,
2021/05/12,52,GUFL,56.26,472.0,479.0,469.0,469.0,469.00,0.0,0.0,472.95,"25,346.00",471.00,"11,987,312.00",159,-2.00,10.00,-0.42,2.13,-0.84,535.00,105.00,,
2021/05/13,52,GUFL,67.62,470.0,499.0,469.0,490.0,490.00,0.0,0.0,485.74,"72,163.00",469.00,"35,052,752.00",331,21.0,30.00,4.48,6.4,0.87,535.00,105.00,,
2021/05/16,53,GUFL,68.94,495.0,530.0,494.0,502.0,502.00,0.0,0.0,501.24,"58,273.00",490.00,"29,208,686.00",472,12.0,36.00,2.45,7.29,0.15,535.00,105.00,,
2021/05/17,52,GUFL,66.83,506.0,515.0,494.0,497.0,497.00,0.0,0.0,499.57,"29,192.00",502.00,"14,583,449.00",302,-5.0,21.0,-1.0,4.25,-0.52,535.00,105.00,,
2021/05/18,53,GUFL,76.69,505.0,546.0,500.0,534.0,534.00,0.0,0.0,525.59,"192,445.00",497.00,"101,146,669.00",887,37.0,46.0,7.44,9.2,1.58,546.00,105.00,,
2021/05/19,52,GUFL,74.78,540.0,587.0,510.0,587.0,587.00,0.0,0.0,545.65,"191,023.00",534.00,"104,231,555.00",894,53.0,77.0,9.93,15.1,7.04,587.00,105.00,,
2021/05/20,52,GUFL,75.16,600.0,645.0,569.0,645.0,645.00,0.0,0.0,614.01,"236,547.00",587.00,"145,241,406.00","1,179",58.0,76.0,9.88,13.36,4.81,645.00,105.00,,
2021/05/23,53,GUFL,76.05,650.0,709.0,621.0,690.0,690.00,0.0,0.0,683.86,"171,043.00",645.00,"116,970,131.00","1,217",45.0,88.0,6.98,14.17,0.89,709.00,105.00,,
2021/05/24,53,GUFL,69.31,691.0,692.0,662.0,675.0,675.00,0.0,0.0,680.59,"85,966.00",690.00,"58,507,867.00",537,-15.0,30.00,-2.17,4.53,-0.83,709.00,105.00,,
2021/04/06,51,GUFL,56.28,470.0,497.0,470.0,480.0,480.00,0.0,0.0,482.22,"49,624.00",494.00,"23,929,566.00",201,-14.00,27.0,-2.83,5.74,-0.46,535.00,105.00,,
2021/04/07,50,GUFL,55.73,489.0,490.0,475.0,475.0,475.00,0.0,0.0,482.44,"35,298.00",480.00,"17,029,120.00",159,-5.0,15.0,-1.04,3.16,-1.57,535.00,105.00,,
2021/04/08,51,GUFL,56.28,475.0,483.0,462.0,479.0,479.00,0.0,0.0,469.97,"91,256.00",475.00,"42,887,915.00",297,4.0,21.0,0.84,4.55,1.88,535.00,105.00,,
2021/04/12,50,GUFL,62.11,470.0,499.0,441.0,499.0,499.00,0.0,0.0,464.47,"112,956.00",479.00,"52,465,224.00",540,20.0,58.0,4.18,13.15,6.92,535.00,105.00,,
2021/04/13,51,GUFL,57.91,489.0,494.0,480.0,490.0,490.00,0.0,0.0,486.13,"44,520.00",499.00,"21,642,334.00",246,-9.0,14.0,-1.8,2.92,0.79,535.00,105.00,,
2021/04/15,54,GUFL,60.75,499.0,500.0,473.0,500.0,500.00,0.0,0.0,492.45,"61,572.00",490.00,"30,321,300.00",270,10.0,27.0,2.04,5.71,1.51,535.00,105.00,,
2021/04/18,50,GUFL,59.3,505.0,505.0,485.0,494.0,494.00,0.0,0.0,493.12,"78,687.00",500.00,"38,801,766.00",334,-6.0,20.0,-1.2,4.12,0.18,535.00,105.00,,
2021/04/19,51,GUFL,61.25,498.0,533.0,493.0,512.0,512.00,0.0,0.0,512.01,"248,397.00",494.00,"127,181,479.00","1,371",18.0,40.0,3.64,8.11,0.0,535.00,105.00,,
2021/04/20,51,GUFL,61.83,518.0,522.0,505.0,521.0,521.00,0.0,0.0,514.90,"109,143.00",512.00,"56,197,277.00",478,9.00,17.0,1.76,3.37,1.17,535.00,105.00,,
2021/04/21,50,GUFL,53.48,529.0,529.0,500.0,504.0,504.00,0.0,0.0,510.73,"39,690.00",521.00,"20,270,850.00",296,-17.00,29.0,-3.26,5.8,-1.34,535.00,105.00,,
2021/04/22,51,GUFL,54.64,505.0,505.0,485.0,495.0,495.00,0.0,0.0,495.67,"37,980.00",504.00,"18,825,635.00",246,-9.0,20.0,-1.79,4.12,-0.14,535.00,105.00,,
2021/04/25,51,GUFL,46.46,500.0,503.0,464.0,477.0,477.00,0.0,0.0,478.04,"50,898.00",495.00,"24,331,476.00",323,-18.0,39.0,-3.64,8.41,-0.22,535.00,105.00,,
2021/04/26,52,GUFL,44.34,477.0,480.0,443.0,469.0,469.00,0.0,0.0,459.97,"67,792.00",477.00,"31,182,527.00",370,-8.0,37.0,-1.68,8.35,1.92,535.00,105.00,,
2021/04/27,52,GUFL,46.93,466.0,492.0,458.0,478.0,478.00,0.0,0.0,481.08,"33,755.00",469.00,"16,238,981.00",174,9.0,34.0,1.92,7.42,-0.65,535.00,105.00,,
2021/04/28,52,GUFL,42.81,481.0,486.0,463.0,463.0,463.00,0.0,0.0,472.40,"32,409.00",478.00,"15,309,952.00",184,-15.00,23.0,-3.14,4.97,-2.03,535.00,105.00,,
2021/04/29,52,GUFL,46.45,472.0,472.0,458.0,465.0,465.00,0.0,0.0,462.23,"35,691.00",463.00,"16,497,378.00",180,2.0,14.0,0.43,3.06,0.6,535.00,105.00,,
2021/03/14,49,GUFL,43.95,404.0,404.0,386.0,387.0,387.00,0.0,0.0,390.35,"4,562.00",399.00,"1,780,792.00",55,-12.0,18.0,-3.01,4.66,-0.87,483.00,105.00,,
2021/03/15,50,GUFL,50.35,386.0,388.0,381.0,381.0,381.00,0.0,0.0,385.00,"9,964.00",387.00,"3,836,159.00",71,-6.0,7.00,-1.55,1.84,-1.05,483.00,105.00,,
2021/03/16,52,GUFL,46.59,381.0,387.0,380.0,380.0,380.00,0.0,0.0,383.59,"5,286.00",381.00,"2,027,633.00",52,-1.00,7.00,-0.26,1.84,-0.94,483.00,105.00,,
2021/03/17,51,GUFL,47.88,385.0,394.0,385.0,385.0,385.00,0.0,0.0,388.48,"4,720.00",380.00,"1,833,641.00",49,5.0,9.0,1.32,2.34,-0.9,483.00,105.00,,
2021/03/18,52,GUFL,59.66,391.0,401.0,391.0,396.0,396.00,0.0,0.0,396.98,"9,727.00",385.00,"3,861,462.00",78,11.0,10.0,2.86,2.56,-0.25,483.00,105.00,,
2021/03/21,53,GUFL,62.18,403.0,410.0,395.0,403.0,403.00,0.0,0.0,400.95,"10,974.00",396.00,"4,400,014.00",79,7.00,15.00,1.77,3.8,0.51,483.00,105.00,,
2021/03/22,51,GUFL,58.48,403.0,403.0,391.0,397.0,397.00,0.0,0.0,395.83,"6,765.00",403.00,"2,677,775.00",55,-6.0,12.0,-1.49,3.07,0.3,483.00,105.00,,
2021/03/23,52,GUFL,59.15,390.0,398.0,390.0,394.0,394.00,0.0,0.0,394.60,"5,657.00",397.00,"2,232,270.00",50,-3.00,8.00,-0.76,2.05,-0.15,483.00,105.00,,
2021/03/24,52,GUFL,68.56,395.0,423.0,395.0,417.0,417.00,0.0,0.0,414.29,"43,590.00",394.00,"18,059,088.00",213,23.00,28.00,5.84,7.09,0.65,483.00,105.00,,
2021/03/25,52,GUFL,68.79,422.0,449.0,422.0,435.0,435.00,0.0,0.0,433.46,"90,079.00",417.00,"39,045,943.00",436,18.0,27.00,4.32,6.4,0.35,483.00,105.00,,
2021/03/29,53,GUFL,70.28,440.0,461.0,430.0,456.0,456.00,0.0,0.0,445.75,"106,911.00",435.00,"47,655,283.00",439,21.0,31.00,4.83,7.21,2.25,483.00,105.00,,
2021/03/30,52,GUFL,70.17,456.0,456.0,439.0,455.0,455.00,0.0,0.0,444.99,"73,263.00",456.00,"32,600,967.00",267,-1.0,17.0,-0.22,3.87,2.2,483.00,105.00,,
2021/03/31,52,GUFL,74.88,455.0,491.0,455.0,480.0,480.00,0.0,0.0,466.43,"152,327.00",455.00,"71,050,048.00",540,25.0,36.0,5.49,7.91,2.83,491.00,105.00,,
2021/04/01,54,GUFL,64.89,485.0,497.0,480.0,480.0,480.00,0.0,0.0,485.69,"68,453.00",480.00,"33,247,005.00",371,0.00,17.00,0.0,3.54,-1.19,497.00,105.00,,
2021/04/03,75,GUFL,31.47,513.0,518.5,500.0,507.9,507.90,0.0,0.0,505.88,"1,258.00",510.00,"636,395.00",25,-2.1,18.5,-0.41,3.7,0.4,840.00,465.50,554.54,582.06
2021/04/04,51,GUFL,66.9,489.0,519.0,488.0,510.0,510.00,0.0,0.0,507.36,"148,282.00",480.00,"75,232,175.00",633,30.0,31.00,6.25,6.35,0.52,519.00,105.00,,
2021/02/15,50,GUFL,59.24,414.0,454.0,414.0,454.0,454.00,0.0,0.0,435.72,"46,133.00",435.00,"20,101,285.00",207,19.0,40.0,4.37,9.66,4.03,483.00,105.00,,
2021/02/16,52,GUFL,50.56,445.0,447.0,433.0,435.0,435.00,0.0,0.0,436.45,"37,504.00",454.00,"16,368,764.00",141,-19.0,14.0,-4.19,3.23,-0.33,483.00,105.00,,
2021/02/17,51,GUFL,51.38,440.0,446.0,429.0,439.0,439.00,0.0,0.0,439.53,"78,023.00",435.00,"34,293,607.00",165,4.0,17.0,0.92,3.96,-0.12,483.00,105.00,,
2021/02/18,51,GUFL,49.07,435.0,439.0,424.0,433.0,433.00,0.0,0.0,429.87,"35,225.00",439.00,"15,142,013.00",193,-6.0,15.0,-1.37,3.54,0.72,483.00,105.00,,
2021/02/21,75,GUFL,31.47,513.0,518.5,500.0,507.9,507.90,0.0,0.0,505.88,"1,258.00",510.00,"636,395.00",25,-2.1,18.5,-0.41,3.7,0.4,840.00,465.50,554.54,582.06
2021/02/22,51,GUFL,55.77,430.0,440.0,424.0,425.0,425.00,0.0,0.0,431.73,"32,494.00",428.00,"14,028,675.00",126,-3.0,16.0,-0.7,3.77,-1.58,483.00,105.00,,
2021/02/23,50,GUFL,50.91,417.0,418.0,401.0,412.0,412.00,0.0,0.0,408.61,"46,087.00",425.00,"18,831,438.00",146,-13.00,17.0,-3.06,4.24,0.82,483.00,105.00,,
2021/02/24,50,GUFL,47.46,420.0,429.0,415.0,421.0,421.00,0.0,0.0,421.13,"15,125.00",412.00,"6,369,644.00",68,9.0,14.0,2.18,3.37,-0.03,483.00,105.00,,
2021/02/25,51,GUFL,49.18,415.0,416.0,405.0,408.0,408.00,0.0,0.0,409.69,"17,668.00",421.00,"7,238,368.00",101,-13.0,11.0,-3.09,2.72,-0.41,483.00,105.00,,
2021/02/28,49,GUFL,43.5,410.0,410.0,399.0,399.0,399.00,0.0,0.0,402.73,"20,717.00",408.00,"8,343,392.00",136,-9.0,11.0,-2.21,2.76,-0.94,483.00,105.00,,
2021/03/01,50,GUFL,43.48,398.0,420.0,392.0,403.0,403.00,0.0,0.0,405.16,"12,101.00",399.00,"4,902,855.00",105,4.0,28.0,1.0,7.14,-0.54,483.00,105.00,,
2021/03/02,50,GUFL,41.82,405.0,409.0,393.0,399.0,399.00,0.0,0.0,398.08,"11,626.00",403.00,"4,628,036.00",87,-4.0,16.0,-0.99,4.07,0.23,483.00,105.00,,
2021/03/03,50,GUFL,43.6,399.0,403.0,385.0,385.0,385.00,0.0,0.0,388.23,"12,670.00",399.00,"4,918,916.00",87,-14.0,18.00,-3.51,4.68,-0.84,483.00,105.00,,
2021/03/04,51,GUFL,54.44,392.0,406.0,392.0,406.0,406.00,0.0,0.0,401.33,"12,519.00",385.00,"5,024,299.00",92,21.0,14.0,5.45,3.57,1.15,483.00,105.00,,
2021/03/07,51,GUFL,41.54,408.0,412.0,400.0,402.0,402.00,0.0,0.0,405.36,"6,220.00",406.00,"2,521,366.00",51,-4.00,12.0,-0.99,3.0,-0.84,483.00,105.00,,
2021/03/09,50,GUFL,43.41,405.0,408.0,396.0,399.0,399.00,0.0,0.0,400.08,"6,126.00",402.00,"2,450,866.00",47,-3.0,12.0,-0.75,3.03,-0.27,483.00,105.00,,
2021/01/21,51,GUFL,67.89,393.0,412.0,380.0,412.0,412.00,0.0,0.0,409.34,"108,752.00",375.00,"44,516,395.00",320,37.0,32.00,9.87,8.42,0.65,412.00,105.00,,
2021/01/24,50,GUFL,67.7,432.0,453.0,421.0,424.0,424.00,0.0,0.0,444.79,"163,977.00",412.00,"72,935,526.00",667,12.0,32.0,2.91,7.6,-4.9,453.00,105.00,,
2021/01/25,50,GUFL,64.15,444.0,462.0,389.0,462.0,462.00,0.0,0.0,410.70,"139,027.00",424.00,"57,098,248.00",489,38.00,73.00,8.96,18.77,11.1,462.00,105.00,,
2021/01/26,51,GUFL,61.24,471.0,471.0,438.0,458.0,458.00,0.0,0.0,448.74,"113,060.00",462.00,"50,734,095.00",420,-4.0,33.00,-0.87,7.53,2.02,471.00,105.00,,
2021/01/27,51,GUFL,57.12,449.0,449.0,433.0,441.0,441.00,0.0,0.0,439.50,"42,457.00",458.00,"18,659,869.00",191,-17.0,16.0,-3.71,3.7,0.34,471.00,105.00,,
2021/01/28,51,GUFL,59.47,448.0,465.0,416.0,460.0,460.00,0.0,0.0,429.36,"94,122.00",441.00,"40,412,426.00",314,19.0,49.00,4.31,11.78,6.66,471.00,105.00,,
2021/01/31,50,GUFL,52.99,480.0,480.0,414.0,424.0,424.00,0.0,0.0,419.82,"51,817.00",460.00,"21,753,766.00",259,-36.0,66.0,-7.83,15.94,0.99,480.00,105.00,,
2021/02/01,49,GUFL,51.82,425.0,432.0,400.0,410.0,410.00,0.0,0.0,413.03,"38,690.00",424.00,"15,980,171.00",227,-14.00,32.0,-3.3,8.0,-0.74,480.00,105.00,,
2021/02/02,50,GUFL,55.1,418.0,419.0,399.0,406.0,406.00,0.0,0.0,402.67,"72,302.00",410.00,"29,114,114.00",282,-4.0,20.0,-0.98,5.01,0.82,480.00,105.00,,
2021/02/03,50,GUFL,50.19,389.0,411.0,389.0,397.0,397.00,0.0,0.0,403.75,"36,540.00",406.00,"14,753,126.00",162,-9.0,22.0,-2.22,5.66,-1.7,480.00,105.00,,
2021/02/04,50,GUFL,50.95,395.0,398.0,387.0,390.0,390.00,0.0,0.0,391.76,"43,432.00",397.00,"17,014,923.00",181,-7.0,11.0,-1.76,2.84,-0.45,480.00,105.00,,
2021/02/07,51,GUFL,50.24,390.0,404.0,388.0,390.0,390.00,0.0,0.0,392.90,"38,322.00",390.00,"15,056,687.00",205,0.0,16.0,0.0,4.12,-0.74,480.00,105.00,,
2021/02/08,51,GUFL,52.82,397.0,400.0,384.0,397.0,397.00,0.0,0.0,389.20,"44,257.00",390.00,"17,224,815.00",175,7.0,16.0,1.79,4.17,1.96,480.00,105.00,,
2021/02/09,49,GUFL,52.48,397.0,407.0,391.0,400.0,400.00,0.0,0.0,399.24,"36,060.00",397.00,"14,396,530.00",151,3.0,16.0,0.76,4.09,0.19,480.00,105.00,,
2021/02/10,51,GUFL,59.52,405.0,440.0,397.0,440.0,440.00,0.0,0.0,429.01,"171,998.00",400.00,"73,788,006.00",541,40.0,43.0,10.0,10.83,2.5,480.00,105.00,,
2021/02/11,52,GUFL,60.68,448.0,483.0,448.0,455.0,455.00,0.0,0.0,465.95,"114,732.00",440.00,"53,459,880.00",617,15.0,35.0,3.41,7.81,-2.41,483.00,105.00,,
2021/03/10,50,GUFL,54.96,396.0,399.0,394.0,399.0,399.00,0.0,0.0,396.30,"5,940.00",399.00,"2,354,028.00",48,0.0,5.00,0.0,1.27,0.68,483.00,105.00,,
2021/04/05,51,GUFL,60.55,535.0,535.0,487.0,494.0,494.00,0.0,0.0,492.96,"66,205.00",510.00,"32,636,416.00",341,-16.0,48.00,-3.14,9.86,0.21,535.00,105.00,,
2021/05/02,56,GUFL,61.56,469.0,480.0,460.0,478.0,478.00,0.0,0.0,474.50,"28,166.00",465.00,"13,364,798.00",214,13.0,20.0,2.8,4.35,0.73,535.00,105.00,,
2021/05/25,53,GUFL,66.61,675.0,693.0,661.0,682.0,682.00,0.0,0.0,675.83,"71,024.00",675.00,"47,999,808.00",396,7.00,32.00,1.04,4.84,0.91,709.00,105.00,,
2021/06/20,56,GUFL,53.93,1231.0,1358.0,1131.0,1324.0,"1,324.00",0.0,0.0,"1,196.02","75,703.00","1,256.00","90,542,388.00",491,68.0,227.00,5.41,20.07,9.67,"1,444.00",105.00,,
2021/07/13,53,GUFL,61.13,1180.0,1191.0,1112.0,1170.0,"1,170.00",0.0,0.0,"1,162.81","21,936.00","1,135.00","25,507,323.00",249,35.0,79.0,3.08,7.1,0.61,"1,444.00",114.00,,
2021/08/08,54,GUFL,51.68,1162.0,1208.0,1130.0,1135.0,"1,135.00",0.0,0.0,"1,145.62","17,084.00","1,140.00","19,571,750.40",167,-5.0,78.0,-0.44,6.9,-0.94,"1,444.00",114.00,,
2021/09/05,53,GUFL,41.93,1165.0,1186.0,1067.4,1100.0,"1,100.00",0.0,0.0,"1,094.62","40,795.00","1,186.00","44,654,876.80",306,-86.0,118.6,-7.25,11.11,0.49,"1,500.00",120.00,,
2021/09/28,52,GUFL,43.4,1005.3,1010.0,923.3,923.3,923.30,0.0,0.0,941.48,"26,328.00","1,025.80","24,787,333.00",259,-102.5,86.7,-9.99,9.39,-1.97,"1,500.00",134.00,,
2021/10/27,54,GUFL,57.92,1020.0,1020.0,950.0,989.0,989.00,0.0,0.0,985.98,"14,131.00","1,000.00","13,932,869.90",179,-11.00,70.0,-1.1,7.37,0.31,"1,500.00",150.00,,
2021/11/24,53,GUFL,35.49,850.0,869.0,828.1,842.0,842.00,0.0,0.0,846.97,"4,028.00",864.00,"3,411,605.00",66,-22.00,40.9,-2.55,4.94,-0.59,"1,500.00",180.00,,
2021/12/20,53,GUFL,52.94,904.6,1015.3,830.7,1015.3,"1,015.30",0.0,0.0,848.41,"227,143.00",923.00,"192,710,651.60",789,92.3,184.6,10.0,22.22,16.44,"1,500.00",180.00,,
2022/01/13,53,GUFL,64.9,864.0,891.0,848.0,878.0,878.00,0.0,0.0,872.21,"136,775.00",864.00,"119,296,706.50","1,051",14.0,43.0,1.62,5.07,0.66,"1,500.00",253.00,,
2022/02/08,54,GUFL,42.53,785.4,809.0,763.0,763.0,763.00,0.0,0.0,775.79,"37,191.00",770.00,"28,852,503.50",365,-7.0,46.0,-0.91,6.03,-1.68,"1,500.00",380.00,,
2022/03/07,56,GUFL,32.63,613.0,622.2,595.0,595.0,595.00,0.0,0.0,603.88,"19,613.00",614.00,"11,843,981.10",266,-19.0,27.2,-3.09,4.57,-1.49,"1,500.00",380.00,,
2020/12/28,52,GUFL,45.6,192.0,196.0,191.0,196.0,196.00,0.0,0.0,194.59,"9,505.00",193.00,"1,849,536.00",41,3.0,5.0,1.55,2.62,0.72,225.00,105.00,,
2020/12/29,51,GUFL,46.96,196.0,198.0,195.0,197.0,197.00,0.0,0.0,196.05,"7,677.00",196.00,"1,505,111.00",33,1.00,3.0,0.51,1.54,0.48,225.00,105.00,,
2020/12/30,50,GUFL,52.68,196.0,197.0,195.0,195.0,195.00,0.0,0.0,196.05,"5,859.00",197.00,"1,148,660.00",13,-2.0,2.00,-1.02,1.03,-0.54,225.00,105.00,,
2020/12/31,50,GUFL,65.57,194.0,206.0,193.0,202.0,202.00,0.0,0.0,200.24,"38,618.00",195.00,"7,732,975.00",116,7.0,13.0,3.59,6.74,0.87,225.00,105.00,,
2021/01/03,51,GUFL,63.38,200.0,208.0,200.0,208.0,208.00,0.0,0.0,204.93,"21,844.00",202.00,"4,476,598.00",73,6.00,8.0,2.97,4.0,1.47,225.00,105.00,,
2021/01/04,49,GUFL,67.55,205.0,208.0,201.0,205.0,205.00,0.0,0.0,205.54,"33,350.00",208.00,"6,854,668.00",70,-3.0,7.00,-1.44,3.48,-0.26,225.00,105.00,,
2021/01/05,49,GUFL,58.54,206.0,209.0,202.0,204.0,204.00,0.0,0.0,205.53,"9,861.00",205.00,"2,026,760.00",43,-1.0,7.0,-0.49,3.47,-0.75,225.00,105.00,,
2021/01/06,49,GUFL,62.79,214.0,214.0,203.0,209.0,209.00,0.0,0.0,206.39,"39,308.00",204.00,"8,112,634.00",70,5.0,11.0,2.45,5.42,1.25,225.00,105.00,,
2021/01/07,51,GUFL,69.05,199.0,228.0,199.0,226.0,226.00,0.0,0.0,214.41,"105,054.00",209.00,"22,524,869.00",253,17.0,29.0,8.13,14.57,5.13,228.00,105.00,,
2021/01/10,50,GUFL,71.83,237.0,246.0,225.0,241.0,241.00,0.0,0.0,237.37,"68,279.00",226.00,"16,207,063.00",261,15.0,21.0,6.64,9.33,1.51,246.00,105.00,,
2021/01/11,51,GUFL,68.98,245.0,245.0,229.0,232.0,232.00,0.0,0.0,234.19,"64,598.00",241.00,"15,128,065.00",155,-9.0,16.0,-3.73,6.99,-0.94,246.00,105.00,,
2021/01/12,49,GUFL,68.55,243.0,255.0,226.0,253.0,253.00,0.0,0.0,241.55,"59,183.00",232.00,"14,295,931.00",235,21.0,29.0,9.05,12.83,4.52,255.00,105.00,,
2021/01/13,75,GUFL,31.47,513.0,518.5,500.0,507.9,507.90,0.0,0.0,505.88,"1,258.00",510.00,"636,395.00",25,-2.1,18.5,-0.41,3.7,0.4,840.00,465.50,554.54,582.06
2021/01/17,50,GUFL,65.8,280.0,293.0,261.0,291.0,291.00,0.0,0.0,280.27,"72,628.00",278.00,"20,355,264.00",225,13.0,32.0,4.68,12.26,3.69,293.00,105.00,,
2021/01/18,52,GUFL,68.16,305.0,320.0,294.0,320.0,320.00,0.0,0.0,314.28,"95,713.00",291.00,"30,080,809.00",248,29.0,26.0,9.97,8.84,1.79,320.00,105.00,,
2021/01/19,51,GUFL,67.48,336.0,352.0,336.0,352.0,352.00,0.0,0.0,350.92,"115,763.00",320.00,"40,623,038.00",352,32.0,16.0,10.0,4.76,0.31,352.00,105.00,,
2020/12/04,75,GUFL,31.47,513.0,518.5,500.0,507.9,507.90,0.0,0.0,505.88,"1,258.00",510.00,"636,395.00",25,-2.1,18.5,-0.41,3.7,0.4,840.00,465.50,554.54,582.06
2020/12/06,49,GUFL,43.12,196.0,198.0,188.0,189.0,189.00,0.0,0.0,191.82,"8,629.00",199.00,"1,655,214.00",57,-10.00,10.0,-5.03,5.32,-1.49,225.00,105.00,,
2020/12/07,51,GUFL,54.2,191.0,197.0,185.0,197.0,197.00,0.0,0.0,190.84,"19,799.00",189.00,"3,778,416.00",78,8.0,12.00,4.23,6.49,3.13,225.00,105.00,,
2020/12/08,51,GUFL,43.48,197.0,199.0,188.0,188.0,188.00,0.0,0.0,194.70,"9,117.00",197.00,"1,775,113.00",48,-9.00,11.00,-4.57,5.85,-3.57,225.00,105.00,,
2020/12/09,50,GUFL,45.0,191.0,195.0,187.0,188.0,188.00,0.0,0.0,189.93,"8,823.00",188.00,"1,675,747.00",51,0.0,8.0,0.0,4.28,-1.03,225.00,105.00,,
2020/12/10,50,GUFL,56.82,190.0,201.0,188.0,196.0,196.00,0.0,0.0,192.48,"19,484.00",188.00,"3,750,235.00",67,8.0,13.0,4.26,6.91,1.8,225.00,105.00,,
2020/12/13,51,GUFL,52.31,198.0,204.0,194.0,203.0,203.00,0.0,0.0,200.52,"20,657.00",196.00,"4,142,105.00",57,7.0,10.00,3.57,5.15,1.22,225.00,105.00,,
2020/12/14,49,GUFL,63.33,203.0,207.0,199.0,207.0,207.00,0.0,0.0,201.25,"26,943.00",203.00,"5,422,260.00",63,4.00,8.0,1.97,4.02,2.78,225.00,105.00,,
2020/12/15,48,GUFL,61.08,206.0,206.0,198.0,201.0,201.00,0.0,0.0,199.29,"61,489.00",207.00,"12,253,964.00",71,-6.0,8.0,-2.9,4.04,0.85,225.00,105.00,,
2020/12/16,48,GUFL,54.54,197.0,201.0,194.0,200.0,200.00,0.0,0.0,195.66,"16,909.00",201.00,"3,308,499.00",29,-1.0,7.0,-0.5,3.61,2.17,225.00,105.00,,
2020/12/17,49,GUFL,47.55,196.0,197.0,192.0,196.0,196.00,0.0,0.0,194.39,"22,135.00",200.00,"4,302,865.00",41,-4.0,5.0,-2.0,2.6,0.82,225.00,105.00,,
2020/12/20,48,GUFL,46.6,193.0,195.0,185.0,187.0,187.00,0.0,0.0,189.25,"19,102.00",196.00,"3,614,976.00",68,-9.00,10.00,-4.59,5.41,-1.2,225.00,105.00,,
2020/12/21,50,GUFL,48.35,184.0,193.0,180.0,188.0,188.00,0.0,0.0,186.63,"9,763.00",187.00,"1,822,095.00",64,1.0,13.00,0.53,7.22,0.73,225.00,105.00,,
2020/12/22,50,GUFL,65.45,191.0,205.0,191.0,204.0,204.00,0.0,0.0,196.30,"15,685.00",188.00,"3,079,033.00",75,16.00,14.00,8.51,7.33,3.77,225.00,105.00,,
2020/12/23,50,GUFL,63.26,214.0,214.0,193.0,199.0,199.00,0.0,0.0,195.69,"12,555.00",204.00,"2,456,856.00",35,-5.0,21.00,-2.45,10.88,1.66,225.00,105.00,,
2020/12/24,49,GUFL,63.7,196.0,196.0,192.0,196.0,196.00,0.0,0.0,193.26,"17,525.00",199.00,"3,386,812.00",33,-3.0,4.0,-1.51,2.08,1.4,225.00,105.00,,
2020/11/08,48,GUFL,69.26,171.0,171.0,164.0,170.0,170.00,0.0,0.0,168.66,"37,334.00",170.00,"6,296,816.00",118,0.0,7.0,0.0,4.27,0.79,174.00,104.00,,
2020/11/09,47,GUFL,68.29,172.0,172.0,165.0,169.0,169.00,0.0,0.0,169.00,"40,678.00",170.00,"6,874,670.00",90,-1.0,7.0,-0.59,4.24,0.0,174.00,104.00,,
2020/11/10,49,GUFL,68.55,172.0,172.0,165.0,169.0,169.00,0.0,0.0,168.01,"43,225.00",169.00,"7,262,307.00",73,0.00,7.0,0.0,4.24,0.58,174.00,104.00,,
2020/11/11,47,GUFL,49.75,166.0,171.0,166.0,166.0,166.00,0.0,0.0,168.58,"15,714.00",169.00,"2,649,029.00",45,-3.00,5.00,-1.78,3.01,-1.55,174.00,104.00,,
2020/11/12,48,GUFL,51.05,169.0,172.0,166.0,170.0,170.00,0.0,0.0,169.07,"24,880.00",166.00,"4,206,575.00",63,4.00,6.00,2.41,3.61,0.54,174.00,104.00,,
2020/11/18,48,GUFL,68.2,178.0,187.0,175.0,187.0,187.00,0.0,0.0,183.78,"46,707.00",170.00,"8,583,792.00",137,17.0,12.00,10.0,6.86,1.72,187.00,104.00,,
2020/11/19,48,GUFL,68.4,196.0,205.0,196.0,205.0,205.00,0.0,0.0,204.82,"24,053.00",187.00,"4,926,461.00",85,18.00,9.00,9.63,4.59,0.09,205.00,104.00,,
2020/11/22,49,GUFL,70.55,215.0,225.0,205.0,208.0,208.00,0.0,0.0,218.15,"93,678.00",205.00,"20,436,093.00",360,3.00,20.00,1.46,9.76,-4.88,225.00,104.00,,
2020/11/23,49,GUFL,64.42,209.0,212.0,200.0,201.0,201.00,0.0,0.0,203.42,"40,525.00",208.00,"8,243,480.00",155,-7.00,12.00,-3.37,6.0,-1.2,225.00,104.00,,
2020/11/24,48,GUFL,59.1,205.0,210.0,199.0,200.0,200.00,0.0,0.0,202.38,"22,971.00",201.00,"4,648,926.00",111,-1.0,11.0,-0.5,5.53,-1.19,225.00,104.00,,
2020/11/25,48,GUFL,59.54,200.0,211.0,200.0,203.0,203.00,0.0,0.0,203.29,"20,722.00",200.00,"4,212,502.00",92,3.00,11.00,1.5,5.5,-0.14,225.00,104.00,,
2020/11/26,49,GUFL,55.8,205.0,209.0,200.0,200.0,200.00,0.0,0.0,203.35,"31,553.00",203.00,"6,416,388.00",120,-3.0,9.00,-1.48,4.5,-1.68,225.00,105.00,,
2020/11/29,50,GUFL,56.44,190.0,211.0,190.0,206.0,206.00,0.0,0.0,206.62,"28,740.00",200.00,"5,938,219.00",138,6.0,21.00,3.0,11.05,-0.3,225.00,105.00,,
2020/11/30,50,GUFL,51.83,210.0,213.0,205.0,205.0,205.00,0.0,0.0,207.53,"11,375.00",206.00,"2,360,605.00",79,-1.0,8.0,-0.49,3.9,-1.23,225.00,105.00,,
2020/12/01,49,GUFL,51.59,215.0,215.0,200.0,200.0,200.00,0.0,0.0,202.34,"18,155.00",205.00,"3,673,522.00",79,-5.0,15.0,-2.44,7.5,-1.17,225.00,105.00,,
2020/12/02,50,GUFL,54.27,200.0,204.0,198.0,200.0,200.00,0.0,0.0,199.97,"14,745.00",200.00,"2,948,510.00",82,0.00,6.00,0.0,3.03,0.02,225.00,105.00,,
2020/10/12,47,GUFL,54.93,164.0,164.0,156.0,159.0,159.00,0.0,0.0,159.89,"9,749.00",165.00,"1,558,722.00",47,-6.0,8.0,-3.64,5.13,-0.56,174.00,104.00,,
2020/10/13,46,GUFL,57.36,162.0,165.0,151.0,152.0,152.00,0.0,0.0,155.12,"37,555.00",159.00,"5,825,556.00",94,-7.0,14.0,-4.4,9.27,-2.05,174.00,104.00,,
2020/10/14,49,GUFL,45.26,159.0,159.0,145.0,150.0,150.00,0.0,0.0,149.61,"7,518.00",152.00,"1,124,784.00",40,-2.0,14.0,-1.32,9.66,0.26,174.00,104.00,,
2020/10/15,50,GUFL,41.7,153.0,157.0,147.0,147.0,147.00,0.0,0.0,148.64,"9,901.00",150.00,"1,471,724.00",47,-3.0,10.0,-2.0,6.8,-1.12,174.00,104.00,,
2020/10/18,48,GUFL,37.53,145.0,145.0,143.0,145.0,145.00,0.0,0.0,144.40,"4,704.00",147.00,"679,235.00",30,-2.0,2.0,-1.36,1.4,0.42,174.00,104.00,,
2020/10/19,49,GUFL,39.44,144.0,157.0,144.0,149.0,149.00,0.0,0.0,146.99,"4,068.00",145.00,"597,942.00",35,4.0,13.0,2.76,9.03,1.35,174.00,104.00,,
2020/10/20,49,GUFL,53.43,151.0,154.0,149.0,154.0,154.00,0.0,0.0,151.93,"13,472.00",149.00,"2,046,763.00",67,5.0,5.0,3.36,3.36,1.35,174.00,104.00,,
2020/10/21,48,GUFL,53.95,151.0,160.0,151.0,152.0,152.00,0.0,0.0,154.91,"27,298.00",154.00,"4,228,720.00",71,-2.0,9.0,-1.3,5.96,-1.91,174.00,104.00,,
2020/10/22,46,GUFL,57.82,155.0,157.0,153.0,155.0,155.00,0.0,0.0,155.08,"23,544.00",152.00,"3,651,156.00",56,3.0,4.0,1.97,2.61,-0.05,174.00,104.00,,
2020/10/25,75,GUFL,31.47,513.0,518.5,500.0,507.9,507.90,0.0,0.0,505.88,"1,258.00",510.00,"636,395.00",25,-2.1,18.5,-0.41,3.7,0.4,840.00,465.50,554.54,582.06
2020/10/28,47,GUFL,64.45,162.0,162.0,150.0,157.0,157.00,0.0,0.0,152.59,"21,654.00",155.00,"3,304,254.00",62,2.0,12.0,1.29,8.0,2.81,174.00,104.00,,
2020/10/29,48,GUFL,55.7,164.0,164.0,150.0,156.0,156.00,0.0,0.0,152.11,"24,923.00",157.00,"3,791,078.00",72,-1.0,14.0,-0.64,9.33,2.49,174.00,104.00,,
2020/11/01,48,GUFL,49.09,153.0,157.0,151.0,152.0,152.00,0.0,0.0,153.78,"8,890.00",156.00,"1,367,108.00",42,-4.0,6.0,-2.56,3.97,-1.17,174.00,104.00,,
2020/11/02,49,GUFL,43.99,155.0,158.0,151.0,151.0,151.00,0.0,0.0,151.49,"7,340.00",152.00,"1,111,941.00",31,-1.0,7.0,-0.66,4.64,-0.32,174.00,104.00,,
2020/11/03,50,GUFL,42.14,154.0,154.0,151.0,153.0,153.00,0.0,0.0,151.50,"3,045.00",151.00,"461,325.00",15,2.00,3.00,1.32,1.99,0.98,174.00,104.00,,
2020/11/04,49,GUFL,54.14,155.0,157.0,150.0,155.0,155.00,0.0,0.0,155.42,"38,648.00",153.00,"6,006,707.00",91,2.0,7.0,1.31,4.67,-0.27,174.00,104.00,,
2020/09/17,47,GUFL,66.44,125.0,137.0,123.0,136.0,136.00,0.0,0.0,132.89,"74,286.00",125.00,"9,871,816.00",167,11.0,14.0,8.8,11.38,2.29,147.00,104.00,,
2020/09/20,46,GUFL,63.48,142.0,149.0,140.0,146.0,146.00,0.0,0.0,143.87,"32,703.00",136.00,"4,704,908.00",105,10.0,9.0,7.35,6.43,1.46,149.00,104.00,,
2020/09/21,48,GUFL,60.43,153.0,153.0,138.0,142.0,142.00,0.0,0.0,144.35,"4,486.00",146.00,"647,565.00",41,-4.0,15.0,-2.74,10.87,-1.66,153.00,104.00,,
2020/09/22,75,GUFL,31.47,513.0,518.5,500.0,507.9,507.90,0.0,0.0,505.88,"1,258.00",510.00,"636,395.00",25,-2.1,18.5,-0.41,3.7,0.4,840.00,465.50,554.54,582.06
2020/09/23,75,GUFL,31.47,513.0,518.5,500.0,507.9,507.90,0.0,0.0,505.88,"1,258.00",510.00,"636,395.00",25,-2.1,18.5,-0.41,3.7,0.4,840.00,465.50,554.54,582.06
2020/09/24,49,GUFL,52.66,135.0,140.0,133.0,133.0,133.00,0.0,0.0,134.82,"26,975.00",135.00,"3,636,706.00",82,-2.0,7.0,-1.48,5.26,-1.37,153.00,104.00,,
2020/09/27,48,GUFL,55.88,135.0,145.0,133.0,145.0,145.00,0.0,0.0,137.09,"21,934.00",133.00,"3,006,992.00",95,12.00,12.00,9.02,9.02,5.45,153.00,104.00,,
2020/09/28,45,GUFL,47.24,147.0,147.0,138.0,138.0,138.00,0.0,0.0,140.59,"11,579.00",145.00,"1,627,906.00",70,-7.0,9.0,-4.83,6.52,-1.88,153.00,104.00,,
2020/09/29,46,GUFL,52.81,137.0,146.0,136.0,136.0,136.00,0.0,0.0,137.86,"19,544.00",138.00,"2,694,270.00",76,-2.0,10.0,-1.45,7.35,-1.37,153.00,104.00,,
2020/09/30,46,GUFL,64.18,138.0,140.0,134.0,138.0,138.00,0.0,0.0,136.37,"18,066.00",136.00,"2,463,602.00",51,2.0,6.0,1.47,4.48,1.18,153.00,104.00,,
2020/10/01,47,GUFL,58.49,140.0,145.0,140.0,142.0,142.00,0.0,0.0,141.35,"51,717.00",138.00,"7,310,378.00",84,4.00,5.0,2.9,3.57,0.46,153.00,104.00,,
2020/10/04,48,GUFL,63.74,144.0,147.0,142.0,144.0,144.00,0.0,0.0,144.78,"31,426.00",142.00,"4,549,720.00",79,2.0,5.0,1.41,3.52,-0.54,153.00,104.00,,
2020/10/05,47,GUFL,59.83,142.0,150.0,142.0,145.0,145.00,0.0,0.0,145.17,"7,298.00",144.00,"1,059,437.00",40,1.0,8.0,0.69,5.63,-0.12,153.00,104.00,,
2020/10/06,48,GUFL,59.05,145.0,146.0,143.0,146.0,146.00,0.0,0.0,144.45,"11,382.00",145.00,"1,644,158.00",53,1.0,3.0,0.69,2.1,1.06,153.00,104.00,,
2020/10/07,49,GUFL,61.63,144.0,151.0,144.0,149.0,149.00,0.0,0.0,148.34,"19,163.00",146.00,"2,842,610.00",68,3.0,7.0,2.05,4.86,0.44,153.00,104.00,,
2020/10/08,48,GUFL,64.01,151.0,163.0,148.0,163.0,163.00,0.0,0.0,159.38,"101,886.00",149.00,"16,239,055.00",324,14.0,15.0,9.4,10.14,2.22,163.00,104.00,,
2020/08/24,45,GUFL,59.4,120.0,124.0,119.0,124.0,124.00,0.0,0.0,121.16,"5,598.00",122.00,"678,246.00",27,2.0,5.0,1.64,4.2,2.29,147.00,104.00,,
2020/08/25,48,GUFL,54.48,122.0,124.0,121.0,123.0,123.00,0.0,0.0,122.17,"2,184.00",124.00,"266,820.00",18,-1.0,3.0,-0.81,2.48,0.67,147.00,104.00,,
2020/08/26,46,GUFL,60.49,123.0,125.0,121.0,123.0,123.00,0.0,0.0,121.29,"10,263.00",123.00,"1,244,793.00",26,0.0,4.0,0.0,3.31,1.39,147.00,104.00,,
2020/08/27,49,GUFL,51.95,129.0,129.0,119.0,120.0,120.00,0.0,0.0,120.12,"5,201.00",123.00,"624,759.00",22,-3.0,10.0,-2.44,8.4,-0.1,147.00,104.00,,
2020/08/30,48,GUFL,52.20,119.0,124.0,119.0,124.0,124.00,0.0,0.0,119.48,283.00,120.00,"33,812.00",6,4.0,5.0,3.33,4.2,3.65,147.00,104.00,,
2020/08/31,48,GUFL,53.41,126.0,126.0,120.0,124.0,124.00,0.0,0.0,120.68,"6,967.00",124.00,"840,752.00",15,0.0,6.0,0.0,5.0,2.68,147.00,104.00,,
2020/09/02,48,GUFL,59.85,123.0,127.0,120.0,127.0,127.00,0.0,0.0,124.22,"7,450.00",124.00,"925,476.00",28,3.0,7.0,2.42,5.83,2.19,147.00,104.00,,
2020/09/03,47,GUFL,58.67,129.0,129.0,123.0,124.0,124.00,0.0,0.0,124.62,"5,001.00",127.00,"623,204.00",23,-3.0,6.0,-2.36,4.88,-0.5,147.00,104.00,,
2020/09/06,49,GUFL,48.63,126.0,127.0,122.0,124.0,124.00,0.0,0.0,123.74,"4,558.00",124.00,"563,994.00",21,0.0,5.0,0.0,4.1,0.21,147.00,104.00,,
2020/09/07,49,GUFL,48.33,122.0,125.0,120.0,124.0,124.00,0.0,0.0,122.64,"3,371.00",124.00,"413,423.00",10,0.0,5.0,0.0,4.17,1.1,147.00,104.00,,
2020/09/08,48,GUFL,54.94,123.0,124.0,122.0,122.0,122.00,0.0,0.0,122.59,"5,148.00",124.00,"631,116.00",7,-2.0,2.0,-1.61,1.64,-0.49,147.00,104.00,,
2020/09/09,49,GUFL,49.21,122.0,124.0,121.0,124.0,124.00,0.0,0.0,122.60,"3,002.00",122.00,"368,047.00",15,2.00,3.0,1.64,2.48,1.13,147.00,104.00,,
2020/09/10,50,GUFL,57.25,124.0,125.0,122.0,125.0,125.00,0.0,0.0,122.10,"14,744.00",124.00,"1,800,172.00",13,1.00,3.0,0.81,2.46,2.32,147.00,104.00,,
2020/09/13,75,GUFL,31.47,513.0,518.5,500.0,507.9,507.90,0.0,0.0,505.88,"1,258.00",510.00,"636,395.00",25,-2.1,18.5,-0.41,3.7,0.4,840.00,465.50,554.54,582.06
2020/09/14,46,GUFL,63.55,127.0,129.0,122.0,129.0,129.00,0.0,0.0,124.38,"15,758.00",125.00,"1,960,008.00",40,4.00,7.00,3.2,5.74,3.58,147.00,104.00,,
2020/09/15,49,GUFL,46.96,127.0,127.0,121.0,124.0,124.00,0.0,0.0,124.13,572.00,129.00,"71,005.00",10,-5.0,6.0,-3.88,4.96,-0.11,147.00,104.00,,
2020/07/29,45,GUFL,44.22,119.0,122.0,118.0,120.0,120.00,0.0,0.0,119.56,"2,385.00",121.00,"285,147.00",13,-1.0,4.0,-0.83,3.39,0.37,147.00,104.00,,
2020/07/30,46,GUFL,45.06,118.0,121.0,118.0,121.0,121.00,0.0,0.0,118.89,74.00,120.00,"8,798.00",4,1.0,3.0,0.83,2.54,1.74,147.00,104.00,,
2020/08/02,47,GUFL,44.89,122.0,122.0,116.0,118.0,118.00,0.0,0.0,119.08,803.00,121.00,"95,621.00",10,-3.0,6.0,-2.48,5.17,-0.92,147.00,104.00,,
2020/08/03,48,GUFL,51.21,117.0,120.0,116.0,120.0,120.00,0.0,0.0,116.68,"14,490.00",118.00,"1,690,659.00",16,2.0,4.0,1.69,3.45,2.77,147.00,104.00,,
2020/08/05,75,GUFL,31.47,513.0,518.5,500.0,507.9,507.90,0.0,0.0,505.88,"1,258.00",510.00,"636,395.00",25,-2.1,18.5,-0.41,3.7,0.4,840.00,465.50,554.54,582.06
2020/08/06,46,GUFL,38.96,117.0,118.0,115.0,118.0,118.00,0.0,0.0,116.05,"2,706.00",117.00,"314,044.00",13,1.0,3.0,0.85,2.61,1.65,147.00,104.00,,
2020/08/09,44,GUFL,53.52,118.0,119.0,115.0,119.0,119.00,0.0,0.0,117.19,"7,352.00",118.00,"861,603.00",15,1.0,4.0,0.85,3.48,1.52,147.00,104.00,,
2020/08/10,47,GUFL,54.83,119.0,122.0,118.0,122.0,122.00,0.0,0.0,120.20,"16,094.00",119.00,"1,934,533.00",29,3.0,4.0,2.52,3.39,1.47,147.00,104.00,,
2020/08/11,48,GUFL,60.4,121.0,124.0,119.0,122.0,122.00,0.0,0.0,119.91,"5,943.00",122.00,"712,646.00",17,0.0,5.0,0.0,4.2,1.71,147.00,104.00,,
2020/08/12,47,GUFL,55.78,120.0,120.0,118.0,119.0,119.00,0.0,0.0,119.63,"1,670.00",122.00,"199,790.00",15,-3.0,2.0,-2.46,1.69,-0.53,147.00,104.00,,
2020/08/13,47,GUFL,40.63,117.0,118.0,116.0,118.0,118.00,0.0,0.0,117.92,"5,407.00",119.00,"637,615.00",11,-1.0,2.0,-0.84,1.72,0.06,147.00,104.00,,
2020/08/16,47,GUFL,37.86,116.0,118.0,114.0,116.0,116.00,0.0,0.0,115.51,"1,706.00",118.00,"197,066.00",10,-2.0,4.0,-1.69,3.51,0.42,147.00,104.00,,
2020/08/17,48,GUFL,37.77,118.0,118.0,115.0,118.0,118.00,0.0,0.0,116.16,"2,085.00",116.00,"242,190.00",14,2.0,3.0,1.72,2.61,1.56,147.00,104.00,,
2020/08/18,49,GUFL,45.93,116.0,118.0,115.0,117.0,117.00,0.0,0.0,117.63,"2,095.00",118.00,"246,436.00",8,-1.0,3.0,-0.85,2.61,-0.54,147.00,104.00,,
2020/08/19,48,GUFL,47.58,119.0,119.0,116.0,118.0,118.00,0.0,0.0,116.57,"1,546.00",117.00,"180,212.00",10,1.0,3.0,0.85,2.59,1.21,147.00,104.00,,
2020/08/20,47,GUFL,46.64,117.0,117.0,117.0,117.0,117.00,0.0,0.0,117.00,100.00,118.00,"11,700.00",1,-1.0,0.0,-0.85,0.0,0.0,147.00,104.00,,
2020/07/06,45,GUFL,47.22,108.0,113.0,106.0,113.0,113.00,0.0,0.0,108.59,"3,983.00",109.00,"432,497.00",20,4.0,7.0,3.67,6.6,3.91,147.00,104.00,,
2020/07/07,45,GUFL,51.39,115.0,116.0,111.0,115.0,115.00,0.0,0.0,113.23,"3,540.00",113.00,"400,820.00",12,2.0,5.0,1.77,4.5,1.54,147.00,104.00,,
2020/07/09,45,GUFL,52.51,117.0,121.0,115.0,119.0,119.00,0.0,0.0,118.00,"3,115.00",115.00,"367,557.00",14,4.0,6.0,3.48,5.22,0.84,147.00,104.00,,
2020/07/12,45,GUFL,47.06,121.0,121.0,120.0,120.0,120.00,0.0,0.0,120.29,140.00,119.00,"16,840.00",4,1.0,1.0,0.84,0.83,-0.24,147.00,104.00,,
2020/07/13,45,GUFL,47.56,120.0,122.0,120.0,120.0,120.00,0.0,0.0,120.27,134.00,120.00,"16,116.00",6,0.0,2.0,0.0,1.67,-0.22,147.00,104.00,,
2020/07/14,45,GUFL,48.42,121.0,121.0,119.0,119.0,119.00,0.0,0.0,120.11,191.00,120.00,"22,941.00",4,-1.0,2.0,-0.83,1.68,-0.93,147.00,104.00,,
2020/07/15,46,GUFL,56.42,117.0,121.0,115.0,121.0,121.00,0.0,0.0,115.49,"1,606.00",119.00,"185,482.00",14,2.0,6.0,1.68,5.22,4.55,147.00,104.00,,
2020/07/16,46,GUFL,55.57,123.0,123.0,116.0,120.0,120.00,0.0,0.0,118.62,"1,695.00",121.00,"201,062.00",10,-1.0,7.0,-0.83,6.03,1.15,147.00,104.00,,
2020/07/20,47,GUFL,60.69,122.0,132.0,122.0,127.0,127.00,0.0,0.0,127.14,"6,954.00",120.00,"884,162.00",22,7.0,10.0,5.83,8.2,-0.11,147.00,104.00,,
2020/07/21,46,GUFL,64.91,125.0,127.0,119.0,124.0,124.00,0.0,0.0,120.17,"10,895.00",127.00,"1,309,292.00",27,-3.00,8.0,-2.36,6.72,3.09,147.00,104.00,,
2020/07/22,46,GUFL,66.23,122.0,126.0,122.0,124.0,124.00,0.0,0.0,124.85,"5,980.00",124.00,"746,600.00",23,0.0,4.0,0.0,3.28,-0.69,147.00,104.00,,
2020/07/23,45,GUFL,62.26,122.0,124.0,121.0,123.0,123.00,0.0,0.0,122.88,"2,237.00",124.00,"274,880.00",11,-1.0,3.0,-0.81,2.48,0.1,147.00,104.00,,
2020/07/26,48,GUFL,48.66,121.0,123.0,121.0,123.0,123.00,0.0,0.0,122.01,"4,703.00",123.00,"573,820.00",8,0.0,2.0,0.0,1.65,0.8,147.00,104.00,,
2020/07/27,46,GUFL,49.66,124.0,124.0,116.0,118.0,118.00,0.0,0.0,119.28,"9,528.00",123.00,"1,136,488.00",21,-5.0,8.0,-4.07,6.9,-1.08,147.00,104.00,,
2020/03/10,43,GUFL,35.36,128.0,128.0,128.0,128.0,128.00,0.0,0.0,128.00,10.00,130.00,"1,280.00",1,-2.0,0.0,-1.54,0.0,0.0,147.00,104.00,,
2020/03/11,47,GUFL,45.87,126.0,135.0,126.0,135.0,135.00,0.0,0.0,127.60,"20,448.00",128.00,"2,609,090.00",24,7.0,9.0,5.47,7.14,5.48,147.00,104.00,,
2020/03/12,47,GUFL,42.16,133.0,133.0,129.0,129.0,129.00,0.0,0.0,132.14,70.00,135.00,"9,250.00",5,-6.0,4.0,-4.44,3.1,-2.44,147.00,104.00,,
2020/03/15,45,GUFL,41.01,127.0,127.0,118.0,125.0,125.00,0.0,0.0,122.24,"22,470.00",129.00,"2,746,656.00",41,-4.0,9.0,-3.1,7.63,2.21,147.00,104.00,,
2020/03/16,47,GUFL,34.2,127.0,127.0,125.0,127.0,127.00,0.0,0.0,125.71,906.00,125.00,"113,890.00",9,2.00,2.0,1.6,1.6,1.02,147.00,104.00,,
2020/03/17,46,GUFL,26.97,125.0,125.0,123.0,123.0,123.00,0.0,0.0,124.05,177.00,127.00,"21,957.00",4,-4.00,2.0,-3.15,1.63,-0.85,147.00,104.00,,
2020/03/18,44,GUFL,33.11,122.0,122.0,116.0,121.0,121.00,0.0,0.0,119.82,"2,526.00",123.00,"302,672.00",15,-2.0,6.0,-1.63,5.17,0.97,147.00,104.00,,
2020/03/19,44,GUFL,38.88,123.0,123.0,115.0,115.0,115.00,0.0,0.0,116.88,"11,830.00",121.00,"1,382,650.00",29,-6.0,8.0,-4.96,6.96,-1.63,147.00,104.00,,
2020/05/12,25,GUFL,21.25,113.0,113.0,113.0,113.0,113.00,0.0,0.0,113.00,10.00,115.00,"1,130.00",1,-2.0,0.0,-1.74,0.0,0.0,147.00,104.00,,
2020/05/13,23,GUFL,22.36,111.0,111.0,110.0,110.0,110.00,0.0,0.0,110.50,200.00,113.00,"22,100.00",2,-3.0,1.0,-2.65,0.91,-0.45,147.00,104.00,,
2020/06/22,75,GUFL,31.47,513.0,518.5,500.0,507.9,507.90,0.0,0.0,505.88,"1,258.00",510.00,"636,395.00",25,-2.1,18.5,-0.41,3.7,0.4,840.00,465.50,554.54,582.06
2020/06/29,34,GUFL,20.89,110.0,110.0,110.0,106.0,110.00,-4.0,-0.04,107.18,170.00,110.00,"18,220.00",2,0.0,0.0,0.0,0.0,-1.11,147.00,104.00,,
2020/06/30,32,GUFL,29.25,107.0,107.0,105.0,105.0,105.00,0.0,0.0,106.00,"1,000.00",106.00,"106,000.00",2,-1.00,2.0,-0.94,1.9,-0.95,147.00,104.00,,
2020/07/01,35,GUFL,33.19,105.0,105.0,105.0,105.0,105.00,0.0,0.0,105.00,60.00,105.00,"6,300.00",1,0.0,0.0,0.0,0.0,0.0,147.00,104.00,,
2020/07/02,35,GUFL,39.91,105.0,109.0,105.0,109.0,109.00,0.0,0.0,107.00,630.00,105.00,"67,410.00",4,4.0,4.0,3.81,3.81,1.83,147.00,104.00,,
2020/02/13,45,GUFL,47.51,128.0,130.0,126.0,128.0,128.00,0.0,0.0,127.28,"14,761.00",130.00,"1,878,718.00",26,-2.0,4.0,-1.54,3.17,0.57,147.00,98.00,,
2020/02/15,75,GUFL,31.47,513.0,518.5,500.0,507.9,507.90,0.0,0.0,505.88,"1,258.00",510.00,"636,395.00",25,-2.1,18.5,-0.41,3.7,0.4,840.00,465.50,554.54,582.06
2020/02/16,44,GUFL,43.93,130.0,130.0,126.0,127.0,127.00,0.0,0.0,127.02,"4,486.00",128.00,"569,810.00",14,-1.0,4.0,-0.78,3.17,-0.02,147.00,98.00,,
2020/02/17,44,GUFL,63.84,129.0,135.0,128.0,131.0,131.00,0.0,0.0,130.05,"6,357.00",127.00,"826,755.00",26,4.0,7.0,3.15,5.47,0.72,147.00,98.00,,
2020/02/18,47,GUFL,65.54,131.0,133.0,130.0,130.0,130.00,0.0,0.0,131.32,"3,658.00",131.00,"480,364.00",8,-1.0,3.00,-0.76,2.31,-1.01,147.00,98.00,,
2020/02/19,45,GUFL,57.43,128.0,132.0,128.0,130.0,130.00,0.0,0.0,129.18,"2,401.00",130.00,"310,170.00",11,0.0,4.0,0.0,3.13,0.63,147.00,98.00,,
2020/02/20,45,GUFL,63.72,132.0,132.0,128.0,130.0,130.00,0.0,0.0,129.72,"3,559.00",130.00,"461,683.00",18,0.0,4.0,0.0,3.13,0.21,147.00,98.00,,
2020/02/23,45,GUFL,57.51,132.0,134.0,130.0,131.0,131.00,0.0,0.0,131.67,"4,280.00",130.00,"563,565.00",19,1.0,4.0,0.77,3.08,-0.51,147.00,98.00,,
2020/02/24,45,GUFL,68.77,133.0,137.0,130.0,132.0,132.00,0.0,0.0,134.45,"5,660.00",131.00,"760,960.00",23,1.0,7.0,0.76,5.38,-1.85,147.00,98.00,,
2020/02/25,45,GUFL,73.16,134.0,137.0,131.0,137.0,137.00,0.0,0.0,134.11,"24,658.00",132.00,"3,306,929.00",45,5.00,6.00,3.79,4.58,2.11,147.00,99.00,,
2020/02/26,46,GUFL,73.06,139.0,146.0,138.0,141.0,141.00,0.0,0.0,141.52,"28,619.00",137.00,"4,050,147.00",58,4.00,8.00,2.92,5.8,-0.37,147.00,101.00,,
2020/02/27,46,GUFL,66.93,141.0,142.0,137.0,141.0,141.00,0.0,0.0,139.48,"13,967.00",141.00,"1,948,056.00",34,0.00,5.00,0.0,3.65,1.08,147.00,102.00,,
2020/03/01,47,GUFL,71.88,142.0,147.0,141.0,142.0,142.00,0.0,0.0,144.05,"48,086.00",141.00,"6,926,863.00",77,1.00,6.0,0.71,4.26,-1.44,147.00,103.00,,
2020/03/02,45,GUFL,50.15,143.0,144.0,138.0,138.0,138.00,0.0,0.0,140.94,"5,432.00",142.00,"765,608.00",15,-4.0,6.00,-2.82,4.35,-2.13,147.00,103.00,,
2020/03/03,45,GUFL,53.29,136.0,139.0,128.0,138.0,138.00,0.0,0.0,133.23,"29,570.00",138.00,"3,939,653.00",52,0.0,11.00,0.0,8.59,3.46,147.00,103.00,,
2020/03/04,46,GUFL,47.77,136.0,136.0,128.0,130.0,130.00,0.0,0.0,131.07,"12,400.00",138.00,"1,625,260.00",35,-8.0,8.0,-5.8,6.25,-0.82,147.00,104.00,,
2020/01/21,44,GUFL,64.23,135.0,145.0,133.0,134.0,134.00,0.0,0.0,138.27,"15,442.00",135.00,"2,135,226.00",51,-1.0,12.0,-0.74,9.02,-3.19,147.00,98.00,,
2020/01/22,44,GUFL,61.99,134.0,142.0,133.0,135.0,135.00,0.0,0.0,139.40,"5,236.00",134.00,"729,892.00",22,1.0,9.0,0.75,6.77,-3.26,147.00,98.00,,
2020/01/23,43,GUFL,48.18,137.0,138.0,131.0,133.0,133.00,0.0,0.0,132.69,981.00,135.00,"130,165.00",11,-2.0,7.0,-1.48,5.34,0.24,147.00,98.00,,
2020/01/26,44,GUFL,50.76,133.0,135.0,131.0,131.0,131.00,0.0,0.0,132.39,"12,675.00",133.00,"1,678,089.00",21,-2.0,4.0,-1.5,3.05,-1.06,147.00,98.00,,
2020/01/27,44,GUFL,49.84,131.0,135.0,130.0,130.0,130.00,0.0,0.0,131.72,"2,884.00",131.00,"379,886.00",9,-1.0,5.0,-0.76,3.85,-1.32,147.00,98.00,,
2020/01/28,43,GUFL,41.47,132.0,134.0,130.0,130.0,130.00,0.0,0.0,130.41,"2,320.00",130.00,"302,560.00",9,0.0,4.0,0.0,3.08,-0.32,147.00,98.00,,
2020/01/29,44,GUFL,44.6,128.0,128.0,126.0,128.0,128.00,0.0,0.0,126.87,"4,199.00",130.00,"532,724.00",9,-2.0,2.0,-1.54,1.59,0.88,147.00,98.00,,
2020/01/30,43,GUFL,49.21,127.0,129.0,122.0,122.0,122.00,0.0,0.0,124.12,"23,236.00",128.00,"2,884,132.00",34,-6.0,7.0,-4.69,5.74,-1.74,147.00,98.00,,
2020/02/02,43,GUFL,47.67,124.0,132.0,124.0,128.0,128.00,0.0,0.0,128.75,"1,863.00",122.00,"239,864.00",15,6.0,8.0,4.92,6.45,-0.59,147.00,98.00,,
2020/02/03,44,GUFL,45.58,128.0,130.0,125.0,127.0,127.00,0.0,0.0,126.02,"4,375.00",128.00,"551,330.00",14,-1.0,5.0,-0.78,4.0,0.77,147.00,98.00,,
2020/02/04,44,GUFL,55.19,129.0,133.0,127.0,133.0,133.00,0.0,0.0,128.48,"9,626.00",127.00,"1,236,773.00",23,6.0,6.0,4.72,4.72,3.4,147.00,98.00,,
2020/02/05,43,GUFL,57.47,131.0,133.0,128.0,133.0,133.00,0.0,0.0,130.18,"3,233.00",133.00,"420,881.00",17,0.0,5.0,0.0,3.91,2.12,147.00,98.00,,
2020/02/06,44,GUFL,54.26,135.0,136.0,131.0,131.0,131.00,0.0,0.0,133.26,"9,185.00",133.00,"1,223,975.00",16,-2.0,5.0,-1.5,3.82,-1.72,147.00,98.00,,
2020/02/09,42,GUFL,52.14,133.0,133.0,127.0,129.0,129.00,0.0,0.0,128.23,"6,822.00",131.00,"874,814.00",24,-2.0,6.0,-1.53,4.72,0.59,147.00,98.00,,
2020/02/10,44,GUFL,40.95,130.0,133.0,130.0,131.0,131.00,0.0,0.0,130.92,559.00,129.00,"73,185.00",8,2.0,3.0,1.55,2.31,0.06,147.00,98.00,,
2020/02/11,44,GUFL,44.77,133.0,135.0,128.0,129.0,129.00,0.0,0.0,129.05,"4,335.00",131.00,"559,450.00",27,-2.0,7.0,-1.53,5.47,-0.04,147.00,98.00,,
2019/12/29,46,GUFL,50.79,111.0,113.0,111.0,113.0,113.00,0.0,0.0,111.87,23.00,111.00,"2,573.00",2,2.0,2.0,1.8,1.8,1.0,127.00,98.00,,
2019/12/30,45,GUFL,41.01,111.0,111.0,110.0,110.0,110.00,0.0,0.0,110.92,543.00,113.00,"60,230.00",2,-3.0,1.0,-2.65,0.91,-0.84,127.00,98.00,,
2019/12/31,43,GUFL,43.98,111.0,112.0,107.0,112.0,112.00,0.0,0.0,109.13,"2,531.00",110.00,"276,205.00",9,2.0,5.0,1.82,4.67,2.56,127.00,98.00,,
2020/01/01,45,GUFL,36.81,110.0,110.0,110.0,110.0,110.00,0.0,0.0,110.00,200.00,112.00,"22,000.00",3,-2.0,0.0,-1.79,0.0,0.0,127.00,98.00,,
2020/01/02,43,GUFL,37.61,110.0,110.0,109.0,109.0,109.00,0.0,0.0,109.88,340.00,110.00,"37,360.00",2,-1.0,1.0,-0.91,0.92,-0.81,127.00,98.00,,
2020/01/05,40,GUFL,57.48,111.0,111.0,110.0,110.0,110.00,0.0,0.0,110.41,"2,828.00",109.00,"312,229.00",9,1.0,1.0,0.92,0.91,-0.37,127.00,98.00,,
2020/01/06,44,GUFL,44.52,112.0,112.0,110.0,110.0,110.00,0.0,0.0,110.42,"1,900.00",110.00,"209,800.00",6,0.0,2.0,0.0,1.82,-0.38,127.00,98.00,,
2020/01/07,44,GUFL,62.79,112.0,114.0,112.0,114.0,114.00,0.0,0.0,112.95,"1,917.00",110.00,"216,532.00",10,4.0,2.0,3.64,1.79,0.92,127.00,98.00,,
2020/01/08,43,GUFL,55.23,119.0,119.0,117.0,117.0,117.00,0.0,0.0,117.40,250.00,114.00,"29,350.00",3,3.0,2.0,2.63,1.71,-0.34,127.00,98.00,,
2020/01/09,43,GUFL,55.52,115.0,116.0,115.0,116.0,116.00,0.0,0.0,115.20,176.00,117.00,"20,276.00",3,-1.0,1.0,-0.85,0.87,0.69,127.00,98.00,,
2020/01/12,44,GUFL,67.6,118.0,122.0,114.0,122.0,122.00,0.0,0.0,118.94,"6,392.00",116.00,"760,264.00",20,6.0,8.0,5.17,7.02,2.51,127.00,98.00,,
2020/01/13,45,GUFL,68.94,121.0,125.0,118.0,119.0,119.00,0.0,0.0,121.36,"13,824.00",122.00,"1,677,647.00",41,-3.0,7.0,-2.46,5.93,-1.98,127.00,98.00,,
2020/01/14,46,GUFL,60.6,124.0,124.0,120.0,121.0,121.00,0.0,0.0,121.42,"7,132.00",119.00,"866,003.00",19,2.0,4.0,1.68,3.33,-0.35,127.00,98.00,,
2020/01/15,45,GUFL,52.79,123.0,127.0,120.0,124.0,124.00,0.0,0.0,124.21,"4,563.00",121.00,"566,791.00",18,3.0,7.0,2.48,5.83,-0.17,127.00,98.00,,
2020/01/16,45,GUFL,61.14,126.0,130.0,122.0,122.0,122.00,0.0,0.0,127.24,"17,314.00",124.00,"2,202,986.00",44,-2.0,8.0,-1.61,6.56,-4.29,130.00,98.00,,
2020/01/19,44,GUFL,60.61,124.0,134.0,124.0,134.0,134.00,0.0,0.0,130.45,"47,880.00",122.00,"6,245,984.00",72,12.0,10.0,9.84,8.06,2.65,134.00,98.00,,
2019/12/04,44,GUFL,26.14,108.0,108.0,108.0,108.0,108.00,0.0,0.0,108.00,200.00,108.00,"21,600.00",1,0.0,0.0,0.0,0.0,0.0,127.00,98.00,,
2019/12/05,41,GUFL,34.96,110.0,112.0,108.0,112.0,112.00,0.0,0.0,108.64,825.00,108.00,"89,627.00",8,4.0,4.0,3.7,3.7,3.0,127.00,98.00,,
2019/12/08,42,GUFL,39.96,111.0,111.0,111.0,111.0,111.00,0.0,0.0,111.00,100.00,112.00,"11,100.00",1,-1.0,0.0,-0.89,0.0,0.0,127.00,98.00,,
2019/12/09,43,GUFL,49.58,110.0,116.0,110.0,116.0,116.00,0.0,0.0,112.07,847.00,111.00,"94,924.00",7,5.0,6.0,4.5,5.45,3.39,127.00,98.00,,
2019/12/10,41,GUFL,50.93,118.0,118.0,118.0,118.0,118.00,0.0,0.0,118.00,30.00,116.00,"3,540.00",1,2.0,0.0,1.72,0.0,0.0,127.00,98.00,,
2019/12/11,43,GUFL,51.2,119.0,120.0,117.0,117.0,117.00,0.0,0.0,118.19,160.00,118.00,"18,911.00",4,-1.0,3.0,-0.85,2.56,-1.02,127.00,98.00,,
2019/12/12,43,GUFL,44.09,115.0,115.0,115.0,115.0,115.00,0.0,0.0,115.00,20.00,117.00,"2,300.00",2,-2.0,0.0,-1.71,0.0,0.0,127.00,98.00,,
2019/12/15,42,GUFL,32.06,113.0,114.0,113.0,113.0,113.00,0.0,0.0,113.09,330.00,115.00,"37,320.00",4,-2.0,1.0,-1.74,0.88,-0.08,127.00,98.00,,
2019/12/16,42,GUFL,41.74,111.0,111.0,110.0,110.0,110.00,0.0,0.0,110.02,510.00,113.00,"56,110.00",3,-3.0,1.0,-2.65,0.91,-0.02,127.00,98.00,,
2019/12/17,41,GUFL,34.12,108.0,110.0,108.0,110.0,110.00,0.0,0.0,109.53,504.00,110.00,"55,204.00",4,0.0,2.0,0.0,1.85,0.43,127.00,98.00,,
2019/12/18,42,GUFL,28.11,108.0,108.0,108.0,108.0,108.00,0.0,0.0,108.00,100.00,110.00,"10,800.00",1,-2.0,0.0,-1.82,0.0,0.0,127.00,98.00,,
2019/12/19,43,GUFL,27.17,109.0,109.0,109.0,109.0,109.00,0.0,0.0,109.00,12.00,108.00,"1,308.00",1,1.0,0.0,0.93,0.0,0.0,127.00,98.00,,
2019/12/22,39,GUFL,42.26,107.0,109.0,107.0,109.0,109.00,0.0,0.0,108.83,448.00,109.00,"48,756.00",3,0.0,2.0,0.0,1.87,0.16,127.00,98.00,,
2019/12/24,43,GUFL,54.01,108.0,115.0,108.0,115.0,115.00,0.0,0.0,110.05,"2,050.00",109.00,"225,605.00",6,6.0,7.0,5.5,6.48,4.3,127.00,98.00,,
2019/12/25,43,GUFL,49.55,113.0,113.0,111.0,113.0,113.00,0.0,0.0,111.90,133.00,115.00,"14,883.00",4,-2.0,2.0,-1.74,1.8,0.97,127.00,98.00,,
2019/11/11,43,GUFL,40.69,111.0,111.0,111.0,111.0,111.00,0.0,0.0,111.00,50.00,113.00,"5,550.00",1,-2.0,0.0,-1.77,0.0,0.0,127.00,98.00,,
2019/11/12,41,GUFL,37.63,109.0,109.0,109.0,109.0,109.00,0.0,0.0,109.00,236.00,111.00,"25,724.00",1,-2.0,0.0,-1.8,0.0,0.0,127.00,98.00,,
2019/11/13,35,GUFL,46.65,111.0,113.0,110.0,113.0,113.00,0.0,0.0,111.46,568.00,109.00,"63,311.00",6,4.0,3.0,3.67,2.73,1.36,127.00,98.00,,
2019/11/14,41,GUFL,47.63,115.0,116.0,110.0,114.0,114.00,0.0,0.0,111.97,"3,110.00",113.00,"348,222.00",9,1.0,6.0,0.88,5.45,1.78,127.00,98.00,,
2019/11/17,38,GUFL,39.18,112.0,112.0,110.0,110.0,110.00,0.0,0.0,111.57,"1,277.00",114.00,"142,470.00",5,-4.0,2.0,-3.51,1.82,-1.42,127.00,98.00,,
2019/11/18,41,GUFL,55.59,110.0,112.0,110.0,112.0,112.00,0.0,0.0,111.19,840.00,110.00,"93,400.00",5,2.0,2.0,1.82,1.82,0.72,127.00,98.00,,
2019/11/19,43,GUFL,41.89,112.0,112.0,112.0,112.0,112.00,0.0,0.0,112.00,315.00,112.00,"35,280.00",1,0.0,0.0,0.0,0.0,0.0,127.00,98.00,,
2019/11/20,75,GUFL,31.47,513.0,518.5,500.0,507.9,507.90,0.0,0.0,505.88,"1,258.00",510.00,"636,395.00",25,-2.1,18.5,-0.41,3.7,0.4,840.00,465.50,554.54,582.06
2019/11/21,42,GUFL,56.36,109.0,111.0,109.0,111.0,111.00,0.0,0.0,110.92,"3,709.00",110.00,"411,413.00",2,1.0,2.0,0.91,1.83,0.07,127.00,98.00,,
2019/11/24,41,GUFL,36.99,109.0,109.0,105.0,105.0,105.00,0.0,0.0,105.76,"1,441.00",111.00,"152,405.00",8,-6.0,4.0,-5.41,3.81,-0.73,127.00,98.00,,
2019/11/25,42,GUFL,36.87,104.0,106.0,104.0,106.0,106.00,0.0,0.0,104.66,"1,205.00",105.00,"126,120.00",7,1.0,2.0,0.95,1.92,1.26,127.00,98.00,,
2019/11/27,42,GUFL,51.18,105.0,116.0,105.0,116.0,116.00,0.0,0.0,107.76,542.00,106.00,"58,405.00",9,10.0,11.0,9.43,10.48,7.1,127.00,98.00,,
2019/11/28,40,GUFL,42.55,114.0,114.0,112.0,112.0,112.00,0.0,0.0,113.01,"1,990.00",116.00,"224,880.00",4,-4.0,2.0,-3.45,1.79,-0.9,127.00,98.00,,
2019/12/01,39,GUFL,39.82,112.0,112.0,112.0,112.0,112.00,0.0,0.0,112.00,20.00,112.00,"2,240.00",1,0.0,0.0,0.0,0.0,0.0,127.00,98.00,,
2019/12/02,39,GUFL,39.21,110.0,110.0,110.0,110.0,110.00,0.0,0.0,110.00,93.00,112.00,"10,230.00",1,-2.0,0.0,-1.79,0.0,0.0,127.00,98.00,,
2019/10/14,41,GUFL,46.17,111.0,111.0,109.0,109.0,109.00,0.0,0.0,109.25,"1,800.00",112.00,"196,650.00",8,-3.0,2.0,-2.68,1.83,-0.23,127.00,98.00,,
2019/10/16,37,GUFL,47.98,110.0,110.0,110.0,110.0,110.00,0.0,0.0,110.00,510.00,109.00,"56,100.00",2,1.0,0.0,0.92,0.0,0.0,127.00,98.00,,
2019/10/17,38,GUFL,39.13,109.0,109.0,108.0,109.0,109.00,0.0,0.0,108.94,299.00,110.00,"32,573.00",5,-1.0,1.0,-0.91,0.93,0.06,127.00,98.00,,
2019/10/20,33,GUFL,37.75,108.0,110.0,108.0,110.0,110.00,0.0,0.0,108.92,783.00,109.00,"85,284.00",9,1.0,2.0,0.92,1.85,0.98,127.00,98.00,,
2019/10/21,39,GUFL,38.78,109.0,109.0,109.0,109.0,109.00,0.0,0.0,109.00,150.00,110.00,"16,350.00",3,-1.0,0.0,-0.91,0.0,0.0,127.00,98.00,,
2019/10/22,42,GUFL,42.15,109.0,110.0,109.0,109.0,109.00,0.0,0.0,109.05,"2,055.00",109.00,"224,095.00",5,0.0,1.0,0.0,0.92,-0.04,127.00,98.00,,
2019/10/24,40,GUFL,49.75,111.0,115.0,111.0,113.0,113.00,0.0,0.0,113.98,630.00,109.00,"71,810.00",8,4.0,4.0,3.67,3.6,-0.87,127.00,98.00,,
2019/11/03,42,GUFL,44.81,115.0,115.0,115.0,115.0,115.00,0.0,0.0,115.00,20.00,113.00,"2,300.00",1,2.0,0.0,1.77,0.0,0.0,127.00,98.00,,
2019/11/04,43,GUFL,46.99,115.0,115.0,110.0,110.0,110.00,0.0,0.0,111.86,177.00,115.00,"19,800.00",4,-5.0,5.0,-4.35,4.55,-1.69,127.00,98.00,,
2019/11/05,41,GUFL,45.79,110.0,110.0,110.0,110.0,110.00,0.0,0.0,110.00,100.00,110.00,"11,000.00",1,0.0,0.0,0.0,0.0,0.0,127.00,98.00,,
2019/11/06,40,GUFL,35.55,110.0,111.0,110.0,111.0,111.00,0.0,0.0,110.85,"1,173.00",110.00,"130,030.00",4,1.0,1.0,0.91,0.91,0.13,127.00,98.00,,
2019/11/07,38,GUFL,35.54,110.0,110.0,110.0,110.0,110.00,0.0,0.0,110.00,91.00,111.00,"10,010.00",2,-1.0,0.0,-0.9,0.0,0.0,127.00,98.00,,
2019/09/12,45,GUFL,34.6,112.0,112.0,112.0,112.0,112.00,0.0,0.0,112.00,"2,152.00",112.00,"241,024.00",7,0.0,0.0,0.0,0.0,0.0,127.00,98.00,,
2019/09/16,45,GUFL,32.66,111.0,111.0,110.0,110.0,110.00,0.0,0.0,110.51,"2,432.00",112.00,"268,770.00",5,-2.0,1.0,-1.79,0.91,-0.47,127.00,98.00,,
2019/09/17,44,GUFL,38.16,112.0,114.0,112.0,114.0,114.00,0.0,0.0,113.77,"1,175.00",110.00,"133,675.00",5,4.0,2.0,3.64,1.79,0.21,127.00,98.00,,
2019/09/18,45,GUFL,46.55,115.0,115.0,114.0,115.0,115.00,0.0,0.0,114.78,447.00,114.00,"51,308.00",3,1.0,1.0,0.88,0.88,0.19,127.00,98.00,,
2019/09/19,40,GUFL,46.7,113.0,114.0,112.0,112.0,112.00,0.0,0.0,112.89,"2,250.00",115.00,"254,000.00",4,-3.0,2.0,-2.61,1.79,-0.79,127.00,98.00,,
2019/09/22,43,GUFL,37.55,110.0,110.0,110.0,110.0,110.00,0.0,0.0,110.05,607.00,112.00,"66,798.00",3,-2.0,0.0,-1.79,0.0,-0.04,127.00,98.00,,
2019/09/23,44,GUFL,39.12,109.0,111.0,109.0,111.0,111.00,0.0,0.0,110.15,"5,881.00",110.00,"647,784.00",14,1.0,2.0,0.91,1.83,0.77,127.00,98.00,,
2019/09/24,45,GUFL,30.99,109.0,109.0,107.0,107.0,107.00,0.0,0.0,108.88,531.00,111.00,"57,817.00",2,-4.0,2.0,-3.6,1.87,-1.76,127.00,98.00,,
2019/09/26,42,GUFL,44.93,109.0,114.0,109.0,114.0,114.00,0.0,0.0,112.18,55.00,107.00,"6,170.00",4,7.0,5.0,6.54,4.59,1.59,127.00,98.00,,
2019/09/29,40,GUFL,37.95,112.0,112.0,107.0,107.0,107.00,0.0,0.0,108.36,"1,429.00",114.00,"154,853.00",7,-7.0,5.0,-6.14,4.67,-1.28,127.00,98.00,,
2019/09/30,39,GUFL,39.61,107.0,109.0,107.0,109.0,109.00,0.0,0.0,107.15,972.00,107.00,"104,148.00",5,2.0,2.0,1.87,1.87,1.7,127.00,98.00,,
2019/10/01,38,GUFL,40.06,108.0,108.0,108.0,108.0,108.00,0.0,0.0,108.00,100.00,109.00,"10,800.00",1,-1.0,0.0,-0.92,0.0,0.0,127.00,98.00,,
2019/10/02,39,GUFL,26.01,110.0,110.0,110.0,110.0,110.00,0.0,0.0,110.00,20.00,108.00,"2,200.00",1,2.0,0.0,1.85,0.0,0.0,127.00,98.00,,
2019/10/03,40,GUFL,41.43,112.0,112.0,112.0,112.0,112.00,0.0,0.0,112.00,38.00,110.00,"4,256.00",2,2.00,0.00,1.82,0.0,0.0,127.00,98.00,,
2019/11/10,40,GUFL,51.68,115.0,115.0,113.0,113.0,113.00,0.0,0.0,114.99,"1,510.00",110.00,"173,630.00",2,3.0,2.0,2.73,1.77,-1.76,127.00,98.00,,
2019/12/03,44,GUFL,24.21,110.0,110.0,108.0,108.0,108.00,0.0,0.0,108.12,165.00,110.00,"17,840.00",3,-2.0,2.0,-1.82,1.85,-0.11,127.00,98.00,,
2019/12/26,41,GUFL,55.84,112.0,112.0,111.0,111.0,111.00,0.0,0.0,111.81,614.00,113.00,"68,654.00",4,-2.00,1.0,-1.77,0.9,-0.73,127.00,98.00,,
2020/01/20,45,GUFL,66.22,134.0,147.0,129.0,135.0,135.00,0.0,0.0,133.97,"33,416.00",134.00,"4,476,577.00",58,1.0,18.0,0.75,13.95,0.77,147.00,98.00,,
2020/02/12,44,GUFL,44.78,131.0,133.0,129.0,130.0,130.00,0.0,0.0,130.29,"4,004.00",129.00,"521,677.00",21,1.0,4.0,0.78,3.1,-0.22,147.00,98.00,,
2020/03/05,47,GUFL,48.56,129.0,135.0,126.0,130.0,130.00,0.0,0.0,130.38,"15,507.00",130.00,"2,021,880.00",28,0.0,9.0,0.0,7.14,-0.3,147.00,104.00,,
2020/07/05,45,GUFL,42.1,109.0,110.0,108.0,109.0,109.00,0.0,0.0,108.36,570.00,109.00,"61,768.00",9,0.0,2.0,0.0,1.85,0.58,147.00,104.00,,
2020/07/28,44,GUFL,47.13,117.0,121.0,115.0,121.0,121.00,0.0,0.0,115.84,"5,652.00",118.00,"654,715.00",32,3.0,6.0,2.54,5.22,4.27,147.00,104.00,,
2020/08/23,48,GUFL,57.67,118.0,122.0,117.0,122.0,122.00,0.0,0.0,118.96,"6,330.00",117.00,"753,005.00",20,5.0,5.0,4.27,4.27,2.49,147.00,104.00,,
2020/09/16,49,GUFL,51.17,122.0,125.0,122.0,125.0,125.00,0.0,0.0,123.66,"5,207.00",124.00,"643,911.00",17,1.0,3.0,0.81,2.46,1.07,147.00,104.00,,
2020/10/11,49,GUFL,59.74,171.0,174.0,159.0,165.0,165.00,0.0,0.0,164.95,"33,788.00",163.00,"5,573,437.00",160,2.0,15.0,1.23,9.43,0.03,174.00,104.00,,
2020/11/05,49,GUFL,70.45,158.0,170.0,156.0,170.0,170.00,0.0,0.0,163.79,"110,834.00",155.00,"18,153,455.00",296,15.0,14.0,9.68,8.97,3.65,174.00,104.00,,
2020/12/03,51,GUFL,50.31,210.0,210.0,197.0,199.0,199.00,0.0,0.0,200.22,"13,717.00",200.00,"2,746,392.00",68,-1.0,13.00,-0.5,6.6,-0.61,225.00,105.00,,
2020/12/27,49,GUFL,58.25,198.0,198.0,190.0,193.0,193.00,0.0,0.0,192.68,"6,551.00",196.00,"1,262,249.00",33,-3.0,8.0,-1.53,4.21,0.17,225.00,105.00,,
2021/01/20,51,GUFL,65.0,369.0,376.0,342.0,375.0,375.00,0.0,0.0,361.91,"71,370.00",352.00,"25,829,303.00",341,23.0,34.0,6.53,9.94,3.49,376.00,105.00,,
2019/08/20,42,GUFL,39.36,119.0,119.0,119.0,119.0,119.00,0.0,0.0,119.00,"4,000.00",118.00,"476,000.00",1,1.0,0.0,0.85,0.0,0.0,127.00,98.00,,
2019/08/22,44,GUFL,52.44,121.0,123.0,118.0,120.0,120.00,0.0,0.0,120.26,"8,778.00",119.00,"1,055,680.00",20,1.0,5.0,0.84,4.24,-0.22,127.00,98.00,,
2019/08/25,75,GUFL,31.47,513.0,518.5,500.0,507.9,507.90,0.0,0.0,505.88,"1,258.00",510.00,"636,395.00",25,-2.1,18.5,-0.41,3.7,0.4,840.00,465.50,554.54,582.06
2019/08/26,41,GUFL,44.02,118.0,118.0,118.0,118.0,118.00,0.0,0.0,118.00,801.00,120.00,"94,518.00",2,-2.0,0.0,-1.67,0.0,0.0,127.00,98.00,,
2019/08/27,43,GUFL,41.89,119.0,120.0,118.0,118.0,118.00,0.0,0.0,118.65,"2,150.00",118.00,"255,100.00",5,0.0,2.0,0.0,1.69,-0.55,127.00,98.00,,
2019/08/28,44,GUFL,34.9,116.0,117.0,116.0,117.0,117.00,0.0,0.0,116.94,"4,265.00",118.00,"498,755.00",5,-1.0,1.0,-0.85,0.86,0.05,127.00,98.00,,
2019/08/29,45,GUFL,26.83,117.0,117.0,117.0,117.0,117.00,0.0,0.0,117.00,10.00,117.00,"1,170.00",1,0.0,0.0,0.0,0.0,0.0,127.00,98.00,,
2019/09/01,46,GUFL,45.66,119.0,119.0,118.0,118.0,118.00,0.0,0.0,118.62,"2,600.00",117.00,"308,400.00",5,1.0,1.0,0.85,0.85,-0.52,127.00,98.00,,
2019/09/02,47,GUFL,38.05,118.0,118.0,118.0,118.0,118.00,0.0,0.0,118.00,10.00,118.00,"1,180.00",1,0.0,0.0,0.0,0.0,0.0,127.00,98.00,,
2019/09/03,46,GUFL,50.7,116.0,118.0,116.0,118.0,118.00,0.0,0.0,116.13,"1,600.00",118.00,"185,800.00",2,0.0,2.0,0.0,1.72,1.59,127.00,98.00,,
2019/09/04,43,GUFL,42.15,117.0,117.0,117.0,117.0,117.00,0.0,0.0,117.00,604.00,118.00,"70,668.00",3,-1.0,0.0,-0.85,0.0,0.0,127.00,98.00,,
2019/09/05,45,GUFL,37.96,117.0,117.0,115.0,116.0,116.00,0.0,0.0,115.09,"3,230.00",117.00,"371,730.00",7,-1.0,2.0,-0.85,1.74,0.79,127.00,98.00,,
2019/09/09,48,GUFL,32.57,118.0,118.0,116.0,116.0,116.00,0.0,0.0,116.93,700.00,116.00,"81,850.00",4,0.0,2.0,0.0,1.72,-0.8,127.00,98.00,,
2019/07/28,43,GUFL,51.37,120.0,123.0,120.0,123.0,123.00,0.0,0.0,121.24,"6,695.00",122.00,"811,696.00",15,1.0,3.0,0.82,2.5,1.43,127.00,98.00,,
2019/07/29,42,GUFL,41.49,121.0,121.0,120.0,120.0,120.00,0.0,0.0,120.54,"7,440.00",123.00,"896,818.00",13,-3.0,1.0,-2.44,0.83,-0.45,127.00,98.00,,
2019/07/30,46,GUFL,40.03,120.0,126.0,120.0,121.0,121.00,0.0,0.0,122.24,"3,483.00",120.00,"425,763.00",13,1.0,6.0,0.83,5.0,-1.03,127.00,98.00,,
2019/07/31,45,GUFL,43.36,123.0,123.0,121.0,122.0,122.00,0.0,0.0,122.19,"1,006.00",121.00,"122,924.00",4,1.0,2.0,0.83,1.65,-0.16,127.00,98.00,,
2019/08/01,44,GUFL,47.8,122.0,125.0,122.0,124.0,124.00,0.0,0.0,123.57,"4,189.00",122.00,"517,647.00",12,2.0,3.0,1.64,2.46,0.34,127.00,98.00,,
2019/08/04,43,GUFL,46.93,125.0,125.0,122.0,122.0,122.00,0.0,0.0,122.57,"1,822.00",124.00,"223,318.00",11,-2.0,3.0,-1.61,2.46,-0.47,127.00,98.00,,
2019/08/05,44,GUFL,41.47,120.0,120.0,120.0,120.0,120.00,0.0,0.0,120.00,"1,500.00",122.00,"180,000.00",2,-2.0,0.0,-1.64,0.0,0.0,127.00,98.00,,
2019/08/06,46,GUFL,37.48,120.0,120.0,120.0,120.0,120.00,0.0,0.0,120.00,"3,500.00",120.00,"420,000.00",2,0.0,0.0,0.0,0.0,0.0,127.00,98.00,,
2019/08/07,46,GUFL,47.72,118.0,121.0,118.0,121.0,121.00,0.0,0.0,119.12,"3,627.00",120.00,"432,056.00",6,1.0,3.0,0.83,2.54,1.55,127.00,98.00,,
2019/08/08,45,GUFL,39.75,119.0,120.0,119.0,120.0,120.00,0.0,0.0,119.29,161.00,121.00,"19,206.00",4,-1.0,1.0,-0.83,0.84,0.59,127.00,98.00,,
2019/08/11,42,GUFL,33.68,120.0,120.0,118.0,120.0,120.00,0.0,0.0,119.35,40.00,120.00,"4,774.00",3,0.0,2.0,0.0,1.69,0.54,127.00,98.00,,
2019/08/12,46,GUFL,48.23,120.0,120.0,118.0,120.0,120.00,0.0,0.0,119.39,"11,678.00",120.00,"1,394,280.00",8,0.0,2.0,0.0,1.69,0.51,127.00,98.00,,
2019/08/13,42,GUFL,38.84,120.0,120.0,119.0,120.0,120.00,0.0,0.0,119.69,"6,535.00",120.00,"782,165.00",8,0.0,1.0,0.0,0.84,0.26,127.00,98.00,,
2019/08/14,46,GUFL,31.75,118.0,119.0,118.0,119.0,119.00,0.0,0.0,118.85,"1,170.00",120.00,"139,060.00",5,-1.0,1.0,-0.83,0.85,0.12,127.00,98.00,,
2019/08/18,41,GUFL,37.91,120.0,120.0,119.0,119.0,119.00,0.0,0.0,119.06,783.00,119.00,"93,227.00",5,0.0,1.0,0.0,0.84,-0.05,127.00,98.00,,
2019/07/03,43,GUFL,33.4,120.0,120.0,119.0,119.0,119.00,0.0,0.0,119.92,"1,531.00",119.00,"183,590.00",3,0.0,1.0,0.0,0.84,-0.77,127.00,98.00,,
2019/07/04,44,GUFL,43.26,120.0,122.0,119.0,119.0,119.00,0.0,0.0,119.65,"3,428.00",119.00,"410,164.00",11,0.0,3.0,0.0,2.52,-0.55,127.00,98.00,,
2019/07/07,44,GUFL,45.04,118.0,118.0,118.0,118.0,118.00,0.0,0.0,118.00,91.00,119.00,"10,738.00",2,-1.0,0.0,-0.84,0.0,0.0,127.00,98.00,,
2019/07/08,43,GUFL,50.45,120.0,120.0,119.0,120.0,120.00,0.0,0.0,119.74,"2,727.00",118.00,"326,533.00",6,2.0,1.0,1.69,0.84,0.22,127.00,98.00,,
2019/07/09,45,GUFL,48.93,120.0,121.0,119.0,119.0,119.00,0.0,0.0,120.48,"2,682.00",120.00,"323,122.00",6,-1.0,2.0,-0.83,1.68,-1.24,127.00,98.00,,
2019/07/10,45,GUFL,44.52,121.0,121.0,120.0,121.0,121.00,0.0,0.0,120.29,"2,171.00",119.00,"261,149.00",9,2.0,1.0,1.68,0.83,0.59,127.00,98.00,,
2019/07/11,43,GUFL,53.78,121.0,121.0,120.0,120.0,120.00,0.0,0.0,120.18,"3,892.00",121.00,"467,726.00",5,-1.0,1.0,-0.83,0.83,-0.15,127.00,98.00,,
2019/07/14,42,GUFL,30.93,118.0,120.0,118.0,118.0,118.00,0.0,0.0,118.91,872.00,120.00,"103,690.00",5,-2.0,2.0,-1.67,1.69,-0.77,127.00,98.00,,
2019/07/15,43,GUFL,54.6,117.0,120.0,117.0,120.0,120.00,0.0,0.0,119.75,"3,803.00",118.00,"455,421.00",6,2.0,3.0,1.69,2.56,0.21,127.00,98.00,,
2019/07/16,43,GUFL,36.02,126.0,126.0,121.0,121.0,121.00,0.0,0.0,122.10,410.00,120.00,"50,060.00",4,1.0,5.0,0.83,4.13,-0.91,127.00,98.00,,
2019/07/17,43,GUFL,37.71,122.0,122.0,120.0,120.0,120.00,0.0,0.0,120.03,"1,020.00",121.00,"122,430.00",3,-1.0,2.0,-0.83,1.67,-0.02,127.00,98.00,,
2019/07/18,41,GUFL,55.28,122.0,122.0,122.0,122.0,122.00,0.0,0.0,122.00,"4,743.00",120.00,"578,646.00",4,2.0,0.0,1.67,0.0,0.0,127.00,98.00,,
2019/07/21,43,GUFL,47.96,121.0,123.0,118.0,123.0,123.00,0.0,0.0,121.05,"2,040.00",122.00,"246,933.00",10,1.0,5.0,0.82,4.24,1.59,127.00,98.00,,
2019/07/22,44,GUFL,38.43,123.0,123.0,121.0,121.0,121.00,0.0,0.0,121.57,920.00,123.00,"111,840.00",3,-2.0,2.0,-1.63,1.65,-0.47,127.00,98.00,,
2019/07/23,43,GUFL,60.4,122.0,125.0,121.0,125.0,125.00,0.0,0.0,123.05,"7,819.00",121.00,"962,135.00",15,4.0,4.0,3.31,3.31,1.56,127.00,98.00,,
2019/07/24,44,GUFL,50.99,123.0,124.0,122.0,122.0,122.00,0.0,0.0,122.41,"7,983.00",125.00,"977,214.00",10,-3.0,2.0,-2.4,1.64,-0.34,127.00,98.00,,
2019/06/10,45,GUFL,-,122.0,127.0,116.0,122.0,122.00,0.0,0.0,121.71,"4,275.00",122.00,"520,320.00",21,0.0,11.0,0.0,9.48,0.24,127.00,98.00,,
2019/06/11,45,GUFL,-,124.0,124.0,120.0,120.0,120.00,0.0,0.0,120.59,410.00,122.00,"49,440.00",4,-2.0,4.0,-1.64,3.33,-0.49,127.00,98.00,,
2019/06/12,44,GUFL,-,118.0,121.0,116.0,121.0,121.00,0.0,0.0,118.13,"3,630.00",120.00,"428,800.00",13,1.0,5.0,0.83,4.31,2.37,127.00,98.00,,
2019/06/13,44,GUFL,-,121.0,121.0,118.0,118.0,118.00,0.0,0.0,118.20,"1,898.00",121.00,"224,349.00",11,-3.0,3.0,-2.48,2.54,-0.17,127.00,98.00,,
2019/06/16,47,GUFL,-,117.0,118.0,116.0,117.0,117.00,0.0,0.0,117.13,"1,357.00",118.00,"158,942.00",6,-1.0,2.0,-0.85,1.72,-0.11,127.00,98.00,,
2019/06/17,44,GUFL,-,117.0,123.0,117.0,123.0,123.00,0.0,0.0,119.69,"21,118.00",117.00,"2,527,699.00",29,6.0,6.0,5.13,5.13,2.69,127.00,98.00,,
2019/06/18,46,GUFL,-,121.0,121.0,119.0,120.0,120.00,0.0,0.0,119.55,"3,369.00",123.00,"402,776.00",14,-3.0,2.0,-2.44,1.68,0.37,127.00,98.00,,
2019/06/19,42,GUFL,41.82,119.0,122.0,118.0,119.0,119.00,0.0,0.0,119.41,"4,866.00",120.00,"581,040.00",8,-1.0,4.0,-0.83,3.39,-0.34,127.00,98.00,,
2019/06/20,45,GUFL,41.69,119.0,120.0,118.0,118.0,118.00,0.0,0.0,118.02,"10,221.00",119.00,"1,206,320.00",10,-1.0,2.0,-0.84,1.69,-0.02,127.00,98.00,,
2019/06/23,46,GUFL,30.78,118.0,118.0,116.0,117.0,117.00,0.0,0.0,117.19,"3,002.00",118.00,"351,801.00",10,-1.0,2.0,-0.85,1.72,-0.16,127.00,98.00,,
2019/06/24,45,GUFL,34.36,117.0,119.0,116.0,119.0,119.00,0.0,0.0,118.75,"5,323.00",117.00,"632,124.00",13,2.0,3.0,1.71,2.59,0.21,127.00,98.00,,
2019/06/25,42,GUFL,33.91,118.0,120.0,118.0,119.0,119.00,0.0,0.0,119.75,"1,805.00",119.00,"216,156.00",7,0.0,2.0,0.0,1.69,-0.63,127.00,98.00,,
2019/06/26,44,GUFL,47.95,119.0,121.0,119.0,120.0,120.00,0.0,0.0,120.40,"3,261.00",119.00,"392,635.00",13,1.0,2.0,0.84,1.68,-0.34,127.00,98.00,,
2019/06/27,44,GUFL,54.11,120.0,122.0,120.0,121.0,121.00,0.0,0.0,120.59,"6,543.00",120.00,"789,020.00",18,1.0,2.0,0.83,1.67,0.34,127.00,98.00,,
2019/06/30,44,GUFL,36.61,119.0,119.0,117.0,118.0,118.00,0.0,0.0,118.96,"1,139.00",121.00,"135,492.00",4,-3.0,2.0,-2.48,1.71,-0.81,127.00,98.00,,
2019/07/01,44,GUFL,33.36,116.0,117.0,114.0,116.0,116.00,0.0,0.0,116.03,"3,495.00",118.00,"405,517.00",11,-2.0,3.0,-1.69,2.63,-0.02,127.00,98.00,,
2019/05/14,45,GUFL,-,111.0,112.0,107.0,107.0,107.00,0.0,0.0,108.22,"26,120.00",109.00,"2,826,751.00",25,-2.00,5.0,-1.83,4.67,-1.14,122.00,98.00,,
2019/05/15,45,GUFL,-,109.0,110.0,107.0,107.0,107.00,0.0,0.0,108.78,"15,244.00",107.00,"1,658,258.00",12,0.0,3.00,0.0,2.8,-1.66,118.00,98.00,,
2019/05/16,45,GUFL,-,109.0,112.0,108.0,110.0,110.00,0.0,0.0,109.86,"7,540.00",107.00,"828,320.00",18,3.0,4.00,2.8,3.7,0.13,118.00,98.00,,
2019/05/19,48,GUFL,-,108.0,112.0,108.0,108.0,108.00,0.0,0.0,111.05,"6,930.00",110.00,"769,578.00",18,-2.0,4.0,-1.82,3.7,-2.82,118.00,98.00,,
2019/05/20,43,GUFL,-,107.0,113.0,106.0,111.0,111.00,0.0,0.0,108.69,"44,799.00",108.00,"4,869,037.00",40,3.0,7.0,2.78,6.6,2.08,118.00,98.00,,
2019/05/21,46,GUFL,-,110.0,116.0,110.0,115.0,115.00,0.0,0.0,114.01,"34,882.00",111.00,"3,976,921.00",56,4.0,6.0,3.6,5.45,0.86,118.00,98.00,,
2019/05/22,44,GUFL,-,113.0,122.0,111.0,119.0,119.00,0.0,0.0,115.21,"40,436.00",115.00,"4,658,476.00",61,4.0,11.0,3.48,9.91,3.19,122.00,98.00,,
2019/05/23,44,GUFL,-,119.0,119.0,114.0,117.0,117.00,0.0,0.0,116.42,"7,404.00",119.00,"861,950.00",25,-2.0,5.0,-1.68,4.39,0.5,122.00,98.00,,
2019/05/26,43,GUFL,-,116.0,116.0,111.0,111.0,111.00,0.0,0.0,113.41,220.00,117.00,"24,950.00",6,-6.0,5.0,-5.13,4.5,-2.17,122.00,98.00,,
2019/05/27,46,GUFL,-,110.0,119.0,110.0,119.0,119.00,0.0,0.0,112.47,"28,406.00",111.00,"3,194,772.00",35,8.0,9.0,7.21,8.18,5.49,122.00,98.00,,
2019/05/28,44,GUFL,-,117.0,119.0,117.0,117.0,117.00,0.0,0.0,118.15,"6,772.00",119.00,"800,144.00",13,-2.0,2.0,-1.68,1.71,-0.99,122.00,98.00,,
2019/05/29,46,GUFL,-,118.0,120.0,118.0,118.0,118.00,0.0,0.0,118.27,"23,952.00",117.00,"2,832,832.00",29,1.0,2.0,0.85,1.69,-0.23,122.00,98.00,,
2019/05/30,45,GUFL,-,120.0,126.0,118.0,118.0,118.00,0.0,0.0,121.04,"42,238.00",118.00,"5,112,441.00",59,0.0,8.0,0.0,6.78,-2.58,126.00,98.00,,
2019/06/02,75,GUFL,31.47,513.0,518.5,500.0,507.9,507.90,0.0,0.0,505.88,"1,258.00",510.00,"636,395.00",25,-2.1,18.5,-0.41,3.7,0.4,840.00,465.50,554.54,582.06
2019/06/03,48,GUFL,-,117.0,118.0,116.0,116.0,116.00,0.0,0.0,116.99,"5,080.00",117.00,"594,320.00",8,-1.0,2.0,-0.85,1.72,-0.86,126.00,98.00,,
2019/06/04,46,GUFL,-,115.0,118.0,110.0,114.0,114.00,0.0,0.0,111.89,"15,758.00",116.00,"1,763,148.00",42,-2.0,8.0,-1.72,7.27,1.85,126.00,98.00,,
2019/04/18,40,GUFL,-,114.0,114.0,112.0,113.0,113.00,0.0,0.0,112.89,"2,220.00",116.00,"250,617.00",5,-3.0,2.0,-2.59,1.79,0.1,136.00,98.00,,
2019/04/21,75,GUFL,31.47,513.0,518.5,500.0,507.9,507.90,0.0,0.0,505.88,"1,258.00",510.00,"636,395.00",25,-2.1,18.5,-0.41,3.7,0.4,840.00,465.50,554.54,582.06
2019/04/22,45,GUFL,-,113.0,113.0,111.0,111.0,111.00,0.0,0.0,111.79,"3,150.00",113.00,"352,150.00",7,-2.0,2.0,-1.77,1.8,-0.72,136.00,98.00,,
2019/04/23,46,GUFL,-,112.0,112.0,111.0,111.0,111.00,0.0,0.0,111.74,"1,350.00",111.00,"150,850.00",2,0.0,1.0,0.0,0.9,-0.67,136.00,98.00,,
2019/04/24,43,GUFL,-,110.0,112.0,110.0,110.0,110.00,0.0,0.0,110.98,"1,369.00",111.00,"151,930.00",9,-1.0,2.0,-0.9,1.82,-0.89,134.00,98.00,,
2019/04/25,43,GUFL,-,111.0,117.0,111.0,113.0,113.00,0.0,0.0,113.27,"3,731.00",110.00,"422,611.00",15,3.0,6.0,2.73,5.41,-0.24,133.00,98.00,,
2019/04/28,45,GUFL,-,115.0,116.0,114.0,114.0,114.00,0.0,0.0,114.56,"5,900.00",113.00,"675,900.00",20,1.0,2.0,0.88,1.75,-0.49,126.00,98.00,,
2019/04/29,44,GUFL,-,112.0,113.0,112.0,113.0,113.00,0.0,0.0,112.58,"1,245.00",114.00,"140,160.00",7,-1.0,1.0,-0.88,0.89,0.37,126.00,98.00,,
2019/04/30,44,GUFL,-,112.0,112.0,111.0,111.0,111.00,0.0,0.0,111.24,"5,250.00",113.00,"584,000.00",7,-2.0,1.0,-1.77,0.9,-0.21,125.00,98.00,,
2019/05/02,44,GUFL,-,109.0,112.0,109.0,110.0,110.00,0.0,0.0,110.45,"8,131.00",111.00,"898,049.00",9,-1.0,3.0,-0.9,2.75,-0.41,125.00,98.00,,
2019/05/05,44,GUFL,-,112.0,112.0,110.0,110.0,110.00,0.0,0.0,110.96,289.00,110.00,"32,068.00",4,0.0,2.0,0.0,1.82,-0.87,125.00,98.00,,
2019/05/06,43,GUFL,-,108.0,108.0,108.0,108.0,108.00,0.0,0.0,108.00,"1,000.00",110.00,"108,000.00",3,-2.0,0.0,-1.82,0.0,0.0,125.00,98.00,,
2019/05/07,43,GUFL,-,108.0,108.0,108.0,108.0,108.00,0.0,0.0,107.50,24.00,108.00,"2,580.00",2,0.0,0.0,0.0,0.0,0.46,125.00,98.00,,
2019/05/08,43,GUFL,-,108.0,110.0,108.0,109.0,109.00,0.0,0.0,109.82,"1,333.00",108.00,"146,394.00",4,1.0,2.0,0.93,1.85,-0.76,125.00,98.00,,
2019/05/09,43,GUFL,-,107.0,109.0,107.0,108.0,108.00,0.0,0.0,108.31,"1,341.00",109.00,"145,243.00",7,-1.0,2.0,-0.92,1.87,-0.29,124.00,98.00,,
2019/05/12,42,GUFL,-,110.0,112.0,110.0,110.0,110.00,0.0,0.0,110.21,489.00,108.00,"53,892.00",5,2.0,2.0,1.85,1.82,-0.19,122.00,98.00,,
2019/03/25,43,GUFL,-,113.0,113.0,111.0,111.0,111.00,0.0,0.0,112.15,"4,626.00",111.00,"518,794.00",18,0.0,2.0,0.0,1.8,-1.03,136.00,98.00,,
2019/03/26,44,GUFL,-,111.0,113.0,111.0,112.0,112.00,0.0,0.0,112.05,"2,151.00",111.00,"241,013.00",7,1.0,2.0,0.9,1.8,-0.04,136.00,98.00,,
2019/03/27,42,GUFL,-,112.0,114.0,111.0,113.0,113.00,0.0,0.0,112.19,"1,005.00",112.00,"112,746.00",9,1.0,3.0,0.89,2.7,0.72,136.00,98.00,,
2019/03/28,42,GUFL,-,114.0,117.0,113.0,113.0,113.00,0.0,0.0,113.68,"1,170.00",113.00,"133,007.00",12,0.0,4.0,0.0,3.54,-0.6,136.00,98.00,,
2019/03/31,41,GUFL,-,112.0,112.0,112.0,112.0,112.00,0.0,0.0,112.00,301.00,113.00,"33,712.00",1,-1.0,0.0,-0.88,0.0,0.0,136.00,98.00,,
2019/04/01,43,GUFL,-,112.0,115.0,112.0,112.0,112.00,0.0,0.0,112.03,"5,358.00",112.00,"600,259.00",9,0.0,3.0,0.0,2.68,-0.03,136.00,98.00,,
2019/04/02,42,GUFL,-,111.0,112.0,110.0,110.0,110.00,0.0,0.0,110.45,"10,054.00",112.00,"1,110,460.00",9,-2.0,2.0,-1.79,1.82,-0.41,136.00,98.00,,
2019/04/03,42,GUFL,-,112.0,114.0,109.0,110.0,110.00,0.0,0.0,110.11,"9,230.00",110.00,"1,016,280.00",11,0.0,5.0,0.0,4.59,-0.1,136.00,98.00,,
2019/04/04,44,GUFL,-,112.0,112.0,110.0,112.0,112.00,0.0,0.0,110.44,"2,449.00",110.00,"270,457.00",13,2.0,2.0,1.82,1.82,1.4,136.00,98.00,,
2019/04/07,44,GUFL,-,112.0,114.0,111.0,112.0,112.00,0.0,0.0,112.18,"10,755.00",112.00,"1,206,533.00",13,0.0,3.0,0.0,2.7,-0.16,136.00,98.00,,
2019/04/08,44,GUFL,-,114.0,115.0,112.0,112.0,112.00,0.0,0.0,112.24,"2,778.00",112.00,"311,800.00",14,0.0,3.0,0.0,2.68,-0.21,136.00,98.00,,
2019/04/09,44,GUFL,-,111.0,111.0,110.0,110.0,110.00,0.0,0.0,110.84,"2,967.00",112.00,"328,870.00",6,-2.0,1.0,-1.79,0.91,-0.77,136.00,98.00,,
2019/04/10,41,GUFL,-,109.0,118.0,109.0,113.0,113.00,0.0,0.0,112.32,360.00,110.00,"40,434.00",11,3.0,9.0,2.73,8.26,0.6,136.00,98.00,,
2019/04/11,44,GUFL,-,112.0,112.0,110.0,111.0,111.00,0.0,0.0,110.91,734.00,113.00,"81,408.00",9,-2.0,2.0,-1.77,1.82,0.08,136.00,98.00,,
2019/04/15,43,GUFL,-,111.0,113.0,110.0,113.0,113.00,0.0,0.0,110.55,"1,105.00",111.00,"122,160.00",8,2.0,3.0,1.8,2.73,2.17,136.00,98.00,,
2019/04/16,42,GUFL,-,112.0,113.0,112.0,113.0,113.00,0.0,0.0,112.93,"2,790.00",113.00,"315,073.00",4,0.0,1.0,0.0,0.89,0.06,136.00,98.00,,
2019/02/25,42,GUFL,-,100.0,101.0,99.0,101.0,101.00,0.0,0.0,99.88,"2,404.00",99.00,"240,104.00",6,2.0,2.0,2.02,2.02,1.11,136.00,98.00,,
2019/02/26,42,GUFL,-,101.0,103.0,101.0,103.0,103.00,0.0,0.0,101.11,"1,600.00",101.00,"161,770.00",5,2.0,2.0,1.98,1.98,1.84,136.00,98.00,,
2019/02/27,39,GUFL,-,103.0,103.0,102.0,103.0,103.00,0.0,0.0,102.68,"1,582.00",103.00,"162,435.00",7,0.0,1.00,0.0,0.98,0.31,136.00,98.00,,
2019/03/03,42,GUFL,-,103.0,107.0,103.0,104.0,104.00,0.0,0.0,103.48,"2,688.00",103.00,"278,144.00",12,1.0,4.0,0.97,3.88,0.5,136.00,98.00,,
2019/03/05,43,GUFL,-,106.0,108.0,104.0,108.0,108.00,0.0,0.0,107.21,"2,832.00",104.00,"303,614.00",16,4.0,4.0,3.85,3.85,0.73,136.00,98.00,,
2019/03/06,43,GUFL,-,108.0,108.0,107.0,108.0,108.00,0.0,0.0,107.91,"1,315.00",108.00,"141,905.00",6,0.0,1.0,0.0,0.93,0.08,136.00,98.00,,
2019/03/07,44,GUFL,-,106.0,108.0,106.0,108.0,108.00,0.0,0.0,106.03,"26,346.00",108.00,"2,793,424.00",7,0.0,2.0,0.0,1.89,1.83,136.00,98.00,,
2019/03/10,75,GUFL,31.47,513.0,518.5,500.0,507.9,507.90,0.0,0.0,505.88,"1,258.00",510.00,"636,395.00",25,-2.1,18.5,-0.41,3.7,0.4,840.00,465.50,554.54,582.06
2019/03/11,43,GUFL,-,110.0,114.0,110.0,110.0,110.00,0.0,0.0,110.78,"2,162.00",108.00,"239,500.00",12,2.0,4.0,1.85,3.64,-0.71,136.00,98.00,,
2019/03/12,46,GUFL,-,108.0,112.0,106.0,112.0,112.00,0.0,0.0,106.38,"21,119.00",110.00,"2,246,698.00",13,2.0,6.0,1.82,5.66,5.02,136.00,98.00,,
2019/03/13,44,GUFL,-,110.0,110.0,108.0,110.0,110.00,0.0,0.0,109.53,"1,424.00",112.00,"155,972.00",7,-2.0,2.0,-1.79,1.85,0.43,136.00,98.00,,
2019/03/14,44,GUFL,-,110.0,110.0,109.0,110.0,110.00,0.0,0.0,109.51,"1,237.00",110.00,"135,470.00",10,0.0,1.0,0.0,0.92,0.44,136.00,98.00,,
2019/03/17,43,GUFL,-,109.0,112.0,108.0,110.0,110.00,0.0,0.0,111.02,"10,641.00",110.00,"1,181,416.00",19,0.0,4.0,0.0,3.7,-0.93,136.00,98.00,,
2019/03/18,44,GUFL,-,108.0,117.0,108.0,112.0,112.00,0.0,0.0,113.05,"12,720.00",110.00,"1,438,005.00",27,2.0,9.0,1.82,8.33,-0.94,136.00,98.00,,
2019/03/19,42,GUFL,-,110.0,110.0,109.0,109.0,109.00,0.0,0.0,109.97,"1,031.00",112.00,"113,379.00",2,-3.0,1.0,-2.68,0.92,-0.89,136.00,98.00,,
2019/03/21,45,GUFL,-,110.0,113.0,110.0,112.0,112.00,0.0,0.0,110.76,"1,498.00",109.00,"165,925.00",5,3.0,3.0,2.75,2.73,1.1,136.00,98.00,,
2019/01/31,41,GUFL,-,101.0,105.0,101.0,105.0,105.00,0.0,0.0,101.23,"22,186.00",102.00,"2,245,798.00",9,3.0,4.0,2.94,3.96,3.59,144.00,98.00,,
2019/02/04,39,GUFL,-,105.0,106.0,104.0,106.0,106.00,0.0,0.0,104.99,"23,047.00",105.00,"2,419,707.00",12,1.0,2.0,0.95,1.92,0.95,143.00,98.00,,
2019/02/05,41,GUFL,-,106.0,106.0,104.0,106.0,106.00,0.0,0.0,104.96,335.00,106.00,"35,160.00",4,0.0,2.0,0.0,1.92,0.99,143.00,98.00,,
2019/02/06,41,GUFL,-,104.0,105.0,104.0,104.0,104.00,0.0,0.0,104.30,402.00,106.00,"41,928.00",6,-2.0,1.0,-1.89,0.96,-0.29,143.00,98.00,,
2019/02/07,42,GUFL,-,105.0,106.0,103.0,105.0,105.00,0.0,0.0,103.85,"1,302.00",104.00,"135,209.00",5,1.0,3.0,0.96,2.91,1.1,143.00,98.00,,
2019/02/10,37,GUFL,-,105.0,105.0,103.0,103.0,103.00,0.0,0.0,104.56,"1,350.00",105.00,"141,150.00",3,-2.0,2.0,-1.9,1.94,-1.51,143.00,98.00,,
2019/02/11,44,GUFL,-,103.0,105.0,103.0,104.0,104.00,0.0,0.0,104.03,"1,143.00",103.00,"118,909.00",9,1.0,2.0,0.97,1.94,-0.03,143.00,98.00,,
2019/02/12,42,GUFL,-,102.0,102.0,101.0,101.0,101.00,0.0,0.0,101.60,750.00,104.00,"76,200.00",2,-3.0,1.0,-2.88,0.99,-0.59,143.00,98.00,,
2019/02/13,46,GUFL,-,103.0,103.0,102.0,102.0,102.00,0.0,0.0,103.00,"16,323.00",101.00,"1,681,251.00",3,1.00,1.0,0.99,0.98,-0.98,143.00,98.00,,
2019/02/14,40,GUFL,-,102.0,103.0,102.0,102.0,102.00,0.0,0.0,102.01,"7,902.00",102.00,"806,054.00",9,0.0,1.0,0.0,0.98,-0.01,143.00,98.00,,
2019/02/17,41,GUFL,-,102.0,102.0,102.0,102.0,102.00,0.0,0.0,102.00,"1,080.00",102.00,"110,160.00",5,0.0,0.0,0.0,0.0,0.0,141.00,98.00,,
2019/02/18,38,GUFL,-,101.0,102.0,101.0,102.0,102.00,0.0,0.0,101.53,629.00,102.00,"63,863.00",9,0.0,1.0,0.0,0.99,0.46,141.00,98.00,,
2019/02/19,41,GUFL,-,103.0,103.0,102.0,102.0,102.00,0.0,0.0,102.54,649.00,102.00,"66,547.00",3,0.0,1.0,0.0,0.98,-0.53,138.00,98.00,,
2019/02/20,38,GUFL,-,103.0,103.0,103.0,103.0,103.00,0.0,0.0,103.00,200.00,102.00,"20,600.00",2,1.0,0.0,0.98,0.0,0.0,138.00,98.00,,
2019/02/21,41,GUFL,-,103.0,103.0,101.0,101.0,101.00,0.0,0.0,101.20,"1,500.00",103.00,"151,800.00",4,-2.0,2.0,-1.94,1.98,-0.2,138.00,98.00,,
2019/01/08,37,GUFL,-,102.0,102.0,102.0,102.0,102.00,0.0,0.0,102.00,21.00,104.00,"2,142.00",1,-2.0,0.0,-1.92,0.0,0.0,150.00,98.00,,
2019/01/09,39,GUFL,-,102.0,103.0,100.0,100.0,100.00,0.0,0.0,100.82,"2,200.00",102.00,"221,800.00",6,-2.0,3.0,-1.96,3.0,-0.82,150.00,98.00,,
2019/01/10,37,GUFL,-,100.0,100.0,100.0,100.0,100.00,0.0,0.0,100.00,"3,871.00",100.00,"387,100.00",5,0.0,0.0,0.0,0.0,0.0,148.00,98.00,,
2019/01/13,36,GUFL,-,98.0,106.0,98.0,100.0,100.00,0.0,0.0,102.55,"1,694.00",100.00,"173,722.00",12,0.0,8.0,0.0,8.16,-2.55,148.00,98.00,,
2019/01/14,38,GUFL,-,102.0,108.0,102.0,108.0,108.00,0.0,0.0,103.09,220.00,100.00,"22,680.00",4,8.0,6.0,8.0,5.88,4.55,148.00,98.00,,
2019/01/15,39,GUFL,-,106.0,106.0,106.0,106.0,106.00,0.0,0.0,106.00,19.00,108.00,"2,014.00",1,-2.0,0.0,-1.85,0.0,0.0,148.00,98.00,,
2019/01/16,39,GUFL,-,104.0,104.0,104.0,104.0,104.00,0.0,0.0,104.00,300.00,106.00,"31,200.00",2,-2.0,0.0,-1.89,0.0,0.0,148.00,98.00,,
2019/01/17,40,GUFL,-,106.0,108.0,104.0,104.0,104.00,0.0,0.0,106.09,"6,843.00",104.00,"725,951.00",11,0.0,4.0,0.0,3.85,-2.01,146.00,98.00,,
2019/01/21,40,GUFL,-,104.0,109.0,104.0,109.0,109.00,0.0,0.0,105.49,"1,013.00",104.00,"106,866.00",8,5.0,5.0,4.81,4.81,3.22,146.00,98.00,,
2019/01/22,37,GUFL,-,107.0,107.0,107.0,107.0,107.00,0.0,0.0,107.00,41.00,109.00,"4,387.00",1,-2.00,0.00,-1.83,0.0,0.0,146.00,98.00,,
2019/01/23,34,GUFL,-,105.0,105.0,103.0,103.0,103.00,0.0,0.0,104.56,"3,279.00",107.00,"342,837.00",10,-4.0,2.0,-3.74,1.94,-1.51,144.00,98.00,,
2019/01/24,40,GUFL,-,105.0,105.0,103.0,103.0,103.00,0.0,0.0,103.51,101.00,103.00,"10,455.00",2,0.0,2.00,0.0,1.94,-0.5,144.00,98.00,,
2019/01/27,37,GUFL,-,105.0,105.0,103.0,104.0,104.00,0.0,0.0,103.92,"2,206.00",103.00,"229,249.00",7,1.0,2.0,0.97,1.94,0.08,144.00,98.00,,
2019/01/28,40,GUFL,-,103.0,103.0,102.0,103.0,103.00,0.0,0.0,102.42,"1,022.00",104.00,"104,673.00",8,-1.0,1.0,-0.96,0.98,0.56,144.00,98.00,,
2019/01/29,40,GUFL,-,105.0,109.0,105.0,106.0,106.00,0.0,0.0,106.25,"7,016.00",103.00,"745,468.00",24,3.0,4.0,2.91,3.81,-0.24,144.00,98.00,,
2018/12/18,37,GUFL,-,100.0,100.0,98.0,100.0,100.00,0.0,0.0,98.86,"2,488.00",100.00,"245,954.00",7,0.0,2.0,0.0,2.04,1.14,162.00,98.00,,
2018/12/19,40,GUFL,-,101.0,104.0,101.0,104.0,104.00,0.0,0.0,101.50,"1,310.00",100.00,"132,960.00",6,4.0,3.0,4.0,2.97,2.41,162.00,98.00,,
2018/12/20,39,GUFL,-,102.0,102.0,102.0,102.0,102.00,0.0,0.0,102.00,43.00,104.00,"4,386.00",2,-2.0,0.0,-1.92,0.0,0.0,161.00,98.00,,
2018/12/23,38,GUFL,-,102.0,102.0,102.0,102.0,102.00,0.0,0.0,101.99,303.00,102.00,"30,903.00",3,0.0,0.0,0.0,0.0,0.01,155.00,98.00,,
2018/12/24,40,GUFL,-,101.0,106.0,101.0,106.0,106.00,0.0,0.0,103.84,"1,897.00",102.00,"196,977.00",9,4.0,5.0,3.92,4.95,2.04,155.00,98.00,,
2018/12/26,42,GUFL,-,104.0,106.0,104.0,106.0,106.00,0.0,0.0,104.89,"2,360.00",106.00,"247,550.00",12,0.0,2.0,0.0,1.92,1.04,152.00,98.00,,
2018/12/27,41,GUFL,-,104.0,104.0,104.0,104.0,104.00,0.0,0.0,104.00,256.00,106.00,"26,624.00",2,-2.0,0.0,-1.89,0.0,0.0,150.00,98.00,,
2018/12/30,39,GUFL,-,102.0,103.0,102.0,103.0,103.00,0.0,0.0,102.83,120.00,104.00,"12,340.00",2,-1.0,1.0,-0.96,0.98,0.16,150.00,98.00,,
2018/12/31,39,GUFL,-,105.0,106.0,105.0,106.0,106.00,0.0,0.0,105.13,781.00,103.00,"82,105.00",2,3.0,1.0,2.91,0.95,0.82,150.00,98.00,,
2019/01/02,38,GUFL,-,103.0,103.0,101.0,103.0,103.00,0.0,0.0,101.26,"1,015.00",106.00,"102,783.00",4,-3.0,2.0,-2.83,1.98,1.69,150.00,98.00,,
2019/01/03,38,GUFL,-,103.0,103.0,103.0,103.0,103.00,0.0,0.0,103.00,100.00,103.00,"10,300.00",1,0.0,0.0,0.0,0.0,0.0,150.00,98.00,,
2019/01/06,38,GUFL,-,101.0,102.0,100.0,100.0,100.00,0.0,0.0,100.72,558.00,103.00,"56,200.00",7,-3.0,2.0,-2.91,2.0,-0.72,150.00,98.00,,
2018/11/21,38,GUFL,-,101.0,105.0,101.0,104.0,104.00,0.0,0.0,103.43,"1,572.00",102.00,"162,586.00",7,2.0,4.0,1.96,3.96,0.55,170.00,101.00,,
2018/11/22,33,GUFL,-,104.0,106.0,104.0,106.0,106.00,0.0,0.0,105.23,406.00,104.00,"42,724.00",2,2.0,2.0,1.92,1.92,0.72,170.00,101.00,,
2018/11/25,36,GUFL,-,104.0,104.0,104.0,104.0,104.00,0.0,0.0,104.00,123.00,106.00,"12,792.00",3,-2.0,0.0,-1.89,0.0,0.0,170.00,101.00,,
2018/11/26,36,GUFL,-,105.0,105.0,103.0,103.0,103.00,0.0,0.0,103.11,"1,356.00",104.00,"139,814.00",10,-1.0,2.0,-0.96,1.94,-0.1,170.00,101.00,,
2018/11/27,41,GUFL,-,103.0,103.0,103.0,103.0,103.00,0.0,0.0,103.00,806.00,103.00,"83,018.00",2,0.0,0.0,0.0,0.0,0.0,170.00,101.00,,
2018/11/29,40,GUFL,-,101.0,102.0,101.0,102.0,102.00,0.0,0.0,101.86,"1,400.00",103.00,"142,600.00",3,-1.0,1.0,-0.97,0.99,0.14,170.00,101.00,,
2018/12/02,36,GUFL,-,104.0,104.0,101.0,101.0,101.00,0.0,0.0,101.85,"1,359.00",102.00,"138,409.00",8,-1.0,3.0,-0.98,2.97,-0.84,170.00,101.00,,
2018/12/04,39,GUFL,-,102.0,103.0,102.0,103.0,103.00,0.0,0.0,102.95,"1,053.00",101.00,"108,406.00",4,2.0,1.0,1.98,0.98,0.05,170.00,101.00,,
2018/12/05,38,GUFL,-,103.0,103.0,100.0,102.0,102.00,0.0,0.0,101.87,670.00,103.00,"68,253.00",6,-1.0,3.0,-0.97,3.0,0.13,170.00,100.00,,
2018/12/09,35,GUFL,-,104.0,104.0,102.0,102.0,102.00,0.0,0.0,103.88,850.00,102.00,"88,300.00",2,0.0,2.0,0.0,1.96,-1.85,170.00,100.00,,
2018/12/10,36,GUFL,-,101.0,101.0,101.0,101.0,101.00,0.0,0.0,101.00,563.00,102.00,"56,863.00",4,-1.0,0.0,-0.98,0.0,0.0,170.00,100.00,,
2018/12/11,39,GUFL,-,100.0,100.0,100.0,100.0,100.00,0.0,0.0,100.00,19.00,101.00,"1,900.00",1,-1.0,0.0,-0.99,0.0,0.0,165.00,100.00,,
2018/12/12,35,GUFL,-,101.0,101.0,100.0,100.0,100.00,0.0,0.0,100.07,162.00,100.00,"16,212.00",3,0.0,1.0,0.0,1.0,-0.07,165.00,100.00,,
2018/10/29,35,GUFL,-,106.0,106.0,106.0,106.0,106.00,0.0,0.0,106.00,243.00,108.00,"25,758.00",1,-2.0,0.0,-1.85,0.0,0.0,190.00,103.00,,
2018/10/30,38,GUFL,-,106.0,108.0,106.0,108.0,108.00,0.0,0.0,106.10,"2,584.00",106.00,"274,164.00",7,2.0,2.0,1.89,1.89,1.76,190.00,103.00,,
2018/10/31,38,GUFL,-,106.0,106.0,106.0,106.0,106.00,0.0,0.0,106.00,200.00,108.00,"21,200.00",1,-2.0,0.0,-1.85,0.0,0.0,190.00,103.00,,
2018/11/01,37,GUFL,-,107.0,107.0,105.0,105.0,105.00,0.0,0.0,106.05,750.00,106.00,"79,540.00",4,-1.0,2.0,-0.94,1.9,-1.0,186.00,103.00,,
2018/11/04,35,GUFL,-,103.0,104.0,103.0,104.0,104.00,0.0,0.0,103.47,"2,433.00",105.00,"251,732.00",4,-1.0,1.0,-0.95,0.97,0.51,178.00,103.00,,
2018/11/05,35,GUFL,-,104.0,110.0,104.0,107.0,107.00,0.0,0.0,105.84,"4,199.00",104.00,"444,439.00",10,3.0,6.0,2.88,5.77,1.08,178.00,103.00,,
2018/11/06,24,GUFL,-,107.0,106.0,104.0,106.0,106.00,0.0,0.0,106.00,800.00,107.00,"84,800.00",2,-1.0,2.0,-0.93,1.92,0.0,174.00,103.00,,
2018/11/11,30,GUFL,-,106.0,108.0,106.0,108.0,108.00,0.0,0.0,108.00,10.00,106.00,"1,080.00",1,2.0,2.0,1.89,1.89,0.0,172.00,103.00,,
2018/11/13,37,GUFL,-,107.0,108.0,106.0,106.0,106.00,0.0,0.0,106.45,237.00,108.00,"25,229.00",2,-2.0,2.0,-1.85,1.89,-0.43,172.00,103.00,,
2018/11/14,35,GUFL,-,104.0,106.0,102.0,104.0,104.00,0.0,0.0,103.22,526.00,106.00,"54,292.00",4,-2.0,4.0,-1.89,3.92,0.75,172.00,102.00,,
2018/11/15,36,GUFL,-,102.0,106.0,102.0,106.0,106.00,0.0,0.0,103.97,"1,194.00",104.00,"124,146.00",5,2.0,4.0,1.92,3.92,1.91,170.00,102.00,,
2018/11/18,35,GUFL,-,108.0,108.0,106.0,106.0,106.00,0.0,0.0,106.08,520.00,106.00,"55,160.00",2,0.0,2.0,0.0,1.89,-0.07,170.00,101.00,,
2018/11/19,35,GUFL,-,104.0,106.0,104.0,104.0,104.00,0.0,0.0,104.33,150.00,106.00,"15,650.00",2,-2.0,2.0,-1.89,1.92,-0.32,170.00,102.00,,
2018/09/27,42,GUFL,-,107.0,111.0,107.0,111.0,111.00,0.0,0.0,109.98,"3,554.00",109.00,"390,862.00",9,2.0,4.0,1.83,3.74,0.92,192.00,103.00,,
2018/09/30,42,GUFL,-,113.0,113.0,113.0,113.0,113.00,0.0,0.0,113.00,23.00,111.00,"2,599.00",1,2.0,0.0,1.8,0.0,0.0,192.00,103.00,,
2018/10/01,43,GUFL,-,111.0,111.0,111.0,111.0,111.00,0.0,0.0,111.00,30.00,113.00,"3,330.00",1,-2.0,0.0,-1.77,0.0,0.0,192.00,103.00,,
2018/10/02,43,GUFL,-,110.0,110.0,108.0,108.0,108.00,0.0,0.0,108.64,"1,176.00",111.00,"127,760.00",6,-3.0,2.0,-2.7,1.85,-0.59,192.00,103.00,,
2018/10/03,40,GUFL,-,106.0,112.0,106.0,112.0,112.00,0.0,0.0,106.96,"1,027.00",108.00,"109,848.00",7,4.0,6.0,3.7,5.66,4.5,192.00,103.00,,
2018/10/04,43,GUFL,-,110.0,110.0,108.0,108.0,108.00,0.0,0.0,109.30,143.00,112.00,"15,630.00",2,-4.0,2.0,-3.57,1.85,-1.2,192.00,103.00,,
2018/10/07,40,GUFL,-,108.0,108.0,104.0,106.0,106.00,0.0,0.0,105.48,"7,443.00",108.00,"785,108.00",10,-2.0,4.0,-1.85,3.85,0.49,192.00,103.00,,
2018/10/08,38,GUFL,-,107.0,107.0,105.0,105.0,105.00,0.0,0.0,105.48,"10,315.00",106.00,"1,088,067.00",19,-1.0,2.0,-0.94,1.9,-0.46,192.00,103.00,,
2018/10/09,41,GUFL,-,105.0,106.0,105.0,106.0,106.00,0.0,0.0,105.28,158.00,105.00,"16,635.00",2,1.0,1.0,0.95,0.95,0.67,192.00,103.00,,
2018/10/10,40,GUFL,-,106.0,106.0,106.0,106.0,106.00,0.0,0.0,106.00,500.00,106.00,"53,000.00",1,0.0,0.0,0.0,0.0,0.0,191.00,103.00,,
2018/10/11,43,GUFL,-,108.0,108.0,106.0,106.0,106.00,0.0,0.0,106.03,"1,520.00",106.00,"161,160.00",2,0.0,2.0,0.0,1.89,-0.02,190.00,103.00,,
2018/10/14,36,GUFL,-,106.0,106.0,105.0,106.0,106.00,0.0,0.0,105.57,"2,800.00",106.00,"295,600.00",6,0.00,1.00,0.0,0.95,0.4,190.00,103.00,,
2018/10/15,32,GUFL,-,105.0,107.0,105.0,105.0,105.00,0.0,0.0,105.45,"4,415.00",106.00,"465,560.00",10,-1.0,2.0,-0.94,1.9,-0.43,190.00,103.00,,
2018/10/21,30,GUFL,-,107.0,108.0,107.0,108.0,108.00,0.0,0.0,107.75,400.00,105.00,"43,100.00",2,3.0,1.0,2.86,0.93,0.23,190.00,103.00,,
2018/10/22,37,GUFL,-,106.0,107.0,106.0,107.0,107.00,0.0,0.0,106.69,64.00,108.00,"6,828.00",3,-1.0,1.0,-0.93,0.94,0.29,190.00,103.00,,
2018/10/23,40,GUFL,-,106.0,106.0,106.0,106.0,106.00,0.0,0.0,106.00,"2,946.00",107.00,"312,276.00",6,-1.0,0.0,-0.93,0.0,0.0,190.00,103.00,,
2018/09/03,40,GUFL,-,113.0,115.0,113.0,115.0,115.00,0.0,0.0,114.63,"1,530.00",111.00,"175,390.00",5,4.00,2.0,3.6,1.77,0.32,204.00,103.00,,
2018/09/04,43,GUFL,-,113.0,114.0,112.0,112.0,112.00,0.0,0.0,112.13,671.00,115.00,"75,241.00",7,-3.0,2.0,-2.61,1.79,-0.12,204.00,103.00,,
2018/09/05,44,GUFL,-,114.0,114.0,108.0,110.0,110.00,0.0,0.0,109.94,"3,978.00",112.00,"437,342.00",12,-2.0,6.0,-1.79,5.56,0.05,204.00,103.00,,
2018/09/06,44,GUFL,-,111.0,111.0,110.0,111.0,111.00,0.0,0.0,110.44,951.00,110.00,"105,031.00",5,1.0,1.0,0.91,0.91,0.5,204.00,103.00,,
2018/09/09,46,GUFL,-,109.0,109.0,107.0,107.0,107.00,0.0,0.0,107.31,"6,411.00",111.00,"687,977.00",4,-4.0,2.0,-3.6,1.87,-0.29,204.00,103.00,,
2018/09/10,42,GUFL,-,106.0,106.0,106.0,106.0,106.00,0.0,0.0,106.00,200.00,107.00,"21,200.00",1,-1.0,0.0,-0.93,0.0,0.0,204.00,103.00,,
2018/09/11,41,GUFL,-,108.0,110.0,108.0,110.0,110.00,0.0,0.0,109.43,"1,225.00",106.00,"134,050.00",5,4.0,2.00,3.77,1.85,0.52,204.00,103.00,,
2018/09/12,40,GUFL,-,109.0,109.0,106.0,106.0,106.00,0.0,0.0,106.68,"8,700.00",110.00,"928,100.00",5,-4.0,3.0,-3.64,2.83,-0.64,204.00,103.00,,
2018/09/13,43,GUFL,-,104.0,109.0,104.0,107.0,107.00,0.0,0.0,108.06,"7,599.00",106.00,"821,176.00",13,1.0,5.0,0.94,4.81,-0.99,204.00,103.00,,
2018/09/16,41,GUFL,-,109.0,109.0,109.0,109.0,109.00,0.0,0.0,109.00,100.00,107.00,"10,900.00",1,2.0,0.0,1.87,0.0,0.0,204.00,103.00,,
2018/09/17,40,GUFL,-,110.0,110.0,107.0,107.0,107.00,0.0,0.0,107.41,"2,448.00",109.00,"262,950.00",7,-2.0,3.0,-1.83,2.8,-0.39,204.00,103.00,,
2018/09/19,75,GUFL,31.47,513.0,518.5,500.0,507.9,507.90,0.0,0.0,505.88,"1,258.00",510.00,"636,395.00",25,-2.1,18.5,-0.41,3.7,0.4,840.00,465.50,554.54,582.06
2018/09/20,42,GUFL,-,106.0,110.0,106.0,110.0,110.00,0.0,0.0,109.15,"1,942.00",107.00,"211,968.00",5,3.0,4.0,2.8,3.77,0.77,204.00,103.00,,
2018/09/25,42,GUFL,-,111.0,111.0,105.0,105.0,105.00,0.0,0.0,110.53,"7,774.00",110.00,"859,266.00",4,-5.0,6.0,-4.55,5.71,-5.27,196.00,103.00,,
2018/08/08,39,GUFL,-,107.0,107.0,104.0,105.0,105.00,0.0,0.0,105.81,"2,977.00",107.00,"314,987.00",7,-2.0,3.0,-1.87,2.88,-0.77,213.00,103.00,,
2018/08/09,39,GUFL,-,107.0,107.0,107.0,107.0,107.00,0.0,0.0,107.00,310.00,105.00,"33,170.00",2,2.0,0.0,1.9,0.0,0.0,213.00,103.00,,
2018/08/12,37,GUFL,-,107.0,107.0,105.0,105.0,105.00,0.0,0.0,105.51,430.00,107.00,"45,370.00",4,-2.0,2.0,-1.87,1.9,-0.49,208.00,103.00,,
2018/08/13,38,GUFL,-,103.0,109.0,103.0,109.0,109.00,0.0,0.0,105.27,"6,307.00",105.00,"663,936.00",14,4.0,6.0,3.81,5.83,3.42,208.00,103.00,,
2018/08/14,40,GUFL,-,109.0,115.0,107.0,115.0,115.00,0.0,0.0,108.59,"9,174.00",109.00,"996,171.00",17,6.0,8.0,5.5,7.48,5.58,208.00,103.00,,
2018/08/15,41,GUFL,-,113.0,117.0,111.0,117.0,117.00,0.0,0.0,112.75,"7,433.00",115.00,"838,043.00",22,2.0,6.0,1.74,5.41,3.64,204.00,103.00,,
2018/08/16,40,GUFL,-,116.0,116.0,113.0,113.0,113.00,0.0,0.0,115.03,"2,752.00",117.00,"316,557.00",6,-4.00,3.0,-3.42,2.65,-1.79,204.00,103.00,,
2018/08/19,38,GUFL,-,111.0,111.0,110.0,110.0,110.00,0.0,0.0,110.41,540.00,113.00,"59,620.00",4,-3.0,1.0,-2.65,0.91,-0.37,204.00,103.00,,
2018/08/20,40,GUFL,-,110.0,110.0,110.0,110.0,110.00,0.0,0.0,110.00,632.00,110.00,"69,520.00",3,0.0,0.0,0.0,0.0,0.0,204.00,103.00,,
2018/08/21,42,GUFL,-,109.0,109.0,105.0,105.0,105.00,0.0,0.0,105.97,"1,015.00",110.00,"107,559.00",5,-5.0,4.0,-4.55,3.81,-0.92,204.00,103.00,,
2018/08/22,38,GUFL,-,107.0,109.0,107.0,109.0,109.00,0.0,0.0,108.00,40.00,105.00,"4,320.00",2,4.0,2.0,3.81,1.87,0.92,204.00,103.00,,
2018/08/23,38,GUFL,-,111.0,111.0,109.0,110.0,110.00,0.0,0.0,109.70,562.00,109.00,"61,649.00",4,1.0,2.0,0.92,1.83,0.28,204.00,103.00,,
2018/08/26,34,GUFL,-,108.0,108.0,108.0,108.0,108.00,0.0,0.0,108.80,"5,103.00",110.00,"555,192.00",3,-2.0,0.0,-1.82,0.0,-0.74,204.00,103.00,,
2018/08/28,37,GUFL,-,110.0,112.0,110.0,110.0,110.00,0.0,0.0,110.03,"1,510.00",108.00,"166,140.00",4,2.0,2.0,1.85,1.82,-0.02,204.00,103.00,,
2018/08/29,40,GUFL,-,112.0,112.0,110.0,110.0,110.00,0.0,0.0,110.21,168.00,110.00,"18,516.00",3,0.0,2.0,0.0,1.82,-0.19,204.00,103.00,,
2018/08/30,44,GUFL,-,112.0,114.0,112.0,112.0,112.00,0.0,0.0,112.01,"2,275.00",110.00,"254,820.00",6,2.0,2.0,1.82,1.79,-0.01,204.00,103.00,,
2018/09/26,45,GUFL,-,107.0,112.0,107.0,109.0,109.00,0.0,0.0,109.39,"3,424.00",105.00,"374,568.00",12,4.0,5.0,3.81,4.67,-0.36,192.00,103.00,,
2018/10/24,41,GUFL,-,108.0,108.0,108.0,108.0,108.00,0.0,0.0,108.00,100.00,106.00,"10,800.00",2,2.0,0.0,1.89,0.0,0.0,190.00,103.00,,
2018/11/20,33,GUFL,-,105.0,105.0,102.0,102.0,102.00,0.0,0.0,102.53,"5,475.00",104.00,"561,375.00",8,-2.0,3.0,-1.92,2.94,-0.52,170.00,102.00,,
2018/12/13,75,GUFL,31.47,513.0,518.5,500.0,507.9,507.90,0.0,0.0,505.88,"1,258.00",510.00,"636,395.00",25,-2.1,18.5,-0.41,3.7,0.4,840.00,465.50,554.54,582.06
2019/01/07,39,GUFL,-,102.0,104.0,102.0,104.0,104.00,0.0,0.0,102.72,138.00,100.00,"14,176.00",3,4.0,2.0,4.0,1.96,1.23,150.00,98.00,,
2019/01/30,41,GUFL,-,107.0,107.0,102.0,102.0,102.00,0.0,0.0,102.24,"22,560.00",106.00,"2,306,500.00",28,-4.00,5.0,-3.77,4.9,-0.23,144.00,98.00,,
2019/02/24,42,GUFL,-,100.0,100.0,98.0,99.0,99.00,0.0,0.0,98.87,"3,504.00",101.00,"346,442.00",12,-2.0,2.0,-1.98,2.04,0.13,136.00,98.00,,
2019/03/24,43,GUFL,-,110.0,112.0,110.0,111.0,111.00,0.0,0.0,111.05,650.00,112.00,"72,182.00",3,-1.0,2.0,-0.89,1.82,-0.04,136.00,98.00,,
2019/04/17,43,GUFL,-,115.0,116.0,114.0,116.0,116.00,0.0,0.0,114.30,"1,710.00",113.00,"195,460.00",6,3.0,2.0,2.65,1.75,1.46,136.00,98.00,,
2019/05/13,44,GUFL,-,109.0,109.0,105.0,109.0,109.00,0.0,0.0,106.06,"24,474.00",110.00,"2,595,794.00",21,-1.0,4.0,-0.91,3.81,2.69,122.00,98.00,,
2019/06/06,46,GUFL,-,116.0,124.0,116.0,122.0,122.00,0.0,0.0,120.11,"13,663.00",114.00,"1,641,060.00",44,8.0,8.0,7.02,6.9,1.55,126.00,98.00,,
2019/07/02,45,GUFL,37.12,116.0,119.0,115.0,119.0,119.00,0.0,0.0,117.09,"4,906.00",116.00,"574,451.00",10,3.0,4.0,2.59,3.48,1.6,127.00,98.00,,
2019/07/25,43,GUFL,40.21,121.0,123.0,121.0,122.0,122.00,0.0,0.0,122.62,"3,930.00",122.00,"481,890.00",7,0.0,2.0,0.0,1.65,-0.51,127.00,98.00,,
2019/08/19,75,GUFL,31.47,513.0,518.5,500.0,507.9,507.90,0.0,0.0,505.88,"1,258.00",510.00,"636,395.00",25,-2.1,18.5,-0.41,3.7,0.4,840.00,465.50,554.54,582.06
2019/09/11,46,GUFL,28.69,115.0,115.0,112.0,112.0,112.00,0.0,0.0,114.24,535.00,116.00,"61,120.00",3,-4.0,3.0,-3.45,2.68,-2.0,127.00,98.00,,
2018/07/17,38,GUFL,-,105.0,109.0,105.0,109.0,109.00,0.0,0.0,106.12,"11,820.00",106.00,"1,254,300.00",13,3.0,4.0,2.83,3.81,2.65,213.00,104.00,,
2018/07/22,41,GUFL,-,110.0,110.0,110.0,110.0,110.00,0.0,0.0,109.83,60.00,109.00,"6,590.00",3,1.0,0.0,0.92,0.0,0.15,213.00,104.00,,
2018/07/23,38,GUFL,-,108.0,108.0,106.0,106.0,106.00,0.0,0.0,107.96,920.00,110.00,"99,320.00",2,-4.0,2.0,-3.64,1.89,-1.85,213.00,104.00,,
2018/07/24,41,GUFL,-,108.0,116.0,108.0,114.0,114.00,0.0,0.0,114.29,280.00,106.00,"32,000.00",7,8.0,8.0,7.55,7.41,-0.25,213.00,104.00,,
2018/07/25,42,GUFL,-,112.0,112.0,111.0,111.0,111.00,0.0,0.0,111.12,"4,218.00",114.00,"468,698.00",2,-3.0,1.0,-2.63,0.9,-0.11,213.00,104.00,,
2018/07/26,41,GUFL,-,111.0,111.0,111.0,111.0,111.00,0.0,0.0,111.00,17.00,111.00,"1,887.00",1,0.0,0.0,0.0,0.0,0.0,213.00,104.00,,
2018/07/29,35,GUFL,-,109.0,109.0,107.0,107.0,107.00,0.0,0.0,107.25,229.00,111.00,"24,561.00",2,-4.0,2.0,-3.6,1.87,-0.24,213.00,104.00,,
2018/07/30,38,GUFL,-,106.0,106.0,106.0,106.0,107.00,-1.0,-0.01,106.00,10.00,107.00,"1,060.00",2,-1.0,0.0,-0.93,0.0,0.0,213.00,104.00,,
2018/07/31,40,GUFL,-,107.0,109.0,105.0,109.0,109.00,0.0,0.0,106.07,292.00,107.00,"30,972.00",6,2.0,4.0,1.87,3.81,2.69,213.00,104.00,,
2018/08/01,39,GUFL,-,107.0,109.0,107.0,109.0,109.00,0.0,0.0,108.03,430.00,109.00,"46,452.00",5,0.0,2.0,0.0,1.87,0.89,213.00,104.00,,
2018/08/02,41,GUFL,-,108.0,109.0,105.0,105.0,105.00,0.0,0.0,107.24,625.00,109.00,"67,025.00",7,-4.0,4.0,-3.67,3.81,-2.13,213.00,104.00,,
2018/08/05,39,GUFL,-,105.0,105.0,103.0,105.0,105.00,0.0,0.0,105.00,"4,127.00",105.00,"433,315.00",3,0.0,2.0,0.0,1.94,0.0,213.00,104.00,,
2018/08/06,37,GUFL,-,107.0,107.0,107.0,107.0,107.00,0.0,0.0,107.00,60.00,105.00,"6,420.00",1,2.0,0.0,1.9,0.0,0.0,213.00,103.00,,
2018/06/21,43,GUFL,-,107.0,108.0,107.0,108.0,108.00,0.0,0.0,107.00,"10,187.00",109.00,"1,090,059.00",3,-1.0,1.0,-0.92,0.93,0.92,213.00,106.00,,
2018/06/24,40,GUFL,-,106.0,107.0,106.0,106.0,106.00,0.0,0.0,107.00,"7,073.00",108.00,"756,788.00",4,-2.0,1.0,-1.85,0.94,-0.94,213.00,106.00,,
2018/06/25,38,GUFL,-,108.0,110.0,108.0,109.0,109.00,0.0,0.0,108.67,210.00,106.00,"22,820.00",5,3.0,2.0,2.83,1.85,0.31,213.00,106.00,,
2018/06/27,40,GUFL,-,111.0,111.0,110.0,110.0,110.00,0.0,0.0,110.75,67.00,109.00,"7,420.00",2,1.0,1.0,0.92,0.91,-0.68,213.00,106.00,,
2018/06/28,38,GUFL,-,112.0,112.0,108.0,108.0,108.00,0.0,0.0,108.81,690.00,110.00,"75,080.00",6,-2.0,4.0,-1.82,3.7,-0.75,213.00,106.00,,
2018/07/01,38,GUFL,-,106.0,106.0,104.0,104.0,104.00,0.0,0.0,105.41,365.00,108.00,"38,474.00",3,-4.0,2.0,-3.7,1.92,-1.35,213.00,106.00,,
2018/07/03,36,GUFL,-,105.0,107.0,105.0,105.0,105.00,0.0,0.0,105.32,"7,454.00",104.00,"785,074.00",10,1.0,2.0,0.96,1.9,-0.31,213.00,104.00,,
2018/07/04,41,GUFL,-,107.0,107.0,105.0,107.0,107.00,0.0,0.0,106.98,"3,732.00",105.00,"399,240.00",7,2.0,2.0,1.9,1.9,0.02,213.00,104.00,,
2018/07/05,39,GUFL,-,109.0,111.0,109.0,111.0,111.00,0.0,0.0,109.41,640.00,107.00,"70,020.00",5,4.00,2.0,3.74,1.83,1.44,213.00,104.00,,
2018/07/09,40,GUFL,-,109.0,109.0,109.0,109.0,109.00,0.0,0.0,109.00,33.00,111.00,"3,597.00",1,-2.0,0.0,-1.8,0.0,0.0,213.00,104.00,,
2018/07/11,39,GUFL,-,107.0,107.0,107.0,107.0,107.00,0.0,0.0,107.00,400.00,109.00,"42,800.00",1,-2.0,0.0,-1.83,0.0,0.0,213.00,104.00,,
2018/07/12,38,GUFL,-,107.0,107.0,104.0,105.0,105.00,0.0,0.0,105.73,"4,439.00",107.00,"469,314.00",12,-2.0,3.0,-1.87,2.88,-0.69,213.00,104.00,,
2018/05/28,44,GUFL,-,112.0,116.0,112.0,116.0,116.00,0.0,0.0,115.91,"1,027.00",114.00,"119,044.00",3,2.0,4.0,1.75,3.57,0.07,213.00,111.00,,
2018/05/29,37,GUFL,-,116.0,116.0,116.0,116.0,116.00,0.0,0.0,116.00,"9,943.00",116.00,"1,153,388.00",2,0.0,0.0,0.0,0.0,0.0,213.00,111.00,,
2018/05/30,41,GUFL,-,114.0,115.0,113.0,115.0,115.00,0.0,0.0,114.03,"2,104.00",116.00,"239,924.00",6,-1.0,2.0,-0.86,1.77,0.84,213.00,111.00,,
2018/05/31,41,GUFL,-,117.0,117.0,117.0,117.0,117.00,0.0,0.0,117.00,55.00,115.00,"6,435.00",2,2.0,0.0,1.74,0.0,0.0,213.00,111.00,,
2018/06/03,36,GUFL,-,116.0,116.0,114.0,114.0,114.00,0.0,0.0,114.33,903.00,117.00,"103,239.00",12,-3.00,2.00,-2.56,1.75,-0.29,213.00,111.00,,
2018/06/07,41,GUFL,-,112.0,112.0,112.0,112.0,112.00,0.0,0.0,112.00,93.00,114.00,"10,416.00",2,-2.0,0.0,-1.75,0.0,0.0,213.00,111.00,,
2018/06/10,37,GUFL,-,111.0,111.0,110.0,110.0,110.00,0.0,0.0,110.98,"1,018.00",112.00,"112,980.00",5,-2.0,1.0,-1.79,0.91,-0.89,213.00,111.00,,
2018/06/11,42,GUFL,-,110.0,110.0,106.0,106.0,106.00,0.0,0.0,108.47,"4,384.00",110.00,"475,540.00",8,-4.0,4.0,-3.64,3.77,-2.33,213.00,110.00,,
2018/06/12,39,GUFL,-,106.0,108.0,106.0,108.0,108.00,0.0,0.0,106.01,"3,605.00",106.00,"382,150.00",8,2.0,2.0,1.89,1.89,1.85,213.00,106.00,,
2018/06/13,37,GUFL,-,106.0,109.0,106.0,108.0,108.00,0.0,0.0,107.49,"2,259.00",108.00,"242,812.00",7,0.0,3.0,0.0,2.83,0.48,213.00,106.00,,
2018/06/14,38,GUFL,-,110.0,112.0,108.0,112.0,112.00,0.0,0.0,110.35,574.00,108.00,"63,340.00",10,4.00,4.0,3.7,3.7,1.47,213.00,106.00,,
2018/06/17,40,GUFL,-,110.0,113.0,108.0,113.0,113.00,0.0,0.0,110.17,306.00,112.00,"33,712.00",5,1.0,5.0,0.89,4.63,2.5,213.00,106.00,,
2018/06/18,36,GUFL,-,111.0,111.0,111.0,111.0,111.00,0.0,0.0,111.00,100.00,113.00,"11,100.00",1,-2.0,0.0,-1.77,0.0,0.0,213.00,106.00,,
2018/06/19,43,GUFL,-,109.0,109.0,109.0,109.0,109.00,0.0,0.0,109.00,500.00,111.00,"54,500.00",1,-2.0,0.0,-1.8,0.0,0.0,213.00,106.00,,
2018/05/02,40,GUFL,-,121.0,121.0,119.0,121.0,121.00,0.0,0.0,119.58,"1,303.00",123.00,"155,807.00",8,-2.0,2.0,-1.63,1.68,1.18,236.00,111.00,,
2018/05/03,43,GUFL,-,123.0,125.0,122.0,125.0,125.00,0.0,0.0,122.88,545.00,121.00,"66,970.00",14,4.0,3.0,3.31,2.46,1.7,236.00,111.00,,
2018/05/06,40,GUFL,-,125.0,125.0,123.0,123.0,123.00,0.0,0.0,123.93,146.00,125.00,"18,094.00",5,-2.0,2.0,-1.6,1.63,-0.76,236.00,111.00,,
2018/05/07,37,GUFL,-,125.0,125.0,123.0,123.0,123.00,0.0,0.0,124.07,642.00,123.00,"79,650.00",2,0.0,2.0,0.0,1.63,-0.87,236.00,111.00,,
2018/05/08,39,GUFL,-,125.0,125.0,123.0,123.0,123.00,0.0,0.0,124.90,210.00,123.00,"26,230.00",3,0.0,2.0,0.0,1.63,-1.55,236.00,111.00,,
2018/05/09,38,GUFL,-,123.0,124.0,121.0,121.0,121.00,0.0,0.0,121.53,437.00,123.00,"53,107.00",8,-2.0,3.0,-1.63,2.48,-0.43,236.00,111.00,,
2018/05/10,42,GUFL,-,120.0,122.0,120.0,122.0,122.00,0.0,0.0,120.02,"17,599.00",121.00,"2,112,173.00",12,1.0,2.0,0.83,1.67,1.63,224.00,111.00,,
2018/05/14,39,GUFL,-,122.0,122.0,116.0,117.0,117.00,0.0,0.0,118.70,"1,372.00",122.00,"162,858.00",11,-5.0,6.0,-4.1,5.17,-1.45,216.00,111.00,,
2018/05/15,36,GUFL,-,116.0,116.0,115.0,115.0,115.00,0.0,0.0,115.76,131.00,117.00,"15,165.00",3,-2.0,1.0,-1.71,0.87,-0.66,215.00,111.00,,
2018/05/16,75,GUFL,31.47,513.0,518.5,500.0,507.9,507.90,0.0,0.0,505.88,"1,258.00",510.00,"636,395.00",25,-2.1,18.5,-0.41,3.7,0.4,840.00,465.50,554.54,582.06
2018/05/20,39,GUFL,-,115.0,115.0,115.0,115.0,115.00,0.0,0.0,115.00,600.00,117.00,"69,000.00",2,-2.0,0.0,-1.71,0.0,0.0,213.00,111.00,,
2018/05/21,36,GUFL,-,117.0,117.0,114.0,114.0,114.00,0.0,0.0,115.71,665.00,115.00,"76,950.00",7,-1.0,3.0,-0.87,2.63,-1.5,213.00,111.00,,
2018/05/22,38,GUFL,-,116.0,116.0,115.0,115.0,115.00,0.0,0.0,115.68,439.00,114.00,"50,785.00",5,1.0,1.0,0.88,0.87,-0.59,213.00,111.00,,
2018/05/23,38,GUFL,-,115.0,115.0,114.0,114.0,114.00,0.0,0.0,114.90,"7,709.00",115.00,"885,746.00",16,-1.0,1.0,-0.87,0.88,-0.79,213.00,111.00,,
2018/05/24,38,GUFL,-,116.0,116.0,116.0,116.0,116.00,0.0,0.0,116.00,310.00,114.00,"35,960.00",1,2.0,0.0,1.75,0.0,0.0,213.00,111.00,,
2018/04/06,75,GUFL,31.47,513.0,518.5,500.0,507.9,507.90,0.0,0.0,505.88,"1,258.00",510.00,"636,395.00",25,-2.1,18.5,-0.41,3.7,0.4,840.00,465.50,554.54,582.06
2018/04/08,41,GUFL,-,124.0,126.0,124.0,126.0,126.00,0.0,0.0,125.14,"1,753.00",124.00,"219,372.00",4,2.0,2.0,1.61,1.61,0.68,306.00,111.00,,
2018/04/09,40,GUFL,-,124.0,124.0,120.0,120.0,120.00,0.0,0.0,121.38,588.00,126.00,"71,370.00",6,-6.0,4.0,-4.76,3.33,-1.15,306.00,111.00,,
2018/04/10,37,GUFL,-,122.0,126.0,122.0,122.0,122.00,0.0,0.0,123.01,"1,154.00",120.00,"141,948.00",9,2.00,4.00,1.67,3.28,-0.82,306.00,111.00,,
2018/04/11,38,GUFL,-,120.0,122.0,116.0,116.0,116.00,0.0,0.0,117.41,"2,669.00",122.00,"313,359.00",9,-6.0,6.0,-4.92,5.17,-1.21,306.00,111.00,,
2018/04/12,38,GUFL,-,118.0,118.0,116.0,116.0,116.00,0.0,0.0,117.06,"1,131.00",116.00,"132,396.00",3,0.0,2.00,0.0,1.72,-0.91,306.00,111.00,,
2018/04/15,37,GUFL,-,116.0,116.0,115.0,115.0,115.00,0.0,0.0,115.06,168.00,116.00,"19,330.00",2,-1.0,1.0,-0.86,0.87,-0.05,306.00,111.00,,
2018/04/16,41,GUFL,-,116.0,124.0,116.0,124.0,124.00,0.0,0.0,116.73,627.00,115.00,"73,188.00",5,9.0,8.0,7.83,6.9,5.87,306.00,111.00,,
2018/04/17,39,GUFL,-,122.0,126.0,122.0,125.0,125.00,0.0,0.0,124.47,"17,154.00",124.00,"2,135,181.00",26,1.0,4.0,0.81,3.28,0.42,306.00,111.00,,
2018/04/18,41,GUFL,-,124.0,129.0,121.0,129.0,129.00,0.0,0.0,123.97,"1,960.00",125.00,"242,990.00",13,4.00,8.00,3.2,6.61,3.9,306.00,111.00,,
2018/04/19,41,GUFL,-,131.0,134.0,128.0,128.0,128.00,0.0,0.0,129.46,"3,348.00",129.00,"433,417.00",16,-1.0,6.00,-0.78,4.69,-1.14,306.00,111.00,,
2018/04/22,41,GUFL,-,130.0,134.0,130.0,134.0,134.00,0.0,0.0,130.50,616.00,128.00,"80,389.00",6,6.00,4.00,4.69,3.08,2.61,306.00,111.00,,
2018/04/23,42,GUFL,-,134.0,136.0,132.0,132.0,132.00,0.0,0.0,133.25,"3,450.00",134.00,"459,700.00",8,-2.0,4.00,-1.49,3.03,-0.94,305.00,111.00,,
2018/04/24,43,GUFL,-,134.0,134.0,132.0,134.0,134.00,0.0,0.0,133.53,212.00,132.00,"28,308.00",8,2.0,2.0,1.52,1.52,0.35,305.00,111.00,,
2018/04/26,38,GUFL,-,133.0,133.0,128.0,128.0,128.00,0.0,0.0,129.56,177.00,134.00,"22,933.00",5,-6.0,5.0,-4.48,3.91,-1.22,290.00,111.00,,
2018/03/13,38,GUFL,-,124.0,124.0,122.0,122.0,122.00,0.0,0.0,122.57,424.00,124.00,"51,968.00",3,-2.0,2.0,-1.61,1.64,-0.46,306.00,30.00,,
2018/03/14,34,GUFL,-,122.0,124.0,122.0,124.0,124.00,0.0,0.0,123.90,842.00,122.00,"104,324.00",5,2.0,2.0,1.64,1.64,0.08,306.00,30.00,,
2018/03/15,35,GUFL,-,122.0,122.0,120.0,122.0,122.00,0.0,0.0,121.16,238.00,124.00,"28,836.00",3,-2.0,2.0,-1.61,1.67,0.69,306.00,30.00,,
2018/03/18,36,GUFL,-,124.0,124.0,123.0,123.0,123.00,0.0,0.0,123.67,150.00,122.00,"18,550.00",2,1.0,1.0,0.82,0.81,-0.54,306.00,30.00,,
2018/03/19,37,GUFL,-,123.0,123.0,122.0,123.0,123.00,0.0,0.0,122.99,"21,754.00",123.00,"2,675,602.00",4,0.0,1.0,0.0,0.82,0.01,306.00,30.00,,
2018/03/20,35,GUFL,-,123.0,124.0,121.0,123.0,123.00,0.0,0.0,122.71,"3,940.00",123.00,"483,485.00",10,0.0,3.0,0.0,2.48,0.23,306.00,30.00,,
2018/03/21,36,GUFL,-,123.0,123.0,119.0,119.0,119.00,0.0,0.0,120.73,"2,463.00",123.00,"297,369.00",6,-4.00,4.00,-3.25,3.36,-1.46,306.00,30.00,,
2018/03/22,35,GUFL,-,119.0,124.0,119.0,120.0,120.00,0.0,0.0,119.92,"30,650.00",119.00,"3,675,500.00",27,1.0,5.0,0.84,4.2,0.07,306.00,30.00,,
2018/03/26,36,GUFL,-,122.0,122.0,115.0,115.0,115.00,0.0,0.0,119.44,"5,070.00",120.00,"605,560.00",14,-5.00,7.00,-4.17,6.09,-3.86,306.00,30.00,,
2018/03/27,40,GUFL,-,113.0,117.0,111.0,117.0,117.00,0.0,0.0,115.18,550.00,115.00,"63,350.00",7,2.0,6.00,1.74,5.41,1.55,306.00,30.00,,
2018/03/28,37,GUFL,-,118.0,120.0,116.0,118.0,118.00,0.0,0.0,117.90,"2,865.00",117.00,"337,795.00",10,1.0,4.0,0.85,3.45,0.08,306.00,30.00,,
2018/03/29,40,GUFL,-,119.0,121.0,119.0,121.0,121.00,0.0,0.0,119.45,357.00,118.00,"42,643.00",5,3.0,2.0,2.54,1.68,1.28,306.00,30.00,,
2018/04/01,36,GUFL,-,120.0,120.0,118.0,118.0,118.00,0.0,0.0,118.86,350.00,121.00,"41,600.00",4,-3.0,2.0,-2.48,1.69,-0.73,306.00,30.00,,
2018/04/02,35,GUFL,-,119.0,120.0,119.0,120.0,120.00,0.0,0.0,119.59,"4,460.00",118.00,"533,350.00",8,2.0,1.0,1.69,0.84,0.35,306.00,30.00,,
2018/04/03,36,GUFL,-,120.0,120.0,120.0,120.0,120.00,0.0,0.0,120.00,200.00,120.00,"24,000.00",5,0.0,0.0,0.0,0.0,0.0,306.00,30.00,,
2018/04/04,39,GUFL,-,120.0,120.0,118.0,120.0,120.00,0.0,0.0,119.87,"2,689.00",120.00,"322,342.00",8,0.0,2.0,0.0,1.69,0.1,306.00,30.00,,
2018/02/12,38,GUFL,-,136.0,138.0,138.0,138.0,138.00,0.0,0.0,138.00,200.00,136.00,"27,600.00",1,2.0,0.0,0.0,0.0,0.0,0.0,0.0,,
2018/02/14,37,GUFL,-,138.0,139.0,136.0,136.0,136.00,0.0,0.0,136.90,"2,307.00",138.00,"315,819.00",9,-2.0,3.0,0.0,2.21,-0.66,0.0,0.0,,
2018/02/15,41,GUFL,-,136.0,143.0,135.0,143.0,143.00,0.0,0.0,135.70,"13,474.00",136.00,"1,828,430.00",12,7.0,8.0,0.0,5.93,5.1,0.0,0.0,,
2018/02/18,39,GUFL,-,141.0,141.0,139.0,139.0,139.00,0.0,0.0,140.93,518.00,143.00,"73,002.00",2,-4.0,2.0,-2.8,1.44,-1.39,306.00,30.00,,
2018/02/20,40,GUFL,-,137.0,137.0,135.0,135.0,135.00,0.0,0.0,136.54,"1,476.00",139.00,"201,540.00",6,-4.0,2.0,-2.88,1.48,-1.14,306.00,30.00,,
2018/02/21,35,GUFL,-,137.0,138.0,136.0,136.0,136.00,0.0,0.0,136.48,211.00,135.00,"28,797.00",4,1.0,2.0,0.74,1.47,-0.35,306.00,30.00,,
2018/02/22,36,GUFL,-,136.0,136.0,136.0,136.0,136.00,0.0,0.0,136.00,29.00,136.00,"3,944.00",1,0.0,0.0,0.0,0.0,0.0,306.00,30.00,,
2018/02/25,75,GUFL,31.47,513.0,518.5,500.0,507.9,507.90,0.0,0.0,505.88,"1,258.00",510.00,"636,395.00",25,-2.1,18.5,-0.41,3.7,0.4,840.00,465.50,554.54,582.06
2018/02/26,35,GUFL,-,135.0,135.0,128.0,128.0,128.00,0.0,0.0,130.47,"1,812.00",133.00,"236,420.00",6,-5.00,7.00,-3.76,5.47,-1.93,306.00,30.00,,
2018/02/27,36,GUFL,-,130.0,136.0,130.0,135.0,135.00,0.0,0.0,133.33,318.00,128.00,"42,400.00",6,7.0,6.0,5.47,4.62,1.23,306.00,30.00,,
2018/02/28,39,GUFL,-,133.0,133.0,130.0,130.0,130.00,0.0,0.0,130.97,493.00,135.00,"64,566.00",7,-5.0,3.0,-3.7,2.31,-0.74,306.00,30.00,,
2018/03/04,33,GUFL,-,128.0,128.0,121.0,124.0,124.00,0.0,0.0,123.45,"9,470.00",130.00,"1,169,110.00",29,-6.0,7.0,-4.62,5.79,0.44,306.00,30.00,,
2018/03/05,37,GUFL,-,126.0,128.0,122.0,124.0,124.00,0.0,0.0,122.93,"23,711.00",124.00,"2,914,802.00",29,0.0,6.0,0.0,4.92,0.86,306.00,30.00,,
2018/03/06,38,GUFL,-,123.0,126.0,122.0,126.0,126.00,0.0,0.0,123.53,"4,391.00",124.00,"542,404.00",11,2.0,4.00,1.61,3.28,1.96,306.00,30.00,,
2018/03/07,39,GUFL,-,128.0,130.0,126.0,126.0,126.00,0.0,0.0,126.24,"2,037.00",126.00,"257,142.00",4,0.0,4.0,0.0,3.17,-0.19,306.00,30.00,,
2018/03/11,40,GUFL,-,126.0,126.0,122.0,124.0,124.00,0.0,0.0,123.77,"1,627.00",126.00,"201,374.00",9,-2.0,4.0,-1.59,3.28,0.19,306.00,30.00,,
2018/01/16,38,GUFL,-,141.0,148.0,141.0,143.0,143.00,0.0,0.0,143.24,"26,386.00",141.00,"3,779,624.00",43,2.0,7.0,0.0,4.96,-0.17,0.0,0.0,,
2018/01/17,37,GUFL,-,143.0,143.0,141.0,143.0,143.00,0.0,0.0,141.71,28.00,143.00,"3,968.00",2,0.0,2.0,0.0,1.42,0.9,0.0,0.0,,
2018/01/21,40,GUFL,-,143.0,146.0,142.0,146.0,146.00,0.0,0.0,143.49,"2,860.00",143.00,"410,387.00",14,3.0,4.0,0.0,2.82,1.72,0.0,0.0,,
2018/01/22,40,GUFL,-,146.0,146.0,144.0,145.0,145.00,0.0,0.0,145.51,87.00,146.00,"12,659.00",6,-1.0,2.0,0.0,1.39,-0.35,0.0,0.0,,
2018/01/23,39,GUFL,-,145.0,143.0,135.0,138.0,138.00,0.0,0.0,137.18,"8,684.00",145.00,"1,191,273.00",23,-7.0,8.0,0.0,5.93,0.59,0.0,0.0,,
2018/01/24,39,GUFL,-,138.0,142.0,139.0,142.0,142.00,0.0,0.0,140.38,"1,310.00",138.00,"183,900.00",4,4.0,3.0,0.0,2.16,1.14,0.0,0.0,,
2018/01/25,40,GUFL,-,142.0,141.0,140.0,140.0,140.00,0.0,0.0,140.83,"1,429.00",142.00,"201,253.00",15,-2.0,1.0,0.0,0.71,-0.6,0.0,0.0,,
2018/01/28,40,GUFL,-,140.0,140.0,138.0,138.0,138.00,0.0,0.0,138.20,284.00,140.00,"39,250.00",4,-2.0,2.0,0.0,1.45,-0.15,0.0,0.0,,
2018/01/29,38,GUFL,-,138.0,138.0,136.0,136.0,136.00,0.0,0.0,136.05,730.00,138.00,"99,318.00",3,-2.0,2.0,0.0,1.47,-0.04,0.0,0.0,,
2018/01/31,39,GUFL,-,136.0,144.0,136.0,144.0,144.00,0.0,0.0,139.28,"1,060.00",136.00,"147,632.00",6,8.0,8.0,0.0,5.88,3.28,0.0,0.0,,
2018/02/01,37,GUFL,-,144.0,144.0,142.0,142.0,142.00,0.0,0.0,143.96,870.00,144.00,"125,244.00",5,-2.0,2.0,0.0,1.41,-1.38,0.0,0.0,,
2018/02/04,37,GUFL,-,142.0,140.0,136.0,139.0,139.00,0.0,0.0,138.83,"2,672.00",142.00,"370,946.00",10,-3.0,4.0,0.0,2.94,0.12,0.0,0.0,,
2018/02/05,34,GUFL,-,139.0,138.0,135.0,135.0,135.00,0.0,0.0,136.36,"2,484.00",139.00,"338,710.00",16,-4.0,3.0,0.0,2.22,-1.0,0.0,0.0,,
2018/02/06,34,GUFL,-,135.0,137.0,134.0,134.0,134.00,0.0,0.0,134.80,"3,596.00",135.00,"484,724.00",14,-1.0,3.0,0.0,2.24,-0.59,0.0,0.0,,
2018/02/07,38,GUFL,-,134.0,141.0,135.0,141.0,141.00,0.0,0.0,138.12,213.00,134.00,"29,420.00",6,7.0,6.0,0.0,4.44,2.04,0.0,0.0,,
2018/02/08,36,GUFL,-,141.0,139.0,136.0,136.0,136.00,0.0,0.0,138.27,"1,351.00",141.00,"186,808.00",15,-5.0,3.0,0.0,2.21,-1.67,0.0,0.0,,
2017/12/19,38,GUFL,-,158.0,162.0,156.0,160.0,160.00,0.0,0.0,157.43,"2,826.00",158.00,"444,902.00",12,2.0,6.0,0.0,3.85,1.61,0.0,0.0,,
2017/12/20,37,GUFL,-,160.0,160.0,157.0,158.0,158.00,0.0,0.0,158.07,"1,611.00",160.00,"254,652.00",10,-2.0,3.0,0.0,1.91,-0.04,0.0,0.0,,
2017/12/21,35,GUFL,-,158.0,161.0,156.0,156.0,156.00,0.0,0.0,157.00,827.00,158.00,"129,839.00",6,-2.0,5.0,0.0,3.21,-0.64,0.0,0.0,,
2017/12/24,37,GUFL,-,156.0,155.0,153.0,155.0,155.00,0.0,0.0,154.60,332.00,156.00,"51,328.00",5,-1.0,2.0,0.0,1.31,0.26,0.0,0.0,,
2017/12/26,40,GUFL,-,155.0,152.0,151.0,151.0,151.00,0.0,0.0,151.66,841.00,155.00,"127,547.00",10,-4.0,1.0,0.0,0.66,-0.44,0.0,0.0,,
2017/12/27,36,GUFL,-,151.0,150.0,146.0,146.0,146.00,0.0,0.0,148.03,"3,673.00",151.00,"543,728.00",16,-5.0,4.0,0.0,2.74,-1.39,0.0,0.0,,
2017/12/28,39,GUFL,-,146.0,148.0,144.0,146.0,146.00,0.0,0.0,145.71,"2,598.00",146.00,"378,548.00",15,0.0,4.0,0.0,2.78,0.2,0.0,0.0,,
2017/12/31,38,GUFL,-,146.0,144.0,140.0,140.0,140.00,0.0,0.0,141.22,"1,619.00",146.00,"228,636.00",8,-6.0,4.0,0.0,2.86,-0.87,0.0,0.0,,
2018/01/01,38,GUFL,-,140.0,145.0,141.0,145.0,145.00,0.0,0.0,141.06,"4,765.00",140.00,"672,143.00",6,5.00,4.00,0.0,2.84,2.72,0.0,0.0,,
2018/01/02,39,GUFL,-,145.0,147.0,145.0,145.0,145.00,0.0,0.0,145.92,"1,540.00",145.00,"224,720.00",7,0.0,2.0,0.0,1.38,-0.64,0.0,0.0,,
2018/01/04,40,GUFL,-,145.0,144.0,143.0,144.0,144.00,0.0,0.0,143.50,100.00,145.00,"14,350.00",2,-1.0,1.0,0.0,0.7,0.35,0.0,0.0,,
2018/01/07,38,GUFL,-,144.0,148.0,146.0,148.0,148.00,0.0,0.0,146.16,"6,236.00",144.00,"911,456.00",3,4.0,2.0,0.0,1.37,1.24,0.0,0.0,,
2018/01/08,40,GUFL,-,148.0,150.0,149.0,149.0,149.00,0.0,0.0,149.06,390.00,148.00,"58,135.00",3,1.0,1.0,0.0,0.67,-0.04,0.0,0.0,,
2018/01/09,41,GUFL,-,149.0,150.0,143.0,144.0,144.00,0.0,0.0,145.34,578.00,149.00,"84,004.00",11,-5.0,7.0,0.0,4.9,-0.93,0.0,0.0,,
2018/01/10,37,GUFL,-,144.0,143.0,140.0,141.0,141.00,0.0,0.0,141.18,"1,758.00",144.00,"248,190.00",10,-3.0,3.0,0.0,2.14,-0.13,0.0,0.0,,
2017/11/22,37,GUFL,-,155.0,154.0,151.0,154.0,154.00,0.0,0.0,152.83,"1,523.00",155.00,"232,755.00",15,-1.0,3.0,0.0,1.99,0.76,0.0,0.0,,
2017/11/23,39,GUFL,-,154.0,163.0,157.0,161.0,161.00,0.0,0.0,161.11,"3,105.00",154.00,"500,250.00",15,7.0,6.0,0.0,3.82,-0.07,0.0,0.0,,
2017/11/26,39,GUFL,-,161.0,162.0,158.0,162.0,162.00,0.0,0.0,158.42,611.00,161.00,"96,794.00",5,1.0,4.0,0.0,2.53,2.21,0.0,0.0,,
2017/11/27,38,GUFL,-,162.0,160.0,156.0,159.0,159.00,0.0,0.0,158.50,"2,470.00",162.00,"391,490.00",8,-3.0,4.0,0.0,2.56,0.32,0.0,0.0,,
2017/11/28,39,GUFL,-,159.0,162.0,157.0,157.0,157.00,0.0,0.0,159.72,"5,455.00",159.00,"871,257.00",13,-2.0,5.0,0.0,3.18,-1.73,0.0,0.0,,
2017/11/29,40,GUFL,-,157.0,163.0,158.0,163.0,163.00,0.0,0.0,160.95,"1,183.00",157.00,"190,406.00",9,6.0,5.0,0.0,3.16,1.26,0.0,0.0,,
2017/11/30,40,GUFL,-,163.0,166.0,160.0,166.0,166.00,0.0,0.0,162.23,"3,519.00",163.00,"570,887.00",19,3.0,6.0,0.0,3.75,2.27,0.0,0.0,,
2017/12/04,39,GUFL,-,166.0,164.0,160.0,164.0,164.00,0.0,0.0,161.12,"6,307.00",166.00,"1,016,165.00",19,-2.0,4.0,0.0,2.5,1.76,0.0,0.0,,
2017/12/05,39,GUFL,-,164.0,165.0,160.0,164.0,164.00,0.0,0.0,162.00,"5,193.00",164.00,"841,278.00",14,0.0,5.0,0.0,3.13,1.22,0.0,0.0,,
2017/12/06,40,GUFL,-,164.0,167.0,160.0,167.0,167.00,0.0,0.0,165.40,"4,289.00",164.00,"709,399.00",18,3.0,7.0,0.0,4.38,0.96,0.0,0.0,,
2017/12/10,38,GUFL,-,167.0,170.0,163.0,167.0,167.00,0.0,0.0,164.27,"5,235.00",167.00,"859,948.00",11,0.0,7.0,0.0,4.29,1.64,0.0,0.0,,
2017/12/11,38,GUFL,-,167.0,164.0,158.0,161.0,161.00,0.0,0.0,161.00,50.00,167.00,"8,050.00",4,-6.0,6.0,0.0,3.8,0.0,0.0,0.0,,
2017/12/12,37,GUFL,-,161.0,164.0,157.0,164.0,164.00,0.0,0.0,160.15,"4,742.00",161.00,"759,451.00",14,3.0,7.0,0.0,4.46,2.35,0.0,0.0,,
2017/12/13,37,GUFL,-,164.0,162.0,159.0,162.0,162.00,0.0,0.0,159.30,"16,136.00",164.00,"2,570,453.00",14,-2.0,3.0,0.0,1.89,1.67,0.0,0.0,,
2017/12/14,37,GUFL,-,162.0,165.0,159.0,165.0,165.00,0.0,0.0,161.56,"1,783.00",162.00,"288,053.00",10,3.0,6.0,0.0,3.77,2.09,0.0,0.0,,
2017/12/17,40,GUFL,-,165.0,164.0,159.0,164.0,164.00,0.0,0.0,160.71,801.00,165.00,"128,732.00",8,-1.0,5.0,0.0,3.14,2.0,0.0,0.0,,
2017/10/30,39,GUFL,-,179.0,183.0,179.0,181.0,181.00,0.0,0.0,179.71,"2,760.00",179.00,"496,010.00",11,2.0,4.0,0.0,2.23,0.71,0.0,0.0,,
2017/10/31,38,GUFL,-,181.0,190.0,182.0,189.0,189.00,0.0,0.0,185.86,"7,263.00",181.00,"1,349,910.00",24,8.0,8.00,0.0,4.4,1.66,0.0,0.0,,
2017/11/01,37,GUFL,-,189.0,186.0,182.0,182.0,182.00,0.0,0.0,185.57,"3,375.00",189.00,"626,283.00",6,-7.0,4.0,0.0,2.2,-1.96,0.0,0.0,,
2017/11/02,35,GUFL,-,182.0,184.0,179.0,180.0,180.00,0.0,0.0,181.38,"9,104.00",182.00,"1,651,271.00",30,-2.0,5.0,0.0,2.79,-0.77,0.0,0.0,,
2017/11/05,37,GUFL,-,180.0,178.0,169.0,170.0,170.00,0.0,0.0,170.35,"41,072.00",180.00,"6,996,809.00",27,-10.0,9.0,0.0,5.33,-0.21,0.0,0.0,,
2017/11/06,40,GUFL,-,170.0,173.0,168.0,172.0,172.00,0.0,0.0,171.14,"1,253.00",170.00,"214,440.00",11,2.0,5.0,0.0,2.98,0.5,0.0,0.0,,
2017/11/07,36,GUFL,-,172.0,174.0,170.0,173.0,173.00,0.0,0.0,170.47,"1,285.00",172.00,"219,056.00",13,1.0,4.0,0.0,2.35,1.46,0.0,0.0,,
2017/11/08,38,GUFL,-,173.0,170.0,166.0,166.0,166.00,0.0,0.0,167.93,"1,532.00",173.00,"257,265.00",11,-7.00,4.0,0.0,2.41,-1.16,0.0,0.0,,
2017/11/09,37,GUFL,-,166.0,168.0,161.0,168.0,168.00,0.0,0.0,162.68,"2,958.00",166.00,"481,212.00",12,2.0,7.0,0.0,4.35,3.17,0.0,0.0,,
2017/11/12,38,GUFL,-,168.0,165.0,159.0,165.0,165.00,0.0,0.0,160.54,"7,676.00",168.00,"1,232,308.00",14,-3.0,6.0,0.0,3.77,2.7,0.0,0.0,,
2017/11/13,39,GUFL,-,165.0,168.0,162.0,167.0,167.00,0.0,0.0,165.77,235.00,165.00,"38,957.00",5,2.0,6.00,0.0,3.7,0.73,0.0,0.0,,
2017/11/14,38,GUFL,-,167.0,172.0,165.0,172.0,172.00,0.0,0.0,168.15,979.00,167.00,"164,616.00",7,5.0,7.0,0.0,4.24,2.24,0.0,0.0,,
2017/11/15,36,GUFL,-,172.0,169.0,166.0,166.0,166.00,0.0,0.0,166.26,361.00,172.00,"60,019.00",6,-6.0,3.0,0.0,1.81,-0.16,0.0,0.0,,
2017/11/16,75,GUFL,31.47,513.0,518.5,500.0,507.9,507.90,0.0,0.0,505.88,"1,258.00",510.00,"636,395.00",25,-2.1,18.5,-0.41,3.7,0.4,840.00,465.50,554.54,582.06
2017/11/19,38,GUFL,-,163.0,164.0,158.0,159.0,159.00,0.0,0.0,159.04,"6,038.00",163.00,"960,302.00",15,-4.0,6.0,0.0,3.8,-0.03,0.0,0.0,,
2017/11/20,38,GUFL,-,159.0,159.0,157.0,157.0,157.00,0.0,0.0,157.21,"3,854.00",159.00,"605,882.00",19,-2.0,2.0,0.0,1.27,-0.13,0.0,0.0,,
2017/10/04,36,GUFL,-,191.0,192.0,192.0,192.0,192.00,0.0,0.0,192.00,36.00,191.00,"6,912.00",1,1.0,0.0,0.0,0.0,0.0,0.0,0.0,,
2017/10/09,37,GUFL,-,192.0,192.0,189.0,192.0,192.00,0.0,0.0,191.00,30.00,192.00,"5,730.00",2,0.0,3.0,0.0,1.59,0.52,0.0,0.0,,
2017/10/10,36,GUFL,-,192.0,191.0,185.0,191.0,191.00,0.0,0.0,186.90,"5,079.00",192.00,"949,255.00",9,-1.0,6.0,0.0,3.24,2.15,0.0,0.0,,
2017/10/11,38,GUFL,-,191.0,188.0,181.0,181.0,181.00,0.0,0.0,183.44,"2,585.00",191.00,"474,181.00",8,-10.0,7.0,0.0,3.87,-1.35,0.0,0.0,,
2017/10/12,34,GUFL,-,181.0,184.0,179.0,181.0,181.00,0.0,0.0,179.78,"9,786.00",181.00,"1,759,314.00",15,0.0,5.0,0.0,2.79,0.67,0.0,0.0,,
2017/10/15,36,GUFL,-,181.0,186.0,183.0,186.0,186.00,0.0,0.0,183.05,"6,095.00",181.00,"1,115,670.00",4,5.0,3.0,0.0,1.64,1.59,0.0,0.0,,
2017/10/16,41,GUFL,-,186.0,189.0,183.0,183.0,183.00,0.0,0.0,185.56,610.00,186.00,"113,190.00",3,-3.0,6.0,0.0,3.28,-1.4,0.0,0.0,,
2017/10/17,38,GUFL,-,183.0,186.0,183.0,183.0,183.00,0.0,0.0,183.22,275.00,183.00,"50,385.00",2,0.0,3.0,0.0,1.64,-0.12,0.0,0.0,,
2017/10/19,75,GUFL,31.47,513.0,518.5,500.0,507.9,507.90,0.0,0.0,505.88,"1,258.00",510.00,"636,395.00",25,-2.1,18.5,-0.41,3.7,0.4,840.00,465.50,554.54,582.06
2017/10/22,36,GUFL,-,183.0,186.0,186.0,186.0,186.00,0.0,0.0,186.00,100.00,183.00,"18,600.00",3,3.0,0.0,0.0,0.0,0.0,0.0,0.0,,
2017/10/24,39,GUFL,-,186.0,185.0,185.0,185.0,185.00,0.0,0.0,185.00,90.00,186.00,"16,650.00",1,-1.0,0.0,0.0,0.0,0.0,0.0,0.0,,
2017/10/25,37,GUFL,-,185.0,182.0,179.0,179.0,179.00,0.0,0.0,179.34,88.00,185.00,"15,782.00",3,-6.0,3.0,0.0,1.68,-0.19,0.0,0.0,,
2017/08/28,37,GUFL,-,191.0,195.0,192.0,195.0,195.00,0.0,0.0,194.24,308.00,191.00,"59,826.00",4,4.0,3.0,0.0,1.56,0.39,0.0,0.0,,
2017/09/04,38,GUFL,-,195.0,194.0,191.0,191.0,191.00,0.0,0.0,193.96,"16,514.00",195.00,"3,203,114.00",4,-4.0,3.0,0.0,1.57,-1.55,0.0,0.0,,
2017/09/06,75,GUFL,31.47,513.0,518.5,500.0,507.9,507.90,0.0,0.0,505.88,"1,258.00",510.00,"636,395.00",25,-2.1,18.5,-0.41,3.7,0.4,840.00,465.50,554.54,582.06
2017/09/07,38,GUFL,-,185.0,188.0,185.0,187.0,187.00,0.0,0.0,186.37,"1,995.00",185.00,"371,805.00",14,2.0,3.0,0.0,1.62,0.34,0.0,0.0,,
2017/09/10,38,GUFL,-,187.0,187.0,180.0,180.0,180.00,0.0,0.0,181.76,848.00,187.00,"154,136.00",5,-7.00,7.0,0.0,3.89,-0.98,0.0,0.0,,
2017/09/11,37,GUFL,-,180.0,189.0,180.0,187.0,187.00,0.0,0.0,184.55,"3,199.00",180.00,"590,364.00",12,7.0,9.0,0.0,5.0,1.31,0.0,0.0,,
2017/09/12,36,GUFL,-,187.0,184.0,180.0,183.0,183.00,0.0,0.0,181.17,"14,853.00",187.00,"2,690,990.00",13,-4.0,4.0,0.0,2.22,1.0,0.0,0.0,,
2017/09/13,40,GUFL,-,183.0,186.0,184.0,186.0,186.00,0.0,0.0,185.97,601.00,183.00,"111,766.00",5,3.0,2.0,0.0,1.09,0.02,0.0,0.0,,
2017/09/14,39,GUFL,-,186.0,189.0,185.0,188.0,188.00,0.0,0.0,187.26,"1,008.00",186.00,"188,758.00",8,2.00,4.00,0.0,2.16,0.39,0.0,0.0,,
2017/09/17,40,GUFL,-,188.0,194.0,185.0,194.0,194.00,0.0,0.0,186.98,"3,747.00",188.00,"700,600.00",14,6.0,9.0,0.0,4.86,3.62,0.0,0.0,,
2017/09/18,40,GUFL,-,194.0,199.0,196.0,197.0,197.00,0.0,0.0,197.05,"18,388.00",194.00,"3,623,346.00",36,3.0,3.0,0.0,1.53,-0.03,0.0,0.0,,
2017/09/20,38,GUFL,-,197.0,204.0,196.0,199.0,199.00,0.0,0.0,198.80,200.00,197.00,"39,760.00",5,2.0,8.0,0.0,4.08,0.1,0.0,0.0,,
2017/09/25,38,GUFL,-,199.0,196.0,194.0,194.0,194.00,0.0,0.0,195.38,"5,408.00",199.00,"1,056,612.00",13,-5.0,2.0,0.0,1.03,-0.71,0.0,0.0,,
2017/08/01,36,GUFL,-,191.0,201.0,190.0,197.0,197.00,0.0,0.0,192.31,"6,428.00",191.00,"1,236,169.00",24,6.0,11.0,0.0,5.79,2.38,0.0,0.0,,
2017/08/02,38,GUFL,-,197.0,204.0,192.0,196.0,196.00,0.0,0.0,197.69,"7,699.00",197.00,"1,522,018.00",19,-1.0,12.0,0.0,6.25,-0.86,0.0,0.0,,
2017/08/03,38,GUFL,-,196.0,199.0,191.0,191.0,191.00,0.0,0.0,191.89,642.00,196.00,"123,194.00",9,-5.0,8.0,0.0,4.19,-0.47,0.0,0.0,,
2017/08/06,38,GUFL,-,191.0,193.0,190.0,193.0,193.00,0.0,0.0,190.82,500.00,191.00,"95,411.00",14,2.0,3.0,0.0,1.58,1.13,0.0,0.0,,
2017/08/07,37,GUFL,-,193.0,204.0,194.0,197.0,197.00,0.0,0.0,198.59,"19,474.00",193.00,"3,867,296.00",49,4.0,10.0,0.0,5.15,-0.81,0.0,0.0,,
2017/08/09,38,GUFL,-,197.0,208.0,194.0,201.0,201.00,0.0,0.0,199.51,"10,028.00",197.00,"2,000,682.00",29,4.0,14.00,0.0,7.22,0.74,0.0,0.0,,
2017/08/10,39,GUFL,-,201.0,200.0,197.0,197.0,197.00,0.0,0.0,197.05,"6,350.00",201.00,"1,251,250.00",3,-4.0,3.0,0.0,1.52,-0.02,0.0,0.0,,
2017/08/13,39,GUFL,-,197.0,213.0,195.0,205.0,205.00,0.0,0.0,201.55,"16,213.00",197.00,"3,267,671.00",40,8.0,18.0,0.0,9.23,1.68,0.0,0.0,,
2017/08/15,38,GUFL,-,205.0,207.0,199.0,203.0,203.00,0.0,0.0,202.69,"12,986.00",205.00,"2,632,134.00",27,-2.0,8.0,0.0,4.02,0.15,0.0,0.0,,
2017/08/16,38,GUFL,-,203.0,208.0,199.0,204.0,204.00,0.0,0.0,203.65,"25,977.00",203.00,"5,290,135.00",65,1.0,9.0,0.0,4.52,0.17,0.0,0.0,,
2017/08/17,39,GUFL,-,204.0,201.0,201.0,201.0,201.00,0.0,0.0,201.00,150.00,204.00,"30,150.00",2,-3.0,0.0,0.0,0.0,0.0,0.0,0.0,,
2017/08/20,38,GUFL,-,201.0,198.0,197.0,198.0,198.00,0.0,0.0,197.25,"1,194.00",201.00,"235,518.00",8,-3.0,1.0,0.0,0.51,0.38,0.0,0.0,,
2017/08/21,34,GUFL,-,198.0,197.0,196.0,196.0,196.00,0.0,0.0,196.38,"1,606.00",198.00,"315,382.00",6,-2.0,1.0,0.0,0.51,-0.19,0.0,0.0,,
2017/08/22,37,GUFL,-,196.0,195.0,192.0,192.0,192.00,0.0,0.0,192.24,"1,042.00",196.00,"200,314.00",5,-4.0,3.0,0.0,1.56,-0.12,0.0,0.0,,
2017/08/23,37,GUFL,-,192.0,191.0,190.0,191.0,191.00,0.0,0.0,190.68,97.00,192.00,"18,496.00",3,-1.0,1.0,0.0,0.53,0.17,0.0,0.0,,
2017/08/24,37,GUFL,-,191.0,194.0,194.0,194.0,194.00,0.0,0.0,194.00,147.00,191.00,"28,518.00",2,3.0,0.0,0.0,0.0,0.0,0.0,0.0,,
2017/07/09,34,GUFL,-,185.0,188.0,182.0,186.0,186.00,0.0,0.0,185.83,468.00,185.00,"86,970.00",6,1.0,6.0,0.0,3.3,0.09,0.0,0.0,,
2017/07/10,34,GUFL,-,186.0,186.0,183.0,186.0,186.00,0.0,0.0,184.13,"2,732.00",186.00,"503,040.00",13,0.00,3.0,0.0,1.64,1.01,0.0,0.0,,
2017/07/11,36,GUFL,-,186.0,186.0,183.0,186.0,186.00,0.0,0.0,184.07,160.00,186.00,"29,451.00",2,0.0,3.0,0.0,1.64,1.04,0.0,0.0,,
2017/07/12,32,GUFL,-,186.0,187.0,184.0,184.0,184.00,0.0,0.0,185.43,"1,523.00",186.00,"282,414.00",11,-2.0,3.0,0.0,1.63,-0.78,0.0,0.0,,
2017/07/13,33,GUFL,-,184.0,183.0,180.0,181.0,181.00,0.0,0.0,181.50,"1,400.00",184.00,"254,100.00",7,-3.0,3.0,0.0,1.67,-0.28,0.0,0.0,,
2017/07/16,35,GUFL,-,181.0,182.0,177.0,182.0,182.00,0.0,0.0,179.97,"1,777.00",181.00,"319,811.00",11,1.0,5.0,0.0,2.82,1.11,0.0,0.0,,
2017/07/17,36,GUFL,-,182.0,185.0,180.0,185.0,185.00,0.0,0.0,182.19,366.00,182.00,"66,680.00",5,3.0,5.0,0.0,2.78,1.52,0.0,0.0,,
2017/07/18,35,GUFL,-,185.0,192.0,185.0,192.0,192.00,0.0,0.0,189.79,"1,876.00",185.00,"356,040.00",10,7.00,7.0,0.0,3.78,1.15,0.0,0.0,,
2017/07/19,36,GUFL,-,192.0,195.0,189.0,189.0,189.00,0.0,0.0,191.58,"2,432.00",192.00,"465,912.00",9,-3.0,6.0,0.0,3.17,-1.36,0.0,0.0,,
2017/07/20,35,GUFL,-,189.0,186.0,185.0,186.0,186.00,0.0,0.0,185.25,610.00,189.00,"113,000.00",8,-3.0,1.0,0.0,0.54,0.41,0.0,0.0,,
2017/07/23,38,GUFL,-,186.0,192.0,186.0,192.0,192.00,0.0,0.0,186.94,"1,446.00",186.00,"270,319.00",6,6.0,6.0,0.0,3.23,2.63,0.0,0.0,,
2017/07/24,37,GUFL,-,192.0,189.0,180.0,180.0,180.00,0.0,0.0,183.47,"9,006.00",192.00,"1,652,295.00",24,-12.00,9.00,0.0,5.0,-1.93,0.0,0.0,,
2017/07/25,36,GUFL,-,180.0,183.0,180.0,183.0,183.00,0.0,0.0,180.34,"6,793.00",180.00,"1,225,053.00",14,3.00,3.00,0.0,1.67,1.45,0.0,0.0,,
2017/07/26,37,GUFL,-,183.0,194.0,178.0,194.0,194.00,0.0,0.0,185.36,"3,491.00",183.00,"647,104.00",19,11.00,16.00,0.0,8.99,4.45,0.0,0.0,,
2017/07/27,35,GUFL,-,194.0,194.0,188.0,194.0,194.00,0.0,0.0,190.19,"4,759.00",194.00,"905,136.00",11,0.00,6.00,0.0,3.19,1.96,0.0,0.0,,
2017/07/30,36,GUFL,-,194.0,194.0,188.0,193.0,193.00,0.0,0.0,190.57,"7,060.00",194.00,"1,345,440.00",17,-1.0,6.0,0.0,3.19,1.26,0.0,0.0,,
2017/06/12,75,GUFL,31.47,513.0,518.5,500.0,507.9,507.90,0.0,0.0,505.88,"1,258.00",510.00,"636,395.00",25,-2.1,18.5,-0.41,3.7,0.4,840.00,465.50,554.54,582.06
2017/06/13,33,GUFL,-,195.0,194.0,190.0,190.0,190.00,0.0,0.0,191.59,"1,228.00",195.00,"235,276.00",6,-5.0,4.0,0.0,2.11,-0.84,0.0,0.0,,
2017/06/14,35,GUFL,-,190.0,193.0,188.0,190.0,190.00,0.0,0.0,190.50,"2,685.00",190.00,"511,480.00",11,0.0,5.0,0.0,2.66,-0.26,0.0,0.0,,
2017/06/15,36,GUFL,-,190.0,195.0,190.0,195.0,195.00,0.0,0.0,191.08,622.00,190.00,"118,854.00",7,5.0,5.0,0.0,2.63,2.01,0.0,0.0,,
2017/06/18,36,GUFL,-,195.0,195.0,195.0,195.0,195.00,0.0,0.0,195.00,13.00,195.00,"2,535.00",1,0.0,0.0,0.0,0.0,0.0,0.0,0.0,,
2017/06/19,33,GUFL,-,195.0,195.0,193.0,195.0,195.00,0.0,0.0,193.72,896.00,195.00,"173,576.00",5,0.0,2.0,0.0,1.04,0.65,0.0,0.0,,
2017/06/20,32,GUFL,-,195.0,194.0,187.0,190.0,190.00,0.0,0.0,192.31,"1,238.00",195.00,"238,082.00",14,-5.0,7.0,0.0,3.74,-1.22,0.0,0.0,,
2017/06/21,36,GUFL,-,190.0,192.0,190.0,190.0,190.00,0.0,0.0,191.41,133.00,190.00,"25,458.00",3,0.0,2.0,0.0,1.05,-0.74,0.0,0.0,,
2017/06/22,32,GUFL,-,190.0,192.0,187.0,192.0,192.00,0.0,0.0,189.03,"4,160.00",190.00,"786,372.00",10,2.0,5.0,0.0,2.67,1.55,0.0,0.0,,
2017/06/25,34,GUFL,-,192.0,190.0,189.0,189.0,189.00,0.0,0.0,189.33,300.00,192.00,"56,800.00",2,-3.0,1.0,0.0,0.53,-0.18,0.0,0.0,,
2017/06/27,33,GUFL,-,189.0,192.0,186.0,186.0,186.00,0.0,0.0,186.44,"1,025.00",189.00,"191,100.00",3,-3.0,6.0,0.0,3.23,-0.24,0.0,0.0,,
2017/06/28,32,GUFL,-,186.0,188.0,187.0,188.0,188.00,0.0,0.0,187.04,"2,302.00",186.00,"430,561.00",4,2.0,1.0,0.0,0.53,0.51,0.0,0.0,,
2017/07/02,36,GUFL,-,188.0,188.0,186.0,186.0,186.00,0.0,0.0,187.21,101.00,188.00,"18,908.00",2,-2.0,2.0,0.0,1.08,-0.65,0.0,0.0,,
2017/07/03,33,GUFL,-,186.0,185.0,180.0,182.0,182.00,0.0,0.0,181.23,"1,868.00",186.00,"338,532.00",9,-4.0,5.0,0.0,2.78,0.42,0.0,0.0,,
2017/07/04,34,GUFL,-,182.0,182.0,179.0,179.0,179.00,0.0,0.0,179.58,824.00,182.00,"147,970.00",4,-3.0,3.0,0.0,1.68,-0.32,0.0,0.0,,
2017/07/05,33,GUFL,-,179.0,182.0,176.0,182.0,182.00,0.0,0.0,178.35,"2,309.00",179.00,"411,804.00",6,3.0,6.0,0.0,3.41,2.01,0.0,0.0,,
2017/04/16,30,GUFL,-,243.0,267.0,247.0,267.0,267.00,0.0,0.0,266.77,"53,319.00",243.00,"14,224,063.00",73,24.00,20.00,0.0,8.1,0.09,0.0,0.0,,
2017/05/15,32,GUFL,-,220.0,224.0,218.0,218.0,218.00,0.0,0.0,219.85,"7,076.00",220.00,"1,555,674.00",15,-2.0,6.0,0.0,2.75,-0.85,0.0,0.0,,
2017/06/11,32,GUFL,-,200.0,198.0,193.0,193.0,193.00,0.0,0.0,195.06,"1,700.00",200.00,"331,600.00",7,-7.0,5.0,0.0,2.59,-1.07,0.0,0.0,,
2017/07/06,34,GUFL,-,182.0,185.0,182.0,185.0,185.00,0.0,0.0,183.47,"3,070.00",182.00,"563,240.00",2,3.0,3.0,0.0,1.65,0.83,0.0,0.0,,
2017/07/31,36,GUFL,-,193.0,192.0,187.0,191.0,191.00,0.0,0.0,190.13,"10,826.00",193.00,"2,058,353.00",19,-2.0,5.00,0.0,2.67,0.46,0.0,0.0,,
2017/08/27,37,GUFL,-,194.0,191.0,191.0,191.0,191.00,0.0,0.0,191.00,151.00,194.00,"28,841.00",3,-3.0,0.0,0.0,0.0,0.0,0.0,0.0,,
2017/09/26,37,GUFL,-,194.0,191.0,191.0,191.0,191.00,0.0,0.0,191.00,31.00,194.00,"5,921.00",1,-3.0,0.0,0.0,0.0,0.0,0.0,0.0,,
2017/11/21,38,GUFL,-,157.0,162.0,152.0,155.0,155.00,0.0,0.0,154.63,"7,674.00",157.00,"1,186,650.00",25,-2.0,10.0,0.0,6.58,0.24,0.0,0.0,,
2017/12/18,39,GUFL,-,164.0,161.0,158.0,158.0,158.00,0.0,0.0,158.24,635.00,164.00,"100,480.00",4,-6.0,3.0,0.0,1.9,-0.15,0.0,0.0,,
2018/02/11,37,GUFL,-,136.0,136.0,136.0,136.0,136.00,0.0,0.0,136.00,80.00,136.00,"10,880.00",1,0.0,0.0,0.0,0.0,0.0,0.0,0.0,,
2018/03/12,38,GUFL,-,124.0,124.0,119.0,124.0,124.00,0.0,0.0,122.90,"13,758.00",124.00,"1,690,840.00",23,0.0,5.0,0.0,4.2,0.89,306.00,30.00,,
2018/04/05,40,GUFL,-,122.0,126.0,120.0,124.0,124.00,0.0,0.0,123.12,"2,679.00",120.00,"329,850.00",16,4.0,6.0,3.33,5.0,0.71,306.00,30.00,,
2018/04/29,42,GUFL,-,126.0,126.0,123.0,123.0,123.00,0.0,0.0,123.88,831.00,128.00,"102,943.00",6,-5.0,3.0,-3.91,2.44,-0.71,290.00,111.00,,
2018/05/27,36,GUFL,-,115.0,116.0,114.0,114.0,114.00,0.0,0.0,115.07,"1,004.00",116.00,"115,532.00",8,-2.0,2.0,-1.72,1.75,-0.94,213.00,111.00,,
2018/06/20,38,GUFL,-,109.0,109.0,109.0,109.0,109.00,0.0,0.0,109.00,100.00,109.00,"10,900.00",1,0.0,0.0,0.0,0.0,0.0,213.00,106.00,,
2018/07/15,47,GUFL,-,105.0,106.0,105.0,106.0,106.00,0.0,0.0,105.01,"1,013.00",105.00,"106,377.00",4,1.0,1.0,0.95,0.95,0.93,213.00,104.00,,
2018/08/07,36,GUFL,-,107.0,107.0,107.0,107.0,107.00,0.0,0.0,107.00,"1,752.00",107.00,"187,464.00",1,0.0,0.0,0.0,0.0,0.0,213.00,103.00,,
2017/05/16,31,GUFL,-,218.0,216.0,215.0,215.0,215.00,0.0,0.0,215.67,"1,840.00",218.00,"396,840.00",6,-3.0,1.0,0.0,0.47,-0.31,0.0,0.0,,
2017/05/17,32,GUFL,-,215.0,215.0,208.0,213.0,213.00,0.0,0.0,212.47,"2,804.00",215.00,"595,756.00",13,-2.0,7.0,0.0,3.37,0.25,0.0,0.0,,
2017/05/18,31,GUFL,-,213.0,215.0,210.0,212.0,212.00,0.0,0.0,211.84,"6,660.00",213.00,"1,410,860.00",15,-1.0,5.0,0.0,2.38,0.08,0.0,0.0,,
2017/05/21,33,GUFL,-,212.0,214.0,204.0,214.0,214.00,0.0,0.0,209.09,"3,320.00",212.00,"694,181.00",21,2.0,10.0,0.0,4.9,2.29,0.0,0.0,,
2017/05/22,33,GUFL,-,214.0,210.0,210.0,210.0,210.00,0.0,0.0,210.00,300.00,214.00,"63,000.00",3,-4.0,0.0,0.0,0.0,0.0,0.0,0.0,,
2017/05/23,33,GUFL,-,210.0,211.0,208.0,208.0,208.00,0.0,0.0,209.30,690.00,210.00,"144,420.00",5,-2.0,3.0,0.0,1.44,-0.63,0.0,0.0,,
2017/05/24,32,GUFL,-,208.0,210.0,210.0,210.0,210.00,0.0,0.0,210.00,100.00,208.00,"21,000.00",1,2.0,0.0,0.0,0.0,0.0,0.0,0.0,,
2017/05/28,32,GUFL,-,210.0,210.0,204.0,205.0,205.00,0.0,0.0,205.58,"1,200.00",210.00,"246,700.00",6,-5.0,6.0,0.0,2.94,-0.28,0.0,0.0,,
2017/05/30,33,GUFL,-,205.0,202.0,200.0,200.0,200.00,0.0,0.0,200.29,865.00,205.00,"173,249.00",12,-5.0,2.0,0.0,1.0,-0.14,0.0,0.0,,
2017/05/31,33,GUFL,-,200.0,205.0,195.0,205.0,205.00,0.0,0.0,198.63,"3,711.00",200.00,"737,133.00",18,5.0,10.0,0.0,5.13,3.11,0.0,0.0,,
2017/06/01,33,GUFL,-,205.0,205.0,200.0,200.0,200.00,0.0,0.0,200.99,"2,166.00",205.00,"435,338.00",12,-5.0,5.0,0.0,2.5,-0.49,0.0,0.0,,
2017/06/04,34,GUFL,-,200.0,198.0,198.0,198.0,198.00,0.0,0.0,198.00,24.00,200.00,"4,752.00",2,-2.0,0.0,0.0,0.0,0.0,0.0,0.0,,
2017/06/05,34,GUFL,-,198.0,201.0,199.0,199.0,199.00,0.0,0.0,199.78,"2,901.00",198.00,"579,551.00",25,1.0,2.0,0.0,1.01,-0.39,0.0,0.0,,
2017/06/06,34,GUFL,-,199.0,206.0,201.0,202.0,202.00,0.0,0.0,201.90,"3,214.00",199.00,"648,908.00",15,3.0,5.0,0.0,2.49,0.05,0.0,0.0,,
2017/06/07,34,GUFL,-,202.0,206.0,200.0,200.0,200.00,0.0,0.0,200.90,"3,365.00",202.00,"676,035.00",15,-2.0,6.0,0.0,3.0,-0.45,0.0,0.0,,
2017/06/08,32,GUFL,-,200.0,200.0,197.0,200.0,200.00,0.0,0.0,197.21,"2,369.00",200.00,"467,200.00",6,0.0,3.0,0.0,1.52,1.39,0.0,0.0,,
2017/04/18,32,GUFL,-,267.0,288.0,267.0,282.0,282.00,0.0,0.0,277.83,"56,147.00",267.00,"15,599,227.00",168,15.0,21.0,0.0,7.87,1.48,0.0,0.0,,
2017/04/19,33,GUFL,-,282.0,290.0,280.0,287.0,287.00,0.0,0.0,283.95,"22,541.00",282.00,"6,400,585.00",66,5.0,10.00,0.0,3.57,1.06,0.0,0.0,,
2017/04/20,30,GUFL,-,287.0,295.0,270.0,285.0,285.00,0.0,0.0,280.68,"21,632.00",287.00,"6,071,720.00",69,-2.0,25.00,0.0,9.26,1.51,0.0,0.0,,
2017/04/23,32,GUFL,-,285.0,295.0,285.0,287.0,287.00,0.0,0.0,289.66,"14,500.00",285.00,"4,200,053.00",39,2.00,10.0,0.0,3.51,-0.93,0.0,0.0,,
2017/04/24,30,GUFL,-,287.0,306.0,290.0,297.0,297.00,0.0,0.0,296.24,"26,021.00",287.00,"7,708,373.00",101,10.00,16.0,0.0,5.52,0.26,0.0,0.0,,
2017/04/25,32,GUFL,-,297.0,305.0,294.0,299.0,299.00,0.0,0.0,298.89,"34,867.00",297.00,"10,421,372.00",73,2.00,11.0,0.0,3.74,0.04,0.0,0.0,,
2017/04/26,32,GUFL,-,299.0,305.0,292.0,292.0,292.00,0.0,0.0,299.47,"5,229.00",299.00,"1,565,953.00",29,-7.00,13.00,0.0,4.45,-2.56,0.0,0.0,,
2017/04/27,32,GUFL,-,292.0,292.0,280.0,289.0,289.00,0.0,0.0,283.78,"48,910.00",292.00,"13,879,915.00",107,-3.0,12.00,0.0,4.29,1.8,0.0,0.0,,
2017/04/30,75,GUFL,31.47,513.0,518.5,500.0,507.9,507.90,0.0,0.0,505.88,"1,258.00",510.00,"636,395.00",25,-2.1,18.5,-0.41,3.7,0.4,840.00,465.50,554.54,582.06
2017/05/02,32,GUFL,-,288.0,290.0,270.0,290.0,290.00,0.0,0.0,282.84,"75,539.00",288.00,"21,365,136.00",114,2.0,20.0,0.0,7.41,2.47,0.0,0.0,,
2017/05/03,32,GUFL,-,227.0,245.0,223.0,227.0,227.00,0.0,0.0,229.76,"13,244.00",227.00,"3,042,924.00",54,0.0,22.0,0.0,9.87,-1.22,0.0,0.0,,
2017/05/04,31,GUFL,-,227.0,235.0,225.0,225.0,225.00,0.0,0.0,227.49,"7,375.00",227.00,"1,677,710.00",23,-2.0,10.0,0.0,4.44,-1.1,0.0,0.0,,
2017/05/07,32,GUFL,-,225.0,221.0,216.0,220.0,220.00,0.0,0.0,218.75,"9,907.00",225.00,"2,167,182.00",17,-5.0,5.0,0.0,2.31,0.57,0.0,0.0,,
2017/05/08,32,GUFL,-,220.0,221.0,215.0,217.0,217.00,0.0,0.0,216.76,"5,013.00",220.00,"1,086,636.00",13,-3.0,6.0,0.0,2.79,0.11,0.0,0.0,,
2017/05/09,31,GUFL,-,217.0,221.0,215.0,218.0,218.00,0.0,0.0,216.80,"14,052.00",217.00,"3,046,525.00",14,1.0,6.0,0.0,2.79,0.55,0.0,0.0,,
2017/05/11,32,GUFL,-,218.0,236.0,220.0,220.0,220.00,0.0,0.0,235.63,"39,200.00",218.00,"9,236,640.00",12,2.0,16.0,0.0,7.27,-7.1,0.0,0.0,,
2017/04/04,31,GUFL,-,127.0,139.0,129.0,139.0,139.00,0.0,0.0,134.00,60.00,127.00,"8,040.00",6,12.00,10.00,0.0,7.75,3.6,0.0,0.0,,
2017/04/06,29,GUFL,-,139.0,152.0,141.0,152.0,152.00,0.0,0.0,146.86,70.00,139.00,"10,280.00",7,13.00,11.00,0.0,7.8,3.38,0.0,0.0,,
2017/04/09,29,GUFL,-,152.0,167.0,155.0,167.0,167.00,0.0,0.0,30.65,"10,050.00",152.00,"308,050.00",6,15.0,12.00,0.0,7.74,81.65,0.0,0.0,,
2017/04/10,32,GUFL,-,167.0,183.0,170.0,183.0,183.00,0.0,0.0,182.67,"1,060.00",167.00,"193,630.00",7,16.0,13.00,0.0,7.65,0.18,0.0,0.0,,
2017/04/11,30,GUFL,-,183.0,201.0,186.0,201.0,201.00,0.0,0.0,193.50,60.00,183.00,"11,610.00",6,18.0,15.0,0.0,8.06,3.73,0.0,0.0,,
2017/04/12,32,GUFL,-,201.0,221.0,205.0,221.0,221.00,0.0,0.0,220.88,"3,290.00",201.00,"726,690.00",11,20.0,16.0,0.0,7.8,0.06,0.0,0.0,,
2017/04/13,30,GUFL,-,221.0,243.0,225.0,243.0,243.00,0.0,0.0,242.95,"10,139.00",221.00,"2,463,277.00",13,22.0,18.00,0.0,8.0,0.02,0.0,0.0,,
