Date,S.No,Symbol,Conf.,Open,High,Low,Close,LTP,Close - LTP,Close - LTP %,VWAP,Vol,Prev. Close,Turnover,Trans.,Diff,Range,Diff %,Range %,VWAP %,52 Weeks High,52 Weeks Low,120 Days,180 Days
2025/08/25,81,HHL,26.09,376.0,376.0,368.0,372.71,373.00,-0.29,0.0,370.97,"16,316.00",371.75,"6,052,802.70",128,0.96,8.0,0.26,2.17,0.47,635.00,351.00,,
2025/08/26,82,HHL,27.87,372.5,373.0,369.0,370.5,370.00,0.5,0.0,370.74,"17,013.00",372.71,"6,307,414.70",137,-2.21,4.0,-0.59,1.08,-0.07,635.00,351.00,,
2025/08/27,85,HHL,34.31,370.3,380.0,370.3,378.61,379.90,-1.29,0.0,376.80,"28,788.00",370.50,"10,847,206.80",194,8.11,9.7,2.19,2.62,0.48,635.00,351.00,,
2025/08/28,86,HHL,35.98,376.1,383.5,372.0,372.49,373.00,-0.51,0.0,375.97,"35,563.00",378.61,"13,370,498.60",219,-6.12,11.5,-1.62,3.09,-0.93,635.00,351.00,,
2025/08/31,82,HHL,32.88,372.0,379.2,364.0,364.83,365.50,-0.67,0.0,366.95,"29,434.00",372.49,"10,800,710.70",218,-7.66,15.2,-2.06,4.18,-0.58,635.00,351.00,,
2025/09/01,85,HHL,31.57,359.0,367.0,359.0,362.95,363.00,-0.05,0.0,363.44,"23,604.00",364.83,"8,578,707.10",174,-1.88,8.0,-0.52,2.23,-0.14,635.00,351.00,,
2025/09/02,84,HHL,31.8,363.0,365.0,357.0,357.71,360.00,-2.29,-0.01,360.60,"28,627.00",362.95,"10,322,827.80",181,-5.24,8.0,-1.44,2.24,-0.81,635.00,351.00,,
2025/09/03,88,HHL,29.58,355.0,367.2,353.7,356.66,357.50,-0.84,0.0,361.08,"20,348.00",357.71,"7,347,288.50",192,-1.05,13.5,-0.29,3.82,-1.24,635.00,351.00,,
2025/09/04,86,HHL,27.83,351.1,360.0,351.1,355.33,355.20,0.13,0.0,354.37,"16,851.00",356.66,"5,971,552.30",141,-1.33,8.9,-0.37,2.53,0.27,635.00,351.00,,
2025/09/07,90,HHL,28.67,356.0,359.0,351.1,353.72,354.50,-0.78,0.0,354.64,"14,124.00",355.33,"5,008,897.00",142,-1.61,7.9,-0.45,2.25,-0.26,635.00,351.00,,
2025/09/08,85,HHL,30.99,353.0,360.0,342.0,345.27,344.00,1.27,0.0,347.58,"26,304.00",353.72,"9,142,718.60",191,-8.45,18.0,-2.39,5.26,-0.67,635.00,342.00,,
2025/09/18,67,HHL,22.49,338.4,340.0,313.6,319.0,319.00,0.0,0.0,324.73,"3,276.00",345.27,"1,063,810.00",29,-26.27,26.4,-7.61,8.42,-1.8,635.00,313.60,,
2025/09/21,87,HHL,38.36,315.0,349.0,312.8,345.64,347.00,-1.36,0.0,329.40,"60,882.00",319.00,"20,054,492.20",394,26.64,36.20,8.35,11.57,4.7,635.00,312.80,,
2025/09/23,87,HHL,43.48,352.0,365.0,351.0,364.0,364.00,0.0,0.0,358.59,"49,895.00",345.64,"17,892,042.70",234,18.36,14.0,5.31,3.99,1.49,635.00,312.80,,
2025/09/24,80,HHL,37.95,364.0,364.0,352.8,353.0,353.00,0.0,0.0,355.74,"15,040.00",364.00,"5,350,381.60",146,-11.00,11.2,-3.02,3.17,-0.78,635.00,312.80,,
2025/09/25,84,HHL,34.14,360.0,360.0,351.0,358.7,358.70,0.0,0.0,356.75,"13,131.00",353.00,"4,684,490.60",116,5.7,9.0,1.61,2.56,0.54,635.00,312.80,415.34,462.91
2025/07/30,84,HHL,49.69,435.0,435.0,415.3,415.89,416.00,-0.11,0.0,422.57,"145,282.00",427.17,"61,391,130.60",799,-11.28,19.7,-2.64,4.74,-1.61,635.00,351.00,,
2025/07/31,82,HHL,32.49,416.0,420.0,405.0,406.4,406.00,0.4,0.0,411.39,"108,223.00",415.89,"44,521,637.80",683,-9.49,15.0,-2.28,3.7,-1.23,635.00,351.00,,
2025/08/03,85,HHL,29.5,404.0,410.0,400.1,401.28,401.00,0.28,0.0,404.15,"94,308.00",406.40,"38,114,441.20",662,-5.12,9.9,-1.26,2.47,-0.71,635.00,351.00,,
2025/08/04,84,HHL,29.39,402.1,408.0,390.0,397.89,399.50,-1.61,0.0,397.12,"115,066.00",401.28,"45,695,431.00",660,-3.39,18.0,-0.84,4.62,0.19,635.00,351.00,,
2025/08/05,87,HHL,28.53,405.0,405.7,392.1,394.08,393.10,0.98,0.0,396.58,"57,143.00",397.89,"22,661,972.20",366,-3.81,13.6,-0.96,3.47,-0.64,635.00,351.00,,
2025/08/06,87,HHL,24.63,392.2,398.0,389.1,391.36,393.90,-2.54,-0.01,392.72,"38,272.00",394.08,"15,030,034.30",271,-2.72,8.90,-0.69,2.29,-0.35,635.00,351.00,,
2025/08/07,83,HHL,22.68,391.0,397.9,390.0,392.5,394.00,-1.5,0.0,392.81,"44,341.00",391.36,"17,417,727.60",321,1.14,7.9,0.29,2.03,-0.08,635.00,351.00,,
2025/08/11,85,HHL,22.92,395.0,400.3,385.1,386.0,385.10,0.9,0.0,391.48,"37,210.00",392.50,"14,567,080.90",284,-6.5,15.2,-1.66,3.95,-1.42,635.00,351.00,,
2025/08/12,88,HHL,24.71,382.1,392.0,375.0,375.33,376.00,-0.67,0.0,377.76,"59,647.00",386.00,"22,532,360.20",404,-10.67,17.0,-2.76,4.53,-0.65,635.00,351.00,,
2025/08/13,80,HHL,23.04,379.0,382.0,372.5,373.56,376.80,-3.24,-0.01,376.43,"38,158.00",375.33,"14,363,854.80",246,-1.77,9.5,-0.47,2.55,-0.77,635.00,351.00,,
2025/08/14,81,HHL,22.01,372.1,379.0,372.1,378.48,379.00,-0.52,0.0,377.25,"23,482.00",373.56,"8,858,587.10",207,4.92,6.9,1.32,1.85,0.32,635.00,351.00,,
2025/08/17,80,HHL,24.12,384.0,384.9,376.0,377.11,377.00,0.11,0.0,379.55,"37,547.00",378.48,"14,251,020.10",252,-1.37,8.9,-0.36,2.37,-0.65,635.00,351.00,,
2025/08/18,89,HHL,35.98,374.0,396.0,374.0,391.06,391.80,-0.74,0.0,385.86,"58,523.00",377.11,"22,581,472.80",364,13.95,22.0,3.7,5.88,1.33,635.00,351.00,,
2025/08/19,82,HHL,38.74,398.0,398.0,385.0,386.14,387.70,-1.56,0.0,387.31,"39,521.00",391.06,"15,306,768.70",242,-4.92,13.0,-1.26,3.38,-0.3,635.00,351.00,,
2025/08/20,86,HHL,36.9,388.0,389.0,381.5,383.3,385.00,-1.7,0.0,383.15,"24,326.00",386.14,"9,320,392.50",148,-2.84,7.5,-0.74,1.97,0.04,635.00,351.00,,
2025/08/21,81,HHL,30.89,381.8,382.0,374.7,377.0,378.00,-1.0,0.0,376.56,"32,349.00",383.30,"12,181,406.70",249,-6.3,7.3,-1.64,1.95,0.12,635.00,351.00,,
2025/07/07,80,HHL,43.69,402.4,402.4,393.0,399.87,400.00,-0.13,0.0,397.72,"13,367.00",403.84,"5,316,284.70",155,-3.97,9.4,-0.98,2.39,0.54,635.00,354.10,,
2025/07/08,80,HHL,44.58,395.0,402.9,395.0,399.37,400.00,-0.63,0.0,398.76,"10,624.00",399.87,"4,236,433.40",83,-0.5,7.9,-0.13,2.0,0.15,635.00,354.10,,
2025/07/09,81,HHL,42.18,396.0,407.0,396.0,404.91,404.00,0.91,0.0,403.94,"18,265.00",399.37,"7,377,949.30",151,5.54,11.0,1.39,2.78,0.24,635.00,354.10,,
2025/07/10,81,HHL,41.87,407.9,407.9,395.0,396.58,395.00,1.58,0.0,401.88,"25,961.00",404.91,"10,433,102.00",185,-8.33,12.9,-2.06,3.27,-1.34,635.00,355.10,,
2025/07/13,81,HHL,34.07,388.7,388.7,357.0,357.21,359.00,-1.79,0.0,363.29,"681,711.00",396.58,"247,661,612.70","2,658",-39.37,31.7,-9.93,8.88,-1.7,635.00,357.00,,
2025/07/14,85,HHL,29.08,357.5,387.0,351.0,373.21,374.00,-0.79,0.0,368.23,"155,897.00",357.21,"57,406,592.20",757,16.0,36.00,4.48,10.26,1.33,635.00,351.00,,
2025/07/15,82,HHL,27.18,366.0,386.0,360.0,371.13,371.00,0.13,0.0,369.99,"51,366.00",373.21,"19,004,909.70",337,-2.08,26.00,-0.56,7.22,0.31,635.00,351.00,,
2025/07/16,87,HHL,29.24,371.0,371.5,355.4,367.48,368.00,-0.52,0.0,366.85,"132,116.00",371.13,"48,466,355.70",645,-3.65,16.1,-0.98,4.53,0.17,635.00,351.00,,
2025/07/17,81,HHL,33.86,371.0,385.0,366.0,379.27,378.30,0.97,0.0,374.61,"191,920.00",367.48,"71,894,577.20",769,11.79,19.00,3.21,5.19,1.23,635.00,351.00,,
2025/07/20,82,HHL,50.91,379.0,409.9,375.0,388.46,388.10,0.36,0.0,391.09,"175,482.00",379.27,"68,629,472.30",944,9.19,34.9,2.42,9.31,-0.68,635.00,351.00,,
2025/07/21,82,HHL,45.34,390.0,394.0,381.0,384.89,386.80,-1.91,0.0,386.68,"97,722.00",388.46,"37,787,383.10",545,-3.57,13.0,-0.92,3.41,-0.47,635.00,351.00,,
2025/07/22,84,HHL,47.45,384.0,392.5,384.0,388.75,387.10,1.65,0.0,388.27,"91,361.00",384.89,"35,472,306.50",488,3.86,8.5,1.0,2.21,0.12,635.00,351.00,,
2025/07/23,83,HHL,48.7,390.1,394.0,385.2,389.11,390.00,-0.89,0.0,388.34,"87,890.00",388.75,"34,130,785.60",455,0.36,8.80,0.09,2.28,0.2,635.00,351.00,,
2025/07/24,84,HHL,55.09,388.0,425.0,384.0,421.83,422.00,-0.17,0.0,408.98,"334,389.00",389.11,"136,759,977.40","1,641",32.72,41.0,8.41,10.68,3.05,635.00,351.00,,
2025/07/27,85,HHL,54.34,430.2,459.0,428.0,444.27,444.00,0.27,0.0,444.55,"361,315.00",421.83,"160,622,535.40","2,112",22.44,31.0,5.32,7.24,-0.06,635.00,351.00,,
2025/07/28,84,HHL,52.66,453.0,453.0,423.0,434.15,430.00,4.15,0.01,429.71,"275,578.00",444.27,"118,418,935.00","1,572",-10.12,30.0,-2.28,7.09,1.02,635.00,351.00,,
2025/06/12,83,HHL,40.78,413.0,423.5,410.0,411.26,410.10,1.16,0.0,414.80,"16,656.00",413.53,"6,908,872.50",143,-2.27,13.5,-0.55,3.29,-0.86,635.00,348.60,,
2025/06/15,83,HHL,41.63,406.0,417.0,406.0,413.89,413.30,0.59,0.0,413.74,"6,716.00",411.26,"2,778,707.10",107,2.63,11.0,0.64,2.71,0.04,635.00,348.60,,
2025/06/16,87,HHL,29.56,414.0,419.8,409.3,411.13,410.00,1.13,0.0,413.08,"14,104.00",413.89,"5,826,134.20",157,-2.76,10.5,-0.67,2.57,-0.48,635.00,348.60,,
2025/06/17,81,HHL,31.97,411.1,415.5,408.0,409.96,409.00,0.96,0.0,410.28,"6,958.00",411.13,"2,854,717.90",80,-1.17,7.5,-0.28,1.84,-0.08,635.00,348.60,,
2025/06/18,83,HHL,34.95,406.2,414.0,404.0,407.29,408.00,-0.71,0.0,408.33,"10,936.00",409.96,"4,465,485.30",107,-2.67,10.0,-0.65,2.48,-0.26,635.00,348.60,,
2025/06/19,86,HHL,36.8,408.0,415.0,407.0,407.9,407.50,0.4,0.0,408.37,"10,366.00",407.29,"4,233,122.30",92,0.61,8.00,0.15,1.97,-0.11,635.00,348.60,,
2025/06/22,83,HHL,29.68,407.9,414.0,400.1,402.54,403.00,-0.46,0.0,402.22,"6,530.00",407.90,"2,626,496.40",100,-5.36,13.90,-1.31,3.47,0.08,635.00,348.60,,
2025/06/23,87,HHL,30.85,402.0,404.0,393.0,394.12,396.00,-1.88,0.0,397.83,"9,557.00",402.54,"3,802,062.50",117,-8.42,11.00,-2.09,2.8,-0.94,635.00,348.60,,
2025/06/24,87,HHL,31.67,387.4,412.0,385.0,386.33,390.00,-3.67,-0.01,393.60,"15,600.00",394.12,"6,140,183.10",129,-7.79,27.00,-1.98,7.01,-1.88,635.00,348.60,,
2025/06/25,83,HHL,33.84,394.0,415.9,380.0,390.08,392.50,-2.42,-0.01,403.39,"18,748.00",386.33,"7,562,722.70",97,3.75,35.9,0.97,9.45,-3.41,635.00,348.60,,
2025/06/26,84,HHL,34.14,360.0,360.0,351.0,358.7,358.70,0.0,0.0,356.75,"13,131.00",353.00,"4,684,490.60",116,5.7,9.0,1.61,2.56,0.54,635.00,312.80,415.34,462.91
2025/06/29,86,HHL,29.07,385.0,390.0,383.0,386.97,387.00,-0.03,0.0,386.57,"9,605.00",385.76,"3,712,968.50",101,1.21,7.0,0.31,1.83,0.1,635.00,348.60,,
2025/06/30,83,HHL,35.27,387.0,389.5,381.0,381.44,381.30,0.14,0.0,382.47,"19,135.00",386.97,"7,318,652.60",108,-5.53,8.50,-1.43,2.23,-0.27,635.00,348.60,,
2025/07/01,82,HHL,41.2,382.0,395.0,382.0,393.92,393.00,0.92,0.0,389.84,"9,320.00",381.44,"3,633,306.00",134,12.48,13.0,3.27,3.4,1.04,635.00,348.60,,
2025/07/02,83,HHL,45.37,400.0,413.9,400.0,407.94,408.00,-0.06,0.0,408.27,"21,082.00",393.92,"8,607,107.40",225,14.02,13.9,3.56,3.48,-0.08,635.00,354.10,,
2025/07/03,81,HHL,43.81,410.0,410.0,398.7,400.96,401.00,-0.04,0.0,402.31,"17,314.00",407.94,"6,965,661.50",135,-6.98,11.3,-1.71,2.83,-0.34,635.00,354.10,,
2025/05/18,79,HHL,25.6,441.1,441.1,425.0,426.0,427.00,-1.0,0.0,428.51,"9,695.00",432.51,"4,154,378.50",123,-6.51,16.1,-1.51,3.79,-0.59,635.00,345.00,,
2025/05/19,85,HHL,24.09,425.0,434.0,425.0,428.72,429.00,-0.28,0.0,429.15,"6,357.00",426.00,"2,728,126.50",107,2.72,9.00,0.64,2.12,-0.1,635.00,345.00,,
2025/05/20,80,HHL,27.81,435.0,435.0,424.0,433.05,433.00,0.05,0.0,429.20,"14,039.00",428.72,"6,025,498.20",140,4.33,11.0,1.01,2.59,0.89,635.00,345.00,,
2025/05/21,84,HHL,34.14,360.0,360.0,351.0,358.7,358.70,0.0,0.0,356.75,"13,131.00",353.00,"4,684,490.60",116,5.7,9.0,1.61,2.56,0.54,635.00,312.80,415.34,462.91
2025/05/22,84,HHL,33.07,427.3,436.0,425.0,426.38,427.00,-0.62,0.0,427.43,"10,800.00",432.29,"4,616,239.00",92,-5.91,11.00,-1.37,2.59,-0.25,635.00,345.00,,
2025/05/25,87,HHL,32.7,425.0,426.0,418.0,423.25,423.00,0.25,0.0,421.87,"7,465.00",426.38,"3,149,233.00",101,-3.13,8.0,-0.73,1.91,0.33,635.00,345.00,,
2025/05/26,89,HHL,30.98,428.9,435.0,421.0,424.33,423.00,1.33,0.0,424.20,"4,107.00",423.25,"1,742,171.50",82,1.08,14.0,0.26,3.33,0.03,635.00,345.00,,
2025/05/27,84,HHL,26.58,432.8,441.0,417.6,422.12,422.00,0.12,0.0,422.02,"2,628.00",424.33,"1,109,076.50",61,-2.21,23.4,-0.52,5.6,0.02,635.00,345.00,,
2025/05/28,84,HHL,27.25,422.0,429.9,415.0,422.95,424.00,-1.05,0.0,423.15,"14,433.00",422.12,"6,107,387.20",103,0.83,14.9,0.2,3.59,-0.05,635.00,347.00,,
2025/06/02,83,HHL,20.21,430.0,430.0,417.0,419.14,419.10,0.04,0.0,424.16,"3,312.00",422.95,"1,404,801.60",101,-3.81,13.00,-0.9,3.12,-1.2,635.00,348.60,,
2025/06/03,83,HHL,22.76,426.9,426.9,414.0,414.41,414.00,0.41,0.0,415.73,"5,885.00",419.14,"2,446,568.40",92,-4.73,12.9,-1.13,3.12,-0.32,635.00,348.60,,
2025/06/04,81,HHL,25.71,407.0,418.0,407.0,410.62,410.00,0.62,0.0,411.25,"8,527.00",414.41,"3,506,748.50",77,-3.79,11.0,-0.91,2.7,-0.15,635.00,348.60,,
2025/06/05,83,HHL,23.54,418.0,418.0,405.7,407.22,408.00,-0.78,0.0,409.27,"5,888.00",410.62,"2,409,772.00",96,-3.4,12.3,-0.83,3.03,-0.5,635.00,348.60,,
2025/06/08,82,HHL,23.97,407.22,407.5,401.0,402.28,402.00,0.28,0.0,402.59,"5,626.00",407.22,"2,264,946.84",88,-4.94,6.5,-1.21,1.62,-0.08,635.00,348.60,,
2025/06/09,87,HHL,45.09,400.0,429.0,400.0,427.45,427.50,-0.05,0.0,419.09,"21,297.00",402.28,"8,925,389.50",175,25.17,29.0,6.26,7.25,1.96,635.00,348.60,,
2025/06/10,82,HHL,39.6,432.5,434.0,418.7,420.47,423.80,-3.33,-0.01,426.82,"9,463.00",427.45,"4,038,998.30",132,-6.98,15.3,-1.63,3.65,-1.51,635.00,348.60,,
2024/08/12,87,HHL,71.76,438.6,472.0,430.0,470.0,470.00,0.0,0.0,456.08,"100,047.00",430.00,"45,629,336.90",975,40.0,42.00,9.3,9.77,2.96,472.00,170.30,,
2024/09/09,83,HHL,38.35,422.0,433.0,419.3,425.0,425.00,0.0,0.0,423.22,"14,142.00",426.00,"5,985,129.30",162,-1.00,13.7,-0.23,3.27,0.42,560.00,170.30,,
2024/10/07,76,HHL,-,450.0,453.7,433.2,434.0,434.00,0.0,0.0,439.08,"46,595.00",447.00,"20,458,770.60",316,-13.00,20.50,-2.91,4.73,-1.17,560.00,182.70,,
2024/11/10,83,HHL,-,460.0,485.0,458.0,475.0,475.00,0.0,0.0,473.37,"42,205.00",460.00,"19,978,481.30",372,15.0,27.00,3.26,5.9,0.34,560.00,184.00,,
2024/12/04,80,HHL,42.44,522.0,535.0,512.5,525.0,525.00,0.0,0.0,525.80,"56,552.00",514.00,"29,735,284.60",423,11.0,22.5,2.14,4.39,-0.15,560.00,196.00,,
2025/01/01,79,HHL,26.53,481.0,499.9,480.0,495.0,495.00,0.0,0.0,490.60,"21,502.00",490.50,"10,548,847.10",151,4.5,19.9,0.92,4.15,0.89,560.00,314.00,,
2025/01/27,81,HHL,33.5,562.0,587.9,562.0,580.9,580.90,0.0,0.0,578.60,"74,412.00",564.00,"43,054,603.70",441,16.90,25.90,3.0,4.61,0.4,592.60,314.10,,
2025/02/24,83,HHL,30.21,585.0,602.0,575.0,581.5,581.50,0.0,0.0,584.30,"37,184.00",591.00,"21,726,774.60",368,-9.50,27.00,-1.61,4.7,-0.48,635.00,318.00,,
2025/03/23,85,HHL,28.96,493.0,500.0,483.0,487.79,493.00,-5.21,-0.01,490.26,"9,822.00",497.33,"4,815,371.50",160,-9.54,17.0,-1.92,3.52,-0.51,635.00,330.00,,
2025/04/20,85,HHL,41.35,470.3,490.0,470.3,481.62,483.00,-1.38,0.0,484.32,"9,489.00",479.80,"4,595,666.20",120,1.82,19.7,0.38,4.19,-0.56,635.00,330.50,,
2025/05/15,84,HHL,41.63,443.0,443.0,429.1,432.51,433.50,-0.99,0.0,433.23,"14,080.00",442.52,"6,099,931.10",154,-10.01,13.9,-2.26,3.24,-0.17,635.00,342.60,,
2025/06/11,81,HHL,36.11,420.0,420.0,408.0,413.53,413.00,0.53,0.0,412.27,"8,667.00",420.47,"3,573,184.60",114,-6.94,12.00,-1.65,2.94,0.3,635.00,348.60,,
2025/07/06,84,HHL,42.12,400.0,409.3,395.2,403.84,404.10,-0.26,0.0,402.98,"7,381.00",400.96,"2,974,376.00",110,2.88,14.1,0.72,3.57,0.21,635.00,354.10,,
2025/07/29,85,HHL,51.43,442.5,442.5,425.0,427.17,427.00,0.17,0.0,430.31,"171,884.00",434.15,"73,963,498.10",934,-6.98,17.50,-1.61,4.12,-0.74,635.00,351.00,,
2025/08/24,86,HHL,30.89,380.0,380.0,370.0,371.75,371.00,0.75,0.0,373.35,"26,972.00",377.00,"10,069,942.40",198,-5.25,10.0,-1.39,2.7,-0.43,635.00,351.00,,
2025/04/21,83,HHL,35.99,475.0,481.0,472.0,476.57,480.00,-3.43,-0.01,476.03,"8,292.00",481.62,"3,947,238.70",118,-5.05,9.0,-1.05,1.91,0.11,635.00,330.50,,
2025/04/22,85,HHL,39.05,475.0,494.0,470.0,478.24,478.00,0.24,0.0,481.21,"10,426.00",476.57,"5,017,047.60",121,1.67,24.0,0.35,5.11,-0.62,635.00,330.50,,
2025/04/23,83,HHL,43.78,480.0,487.0,465.0,478.5,476.00,2.5,0.01,470.62,"10,115.00",478.24,"4,760,314.00",117,0.26,22.0,0.05,4.73,1.65,635.00,330.50,,
2025/04/24,84,HHL,34.05,475.0,480.0,463.0,464.45,465.00,-0.55,0.0,465.82,"10,469.00",478.50,"4,876,691.40",109,-14.05,17.0,-2.94,3.67,-0.3,635.00,330.50,,
2025/04/27,81,HHL,32.96,455.2,464.3,441.2,447.76,450.00,-2.24,0.0,450.05,"28,294.00",464.45,"12,733,608.80",286,-16.69,23.1,-3.59,5.24,-0.51,635.00,330.50,,
2025/04/28,86,HHL,29.65,445.0,465.0,433.0,434.75,433.00,1.75,0.0,439.33,"11,270.00",447.76,"4,951,297.50",164,-13.01,32.0,-2.91,7.39,-1.05,635.00,330.50,,
2025/04/29,80,HHL,30.21,435.0,438.5,410.1,417.1,420.00,-2.9,-0.01,419.79,"21,350.00",434.75,"8,962,541.50",205,-17.65,28.4,-4.06,6.93,-0.65,635.00,330.50,,
2025/04/30,83,HHL,30.57,409.0,428.9,401.0,420.67,421.90,-1.23,0.0,410.67,"25,570.00",417.10,"10,500,906.00",241,3.57,27.9,0.86,6.96,2.38,635.00,330.50,,
2025/05/04,84,HHL,34.08,413.0,422.0,406.7,409.67,408.90,0.77,0.0,413.36,"19,753.00",420.67,"8,165,115.00",157,-11.0,15.3,-2.61,3.76,-0.9,635.00,330.50,,
2025/05/05,83,HHL,31.36,401.5,414.0,401.0,404.99,404.00,0.99,0.0,405.15,"8,011.00",409.67,"3,245,637.40",128,-4.68,13.0,-1.14,3.24,-0.04,635.00,330.50,,
2025/05/06,86,HHL,40.11,400.0,419.3,399.1,410.81,413.50,-2.69,-0.01,408.37,"25,119.00",404.99,"10,257,887.10",240,5.82,20.2,1.44,5.06,0.59,635.00,330.50,,
2025/05/07,79,HHL,43.19,405.0,434.4,405.0,426.93,427.00,-0.07,0.0,427.24,"22,498.00",410.81,"9,611,949.00",194,16.12,29.4,3.92,7.26,-0.07,635.00,330.50,,
2025/05/08,80,HHL,40.57,420.0,435.0,420.0,427.78,427.00,0.78,0.0,428.48,"13,704.00",426.93,"5,871,956.50",148,0.85,15.0,0.2,3.57,-0.16,635.00,330.50,,
2025/05/11,77,HHL,47.49,436.3,470.5,436.3,470.5,470.50,0.0,0.0,454.33,"44,252.00",427.78,"20,105,011.60",399,42.72,34.2,9.99,7.84,3.44,635.00,330.50,,
2025/05/13,80,HHL,48.29,479.9,499.1,458.0,459.98,458.00,1.98,0.0,480.62,"74,974.00",470.50,"36,034,172.80",581,-10.52,41.1,-2.24,8.97,-4.49,635.00,330.50,,
2025/05/14,83,HHL,45.53,469.1,478.0,441.0,442.52,443.00,-0.48,0.0,445.55,"17,599.00",459.98,"7,841,184.50",187,-17.46,37.0,-3.8,8.39,-0.68,635.00,330.50,,
2025/03/24,86,HHL,35.24,488.0,505.0,482.0,501.78,505.00,-3.22,-0.01,496.48,"14,531.00",487.79,"7,214,375.50",164,13.99,23.0,2.87,4.77,1.06,635.00,330.00,,
2025/03/25,85,HHL,31.07,492.0,501.0,471.0,477.28,478.80,-1.52,0.0,480.49,"16,620.00",501.78,"7,985,718.90",169,-24.5,30.0,-4.88,6.37,-0.67,635.00,330.00,,
2025/03/26,84,HHL,34.14,360.0,360.0,351.0,358.7,358.70,0.0,0.0,356.75,"13,131.00",353.00,"4,684,490.60",116,5.7,9.0,1.61,2.56,0.54,635.00,312.80,415.34,462.91
2025/03/27,82,HHL,37.59,498.0,509.3,485.4,504.68,506.00,-1.32,0.0,504.79,"13,161.00",496.72,"6,643,534.10",173,7.96,23.9,1.6,4.92,-0.02,635.00,330.50,,
2025/03/30,82,HHL,38.26,495.0,519.3,495.0,509.39,508.90,0.49,0.0,512.75,"12,096.00",504.68,"6,202,165.30",169,4.71,24.3,0.93,4.91,-0.66,635.00,330.50,,
2025/04/01,85,HHL,39.71,502.0,545.0,492.0,503.8,498.00,5.8,0.01,501.81,"16,092.00",509.39,"8,075,189.10",185,-5.59,53.00,-1.1,10.77,0.39,635.00,330.50,,
2025/04/02,82,HHL,39.82,500.0,513.0,490.0,507.36,510.00,-2.64,-0.01,507.37,"14,542.00",503.80,"7,378,192.40",181,3.56,23.00,0.71,4.69,0.0,635.00,330.50,,
2025/04/03,84,HHL,39.25,500.0,518.0,500.0,506.39,506.00,0.39,0.0,509.33,"12,565.00",507.36,"6,399,757.30",160,-0.97,18.0,-0.19,3.6,-0.58,635.00,330.50,,
2025/04/07,85,HHL,33.41,500.0,511.0,490.0,490.97,493.00,-2.03,0.0,495.01,"7,140.00",506.39,"3,534,375.60",115,-15.42,21.0,-3.05,4.29,-0.82,635.00,330.50,,
2025/04/08,83,HHL,32.71,492.0,496.7,480.0,488.38,491.00,-2.62,-0.01,484.69,"8,509.00",490.97,"4,124,262.10",113,-2.59,16.70,-0.53,3.48,0.75,635.00,330.50,,
2025/04/09,86,HHL,32.47,490.0,503.0,480.0,483.59,483.00,0.59,0.0,489.44,"9,123.00",488.38,"4,465,138.00",113,-4.79,23.00,-0.98,4.79,-1.21,635.00,330.50,,
2025/04/10,87,HHL,28.99,480.1,498.6,480.1,483.06,483.00,0.06,0.0,486.14,"4,274.00",483.59,"2,077,774.80",92,-0.53,18.5,-0.11,3.85,-0.64,635.00,330.50,,
2025/04/13,84,HHL,30.86,492.7,492.7,476.0,477.32,480.90,-3.58,-0.01,480.06,"10,695.00",483.06,"5,134,235.80",124,-5.74,16.7,-1.19,3.51,-0.57,635.00,330.50,,
2025/04/15,85,HHL,34.73,486.8,489.0,470.0,479.04,480.00,-0.96,0.0,480.48,"10,283.00",477.32,"4,940,745.30",123,1.72,19.0,0.36,4.04,-0.3,635.00,330.50,,
2025/04/16,86,HHL,37.22,480.0,480.0,468.5,473.31,474.10,-0.79,0.0,471.86,"25,964.00",479.04,"12,251,489.40",160,-5.73,11.5,-1.2,2.45,0.31,635.00,330.50,,
2025/04/17,82,HHL,37.42,482.6,487.0,464.4,479.8,479.10,0.7,0.0,481.04,"14,117.00",473.31,"6,790,909.00",158,6.49,22.6,1.37,4.87,-0.26,635.00,330.50,,
2025/02/25,80,HHL,30.0,570.1,597.0,570.1,586.4,586.40,0.0,0.0,588.72,"38,217.00",581.50,"22,498,925.70",351,4.9,26.90,0.84,4.72,-0.39,635.00,318.00,,
2025/02/27,80,HHL,43.46,575.0,603.9,575.0,590.9,590.90,0.0,0.0,589.55,"20,678.00",586.40,"12,190,700.80",245,4.50,28.90,0.77,5.03,0.23,635.00,318.00,,
2025/03/02,77,HHL,39.07,580.0,603.0,580.0,590.0,590.00,0.0,0.0,588.20,"35,006.00",590.90,"20,590,372.90",336,-0.90,23.00,-0.15,3.97,0.31,635.00,318.00,,
2025/03/03,78,HHL,44.26,584.0,607.4,576.3,585.0,585.00,0.0,0.0,585.72,"30,016.00",590.00,"17,580,969.00",308,-5.00,31.10,-0.85,5.4,-0.12,635.00,318.00,,
2025/03/04,82,HHL,27.44,580.0,595.09,566.0,575.0,575.00,0.0,0.0,574.59,"22,981.00",585.00,"13,204,616.50",303,-10.0,29.09,-1.71,5.14,0.07,635.00,318.00,,
2025/03/05,80,HHL,27.35,563.5,605.0,553.0,580.0,580.00,0.0,0.0,568.58,"21,077.00",575.00,"11,984,026.40",243,5.0,52.0,0.87,9.4,1.97,635.00,318.00,,
2025/03/06,79,HHL,31.15,570.0,602.0,570.0,578.9,578.90,0.0,0.0,578.71,"18,857.00",580.00,"10,912,689.20",240,-1.10,32.00,-0.19,5.61,0.03,635.00,318.00,,
2025/03/09,83,HHL,33.32,570.0,603.0,560.6,562.0,562.00,0.0,0.0,569.19,"21,214.00",578.90,"12,074,780.20",227,-16.9,42.40,-2.92,7.56,-1.28,635.00,318.00,,
2025/03/10,80,HHL,28.75,551.0,571.9,530.0,557.0,557.00,0.0,0.0,553.55,"18,342.00",562.00,"10,153,263.90",228,-5.0,41.9,-0.89,7.91,0.62,635.00,318.00,,
2025/03/11,82,HHL,29.68,550.0,572.0,533.3,540.0,540.00,0.0,0.0,538.94,"14,784.00",557.00,"7,967,625.60",212,-17.0,38.7,-3.05,7.26,0.2,635.00,318.00,,
2025/03/12,83,HHL,26.13,535.0,553.0,531.0,538.0,538.00,0.0,0.0,536.05,"8,651.00",540.00,"4,637,399.10",144,-2.0,22.0,-0.37,4.14,0.36,635.00,318.00,,
2025/03/16,82,HHL,26.96,530.0,551.0,515.1,517.0,517.00,0.0,0.0,519.75,"16,540.00",538.00,"8,596,646.10",191,-21.0,35.90,-3.9,6.97,-0.53,635.00,318.00,,
2025/03/17,85,HHL,25.92,517.0,529.9,510.0,510.0,510.00,0.0,0.0,517.87,"11,583.00",517.00,"5,998,464.80",179,-7.0,19.9,-1.35,3.9,-1.54,635.00,318.00,,
2025/03/18,81,HHL,27.54,505.0,525.0,502.1,514.0,514.00,0.0,0.0,516.37,"9,256.00",510.00,"4,779,537.60",148,4.0,22.9,0.78,4.56,-0.46,635.00,318.00,,
2025/03/19,82,HHL,29.78,510.0,524.0,500.5,509.9,509.90,0.0,0.0,507.51,"10,937.00",514.00,"5,550,665.40",145,-4.10,23.5,-0.8,4.7,0.47,635.00,330.00,,
2025/03/20,82,HHL,29.31,505.0,520.0,495.0,497.33,500.00,-2.67,-0.01,500.01,"15,774.00",509.90,"7,887,089.20",203,-12.57,25.0,-2.47,5.05,-0.54,635.00,330.00,,
2025/01/28,82,HHL,43.45,580.9,605.0,572.1,596.0,596.00,0.0,0.0,593.96,"71,544.00",580.90,"42,494,550.10",492,15.10,32.90,2.6,5.75,0.34,605.00,314.10,,
2025/02/02,83,HHL,40.67,607.8,614.0,591.1,596.0,596.00,0.0,0.0,604.26,"70,583.00",596.00,"42,650,208.90",504,0.0,22.90,0.0,3.87,-1.39,614.00,314.10,,
2025/02/03,81,HHL,32.65,596.1,601.0,578.2,580.0,580.00,0.0,0.0,585.50,"44,630.00",596.00,"26,130,718.50",336,-16.0,22.8,-2.68,3.94,-0.95,614.00,314.10,,
2025/02/04,77,HHL,29.17,591.0,591.0,575.0,579.9,579.90,0.0,0.0,580.03,"27,663.00",580.00,"16,045,427.20",216,-0.1,16.00,-0.02,2.78,-0.02,614.00,314.10,,
2025/02/05,80,HHL,27.84,569.0,594.0,569.0,576.1,576.10,0.0,0.0,583.96,"29,244.00",579.90,"17,077,402.30",212,-3.8,25.00,-0.66,4.39,-1.36,614.00,318.00,,
2025/02/06,82,HHL,35.69,568.0,604.8,568.0,598.9,598.90,0.0,0.0,593.07,"56,434.00",576.10,"33,469,252.40",420,22.8,36.8,3.96,6.48,0.97,614.00,318.00,,
2025/02/09,79,HHL,43.0,592.1,635.0,592.1,613.0,613.00,0.0,0.0,617.49,"81,715.00",598.90,"50,457,814.70",588,14.1,42.9,2.35,7.25,-0.73,635.00,318.00,,
2025/02/10,82,HHL,41.63,616.9,618.0,591.4,596.0,596.00,0.0,0.0,600.75,"46,807.00",613.00,"28,119,092.50",318,-17.00,26.60,-2.77,4.5,-0.8,635.00,318.00,,
2025/02/11,77,HHL,40.61,597.0,610.0,586.0,604.0,604.00,0.0,0.0,600.43,"25,211.00",596.00,"15,137,448.00",238,8.0,24.0,1.34,4.1,0.59,635.00,318.00,,
2025/02/12,82,HHL,40.79,603.0,615.0,591.0,602.0,602.00,0.0,0.0,605.15,"36,099.00",604.00,"21,845,295.10",283,-2.0,24.00,-0.33,4.06,-0.52,635.00,318.00,,
2025/02/13,84,HHL,34.14,360.0,360.0,351.0,358.7,358.70,0.0,0.0,356.75,"13,131.00",353.00,"4,684,490.60",116,5.7,9.0,1.61,2.56,0.54,635.00,312.80,415.34,462.91
2025/02/16,82,HHL,27.32,584.0,602.8,584.0,590.0,590.00,0.0,0.0,594.95,"32,868.00",595.30,"19,554,862.90",305,-5.3,18.8,-0.89,3.22,-0.84,635.00,318.00,,
2025/02/17,79,HHL,32.72,585.0,625.0,585.0,597.0,597.00,0.0,0.0,601.28,"46,312.00",590.00,"27,846,589.70",347,7.0,40.0,1.19,6.84,-0.72,635.00,318.00,,
2025/02/18,81,HHL,27.44,597.0,613.0,585.0,589.4,589.40,0.0,0.0,591.77,"36,253.00",597.00,"21,453,591.70",344,-7.60,28.0,-1.27,4.79,-0.4,635.00,318.00,,
2025/02/20,78,HHL,26.77,585.0,593.9,580.0,580.0,580.00,0.0,0.0,584.45,"33,401.00",589.40,"19,521,193.10",290,-9.4,13.9,-1.59,2.4,-0.77,635.00,318.00,,
2025/02/23,87,HHL,35.52,570.0,591.0,570.0,591.0,591.00,0.0,0.0,582.22,"43,037.00",580.00,"25,056,811.60",428,11.00,21.00,1.9,3.68,1.49,635.00,318.00,,
2025/01/02,83,HHL,25.55,502.8,513.0,492.8,507.0,507.00,0.0,0.0,503.84,"28,662.00",495.00,"14,441,129.40",208,12.0,20.20,2.42,4.1,0.62,560.00,314.00,,
2025/01/05,86,HHL,40.81,516.0,520.0,500.1,520.0,520.00,0.0,0.0,515.08,"28,077.00",507.00,"14,461,879.80",225,13.0,19.9,2.56,3.98,0.95,560.00,314.00,,
2025/01/06,78,HHL,42.52,530.4,533.2,520.0,527.3,527.30,0.0,0.0,528.49,"39,672.00",520.00,"20,966,127.90",303,7.3,13.20,1.4,2.54,-0.23,560.00,314.00,,
2025/01/07,78,HHL,43.48,530.0,536.0,507.1,522.0,522.00,0.0,0.0,525.94,"53,727.00",527.30,"28,257,249.40",337,-5.3,28.9,-1.01,5.7,-0.76,560.00,314.00,,
2025/01/08,76,HHL,45.73,523.0,551.0,523.0,545.0,545.00,0.0,0.0,541.20,"81,872.00",522.00,"44,309,310.70",542,23.0,28.00,4.41,5.35,0.7,560.00,314.00,,
2025/01/09,77,HHL,47.66,534.1,577.0,534.1,559.9,559.90,0.0,0.0,561.68,"82,776.00",545.00,"46,493,635.00",610,14.9,42.9,2.73,8.03,-0.32,577.00,314.00,,
2025/01/12,76,HHL,41.59,548.8,569.0,540.0,546.9,546.90,0.0,0.0,549.69,"21,005.00",559.90,"11,546,218.70",192,-13.0,29.0,-2.32,5.37,-0.51,577.00,314.00,,
2025/01/13,82,HHL,37.39,557.0,557.0,530.0,533.0,533.00,0.0,0.0,536.84,"39,871.00",546.90,"21,404,283.40",255,-13.9,27.00,-2.54,5.09,-0.72,577.00,314.00,,
2025/01/15,76,HHL,28.74,543.0,548.0,523.2,536.3,536.30,0.0,0.0,540.30,"41,866.00",533.00,"22,620,011.90",246,3.3,24.8,0.62,4.74,-0.75,577.00,314.00,,
2025/01/16,77,HHL,36.55,525.7,572.0,525.7,562.5,562.50,0.0,0.0,561.41,"81,056.00",536.30,"45,505,395.10",555,26.20,46.30,4.89,8.81,0.19,577.00,314.00,,
2025/01/19,81,HHL,37.53,573.7,578.9,559.3,575.0,575.00,0.0,0.0,570.75,"50,924.00",562.50,"29,064,636.80",416,12.50,19.60,2.22,3.5,0.74,578.90,314.10,,
2025/01/20,79,HHL,42.85,575.0,592.6,575.0,585.0,585.00,0.0,0.0,584.61,"55,238.00",575.00,"32,292,649.30",494,10.0,17.60,1.74,3.06,0.07,592.60,314.10,,
2025/01/21,80,HHL,41.8,585.0,587.0,560.1,562.0,562.00,0.0,0.0,570.59,"67,563.00",585.00,"38,550,908.30",393,-23.0,26.9,-3.93,4.8,-1.53,592.60,314.10,,
2025/01/22,83,HHL,42.32,555.0,574.9,545.0,571.0,571.00,0.0,0.0,570.53,"47,437.00",562.00,"27,064,264.10",338,9.0,29.9,1.6,5.49,0.08,592.60,314.10,,
2025/01/23,81,HHL,34.25,571.0,582.0,567.2,576.0,576.00,0.0,0.0,574.36,"31,685.00",571.00,"18,198,754.00",303,5.00,14.80,0.88,2.61,0.28,592.60,314.10,,
2025/01/26,83,HHL,27.96,576.0,585.0,564.0,564.0,564.00,0.0,0.0,575.21,"51,928.00",576.00,"29,869,448.80",344,-12.00,21.00,-2.08,3.72,-1.99,592.60,314.10,,
2024/12/05,79,HHL,35.58,521.0,525.0,509.6,510.0,510.00,0.0,0.0,517.05,"37,922.00",525.00,"19,607,672.30",282,-15.0,15.4,-2.86,3.02,-1.38,560.00,201.40,,
2024/12/08,83,HHL,34.73,500.1,513.0,495.0,509.0,509.00,0.0,0.0,503.69,"46,230.00",510.00,"23,285,712.20",245,-1.0,18.0,-0.2,3.64,1.04,560.00,212.00,,
2024/12/09,84,HHL,34.72,518.0,518.0,497.1,514.0,514.00,0.0,0.0,506.55,"26,677.00",509.00,"13,513,147.80",219,5.0,20.9,0.98,4.2,1.45,560.00,212.00,,
2024/12/10,77,HHL,27.52,514.1,521.0,502.5,504.0,504.00,0.0,0.0,508.25,"27,255.00",514.00,"13,852,481.60",163,-10.0,18.5,-1.95,3.68,-0.84,560.00,222.60,,
2024/12/11,78,HHL,30.04,505.0,519.9,501.1,519.9,519.90,0.0,0.0,511.77,"23,213.00",504.00,"11,879,667.50",193,15.9,18.8,3.15,3.75,1.56,560.00,222.60,,
2024/12/12,77,HHL,34.63,527.9,535.0,512.0,512.0,512.00,0.0,0.0,525.59,"55,500.00",519.90,"29,170,259.20",363,-7.9,23.0,-1.52,4.49,-2.65,560.00,223.10,,
2024/12/16,80,HHL,25.45,522.0,522.0,502.0,504.0,504.00,0.0,0.0,505.34,"28,739.00",512.00,"14,523,015.60",172,-8.0,20.0,-1.56,3.98,-0.27,560.00,231.00,,
2024/12/17,80,HHL,41.98,497.3,527.9,497.3,525.0,525.00,0.0,0.0,517.64,"47,723.00",504.00,"24,703,252.30",349,21.0,30.6,4.17,6.15,1.4,560.00,231.00,,
2024/12/18,81,HHL,34.93,518.0,537.0,517.5,523.0,523.00,0.0,0.0,526.37,"44,082.00",525.00,"23,203,276.20",266,-2.0,19.5,-0.38,3.77,-0.64,560.00,257.00,,
2024/12/19,77,HHL,29.95,513.5,526.0,506.0,511.5,511.50,0.0,0.0,517.46,"30,950.00",523.00,"16,015,467.70",204,-11.5,20.0,-2.2,3.95,-1.17,560.00,273.30,,
2024/12/22,80,HHL,39.3,521.0,536.0,511.4,522.0,522.00,0.0,0.0,523.07,"63,609.00",511.50,"33,271,862.30",353,10.5,24.6,2.05,4.81,-0.2,560.00,313.10,,
2024/12/23,84,HHL,43.64,525.0,544.0,522.0,538.7,538.70,0.0,0.0,532.86,"56,150.00",522.00,"29,920,164.00",445,16.70,22.00,3.2,4.21,1.08,560.00,313.10,,
2024/12/24,81,HHL,42.48,536.0,555.0,530.1,554.0,554.00,0.0,0.0,543.45,"91,113.00",538.70,"49,515,189.70",677,15.30,24.90,2.84,4.7,1.9,560.00,313.10,,
2024/12/26,80,HHL,44.05,555.0,555.0,531.0,538.7,538.70,0.0,0.0,540.52,"56,310.00",554.00,"30,436,471.00",370,-15.3,24.0,-2.76,4.52,-0.34,560.00,313.10,,
2024/12/29,82,HHL,28.13,549.4,549.4,500.8,507.1,507.10,0.0,0.0,521.80,"56,653.00",538.70,"29,561,535.20",288,-31.6,48.6,-5.87,9.7,-2.9,560.00,314.00,,
2024/12/31,80,HHL,30.5,507.0,507.0,456.4,490.5,490.50,0.0,0.0,489.58,"62,939.00",507.10,"30,813,690.40",336,-16.60,50.60,-3.27,11.09,0.19,560.00,314.00,,
2024/11/11,77,HHL,-,477.0,487.0,460.6,467.0,467.00,0.0,0.0,474.56,"40,900.00",475.00,"19,409,580.80",303,-8.0,26.4,-1.68,5.73,-1.62,560.00,184.00,,
2024/11/12,82,HHL,-,467.0,478.0,457.7,463.0,463.00,0.0,0.0,467.89,"24,925.00",467.00,"11,662,051.70",195,-4.0,20.3,-0.86,4.44,-1.06,560.00,184.00,,
2024/11/13,78,HHL,37.02,454.2,475.0,454.2,470.0,470.00,0.0,0.0,467.61,"27,923.00",463.00,"13,057,040.50",185,7.0,20.8,1.51,4.58,0.51,560.00,184.00,,
2024/11/14,82,HHL,45.29,470.0,492.0,470.0,485.9,485.90,0.0,0.0,486.06,"73,890.00",470.00,"35,914,865.20",425,15.9,22.00,3.38,4.68,-0.03,560.00,184.00,,
2024/11/17,83,HHL,49.37,495.0,512.0,488.3,490.0,490.00,0.0,0.0,498.19,"76,415.00",485.90,"38,069,352.00",450,4.1,23.70,0.84,4.85,-1.67,560.00,184.00,,
2024/11/19,79,HHL,47.57,491.0,495.0,467.1,472.0,472.00,0.0,0.0,480.25,"56,273.00",490.00,"27,025,003.60",345,-18.0,27.9,-3.67,5.97,-1.75,560.00,184.00,,
2024/11/20,83,HHL,43.26,467.0,496.5,458.0,495.0,495.00,0.0,0.0,481.24,"47,764.00",472.00,"22,985,757.70",292,23.0,38.5,4.87,8.41,2.78,560.00,184.00,,
2024/11/21,81,HHL,42.2,504.9,511.0,483.0,490.0,490.00,0.0,0.0,502.76,"97,816.00",495.00,"49,177,824.00",539,-5.0,28.0,-1.01,5.8,-2.6,560.00,184.00,,
2024/11/24,82,HHL,36.64,494.0,502.0,481.4,489.0,489.00,0.0,0.0,489.31,"42,798.00",490.00,"20,941,447.60",256,-1.0,20.6,-0.2,4.28,-0.06,560.00,193.30,,
2024/11/25,79,HHL,39.62,488.0,501.0,480.5,496.0,496.00,0.0,0.0,495.44,"49,822.00",489.00,"24,683,955.40",360,7.0,20.50,1.43,4.27,0.11,560.00,193.30,,
2024/11/26,81,HHL,45.67,500.0,510.1,495.0,510.0,510.00,0.0,0.0,502.65,"64,392.00",496.00,"32,366,758.20",416,14.0,15.1,2.82,3.05,1.44,560.00,193.30,,
2024/11/27,82,HHL,36.45,520.0,520.0,502.0,502.0,502.00,0.0,0.0,512.61,"40,899.00",510.00,"20,965,107.90",313,-8.0,18.0,-1.57,3.59,-2.11,560.00,194.10,,
2024/11/28,79,HHL,36.98,508.0,509.0,500.0,500.3,500.30,0.0,0.0,502.18,"50,514.00",502.00,"25,367,341.80",304,-1.7,9.0,-0.34,1.8,-0.38,560.00,194.10,,
2024/12/01,78,HHL,35.03,496.0,506.8,496.0,505.0,505.00,0.0,0.0,503.50,"29,075.00",500.30,"14,639,356.70",256,4.7,10.8,0.94,2.18,0.3,560.00,194.10,,
2024/12/02,82,HHL,34.13,505.0,513.9,505.0,505.3,505.30,0.0,0.0,509.31,"31,750.00",505.00,"16,170,651.50",261,0.3,8.9,0.06,1.76,-0.79,560.00,194.10,,
2024/12/03,80,HHL,34.54,505.6,514.0,505.6,514.0,514.00,0.0,0.0,510.77,"36,804.00",505.30,"18,798,336.70",263,8.7,8.4,1.72,1.66,0.63,560.00,194.10,,
2024/10/08,84,HHL,34.14,360.0,360.0,351.0,358.7,358.70,0.0,0.0,356.75,"13,131.00",353.00,"4,684,490.60",116,5.7,9.0,1.61,2.56,0.54,635.00,312.80,415.34,462.91
2024/10/09,74,HHL,-,426.6,439.7,425.0,428.0,428.00,0.0,0.0,430.50,"35,399.00",428.30,"15,239,288.60",226,-0.30,14.70,-0.07,3.46,-0.58,560.00,182.70,,
2024/10/15,77,HHL,-,436.5,444.0,422.1,440.0,440.00,0.0,0.0,434.94,"15,168.00",428.00,"6,597,192.40",112,12.00,21.90,2.8,5.19,1.15,560.00,182.70,,
2024/10/16,80,HHL,-,448.0,475.0,433.1,469.8,469.80,0.0,0.0,463.57,"71,638.00",440.00,"33,209,242.90",421,29.8,41.90,6.77,9.67,1.33,560.00,182.70,,
2024/10/17,82,HHL,-,479.0,479.0,455.7,457.0,457.00,0.0,0.0,460.87,"33,930.00",469.80,"15,637,297.60",257,-12.8,23.3,-2.72,5.11,-0.85,560.00,182.70,,
2024/10/20,78,HHL,-,450.0,458.9,437.5,437.5,437.50,0.0,0.0,445.67,"34,460.00",457.00,"15,357,659.50",274,-19.5,21.40,-4.27,4.89,-1.87,560.00,182.70,,
2024/10/21,79,HHL,-,446.0,446.0,432.0,435.0,435.00,0.0,0.0,436.81,"15,429.00",437.50,"6,739,482.00",166,-2.5,14.00,-0.57,3.24,-0.42,560.00,182.70,,
2024/10/22,82,HHL,-,435.0,449.7,435.0,442.2,442.20,0.0,0.0,441.40,"23,054.00",435.00,"10,176,085.20",191,7.20,14.70,1.66,3.38,0.18,560.00,182.70,,
2024/10/23,83,HHL,-,442.0,450.0,436.0,439.0,439.00,0.0,0.0,440.31,"21,257.00",442.20,"9,359,612.50",146,-3.2,14.00,-0.72,3.21,-0.3,560.00,182.70,,
2024/10/24,82,HHL,-,439.0,446.0,434.0,442.0,442.00,0.0,0.0,438.02,"21,114.00",439.00,"9,248,340.00",168,3.0,12.00,0.68,2.76,0.9,560.00,182.70,,
2024/10/27,78,HHL,-,443.0,447.0,433.7,447.0,447.00,0.0,0.0,442.02,"18,320.00",442.00,"8,097,843.40",190,5.0,13.3,1.13,3.07,1.11,560.00,182.70,,
2024/10/28,77,HHL,-,455.9,465.0,450.0,455.0,455.00,0.0,0.0,457.91,"48,207.00",447.00,"22,074,640.50",310,8.0,15.0,1.79,3.33,-0.64,560.00,182.70,,
2024/10/29,80,HHL,-,464.1,471.0,455.2,458.2,458.20,0.0,0.0,463.95,"43,122.00",455.00,"20,006,333.60",274,3.2,15.8,0.7,3.47,-1.25,560.00,182.70,,
2024/10/30,79,HHL,-,467.3,467.3,445.4,450.0,450.00,0.0,0.0,452.22,"21,454.00",458.20,"9,701,903.70",157,-8.2,21.9,-1.79,4.92,-0.49,560.00,182.70,,
2024/11/05,80,HHL,-,448.1,459.0,448.1,449.5,449.50,0.0,0.0,452.27,"7,170.00",450.00,"3,242,744.10",108,-0.5,10.9,-0.11,2.43,-0.62,560.00,182.70,,
2024/11/06,84,HHL,-,444.1,462.0,444.1,460.0,460.00,0.0,0.0,456.57,"20,944.00",449.50,"9,562,396.90",195,10.5,17.9,2.34,4.03,0.75,560.00,184.00,,
2024/09/10,85,HHL,36.76,419.6,438.0,415.7,415.8,415.80,0.0,0.0,420.96,"15,187.00",425.00,"6,393,083.30",169,-9.2,22.30,-2.16,5.36,-1.24,560.00,170.30,,
2024/09/11,84,HHL,33.53,424.0,440.0,410.7,413.0,413.00,0.0,0.0,417.92,"9,022.00",415.80,"3,770,459.30",156,-2.8,29.30,-0.67,7.13,-1.19,560.00,171.20,,
2024/09/12,80,HHL,52.13,421.0,430.0,404.8,425.0,425.00,0.0,0.0,421.49,"14,478.00",413.00,"6,102,382.20",207,12.00,25.20,2.91,6.23,0.83,560.00,180.70,,
2024/09/15,84,HHL,57.45,433.0,467.5,427.0,467.5,467.50,0.0,0.0,459.56,"79,561.00",425.00,"36,562,939.10",436,42.50,40.5,10.0,9.48,1.7,560.00,181.00,,
2024/09/16,79,HHL,58.61,476.8,514.2,476.8,514.2,514.20,0.0,0.0,506.32,"215,916.00",467.50,"109,323,049.80","1,262",46.7,37.40,9.99,7.84,1.53,560.00,181.00,,
2024/09/18,85,HHL,59.34,524.4,545.7,485.5,503.0,503.00,0.0,0.0,507.45,"107,382.00",514.20,"54,490,662.60",844,-11.2,60.2,-2.18,12.4,-0.88,560.00,181.00,,
2024/09/22,82,HHL,56.43,504.0,515.0,492.0,498.0,498.00,0.0,0.0,502.04,"48,512.00",503.00,"24,355,017.60",425,-5.0,23.0,-0.99,4.67,-0.81,560.00,182.70,,
2024/09/23,82,HHL,53.8,488.1,547.0,479.0,547.0,547.00,0.0,0.0,492.91,"54,309.00",498.00,"26,769,599.30",408,49.0,68.00,9.84,14.2,9.89,560.00,182.70,,
2024/09/24,80,HHL,37.72,536.1,536.1,492.3,492.3,492.30,0.0,0.0,499.08,"79,450.00",547.00,"39,652,261.20",409,-54.7,43.80,-10.0,8.9,-1.38,560.00,182.70,,
2024/09/25,80,HHL,37.52,482.5,482.5,458.0,461.0,461.00,0.0,0.0,466.15,"34,758.00",492.30,"16,202,597.00",306,-31.3,24.5,-6.36,5.35,-1.12,560.00,182.70,,
2024/09/26,83,HHL,41.2,455.0,497.0,446.0,449.0,449.00,0.0,0.0,468.33,"123,062.00",461.00,"57,633,910.10",694,-12.0,51.0,-2.6,11.43,-4.31,560.00,182.70,,
2024/09/29,83,HHL,35.87,440.1,457.9,415.0,430.0,430.00,0.0,0.0,424.97,"36,928.00",449.00,"15,693,446.00",289,-19.0,42.90,-4.23,10.34,1.17,560.00,182.70,,
2024/09/30,78,HHL,35.78,425.0,455.0,420.0,445.0,445.00,0.0,0.0,442.09,"31,446.00",430.00,"13,902,049.80",229,15.0,35.0,3.49,8.33,0.65,560.00,182.70,,
2024/10/01,79,HHL,41.87,450.0,474.0,435.0,450.0,450.00,0.0,0.0,452.32,"68,574.00",445.00,"31,017,502.20",373,5.0,39.00,1.12,8.97,-0.52,560.00,182.70,,
2024/10/02,80,HHL,40.74,459.0,459.0,432.1,433.0,433.00,0.0,0.0,438.54,"44,677.00",450.00,"19,592,728.90",332,-17.00,26.9,-3.78,6.23,-1.28,560.00,182.70,,
2024/10/06,80,HHL,-,438.0,451.0,430.0,447.0,447.00,0.0,0.0,437.87,"46,163.00",433.00,"20,213,401.90",272,14.00,21.00,3.23,4.88,2.04,560.00,182.70,,
2024/08/13,85,HHL,61.15,479.4,488.0,453.0,463.0,463.00,0.0,0.0,470.80,"63,346.00",470.00,"29,823,400.20",558,-7.00,35.0,-1.49,7.73,-1.69,488.00,170.30,,
2024/08/14,85,HHL,72.91,454.0,509.3,452.0,509.3,509.30,0.0,0.0,489.38,"113,799.00",463.00,"55,690,841.80",895,46.3,57.3,10.0,12.68,3.91,509.30,170.30,,
2024/08/15,86,HHL,69.44,519.4,560.0,519.4,525.9,525.90,0.0,0.0,541.12,"80,068.00",509.30,"43,326,254.60",969,16.60,40.60,3.26,7.82,-2.89,560.00,170.30,,
2024/08/18,83,HHL,62.7,520.0,525.0,486.4,491.1,491.10,0.0,0.0,506.20,"114,616.00",525.90,"58,018,097.10",918,-34.80,38.60,-6.62,7.94,-3.07,560.00,170.30,,
2024/08/21,82,HHL,58.88,498.0,510.0,487.0,490.0,490.00,0.0,0.0,497.45,"58,107.00",491.10,"28,905,277.40",661,-1.10,23.00,-0.22,4.72,-1.52,560.00,170.30,,
2024/08/22,87,HHL,49.92,489.0,495.0,475.0,477.0,477.00,0.0,0.0,485.88,"45,176.00",490.00,"21,950,259.60",527,-13.0,20.00,-2.65,4.21,-1.86,560.00,170.30,,
2024/08/25,83,HHL,47.31,477.0,483.0,445.0,447.0,447.00,0.0,0.0,461.41,"55,210.00",477.00,"25,474,221.30",521,-30.0,38.00,-6.29,8.54,-3.22,560.00,170.30,,
2024/08/27,84,HHL,52.29,442.0,455.8,413.0,420.0,420.00,0.0,0.0,432.15,"33,781.00",447.00,"14,598,294.00",491,-27.0,42.80,-6.04,10.36,-2.89,560.00,170.30,,
2024/08/28,83,HHL,48.35,428.0,462.0,422.0,462.0,462.00,0.0,0.0,456.16,"99,014.00",420.00,"45,165,825.80",651,42.0,40.00,10.0,9.48,1.26,560.00,170.30,,
2024/08/29,82,HHL,53.33,471.2,500.0,471.2,480.0,480.00,0.0,0.0,486.15,"96,502.00",462.00,"46,914,844.10",875,18.0,28.8,3.9,6.11,-1.28,560.00,170.30,,
2024/09/01,87,HHL,42.84,475.0,475.0,442.0,442.0,442.00,0.0,0.0,458.71,"33,001.00",480.00,"15,137,885.00",427,-38.0,33.0,-7.92,7.47,-3.78,560.00,170.30,,
2024/09/02,85,HHL,63.31,449.9,469.0,442.2,456.0,456.00,0.0,0.0,455.87,"54,281.00",442.00,"24,745,097.70",424,14.0,26.80,3.17,6.06,0.03,560.00,170.30,,
2024/09/03,83,HHL,41.24,451.0,465.1,442.0,454.0,454.00,0.0,0.0,451.46,"25,121.00",456.00,"11,341,044.50",302,-2.0,23.1,-0.44,5.23,0.56,560.00,170.30,,
2024/09/04,81,HHL,38.35,445.1,450.0,424.0,429.5,429.50,0.0,0.0,435.02,"27,685.00",454.00,"12,043,557.70",261,-24.5,26.00,-5.4,6.13,-1.29,560.00,170.30,,
2024/09/05,80,HHL,41.4,430.0,440.0,421.0,439.9,439.90,0.0,0.0,430.53,"30,968.00",429.50,"13,332,578.50",275,10.4,19.0,2.42,4.51,2.13,560.00,170.30,,
2024/09/08,81,HHL,35.19,435.0,452.0,425.6,426.0,426.00,0.0,0.0,436.05,"13,370.00",439.90,"5,829,954.30",179,-13.90,26.40,-3.16,6.2,-2.36,560.00,170.30,,
2024/07/18,81,HHL,65.34,422.2,422.2,400.2,405.0,405.00,0.0,0.0,406.30,"38,913.00",414.00,"15,810,296.50",357,-9.00,22.00,-2.17,5.5,-0.32,422.20,170.30,,
2024/07/21,80,HHL,68.09,397.3,406.0,390.0,397.1,397.10,0.0,0.0,398.40,"47,678.00",405.00,"18,994,806.50",363,-7.9,16.00,-1.95,4.1,-0.33,422.20,170.30,,
2024/07/22,79,HHL,61.56,390.0,432.0,389.4,420.0,420.00,0.0,0.0,406.92,"72,464.00",397.10,"29,487,284.60",520,22.90,42.60,5.77,10.94,3.11,432.00,170.30,,
2024/07/23,82,HHL,62.95,420.0,432.0,412.0,422.0,422.00,0.0,0.0,423.16,"54,820.00",420.00,"23,197,816.10",503,2.00,20.00,0.48,4.85,-0.28,432.00,170.30,,
2024/07/24,80,HHL,62.9,425.0,444.0,414.0,420.0,420.00,0.0,0.0,425.13,"60,977.00",422.00,"25,923,452.10",426,-2.00,30.00,-0.47,7.25,-1.22,444.00,170.30,,
2024/07/25,83,HHL,60.45,428.4,428.4,410.0,411.0,411.00,0.0,0.0,414.85,"32,837.00",420.00,"13,622,299.30",353,-9.00,18.40,-2.14,4.49,-0.94,444.00,170.30,,
2024/07/28,82,HHL,54.35,419.1,427.0,400.0,409.0,409.00,0.0,0.0,408.04,"22,984.00",411.00,"9,378,503.40",221,-2.00,27.00,-0.49,6.75,0.23,444.00,170.30,,
2024/07/29,81,HHL,50.86,414.0,415.1,400.1,404.8,404.80,0.0,0.0,407.95,"28,883.00",409.00,"11,782,814.40",360,-4.20,15.00,-1.03,3.75,-0.78,444.00,170.30,,
2024/07/30,86,HHL,58.15,405.0,417.3,400.1,414.9,414.90,0.0,0.0,409.77,"45,165.00",404.80,"18,507,284.60",469,10.10,17.20,2.5,4.3,1.24,444.00,170.30,,
2024/07/31,83,HHL,60.86,423.1,428.0,411.0,420.0,420.00,0.0,0.0,419.13,"62,573.00",414.90,"26,226,350.20",543,5.10,17.00,1.23,4.14,0.21,444.00,170.30,,
2024/08/01,85,HHL,58.42,415.0,427.0,407.0,416.9,416.90,0.0,0.0,415.62,"47,023.00",420.00,"19,543,653.80",485,-3.1,20.00,-0.74,4.91,0.31,444.00,170.30,,
2024/08/05,85,HHL,59.31,420.0,430.0,408.7,420.0,420.00,0.0,0.0,419.97,"54,867.00",416.90,"23,042,597.60",611,3.10,21.30,0.74,5.21,0.01,444.00,170.30,,
2024/08/06,83,HHL,53.12,428.0,440.0,389.0,396.2,396.20,0.0,0.0,422.93,"86,499.00",420.00,"36,583,110.60",777,-23.80,51.00,-5.67,13.11,-6.75,444.00,170.30,,
2024/08/07,82,HHL,54.02,400.0,418.8,395.0,415.0,415.00,0.0,0.0,410.73,"26,003.00",396.20,"10,680,269.70",444,18.80,23.80,4.75,6.03,1.03,444.00,170.30,,
2024/08/08,83,HHL,52.23,420.1,427.0,394.0,415.0,415.00,0.0,0.0,416.81,"40,977.00",415.00,"17,079,644.80",483,0.00,33.00,0.0,8.38,-0.44,444.00,170.30,,
2024/08/11,85,HHL,61.73,421.9,436.0,417.0,430.0,430.00,0.0,0.0,428.73,"71,574.00",415.00,"30,685,659.30",783,15.00,19.00,3.61,4.56,0.3,444.00,170.30,,
2024/06/25,80,HHL,46.15,353.1,381.7,353.1,372.2,372.20,0.0,0.0,375.65,"23,283.00",360.00,"8,746,196.70",230,12.2,28.6,3.39,8.1,-0.93,420.00,170.30,,
2024/06/26,76,HHL,49.27,364.8,384.0,364.8,370.0,370.00,0.0,0.0,375.55,"34,468.00",372.20,"12,944,399.30",226,-2.2,19.2,-0.59,5.26,-1.5,420.00,170.30,,
2024/06/27,88,HHL,41.93,362.6,377.0,362.6,364.5,364.50,0.0,0.0,365.17,"9,210.00",370.00,"3,363,222.70",118,-5.50,14.40,-1.49,3.97,-0.18,420.00,170.30,,
2024/06/30,80,HHL,37.27,368.0,368.0,355.4,355.6,355.60,0.0,0.0,358.47,"7,523.00",364.50,"2,696,775.90",104,-8.9,12.60,-2.44,3.55,-0.81,420.00,170.30,,
2024/07/01,79,HHL,32.43,348.6,369.0,348.6,363.5,363.50,0.0,0.0,363.28,"7,611.00",355.60,"2,764,886.30",145,7.90,20.4,2.22,5.85,0.06,420.00,170.30,,
2024/07/02,78,HHL,42.66,370.7,399.5,360.0,368.0,368.00,0.0,0.0,369.91,"18,379.00",363.50,"6,798,500.70",154,4.50,39.5,1.24,10.97,-0.52,420.00,170.30,,
2024/07/03,81,HHL,43.02,361.0,370.0,361.0,365.0,365.00,0.0,0.0,365.62,"9,099.00",368.00,"3,326,757.70",111,-3.0,9.0,-0.82,2.49,-0.17,420.00,170.30,,
2024/07/04,81,HHL,53.57,358.0,372.0,358.0,366.5,366.50,0.0,0.0,367.01,"6,277.00",365.00,"2,303,695.50",112,1.5,14.0,0.41,3.91,-0.14,420.00,170.30,,
2024/07/07,84,HHL,34.14,360.0,360.0,351.0,358.7,358.70,0.0,0.0,356.75,"13,131.00",353.00,"4,684,490.60",116,5.7,9.0,1.61,2.56,0.54,635.00,312.80,415.34,462.91
2024/07/08,84,HHL,40.65,364.0,368.3,356.0,356.0,356.00,0.0,0.0,360.60,"15,840.00",362.30,"5,711,913.40",144,-6.3,12.3,-1.74,3.46,-1.29,420.00,170.30,,
2024/07/09,79,HHL,51.54,354.1,367.2,354.1,361.0,361.00,0.0,0.0,360.49,"8,882.00",356.00,"3,201,884.50",124,5.0,13.1,1.4,3.7,0.14,420.00,170.30,,
2024/07/10,82,HHL,63.02,355.1,374.0,355.1,373.0,373.00,0.0,0.0,368.63,"23,427.00",361.00,"8,635,869.10",255,12.0,18.9,3.32,5.32,1.17,420.00,170.30,,
2024/07/11,87,HHL,66.75,365.6,379.9,365.6,376.9,376.90,0.0,0.0,374.69,"22,643.00",373.00,"8,484,016.80",217,3.9,14.30,1.05,3.91,0.59,420.00,170.30,,
2024/07/14,80,HHL,69.25,370.0,390.0,370.0,380.0,380.00,0.0,0.0,379.59,"28,125.00",376.90,"10,675,858.60",218,3.1,20.00,0.82,5.41,0.11,420.00,170.30,,
2024/07/15,83,HHL,63.04,387.0,390.0,373.0,376.8,376.80,0.0,0.0,376.00,"18,884.00",380.00,"7,100,329.20",195,-3.20,17.00,-0.84,4.56,0.21,420.00,170.30,,
2024/07/16,80,HHL,72.04,370.2,407.0,370.2,403.0,403.00,0.0,0.0,396.67,"92,210.00",376.80,"36,577,274.80",569,26.2,36.80,6.95,9.94,1.57,420.00,170.30,,
2024/05/30,78,HHL,63.88,347.1,369.0,347.1,364.0,364.00,0.0,0.0,363.22,"29,462.00",352.90,"10,701,228.30",255,11.10,21.90,3.15,6.31,0.21,420.00,170.30,,
2024/06/02,81,HHL,64.31,365.0,372.0,359.0,370.0,370.00,0.0,0.0,367.73,"29,253.00",364.00,"10,757,332.10",240,6.00,13.00,1.65,3.62,0.61,420.00,170.30,,
2024/06/03,80,HHL,61.65,377.0,377.2,355.1,362.0,362.00,0.0,0.0,362.76,"21,618.00",370.00,"7,842,169.10",183,-8.00,22.10,-2.16,6.22,-0.21,420.00,170.30,,
2024/06/04,78,HHL,60.22,369.0,369.2,354.8,357.9,357.90,0.0,0.0,356.43,"13,321.00",362.00,"4,747,996.30",147,-4.10,14.40,-1.13,4.06,0.41,420.00,170.30,,
2024/06/05,77,HHL,42.04,353.0,357.0,349.9,356.0,356.00,0.0,0.0,353.07,"15,700.00",357.90,"5,543,133.60",135,-1.90,7.10,-0.53,2.03,0.82,420.00,170.30,,
2024/06/06,81,HHL,41.43,360.0,365.0,349.0,354.7,354.70,0.0,0.0,356.02,"15,762.00",356.00,"5,611,569.70",163,-1.3,16.00,-0.37,4.58,-0.37,420.00,170.30,,
2024/06/09,78,HHL,50.96,355.0,368.0,353.1,362.8,362.80,0.0,0.0,360.75,"27,341.00",354.70,"9,863,280.60",245,8.1,14.90,2.28,4.22,0.56,420.00,170.30,,
2024/06/10,79,HHL,59.53,363.0,387.0,362.0,379.5,379.50,0.0,0.0,377.78,"65,764.00",362.80,"24,844,611.90",432,16.7,25.00,4.6,6.91,0.45,420.00,170.30,,
2024/06/11,78,HHL,65.13,376.0,405.5,376.0,390.0,390.00,0.0,0.0,385.17,"59,638.00",379.50,"22,970,519.20",336,10.5,29.50,2.77,7.85,1.24,420.00,170.30,,
2024/06/12,79,HHL,58.52,382.2,397.0,378.7,379.0,379.00,0.0,0.0,382.94,"28,370.00",390.00,"10,864,002.20",201,-11.0,18.3,-2.82,4.83,-1.04,420.00,170.30,,
2024/06/13,78,HHL,57.21,372.5,380.4,370.1,372.9,372.90,0.0,0.0,375.24,"25,545.00",379.00,"9,585,492.30",202,-6.1,10.3,-1.61,2.78,-0.63,420.00,170.30,,
2024/06/16,80,HHL,42.99,368.3,384.0,366.7,370.0,370.00,0.0,0.0,374.97,"22,200.00",372.90,"8,324,392.60",223,-2.9,17.3,-0.78,4.72,-1.34,420.00,170.30,,
2024/06/18,81,HHL,42.38,362.7,377.4,362.7,368.2,368.20,0.0,0.0,370.34,"16,683.00",370.00,"6,178,331.10",173,-1.8,14.70,-0.49,4.05,-0.58,420.00,170.30,,
2024/06/19,79,HHL,39.84,362.2,375.0,362.2,370.0,370.00,0.0,0.0,370.15,"9,469.00",368.20,"3,504,954.60",111,1.8,12.8,0.49,3.53,-0.04,420.00,170.30,,
2024/06/20,76,HHL,37.92,363.0,377.0,363.0,364.0,364.00,0.0,0.0,365.98,"8,142.00",370.00,"2,979,787.00",97,-6.0,14.00,-1.62,3.86,-0.54,420.00,170.30,,
2024/06/23,81,HHL,38.12,357.3,372.7,357.3,362.0,362.00,0.0,0.0,361.35,"11,297.00",364.00,"4,082,117.70",119,-2.0,15.4,-0.55,4.31,0.18,420.00,170.30,,
2024/05/05,82,HHL,46.11,349.1,356.0,343.0,352.5,352.50,0.0,0.0,348.79,"15,660.00",356.00,"5,462,043.30",188,-3.5,13.0,-0.98,3.79,1.05,420.00,170.30,,
2024/05/06,80,HHL,30.84,346.0,350.0,338.8,338.8,338.80,0.0,0.0,342.34,"13,236.00",352.50,"4,531,164.60",160,-13.70,11.20,-3.89,3.31,-1.04,420.00,170.30,,
2024/05/07,81,HHL,29.39,332.1,346.8,332.1,341.9,341.90,0.0,0.0,341.47,"5,406.00",338.80,"1,845,991.00",89,3.10,14.7,0.91,4.43,0.13,420.00,170.30,,
2024/05/08,79,HHL,30.92,348.0,348.0,333.0,338.9,338.90,0.0,0.0,336.76,"8,285.00",341.90,"2,790,050.20",91,-3.0,15.0,-0.88,4.5,0.63,420.00,170.30,,
2024/05/09,80,HHL,34.41,342.7,350.0,334.0,334.0,334.00,0.0,0.0,337.05,"7,992.00",338.90,"2,693,684.00",99,-4.9,16.00,-1.45,4.79,-0.91,420.00,170.30,,
2024/05/12,79,HHL,41.41,340.5,344.9,334.2,337.0,337.00,0.0,0.0,338.82,"7,634.00",334.00,"2,586,553.80",120,3.00,10.7,0.9,3.2,-0.54,420.00,170.30,,
2024/05/13,79,HHL,47.17,333.1,346.0,333.1,337.0,337.00,0.0,0.0,337.41,"10,022.00",337.00,"3,381,538.00",114,0.0,12.9,0.0,3.87,-0.12,420.00,170.30,,
2024/05/14,83,HHL,58.03,330.5,353.0,330.5,353.0,353.00,0.0,0.0,346.38,"20,149.00",337.00,"6,979,246.10",202,16.0,22.5,4.75,6.81,1.87,420.00,170.30,,
2024/05/15,82,HHL,57.0,350.0,367.0,346.0,348.9,348.90,0.0,0.0,355.48,"22,953.00",353.00,"8,159,295.00",170,-4.1,21.0,-1.16,6.07,-1.89,420.00,170.30,,
2024/05/16,84,HHL,53.65,342.6,356.0,342.6,354.0,354.00,0.0,0.0,352.67,"9,638.00",348.90,"3,399,002.00",135,5.1,13.4,1.46,3.91,0.38,420.00,170.30,,
2024/05/19,84,HHL,56.95,348.0,369.0,347.5,355.0,355.00,0.0,0.0,352.27,"8,223.00",354.00,"2,896,677.90",136,1.0,21.5,0.28,6.19,0.77,420.00,170.30,,
2024/05/20,82,HHL,62.81,362.0,372.5,347.1,365.0,365.00,0.0,0.0,360.66,"21,946.00",355.00,"7,915,045.70",220,10.0,25.4,2.82,7.32,1.19,420.00,170.30,,
2024/05/21,80,HHL,68.1,370.0,377.0,363.0,365.0,365.00,0.0,0.0,372.68,"29,429.00",365.00,"10,967,518.50",258,0.00,14.0,0.0,3.86,-2.1,420.00,170.30,,
2024/05/22,79,HHL,61.59,366.0,373.3,354.1,355.9,355.90,0.0,0.0,361.43,"22,736.00",365.00,"8,217,450.40",195,-9.1,19.2,-2.49,5.42,-1.55,420.00,170.30,,
2024/05/26,80,HHL,49.65,350.0,362.0,345.0,349.0,349.00,0.0,0.0,351.91,"9,770.00",355.90,"3,438,115.40",138,-6.9,17.0,-1.94,4.93,-0.83,420.00,170.30,,
2024/05/27,81,HHL,44.23,355.9,355.9,345.0,347.0,347.00,0.0,0.0,347.51,"10,785.00",349.00,"3,747,880.30",132,-2.0,10.9,-0.57,3.16,-0.15,420.00,170.30,,
2024/04/03,84,HHL,34.14,360.0,360.0,351.0,358.7,358.70,0.0,0.0,356.75,"13,131.00",353.00,"4,684,490.60",116,5.7,9.0,1.61,2.56,0.54,635.00,312.80,415.34,462.91
2024/04/04,80,HHL,36.99,362.5,378.0,355.0,372.0,372.00,0.0,0.0,359.84,"30,263.00",362.50,"10,889,841.20",244,9.5,23.00,2.62,6.48,3.27,415.00,170.30,,
2024/04/07,80,HHL,46.96,379.0,390.0,366.0,384.0,384.00,0.0,0.0,378.93,"41,389.00",372.00,"15,683,377.70",315,12.0,24.00,3.23,6.56,1.32,415.00,170.30,,
2024/04/09,84,HHL,34.14,360.0,360.0,351.0,358.7,358.70,0.0,0.0,356.75,"13,131.00",353.00,"4,684,490.60",116,5.7,9.0,1.61,2.56,0.54,635.00,312.80,415.34,462.91
2024/04/10,80,HHL,51.26,416.0,420.0,387.0,387.0,387.00,0.0,0.0,410.66,"71,066.00",408.00,"29,184,038.40",460,-21.0,33.00,-5.15,8.53,-6.11,420.00,170.30,,
2024/04/14,83,HHL,44.81,387.0,394.0,372.6,373.1,373.10,0.0,0.0,380.18,"43,174.00",387.00,"16,413,766.80",358,-13.9,21.4,-3.59,5.74,-1.9,420.00,170.30,,
2024/04/15,81,HHL,46.61,369.5,385.0,367.0,385.0,385.00,0.0,0.0,372.08,"38,204.00",373.10,"14,214,769.40",313,11.90,18.0,3.19,4.9,3.36,420.00,170.30,,
2024/04/16,82,HHL,40.61,385.0,385.0,367.0,373.5,373.50,0.0,0.0,373.33,"24,981.00",385.00,"9,326,275.30",203,-11.5,18.0,-2.99,4.9,0.04,420.00,170.30,,
2024/04/18,82,HHL,35.82,378.0,378.0,356.0,359.0,359.00,0.0,0.0,361.01,"15,057.00",373.50,"5,435,792.20",184,-14.5,22.0,-3.88,6.18,-0.56,420.00,170.30,,
2024/04/21,75,HHL,36.74,366.1,374.0,353.0,356.2,356.20,0.0,0.0,360.51,"12,571.00",359.00,"4,531,915.90",173,-2.8,21.0,-0.78,5.95,-1.21,420.00,170.30,,
2024/04/22,79,HHL,32.51,363.3,369.0,357.1,366.9,366.90,0.0,0.0,364.51,"25,519.00",356.20,"9,302,013.30",244,10.7,11.9,3.0,3.33,0.65,420.00,170.30,,
2024/04/24,81,HHL,30.93,359.6,380.9,358.1,364.0,364.00,0.0,0.0,363.04,"15,900.00",366.90,"5,772,331.80",136,-2.9,22.8,-0.79,6.37,0.26,420.00,170.30,,
2024/04/25,76,HHL,30.56,360.0,368.9,353.7,354.0,354.00,0.0,0.0,359.47,"15,902.00",364.00,"5,716,340.80",161,-10.0,15.2,-2.75,4.3,-1.55,420.00,170.30,,
2024/04/28,78,HHL,34.03,361.0,366.0,350.0,354.0,354.00,0.0,0.0,355.86,"17,308.00",354.00,"6,159,284.10",191,0.0,16.0,0.0,4.57,-0.53,420.00,170.30,,
2024/04/29,82,HHL,27.74,361.0,361.0,351.0,358.0,358.00,0.0,0.0,354.73,"16,486.00",354.00,"5,848,082.90",154,4.0,10.0,1.13,2.85,0.91,420.00,170.30,,
2024/04/30,82,HHL,53.14,365.1,375.0,351.0,371.2,371.20,0.0,0.0,360.99,"29,177.00",358.00,"10,532,746.60",252,13.20,24.00,3.69,6.84,2.75,420.00,170.30,,
2024/03/07,83,HHL,44.29,340.6,346.9,325.0,332.0,332.00,0.0,0.0,330.29,"21,090.00",334.00,"6,965,786.30",178,-2.0,21.90,-0.6,6.74,0.52,387.00,170.30,,
2024/03/10,81,HHL,30.91,330.1,338.0,330.0,330.0,330.00,0.0,0.0,332.76,"8,998.00",332.00,"2,994,160.00",180,-2.0,8.0,-0.6,2.42,-0.84,387.00,170.30,,
2024/03/12,79,HHL,57.27,336.6,343.0,323.0,335.0,335.00,0.0,0.0,329.08,"23,768.00",330.00,"7,821,606.80",246,5.00,20.0,1.52,6.19,1.77,387.00,170.30,,
2024/03/13,82,HHL,50.39,335.0,340.0,326.0,334.5,334.50,0.0,0.0,332.30,"13,428.00",335.00,"4,462,165.90",162,-0.5,14.0,-0.15,4.29,0.66,387.00,170.30,,
2024/03/14,80,HHL,46.07,328.0,335.0,325.4,327.0,327.00,0.0,0.0,328.31,"12,029.00",334.50,"3,949,263.40",129,-7.5,9.6,-2.24,2.95,-0.4,387.00,170.30,,
2024/03/17,82,HHL,46.28,323.5,329.6,320.0,321.2,321.20,0.0,0.0,324.42,"17,156.00",327.00,"5,565,710.70",184,-5.8,9.6,-1.77,3.0,-1.0,387.00,170.30,,
2024/03/18,79,HHL,58.93,320.0,339.4,318.0,338.0,338.00,0.0,0.0,335.83,"27,386.00",321.20,"9,197,019.80",317,16.8,21.4,5.23,6.73,0.64,387.00,170.30,,
2024/03/19,79,HHL,62.99,336.0,347.8,335.0,337.9,337.90,0.0,0.0,342.52,"36,327.00",338.00,"12,442,651.70",249,-0.1,12.80,-0.03,3.82,-1.37,387.00,170.30,,
2024/03/20,80,HHL,61.37,340.0,351.4,332.6,338.1,338.10,0.0,0.0,344.12,"36,600.00",337.90,"12,594,692.50",253,0.20,18.80,0.06,5.65,-1.78,387.00,170.30,,
2024/03/21,82,HHL,53.87,343.9,343.9,331.6,334.0,334.00,0.0,0.0,333.43,"11,057.00",338.10,"3,686,780.50",135,-4.10,12.30,-1.21,3.71,0.17,387.00,170.30,,
2024/03/25,78,HHL,56.81,340.0,367.1,330.0,355.0,355.00,0.0,0.0,350.13,"79,379.00",334.00,"27,792,813.40",521,21.00,37.10,6.29,11.24,1.37,387.00,170.30,,
2024/03/26,82,HHL,59.45,359.9,377.2,345.0,366.0,366.00,0.0,0.0,363.79,"113,628.00",355.00,"41,336,993.80",777,11.0,32.20,3.1,9.33,0.6,387.00,170.30,,
2024/03/27,83,HHL,56.42,361.3,375.0,353.0,353.0,353.00,0.0,0.0,366.08,"47,447.00",366.00,"17,369,534.90",362,-13.0,22.00,-3.55,6.23,-3.71,387.00,170.30,,
2024/03/28,83,HHL,60.19,359.0,388.3,342.1,383.8,383.80,0.0,0.0,372.83,"98,880.00",353.00,"36,865,854.20",788,30.8,46.2,8.73,13.5,2.86,388.30,170.30,,
2024/03/31,83,HHL,58.82,391.4,415.0,380.0,397.0,397.00,0.0,0.0,404.76,"121,674.00",383.80,"49,248,539.40","1,137",13.20,35.00,3.44,9.21,-1.95,415.00,170.30,,
2024/04/01,82,HHL,42.79,400.0,400.1,372.1,372.1,372.10,0.0,0.0,384.03,"58,009.00",397.00,"22,277,092.90",515,-24.9,28.0,-6.27,7.52,-3.21,415.00,170.30,,
2024/02/12,82,HHL,62.16,344.7,365.9,335.0,363.0,363.00,0.0,0.0,355.98,"116,281.00",338.20,"41,393,593.00","1,019",24.80,30.90,7.33,9.22,1.93,387.00,170.30,,
2024/02/13,81,HHL,60.03,360.0,375.0,345.1,355.0,355.00,0.0,0.0,361.34,"73,167.00",363.00,"26,437,848.60",548,-8.0,29.9,-2.2,8.66,-1.78,387.00,170.30,,
2024/02/14,81,HHL,52.2,352.0,361.8,348.2,351.5,351.50,0.0,0.0,353.50,"27,826.00",355.00,"9,836,628.00",235,-3.5,13.6,-0.99,3.91,-0.57,387.00,170.30,,
2024/02/15,81,HHL,56.67,346.0,367.0,345.0,350.5,350.50,0.0,0.0,355.50,"44,411.00",351.50,"15,788,152.10",436,-1.0,22.0,-0.28,6.38,-1.43,387.00,170.30,,
2024/02/18,84,HHL,42.32,347.0,360.0,341.0,341.0,341.00,0.0,0.0,347.14,"28,350.00",350.50,"9,841,277.50",365,-9.5,19.0,-2.71,5.57,-1.8,387.00,170.30,,
2024/02/20,80,HHL,41.96,336.0,352.9,336.0,342.6,342.60,0.0,0.0,345.13,"33,778.00",341.00,"11,657,898.00",341,1.60,16.9,0.47,5.03,-0.74,387.00,170.30,,
2024/02/21,80,HHL,29.99,339.0,349.0,325.0,328.0,328.00,0.0,0.0,333.01,"13,119.00",342.60,"4,368,701.20",238,-14.60,24.0,-4.26,7.38,-1.53,387.00,170.30,,
2024/02/22,80,HHL,29.49,334.0,340.0,323.4,327.9,327.90,0.0,0.0,330.63,"19,656.00",328.00,"6,498,924.90",345,-0.10,16.6,-0.03,5.13,-0.83,387.00,170.30,,
2024/02/25,85,HHL,29.56,325.0,335.0,320.6,321.1,321.10,0.0,0.0,327.46,"25,054.00",327.90,"8,204,157.30",224,-6.80,14.40,-2.07,4.49,-1.98,387.00,170.30,,
2024/02/26,84,HHL,33.1,321.0,341.0,321.0,335.2,335.20,0.0,0.0,332.37,"45,837.00",321.10,"15,234,619.90",287,14.10,20.00,4.39,6.23,0.85,387.00,170.30,,
2024/02/27,80,HHL,59.68,341.9,358.0,335.3,355.4,355.40,0.0,0.0,349.13,"102,067.00",335.20,"35,634,400.20",574,20.20,22.70,6.03,6.77,1.76,387.00,170.30,,
2024/02/28,81,HHL,45.19,360.0,360.0,341.0,344.8,344.80,0.0,0.0,346.66,"20,547.00",355.40,"7,122,857.40",216,-10.60,19.00,-2.98,5.57,-0.54,387.00,170.30,,
2024/02/29,80,HHL,42.74,340.0,343.0,328.0,334.0,334.00,0.0,0.0,332.45,"16,323.00",344.80,"5,426,654.90",144,-10.80,15.00,-3.13,4.57,0.46,387.00,170.30,,
2024/03/03,81,HHL,25.13,340.6,340.6,318.0,328.9,328.90,0.0,0.0,324.35,"12,783.00",334.00,"4,146,116.80",166,-5.10,22.60,-1.53,7.11,1.38,387.00,170.30,,
2024/03/04,67,HHL,34.46,328.0,350.0,328.0,350.0,350.00,0.0,0.0,346.02,"4,022.00",328.90,"1,391,678.00",16,21.1,22.0,6.42,6.71,1.14,387.00,170.30,,
2024/03/05,82,HHL,34.93,357.0,357.0,327.0,334.0,334.00,0.0,0.0,333.24,"24,342.00",350.00,"8,111,687.60",225,-16.00,30.00,-4.57,9.17,0.23,387.00,170.30,,
2024/01/18,78,HHL,47.13,318.0,328.0,315.0,323.1,323.10,0.0,0.0,321.03,"35,044.00",321.20,"11,250,153.70",479,1.9,13.00,0.59,4.13,0.64,387.00,170.30,,
2024/01/21,81,HHL,44.59,318.1,339.6,318.1,326.0,326.00,0.0,0.0,330.94,"34,047.00",323.10,"11,267,468.20",387,2.9,21.50,0.9,6.76,-1.51,387.00,170.30,,
2024/01/22,79,HHL,41.42,325.0,333.6,316.0,317.0,317.00,0.0,0.0,322.94,"26,953.00",326.00,"8,704,241.80",370,-9.0,17.6,-2.76,5.57,-1.87,387.00,170.30,,
2024/01/23,82,HHL,44.14,322.0,323.0,317.0,319.0,319.00,0.0,0.0,319.25,"14,262.00",317.00,"4,553,117.00",310,2.0,6.0,0.63,1.89,-0.08,387.00,170.30,,
2024/01/24,83,HHL,59.77,325.0,340.0,325.0,328.0,328.00,0.0,0.0,331.77,"48,376.00",319.00,"16,049,848.20",557,9.0,15.0,2.82,4.62,-1.15,387.00,170.30,,
2024/01/25,81,HHL,51.51,333.9,334.5,322.0,327.0,327.00,0.0,0.0,326.50,"18,510.00",328.00,"6,043,506.50",287,-1.0,12.50,-0.3,3.88,0.15,387.00,170.30,,
2024/01/28,82,HHL,53.99,330.0,335.0,324.0,330.0,330.00,0.0,0.0,327.69,"11,503.00",327.00,"3,769,370.60",276,3.0,11.0,0.92,3.4,0.7,387.00,170.30,,
2024/01/29,82,HHL,56.11,330.0,337.6,325.6,330.0,330.00,0.0,0.0,331.77,"22,840.00",330.00,"7,577,677.40",344,0.0,12.0,0.0,3.69,-0.54,387.00,170.30,,
2024/01/30,82,HHL,60.88,331.0,344.5,331.0,343.0,343.00,0.0,0.0,339.81,"41,624.00",330.00,"14,144,158.90",515,13.0,13.5,3.94,4.08,0.93,387.00,170.30,,
2024/01/31,82,HHL,52.7,344.5,349.8,323.6,327.0,327.00,0.0,0.0,335.95,"38,053.00",343.00,"12,783,886.00",378,-16.00,26.20,-4.66,8.1,-2.74,387.00,170.30,,
2024/02/01,83,HHL,40.2,321.3,330.0,318.1,319.5,319.50,0.0,0.0,323.93,"17,044.00",327.00,"5,521,146.80",225,-7.5,11.9,-2.29,3.74,-1.39,387.00,170.30,,
2024/02/04,80,HHL,35.76,314.1,325.0,314.1,322.0,322.00,0.0,0.0,322.27,"13,977.00",319.50,"4,504,300.00",204,2.5,10.9,0.78,3.47,-0.08,387.00,170.30,,
2024/02/05,82,HHL,34.56,322.0,328.0,320.1,324.0,324.00,0.0,0.0,323.22,"6,425.00",322.00,"2,076,672.20",161,2.0,7.9,0.62,2.47,0.24,387.00,170.30,,
2024/02/06,83,HHL,39.32,330.4,330.4,318.1,323.0,323.00,0.0,0.0,320.82,"14,699.00",324.00,"4,715,765.90",230,-1.0,12.3,-0.31,3.87,0.67,387.00,170.30,,
2024/02/07,85,HHL,54.11,320.1,327.9,319.8,324.0,324.00,0.0,0.0,322.86,"14,183.00",323.00,"4,579,086.00",218,1.0,8.1,0.31,2.53,0.35,387.00,170.30,,
2024/02/08,82,HHL,57.16,320.0,348.8,320.0,344.0,344.00,0.0,0.0,341.36,"85,145.00",324.00,"29,065,498.90",697,20.0,28.80,6.17,9.0,0.77,387.00,170.30,,
2023/12/20,83,HHL,65.19,299.5,323.0,299.5,323.0,323.00,0.0,0.0,316.30,"77,158.00",293.70,"24,404,783.20",738,29.30,23.50,9.98,7.85,2.08,323.00,170.30,,
2023/12/21,84,HHL,58.92,316.6,354.0,307.8,353.0,353.00,0.0,0.0,316.95,"50,740.00",323.00,"16,082,106.70",552,30.00,46.20,9.29,15.01,10.21,354.00,170.30,,
2023/12/24,82,HHL,63.58,346.0,387.0,317.7,383.5,383.50,0.0,0.0,334.42,"109,984.00",353.00,"36,780,650.60",862,30.5,69.30,8.64,21.81,12.8,387.00,170.30,,
2023/12/27,82,HHL,54.66,383.5,383.5,345.2,345.2,345.20,0.0,0.0,346.05,"24,395.00",383.50,"8,441,811.40",132,-38.3,38.30,-9.99,11.1,-0.25,387.00,170.30,,
2023/12/28,81,HHL,56.52,338.3,352.0,313.1,352.0,352.00,0.0,0.0,332.37,"106,969.00",345.20,"35,553,259.20",923,6.8,38.9,1.97,12.42,5.58,387.00,170.30,,
2024/01/01,80,HHL,51.14,345.0,387.0,331.0,387.0,387.00,0.0,0.0,348.64,"57,854.00",352.00,"20,170,481.40",602,35.0,56.0,9.94,16.92,9.91,387.00,170.30,,
2024/01/02,82,HHL,44.34,379.3,379.3,348.3,348.3,348.30,0.0,0.0,349.39,"33,149.00",387.00,"11,582,064.30",126,-38.7,31.0,-10.0,8.9,-0.31,387.00,170.30,,
2024/01/03,82,HHL,51.39,355.2,355.2,324.1,349.0,349.00,0.0,0.0,340.11,"62,937.00",348.30,"21,405,329.40",586,0.70,31.1,0.2,9.6,2.55,387.00,170.30,,
2024/01/04,80,HHL,49.06,350.0,353.0,333.0,333.1,333.10,0.0,0.0,342.78,"73,378.00",349.00,"25,152,355.10",562,-15.90,20.00,-4.56,6.01,-2.91,387.00,170.30,,
2024/01/07,82,HHL,42.7,327.0,338.0,319.0,319.0,319.00,0.0,0.0,324.39,"44,659.00",333.10,"14,487,155.30",394,-14.1,19.0,-4.23,5.96,-1.69,387.00,170.30,,
2024/01/08,87,HHL,43.64,325.3,326.0,314.0,316.0,316.00,0.0,0.0,319.56,"36,971.00",319.00,"11,814,290.10",437,-3.0,12.00,-0.94,3.82,-1.13,387.00,170.30,,
2024/01/09,81,HHL,45.5,320.0,338.0,320.0,325.1,325.10,0.0,0.0,332.46,"53,166.00",316.00,"17,675,387.10",533,9.1,18.0,2.88,5.63,-2.26,387.00,170.30,,
2024/01/10,79,HHL,44.3,328.0,335.0,319.0,322.0,322.00,0.0,0.0,324.05,"20,382.00",325.10,"6,604,822.90",309,-3.1,16.00,-0.95,5.02,-0.64,387.00,170.30,,
2024/01/11,80,HHL,44.75,326.0,327.0,317.1,323.0,323.00,0.0,0.0,322.15,"25,018.00",322.00,"8,059,582.10",293,1.00,9.9,0.31,3.12,0.26,387.00,170.30,,
2024/01/14,83,HHL,53.83,324.0,345.0,324.0,340.0,340.00,0.0,0.0,340.35,"93,692.00",323.00,"31,888,051.50",595,17.0,21.0,5.26,6.48,-0.1,387.00,170.30,,
2024/01/16,82,HHL,54.16,338.0,351.0,338.0,342.5,342.50,0.0,0.0,346.30,"52,903.00",340.00,"18,320,335.60",450,2.5,13.0,0.74,3.85,-1.11,387.00,170.30,,
2023/11/27,76,HHL,55.17,203.9,211.9,203.9,209.0,209.00,0.0,0.0,208.22,"4,872.00",208.00,"1,014,433.40",136,1.00,8.00,0.48,3.92,0.37,322.00,170.30,,
2023/11/28,77,HHL,50.59,210.0,214.0,205.0,214.0,214.00,0.0,0.0,208.93,"3,159.00",209.00,"660,017.10",125,5.0,9.0,2.39,4.39,2.37,322.00,170.30,,
2023/11/29,74,HHL,51.27,209.8,217.0,205.0,210.0,210.00,0.0,0.0,207.77,"3,350.00",214.00,"696,025.80",90,-4.00,12.00,-1.87,5.85,1.06,322.00,170.30,,
2023/11/30,73,HHL,35.73,211.0,211.0,199.0,202.0,202.00,0.0,0.0,201.45,"5,119.00",210.00,"1,031,229.00",78,-8.0,12.00,-3.81,6.03,0.27,322.00,170.30,,
2023/12/03,73,HHL,34.91,200.0,212.0,194.1,200.0,200.00,0.0,0.0,199.23,"1,487.00",202.00,"296,260.00",102,-2.0,17.9,-0.99,9.22,0.38,322.00,170.30,,
2023/12/04,78,HHL,39.8,197.0,209.0,196.0,209.0,209.00,0.0,0.0,205.85,"6,723.00",200.00,"1,383,956.50",149,9.0,13.0,4.5,6.63,1.51,322.00,170.30,,
2023/12/05,78,HHL,34.19,205.0,206.0,201.5,205.4,205.40,0.0,0.0,203.45,"2,843.00",209.00,"578,407.50",84,-3.60,4.50,-1.72,2.23,0.95,322.00,170.30,,
2023/12/06,74,HHL,54.43,201.4,209.0,201.4,209.0,209.00,0.0,0.0,204.68,"9,731.00",205.40,"1,991,740.30",95,3.6,7.60,1.75,3.77,2.07,322.00,170.30,,
2023/12/07,79,HHL,55.05,207.0,216.0,207.0,210.6,210.60,0.0,0.0,211.60,"9,642.00",209.00,"2,040,225.30",162,1.6,9.00,0.77,4.35,-0.47,322.00,170.30,,
2023/12/10,64,HHL,50.64,214.8,231.6,212.0,231.0,231.00,0.0,0.0,221.88,"2,300.00",210.60,"510,328.00",15,20.40,19.6,9.69,9.25,3.95,322.00,170.30,,
2023/12/11,80,HHL,58.84,235.0,244.6,222.6,235.0,235.00,0.0,0.0,231.49,"20,242.00",231.00,"4,685,752.00",306,4.0,22.0,1.73,9.88,1.5,322.00,170.30,,
2023/12/12,80,HHL,58.27,230.3,244.9,223.1,243.7,243.70,0.0,0.0,239.31,"15,443.00",235.00,"3,695,741.40",250,8.70,21.80,3.7,9.77,1.8,322.00,170.30,,
2023/12/13,80,HHL,58.41,240.0,257.0,233.1,239.7,239.70,0.0,0.0,242.68,"19,775.00",243.70,"4,799,058.00",207,-4.0,23.9,-1.64,10.25,-1.24,322.00,170.30,,
2023/12/14,81,HHL,51.39,235.0,244.9,233.0,244.9,244.90,0.0,0.0,239.04,"11,905.00",239.70,"2,845,817.50",157,5.2,11.9,2.17,5.11,2.39,322.00,170.30,,
2023/12/17,79,HHL,58.95,240.1,261.1,231.0,261.0,261.00,0.0,0.0,249.85,"25,493.00",244.90,"6,369,424.50",294,16.1,30.10,6.57,13.03,4.27,322.00,170.30,,
2023/12/18,79,HHL,59.21,261.0,287.1,257.0,268.0,268.00,0.0,0.0,272.48,"64,344.00",261.00,"17,532,739.90",430,7.00,30.10,2.68,11.71,-1.67,322.00,170.30,,
2023/10/18,75,HHL,34.78,194.0,205.0,191.3,203.5,203.50,0.0,0.0,199.25,"2,558.00",194.00,"509,690.50",60,9.5,13.7,4.9,7.16,2.09,322.00,170.30,,
2023/10/19,75,HHL,33.89,199.5,202.9,191.9,197.5,197.50,0.0,0.0,198.22,"1,701.00",203.50,"337,169.50",39,-6.0,11.0,-2.95,5.73,-0.36,322.00,170.30,,
2023/10/29,74,HHL,37.09,195.0,213.0,192.0,203.0,203.00,0.0,0.0,200.07,"1,098.00",197.50,"219,676.40",58,5.5,21.0,2.78,10.94,1.44,322.00,170.30,,
2023/10/30,75,HHL,37.96,207.0,207.0,192.1,199.4,199.40,0.0,0.0,196.53,"1,023.00",203.00,"201,051.50",71,-3.6,14.9,-1.77,7.76,1.44,322.00,170.30,,
2023/10/31,77,HHL,34.84,195.5,203.0,190.0,201.9,201.90,0.0,0.0,192.99,"2,650.00",199.40,"511,423.50",79,2.5,13.0,1.25,6.84,4.41,322.00,170.30,,
2023/11/01,77,HHL,34.44,197.9,197.9,190.2,194.5,194.50,0.0,0.0,192.63,"1,900.00",201.90,"366,004.00",73,-7.4,7.7,-3.67,4.05,0.96,322.00,170.30,,
2023/11/02,73,HHL,34.82,190.7,198.3,190.0,197.9,197.90,0.0,0.0,192.84,"2,610.00",194.50,"503,320.00",93,3.4,8.3,1.75,4.37,2.56,322.00,170.30,,
2023/11/05,76,HHL,29.78,194.0,194.6,182.7,194.6,194.60,0.0,0.0,189.41,"1,460.00",197.90,"276,545.30",62,-3.3,11.9,-1.67,6.51,2.66,322.00,170.30,,
2023/11/06,74,HHL,32.78,190.8,198.4,190.8,191.6,191.60,0.0,0.0,192.23,"2,730.00",194.60,"524,786.30",96,-3.0,7.6,-1.54,3.98,-0.33,322.00,170.30,,
2023/11/07,76,HHL,42.86,188.0,197.0,188.0,194.9,194.90,0.0,0.0,190.88,"2,980.00",191.60,"568,809.20",55,3.3,9.0,1.72,4.79,2.06,322.00,170.30,,
2023/11/08,77,HHL,40.56,191.1,198.6,187.5,194.0,194.00,0.0,0.0,193.49,"3,100.00",194.90,"599,816.00",45,-0.90,11.1,-0.46,5.92,0.26,322.00,170.30,,
2023/11/09,73,HHL,40.03,191.0,197.8,190.1,197.8,197.80,0.0,0.0,191.51,670.00,194.00,"128,310.40",42,3.8,7.7,1.96,4.05,3.18,322.00,170.30,,
2023/11/20,74,HHL,46.68,193.9,199.9,192.0,195.0,195.00,0.0,0.0,195.46,"2,872.00",197.80,"561,361.20",96,-2.80,7.90,-1.42,4.11,-0.24,322.00,170.30,,
2023/11/21,74,HHL,39.53,191.1,193.9,184.0,193.9,193.90,0.0,0.0,186.92,"2,317.00",195.00,"433,098.00",69,-1.1,9.90,-0.56,5.38,3.6,322.00,170.30,,
2023/11/22,75,HHL,43.36,190.1,195.0,187.0,193.0,193.00,0.0,0.0,192.10,"2,695.00",193.90,"517,704.00",87,-0.9,8.00,-0.46,4.28,0.47,322.00,170.30,,
2023/11/23,76,HHL,38.11,190.0,199.4,188.0,196.0,196.00,0.0,0.0,194.01,"1,677.00",193.00,"325,363.00",82,3.0,11.4,1.55,6.06,1.01,322.00,170.30,,
2023/09/21,71,HHL,66.89,208.0,224.0,208.0,217.0,217.00,0.0,0.0,217.32,"11,010.00",204.00,"2,392,701.10",287,13.00,16.00,6.37,7.69,-0.15,322.00,170.30,,
2023/09/24,75,HHL,62.38,221.3,223.3,206.0,212.0,212.00,0.0,0.0,214.06,"9,576.00",217.00,"2,049,844.50",215,-5.00,17.30,-2.3,8.4,-0.97,322.00,170.30,,
2023/09/25,72,HHL,61.03,216.2,220.5,208.0,215.0,215.00,0.0,0.0,213.40,"8,973.00",212.00,"1,914,847.90",192,3.0,12.5,1.42,6.01,0.74,322.00,170.30,,
2023/09/26,73,HHL,67.74,219.3,228.4,216.0,226.9,226.90,0.0,0.0,223.76,"18,663.00",215.00,"4,175,970.30",298,11.9,12.40,5.53,5.74,1.39,322.00,170.30,,
2023/09/27,71,HHL,55.32,223.0,226.0,216.4,224.6,224.60,0.0,0.0,221.53,"12,870.00",226.90,"2,851,149.10",166,-2.3,9.6,-1.01,4.44,1.36,322.00,170.30,,
2023/10/01,72,HHL,45.49,220.2,220.2,209.2,209.2,209.20,0.0,0.0,212.38,"11,355.00",224.60,"2,411,575.00",170,-15.4,11.0,-6.86,5.26,-1.52,322.00,170.30,,
2023/10/02,75,HHL,49.7,208.0,224.0,204.0,219.3,219.30,0.0,0.0,214.61,"7,943.00",209.20,"1,704,633.50",214,10.1,20.0,4.83,9.8,2.14,322.00,170.30,,
2023/10/03,70,HHL,42.04,223.6,223.6,209.0,215.0,215.00,0.0,0.0,214.37,"5,272.00",219.30,"1,130,154.50",122,-4.3,14.6,-1.96,6.99,0.29,322.00,170.30,,
2023/10/04,73,HHL,41.82,218.0,221.0,210.1,215.0,215.00,0.0,0.0,213.53,"6,284.00",215.00,"1,341,830.20",146,0.0,10.9,0.0,5.19,0.68,322.00,170.30,,
2023/10/05,70,HHL,47.66,218.5,218.5,211.0,215.0,215.00,0.0,0.0,212.40,"8,375.00",215.00,"1,778,821.30",144,0.0,7.5,0.0,3.55,1.21,322.00,170.30,,
2023/10/08,76,HHL,37.99,219.3,219.3,205.2,205.2,205.20,0.0,0.0,207.58,"9,172.00",215.00,"1,903,895.10",153,-9.8,14.1,-4.56,6.87,-1.16,322.00,170.30,,
2023/10/09,74,HHL,36.06,201.1,206.3,201.1,205.0,205.00,0.0,0.0,202.79,"4,510.00",205.20,"914,561.80",127,-0.2,5.2,-0.1,2.59,1.08,322.00,170.30,,
2023/10/10,72,HHL,33.56,201.0,204.0,198.1,202.0,202.00,0.0,0.0,200.43,"5,436.00",205.00,"1,089,559.50",127,-3.0,5.9,-1.46,2.98,0.78,322.00,170.30,,
2023/10/11,77,HHL,35.8,198.0,207.3,198.0,207.3,207.30,0.0,0.0,202.07,"2,656.00",202.00,"536,690.80",114,5.3,9.3,2.62,4.7,2.52,322.00,170.30,,
2023/10/12,76,HHL,33.74,203.2,203.2,198.0,198.0,198.00,0.0,0.0,198.69,"4,160.00",207.30,"826,533.40",114,-9.3,5.20,-4.49,2.63,-0.35,322.00,170.30,,
2023/10/16,75,HHL,35.71,195.0,198.0,191.1,191.5,191.50,0.0,0.0,191.84,"10,190.00",198.00,"1,954,805.50",98,-6.5,6.90,-3.28,3.61,-0.18,322.00,170.30,,
2023/08/23,71,HHL,51.38,196.0,206.7,196.0,205.0,205.00,0.0,0.0,204.74,"6,000.00",198.00,"1,228,438.00",153,7.0,10.7,3.54,5.46,0.13,341.00,190.30,,
2023/08/24,72,HHL,48.63,205.0,205.0,198.0,201.0,201.00,0.0,0.0,201.00,"6,632.00",205.00,"1,333,029.70",114,-4.0,7.0,-1.95,3.54,0.0,341.00,190.30,,
2023/08/27,71,HHL,41.99,197.0,200.0,188.0,191.0,191.00,0.0,0.0,192.27,"5,105.00",201.00,"981,554.80",134,-10.0,12.00,-4.98,6.38,-0.67,322.00,188.00,,
2023/08/28,71,HHL,37.39,187.5,194.8,187.5,190.0,190.00,0.0,0.0,189.91,"1,758.00",191.00,"333,854.00",77,-1.0,7.3,-0.52,3.89,0.05,322.00,187.50,,
2023/08/29,71,HHL,37.76,187.1,189.0,185.0,185.1,185.10,0.0,0.0,186.36,"5,148.00",190.00,"959,377.80",117,-4.9,4.0,-2.58,2.16,-0.68,322.00,185.00,,
2023/08/30,74,HHL,41.03,188.8,192.4,185.0,185.1,185.10,0.0,0.0,186.00,"4,304.00",185.10,"800,551.80",102,0.0,7.4,0.0,4.0,-0.49,322.00,185.00,,
2023/09/03,72,HHL,36.25,181.5,185.0,181.5,182.0,182.00,0.0,0.0,182.48,"2,477.00",185.10,"452,003.50",103,-3.1,3.5,-1.67,1.93,-0.26,322.00,181.50,,
2023/09/04,69,HHL,40.24,180.0,187.2,173.1,180.0,180.00,0.0,0.0,178.92,"3,755.00",182.00,"671,828.80",97,-2.0,14.1,-1.1,8.15,0.6,322.00,173.10,,
2023/09/05,72,HHL,38.76,176.4,178.0,174.6,177.1,177.10,0.0,0.0,176.46,"3,111.00",180.00,"548,953.30",71,-2.9,3.4,-1.61,1.95,0.36,322.00,173.10,,
2023/09/07,74,HHL,35.96,173.6,177.1,172.4,172.4,172.40,0.0,0.0,174.56,"2,854.00",177.10,"498,195.00",89,-4.7,4.7,-2.65,2.73,-1.25,322.00,172.40,,
2023/09/10,72,HHL,35.81,173.2,174.9,170.3,174.0,174.00,0.0,0.0,172.72,"1,410.00",172.40,"243,539.00",102,1.6,4.6,0.93,2.7,0.73,322.00,170.30,,
2023/09/11,72,HHL,54.53,171.2,191.3,171.2,188.0,188.00,0.0,0.0,187.65,"10,053.00",174.00,"1,886,476.10",168,14.0,20.1,8.05,11.74,0.18,322.00,170.30,,
2023/09/12,73,HHL,49.13,184.3,187.6,180.7,184.9,184.90,0.0,0.0,184.12,"5,067.00",188.00,"932,953.50",101,-3.1,6.9,-1.65,3.82,0.42,322.00,170.30,,
2023/09/13,70,HHL,46.64,181.7,199.0,181.7,196.0,196.00,0.0,0.0,193.45,"3,525.00",184.90,"681,921.40",107,11.1,17.3,6.0,9.52,1.3,322.00,170.30,,
2023/09/17,72,HHL,42.81,195.0,198.9,185.0,185.0,185.00,0.0,0.0,188.76,"1,855.00",196.00,"350,141.00",81,-11.0,13.9,-5.61,7.51,-2.03,322.00,170.30,,
2023/09/18,71,HHL,43.26,188.7,189.0,181.0,188.0,188.00,0.0,0.0,183.93,"2,855.00",185.00,"525,130.80",102,3.0,8.0,1.62,4.42,2.16,322.00,170.30,,
2023/07/31,69,HHL,40.38,244.0,244.0,236.0,237.0,237.00,0.0,0.0,240.06,"3,841.00",240.00,"922,067.70",159,-3.0,8.0,-1.25,3.39,-1.29,362.10,202.00,,
2023/08/01,68,HHL,39.04,234.0,238.0,229.5,229.5,229.50,0.0,0.0,232.82,"8,248.00",237.00,"1,920,325.90",138,-7.50,8.50,-3.16,3.7,-1.45,362.10,202.00,,
2023/08/02,68,HHL,39.5,225.2,243.3,225.2,235.0,235.00,0.0,0.0,228.88,"2,888.00",229.50,"661,013.40",114,5.5,18.10,2.4,8.04,2.6,362.10,202.00,,
2023/08/03,66,HHL,42.7,232.1,237.8,227.7,229.0,229.00,0.0,0.0,232.16,"7,105.00",235.00,"1,649,506.10",124,-6.0,10.1,-2.55,4.44,-1.38,362.10,202.00,,
2023/08/06,67,HHL,45.65,229.0,233.5,221.0,228.9,228.90,0.0,0.0,225.91,"9,383.00",229.00,"2,119,700.00",197,-0.1,12.50,-0.04,5.66,1.31,362.10,202.00,,
2023/08/07,66,HHL,46.34,226.0,226.7,222.0,225.0,225.00,0.0,0.0,223.73,"7,440.00",228.90,"1,664,567.50",166,-3.9,4.70,-1.7,2.12,0.56,362.10,202.00,,
2023/08/08,68,HHL,37.84,220.6,224.0,215.3,219.8,219.80,0.0,0.0,218.45,"6,590.00",225.00,"1,439,572.50",209,-5.2,8.70,-2.31,4.04,0.62,362.10,202.00,,
2023/08/09,69,HHL,43.06,215.6,220.9,211.5,220.9,220.90,0.0,0.0,215.14,"3,668.00",219.80,"789,130.00",136,1.1,9.40,0.5,4.44,2.61,362.10,202.00,,
2023/08/10,71,HHL,41.79,220.1,222.9,212.0,213.0,213.00,0.0,0.0,216.38,"6,125.00",220.90,"1,325,334.80",133,-7.9,10.9,-3.58,5.14,-1.59,362.10,202.00,,
2023/08/13,67,HHL,40.4,217.0,217.0,208.3,208.3,208.30,0.0,0.0,210.75,"4,667.00",213.00,"983,555.50",177,-4.70,8.70,-2.21,4.18,-1.17,362.10,202.00,,
2023/08/14,73,HHL,43.49,206.3,214.2,206.3,208.0,208.00,0.0,0.0,208.51,"5,109.00",208.30,"1,065,289.00",190,-0.3,7.9,-0.14,3.83,-0.25,362.10,202.00,,
2023/08/15,72,HHL,38.14,204.0,207.0,203.0,204.0,204.00,0.0,0.0,204.85,"5,339.00",208.00,"1,093,707.50",106,-4.0,4.00,-1.92,1.97,-0.42,362.10,202.00,,
2023/08/16,69,HHL,41.86,200.0,203.0,196.4,202.0,202.00,0.0,0.0,199.04,"4,964.00",204.00,"988,054.20",118,-2.0,6.60,-0.98,3.36,1.46,362.10,196.40,,
2023/08/17,70,HHL,41.85,198.1,204.5,198.0,199.5,199.50,0.0,0.0,199.48,"3,820.00",202.00,"762,030.00",119,-2.5,6.50,-1.24,3.28,0.01,362.10,196.40,,
2023/08/20,71,HHL,41.32,197.0,203.4,196.1,197.0,197.00,0.0,0.0,197.88,"3,433.00",199.50,"679,309.60",124,-2.5,7.30,-1.25,3.72,-0.44,362.10,196.10,,
2023/08/21,71,HHL,45.81,194.0,198.0,190.5,194.5,194.50,0.0,0.0,193.64,"7,752.00",197.00,"1,501,113.30",115,-2.5,7.5,-1.27,3.94,0.44,362.10,190.50,,
2023/07/06,84,HHL,34.14,360.0,360.0,351.0,358.7,358.70,0.0,0.0,356.75,"13,131.00",353.00,"4,684,490.60",116,5.7,9.0,1.61,2.56,0.54,635.00,312.80,415.34,462.91
2023/07/09,73,HHL,52.81,262.8,284.0,256.2,284.0,284.00,0.0,0.0,265.54,"11,007.00",268.10,"2,922,845.00",196,15.9,27.8,5.93,10.85,6.5,362.10,202.00,,
2023/07/10,73,HHL,57.34,278.4,278.4,255.6,266.0,266.00,0.0,0.0,260.35,"26,800.00",284.00,"6,977,329.40",251,-18.00,22.80,-6.34,8.92,2.12,362.10,202.00,,
2023/07/11,74,HHL,33.52,261.0,265.0,252.9,257.0,257.00,0.0,0.0,255.49,"6,195.00",266.00,"1,582,781.50",137,-9.0,12.10,-3.38,4.78,0.59,362.10,202.00,,
2023/07/12,74,HHL,46.06,262.0,267.2,253.1,264.0,264.00,0.0,0.0,261.64,"17,411.00",257.00,"4,555,447.60",213,7.0,14.1,2.72,5.57,0.89,362.10,202.00,,
2023/07/13,76,HHL,36.29,258.9,269.2,253.8,259.0,259.00,0.0,0.0,260.34,"11,755.00",264.00,"3,060,342.50",161,-5.0,15.40,-1.89,6.07,-0.52,362.10,202.00,,
2023/07/16,73,HHL,34.0,255.0,255.5,249.0,249.0,249.00,0.0,0.0,252.50,"5,305.00",259.00,"1,339,495.00",120,-10.00,6.50,-3.86,2.61,-1.4,362.10,202.00,,
2023/07/17,66,HHL,47.22,253.9,257.0,249.1,255.0,255.00,0.0,0.0,254.50,"6,900.00",249.00,"1,756,027.00",163,6.0,7.90,2.41,3.17,0.2,362.10,202.00,,
2023/07/18,67,HHL,40.55,255.0,257.9,250.0,250.0,250.00,0.0,0.0,254.03,"9,930.00",255.00,"2,522,493.00",155,-5.00,7.90,-1.96,3.16,-1.61,362.10,202.00,,
2023/07/19,69,HHL,44.54,246.0,252.0,246.0,247.0,247.00,0.0,0.0,248.87,"9,612.00",250.00,"2,392,130.80",172,-3.0,6.00,-1.2,2.44,-0.76,362.10,202.00,,
2023/07/20,69,HHL,48.83,243.0,255.0,243.0,247.0,247.00,0.0,0.0,250.16,"7,253.00",247.00,"1,814,377.00",200,0.00,12.00,0.0,4.94,-1.28,362.10,202.00,,
2023/07/23,70,HHL,49.45,245.0,256.0,245.0,252.9,252.90,0.0,0.0,250.81,"8,031.00",247.00,"2,014,252.90",214,5.9,11.00,2.39,4.49,0.83,362.10,202.00,,
2023/07/24,68,HHL,59.28,250.0,265.2,250.0,253.0,253.00,0.0,0.0,257.20,"11,178.00",252.90,"2,874,991.00",200,0.1,15.20,0.04,6.08,-1.66,362.10,202.00,,
2023/07/25,69,HHL,53.61,248.0,256.0,248.0,250.1,250.10,0.0,0.0,252.32,"5,691.00",253.00,"1,435,944.90",125,-2.90,8.00,-1.15,3.23,-0.89,362.10,202.00,,
2023/07/26,69,HHL,50.73,255.0,255.1,247.0,248.0,248.00,0.0,0.0,250.21,"8,416.00",250.10,"2,105,769.30",138,-2.10,8.10,-0.84,3.28,-0.89,362.10,202.00,,
2023/07/27,70,HHL,43.23,245.2,252.9,245.0,245.0,245.00,0.0,0.0,246.59,"3,763.00",248.00,"927,934.10",93,-3.0,7.90,-1.21,3.22,-0.65,362.10,202.00,,
2023/06/12,76,HHL,46.32,273.0,278.4,265.6,268.3,268.30,0.0,0.0,271.31,"7,963.00",273.00,"2,160,445.60",150,-4.70,12.80,-1.72,4.82,-1.12,362.10,202.00,,
2023/06/13,73,HHL,55.42,273.6,280.0,263.0,280.0,280.00,0.0,0.0,272.84,"27,458.00",268.30,"7,491,666.70",327,11.70,17.00,4.36,6.46,2.56,362.10,202.00,,
2023/06/14,73,HHL,55.82,285.0,285.0,270.0,278.0,278.00,0.0,0.0,277.90,"20,007.00",280.00,"5,559,897.40",318,-2.00,15.00,-0.71,5.56,0.04,362.10,202.00,,
2023/06/15,70,HHL,43.21,273.0,280.0,265.0,271.0,271.00,0.0,0.0,271.07,"11,021.00",278.00,"2,987,441.30",187,-7.0,15.00,-2.52,5.66,-0.03,362.10,202.00,,
2023/06/18,75,HHL,54.7,267.0,277.9,266.2,274.0,274.00,0.0,0.0,274.28,"16,186.00",271.00,"4,439,416.90",227,3.0,11.70,1.11,4.4,-0.1,362.10,202.00,,
2023/06/19,72,HHL,44.93,269.0,281.5,269.0,276.0,276.00,0.0,0.0,277.76,"22,097.00",274.00,"6,137,661.70",226,2.00,12.50,0.73,4.65,-0.64,362.10,202.00,,
2023/06/20,70,HHL,44.93,275.1,283.5,272.5,275.2,275.20,0.0,0.0,277.83,"21,174.00",276.00,"5,882,815.20",161,-0.8,11.0,-0.29,4.04,-0.96,362.10,202.00,,
2023/06/21,84,HHL,34.14,360.0,360.0,351.0,358.7,358.70,0.0,0.0,356.75,"13,131.00",353.00,"4,684,490.60",116,5.7,9.0,1.61,2.56,0.54,635.00,312.80,415.34,462.91
2023/06/22,84,HHL,34.14,360.0,360.0,351.0,358.7,358.70,0.0,0.0,356.75,"13,131.00",353.00,"4,684,490.60",116,5.7,9.0,1.61,2.56,0.54,635.00,312.80,415.34,462.91
2023/06/25,70,HHL,45.19,255.8,270.0,252.0,258.5,258.50,0.0,0.0,256.99,"15,075.00",261.00,"3,874,092.00",258,-2.50,18.00,-0.96,7.14,0.58,362.10,202.00,,
2023/06/26,73,HHL,42.68,263.6,270.0,254.1,255.0,255.00,0.0,0.0,260.13,"12,967.00",258.50,"3,373,062.20",184,-3.5,15.9,-1.35,6.26,-2.01,362.10,202.00,,
2023/06/27,71,HHL,53.78,255.0,280.5,253.0,280.0,280.00,0.0,0.0,265.79,"11,894.00",255.00,"3,161,279.80",251,25.00,27.50,9.8,10.87,5.08,362.10,202.00,,
2023/06/28,73,HHL,57.77,280.0,290.7,264.1,290.7,290.70,0.0,0.0,272.50,"23,258.00",280.00,"6,337,695.20",292,10.7,26.6,3.82,10.07,6.26,362.10,202.00,,
2023/07/02,73,HHL,56.25,284.9,285.0,268.7,270.0,270.00,0.0,0.0,273.17,"21,619.00",290.70,"5,905,602.40",290,-20.7,16.3,-7.12,6.07,-1.17,362.10,202.00,,
2023/07/03,72,HHL,57.07,264.6,270.0,260.0,265.0,265.00,0.0,0.0,263.18,"16,153.00",270.00,"4,251,079.60",228,-5.0,10.0,-1.85,3.85,0.69,362.10,202.00,,
2023/07/04,72,HHL,39.76,269.0,270.3,256.2,264.0,264.00,0.0,0.0,260.73,"8,540.00",265.00,"2,226,631.00",156,-1.00,14.1,-0.38,5.5,1.24,362.10,202.00,,
2023/05/16,69,HHL,31.71,243.1,252.0,238.3,248.2,248.20,0.0,0.0,243.93,730.00,248.00,"178,066.00",60,0.2,13.7,0.08,5.75,1.72,362.10,202.00,,
2023/05/17,67,HHL,39.93,243.3,253.0,241.0,253.0,253.00,0.0,0.0,249.19,"1,690.00",248.20,"421,132.00",90,4.8,12.0,1.93,4.98,1.51,362.10,202.00,,
2023/05/18,69,HHL,47.6,250.0,268.0,250.0,266.4,266.40,0.0,0.0,262.62,"6,705.00",253.00,"1,760,837.00",152,13.4,18.0,5.3,7.2,1.42,362.10,202.00,,
2023/05/21,74,HHL,46.95,266.4,275.4,262.1,263.2,263.20,0.0,0.0,266.80,"9,225.00",266.40,"2,461,273.80",154,-3.20,13.30,-1.2,5.07,-1.37,362.10,202.00,,
2023/05/22,71,HHL,46.49,268.0,268.0,255.1,268.0,268.00,0.0,0.0,261.98,"5,881.00",263.20,"1,540,727.00",124,4.80,12.90,1.82,5.06,2.24,362.10,202.00,,
2023/05/23,71,HHL,52.81,268.0,279.0,264.0,278.9,278.90,0.0,0.0,273.50,"11,935.00",268.00,"3,264,237.20",146,10.90,15.00,4.07,5.68,1.94,362.10,202.00,,
2023/05/24,71,HHL,54.93,279.0,279.0,272.0,272.1,272.10,0.0,0.0,275.33,"8,471.00",278.90,"2,332,286.10",144,-6.80,7.00,-2.44,2.57,-1.19,362.10,202.00,,
2023/05/28,69,HHL,48.89,277.0,277.0,260.7,260.7,260.70,0.0,0.0,268.04,"11,309.00",272.10,"3,031,309.60",201,-11.40,16.30,-4.19,6.25,-2.82,362.10,202.00,,
2023/05/30,71,HHL,39.91,255.5,260.0,251.0,251.0,251.00,0.0,0.0,253.54,"10,736.00",260.70,"2,721,975.00",153,-9.7,9.00,-3.72,3.59,-1.01,362.10,202.00,,
2023/05/31,67,HHL,34.87,246.0,255.0,240.0,246.0,246.00,0.0,0.0,245.42,"5,498.00",251.00,"1,349,319.70",117,-5.00,15.00,-1.99,6.25,0.24,362.10,202.00,,
2023/06/01,69,HHL,35.26,243.0,253.0,243.0,250.0,250.00,0.0,0.0,246.21,"3,267.00",246.00,"804,361.50",97,4.0,10.00,1.63,4.12,1.52,362.10,202.00,,
2023/06/04,68,HHL,56.74,251.0,266.0,251.0,261.0,261.00,0.0,0.0,259.02,"9,340.00",250.00,"2,419,237.80",139,11.00,15.0,4.4,5.98,0.76,362.10,202.00,,
2023/06/05,70,HHL,54.43,261.0,271.4,254.1,258.0,258.00,0.0,0.0,261.11,"7,220.00",261.00,"1,885,197.40",125,-3.0,17.30,-1.15,6.81,-1.2,362.10,202.00,,
2023/06/06,69,HHL,54.72,253.0,272.5,248.3,264.1,264.10,0.0,0.0,263.52,"9,164.00",258.00,"2,414,868.10",192,6.1,24.20,2.36,9.75,0.22,362.10,202.00,,
2023/06/07,65,HHL,55.49,263.0,273.9,263.0,267.0,267.00,0.0,0.0,267.29,"16,902.00",264.10,"4,517,788.80",167,2.9,10.9,1.1,4.14,-0.11,362.10,202.00,,
2023/06/08,72,HHL,43.69,262.7,269.3,262.7,264.4,264.40,0.0,0.0,266.58,"4,705.00",267.00,"1,254,278.00",124,-2.6,6.6,-0.97,2.51,-0.83,362.10,202.00,,
2023/04/20,69,HHL,35.08,284.0,295.3,276.5,280.4,280.40,0.0,0.0,281.77,"3,895.00",284.00,"1,097,497.00",83,-3.6,18.80,-1.27,6.8,-0.49,362.10,202.00,,
2023/04/23,67,HHL,33.16,274.8,279.9,270.0,271.0,271.00,0.0,0.0,271.98,"8,490.00",280.40,"2,309,138.20",144,-9.4,9.9,-3.35,3.67,-0.36,362.10,202.00,,
2023/04/24,72,HHL,29.0,268.0,276.0,268.0,272.6,272.60,0.0,0.0,272.69,"4,246.00",271.00,"1,157,860.40",132,1.6,8.0,0.59,2.99,-0.03,362.10,202.00,,
2023/04/25,65,HHL,32.0,268.0,276.5,268.0,276.5,276.50,0.0,0.0,273.56,"3,225.00",272.60,"882,247.00",111,3.9,8.5,1.43,3.17,1.06,362.10,202.00,,
2023/04/26,66,HHL,30.35,271.0,277.0,266.1,271.5,271.50,0.0,0.0,273.00,"1,940.00",276.50,"529,629.00",88,-5.0,10.9,-1.81,4.1,-0.55,362.10,202.00,,
2023/04/27,68,HHL,34.01,267.0,273.0,266.5,271.0,271.00,0.0,0.0,270.34,"1,308.00",271.50,"353,611.00",76,-0.50,6.5,-0.18,2.44,0.24,362.10,202.00,,
2023/04/30,71,HHL,35.88,271.0,271.9,263.4,270.0,270.00,0.0,0.0,266.64,"4,330.00",271.00,"1,154,568.00",138,-1.0,8.5,-0.37,3.23,1.24,362.10,202.00,,
2023/05/02,71,HHL,30.5,265.1,269.9,265.1,269.0,269.00,0.0,0.0,266.97,"2,979.00",270.00,"795,307.50",126,-1.0,4.8,-0.37,1.81,0.75,362.10,202.00,,
2023/05/03,67,HHL,31.24,269.0,269.0,258.1,263.0,263.00,0.0,0.0,261.03,"4,025.00",269.00,"1,050,648.00",103,-6.0,10.9,-2.23,4.22,0.75,362.10,202.00,,
2023/05/04,71,HHL,32.77,258.0,280.0,255.9,264.0,264.00,0.0,0.0,263.17,"3,702.00",263.00,"974,240.60",119,1.0,24.1,0.38,9.42,0.32,362.10,202.00,,
2023/05/07,71,HHL,25.0,259.2,259.2,255.0,256.3,256.30,0.0,0.0,257.23,"2,740.00",264.00,"704,804.00",98,-7.7,4.2,-2.92,1.65,-0.36,362.10,202.00,,
2023/05/08,71,HHL,26.25,259.5,259.5,246.3,251.0,251.00,0.0,0.0,250.90,"4,970.00",256.30,"1,246,981.00",100,-5.3,13.20,-2.07,5.36,0.04,362.10,202.00,,
2023/05/09,68,HHL,28.52,246.2,265.2,244.5,254.0,254.00,0.0,0.0,250.74,"1,700.00",251.00,"426,258.00",86,3.0,20.7,1.2,8.47,1.28,362.10,202.00,,
2023/05/10,67,HHL,26.92,251.0,255.0,247.0,254.9,254.90,0.0,0.0,251.87,"1,765.00",254.00,"444,559.00",52,0.9,8.0,0.35,3.24,1.19,362.10,202.00,,
2023/05/11,67,HHL,32.24,249.9,254.0,243.5,250.0,250.00,0.0,0.0,248.53,"1,300.00",254.90,"323,094.00",79,-4.9,10.5,-1.92,4.31,0.59,362.10,202.00,,
2023/05/14,68,HHL,34.93,250.0,250.0,238.5,238.7,238.70,0.0,0.0,241.54,"6,315.00",250.00,"1,525,297.00",96,-11.3,11.5,-4.52,4.82,-1.19,362.10,202.00,,
2023/06/11,73,HHL,62.8,262.0,279.7,262.0,273.0,273.00,0.0,0.0,271.05,"22,872.00",264.40,"6,199,348.00",279,8.60,17.70,3.25,6.76,0.72,362.10,202.00,,
2023/07/05,71,HHL,41.08,258.8,270.0,253.7,269.9,269.90,0.0,0.0,260.20,"27,786.00",264.00,"7,229,987.00",205,5.9,16.30,2.23,6.42,3.59,362.10,202.00,,
2023/07/30,68,HHL,45.61,243.0,249.9,240.0,240.0,240.00,0.0,0.0,242.98,"8,395.00",245.00,"2,039,810.30",138,-5.0,9.90,-2.04,4.13,-1.24,362.10,202.00,,
2023/08/22,72,HHL,42.52,191.0,201.0,190.3,198.0,198.00,0.0,0.0,192.78,"2,840.00",194.50,"547,498.00",99,3.5,10.7,1.8,5.62,2.64,343.70,190.30,,
2023/09/19,72,HHL,51.62,184.3,204.0,184.2,204.0,204.00,0.0,0.0,196.83,"10,300.00",188.00,"2,027,321.20",168,16.0,19.8,8.51,10.75,3.52,322.00,170.30,,
2023/10/17,75,HHL,21.41,188.0,199.2,188.0,194.0,194.00,0.0,0.0,192.90,"2,340.00",191.50,"451,377.50",84,2.5,11.2,1.31,5.96,0.57,322.00,170.30,,
2023/11/26,76,HHL,58.28,198.0,211.0,193.3,208.0,208.00,0.0,0.0,207.20,"13,300.00",196.00,"2,755,770.10",189,12.00,17.70,6.12,9.16,0.38,322.00,170.30,,
2023/12/19,82,HHL,64.51,273.3,293.7,273.3,293.7,293.70,0.0,0.0,285.76,"79,411.00",268.00,"22,692,485.30",528,25.7,20.40,9.59,7.46,2.7,322.00,170.30,,
2024/01/17,80,HHL,48.23,349.3,349.3,314.0,321.2,321.20,0.0,0.0,330.53,"37,794.00",342.50,"12,492,179.50",443,-21.3,35.3,-6.22,11.24,-2.91,387.00,170.30,,
2024/02/11,81,HHL,54.58,345.2,350.8,337.4,338.2,338.20,0.0,0.0,344.07,"28,375.00",344.00,"9,762,941.90",371,-5.80,13.40,-1.69,3.97,-1.74,387.00,170.30,,
2024/03/06,82,HHL,40.05,327.4,344.7,323.0,334.0,334.00,0.0,0.0,333.54,"26,579.00",334.00,"8,865,109.50",255,0.0,21.70,0.0,6.72,0.14,387.00,170.30,,
2024/04/02,81,HHL,46.48,364.7,382.0,358.0,362.0,362.00,0.0,0.0,369.69,"38,756.00",372.10,"14,327,551.60",270,-10.1,24.0,-2.71,6.7,-2.12,415.00,170.30,,
2024/05/02,82,HHL,44.42,370.0,370.0,350.0,356.0,356.00,0.0,0.0,358.51,"18,099.00",371.20,"6,488,610.40",212,-15.2,20.0,-4.09,5.71,-0.7,420.00,170.30,,
2024/05/29,80,HHL,46.19,350.0,360.0,347.0,352.9,352.90,0.0,0.0,353.31,"21,592.00",347.00,"7,628,710.80",171,5.90,13.00,1.7,3.75,-0.12,420.00,170.30,,
2024/06/24,84,HHL,40.04,357.0,371.0,357.0,360.0,360.00,0.0,0.0,364.10,"11,191.00",362.00,"4,074,660.00",113,-2.0,14.00,-0.55,3.92,-1.14,420.00,170.30,,
2023/03/28,68,HHL,28.75,294.0,302.0,293.4,296.5,296.50,0.0,0.0,298.10,"10,125.00",294.40,"3,018,221.50",171,2.1,8.6,0.71,2.93,-0.54,362.10,202.00,,
2023/03/29,69,HHL,33.53,300.0,300.0,289.0,295.0,295.00,0.0,0.0,293.15,"5,082.00",296.50,"1,489,808.50",128,-1.5,11.0,-0.51,3.81,0.63,362.10,202.00,,
2023/03/30,66,HHL,40.09,290.1,300.0,288.0,293.0,293.00,0.0,0.0,291.67,"13,843.00",295.00,"4,037,564.00",160,-2.0,12.0,-0.68,4.17,0.45,362.10,202.00,,
2023/04/02,84,HHL,34.14,360.0,360.0,351.0,358.7,358.70,0.0,0.0,356.75,"13,131.00",353.00,"4,684,490.60",116,5.7,9.0,1.61,2.56,0.54,635.00,312.80,415.34,462.91
2023/04/03,68,HHL,30.13,281.1,286.0,279.0,283.9,283.90,0.0,0.0,281.56,"10,220.00",286.00,"2,877,585.00",131,-2.1,7.0,-0.73,2.51,0.82,362.10,202.00,,
2023/04/04,70,HHL,28.92,281.0,289.0,279.0,283.3,283.30,0.0,0.0,281.34,"7,408.00",283.90,"2,084,161.50",116,-0.6,10.0,-0.21,3.58,0.69,362.10,202.00,,
2023/04/05,67,HHL,26.73,279.0,284.0,277.0,283.0,283.00,0.0,0.0,280.44,"8,223.00",283.30,"2,306,067.00",122,-0.3,7.0,-0.11,2.53,0.9,362.10,202.00,,
2023/04/06,69,HHL,27.5,277.4,293.0,277.4,279.1,279.10,0.0,0.0,280.36,"3,718.00",283.00,"1,042,387.70",123,-3.9,15.6,-1.38,5.62,-0.45,362.10,202.00,,
2023/04/09,73,HHL,29.58,275.0,277.0,267.6,272.0,272.00,0.0,0.0,271.34,"6,680.00",279.10,"1,812,548.00",149,-7.1,9.4,-2.54,3.51,0.24,362.10,202.00,,
2023/04/10,68,HHL,30.07,269.0,278.0,267.0,277.0,277.00,0.0,0.0,271.80,"3,940.00",272.00,"1,070,875.00",134,5.0,11.0,1.84,4.12,1.88,362.10,202.00,,
2023/04/11,68,HHL,33.8,271.5,293.7,271.5,277.0,277.00,0.0,0.0,276.78,"4,679.00",277.00,"1,295,057.00",136,0.00,22.20,0.0,8.18,0.08,362.10,202.00,,
2023/04/12,69,HHL,52.0,282.5,299.0,277.1,296.1,296.10,0.0,0.0,290.20,"16,334.00",277.00,"4,740,198.90",235,19.10,21.90,6.9,7.9,1.99,362.10,202.00,,
2023/04/13,84,HHL,34.14,360.0,360.0,351.0,358.7,358.70,0.0,0.0,356.75,"13,131.00",353.00,"4,684,490.60",116,5.7,9.0,1.61,2.56,0.54,635.00,312.80,415.34,462.91
2023/04/16,70,HHL,42.23,292.0,292.0,283.2,285.7,285.70,0.0,0.0,286.46,"5,974.00",292.00,"1,711,309.60",155,-6.3,8.8,-2.16,3.11,-0.27,362.10,202.00,,
2023/04/17,66,HHL,40.61,281.1,283.3,277.0,283.0,283.00,0.0,0.0,280.39,"4,000.00",285.70,"1,121,542.00",108,-2.7,6.3,-0.95,2.27,0.92,362.10,202.00,,
2023/04/18,69,HHL,29.65,278.0,292.0,274.6,284.0,284.00,0.0,0.0,280.09,"4,990.00",283.00,"1,397,661.00",127,1.0,17.4,0.35,6.34,1.38,362.10,202.00,,
2023/02/28,69,HHL,43.63,307.0,317.3,303.0,314.0,314.00,0.0,0.0,313.53,"31,247.00",307.00,"9,796,924.90",337,7.0,14.3,2.28,4.72,0.15,362.10,202.00,,
2023/03/01,71,HHL,44.13,308.0,317.0,306.3,309.0,309.00,0.0,0.0,312.29,"27,951.00",314.00,"8,728,945.40",257,-5.00,10.70,-1.59,3.49,-1.07,362.10,202.00,,
2023/03/02,71,HHL,30.82,305.2,309.0,300.0,304.0,304.00,0.0,0.0,303.05,"17,888.00",309.00,"5,420,877.20",208,-5.0,9.0,-1.62,3.0,0.31,362.10,202.00,,
2023/03/05,71,HHL,22.69,300.0,300.0,293.8,294.0,294.00,0.0,0.0,295.54,"13,400.00",304.00,"3,960,272.00",198,-10.0,6.2,-3.29,2.11,-0.52,362.10,202.00,,
2023/03/07,70,HHL,24.56,292.0,302.5,290.1,296.3,296.30,0.0,0.0,297.95,"5,516.00",294.00,"1,643,488.00",121,2.3,12.4,0.78,4.27,-0.56,362.10,202.00,,
2023/03/09,70,HHL,34.37,295.0,310.0,295.0,310.0,310.00,0.0,0.0,305.05,"18,996.00",296.30,"5,794,751.50",298,13.7,15.0,4.62,5.08,1.6,362.10,202.00,,
2023/03/12,71,HHL,27.93,305.2,310.0,301.3,301.6,301.60,0.0,0.0,304.01,"14,186.00",310.00,"4,312,739.80",273,-8.4,8.7,-2.71,2.89,-0.8,362.10,202.00,,
2023/03/13,69,HHL,32.85,300.0,306.0,296.0,303.0,303.00,0.0,0.0,298.93,"13,265.00",301.60,"3,965,254.00",168,1.4,10.0,0.46,3.38,1.34,362.10,202.00,,
2023/03/14,71,HHL,40.87,302.0,305.0,297.1,304.0,304.00,0.0,0.0,301.49,"8,414.00",303.00,"2,536,731.00",196,1.0,7.9,0.33,2.66,0.83,362.10,202.00,,
2023/03/15,84,HHL,34.14,360.0,360.0,351.0,358.7,358.70,0.0,0.0,356.75,"13,131.00",353.00,"4,684,490.60",116,5.7,9.0,1.61,2.56,0.54,635.00,312.80,415.34,462.91
2023/03/16,69,HHL,30.29,298.0,305.0,296.0,298.0,298.00,0.0,0.0,299.61,"14,336.00",302.00,"4,295,137.50",155,-4.0,9.0,-1.32,3.04,-0.54,362.10,202.00,,
2023/03/19,68,HHL,28.27,298.0,309.9,294.1,304.9,304.90,0.0,0.0,301.30,"4,527.00",298.00,"1,363,988.90",164,6.9,15.8,2.32,5.37,1.18,362.10,202.00,,
2023/03/20,68,HHL,35.26,299.0,309.0,299.0,306.0,306.00,0.0,0.0,304.90,"21,378.00",304.90,"6,518,054.00",252,1.1,10.0,0.36,3.34,0.36,362.10,202.00,,
2023/03/22,69,HHL,36.23,305.0,310.0,304.2,306.0,306.00,0.0,0.0,307.46,"16,288.00",306.00,"5,007,896.10",235,0.0,5.8,0.0,1.91,-0.48,362.10,202.00,,
2023/03/23,68,HHL,28.19,308.0,309.7,296.2,297.0,297.00,0.0,0.0,301.34,"16,770.00",306.00,"5,053,522.20",156,-9.0,13.5,-2.94,4.56,-1.46,362.10,202.00,,
2023/03/26,69,HHL,24.0,294.0,296.0,290.3,293.0,293.00,0.0,0.0,292.18,"11,002.00",297.00,"3,214,538.60",181,-4.0,5.7,-1.35,1.96,0.28,362.10,202.00,,
2023/02/01,67,HHL,40.99,289.0,294.0,284.3,291.8,291.80,0.0,0.0,287.51,"13,770.00",289.00,"3,959,081.10",237,2.8,9.7,0.97,3.41,1.47,362.10,202.00,,
2023/02/02,69,HHL,37.36,290.0,294.0,278.7,281.0,281.00,0.0,0.0,285.52,"15,502.00",291.80,"4,426,055.10",237,-10.8,15.3,-3.7,5.49,-1.61,362.10,202.00,,
2023/02/03,84,HHL,34.14,360.0,360.0,351.0,358.7,358.70,0.0,0.0,356.75,"13,131.00",353.00,"4,684,490.60",116,5.7,9.0,1.61,2.56,0.54,635.00,312.80,415.34,462.91
2023/02/05,72,HHL,36.74,280.0,288.1,276.4,278.0,278.00,0.0,0.0,281.74,"13,587.00",281.00,"3,827,936.00",263,-3.0,11.7,-1.07,4.23,-1.34,362.10,202.00,,
2023/02/06,70,HHL,34.1,273.0,283.0,273.0,276.0,276.00,0.0,0.0,275.36,"8,435.00",278.00,"2,322,678.00",195,-2.0,10.0,-0.72,3.66,0.23,362.10,202.00,,
2023/02/07,70,HHL,44.94,273.1,301.9,273.1,301.0,301.00,0.0,0.0,291.60,"18,462.00",276.00,"5,383,465.00",465,25.0,28.8,9.06,10.55,3.12,362.10,202.00,,
2023/02/08,69,HHL,60.44,307.0,307.0,291.0,296.0,296.00,0.0,0.0,298.50,"26,097.00",301.00,"7,790,030.90",324,-5.0,16.0,-1.66,5.5,-0.85,362.10,202.00,,
2023/02/09,68,HHL,52.39,296.0,304.0,290.3,300.0,300.00,0.0,0.0,297.42,"9,301.00",296.00,"2,766,268.60",207,4.0,13.7,1.35,4.72,0.86,362.10,202.00,,
2023/02/12,67,HHL,47.19,294.0,295.0,283.1,286.1,286.10,0.0,0.0,287.01,"30,322.00",300.00,"8,702,598.30",246,-13.9,11.9,-4.63,4.2,-0.32,362.10,202.00,,
2023/02/14,71,HHL,35.3,281.8,292.0,281.8,290.1,290.10,0.0,0.0,287.99,"18,686.00",286.10,"5,381,429.00",263,4.00,10.2,1.4,3.62,0.73,362.10,202.00,,
2023/02/15,73,HHL,39.17,284.3,295.0,284.3,291.5,291.50,0.0,0.0,287.02,"17,348.00",290.10,"4,979,180.20",205,1.40,10.70,0.48,3.76,1.54,362.10,202.00,,
2023/02/16,69,HHL,27.3,290.0,299.1,281.1,291.0,291.00,0.0,0.0,288.22,"12,626.00",291.50,"3,639,127.50",237,-0.50,18.00,-0.17,6.4,0.95,362.10,202.00,,
2023/02/20,69,HHL,37.28,285.3,291.0,280.0,287.0,287.00,0.0,0.0,286.91,"12,910.00",291.00,"3,703,945.10",208,-4.0,11.0,-1.37,3.93,0.03,362.10,202.00,,
2023/02/22,76,HHL,45.93,287.0,310.0,286.9,306.0,306.00,0.0,0.0,303.13,"36,013.00",287.00,"10,916,691.90",486,19.0,23.1,6.62,8.05,0.94,362.10,202.00,,
2023/02/23,71,HHL,43.81,306.0,307.0,289.1,300.0,300.00,0.0,0.0,300.00,"38,842.00",306.00,"11,652,591.50",331,-6.0,17.9,-1.96,6.19,0.0,362.10,202.00,,
2023/02/26,70,HHL,53.56,295.0,313.9,283.2,307.8,307.80,0.0,0.0,298.47,"33,604.00",300.00,"10,029,643.70",342,7.8,30.7,2.6,10.84,3.03,362.10,202.00,,
2023/01/03,72,HHL,56.89,228.0,239.0,227.0,230.9,230.90,0.0,0.0,231.12,"9,630.00",230.00,"2,225,716.50",224,0.9,12.0,0.39,5.29,-0.1,362.10,202.00,,
2023/01/04,72,HHL,58.1,234.0,253.9,227.0,253.9,253.90,0.0,0.0,245.52,"39,365.00",230.90,"9,664,756.30",417,23.0,26.9,9.96,11.85,3.3,362.10,202.00,,
2023/01/05,71,HHL,63.8,258.9,279.2,251.0,279.0,279.00,0.0,0.0,270.01,"41,990.00",253.90,"11,337,879.90",466,25.1,28.2,9.89,11.24,3.22,362.10,202.00,,
2023/01/08,74,HHL,61.33,279.0,284.5,266.0,272.9,272.90,0.0,0.0,278.51,"31,210.00",279.00,"8,692,359.20",353,-6.10,18.50,-2.19,6.95,-2.06,362.10,202.00,,
2023/01/09,70,HHL,66.4,275.0,300.0,267.7,292.0,292.00,0.0,0.0,277.91,"31,872.00",272.90,"8,857,660.90",384,19.1,32.3,7.0,12.07,4.82,362.10,202.00,,
2023/01/10,70,HHL,61.04,297.8,310.0,265.5,277.0,277.00,0.0,0.0,287.08,"53,034.00",292.00,"15,224,850.40",467,-15.0,44.5,-5.14,16.76,-3.64,362.10,202.00,,
2023/01/12,73,HHL,49.07,279.0,288.0,260.0,262.0,262.00,0.0,0.0,268.01,"32,865.00",277.00,"8,808,091.00",402,-15.0,28.0,-5.42,10.77,-2.29,362.10,202.00,,
2023/01/17,69,HHL,57.22,267.2,288.0,252.0,287.7,287.70,0.0,0.0,276.01,"43,809.00",262.00,"12,091,556.80",459,25.7,36.0,9.81,14.29,4.06,362.10,202.00,,
2023/01/18,69,HHL,56.95,287.0,306.0,287.0,300.0,300.00,0.0,0.0,299.15,"65,051.00",287.70,"19,460,040.60",618,12.3,19.0,4.28,6.62,0.28,362.10,202.00,,
2023/01/19,68,HHL,57.03,300.0,317.2,294.1,317.2,317.20,0.0,0.0,311.41,"39,177.00",300.00,"12,200,276.00",645,17.2,23.1,5.73,7.85,1.82,362.10,202.00,,
2023/01/23,70,HHL,57.65,322.0,322.0,292.3,292.5,292.50,0.0,0.0,300.52,"64,224.00",317.20,"19,300,674.40",633,-24.7,29.7,-7.79,10.16,-2.74,362.10,202.00,,
2023/01/24,70,HHL,49.28,290.0,296.0,277.4,288.9,288.90,0.0,0.0,283.69,"26,366.00",292.50,"7,479,809.00",381,-3.6,18.6,-1.23,6.71,1.8,362.10,202.00,,
2023/01/25,69,HHL,51.34,294.0,310.0,278.0,299.8,299.80,0.0,0.0,294.01,"31,489.00",288.90,"9,257,927.40",425,10.9,32.0,3.77,11.51,1.93,362.10,202.00,,
2023/01/26,66,HHL,50.01,304.9,312.0,295.1,307.1,307.10,0.0,0.0,306.31,"33,333.00",299.80,"10,210,325.20",523,7.3,16.9,2.43,5.73,0.26,362.10,202.00,,
2023/01/29,70,HHL,51.93,308.0,311.0,295.0,307.0,307.00,0.0,0.0,305.04,"37,312.00",307.10,"11,381,470.00",494,-0.1,16.0,-0.03,5.42,0.64,362.10,202.00,,
2023/01/30,69,HHL,48.15,300.9,307.0,285.0,290.9,290.90,0.0,0.0,294.83,"34,539.00",307.00,"10,183,288.20",350,-16.1,22.0,-5.24,7.72,-1.35,362.10,202.00,,
2022/12/07,65,HHL,35.93,216.1,218.9,215.0,215.2,215.20,0.0,0.0,216.32,"6,045.00",220.00,"1,307,675.30",115,-4.8,3.9,-2.18,1.81,-0.52,362.10,202.10,,
2022/12/11,69,HHL,31.0,214.0,215.0,207.0,212.8,212.80,0.0,0.0,211.03,"4,145.00",215.20,"874,722.00",143,-2.4,8.0,-1.12,3.86,0.83,362.10,202.10,,
2022/12/12,68,HHL,29.66,209.0,221.0,208.0,219.0,219.00,0.0,0.0,212.38,"3,095.00",212.80,"657,321.60",128,6.2,13.0,2.91,6.25,3.02,362.10,202.10,,
2022/12/13,67,HHL,24.78,214.8,219.0,214.0,219.0,219.00,0.0,0.0,215.28,"2,490.00",219.00,"536,056.00",82,0.0,5.0,0.0,2.34,1.7,362.10,202.10,,
2022/12/14,68,HHL,32.26,223.0,223.0,211.1,217.0,217.00,0.0,0.0,216.50,"2,478.00",219.00,"536,497.80",108,-2.0,11.9,-0.91,5.64,0.23,362.10,202.10,,
2022/12/15,71,HHL,32.38,221.0,225.6,210.2,211.6,211.60,0.0,0.0,212.54,"2,727.00",217.00,"579,587.20",127,-5.4,15.4,-2.49,7.33,-0.44,362.10,202.10,,
2022/12/18,70,HHL,29.63,208.0,210.0,205.8,209.0,209.00,0.0,0.0,206.60,"5,006.00",211.60,"1,034,246.00",121,-2.6,4.2,-1.23,2.04,1.15,362.10,202.10,,
2022/12/19,71,HHL,28.37,205.1,210.0,205.0,209.8,209.80,0.0,0.0,207.39,"3,555.00",209.00,"737,278.50",126,0.8,5.0,0.38,2.44,1.15,362.10,202.10,,
2022/12/20,70,HHL,35.01,205.7,211.6,202.1,211.4,211.40,0.0,0.0,209.77,"3,900.00",209.80,"818,087.00",121,1.6,9.5,0.76,4.7,0.77,362.10,202.10,,
2022/12/21,69,HHL,37.31,207.2,211.0,204.0,205.3,205.30,0.0,0.0,205.76,"5,864.00",211.40,"1,206,566.00",110,-6.1,7.0,-2.89,3.43,-0.22,362.10,202.10,,
2022/12/22,69,HHL,35.56,202.0,211.4,202.0,206.0,206.00,0.0,0.0,203.61,"3,355.00",205.30,"683,109.50",113,0.7,9.4,0.34,4.65,1.16,362.10,202.00,,
2022/12/26,69,HHL,48.86,210.1,218.0,208.0,218.0,218.00,0.0,0.0,215.49,"6,290.00",206.00,"1,355,410.00",171,12.0,10.0,5.83,4.81,1.15,362.10,202.00,,
2022/12/27,72,HHL,55.91,221.0,237.0,215.1,230.0,230.00,0.0,0.0,229.39,"24,498.00",218.00,"5,619,575.80",352,12.0,21.90,5.5,10.18,0.27,362.10,202.00,,
2022/12/28,84,HHL,34.14,360.0,360.0,351.0,358.7,358.70,0.0,0.0,356.75,"13,131.00",353.00,"4,684,490.60",116,5.7,9.0,1.61,2.56,0.54,635.00,312.80,415.34,462.91
2022/12/29,71,HHL,54.34,221.5,238.0,221.5,235.1,235.10,0.0,0.0,231.67,"15,315.00",226.00,"3,548,015.40",233,9.1,16.5,4.03,7.45,1.46,362.10,202.00,,
2023/01/01,75,HHL,55.56,239.0,243.0,222.1,229.0,229.00,0.0,0.0,234.65,"22,701.00",235.10,"5,326,745.80",269,-6.1,20.90,-2.59,9.41,-2.47,362.10,202.00,,
2022/11/13,63,HHL,28.87,213.0,213.9,208.0,212.0,212.00,0.0,0.0,209.64,"2,590.00",217.00,"542,957.00",102,-5.0,5.9,-2.3,2.84,1.12,362.10,202.10,,
2022/11/14,61,HHL,36.98,207.8,220.0,205.0,220.0,220.00,0.0,0.0,212.40,"1,855.00",212.00,"393,998.00",104,8.0,15.0,3.77,7.32,3.46,362.10,202.10,,
2022/11/15,63,HHL,35.14,215.6,218.5,212.1,214.0,214.00,0.0,0.0,215.63,"2,630.00",220.00,"567,098.00",115,-6.0,6.4,-2.73,3.02,-0.76,362.10,202.10,,
2022/11/16,60,HHL,44.15,210.1,219.3,210.1,217.8,217.80,0.0,0.0,214.59,"2,621.00",214.00,"562,439.10",94,3.8,9.2,1.78,4.38,1.47,362.10,202.10,,
2022/11/17,60,HHL,48.8,220.0,234.0,217.1,225.0,225.00,0.0,0.0,223.65,"11,989.00",217.80,"2,681,378.10",189,7.2,16.90,3.31,7.78,0.6,362.10,202.10,,
2022/11/19,84,HHL,34.14,360.0,360.0,351.0,358.7,358.70,0.0,0.0,356.75,"13,131.00",353.00,"4,684,490.60",116,5.7,9.0,1.61,2.56,0.54,635.00,312.80,415.34,462.91
2022/11/22,63,HHL,46.19,225.0,231.4,218.1,223.0,223.00,0.0,0.0,224.38,"3,152.00",225.00,"707,253.60",127,-2.00,13.3,-0.89,6.1,-0.62,362.10,202.10,,
2022/11/23,62,HHL,44.06,219.0,222.0,215.3,219.0,219.00,0.0,0.0,218.30,"1,520.00",223.00,"331,822.00",99,-4.0,6.7,-1.79,3.11,0.32,362.10,202.10,,
2022/11/24,61,HHL,43.39,215.1,220.0,215.1,219.0,219.00,0.0,0.0,216.60,"1,130.00",219.00,"244,763.00",88,0.0,4.9,0.0,2.28,1.09,362.10,202.10,,
2022/11/27,63,HHL,46.8,215.0,229.5,215.0,229.5,229.50,0.0,0.0,222.00,"9,560.00",219.00,"2,122,344.00",266,10.5,14.5,4.79,6.74,3.27,362.10,202.10,,
2022/11/28,64,HHL,39.37,225.0,230.0,221.0,224.8,224.80,0.0,0.0,222.94,"2,791.00",229.50,"622,237.00",96,-4.7,9.0,-2.05,4.07,0.83,362.10,202.10,,
2022/11/29,62,HHL,38.81,220.4,224.0,217.1,224.0,224.00,0.0,0.0,220.88,"1,250.00",224.80,"276,094.00",99,-0.8,6.9,-0.36,3.18,1.4,362.10,202.10,,
2022/11/30,62,HHL,39.78,220.2,226.0,220.2,222.0,222.00,0.0,0.0,221.51,"4,192.00",224.00,"928,563.30",142,-2.0,5.8,-0.89,2.63,0.22,362.10,202.10,,
2022/12/01,67,HHL,31.11,226.4,226.4,215.0,220.3,220.30,0.0,0.0,218.90,"4,456.00",222.00,"975,408.80",122,-1.7,11.4,-0.77,5.3,0.64,362.10,202.10,,
2022/12/04,66,HHL,51.92,220.0,227.0,220.0,226.0,226.00,0.0,0.0,224.21,"9,131.00",220.30,"2,047,281.50",226,5.7,7.0,2.59,3.18,0.79,362.10,202.10,,
2022/12/05,64,HHL,33.87,222.0,223.0,217.1,219.5,219.50,0.0,0.0,218.64,"4,197.00",226.00,"917,643.00",132,-6.5,5.9,-2.88,2.72,0.39,362.10,202.10,,
2022/10/11,64,HHL,38.25,219.5,223.0,213.8,217.6,217.60,0.0,0.0,215.72,"3,890.00",223.90,"839,136.00",100,-6.3,9.2,-2.81,4.3,0.87,362.10,213.80,,
2022/10/12,61,HHL,38.87,215.1,223.0,213.3,222.3,222.30,0.0,0.0,217.92,"3,625.00",217.60,"789,963.00",96,4.7,9.7,2.16,4.55,1.97,362.10,213.30,,
2022/10/13,60,HHL,35.99,220.0,223.5,216.0,222.0,222.00,0.0,0.0,218.85,"2,440.00",222.30,"533,991.50",71,-0.3,7.5,-0.13,3.47,1.42,362.10,213.30,,
2022/10/16,60,HHL,37.58,218.0,222.0,214.0,218.0,218.00,0.0,0.0,217.29,"4,523.00",222.00,"982,788.10",127,-4.00,8.0,-1.8,3.74,0.33,362.10,213.30,,
2022/10/17,60,HHL,36.91,215.0,220.0,214.2,220.0,220.00,0.0,0.0,216.32,"2,270.00",218.00,"491,054.00",117,2.0,5.8,0.92,2.71,1.67,362.10,213.30,,
2022/10/19,58,HHL,33.65,216.0,216.0,211.1,212.9,212.90,0.0,0.0,212.77,"3,581.00",220.00,"761,919.50",101,-7.1,4.9,-3.23,2.32,0.06,362.10,211.10,,
2022/10/20,60,HHL,33.14,208.7,211.1,204.9,206.0,206.00,0.0,0.0,206.46,"3,669.00",212.90,"757,489.00",105,-6.9,6.2,-3.24,3.03,-0.22,362.10,204.90,,
2022/10/23,61,HHL,33.68,202.1,208.9,202.1,208.8,208.80,0.0,0.0,207.30,"2,580.00",206.00,"534,826.50",67,2.8,6.8,1.36,3.36,0.72,362.10,202.10,,
2022/10/31,61,HHL,34.91,212.9,212.9,206.4,210.0,210.00,0.0,0.0,208.54,"3,400.00",208.80,"709,031.00",130,1.2,6.5,0.57,3.15,0.7,362.10,202.10,,
2022/11/01,62,HHL,47.22,210.0,220.0,206.0,219.0,219.00,0.0,0.0,214.21,"11,383.00",210.00,"2,438,339.50",171,9.0,14.0,4.29,6.8,2.19,362.10,202.10,,
2022/11/02,63,HHL,49.4,223.0,225.9,216.0,224.4,224.40,0.0,0.0,222.22,"5,912.00",219.00,"1,313,750.30",115,5.4,9.9,2.47,4.58,0.97,362.10,202.10,,
2022/11/03,60,HHL,44.48,220.0,227.0,215.7,217.0,217.00,0.0,0.0,219.01,"1,590.00",224.40,"348,227.00",91,-7.40,11.30,-3.3,5.24,-0.93,362.10,202.10,,
2022/11/06,62,HHL,46.84,213.0,224.4,213.0,223.0,223.00,0.0,0.0,219.68,"3,946.00",217.00,"866,841.00",139,6.0,11.4,2.76,5.35,1.49,362.10,202.10,,
2022/11/07,62,HHL,54.07,220.0,233.3,220.0,226.5,226.50,0.0,0.0,226.98,"11,079.00",223.00,"2,514,666.20",174,3.5,13.3,1.57,6.05,-0.21,362.10,202.10,,
2022/11/08,62,HHL,33.0,222.0,225.0,219.0,221.0,221.00,0.0,0.0,221.58,"3,997.00",226.50,"885,654.30",100,-5.5,6.0,-2.43,2.74,-0.26,362.10,202.10,,
2022/11/09,60,HHL,46.21,221.0,222.0,210.0,218.0,218.00,0.0,0.0,215.67,"9,717.00",221.00,"2,095,655.40",123,-3.0,12.0,-1.36,5.71,1.07,362.10,202.10,,
2022/09/08,57,HHL,29.92,284.0,286.0,270.0,285.9,285.90,0.0,0.0,279.66,"7,793.00",279.00,"2,179,379.00",207,6.9,16.0,2.47,5.93,2.18,362.10,228.00,,
2022/09/11,57,HHL,24.42,280.2,285.0,276.7,276.7,276.70,0.0,0.0,280.45,"5,596.00",285.90,"1,569,417.50",203,-9.2,8.3,-3.22,3.0,-1.36,362.10,228.00,,
2022/09/12,56,HHL,26.9,272.0,275.0,268.1,268.1,268.10,0.0,0.0,271.54,"5,763.00",276.70,"1,564,912.70",247,-8.6,6.9,-3.11,2.57,-1.28,362.10,228.00,,
2022/09/13,60,HHL,28.16,273.1,281.0,265.0,270.7,270.70,0.0,0.0,274.86,"4,920.00",268.10,"1,352,302.50",205,2.6,16.0,0.97,6.04,-1.54,362.10,228.00,,
2022/09/14,57,HHL,37.0,272.0,287.6,272.0,287.6,287.60,0.0,0.0,280.67,"11,922.00",270.70,"3,346,158.60",267,16.9,15.6,6.24,5.74,2.41,362.10,228.00,,
2022/09/15,58,HHL,34.67,287.6,290.0,267.2,268.1,268.10,0.0,0.0,274.04,"14,793.00",287.60,"4,053,898.90",228,-19.5,22.8,-6.78,8.53,-2.22,362.10,228.00,,
2022/09/16,55,HHL,31.9,262.8,273.0,255.2,261.8,261.80,0.0,0.0,261.55,"7,165.00",268.10,"1,873,977.00",117,-6.3,17.8,-2.35,6.97,0.1,362.10,228.00,,
2022/09/18,60,HHL,28.48,267.0,267.0,248.0,250.1,250.10,0.0,0.0,251.44,"12,680.00",261.80,"3,188,310.00",226,-11.7,19.0,-4.47,7.66,-0.54,362.10,228.00,,
2022/09/20,61,HHL,23.51,246.0,246.0,233.1,240.0,240.00,0.0,0.0,235.60,"9,508.00",250.10,"2,240,112.20",213,-10.1,12.9,-4.04,5.53,1.83,362.10,228.00,,
2022/09/21,58,HHL,26.35,242.0,251.7,237.3,239.0,239.00,0.0,0.0,240.23,"5,111.00",240.00,"1,227,817.00",154,-1.0,14.4,-0.42,6.07,-0.51,362.10,228.00,,
2022/09/22,59,HHL,26.43,235.0,247.0,225.4,232.5,232.50,0.0,0.0,232.67,"9,066.00",239.00,"2,109,361.00",151,-6.5,21.60,-2.72,9.58,-0.07,362.10,225.40,,
2022/09/25,61,HHL,22.33,227.9,231.1,216.7,222.0,222.00,0.0,0.0,222.85,"5,242.00",232.50,"1,168,162.50",184,-10.5,14.4,-4.52,6.65,-0.38,362.10,216.70,,
2022/09/27,59,HHL,25.99,218.1,230.9,214.1,218.0,218.00,0.0,0.0,219.56,"5,900.00",222.00,"1,295,412.00",112,-4.0,16.8,-1.8,7.85,-0.72,362.10,214.10,,
2022/09/28,59,HHL,22.83,220.0,224.0,217.0,218.0,218.00,0.0,0.0,218.73,"1,892.00",218.00,"413,840.00",65,0.0,7.0,0.0,3.23,-0.34,362.10,214.10,,
2022/09/29,58,HHL,23.77,214.0,226.7,214.0,219.0,219.00,0.0,0.0,220.91,"1,367.00",218.00,"301,988.00",68,1.0,12.7,0.46,5.93,-0.87,362.10,214.00,,
2022/10/09,84,HHL,34.14,360.0,360.0,351.0,358.7,358.70,0.0,0.0,356.75,"13,131.00",353.00,"4,684,490.60",116,5.7,9.0,1.61,2.56,0.54,635.00,312.80,415.34,462.91
2022/08/18,57,HHL,43.3,332.4,355.0,322.5,355.0,355.00,0.0,0.0,343.77,"62,134.00",325.90,"21,359,600.20","1,718",29.1,32.5,8.93,10.08,3.16,361.00,228.00,,
2022/08/21,84,HHL,34.14,360.0,360.0,351.0,358.7,358.70,0.0,0.0,356.75,"13,131.00",353.00,"4,684,490.60",116,5.7,9.0,1.61,2.56,0.54,635.00,312.80,415.34,462.91
2022/08/22,56,HHL,36.03,334.7,343.7,328.3,335.0,335.00,0.0,0.0,331.64,"17,151.00",337.00,"5,687,991.50",859,-2.0,15.4,-0.59,4.69,1.0,362.10,228.00,,
2022/08/23,56,HHL,31.38,335.0,335.0,326.0,332.0,332.00,0.0,0.0,329.46,"13,919.00",335.00,"4,585,691.20",672,-3.0,9.0,-0.9,2.76,0.77,362.10,228.00,,
2022/08/24,56,HHL,30.51,332.0,339.0,321.0,335.0,335.00,0.0,0.0,330.84,"23,852.00",332.00,"7,891,223.10",807,3.0,18.0,0.9,5.61,1.24,362.10,228.00,,
2022/08/25,57,HHL,30.87,328.4,341.0,323.6,329.9,329.90,0.0,0.0,331.34,"15,796.00",335.00,"5,233,903.50",549,-5.1,17.4,-1.52,5.38,-0.44,362.10,228.00,,
2022/08/26,53,HHL,26.81,323.4,325.0,318.0,322.0,322.00,0.0,0.0,319.92,"8,989.00",329.90,"2,875,745.40",284,-7.9,7.0,-2.39,2.2,0.65,362.10,228.00,,
2022/08/28,57,HHL,28.9,315.6,318.2,301.0,303.0,303.00,0.0,0.0,310.15,"24,587.00",322.00,"7,625,635.90",569,-19.0,17.2,-5.9,5.71,-2.36,362.10,228.00,,
2022/08/29,55,HHL,24.85,297.0,311.1,290.0,300.0,300.00,0.0,0.0,297.01,"14,061.00",303.00,"4,176,257.50",355,-3.0,21.1,-0.99,7.28,1.0,362.10,228.00,,
2022/08/30,59,HHL,23.19,302.0,309.5,296.2,296.2,296.20,0.0,0.0,300.22,"9,010.00",300.00,"2,704,967.30",266,-3.8,13.3,-1.27,4.49,-1.36,362.10,228.00,,
2022/08/31,56,HHL,24.47,292.0,297.0,283.0,284.2,284.20,0.0,0.0,287.70,"11,590.00",296.20,"3,334,470.40",325,-12.0,14.0,-4.05,4.95,-1.23,362.10,228.00,,
2022/09/01,56,HHL,25.07,280.0,298.0,273.1,288.4,288.40,0.0,0.0,277.64,"14,792.00",284.20,"4,106,820.30",330,4.2,24.9,1.48,9.12,3.73,362.10,228.00,,
2022/09/02,57,HHL,19.36,287.0,305.0,280.1,286.0,286.00,0.0,0.0,285.07,"3,700.00",288.40,"1,054,768.00",112,-2.4,24.9,-0.83,8.89,0.32,362.10,228.00,,
2022/09/04,59,HHL,20.09,286.0,293.8,283.0,290.0,290.00,0.0,0.0,287.69,"4,220.00",286.00,"1,214,059.00",290,4.0,10.8,1.4,3.82,0.8,362.10,228.00,,
2022/09/05,56,HHL,36.04,285.0,294.0,281.0,288.0,288.00,0.0,0.0,287.91,"9,467.00",290.00,"2,725,676.40",274,-2.0,13.0,-0.69,4.63,0.03,362.10,228.00,,
2022/09/06,56,HHL,29.17,292.7,292.7,274.1,276.1,276.10,0.0,0.0,280.72,"13,184.00",288.00,"3,701,018.00",247,-11.9,18.6,-4.13,6.79,-1.67,362.10,228.00,,
2022/08/08,55,HHL,44.42,228.0,250.8,228.0,250.8,250.80,0.0,0.0,247.87,780.00,228.00,"193,340.80",87,22.80,22.80,10.0,10.0,1.17,250.80,228.00,,
2022/08/09,56,HHL,52.35,255.8,275.8,255.8,275.8,275.80,0.0,0.0,275.43,"1,308.00",250.80,"360,256.40",131,25.0,20.0,9.97,7.82,0.14,275.80,228.00,,
2022/08/10,58,HHL,52.45,281.3,303.3,281.3,303.3,303.30,0.0,0.0,303.21,"6,250.00",275.80,"1,895,085.00",625,27.5,22.00,9.97,7.82,0.03,303.30,228.00,,
2022/08/11,60,HHL,50.86,309.3,333.6,309.3,333.6,333.60,0.0,0.0,332.51,"74,264.00",303.30,"24,693,767.40","3,911",30.30,24.30,9.99,7.86,0.33,333.60,228.00,,
2022/08/14,58,HHL,47.92,340.2,361.0,315.0,316.0,316.00,0.0,0.0,325.76,"56,104.00",333.60,"18,276,158.60","4,399",-17.6,46.0,-5.28,14.6,-3.09,361.00,228.00,,
2022/08/15,55,HHL,47.59,316.0,331.0,305.0,327.0,327.00,0.0,0.0,317.70,"24,430.00",316.00,"7,761,388.80","1,685",11.0,26.0,3.48,8.52,2.84,361.00,228.00,,
2022/08/16,58,HHL,37.15,333.0,335.0,314.0,317.1,317.10,0.0,0.0,322.80,"28,602.00",327.00,"9,232,691.00",959,-9.90,21.00,-3.03,6.69,-1.8,361.00,228.00,,
2022/07/23,84,HHL,34.14,360.0,360.0,351.0,358.7,358.70,0.0,0.0,356.75,"13,131.00",353.00,"4,684,490.60",116,5.7,9.0,1.61,2.56,0.54,635.00,312.80,415.34,462.91
2022/06/12,84,HHL,34.14,360.0,360.0,351.0,358.7,358.70,0.0,0.0,356.75,"13,131.00",353.00,"4,684,490.60",116,5.7,9.0,1.61,2.56,0.54,635.00,312.80,415.34,462.91
2022/05/06,84,HHL,34.14,360.0,360.0,351.0,358.7,358.70,0.0,0.0,356.75,"13,131.00",353.00,"4,684,490.60",116,5.7,9.0,1.61,2.56,0.54,635.00,312.80,415.34,462.91
2022/03/27,84,HHL,34.14,360.0,360.0,351.0,358.7,358.70,0.0,0.0,356.75,"13,131.00",353.00,"4,684,490.60",116,5.7,9.0,1.61,2.56,0.54,635.00,312.80,415.34,462.91
2022/08/17,58,HHL,30.93,315.0,327.0,310.7,325.9,325.90,0.0,0.0,321.83,"19,939.00",317.10,"6,416,941.90",996,8.8,16.3,2.78,5.25,1.25,361.00,228.00,,
2022/09/07,59,HHL,26.94,271.2,279.2,271.2,279.0,279.00,0.0,0.0,274.19,"7,840.00",276.10,"2,149,645.00",224,2.9,8.0,1.05,2.95,1.72,362.10,228.00,,
2022/10/10,64,HHL,43.08,220.0,226.0,216.1,223.9,223.90,0.0,0.0,220.23,"6,755.00",223.50,"1,487,623.00",148,0.4,9.9,0.18,4.58,1.64,362.10,214.00,,
2022/11/10,61,HHL,34.22,218.0,218.0,207.5,217.0,217.00,0.0,0.0,209.99,"6,987.00",218.00,"1,467,174.00",116,-1.0,10.5,-0.46,5.06,3.23,362.10,202.10,,
2022/12/06,63,HHL,33.25,215.2,220.5,215.2,220.0,220.00,0.0,0.0,216.50,"3,596.00",219.50,"778,544.70",120,0.5,5.3,0.23,2.46,1.59,362.10,202.10,,
2023/01/02,70,HHL,40.58,224.5,236.6,221.0,230.0,230.00,0.0,0.0,230.85,"9,871.00",229.00,"2,278,730.60",189,1.0,15.6,0.44,7.06,-0.37,362.10,202.00,,
2023/01/31,71,HHL,41.02,285.1,297.0,280.0,289.0,289.00,0.0,0.0,288.67,"16,896.00",290.90,"4,877,332.90",349,-1.9,17.0,-0.65,6.07,0.11,362.10,202.00,,
2023/02/27,71,HHL,40.52,307.0,315.0,295.5,307.0,307.00,0.0,0.0,303.41,"16,633.00",307.80,"5,046,642.40",266,-0.8,19.50,-0.26,6.6,1.17,362.10,202.00,,
2023/03/27,68,HHL,27.18,287.3,304.0,283.3,294.4,294.40,0.0,0.0,292.00,"7,847.00",293.00,"2,291,307.40",143,1.4,20.7,0.48,7.31,0.82,362.10,202.00,,
2023/04/19,69,HHL,37.94,283.0,290.7,279.1,284.0,284.00,0.0,0.0,284.85,"3,378.00",284.00,"962,235.00",125,0.0,11.6,0.0,4.16,-0.3,362.10,202.00,,
2019/10/05,84,HHL,34.14,360.0,360.0,351.0,358.7,358.70,0.0,0.0,356.75,"13,131.00",353.00,"4,684,490.60",116,5.7,9.0,1.61,2.56,0.54,635.00,312.80,415.34,462.91
2023/05/15,71,HHL,37.46,234.6,255.0,231.4,248.0,248.00,0.0,0.0,239.42,"4,750.00",238.70,"1,137,234.00",120,9.3,23.6,3.9,10.2,3.46,362.10,202.00,,
2024/07/17,84,HHL,34.14,360.0,360.0,351.0,358.7,358.70,0.0,0.0,356.75,"13,131.00",353.00,"4,684,490.60",116,5.7,9.0,1.61,2.56,0.54,635.00,312.80,415.34,462.91
2022/02/15,84,HHL,34.14,360.0,360.0,351.0,358.7,358.70,0.0,0.0,356.75,"13,131.00",353.00,"4,684,490.60",116,5.7,9.0,1.61,2.56,0.54,635.00,312.80,415.34,462.91
2022/01/06,84,HHL,34.14,360.0,360.0,351.0,358.7,358.70,0.0,0.0,356.75,"13,131.00",353.00,"4,684,490.60",116,5.7,9.0,1.61,2.56,0.54,635.00,312.80,415.34,462.91
2021/10/19,84,HHL,34.14,360.0,360.0,351.0,358.7,358.70,0.0,0.0,356.75,"13,131.00",353.00,"4,684,490.60",116,5.7,9.0,1.61,2.56,0.54,635.00,312.80,415.34,462.91
2021/09/10,84,HHL,34.14,360.0,360.0,351.0,358.7,358.70,0.0,0.0,356.75,"13,131.00",353.00,"4,684,490.60",116,5.7,9.0,1.61,2.56,0.54,635.00,312.80,415.34,462.91
2021/06/21,84,HHL,34.14,360.0,360.0,351.0,358.7,358.70,0.0,0.0,356.75,"13,131.00",353.00,"4,684,490.60",116,5.7,9.0,1.61,2.56,0.54,635.00,312.80,415.34,462.91
2021/04/03,84,HHL,34.14,360.0,360.0,351.0,358.7,358.70,0.0,0.0,356.75,"13,131.00",353.00,"4,684,490.60",116,5.7,9.0,1.61,2.56,0.54,635.00,312.80,415.34,462.91
2021/02/21,84,HHL,34.14,360.0,360.0,351.0,358.7,358.70,0.0,0.0,356.75,"13,131.00",353.00,"4,684,490.60",116,5.7,9.0,1.61,2.56,0.54,635.00,312.80,415.34,462.91
2021/01/13,84,HHL,34.14,360.0,360.0,351.0,358.7,358.70,0.0,0.0,356.75,"13,131.00",353.00,"4,684,490.60",116,5.7,9.0,1.61,2.56,0.54,635.00,312.80,415.34,462.91
2020/12/04,84,HHL,34.14,360.0,360.0,351.0,358.7,358.70,0.0,0.0,356.75,"13,131.00",353.00,"4,684,490.60",116,5.7,9.0,1.61,2.56,0.54,635.00,312.80,415.34,462.91
2020/10/25,84,HHL,34.14,360.0,360.0,351.0,358.7,358.70,0.0,0.0,356.75,"13,131.00",353.00,"4,684,490.60",116,5.7,9.0,1.61,2.56,0.54,635.00,312.80,415.34,462.91
2020/09/22,84,HHL,34.14,360.0,360.0,351.0,358.7,358.70,0.0,0.0,356.75,"13,131.00",353.00,"4,684,490.60",116,5.7,9.0,1.61,2.56,0.54,635.00,312.80,415.34,462.91
2020/09/23,84,HHL,34.14,360.0,360.0,351.0,358.7,358.70,0.0,0.0,356.75,"13,131.00",353.00,"4,684,490.60",116,5.7,9.0,1.61,2.56,0.54,635.00,312.80,415.34,462.91
2020/09/13,84,HHL,34.14,360.0,360.0,351.0,358.7,358.70,0.0,0.0,356.75,"13,131.00",353.00,"4,684,490.60",116,5.7,9.0,1.61,2.56,0.54,635.00,312.80,415.34,462.91
2020/08/05,84,HHL,34.14,360.0,360.0,351.0,358.7,358.70,0.0,0.0,356.75,"13,131.00",353.00,"4,684,490.60",116,5.7,9.0,1.61,2.56,0.54,635.00,312.80,415.34,462.91
2020/06/22,84,HHL,34.14,360.0,360.0,351.0,358.7,358.70,0.0,0.0,356.75,"13,131.00",353.00,"4,684,490.60",116,5.7,9.0,1.61,2.56,0.54,635.00,312.80,415.34,462.91
2020/02/15,84,HHL,34.14,360.0,360.0,351.0,358.7,358.70,0.0,0.0,356.75,"13,131.00",353.00,"4,684,490.60",116,5.7,9.0,1.61,2.56,0.54,635.00,312.80,415.34,462.91
2019/11/20,84,HHL,34.14,360.0,360.0,351.0,358.7,358.70,0.0,0.0,356.75,"13,131.00",353.00,"4,684,490.60",116,5.7,9.0,1.61,2.56,0.54,635.00,312.80,415.34,462.91
2019/08/25,84,HHL,34.14,360.0,360.0,351.0,358.7,358.70,0.0,0.0,356.75,"13,131.00",353.00,"4,684,490.60",116,5.7,9.0,1.61,2.56,0.54,635.00,312.80,415.34,462.91
2019/06/02,84,HHL,34.14,360.0,360.0,351.0,358.7,358.70,0.0,0.0,356.75,"13,131.00",353.00,"4,684,490.60",116,5.7,9.0,1.61,2.56,0.54,635.00,312.80,415.34,462.91
2019/04/21,84,HHL,34.14,360.0,360.0,351.0,358.7,358.70,0.0,0.0,356.75,"13,131.00",353.00,"4,684,490.60",116,5.7,9.0,1.61,2.56,0.54,635.00,312.80,415.34,462.91
2019/03/10,84,HHL,34.14,360.0,360.0,351.0,358.7,358.70,0.0,0.0,356.75,"13,131.00",353.00,"4,684,490.60",116,5.7,9.0,1.61,2.56,0.54,635.00,312.80,415.34,462.91
2018/09/19,84,HHL,34.14,360.0,360.0,351.0,358.7,358.70,0.0,0.0,356.75,"13,131.00",353.00,"4,684,490.60",116,5.7,9.0,1.61,2.56,0.54,635.00,312.80,415.34,462.91
2018/12/13,84,HHL,34.14,360.0,360.0,351.0,358.7,358.70,0.0,0.0,356.75,"13,131.00",353.00,"4,684,490.60",116,5.7,9.0,1.61,2.56,0.54,635.00,312.80,415.34,462.91
2019/08/19,84,HHL,34.14,360.0,360.0,351.0,358.7,358.70,0.0,0.0,356.75,"13,131.00",353.00,"4,684,490.60",116,5.7,9.0,1.61,2.56,0.54,635.00,312.80,415.34,462.91
2018/05/16,84,HHL,34.14,360.0,360.0,351.0,358.7,358.70,0.0,0.0,356.75,"13,131.00",353.00,"4,684,490.60",116,5.7,9.0,1.61,2.56,0.54,635.00,312.80,415.34,462.91
2018/04/06,84,HHL,34.14,360.0,360.0,351.0,358.7,358.70,0.0,0.0,356.75,"13,131.00",353.00,"4,684,490.60",116,5.7,9.0,1.61,2.56,0.54,635.00,312.80,415.34,462.91
2018/02/25,84,HHL,34.14,360.0,360.0,351.0,358.7,358.70,0.0,0.0,356.75,"13,131.00",353.00,"4,684,490.60",116,5.7,9.0,1.61,2.56,0.54,635.00,312.80,415.34,462.91
2017/11/16,84,HHL,34.14,360.0,360.0,351.0,358.7,358.70,0.0,0.0,356.75,"13,131.00",353.00,"4,684,490.60",116,5.7,9.0,1.61,2.56,0.54,635.00,312.80,415.34,462.91
2017/10/19,84,HHL,34.14,360.0,360.0,351.0,358.7,358.70,0.0,0.0,356.75,"13,131.00",353.00,"4,684,490.60",116,5.7,9.0,1.61,2.56,0.54,635.00,312.80,415.34,462.91
2017/09/06,84,HHL,34.14,360.0,360.0,351.0,358.7,358.70,0.0,0.0,356.75,"13,131.00",353.00,"4,684,490.60",116,5.7,9.0,1.61,2.56,0.54,635.00,312.80,415.34,462.91
2017/06/12,84,HHL,34.14,360.0,360.0,351.0,358.7,358.70,0.0,0.0,356.75,"13,131.00",353.00,"4,684,490.60",116,5.7,9.0,1.61,2.56,0.54,635.00,312.80,415.34,462.91
2017/04/30,84,HHL,34.14,360.0,360.0,351.0,358.7,358.70,0.0,0.0,356.75,"13,131.00",353.00,"4,684,490.60",116,5.7,9.0,1.61,2.56,0.54,635.00,312.80,415.34,462.91
