Date,S.No,Symbol,Conf.,Open,High,Low,Close,LTP,Close - LTP,Close - LTP %,VWAP,Vol,Prev. Close,Turnover,Trans.,Diff,Range,Diff %,Range %,VWAP %,52 Weeks High,52 Weeks Low,120 Days,180 Days
2025/08/25,89,ICFC,36.3,664.93,674.0,664.5,669.97,670.80,-0.83,0.0,669.44,"14,672.00",664.93,"9,822,013.80",89,5.04,9.5,0.76,1.43,0.08,897.00,555.00,,
2025/08/26,90,ICFC,40.34,670.0,678.0,668.1,676.65,675.30,1.35,0.0,675.51,"18,610.00",669.97,"12,571,207.70",112,6.68,9.9,1.0,1.48,0.17,872.00,555.00,,
2025/08/27,93,ICFC,42.16,676.6,689.8,675.0,686.42,686.00,0.42,0.0,684.99,"32,411.00",676.65,"22,201,078.80",210,9.77,14.8,1.44,2.19,0.21,872.00,555.00,,
2025/08/28,94,ICFC,41.12,690.0,690.1,669.7,670.46,672.00,-1.54,0.0,682.11,"28,273.00",686.42,"19,285,432.50",186,-15.96,20.4,-2.33,3.05,-1.74,872.00,555.00,,
2025/08/31,90,ICFC,33.48,670.0,680.0,662.0,662.38,662.10,0.28,0.0,666.37,"18,194.00",670.46,"12,123,928.70",159,-8.08,18.0,-1.21,2.72,-0.6,872.00,555.00,,
2025/09/01,94,ICFC,31.68,672.0,672.0,657.0,666.05,666.00,0.05,0.0,664.30,"9,817.00",662.38,"6,521,469.70",83,3.67,15.0,0.55,2.28,0.26,872.00,555.00,,
2025/09/02,93,ICFC,26.22,675.0,675.0,660.2,661.11,664.00,-2.89,0.0,663.26,"10,611.00",666.05,"7,037,876.60",75,-4.94,14.8,-0.74,2.24,-0.33,872.00,555.00,,
2025/09/03,97,ICFC,25.44,670.0,670.0,657.0,657.04,660.00,-2.96,0.0,659.65,"13,233.00",661.11,"8,729,138.10",99,-4.07,13.0,-0.62,1.98,-0.4,872.00,555.00,,
2025/09/04,95,ICFC,22.46,660.0,667.0,653.3,661.66,660.30,1.36,0.0,658.81,"11,353.00",657.04,"7,479,445.80",106,4.62,13.7,0.7,2.1,0.43,872.00,555.00,,
2025/09/07,99,ICFC,31.25,670.0,670.0,657.0,659.57,660.00,-0.43,0.0,662.36,"7,287.00",661.66,"4,826,618.50",65,-2.09,13.0,-0.32,1.98,-0.42,872.00,555.00,,
2025/09/08,94,ICFC,31.53,656.0,664.0,643.0,647.52,649.00,-1.48,0.0,651.13,"20,383.00",659.57,"13,271,951.90",139,-12.05,21.0,-1.83,3.27,-0.56,872.00,555.00,,
2025/09/18,76,ICFC,21.32,634.6,634.6,633.0,633.0,633.00,0.0,0.0,634.42,225.00,647.52,"142,745.00",3,-14.52,1.6,-2.24,0.25,-0.22,872.00,555.00,,
2025/09/21,96,ICFC,41.52,620.4,665.0,619.0,661.6,664.00,-2.4,0.0,638.85,"24,503.00",633.00,"15,653,784.10",178,28.6,46.00,4.52,7.43,3.44,872.00,555.00,,
2025/09/23,96,ICFC,39.58,667.0,675.0,660.0,675.0,675.00,0.0,0.0,667.58,"14,613.00",661.60,"9,755,405.00",104,13.40,15.0,2.03,2.27,1.1,872.00,555.00,,
2025/09/24,89,ICFC,36.85,665.0,670.0,658.0,658.5,658.50,0.0,0.0,661.45,"7,176.00",675.00,"4,746,579.20",63,-16.50,12.0,-2.44,1.82,-0.45,872.00,555.00,,
2025/09/25,93,ICFC,32.95,663.0,668.0,647.0,661.0,661.00,0.0,0.0,659.86,"5,859.00",658.50,"3,866,108.80",46,2.5,21.0,0.38,3.25,0.17,872.00,555.00,630.56,639.01
2025/07/30,92,ICFC,36.28,725.0,725.0,688.4,690.76,693.00,-2.24,0.0,701.31,"59,168.00",715.56,"41,495,322.30",409,-24.8,36.6,-3.47,5.32,-1.53,910.00,555.00,,
2025/07/31,90,ICFC,39.44,690.0,710.5,680.1,694.65,694.00,0.65,0.0,694.44,"94,215.00",690.76,"65,426,365.40",486,3.89,30.4,0.56,4.47,0.03,910.00,555.00,,
2025/08/03,93,ICFC,31.24,691.0,701.0,671.5,672.82,672.50,0.32,0.0,682.09,"43,044.00",694.65,"29,359,832.00",360,-21.83,29.5,-3.14,4.39,-1.38,910.00,555.00,,
2025/08/04,92,ICFC,30.74,679.0,683.0,665.0,667.11,669.90,-2.79,0.0,670.75,"49,962.00",672.82,"33,511,780.10",272,-5.71,18.0,-0.85,2.71,-0.54,910.00,555.00,,
2025/08/05,95,ICFC,30.27,680.0,680.4,660.0,660.55,660.00,0.55,0.0,666.31,"27,905.00",667.11,"18,593,427.50",180,-6.56,20.4,-0.98,3.09,-0.87,910.00,555.00,,
2025/08/06,95,ICFC,26.35,669.0,669.0,654.0,662.87,664.00,-1.13,0.0,662.25,"20,194.00",660.55,"13,373,493.30",141,2.32,15.00,0.35,2.29,0.09,910.00,555.00,,
2025/08/07,91,ICFC,32.87,664.0,701.0,660.1,692.22,698.00,-5.78,-0.01,685.55,"72,045.00",662.87,"49,390,332.60",343,29.35,40.9,4.43,6.2,0.96,910.00,555.00,,
2025/08/11,93,ICFC,36.56,704.0,705.9,683.1,685.84,684.00,1.84,0.0,690.97,"48,861.00",692.22,"33,761,693.50",218,-6.38,22.8,-0.92,3.34,-0.75,910.00,555.00,,
2025/08/12,96,ICFC,30.14,699.0,699.0,665.0,669.1,674.00,-4.9,-0.01,672.07,"25,450.00",685.84,"17,104,257.30",173,-16.74,34.0,-2.44,5.11,-0.44,910.00,555.00,,
2025/08/13,88,ICFC,28.97,670.0,681.4,663.0,665.02,666.00,-0.98,0.0,668.96,"26,214.00",669.10,"17,536,033.40",126,-4.08,18.4,-0.61,2.78,-0.59,910.00,555.00,,
2025/08/14,89,ICFC,25.63,678.3,684.5,672.0,672.75,674.00,-1.25,0.0,675.82,"35,879.00",665.02,"24,247,579.50",217,7.73,12.5,1.16,1.86,-0.46,910.00,555.00,,
2025/08/17,88,ICFC,26.25,680.0,691.0,663.0,666.77,663.00,3.77,0.01,676.56,"38,123.00",672.75,"25,792,417.50",178,-5.98,28.0,-0.89,4.22,-1.47,910.00,555.00,,
2025/08/18,97,ICFC,20.03,680.0,680.0,661.5,668.02,669.50,-1.48,0.0,667.33,"10,854.00",666.77,"7,243,191.10",98,1.25,18.5,0.19,2.8,0.1,910.00,555.00,,
2025/08/19,90,ICFC,22.7,680.0,680.0,667.0,668.72,667.00,1.72,0.0,670.09,"11,114.00",668.02,"7,447,385.00",101,0.7,13.0,0.1,1.95,-0.2,910.00,555.00,,
2025/08/20,94,ICFC,22.85,674.0,674.7,662.4,663.63,662.40,1.23,0.0,666.66,"20,808.00",668.72,"13,871,912.00",127,-5.09,12.3,-0.76,1.86,-0.46,910.00,555.00,,
2025/08/21,89,ICFC,20.35,668.0,672.8,660.0,662.12,664.90,-2.78,0.0,662.55,"11,579.00",663.63,"7,671,687.30",96,-1.51,12.8,-0.23,1.94,-0.07,910.00,555.00,,
2025/07/07,88,ICFC,44.49,643.8,643.8,616.0,617.25,616.00,1.25,0.0,621.47,"23,549.00",634.30,"14,634,982.80",221,-17.05,27.8,-2.69,4.51,-0.68,910.00,555.00,,
2025/07/08,88,ICFC,44.04,620.0,626.0,614.0,623.21,623.90,-0.69,0.0,622.13,"13,828.00",617.25,"8,602,786.30",143,5.96,12.0,0.97,1.95,0.17,910.00,555.00,,
2025/07/09,89,ICFC,38.48,628.0,628.0,618.6,622.03,623.00,-0.97,0.0,620.96,"10,060.00",623.21,"6,246,886.00",106,-1.18,9.4,-0.19,1.52,0.17,910.00,555.00,,
2025/07/10,89,ICFC,28.36,627.5,634.0,623.0,623.81,625.00,-1.19,0.0,624.68,"16,690.00",622.03,"10,425,889.50",140,1.78,11.0,0.29,1.77,-0.14,910.00,555.00,,
2025/07/13,89,ICFC,35.77,636.2,655.0,632.2,635.37,636.80,-1.43,0.0,638.77,"27,450.00",623.81,"17,534,243.10",252,11.56,22.8,1.85,3.61,-0.54,910.00,555.00,,
2025/07/14,93,ICFC,44.89,630.0,638.5,624.0,625.16,625.00,0.16,0.0,627.31,"25,869.00",635.37,"16,227,837.80",182,-10.21,14.50,-1.61,2.32,-0.34,910.00,555.00,,
2025/07/15,90,ICFC,42.17,637.0,637.0,626.5,630.8,629.90,0.9,0.0,632.09,"13,546.00",625.16,"8,562,302.70",145,5.64,10.50,0.9,1.68,-0.2,910.00,555.00,,
2025/07/16,96,ICFC,45.27,640.0,645.0,638.1,640.57,642.00,-1.43,0.0,640.23,"22,406.00",630.80,"14,344,894.90",173,9.77,6.9,1.55,1.08,0.05,910.00,555.00,,
2025/07/17,89,ICFC,50.96,653.0,676.0,648.0,661.93,662.50,-0.57,0.0,661.89,"66,814.00",640.57,"44,223,791.00",469,21.36,28.00,3.33,4.32,0.01,910.00,555.00,,
2025/07/20,90,ICFC,46.91,663.0,683.0,651.0,656.8,659.00,-2.2,0.0,668.44,"84,507.00",661.93,"56,487,499.70",604,-5.13,32.0,-0.78,4.92,-1.77,910.00,555.00,,
2025/07/21,90,ICFC,47.99,669.1,670.1,643.2,668.49,670.00,-1.51,0.0,663.37,"70,987.00",656.80,"47,090,748.00",385,11.69,26.9,1.78,4.18,0.77,910.00,555.00,,
2025/07/22,92,ICFC,46.8,681.0,687.0,670.0,681.0,684.40,-3.4,0.0,680.94,"65,748.00",668.49,"44,770,453.70",369,12.51,17.0,1.87,2.54,0.01,910.00,555.00,,
2025/07/23,91,ICFC,50.53,690.0,706.0,681.0,701.99,705.10,-3.11,0.0,696.36,"112,488.00",681.00,"78,332,456.10",762,20.99,25.00,3.08,3.67,0.8,910.00,555.00,,
2025/07/24,92,ICFC,45.4,705.0,719.0,697.0,701.13,699.00,2.13,0.0,705.88,"78,983.00",701.99,"55,752,715.20",439,-0.86,22.0,-0.12,3.16,-0.68,910.00,555.00,,
2025/07/27,93,ICFC,44.79,712.8,720.0,686.2,691.6,691.00,0.6,0.0,704.10,"88,074.00",701.13,"62,012,593.60",530,-9.53,33.8,-1.36,4.93,-1.81,910.00,555.00,,
2025/07/28,92,ICFC,45.74,687.0,717.5,676.0,712.62,715.00,-2.38,0.0,693.73,"109,711.00",691.60,"76,109,592.60",830,21.02,41.5,3.04,6.14,2.65,910.00,555.00,,
2025/06/12,91,ICFC,43.4,613.0,632.0,610.0,617.2,620.00,-2.8,0.0,620.98,"26,235.00",614.09,"16,291,440.98",214,3.11,22.0,0.51,3.61,-0.61,910.00,513.10,,
2025/06/15,91,ICFC,46.06,620.2,641.4,620.0,623.82,626.90,-3.08,0.0,629.59,"35,779.00",617.20,"22,525,957.30",281,6.62,21.4,1.07,3.45,-0.92,910.00,513.10,,
2025/06/16,95,ICFC,44.79,636.0,636.0,613.7,614.99,614.00,0.99,0.0,619.22,"23,218.00",623.82,"14,377,106.40",162,-8.83,22.3,-1.42,3.63,-0.69,910.00,513.10,,
2025/06/17,89,ICFC,28.1,624.0,624.0,613.0,619.74,621.90,-2.16,0.0,618.70,"17,955.00",614.99,"11,108,727.00",71,4.75,11.0,0.77,1.79,0.17,910.00,513.10,,
2025/06/18,91,ICFC,27.49,626.9,626.9,610.0,613.62,614.00,-0.38,0.0,615.04,"9,622.00",619.74,"5,917,955.50",100,-6.12,16.9,-0.99,2.77,-0.23,910.00,513.10,,
2025/06/19,94,ICFC,25.49,613.6,615.0,607.4,608.43,609.00,-0.57,0.0,610.68,"16,297.00",613.62,"9,952,306.30",141,-5.19,7.60,-0.85,1.25,-0.37,910.00,513.10,,
2025/06/22,91,ICFC,28.23,600.1,609.0,588.0,598.7,600.00,-1.3,0.0,597.65,"25,023.00",608.43,"14,955,118.80",165,-9.73,21.00,-1.6,3.57,0.17,910.00,532.00,,
2025/06/23,95,ICFC,27.02,590.0,616.0,590.0,606.16,605.00,1.16,0.0,604.21,"18,632.00",598.70,"11,257,599.30",119,7.46,26.00,1.25,4.41,0.32,910.00,532.00,,
2025/06/24,95,ICFC,24.91,600.1,612.0,598.0,599.68,603.90,-4.22,-0.01,602.37,"15,160.00",606.16,"9,131,923.90",119,-6.48,14.00,-1.07,2.34,-0.45,910.00,540.00,,
2025/06/25,91,ICFC,23.66,610.0,610.0,595.0,598.62,600.00,-1.38,0.0,598.50,"10,562.00",599.68,"6,321,400.10",92,-1.06,15.0,-0.18,2.52,0.02,910.00,540.00,,
2025/06/26,93,ICFC,32.95,663.0,668.0,647.0,661.0,661.00,0.0,0.0,659.86,"5,859.00",658.50,"3,866,108.80",46,2.5,21.0,0.38,3.25,0.17,872.00,555.00,630.56,639.01
2025/06/29,94,ICFC,36.3,591.0,603.0,591.0,599.68,603.00,-3.32,-0.01,599.21,"12,106.00",594.52,"7,254,074.80",100,5.16,12.0,0.87,2.03,0.08,910.00,540.00,,
2025/06/30,91,ICFC,26.45,611.5,611.6,602.0,602.2,603.00,-0.8,0.0,605.64,"10,334.00",599.68,"6,258,679.90",91,2.52,9.60,0.42,1.59,-0.57,910.00,540.00,,
2025/07/01,91,ICFC,37.53,613.9,613.9,605.2,606.53,606.00,0.53,0.0,606.60,"6,957.00",602.20,"4,220,145.10",77,4.33,8.7,0.72,1.44,-0.01,910.00,553.00,,
2025/07/02,92,ICFC,42.54,616.9,616.9,607.0,614.96,615.00,-0.04,0.0,613.49,"21,460.00",606.53,"13,165,556.50",158,8.43,9.9,1.39,1.63,0.24,910.00,555.00,,
2025/07/03,89,ICFC,44.53,617.0,640.0,615.9,627.98,627.00,0.98,0.0,629.01,"49,472.00",614.96,"31,118,608.00",392,13.02,24.1,2.12,3.91,-0.16,910.00,555.00,,
2025/05/18,87,ICFC,24.31,612.0,619.0,607.0,607.39,607.00,0.39,0.0,611.11,"12,366.00",611.23,"7,556,957.00",99,-3.84,12.0,-0.63,1.98,-0.61,910.00,504.10,,
2025/05/19,93,ICFC,23.82,619.0,619.0,603.0,607.2,607.00,0.2,0.0,609.57,"13,373.00",607.39,"8,151,730.90",111,-0.19,16.00,-0.03,2.65,-0.39,910.00,504.10,,
2025/05/20,88,ICFC,40.15,614.5,632.9,603.0,628.21,628.50,-0.29,0.0,619.91,"23,990.00",607.20,"14,871,760.20",185,21.01,29.9,3.46,4.96,1.32,910.00,504.10,,
2025/05/21,93,ICFC,32.95,663.0,668.0,647.0,661.0,661.00,0.0,0.0,659.86,"5,859.00",658.50,"3,866,108.80",46,2.5,21.0,0.38,3.25,0.17,872.00,555.00,630.56,639.01
2025/05/22,93,ICFC,35.37,612.1,630.0,610.0,617.7,622.00,-4.3,-0.01,618.04,"27,044.00",622.48,"16,714,365.10",189,-4.78,20.00,-0.77,3.28,-0.06,910.00,504.10,,
2025/05/25,95,ICFC,30.86,625.0,625.0,611.6,614.51,616.00,-1.49,0.0,616.14,"10,132.00",617.70,"6,242,683.10",104,-3.19,13.4,-0.52,2.19,-0.26,910.00,504.10,,
2025/05/26,97,ICFC,32.68,626.0,635.0,610.0,611.43,611.00,0.43,0.0,616.91,"20,966.00",614.51,"12,934,149.90",150,-3.08,25.0,-0.5,4.1,-0.9,910.00,504.10,,
2025/05/27,92,ICFC,25.46,623.6,623.6,606.2,613.91,615.00,-1.09,0.0,613.88,"14,064.00",611.43,"8,633,668.50",120,2.48,17.4,0.41,2.87,0.0,910.00,504.10,,
2025/05/28,92,ICFC,23.91,626.1,626.1,603.5,610.53,608.10,2.43,0.0,610.63,"11,661.00",613.91,"7,120,581.30",123,-3.38,22.6,-0.55,3.74,-0.02,910.00,504.10,,
2025/06/02,91,ICFC,29.46,622.7,624.9,610.4,612.16,613.00,-0.84,0.0,615.03,"17,038.00",610.53,"10,478,966.00",158,1.63,14.50,0.27,2.38,-0.47,910.00,504.10,,
2025/06/03,91,ICFC,21.82,624.4,624.4,606.6,608.4,608.00,0.4,0.0,609.92,"6,218.00",612.16,"3,792,503.80",73,-3.76,17.8,-0.61,2.93,-0.25,910.00,504.10,,
2025/06/04,89,ICFC,26.4,610.0,612.0,600.0,600.77,601.00,-0.23,0.0,605.18,"16,645.00",608.40,"10,073,168.90",129,-7.63,12.0,-1.25,2.0,-0.73,910.00,504.10,,
2025/06/05,91,ICFC,27.84,605.0,608.0,594.0,602.2,608.00,-5.8,-0.01,600.01,"20,616.00",600.77,"12,369,817.20",150,1.43,14.0,0.24,2.36,0.36,910.00,504.10,,
2025/06/08,90,ICFC,35.25,603.0,607.9,596.2,600.2,602.00,-1.8,0.0,602.40,"17,995.00",602.20,"10,840,130.80",118,-2.0,11.7,-0.33,1.96,-0.37,910.00,504.10,,
2025/06/09,95,ICFC,34.75,602.0,609.0,599.0,601.76,603.00,-1.24,0.0,602.41,"16,566.00",600.20,"9,979,527.70",172,1.56,10.0,0.26,1.67,-0.11,910.00,504.10,,
2025/06/10,90,ICFC,43.36,605.0,625.0,601.6,622.57,622.00,0.57,0.0,617.75,"34,279.00",601.76,"21,175,959.40",282,20.81,23.4,3.46,3.89,0.77,910.00,509.20,,
2024/08/12,95,ICFC,65.97,725.0,790.0,725.0,756.0,756.00,0.0,0.0,751.59,"177,910.00",725.00,"133,715,879.50","1,158",31.0,65.00,4.28,8.97,0.58,798.00,423.00,,
2024/09/09,91,ICFC,41.27,753.5,760.0,726.2,727.0,727.00,0.0,0.0,737.71,"73,622.00",753.50,"54,311,685.00",596,-26.50,33.8,-3.52,4.65,-1.47,910.00,423.00,,
2024/10/07,84,ICFC,-,769.0,782.0,743.1,750.0,750.00,0.0,0.0,763.52,"52,061.00",758.00,"39,749,713.00",352,-8.00,38.90,-1.06,5.23,-1.8,910.00,423.00,,
2024/11/10,91,ICFC,-,795.0,810.5,795.0,805.0,805.00,0.0,0.0,803.88,"83,059.00",793.00,"66,769,709.40",520,12.0,15.50,1.51,1.95,0.14,910.00,423.00,,
2024/12/04,88,ICFC,31.59,764.0,769.9,752.0,753.0,753.00,0.0,0.0,761.18,"30,452.00",760.50,"23,179,551.50",237,-7.5,17.9,-0.99,2.38,-1.09,910.00,436.00,,
2025/01/01,87,ICFC,33.39,645.1,656.7,633.0,648.0,648.00,0.0,0.0,648.94,"25,608.00",640.00,"16,617,955.10",260,8.0,23.7,1.25,3.74,-0.14,910.00,455.00,,
2025/01/27,89,ICFC,42.62,608.0,641.0,608.0,629.0,629.00,0.0,0.0,626.93,"26,924.00",617.00,"16,879,569.10",270,12.00,33.00,1.94,5.43,0.33,910.00,462.00,,
2025/02/24,91,ICFC,28.39,670.0,670.0,653.2,653.5,653.50,0.0,0.0,656.87,"19,370.00",660.00,"12,723,602.70",208,-6.50,16.80,-0.98,2.57,-0.52,910.00,462.00,,
2025/03/23,93,ICFC,30.67,620.0,625.0,602.0,607.53,605.00,2.53,0.0,611.25,"22,317.00",619.77,"13,641,266.50",215,-12.24,23.0,-1.97,3.82,-0.61,910.00,488.00,,
2025/04/20,93,ICFC,39.9,606.2,606.2,598.1,598.33,598.20,0.13,0.0,600.61,"11,819.00",603.74,"7,098,653.70",112,-5.41,8.1,-0.9,1.35,-0.38,910.00,488.00,,
2025/05/15,92,ICFC,27.33,600.1,622.3,600.0,611.23,612.00,-0.77,0.0,608.84,"21,692.00",611.83,"13,206,882.40",184,-0.6,22.3,-0.1,3.72,0.39,910.00,504.10,,
2025/06/11,89,ICFC,40.23,625.0,630.0,613.0,614.09,613.00,1.09,0.0,620.19,"15,870.00",622.57,"9,842,409.30",139,-8.48,17.00,-1.36,2.77,-0.99,910.00,511.00,,
2025/07/06,92,ICFC,48.58,627.0,650.0,627.0,634.3,636.90,-2.6,0.0,641.19,"60,032.00",627.98,"38,491,743.10",480,6.32,23.0,1.01,3.67,-1.09,910.00,555.00,,
2025/07/29,93,ICFC,43.74,726.0,730.9,707.0,715.56,715.10,0.46,0.0,717.50,"71,475.00",712.62,"51,283,411.20",453,2.94,23.90,0.41,3.38,-0.27,910.00,555.00,,
2025/08/24,94,ICFC,33.68,669.0,675.0,663.7,664.93,663.70,1.23,0.0,669.16,"15,378.00",662.12,"10,290,364.00",113,2.81,11.3,0.42,1.7,-0.64,897.00,555.00,,
2025/04/21,91,ICFC,41.76,599.1,604.0,593.2,595.97,595.00,0.97,0.0,596.49,"28,870.00",598.33,"17,220,655.30",231,-2.36,10.8,-0.39,1.82,-0.09,910.00,488.00,,
2025/04/22,93,ICFC,39.95,607.0,607.0,599.0,600.0,599.00,1.0,0.0,601.57,"17,648.00",595.97,"10,616,589.30",132,4.03,8.0,0.68,1.34,-0.26,910.00,488.00,,
2025/04/23,91,ICFC,35.61,608.0,608.0,591.1,597.14,595.50,1.64,0.0,596.63,"14,479.00",600.00,"8,638,639.70",107,-2.86,16.9,-0.48,2.86,0.09,910.00,488.00,,
2025/04/24,92,ICFC,32.31,598.0,598.0,587.5,590.99,590.20,0.79,0.0,590.12,"14,317.00",597.14,"8,448,750.80",134,-6.15,10.5,-1.03,1.79,0.15,910.00,488.00,,
2025/04/27,89,ICFC,33.69,595.0,602.8,585.0,589.09,593.00,-3.91,-0.01,589.96,"23,406.00",590.99,"13,808,516.20",144,-1.9,17.8,-0.32,3.04,-0.15,910.00,504.10,,
2025/04/28,94,ICFC,41.01,580.1,608.9,580.1,593.75,596.00,-2.25,0.0,598.41,"26,992.00",589.09,"16,152,178.50",150,4.66,28.8,0.79,4.96,-0.78,910.00,504.10,,
2025/04/29,88,ICFC,27.42,605.0,605.0,585.0,585.55,585.50,0.05,0.0,587.82,"13,729.00",593.75,"8,070,232.70",111,-8.2,20.0,-1.38,3.42,-0.39,910.00,504.10,,
2025/04/30,91,ICFC,29.74,597.0,597.0,580.0,581.63,580.10,1.53,0.0,583.52,"12,093.00",585.55,"7,056,508.10",114,-3.92,17.0,-0.67,2.93,-0.32,910.00,504.10,,
2025/05/04,92,ICFC,31.5,592.0,592.0,575.2,576.22,577.00,-0.78,0.0,580.79,"12,567.00",581.63,"7,298,846.50",121,-5.41,16.8,-0.93,2.92,-0.79,910.00,504.10,,
2025/05/05,91,ICFC,28.61,587.0,587.0,566.0,568.72,569.90,-1.18,0.0,570.86,"17,946.00",576.22,"10,244,621.70",139,-7.5,21.0,-1.3,3.71,-0.38,910.00,504.10,,
2025/05/06,94,ICFC,29.45,580.0,591.6,563.0,565.16,568.00,-2.84,-0.01,567.04,"15,162.00",568.72,"8,597,428.20",125,-3.56,28.6,-0.63,5.08,-0.33,910.00,504.10,,
2025/05/07,87,ICFC,45.58,576.4,596.0,555.0,595.11,595.00,0.11,0.0,577.67,"28,459.00",565.16,"16,439,979.00",241,29.95,41.0,5.3,7.39,2.93,910.00,504.10,,
2025/05/08,88,ICFC,48.1,596.0,654.6,585.0,653.1,652.00,1.1,0.0,644.16,"116,283.00",595.11,"74,904,825.90",991,57.99,69.6,9.74,11.9,1.37,910.00,504.10,,
2025/05/11,85,ICFC,45.38,660.0,660.0,625.4,626.82,627.00,-0.18,0.0,637.79,"45,028.00",653.10,"28,718,401.40",409,-26.28,34.6,-4.02,5.53,-1.75,910.00,504.10,,
2025/05/13,88,ICFC,43.61,622.0,623.6,606.0,610.27,609.00,1.27,0.0,612.06,"31,103.00",626.82,"19,036,912.10",278,-16.55,17.6,-2.64,2.9,-0.29,910.00,504.10,,
2025/05/14,91,ICFC,45.94,604.0,635.0,604.0,611.83,612.00,-0.17,0.0,619.73,"29,112.00",610.27,"18,041,568.90",272,1.56,31.0,0.26,5.13,-1.29,910.00,504.10,,
2025/03/24,94,ICFC,31.79,607.0,624.0,601.0,615.5,619.00,-3.5,-0.01,614.46,"18,731.00",607.53,"11,509,482.50",188,7.97,23.0,1.31,3.83,0.17,910.00,488.00,,
2025/03/25,93,ICFC,30.22,611.0,614.0,594.0,594.96,596.00,-1.04,0.0,599.50,"34,968.00",615.50,"20,963,192.67",288,-20.54,20.0,-3.34,3.37,-0.76,910.00,488.00,,
2025/03/26,93,ICFC,32.95,663.0,668.0,647.0,661.0,661.00,0.0,0.0,659.86,"5,859.00",658.50,"3,866,108.80",46,2.5,21.0,0.38,3.25,0.17,872.00,555.00,630.56,639.01
2025/03/27,90,ICFC,30.62,600.0,608.0,595.3,607.41,608.00,-0.59,0.0,605.08,"12,485.00",598.71,"7,554,388.50",122,8.7,12.7,1.45,2.13,0.38,910.00,488.00,,
2025/03/30,90,ICFC,38.89,605.0,625.0,605.0,620.44,621.80,-1.36,0.0,617.42,"17,145.00",607.41,"10,585,732.30",187,13.03,20.0,2.15,3.31,0.49,910.00,488.00,,
2025/04/01,93,ICFC,38.29,616.0,625.0,597.0,608.11,608.00,0.11,0.0,604.62,"15,632.00",620.44,"9,451,444.10",126,-12.33,28.00,-1.99,4.69,0.57,910.00,488.00,,
2025/04/02,90,ICFC,42.71,609.0,624.9,605.1,617.01,619.00,-1.99,0.0,617.20,"22,712.00",608.11,"14,017,926.30",187,8.90,19.80,1.46,3.27,-0.03,910.00,488.00,,
2025/04/03,92,ICFC,38.51,625.0,625.8,605.3,609.8,609.00,0.8,0.0,614.09,"13,323.00",617.01,"8,181,462.30",135,-7.21,20.5,-1.17,3.39,-0.7,910.00,488.00,,
2025/04/07,93,ICFC,33.37,620.0,620.0,596.5,599.45,602.00,-2.55,0.0,600.16,"19,416.00",609.80,"11,652,662.20",164,-10.35,23.5,-1.7,3.94,-0.12,910.00,488.00,,
2025/04/08,91,ICFC,35.06,600.1,601.0,589.2,600.03,601.00,-0.97,0.0,594.21,"17,999.00",599.45,"10,695,151.90",111,0.58,11.80,0.1,2.0,0.97,910.00,488.00,,
2025/04/09,94,ICFC,29.93,601.0,608.0,598.0,601.88,601.70,0.18,0.0,603.34,"7,519.00",600.03,"4,536,515.60",75,1.85,10.00,0.31,1.67,-0.24,910.00,488.00,,
2025/04/10,95,ICFC,33.41,603.0,608.0,595.0,595.72,595.00,0.72,0.0,597.14,"16,428.00",601.88,"9,809,734.90",151,-6.16,13.0,-1.02,2.18,-0.24,910.00,488.00,,
2025/04/13,92,ICFC,29.98,596.5,600.0,590.3,594.34,593.50,0.84,0.0,596.23,"8,483.00",595.72,"5,057,857.80",62,-1.38,9.7,-0.23,1.64,-0.32,910.00,488.00,,
2025/04/15,93,ICFC,36.6,605.0,606.0,594.0,600.64,603.00,-2.36,0.0,602.93,"12,031.00",594.34,"7,253,824.90",95,6.3,12.0,1.06,2.02,-0.38,910.00,488.00,,
2025/04/16,94,ICFC,33.86,611.9,611.9,598.0,599.71,603.00,-3.29,-0.01,599.87,"7,002.00",600.64,"4,200,323.90",70,-0.93,13.9,-0.15,2.32,-0.03,910.00,488.00,,
2025/04/17,90,ICFC,44.33,597.2,606.9,597.2,603.74,604.00,-0.26,0.0,602.27,"19,854.00",599.71,"11,957,562.80",185,4.03,9.7,0.67,1.62,0.24,910.00,488.00,,
2025/02/25,88,ICFC,27.55,663.0,663.0,650.0,651.0,651.00,0.0,0.0,656.00,"16,797.00",653.50,"11,018,777.30",119,-2.5,13.00,-0.38,2.0,-0.77,910.00,462.00,,
2025/02/27,88,ICFC,27.33,664.0,677.0,651.0,655.0,655.00,0.0,0.0,654.52,"17,721.00",651.00,"11,598,737.10",165,4.00,26.00,0.61,3.99,0.07,910.00,462.00,,
2025/03/02,85,ICFC,46.14,660.0,677.0,660.0,675.8,675.80,0.0,0.0,671.06,"29,568.00",655.00,"19,841,868.30",259,20.80,17.00,3.18,2.58,0.7,910.00,462.00,,
2025/03/03,86,ICFC,48.16,689.0,699.0,676.0,678.0,678.00,0.0,0.0,682.06,"43,171.00",675.80,"29,445,073.10",357,2.20,23.00,0.33,3.4,-0.6,910.00,462.00,,
2025/03/04,90,ICFC,43.79,676.0,683.0,661.5,663.0,663.00,0.0,0.0,668.26,"17,911.00",678.00,"11,969,212.30",165,-15.0,21.5,-2.21,3.25,-0.79,910.00,473.20,,
2025/03/05,88,ICFC,43.61,674.8,674.8,650.1,654.0,654.00,0.0,0.0,655.32,"20,991.00",663.00,"13,755,782.60",187,-9.0,24.7,-1.36,3.8,-0.2,910.00,474.50,,
2025/03/06,87,ICFC,38.72,666.5,667.0,650.1,651.0,651.00,0.0,0.0,653.64,"17,944.00",654.00,"11,728,963.90",157,-3.00,16.90,-0.46,2.6,-0.41,910.00,474.50,,
2025/03/09,91,ICFC,34.55,649.0,655.0,640.0,644.0,644.00,0.0,0.0,646.63,"38,999.00",651.00,"25,217,815.60",238,-7.0,15.00,-1.08,2.34,-0.41,910.00,486.00,,
2025/03/10,88,ICFC,29.21,650.0,650.0,638.0,640.0,640.00,0.0,0.0,643.89,"18,416.00",644.00,"11,857,812.50",158,-4.0,12.0,-0.62,1.88,-0.61,910.00,486.00,,
2025/03/11,90,ICFC,27.63,652.5,652.5,638.0,639.1,639.10,0.0,0.0,641.16,"14,759.00",640.00,"9,462,899.60",130,-0.9,14.5,-0.14,2.27,-0.32,910.00,488.00,,
2025/03/12,91,ICFC,29.51,644.9,644.9,633.0,638.9,638.90,0.0,0.0,635.32,"23,165.00",639.10,"14,717,223.60",168,-0.2,11.9,-0.03,1.88,0.56,910.00,488.00,,
2025/03/16,90,ICFC,35.05,633.0,639.9,626.0,632.0,632.00,0.0,0.0,629.25,"21,673.00",638.90,"13,637,730.10",164,-6.9,13.90,-1.08,2.22,0.44,910.00,488.00,,
2025/03/17,93,ICFC,31.32,641.0,641.0,628.0,629.0,629.00,0.0,0.0,631.98,"11,042.00",632.00,"6,978,366.50",105,-3.0,13.0,-0.47,2.07,-0.47,910.00,488.00,,
2025/03/18,89,ICFC,30.25,639.0,639.0,626.3,630.0,630.00,0.0,0.0,629.07,"10,669.00",629.00,"6,711,542.80",96,1.0,12.7,0.16,2.03,0.15,910.00,488.00,,
2025/03/19,90,ICFC,30.55,639.9,639.9,625.1,627.0,627.00,0.0,0.0,626.53,"9,652.00",630.00,"6,047,283.10",119,-3.00,14.8,-0.48,2.37,0.07,910.00,488.00,,
2025/03/20,90,ICFC,32.84,627.0,628.0,618.0,619.77,619.00,0.77,0.0,621.65,"25,026.00",627.00,"15,557,529.60",174,-7.23,10.0,-1.15,1.62,-0.3,910.00,488.00,,
2025/01/28,90,ICFC,42.72,640.0,640.0,618.5,631.0,631.00,0.0,0.0,628.11,"32,780.00",629.00,"20,589,452.20",259,2.00,21.50,0.32,3.48,0.46,910.00,462.00,,
2025/02/02,91,ICFC,50.24,632.0,655.0,632.0,653.0,653.00,0.0,0.0,645.82,"62,513.00",631.00,"40,372,113.20",368,22.0,23.00,3.49,3.64,1.1,910.00,462.00,,
2025/02/03,89,ICFC,49.02,660.0,670.0,650.0,650.0,650.00,0.0,0.0,659.10,"55,060.00",653.00,"36,289,959.90",368,-3.0,20.0,-0.46,3.08,-1.4,910.00,462.00,,
2025/02/04,85,ICFC,46.31,663.0,663.0,640.0,650.0,650.00,0.0,0.0,647.63,"25,789.00",650.00,"16,701,784.70",176,0.0,23.00,0.0,3.59,0.36,910.00,462.00,,
2025/02/05,88,ICFC,49.83,650.0,675.0,642.0,671.0,671.00,0.0,0.0,665.64,"53,581.00",650.00,"35,665,565.60",398,21.0,33.00,3.23,5.14,0.8,910.00,462.00,,
2025/02/06,90,ICFC,50.2,672.0,689.0,665.4,672.0,672.00,0.0,0.0,680.69,"58,490.00",671.00,"39,813,366.50",450,1.0,23.6,0.15,3.55,-1.29,910.00,462.00,,
2025/02/09,87,ICFC,47.85,670.0,678.3,650.0,665.0,665.00,0.0,0.0,659.04,"29,731.00",672.00,"19,593,862.70",292,-7.0,28.3,-1.04,4.35,0.9,910.00,462.00,,
2025/02/10,90,ICFC,46.09,673.0,676.0,655.7,658.0,658.00,0.0,0.0,662.23,"24,196.00",665.00,"16,023,292.60",174,-7.00,20.30,-1.05,3.1,-0.64,910.00,462.00,,
2025/02/11,85,ICFC,41.19,650.0,671.0,647.1,652.0,652.00,0.0,0.0,651.56,"14,376.00",658.00,"9,366,858.90",174,-6.0,23.9,-0.91,3.69,0.07,910.00,462.00,,
2025/02/12,90,ICFC,27.7,653.1,660.0,647.3,654.0,654.00,0.0,0.0,653.90,"17,450.00",652.00,"11,410,621.40",163,2.0,12.70,0.31,1.96,0.01,910.00,462.00,,
2025/02/13,93,ICFC,32.95,663.0,668.0,647.0,661.0,661.00,0.0,0.0,659.86,"5,859.00",658.50,"3,866,108.80",46,2.5,21.0,0.38,3.25,0.17,872.00,555.00,630.56,639.01
2025/02/16,90,ICFC,40.47,667.0,690.0,661.3,685.5,685.50,0.0,0.0,677.69,"73,480.00",656.00,"49,796,842.10",580,29.5,28.7,4.5,4.34,1.14,910.00,462.00,,
2025/02/17,87,ICFC,37.98,698.0,700.0,674.6,676.0,676.00,0.0,0.0,682.20,"41,057.00",685.50,"28,009,173.40",376,-9.5,25.4,-1.39,3.77,-0.92,910.00,462.00,,
2025/02/18,89,ICFC,36.25,689.5,689.5,669.0,670.0,670.00,0.0,0.0,676.01,"18,624.00",676.00,"12,590,052.30",218,-6.00,20.5,-0.89,3.06,-0.9,910.00,462.00,,
2025/02/20,86,ICFC,32.74,660.0,680.0,660.0,662.0,662.00,0.0,0.0,668.12,"19,947.00",670.00,"13,326,992.30",218,-8.0,20.0,-1.19,3.03,-0.92,910.00,462.00,,
2025/02/23,95,ICFC,29.2,655.0,665.8,650.1,660.0,660.00,0.0,0.0,658.53,"26,006.00",662.00,"17,125,786.50",202,-2.00,15.70,-0.3,2.42,0.22,910.00,462.00,,
2025/01/02,91,ICFC,36.24,650.0,660.0,641.0,656.0,656.00,0.0,0.0,653.13,"22,615.00",648.00,"14,770,625.80",213,8.0,19.00,1.23,2.96,0.44,910.00,455.00,,
2025/01/05,94,ICFC,38.87,656.0,669.0,650.0,655.0,655.00,0.0,0.0,661.17,"27,737.00",656.00,"18,338,935.80",235,-1.0,19.0,-0.15,2.92,-0.94,910.00,455.00,,
2025/01/06,86,ICFC,41.06,660.0,666.0,655.2,666.0,666.00,0.0,0.0,661.32,"22,427.00",655.00,"14,831,424.10",200,11.0,10.80,1.68,1.65,0.7,910.00,455.00,,
2025/01/07,86,ICFC,40.31,675.0,683.0,667.0,676.0,676.00,0.0,0.0,673.38,"21,623.00",666.00,"14,560,475.70",198,10.0,16.0,1.5,2.4,0.39,910.00,455.00,,
2025/01/08,84,ICFC,45.64,662.5,726.2,662.5,708.0,708.00,0.0,0.0,702.14,"51,199.00",676.00,"35,949,042.20",438,32.0,63.70,4.73,9.62,0.83,910.00,460.00,,
2025/01/09,85,ICFC,44.45,700.2,711.0,685.0,685.0,685.00,0.0,0.0,693.68,"30,849.00",708.00,"21,399,238.00",328,-23.0,26.0,-3.25,3.8,-1.27,910.00,462.00,,
2025/01/12,84,ICFC,39.71,695.0,697.8,660.0,660.0,660.00,0.0,0.0,673.06,"18,683.00",685.00,"12,574,810.80",181,-25.0,37.8,-3.65,5.73,-1.98,910.00,462.00,,
2025/01/13,90,ICFC,39.39,650.0,672.0,650.0,655.0,655.00,0.0,0.0,658.74,"30,625.00",660.00,"20,174,005.00",234,-5.0,22.00,-0.76,3.38,-0.57,910.00,462.00,,
2025/01/15,84,ICFC,30.05,655.0,656.0,641.9,642.0,642.00,0.0,0.0,647.24,"30,959.00",655.00,"20,037,885.80",299,-13.0,14.1,-1.98,2.2,-0.82,910.00,462.00,,
2025/01/16,85,ICFC,31.35,645.0,649.0,620.0,622.0,622.00,0.0,0.0,627.97,"44,191.00",642.00,"27,750,780.00",410,-20.00,29.00,-3.12,4.68,-0.96,910.00,462.00,,
2025/01/19,89,ICFC,28.2,622.0,647.0,622.0,638.0,638.00,0.0,0.0,636.85,"21,222.00",622.00,"13,515,217.70",245,16.00,25.00,2.57,4.02,0.18,910.00,462.00,,
2025/01/20,87,ICFC,31.84,645.0,645.0,624.3,624.3,624.30,0.0,0.0,629.62,"42,201.00",638.00,"26,570,588.70",337,-13.7,20.70,-2.15,3.32,-0.85,910.00,462.00,,
2025/01/21,88,ICFC,27.29,636.0,636.0,620.0,626.9,626.90,0.0,0.0,624.92,"14,249.00",624.30,"8,904,423.00",194,2.6,16.0,0.42,2.58,0.32,910.00,462.00,,
2025/01/22,91,ICFC,37.86,630.0,645.0,630.0,640.0,640.00,0.0,0.0,639.70,"25,440.00",626.90,"16,273,855.00",236,13.1,15.0,2.09,2.38,0.05,910.00,462.00,,
2025/01/23,89,ICFC,43.89,642.0,654.5,630.0,634.5,634.50,0.0,0.0,635.08,"31,946.00",640.00,"20,288,384.30",301,-5.50,24.50,-0.86,3.89,-0.09,910.00,462.00,,
2025/01/26,91,ICFC,36.33,627.0,632.0,609.0,617.0,617.00,0.0,0.0,618.18,"56,328.00",634.50,"34,820,884.50",514,-17.50,23.00,-2.76,3.78,-0.19,910.00,462.00,,
2024/12/05,87,ICFC,33.47,753.0,760.0,734.0,738.0,738.00,0.0,0.0,740.89,"56,214.00",753.00,"41,648,578.10",375,-15.0,26.0,-1.99,3.54,-0.39,910.00,436.10,,
2024/12/08,91,ICFC,32.12,730.6,735.0,722.0,723.1,723.10,0.0,0.0,725.74,"39,686.00",738.00,"28,801,874.20",291,-14.9,13.0,-2.02,1.8,-0.37,910.00,443.00,,
2024/12/09,92,ICFC,34.13,723.2,735.9,705.0,715.0,715.00,0.0,0.0,716.93,"38,740.00",723.10,"27,773,852.30",262,-8.1,30.9,-1.12,4.38,-0.27,910.00,443.00,,
2024/12/10,85,ICFC,29.12,715.0,720.0,700.0,703.0,703.00,0.0,0.0,705.41,"28,402.00",715.00,"20,035,132.80",308,-12.0,20.0,-1.68,2.86,-0.34,910.00,451.00,,
2024/12/11,86,ICFC,33.08,703.0,726.0,702.0,720.0,720.00,0.0,0.0,714.90,"31,062.00",703.00,"22,206,363.30",235,17.0,24.0,2.42,3.42,0.71,910.00,451.00,,
2024/12/12,85,ICFC,32.73,720.0,734.4,708.0,717.9,717.90,0.0,0.0,715.67,"24,891.00",720.00,"17,813,715.70",201,-2.1,26.4,-0.29,3.73,0.31,910.00,455.00,,
2024/12/16,89,ICFC,34.88,704.0,708.9,686.0,691.9,691.90,0.0,0.0,692.45,"36,234.00",717.90,"25,090,173.00",296,-26.0,22.9,-3.62,3.34,-0.08,910.00,455.00,,
2024/12/17,88,ICFC,34.8,686.1,705.0,683.0,696.0,696.00,0.0,0.0,697.01,"20,919.00",691.90,"14,580,812.10",164,4.1,22.0,0.59,3.22,-0.15,910.00,455.00,,
2024/12/18,89,ICFC,32.79,708.0,708.0,695.0,697.0,697.00,0.0,0.0,701.29,"16,235.00",696.00,"11,385,445.20",121,1.0,13.0,0.14,1.87,-0.62,910.00,455.00,,
2024/12/19,85,ICFC,30.85,692.0,697.0,678.0,678.0,678.00,0.0,0.0,683.18,"29,981.00",697.00,"20,482,376.00",231,-19.0,19.0,-2.73,2.8,-0.76,910.00,455.00,,
2024/12/22,88,ICFC,30.29,675.1,680.0,663.0,671.0,671.00,0.0,0.0,671.01,"37,960.00",678.00,"25,471,631.20",230,-7.0,17.0,-1.03,2.56,0.0,910.00,455.00,,
2024/12/23,92,ICFC,31.99,684.4,684.4,656.6,671.1,671.10,0.0,0.0,665.71,"24,607.00",671.00,"16,381,210.00",185,0.10,27.80,0.01,4.23,0.8,910.00,455.00,,
2024/12/24,89,ICFC,33.77,680.0,688.1,663.5,682.0,682.00,0.0,0.0,680.46,"24,058.00",671.10,"16,370,428.50",245,10.90,24.60,1.62,3.71,0.23,910.00,455.00,,
2024/12/26,88,ICFC,31.99,682.0,685.0,665.0,665.0,665.00,0.0,0.0,670.93,"13,666.00",682.00,"9,168,936.70",109,-17.0,20.0,-2.49,3.01,-0.89,910.00,455.00,,
2024/12/29,90,ICFC,34.41,651.7,670.9,651.7,652.1,652.10,0.0,0.0,657.67,"27,551.00",665.00,"18,119,586.40",254,-12.9,19.2,-1.94,2.95,-0.85,910.00,455.00,,
2024/12/31,88,ICFC,35.61,653.0,653.0,617.5,640.0,640.00,0.0,0.0,632.41,"53,837.00",652.10,"34,047,322.40",521,-12.10,35.50,-1.86,5.75,1.19,910.00,455.00,,
2024/11/11,85,ICFC,-,821.1,821.1,793.6,804.7,804.70,0.0,0.0,803.40,"93,820.00",805.00,"75,375,053.60",544,-0.3,27.5,-0.04,3.47,0.16,910.00,423.00,,
2024/11/12,90,ICFC,-,820.7,820.7,791.0,798.0,798.00,0.0,0.0,802.95,"61,849.00",804.70,"49,661,833.10",402,-6.7,29.7,-0.83,3.75,-0.62,910.00,423.00,,
2024/11/13,87,ICFC,36.64,798.1,814.0,788.0,806.3,806.30,0.0,0.0,805.77,"117,191.00",798.00,"94,429,095.00",535,8.3,26.0,1.04,3.3,0.07,910.00,423.00,,
2024/11/14,90,ICFC,33.82,814.0,818.0,798.0,800.0,800.00,0.0,0.0,809.57,"92,291.00",806.30,"74,716,080.10",586,-6.3,20.00,-0.78,2.51,-1.2,910.00,423.00,,
2024/11/17,91,ICFC,31.22,810.0,812.0,791.0,791.0,791.00,0.0,0.0,801.73,"91,830.00",800.00,"73,622,972.10",560,-9.0,21.00,-1.13,2.65,-1.36,910.00,423.00,,
2024/11/19,87,ICFC,30.2,792.0,800.0,765.0,766.0,766.00,0.0,0.0,779.53,"117,948.00",791.00,"91,943,552.20",705,-25.0,35.0,-3.16,4.58,-1.77,910.00,423.00,,
2024/11/20,91,ICFC,27.78,773.0,779.9,758.4,767.0,767.00,0.0,0.0,768.41,"77,100.00",766.00,"59,244,066.90",414,1.0,21.5,0.13,2.83,-0.18,910.00,423.00,,
2024/11/21,89,ICFC,28.48,779.0,779.0,750.0,752.0,752.00,0.0,0.0,759.80,"62,613.00",767.00,"47,573,427.00",404,-15.0,29.0,-1.96,3.87,-1.04,910.00,423.00,,
2024/11/24,91,ICFC,31.8,754.0,765.0,750.0,750.0,750.00,0.0,0.0,758.17,"56,287.00",752.00,"42,675,209.20",352,-2.0,15.0,-0.27,2.0,-1.09,910.00,435.50,,
2024/11/25,87,ICFC,33.1,755.2,778.1,755.1,769.0,769.00,0.0,0.0,768.71,"36,978.00",750.00,"28,425,281.10",310,19.0,23.00,2.53,3.05,0.04,910.00,435.50,,
2024/11/26,90,ICFC,40.92,774.0,783.8,773.0,777.0,777.00,0.0,0.0,778.30,"37,066.00",769.00,"28,848,639.10",248,8.0,10.8,1.04,1.4,-0.17,910.00,435.50,,
2024/11/27,91,ICFC,42.73,780.1,784.9,773.0,775.0,775.00,0.0,0.0,778.38,"45,516.00",777.00,"35,428,916.50",330,-2.0,11.9,-0.26,1.54,-0.44,910.00,435.50,,
2024/11/28,87,ICFC,42.86,780.0,780.0,757.0,761.0,761.00,0.0,0.0,766.77,"71,364.00",775.00,"54,720,007.80",429,-14.0,23.0,-1.81,3.04,-0.76,910.00,435.50,,
2024/12/01,87,ICFC,38.68,764.0,764.0,748.0,752.1,752.10,0.0,0.0,755.96,"47,763.00",761.00,"36,106,831.70",278,-8.9,16.0,-1.17,2.14,-0.51,910.00,436.00,,
2024/12/02,90,ICFC,31.75,757.9,760.3,740.0,745.0,745.00,0.0,0.0,749.34,"56,999.00",752.10,"42,711,912.40",396,-7.1,20.3,-0.94,2.74,-0.58,910.00,436.00,,
2024/12/03,88,ICFC,32.05,750.0,779.0,747.2,760.5,760.50,0.0,0.0,764.65,"44,762.00",745.00,"34,227,430.60",332,15.5,31.8,2.08,4.26,-0.55,910.00,436.00,,
2024/10/08,93,ICFC,32.95,663.0,668.0,647.0,661.0,661.00,0.0,0.0,659.86,"5,859.00",658.50,"3,866,108.80",46,2.5,21.0,0.38,3.25,0.17,872.00,555.00,630.56,639.01
2024/10/09,82,ICFC,-,725.0,738.9,722.0,728.7,728.70,0.0,0.0,728.45,"26,422.00",728.00,"19,246,988.10",184,0.70,16.90,0.1,2.34,0.03,910.00,423.00,,
2024/10/15,85,ICFC,-,725.0,800.0,725.0,772.0,772.00,0.0,0.0,764.72,"39,580.00",728.70,"30,267,459.80",265,43.30,75.00,5.94,10.34,0.94,910.00,423.00,,
2024/10/16,88,ICFC,-,787.0,789.0,775.0,788.0,788.00,0.0,0.0,780.89,"39,454.00",772.00,"30,809,124.60",288,16.0,14.00,2.07,1.81,0.9,910.00,423.00,,
2024/10/17,90,ICFC,-,795.0,799.0,766.0,784.0,784.00,0.0,0.0,788.87,"52,794.00",788.00,"41,647,561.00",350,-4.0,33.0,-0.51,4.31,-0.62,910.00,423.00,,
2024/10/20,86,ICFC,-,771.0,780.0,750.0,753.0,753.00,0.0,0.0,764.45,"83,146.00",784.00,"63,561,029.10",515,-31.0,30.00,-3.95,4.0,-1.52,910.00,423.00,,
2024/10/21,87,ICFC,-,753.0,754.8,730.0,731.0,731.00,0.0,0.0,738.04,"51,414.00",753.00,"37,945,416.10",338,-22.0,24.80,-2.92,3.4,-0.96,910.00,423.00,,
2024/10/22,90,ICFC,-,737.0,755.0,737.0,749.0,749.00,0.0,0.0,744.36,"33,513.00",731.00,"24,945,902.00",230,18.00,18.00,2.46,2.44,0.62,910.00,423.00,,
2024/10/23,91,ICFC,-,763.9,823.9,750.0,823.9,823.90,0.0,0.0,812.88,"534,448.00",749.00,"434,443,621.80","2,488",74.9,73.90,10.0,9.85,1.34,910.00,423.00,,
2024/10/24,90,ICFC,-,840.3,872.0,831.0,833.0,833.00,0.0,0.0,846.86,"294,357.00",823.90,"249,279,018.90","1,922",9.1,41.00,1.1,4.93,-1.66,910.00,423.00,,
2024/10/27,86,ICFC,-,816.4,830.0,784.1,801.1,801.10,0.0,0.0,806.35,"404,892.00",833.00,"326,485,618.70","1,756",-31.9,45.9,-3.83,5.85,-0.66,910.00,423.00,,
2024/10/28,85,ICFC,-,801.0,828.0,801.0,827.0,827.00,0.0,0.0,818.77,"141,357.00",801.10,"115,738,485.50",705,25.9,27.0,3.23,3.37,1.0,910.00,423.00,,
2024/10/29,88,ICFC,-,839.0,851.0,815.0,818.1,818.10,0.0,0.0,837.92,"121,743.00",827.00,"102,010,512.20",757,-8.9,36.0,-1.08,4.42,-2.42,910.00,423.00,,
2024/10/30,87,ICFC,-,818.1,825.0,780.0,794.5,794.50,0.0,0.0,800.04,"173,378.00",818.10,"138,709,814.20",928,-23.6,45.0,-2.88,5.77,-0.7,910.00,423.00,,
2024/11/05,88,ICFC,-,810.3,810.3,784.0,785.0,785.00,0.0,0.0,792.11,"45,101.00",794.50,"35,725,096.40",362,-9.5,26.3,-1.2,3.35,-0.91,910.00,423.00,,
2024/11/06,92,ICFC,-,800.7,804.4,780.0,793.0,793.00,0.0,0.0,790.42,"80,631.00",785.00,"63,732,753.40",484,8.0,24.4,1.02,3.13,0.32,910.00,423.00,,
2024/09/10,93,ICFC,39.0,740.0,749.0,716.5,723.0,723.00,0.0,0.0,730.95,"66,897.00",727.00,"48,898,304.60",430,-4.0,32.50,-0.55,4.54,-1.1,910.00,423.00,,
2024/09/11,92,ICFC,36.92,736.0,744.9,721.5,732.9,732.90,0.0,0.0,735.80,"61,063.00",723.00,"44,930,229.10",392,9.9,23.40,1.37,3.24,-0.4,910.00,423.00,,
2024/09/12,88,ICFC,57.36,739.0,770.0,737.0,760.2,760.20,0.0,0.0,754.15,"60,602.00",732.90,"45,703,160.30",422,27.30,33.00,3.72,4.48,0.8,910.00,423.00,,
2024/09/15,92,ICFC,55.81,774.0,784.9,739.9,739.9,739.90,0.0,0.0,763.60,"80,241.00",760.20,"61,272,284.20",554,-20.30,45.0,-2.67,6.08,-3.2,910.00,423.00,,
2024/09/16,87,ICFC,46.13,730.0,743.9,700.7,708.0,708.00,0.0,0.0,717.93,"65,921.00",739.90,"47,326,864.30",505,-31.9,43.20,-4.31,6.17,-1.4,910.00,423.00,,
2024/09/18,93,ICFC,41.78,721.0,722.1,685.0,692.0,692.00,0.0,0.0,695.91,"51,569.00",708.00,"35,887,391.00",418,-16.0,37.1,-2.26,5.42,-0.57,910.00,423.00,,
2024/09/22,90,ICFC,37.13,705.8,724.0,682.0,690.0,690.00,0.0,0.0,698.74,"32,395.00",692.00,"22,635,805.10",242,-2.0,42.0,-0.29,6.16,-1.27,910.00,423.00,,
2024/09/23,91,ICFC,38.04,700.1,700.1,639.1,654.0,654.00,0.0,0.0,654.48,"55,540.00",690.00,"36,349,933.80",614,-36.0,61.00,-5.22,9.54,-0.07,910.00,423.00,,
2024/09/24,88,ICFC,40.25,667.0,670.0,626.0,636.9,636.90,0.0,0.0,637.96,"52,099.00",654.00,"33,237,080.50",406,-17.1,44.00,-2.61,7.03,-0.17,910.00,423.00,,
2024/09/25,88,ICFC,47.51,640.0,677.0,625.0,675.0,675.00,0.0,0.0,652.86,"51,062.00",636.90,"33,336,459.10",379,38.1,52.0,5.98,8.32,3.28,910.00,423.00,,
2024/09/26,91,ICFC,41.29,675.0,684.9,637.0,648.0,648.00,0.0,0.0,658.42,"34,570.00",675.00,"22,761,746.60",278,-27.0,47.9,-4.0,7.52,-1.61,910.00,423.00,,
2024/09/29,91,ICFC,42.68,640.0,659.0,635.0,640.0,640.00,0.0,0.0,645.62,"15,801.00",648.00,"10,201,462.10",138,-8.0,24.00,-1.23,3.78,-0.88,910.00,423.00,,
2024/09/30,86,ICFC,49.92,652.0,672.9,645.0,664.0,664.00,0.0,0.0,659.85,"21,283.00",640.00,"14,043,602.20",188,24.0,27.9,3.75,4.33,0.62,910.00,423.00,,
2024/10/01,87,ICFC,57.96,677.0,730.4,673.2,730.4,730.40,0.0,0.0,715.03,"79,659.00",664.00,"56,958,429.60",628,66.4,57.20,10.0,8.5,2.1,910.00,423.00,,
2024/10/02,88,ICFC,58.69,745.0,758.8,716.0,730.0,730.00,0.0,0.0,737.04,"70,104.00",730.40,"51,669,110.30",524,-0.40,42.8,-0.05,5.98,-0.96,910.00,423.00,,
2024/10/06,88,ICFC,-,730.0,763.0,726.0,758.0,758.00,0.0,0.0,752.87,"48,195.00",730.00,"36,284,447.10",346,28.00,37.00,3.84,5.1,0.68,910.00,423.00,,
2024/08/13,93,ICFC,58.84,769.0,800.0,758.0,781.0,781.00,0.0,0.0,786.38,"181,708.00",756.00,"142,892,097.30","1,311",25.00,42.0,3.31,5.54,-0.69,800.00,423.00,,
2024/08/14,93,ICFC,67.42,796.0,850.0,781.0,838.0,838.00,0.0,0.0,825.32,"202,548.00",781.00,"167,167,446.70","1,455",57.0,69.0,7.3,8.83,1.51,850.00,423.00,,
2024/08/15,94,ICFC,66.61,854.7,890.0,794.0,821.0,821.00,0.0,0.0,847.65,"180,405.00",838.00,"152,919,940.00","1,413",-17.00,96.00,-2.03,12.09,-3.25,890.00,423.00,,
2024/08/18,91,ICFC,64.33,804.6,870.0,775.0,814.1,814.10,0.0,0.0,815.02,"251,906.00",821.00,"205,308,978.60","1,497",-6.90,95.00,-0.84,12.26,-0.11,890.00,423.00,,
2024/08/21,90,ICFC,59.7,825.0,856.0,820.3,833.0,833.00,0.0,0.0,837.48,"163,185.00",814.10,"136,663,873.00","1,005",18.90,35.70,2.32,4.35,-0.54,890.00,423.00,,
2024/08/22,95,ICFC,61.27,835.0,910.0,835.0,880.0,880.00,0.0,0.0,884.41,"280,949.00",833.00,"248,473,596.50","1,710",47.0,75.00,5.64,8.98,-0.5,910.00,423.00,,
2024/08/25,91,ICFC,53.76,897.0,897.0,830.0,833.0,833.00,0.0,0.0,858.24,"175,465.00",880.00,"150,591,750.40","1,252",-47.0,67.00,-5.34,8.07,-3.03,910.00,423.00,,
2024/08/27,92,ICFC,48.72,830.0,859.0,795.2,804.0,804.00,0.0,0.0,827.70,"145,502.00",833.00,"120,432,293.90","1,118",-29.0,63.80,-3.48,8.02,-2.95,910.00,423.00,,
2024/08/28,91,ICFC,44.84,804.0,835.0,788.1,792.0,792.00,0.0,0.0,812.17,"129,664.00",804.00,"105,309,296.00",809,-12.0,46.90,-1.49,5.95,-2.55,910.00,423.00,,
2024/08/29,90,ICFC,43.28,792.0,802.0,776.2,776.2,776.20,0.0,0.0,785.21,"86,933.00",792.00,"68,260,585.70",735,-15.8,25.8,-1.99,3.32,-1.16,910.00,423.00,,
2024/09/01,95,ICFC,39.66,778.1,789.5,756.0,757.0,757.00,0.0,0.0,770.68,"68,245.00",776.20,"52,594,788.70",552,-19.2,33.5,-2.47,4.43,-1.81,910.00,423.00,,
2024/09/02,93,ICFC,53.1,771.0,824.9,747.1,817.0,817.00,0.0,0.0,794.25,"115,818.00",757.00,"91,988,085.60",887,60.0,77.80,7.93,10.41,2.78,910.00,423.00,,
2024/09/03,91,ICFC,53.97,833.3,844.7,795.0,805.0,805.00,0.0,0.0,813.58,"99,325.00",817.00,"80,809,112.20",683,-12.0,49.7,-1.47,6.25,-1.07,910.00,423.00,,
2024/09/04,89,ICFC,39.26,811.0,818.0,757.1,769.0,769.00,0.0,0.0,779.78,"81,527.00",805.00,"63,572,818.00",668,-36.0,60.90,-4.47,8.04,-1.4,910.00,423.00,,
2024/09/05,88,ICFC,45.87,760.0,780.3,747.1,761.0,761.00,0.0,0.0,760.61,"64,676.00",769.00,"49,193,465.30",538,-8.0,33.2,-1.04,4.44,0.05,910.00,423.00,,
2024/09/08,89,ICFC,36.11,771.0,783.0,750.0,753.5,753.50,0.0,0.0,766.82,"43,617.00",761.00,"33,446,366.70",391,-7.50,33.00,-0.99,4.4,-1.77,910.00,423.00,,
2024/07/18,89,ICFC,61.03,682.0,700.0,667.0,668.0,668.00,0.0,0.0,685.48,"150,815.00",681.00,"103,381,324.90",980,-13.00,33.00,-1.91,4.95,-2.62,700.00,423.00,,
2024/07/21,88,ICFC,65.38,681.3,699.9,657.0,674.0,674.00,0.0,0.0,678.75,"138,523.00",668.00,"94,022,887.70",935,6.0,42.90,0.9,6.53,-0.71,700.00,423.00,,
2024/07/22,87,ICFC,59.5,686.9,695.0,665.0,683.5,683.50,0.0,0.0,679.12,"94,528.00",674.00,"64,195,774.10",718,9.50,30.00,1.41,4.51,0.64,700.00,423.00,,
2024/07/23,90,ICFC,59.34,697.1,706.0,685.1,700.0,700.00,0.0,0.0,698.63,"93,314.00",683.50,"65,191,937.90",610,16.50,20.90,2.41,3.05,0.2,706.00,423.00,,
2024/07/24,88,ICFC,60.45,713.9,725.0,690.9,702.9,702.90,0.0,0.0,707.11,"154,596.00",700.00,"109,316,833.70",893,2.90,34.10,0.41,4.94,-0.6,725.00,423.00,,
2024/07/25,91,ICFC,58.17,706.0,728.0,705.0,707.1,707.10,0.0,0.0,717.02,"108,258.00",702.90,"77,622,949.30",713,4.20,23.00,0.6,3.26,-1.4,728.00,423.00,,
2024/07/28,90,ICFC,58.42,721.2,721.2,690.0,703.0,703.00,0.0,0.0,697.78,"91,311.00",707.10,"63,714,948.80",636,-4.10,31.20,-0.58,4.52,0.74,728.00,423.00,,
2024/07/29,89,ICFC,57.01,717.0,717.0,689.1,700.0,700.00,0.0,0.0,704.72,"145,638.00",703.00,"102,633,831.80",858,-3.00,27.90,-0.43,4.05,-0.67,728.00,423.00,,
2024/07/30,95,ICFC,64.0,714.0,755.0,700.0,743.0,743.00,0.0,0.0,728.02,"182,228.00",700.00,"132,665,129.80","1,220",43.00,55.00,6.14,7.86,2.02,755.00,423.00,,
2024/07/31,92,ICFC,63.66,757.8,798.0,744.0,777.1,777.10,0.0,0.0,781.18,"160,147.00",743.00,"125,102,848.50","1,186",34.10,54.00,4.59,7.26,-0.52,798.00,423.00,,
2024/08/01,93,ICFC,65.21,777.1,798.0,758.6,767.0,767.00,0.0,0.0,782.10,"171,819.00",777.10,"134,378,906.30","1,255",-10.1,39.40,-1.3,5.19,-1.97,798.00,423.00,,
2024/08/05,93,ICFC,60.07,767.0,775.0,731.0,742.0,742.00,0.0,0.0,743.22,"139,363.00",767.00,"103,576,789.90","1,065",-25.00,44.00,-3.26,6.02,-0.16,798.00,423.00,,
2024/08/06,91,ICFC,52.79,727.2,734.9,677.0,679.0,679.00,0.0,0.0,702.80,"221,383.00",742.00,"155,587,390.70","1,756",-63.00,57.90,-8.49,8.55,-3.5,798.00,423.00,,
2024/08/07,90,ICFC,53.35,676.0,739.9,656.0,723.0,723.00,0.0,0.0,707.47,"119,754.00",679.00,"84,721,814.10","1,000",44.00,83.90,6.48,12.79,2.15,798.00,423.00,,
2024/08/08,91,ICFC,48.26,736.9,751.0,703.0,710.0,710.00,0.0,0.0,717.61,"87,699.00",723.00,"62,934,087.30",713,-13.00,48.00,-1.8,6.83,-1.07,798.00,423.00,,
2024/08/11,93,ICFC,53.69,724.2,738.0,711.0,725.0,725.00,0.0,0.0,720.35,"108,187.00",710.00,"77,933,036.10",680,15.00,27.00,2.11,3.8,0.64,798.00,423.00,,
2024/06/25,88,ICFC,55.33,554.0,571.0,540.1,547.9,547.90,0.0,0.0,553.82,"68,990.00",555.00,"38,208,309.10",515,-7.1,30.9,-1.28,5.72,-1.08,580.00,423.00,,
2024/06/26,84,ICFC,53.87,549.0,555.0,540.0,546.3,546.30,0.0,0.0,548.92,"72,661.00",547.90,"39,885,151.70",441,-1.6,15.0,-0.29,2.78,-0.48,580.00,423.00,,
2024/06/27,96,ICFC,37.96,544.0,554.8,542.1,542.2,542.20,0.0,0.0,545.52,"36,957.00",546.30,"20,160,806.80",247,-4.10,12.70,-0.75,2.34,-0.61,580.00,423.00,,
2024/06/30,88,ICFC,48.69,542.2,571.0,540.0,559.0,559.00,0.0,0.0,560.99,"119,612.00",542.20,"67,100,768.20",726,16.8,31.00,3.1,5.74,-0.36,580.00,423.00,,
2024/07/01,87,ICFC,47.93,569.9,569.9,553.0,554.0,554.00,0.0,0.0,562.65,"53,135.00",559.00,"29,896,619.90",342,-5.00,16.9,-0.89,3.06,-1.56,580.00,423.00,,
2024/07/02,86,ICFC,53.1,565.0,587.5,560.0,566.0,566.00,0.0,0.0,567.48,"45,100.00",554.00,"25,593,314.70",330,12.00,27.5,2.17,4.91,-0.26,587.50,423.00,,
2024/07/03,89,ICFC,62.74,577.3,622.6,561.1,622.6,622.60,0.0,0.0,606.82,"288,240.00",566.00,"174,909,441.10","1,780",56.6,61.5,10.0,10.96,2.53,622.60,423.00,,
2024/07/04,89,ICFC,60.68,635.0,673.0,612.0,643.0,643.00,0.0,0.0,640.92,"193,415.00",622.60,"123,963,905.20","1,498",20.4,61.0,3.28,9.97,0.32,673.00,423.00,,
2024/07/07,93,ICFC,32.95,663.0,668.0,647.0,661.0,661.00,0.0,0.0,659.86,"5,859.00",658.50,"3,866,108.80",46,2.5,21.0,0.38,3.25,0.17,872.00,555.00,630.56,639.01
2024/07/08,92,ICFC,54.3,620.0,639.4,618.1,621.9,621.90,0.0,0.0,626.38,"104,986.00",616.10,"65,761,517.40",831,5.8,21.3,0.94,3.45,-0.72,673.00,423.00,,
2024/07/09,87,ICFC,49.2,630.0,630.0,615.0,617.2,617.20,0.0,0.0,622.13,"62,313.00",621.90,"38,766,774.60",443,-4.7,15.0,-0.76,2.44,-0.8,673.00,423.00,,
2024/07/10,90,ICFC,44.97,627.0,634.0,619.0,623.9,623.90,0.0,0.0,625.24,"53,787.00",617.20,"33,629,858.60",335,6.7,15.0,1.09,2.42,-0.22,673.00,423.00,,
2024/07/11,95,ICFC,51.43,630.0,637.0,620.0,620.0,620.00,0.0,0.0,628.46,"73,077.00",623.90,"45,926,124.60",490,-3.9,17.00,-0.63,2.74,-1.36,673.00,423.00,,
2024/07/14,88,ICFC,50.61,632.4,650.0,623.0,623.0,623.00,0.0,0.0,627.41,"53,314.00",620.00,"33,449,754.90",383,3.0,27.00,0.48,4.33,-0.71,673.00,423.00,,
2024/07/15,92,ICFC,49.4,635.4,635.4,615.0,619.0,619.00,0.0,0.0,624.54,"81,071.00",623.00,"50,632,126.80",508,-4.00,20.40,-0.64,3.32,-0.9,673.00,423.00,,
2024/07/16,88,ICFC,52.87,617.0,636.4,612.0,630.0,630.00,0.0,0.0,629.91,"60,256.00",619.00,"37,955,701.80",356,11.0,24.40,1.78,3.99,0.01,673.00,423.00,,
2024/05/30,86,ICFC,48.68,520.0,520.0,507.5,510.0,510.00,0.0,0.0,510.57,"23,514.00",511.00,"12,005,595.80",198,-1.00,12.50,-0.2,2.46,-0.11,580.00,397.00,,
2024/06/02,89,ICFC,61.29,512.0,527.0,510.0,519.0,519.00,0.0,0.0,519.15,"39,314.00",510.00,"20,409,671.00",248,9.00,17.00,1.76,3.33,-0.03,580.00,408.00,,
2024/06/03,88,ICFC,58.97,525.0,529.2,515.0,518.9,518.90,0.0,0.0,520.00,"28,268.00",519.00,"14,699,383.90",187,-0.10,14.20,-0.02,2.76,-0.21,580.00,408.00,,
2024/06/04,86,ICFC,57.51,527.4,527.4,510.0,515.0,515.00,0.0,0.0,515.90,"16,496.00",518.90,"8,510,265.70",126,-3.90,17.40,-0.75,3.41,-0.17,580.00,408.00,,
2024/06/05,85,ICFC,57.06,515.0,520.0,512.0,512.1,512.10,0.0,0.0,516.49,"22,104.00",515.00,"11,416,390.40",117,-2.90,8.00,-0.56,1.56,-0.86,580.00,408.00,,
2024/06/06,89,ICFC,42.2,515.0,517.5,508.0,510.0,510.00,0.0,0.0,510.93,"30,986.00",512.10,"15,831,727.90",186,-2.1,9.50,-0.41,1.87,-0.18,580.00,408.00,,
2024/06/09,86,ICFC,46.27,510.0,517.0,504.1,511.8,511.80,0.0,0.0,511.01,"28,465.00",510.00,"14,545,988.70",151,1.8,12.90,0.35,2.56,0.15,580.00,423.00,,
2024/06/10,87,ICFC,49.29,515.0,516.9,509.2,512.0,512.00,0.0,0.0,512.53,"24,004.00",511.80,"12,302,793.70",183,0.2,7.70,0.04,1.51,-0.1,580.00,423.00,,
2024/06/11,86,ICFC,63.03,511.0,520.0,511.0,517.9,517.90,0.0,0.0,517.35,"32,735.00",512.00,"16,935,464.70",235,5.9,9.00,1.15,1.76,0.11,580.00,423.00,,
2024/06/12,87,ICFC,63.75,520.0,526.0,515.2,523.9,523.90,0.0,0.0,520.68,"45,892.00",517.90,"23,895,143.60",270,6.0,10.8,1.16,2.1,0.61,580.00,423.00,,
2024/06/13,86,ICFC,66.38,523.9,565.0,523.9,534.0,534.00,0.0,0.0,539.12,"131,365.00",523.90,"70,820,903.40",741,10.1,41.1,1.93,7.85,-0.96,580.00,423.00,,
2024/06/16,88,ICFC,61.15,537.0,545.0,525.4,525.4,525.40,0.0,0.0,534.65,"45,884.00",534.00,"24,532,016.10",264,-8.6,19.6,-1.61,3.73,-1.76,580.00,423.00,,
2024/06/18,89,ICFC,50.56,525.3,527.7,516.0,519.0,519.00,0.0,0.0,520.89,"36,956.00",525.40,"19,250,096.10",188,-6.4,11.70,-1.22,2.27,-0.36,580.00,423.00,,
2024/06/19,87,ICFC,52.44,519.0,530.4,513.1,527.0,527.00,0.0,0.0,524.83,"37,439.00",519.00,"19,649,215.10",203,8.0,17.3,1.54,3.37,0.41,580.00,423.00,,
2024/06/20,84,ICFC,46.48,527.0,545.0,527.0,530.0,530.00,0.0,0.0,535.40,"66,423.00",527.00,"35,563,077.30",365,3.0,18.00,0.57,3.42,-1.02,580.00,423.00,,
2024/06/23,89,ICFC,63.58,539.0,565.0,532.0,558.2,558.20,0.0,0.0,546.76,"124,491.00",530.00,"68,067,020.00",775,28.2,33.0,5.32,6.2,2.05,580.00,423.00,,
2024/05/05,90,ICFC,43.16,535.0,540.0,512.0,514.0,514.00,0.0,0.0,526.66,"48,643.00",534.10,"25,618,149.80",354,-20.1,28.0,-3.76,5.47,-2.46,580.00,395.00,,
2024/05/06,88,ICFC,40.38,517.0,532.0,515.0,516.0,516.00,0.0,0.0,519.68,"50,709.00",514.00,"26,352,678.20",335,2.00,17.00,0.39,3.3,-0.71,580.00,395.00,,
2024/05/07,89,ICFC,42.68,508.6,529.9,508.6,515.0,515.00,0.0,0.0,517.63,"26,801.00",516.00,"13,873,098.20",201,-1.00,21.3,-0.19,4.19,-0.51,580.00,395.00,,
2024/05/08,87,ICFC,40.49,524.0,524.0,512.0,524.0,524.00,0.0,0.0,519.30,"19,887.00",515.00,"10,327,263.90",146,9.0,12.0,1.75,2.34,0.9,580.00,395.00,,
2024/05/09,88,ICFC,49.42,530.9,532.0,519.0,521.0,521.00,0.0,0.0,524.82,"34,012.00",524.00,"17,850,239.00",227,-3.0,13.00,-0.57,2.5,-0.73,580.00,395.00,,
2024/05/12,87,ICFC,47.55,522.5,526.0,517.5,521.0,521.00,0.0,0.0,520.41,"26,915.00",521.00,"14,006,841.80",178,0.00,8.5,0.0,1.64,0.11,580.00,397.00,,
2024/05/13,87,ICFC,49.79,523.9,527.8,517.0,517.0,517.00,0.0,0.0,519.92,"24,096.00",521.00,"12,528,012.20",133,-4.0,10.8,-0.77,2.09,-0.56,580.00,397.00,,
2024/05/14,91,ICFC,37.39,517.0,523.0,516.0,518.0,518.00,0.0,0.0,518.74,"18,918.00",517.00,"9,813,487.80",152,1.0,7.0,0.19,1.36,-0.14,580.00,397.00,,
2024/05/15,90,ICFC,36.91,518.0,524.5,513.2,513.2,513.20,0.0,0.0,518.49,"27,404.00",518.00,"14,208,590.30",166,-4.8,11.3,-0.93,2.2,-1.03,580.00,397.00,,
2024/05/16,92,ICFC,36.6,515.9,519.0,507.0,511.0,511.00,0.0,0.0,511.46,"21,974.00",513.20,"11,238,909.70",188,-2.2,12.0,-0.43,2.37,-0.09,580.00,397.00,,
2024/05/19,92,ICFC,42.94,521.2,521.2,507.1,514.0,514.00,0.0,0.0,512.19,"35,803.00",511.00,"18,337,995.30",217,3.0,14.1,0.59,2.78,0.35,580.00,397.00,,
2024/05/20,90,ICFC,42.63,519.0,519.9,509.0,510.0,510.00,0.0,0.0,513.46,"32,450.00",514.00,"16,661,678.80",187,-4.0,10.9,-0.78,2.14,-0.68,580.00,397.00,,
2024/05/21,88,ICFC,61.51,513.0,540.0,510.0,524.9,524.90,0.0,0.0,523.71,"43,232.00",510.00,"22,641,095.20",296,14.90,30.0,2.92,5.88,0.23,580.00,397.00,,
2024/05/22,87,ICFC,50.24,525.0,530.0,517.0,517.8,517.80,0.0,0.0,521.90,"29,658.00",524.90,"15,478,445.90",198,-7.1,13.0,-1.35,2.51,-0.79,580.00,397.00,,
2024/05/26,88,ICFC,43.34,516.0,523.0,511.1,511.2,511.20,0.0,0.0,514.29,"22,990.00",517.80,"11,823,437.30",171,-6.6,11.9,-1.27,2.33,-0.6,580.00,397.00,,
2024/05/27,89,ICFC,54.6,512.0,522.0,511.0,515.0,515.00,0.0,0.0,515.44,"24,524.00",511.20,"12,640,553.60",184,3.8,11.0,0.74,2.15,-0.08,580.00,397.00,,
2024/04/03,93,ICFC,32.95,663.0,668.0,647.0,661.0,661.00,0.0,0.0,659.86,"5,859.00",658.50,"3,866,108.80",46,2.5,21.0,0.38,3.25,0.17,872.00,555.00,630.56,639.01
2024/04/04,88,ICFC,35.86,495.0,500.0,490.4,492.0,492.00,0.0,0.0,494.37,"18,993.00",494.00,"9,389,562.80",142,-2.0,9.60,-0.4,1.96,-0.48,552.00,391.00,,
2024/04/07,88,ICFC,55.8,501.3,525.0,496.3,518.2,518.20,0.0,0.0,515.22,"63,998.00",492.00,"32,972,837.00",454,26.2,28.70,5.33,5.78,0.58,552.00,391.00,,
2024/04/09,93,ICFC,32.95,663.0,668.0,647.0,661.0,661.00,0.0,0.0,659.86,"5,859.00",658.50,"3,866,108.80",46,2.5,21.0,0.38,3.25,0.17,872.00,555.00,630.56,639.01
2024/04/10,88,ICFC,56.28,532.0,540.0,513.0,515.0,515.00,0.0,0.0,525.26,"48,937.00",532.90,"25,704,556.50",351,-17.9,27.00,-3.36,5.26,-1.99,552.00,391.00,,
2024/04/14,91,ICFC,56.06,507.2,520.0,507.1,513.0,513.00,0.0,0.0,516.31,"19,488.00",515.00,"10,061,916.30",177,-2.0,12.9,-0.39,2.54,-0.65,552.00,395.00,,
2024/04/15,89,ICFC,34.1,508.3,523.0,506.1,508.0,508.00,0.0,0.0,513.94,"23,165.00",513.00,"11,905,432.70",146,-5.00,16.9,-0.97,3.34,-1.17,552.00,395.00,,
2024/04/16,90,ICFC,41.59,507.0,511.0,500.1,502.0,502.00,0.0,0.0,505.10,"20,323.00",508.00,"10,265,231.40",131,-6.0,10.9,-1.18,2.18,-0.62,552.00,395.00,,
2024/04/18,90,ICFC,28.5,506.9,506.9,498.0,498.0,498.00,0.0,0.0,500.07,"15,704.00",502.00,"7,853,063.50",162,-4.0,8.9,-0.8,1.79,-0.42,552.00,395.00,,
2024/04/21,83,ICFC,31.76,497.1,504.6,490.0,504.6,504.60,0.0,0.0,495.81,"20,622.00",498.00,"10,224,547.30",152,6.6,14.6,1.33,2.98,1.74,552.00,395.00,,
2024/04/22,87,ICFC,28.69,505.0,510.0,491.3,492.0,492.00,0.0,0.0,497.78,"10,026.00",504.60,"4,990,710.40",128,-12.6,18.7,-2.5,3.81,-1.17,552.00,395.00,,
2024/04/24,89,ICFC,36.56,492.0,514.0,488.0,496.0,496.00,0.0,0.0,502.90,"23,133.00",492.00,"11,633,481.10",156,4.0,26.0,0.81,5.33,-1.39,552.00,395.00,,
2024/04/25,84,ICFC,47.94,496.0,515.0,496.0,505.0,505.00,0.0,0.0,507.03,"37,979.00",496.00,"19,256,453.30",259,9.0,19.0,1.81,3.83,-0.4,552.00,395.00,,
2024/04/28,86,ICFC,52.87,510.0,528.0,507.0,517.0,517.00,0.0,0.0,520.85,"53,337.00",505.00,"27,780,363.40",327,12.0,21.0,2.38,4.14,-0.74,552.00,395.00,,
2024/04/29,90,ICFC,61.42,527.0,550.0,515.0,540.0,540.00,0.0,0.0,528.18,"104,168.00",517.00,"55,019,820.80",576,23.0,35.0,4.45,6.8,2.19,552.00,395.00,,
2024/04/30,90,ICFC,65.04,545.0,580.0,538.0,551.0,551.00,0.0,0.0,564.71,"222,743.00",540.00,"125,784,725.40","1,588",11.00,42.00,2.04,7.81,-2.49,580.00,395.00,,
2024/03/07,91,ICFC,50.13,488.5,498.2,480.5,482.9,482.90,0.0,0.0,486.27,"16,757.00",479.00,"8,148,478.50",98,3.9,17.70,0.81,3.68,-0.7,552.00,391.00,,
2024/03/10,89,ICFC,33.31,492.0,497.7,486.0,493.0,493.00,0.0,0.0,492.42,"12,889.00",482.90,"6,346,800.20",141,10.1,11.7,2.09,2.41,0.12,552.00,391.00,,
2024/03/12,87,ICFC,59.38,496.0,506.0,492.2,506.0,506.00,0.0,0.0,500.17,"30,314.00",493.00,"15,162,285.20",205,13.00,13.8,2.64,2.8,1.15,552.00,391.00,,
2024/03/13,90,ICFC,59.94,505.0,518.0,500.1,513.0,513.00,0.0,0.0,509.58,"50,610.00",506.00,"25,789,958.00",343,7.0,17.9,1.38,3.58,0.67,552.00,391.00,,
2024/03/14,88,ICFC,58.06,511.0,522.0,500.0,502.0,502.00,0.0,0.0,510.03,"37,294.00",513.00,"19,020,950.80",319,-11.0,22.0,-2.14,4.4,-1.6,552.00,391.00,,
2024/03/17,90,ICFC,56.47,508.9,515.0,500.0,504.5,504.50,0.0,0.0,506.85,"29,808.00",502.00,"15,108,248.50",209,2.5,15.0,0.5,3.0,-0.47,552.00,391.00,,
2024/03/18,87,ICFC,40.15,513.0,513.0,502.8,505.0,505.00,0.0,0.0,505.94,"15,105.00",504.50,"7,642,276.70",138,0.5,10.2,0.1,2.03,-0.19,552.00,391.00,,
2024/03/19,87,ICFC,56.84,513.0,530.0,513.0,520.9,520.90,0.0,0.0,525.11,"126,483.00",505.00,"66,417,900.00",795,15.9,17.00,3.15,3.31,-0.81,552.00,391.00,,
2024/03/20,88,ICFC,52.97,520.0,529.9,510.0,512.0,512.00,0.0,0.0,517.94,"35,619.00",520.90,"18,448,536.50",307,-8.90,19.90,-1.71,3.9,-1.16,552.00,391.00,,
2024/03/21,90,ICFC,55.26,515.0,527.3,514.0,519.0,519.00,0.0,0.0,521.59,"68,424.00",512.00,"35,689,048.30",458,7.00,13.30,1.37,2.59,-0.5,552.00,391.00,,
2024/03/25,86,ICFC,46.91,520.5,524.9,512.0,514.3,514.30,0.0,0.0,516.41,"15,951.00",519.00,"8,237,238.50",150,-4.70,12.90,-0.91,2.52,-0.41,552.00,391.00,,
2024/03/26,90,ICFC,39.59,523.0,523.0,515.0,515.6,515.60,0.0,0.0,518.45,"20,888.00",514.30,"10,829,448.90",167,1.3,8.00,0.25,1.55,-0.55,552.00,391.00,,
2024/03/27,91,ICFC,36.31,525.0,525.0,507.0,507.0,507.00,0.0,0.0,512.12,"19,911.00",515.60,"10,196,868.40",155,-8.6,18.00,-1.67,3.55,-1.01,552.00,391.00,,
2024/03/28,91,ICFC,36.79,516.9,516.9,500.1,505.4,505.40,0.0,0.0,505.35,"20,726.00",507.00,"10,473,859.00",205,-1.6,16.8,-0.32,3.36,0.01,552.00,391.00,,
2024/03/31,91,ICFC,37.09,509.8,509.8,496.0,497.0,497.00,0.0,0.0,502.41,"25,134.00",505.40,"12,627,462.90",196,-8.40,13.80,-1.66,2.78,-1.09,552.00,391.00,,
2024/04/01,90,ICFC,32.6,506.8,506.8,489.1,492.5,492.50,0.0,0.0,493.32,"17,224.00",497.00,"8,496,990.80",151,-4.5,17.7,-0.91,3.62,-0.17,552.00,391.00,,
2024/02/12,90,ICFC,53.8,477.0,489.9,475.1,488.0,488.00,0.0,0.0,482.61,"9,460.00",481.00,"4,565,458.20",95,7.00,14.80,1.46,3.12,1.11,552.00,391.00,,
2024/02/13,89,ICFC,47.77,485.0,488.0,472.1,477.0,477.00,0.0,0.0,479.15,"17,652.00",488.00,"8,457,973.00",166,-11.0,15.9,-2.25,3.37,-0.45,552.00,391.00,,
2024/02/14,89,ICFC,62.68,486.0,519.0,485.0,507.2,507.20,0.0,0.0,504.74,"147,892.00",477.00,"74,647,537.20",833,30.2,34.0,6.33,7.01,0.48,552.00,391.00,,
2024/02/15,89,ICFC,58.2,511.0,513.3,496.0,500.0,500.00,0.0,0.0,503.47,"37,050.00",507.20,"18,653,482.60",278,-7.2,17.3,-1.42,3.49,-0.69,552.00,391.00,,
2024/02/18,92,ICFC,41.1,510.0,510.0,475.3,475.3,475.30,0.0,0.0,484.06,"54,349.00",500.00,"26,308,132.30",326,-24.7,34.7,-4.94,7.3,-1.84,552.00,391.00,,
2024/02/20,88,ICFC,53.97,484.0,489.9,477.0,481.0,481.00,0.0,0.0,482.24,"23,955.00",475.30,"11,552,029.10",163,5.70,12.9,1.2,2.7,-0.26,552.00,391.00,,
2024/02/21,88,ICFC,36.34,490.0,494.0,483.0,485.0,485.00,0.0,0.0,484.92,"11,414.00",481.00,"5,534,933.90",131,4.00,11.0,0.83,2.28,0.02,552.00,391.00,,
2024/02/22,88,ICFC,41.49,493.8,509.0,484.0,489.9,489.90,0.0,0.0,495.26,"58,163.00",485.00,"28,805,518.10",368,4.90,25.0,1.01,5.17,-1.09,552.00,391.00,,
2024/02/25,93,ICFC,56.44,499.6,507.0,489.0,493.5,493.50,0.0,0.0,497.28,"56,596.00",489.90,"28,144,063.40",375,3.60,18.00,0.73,3.68,-0.77,552.00,391.00,,
2024/02/26,92,ICFC,51.86,483.7,503.9,483.7,499.9,499.90,0.0,0.0,496.49,"22,820.00",493.50,"11,329,835.70",165,6.40,20.20,1.3,4.18,0.68,552.00,391.00,,
2024/02/27,88,ICFC,50.29,509.8,509.8,489.0,493.5,493.50,0.0,0.0,492.98,"14,058.00",499.90,"6,930,314.40",113,-6.40,20.80,-1.28,4.25,0.11,552.00,391.00,,
2024/02/28,89,ICFC,32.51,499.4,503.2,485.0,485.0,485.00,0.0,0.0,486.44,"11,988.00",493.50,"5,831,470.40",120,-8.50,18.20,-1.72,3.75,-0.3,552.00,391.00,,
2024/02/29,88,ICFC,33.73,490.0,490.0,470.0,471.6,471.60,0.0,0.0,476.09,"32,334.00",485.00,"15,393,967.20",221,-13.40,20.00,-2.76,4.26,-0.95,552.00,391.00,,
2024/03/03,89,ICFC,31.7,480.0,480.0,462.0,464.0,464.00,0.0,0.0,466.76,"23,620.00",471.60,"11,024,983.90",193,-7.60,18.00,-1.61,3.9,-0.6,552.00,391.00,,
2024/03/04,75,ICFC,42.71,473.2,501.0,473.2,501.0,501.00,0.0,0.0,496.91,"3,418.00",464.00,"1,698,448.00",19,37.0,27.8,7.97,5.87,0.82,552.00,391.00,,
2024/03/05,90,ICFC,34.6,511.0,511.0,482.2,484.0,484.00,0.0,0.0,489.55,"16,990.00",501.00,"8,317,522.40",174,-17.00,28.80,-3.39,5.97,-1.15,552.00,391.00,,
2024/01/18,86,ICFC,56.42,495.0,500.0,485.0,499.9,499.90,0.0,0.0,490.59,"54,665.00",495.10,"26,818,207.60",307,4.8,15.00,0.97,3.09,1.86,552.00,391.00,,
2024/01/21,89,ICFC,45.1,490.0,501.0,485.0,486.1,486.10,0.0,0.0,492.81,"25,854.00",499.90,"12,741,200.20",200,-13.8,16.00,-2.76,3.3,-1.38,552.00,391.00,,
2024/01/22,87,ICFC,44.2,480.1,495.0,478.5,482.0,482.00,0.0,0.0,486.89,"26,682.00",486.10,"12,991,067.20",202,-4.1,16.5,-0.84,3.45,-1.01,552.00,391.00,,
2024/01/23,90,ICFC,48.16,483.0,489.0,475.1,482.0,482.00,0.0,0.0,482.09,"14,598.00",482.00,"7,037,570.20",117,0.0,13.9,0.0,2.93,-0.02,552.00,391.00,,
2024/01/24,91,ICFC,40.35,487.0,495.0,481.1,482.0,482.00,0.0,0.0,487.77,"17,251.00",482.00,"8,414,459.00",143,0.0,13.9,0.0,2.89,-1.2,552.00,391.00,,
2024/01/25,89,ICFC,43.61,486.0,486.1,470.0,479.9,479.90,0.0,0.0,474.68,"31,090.00",482.00,"14,757,723.30",203,-2.1,16.10,-0.44,3.43,1.09,552.00,391.00,,
2024/01/28,90,ICFC,39.26,480.0,483.0,473.2,480.0,480.00,0.0,0.0,477.29,"13,469.00",479.90,"6,428,586.70",99,0.1,9.8,0.02,2.07,0.57,552.00,391.00,,
2024/01/29,90,ICFC,53.73,471.0,487.0,471.0,485.0,485.00,0.0,0.0,483.86,"8,258.00",480.00,"3,995,688.40",97,5.0,16.0,1.04,3.4,0.24,552.00,391.00,,
2024/01/30,90,ICFC,50.36,480.1,488.0,480.1,486.0,486.00,0.0,0.0,485.69,"12,193.00",485.00,"5,922,069.20",116,1.0,7.9,0.21,1.65,0.06,552.00,391.00,,
2024/01/31,90,ICFC,39.11,477.0,494.0,476.1,479.0,479.00,0.0,0.0,481.02,"12,215.00",486.00,"5,875,660.00",109,-7.00,17.90,-1.44,3.76,-0.42,552.00,391.00,,
2024/02/01,91,ICFC,41.77,470.0,490.0,470.0,479.9,479.90,0.0,0.0,480.72,"24,385.00",479.00,"11,722,329.70",150,0.9,20.0,0.19,4.26,-0.17,552.00,391.00,,
2024/02/04,88,ICFC,37.08,471.0,484.0,471.0,482.0,482.00,0.0,0.0,479.00,"10,794.00",479.90,"5,170,288.50",94,2.1,13.0,0.44,2.76,0.62,552.00,391.00,,
2024/02/05,90,ICFC,35.81,491.5,491.5,476.1,477.6,477.60,0.0,0.0,480.82,"9,689.00",482.00,"4,658,692.10",90,-4.4,15.4,-0.91,3.23,-0.67,552.00,391.00,,
2024/02/06,91,ICFC,47.87,485.0,486.1,482.0,484.0,484.00,0.0,0.0,484.65,"8,390.00",477.60,"4,066,211.80",85,6.4,4.1,1.34,0.85,-0.13,552.00,391.00,,
2024/02/07,93,ICFC,54.13,489.0,489.0,483.0,487.0,487.00,0.0,0.0,486.41,"13,458.00",484.00,"6,546,063.60",90,3.0,6.0,0.62,1.24,0.12,552.00,391.00,,
2024/02/08,90,ICFC,50.2,483.5,489.0,478.0,484.5,484.50,0.0,0.0,483.63,"9,491.00",487.00,"4,590,166.60",86,-2.5,11.00,-0.51,2.3,0.18,552.00,391.00,,
2023/12/20,90,ICFC,62.68,506.0,522.0,498.1,512.0,512.00,0.0,0.0,508.91,"45,244.00",506.00,"23,025,101.20",286,6.00,23.90,1.19,4.8,0.6,552.00,391.00,,
2023/12/21,91,ICFC,56.61,522.0,522.0,491.0,499.0,499.00,0.0,0.0,498.06,"51,473.00",512.00,"25,636,581.40",292,-13.00,31.00,-2.54,6.31,0.19,552.00,391.00,,
2023/12/24,89,ICFC,47.54,499.0,499.0,484.0,485.4,485.40,0.0,0.0,490.97,"35,347.00",499.00,"17,354,355.70",248,-13.6,15.00,-2.73,3.1,-1.15,552.00,391.00,,
2023/12/27,89,ICFC,46.67,485.0,490.0,475.0,481.0,481.00,0.0,0.0,482.09,"16,825.00",485.40,"8,111,101.50",179,-4.4,15.00,-0.91,3.16,-0.23,552.00,391.00,,
2023/12/28,88,ICFC,45.42,482.0,489.0,475.1,484.0,484.00,0.0,0.0,481.35,"21,002.00",481.00,"10,109,277.00",166,3.0,13.9,0.62,2.93,0.55,552.00,391.00,,
2024/01/01,87,ICFC,41.86,493.6,502.9,475.0,476.0,476.00,0.0,0.0,483.36,"10,289.00",484.00,"4,973,324.10",123,-8.0,27.9,-1.65,5.87,-1.55,552.00,391.00,,
2024/01/02,89,ICFC,43.11,475.0,482.0,463.1,465.0,465.00,0.0,0.0,471.21,"23,736.00",476.00,"11,184,553.40",152,-11.0,18.9,-2.31,4.08,-1.33,552.00,391.00,,
2024/01/03,89,ICFC,42.65,460.0,475.0,459.0,468.1,468.10,0.0,0.0,467.39,"17,599.00",465.00,"8,225,526.40",138,3.10,16.0,0.67,3.49,0.15,552.00,391.00,,
2024/01/04,87,ICFC,40.58,477.4,477.4,461.0,463.9,463.90,0.0,0.0,466.96,"13,049.00",468.10,"6,093,369.10",137,-4.20,16.40,-0.9,3.56,-0.66,552.00,391.00,,
2024/01/07,89,ICFC,41.5,473.0,473.0,455.0,459.5,459.50,0.0,0.0,460.58,"18,742.00",463.90,"8,632,183.50",142,-4.4,18.0,-0.95,3.96,-0.23,552.00,391.00,,
2024/01/08,95,ICFC,46.76,468.6,470.0,460.0,469.9,469.90,0.0,0.0,463.95,"11,227.00",459.50,"5,208,764.70",88,10.4,10.00,2.26,2.17,1.27,552.00,391.00,,
2024/01/09,89,ICFC,56.38,479.0,494.7,471.0,490.0,490.00,0.0,0.0,488.33,"51,019.00",469.90,"24,914,158.70",296,20.1,23.7,4.28,5.03,0.34,552.00,391.00,,
2024/01/10,87,ICFC,65.27,499.8,508.0,495.0,499.9,499.90,0.0,0.0,502.74,"71,702.00",490.00,"36,047,506.50",434,9.9,13.00,2.02,2.63,-0.57,552.00,391.00,,
2024/01/11,88,ICFC,60.77,507.0,507.0,496.5,497.0,497.00,0.0,0.0,500.10,"33,892.00",499.90,"16,949,441.50",253,-2.90,10.5,-0.58,2.11,-0.62,552.00,391.00,,
2024/01/14,91,ICFC,61.17,506.0,506.0,499.1,502.9,502.90,0.0,0.0,501.85,"27,630.00",497.00,"13,866,132.80",180,5.9,6.9,1.19,1.38,0.21,552.00,391.00,,
2024/01/16,90,ICFC,67.9,510.0,522.0,506.0,515.0,515.00,0.0,0.0,514.04,"52,361.00",502.90,"26,915,405.50",321,12.1,16.0,2.41,3.16,0.19,552.00,391.00,,
2023/11/27,83,ICFC,54.41,460.0,466.8,443.1,444.0,444.00,0.0,0.0,454.71,"10,772.00",452.00,"4,898,126.00",99,-8.00,23.70,-1.77,5.35,-2.41,552.00,391.00,,
2023/11/28,84,ICFC,46.92,435.5,470.0,435.5,453.9,453.90,0.0,0.0,451.47,"3,167.00",444.00,"1,429,816.30",48,9.9,34.5,2.23,7.92,0.53,552.00,391.00,,
2023/11/29,81,ICFC,49.58,462.9,470.0,450.0,452.0,452.00,0.0,0.0,451.83,"5,656.00",453.90,"2,555,550.50",63,-1.90,20.00,-0.42,4.44,0.04,552.00,391.00,,
2023/11/30,80,ICFC,38.87,461.0,461.0,442.0,448.0,448.00,0.0,0.0,445.11,"3,396.00",452.00,"1,511,581.00",61,-4.0,19.00,-0.88,4.3,0.65,552.00,391.00,,
2023/12/03,80,ICFC,46.18,451.9,451.9,438.0,444.0,444.00,0.0,0.0,441.35,"3,319.00",448.00,"1,464,830.00",42,-4.0,13.9,-0.89,3.17,0.6,552.00,391.00,,
2023/12/04,85,ICFC,36.47,438.0,450.0,436.0,447.5,447.50,0.0,0.0,444.61,"6,495.00",444.00,"2,887,742.00",57,3.5,14.0,0.79,3.21,0.65,552.00,391.00,,
2023/12/05,85,ICFC,34.87,446.0,450.0,436.1,440.0,440.00,0.0,0.0,441.96,"6,459.00",447.50,"2,854,630.20",66,-7.50,13.90,-1.68,3.19,-0.45,552.00,391.00,,
2023/12/06,81,ICFC,29.64,438.1,445.0,438.0,440.1,440.10,0.0,0.0,441.77,"3,319.00",440.00,"1,466,236.90",39,0.1,7.00,0.02,1.6,-0.38,552.00,391.00,,
2023/12/07,86,ICFC,45.67,448.0,448.9,439.0,443.0,443.00,0.0,0.0,444.07,"6,417.00",440.10,"2,849,628.90",66,2.9,9.90,0.66,2.26,-0.24,552.00,391.00,,
2023/12/10,71,ICFC,49.12,443.0,474.0,443.0,474.0,474.00,0.0,0.0,462.90,"2,332.00",443.00,"1,079,473.00",24,31.00,31.0,7.0,7.0,2.34,552.00,391.00,,
2023/12/11,88,ICFC,58.28,483.4,483.4,451.0,462.0,462.00,0.0,0.0,463.59,"26,770.00",474.00,"12,410,313.10",264,-12.0,32.4,-2.53,7.18,-0.34,552.00,391.00,,
2023/12/12,87,ICFC,61.45,462.0,480.0,458.0,478.9,478.90,0.0,0.0,469.35,"34,611.00",462.00,"16,244,614.10",276,16.90,22.00,3.66,4.8,1.99,552.00,391.00,,
2023/12/13,87,ICFC,60.03,471.0,508.0,471.0,482.0,482.00,0.0,0.0,486.55,"24,945.00",478.90,"12,137,039.30",228,3.1,37.0,0.65,7.86,-0.94,552.00,391.00,,
2023/12/14,89,ICFC,49.03,490.0,490.0,475.6,482.0,482.00,0.0,0.0,481.65,"9,666.00",482.00,"4,655,621.90",104,0.0,14.4,0.0,3.03,0.07,552.00,391.00,,
2023/12/17,86,ICFC,57.5,472.5,490.0,472.0,487.9,487.90,0.0,0.0,484.13,"21,096.00",482.00,"10,213,296.20",158,5.9,18.00,1.22,3.81,0.77,552.00,391.00,,
2023/12/18,86,ICFC,60.07,497.0,511.0,495.0,505.0,505.00,0.0,0.0,503.73,"51,980.00",487.90,"26,183,750.10",365,17.10,16.00,3.5,3.23,0.25,552.00,391.00,,
2023/10/18,82,ICFC,41.32,466.0,466.0,458.0,464.0,464.00,0.0,0.0,462.37,"9,673.00",457.00,"4,472,465.70",104,7.0,8.0,1.53,1.75,0.35,552.00,391.00,,
2023/10/19,82,ICFC,47.97,469.0,469.0,460.0,462.5,462.50,0.0,0.0,464.13,"9,870.00",464.00,"4,580,984.00",84,-1.5,9.0,-0.32,1.96,-0.35,552.00,391.00,,
2023/10/29,81,ICFC,45.23,453.4,462.0,448.3,455.0,455.00,0.0,0.0,455.04,"6,740.00",462.50,"3,066,964.80",51,-7.5,13.7,-1.62,3.06,-0.01,552.00,391.00,,
2023/10/30,82,ICFC,41.83,447.5,459.0,447.5,456.0,456.00,0.0,0.0,451.62,"7,625.00",455.00,"3,443,581.50",60,1.0,11.5,0.22,2.57,0.96,552.00,391.00,,
2023/10/31,84,ICFC,31.47,449.1,456.0,447.1,450.0,450.00,0.0,0.0,448.94,"2,876.00",456.00,"1,291,158.50",46,-6.0,8.9,-1.32,1.99,0.24,552.00,391.00,,
2023/11/01,84,ICFC,37.15,459.0,459.0,448.0,453.9,453.90,0.0,0.0,449.79,"5,653.00",450.00,"2,542,648.20",42,3.9,11.0,0.87,2.46,0.91,552.00,391.00,,
2023/11/02,80,ICFC,40.87,450.0,450.0,445.0,446.9,446.90,0.0,0.0,446.00,"9,062.00",453.90,"4,041,612.10",86,-7.0,5.0,-1.54,1.12,0.2,552.00,391.00,,
2023/11/05,83,ICFC,36.28,440.0,444.8,431.0,438.9,438.90,0.0,0.0,435.16,"9,813.00",446.90,"4,270,226.40",123,-8.0,13.8,-1.79,3.2,0.85,552.00,391.00,,
2023/11/06,81,ICFC,39.97,440.0,450.0,430.2,438.1,438.10,0.0,0.0,441.24,"9,591.00",438.90,"4,231,956.20",100,-0.8,19.8,-0.18,4.6,-0.72,552.00,391.00,,
2023/11/07,83,ICFC,35.74,446.8,447.0,435.1,442.0,442.00,0.0,0.0,441.57,"5,652.00",438.10,"2,495,759.50",56,3.9,11.9,0.89,2.74,0.1,552.00,391.00,,
2023/11/08,84,ICFC,41.17,442.0,446.0,440.0,446.0,446.00,0.0,0.0,441.44,"4,389.00",442.00,"1,937,471.70",44,4.00,6.0,0.9,1.36,1.02,552.00,391.00,,
2023/11/09,80,ICFC,40.59,454.0,454.0,428.4,430.0,430.00,0.0,0.0,431.94,"10,529.00",446.00,"4,547,847.50",107,-16.0,25.6,-3.59,5.98,-0.45,552.00,391.00,,
2023/11/20,81,ICFC,37.16,438.6,447.3,431.0,431.0,431.00,0.0,0.0,435.69,"3,219.00",430.00,"1,402,478.60",54,1.00,16.30,0.23,3.78,-1.09,552.00,391.00,,
2023/11/21,81,ICFC,34.63,439.0,439.0,425.0,430.0,430.00,0.0,0.0,428.19,"6,294.00",431.00,"2,695,050.40",69,-1.0,14.00,-0.23,3.29,0.42,552.00,391.00,,
2023/11/22,82,ICFC,33.55,423.0,438.0,423.0,432.0,432.00,0.0,0.0,432.88,"3,386.00",430.00,"1,465,740.60",41,2.0,15.00,0.47,3.55,-0.2,552.00,391.00,,
2023/11/23,83,ICFC,50.96,440.0,440.0,423.0,434.0,434.00,0.0,0.0,429.15,"12,789.00",432.00,"5,488,376.40",76,2.0,17.0,0.46,4.02,1.12,552.00,391.00,,
2023/09/21,78,ICFC,59.41,486.4,500.0,486.4,494.5,494.50,0.0,0.0,493.27,"30,520.00",476.90,"15,054,672.00",295,17.60,13.60,3.69,2.8,0.25,552.00,391.00,,
2023/09/24,82,ICFC,57.28,500.0,500.0,484.4,487.0,487.00,0.0,0.0,492.05,"24,368.00",494.50,"11,990,196.60",244,-7.50,15.60,-1.52,3.22,-1.04,552.00,391.00,,
2023/09/25,80,ICFC,52.1,490.0,490.0,483.0,485.0,485.00,0.0,0.0,487.00,"10,318.00",487.00,"5,024,900.10",112,-2.0,7.0,-0.41,1.45,-0.41,552.00,391.00,,
2023/09/26,80,ICFC,57.4,494.7,504.0,486.0,490.0,490.00,0.0,0.0,492.68,"13,277.00",485.00,"6,541,312.80",126,5.0,18.00,1.03,3.7,-0.55,552.00,391.00,,
2023/09/27,78,ICFC,39.64,480.2,495.0,480.2,487.9,487.90,0.0,0.0,487.92,"17,292.00",490.00,"8,437,160.70",145,-2.1,14.8,-0.43,3.08,0.0,552.00,391.00,,
2023/10/01,79,ICFC,35.57,497.6,497.6,475.0,479.0,479.00,0.0,0.0,477.07,"10,922.00",487.90,"5,210,558.50",115,-8.9,22.6,-1.82,4.76,0.4,552.00,391.00,,
2023/10/02,82,ICFC,37.06,480.0,483.4,472.0,480.0,480.00,0.0,0.0,477.85,"11,568.00",479.00,"5,527,767.50",113,1.0,11.4,0.21,2.42,0.45,552.00,391.00,,
2023/10/03,77,ICFC,36.32,487.0,487.0,470.0,472.9,472.90,0.0,0.0,473.18,"10,469.00",480.00,"4,953,745.90",98,-7.1,17.0,-1.48,3.62,-0.06,552.00,391.00,,
2023/10/04,80,ICFC,34.28,480.0,480.1,473.1,475.2,475.20,0.0,0.0,477.72,"6,748.00",472.90,"3,223,646.30",93,2.3,7.0,0.49,1.48,-0.53,552.00,391.00,,
2023/10/05,77,ICFC,30.69,484.6,484.6,471.1,472.0,472.00,0.0,0.0,473.78,"4,092.00",475.20,"1,938,688.10",62,-3.2,13.5,-0.67,2.87,-0.38,552.00,391.00,,
2023/10/08,83,ICFC,33.82,481.4,481.4,456.1,461.0,461.00,0.0,0.0,463.29,"18,581.00",472.00,"8,608,385.20",184,-11.0,25.3,-2.33,5.55,-0.5,552.00,391.00,,
2023/10/09,81,ICFC,40.15,455.0,471.0,452.0,463.0,463.00,0.0,0.0,459.66,"8,273.00",461.00,"3,802,727.10",98,2.0,19.0,0.43,4.2,0.72,552.00,391.00,,
2023/10/10,79,ICFC,31.05,470.0,470.0,455.0,457.9,457.90,0.0,0.0,455.95,"12,867.00",463.00,"5,866,650.00",124,-5.1,15.0,-1.1,3.3,0.43,552.00,391.00,,
2023/10/11,84,ICFC,33.68,467.0,467.0,453.2,458.3,458.30,0.0,0.0,458.33,"10,740.00",457.90,"4,922,440.40",89,0.4,13.8,0.09,3.05,-0.01,552.00,391.00,,
2023/10/12,83,ICFC,34.11,467.4,467.4,452.5,454.1,454.10,0.0,0.0,455.22,"6,958.00",458.30,"3,167,446.20",118,-4.2,14.90,-0.92,3.29,-0.25,552.00,391.00,,
2023/10/16,82,ICFC,30.85,461.0,461.0,446.1,448.0,448.00,0.0,0.0,449.62,"12,668.00",454.10,"5,695,741.50",122,-6.1,14.90,-1.34,3.34,-0.36,552.00,391.00,,
2023/08/23,78,ICFC,48.95,480.9,484.8,474.0,480.9,480.90,0.0,0.0,480.22,"10,150.00",471.50,"4,874,233.00",127,9.4,10.8,1.99,2.28,0.14,552.00,391.00,,
2023/08/24,79,ICFC,43.89,490.5,490.5,463.2,464.0,464.00,0.0,0.0,474.15,"21,801.00",480.90,"10,336,997.70",223,-16.9,27.3,-3.51,5.89,-2.19,552.00,391.00,,
2023/08/27,78,ICFC,44.44,473.1,473.1,457.0,463.5,463.50,0.0,0.0,464.37,"22,495.00",464.00,"10,446,065.80",162,-0.5,16.10,-0.11,3.52,-0.19,552.00,391.00,,
2023/08/28,78,ICFC,39.29,462.0,471.0,462.0,469.0,469.00,0.0,0.0,468.76,"9,940.00",463.50,"4,659,440.60",101,5.5,9.0,1.19,1.95,0.05,552.00,391.00,,
2023/08/29,79,ICFC,31.9,465.0,478.0,465.0,467.0,467.00,0.0,0.0,468.15,"14,627.00",469.00,"6,847,667.20",106,-2.0,13.0,-0.43,2.8,-0.25,552.00,391.00,,
2023/08/30,81,ICFC,44.7,476.0,476.0,465.0,465.0,465.00,0.0,0.0,468.78,"8,049.00",467.00,"3,773,177.50",108,-2.0,11.0,-0.43,2.37,-0.81,552.00,391.00,,
2023/09/03,79,ICFC,45.61,473.0,473.0,460.6,464.0,464.00,0.0,0.0,463.46,"24,855.00",465.00,"11,519,266.30",139,-1.0,12.4,-0.22,2.69,0.12,552.00,391.00,,
2023/09/04,76,ICFC,31.79,473.2,473.2,457.0,467.9,467.90,0.0,0.0,462.68,"12,753.00",464.00,"5,900,501.40",118,3.9,16.2,0.84,3.54,1.12,552.00,391.00,,
2023/09/05,79,ICFC,35.04,470.0,470.0,463.0,463.0,463.00,0.0,0.0,464.85,"7,888.00",467.90,"3,666,750.00",71,-4.9,7.0,-1.05,1.51,-0.4,552.00,391.00,,
2023/09/07,81,ICFC,33.17,470.0,470.0,452.1,455.0,455.00,0.0,0.0,456.48,"20,919.00",463.00,"9,549,130.30",159,-8.0,17.9,-1.73,3.96,-0.33,552.00,391.00,,
2023/09/10,79,ICFC,32.54,457.0,463.0,453.0,453.0,453.00,0.0,0.0,456.69,"6,209.00",455.00,"2,835,582.30",79,-2.0,10.0,-0.44,2.21,-0.81,552.00,391.00,,
2023/09/11,79,ICFC,49.57,462.0,470.0,453.0,469.0,469.00,0.0,0.0,464.41,"13,795.00",453.00,"6,406,504.10",123,16.0,17.0,3.53,3.75,0.98,552.00,391.00,,
2023/09/12,80,ICFC,48.26,478.2,478.2,462.0,469.0,469.00,0.0,0.0,468.93,"13,815.00",469.00,"6,478,223.20",192,0.0,16.2,0.0,3.51,0.02,552.00,391.00,,
2023/09/13,77,ICFC,55.32,471.0,480.0,470.0,478.9,478.90,0.0,0.0,476.79,"25,879.00",469.00,"12,338,888.00",173,9.9,10.0,2.11,2.13,0.44,552.00,391.00,,
2023/09/17,79,ICFC,51.52,479.8,479.8,463.0,464.0,464.00,0.0,0.0,468.59,"18,851.00",478.90,"8,833,317.00",173,-14.9,16.8,-3.11,3.63,-0.99,552.00,391.00,,
2023/09/18,78,ICFC,35.48,473.1,473.1,462.0,468.0,468.00,0.0,0.0,467.40,"5,395.00",464.00,"2,521,629.20",57,4.0,11.1,0.86,2.4,0.13,552.00,391.00,,
2023/07/31,76,ICFC,38.47,491.0,496.5,482.0,490.0,490.00,0.0,0.0,490.22,"26,130.00",482.00,"12,809,540.00",265,8.0,14.5,1.66,3.01,-0.05,577.00,391.00,,
2023/08/01,75,ICFC,35.35,481.0,504.9,479.0,481.9,481.90,0.0,0.0,486.29,"29,933.00",490.00,"14,556,202.30",262,-8.10,25.90,-1.65,5.41,-0.91,577.00,391.00,,
2023/08/02,75,ICFC,36.55,475.1,496.7,475.1,496.7,496.70,0.0,0.0,482.87,"27,791.00",481.90,"13,419,404.20",249,14.8,21.60,3.07,4.55,2.78,575.00,391.00,,
2023/08/03,73,ICFC,48.87,500.0,503.0,475.1,478.0,478.00,0.0,0.0,485.91,"103,331.00",496.70,"50,209,066.90",602,-18.7,27.9,-3.76,5.87,-1.65,573.00,391.00,,
2023/08/06,74,ICFC,37.86,487.5,493.0,460.0,463.9,463.90,0.0,0.0,465.58,"32,953.00",478.00,"15,342,275.40",324,-14.1,33.00,-2.95,7.17,-0.36,555.00,391.00,,
2023/08/07,73,ICFC,44.38,473.1,476.7,455.0,473.8,473.80,0.0,0.0,468.24,"24,708.00",463.90,"11,569,238.60",209,9.9,21.70,2.13,4.77,1.17,555.00,391.00,,
2023/08/08,75,ICFC,35.18,473.0,480.0,456.0,461.0,461.00,0.0,0.0,464.57,"16,336.00",473.80,"7,589,191.50",195,-12.8,24.00,-2.7,5.26,-0.77,555.00,391.00,,
2023/08/09,76,ICFC,46.96,470.2,476.0,457.0,476.0,476.00,0.0,0.0,466.74,"17,618.00",461.00,"8,223,020.10",186,15.0,19.00,3.25,4.16,1.95,555.00,391.00,,
2023/08/10,78,ICFC,48.99,484.0,485.0,473.0,479.9,479.90,0.0,0.0,480.65,"11,651.00",476.00,"5,600,104.90",174,3.9,12.0,0.82,2.54,-0.16,555.00,391.00,,
2023/08/13,74,ICFC,53.38,470.5,488.4,469.0,481.9,481.90,0.0,0.0,479.94,"26,280.00",479.90,"12,612,781.20",191,2.00,19.40,0.42,4.14,0.41,555.00,391.00,,
2023/08/14,80,ICFC,50.04,489.0,489.0,475.1,479.1,479.10,0.0,0.0,482.40,"12,216.00",481.90,"5,893,049.50",128,-2.8,13.9,-0.58,2.93,-0.69,555.00,391.00,,
2023/08/15,79,ICFC,41.79,488.0,488.0,466.0,466.0,466.00,0.0,0.0,472.28,"19,008.00",479.10,"8,977,177.10",174,-13.1,22.00,-2.73,4.72,-1.35,555.00,391.00,,
2023/08/16,76,ICFC,41.11,457.0,475.3,457.0,460.0,460.00,0.0,0.0,461.66,"19,734.00",466.00,"9,110,373.00",163,-6.0,18.30,-1.29,4.0,-0.36,555.00,391.00,,
2023/08/17,77,ICFC,42.63,469.2,475.0,460.1,472.0,472.00,0.0,0.0,470.30,"18,531.00",460.00,"8,715,083.20",157,12.0,14.90,2.61,3.24,0.36,552.00,391.00,,
2023/08/20,78,ICFC,39.88,481.0,481.0,464.0,467.0,467.00,0.0,0.0,467.25,"8,939.00",472.00,"4,176,735.50",89,-5.0,17.00,-1.06,3.66,-0.05,552.00,391.00,,
2023/08/21,78,ICFC,41.75,476.0,476.0,458.1,463.5,463.50,0.0,0.0,464.82,"8,660.00",467.00,"4,025,383.20",91,-3.5,17.9,-0.75,3.91,-0.29,552.00,391.00,,
2023/07/06,93,ICFC,32.95,663.0,668.0,647.0,661.0,661.00,0.0,0.0,659.86,"5,859.00",658.50,"3,866,108.80",46,2.5,21.0,0.38,3.25,0.17,872.00,555.00,630.56,639.01
2023/07/09,79,ICFC,43.23,507.9,519.9,506.0,518.0,518.00,0.0,0.0,514.00,"41,937.00",498.00,"21,555,596.60",360,20.0,13.9,4.02,2.75,0.77,585.00,391.00,,
2023/07/10,79,ICFC,47.08,528.3,533.9,521.0,527.0,527.00,0.0,0.0,527.54,"78,747.00",518.00,"41,542,435.40",599,9.00,12.90,1.74,2.48,-0.1,585.00,391.00,,
2023/07/11,80,ICFC,51.83,530.0,550.0,527.0,541.7,541.70,0.0,0.0,541.05,"104,545.00",527.00,"56,564,159.90",815,14.7,23.00,2.79,4.36,0.12,585.00,391.00,,
2023/07/12,80,ICFC,52.32,542.3,552.0,530.0,534.0,534.00,0.0,0.0,539.38,"68,768.00",541.70,"37,092,323.50",513,-7.7,22.0,-1.42,4.15,-1.01,585.00,391.00,,
2023/07/13,82,ICFC,42.7,538.0,542.9,521.0,524.0,524.00,0.0,0.0,534.19,"53,621.00",534.00,"28,643,857.40",366,-10.0,21.90,-1.87,4.2,-1.94,585.00,391.00,,
2023/07/16,79,ICFC,38.48,515.2,534.0,515.2,525.0,525.00,0.0,0.0,524.41,"25,300.00",524.00,"13,267,644.10",229,1.00,18.80,0.19,3.65,0.11,585.00,391.00,,
2023/07/17,72,ICFC,39.84,535.5,540.0,520.0,538.0,538.00,0.0,0.0,534.83,"26,265.00",525.00,"14,047,192.10",277,13.0,20.00,2.48,3.85,0.59,585.00,391.00,,
2023/07/18,73,ICFC,39.99,548.7,548.7,533.6,538.0,538.00,0.0,0.0,539.95,"20,416.00",538.00,"11,023,625.60",293,0.00,15.10,0.0,2.83,-0.36,585.00,391.00,,
2023/07/19,75,ICFC,42.19,535.0,540.0,525.1,529.0,529.00,0.0,0.0,533.04,"21,328.00",538.00,"11,368,747.30",221,-9.0,14.90,-1.67,2.84,-0.76,585.00,391.00,,
2023/07/20,75,ICFC,41.27,539.5,539.5,525.0,528.0,528.00,0.0,0.0,527.88,"18,051.00",529.00,"9,528,735.20",197,-1.00,14.50,-0.19,2.76,0.02,585.00,391.00,,
2023/07/23,77,ICFC,47.15,538.5,541.0,525.0,535.8,535.80,0.0,0.0,534.72,"42,793.00",528.00,"22,882,144.80",300,7.8,16.00,1.48,3.05,0.2,585.00,391.00,,
2023/07/24,75,ICFC,43.26,546.5,546.5,523.0,527.0,527.00,0.0,0.0,529.01,"45,558.00",535.80,"24,100,493.90",322,-8.8,23.50,-1.64,4.49,-0.38,585.00,391.00,,
2023/07/25,76,ICFC,37.26,537.5,537.5,514.0,514.0,514.00,0.0,0.0,517.45,"25,172.00",527.00,"13,025,351.90",291,-13.00,23.50,-2.47,4.57,-0.67,585.00,391.00,,
2023/07/26,76,ICFC,34.27,524.2,524.2,513.0,514.8,514.80,0.0,0.0,516.95,"13,703.00",514.00,"7,083,717.60",165,0.80,11.20,0.16,2.18,-0.42,585.00,391.00,,
2023/07/27,77,ICFC,37.77,525.0,525.0,496.0,499.0,499.00,0.0,0.0,505.14,"34,129.00",514.80,"17,240,070.10",348,-15.8,29.00,-3.07,5.85,-1.23,585.00,391.00,,
2023/06/12,81,ICFC,58.9,465.0,470.0,455.0,467.0,467.00,0.0,0.0,461.69,"73,987.00",465.00,"34,159,131.20",372,2.00,15.00,0.43,3.3,1.14,585.00,363.00,,
2023/06/13,78,ICFC,60.26,460.0,485.3,460.0,477.6,477.60,0.0,0.0,475.39,"63,616.00",467.00,"30,242,110.10",452,10.60,25.30,2.27,5.5,0.46,585.00,363.00,,
2023/06/14,78,ICFC,54.06,487.0,487.0,457.0,469.8,469.80,0.0,0.0,471.45,"65,134.00",477.60,"30,707,273.80",424,-7.80,30.00,-1.63,6.56,-0.35,585.00,363.00,,
2023/06/15,75,ICFC,42.47,465.0,472.0,455.0,460.0,460.00,0.0,0.0,462.37,"34,029.00",469.80,"15,734,079.70",268,-9.8,17.00,-2.09,3.74,-0.52,585.00,363.00,,
2023/06/18,80,ICFC,51.62,469.2,474.9,460.0,473.9,473.90,0.0,0.0,468.73,"52,532.00",460.00,"24,623,255.80",306,13.9,14.90,3.02,3.24,1.09,585.00,363.00,,
2023/06/19,77,ICFC,52.84,483.3,499.4,470.0,488.0,488.00,0.0,0.0,488.44,"87,454.00",473.90,"42,715,611.30",634,14.10,29.40,2.98,6.26,-0.09,585.00,363.00,,
2023/06/20,75,ICFC,46.68,496.0,499.8,461.0,466.0,466.00,0.0,0.0,481.85,"57,358.00",488.00,"27,638,165.30",418,-22.0,38.8,-4.51,8.42,-3.4,585.00,363.00,,
2023/06/21,93,ICFC,32.95,663.0,668.0,647.0,661.0,661.00,0.0,0.0,659.86,"5,859.00",658.50,"3,866,108.80",46,2.5,21.0,0.38,3.25,0.17,872.00,555.00,630.56,639.01
2023/06/22,93,ICFC,32.95,663.0,668.0,647.0,661.0,661.00,0.0,0.0,659.86,"5,859.00",658.50,"3,866,108.80",46,2.5,21.0,0.38,3.25,0.17,872.00,555.00,630.56,639.01
2023/06/25,76,ICFC,54.13,465.0,496.0,458.1,494.5,494.50,0.0,0.0,485.83,"84,332.00",461.10,"40,971,340.80",632,33.40,37.90,7.24,8.27,1.75,585.00,391.00,,
2023/06/26,79,ICFC,59.95,504.3,530.0,495.0,515.9,515.90,0.0,0.0,517.42,"143,692.00",494.50,"74,349,276.80","1,248",21.4,35.0,4.33,7.07,-0.29,585.00,391.00,,
2023/06/27,77,ICFC,60.55,526.0,538.5,518.0,530.0,530.00,0.0,0.0,530.60,"122,600.00",515.90,"65,051,851.90",965,14.10,20.50,2.73,3.96,-0.11,585.00,391.00,,
2023/06/28,79,ICFC,52.8,540.0,540.0,510.0,513.0,513.00,0.0,0.0,517.80,"75,291.00",530.00,"38,985,307.30",774,-17.0,30.0,-3.21,5.88,-0.93,585.00,391.00,,
2023/07/02,79,ICFC,48.3,513.0,530.0,505.0,508.0,508.00,0.0,0.0,517.74,"87,143.00",513.00,"45,117,165.90",701,-5.0,25.0,-0.97,4.95,-1.92,585.00,391.00,,
2023/07/03,78,ICFC,42.0,508.0,517.9,490.0,499.8,499.80,0.0,0.0,504.59,"57,375.00",508.00,"28,950,776.70",558,-8.2,27.9,-1.61,5.69,-0.96,585.00,391.00,,
2023/07/04,78,ICFC,41.27,508.0,515.0,500.0,510.4,510.40,0.0,0.0,506.90,"30,353.00",499.80,"15,386,032.80",283,10.60,15.0,2.12,3.0,0.69,585.00,391.00,,
2023/05/16,74,ICFC,42.01,403.0,407.0,400.0,405.0,405.00,0.0,0.0,401.94,"6,074.00",401.00,"2,441,374.40",41,4.0,7.0,1.0,1.75,0.76,585.00,363.00,,
2023/05/17,72,ICFC,46.97,409.9,411.0,402.0,410.0,410.00,0.0,0.0,407.01,"7,607.00",405.00,"3,096,134.10",89,5.0,9.0,1.23,2.24,0.73,585.00,363.00,,
2023/05/18,74,ICFC,52.3,416.9,425.0,402.2,415.0,415.00,0.0,0.0,417.77,"11,949.00",410.00,"4,991,933.20",113,5.0,22.8,1.22,5.67,-0.67,585.00,363.00,,
2023/05/21,79,ICFC,51.12,410.4,422.0,408.6,415.0,415.00,0.0,0.0,416.38,"12,139.00",415.00,"5,054,382.10",119,0.00,13.40,0.0,3.28,-0.33,585.00,363.00,,
2023/05/22,76,ICFC,51.84,420.0,432.9,410.0,419.0,419.00,0.0,0.0,421.42,"12,191.00",415.00,"5,137,575.90",121,4.00,22.90,0.96,5.59,-0.58,585.00,363.00,,
2023/05/23,76,ICFC,56.98,420.0,435.0,419.0,434.0,434.00,0.0,0.0,429.70,"25,385.00",419.00,"10,907,924.40",206,15.00,16.00,3.58,3.82,0.99,585.00,363.00,,
2023/05/24,76,ICFC,56.52,434.0,442.0,425.4,434.2,434.20,0.0,0.0,433.68,"21,437.00",434.00,"9,296,753.20",169,0.20,16.60,0.05,3.9,0.12,585.00,363.00,,
2023/05/28,74,ICFC,54.75,430.0,442.8,417.0,419.1,419.10,0.0,0.0,428.95,"18,685.00",434.20,"8,014,954.00",149,-15.10,25.80,-3.48,6.19,-2.35,585.00,363.00,,
2023/05/30,76,ICFC,40.04,419.0,427.0,406.0,407.0,407.00,0.0,0.0,410.96,"22,782.00",419.10,"9,362,551.30",190,-12.1,21.00,-2.89,5.17,-0.97,585.00,363.00,,
2023/05/31,72,ICFC,37.41,410.0,419.0,400.0,402.4,402.40,0.0,0.0,404.45,"22,891.00",407.00,"9,258,305.30",179,-4.60,19.00,-1.13,4.75,-0.51,585.00,363.00,,
2023/06/01,74,ICFC,45.45,410.4,414.0,397.0,405.0,405.00,0.0,0.0,404.07,"15,126.00",402.40,"6,111,916.50",110,2.6,17.00,0.65,4.28,0.23,585.00,363.00,,
2023/06/04,73,ICFC,44.34,413.0,421.2,409.0,419.0,419.00,0.0,0.0,415.48,"16,486.00",405.00,"6,849,561.10",126,14.00,12.2,3.46,2.98,0.84,585.00,363.00,,
2023/06/05,75,ICFC,54.1,424.0,424.0,409.0,411.0,411.00,0.0,0.0,415.52,"12,832.00",419.00,"5,331,986.40",127,-8.0,15.00,-1.91,3.67,-1.1,585.00,363.00,,
2023/06/06,74,ICFC,53.75,414.0,418.0,408.0,417.5,417.50,0.0,0.0,412.52,"15,932.00",411.00,"6,572,216.70",118,6.5,10.00,1.58,2.45,1.19,585.00,363.00,,
2023/06/07,70,ICFC,49.55,423.9,423.9,414.7,417.0,417.00,0.0,0.0,419.58,"9,881.00",417.50,"4,145,846.60",103,-0.5,9.2,-0.12,2.22,-0.62,585.00,363.00,,
2023/06/08,77,ICFC,53.65,424.0,437.9,408.7,436.9,436.90,0.0,0.0,428.66,"65,511.00",417.00,"28,081,717.20",356,19.9,29.2,4.77,7.14,1.89,585.00,363.00,,
2023/04/20,74,ICFC,28.28,416.9,420.0,412.6,414.0,414.00,0.0,0.0,416.24,"5,697.00",419.50,"2,371,315.40",75,-5.5,7.40,-1.31,1.79,-0.54,585.00,363.00,,
2023/04/23,72,ICFC,29.57,408.0,418.0,408.0,410.0,410.00,0.0,0.0,410.29,"9,934.00",414.00,"4,075,782.70",102,-4.0,10.0,-0.97,2.45,-0.07,585.00,363.00,,
2023/04/24,77,ICFC,44.41,418.2,418.2,403.0,414.8,414.80,0.0,0.0,412.13,"9,315.00",410.00,"3,839,022.40",74,4.8,15.2,1.17,3.77,0.64,585.00,363.00,,
2023/04/25,70,ICFC,43.24,411.0,420.0,410.0,420.0,420.00,0.0,0.0,416.98,"5,756.00",414.80,"2,400,146.70",57,5.2,10.0,1.25,2.44,0.72,585.00,363.00,,
2023/04/26,71,ICFC,36.03,412.0,427.0,410.0,413.0,413.00,0.0,0.0,414.38,"3,775.00",420.00,"1,564,271.80",51,-7.0,17.0,-1.67,4.15,-0.33,585.00,363.00,,
2023/04/27,73,ICFC,41.65,414.0,415.0,408.9,412.9,412.90,0.0,0.0,412.57,"5,935.00",413.00,"2,448,606.00",58,-0.10,6.1,-0.02,1.49,0.08,585.00,363.00,,
2023/04/30,76,ICFC,24.85,412.0,414.0,405.0,408.0,408.00,0.0,0.0,407.96,"6,477.00",412.90,"2,642,338.10",74,-4.9,9.0,-1.19,2.22,0.01,585.00,363.00,,
2023/05/02,76,ICFC,28.79,408.0,410.0,402.2,405.0,405.00,0.0,0.0,406.18,"7,761.00",408.00,"3,152,401.60",71,-3.0,7.8,-0.74,1.94,-0.29,585.00,363.00,,
2023/05/03,72,ICFC,23.72,397.0,407.0,397.0,404.0,404.00,0.0,0.0,404.24,"4,862.00",405.00,"1,965,433.50",55,-1.0,10.0,-0.25,2.52,-0.06,585.00,363.00,,
2023/05/04,76,ICFC,29.99,408.0,412.9,401.0,412.9,412.90,0.0,0.0,408.89,"5,488.00",404.00,"2,244,005.00",66,8.9,11.9,2.2,2.97,0.97,585.00,363.00,,
2023/05/07,76,ICFC,20.99,406.0,414.0,403.0,406.0,406.00,0.0,0.0,406.19,"2,772.00",412.90,"1,125,947.50",43,-6.9,11.0,-1.67,2.73,-0.05,585.00,363.00,,
2023/05/08,76,ICFC,25.07,399.1,414.0,399.0,403.0,403.00,0.0,0.0,400.99,"6,715.00",406.00,"2,692,679.60",72,-3.0,15.00,-0.74,3.76,0.5,585.00,363.00,,
2023/05/09,73,ICFC,31.03,395.0,410.0,395.0,405.9,405.90,0.0,0.0,406.31,"3,995.00",403.00,"1,623,214.30",52,2.9,15.0,0.72,3.8,-0.1,585.00,363.00,,
2023/05/10,72,ICFC,24.22,398.1,414.0,398.1,404.0,404.00,0.0,0.0,404.15,"5,397.00",405.90,"2,181,174.50",59,-1.9,15.9,-0.47,3.99,-0.04,585.00,363.00,,
2023/05/11,72,ICFC,35.81,399.1,405.9,399.1,403.6,403.60,0.0,0.0,403.75,"3,967.00",404.00,"1,601,670.00",32,-0.4,6.8,-0.1,1.7,-0.04,585.00,363.00,,
2023/05/14,73,ICFC,36.29,402.3,410.0,400.2,400.2,400.20,0.0,0.0,401.48,"6,743.00",403.60,"2,707,183.40",65,-3.4,9.8,-0.84,2.45,-0.32,585.00,363.00,,
2023/06/11,78,ICFC,62.8,437.0,470.0,437.0,465.0,465.00,0.0,0.0,460.67,"116,344.00",436.90,"53,595,759.70",791,28.10,33.00,6.43,7.55,0.93,585.00,363.00,,
2023/07/05,77,ICFC,37.54,518.0,520.0,497.0,500.0,500.00,0.0,0.0,506.54,"42,676.00",510.40,"21,617,250.10",396,-10.4,23.00,-2.04,4.63,-1.31,585.00,391.00,,
2023/07/30,75,ICFC,43.24,508.9,508.9,480.0,482.0,482.00,0.0,0.0,487.69,"47,679.00",499.00,"23,252,490.60",400,-17.0,28.90,-3.41,6.02,-1.18,577.00,391.00,,
2023/08/22,79,ICFC,46.27,472.0,472.0,464.1,471.5,471.50,0.0,0.0,468.78,"7,144.00",463.50,"3,348,938.30",79,8.0,7.9,1.73,1.7,0.58,552.00,391.00,,
2023/09/19,79,ICFC,49.69,476.9,476.9,466.0,476.9,476.90,0.0,0.0,471.98,"6,044.00",468.00,"2,852,646.00",81,8.9,10.9,1.9,2.34,1.03,552.00,391.00,,
2023/10/17,82,ICFC,39.11,454.0,468.0,452.0,457.0,457.00,0.0,0.0,459.45,"6,779.00",448.00,"3,114,635.00",82,9.0,16.0,2.01,3.54,-0.54,552.00,391.00,,
2023/11/26,83,ICFC,55.35,439.0,454.0,439.0,452.0,452.00,0.0,0.0,448.98,"10,844.00",434.00,"4,868,690.00",111,18.00,15.00,4.15,3.42,0.67,552.00,391.00,,
2023/12/19,89,ICFC,59.26,514.7,514.7,492.1,506.0,506.00,0.0,0.0,499.84,"27,737.00",505.00,"13,863,969.10",233,1.0,22.60,0.2,4.59,1.22,552.00,391.00,,
2024/01/17,88,ICFC,48.33,524.2,525.3,490.3,495.1,495.10,0.0,0.0,513.45,"43,187.00",515.00,"22,174,546.70",363,-19.9,35.0,-3.86,7.14,-3.71,552.00,391.00,,
2024/02/11,89,ICFC,52.67,483.0,494.0,481.0,481.0,481.00,0.0,0.0,486.97,"12,010.00",484.50,"5,848,549.80",103,-3.50,13.00,-0.72,2.7,-1.24,552.00,391.00,,
2024/03/06,90,ICFC,50.47,492.9,492.9,474.5,479.0,479.00,0.0,0.0,482.19,"17,342.00",484.00,"8,362,118.30",153,-5.0,18.40,-1.03,3.88,-0.67,552.00,391.00,,
2024/04/02,89,ICFC,35.84,493.0,499.0,488.2,494.0,494.00,0.0,0.0,491.97,"19,189.00",492.50,"9,440,454.50",134,1.5,10.8,0.3,2.21,0.41,552.00,391.00,,
2024/05/02,90,ICFC,61.48,551.0,562.0,534.1,534.1,534.10,0.0,0.0,545.82,"100,732.00",551.00,"54,981,525.80",594,-16.9,27.9,-3.07,5.22,-2.19,580.00,395.00,,
2024/05/29,88,ICFC,40.56,525.0,525.0,506.1,511.0,511.00,0.0,0.0,510.48,"21,058.00",515.00,"10,749,707.60",158,-4.00,18.90,-0.78,3.73,0.1,580.00,397.00,,
2024/06/24,93,ICFC,65.11,569.3,575.0,548.0,555.0,555.00,0.0,0.0,561.13,"122,421.00",558.20,"68,694,476.30",874,-3.2,27.00,-0.57,4.93,-1.11,580.00,423.00,,
2023/03/28,73,ICFC,40.16,430.0,432.0,420.0,422.0,422.00,0.0,0.0,426.43,"26,273.00",425.00,"11,203,600.20",166,-3.0,12.0,-0.71,2.86,-1.05,644.60,363.00,,
2023/03/29,74,ICFC,41.53,420.0,425.0,414.0,423.0,423.00,0.0,0.0,418.03,"10,368.00",422.00,"4,334,152.20",107,1.0,11.0,0.24,2.66,1.17,638.00,363.00,,
2023/03/30,71,ICFC,38.33,429.9,429.9,414.3,414.4,414.40,0.0,0.0,418.83,"12,908.00",423.00,"5,406,264.40",105,-8.6,15.6,-2.03,3.77,-1.07,636.10,363.00,,
2023/04/02,93,ICFC,32.95,663.0,668.0,647.0,661.0,661.00,0.0,0.0,659.86,"5,859.00",658.50,"3,866,108.80",46,2.5,21.0,0.38,3.25,0.17,872.00,555.00,630.56,639.01
2023/04/03,73,ICFC,31.29,410.0,414.8,400.0,403.9,403.90,0.0,0.0,403.86,"13,807.00",406.70,"5,576,147.80",133,-2.8,14.8,-0.69,3.7,0.01,612.20,363.00,,
2023/04/04,75,ICFC,26.81,395.9,410.0,395.9,409.0,409.00,0.0,0.0,405.67,"6,330.00",403.90,"2,567,899.80",75,5.1,14.1,1.26,3.56,0.81,605.00,363.00,,
2023/04/05,72,ICFC,27.89,410.0,411.7,404.0,407.1,407.10,0.0,0.0,408.19,"5,911.00",409.00,"2,412,830.40",73,-1.9,7.7,-0.46,1.91,-0.27,585.00,363.00,,
2023/04/06,74,ICFC,34.8,412.0,412.0,400.3,405.0,405.00,0.0,0.0,404.08,"7,660.00",407.10,"3,095,220.40",87,-2.1,11.7,-0.52,2.92,0.23,585.00,363.00,,
2023/04/09,78,ICFC,32.51,400.0,406.9,393.0,397.2,397.20,0.0,0.0,399.16,"7,890.00",405.00,"3,149,394.60",113,-7.8,13.9,-1.93,3.54,-0.49,585.00,363.00,,
2023/04/10,73,ICFC,28.62,395.0,400.0,391.0,395.0,395.00,0.0,0.0,397.29,"4,923.00",397.20,"1,955,871.00",79,-2.2,9.0,-0.55,2.3,-0.58,585.00,363.00,,
2023/04/11,73,ICFC,41.86,400.0,409.5,395.0,406.0,406.00,0.0,0.0,402.34,"17,938.00",395.00,"7,217,130.50",133,11.00,14.50,2.78,3.67,0.9,585.00,363.00,,
2023/04/12,74,ICFC,53.74,410.0,442.0,410.0,438.0,438.00,0.0,0.0,428.02,"23,511.00",406.00,"10,063,128.50",256,32.00,32.00,7.88,7.8,2.28,585.00,363.00,,
2023/04/13,93,ICFC,32.95,663.0,668.0,647.0,661.0,661.00,0.0,0.0,659.86,"5,859.00",658.50,"3,866,108.80",46,2.5,21.0,0.38,3.25,0.17,872.00,555.00,630.56,639.01
2023/04/16,75,ICFC,43.72,428.0,437.0,422.3,429.0,429.00,0.0,0.0,429.87,"8,078.00",429.00,"3,472,450.90",83,0.0,14.7,0.0,3.48,-0.2,585.00,363.00,,
2023/04/17,71,ICFC,42.65,421.0,429.9,417.0,417.0,417.00,0.0,0.0,421.15,"6,352.00",429.00,"2,675,127.50",90,-12.0,12.9,-2.8,3.09,-0.99,585.00,363.00,,
2023/04/18,74,ICFC,27.28,409.5,425.3,409.5,412.0,412.00,0.0,0.0,414.21,"6,126.00",417.00,"2,537,437.10",70,-5.0,15.8,-1.2,3.86,-0.54,585.00,363.00,,
2023/02/28,74,ICFC,32.18,457.0,457.0,440.0,444.0,444.00,0.0,0.0,447.55,"7,952.00",448.30,"3,558,940.80",70,-4.3,17.0,-0.96,3.86,-0.8,699.90,363.00,,
2023/03/01,76,ICFC,38.35,441.0,448.7,436.0,439.9,439.90,0.0,0.0,438.91,"10,757.00",444.00,"4,721,339.00",100,-4.10,12.70,-0.92,2.91,0.23,680.00,363.00,,
2023/03/02,76,ICFC,24.23,435.0,436.0,429.0,431.0,431.00,0.0,0.0,432.28,"11,723.00",439.90,"5,067,633.70",114,-8.9,7.0,-2.02,1.63,-0.3,680.00,363.00,,
2023/03/05,76,ICFC,27.19,433.5,434.0,420.2,420.2,420.20,0.0,0.0,425.34,"13,860.00",431.00,"5,895,207.30",112,-10.8,13.8,-2.51,3.28,-1.22,680.00,363.00,,
2023/03/07,75,ICFC,31.07,428.6,430.0,417.0,423.8,423.80,0.0,0.0,422.75,"15,942.00",420.20,"6,739,504.30",161,3.6,13.0,0.86,3.12,0.25,680.00,363.00,,
2023/03/09,75,ICFC,39.09,432.0,439.9,430.0,439.0,439.00,0.0,0.0,435.98,"12,433.00",423.80,"5,420,553.60",133,15.2,9.9,3.59,2.3,0.69,680.00,363.00,,
2023/03/12,76,ICFC,44.21,439.9,446.9,430.0,434.8,434.80,0.0,0.0,436.50,"28,252.00",439.00,"12,331,930.50",247,-4.2,16.9,-0.96,3.93,-0.39,680.00,363.00,,
2023/03/13,74,ICFC,40.6,430.0,435.0,426.0,432.7,432.70,0.0,0.0,430.67,"15,355.00",434.80,"6,612,978.90",136,-2.1,9.0,-0.48,2.11,0.47,680.00,363.00,,
2023/03/14,76,ICFC,41.69,437.0,437.0,427.0,429.5,429.50,0.0,0.0,430.37,"17,393.00",432.70,"7,485,467.30",76,-3.2,10.0,-0.74,2.34,-0.2,678.00,363.00,,
2023/03/15,93,ICFC,32.95,663.0,668.0,647.0,661.0,661.00,0.0,0.0,659.86,"5,859.00",658.50,"3,866,108.80",46,2.5,21.0,0.38,3.25,0.17,872.00,555.00,630.56,639.01
2023/03/16,74,ICFC,37.02,434.0,434.0,425.6,428.0,428.00,0.0,0.0,428.96,"6,168.00",429.00,"2,645,834.60",66,-1.0,8.4,-0.23,1.97,-0.22,665.00,363.00,,
2023/03/19,73,ICFC,35.19,430.0,432.0,420.0,427.0,427.00,0.0,0.0,425.11,"9,319.00",428.00,"3,961,610.10",97,-1.0,12.0,-0.23,2.86,0.44,665.00,363.00,,
2023/03/20,73,ICFC,39.74,433.8,435.0,428.0,433.0,433.00,0.0,0.0,431.09,"7,496.00",427.00,"3,231,474.90",95,6.0,7.0,1.41,1.64,0.44,665.00,363.00,,
2023/03/22,74,ICFC,39.59,430.0,441.0,424.0,429.0,429.00,0.0,0.0,432.46,"12,264.00",433.00,"5,303,631.20",119,-4.0,17.0,-0.92,4.01,-0.81,665.00,363.00,,
2023/03/23,73,ICFC,33.18,426.0,431.0,416.0,418.3,418.30,0.0,0.0,420.49,"11,106.00",429.00,"4,669,994.50",114,-10.7,15.0,-2.49,3.61,-0.52,657.70,363.00,,
2023/03/26,74,ICFC,30.13,426.6,426.6,415.0,416.2,416.20,0.0,0.0,417.48,"9,569.00",418.30,"3,994,869.70",102,-2.1,11.6,-0.5,2.8,-0.31,657.70,363.00,,
2023/02/01,72,ICFC,36.9,464.0,465.0,447.0,460.0,460.00,0.0,0.0,456.93,"25,096.00",456.00,"11,467,134.60",163,4.0,18.0,0.88,4.03,0.67,760.00,363.00,,
2023/02/02,74,ICFC,33.58,452.0,466.0,451.0,453.0,453.00,0.0,0.0,456.16,"24,341.00",460.00,"11,103,405.00",168,-7.0,15.0,-1.52,3.33,-0.7,760.00,363.00,,
2023/02/03,93,ICFC,32.95,663.0,668.0,647.0,661.0,661.00,0.0,0.0,659.86,"5,859.00",658.50,"3,866,108.80",46,2.5,21.0,0.38,3.25,0.17,872.00,555.00,630.56,639.01
2023/02/05,77,ICFC,31.94,450.0,467.0,448.0,456.9,456.90,0.0,0.0,454.99,"18,235.00",453.00,"8,296,826.50",174,3.9,19.0,0.86,4.24,0.42,754.80,363.00,,
2023/02/06,75,ICFC,37.75,450.1,463.0,450.1,457.2,457.20,0.0,0.0,459.54,"15,005.00",456.90,"6,895,326.60",94,0.3,12.9,0.07,2.87,-0.51,754.80,363.00,,
2023/02/07,75,ICFC,52.13,459.0,488.0,459.0,488.0,488.00,0.0,0.0,478.49,"40,394.00",457.20,"19,327,995.80",343,30.8,29.0,6.74,6.32,1.95,754.80,363.00,,
2023/02/08,74,ICFC,50.45,490.6,497.0,475.0,475.0,475.00,0.0,0.0,485.81,"28,759.00",488.00,"13,971,472.00",265,-13.0,22.0,-2.66,4.63,-2.28,754.80,363.00,,
2023/02/09,73,ICFC,50.22,471.0,483.0,470.0,483.0,483.00,0.0,0.0,476.31,"21,245.00",475.00,"10,119,195.40",172,8.0,13.0,1.68,2.77,1.39,730.00,363.00,,
2023/02/12,72,ICFC,49.08,485.0,485.0,462.0,467.0,467.00,0.0,0.0,467.77,"27,118.00",483.00,"12,684,964.80",214,-16.0,23.0,-3.31,4.98,-0.16,730.00,363.00,,
2023/02/14,76,ICFC,30.75,457.7,465.0,457.7,463.0,463.00,0.0,0.0,461.41,"18,716.00",467.00,"8,635,805.10",180,-4.00,7.3,-0.86,1.59,0.34,730.00,363.00,,
2023/02/15,78,ICFC,33.85,454.0,469.0,454.0,460.0,460.00,0.0,0.0,461.38,"22,656.00",463.00,"10,452,989.70",112,-3.00,15.00,-0.65,3.3,-0.3,730.00,363.00,,
2023/02/16,74,ICFC,33.65,455.0,464.1,451.0,451.0,451.00,0.0,0.0,455.65,"18,621.00",460.00,"8,484,571.10",132,-9.00,13.10,-1.96,2.9,-1.03,730.00,363.00,,
2023/02/20,74,ICFC,31.81,455.0,455.0,440.0,444.0,444.00,0.0,0.0,446.36,"13,631.00",451.00,"6,084,309.90",126,-7.0,15.0,-1.55,3.41,-0.53,730.00,363.00,,
2023/02/22,81,ICFC,38.63,444.8,461.7,444.8,456.7,456.70,0.0,0.0,455.39,"17,468.00",444.00,"7,954,761.40",127,12.7,16.9,2.86,3.8,0.29,730.00,363.00,,
2023/02/23,76,ICFC,32.47,448.0,450.0,436.2,442.1,442.10,0.0,0.0,443.11,"29,981.00",456.70,"13,284,962.70",191,-14.6,13.8,-3.2,3.16,-0.23,730.00,363.00,,
2023/02/26,75,ICFC,49.19,433.3,460.0,420.0,459.9,459.90,0.0,0.0,432.60,"36,798.00",442.10,"15,918,808.10",260,17.8,40.0,4.03,9.52,5.94,699.90,363.00,,
2023/01/03,77,ICFC,57.51,446.0,462.5,445.0,451.0,451.00,0.0,0.0,453.16,"35,976.00",445.71,"16,302,823.70",234,5.29,17.5,1.19,3.93,-0.48,800.00,363.00,,
2023/01/04,77,ICFC,45.86,443.8,470.0,443.8,466.0,466.00,0.0,0.0,460.66,"37,773.00",451.00,"17,400,578.20",252,15.0,26.2,3.33,5.9,1.15,800.00,363.00,,
2023/01/05,76,ICFC,60.7,475.3,486.0,464.0,478.8,478.80,0.0,0.0,473.25,"90,588.00",466.00,"42,871,162.10",490,12.8,22.0,2.75,4.74,1.16,800.00,363.00,,
2023/01/08,79,ICFC,51.36,478.8,492.0,469.3,479.0,479.00,0.0,0.0,483.28,"54,672.00",478.80,"26,421,872.30",345,0.20,22.70,0.04,4.84,-0.89,800.00,363.00,,
2023/01/09,75,ICFC,59.17,487.9,505.9,481.2,505.0,505.00,0.0,0.0,496.65,"50,260.00",479.00,"24,961,385.60",304,26.0,24.7,5.43,5.13,1.65,800.00,363.00,,
2023/01/10,75,ICFC,58.91,515.1,532.0,490.0,499.0,499.00,0.0,0.0,516.38,"159,401.00",505.00,"82,311,314.10",940,-6.0,42.0,-1.19,8.57,-3.48,800.00,363.00,,
2023/01/12,78,ICFC,49.4,508.9,525.0,473.5,480.0,480.00,0.0,0.0,493.47,"73,865.00",499.00,"36,450,243.00",576,-19.0,51.5,-3.81,10.88,-2.81,800.00,363.00,,
2023/01/17,74,ICFC,50.96,485.0,502.0,472.7,498.0,498.00,0.0,0.0,491.01,"41,570.00",480.00,"20,411,449.90",308,18.0,29.3,3.75,6.2,1.4,798.00,363.00,,
2023/01/18,74,ICFC,44.81,498.8,514.0,489.0,492.0,492.00,0.0,0.0,502.27,"48,047.00",498.00,"24,132,416.80",358,-6.0,25.0,-1.2,5.11,-2.09,785.00,363.00,,
2023/01/19,73,ICFC,43.3,490.0,498.0,486.0,486.0,486.00,0.0,0.0,491.50,"29,669.00",492.00,"14,582,253.40",185,-6.0,12.0,-1.22,2.47,-1.13,785.00,363.00,,
2023/01/23,75,ICFC,39.95,482.7,495.0,472.2,472.2,472.20,0.0,0.0,483.00,"28,562.00",486.00,"13,795,501.40",217,-13.8,22.8,-2.84,4.83,-2.29,785.00,363.00,,
2023/01/24,75,ICFC,45.56,464.0,496.7,463.0,494.0,494.00,0.0,0.0,474.70,"59,410.00",472.20,"28,201,787.40",322,21.8,33.7,4.62,7.28,3.91,760.00,363.00,,
2023/01/25,74,ICFC,43.14,502.9,502.9,485.1,490.0,490.00,0.0,0.0,496.15,"28,449.00",494.00,"14,114,889.10",219,-4.0,17.8,-0.81,3.67,-1.25,760.00,363.00,,
2023/01/26,71,ICFC,42.04,481.0,499.8,481.0,486.0,486.00,0.0,0.0,489.85,"19,328.00",490.00,"9,467,900.80",119,-4.0,18.8,-0.82,3.91,-0.79,760.00,363.00,,
2023/01/29,75,ICFC,44.68,483.0,488.0,471.0,479.8,479.80,0.0,0.0,477.58,"28,819.00",486.00,"13,763,395.00",201,-6.2,17.0,-1.28,3.61,0.46,760.00,363.00,,
2023/01/30,74,ICFC,37.75,480.8,481.0,460.0,465.0,465.00,0.0,0.0,466.11,"36,595.00",479.80,"17,057,454.70",284,-14.8,21.0,-3.08,4.57,-0.24,760.00,363.00,,
2022/12/07,70,ICFC,28.44,435.0,435.0,424.0,424.0,424.00,0.0,0.0,428.22,"8,130.00",430.00,"3,481,441.70",63,-6.0,11.0,-1.4,2.59,-1.0,800.00,363.00,,
2022/12/11,74,ICFC,31.85,420.1,425.0,415.0,416.1,416.10,0.0,0.0,418.53,"14,028.00",424.00,"5,871,162.60",122,-7.9,10.0,-1.86,2.41,-0.58,800.00,363.00,,
2022/12/12,73,ICFC,32.16,421.0,426.0,416.1,426.0,426.00,0.0,0.0,420.41,"12,536.00",416.10,"5,270,230.60",80,9.9,9.9,2.38,2.38,1.31,800.00,363.00,,
2022/12/13,72,ICFC,28.29,434.5,434.5,423.0,425.0,425.00,0.0,0.0,426.93,"7,919.00",426.00,"3,380,860.80",76,-1.0,11.5,-0.23,2.72,-0.45,800.00,363.00,,
2022/12/14,73,ICFC,40.01,417.5,433.5,417.5,426.6,426.60,0.0,0.0,425.16,"3,671.00",425.00,"1,560,767.40",56,1.6,16.0,0.38,3.83,0.34,800.00,363.00,,
2022/12/15,76,ICFC,42.23,419.1,427.6,419.1,419.5,419.50,0.0,0.0,422.60,"8,212.00",426.60,"3,470,405.90",79,-7.1,8.5,-1.66,2.03,-0.74,800.00,363.00,,
2022/12/18,75,ICFC,28.88,419.0,419.0,412.0,416.0,416.00,0.0,0.0,414.41,"11,073.00",419.50,"4,588,738.60",94,-3.5,7.0,-0.83,1.7,0.38,800.00,363.00,,
2022/12/19,76,ICFC,32.42,413.5,423.0,413.5,416.8,416.80,0.0,0.0,420.02,"7,082.00",416.00,"2,974,587.00",54,0.8,9.5,0.19,2.3,-0.77,800.00,363.00,,
2022/12/20,75,ICFC,34.3,418.3,424.8,418.3,420.1,420.10,0.0,0.0,421.26,"4,461.00",416.80,"1,879,253.10",49,3.3,6.5,0.79,1.55,-0.28,800.00,363.00,,
2022/12/21,74,ICFC,33.0,420.0,420.0,411.0,411.0,411.00,0.0,0.0,413.64,"4,914.00",420.10,"2,032,607.40",58,-9.1,9.0,-2.17,2.19,-0.64,800.00,363.00,,
2022/12/22,74,ICFC,34.78,410.0,416.9,400.7,402.0,402.00,0.0,0.0,405.66,"9,969.00",411.00,"4,044,070.10",108,-9.0,16.2,-2.19,4.04,-0.91,800.00,363.00,,
2022/12/26,74,ICFC,48.4,410.0,435.0,410.0,433.0,433.00,0.0,0.0,421.73,"28,760.00",402.00,"12,128,964.50",193,31.0,25.0,7.71,6.1,2.6,800.00,363.00,,
2022/12/27,77,ICFC,54.88,441.5,464.0,440.0,450.0,450.00,0.0,0.0,453.87,"45,874.00",433.00,"20,820,614.70",389,17.0,24.00,3.93,5.45,-0.86,800.00,363.00,,
2022/12/28,93,ICFC,32.95,663.0,668.0,647.0,661.0,661.00,0.0,0.0,659.86,"5,859.00",658.50,"3,866,108.80",46,2.5,21.0,0.38,3.25,0.17,872.00,555.00,630.56,639.01
2022/12/29,76,ICFC,53.79,440.0,467.0,436.1,465.8,465.80,0.0,0.0,457.11,"33,641.00",439.00,"15,377,752.60",250,26.8,30.9,6.1,7.09,1.86,800.00,363.00,,
2023/01/01,80,ICFC,55.31,474.4,480.0,450.0,450.0,450.00,0.0,0.0,469.70,"51,278.00",465.80,"24,085,418.00",399,-15.8,30.00,-3.39,6.67,-4.38,800.00,363.00,,
2022/11/13,68,ICFC,29.26,422.0,442.0,421.0,427.0,427.00,0.0,0.0,430.16,"13,459.00",426.00,"5,789,463.80",104,1.0,21.0,0.23,4.99,-0.74,973.30,363.00,,
2022/11/14,66,ICFC,30.82,421.0,441.0,421.0,435.0,435.00,0.0,0.0,434.91,"11,671.00",427.00,"5,075,822.80",97,8.0,20.0,1.87,4.75,0.02,973.30,363.00,,
2022/11/15,68,ICFC,30.8,432.0,445.0,431.0,431.0,431.00,0.0,0.0,437.74,"12,936.00",435.00,"5,662,654.70",120,-4.0,14.0,-0.92,3.25,-1.56,973.30,363.00,,
2022/11/16,65,ICFC,49.23,432.0,442.9,429.0,439.0,439.00,0.0,0.0,432.98,"25,079.00",431.00,"10,858,609.90",98,8.0,13.9,1.86,3.24,1.37,973.30,363.00,,
2022/11/17,65,ICFC,47.68,432.0,455.0,432.0,451.0,451.00,0.0,0.0,450.27,"20,852.00",439.00,"9,389,091.80",166,12.0,23.00,2.73,5.32,0.16,973.30,363.00,,
2022/11/19,93,ICFC,32.95,663.0,668.0,647.0,661.0,661.00,0.0,0.0,659.86,"5,859.00",658.50,"3,866,108.80",46,2.5,21.0,0.38,3.25,0.17,872.00,555.00,630.56,639.01
2022/11/22,68,ICFC,48.25,460.0,468.0,441.0,447.9,447.90,0.0,0.0,449.56,"17,662.00",451.00,"7,940,058.40",161,-3.10,27.0,-0.69,6.12,-0.37,936.10,363.00,,
2022/11/23,67,ICFC,45.06,440.0,448.9,440.0,448.0,448.00,0.0,0.0,444.29,"7,852.00",447.90,"3,488,570.30",86,0.1,8.9,0.02,2.02,0.83,933.90,363.00,,
2022/11/24,66,ICFC,46.54,446.8,452.5,441.1,448.0,448.00,0.0,0.0,446.86,"12,437.00",448.00,"5,557,635.00",96,0.0,11.4,0.0,2.58,0.25,933.90,363.00,,
2022/11/27,68,ICFC,45.26,442.1,459.0,442.1,457.0,457.00,0.0,0.0,453.48,"39,588.00",448.00,"17,952,401.60",155,9.0,16.9,2.01,3.82,0.77,933.90,363.00,,
2022/11/28,69,ICFC,44.01,460.0,466.1,452.1,452.1,452.10,0.0,0.0,458.48,"21,445.00",457.00,"9,832,159.30",166,-4.9,14.0,-1.07,3.1,-1.41,933.90,363.00,,
2022/11/29,67,ICFC,40.12,446.8,458.9,446.8,455.0,455.00,0.0,0.0,454.00,"8,137.00",452.10,"3,694,212.70",79,2.9,12.1,0.64,2.71,0.22,922.60,363.00,,
2022/11/30,67,ICFC,34.3,445.9,463.0,445.9,448.1,448.10,0.0,0.0,451.19,"11,202.00",455.00,"5,054,244.10",92,-6.9,17.1,-1.52,3.83,-0.69,922.60,363.00,,
2022/12/01,72,ICFC,31.82,457.0,457.0,437.0,445.0,445.00,0.0,0.0,446.65,"19,860.00",448.10,"8,870,460.60",163,-3.1,20.0,-0.69,4.58,-0.37,872.20,363.00,,
2022/12/04,71,ICFC,30.17,442.0,452.0,442.0,443.9,443.90,0.0,0.0,446.50,"10,202.00",445.00,"4,555,187.90",120,-1.1,10.0,-0.25,2.26,-0.59,814.00,363.00,,
2022/12/05,69,ICFC,32.99,436.8,450.8,431.0,435.0,435.00,0.0,0.0,435.79,"12,742.00",443.90,"5,552,827.30",117,-8.9,19.8,-2.0,4.59,-0.18,814.00,363.00,,
2022/10/11,69,ICFC,37.43,431.0,441.0,428.0,440.0,440.00,0.0,0.0,434.85,"11,099.00",439.00,"4,826,391.70",103,1.0,13.0,0.23,3.04,1.17,"1,063.00",363.00,,
2022/10/12,66,ICFC,39.76,440.0,459.0,432.0,455.0,455.00,0.0,0.0,449.53,"18,015.00",440.00,"8,098,239.90",173,15.0,27.0,3.41,6.25,1.2,"1,063.00",363.00,,
2022/10/13,65,ICFC,39.34,458.0,462.0,447.1,455.9,455.90,0.0,0.0,455.83,"15,678.00",455.00,"7,146,462.70",181,0.9,14.9,0.2,3.33,0.02,"1,063.00",363.00,,
2022/10/16,65,ICFC,38.26,463.0,463.0,439.0,442.0,442.00,0.0,0.0,444.78,"17,613.00",455.90,"7,833,842.70",158,-13.90,24.0,-3.05,5.47,-0.63,"1,063.00",363.00,,
2022/10/17,65,ICFC,32.05,450.8,450.8,431.4,438.0,438.00,0.0,0.0,437.22,"12,598.00",442.00,"5,508,099.70",125,-4.0,19.4,-0.9,4.5,0.18,"1,063.00",363.00,,
2022/10/19,63,ICFC,20.93,437.0,437.9,422.4,424.2,424.20,0.0,0.0,425.24,"14,833.00",438.00,"6,307,563.70",139,-13.8,15.5,-3.15,3.67,-0.24,"1,063.00",363.00,,
2022/10/20,65,ICFC,21.4,417.0,428.4,417.0,426.0,426.00,0.0,0.0,422.28,"13,490.00",424.20,"5,696,567.00",96,1.8,11.4,0.42,2.73,0.87,"1,063.00",363.00,,
2022/10/23,66,ICFC,26.74,421.0,433.0,421.0,430.0,430.00,0.0,0.0,428.50,"4,454.00",426.00,"1,908,519.00",44,4.0,12.0,0.94,2.85,0.35,"1,063.00",363.00,,
2022/10/31,66,ICFC,32.59,434.0,434.0,426.2,430.0,430.00,0.0,0.0,430.99,"7,025.00",430.00,"3,027,736.50",72,0.0,7.8,0.0,1.83,-0.23,"1,063.00",363.00,,
2022/11/01,67,ICFC,47.65,430.0,450.0,422.1,444.0,444.00,0.0,0.0,435.94,"25,004.00",430.00,"10,900,249.70",205,14.0,27.9,3.26,6.61,1.82,"1,063.00",363.00,,
2022/11/02,68,ICFC,51.09,452.5,457.0,440.2,449.0,449.00,0.0,0.0,449.82,"27,136.00",444.00,"12,206,182.10",221,5.0,16.8,1.13,3.82,-0.18,"1,063.00",363.00,,
2022/11/03,65,ICFC,44.58,449.0,455.9,440.0,441.2,441.20,0.0,0.0,449.48,"6,646.00",449.00,"2,987,212.70",85,-7.80,15.90,-1.74,3.61,-1.88,"1,063.00",363.00,,
2022/11/06,67,ICFC,50.6,442.0,461.0,441.5,461.0,461.00,0.0,0.0,453.23,"25,998.00",441.20,"11,783,141.10",185,19.8,19.5,4.49,4.42,1.68,"1,063.00",363.00,,
2022/11/07,67,ICFC,48.14,465.0,479.4,454.0,458.0,458.00,0.0,0.0,468.67,"30,745.00",461.00,"14,409,164.30",273,-3.0,25.4,-0.65,5.59,-2.33,"1,063.00",363.00,,
2022/11/08,67,ICFC,40.27,465.0,467.0,451.0,457.0,457.00,0.0,0.0,459.31,"14,813.00",458.00,"6,803,754.60",117,-1.0,16.0,-0.22,3.55,-0.51,"1,063.00",363.00,,
2022/11/09,65,ICFC,40.12,450.0,464.0,440.0,440.1,440.10,0.0,0.0,447.49,"29,072.00",457.00,"13,009,522.20",166,-16.9,24.0,-3.7,5.45,-1.68,"1,041.80",363.00,,
2022/09/08,62,ICFC,29.9,465.0,476.3,454.0,465.0,465.00,0.0,0.0,466.39,"35,136.00",463.00,"16,387,200.00",226,2.0,22.3,0.43,4.91,-0.3,"1,063.00",363.00,,
2022/09/11,62,ICFC,28.89,460.1,472.0,456.1,457.1,457.10,0.0,0.0,462.31,"16,367.00",465.00,"7,566,709.20",139,-7.9,15.9,-1.7,3.49,-1.14,"1,063.00",363.00,,
2022/09/12,61,ICFC,26.33,451.1,460.0,451.1,454.0,454.00,0.0,0.0,455.15,"13,702.00",457.10,"6,236,409.00",142,-3.1,8.9,-0.68,1.97,-0.25,"1,063.00",363.00,,
2022/09/13,65,ICFC,31.41,462.0,469.0,460.0,465.0,465.00,0.0,0.0,465.93,"14,319.00",454.00,"6,671,601.70",150,11.0,9.0,2.42,1.96,-0.2,"1,063.00",363.00,,
2022/09/14,62,ICFC,41.89,470.0,497.0,470.0,496.0,496.00,0.0,0.0,485.02,"48,244.00",465.00,"23,399,267.00",411,31.0,27.0,6.67,5.74,2.21,"1,063.00",363.00,,
2022/09/15,63,ICFC,42.24,495.0,499.9,465.7,470.0,470.00,0.0,0.0,478.85,"51,061.00",496.00,"24,450,331.10",401,-26.0,34.2,-5.24,7.34,-1.88,"1,063.00",363.00,,
2022/09/16,60,ICFC,37.77,461.0,466.0,442.0,462.0,462.00,0.0,0.0,456.67,"27,045.00",470.00,"12,350,613.40",212,-8.0,24.0,-1.7,5.43,1.15,"1,063.00",363.00,,
2022/09/18,65,ICFC,29.56,460.0,463.0,445.0,450.0,450.00,0.0,0.0,451.86,"34,200.00",462.00,"15,453,769.60",219,-12.0,18.0,-2.6,4.04,-0.41,"1,063.00",363.00,,
2022/09/20,66,ICFC,20.63,441.0,446.0,430.4,430.4,430.40,0.0,0.0,435.04,"22,812.00",450.00,"9,924,060.70",207,-19.6,15.6,-4.36,3.62,-1.08,"1,063.00",363.00,,
2022/09/21,63,ICFC,24.45,439.0,446.0,431.0,435.0,435.00,0.0,0.0,437.21,"16,011.00",430.40,"7,000,109.60",151,4.6,15.0,1.07,3.48,-0.51,"1,063.00",363.00,,
2022/09/22,64,ICFC,20.58,434.0,438.6,427.0,428.0,428.00,0.0,0.0,430.93,"12,274.00",435.00,"5,289,286.90",128,-7.0,11.60,-1.61,2.72,-0.69,"1,063.00",363.00,,
2022/09/25,66,ICFC,21.28,420.0,428.0,411.6,412.0,412.00,0.0,0.0,415.80,"16,625.00",428.00,"6,912,645.20",187,-16.0,16.4,-3.74,3.98,-0.92,"1,063.00",363.00,,
2022/09/27,64,ICFC,29.04,412.0,428.0,406.0,423.0,423.00,0.0,0.0,417.45,"14,423.00",412.00,"6,020,832.00",125,11.0,22.0,2.67,5.42,1.31,"1,063.00",363.00,,
2022/09/28,64,ICFC,26.06,429.0,430.0,415.0,421.0,421.00,0.0,0.0,418.63,"9,494.00",423.00,"3,974,512.70",90,-2.0,15.0,-0.47,3.61,0.56,"1,063.00",363.00,,
2022/09/29,63,ICFC,27.84,428.0,428.7,417.0,420.0,420.00,0.0,0.0,421.44,"9,689.00",421.00,"4,083,295.20",95,-1.0,11.7,-0.24,2.81,-0.34,"1,063.00",363.00,,
2022/10/09,93,ICFC,32.95,663.0,668.0,647.0,661.0,661.00,0.0,0.0,659.86,"5,859.00",658.50,"3,866,108.80",46,2.5,21.0,0.38,3.25,0.17,872.00,555.00,630.56,639.01
2022/08/18,61,ICFC,48.35,521.1,547.5,521.1,541.0,541.00,0.0,0.0,535.67,"98,719.00",528.00,"52,880,938.80",559,13.0,26.4,2.46,5.07,0.98,"1,176.80",363.00,,
2022/08/21,93,ICFC,32.95,663.0,668.0,647.0,661.0,661.00,0.0,0.0,659.86,"5,859.00",658.50,"3,866,108.80",46,2.5,21.0,0.38,3.25,0.17,872.00,555.00,630.56,639.01
2022/08/22,60,ICFC,44.76,524.0,539.0,520.1,533.0,533.00,0.0,0.0,529.90,"50,668.00",534.00,"26,849,149.70",306,-1.0,18.9,-0.19,3.63,0.58,"1,176.80",363.00,,
2022/08/23,60,ICFC,37.82,540.0,540.0,525.1,527.5,527.50,0.0,0.0,528.63,"30,388.00",533.00,"16,064,096.80",173,-5.5,14.9,-1.03,2.84,-0.21,"1,176.80",363.00,,
2022/08/24,60,ICFC,31.76,538.0,538.0,523.2,525.0,525.00,0.0,0.0,529.14,"26,077.00",527.50,"13,798,384.70",210,-2.5,14.8,-0.47,2.83,-0.79,"1,176.80",363.00,,
2022/08/25,61,ICFC,32.67,525.0,535.0,515.0,517.9,517.90,0.0,0.0,521.72,"35,246.00",525.00,"18,388,388.60",272,-7.1,20.0,-1.35,3.88,-0.74,"1,176.80",363.00,,
2022/08/26,58,ICFC,28.02,516.6,526.0,501.0,503.0,503.00,0.0,0.0,504.76,"50,004.00",517.90,"25,239,774.00",353,-14.9,25.0,-2.88,4.99,-0.35,"1,161.00",363.00,,
2022/08/28,62,ICFC,28.16,493.0,513.0,483.0,483.0,483.00,0.0,0.0,489.98,"78,933.00",503.00,"38,675,872.20",472,-20.0,30.0,-3.98,6.21,-1.45,"1,135.90",363.00,,
2022/08/29,60,ICFC,23.98,481.0,498.0,476.0,491.0,491.00,0.0,0.0,487.03,"31,086.00",483.00,"15,139,782.50",274,8.0,22.0,1.66,4.62,0.81,"1,135.90",363.00,,
2022/08/30,64,ICFC,22.24,490.0,502.5,485.0,485.0,485.00,0.0,0.0,494.23,"25,777.00",491.00,"12,739,779.50",219,-6.0,17.5,-1.22,3.61,-1.9,"1,089.80",363.00,,
2022/08/31,61,ICFC,21.34,484.0,495.0,475.5,476.2,476.20,0.0,0.0,480.47,"19,092.00",485.00,"9,173,156.40",182,-8.8,19.5,-1.81,4.1,-0.9,"1,089.80",363.00,,
2022/09/01,61,ICFC,34.46,471.0,485.0,462.0,484.0,484.00,0.0,0.0,471.99,"37,702.00",476.20,"17,795,030.70",313,7.8,23.0,1.64,4.98,2.48,"1,063.00",363.00,,
2022/09/02,62,ICFC,27.78,476.0,494.0,476.0,486.9,486.90,0.0,0.0,482.34,"14,505.00",484.00,"6,996,291.60",113,2.9,18.0,0.6,3.78,0.94,"1,063.00",363.00,,
2022/09/04,64,ICFC,31.26,478.0,496.0,478.0,487.0,487.00,0.0,0.0,489.76,"16,325.00",486.90,"7,995,349.40",149,0.1,18.0,0.02,3.77,-0.57,"1,063.00",363.00,,
2022/09/05,61,ICFC,33.32,478.1,495.0,478.1,479.3,479.30,0.0,0.0,482.95,"21,062.00",487.00,"10,171,816.10",144,-7.7,16.9,-1.58,3.53,-0.76,"1,063.00",363.00,,
2022/09/06,61,ICFC,23.76,478.0,480.0,467.0,467.0,467.00,0.0,0.0,471.09,"17,789.00",479.30,"8,380,198.50",151,-12.3,13.0,-2.57,2.78,-0.88,"1,063.00",363.00,,
2022/07/28,60,ICFC,54.12,559.0,585.0,550.0,566.0,566.00,0.0,0.0,568.42,"142,113.00",552.00,"80,779,697.20",889,14.0,35.00,2.54,6.36,-0.43,"1,176.80",363.00,,
2022/07/29,59,ICFC,38.88,574.1,576.0,561.0,566.1,566.10,0.0,0.0,569.90,"59,558.00",566.00,"33,941,943.40",362,0.1,15.00,0.02,2.67,-0.67,"1,176.80",363.00,,
2022/07/31,61,ICFC,42.47,576.0,576.0,551.0,553.0,553.00,0.0,0.0,561.71,"90,251.00",566.10,"50,694,539.00",584,-13.1,25.0,-2.31,4.54,-1.57,"1,176.80",363.00,,
2022/08/01,60,ICFC,46.03,553.0,577.0,546.0,558.0,558.00,0.0,0.0,561.60,"88,757.00",553.00,"49,845,706.10",554,5.0,31.0,0.9,5.68,-0.64,"1,176.80",363.00,,
2022/08/02,61,ICFC,39.93,567.0,575.0,553.1,562.0,562.00,0.0,0.0,563.36,"37,437.00",558.00,"21,090,440.40",294,4.0,21.9,0.72,3.96,-0.24,"1,176.80",363.00,,
2022/08/03,61,ICFC,43.33,570.0,573.0,555.1,558.0,558.00,0.0,0.0,568.15,"93,323.00",562.00,"53,021,380.20",392,-4.0,17.9,-0.71,3.22,-1.82,"1,176.80",363.00,,
2022/08/04,60,ICFC,41.73,550.1,569.0,540.0,541.0,541.00,0.0,0.0,550.33,"87,770.00",558.00,"48,302,070.50",461,-17.0,29.0,-3.05,5.37,-1.72,"1,176.80",363.00,,
2022/08/05,58,ICFC,36.11,530.2,550.0,519.0,520.0,520.00,0.0,0.0,524.84,"77,183.00",541.00,"40,508,753.50",449,-21.0,31.0,-3.88,5.97,-0.93,"1,176.80",363.00,,
2022/08/07,58,ICFC,31.85,514.1,535.0,514.1,528.0,528.00,0.0,0.0,528.76,"50,518.00",520.00,"26,711,836.20",377,8.0,20.9,1.54,4.07,-0.14,"1,176.80",363.00,,
2022/08/08,59,ICFC,36.35,528.0,549.0,524.0,539.0,539.00,0.0,0.0,538.64,"61,805.00",528.00,"33,290,768.20",398,11.00,25.00,2.08,4.77,0.07,"1,176.80",363.00,,
2022/08/09,60,ICFC,35.86,548.0,548.0,521.0,526.0,526.00,0.0,0.0,532.11,"78,651.00",539.00,"41,851,229.90",501,-13.0,27.0,-2.41,5.18,-1.16,"1,176.80",363.00,,
2022/08/10,62,ICFC,34.6,526.0,530.0,516.0,520.0,520.00,0.0,0.0,520.64,"47,222.00",526.00,"24,585,588.00",301,-6.0,14.00,-1.14,2.71,-0.12,"1,176.80",363.00,,
2022/08/11,64,ICFC,25.94,520.0,527.0,511.2,511.2,511.20,0.0,0.0,518.41,"19,140.00",520.00,"9,922,354.60",217,-8.80,15.80,-1.69,3.09,-1.41,"1,176.80",363.00,,
2022/08/14,62,ICFC,25.28,504.0,520.0,492.0,495.0,495.00,0.0,0.0,503.29,"38,493.00",511.20,"19,373,297.90",325,-16.2,28.0,-3.17,5.69,-1.68,"1,176.80",363.00,,
2022/08/15,59,ICFC,42.33,486.0,544.0,486.0,540.0,540.00,0.0,0.0,518.29,"69,564.00",495.00,"36,054,504.10",495,45.0,58.0,9.09,11.93,4.02,"1,176.80",363.00,,
2022/08/16,62,ICFC,37.64,549.0,555.0,520.0,530.0,530.00,0.0,0.0,538.23,"75,238.00",540.00,"40,495,543.90",556,-10.00,35.00,-1.85,6.73,-1.55,"1,176.80",363.00,,
2022/07/08,60,ICFC,30.76,443.0,450.8,435.0,435.4,435.40,0.0,0.0,438.78,"12,793.00",451.00,"5,613,306.10",112,-15.6,15.8,-3.46,3.63,-0.78,"1,176.80",363.00,,
2022/07/11,62,ICFC,31.71,426.7,433.5,410.0,413.0,413.00,0.0,0.0,417.63,"36,587.00",435.40,"15,280,002.80",328,-22.4,23.5,-5.14,5.73,-1.12,"1,176.80",363.00,,
2022/07/12,62,ICFC,28.32,419.9,423.6,404.9,416.0,416.00,0.0,0.0,414.20,"26,276.00",413.00,"10,883,472.20",230,3.0,18.7,0.73,4.62,0.43,"1,176.80",363.00,,
2022/07/13,62,ICFC,31.48,423.9,447.0,417.0,440.0,440.00,0.0,0.0,434.26,"32,802.00",416.00,"14,244,627.60",258,24.0,30.0,5.77,7.19,1.3,"1,176.80",363.00,,
2022/07/14,61,ICFC,41.4,448.8,459.0,439.0,450.0,450.00,0.0,0.0,448.80,"39,116.00",440.00,"17,555,433.50",298,10.0,20.00,2.27,4.56,0.27,"1,176.80",363.00,,
2022/07/15,61,ICFC,44.61,450.0,455.0,444.0,450.0,450.00,0.0,0.0,449.72,"21,585.00",450.00,"9,707,312.00",154,0.0,11.0,0.0,2.48,0.06,"1,176.80",363.00,,
2022/07/17,57,ICFC,37.79,447.0,459.0,446.0,448.0,448.00,0.0,0.0,451.56,"15,822.00",450.00,"7,144,511.90",122,-2.0,13.0,-0.44,2.91,-0.79,"1,176.80",363.00,,
2022/07/18,59,ICFC,32.35,449.0,457.0,440.3,455.0,455.00,0.0,0.0,451.56,"17,294.00",448.00,"7,809,360.90",144,7.00,16.7,1.56,3.79,0.75,"1,176.80",363.00,,
2022/07/19,60,ICFC,40.71,461.0,487.5,456.0,479.0,479.00,0.0,0.0,475.33,"109,006.00",455.00,"51,814,248.30",581,24.0,31.5,5.27,6.91,0.77,"1,176.80",363.00,,
2022/07/20,60,ICFC,48.81,486.0,505.0,476.1,494.0,494.00,0.0,0.0,496.01,"107,059.00",479.00,"53,102,827.60",811,15.0,28.9,3.13,6.07,-0.41,"1,176.80",363.00,,
2022/07/21,62,ICFC,43.91,503.0,504.0,488.0,490.0,490.00,0.0,0.0,493.45,"36,217.00",494.00,"17,871,126.40",341,-4.0,16.0,-0.81,3.28,-0.7,"1,176.80",363.00,,
2022/07/22,60,ICFC,43.0,494.0,494.0,475.0,483.0,483.00,0.0,0.0,482.51,"52,426.00",490.00,"25,296,123.90",391,-7.0,19.0,-1.43,4.0,0.1,"1,176.80",363.00,,
2022/07/23,93,ICFC,32.95,663.0,668.0,647.0,661.0,661.00,0.0,0.0,659.86,"5,859.00",658.50,"3,866,108.80",46,2.5,21.0,0.38,3.25,0.17,872.00,555.00,630.56,639.01
2022/07/24,59,ICFC,43.72,492.0,514.0,484.0,514.0,514.00,0.0,0.0,499.18,"88,375.00",483.00,"44,114,903.20",546,31.0,30.0,6.42,6.2,2.88,"1,176.80",363.00,,
2022/07/25,60,ICFC,53.22,521.0,559.0,512.0,558.9,558.90,0.0,0.0,535.21,"131,024.00",514.00,"70,125,278.30",831,44.9,47.0,8.74,9.18,4.24,"1,176.80",363.00,,
2022/07/26,61,ICFC,48.63,560.0,565.0,534.0,535.0,535.00,0.0,0.0,546.43,"117,732.00",558.90,"64,332,422.30",842,-23.9,31.0,-4.28,5.81,-2.14,"1,176.80",363.00,,
2022/06/19,61,ICFC,30.85,415.0,415.0,398.6,399.0,399.00,0.0,0.0,403.83,"18,942.00",415.00,"7,649,323.40",195,-16.0,16.40,-3.86,4.11,-1.21,"1,176.80",398.60,,
2022/06/20,61,ICFC,31.1,396.0,398.1,379.0,381.0,381.00,0.0,0.0,385.44,"29,430.00",399.00,"11,343,357.70",242,-18.0,19.10,-4.51,5.04,-1.16,"1,176.80",379.00,,
2022/06/21,62,ICFC,34.02,381.0,402.0,381.0,396.5,396.50,0.0,0.0,394.43,"22,589.00",381.00,"8,909,850.50",194,15.5,21.00,4.07,5.51,0.52,"1,176.80",379.00,,
2022/06/22,62,ICFC,30.3,400.0,402.0,386.0,390.0,390.00,0.0,0.0,391.29,"19,387.00",396.50,"7,585,986.70",151,-6.5,16.0,-1.64,4.15,-0.33,"1,176.80",379.00,,
2022/06/23,63,ICFC,31.5,383.0,389.0,373.0,378.0,378.00,0.0,0.0,377.45,"19,923.00",390.00,"7,519,977.20",172,-12.0,16.0,-3.08,4.29,0.14,"1,176.80",373.00,,
2022/06/24,62,ICFC,40.85,378.0,399.8,363.0,388.0,388.00,0.0,0.0,382.45,"16,526.00",378.00,"6,320,376.70",157,10.0,36.8,2.65,10.14,1.43,"1,176.80",363.00,,
2022/06/26,62,ICFC,45.86,395.0,415.1,391.0,413.0,413.00,0.0,0.0,407.49,"36,003.00",388.00,"14,670,828.30",292,25.0,24.1,6.44,6.16,1.33,"1,176.80",363.00,,
2022/06/27,60,ICFC,47.7,415.0,433.5,401.8,406.8,406.80,0.0,0.0,415.26,"39,906.00",413.00,"16,571,556.90",341,-6.2,31.7,-1.5,7.89,-2.08,"1,176.80",363.00,,
2022/06/28,62,ICFC,44.71,400.0,412.3,394.0,400.0,400.00,0.0,0.0,399.41,"11,954.00",406.80,"4,774,524.80",168,-6.8,18.3,-1.67,4.64,0.15,"1,176.80",363.00,,
2022/06/29,63,ICFC,43.56,404.0,419.9,400.0,414.0,414.00,0.0,0.0,410.00,"20,811.00",400.00,"8,532,447.30",190,14.0,19.9,3.5,4.98,0.97,"1,176.80",363.00,,
2022/06/30,64,ICFC,49.09,422.2,447.9,415.0,441.0,441.00,0.0,0.0,434.54,"49,017.00",414.00,"21,299,732.10",403,27.00,32.90,6.52,7.93,1.47,"1,176.80",363.00,,
2022/07/01,61,ICFC,49.98,449.0,455.0,430.0,443.5,443.50,0.0,0.0,446.64,"32,829.00",441.00,"14,662,709.50",278,2.5,25.0,0.57,5.81,-0.71,"1,176.80",363.00,,
2022/07/03,63,ICFC,51.02,436.0,471.0,435.0,468.1,468.10,0.0,0.0,455.16,"43,667.00",443.50,"19,875,263.20",360,24.6,36.0,5.55,8.28,2.77,"1,176.80",363.00,,
2022/07/04,66,ICFC,55.66,476.0,500.0,448.0,455.0,455.00,0.0,0.0,477.15,"71,351.00",468.10,"34,044,893.70",641,-13.1,52.00,-2.8,11.61,-4.87,"1,176.80",363.00,,
2022/07/05,63,ICFC,33.82,456.1,472.0,429.0,437.2,437.20,0.0,0.0,447.85,"66,947.00",455.00,"29,982,431.20",526,-17.8,43.0,-3.91,10.02,-2.44,"1,176.80",363.00,,
2022/07/06,64,ICFC,44.03,444.0,457.9,422.2,453.0,453.00,0.0,0.0,440.76,"56,934.00",437.20,"25,094,404.90",389,15.8,35.7,3.61,8.46,2.7,"1,176.80",363.00,,
2022/05/27,58,ICFC,44.79,450.8,465.9,445.1,449.0,449.00,0.0,0.0,453.31,"42,163.00",459.90,"19,113,116.60",260,-10.9,20.8,-2.37,4.67,-0.96,"1,176.80",385.00,,
2022/05/30,60,ICFC,36.79,450.0,451.0,427.8,433.0,433.00,0.0,0.0,436.38,"32,735.00",449.00,"14,284,923.30",300,-16.0,23.2,-3.56,5.42,-0.78,"1,176.80",407.00,,
2022/05/31,61,ICFC,31.49,430.0,443.3,426.0,428.0,428.00,0.0,0.0,430.56,"15,815.00",433.00,"6,809,349.90",148,-5.0,17.3,-1.15,4.06,-0.6,"1,176.80",407.00,,
2022/06/01,61,ICFC,31.81,433.0,437.0,424.0,429.0,429.00,0.0,0.0,429.36,"15,306.00",428.00,"6,571,859.20",147,1.0,13.0,0.23,3.07,-0.09,"1,176.80",407.00,,
2022/06/02,59,ICFC,31.53,434.5,437.5,423.0,425.0,425.00,0.0,0.0,426.76,"16,837.00",429.00,"7,185,394.20",143,-4.0,14.5,-0.93,3.43,-0.41,"1,176.80",417.00,,
2022/06/03,60,ICFC,35.05,425.0,429.0,416.7,423.9,423.90,0.0,0.0,420.19,"15,728.00",425.00,"6,608,790.50",152,-1.1,12.3,-0.26,2.95,0.87,"1,176.80",416.70,,
2022/06/06,60,ICFC,38.17,432.0,440.0,424.1,427.0,427.00,0.0,0.0,429.45,"16,114.00",423.90,"6,920,137.60",142,3.1,15.9,0.73,3.75,-0.57,"1,176.80",416.70,,
2022/06/07,64,ICFC,37.57,433.0,433.0,420.0,424.7,424.70,0.0,0.0,424.73,"20,577.00",427.00,"8,739,692.60",159,-2.3,13.0,-0.54,3.1,-0.01,"1,176.80",416.70,,
2022/06/08,64,ICFC,48.59,428.0,467.0,423.0,453.0,453.00,0.0,0.0,447.23,"36,952.00",424.70,"16,525,972.90",348,28.3,44.00,6.66,10.4,1.27,"1,176.80",416.70,,
2022/06/09,62,ICFC,49.18,462.0,464.0,437.1,439.0,439.00,0.0,0.0,453.95,"50,223.00",453.00,"22,798,608.70",312,-14.0,26.9,-3.09,6.15,-3.4,"1,176.80",416.70,,
2022/06/10,61,ICFC,43.82,432.0,445.0,428.0,432.0,432.00,0.0,0.0,434.98,"35,202.00",439.00,"15,312,091.80",192,-7.0,17.0,-1.59,3.97,-0.69,"1,176.80",416.70,,
2022/06/12,93,ICFC,32.95,663.0,668.0,647.0,661.0,661.00,0.0,0.0,659.86,"5,859.00",658.50,"3,866,108.80",46,2.5,21.0,0.38,3.25,0.17,872.00,555.00,630.56,639.01
2022/06/13,65,ICFC,39.36,439.0,439.0,422.0,425.0,425.00,0.0,0.0,428.00,"14,617.00",432.00,"6,256,017.40",126,-7.0,17.0,-1.62,4.03,-0.7,"1,176.80",416.70,,
2022/06/14,62,ICFC,26.13,430.0,430.0,416.6,419.0,419.00,0.0,0.0,419.57,"17,836.00",425.00,"7,483,374.80",151,-6.0,13.4,-1.41,3.22,-0.14,"1,176.80",416.60,,
2022/06/15,65,ICFC,31.92,419.0,423.0,408.2,415.0,415.00,0.0,0.0,412.88,"16,567.00",419.00,"6,840,211.70",175,-4.0,14.80,-0.95,3.63,0.51,"1,176.80",408.20,,
2022/06/16,59,ICFC,32.46,408.0,430.0,408.0,418.0,418.00,0.0,0.0,420.44,"10,899.00",415.00,"4,582,417.30",118,3.0,22.0,0.72,5.39,-0.58,"1,176.80",408.00,,
2022/05/02,63,ICFC,36.16,500.0,507.9,472.0,476.0,476.00,0.0,0.0,481.94,"19,741.00",498.00,"9,513,885.20",244,-22.0,35.9,-4.42,7.61,-1.25,"1,176.80",308.00,,
2022/05/04,63,ICFC,33.9,476.0,485.0,465.0,466.0,466.00,0.0,0.0,471.74,"19,723.00",476.00,"9,304,214.50",177,-10.0,20.0,-2.1,4.3,-1.23,"1,176.80",308.00,,
2022/05/05,66,ICFC,33.36,460.0,475.0,446.0,452.0,452.00,0.0,0.0,456.42,"29,662.00",466.00,"13,538,345.40",295,-14.0,29.0,-3.0,6.5,-0.98,"1,176.80",308.00,,
2022/05/06,93,ICFC,32.95,663.0,668.0,647.0,661.0,661.00,0.0,0.0,659.86,"5,859.00",658.50,"3,866,108.80",46,2.5,21.0,0.38,3.25,0.17,872.00,555.00,630.56,639.01
2022/05/08,62,ICFC,34.6,452.0,466.0,440.0,464.0,464.00,0.0,0.0,447.42,"21,920.00",452.00,"9,807,471.10",192,12.0,26.0,2.65,5.91,3.57,"1,176.80",308.00,,
2022/05/09,60,ICFC,36.37,471.9,477.0,456.0,459.9,459.90,0.0,0.0,466.76,"22,227.00",464.00,"10,374,569.00",265,-4.1,21.0,-0.88,4.61,-1.49,"1,176.80",308.00,,
2022/05/10,62,ICFC,39.56,462.0,474.3,458.2,465.0,465.00,0.0,0.0,465.62,"20,556.00",459.90,"9,571,234.70",192,5.1,16.1,1.11,3.51,-0.13,"1,176.80",308.00,,
2022/05/11,60,ICFC,48.34,472.5,490.0,468.0,489.0,489.00,0.0,0.0,483.45,"32,120.00",465.00,"15,528,452.00",295,24.0,22.0,5.16,4.7,1.13,"1,176.80",313.00,,
2022/05/12,60,ICFC,49.86,498.7,513.0,490.0,495.0,495.00,0.0,0.0,501.40,"56,544.00",489.00,"28,351,149.80",459,6.0,23.0,1.23,4.69,-1.29,"1,176.80",313.00,,
2022/05/17,59,ICFC,47.24,495.0,495.0,470.0,470.0,470.00,0.0,0.0,477.10,"22,162.00",495.00,"10,573,534.70",213,-25.00,25.0,-5.05,5.32,-1.51,"1,176.80",331.00,,
2022/05/18,59,ICFC,46.73,466.0,484.5,452.0,475.1,475.10,0.0,0.0,469.64,"19,205.00",470.00,"9,019,446.30",168,5.1,32.5,1.09,7.19,1.15,"1,176.80",331.00,,
2022/05/19,57,ICFC,33.55,475.0,484.5,455.0,462.0,462.00,0.0,0.0,465.92,"24,485.00",475.10,"11,407,946.90",198,-13.1,29.5,-2.76,6.48,-0.85,"1,176.80",346.00,,
2022/05/20,59,ICFC,27.96,471.0,471.1,452.0,453.0,453.00,0.0,0.0,458.66,"13,521.00",462.00,"6,201,519.20",140,-9.0,19.1,-1.95,4.23,-1.25,"1,176.80",348.00,,
2022/05/23,58,ICFC,33.65,450.0,455.0,445.0,445.0,445.00,0.0,0.0,448.44,"19,117.00",453.00,"8,572,892.10",174,-8.0,10.0,-1.77,2.25,-0.77,"1,176.80",358.00,,
2022/05/24,58,ICFC,31.15,445.0,462.9,440.0,453.0,453.00,0.0,0.0,452.07,"19,905.00",445.00,"8,998,475.90",179,8.0,22.90,1.8,5.2,0.21,"1,176.80",385.00,,
2022/05/25,60,ICFC,39.13,462.0,471.2,454.0,460.0,460.00,0.0,0.0,460.83,"16,820.00",453.00,"7,751,236.70",160,7.0,17.2,1.55,3.79,-0.18,"1,176.80",385.00,,
2022/04/04,60,ICFC,34.98,604.0,605.0,583.0,583.0,583.00,0.0,0.0,588.74,"22,189.00",596.00,"13,063,546.50",247,-13.0,22.0,-2.18,3.77,-0.98,"1,176.80",299.00,,
2022/04/05,62,ICFC,32.35,583.0,585.0,553.0,558.0,558.00,0.0,0.0,563.94,"49,757.00",583.00,"28,060,132.70",503,-25.0,32.00,-4.29,5.79,-1.07,"1,176.80",299.00,,
2022/04/06,61,ICFC,31.77,556.0,569.0,540.0,541.0,541.00,0.0,0.0,551.19,"41,182.00",558.00,"22,699,153.30",384,-17.0,29.0,-3.05,5.37,-1.88,"1,176.80",299.00,,
2022/04/07,62,ICFC,36.43,541.0,560.0,540.0,546.9,546.90,0.0,0.0,550.54,"39,687.00",541.00,"21,849,415.40",387,5.9,20.0,1.09,3.7,-0.67,"1,176.80",299.00,,
2022/04/11,64,ICFC,35.01,557.0,568.0,530.4,532.0,532.00,0.0,0.0,550.76,"33,717.00",546.90,"18,570,125.80",324,-14.9,37.6,-2.72,7.09,-3.53,"1,176.80",299.00,,
2022/04/12,62,ICFC,34.38,540.0,540.0,515.0,518.0,518.00,0.0,0.0,520.92,"25,020.00",532.00,"13,033,494.10",278,-14.0,25.0,-2.63,4.85,-0.56,"1,176.80",299.00,,
2022/04/13,61,ICFC,40.5,512.0,532.0,512.0,527.0,527.00,0.0,0.0,524.86,"33,626.00",518.00,"17,648,952.50",308,9.00,20.0,1.74,3.91,0.41,"1,176.80",299.00,,
2022/04/17,64,ICFC,36.02,536.0,536.0,510.0,510.0,510.00,0.0,0.0,518.16,"19,821.00",527.00,"10,270,443.50",228,-17.00,26.0,-3.23,5.1,-1.6,"1,176.80",299.00,,
2022/04/18,62,ICFC,36.66,505.0,508.9,495.0,495.0,495.00,0.0,0.0,498.65,"32,287.00",510.00,"16,099,874.80",264,-15.0,13.90,-2.94,2.81,-0.74,"1,176.80",299.00,,
2022/04/19,62,ICFC,38.05,490.0,512.0,485.0,505.0,505.00,0.0,0.0,499.32,"23,470.00",495.00,"11,719,051.10",209,10.0,27.0,2.02,5.57,1.12,"1,176.80",299.00,,
2022/04/20,65,ICFC,33.78,495.2,515.0,486.0,488.0,488.00,0.0,0.0,494.31,"20,079.00",505.00,"9,925,223.80",201,-17.0,29.0,-3.37,5.97,-1.29,"1,176.80",299.00,,
2022/04/21,62,ICFC,39.85,488.0,495.0,462.2,487.0,487.00,0.0,0.0,475.83,"34,570.00",488.00,"16,449,411.30",333,-1.0,32.80,-0.2,7.1,2.29,"1,176.80",299.00,,
2022/04/24,65,ICFC,44.96,495.0,535.4,488.0,525.0,525.00,0.0,0.0,512.79,"26,004.00",487.00,"13,334,500.60",279,38.00,47.40,7.8,9.71,2.33,"1,176.80",299.00,,
2022/04/25,64,ICFC,42.91,535.5,540.0,507.0,509.0,509.00,0.0,0.0,521.66,"32,653.00",525.00,"17,033,703.60",336,-16.0,33.0,-3.05,6.51,-2.49,"1,176.80",299.00,,
2022/04/26,63,ICFC,43.37,509.0,520.0,498.0,506.1,506.10,0.0,0.0,505.67,"21,224.00",509.00,"10,732,407.30",203,-2.9,22.0,-0.57,4.42,0.08,"1,176.80",299.00,,
2022/04/27,63,ICFC,42.06,500.0,513.0,496.0,506.0,506.00,0.0,0.0,504.82,"16,370.00",506.10,"8,263,972.20",164,-0.1,17.0,-0.02,3.43,0.23,"1,176.80",302.00,,
2022/03/09,64,ICFC,37.69,630.0,649.7,590.1,649.7,649.70,0.0,0.0,605.20,"98,397.00",625.00,"59,549,502.40",712,24.7,59.6,3.95,10.1,6.85,"1,176.80",285.00,,
2022/03/10,63,ICFC,47.73,636.8,669.9,614.7,669.9,669.90,0.0,0.0,643.86,"62,388.00",649.70,"40,168,920.00",617,20.2,55.2,3.11,8.98,3.89,"1,176.80",285.00,,
2022/03/13,63,ICFC,55.73,680.0,680.0,669.0,669.5,669.50,0.0,0.0,670.64,"317,775.00",669.90,"213,113,872.20","1,602",-0.40,11.00,-0.06,1.64,-0.17,"1,176.80",285.00,,
2022/03/14,62,ICFC,51.14,669.5,678.0,657.0,666.2,666.20,0.0,0.0,670.10,"27,410.00",669.50,"18,367,512.50",226,-3.3,21.0,-0.49,3.2,-0.59,"1,176.80",285.00,,
2022/03/15,65,ICFC,47.79,667.0,673.0,649.8,656.0,656.00,0.0,0.0,656.53,"45,407.00",666.20,"29,810,880.30",332,-10.2,23.2,-1.53,3.57,-0.08,"1,176.80",285.00,,
2022/03/16,61,ICFC,32.63,656.0,663.0,640.0,650.0,650.00,0.0,0.0,643.79,"43,842.00",656.00,"28,225,192.20",408,-6.0,23.0,-0.91,3.59,0.95,"1,176.80",285.00,,
2022/03/20,60,ICFC,34.01,637.0,660.0,637.0,641.0,641.00,0.0,0.0,645.04,"25,751.00",650.00,"16,610,458.80",228,-9.0,23.0,-1.38,3.61,-0.63,"1,176.80",296.00,,
2022/03/21,64,ICFC,45.19,653.0,660.0,640.0,652.0,652.00,0.0,0.0,648.48,"41,920.00",641.00,"27,184,373.40",308,11.00,20.0,1.72,3.13,0.54,"1,176.80",296.00,,
2022/03/22,63,ICFC,48.39,665.0,665.0,654.0,659.8,659.80,0.0,0.0,658.81,"23,761.00",652.00,"15,653,904.00",249,7.8,11.0,1.2,1.68,0.15,"1,176.80",296.00,,
2022/03/23,61,ICFC,47.63,650.1,657.5,640.0,647.0,647.00,0.0,0.0,645.99,"46,402.00",659.80,"29,975,348.50",218,-12.8,17.5,-1.94,2.73,0.16,"1,176.80",296.00,,
2022/03/24,63,ICFC,48.21,655.0,657.0,636.0,644.9,644.90,0.0,0.0,641.84,"34,926.00",647.00,"22,417,013.90",263,-2.1,21.0,-0.32,3.3,0.47,"1,176.80",296.00,,
2022/03/27,93,ICFC,32.95,663.0,668.0,647.0,661.0,661.00,0.0,0.0,659.86,"5,859.00",658.50,"3,866,108.80",46,2.5,21.0,0.38,3.25,0.17,872.00,555.00,630.56,639.01
2022/03/28,63,ICFC,37.51,644.6,644.6,625.1,626.0,626.00,0.0,0.0,631.25,"24,984.00",657.70,"15,771,041.60",296,-31.7,19.5,-4.82,3.12,-0.84,"1,176.80",296.00,,
2022/03/29,61,ICFC,39.06,638.0,638.0,608.0,613.9,613.90,0.0,0.0,615.61,"30,334.00",626.00,"18,673,857.70",295,-12.1,30.0,-1.93,4.93,-0.28,"1,176.80",296.00,,
2022/03/30,62,ICFC,40.2,624.9,630.0,607.0,628.0,628.00,0.0,0.0,620.62,"31,471.00",613.90,"19,531,570.80",302,14.1,23.0,2.3,3.79,1.17,"1,176.80",296.00,,
2022/03/31,62,ICFC,33.44,630.0,636.1,607.0,609.0,609.00,0.0,0.0,613.22,"26,266.00",628.00,"16,106,877.00",263,-19.0,29.1,-3.03,4.79,-0.69,"1,176.80",298.00,,
2022/04/28,63,ICFC,34.47,507.0,510.1,493.0,498.0,498.00,0.0,0.0,501.70,"19,205.00",506.00,"9,635,173.20",205,-8.0,17.1,-1.58,3.47,-0.74,"1,176.80",302.00,,
2022/05/26,60,ICFC,40.34,465.0,471.0,452.0,459.9,459.90,0.0,0.0,457.37,"11,228.00",460.00,"5,135,390.60",112,-0.1,19.0,-0.02,4.2,0.55,"1,176.80",385.00,,
2022/06/17,59,ICFC,28.76,411.1,426.0,411.1,415.0,415.00,0.0,0.0,415.00,"3,958.00",418.00,"1,642,576.90",47,-3.0,14.9,-0.72,3.62,0.0,"1,176.80",408.00,,
2022/07/07,63,ICFC,34.19,462.0,471.0,445.0,451.0,451.00,0.0,0.0,455.33,"42,385.00",453.00,"19,299,230.20",302,-2.0,26.0,-0.44,5.84,-0.96,"1,176.80",363.00,,
2022/07/27,61,ICFC,55.86,533.0,558.0,519.0,552.0,552.00,0.0,0.0,540.43,"104,565.00",535.00,"56,509,584.30",675,17.0,39.0,3.18,7.51,2.1,"1,176.80",363.00,,
2022/08/17,62,ICFC,44.61,520.1,540.0,519.6,528.0,528.00,0.0,0.0,530.24,"68,943.00",530.00,"36,556,337.40",327,-2.0,20.4,-0.38,3.93,-0.42,"1,176.80",363.00,,
2022/09/07,64,ICFC,18.96,474.0,474.0,455.0,463.0,463.00,0.0,0.0,460.93,"21,004.00",467.00,"9,681,436.50",144,-4.0,19.0,-0.86,4.18,0.45,"1,063.00",363.00,,
2022/10/10,69,ICFC,40.51,450.1,450.1,431.3,439.0,439.00,0.0,0.0,439.72,"17,693.00",447.00,"7,780,054.40",153,-8.0,18.8,-1.79,4.36,-0.17,"1,063.00",363.00,,
2022/11/10,66,ICFC,34.29,448.0,448.0,425.0,426.0,426.00,0.0,0.0,430.64,"25,253.00",440.10,"10,874,871.90",179,-14.1,23.0,-3.2,5.41,-1.09,973.30,363.00,,
2022/12/06,68,ICFC,33.14,440.0,440.0,426.3,430.0,430.00,0.0,0.0,430.91,"10,511.00",435.00,"4,529,291.40",99,-5.0,13.7,-1.15,3.21,-0.21,800.00,363.00,,
2023/01/02,75,ICFC,58.26,458.8,468.0,451.2,468.0,468.00,0.0,0.0,461.98,"74,758.00",450.00,"34,536,650.30",415,18.0,16.8,4.0,3.72,1.29,800.00,363.00,,
2023/01/31,76,ICFC,35.03,473.9,473.9,456.0,456.0,456.00,0.0,0.0,461.77,"26,568.00",465.00,"12,268,413.40",201,-9.0,17.9,-1.94,3.93,-1.27,760.00,363.00,,
2023/02/27,76,ICFC,41.07,460.0,460.0,436.0,448.3,448.30,0.0,0.0,447.88,"14,770.00",459.90,"6,615,175.70",131,-11.6,24.00,-2.52,5.5,0.09,699.90,363.00,,
2023/03/27,73,ICFC,38.59,416.2,425.0,407.7,425.0,425.00,0.0,0.0,416.52,"13,378.00",416.20,"5,572,141.30",140,8.8,17.3,2.11,4.24,2.0,657.70,363.00,,
2023/04/19,74,ICFC,31.83,420.2,426.0,414.1,419.5,419.50,0.0,0.0,418.79,"4,165.00",412.00,"1,744,277.70",46,7.5,11.9,1.82,2.87,0.17,585.00,363.00,,
2018/09/02,48,ICFC,-,162.0,162.0,160.0,162.0,162.00,0.0,0.0,161.22,"1,066.00",159.00,"171,860.00",3,3.0,2.0,1.89,1.25,0.48,276.00,154.00,,
2019/10/05,93,ICFC,32.95,663.0,668.0,647.0,661.0,661.00,0.0,0.0,659.86,"5,859.00",658.50,"3,866,108.80",46,2.5,21.0,0.38,3.25,0.17,872.00,555.00,630.56,639.01
2021/02/14,61,ICFC,60.43,316.0,320.0,310.0,310.0,310.00,0.0,0.0,313.58,"59,341.00",320.00,"18,608,400.00",184,-10.0,10.0,-3.13,3.23,-1.16,335.00,158.00,,
2022/04/03,62,ICFC,37.08,609.0,612.2,595.0,596.0,596.00,0.0,0.0,599.08,"32,003.00",609.00,"19,172,319.40",292,-13.0,17.2,-2.13,2.89,-0.52,"1,176.80",299.00,,
2023/05/15,76,ICFC,35.77,400.0,408.0,397.0,401.0,401.00,0.0,0.0,402.38,"6,124.00",400.20,"2,464,190.80",71,0.8,11.0,0.2,2.77,-0.34,585.00,363.00,,
2024/07/17,93,ICFC,32.95,663.0,668.0,647.0,661.0,661.00,0.0,0.0,659.86,"5,859.00",658.50,"3,866,108.80",46,2.5,21.0,0.38,3.25,0.17,872.00,555.00,630.56,639.01
2022/02/09,61,ICFC,41.55,710.0,714.0,695.8,698.0,698.00,0.0,0.0,700.21,"28,915.00",710.00,"20,246,463.80",284,-12.0,18.2,-1.69,2.62,-0.32,"1,176.80",283.00,,
2022/02/10,61,ICFC,47.01,705.0,720.0,690.0,712.0,712.00,0.0,0.0,702.73,"78,979.00",698.00,"55,500,974.50",463,14.0,30.0,2.01,4.35,1.3,"1,176.80",283.00,,
2022/02/13,62,ICFC,47.88,698.0,698.0,665.0,672.0,672.00,0.0,0.0,675.71,"108,062.00",712.00,"73,018,965.30",836,-40.0,33.0,-5.62,4.96,-0.55,"1,176.80",285.00,,
2022/02/14,62,ICFC,41.07,672.0,697.0,666.5,679.0,679.00,0.0,0.0,677.53,"43,805.00",672.00,"29,678,988.00",298,7.0,30.5,1.04,4.58,0.22,"1,176.80",285.00,,
2022/02/15,93,ICFC,32.95,663.0,668.0,647.0,661.0,661.00,0.0,0.0,659.86,"5,859.00",658.50,"3,866,108.80",46,2.5,21.0,0.38,3.25,0.17,872.00,555.00,630.56,639.01
2022/02/16,63,ICFC,44.41,700.0,705.0,677.0,688.0,688.00,0.0,0.0,684.82,"73,217.00",703.00,"50,140,137.90",507,-15.0,28.0,-2.13,4.14,0.46,"1,176.80",285.00,,
2022/02/17,62,ICFC,50.06,688.0,698.0,676.0,681.0,681.00,0.0,0.0,687.96,"43,478.00",688.00,"29,911,227.50",302,-7.0,22.0,-1.02,3.25,-1.02,"1,176.80",285.00,,
2022/02/20,62,ICFC,45.61,667.4,680.0,651.0,670.0,670.00,0.0,0.0,667.12,"65,281.00",681.00,"43,550,450.20",563,-11.0,29.0,-1.62,4.45,0.43,"1,176.80",285.00,,
2022/02/21,61,ICFC,43.98,670.0,685.0,660.0,682.0,682.00,0.0,0.0,674.08,"73,053.00",670.00,"49,243,217.00",486,12.0,25.0,1.79,3.79,1.16,"1,176.80",285.00,,
2022/02/22,62,ICFC,59.64,695.0,719.0,680.0,715.0,715.00,0.0,0.0,704.00,"146,213.00",682.00,"102,933,744.40","1,115",33.0,39.0,4.84,5.74,1.54,"1,176.80",285.00,,
2022/02/23,61,ICFC,53.94,729.0,730.0,706.0,720.0,720.00,0.0,0.0,718.21,"82,445.00",715.00,"59,212,879.20",720,5.0,24.0,0.7,3.4,0.25,"1,176.80",285.00,,
2022/02/24,61,ICFC,56.73,706.0,706.0,681.1,685.0,685.00,0.0,0.0,690.46,"147,526.00",720.00,"101,860,280.60",931,-35.0,24.9,-4.86,3.66,-0.8,"1,176.80",285.00,,
2022/02/27,61,ICFC,54.91,684.0,699.0,675.0,689.9,689.90,0.0,0.0,690.68,"119,050.00",685.00,"82,225,946.60",794,4.9,24.00,0.72,3.56,-0.11,"1,176.80",285.00,,
2022/02/28,62,ICFC,36.75,699.9,699.9,670.0,678.0,678.00,0.0,0.0,684.01,"71,566.00",689.90,"48,952,029.20",391,-11.9,29.90,-1.72,4.46,-0.89,"1,176.80",285.00,,
2022/03/02,61,ICFC,33.82,667.0,679.0,652.7,656.0,656.00,0.0,0.0,659.71,"54,412.00",678.00,"35,896,122.10",501,-22.0,26.30,-3.24,4.03,-0.57,"1,176.80",285.00,,
2022/03/06,63,ICFC,35.87,658.0,668.0,638.0,642.0,642.00,0.0,0.0,647.71,"38,426.00",656.00,"24,888,770.60",392,-14.0,30.0,-2.13,4.7,-0.89,"1,176.80",285.00,,
2022/01/16,61,ICFC,64.65,780.0,800.0,777.0,794.0,794.00,0.0,0.0,791.41,"131,599.00",775.00,"104,149,349.30","1,015",19.0,23.0,2.45,2.96,0.33,"1,176.80",279.00,,
2022/01/17,60,ICFC,58.91,794.0,798.0,775.0,781.0,781.00,0.0,0.0,782.33,"72,049.00",794.00,"56,366,160.10",694,-13.0,23.0,-1.64,2.97,-0.17,"1,176.80",279.00,,
2022/01/18,62,ICFC,59.99,769.0,785.0,740.0,754.0,754.00,0.0,0.0,759.19,"117,714.00",781.00,"89,367,271.20","1,045",-27.0,45.0,-3.46,6.08,-0.69,"1,176.80",279.00,,
2022/01/19,62,ICFC,50.1,754.0,767.8,732.1,737.0,737.00,0.0,0.0,742.14,"85,558.00",754.00,"63,495,616.70",778,-17.0,35.7,-2.25,4.88,-0.7,"1,176.80",279.00,,
2022/01/20,62,ICFC,52.42,740.0,774.0,723.0,773.0,773.00,0.0,0.0,751.47,"80,682.00",737.00,"60,630,422.10",673,36.0,51.0,4.88,7.05,2.78,"1,176.80",279.00,,
2022/01/23,62,ICFC,50.43,773.0,785.0,744.0,745.1,745.10,0.0,0.0,757.23,"61,634.00",773.00,"46,671,120.60",589,-27.9,41.00,-3.61,5.51,-1.63,"1,176.80",279.00,,
2022/01/24,61,ICFC,53.31,730.2,742.0,697.0,705.0,705.00,0.0,0.0,717.32,"157,192.00",745.10,"112,757,090.10","1,304",-40.1,45.0,-5.38,6.46,-1.75,"1,176.80",279.00,,
2022/01/25,62,ICFC,48.38,705.0,736.0,678.0,705.0,705.00,0.0,0.0,707.83,"82,597.00",705.00,"58,465,038.30",809,0.0,58.00,0.0,8.55,-0.4,"1,176.80",279.00,,
2022/01/26,62,ICFC,43.62,705.0,719.0,681.1,693.0,693.00,0.0,0.0,695.05,"56,224.00",705.00,"39,078,309.60",589,-12.0,37.9,-1.7,5.56,-0.3,"1,176.80",279.00,,
2022/01/27,64,ICFC,41.92,704.0,715.0,690.0,690.0,690.00,0.0,0.0,698.17,"43,322.00",693.00,"30,246,260.50",417,-3.0,25.0,-0.43,3.62,-1.18,"1,176.80",279.00,,
2022/01/30,62,ICFC,54.63,703.8,734.0,703.8,732.0,732.00,0.0,0.0,725.27,"118,879.00",690.00,"86,219,560.10",902,42.0,30.2,6.09,4.29,0.92,"1,176.80",279.00,,
2022/01/31,62,ICFC,50.49,740.0,744.9,716.0,718.0,718.00,0.0,0.0,723.60,"45,853.00",732.00,"33,179,443.10",427,-14.0,28.9,-1.91,4.04,-0.78,"1,176.80",279.00,,
2022/02/01,61,ICFC,53.93,717.5,740.0,705.0,734.9,734.90,0.0,0.0,726.96,"78,230.00",718.00,"56,870,385.60",439,16.9,35.0,2.35,4.96,1.08,"1,176.80",280.00,,
2022/02/03,62,ICFC,55.17,743.0,760.0,730.0,732.0,732.00,0.0,0.0,745.28,"135,297.00",734.90,"100,834,588.20",788,-2.9,30.0,-0.39,4.11,-1.81,"1,176.80",283.00,,
2022/02/06,63,ICFC,48.09,725.0,732.0,712.0,713.0,713.00,0.0,0.0,718.35,"63,071.00",732.00,"45,307,060.30",465,-19.00,20.0,-2.6,2.81,-0.75,"1,176.80",283.00,,
2022/02/07,62,ICFC,45.45,705.0,721.0,705.0,712.0,712.00,0.0,0.0,713.25,"41,628.00",713.00,"29,691,152.20",318,-1.0,16.0,-0.14,2.27,-0.18,"1,176.80",283.00,,
2021/12/21,62,ICFC,47.44,583.0,599.0,560.6,590.0,590.00,0.0,0.0,579.21,"89,390.00",572.00,"51,776,012.50",563,18.0,38.40,3.15,6.85,1.83,"1,176.80",255.00,,
2021/12/22,61,ICFC,46.7,600.0,620.0,590.0,612.0,612.00,0.0,0.0,606.73,"107,062.00",590.00,"64,957,621.80",660,22.0,30.0,3.73,5.08,0.86,"1,176.80",255.00,,
2021/12/23,60,ICFC,47.88,624.2,624.2,589.0,599.8,599.80,0.0,0.0,609.23,"62,716.00",612.00,"38,208,517.60",469,-12.2,35.2,-1.99,5.98,-1.57,"1,176.80",255.00,,
2021/12/26,59,ICFC,48.01,610.0,610.0,589.0,590.0,590.00,0.0,0.0,599.20,"67,201.00",599.80,"40,266,834.10",532,-9.80,21.00,-1.63,3.57,-1.56,"1,176.80",255.00,,
2021/12/27,61,ICFC,46.08,601.0,608.0,569.0,570.0,570.00,0.0,0.0,582.92,"75,043.00",590.00,"43,743,705.70",600,-20.0,39.00,-3.39,6.85,-2.27,"1,176.80",255.00,,
2021/12/28,61,ICFC,43.48,567.0,595.0,560.0,585.0,585.00,0.0,0.0,579.69,"60,864.00",570.00,"35,281,953.40",433,15.0,35.0,2.63,6.25,0.91,"1,176.80",255.00,,
2021/12/29,60,ICFC,43.4,587.0,594.0,576.1,585.3,585.30,0.0,0.0,588.14,"26,209.00",585.00,"15,414,521.80",253,0.3,17.90,0.05,3.11,-0.48,"1,176.80",255.00,,
2022/01/02,62,ICFC,48.34,585.0,593.0,580.0,589.0,589.00,0.0,0.0,587.53,"35,465.00",585.30,"20,836,762.70",322,3.70,13.00,0.63,2.24,0.25,"1,176.80",255.00,,
2022/01/03,61,ICFC,55.72,599.0,607.9,587.1,595.0,595.00,0.0,0.0,600.15,"65,710.00",589.00,"39,435,972.30",507,6.0,20.80,1.02,3.54,-0.87,"1,176.80",255.00,,
2022/01/04,63,ICFC,54.82,595.1,609.0,585.0,607.0,607.00,0.0,0.0,601.81,"61,815.00",595.00,"37,200,691.40",408,12.0,24.00,2.02,4.1,0.86,"1,176.80",255.00,,
2022/01/05,62,ICFC,56.26,619.0,629.0,601.0,605.2,605.20,0.0,0.0,615.31,"86,845.00",607.00,"53,436,314.70",676,-1.8,28.0,-0.3,4.66,-1.67,"1,176.80",255.00,,
2022/01/06,93,ICFC,32.95,663.0,668.0,647.0,661.0,661.00,0.0,0.0,659.86,"5,859.00",658.50,"3,866,108.80",46,2.5,21.0,0.38,3.25,0.17,872.00,555.00,630.56,639.01
2022/01/09,64,ICFC,62.13,623.0,674.0,620.0,671.0,671.00,0.0,0.0,648.61,"138,748.00",614.00,"89,993,203.30","1,091",57.0,54.00,9.28,8.71,3.34,"1,176.80",257.00,,
2022/01/10,62,ICFC,63.29,684.4,700.0,670.0,690.0,690.00,0.0,0.0,687.20,"105,159.00",671.00,"72,265,593.70",856,19.0,30.00,2.83,4.48,0.41,"1,176.80",257.00,,
2022/01/11,61,ICFC,64.34,690.0,745.0,676.2,723.0,723.00,0.0,0.0,717.28,"94,467.00",690.00,"67,759,373.20",868,33.0,68.80,4.78,10.17,0.79,"1,176.80",264.00,,
2022/01/12,59,ICFC,61.49,725.0,759.9,711.0,714.0,714.00,0.0,0.0,734.83,"157,172.00",723.00,"115,494,796.50","1,373",-9.0,48.90,-1.24,6.88,-2.92,"1,176.80",266.00,,
2021/11/25,61,ICFC,44.79,845.0,865.0,820.0,849.0,849.00,0.0,0.0,841.33,"48,998.00",849.00,"41,223,427.50",330,0.0,45.0,0.0,5.49,0.9,"1,176.80",255.00,,
2021/11/28,60,ICFC,51.96,833.0,933.9,800.7,932.0,932.00,0.0,0.0,826.88,"119,938.00",849.00,"99,174,622.30",742,83.0,133.2,9.78,16.64,11.28,"1,176.80",255.00,,
2021/11/29,59,ICFC,52.54,913.4,913.4,838.8,838.8,838.80,0.0,0.0,843.99,"148,044.00",932.00,"124,947,418.10",910,-93.2,74.6,-10.0,8.89,-0.62,"1,176.80",255.00,,
2021/11/30,62,ICFC,51.62,828.9,922.6,809.0,890.0,890.00,0.0,0.0,822.05,"194,972.00",838.80,"160,276,552.40",910,51.2,113.6,6.1,14.04,7.63,"1,176.80",255.00,,
2021/12/01,59,ICFC,35.77,872.2,872.2,825.0,840.0,840.00,0.0,0.0,838.01,"61,193.00",890.00,"51,280,415.50",422,-50.0,47.2,-5.62,5.72,0.24,"1,176.80",255.00,,
2021/12/02,61,ICFC,35.17,840.0,843.0,800.0,816.0,816.00,0.0,0.0,808.88,"69,193.00",840.00,"55,968,683.70",557,-24.0,43.0,-2.86,5.38,0.87,"1,176.80",255.00,,
2021/12/05,61,ICFC,35.1,799.7,814.0,745.0,748.1,748.10,0.0,0.0,770.20,"120,943.00",816.00,"93,149,817.20",932,-67.9,69.0,-8.32,9.26,-2.95,"1,176.80",255.00,,
2021/12/06,61,ICFC,37.04,735.0,780.0,686.0,771.0,771.00,0.0,0.0,738.73,"110,785.00",748.10,"81,839,870.40",789,22.9,94.00,3.06,13.7,4.19,"1,176.80",255.00,,
2021/12/07,60,ICFC,42.23,785.0,800.0,700.0,712.0,712.00,0.0,0.0,726.89,"151,495.00",771.00,"110,120,936.60","1,240",-59.0,100.00,-7.65,14.29,-2.09,"1,176.80",255.00,,
2021/12/08,61,ICFC,36.34,712.0,716.0,680.0,703.8,703.80,0.0,0.0,694.52,"84,765.00",712.00,"58,871,046.10",823,-8.2,36.00,-1.15,5.29,1.32,"1,176.80",255.00,,
2021/12/09,61,ICFC,33.27,628.0,652.0,610.0,627.0,627.00,0.0,0.0,631.13,"64,734.00",639.82,"40,855,878.10",687,-12.82,42.0,-2.0,6.89,-0.66,"1,176.80",255.00,,
2021/12/12,61,ICFC,28.66,622.0,622.0,579.0,580.0,580.00,0.0,0.0,598.46,"71,638.00",627.00,"42,872,754.50",611,-47.00,43.00,-7.5,7.43,-3.18,"1,176.80",255.00,,
2021/12/13,60,ICFC,33.98,568.4,576.3,525.5,527.0,527.00,0.0,0.0,541.31,"102,587.00",580.00,"55,531,087.80",749,-53.00,50.80,-9.14,9.67,-2.71,"1,176.80",255.00,,
2021/12/14,59,ICFC,38.08,537.5,579.7,537.5,579.7,579.70,0.0,0.0,566.32,"89,460.00",527.00,"50,663,408.50",585,52.70,42.20,10.0,7.85,2.31,"1,176.80",255.00,,
2021/12/15,60,ICFC,46.06,591.2,637.0,588.0,618.0,618.00,0.0,0.0,622.06,"165,033.00",579.70,"102,659,679.10","1,372",38.3,49.0,6.61,8.33,-0.66,"1,176.80",255.00,,
2021/12/16,62,ICFC,44.73,620.0,620.0,588.0,588.0,588.00,0.0,0.0,600.81,"80,572.00",618.00,"48,408,483.80",602,-30.0,32.0,-4.85,5.44,-2.18,"1,176.80",255.00,,
2021/10/28,62,ICFC,61.52,784.0,805.0,765.0,790.0,790.00,0.0,0.0,790.67,"61,163.00",800.00,"48,359,594.40",562,-10.0,40.0,-1.25,5.23,-0.08,"1,176.80",255.00,,
2021/10/31,63,ICFC,64.72,798.0,850.0,775.0,844.0,844.00,0.0,0.0,818.26,"159,987.00",790.00,"130,911,164.70",998,54.00,75.00,6.84,9.68,3.05,"1,176.80",255.00,,
2021/11/01,61,ICFC,61.97,859.0,911.4,824.0,872.1,872.10,0.0,0.0,843.55,"197,651.00",844.00,"166,729,102.10",941,28.1,87.4,3.33,10.61,3.27,"1,176.80",255.00,,
2021/11/02,63,ICFC,65.29,854.7,953.7,838.0,878.6,878.60,0.0,0.0,864.65,"170,399.00",872.10,"147,335,576.20",721,6.5,115.7,0.75,13.81,1.59,"1,176.80",255.00,,
2021/11/03,62,ICFC,65.83,872.0,966.4,865.1,966.4,966.40,0.0,0.0,881.90,"141,668.00",878.60,"124,937,617.60",616,87.8,101.3,9.99,11.71,8.74,"1,176.80",255.00,,
2021/11/08,62,ICFC,65.28,947.1,1063.0,890.0,1063.0,"1,063.00",0.0,0.0,926.17,"241,944.00",966.40,"224,081,521.20","1,263",96.6,173.0,10.0,19.44,12.87,"1,176.80",255.00,,
2021/11/09,60,ICFC,59.51,1041.8,1041.8,956.7,956.7,956.70,0.0,0.0,963.12,"134,685.00","1,063.00","129,717,732.20","1,090",-106.3,85.1,-10.0,8.9,-0.67,"1,176.80",255.00,,
2021/11/11,61,ICFC,57.73,937.6,937.6,861.1,861.1,861.10,0.0,0.0,869.94,"335,961.00",956.70,"292,265,064.10","1,968",-95.6,76.5,-9.99,8.88,-1.03,"1,176.80",255.00,,
2021/11/14,62,ICFC,52.1,861.1,947.2,812.1,862.0,862.00,0.0,0.0,861.17,"282,027.00",861.10,"242,872,690.60","1,022",0.90,135.10,0.1,16.64,0.1,"1,176.80",255.00,,
2021/11/15,61,ICFC,49.45,879.0,897.0,862.0,881.0,881.00,0.0,0.0,886.24,"146,918.00",862.00,"130,205,040.30",812,19.00,35.00,2.2,4.06,-0.6,"1,176.80",255.00,,
2021/11/16,60,ICFC,48.24,870.0,922.7,870.0,893.0,893.00,0.0,0.0,884.55,"127,434.00",881.00,"112,722,282.50",667,12.00,52.70,1.36,6.06,0.95,"1,176.80",255.00,,
2021/11/17,61,ICFC,56.25,910.8,910.8,875.0,899.9,899.90,0.0,0.0,892.32,"203,706.00",893.00,"181,771,111.20",761,6.90,35.80,0.77,4.09,0.84,"1,176.80",255.00,,
2021/11/18,60,ICFC,54.5,899.9,973.3,864.4,900.0,900.00,0.0,0.0,891.29,"152,420.00",899.90,"135,849,827.50",724,0.1,108.9,0.01,12.6,0.97,"1,176.80",255.00,,
2021/11/21,61,ICFC,45.36,891.0,891.0,865.0,865.0,865.00,0.0,0.0,875.66,"71,030.00",900.00,"62,197,881.90",330,-35.0,26.0,-3.89,3.01,-1.23,"1,176.80",255.00,,
2021/11/22,64,ICFC,44.11,882.0,936.1,853.0,870.0,870.00,0.0,0.0,872.29,"40,091.00",865.00,"34,971,153.90",285,5.0,83.1,0.58,9.74,-0.26,"1,176.80",255.00,,
2021/11/23,61,ICFC,44.58,853.0,870.0,815.0,819.2,819.20,0.0,0.0,835.57,"105,823.00",870.00,"88,422,072.30",799,-50.8,55.0,-5.84,6.75,-2.0,"1,176.80",255.00,,
2021/09/29,62,ICFC,44.0,665.0,726.9,620.0,691.0,691.00,0.0,0.0,675.20,"227,194.00",666.00,"153,400,722.00","1,081",25.0,106.9,3.75,17.24,2.29,"1,176.80",190.00,,
2021/09/30,62,ICFC,39.54,704.0,717.0,658.0,667.0,667.00,0.0,0.0,680.03,"84,942.00",691.00,"57,763,262.00",629,-24.0,59.0,-3.47,8.97,-1.95,"1,176.80",190.00,,
2021/10/03,64,ICFC,36.03,667.0,679.0,635.0,640.0,640.00,0.0,0.0,649.84,"83,726.00",667.00,"54,408,607.10",577,-27.0,44.0,-4.05,6.93,-1.54,"1,176.80",197.00,,
2021/10/04,61,ICFC,37.37,652.0,652.0,607.6,617.5,617.50,0.0,0.0,625.42,"61,328.00",640.00,"38,355,516.70",493,-22.5,44.4,-3.52,7.31,-1.28,"1,176.80",197.00,,
2021/10/05,62,ICFC,37.55,620.0,655.0,620.0,651.0,651.00,0.0,0.0,641.69,"45,172.00",617.50,"28,986,457.10",372,33.5,35.0,5.43,5.65,1.43,"1,176.80",199.00,,
2021/10/06,63,ICFC,49.61,664.0,704.8,650.8,700.0,700.00,0.0,0.0,684.34,"95,946.00",651.00,"65,659,842.70",721,49.0,54.0,7.53,8.3,2.24,"1,176.80",201.00,,
2021/10/10,58,ICFC,49.33,714.0,731.0,681.9,698.0,698.00,0.0,0.0,706.06,"97,911.00",700.00,"69,131,448.10",842,-2.0,49.1,-0.29,7.2,-1.16,"1,176.80",230.00,,
2021/10/11,60,ICFC,47.08,686.0,694.0,660.0,688.0,688.00,0.0,0.0,674.41,"67,716.00",698.00,"45,668,273.60",504,-10.0,34.0,-1.43,5.15,1.98,"1,176.80",230.00,,
2021/10/17,60,ICFC,49.02,679.0,715.0,647.0,670.2,670.20,0.0,0.0,665.87,"96,066.00",688.00,"63,967,269.20",590,-17.8,68.0,-2.59,10.51,0.65,"1,176.80",255.00,,
2021/10/18,61,ICFC,37.89,670.0,670.0,643.0,645.0,645.00,0.0,0.0,651.48,"44,108.00",670.20,"28,735,259.90",386,-25.2,27.0,-3.76,4.2,-1.0,"1,176.80",255.00,,
2021/10/19,93,ICFC,32.95,663.0,668.0,647.0,661.0,661.00,0.0,0.0,659.86,"5,859.00",658.50,"3,866,108.80",46,2.5,21.0,0.38,3.25,0.17,872.00,555.00,630.56,639.01
2021/10/20,59,ICFC,41.69,612.0,652.0,612.0,648.0,648.00,0.0,0.0,638.85,"85,525.00",600.00,"54,638,056.50",441,48.0,40.0,8.0,6.54,1.41,"1,176.80",255.00,,
2021/10/21,59,ICFC,43.8,660.9,675.3,621.0,675.3,675.30,0.0,0.0,644.09,"69,157.00",648.00,"44,543,146.90",455,27.30,54.3,4.21,8.74,4.62,"1,176.80",255.00,,
2021/10/24,60,ICFC,53.36,676.0,709.0,645.0,709.0,709.00,0.0,0.0,667.63,"238,437.00",675.30,"159,186,605.50",944,33.7,64.0,4.99,9.92,5.84,"1,176.80",255.00,,
2021/10/25,61,ICFC,51.94,723.0,763.0,700.0,763.0,763.00,0.0,0.0,743.51,"124,624.00",709.00,"92,659,138.50",980,54.0,63.0,7.62,9.0,2.55,"1,176.80",255.00,,
2021/10/26,61,ICFC,53.35,775.0,814.0,764.0,814.0,814.00,0.0,0.0,793.94,"121,795.00",763.00,"96,697,322.70",934,51.0,50.0,6.68,6.54,2.46,"1,176.80",255.00,,
2021/09/06,62,ICFC,47.78,847.7,951.3,830.8,951.3,951.30,0.0,0.0,907.17,"219,074.00",864.90,"198,736,721.20","1,179",86.4,120.5,9.99,14.5,4.64,"1,176.80",170.00,,
2021/09/07,61,ICFC,40.88,970.3,987.8,918.0,960.0,960.00,0.0,0.0,958.88,"102,309.00",951.30,"98,102,093.30",660,8.7,69.8,0.91,7.6,0.12,"1,176.80",170.00,,
2021/09/08,58,ICFC,42.23,940.8,969.0,908.1,969.0,969.00,0.0,0.0,927.70,"94,776.00",960.00,"87,923,891.20",595,9.0,60.9,0.94,6.71,4.26,"1,176.80",170.00,,
2021/09/09,63,ICFC,49.49,988.0,988.0,912.4,930.0,930.00,0.0,0.0,937.13,"171,168.00",969.00,"160,406,655.60",872,-39.0,75.6,-4.02,8.29,-0.77,"1,176.80",170.00,,
2021/09/10,93,ICFC,32.95,663.0,668.0,647.0,661.0,661.00,0.0,0.0,659.86,"5,859.00",658.50,"3,866,108.80",46,2.5,21.0,0.38,3.25,0.17,872.00,555.00,630.56,639.01
2021/09/12,65,ICFC,45.97,930.0,955.0,912.0,954.7,954.70,0.0,0.0,942.72,"154,148.00",930.00,"145,317,667.10",505,24.70,43.00,2.66,4.71,1.26,"1,176.80",172.00,,
2021/09/13,62,ICFC,45.7,960.0,975.0,940.8,944.0,944.00,0.0,0.0,958.33,"165,794.00",954.70,"158,885,943.90",709,-10.7,34.20,-1.12,3.64,-1.52,"1,176.80",172.00,,
2021/09/14,62,ICFC,39.32,944.0,950.0,888.4,948.0,948.00,0.0,0.0,925.57,"113,984.00",944.00,"105,500,470.00",503,4.00,61.6,0.42,6.93,2.37,"1,176.80",172.00,,
2021/09/15,62,ICFC,48.24,953.0,953.0,885.0,908.9,908.90,0.0,0.0,909.07,"169,198.00",948.00,"153,813,146.90",930,-39.10,68.0,-4.12,7.68,-0.02,"1,176.80",172.00,,
2021/09/16,63,ICFC,40.86,891.0,892.5,845.0,845.0,845.00,0.0,0.0,859.55,"213,300.00",908.90,"183,341,271.00","1,260",-63.9,47.5,-7.03,5.62,-1.72,"1,176.80",172.00,,
2021/09/20,64,ICFC,39.59,861.9,861.9,760.5,760.5,760.50,0.0,0.0,792.78,"163,142.00",845.00,"129,335,017.40",962,-84.5,101.4,-10.0,13.33,-4.24,"1,176.80",185.00,,
2021/09/21,62,ICFC,40.75,760.0,816.0,707.6,746.0,746.00,0.0,0.0,751.19,"144,352.00",760.50,"108,435,287.60",955,-14.5,108.40,-1.91,15.32,-0.7,"1,176.80",185.00,,
2021/09/22,60,ICFC,45.14,760.9,820.6,760.9,820.6,820.60,0.0,0.0,800.28,"124,334.00",746.00,"99,501,616.10",937,74.6,59.70,10.0,7.85,2.48,"1,176.80",185.00,,
2021/09/23,63,ICFC,49.71,837.0,870.0,818.0,835.0,835.00,0.0,0.0,848.58,"116,860.00",820.60,"99,165,398.10",866,14.40,52.0,1.75,6.36,-1.63,"1,176.80",188.00,,
2021/09/26,64,ICFC,50.26,838.0,851.7,755.6,760.0,760.00,0.0,0.0,780.12,"156,489.00",835.00,"122,079,548.40","1,112",-75.0,96.1,-8.98,12.72,-2.65,"1,176.80",190.00,,
2021/09/27,62,ICFC,45.52,761.0,768.0,713.0,725.0,725.00,0.0,0.0,727.83,"103,599.00",760.00,"75,402,556.70",706,-35.0,55.0,-4.61,7.71,-0.39,"1,176.80",190.00,,
2021/08/09,61,ICFC,69.14,680.0,739.2,668.0,739.2,739.20,0.0,0.0,712.72,"452,942.00",672.00,"322,820,591.50","1,766",67.2,71.2,10.0,10.66,3.58,739.20,170.00,,
2021/08/10,63,ICFC,67.66,753.9,813.1,753.9,813.1,813.10,0.0,0.0,812.87,"158,696.00",739.20,"128,999,281.30",457,73.9,59.2,10.0,7.85,0.03,813.10,170.00,,
2021/08/11,61,ICFC,75.24,829.3,894.4,826.4,894.4,894.40,0.0,0.0,853.88,"603,261.00",813.10,"515,113,344.20","2,882",81.30,68.0,10.0,8.23,4.53,894.40,170.00,,
2021/08/12,62,ICFC,71.75,894.4,969.0,859.0,931.0,931.00,0.0,0.0,910.62,"292,458.00",894.40,"266,316,698.10","1,857",36.6,110.0,4.09,12.81,2.19,969.00,170.00,,
2021/08/15,61,ICFC,53.81,913.0,1020.0,850.0,1020.0,"1,020.00",0.0,0.0,902.51,"590,872.00",931.00,"533,270,583.70","2,330",89.0,170.00,9.56,20.0,11.52,"1,020.00",170.00,,
2021/08/16,62,ICFC,65.88,999.7,1019.6,951.0,956.0,956.00,0.0,0.0,977.01,"383,799.00","1,020.00","374,977,326.10","2,119",-64.0,68.6,-6.27,7.21,-2.2,"1,020.00",170.00,,
2021/08/17,62,ICFC,63.41,956.0,1038.3,956.0,1038.0,"1,038.00",0.0,0.0,983.43,"314,116.00",956.00,"308,910,883.80","1,193",82.0,82.3,8.58,8.61,5.26,"1,038.30",170.00,,
2021/08/18,63,ICFC,63.95,1017.3,1109.7,980.0,1109.7,"1,109.70",0.0,0.0,"1,034.65","363,865.00","1,038.00","376,471,919.90","1,880",71.7,129.70,6.91,13.23,6.76,"1,109.70",170.00,,
2021/08/19,63,ICFC,56.99,1100.0,1100.0,1030.0,1030.0,"1,030.00",0.0,0.0,"1,060.06","236,692.00","1,109.70","250,906,643.40","1,244",-79.7,70.00,-7.18,6.8,-2.92,"1,109.70",170.00,,
2021/08/24,61,ICFC,60.63,1020.0,1076.1,980.0,1069.9,"1,069.90",0.0,0.0,"1,040.16","380,797.00","1,030.00","396,088,490.00","1,882",39.9,96.1,3.87,9.81,2.78,"1,109.70",170.00,,
2021/08/25,62,ICFC,57.73,1069.9,1176.8,1003.0,1176.8,"1,176.80",0.0,0.0,"1,091.07","329,750.00","1,069.90","359,780,232.30","1,115",106.9,173.8,9.99,17.33,7.29,"1,176.80",170.00,,
2021/08/26,65,ICFC,54.9,1153.3,1161.0,1078.1,1159.0,"1,159.00",0.0,0.0,"1,132.37","253,146.00","1,176.80","286,653,777.70","1,838",-17.8,82.9,-1.51,7.69,2.3,"1,176.80",170.00,,
2021/08/29,61,ICFC,56.94,1135.9,1135.9,1065.0,1112.0,"1,112.00",0.0,0.0,"1,096.60","349,098.00","1,159.00","382,821,132.40","1,964",-47.0,70.9,-4.06,6.66,1.38,"1,176.80",170.00,,
2021/08/31,61,ICFC,49.47,1089.8,1089.8,1035.0,1068.9,"1,068.90",0.0,0.0,"1,062.74","218,108.00","1,112.00","231,791,177.20","1,030",-43.1,54.8,-3.88,5.29,0.58,"1,176.80",170.00,,
2021/09/01,63,ICFC,41.39,1050.0,1058.0,1007.5,1012.5,"1,012.50",0.0,0.0,"1,021.44","124,605.00","1,068.90","127,276,084.20",801,-56.4,50.5,-5.28,5.01,-0.88,"1,176.80",170.00,,
2021/09/02,63,ICFC,42.59,992.3,1020.0,961.0,961.0,961.00,0.0,0.0,996.60,"140,822.00","1,012.50","140,343,267.50",979,-51.5,59.0,-5.09,6.14,-3.7,"1,176.80",170.00,,
2021/07/14,62,ICFC,58.05,625.0,640.0,615.0,631.0,631.00,0.0,0.0,630.16,"96,739.00",621.00,"60,960,979.00",641,10.0,25.0,1.61,4.07,0.13,735.00,169.00,,
2021/07/15,64,ICFC,63.14,631.0,654.0,620.0,640.0,640.00,0.0,0.0,637.18,"141,170.00",631.00,"89,950,511.00",866,9.0,34.0,1.43,5.48,0.44,735.00,169.00,,
2021/07/18,64,ICFC,76.91,650.0,665.0,628.0,661.0,661.00,0.0,0.0,651.03,"140,667.00",640.00,"91,578,923.80",913,21.0,37.0,3.28,5.89,1.51,735.00,170.00,,
2021/07/19,63,ICFC,67.05,674.0,674.0,640.0,653.0,653.00,0.0,0.0,656.87,"145,300.00",661.00,"95,442,901.00",939,-8.0,34.0,-1.21,5.31,-0.59,735.00,170.00,,
2021/07/20,62,ICFC,57.2,655.0,655.0,635.0,638.0,638.00,0.0,0.0,642.69,"88,460.00",653.00,"56,852,398.70",622,-15.00,20.00,-2.3,3.15,-0.74,735.00,170.00,,
2021/07/22,64,ICFC,52.96,640.0,644.0,630.0,631.0,631.00,0.0,0.0,635.20,"82,974.00",638.00,"52,704,880.70",593,-7.0,14.00,-1.1,2.22,-0.67,735.00,170.00,,
2021/07/25,63,ICFC,57.09,643.0,668.0,638.0,645.0,645.00,0.0,0.0,649.93,"95,388.00",631.00,"61,995,658.70",571,14.0,30.00,2.22,4.7,-0.76,735.00,170.00,,
2021/07/26,63,ICFC,56.78,650.0,651.0,633.0,646.5,646.50,0.0,0.0,643.90,"74,325.00",645.00,"47,857,797.90",433,1.5,18.00,0.23,2.84,0.4,735.00,170.00,,
2021/07/27,63,ICFC,61.91,646.0,661.0,629.0,660.0,660.00,0.0,0.0,652.15,"134,627.00",646.50,"87,796,876.20",672,13.5,32.00,2.09,5.09,1.19,735.00,170.00,,
2021/07/28,63,ICFC,64.78,673.2,709.9,673.0,690.0,690.00,0.0,0.0,688.99,"220,981.00",660.00,"152,252,969.20","1,332",30.0,36.90,4.55,5.48,0.15,735.00,170.00,,
2021/07/29,62,ICFC,60.45,703.0,703.0,676.0,677.1,677.10,0.0,0.0,680.02,"89,709.00",690.00,"61,003,875.10",591,-12.9,27.0,-1.87,3.99,-0.43,735.00,170.00,,
2021/08/01,65,ICFC,65.28,680.0,702.0,675.0,682.0,682.00,0.0,0.0,688.32,"156,622.00",677.10,"107,805,543.80",817,4.9,27.00,0.72,4.0,-0.93,735.00,170.00,,
2021/08/02,63,ICFC,64.80,682.0,689.0,670.0,672.0,672.00,0.0,0.0,677.69,"54,046.00",682.00,"36,626,217.80",380,-10.0,19.0,-1.47,2.84,-0.85,735.00,170.00,,
2021/08/03,62,ICFC,54.49,684.0,684.0,661.1,662.0,662.00,0.0,0.0,665.16,"61,945.00",672.00,"41,203,631.10",407,-10.0,22.9,-1.49,3.46,-0.48,735.00,170.00,,
2021/08/04,64,ICFC,61.76,672.0,695.0,656.0,688.1,688.10,0.0,0.0,679.41,"177,892.00",662.00,"120,862,016.80",872,26.1,39.0,3.94,5.95,1.26,735.00,170.00,,
2021/08/05,63,ICFC,56.5,695.0,700.0,676.0,677.9,677.90,0.0,0.0,689.25,"118,141.00",688.10,"81,428,982.20",768,-10.2,24.0,-1.48,3.55,-1.67,735.00,170.00,,
2021/06/21,93,ICFC,32.95,663.0,668.0,647.0,661.0,661.00,0.0,0.0,659.86,"5,859.00",658.50,"3,866,108.80",46,2.5,21.0,0.38,3.25,0.17,872.00,555.00,630.56,639.01
2021/06/22,61,ICFC,55.76,560.0,610.0,559.0,600.0,600.00,0.0,0.0,590.23,"121,221.00",566.00,"71,548,081.00",854,34.0,51.0,6.01,9.12,1.63,735.00,161.00,,
2021/06/23,61,ICFC,49.96,610.0,622.0,575.0,579.0,579.00,0.0,0.0,589.38,"108,889.00",600.00,"64,176,999.00",615,-21.0,47.00,-3.5,8.17,-1.79,735.00,161.00,,
2021/06/24,63,ICFC,47.89,607.0,607.0,552.0,567.0,567.00,0.0,0.0,572.11,"78,683.00",579.00,"45,015,163.00",466,-12.00,55.0,-2.07,9.96,-0.9,735.00,161.00,,
2021/06/27,63,ICFC,48.70,578.0,589.0,550.0,552.0,552.00,0.0,0.0,562.98,"77,542.00",567.00,"43,654,337.00",441,-15.0,39.0,-2.65,7.09,-1.99,735.00,161.00,,
2021/06/28,60,ICFC,46.62,563.0,563.0,527.0,527.0,527.00,0.0,0.0,538.37,"91,899.00",552.00,"49,475,619.00",613,-25.0,36.0,-4.53,6.83,-2.16,735.00,161.00,,
2021/06/29,63,ICFC,50.70,537.0,538.0,495.0,501.0,501.00,0.0,0.0,506.58,"139,623.00",527.00,"70,730,384.00",794,-26.0,43.0,-4.93,8.69,-1.11,735.00,161.00,,
2021/06/30,59,ICFC,48.09,501.0,545.0,488.0,540.0,540.00,0.0,0.0,511.12,"127,895.00",501.00,"65,370,128.00",783,39.0,57.0,7.78,11.68,5.35,735.00,161.00,,
2021/07/01,61,ICFC,52.41,540.0,566.0,540.0,554.0,554.00,0.0,0.0,556.28,"117,924.00",540.00,"65,598,731.00",794,14.0,26.0,2.59,4.81,-0.41,735.00,161.00,,
2021/07/04,62,ICFC,53.63,567.0,567.0,540.0,544.0,544.00,0.0,0.0,554.13,"66,004.00",554.00,"36,574,967.00",459,-10.0,27.0,-1.81,5.0,-1.86,735.00,161.00,,
2021/07/05,61,ICFC,44.38,550.0,550.0,528.0,528.0,528.00,0.0,0.0,533.21,"49,812.00",544.00,"26,560,455.00",275,-16.0,22.00,-2.94,4.17,-0.99,735.00,161.00,,
2021/07/06,63,ICFC,42.88,530.0,545.0,526.0,530.0,530.00,0.0,0.0,532.83,"30,397.00",528.00,"16,196,333.00",211,2.00,19.00,0.38,3.61,-0.53,735.00,164.00,,
2021/07/07,63,ICFC,37.80,530.0,540.0,515.0,515.0,515.00,0.0,0.0,523.90,"33,787.00",530.00,"17,701,158.00",225,-15.0,25.00,-2.83,4.85,-1.73,735.00,165.00,,
2021/07/08,66,ICFC,50.15,519.0,542.0,519.0,530.0,530.00,0.0,0.0,530.77,"54,169.00",515.00,"28,751,164.00",327,15.00,23.0,2.91,4.43,-0.14,735.00,169.00,,
2021/07/11,62,ICFC,61.03,540.0,583.0,540.0,583.0,583.00,0.0,0.0,574.90,"163,839.00",530.00,"94,191,674.00",843,53.0,43.0,10.0,7.96,1.39,735.00,169.00,,
2021/07/12,63,ICFC,60.49,590.0,621.0,556.0,583.0,583.00,0.0,0.0,592.49,"272,307.00",583.00,"161,337,856.00","1,563",0.0,65.0,0.0,11.69,-1.63,735.00,169.00,,
2021/05/27,60,ICFC,63.72,400.0,421.0,385.0,417.0,417.00,0.0,0.0,408.78,"160,856.00",403.00,"65,754,253.00",684,14.00,36.00,3.47,9.35,1.97,431.00,161.00,,
2021/05/30,62,ICFC,63.73,419.0,452.0,411.0,439.0,439.00,0.0,0.0,436.99,"200,853.00",417.00,"87,770,019.00",879,22.0,41.00,5.28,9.98,0.46,452.00,161.00,,
2021/05/31,62,ICFC,59.95,447.0,447.0,415.0,415.0,415.00,0.0,0.0,427.29,"141,886.00",439.00,"60,626,300.00",759,-24.00,32.00,-5.47,7.71,-2.96,452.00,161.00,,
2021/06/01,59,ICFC,63.19,416.0,430.0,407.0,417.0,417.00,0.0,0.0,416.47,"125,904.00",415.00,"52,435,121.00",517,2.0,23.0,0.48,5.65,0.13,452.00,161.00,,
2021/06/02,61,ICFC,70.32,424.0,458.0,417.0,458.0,458.00,0.0,0.0,442.92,"319,396.00",417.00,"141,467,213.00","1,268",41.00,41.00,9.83,9.83,3.29,458.00,161.00,,
2021/06/03,59,ICFC,70.13,460.0,495.0,453.0,462.0,462.00,0.0,0.0,470.98,"340,901.00",458.00,"160,556,750.00","1,405",4.0,42.00,0.87,9.27,-1.94,495.00,161.00,,
2021/06/06,60,ICFC,70.03,467.0,489.0,445.0,480.0,480.00,0.0,0.0,457.80,"187,743.00",462.00,"85,949,482.00",974,18.0,44.00,3.9,9.89,4.62,495.00,161.00,,
2021/06/07,62,ICFC,72.94,490.0,528.0,480.0,528.0,528.00,0.0,0.0,512.71,"444,391.00",480.00,"227,842,281.00","1,797",48.0,48.0,10.0,10.0,2.9,528.00,161.00,,
2021/06/08,60,ICFC,66.04,540.0,580.0,540.0,580.0,580.00,0.0,0.0,578.33,"121,201.00",528.00,"70,094,725.00",542,52.0,40.0,9.85,7.41,0.29,580.00,161.00,,
2021/06/09,62,ICFC,70.84,609.0,638.0,550.0,589.0,589.00,0.0,0.0,596.56,"404,090.00",580.00,"241,062,027.00","2,156",9.0,88.0,1.55,16.0,-1.28,638.00,161.00,,
2021/06/10,61,ICFC,70.01,600.0,637.0,574.0,620.0,620.00,0.0,0.0,599.31,"285,367.00",589.00,"171,023,024.00","1,712",31.0,63.0,5.26,10.98,3.34,638.00,161.00,,
2021/06/13,61,ICFC,72.59,620.0,682.0,620.0,682.0,682.00,0.0,0.0,656.68,"405,007.00",620.00,"265,958,864.00","1,702",62.0,62.0,10.0,10.0,3.71,682.00,161.00,,
2021/06/14,63,ICFC,67.60,716.0,735.0,670.0,696.0,696.00,0.0,0.0,706.39,"272,197.00",682.00,"192,277,133.00","1,569",14.0,65.00,2.05,9.7,-1.49,735.00,161.00,,
2021/06/15,62,ICFC,64.80,696.0,698.0,649.0,655.0,655.00,0.0,0.0,668.67,"226,153.00",696.00,"151,220,687.00","1,455",-41.0,49.0,-5.89,7.55,-2.09,735.00,161.00,,
2021/06/16,61,ICFC,60.97,640.0,676.0,590.0,615.0,615.00,0.0,0.0,628.92,"266,706.00",655.00,"167,737,383.00","1,540",-40.0,86.00,-6.11,14.58,-2.26,735.00,161.00,,
2021/06/17,63,ICFC,56.98,620.0,655.0,593.0,632.0,632.00,0.0,0.0,626.32,"164,615.00",615.00,"103,102,366.00","1,075",17.0,62.0,2.76,10.46,0.9,735.00,161.00,,
2021/05/03,60,ICFC,50.46,315.0,318.0,310.0,314.0,314.00,0.0,0.0,313.33,"22,075.00",315.00,"6,916,774.00",133,-1.0,8.0,-0.32,2.58,0.21,346.00,161.00,,
2021/05/04,60,ICFC,63.12,314.0,314.0,310.0,311.0,311.00,0.0,0.0,311.42,"13,958.00",314.00,"4,346,731.00",90,-3.0,4.0,-0.96,1.29,-0.13,346.00,161.00,,
2021/05/05,63,ICFC,52.25,312.0,314.0,310.0,312.0,312.00,0.0,0.0,312.04,"14,054.00",311.00,"4,385,378.00",88,1.0,4.0,0.32,1.29,-0.01,346.00,161.00,,
2021/05/06,60,ICFC,59.05,315.0,320.0,312.0,317.0,317.00,0.0,0.0,316.07,"48,102.00",312.00,"15,203,788.00",220,5.0,8.00,1.6,2.56,0.29,346.00,161.00,,
2021/05/09,62,ICFC,51.52,314.0,319.0,314.0,314.0,314.00,0.0,0.0,315.39,"25,554.00",317.00,"8,059,596.00",121,-3.0,5.0,-0.95,1.59,-0.44,346.00,161.00,,
2021/05/10,62,ICFC,62.86,310.0,319.0,308.0,315.0,315.00,0.0,0.0,312.63,"15,642.00",314.00,"4,890,178.00",74,1.00,11.00,0.32,3.57,0.75,346.00,161.00,,
2021/05/11,62,ICFC,62.71,315.0,317.0,314.0,316.0,316.00,0.0,0.0,315.29,"10,769.00",315.00,"3,395,365.00",79,1.0,3.00,0.32,0.96,0.22,346.00,161.00,,
2021/05/12,60,ICFC,64.59,319.0,320.0,313.0,319.0,319.00,0.0,0.0,318.14,"30,826.00",316.00,"9,806,853.00",164,3.00,7.00,0.95,2.24,0.27,346.00,161.00,,
2021/05/13,61,ICFC,70.65,320.0,337.0,319.0,334.0,334.00,0.0,0.0,330.60,"128,090.00",319.00,"42,346,640.00",554,15.0,18.00,4.7,5.64,1.02,346.00,161.00,,
2021/05/16,60,ICFC,71.29,336.0,352.0,335.0,338.0,338.00,0.0,0.0,338.31,"65,710.00",334.00,"22,230,587.00",416,4.0,17.00,1.2,5.07,-0.09,352.00,161.00,,
2021/05/17,60,ICFC,72.9,338.0,339.0,331.0,333.0,333.00,0.0,0.0,333.39,"69,589.00",338.00,"23,200,595.00",350,-5.0,8.0,-1.48,2.42,-0.12,352.00,161.00,,
2021/05/18,60,ICFC,76.69,332.0,352.0,331.0,350.0,350.00,0.0,0.0,347.10,"184,621.00",333.00,"64,082,140.00",777,17.0,21.0,5.11,6.34,0.83,352.00,161.00,,
2021/05/19,59,ICFC,69.01,367.0,367.0,346.0,349.0,349.00,0.0,0.0,355.43,"145,586.00",350.00,"51,744,986.00",692,-1.0,21.0,-0.29,6.07,-1.84,367.00,161.00,,
2021/05/20,60,ICFC,75.03,351.0,383.0,348.0,378.0,378.00,0.0,0.0,365.76,"227,884.00",349.00,"83,351,717.00","1,046",29.0,35.0,8.31,10.06,3.24,383.00,161.00,,
2021/05/23,61,ICFC,78.2,378.0,415.0,358.0,415.0,415.00,0.0,0.0,401.84,"398,098.00",378.00,"159,971,255.00","1,650",37.0,57.0,9.79,15.92,3.17,415.00,161.00,,
2021/05/24,60,ICFC,70.42,430.0,431.0,395.0,404.0,404.00,0.0,0.0,411.31,"265,471.00",415.00,"109,191,619.00","1,245",-11.0,36.00,-2.65,9.11,-1.81,431.00,161.00,,
2021/04/06,60,ICFC,69.07,311.0,315.0,307.0,311.0,311.00,0.0,0.0,309.51,"17,532.00",312.00,"5,426,355.00",112,-1.00,8.0,-0.32,2.61,0.48,335.00,161.00,,
2021/04/07,59,ICFC,62.2,314.0,314.0,306.0,308.0,308.00,0.0,0.0,308.65,"27,311.00",311.00,"8,429,670.00",122,-3.0,8.0,-0.96,2.61,-0.21,335.00,161.00,,
2021/04/08,60,ICFC,70.27,308.0,325.0,308.0,323.0,323.00,0.0,0.0,316.96,"125,239.00",308.00,"39,695,796.00",471,15.0,17.0,4.87,5.52,1.87,335.00,161.00,,
2021/04/12,59,ICFC,67.59,323.0,331.0,317.0,323.0,323.00,0.0,0.0,324.11,"70,016.00",323.00,"22,692,733.00",317,0.0,14.0,0.0,4.42,-0.34,335.00,161.00,,
2021/04/13,60,ICFC,71.18,323.0,342.0,319.0,336.0,336.00,0.0,0.0,329.22,"115,136.00",323.00,"37,904,512.00",389,13.0,23.0,4.02,7.21,2.02,342.00,161.00,,
2021/04/15,63,ICFC,69.15,336.0,346.0,334.0,340.0,340.00,0.0,0.0,340.92,"77,489.00",336.00,"26,417,833.00",378,4.0,12.0,1.19,3.59,-0.27,346.00,161.00,,
2021/04/18,59,ICFC,59.27,323.0,345.0,323.0,330.0,330.00,0.0,0.0,332.66,"58,086.00",340.00,"19,323,131.00",299,-10.0,22.0,-2.94,6.81,-0.81,346.00,161.00,,
2021/04/19,59,ICFC,60.93,328.0,342.0,323.0,332.0,332.00,0.0,0.0,331.89,"83,403.00",330.00,"27,680,426.00",285,2.0,19.0,0.61,5.88,0.03,346.00,161.00,,
2021/04/20,59,ICFC,53.52,330.0,334.0,326.0,332.0,332.00,0.0,0.0,330.42,"25,801.00",332.00,"8,525,182.00",128,0.00,8.0,0.0,2.45,0.48,346.00,161.00,,
2021/04/21,58,ICFC,49.76,338.0,338.0,320.0,320.0,320.00,0.0,0.0,325.17,"33,078.00",332.00,"10,755,963.00",192,-12.00,18.0,-3.61,5.63,-1.62,346.00,161.00,,
2021/04/22,59,ICFC,52.24,320.0,326.0,316.0,326.0,326.00,0.0,0.0,321.75,"26,862.00",320.00,"8,642,947.00",122,6.0,10.0,1.88,3.16,1.3,346.00,161.00,,
2021/04/25,60,ICFC,48.71,328.0,328.0,308.0,310.0,310.00,0.0,0.0,311.21,"48,514.00",326.00,"15,098,087.00",247,-16.0,20.0,-4.91,6.49,-0.39,346.00,161.00,,
2021/04/26,60,ICFC,45.87,307.0,316.0,299.0,304.0,304.00,0.0,0.0,303.06,"47,384.00",310.00,"14,360,307.00",237,-6.0,17.0,-1.94,5.69,0.31,346.00,161.00,,
2021/04/27,61,ICFC,48.29,307.0,315.0,304.0,313.0,313.00,0.0,0.0,309.88,"26,628.00",304.00,"8,251,392.00",145,9.0,11.0,2.96,3.62,1.0,346.00,161.00,,
2021/04/28,60,ICFC,42.75,311.0,313.0,305.0,308.0,308.00,0.0,0.0,308.38,"17,589.00",313.00,"5,424,018.00",104,-5.00,8.0,-1.6,2.62,-0.12,346.00,161.00,,
2021/04/29,61,ICFC,48.32,309.0,312.0,302.0,309.0,309.00,0.0,0.0,305.46,"18,731.00",308.00,"5,721,499.00",116,1.0,10.0,0.32,3.31,1.15,346.00,161.00,,
2021/03/14,58,ICFC,46.31,296.0,296.0,289.0,290.0,290.00,0.0,0.0,290.58,"14,356.00",296.00,"4,171,626.00",109,-6.0,7.0,-2.03,2.42,-0.2,335.00,158.00,,
2021/03/15,58,ICFC,49.13,286.0,291.0,286.0,287.0,287.00,0.0,0.0,287.95,"20,220.00",290.00,"5,822,363.00",94,-3.0,5.00,-1.03,1.75,-0.33,335.00,158.00,,
2021/03/16,61,ICFC,44.51,285.0,295.0,285.0,289.0,289.00,0.0,0.0,290.28,"5,302.00",287.00,"1,539,045.00",52,2.00,10.00,0.7,3.51,-0.44,335.00,158.00,,
2021/03/17,60,ICFC,50.37,294.0,295.0,289.0,294.0,294.00,0.0,0.0,293.13,"9,187.00",289.00,"2,692,946.00",67,5.0,6.0,1.73,2.08,0.3,335.00,158.00,,
2021/03/18,60,ICFC,60.78,308.0,308.0,292.0,300.0,300.00,0.0,0.0,299.48,"22,909.00",294.00,"6,860,753.00",117,6.0,16.0,2.04,5.48,0.17,335.00,158.00,,
2021/03/21,61,ICFC,64.06,305.0,305.0,298.0,304.0,304.00,0.0,0.0,301.99,"27,258.00",300.00,"8,231,589.00",111,4.00,7.00,1.33,2.35,0.66,335.00,161.00,,
2021/03/22,60,ICFC,60.45,304.0,304.0,298.0,300.0,300.00,0.0,0.0,299.38,"18,647.00",304.00,"5,582,540.00",75,-4.0,6.0,-1.32,2.01,0.21,335.00,161.00,,
2021/03/23,60,ICFC,56.06,306.0,306.0,296.0,297.0,297.00,0.0,0.0,298.13,"7,172.00",300.00,"2,138,172.00",49,-3.00,10.00,-1.0,3.38,-0.38,335.00,161.00,,
2021/03/24,60,ICFC,58.47,297.0,302.0,297.0,299.0,299.00,0.0,0.0,299.82,"16,028.00",297.00,"4,805,515.00",91,2.00,5.00,0.67,1.68,-0.27,335.00,161.00,,
2021/03/25,60,ICFC,54.25,303.0,304.0,296.0,297.0,297.00,0.0,0.0,299.06,"28,666.00",299.00,"8,572,936.00",136,-2.0,8.00,-0.67,2.7,-0.69,335.00,161.00,,
2021/03/29,61,ICFC,52.72,300.0,300.0,296.0,296.0,296.00,0.0,0.0,297.65,"7,703.00",297.00,"2,292,812.00",52,-1.0,4.00,-0.34,1.35,-0.56,335.00,161.00,,
2021/03/30,60,ICFC,61.31,296.0,303.0,296.0,300.0,300.00,0.0,0.0,299.24,"5,189.00",296.00,"1,552,733.00",81,4.0,7.0,1.35,2.36,0.25,335.00,161.00,,
2021/03/31,60,ICFC,60.65,303.0,303.0,298.0,302.0,302.00,0.0,0.0,300.36,"16,793.00",300.00,"5,043,955.00",108,2.0,5.0,0.67,1.68,0.54,335.00,161.00,,
2021/04/01,63,ICFC,63.11,300.0,319.0,300.0,306.0,306.00,0.0,0.0,309.01,"66,516.00",302.00,"20,554,184.00",313,4.00,19.00,1.32,6.33,-0.98,335.00,161.00,,
2021/04/03,93,ICFC,32.95,663.0,668.0,647.0,661.0,661.00,0.0,0.0,659.86,"5,859.00",658.50,"3,866,108.80",46,2.5,21.0,0.38,3.25,0.17,872.00,555.00,630.56,639.01
2021/04/04,59,ICFC,69.15,310.0,315.0,308.0,310.0,310.00,0.0,0.0,311.77,"26,113.00",306.00,"8,141,380.00",184,4.0,7.00,1.31,2.27,-0.57,335.00,161.00,,
2021/02/15,59,ICFC,66.78,325.0,325.0,311.0,316.0,316.00,0.0,0.0,315.51,"37,237.00",310.00,"11,748,624.00",160,6.0,14.0,1.94,4.5,0.16,335.00,158.00,,
2021/02/16,61,ICFC,56.92,331.0,331.0,315.0,326.0,326.00,0.0,0.0,321.54,"102,084.00",316.00,"32,824,164.00",262,10.0,16.0,3.16,5.08,1.37,335.00,158.00,,
2021/02/17,59,ICFC,58.02,327.0,327.0,318.0,322.0,322.00,0.0,0.0,322.97,"40,291.00",326.00,"13,012,842.00",190,-4.0,9.0,-1.23,2.83,-0.3,335.00,158.00,,
2021/02/18,60,ICFC,64.92,322.0,327.0,318.0,321.0,321.00,0.0,0.0,323.20,"44,115.00",322.00,"14,257,973.00",159,-1.0,9.0,-0.31,2.83,-0.69,335.00,158.00,,
2021/02/21,93,ICFC,32.95,663.0,668.0,647.0,661.0,661.00,0.0,0.0,659.86,"5,859.00",658.50,"3,866,108.80",46,2.5,21.0,0.38,3.25,0.17,872.00,555.00,630.56,639.01
2021/02/22,60,ICFC,48.38,320.0,321.0,316.0,316.0,316.00,0.0,0.0,318.29,"30,417.00",323.00,"9,681,467.00",132,-7.0,5.0,-2.17,1.58,-0.73,335.00,158.00,,
2021/02/23,59,ICFC,48.67,301.0,318.0,301.0,315.0,315.00,0.0,0.0,310.50,"44,739.00",316.00,"13,891,420.00",179,-1.00,17.0,-0.32,5.65,1.43,335.00,158.00,,
2021/02/24,58,ICFC,45.74,316.0,321.0,314.0,315.0,315.00,0.0,0.0,315.51,"18,499.00",315.00,"5,836,595.00",136,0.0,7.0,0.0,2.23,-0.16,335.00,158.00,,
2021/02/25,60,ICFC,47.07,310.0,315.0,304.0,307.0,307.00,0.0,0.0,307.77,"41,125.00",315.00,"12,657,239.00",206,-8.0,11.0,-2.54,3.62,-0.25,335.00,158.00,,
2021/02/28,57,ICFC,46.29,292.0,308.0,292.0,302.0,302.00,0.0,0.0,301.79,"41,029.00",307.00,"12,382,249.00",243,-5.0,16.0,-1.63,5.48,0.07,335.00,158.00,,
2021/03/01,58,ICFC,45.23,300.0,307.0,295.0,306.0,306.00,0.0,0.0,301.56,"22,881.00",302.00,"6,899,932.00",170,4.0,12.0,1.32,4.07,1.45,335.00,158.00,,
2021/03/02,59,ICFC,52.57,305.0,305.0,293.0,296.0,296.00,0.0,0.0,296.69,"27,964.00",306.00,"8,296,538.00",159,-10.0,12.0,-3.27,4.1,-0.23,335.00,158.00,,
2021/03/03,58,ICFC,47.07,292.0,295.0,286.0,295.0,295.00,0.0,0.0,289.18,"39,406.00",296.00,"11,395,326.00",170,-1.0,9.00,-0.34,3.15,1.97,335.00,158.00,,
2021/03/04,60,ICFC,49.05,297.0,303.0,293.0,303.0,303.00,0.0,0.0,300.43,"19,748.00",295.00,"5,932,850.00",131,8.0,10.0,2.71,3.41,0.85,335.00,158.00,,
2021/03/07,60,ICFC,39.59,309.0,309.0,298.0,299.0,299.00,0.0,0.0,300.06,"12,327.00",303.00,"3,698,899.00",91,-4.00,11.0,-1.32,3.69,-0.36,335.00,158.00,,
2021/03/09,59,ICFC,55.45,300.0,300.0,296.0,297.0,297.00,0.0,0.0,297.48,"10,444.00",299.00,"3,106,866.00",89,-2.0,4.0,-0.67,1.35,-0.16,335.00,158.00,,
2021/01/21,61,ICFC,71.16,318.0,326.0,309.0,314.0,314.00,0.0,0.0,314.53,"70,839.00",316.00,"22,280,787.00",259,-2.0,17.00,-0.63,5.5,-0.17,326.00,158.00,,
2021/01/24,59,ICFC,66.63,329.0,329.0,308.0,313.0,313.00,0.0,0.0,311.06,"83,997.00",314.00,"26,127,972.00",309,-1.0,21.0,-0.32,6.82,0.62,329.00,158.00,,
2021/01/25,59,ICFC,54.83,314.0,314.0,306.0,308.0,308.00,0.0,0.0,308.84,"40,178.00",313.00,"12,408,721.00",187,-5.00,8.00,-1.6,2.61,-0.27,329.00,158.00,,
2021/01/26,60,ICFC,53.26,312.0,313.0,305.0,308.0,308.00,0.0,0.0,308.06,"49,839.00",308.00,"15,353,245.00",210,0.0,8.00,0.0,2.62,-0.02,329.00,158.00,,
2021/01/27,60,ICFC,51.94,311.0,312.0,301.0,307.0,307.00,0.0,0.0,305.53,"29,536.00",308.00,"9,024,007.00",134,-1.0,11.0,-0.32,3.65,0.48,329.00,158.00,,
2021/01/28,60,ICFC,55.77,322.0,322.0,289.0,295.0,295.00,0.0,0.0,295.75,"80,392.00",307.00,"23,775,579.00",313,-12.0,33.00,-3.91,11.42,-0.25,329.00,158.00,,
2021/01/31,59,ICFC,52.58,295.0,296.0,279.0,279.0,279.00,0.0,0.0,285.57,"59,292.00",295.00,"16,931,824.00",222,-16.0,17.0,-5.42,6.09,-2.35,329.00,158.00,,
2021/02/01,57,ICFC,52.78,284.0,294.0,280.0,294.0,294.00,0.0,0.0,288.05,"53,388.00",279.00,"15,378,660.00",204,15.00,14.0,5.38,5.0,2.02,329.00,158.00,,
2021/02/02,58,ICFC,50.12,299.0,304.0,292.0,296.0,296.00,0.0,0.0,295.92,"29,379.00",294.00,"8,693,708.00",126,2.0,12.0,0.68,4.11,0.03,329.00,158.00,,
2021/02/03,58,ICFC,53.34,297.0,300.0,288.0,294.0,294.00,0.0,0.0,294.17,"30,251.00",296.00,"8,898,821.00",138,-2.0,12.0,-0.68,4.17,-0.06,329.00,158.00,,
2021/02/04,59,ICFC,58.44,289.0,294.0,287.0,293.0,293.00,0.0,0.0,290.29,"26,369.00",294.00,"7,654,556.00",139,-1.0,7.0,-0.34,2.44,0.93,329.00,158.00,,
2021/02/07,60,ICFC,54.52,293.0,297.0,288.0,295.0,295.00,0.0,0.0,292.58,"44,819.00",293.00,"13,113,264.00",160,2.0,9.0,0.68,3.13,0.82,329.00,158.00,,
2021/02/08,60,ICFC,59.69,309.0,309.0,296.0,302.0,302.00,0.0,0.0,301.13,"83,386.00",295.00,"25,109,959.00",233,7.0,13.0,2.37,4.39,0.29,329.00,158.00,,
2021/02/09,58,ICFC,52.5,306.0,306.0,297.0,297.0,297.00,0.0,0.0,298.01,"18,228.00",302.00,"5,432,074.00",76,-5.0,9.0,-1.66,3.03,-0.34,329.00,158.00,,
2021/02/10,59,ICFC,67.64,283.0,326.0,283.0,326.0,326.00,0.0,0.0,314.60,"196,008.00",297.00,"61,663,781.00",679,29.0,43.0,9.76,15.19,3.5,329.00,158.00,,
2021/02/11,61,ICFC,64.85,332.0,335.0,316.0,320.0,320.00,0.0,0.0,326.15,"80,530.00",326.00,"26,264,933.00",421,-6.0,19.0,-1.84,6.01,-1.92,335.00,158.00,,
2021/03/10,58,ICFC,57.97,302.0,307.0,296.0,296.0,296.00,0.0,0.0,296.93,"20,677.00",297.00,"6,139,713.00",89,-1.0,11.00,-0.34,3.72,-0.32,335.00,158.00,,
2021/04/05,59,ICFC,68.61,314.0,322.0,308.0,312.0,312.00,0.0,0.0,313.11,"28,801.00",310.00,"9,017,823.00",182,2.0,14.00,0.65,4.55,-0.36,335.00,161.00,,
2021/05/02,65,ICFC,62.62,310.0,319.0,308.0,315.0,315.00,0.0,0.0,314.97,"22,693.00",309.00,"7,147,714.00",143,6.0,11.0,1.94,3.57,0.01,346.00,161.00,,
2021/05/25,60,ICFC,70.07,408.0,413.0,395.0,403.0,403.00,0.0,0.0,401.70,"145,937.00",404.00,"58,622,221.00",597,-1.00,18.00,-0.25,4.56,0.32,431.00,161.00,,
2021/06/20,63,ICFC,52.79,640.0,640.0,585.0,605.0,605.00,0.0,0.0,611.22,"141,887.00",632.00,"86,723,494.00",895,-27.0,55.00,-4.27,9.4,-1.03,735.00,161.00,,
2021/07/13,62,ICFC,60.41,583.0,635.0,576.0,621.0,621.00,0.0,0.0,609.04,"141,043.00",583.00,"85,900,973.00",891,38.0,59.0,6.52,10.24,1.93,735.00,169.00,,
2021/08/08,62,ICFC,55.82,682.0,689.0,672.0,672.0,672.00,0.0,0.0,680.05,"88,128.00",677.90,"59,931,559.80",517,-5.9,17.0,-0.87,2.53,-1.2,735.00,170.00,,
2021/09/05,61,ICFC,45.05,941.8,951.0,864.9,864.9,864.90,0.0,0.0,885.63,"163,404.00",961.00,"144,716,269.70","1,180",-96.1,86.1,-10.0,9.95,-2.4,"1,176.80",170.00,,
2021/09/28,59,ICFC,39.9,712.0,734.0,652.5,666.0,666.00,0.0,0.0,668.92,"229,815.00",725.00,"153,727,089.00","1,214",-59.0,81.5,-8.14,12.49,-0.44,"1,176.80",190.00,,
2021/10/27,61,ICFC,59.66,815.0,823.2,771.0,800.0,800.00,0.0,0.0,799.59,"261,755.00",814.00,"209,296,907.50","1,367",-14.00,52.2,-1.72,6.77,0.05,"1,176.80",255.00,,
2021/11/24,61,ICFC,49.23,819.3,864.9,794.0,849.0,849.00,0.0,0.0,830.46,"224,881.00",819.20,"186,754,333.60",940,29.80,70.9,3.64,8.93,2.18,"1,176.80",255.00,,
2021/12/20,61,ICFC,43.33,598.0,599.0,566.0,572.0,572.00,0.0,0.0,577.24,"33,434.00",588.00,"19,299,284.00",355,-16.0,33.0,-2.72,5.83,-0.92,"1,176.80",255.00,,
2022/01/13,60,ICFC,61.67,700.1,775.0,700.1,775.0,775.00,0.0,0.0,732.39,"123,926.00",714.00,"90,762,483.10",962,61.0,74.9,8.54,10.7,5.5,"1,176.80",267.00,,
2022/02/08,62,ICFC,45.72,726.2,754.8,705.0,710.0,710.00,0.0,0.0,719.17,"113,731.00",712.00,"81,791,608.20",654,-2.0,49.8,-0.28,7.06,-1.29,"1,176.80",283.00,,
2022/03/07,64,ICFC,30.42,652.0,652.0,625.0,625.0,625.00,0.0,0.0,633.68,"32,589.00",642.00,"20,650,942.50",339,-17.0,27.0,-2.65,4.32,-1.39,"1,176.80",285.00,,
2020/12/28,61,ICFC,51.76,280.0,284.0,280.0,280.0,280.00,0.0,0.0,281.39,"6,773.00",284.00,"1,905,877.00",42,-4.0,4.0,-1.41,1.43,-0.5,325.00,145.00,,
2020/12/29,60,ICFC,54.57,284.0,284.0,279.0,279.0,279.00,0.0,0.0,280.31,"4,177.00",280.00,"1,170,866.00",34,-1.00,5.0,-0.36,1.79,-0.47,325.00,145.00,,
2020/12/30,58,ICFC,57.15,279.0,284.0,279.0,280.0,280.00,0.0,0.0,280.31,"18,829.00",279.00,"5,277,971.00",42,1.0,5.00,0.36,1.79,-0.11,325.00,145.00,,
2020/12/31,59,ICFC,65.07,285.0,290.0,283.0,290.0,290.00,0.0,0.0,285.50,"31,359.00",280.00,"8,953,061.00",166,10.0,7.0,3.57,2.47,1.55,325.00,145.00,,
2021/01/03,59,ICFC,50.01,267.0,272.0,265.0,266.0,266.00,0.0,0.0,268.22,"28,248.00",262.00,"7,576,636.00",124,4.00,7.0,1.53,2.64,-0.83,325.00,149.00,,
2021/01/04,57,ICFC,49.27,269.0,270.0,265.0,267.0,267.00,0.0,0.0,267.48,"9,272.00",266.00,"2,480,116.00",44,1.0,5.00,0.38,1.89,-0.18,325.00,149.00,,
2021/01/05,57,ICFC,47.11,267.0,267.0,261.0,261.0,261.00,0.0,0.0,263.00,"8,429.00",267.00,"2,216,804.00",55,-6.0,6.0,-2.25,2.3,-0.77,325.00,149.00,,
2021/01/06,57,ICFC,47.7,262.0,266.0,259.0,259.0,259.00,0.0,0.0,261.77,"12,671.00",261.00,"3,316,935.00",64,-2.0,7.0,-0.77,2.7,-1.07,325.00,149.00,,
2021/01/07,59,ICFC,61.84,262.0,262.0,255.0,260.0,260.00,0.0,0.0,257.82,"48,002.00",259.00,"12,375,795.00",114,1.0,7.0,0.39,2.75,0.84,325.00,149.00,,
2021/01/10,59,ICFC,61.79,265.0,275.0,257.0,263.0,263.00,0.0,0.0,262.99,"24,284.00",260.00,"6,386,340.00",107,3.0,18.0,1.15,7.0,0.01,325.00,155.00,,
2021/01/11,60,ICFC,69.99,268.0,270.0,264.0,268.0,268.00,0.0,0.0,267.09,"40,421.00",263.00,"10,795,861.00",107,5.0,6.0,1.9,2.27,0.34,325.00,155.00,,
2021/01/12,58,ICFC,65.94,281.0,281.0,266.0,270.0,270.00,0.0,0.0,268.74,"13,735.00",268.00,"3,691,102.00",77,2.0,15.0,0.75,5.64,0.47,325.00,155.00,,
2021/01/13,93,ICFC,32.95,663.0,668.0,647.0,661.0,661.00,0.0,0.0,659.86,"5,859.00",658.50,"3,866,108.80",46,2.5,21.0,0.38,3.25,0.17,872.00,555.00,630.56,639.01
2021/01/17,59,ICFC,65.74,283.0,290.0,283.0,289.0,289.00,0.0,0.0,287.76,"64,212.00",278.00,"18,477,464.00",215,11.0,7.0,3.96,2.47,0.43,325.00,158.00,,
2021/01/18,60,ICFC,73.45,294.0,310.0,294.0,300.0,300.00,0.0,0.0,301.12,"105,896.00",289.00,"31,887,438.00",339,11.0,16.0,3.81,5.44,-0.37,325.00,158.00,,
2021/01/19,59,ICFC,73.7,315.0,315.0,300.0,311.0,311.00,0.0,0.0,306.36,"134,881.00",300.00,"41,322,182.00",391,11.0,15.0,3.67,5.0,1.49,325.00,158.00,,
2020/12/04,93,ICFC,32.95,663.0,668.0,647.0,661.0,661.00,0.0,0.0,659.86,"5,859.00",658.50,"3,866,108.80",46,2.5,21.0,0.38,3.25,0.17,872.00,555.00,630.56,639.01
2020/12/06,58,ICFC,48.26,300.0,300.0,284.0,284.0,284.00,0.0,0.0,291.39,"10,697.00",298.00,"3,117,031.00",74,-14.00,16.0,-4.7,5.63,-2.6,325.00,145.00,,
2020/12/07,60,ICFC,67.41,287.0,300.0,287.0,295.0,295.00,0.0,0.0,294.34,"42,863.00",284.00,"12,616,373.00",198,11.0,13.00,3.87,4.53,0.22,325.00,145.00,,
2020/12/08,60,ICFC,58.16,300.0,305.0,291.0,294.0,294.00,0.0,0.0,296.37,"33,449.00",295.00,"9,913,217.00",180,-1.00,14.00,-0.34,4.81,-0.81,325.00,145.00,,
2020/12/09,59,ICFC,51.31,296.0,296.0,286.0,290.0,290.00,0.0,0.0,288.58,"15,025.00",294.00,"4,335,970.00",84,-4.0,10.0,-1.36,3.5,0.49,325.00,145.00,,
2020/12/10,59,ICFC,58.43,285.0,292.0,285.0,286.0,286.00,0.0,0.0,288.09,"15,706.00",290.00,"4,524,803.00",73,-4.0,7.0,-1.38,2.46,-0.73,325.00,145.00,,
2020/12/13,59,ICFC,49.43,291.0,292.0,287.0,290.0,290.00,0.0,0.0,289.99,"10,936.00",286.00,"3,171,348.00",51,4.0,5.00,1.4,1.74,0.0,325.00,145.00,,
2020/12/14,57,ICFC,60.94,295.0,299.0,291.0,293.0,293.00,0.0,0.0,294.03,"31,242.00",290.00,"9,186,203.00",82,3.00,8.0,1.03,2.75,-0.35,325.00,145.00,,
2020/12/15,57,ICFC,61.53,298.0,298.0,289.0,295.0,295.00,0.0,0.0,291.23,"17,900.00",293.00,"5,212,955.00",78,2.0,9.0,0.68,3.11,1.28,325.00,145.00,,
2020/12/16,56,ICFC,60.41,295.0,300.0,290.0,292.0,292.00,0.0,0.0,293.78,"14,899.00",295.00,"4,376,958.00",65,-3.0,10.0,-1.02,3.45,-0.61,325.00,145.00,,
2020/12/17,57,ICFC,48.9,296.0,296.0,281.0,289.0,289.00,0.0,0.0,287.78,"34,899.00",292.00,"10,043,096.00",92,-3.0,15.0,-1.03,5.34,0.42,325.00,145.00,,
2020/12/20,56,ICFC,44.04,287.0,289.0,275.0,284.0,284.00,0.0,0.0,280.20,"14,731.00",289.00,"4,127,577.00",95,-5.00,14.00,-1.73,5.09,1.34,325.00,145.00,,
2020/12/21,58,ICFC,45.17,279.0,285.0,264.0,281.0,281.00,0.0,0.0,277.25,"7,996.00",284.00,"2,216,912.00",63,-3.0,21.00,-1.06,7.95,1.33,325.00,145.00,,
2020/12/22,59,ICFC,49.76,281.0,295.0,281.0,284.0,284.00,0.0,0.0,285.61,"26,068.00",281.00,"7,445,411.00",70,3.00,14.00,1.07,4.98,-0.57,325.00,145.00,,
2020/12/23,59,ICFC,52.39,289.0,294.0,279.0,280.0,280.00,0.0,0.0,282.36,"27,155.00",284.00,"7,667,487.00",76,-4.0,15.00,-1.41,5.38,-0.84,325.00,145.00,,
2020/12/24,58,ICFC,54.56,282.0,287.0,280.0,283.0,283.00,0.0,0.0,282.98,"11,858.00",280.00,"3,355,600.00",71,3.0,7.0,1.07,2.5,0.01,325.00,145.00,,
2020/11/08,56,ICFC,55.02,310.0,316.0,308.0,313.0,313.00,0.0,0.0,312.46,"73,945.00",308.00,"23,104,526.00",129,5.0,8.0,1.62,2.6,0.17,317.00,145.00,,
2020/11/09,55,ICFC,53.69,309.0,314.0,309.0,312.0,312.00,0.0,0.0,311.17,"63,704.00",313.00,"19,822,594.00",102,-1.0,5.0,-0.32,1.62,0.27,317.00,145.00,,
2020/11/10,57,ICFC,51.73,315.0,317.0,311.0,314.0,314.00,0.0,0.0,313.23,"39,090.00",312.00,"12,244,192.00",81,2.00,6.0,0.64,1.93,0.24,317.00,145.00,,
2020/11/11,55,ICFC,54.29,325.0,325.0,296.0,299.0,299.00,0.0,0.0,301.73,"114,192.00",314.00,"34,455,434.00",264,-15.00,29.00,-4.78,9.8,-0.91,325.00,145.00,,
2020/11/12,56,ICFC,55.59,304.0,308.0,289.0,290.0,290.00,0.0,0.0,292.87,"70,483.00",299.00,"20,642,521.00",178,-9.00,19.00,-3.01,6.57,-0.99,325.00,145.00,,
2020/11/18,56,ICFC,49.67,292.0,306.0,288.0,293.0,293.00,0.0,0.0,295.02,"35,289.00",290.00,"10,410,848.00",93,3.0,18.00,1.03,6.25,-0.69,325.00,145.00,,
2020/11/19,56,ICFC,52.72,297.0,300.0,285.0,290.0,290.00,0.0,0.0,290.96,"43,488.00",293.00,"12,653,485.00",142,-3.00,15.00,-1.02,5.26,-0.33,325.00,145.00,,
2020/11/22,57,ICFC,48.44,295.0,302.0,285.0,285.0,285.00,0.0,0.0,290.48,"30,055.00",290.00,"8,730,338.00",129,-5.00,17.00,-1.72,5.96,-1.92,325.00,145.00,,
2020/11/23,57,ICFC,45.95,290.0,290.0,282.0,286.0,286.00,0.0,0.0,285.37,"19,908.00",285.00,"5,681,070.00",98,1.00,8.00,0.35,2.84,0.22,325.00,145.00,,
2020/11/24,56,ICFC,50.98,290.0,292.0,283.0,288.0,288.00,0.0,0.0,287.90,"39,675.00",286.00,"11,422,459.00",103,2.0,9.0,0.7,3.18,0.03,325.00,145.00,,
2020/11/25,56,ICFC,51.42,287.0,303.0,287.0,298.0,298.00,0.0,0.0,297.53,"77,070.00",288.00,"22,930,387.00",130,10.00,16.00,3.47,5.57,0.16,325.00,145.00,,
2020/11/26,57,ICFC,71.24,300.0,306.0,293.0,295.0,295.00,0.0,0.0,298.37,"57,942.00",298.00,"17,288,100.00",165,-3.0,13.00,-1.01,4.44,-1.14,325.00,145.00,,
2020/11/29,58,ICFC,69.17,294.0,303.0,290.0,300.0,300.00,0.0,0.0,298.91,"56,321.00",295.00,"16,835,116.00",175,5.0,13.00,1.69,4.48,0.36,325.00,145.00,,
2020/11/30,58,ICFC,67.6,315.0,315.0,290.0,296.0,296.00,0.0,0.0,299.06,"50,952.00",300.00,"15,237,784.00",188,-4.0,25.0,-1.33,8.62,-1.03,325.00,145.00,,
2020/12/01,57,ICFC,48.87,300.0,300.0,292.0,293.0,293.00,0.0,0.0,295.52,"25,813.00",296.00,"7,628,267.00",97,-3.0,8.0,-1.01,2.74,-0.86,325.00,145.00,,
2020/12/02,58,ICFC,62.62,295.0,301.0,290.0,295.0,295.00,0.0,0.0,293.15,"19,255.00",293.00,"5,644,543.00",92,2.00,11.00,0.68,3.79,0.63,325.00,145.00,,
2020/10/12,55,ICFC,65.21,258.0,263.0,246.0,258.0,258.00,0.0,0.0,253.06,"157,823.00",246.00,"39,938,428.00",401,12.0,17.0,4.88,6.91,1.92,263.00,145.00,,
2020/10/13,54,ICFC,61.39,270.0,270.0,252.0,262.0,262.00,0.0,0.0,256.69,"154,727.00",258.00,"39,716,269.00",259,4.0,18.0,1.55,7.14,2.03,270.00,145.00,,
2020/10/14,57,ICFC,58.61,275.0,275.0,260.0,265.0,265.00,0.0,0.0,265.26,"111,089.00",262.00,"29,466,951.00",319,3.0,15.0,1.15,5.77,-0.1,275.00,145.00,,
2020/10/15,58,ICFC,54.23,269.0,271.0,259.0,266.0,266.00,0.0,0.0,265.90,"94,130.00",265.00,"25,029,356.00",271,1.0,12.0,0.38,4.63,0.04,275.00,145.00,,
2020/10/18,55,ICFC,54.35,271.0,285.0,263.0,280.0,280.00,0.0,0.0,273.27,"145,116.00",266.00,"39,656,508.00",324,14.0,22.0,5.26,8.37,2.4,285.00,145.00,,
2020/10/19,57,ICFC,54.37,290.0,290.0,277.0,289.0,289.00,0.0,0.0,283.79,"87,188.00",280.00,"24,743,321.00",202,9.0,13.0,3.21,4.69,1.8,290.00,145.00,,
2020/10/20,57,ICFC,53.35,293.0,294.0,284.0,294.0,294.00,0.0,0.0,289.63,"58,430.00",289.00,"16,922,868.00",136,5.0,10.0,1.73,3.52,1.49,294.00,145.00,,
2020/10/21,56,ICFC,54.52,297.0,298.0,287.0,298.0,298.00,0.0,0.0,292.00,"83,503.00",294.00,"24,382,657.00",125,4.0,11.0,1.36,3.83,2.01,298.00,145.00,,
2020/10/22,54,ICFC,50.68,296.0,300.0,290.0,292.0,292.00,0.0,0.0,295.68,"50,604.00",298.00,"14,962,552.00",103,-6.0,10.0,-2.01,3.45,-1.26,300.00,145.00,,
2020/10/25,93,ICFC,32.95,663.0,668.0,647.0,661.0,661.00,0.0,0.0,659.86,"5,859.00",658.50,"3,866,108.80",46,2.5,21.0,0.38,3.25,0.17,872.00,555.00,630.56,639.01
2020/10/28,55,ICFC,54.48,296.0,299.0,288.0,295.0,295.00,0.0,0.0,294.54,"71,534.00",292.00,"21,069,872.00",112,3.0,11.0,1.03,3.82,0.15,300.00,145.00,,
2020/10/29,56,ICFC,51.56,290.0,302.0,290.0,298.0,298.00,0.0,0.0,297.81,"43,027.00",295.00,"12,813,795.00",108,3.0,12.0,1.02,4.14,0.06,302.00,145.00,,
2020/11/01,56,ICFC,48.35,298.0,302.0,293.0,298.0,298.00,0.0,0.0,298.56,"24,481.00",298.00,"7,309,060.00",78,0.0,9.0,0.0,3.07,-0.19,302.00,145.00,,
2020/11/02,57,ICFC,55.02,295.0,311.0,295.0,310.0,310.00,0.0,0.0,304.17,"73,851.00",298.00,"22,463,515.00",199,12.0,16.0,4.03,5.42,1.88,311.00,145.00,,
2020/11/03,58,ICFC,50.11,310.0,317.0,310.0,313.0,313.00,0.0,0.0,313.62,"26,898.00",310.00,"8,435,745.00",87,3.00,7.00,0.97,2.26,-0.2,317.00,145.00,,
2020/11/04,57,ICFC,48.68,311.0,313.0,309.0,310.0,310.00,0.0,0.0,310.76,"12,450.00",313.00,"3,868,956.00",34,-3.0,4.0,-0.96,1.29,-0.25,317.00,145.00,,
2020/09/17,55,ICFC,69.33,176.0,191.0,175.0,190.0,190.00,0.0,0.0,187.77,"53,170.00",174.00,"9,983,873.00",194,16.0,16.0,9.2,9.14,1.17,224.00,145.00,,
2020/09/20,54,ICFC,68.39,193.0,209.0,193.0,199.0,199.00,0.0,0.0,199.86,"43,590.00",190.00,"8,711,923.00",142,9.0,16.0,4.74,8.29,-0.43,224.00,145.00,,
2020/09/21,56,ICFC,67.67,208.0,208.0,191.0,192.0,192.00,0.0,0.0,194.39,"18,780.00",199.00,"3,650,738.00",84,-7.0,17.0,-3.52,8.9,-1.25,224.00,145.00,,
2020/09/22,93,ICFC,32.95,663.0,668.0,647.0,661.0,661.00,0.0,0.0,659.86,"5,859.00",658.50,"3,866,108.80",46,2.5,21.0,0.38,3.25,0.17,872.00,555.00,630.56,639.01
2020/09/23,93,ICFC,32.95,663.0,668.0,647.0,661.0,661.00,0.0,0.0,659.86,"5,859.00",658.50,"3,866,108.80",46,2.5,21.0,0.38,3.25,0.17,872.00,555.00,630.56,639.01
2020/09/24,57,ICFC,53.54,199.0,199.0,190.0,193.0,193.00,0.0,0.0,192.42,"17,890.00",190.00,"3,442,324.00",59,3.0,9.0,1.58,4.74,0.3,224.00,145.00,,
2020/09/27,56,ICFC,55.39,190.0,199.0,190.0,194.0,194.00,0.0,0.0,194.52,"11,027.00",193.00,"2,144,969.00",55,1.00,9.00,0.52,4.74,-0.27,224.00,145.00,,
2020/09/28,53,ICFC,62.95,196.0,200.0,193.0,195.0,195.00,0.0,0.0,195.39,"17,982.00",194.00,"3,513,462.00",72,1.0,7.0,0.52,3.63,-0.2,224.00,145.00,,
2020/09/29,54,ICFC,55.86,197.0,198.0,190.0,191.0,191.00,0.0,0.0,193.25,"18,013.00",195.00,"3,480,988.00",56,-4.0,8.0,-2.05,4.21,-1.18,224.00,145.00,,
2020/09/30,54,ICFC,58.49,191.0,204.0,190.0,197.0,197.00,0.0,0.0,196.27,"13,942.00",191.00,"2,736,458.00",61,6.0,14.0,3.14,7.37,0.37,224.00,145.00,,
2020/10/01,55,ICFC,62.9,200.0,204.0,197.0,200.0,200.00,0.0,0.0,200.14,"26,367.00",197.00,"5,277,026.00",93,3.00,7.0,1.52,3.55,-0.07,224.00,145.00,,
2020/10/04,56,ICFC,58.84,204.0,204.0,197.0,200.0,200.00,0.0,0.0,198.95,"17,525.00",200.00,"3,486,600.00",60,0.0,7.0,0.0,3.55,0.52,224.00,145.00,,
2020/10/05,55,ICFC,63.89,210.0,210.0,199.0,204.0,204.00,0.0,0.0,203.91,"29,068.00",200.00,"5,927,258.00",98,4.0,11.0,2.0,5.53,0.04,224.00,145.00,,
2020/10/06,56,ICFC,56.74,201.0,205.0,201.0,204.0,204.00,0.0,0.0,203.76,"9,992.00",204.00,"2,035,976.00",46,0.0,4.0,0.0,1.99,0.12,224.00,145.00,,
2020/10/07,57,ICFC,63.91,202.0,213.0,201.0,210.0,210.00,0.0,0.0,208.48,"28,573.00",204.00,"5,956,934.00",92,6.0,12.0,2.94,5.97,0.72,224.00,145.00,,
2020/10/08,56,ICFC,64.28,213.0,230.0,210.0,224.0,224.00,0.0,0.0,222.31,"95,494.00",210.00,"21,229,101.00",246,14.0,20.0,6.67,9.52,0.76,230.00,145.00,,
2020/08/24,53,ICFC,57.27,175.0,176.0,172.0,176.0,176.00,0.0,0.0,174.37,"3,486.00",173.00,"607,851.00",16,3.0,4.0,1.73,2.33,0.93,224.00,145.00,,
2020/08/25,56,ICFC,59.32,179.0,179.0,177.0,178.0,178.00,0.0,0.0,178.30,"5,130.00",176.00,"914,657.00",12,2.0,2.0,1.14,1.13,-0.17,224.00,145.00,,
2020/08/26,54,ICFC,57.8,179.0,179.0,172.0,176.0,176.00,0.0,0.0,176.17,"8,096.00",178.00,"1,426,262.00",36,-2.0,7.0,-1.12,4.07,-0.1,224.00,145.00,,
2020/08/27,57,ICFC,57.24,179.0,179.0,175.0,175.0,175.00,0.0,0.0,175.69,"2,826.00",176.00,"496,504.00",21,-1.0,4.0,-0.57,2.29,-0.4,224.00,145.00,,
2020/08/31,56,ICFC,64.01,173.0,179.0,173.0,178.0,178.00,0.0,0.0,176.30,"8,460.00",175.00,"1,491,522.00",22,3.0,6.0,1.71,3.47,0.95,224.00,145.00,,
2020/09/02,56,ICFC,57.95,180.0,183.0,177.0,180.0,180.00,0.0,0.0,180.93,"12,433.00",178.00,"2,249,448.00",44,2.0,6.0,1.12,3.39,-0.51,224.00,145.00,,
2020/09/03,55,ICFC,64.4,183.0,183.0,177.0,178.0,178.00,0.0,0.0,180.29,"8,251.00",180.00,"1,487,535.00",19,-2.0,6.0,-1.11,3.39,-1.28,224.00,145.00,,
2020/09/06,57,ICFC,59.13,181.0,181.0,174.0,174.0,174.00,0.0,0.0,175.97,"11,914.00",178.00,"2,096,506.00",44,-4.0,7.0,-2.25,4.02,-1.13,224.00,145.00,,
2020/09/07,57,ICFC,55.18,172.0,177.0,170.0,170.0,170.00,0.0,0.0,172.58,"17,073.00",174.00,"2,946,376.00",42,-4.0,7.0,-2.3,4.12,-1.51,224.00,145.00,,
2020/09/08,56,ICFC,44.97,170.0,177.0,170.0,173.0,173.00,0.0,0.0,173.79,"3,131.00",170.00,"544,135.00",20,3.0,7.0,1.76,4.12,-0.46,224.00,145.00,,
2020/09/09,57,ICFC,55.45,176.0,176.0,170.0,173.0,173.00,0.0,0.0,170.95,"13,806.00",173.00,"2,360,082.00",45,0.00,6.0,0.0,3.53,1.19,224.00,145.00,,
2020/09/10,58,ICFC,62.66,175.0,176.0,174.0,176.0,176.00,0.0,0.0,175.44,"5,909.00",173.00,"1,036,670.00",16,3.00,2.0,1.73,1.15,0.32,224.00,145.00,,
2020/09/13,93,ICFC,32.95,663.0,668.0,647.0,661.0,661.00,0.0,0.0,659.86,"5,859.00",658.50,"3,866,108.80",46,2.5,21.0,0.38,3.25,0.17,872.00,555.00,630.56,639.01
2020/09/14,54,ICFC,64.0,177.0,177.0,174.0,176.0,176.00,0.0,0.0,175.97,"8,893.00",175.00,"1,564,875.00",34,1.00,3.00,0.57,1.72,0.02,224.00,145.00,,
2020/09/15,57,ICFC,57.92,174.0,177.0,173.0,174.0,174.00,0.0,0.0,173.76,"1,810.00",176.00,"314,500.00",17,-2.0,4.0,-1.14,2.31,0.14,224.00,145.00,,
2020/07/29,53,ICFC,46.52,189.0,189.0,185.0,185.0,185.00,0.0,0.0,187.29,"6,764.00",188.00,"1,266,851.00",18,-3.0,4.0,-1.6,2.16,-1.24,224.00,145.00,,
2020/07/30,54,ICFC,49.98,185.0,190.0,183.0,190.0,190.00,0.0,0.0,185.08,"6,967.00",185.00,"1,289,484.00",23,5.0,7.0,2.7,3.83,2.59,224.00,145.00,,
2020/08/02,55,ICFC,43.51,187.0,187.0,180.0,180.0,180.00,0.0,0.0,182.95,"5,201.00",190.00,"951,541.00",29,-10.0,7.0,-5.26,3.89,-1.64,224.00,145.00,,
2020/08/03,56,ICFC,38.58,180.0,186.0,180.0,184.0,184.00,0.0,0.0,182.22,219.00,180.00,"39,906.00",5,4.0,6.0,2.22,3.33,0.97,224.00,145.00,,
2020/08/05,93,ICFC,32.95,663.0,668.0,647.0,661.0,661.00,0.0,0.0,659.86,"5,859.00",658.50,"3,866,108.80",46,2.5,21.0,0.38,3.25,0.17,872.00,555.00,630.56,639.01
2020/08/06,54,ICFC,41.37,180.0,187.0,179.0,187.0,187.00,0.0,0.0,181.54,"1,287.00",180.00,"233,640.00",10,7.0,8.0,3.89,4.47,2.92,224.00,145.00,,
2020/08/09,52,ICFC,55.8,184.0,187.0,182.0,182.0,182.00,0.0,0.0,182.62,"3,152.00",187.00,"575,606.00",13,-5.0,5.0,-2.67,2.75,-0.34,224.00,145.00,,
2020/08/10,55,ICFC,57.11,182.0,184.0,181.0,184.0,184.00,0.0,0.0,182.77,"4,409.00",182.00,"805,832.00",8,2.0,3.0,1.1,1.66,0.67,224.00,145.00,,
2020/08/11,56,ICFC,59.31,187.0,187.0,180.0,183.0,183.00,0.0,0.0,180.72,"5,247.00",184.00,"948,222.00",19,-1.0,7.0,-0.54,3.89,1.25,224.00,145.00,,
2020/08/12,55,ICFC,50.16,180.0,180.0,177.0,179.0,179.00,0.0,0.0,177.71,"5,498.00",183.00,"977,072.00",23,-4.0,3.0,-2.19,1.69,0.72,224.00,145.00,,
2020/08/13,55,ICFC,34.79,178.0,178.0,177.0,177.0,177.00,0.0,0.0,177.52,"1,451.00",179.00,"257,583.00",10,-2.0,1.0,-1.12,0.56,-0.29,224.00,145.00,,
2020/08/16,55,ICFC,41.89,176.0,176.0,170.0,176.0,176.00,0.0,0.0,172.72,"6,095.00",177.00,"1,052,705.00",17,-1.0,6.0,-0.56,3.53,1.87,224.00,145.00,,
2020/08/17,56,ICFC,39.71,174.0,175.0,172.0,172.0,172.00,0.0,0.0,172.49,"3,559.00",176.00,"613,888.00",22,-4.0,3.0,-2.27,1.74,-0.28,224.00,145.00,,
2020/08/18,57,ICFC,48.12,171.0,173.0,170.0,172.0,172.00,0.0,0.0,172.43,"6,915.00",172.00,"1,192,345.00",22,0.0,3.0,0.0,1.76,-0.25,224.00,145.00,,
2020/08/19,56,ICFC,42.49,172.0,172.0,170.0,172.0,172.00,0.0,0.0,171.13,"1,907.00",172.00,"326,344.00",12,0.0,2.0,0.0,1.18,0.51,224.00,145.00,,
2020/08/20,55,ICFC,46.34,174.0,175.0,173.0,175.0,175.00,0.0,0.0,173.80,807.00,172.00,"140,254.00",8,3.0,2.0,1.74,1.16,0.69,224.00,145.00,,
2020/07/06,53,ICFC,40.08,164.0,167.0,164.0,164.0,164.00,0.0,0.0,164.94,"1,557.00",167.00,"256,813.00",15,-3.0,3.0,-1.8,1.83,-0.57,224.00,145.00,,
2020/07/07,53,ICFC,51.35,165.0,179.0,165.0,177.0,177.00,0.0,0.0,175.09,"6,886.00",164.00,"1,205,668.00",32,13.0,14.0,7.93,8.48,1.08,224.00,145.00,,
2020/07/08,53,ICFC,57.77,177.0,180.0,171.0,180.0,180.00,0.0,0.0,173.79,"6,907.00",177.00,"1,200,402.00",19,3.0,9.0,1.69,5.26,3.45,224.00,145.00,,
2020/07/09,53,ICFC,54.72,180.0,183.0,178.0,180.0,180.00,0.0,0.0,181.15,"10,679.00",180.00,"1,934,472.00",22,0.0,5.0,0.0,2.81,-0.64,224.00,145.00,,
2020/07/12,53,ICFC,50.7,179.0,180.0,179.0,180.0,180.00,0.0,0.0,179.33,"3,140.00",180.00,"563,100.00",9,0.0,1.0,0.0,0.56,0.37,224.00,145.00,,
2020/07/13,53,ICFC,52.13,183.0,183.0,177.0,179.0,179.00,0.0,0.0,177.78,"4,883.00",180.00,"868,083.00",14,-1.0,6.0,-0.56,3.39,0.68,224.00,145.00,,
2020/07/14,53,ICFC,42.44,179.0,179.0,173.0,174.0,174.00,0.0,0.0,176.14,"4,713.00",179.00,"830,149.00",13,-5.0,6.0,-2.79,3.47,-1.23,224.00,145.00,,
2020/07/15,54,ICFC,36.96,171.0,178.0,169.0,173.0,173.00,0.0,0.0,174.51,"1,722.00",174.00,"300,508.00",16,-1.0,9.0,-0.57,5.33,-0.87,224.00,145.00,,
2020/07/16,54,ICFC,54.52,175.0,181.0,175.0,178.0,178.00,0.0,0.0,180.67,"10,991.00",173.00,"1,985,693.00",24,5.0,6.0,2.89,3.43,-1.5,224.00,145.00,,
2020/07/20,55,ICFC,62.06,186.0,195.0,184.0,189.0,189.00,0.0,0.0,190.18,"14,078.00",178.00,"2,677,402.00",75,11.0,11.0,6.18,5.98,-0.63,224.00,145.00,,
2020/07/21,54,ICFC,58.18,186.0,189.0,184.0,186.0,186.00,0.0,0.0,186.47,"5,883.00",189.00,"1,096,979.00",30,-3.00,5.0,-1.59,2.72,-0.25,224.00,145.00,,
2020/07/22,54,ICFC,59.5,186.0,187.0,184.0,187.0,187.00,0.0,0.0,186.28,"7,061.00",186.00,"1,315,297.00",23,1.0,3.0,0.54,1.63,0.39,224.00,145.00,,
2020/07/23,53,ICFC,55.78,185.0,192.0,185.0,188.0,188.00,0.0,0.0,189.71,"3,926.00",187.00,"744,794.00",30,1.0,7.0,0.53,3.78,-0.91,224.00,145.00,,
2020/07/26,56,ICFC,51.14,190.0,195.0,187.0,192.0,192.00,0.0,0.0,190.53,"3,467.00",188.00,"660,566.00",28,4.0,8.0,2.13,4.28,0.77,224.00,145.00,,
2020/07/27,54,ICFC,55.23,194.0,194.0,187.0,190.0,190.00,0.0,0.0,191.13,"10,844.00",192.00,"2,072,651.00",28,-2.0,7.0,-1.04,3.74,-0.6,224.00,145.00,,
2020/03/10,50,ICFC,35.9,185.0,186.0,182.0,182.0,182.00,0.0,0.0,184.32,"5,570.00",188.00,"1,026,690.00",15,-6.0,4.0,-3.19,2.2,-1.28,224.00,145.00,,
2020/03/11,55,ICFC,42.11,185.0,189.0,180.0,189.0,189.00,0.0,0.0,184.04,"14,828.00",182.00,"2,729,014.00",41,7.0,9.0,3.85,5.0,2.62,224.00,145.00,,
2020/03/12,55,ICFC,36.84,187.0,188.0,180.0,182.0,182.00,0.0,0.0,183.20,"7,706.00",189.00,"1,411,702.00",25,-7.0,8.0,-3.7,4.44,-0.66,224.00,145.00,,
2020/03/15,53,ICFC,40.08,181.0,183.0,176.0,176.0,176.00,0.0,0.0,179.09,"28,375.00",182.00,"5,081,767.00",36,-6.0,7.0,-3.3,3.98,-1.76,224.00,145.00,,
2020/03/16,55,ICFC,35.9,173.0,175.0,172.0,175.0,175.00,0.0,0.0,173.44,"4,798.00",176.00,"832,167.00",6,-1.00,3.0,-0.57,1.74,0.89,224.00,145.00,,
2020/03/17,53,ICFC,33.23,177.0,178.0,165.0,165.0,165.00,0.0,0.0,170.48,"15,285.00",175.00,"2,605,815.00",35,-10.00,13.0,-5.71,7.88,-3.32,224.00,145.00,,
2020/03/18,52,ICFC,36.49,165.0,169.0,163.0,164.0,164.00,0.0,0.0,166.29,"10,447.00",165.00,"1,737,242.00",23,-1.0,6.0,-0.61,3.68,-1.4,224.00,145.00,,
2020/03/19,51,ICFC,43.65,161.0,172.0,158.0,172.0,172.00,0.0,0.0,165.59,"20,403.00",164.00,"3,378,501.00",47,8.0,14.0,4.88,8.86,3.73,224.00,145.00,,
2020/03/22,37,ICFC,32.68,169.0,169.0,169.0,169.0,169.00,0.0,0.0,169.00,110.00,172.00,"18,590.00",3,-3.0,0.0,-1.74,0.0,0.0,224.00,145.00,,
2020/06/22,93,ICFC,32.95,663.0,668.0,647.0,661.0,661.00,0.0,0.0,659.86,"5,859.00",658.50,"3,866,108.80",46,2.5,21.0,0.38,3.25,0.17,872.00,555.00,630.56,639.01
2020/06/29,42,ICFC,27.17,166.0,166.0,163.0,165.0,163.00,2.0,0.01,164.31,791.00,169.00,"129,967.00",10,-6.0,3.0,-3.55,1.84,0.42,224.00,145.00,,
2020/07/01,43,ICFC,39.14,163.0,164.0,163.0,163.0,163.00,0.0,0.0,163.15,720.00,165.00,"117,470.00",5,-2.0,1.0,-1.21,0.61,-0.09,224.00,145.00,,
2020/07/02,41,ICFC,32.53,166.0,170.0,163.0,163.0,163.00,0.0,0.0,168.56,"2,864.00",163.00,"482,765.00",14,0.0,7.0,0.0,4.29,-3.41,224.00,145.00,,
2020/02/13,52,ICFC,60.59,178.0,183.0,178.0,181.0,181.00,0.0,0.0,179.41,"7,164.00",180.00,"1,285,258.00",12,1.0,5.0,0.56,2.81,0.88,196.00,143.00,,
2020/02/15,93,ICFC,32.95,663.0,668.0,647.0,661.0,661.00,0.0,0.0,659.86,"5,859.00",658.50,"3,866,108.80",46,2.5,21.0,0.38,3.25,0.17,872.00,555.00,630.56,639.01
2020/02/16,51,ICFC,59.55,180.0,184.0,180.0,184.0,184.00,0.0,0.0,181.11,"6,280.00",181.00,"1,137,365.00",14,3.0,4.0,1.66,2.22,1.57,196.00,143.00,,
2020/02/17,51,ICFC,63.52,187.0,187.0,182.0,185.0,185.00,0.0,0.0,184.47,"6,140.00",184.00,"1,132,643.00",25,1.0,5.0,0.54,2.75,0.29,196.00,143.00,,
2020/02/18,54,ICFC,65.22,184.0,188.0,182.0,182.0,182.00,0.0,0.0,183.49,"9,136.00",185.00,"1,676,353.00",36,-3.0,6.00,-1.62,3.3,-0.82,196.00,143.00,,
2020/02/19,52,ICFC,54.83,184.0,187.0,182.0,185.0,185.00,0.0,0.0,184.04,"5,562.00",182.00,"1,023,636.00",17,3.0,5.0,1.65,2.75,0.52,196.00,143.00,,
2020/02/20,52,ICFC,59.18,185.0,188.0,184.0,188.0,188.00,0.0,0.0,185.14,"10,869.00",185.00,"2,012,339.00",21,3.0,4.0,1.62,2.17,1.52,196.00,143.00,,
2020/02/23,52,ICFC,70.05,191.0,206.0,191.0,206.0,206.00,0.0,0.0,199.02,"67,950.00",188.00,"13,523,452.00",94,18.0,15.0,9.57,7.85,3.39,206.00,143.00,,
2020/02/24,52,ICFC,71.47,210.0,210.0,200.0,201.0,201.00,0.0,0.0,203.31,"44,277.00",206.00,"9,001,818.00",71,-5.0,10.0,-2.43,5.0,-1.15,210.00,143.00,,
2020/02/25,53,ICFC,71.85,197.0,217.0,197.0,217.0,217.00,0.0,0.0,209.93,"33,720.00",201.00,"7,078,883.00",78,16.00,20.00,7.96,10.15,3.26,217.00,143.00,,
2020/02/26,54,ICFC,66.83,217.0,224.0,214.0,216.0,216.00,0.0,0.0,217.86,"26,403.00",217.00,"5,752,184.00",64,-1.00,10.00,-0.46,4.67,-0.86,224.00,143.00,,
2020/02/27,53,ICFC,55.88,214.0,215.0,207.0,207.0,207.00,0.0,0.0,210.19,"11,644.00",216.00,"2,447,507.00",37,-9.00,8.00,-4.17,3.86,-1.54,224.00,143.00,,
2020/03/01,55,ICFC,57.1,205.0,212.0,203.0,203.0,203.00,0.0,0.0,206.36,"19,582.00",207.00,"4,040,994.00",61,-4.00,9.0,-1.93,4.43,-1.66,224.00,143.00,,
2020/03/02,52,ICFC,44.33,199.0,206.0,196.0,199.0,199.00,0.0,0.0,200.70,"9,487.00",203.00,"1,904,082.00",33,-4.0,10.00,-1.97,5.1,-0.86,224.00,143.00,,
2020/03/03,53,ICFC,48.74,196.0,206.0,196.0,200.0,200.00,0.0,0.0,199.75,"13,126.00",199.00,"2,621,859.00",36,1.0,10.00,0.5,5.1,0.13,224.00,143.00,,
2020/03/04,53,ICFC,49.44,196.0,196.0,188.0,189.0,189.00,0.0,0.0,190.84,"21,330.00",200.00,"4,070,665.00",47,-11.0,8.0,-5.5,4.26,-0.97,224.00,143.00,,
2020/01/21,52,ICFC,69.17,181.0,181.0,170.0,170.0,170.00,0.0,0.0,173.07,"8,003.00",181.00,"1,385,100.00",26,-11.0,11.0,-6.08,6.47,-1.81,196.00,143.00,,
2020/01/22,51,ICFC,52.81,173.0,176.0,172.0,173.0,173.00,0.0,0.0,173.68,"4,607.00",170.00,"800,161.00",15,3.0,4.0,1.76,2.33,-0.4,196.00,143.00,,
2020/01/23,50,ICFC,47.68,173.0,173.0,170.0,171.0,171.00,0.0,0.0,170.37,"2,652.00",173.00,"451,830.00",11,-2.0,3.0,-1.16,1.76,0.37,196.00,143.00,,
2020/01/26,51,ICFC,43.52,170.0,173.0,168.0,172.0,172.00,0.0,0.0,170.60,"3,832.00",171.00,"653,758.00",14,1.0,5.0,0.58,2.98,0.81,196.00,143.00,,
2020/01/27,51,ICFC,42.59,173.0,173.0,172.0,172.0,172.00,0.0,0.0,172.04,"1,911.00",172.00,"328,774.00",2,0.0,1.0,0.0,0.58,-0.02,196.00,143.00,,
2020/01/28,50,ICFC,52.34,174.0,178.0,171.0,175.0,175.00,0.0,0.0,175.13,"7,912.00",172.00,"1,385,596.00",24,3.0,7.0,1.74,4.09,-0.07,196.00,143.00,,
2020/01/29,51,ICFC,53.26,175.0,175.0,172.0,175.0,175.00,0.0,0.0,173.93,"5,755.00",175.00,"1,000,973.00",12,0.0,3.0,0.0,1.74,0.61,196.00,143.00,,
2020/01/30,50,ICFC,49.3,172.0,175.0,172.0,172.0,172.00,0.0,0.0,173.29,"4,815.00",175.00,"834,371.00",8,-3.0,3.0,-1.71,1.74,-0.75,196.00,143.00,,
2020/02/02,50,ICFC,47.77,175.0,181.0,175.0,176.0,176.00,0.0,0.0,177.32,"13,157.00",172.00,"2,333,050.00",41,4.0,6.0,2.33,3.43,-0.75,196.00,143.00,,
2020/02/03,51,ICFC,59.3,174.0,185.0,174.0,179.0,179.00,0.0,0.0,180.68,"39,356.00",176.00,"7,110,716.00",34,3.0,11.0,1.7,6.32,-0.94,196.00,143.00,,
2020/02/04,51,ICFC,55.17,179.0,182.0,176.0,179.0,179.00,0.0,0.0,178.35,"11,765.00",179.00,"2,098,249.00",35,0.0,6.0,0.0,3.41,0.36,196.00,143.00,,
2020/02/05,50,ICFC,52.54,178.0,179.0,176.0,177.0,177.00,0.0,0.0,177.06,"4,088.00",179.00,"723,838.00",10,-2.0,3.0,-1.12,1.7,-0.04,196.00,143.00,,
2020/02/06,51,ICFC,50.95,176.0,178.0,176.0,177.0,177.00,0.0,0.0,177.00,"5,662.00",177.00,"1,002,162.00",13,0.0,2.0,0.0,1.14,0.0,196.00,143.00,,
2020/02/09,49,ICFC,47.41,175.0,179.0,175.0,178.0,178.00,0.0,0.0,176.71,"5,709.00",177.00,"1,008,855.00",15,1.0,4.0,0.56,2.29,0.72,196.00,143.00,,
2020/02/10,51,ICFC,44.55,176.0,178.0,176.0,177.0,177.00,0.0,0.0,177.02,"3,411.00",178.00,"603,826.00",7,-1.0,2.0,-0.56,1.14,-0.01,196.00,143.00,,
2020/02/11,51,ICFC,53.78,179.0,184.0,179.0,180.0,180.00,0.0,0.0,182.31,"6,796.00",177.00,"1,239,004.00",26,3.0,5.0,1.69,2.79,-1.29,196.00,143.00,,
2019/12/29,53,ICFC,46.45,160.0,162.0,155.0,160.0,160.00,0.0,0.0,156.03,"40,010.00",163.00,"6,242,586.00",22,-3.0,7.0,-1.84,4.52,2.48,172.00,143.00,,
2019/12/30,52,ICFC,45.47,160.0,162.0,157.0,160.0,160.00,0.0,0.0,159.56,"18,111.00",160.00,"2,889,875.00",51,0.0,5.0,0.0,3.18,0.27,172.00,143.00,,
2019/12/31,50,ICFC,36.88,150.0,150.0,145.0,146.0,146.00,0.0,0.0,145.83,"3,156.00",152.38,"460,236.00",14,-14.0,5.0,-8.75,3.45,0.12,172.00,143.00,,
2020/01/01,52,ICFC,35.84,145.0,146.0,145.0,146.0,146.00,0.0,0.0,145.45,"1,100.00",146.00,"160,000.00",5,0.0,1.0,0.0,0.69,0.37,172.00,143.00,,
2020/01/02,50,ICFC,36.68,146.0,151.0,146.0,151.0,151.00,0.0,0.0,149.70,"3,321.00",146.00,"497,168.00",6,5.0,5.0,3.42,3.42,0.86,172.00,143.00,,
2020/01/05,47,ICFC,34.45,150.0,150.0,149.0,150.0,150.00,0.0,0.0,149.92,128.00,151.00,"19,190.00",3,-1.0,1.0,-0.66,0.67,0.05,172.00,143.00,,
2020/01/06,51,ICFC,52.64,151.0,151.0,150.0,150.0,150.00,0.0,0.0,150.20,"1,470.00",150.00,"220,800.00",6,0.0,1.0,0.0,0.67,-0.14,172.00,143.00,,
2020/01/07,51,ICFC,52.84,150.0,152.0,149.0,151.0,151.00,0.0,0.0,150.48,"1,040.00",150.00,"156,498.00",11,1.0,3.0,0.67,2.01,0.35,172.00,143.00,,
2020/01/08,50,ICFC,54.24,149.0,152.0,149.0,152.0,152.00,0.0,0.0,150.93,"4,115.00",151.00,"621,090.00",10,1.0,3.0,0.66,2.01,0.7,172.00,143.00,,
2020/01/09,50,ICFC,54.83,151.0,152.0,151.0,152.0,152.00,0.0,0.0,151.76,"2,525.00",152.00,"383,200.00",9,0.0,1.0,0.0,0.66,0.16,172.00,143.00,,
2020/01/12,51,ICFC,62.98,155.0,161.0,155.0,160.0,160.00,0.0,0.0,158.73,"8,042.00",152.00,"1,276,481.00",20,8.0,6.0,5.26,3.87,0.8,172.00,143.00,,
2020/01/13,52,ICFC,56.81,157.0,161.0,157.0,161.0,161.00,0.0,0.0,159.83,600.00,160.00,"95,900.00",3,1.0,4.0,0.63,2.55,0.72,172.00,143.00,,
2020/01/14,53,ICFC,55.42,160.0,161.0,159.0,160.0,160.00,0.0,0.0,159.63,"5,640.00",161.00,"900,325.00",12,-1.0,2.0,-0.62,1.26,0.23,172.00,143.00,,
2020/01/15,52,ICFC,68.3,163.0,173.0,162.0,170.0,170.00,0.0,0.0,167.52,"20,283.00",160.00,"3,397,843.00",47,10.0,11.0,6.25,6.79,1.46,173.00,143.00,,
2020/01/16,52,ICFC,67.32,173.0,187.0,173.0,187.0,187.00,0.0,0.0,179.98,"25,498.00",170.00,"4,589,213.00",57,17.0,14.0,10.0,8.09,3.75,187.00,143.00,,
2020/01/19,51,ICFC,73.11,190.0,196.0,182.0,195.0,195.00,0.0,0.0,190.34,"18,635.00",187.00,"3,546,924.00",50,8.0,14.0,4.28,7.69,2.39,196.00,143.00,,
2019/12/04,51,ICFC,46.68,159.0,159.0,159.0,159.0,159.00,0.0,0.0,159.00,31.00,157.00,"4,929.00",1,2.0,0.0,1.27,0.0,0.0,172.00,143.00,,
2019/12/05,48,ICFC,54.88,160.0,160.0,159.0,159.0,159.00,0.0,0.0,159.58,"5,904.00",159.00,"942,140.00",10,0.0,1.0,0.0,0.63,-0.36,172.00,143.00,,
2019/12/09,50,ICFC,51.55,161.0,164.0,158.0,164.0,164.00,0.0,0.0,161.70,"1,120.00",159.00,"181,100.00",7,5.0,6.0,3.14,3.8,1.4,172.00,143.00,,
2019/12/10,48,ICFC,50.15,164.0,164.0,162.0,162.0,162.00,0.0,0.0,162.28,489.00,164.00,"79,354.00",5,-2.0,2.0,-1.22,1.23,-0.17,172.00,143.00,,
2019/12/11,50,ICFC,56.29,162.0,165.0,162.0,165.0,165.00,0.0,0.0,162.60,"2,152.00",162.00,"349,924.00",6,3.0,3.0,1.85,1.85,1.45,172.00,143.00,,
2019/12/12,50,ICFC,52.92,163.0,163.0,162.0,162.0,162.00,0.0,0.0,162.28,352.00,165.00,"57,124.00",3,-3.0,1.0,-1.82,0.62,-0.18,172.00,143.00,,
2019/12/15,49,ICFC,44.73,161.0,161.0,160.0,160.0,160.00,0.0,0.0,160.10,"1,049.00",162.00,"167,940.00",5,-2.0,1.0,-1.23,0.63,-0.06,172.00,143.00,,
2019/12/16,49,ICFC,39.84,161.0,162.0,160.0,160.0,160.00,0.0,0.0,160.39,"3,124.00",160.00,"501,054.00",5,0.0,2.0,0.0,1.25,-0.24,172.00,143.00,,
2019/12/17,48,ICFC,31.64,160.0,160.0,160.0,160.0,160.00,0.0,0.0,160.00,87.00,160.00,"13,920.00",1,0.0,0.0,0.0,0.0,0.0,172.00,143.00,,
2019/12/19,50,ICFC,41.02,157.0,159.0,157.0,159.0,159.00,0.0,0.0,158.49,"2,338.00",160.00,"370,542.00",4,-1.0,2.0,-0.63,1.27,0.32,172.00,143.00,,
2019/12/22,46,ICFC,40.96,156.0,159.0,156.0,158.0,158.00,0.0,0.0,157.49,388.00,159.00,"61,108.00",4,-1.0,3.0,-0.63,1.92,0.32,172.00,143.00,,
2019/12/23,51,ICFC,47.37,158.0,162.0,158.0,160.0,160.00,0.0,0.0,160.50,"1,344.00",158.00,"215,715.00",10,2.00,4.0,1.27,2.53,-0.31,172.00,143.00,,
2019/12/24,50,ICFC,59.58,160.0,163.0,160.0,162.0,162.00,0.0,0.0,161.10,"6,088.00",160.00,"980,800.00",20,2.0,3.0,1.25,1.88,0.55,172.00,143.00,,
2019/12/25,50,ICFC,55.19,162.0,162.0,161.0,161.0,161.00,0.0,0.0,161.38,"4,358.00",162.00,"703,273.00",8,-1.0,1.0,-0.62,0.62,-0.23,172.00,143.00,,
2019/11/11,50,ICFC,47.27,156.0,161.0,155.0,161.0,161.00,0.0,0.0,158.34,"1,561.00",158.00,"247,175.00",6,3.0,6.0,1.9,3.87,1.65,172.00,143.00,,
2019/11/12,48,ICFC,41.63,161.0,161.0,160.0,160.0,160.00,0.0,0.0,160.75,800.00,161.00,"128,600.00",3,-1.0,1.0,-0.62,0.63,-0.47,172.00,143.00,,
2019/11/13,42,ICFC,48.36,160.0,163.0,159.0,159.0,159.00,0.0,0.0,160.83,"1,570.00",160.00,"252,500.00",6,-1.0,4.0,-0.63,2.52,-1.15,172.00,143.00,,
2019/11/14,48,ICFC,53.76,162.0,165.0,162.0,162.0,162.00,0.0,0.0,163.12,"4,674.00",159.00,"762,433.00",19,3.0,3.0,1.89,1.85,-0.69,172.00,143.00,,
2019/11/17,45,ICFC,40.76,160.0,160.0,160.0,160.0,160.00,0.0,0.0,160.00,"13,376.00",162.00,"2,140,160.00",5,-2.0,0.0,-1.23,0.0,0.0,172.00,143.00,,
2019/11/18,48,ICFC,49.82,160.0,163.0,160.0,163.0,163.00,0.0,0.0,162.73,550.00,160.00,"89,500.00",2,3.0,3.0,1.88,1.88,0.17,172.00,143.00,,
2019/11/20,93,ICFC,32.95,663.0,668.0,647.0,661.0,661.00,0.0,0.0,659.86,"5,859.00",658.50,"3,866,108.80",46,2.5,21.0,0.38,3.25,0.17,872.00,555.00,630.56,639.01
2019/11/21,49,ICFC,31.55,160.0,160.0,160.0,160.0,160.00,0.0,0.0,160.00,125.00,160.00,"20,000.00",3,0.0,0.0,0.0,0.0,0.0,172.00,143.00,,
2019/11/24,48,ICFC,32.14,157.0,157.0,157.0,157.0,157.00,0.0,0.0,157.00,550.00,160.00,"86,350.00",3,-3.0,0.0,-1.88,0.0,0.0,172.00,143.00,,
2019/11/25,49,ICFC,32.01,156.0,156.0,156.0,156.0,156.00,0.0,0.0,156.00,636.00,157.00,"99,216.00",3,-1.0,0.0,-0.64,0.0,0.0,172.00,143.00,,
2019/11/26,49,ICFC,24.3,155.0,155.0,155.0,155.0,155.00,0.0,0.0,155.00,27.00,156.00,"4,185.00",1,-1.0,0.0,-0.64,0.0,0.0,172.00,143.00,,
2019/11/27,49,ICFC,36.66,155.0,158.0,155.0,158.0,158.00,0.0,0.0,155.02,"5,040.00",155.00,"781,320.00",4,3.0,3.0,1.94,1.94,1.88,172.00,143.00,,
2019/11/28,47,ICFC,41.42,159.0,160.0,157.0,157.0,157.00,0.0,0.0,158.56,410.00,158.00,"65,010.00",4,-1.0,3.0,-0.63,1.91,-0.99,172.00,143.00,,
2019/12/01,46,ICFC,42.49,157.0,157.0,156.0,156.0,156.00,0.0,0.0,156.95,"1,050.00",157.00,"164,800.00",2,-1.0,1.0,-0.64,0.64,-0.61,172.00,143.00,,
2019/10/14,47,ICFC,42.21,159.0,159.0,159.0,159.0,159.00,0.0,0.0,159.00,49.00,160.00,"7,791.00",1,-1.0,0.0,-0.63,0.0,0.0,172.00,143.00,,
2019/10/20,38,ICFC,31.57,159.0,160.0,159.0,160.0,160.00,0.0,0.0,159.77,430.00,159.00,"68,700.00",2,1.0,1.0,0.63,0.63,0.15,172.00,143.00,,
2019/10/21,46,ICFC,45.53,160.0,160.0,158.0,158.0,158.00,0.0,0.0,159.61,620.00,160.00,"98,960.00",2,-2.0,2.0,-1.25,1.27,-1.02,172.00,143.00,,
2019/10/22,49,ICFC,40.03,160.0,160.0,160.0,160.0,160.00,0.0,0.0,160.00,70.00,158.00,"11,200.00",1,2.0,0.0,1.27,0.0,0.0,172.00,143.00,,
2019/10/23,46,ICFC,50.65,157.0,160.0,157.0,160.0,160.00,0.0,0.0,157.11,"2,700.00",160.00,"424,200.00",2,0.0,3.0,0.0,1.91,1.81,172.00,143.00,,
2019/10/24,47,ICFC,45.22,162.0,163.0,160.0,163.0,163.00,0.0,0.0,160.91,417.00,160.00,"67,100.00",4,3.0,3.0,1.88,1.88,1.28,172.00,143.00,,
2019/10/31,47,ICFC,44.7,163.0,163.0,162.0,162.0,162.00,0.0,0.0,162.18,280.00,163.00,"45,410.00",2,-1.0,1.0,-0.61,0.62,-0.11,172.00,143.00,,
2019/11/03,49,ICFC,38.3,160.0,160.0,160.0,160.0,160.00,0.0,0.0,160.00,296.00,162.00,"47,360.00",1,-2.0,0.0,-1.23,0.0,0.0,172.00,143.00,,
2019/11/04,50,ICFC,50.16,162.0,164.0,162.0,162.0,162.00,0.0,0.0,162.16,"1,265.00",160.00,"205,130.00",4,2.0,2.0,1.25,1.23,-0.1,172.00,143.00,,
2019/11/05,48,ICFC,32.05,160.0,160.0,160.0,160.0,160.00,0.0,0.0,160.00,100.00,162.00,"16,000.00",1,-2.0,0.0,-1.23,0.0,0.0,172.00,143.00,,
2019/11/06,47,ICFC,31.61,163.0,163.0,160.0,160.0,160.00,0.0,0.0,160.64,140.00,160.00,"22,490.00",3,0.0,3.0,0.0,1.88,-0.4,172.00,143.00,,
2019/11/07,45,ICFC,38.77,158.0,161.0,158.0,158.0,158.00,0.0,0.0,158.26,992.00,160.00,"156,995.00",7,-2.0,3.0,-1.25,1.9,-0.17,172.00,143.00,,
2019/09/12,52,ICFC,32.65,159.0,159.0,156.0,156.0,156.00,0.0,0.0,156.54,904.00,158.00,"141,514.00",7,-2.0,3.0,-1.27,1.92,-0.35,172.00,143.00,,
2019/09/15,49,ICFC,34.28,155.0,156.0,153.0,153.0,153.00,0.0,0.0,153.64,"3,610.00",156.00,"554,635.00",14,-3.0,3.0,-1.92,1.96,-0.42,172.00,143.00,,
2019/09/16,52,ICFC,30.07,153.0,154.0,153.0,153.0,153.00,0.0,0.0,153.31,"1,170.00",153.00,"179,370.00",6,0.0,1.0,0.0,0.65,-0.2,172.00,143.00,,
2019/09/17,51,ICFC,44.62,155.0,158.0,155.0,156.0,156.00,0.0,0.0,155.84,"1,854.00",153.00,"288,930.00",10,3.0,3.0,1.96,1.94,0.1,172.00,143.00,,
2019/09/18,52,ICFC,47.74,159.0,159.0,159.0,159.0,159.00,0.0,0.0,159.00,100.00,156.00,"15,900.00",1,3.0,0.0,1.92,0.0,0.0,172.00,143.00,,
2019/09/22,50,ICFC,45.3,157.0,157.0,154.0,154.0,154.00,0.0,0.0,155.07,"1,265.00",159.00,"196,160.00",6,-5.0,3.0,-3.14,1.95,-0.69,172.00,143.00,,
2019/09/23,51,ICFC,33.95,152.0,152.0,152.0,152.0,152.00,0.0,0.0,152.00,10.00,154.00,"1,520.00",1,-2.0,0.0,-1.3,0.0,0.0,172.00,143.00,,
2019/09/24,52,ICFC,30.04,152.0,152.0,152.0,152.0,152.00,0.0,0.0,152.00,62.00,152.00,"9,424.00",3,0.0,0.0,0.0,0.0,0.0,172.00,143.00,,
2019/09/25,51,ICFC,32.03,151.0,153.0,151.0,153.0,153.00,0.0,0.0,152.79,327.00,152.00,"49,961.00",4,1.0,2.0,0.66,1.32,0.14,172.00,143.00,,
2019/09/26,49,ICFC,36.5,153.0,153.0,153.0,153.0,153.00,0.0,0.0,153.00,200.00,153.00,"30,600.00",2,0.0,0.0,0.0,0.0,0.0,172.00,143.00,,
2019/09/29,47,ICFC,37.43,155.0,155.0,155.0,155.0,155.00,0.0,0.0,155.00,10.00,153.00,"1,550.00",1,2.0,0.0,1.31,0.0,0.0,172.00,143.00,,
2019/09/30,46,ICFC,47.83,155.0,155.0,155.0,155.0,155.00,0.0,0.0,155.00,436.00,155.00,"67,580.00",3,0.0,0.0,0.0,0.0,0.0,172.00,143.00,,
2019/10/01,45,ICFC,40.57,158.0,161.0,158.0,161.0,161.00,0.0,0.0,159.50,20.00,155.00,"3,190.00",2,6.0,3.0,3.87,1.9,0.93,172.00,143.00,,
2019/10/02,46,ICFC,46.97,158.0,158.0,158.0,158.0,158.00,0.0,0.0,157.95,308.00,161.00,"48,648.00",3,-3.0,0.0,-1.86,0.0,0.03,172.00,143.00,,
2019/10/03,45,ICFC,48.97,158.0,160.0,158.0,160.0,160.00,0.0,0.0,159.39,656.00,158.00,"104,560.00",5,2.00,2.00,1.27,1.27,0.38,172.00,143.00,,
2019/11/10,47,ICFC,30.98,155.0,158.0,155.0,158.0,158.00,0.0,0.0,156.70,161.00,158.00,"25,228.00",2,0.0,3.0,0.0,1.94,0.83,172.00,143.00,,
2019/12/03,51,ICFC,46.76,157.0,157.0,157.0,157.0,157.00,0.0,0.0,157.00,499.00,156.00,"78,343.00",1,1.0,0.0,0.64,0.0,0.0,172.00,143.00,,
2019/12/26,48,ICFC,58.68,161.0,163.0,161.0,163.0,163.00,0.0,0.0,161.74,"5,752.00",161.00,"930,304.00",12,2.00,2.0,1.24,1.24,0.78,172.00,143.00,,
2020/01/20,52,ICFC,71.16,195.0,195.0,178.0,181.0,181.00,0.0,0.0,183.49,"14,220.00",195.00,"2,609,200.00",41,-14.0,17.0,-7.18,9.55,-1.37,196.00,143.00,,
2020/02/12,51,ICFC,57.19,182.0,183.0,179.0,180.0,180.00,0.0,0.0,180.20,"14,986.00",180.00,"2,700,430.00",18,0.0,4.0,0.0,2.23,-0.11,196.00,143.00,,
2020/03/05,55,ICFC,44.97,186.0,198.0,183.0,188.0,188.00,0.0,0.0,187.69,"9,457.00",189.00,"1,774,959.00",30,-1.0,15.0,-0.53,8.2,0.17,224.00,143.00,,
2020/07/05,53,ICFC,39.74,163.0,170.0,161.0,167.0,167.00,0.0,0.0,164.00,"1,469.00",163.00,"240,920.00",12,4.0,9.0,2.45,5.59,1.79,224.00,145.00,,
2020/07/28,52,ICFC,48.18,190.0,190.0,188.0,188.0,188.00,0.0,0.0,189.07,"3,940.00",190.00,"744,940.00",21,-2.0,2.0,-1.05,1.06,-0.57,224.00,145.00,,
2020/08/23,55,ICFC,56.34,172.0,173.0,170.0,173.0,173.00,0.0,0.0,171.92,"5,542.00",175.00,"952,803.00",23,-2.0,3.0,-1.14,1.76,0.62,224.00,145.00,,
2020/09/16,57,ICFC,47.66,172.0,174.0,172.0,174.0,174.00,0.0,0.0,173.27,"8,880.00",174.00,"1,538,626.00",27,0.0,2.0,0.0,1.16,0.42,224.00,145.00,,
2020/10/11,57,ICFC,64.31,235.0,246.0,230.0,246.0,246.00,0.0,0.0,243.92,"205,798.00",224.00,"50,197,644.00",463,22.0,16.0,9.82,6.96,0.85,246.00,145.00,,
2020/11/05,57,ICFC,52.36,310.0,315.0,308.0,308.0,308.00,0.0,0.0,310.99,"34,433.00",310.00,"10,708,201.00",87,-2.0,7.0,-0.65,2.27,-0.97,317.00,145.00,,
2020/12/03,59,ICFC,62.45,300.0,302.0,290.0,298.0,298.00,0.0,0.0,294.49,"55,978.00",295.00,"16,485,037.00",114,3.0,12.00,1.02,4.14,1.18,325.00,145.00,,
2020/12/27,58,ICFC,57.93,287.0,287.0,282.0,284.0,284.00,0.0,0.0,283.91,"10,797.00",283.00,"3,065,406.00",44,1.0,5.0,0.35,1.77,0.03,325.00,145.00,,
2021/01/20,60,ICFC,71.18,315.0,323.0,311.0,316.0,316.00,0.0,0.0,317.13,"73,270.00",311.00,"23,236,392.00",293,5.0,12.0,1.61,3.86,-0.36,325.00,158.00,,
2019/08/20,49,ICFC,42.73,163.0,164.0,163.0,164.0,164.00,0.0,0.0,163.77,121.00,161.00,"19,816.00",2,3.0,1.0,1.86,0.61,0.14,175.00,143.00,,
2019/08/21,50,ICFC,49.29,161.0,162.0,161.0,162.0,162.00,0.0,0.0,161.05,"1,050.00",164.00,"169,100.00",4,-2.0,1.0,-1.22,0.62,0.59,175.00,143.00,,
2019/08/22,51,ICFC,44.39,163.0,163.0,160.0,160.0,160.00,0.0,0.0,162.22,"1,510.00",162.00,"244,950.00",3,-2.0,3.0,-1.23,1.88,-1.39,175.00,143.00,,
2019/08/25,93,ICFC,32.95,663.0,668.0,647.0,661.0,661.00,0.0,0.0,659.86,"5,859.00",658.50,"3,866,108.80",46,2.5,21.0,0.38,3.25,0.17,872.00,555.00,630.56,639.01
2019/08/26,48,ICFC,44.0,161.0,162.0,160.0,160.0,160.00,0.0,0.0,160.33,"2,120.00",160.00,"339,903.00",11,0.0,2.0,0.0,1.25,-0.21,175.00,143.00,,
2019/08/27,50,ICFC,31.23,162.0,162.0,162.0,162.0,162.00,0.0,0.0,162.00,10.00,160.00,"1,620.00",1,2.0,0.0,1.25,0.0,0.0,175.00,143.00,,
2019/08/28,51,ICFC,36.01,159.0,159.0,159.0,159.0,159.00,0.0,0.0,159.00,200.00,162.00,"31,800.00",1,-3.0,0.0,-1.85,0.0,0.0,175.00,143.00,,
2019/08/29,52,ICFC,36.08,162.0,162.0,159.0,159.0,159.00,0.0,0.0,160.08,260.00,159.00,"41,620.00",4,0.0,3.0,0.0,1.89,-0.68,175.00,143.00,,
2019/09/01,53,ICFC,49.75,158.0,161.0,158.0,161.0,161.00,0.0,0.0,160.30,"1,433.00",159.00,"229,714.00",3,2.0,3.0,1.26,1.9,0.43,175.00,143.00,,
2019/09/02,54,ICFC,33.79,160.0,160.0,157.0,157.0,157.00,0.0,0.0,159.06,"2,972.00",161.00,"472,724.00",5,-4.0,3.0,-2.48,1.91,-1.31,175.00,143.00,,
2019/09/03,53,ICFC,54.67,157.0,163.0,157.0,163.0,163.00,0.0,0.0,161.69,"2,815.00",157.00,"455,155.00",7,6.0,6.0,3.82,3.82,0.8,175.00,143.00,,
2019/09/04,50,ICFC,46.35,164.0,165.0,164.0,165.0,165.00,0.0,0.0,164.60,50.00,163.00,"8,230.00",2,2.0,1.0,1.23,0.61,0.24,175.00,143.00,,
2019/09/05,52,ICFC,48.08,165.0,165.0,162.0,162.0,162.00,0.0,0.0,162.60,250.00,165.00,"40,650.00",3,-3.0,3.0,-1.82,1.85,-0.37,175.00,143.00,,
2019/09/08,48,ICFC,46.15,162.0,162.0,160.0,161.0,161.00,0.0,0.0,161.62,"4,296.00",162.00,"694,302.00",7,-1.0,2.0,-0.62,1.25,-0.38,173.00,143.00,,
2019/09/09,54,ICFC,34.49,160.0,161.0,158.0,159.0,159.00,0.0,0.0,159.05,"1,550.00",161.00,"246,520.00",8,-2.0,3.0,-1.24,1.9,-0.03,173.00,143.00,,
2019/09/10,52,ICFC,44.7,156.0,161.0,156.0,161.0,161.00,0.0,0.0,159.04,"1,390.00",159.00,"221,060.00",9,2.0,5.0,1.26,3.21,1.22,173.00,143.00,,
2019/07/28,50,ICFC,38.33,162.0,162.0,160.0,160.0,160.00,0.0,0.0,161.51,"3,462.00",163.00,"559,132.00",9,-3.0,2.0,-1.84,1.25,-0.94,175.00,143.00,,
2019/07/29,49,ICFC,42.48,160.0,169.0,160.0,161.0,161.00,0.0,0.0,161.74,"4,873.00",160.00,"788,182.00",18,1.0,9.0,0.63,5.63,-0.46,175.00,143.00,,
2019/07/30,53,ICFC,35.65,161.0,164.0,161.0,164.0,164.00,0.0,0.0,161.61,49.00,161.00,"7,919.00",2,3.0,3.0,1.86,1.86,1.46,175.00,143.00,,
2019/07/31,52,ICFC,43.94,161.0,164.0,161.0,164.0,164.00,0.0,0.0,161.06,506.00,164.00,"81,496.00",5,0.0,3.0,0.0,1.86,1.79,175.00,143.00,,
2019/08/01,51,ICFC,49.84,164.0,166.0,164.0,164.0,164.00,0.0,0.0,164.71,280.00,164.00,"46,120.00",6,0.0,2.0,0.0,1.22,-0.44,175.00,143.00,,
2019/08/04,50,ICFC,42.95,164.0,164.0,164.0,164.0,164.00,0.0,0.0,164.00,44.00,164.00,"7,216.00",1,0.0,0.0,0.0,0.0,0.0,175.00,143.00,,
2019/08/05,51,ICFC,42.92,167.0,170.0,164.0,164.0,164.00,0.0,0.0,165.21,"10,266.00",164.00,"1,696,074.00",24,0.0,6.0,0.0,3.66,-0.74,175.00,143.00,,
2019/08/06,52,ICFC,41.9,162.0,162.0,160.0,162.0,162.00,0.0,0.0,161.22,"11,958.00",164.00,"1,927,870.00",19,-2.0,2.0,-1.22,1.25,0.48,175.00,143.00,,
2019/08/07,53,ICFC,39.51,159.0,163.0,159.0,163.0,163.00,0.0,0.0,160.25,"3,103.00",162.00,"497,252.00",8,1.0,4.0,0.62,2.52,1.69,175.00,143.00,,
2019/08/08,52,ICFC,36.14,163.0,163.0,160.0,161.0,161.00,0.0,0.0,161.68,276.00,163.00,"44,624.00",5,-2.0,3.0,-1.23,1.88,-0.42,175.00,143.00,,
2019/08/11,49,ICFC,36.86,160.0,160.0,160.0,160.0,160.00,0.0,0.0,160.00,"2,215.00",161.00,"354,400.00",5,-1.0,0.0,-0.62,0.0,0.0,175.00,143.00,,
2019/08/12,53,ICFC,37.87,161.0,161.0,161.0,161.0,161.00,0.0,0.0,161.00,150.00,160.00,"24,150.00",2,1.0,0.0,0.63,0.0,0.0,175.00,143.00,,
2019/08/13,49,ICFC,37.43,161.0,162.0,161.0,161.0,161.00,0.0,0.0,161.08,660.00,161.00,"106,310.00",3,0.0,1.0,0.0,0.62,-0.05,175.00,143.00,,
2019/08/14,53,ICFC,40.05,161.0,161.0,161.0,161.0,161.00,0.0,0.0,161.00,199.00,161.00,"32,039.00",3,0.0,0.0,0.0,0.0,0.0,175.00,143.00,,
2019/08/18,48,ICFC,46.36,161.0,161.0,161.0,161.0,161.00,0.0,0.0,161.00,530.00,161.00,"85,330.00",3,0.0,0.0,0.0,0.0,0.0,175.00,143.00,,
2019/07/03,50,ICFC,39.95,160.0,161.0,157.0,159.0,159.00,0.0,0.0,158.12,"2,301.00",158.00,"363,840.00",15,1.0,4.0,0.63,2.55,0.55,182.00,143.00,,
2019/07/04,51,ICFC,39.49,159.0,159.0,159.0,159.0,159.00,0.0,0.0,159.00,291.00,159.00,"46,269.00",2,0.0,0.0,0.0,0.0,0.0,182.00,143.00,,
2019/07/07,51,ICFC,44.0,162.0,163.0,160.0,160.0,160.00,0.0,0.0,160.50,800.00,159.00,"128,400.00",3,1.0,3.0,0.63,1.88,-0.31,182.00,143.00,,
2019/07/08,50,ICFC,53.79,168.0,168.0,160.0,161.0,161.00,0.0,0.0,162.08,"2,928.00",160.00,"474,580.00",9,1.0,8.0,0.63,5.0,-0.67,182.00,143.00,,
2019/07/09,52,ICFC,48.28,163.0,164.0,163.0,164.0,164.00,0.0,0.0,163.67,"3,310.00",161.00,"541,740.00",5,3.0,1.0,1.86,0.61,0.2,180.00,143.00,,
2019/07/10,52,ICFC,56.47,164.0,165.0,162.0,162.0,162.00,0.0,0.0,163.94,"2,400.00",164.00,"393,460.00",7,-2.0,3.0,-1.22,1.85,-1.2,180.00,143.00,,
2019/07/11,50,ICFC,59.08,165.0,168.0,162.0,163.0,163.00,0.0,0.0,164.98,"9,790.00",162.00,"1,615,120.00",9,1.0,6.0,0.62,3.7,-1.21,180.00,143.00,,
2019/07/14,49,ICFC,47.16,163.0,163.0,163.0,163.0,163.00,0.0,0.0,163.00,500.00,163.00,"81,500.00",1,0.0,0.0,0.0,0.0,0.0,175.00,143.00,,
2019/07/16,50,ICFC,47.93,171.0,171.0,165.0,168.0,168.00,0.0,0.0,166.00,120.00,163.00,"19,920.00",4,5.0,6.0,3.07,3.64,1.19,175.00,143.00,,
2019/07/17,50,ICFC,43.66,169.0,169.0,163.0,163.0,163.00,0.0,0.0,168.55,200.00,168.00,"33,710.00",4,-5.0,6.0,-2.98,3.68,-3.4,175.00,143.00,,
2019/07/18,47,ICFC,54.49,164.0,164.0,164.0,164.0,164.00,0.0,0.0,164.00,"1,900.00",163.00,"311,600.00",1,1.0,0.0,0.61,0.0,0.0,175.00,143.00,,
2019/07/21,50,ICFC,53.14,164.0,166.0,164.0,166.0,166.00,0.0,0.0,164.31,"1,143.00",164.00,"187,802.00",6,2.0,2.0,1.22,1.22,1.02,175.00,143.00,,
2019/07/22,51,ICFC,39.03,165.0,166.0,165.0,166.0,166.00,0.0,0.0,165.92,"2,173.00",166.00,"360,545.00",4,0.0,1.0,0.0,0.61,0.05,175.00,143.00,,
2019/07/23,50,ICFC,58.19,169.0,169.0,166.0,166.0,166.00,0.0,0.0,167.31,"3,127.00",166.00,"523,181.00",8,0.0,3.0,0.0,1.81,-0.79,175.00,143.00,,
2019/07/24,51,ICFC,60.38,165.0,169.0,164.0,169.0,169.00,0.0,0.0,167.14,"4,739.00",166.00,"792,096.00",9,3.0,5.0,1.81,3.05,1.1,175.00,143.00,,
2019/06/10,52,ICFC,-,167.0,172.0,167.0,167.0,167.00,0.0,0.0,169.04,"2,259.00",164.00,"381,872.00",14,3.0,5.0,1.83,2.99,-1.22,182.00,143.00,,
2019/06/11,52,ICFC,-,166.0,166.0,164.0,164.0,164.00,0.0,0.0,164.35,"1,893.00",167.00,"311,124.00",6,-3.0,2.0,-1.8,1.22,-0.22,182.00,143.00,,
2019/06/12,51,ICFC,-,165.0,167.0,164.0,164.0,164.00,0.0,0.0,165.65,"2,247.00",164.00,"372,208.00",6,0.0,3.0,0.0,1.83,-1.0,182.00,143.00,,
2019/06/13,51,ICFC,-,167.0,167.0,162.0,162.0,162.00,0.0,0.0,166.63,"11,311.00",164.00,"1,884,735.00",8,-2.0,5.0,-1.22,3.09,-2.86,182.00,143.00,,
2019/06/16,54,ICFC,-,159.0,160.0,159.0,159.0,159.00,0.0,0.0,159.68,"1,361.00",162.00,"217,327.00",10,-3.0,1.0,-1.85,0.63,-0.43,182.00,143.00,,
2019/06/17,51,ICFC,-,156.0,160.0,156.0,160.0,160.00,0.0,0.0,159.75,794.00,159.00,"126,844.00",6,1.0,4.0,0.63,2.56,0.15,182.00,143.00,,
2019/06/18,53,ICFC,-,159.0,159.0,159.0,159.0,159.00,0.0,0.0,159.00,27.00,160.00,"4,293.00",1,-1.0,0.0,-0.63,0.0,0.0,182.00,143.00,,
2019/06/19,49,ICFC,47.12,157.0,163.0,157.0,163.0,163.00,0.0,0.0,159.81,185.00,159.00,"29,564.00",3,4.0,6.0,2.52,3.82,1.96,182.00,143.00,,
2019/06/20,52,ICFC,51.04,166.0,166.0,161.0,162.0,162.00,0.0,0.0,162.35,840.00,163.00,"136,372.00",7,-1.0,5.0,-0.61,3.11,-0.21,182.00,143.00,,
2019/06/23,53,ICFC,43.65,162.0,162.0,162.0,162.0,162.00,0.0,0.0,162.00,100.00,162.00,"16,200.00",2,0.0,0.0,0.0,0.0,0.0,182.00,143.00,,
2019/06/24,52,ICFC,43.53,165.0,165.0,165.0,165.0,165.00,0.0,0.0,165.00,23.00,162.00,"3,795.00",1,3.0,0.0,1.85,0.0,0.0,182.00,143.00,,
2019/06/25,49,ICFC,34.16,165.0,165.0,162.0,162.0,162.00,0.0,0.0,164.92,"1,027.00",165.00,"169,374.00",3,-3.0,3.0,-1.82,1.85,-1.8,182.00,143.00,,
2019/06/26,51,ICFC,38.64,160.0,161.0,160.0,161.0,161.00,0.0,0.0,160.21,971.00,162.00,"155,560.00",4,-1.0,1.0,-0.62,0.63,0.49,182.00,143.00,,
2019/06/27,52,ICFC,39.08,162.0,165.0,161.0,161.0,161.00,0.0,0.0,162.02,"7,582.00",161.00,"1,228,405.00",10,0.0,4.0,0.0,2.48,-0.63,182.00,143.00,,
2019/06/30,51,ICFC,30.5,160.0,162.0,160.0,160.0,160.00,0.0,0.0,160.47,555.00,161.00,"89,060.00",5,-1.0,2.0,-0.62,1.25,-0.29,182.00,143.00,,
2019/07/01,51,ICFC,45.55,159.0,160.0,158.0,160.0,160.00,0.0,0.0,159.22,"3,686.00",160.00,"586,874.00",11,0.0,2.0,0.0,1.27,0.49,182.00,143.00,,
2019/05/14,51,ICFC,-,156.0,158.0,156.0,156.0,156.00,0.0,0.0,156.65,"1,534.00",153.00,"240,304.00",3,3.00,2.0,1.96,1.28,-0.42,193.00,143.00,,
2019/05/15,51,ICFC,-,158.0,162.0,156.0,156.0,156.00,0.0,0.0,159.91,"5,763.00",156.00,"921,552.00",21,0.0,6.00,0.0,3.85,-2.51,193.00,143.00,,
2019/05/16,51,ICFC,-,155.0,166.0,155.0,163.0,163.00,0.0,0.0,160.26,"10,314.00",156.00,"1,652,971.00",30,7.0,11.00,4.49,7.1,1.68,192.00,143.00,,
2019/05/19,54,ICFC,-,161.0,171.0,158.0,171.0,171.00,0.0,0.0,165.12,"13,931.00",163.00,"2,300,271.00",32,8.0,13.0,4.91,8.23,3.44,192.00,143.00,,
2019/05/20,49,ICFC,-,168.0,170.0,165.0,165.0,165.00,0.0,0.0,167.38,"6,110.00",171.00,"1,022,670.00",12,-6.0,5.0,-3.51,3.03,-1.44,192.00,143.00,,
2019/05/21,52,ICFC,-,166.0,166.0,161.0,161.0,161.00,0.0,0.0,163.36,"5,451.00",165.00,"890,491.00",12,-4.0,5.0,-2.42,3.11,-1.47,191.00,143.00,,
2019/05/22,51,ICFC,-,164.0,164.0,164.0,164.0,164.00,0.0,0.0,164.00,32.00,161.00,"5,248.00",1,3.0,0.0,1.86,0.0,0.0,190.00,143.00,,
2019/05/23,51,ICFC,-,165.0,168.0,162.0,162.0,162.00,0.0,0.0,167.05,"2,921.00",164.00,"487,957.00",10,-2.0,6.0,-1.22,3.7,-3.12,190.00,143.00,,
2019/05/26,50,ICFC,-,165.0,165.0,161.0,161.0,161.00,0.0,0.0,162.30,"3,346.00",162.00,"543,046.00",6,-1.0,4.0,-0.62,2.48,-0.81,190.00,143.00,,
2019/05/27,53,ICFC,-,164.0,164.0,163.0,163.0,163.00,0.0,0.0,163.45,800.00,161.00,"130,760.00",3,2.0,1.0,1.24,0.61,-0.28,190.00,143.00,,
2019/05/28,51,ICFC,-,163.0,164.0,162.0,162.0,162.00,0.0,0.0,163.35,509.00,163.00,"83,146.00",7,-1.0,2.0,-0.61,1.23,-0.83,190.00,143.00,,
2019/05/29,53,ICFC,-,161.0,167.0,160.0,167.0,167.00,0.0,0.0,164.02,"6,931.00",162.00,"1,136,814.00",18,5.0,7.0,3.09,4.38,1.79,190.00,143.00,,
2019/05/30,52,ICFC,-,164.0,166.0,164.0,166.0,166.00,0.0,0.0,165.25,"1,271.00",167.00,"210,028.00",8,-1.0,2.0,-0.6,1.22,0.45,190.00,143.00,,
2019/06/02,93,ICFC,32.95,663.0,668.0,647.0,661.0,661.00,0.0,0.0,659.86,"5,859.00",658.50,"3,866,108.80",46,2.5,21.0,0.38,3.25,0.17,872.00,555.00,630.56,639.01
2019/06/03,55,ICFC,-,165.0,165.0,162.0,162.0,162.00,0.0,0.0,162.31,544.00,165.00,"88,298.00",6,-3.0,3.0,-1.82,1.85,-0.19,190.00,143.00,,
2019/06/04,53,ICFC,-,159.0,162.0,159.0,159.0,159.00,0.0,0.0,160.04,432.00,162.00,"69,138.00",5,-3.0,3.0,-1.85,1.89,-0.66,190.00,143.00,,
2019/04/18,46,ICFC,-,153.0,155.0,152.0,154.0,154.00,0.0,0.0,153.38,"6,880.00",154.00,"1,055,258.00",19,0.0,3.0,0.0,1.97,0.4,219.00,143.00,,
2019/04/21,93,ICFC,32.95,663.0,668.0,647.0,661.0,661.00,0.0,0.0,659.86,"5,859.00",658.50,"3,866,108.80",46,2.5,21.0,0.38,3.25,0.17,872.00,555.00,630.56,639.01
2019/04/22,51,ICFC,-,155.0,156.0,155.0,155.0,155.00,0.0,0.0,155.29,"8,500.00",157.00,"1,320,000.00",11,-2.0,1.0,-1.27,0.65,-0.19,219.00,143.00,,
2019/04/23,52,ICFC,-,155.0,157.0,155.0,157.0,157.00,0.0,0.0,156.27,"2,454.00",155.00,"383,478.00",5,2.0,2.0,1.29,1.29,0.47,219.00,143.00,,
2019/04/24,49,ICFC,-,155.0,162.0,155.0,162.0,162.00,0.0,0.0,157.29,"6,712.00",157.00,"1,055,739.00",18,5.0,7.0,3.18,4.52,2.91,211.00,143.00,,
2019/04/25,49,ICFC,-,163.0,165.0,157.0,160.0,160.00,0.0,0.0,161.25,"6,774.00",162.00,"1,092,295.00",24,-2.0,8.0,-1.23,5.1,-0.78,211.00,143.00,,
2019/04/28,51,ICFC,-,163.0,164.0,161.0,164.0,164.00,0.0,0.0,162.16,"2,258.00",160.00,"366,154.00",6,4.0,3.0,2.5,1.86,1.12,201.00,143.00,,
2019/04/29,50,ICFC,-,163.0,163.0,158.0,159.0,159.00,0.0,0.0,160.34,"6,030.00",164.00,"966,830.00",14,-5.0,5.0,-3.05,3.16,-0.84,201.00,143.00,,
2019/04/30,50,ICFC,-,158.0,163.0,155.0,163.0,163.00,0.0,0.0,159.79,"3,267.00",159.00,"522,038.00",8,4.0,8.0,2.52,5.16,1.97,201.00,143.00,,
2019/05/02,50,ICFC,-,161.0,163.0,159.0,162.0,162.00,0.0,0.0,160.68,"7,851.00",163.00,"1,261,508.00",14,-1.0,4.0,-0.61,2.52,0.81,201.00,143.00,,
2019/05/05,50,ICFC,-,160.0,160.0,155.0,155.0,155.00,0.0,0.0,158.36,"5,714.00",162.00,"904,870.00",10,-7.0,5.0,-4.32,3.23,-2.17,197.00,143.00,,
2019/05/06,49,ICFC,-,155.0,155.0,155.0,155.0,155.00,0.0,0.0,155.00,64.00,155.00,"9,920.00",1,0.0,0.0,0.0,0.0,0.0,197.00,143.00,,
2019/05/07,49,ICFC,-,153.0,158.0,153.0,156.0,156.00,0.0,0.0,156.76,"2,569.00",155.00,"402,718.00",8,1.0,5.0,0.65,3.27,-0.49,197.00,143.00,,
2019/05/08,49,ICFC,-,156.0,159.0,155.0,159.0,159.00,0.0,0.0,156.59,"2,306.00",156.00,"361,088.00",9,3.0,4.0,1.92,2.58,1.52,197.00,143.00,,
2019/05/09,49,ICFC,-,156.0,156.0,155.0,155.0,155.00,0.0,0.0,155.98,666.00,159.00,"103,880.00",3,-4.0,1.0,-2.52,0.65,-0.63,197.00,143.00,,
2019/05/12,48,ICFC,-,153.0,153.0,153.0,153.0,153.00,0.0,0.0,153.00,221.00,155.00,"33,813.00",3,-2.0,0.0,-1.29,0.0,0.0,193.00,143.00,,
2019/03/25,49,ICFC,-,150.0,150.0,148.0,150.0,150.00,0.0,0.0,148.83,"6,004.00",150.00,"893,574.00",12,0.0,2.0,0.0,1.35,0.78,219.00,143.00,,
2019/03/26,50,ICFC,-,148.0,150.0,148.0,150.0,150.00,0.0,0.0,149.95,"1,490.00",150.00,"223,420.00",4,0.0,2.0,0.0,1.35,0.04,219.00,143.00,,
2019/03/28,47,ICFC,-,147.0,152.0,147.0,151.0,151.00,0.0,0.0,150.44,"5,979.00",150.00,"899,493.00",7,1.0,5.0,0.67,3.4,0.37,219.00,143.00,,
2019/03/31,47,ICFC,-,151.0,154.0,151.0,153.0,153.00,0.0,0.0,152.95,"1,671.00",151.00,"255,586.00",5,2.0,3.0,1.32,1.99,0.03,219.00,143.00,,
2019/04/01,49,ICFC,-,152.0,155.0,152.0,155.0,155.00,0.0,0.0,153.38,671.00,153.00,"102,916.00",3,2.0,3.0,1.31,1.97,1.05,219.00,143.00,,
2019/04/02,47,ICFC,-,155.0,158.0,152.0,156.0,156.00,0.0,0.0,153.10,"19,131.00",155.00,"2,929,048.00",13,1.0,6.0,0.65,3.95,1.86,219.00,143.00,,
2019/04/03,48,ICFC,-,154.0,155.0,152.0,152.0,152.00,0.0,0.0,154.42,"5,079.00",156.00,"784,291.00",7,-4.0,3.0,-2.56,1.97,-1.59,219.00,143.00,,
2019/04/04,50,ICFC,-,151.0,151.0,151.0,151.0,151.00,0.0,0.0,151.00,40.00,152.00,"6,040.00",1,-1.0,0.0,-0.66,0.0,0.0,219.00,143.00,,
2019/04/07,50,ICFC,-,153.0,157.0,151.0,157.0,157.00,0.0,0.0,155.19,"3,570.00",151.00,"554,033.00",9,6.0,6.0,3.97,3.97,1.15,219.00,143.00,,
2019/04/08,50,ICFC,-,157.0,157.0,154.0,154.0,154.00,0.0,0.0,156.56,"1,250.00",157.00,"195,700.00",3,-3.0,3.0,-1.91,1.95,-1.66,219.00,143.00,,
2019/04/09,49,ICFC,-,154.0,154.0,153.0,153.0,153.00,0.0,0.0,153.28,359.00,154.00,"55,027.00",5,-1.0,1.0,-0.65,0.65,-0.18,219.00,143.00,,
2019/04/10,47,ICFC,-,152.0,154.0,152.0,154.0,154.00,0.0,0.0,152.15,"5,201.00",153.00,"791,341.00",6,1.0,2.0,0.65,1.32,1.2,219.00,143.00,,
2019/04/11,49,ICFC,-,153.0,153.0,152.0,153.0,153.00,0.0,0.0,152.26,"6,815.00",154.00,"1,037,680.00",8,-1.0,1.0,-0.65,0.66,0.48,219.00,143.00,,
2019/04/15,49,ICFC,-,153.0,154.0,153.0,154.0,154.00,0.0,0.0,153.38,362.00,153.00,"55,524.00",6,1.0,1.0,0.65,0.65,0.4,219.00,143.00,,
2019/04/16,48,ICFC,-,152.0,159.0,150.0,159.0,159.00,0.0,0.0,153.94,"5,929.00",154.00,"912,721.00",14,5.0,9.0,3.25,6.0,3.18,219.00,143.00,,
2019/02/26,49,ICFC,-,148.0,148.0,145.0,146.0,146.00,0.0,0.0,145.44,"1,898.00",147.00,"276,048.00",7,-1.0,3.0,-0.68,2.07,0.38,219.00,143.00,,
2019/02/27,46,ICFC,-,148.0,148.0,146.0,146.0,146.00,0.0,0.0,147.34,748.00,146.00,"110,208.00",3,0.0,2.00,0.0,1.37,-0.92,219.00,143.00,,
2019/03/03,49,ICFC,-,146.0,146.0,144.0,145.0,145.00,0.0,0.0,145.08,"3,594.00",146.00,"521,430.00",10,-1.0,2.0,-0.68,1.39,-0.06,219.00,143.00,,
2019/03/06,50,ICFC,-,143.0,147.0,143.0,147.0,147.00,0.0,0.0,145.82,228.00,145.00,"33,248.00",5,2.0,4.0,1.38,2.8,0.8,219.00,143.00,,
2019/03/07,51,ICFC,-,147.0,150.0,147.0,150.0,150.00,0.0,0.0,149.62,725.00,147.00,"108,475.00",3,3.0,3.0,2.04,2.04,0.25,219.00,143.00,,
2019/03/10,93,ICFC,32.95,663.0,668.0,647.0,661.0,661.00,0.0,0.0,659.86,"5,859.00",658.50,"3,866,108.80",46,2.5,21.0,0.38,3.25,0.17,872.00,555.00,630.56,639.01
2019/03/11,50,ICFC,-,148.0,151.0,148.0,151.0,151.00,0.0,0.0,149.85,"1,733.00",150.00,"259,695.00",7,1.0,3.0,0.67,2.03,0.76,219.00,143.00,,
2019/03/12,53,ICFC,-,148.0,154.0,148.0,150.0,150.00,0.0,0.0,151.09,"7,425.00",151.00,"1,121,835.00",15,-1.0,6.0,-0.66,4.05,-0.73,219.00,143.00,,
2019/03/13,51,ICFC,-,150.0,153.0,150.0,151.0,151.00,0.0,0.0,151.76,"3,050.00",150.00,"462,860.00",5,1.0,3.0,0.67,2.0,-0.5,219.00,143.00,,
2019/03/14,51,ICFC,-,154.0,154.0,154.0,154.0,154.00,0.0,0.0,154.00,710.00,151.00,"109,340.00",2,3.0,0.0,1.99,0.0,0.0,219.00,143.00,,
2019/03/18,50,ICFC,-,152.0,157.0,152.0,153.0,153.00,0.0,0.0,154.63,"4,530.00",154.00,"700,460.00",13,-1.0,5.0,-0.65,3.29,-1.06,219.00,143.00,,
2019/03/19,48,ICFC,-,151.0,151.0,151.0,151.0,151.00,0.0,0.0,151.00,126.00,153.00,"19,026.00",1,-2.0,0.0,-1.31,0.0,0.0,219.00,143.00,,
2019/03/21,51,ICFC,-,150.0,150.0,150.0,150.0,150.00,0.0,0.0,150.00,17.00,151.00,"2,550.00",1,-1.0,0.0,-0.66,0.0,0.0,219.00,143.00,,
2019/01/31,48,ICFC,-,151.0,154.0,151.0,151.0,151.00,0.0,0.0,151.03,955.00,150.00,"144,235.00",6,1.0,3.0,0.67,1.99,-0.02,219.00,150.00,,
2019/02/03,48,ICFC,-,150.0,151.0,150.0,150.0,150.00,0.0,0.0,150.17,"2,001.00",151.00,"300,500.00",6,-1.0,1.0,-0.66,0.67,-0.12,219.00,150.00,,
2019/02/04,46,ICFC,-,150.0,150.0,149.0,149.0,149.00,0.0,0.0,149.54,929.00,150.00,"138,921.00",4,-1.0,1.0,-0.67,0.67,-0.36,219.00,149.00,,
2019/02/05,47,ICFC,-,149.0,151.0,149.0,151.0,151.00,0.0,0.0,150.63,614.00,149.00,"92,486.00",4,2.0,2.0,1.34,1.34,0.25,219.00,149.00,,
2019/02/06,48,ICFC,-,150.0,150.0,150.0,150.0,150.00,0.0,0.0,150.00,"1,397.00",151.00,"209,550.00",3,-1.0,0.0,-0.66,0.0,0.0,219.00,149.00,,
2019/02/07,48,ICFC,-,150.0,150.0,148.0,148.0,148.00,0.0,0.0,148.18,"2,239.00",150.00,"331,779.00",8,-2.0,2.0,-1.33,1.35,-0.12,219.00,148.00,,
2019/02/10,43,ICFC,-,148.0,148.0,146.0,148.0,148.00,0.0,0.0,147.16,"1,501.00",148.00,"220,894.00",7,0.0,2.0,0.0,1.37,0.56,219.00,146.00,,
2019/02/12,48,ICFC,-,147.0,150.0,147.0,150.0,150.00,0.0,0.0,147.30,368.00,148.00,"54,208.00",3,2.0,3.0,1.35,2.04,1.8,219.00,146.00,,
2019/02/13,52,ICFC,-,147.0,147.0,147.0,147.0,147.00,0.0,0.0,147.00,150.00,150.00,"22,050.00",1,-3.00,0.0,-2.0,0.0,0.0,219.00,146.00,,
2019/02/14,46,ICFC,-,146.0,147.0,145.0,147.0,147.00,0.0,0.0,145.94,851.00,147.00,"124,197.00",6,0.0,2.0,0.0,1.38,0.72,219.00,145.00,,
2019/02/17,47,ICFC,-,145.0,147.0,143.0,147.0,147.00,0.0,0.0,144.32,"4,380.00",147.00,"632,120.00",11,0.0,4.0,0.0,2.8,1.82,219.00,143.00,,
2019/02/19,47,ICFC,-,148.0,148.0,146.0,146.0,146.00,0.0,0.0,147.83,219.00,147.00,"32,374.00",2,-1.0,2.0,-0.68,1.37,-1.25,219.00,143.00,,
2019/02/20,44,ICFC,-,148.0,148.0,148.0,148.0,148.00,0.0,0.0,148.00,327.00,146.00,"48,396.00",4,2.0,0.0,1.37,0.0,0.0,219.00,143.00,,
2019/01/08,44,ICFC,-,155.0,156.0,155.0,156.0,156.00,0.0,0.0,155.04,"1,620.00",155.00,"251,170.00",5,1.0,1.0,0.65,0.65,0.61,219.00,150.00,,
2019/01/09,46,ICFC,-,157.0,157.0,152.0,152.0,152.00,0.0,0.0,153.42,"2,580.00",156.00,"395,828.00",10,-4.0,5.0,-2.56,3.29,-0.94,219.00,150.00,,
2019/01/10,44,ICFC,-,153.0,158.0,153.0,157.0,157.00,0.0,0.0,156.44,250.00,152.00,"39,110.00",4,5.0,5.0,3.29,3.27,0.36,219.00,150.00,,
2019/01/13,42,ICFC,-,155.0,155.0,153.0,153.0,153.00,0.0,0.0,154.00,"1,000.00",157.00,"154,000.00",4,-4.0,2.0,-2.55,1.31,-0.65,219.00,150.00,,
2019/01/14,44,ICFC,-,153.0,156.0,153.0,154.0,154.00,0.0,0.0,153.02,"3,037.00",153.00,"464,730.00",5,1.0,3.0,0.65,1.96,0.63,219.00,150.00,,
2019/01/15,46,ICFC,-,155.0,156.0,154.0,156.0,156.00,0.0,0.0,155.13,"3,042.00",154.00,"471,896.00",8,2.0,2.0,1.3,1.3,0.56,219.00,150.00,,
2019/01/16,46,ICFC,-,155.0,155.0,154.0,155.0,155.00,0.0,0.0,154.71,"1,750.00",156.00,"270,750.00",6,-1.0,1.0,-0.64,0.65,0.18,219.00,150.00,,
2019/01/17,47,ICFC,-,156.0,156.0,156.0,156.0,156.00,0.0,0.0,156.00,100.00,155.00,"15,600.00",1,1.0,0.0,0.65,0.0,0.0,219.00,150.00,,
2019/01/22,44,ICFC,-,154.0,154.0,151.0,154.0,154.00,0.0,0.0,153.06,"1,337.00",156.00,"204,642.00",6,-2.00,3.00,-1.28,1.99,0.61,219.00,150.00,,
2019/01/23,40,ICFC,-,152.0,156.0,152.0,155.0,155.00,0.0,0.0,153.33,"1,350.00",154.00,"207,000.00",7,1.0,4.0,0.65,2.63,1.08,219.00,150.00,,
2019/01/24,45,ICFC,-,158.0,158.0,152.0,153.0,153.00,0.0,0.0,153.46,576.00,155.00,"88,393.00",8,-2.0,6.00,-1.29,3.95,-0.3,219.00,150.00,,
2019/01/27,43,ICFC,-,150.0,153.0,150.0,151.0,151.00,0.0,0.0,151.38,"1,200.00",153.00,"181,656.00",6,-2.0,3.0,-1.31,2.0,-0.25,219.00,150.00,,
2019/01/28,47,ICFC,-,151.0,152.0,151.0,152.0,152.00,0.0,0.0,151.80,137.00,151.00,"20,797.00",4,1.0,1.0,0.66,0.66,0.13,219.00,150.00,,
2019/01/29,47,ICFC,-,152.0,152.0,150.0,152.0,152.00,0.0,0.0,151.13,"1,588.00",152.00,"239,991.00",9,0.0,2.0,0.0,1.33,0.57,219.00,150.00,,
2018/12/16,40,ICFC,-,155.0,155.0,155.0,155.0,155.00,0.0,0.0,155.00,"1,000.00",155.00,"155,000.00",2,0.0,0.0,0.0,0.0,0.0,219.00,150.00,,
2018/12/17,46,ICFC,-,157.0,160.0,157.0,160.0,160.00,0.0,0.0,158.43,420.00,155.00,"66,540.00",3,5.0,3.0,3.23,1.91,0.98,219.00,150.00,,
2018/12/19,47,ICFC,-,162.0,162.0,160.0,160.0,160.00,0.0,0.0,160.74,159.00,160.00,"25,558.00",2,0.0,2.0,0.0,1.25,-0.46,219.00,150.00,,
2018/12/20,45,ICFC,-,160.0,160.0,151.0,151.0,151.00,0.0,0.0,155.84,223.00,160.00,"34,753.00",5,-9.0,9.0,-5.63,5.96,-3.21,219.00,150.00,,
2018/12/23,45,ICFC,-,154.0,160.0,154.0,159.0,159.00,0.0,0.0,158.74,"1,933.00",151.00,"306,853.00",13,8.0,6.0,5.3,3.9,0.16,219.00,150.00,,
2018/12/24,47,ICFC,-,156.0,159.0,156.0,157.0,157.00,0.0,0.0,156.94,"1,813.00",159.00,"284,534.00",7,-2.0,3.0,-1.26,1.92,0.04,219.00,150.00,,
2018/12/25,45,ICFC,-,154.0,154.0,153.0,153.0,153.00,0.0,0.0,153.86,347.00,157.00,"53,391.00",6,-4.0,1.0,-2.55,0.65,-0.57,219.00,150.00,,
2018/12/26,49,ICFC,-,154.0,159.0,150.0,156.0,156.00,0.0,0.0,151.55,"3,441.00",153.00,"521,485.00",19,3.0,9.0,1.96,6.0,2.85,219.00,150.00,,
2018/12/27,48,ICFC,-,158.0,161.0,156.0,156.0,156.00,0.0,0.0,158.22,"5,431.00",156.00,"859,316.00",18,0.0,5.0,0.0,3.21,-1.43,219.00,150.00,,
2018/12/30,46,ICFC,-,158.0,158.0,156.0,156.0,156.00,0.0,0.0,156.14,"1,410.00",156.00,"220,160.00",6,0.0,2.0,0.0,1.28,-0.09,219.00,150.00,,
2018/12/31,46,ICFC,-,156.0,156.0,154.0,154.0,154.00,0.0,0.0,154.37,483.00,156.00,"74,562.00",2,-2.0,2.0,-1.28,1.3,-0.24,219.00,150.00,,
2019/01/01,40,ICFC,-,155.0,155.0,152.0,152.0,152.00,0.0,0.0,153.21,"1,259.00",154.00,"192,888.00",5,-2.0,3.0,-1.3,1.97,-0.79,219.00,150.00,,
2019/01/02,44,ICFC,-,152.0,155.0,150.0,155.0,155.00,0.0,0.0,151.11,"6,421.00",152.00,"970,281.00",14,3.0,5.0,1.97,3.33,2.51,219.00,150.00,,
2019/01/03,44,ICFC,-,154.0,154.0,153.0,153.0,153.00,0.0,0.0,153.55,182.00,155.00,"27,946.00",3,-2.0,1.0,-1.29,0.65,-0.36,219.00,150.00,,
2019/01/06,45,ICFC,-,150.0,154.0,150.0,153.0,153.00,0.0,0.0,151.92,"1,192.00",153.00,"181,084.00",4,0.0,4.0,0.0,2.67,0.71,219.00,150.00,,
2018/11/21,43,ICFC,-,151.0,151.0,151.0,151.0,151.00,0.0,0.0,151.00,129.00,149.00,"19,479.00",1,2.0,0.0,1.34,0.0,0.0,234.00,150.00,,
2018/11/22,39,ICFC,-,153.0,158.0,152.0,158.0,158.00,0.0,0.0,153.93,"2,776.00",151.00,"427,314.00",6,7.0,6.0,4.64,3.95,2.57,234.00,150.00,,
2018/11/25,42,ICFC,-,158.0,158.0,150.0,150.0,150.00,0.0,0.0,152.45,"12,558.00",158.00,"1,914,513.00",16,-8.0,8.0,-5.06,5.33,-1.64,234.00,150.00,,
2018/11/26,43,ICFC,-,151.0,154.0,151.0,154.0,154.00,0.0,0.0,151.18,"1,362.00",150.00,"205,905.00",5,4.0,3.0,2.67,1.99,1.83,234.00,150.00,,
2018/11/27,46,ICFC,-,152.0,152.0,151.0,151.0,151.00,0.0,0.0,151.28,"2,106.00",154.00,"318,605.00",5,-3.0,1.0,-1.95,0.66,-0.19,234.00,150.00,,
2018/11/28,42,ICFC,-,154.0,154.0,154.0,154.0,154.00,0.0,0.0,154.00,685.00,151.00,"105,490.00",2,3.0,0.0,1.99,0.0,0.0,234.00,150.00,,
2018/11/29,45,ICFC,-,156.0,159.0,154.0,157.0,157.00,0.0,0.0,156.21,"4,979.00",154.00,"777,766.00",18,3.0,5.0,1.95,3.25,0.5,234.00,150.00,,
2018/12/02,41,ICFC,-,155.0,155.0,150.0,152.0,152.00,0.0,0.0,151.35,"2,106.00",157.00,"318,750.00",11,-5.0,5.0,-3.18,3.33,0.43,225.00,150.00,,
2018/12/03,43,ICFC,-,153.0,153.0,152.0,152.0,152.00,0.0,0.0,152.70,"3,445.00",152.00,"526,036.00",8,0.0,1.0,0.0,0.66,-0.46,225.00,150.00,,
2018/12/04,44,ICFC,-,152.0,155.0,151.0,155.0,155.00,0.0,0.0,153.90,"2,486.00",152.00,"382,600.00",7,3.0,4.0,1.97,2.65,0.71,225.00,150.00,,
2018/12/06,46,ICFC,-,154.0,155.0,153.0,154.0,154.00,0.0,0.0,154.72,"4,241.00",155.00,"656,187.00",9,-1.0,2.0,-0.65,1.31,-0.47,225.00,150.00,,
2018/12/09,42,ICFC,-,155.0,155.0,153.0,153.0,153.00,0.0,0.0,154.52,"2,110.00",154.00,"326,030.00",9,-1.0,2.0,-0.65,1.31,-0.99,221.00,150.00,,
2018/12/10,43,ICFC,-,154.0,154.0,153.0,153.0,153.00,0.0,0.0,153.92,"13,690.00",153.00,"2,107,170.00",7,0.0,1.0,0.0,0.65,-0.6,221.00,150.00,,
2018/12/11,46,ICFC,-,153.0,153.0,152.0,152.0,152.00,0.0,0.0,152.07,"2,700.00",153.00,"410,600.00",4,-1.0,1.0,-0.65,0.66,-0.05,220.00,150.00,,
2018/12/12,41,ICFC,-,153.0,153.0,153.0,153.0,153.00,0.0,0.0,153.00,"12,000.00",152.00,"1,836,000.00",9,1.0,0.0,0.66,0.0,0.0,220.00,150.00,,
2018/10/25,45,ICFC,-,156.0,156.0,156.0,156.0,156.00,0.0,0.0,156.00,200.00,159.00,"31,200.00",1,-3.0,0.0,-1.89,0.0,0.0,238.00,150.00,,
2018/10/28,44,ICFC,-,153.0,153.0,152.0,152.0,152.00,0.0,0.0,152.39,"1,074.00",156.00,"163,662.00",5,-4.0,1.0,-2.56,0.66,-0.25,234.00,150.00,,
2018/10/29,42,ICFC,-,152.0,154.0,151.0,154.0,154.00,0.0,0.0,151.76,550.00,152.00,"83,470.00",3,2.0,3.0,1.32,1.99,1.45,234.00,150.00,,
2018/10/30,45,ICFC,-,154.0,157.0,154.0,157.0,157.00,0.0,0.0,155.44,994.00,154.00,"154,511.00",7,3.0,3.0,1.95,1.95,0.99,234.00,150.00,,
2018/11/01,44,ICFC,-,157.0,157.0,152.0,152.0,152.00,0.0,0.0,156.69,"1,919.00",157.00,"300,696.00",5,-5.0,5.0,-3.18,3.29,-3.09,234.00,150.00,,
2018/11/04,42,ICFC,-,152.0,155.0,152.0,155.0,155.00,0.0,0.0,153.45,413.00,152.00,"63,376.00",3,3.0,3.0,1.97,1.97,1.0,234.00,150.00,,
2018/11/11,35,ICFC,-,155.0,160.0,155.0,157.0,157.00,0.0,0.0,159.21,824.00,155.00,"131,190.00",3,2.0,5.0,1.29,3.23,-1.41,234.00,150.00,,
2018/11/12,34,ICFC,-,156.0,159.0,156.0,159.0,159.00,0.0,0.0,157.50,400.00,157.00,"63,000.00",2,2.0,3.0,1.27,1.92,0.94,234.00,150.00,,
2018/11/13,42,ICFC,-,156.0,161.0,156.0,161.0,161.00,0.0,0.0,157.62,"1,913.00",159.00,"301,527.00",9,2.0,5.0,1.26,3.21,2.1,234.00,150.00,,
2018/11/14,40,ICFC,-,161.0,161.0,158.0,158.0,158.00,0.0,0.0,159.45,726.00,161.00,"115,758.00",4,-3.0,3.0,-1.86,1.9,-0.92,234.00,150.00,,
2018/11/15,41,ICFC,-,156.0,158.0,156.0,158.0,158.00,0.0,0.0,157.98,"1,110.00",158.00,"175,360.00",3,0.0,2.0,0.0,1.28,0.01,234.00,150.00,,
2018/11/18,40,ICFC,-,158.0,158.0,151.0,151.0,152.00,-1.0,-0.01,153.01,"1,294.00",158.00,"197,994.00",7,-7.0,7.0,-4.43,4.64,-1.33,234.00,150.00,,
2018/11/19,40,ICFC,-,152.0,153.0,151.0,152.0,152.00,0.0,0.0,152.50,"1,023.00",151.00,"156,011.00",5,1.0,2.0,0.66,1.32,-0.33,234.00,150.00,,
2018/09/27,50,ICFC,-,161.0,164.0,160.0,164.0,164.00,0.0,0.0,160.88,"4,198.00",161.00,"675,358.00",7,3.0,4.0,1.86,2.5,1.9,273.00,154.00,,
2018/09/30,48,ICFC,-,161.0,161.0,159.0,159.0,159.00,0.0,0.0,159.51,"3,803.00",164.00,"606,600.00",11,-5.0,2.0,-3.05,1.26,-0.32,273.00,154.00,,
2018/10/01,50,ICFC,-,159.0,159.0,158.0,158.0,158.00,0.0,0.0,158.41,"2,551.00",159.00,"404,109.00",8,-1.0,1.0,-0.63,0.63,-0.26,273.00,154.00,,
2018/10/02,51,ICFC,-,156.0,158.0,156.0,157.0,157.00,0.0,0.0,157.23,902.00,158.00,"141,819.00",6,-1.0,2.0,-0.63,1.28,-0.14,273.00,154.00,,
2018/10/03,47,ICFC,-,157.0,157.0,155.0,155.0,155.00,0.0,0.0,155.70,"2,090.00",157.00,"325,410.00",7,-2.0,2.0,-1.27,1.29,-0.45,273.00,154.00,,
2018/10/04,50,ICFC,-,152.0,156.0,152.0,154.0,154.00,0.0,0.0,154.62,"4,198.00",155.00,"649,080.00",8,-1.0,4.0,-0.65,2.63,-0.4,273.00,152.00,,
2018/10/07,47,ICFC,-,152.0,152.0,150.0,150.0,150.00,0.0,0.0,151.04,"2,770.00",154.00,"418,385.00",9,-4.0,2.0,-2.6,1.33,-0.69,273.00,150.00,,
2018/10/08,45,ICFC,-,150.0,153.0,150.0,153.0,153.00,0.0,0.0,152.58,"3,072.00",150.00,"468,724.00",9,3.0,3.0,2.0,2.0,0.27,273.00,150.00,,
2018/10/09,48,ICFC,-,150.0,153.0,150.0,153.0,153.00,0.0,0.0,151.04,"1,065.00",153.00,"160,855.00",5,0.0,3.0,0.0,2.0,1.28,273.00,150.00,,
2018/10/11,49,ICFC,-,151.0,151.0,151.0,151.0,151.00,0.0,0.0,150.68,25.00,153.00,"3,767.00",2,-2.0,0.0,-1.31,0.0,0.21,246.00,150.00,,
2018/10/14,43,ICFC,-,150.0,150.0,150.0,150.0,150.00,0.0,0.0,150.00,"1,500.00",151.00,"225,000.00",2,-1.00,0.00,-0.66,0.0,0.0,246.00,150.00,,
2018/10/15,38,ICFC,-,152.0,153.0,152.0,153.0,153.00,0.0,0.0,152.85,65.00,150.00,"9,935.00",2,3.0,1.0,2.0,0.66,0.1,246.00,150.00,,
2018/10/21,36,ICFC,-,156.0,156.0,156.0,156.0,156.00,0.0,0.0,156.00,100.00,153.00,"15,600.00",1,3.0,0.0,1.96,0.0,0.0,241.00,150.00,,
2018/10/22,43,ICFC,-,153.0,157.0,153.0,157.0,157.00,0.0,0.0,156.16,"1,355.00",156.00,"211,595.00",3,1.0,4.0,0.64,2.61,0.54,241.00,150.00,,
2018/10/23,46,ICFC,-,158.0,159.0,158.0,159.0,159.00,0.0,0.0,158.38,160.00,157.00,"25,340.00",2,2.0,1.0,1.27,0.63,0.39,241.00,150.00,,
2018/09/03,47,ICFC,-,161.0,163.0,160.0,163.0,163.00,0.0,0.0,161.64,"1,867.00",162.00,"301,787.00",9,1.00,3.0,0.62,1.88,0.83,276.00,154.00,,
2018/09/04,50,ICFC,-,162.0,166.0,162.0,166.0,166.00,0.0,0.0,163.40,810.00,163.00,"132,350.00",5,3.0,4.0,1.84,2.47,1.57,276.00,154.00,,
2018/09/05,51,ICFC,-,166.0,175.0,166.0,175.0,175.00,0.0,0.0,172.27,"2,738.00",166.00,"471,676.00",17,9.0,9.0,5.42,5.42,1.56,276.00,154.00,,
2018/09/06,50,ICFC,-,172.0,172.0,168.0,168.0,168.00,0.0,0.0,169.36,880.00,175.00,"149,040.00",8,-7.0,4.0,-4.0,2.38,-0.81,276.00,154.00,,
2018/09/09,52,ICFC,-,166.0,168.0,165.0,168.0,168.00,0.0,0.0,166.00,600.00,168.00,"99,600.00",4,0.0,3.0,0.0,1.82,1.19,276.00,154.00,,
2018/09/10,49,ICFC,-,168.0,168.0,165.0,165.0,165.00,0.0,0.0,165.15,"1,009.00",168.00,"166,635.00",8,-3.0,3.0,-1.79,1.82,-0.09,276.00,154.00,,
2018/09/11,48,ICFC,-,165.0,173.0,163.0,173.0,173.00,0.0,0.0,169.18,"3,948.00",165.00,"667,906.00",18,8.0,10.00,4.85,6.13,2.21,276.00,154.00,,
2018/09/12,47,ICFC,-,170.0,170.0,160.0,163.0,163.00,0.0,0.0,161.80,"3,680.00",173.00,"595,410.00",22,-10.0,10.0,-5.78,6.25,0.74,276.00,154.00,,
2018/09/13,50,ICFC,-,163.0,169.0,163.0,166.0,166.00,0.0,0.0,164.49,881.00,163.00,"144,915.00",7,3.0,6.0,1.84,3.68,0.91,276.00,154.00,,
2018/09/16,48,ICFC,-,165.0,168.0,165.0,165.0,165.00,0.0,0.0,165.97,"14,720.00",166.00,"2,443,147.00",11,-1.0,3.0,-0.6,1.82,-0.59,275.00,154.00,,
2018/09/18,48,ICFC,-,166.0,166.0,166.0,166.0,166.00,0.0,0.0,166.00,332.00,165.00,"55,112.00",5,1.0,0.0,0.61,0.0,0.0,275.00,154.00,,
2018/09/19,93,ICFC,32.95,663.0,668.0,647.0,661.0,661.00,0.0,0.0,659.86,"5,859.00",658.50,"3,866,108.80",46,2.5,21.0,0.38,3.25,0.17,872.00,555.00,630.56,639.01
2018/09/23,45,ICFC,-,163.0,163.0,163.0,163.0,163.00,0.0,0.0,163.00,400.00,166.00,"65,200.00",4,-3.0,0.0,-1.81,0.0,0.0,275.00,154.00,,
2018/09/25,49,ICFC,-,162.0,166.0,160.0,166.0,166.00,0.0,0.0,161.34,"6,091.00",163.00,"982,698.00",13,3.0,6.0,1.84,3.75,2.81,275.00,154.00,,
2018/08/08,45,ICFC,-,163.0,163.0,160.0,161.0,161.00,0.0,0.0,160.62,78.00,166.00,"12,528.00",3,-5.0,3.0,-3.01,1.88,0.24,290.00,160.00,,
2018/08/09,44,ICFC,-,160.0,161.0,158.0,158.0,158.00,0.0,0.0,159.33,406.00,161.00,"64,686.00",5,-3.0,3.0,-1.86,1.9,-0.84,288.00,160.00,,
2018/08/12,44,ICFC,-,161.0,161.0,159.0,160.0,160.00,0.0,0.0,160.66,"3,819.00",158.00,"613,549.00",8,2.0,2.0,1.27,1.26,-0.41,288.00,158.00,,
2018/08/13,44,ICFC,-,159.0,159.0,158.0,159.0,159.00,0.0,0.0,158.86,374.00,160.00,"59,412.00",4,-1.0,1.0,-0.63,0.63,0.09,288.00,158.00,,
2018/08/14,47,ICFC,-,162.0,168.0,161.0,164.0,164.00,0.0,0.0,164.22,"2,964.00",159.00,"486,748.00",11,5.0,7.0,3.14,4.35,-0.13,288.00,158.00,,
2018/08/15,48,ICFC,-,167.0,170.0,164.0,170.0,170.00,0.0,0.0,166.62,"3,002.00",164.00,"500,200.00",12,6.0,6.0,3.66,3.66,1.99,281.00,158.00,,
2018/08/16,47,ICFC,-,173.0,173.0,168.0,169.0,169.00,0.0,0.0,169.51,"9,710.00",170.00,"1,645,903.00",24,-1.00,5.0,-0.59,2.98,-0.3,281.00,158.00,,
2018/08/19,43,ICFC,-,166.0,166.0,157.0,160.0,160.00,0.0,0.0,160.86,"2,598.00",169.00,"417,914.00",17,-9.0,9.0,-5.33,5.73,-0.54,281.00,158.00,,
2018/08/20,47,ICFC,-,158.0,160.0,157.0,158.0,158.00,0.0,0.0,158.56,"1,110.00",160.00,"176,000.00",9,-2.0,3.0,-1.25,1.91,-0.35,281.00,157.00,,
2018/08/21,49,ICFC,-,157.0,158.0,157.0,157.0,157.00,0.0,0.0,157.30,337.00,158.00,"53,009.00",3,-1.0,1.0,-0.63,0.64,-0.19,280.00,157.00,,
2018/08/22,45,ICFC,-,158.0,158.0,158.0,158.0,158.00,0.0,0.0,158.00,715.00,157.00,"112,970.00",3,1.0,0.0,0.64,0.0,0.0,280.00,157.00,,
2018/08/23,45,ICFC,-,156.0,158.0,156.0,157.0,157.00,0.0,0.0,157.12,"1,712.00",158.00,"268,988.00",6,-1.0,2.0,-0.63,1.28,-0.08,280.00,157.00,,
2018/08/26,41,ICFC,-,156.0,157.0,155.0,155.0,155.00,0.0,0.0,156.55,"1,020.00",157.00,"159,686.00",7,-2.0,2.0,-1.27,1.29,-1.0,279.00,156.00,,
2018/08/28,44,ICFC,-,155.0,157.0,154.0,157.0,157.00,0.0,0.0,155.40,"1,820.00",155.00,"282,820.00",9,2.0,3.0,1.29,1.95,1.02,279.00,155.00,,
2018/08/29,47,ICFC,-,156.0,156.0,155.0,155.0,155.00,0.0,0.0,155.71,"1,700.00",157.00,"264,700.00",4,-2.0,1.0,-1.27,0.65,-0.46,276.00,154.00,,
2018/08/30,50,ICFC,-,155.0,159.0,155.0,159.0,159.00,0.0,0.0,157.34,598.00,155.00,"94,090.00",4,4.0,4.0,2.58,2.58,1.04,276.00,154.00,,
2018/09/26,52,ICFC,-,163.0,167.0,161.0,161.0,161.00,0.0,0.0,162.93,"5,272.00",166.00,"858,968.00",17,-5.0,6.0,-3.01,3.73,-1.2,275.00,154.00,,
2018/11/20,39,ICFC,-,149.0,152.0,152.0,149.0,149.00,0.0,0.0,149.00,9.00,152.00,"1,341.00",1,-3.0,0.0,-1.97,0.0,0.0,234.00,150.00,,
2018/12/13,93,ICFC,32.95,663.0,668.0,647.0,661.0,661.00,0.0,0.0,659.86,"5,859.00",658.50,"3,866,108.80",46,2.5,21.0,0.38,3.25,0.17,872.00,555.00,630.56,639.01
2019/01/07,46,ICFC,-,155.0,155.0,154.0,155.0,155.00,0.0,0.0,154.39,330.00,153.00,"50,950.00",3,2.0,1.0,1.31,0.65,0.39,219.00,150.00,,
2019/01/30,48,ICFC,-,151.0,152.0,150.0,150.0,150.00,0.0,0.0,150.85,"2,299.00",152.00,"346,812.00",9,-2.00,2.0,-1.32,1.33,-0.57,219.00,150.00,,
2019/02/24,49,ICFC,-,147.0,147.0,147.0,147.0,147.00,0.0,0.0,147.00,266.00,148.00,"39,102.00",1,-1.0,0.0,-0.68,0.0,0.0,219.00,143.00,,
2019/03/24,49,ICFC,-,150.0,150.0,150.0,150.0,150.00,0.0,0.0,150.00,17.00,150.00,"2,550.00",1,0.0,0.0,0.0,0.0,0.0,219.00,143.00,,
2019/04/17,49,ICFC,-,156.0,156.0,153.0,154.0,154.00,0.0,0.0,153.45,"2,805.00",159.00,"430,435.00",5,-5.0,3.0,-3.14,1.96,0.36,219.00,143.00,,
2019/06/06,53,ICFC,-,159.0,164.0,159.0,164.0,164.00,0.0,0.0,161.15,"11,921.00",159.00,"1,921,055.00",13,5.0,5.0,3.14,3.14,1.74,182.00,143.00,,
2019/07/02,52,ICFC,41.1,160.0,160.0,158.0,158.0,158.00,0.0,0.0,158.44,"1,600.00",160.00,"253,500.00",3,-2.0,2.0,-1.25,1.27,-0.28,182.00,143.00,,
2019/07/25,50,ICFC,39.27,169.0,169.0,163.0,163.0,163.00,0.0,0.0,166.26,"2,881.00",169.00,"479,003.00",9,-6.0,6.0,-3.55,3.68,-2.0,175.00,143.00,,
2019/08/19,93,ICFC,32.95,663.0,668.0,647.0,661.0,661.00,0.0,0.0,659.86,"5,859.00",658.50,"3,866,108.80",46,2.5,21.0,0.38,3.25,0.17,872.00,555.00,630.56,639.01
2019/09/11,53,ICFC,31.31,158.0,158.0,158.0,158.0,158.00,0.0,0.0,158.00,53.00,161.00,"8,374.00",2,-3.0,0.0,-1.86,0.0,0.0,173.00,143.00,,
2018/07/16,43,ICFC,-,173.0,173.0,172.0,172.0,172.00,0.0,0.0,172.45,547.00,172.00,"94,331.00",3,0.0,1.0,0.0,0.58,-0.26,307.00,165.00,,
2018/07/17,44,ICFC,-,169.0,172.0,169.0,172.0,172.00,0.0,0.0,171.40,702.00,172.00,"120,323.00",8,0.0,3.0,0.0,1.78,0.35,307.00,165.00,,
2018/07/19,43,ICFC,-,172.0,172.0,169.0,169.0,169.00,0.0,0.0,170.81,"2,000.00",172.00,"341,610.00",7,-3.0,3.0,-1.74,1.78,-1.07,307.00,165.00,,
2018/07/22,47,ICFC,-,167.0,173.0,167.0,168.0,168.00,0.0,0.0,170.37,"2,673.00",169.00,"455,401.00",11,-1.0,6.0,-0.59,3.59,-1.41,307.00,165.00,,
2018/07/23,44,ICFC,-,171.0,171.0,168.0,168.0,168.00,0.0,0.0,168.09,"7,250.00",168.00,"1,218,650.00",8,0.0,3.0,0.0,1.79,-0.05,307.00,165.00,,
2018/07/24,48,ICFC,-,171.0,174.0,168.0,170.0,170.00,0.0,0.0,169.55,"12,200.00",168.00,"2,068,494.00",14,2.0,6.0,1.19,3.57,0.27,307.00,165.00,,
2018/07/25,49,ICFC,-,168.0,168.0,166.0,168.0,168.00,0.0,0.0,167.06,"1,447.00",170.00,"241,740.00",6,-2.0,2.0,-1.18,1.2,0.56,307.00,165.00,,
2018/07/26,47,ICFC,-,167.0,167.0,166.0,167.0,167.00,0.0,0.0,166.20,"2,500.00",168.00,"415,500.00",3,-1.0,1.0,-0.6,0.6,0.48,307.00,165.00,,
2018/07/29,41,ICFC,-,168.0,168.0,164.0,164.0,164.00,0.0,0.0,165.17,"3,119.00",167.00,"515,154.00",7,-3.0,4.0,-1.8,2.44,-0.71,307.00,165.00,,
2018/07/30,45,ICFC,-,165.0,167.0,165.0,166.0,166.00,0.0,0.0,165.38,"11,034.00",164.00,"1,824,830.00",18,2.0,2.0,1.22,1.21,0.37,307.00,164.00,,
2018/07/31,47,ICFC,-,167.0,170.0,162.0,162.0,162.00,0.0,0.0,165.05,"2,360.00",166.00,"389,514.00",9,-4.0,8.0,-2.41,4.94,-1.88,295.00,162.00,,
2018/08/01,46,ICFC,-,160.0,163.0,160.0,163.0,163.00,0.0,0.0,161.97,"1,417.00",162.00,"229,508.00",6,1.0,3.0,0.62,1.88,0.63,290.00,162.00,,
2018/08/02,48,ICFC,-,162.0,163.0,161.0,163.0,163.00,0.0,0.0,162.09,"1,235.00",163.00,"200,177.00",5,0.0,2.0,0.0,1.24,0.56,290.00,160.00,,
2018/08/05,46,ICFC,-,161.0,164.0,161.0,163.0,163.00,0.0,0.0,163.56,"1,913.00",163.00,"312,893.00",3,0.0,3.0,0.0,1.86,-0.34,290.00,160.00,,
2018/08/06,43,ICFC,-,165.0,165.0,163.0,165.0,165.00,0.0,0.0,164.40,891.00,163.00,"146,477.00",4,2.0,2.0,1.23,1.23,0.37,290.00,160.00,,
2018/06/21,51,ICFC,-,170.0,176.0,170.0,174.0,174.00,0.0,0.0,175.64,"1,093.00",172.00,"191,970.00",6,2.0,6.0,1.16,3.53,-0.94,307.00,170.00,,
2018/06/24,48,ICFC,-,175.0,177.0,174.0,174.0,174.00,0.0,0.0,175.23,"1,762.00",174.00,"308,752.00",5,0.0,3.0,0.0,1.72,-0.71,307.00,170.00,,
2018/06/25,46,ICFC,-,175.0,175.0,172.0,172.0,172.00,0.0,0.0,174.79,"5,853.00",174.00,"1,023,075.00",2,-2.0,3.0,-1.15,1.74,-1.62,307.00,170.00,,
2018/06/26,44,ICFC,-,171.0,171.0,170.0,170.0,170.00,0.0,0.0,170.47,"3,480.00",172.00,"593,236.00",9,-2.0,1.0,-1.16,0.59,-0.28,307.00,170.00,,
2018/06/27,46,ICFC,-,170.0,170.0,167.0,167.0,167.00,0.0,0.0,168.16,259.00,170.00,"43,553.00",3,-3.0,3.0,-1.76,1.8,-0.69,307.00,170.00,,
2018/06/28,46,ICFC,-,166.0,176.0,165.0,176.0,176.00,0.0,0.0,167.69,"2,717.00",167.00,"455,617.00",12,9.0,11.0,5.39,6.67,4.72,307.00,167.00,,
2018/07/02,42,ICFC,-,173.0,173.0,167.0,170.0,170.00,0.0,0.0,170.41,"2,004.00",176.00,"341,492.00",11,-6.0,6.0,-3.41,3.59,-0.24,307.00,165.00,,
2018/07/03,45,ICFC,-,173.0,173.0,173.0,173.0,173.00,0.0,0.0,173.00,"2,000.00",170.00,"346,000.00",3,3.0,0.0,1.76,0.0,0.0,307.00,165.00,,
2018/07/04,49,ICFC,-,173.0,175.0,173.0,173.0,173.00,0.0,0.0,173.42,"1,389.00",173.00,"240,877.00",13,0.0,2.0,0.0,1.16,-0.24,307.00,165.00,,
2018/07/05,47,ICFC,-,176.0,182.0,176.0,179.0,179.00,0.0,0.0,178.43,470.00,173.00,"83,860.00",4,6.00,6.0,3.47,3.41,0.32,307.00,165.00,,
2018/07/08,48,ICFC,-,182.0,182.0,176.0,176.0,176.00,0.0,0.0,177.16,"1,811.00",179.00,"320,836.00",7,-3.0,6.0,-1.68,3.41,-0.66,307.00,165.00,,
2018/07/09,47,ICFC,-,179.0,179.0,173.0,173.0,173.00,0.0,0.0,176.63,"1,600.00",176.00,"282,600.00",4,-3.0,6.0,-1.7,3.47,-2.1,307.00,165.00,,
2018/07/10,46,ICFC,-,172.0,173.0,170.0,173.0,173.00,0.0,0.0,170.51,"2,210.00",173.00,"376,830.00",5,0.0,3.0,0.0,1.76,1.44,307.00,165.00,,
2018/07/11,47,ICFC,-,176.0,179.0,176.0,179.0,179.00,0.0,0.0,176.63,473.00,173.00,"83,548.00",2,6.0,3.0,3.47,1.7,1.32,307.00,165.00,,
2018/07/12,46,ICFC,-,180.0,180.0,171.0,172.0,172.00,0.0,0.0,173.11,"1,019.00",179.00,"176,399.00",8,-7.0,9.0,-3.91,5.26,-0.65,307.00,165.00,,
2018/05/28,52,ICFC,-,184.0,189.0,182.0,189.0,189.00,0.0,0.0,185.39,"5,054.00",183.00,"936,985.00",16,6.0,7.0,3.28,3.85,1.91,329.00,180.00,,
2018/05/29,45,ICFC,-,186.0,187.0,185.0,187.0,187.00,0.0,0.0,186.02,"1,469.00",189.00,"273,265.00",4,-2.0,2.0,-1.06,1.08,0.52,329.00,180.00,,
2018/05/30,49,ICFC,-,190.0,190.0,188.0,190.0,190.00,0.0,0.0,189.42,"1,830.00",187.00,"346,640.00",6,3.0,2.0,1.6,1.06,0.3,323.00,180.00,,
2018/05/31,49,ICFC,-,190.0,190.0,190.0,190.0,190.00,0.0,0.0,190.00,60.00,190.00,"11,400.00",2,0.0,0.0,0.0,0.0,0.0,320.00,180.00,,
2018/06/04,44,ICFC,-,190.0,190.0,181.0,181.0,181.00,0.0,0.0,183.37,709.00,190.00,"130,009.00",7,-9.0,9.00,-4.74,4.97,-1.31,315.00,180.00,,
2018/06/07,49,ICFC,-,178.0,179.0,176.0,176.0,176.00,0.0,0.0,177.98,"4,200.00",181.00,"747,500.00",10,-5.0,3.0,-2.76,1.7,-1.12,307.00,180.00,,
2018/06/10,46,ICFC,-,175.0,175.0,173.0,173.0,173.00,0.0,0.0,174.04,75.00,176.00,"13,053.00",3,-3.0,2.0,-1.7,1.16,-0.6,307.00,176.00,,
2018/06/11,50,ICFC,-,171.0,172.0,171.0,172.0,172.00,0.0,0.0,171.90,297.00,173.00,"51,055.00",6,-1.0,1.0,-0.58,0.58,0.06,307.00,173.00,,
2018/06/12,47,ICFC,-,175.0,175.0,175.0,175.0,175.00,0.0,0.0,175.00,300.00,172.00,"52,500.00",1,3.0,0.0,1.74,0.0,0.0,307.00,170.00,,
2018/06/13,44,ICFC,-,175.0,181.0,175.0,181.0,181.00,0.0,0.0,180.33,"1,132.00",175.00,"204,130.00",4,6.0,6.0,3.43,3.43,0.37,307.00,170.00,,
2018/06/14,46,ICFC,-,178.0,178.0,178.0,178.0,178.00,0.0,0.0,178.00,46.00,181.00,"8,188.00",2,-3.00,0.0,-1.66,0.0,0.0,307.00,170.00,,
2018/06/17,48,ICFC,-,175.0,175.0,175.0,175.0,175.00,0.0,0.0,175.00,43.00,178.00,"7,525.00",1,-3.0,0.0,-1.69,0.0,0.0,307.00,170.00,,
2018/06/18,42,ICFC,-,176.0,176.0,176.0,176.0,176.00,0.0,0.0,176.00,"1,000.00",175.00,"176,000.00",2,1.0,0.0,0.57,0.0,0.0,307.00,170.00,,
2018/06/19,51,ICFC,-,179.0,179.0,173.0,173.0,173.00,0.0,0.0,174.56,"1,674.00",176.00,"292,220.00",6,-3.0,6.0,-1.7,3.47,-0.9,307.00,170.00,,
2018/05/02,48,ICFC,-,193.0,198.0,192.0,198.0,198.00,0.0,0.0,197.35,"1,496.00",195.00,"295,240.00",8,3.0,6.0,1.54,3.13,0.33,332.00,180.00,,
2018/05/03,51,ICFC,-,196.0,201.0,196.0,196.0,196.00,0.0,0.0,198.16,"1,410.00",198.00,"279,402.00",9,-2.0,5.0,-1.01,2.55,-1.1,331.00,180.00,,
2018/05/06,47,ICFC,-,194.0,194.0,194.0,194.0,194.00,0.0,0.0,194.00,593.00,196.00,"115,042.00",3,-2.0,0.0,-1.02,0.0,0.0,331.00,180.00,,
2018/05/07,45,ICFC,-,192.0,196.0,192.0,194.0,194.00,0.0,0.0,194.27,977.00,194.00,"189,804.00",6,0.0,4.0,0.0,2.08,-0.14,330.00,180.00,,
2018/05/08,46,ICFC,-,192.0,194.0,191.0,194.0,194.00,0.0,0.0,192.87,"3,637.00",194.00,"701,453.00",15,0.0,3.0,0.0,1.57,0.58,329.00,180.00,,
2018/05/09,46,ICFC,-,197.0,197.0,194.0,194.0,194.00,0.0,0.0,195.02,"1,660.00",194.00,"323,740.00",6,0.0,3.0,0.0,1.55,-0.53,329.00,180.00,,
2018/05/10,47,ICFC,-,195.0,195.0,191.0,191.0,191.00,0.0,0.0,193.95,"3,778.00",194.00,"732,759.00",11,-3.0,4.0,-1.55,2.09,-1.55,329.00,180.00,,
2018/05/14,47,ICFC,-,190.0,190.0,188.0,190.0,190.00,0.0,0.0,189.59,"1,591.00",191.00,"301,640.00",6,-1.0,2.0,-0.52,1.06,0.22,329.00,180.00,,
2018/05/15,43,ICFC,-,193.0,193.0,188.0,189.0,189.00,0.0,0.0,189.77,"1,889.00",190.00,"358,482.00",5,-1.0,5.0,-0.53,2.66,-0.41,329.00,180.00,,
2018/05/16,93,ICFC,32.95,663.0,668.0,647.0,661.0,661.00,0.0,0.0,659.86,"5,859.00",658.50,"3,866,108.80",46,2.5,21.0,0.38,3.25,0.17,872.00,555.00,630.56,639.01
2018/05/17,45,ICFC,-,189.0,189.0,189.0,189.0,189.00,0.0,0.0,189.00,346.00,189.00,"65,394.00",1,0.0,0.0,0.0,0.0,0.0,329.00,180.00,,
2018/05/20,46,ICFC,-,192.0,192.0,190.0,190.0,190.00,0.0,0.0,190.40,250.00,189.00,"47,600.00",2,1.0,2.0,0.53,1.05,-0.21,329.00,180.00,,
2018/05/21,44,ICFC,-,191.0,191.0,188.0,188.0,188.00,0.0,0.0,190.44,421.00,190.00,"80,174.00",9,-2.0,3.0,-1.05,1.6,-1.3,329.00,180.00,,
2018/05/22,46,ICFC,-,185.0,188.0,185.0,188.0,188.00,0.0,0.0,185.18,976.00,188.00,"180,740.00",5,0.0,3.0,0.0,1.62,1.5,329.00,180.00,,
2018/05/23,46,ICFC,-,187.0,187.0,184.0,184.0,184.00,0.0,0.0,184.72,"2,407.00",188.00,"444,616.00",13,-4.0,3.0,-2.13,1.63,-0.39,329.00,180.00,,
2018/05/24,47,ICFC,-,185.0,190.0,183.0,183.0,183.00,0.0,0.0,184.36,"3,436.00",184.00,"633,466.00",13,-1.0,7.0,-0.54,3.83,-0.74,329.00,180.00,,
2018/04/06,93,ICFC,32.95,663.0,668.0,647.0,661.0,661.00,0.0,0.0,659.86,"5,859.00",658.50,"3,866,108.80",46,2.5,21.0,0.38,3.25,0.17,872.00,555.00,630.56,639.01
2018/04/08,50,ICFC,-,187.0,194.0,187.0,191.0,191.00,0.0,0.0,192.29,"5,772.00",186.00,"1,109,909.00",17,5.0,7.0,2.69,3.74,-0.68,361.00,180.00,,
2018/04/09,48,ICFC,-,190.0,195.0,187.0,189.0,189.00,0.0,0.0,191.40,"5,877.00",191.00,"1,124,853.00",26,-2.0,8.0,-1.05,4.28,-1.27,361.00,180.00,,
2018/04/11,45,ICFC,-,186.0,186.0,186.0,186.0,186.00,0.0,0.0,186.00,35.00,189.00,"6,510.00",1,-3.0,0.0,-1.59,0.0,0.0,361.00,180.00,,
2018/04/12,46,ICFC,-,189.0,189.0,183.0,183.0,183.00,0.0,0.0,186.72,"1,714.00",186.00,"320,042.00",11,-3.0,6.00,-1.61,3.28,-2.03,361.00,180.00,,
2018/04/15,45,ICFC,-,186.0,189.0,186.0,189.0,189.00,0.0,0.0,186.26,564.00,183.00,"105,048.00",4,6.0,3.0,3.28,1.61,1.45,361.00,180.00,,
2018/04/16,49,ICFC,-,186.0,191.0,183.0,191.0,191.00,0.0,0.0,188.23,"1,834.00",189.00,"345,206.00",11,2.0,8.0,1.06,4.37,1.45,361.00,180.00,,
2018/04/17,47,ICFC,-,188.0,194.0,188.0,194.0,194.00,0.0,0.0,192.08,"2,960.00",191.00,"568,560.00",20,3.0,6.0,1.57,3.19,0.99,361.00,180.00,,
2018/04/18,49,ICFC,-,197.0,204.0,195.0,200.0,200.00,0.0,0.0,199.92,"9,392.00",194.00,"1,877,623.00",20,6.00,9.00,3.09,4.62,0.04,361.00,180.00,,
2018/04/19,49,ICFC,-,201.0,208.0,198.0,200.0,200.00,0.0,0.0,201.82,"13,762.00",200.00,"2,777,475.00",32,0.0,10.00,0.0,5.05,-0.91,360.00,180.00,,
2018/04/22,49,ICFC,-,204.0,216.0,204.0,215.0,215.00,0.0,0.0,211.07,"30,036.00",200.00,"6,339,789.00",56,15.00,12.00,7.5,5.88,1.83,342.00,180.00,,
2018/04/23,50,ICFC,-,219.0,219.0,207.0,211.0,211.00,0.0,0.0,213.02,"13,477.00",215.00,"2,870,820.00",36,-4.0,12.00,-1.86,5.8,-0.96,342.00,180.00,,
2018/04/24,52,ICFC,-,211.0,211.0,207.0,207.0,207.00,0.0,0.0,207.62,"1,454.00",211.00,"301,878.00",11,-4.0,4.0,-1.9,1.93,-0.3,342.00,180.00,,
2018/04/25,46,ICFC,-,211.0,211.0,206.0,209.0,209.00,0.0,0.0,207.79,941.00,207.00,"195,527.00",8,2.0,5.0,0.97,2.43,0.58,342.00,180.00,,
2018/04/26,46,ICFC,-,207.0,207.0,201.0,201.0,201.00,0.0,0.0,204.10,826.00,209.00,"168,590.00",9,-8.0,6.0,-3.83,2.99,-1.54,339.00,180.00,,
2018/03/13,45,ICFC,-,196.0,198.0,196.0,198.0,198.00,0.0,0.0,197.00,"7,194.00",199.00,"1,417,244.00",6,-1.0,2.0,-0.5,1.02,0.5,361.00,188.00,,
2018/03/14,40,ICFC,-,195.0,197.0,195.0,195.0,195.00,0.0,0.0,195.11,"3,225.00",198.00,"629,225.00",8,-3.0,2.0,-1.52,1.03,-0.06,361.00,188.00,,
2018/03/15,41,ICFC,-,195.0,200.0,195.0,195.0,195.00,0.0,0.0,196.57,967.00,195.00,"190,081.00",14,0.0,5.0,0.0,2.56,-0.8,361.00,188.00,,
2018/03/18,43,ICFC,-,196.0,200.0,195.0,196.0,196.00,0.0,0.0,197.19,"12,097.00",195.00,"2,385,458.00",25,1.0,5.0,0.51,2.56,-0.61,361.00,188.00,,
2018/03/19,44,ICFC,-,196.0,196.0,195.0,195.0,195.00,0.0,0.0,195.65,"4,316.00",196.00,"844,436.00",12,-1.0,1.0,-0.51,0.51,-0.33,361.00,188.00,,
2018/03/20,43,ICFC,-,195.0,195.0,190.0,193.0,193.00,0.0,0.0,192.44,"3,049.00",195.00,"586,740.00",17,-2.0,5.0,-1.03,2.63,0.29,361.00,188.00,,
2018/03/21,43,ICFC,-,191.0,191.0,187.0,187.0,187.00,0.0,0.0,189.75,"2,287.00",193.00,"433,963.00",20,-6.00,4.00,-3.11,2.14,-1.47,361.00,188.00,,
2018/03/22,43,ICFC,-,190.0,190.0,183.0,187.0,187.00,0.0,0.0,185.11,"5,080.00",187.00,"940,380.00",16,0.0,7.0,0.0,3.83,1.01,361.00,187.00,,
2018/03/27,49,ICFC,-,184.0,191.0,181.0,191.0,191.00,0.0,0.0,182.76,"2,322.00",187.00,"424,359.00",11,4.0,10.00,2.14,5.52,4.32,361.00,183.00,,
2018/03/28,44,ICFC,-,191.0,191.0,184.0,186.0,186.00,0.0,0.0,188.70,"3,262.00",191.00,"615,525.00",15,-5.0,7.0,-2.62,3.8,-1.45,361.00,181.00,,
2018/03/29,47,ICFC,-,188.0,190.0,188.0,190.0,190.00,0.0,0.0,188.89,"2,025.00",186.00,"382,506.00",8,4.0,2.0,2.15,1.06,0.58,361.00,181.00,,
2018/04/01,44,ICFC,-,187.0,187.0,181.0,182.0,182.00,0.0,0.0,182.22,"3,125.00",190.00,"569,435.00",9,-8.0,6.0,-4.21,3.31,-0.12,361.00,181.00,,
2018/04/02,42,ICFC,-,184.0,184.0,184.0,184.0,184.00,0.0,0.0,184.00,"1,000.00",182.00,"184,000.00",2,2.0,0.0,1.1,0.0,0.0,361.00,181.00,,
2018/04/03,44,ICFC,-,182.0,184.0,180.0,181.0,181.00,0.0,0.0,181.27,"4,332.00",184.00,"785,240.00",15,-3.0,4.0,-1.63,2.22,-0.15,361.00,181.00,,
2018/04/04,48,ICFC,-,184.0,189.0,180.0,188.0,188.00,0.0,0.0,181.61,"9,398.00",181.00,"1,706,750.00",13,7.0,9.0,3.87,5.0,3.4,361.00,180.00,,
2018/02/12,45,ICFC,-,203.0,203.0,202.0,202.0,202.00,0.0,0.0,202.48,"2,500.00",203.00,"506,200.00",5,-1.0,1.0,0.0,0.5,-0.24,0.0,0.0,,
2018/02/14,44,ICFC,-,202.0,207.0,206.0,207.0,207.00,0.0,0.0,206.83,60.00,202.00,"12,410.00",2,5.0,1.0,0.0,0.49,0.08,0.0,0.0,,
2018/02/15,48,ICFC,-,207.0,215.0,203.0,211.0,211.00,0.0,0.0,205.93,"3,669.00",207.00,"755,575.00",15,4.0,12.0,0.0,5.91,2.4,0.0,0.0,,
2018/02/18,46,ICFC,-,210.0,210.0,207.0,208.0,208.00,0.0,0.0,207.96,932.00,211.00,"193,820.00",3,-3.0,3.0,-1.42,1.45,0.02,361.00,201.00,,
2018/02/20,47,ICFC,-,206.0,208.0,206.0,208.0,208.00,0.0,0.0,207.14,440.00,208.00,"91,140.00",4,0.0,2.0,0.0,0.97,0.42,361.00,201.00,,
2018/02/21,41,ICFC,-,204.0,205.0,204.0,205.0,205.00,0.0,0.0,204.01,"4,487.00",208.00,"915,411.00",6,-3.0,1.0,-1.44,0.49,0.48,361.00,201.00,,
2018/02/22,43,ICFC,-,205.0,207.0,205.0,205.0,205.00,0.0,0.0,205.33,600.00,205.00,"123,200.00",4,0.0,2.0,0.0,0.98,-0.16,361.00,201.00,,
2018/02/25,93,ICFC,32.95,663.0,668.0,647.0,661.0,661.00,0.0,0.0,659.86,"5,859.00",658.50,"3,866,108.80",46,2.5,21.0,0.38,3.25,0.17,872.00,555.00,630.56,639.01
2018/02/26,42,ICFC,-,204.0,204.0,200.0,200.0,200.00,0.0,0.0,201.05,380.00,208.00,"76,400.00",4,-8.00,4.00,-3.85,2.0,-0.53,361.00,200.00,,
2018/02/27,43,ICFC,-,200.0,205.0,200.0,201.0,201.00,0.0,0.0,203.46,"3,640.00",200.00,"740,600.00",20,1.0,5.0,0.5,2.5,-1.22,361.00,200.00,,
2018/02/28,46,ICFC,-,201.0,201.0,199.0,199.0,199.00,0.0,0.0,199.38,"6,538.00",201.00,"1,303,530.00",15,-2.0,2.0,-1.0,1.01,-0.19,361.00,200.00,,
2018/03/04,40,ICFC,-,202.0,202.0,192.0,192.0,192.00,0.0,0.0,193.28,"4,083.00",199.00,"789,166.00",13,-7.0,10.0,-3.52,5.21,-0.67,361.00,199.00,,
2018/03/05,44,ICFC,-,190.0,190.0,190.0,190.0,190.00,0.0,0.0,190.00,"1,700.00",192.00,"323,000.00",8,-2.0,0.0,-1.04,0.0,0.0,361.00,192.00,,
2018/03/06,44,ICFC,-,188.0,196.0,188.0,196.0,196.00,0.0,0.0,191.49,"1,941.00",190.00,"371,677.00",7,6.0,8.00,3.16,4.26,2.3,361.00,190.00,,
2018/03/07,45,ICFC,-,193.0,202.0,193.0,202.0,202.00,0.0,0.0,198.32,"2,610.00",196.00,"517,607.00",8,6.0,9.0,3.06,4.66,1.82,361.00,188.00,,
2018/03/11,46,ICFC,-,200.0,200.0,199.0,199.0,199.00,0.0,0.0,199.33,150.00,202.00,"29,900.00",2,-3.0,1.0,-1.49,0.5,-0.17,361.00,188.00,,
2018/01/16,45,ICFC,-,206.0,210.0,206.0,207.0,207.00,0.0,0.0,206.94,"1,260.00",206.00,"260,750.00",4,1.0,4.0,0.0,1.94,0.03,0.0,0.0,,
2018/01/21,47,ICFC,-,207.0,209.0,208.0,209.0,209.00,0.0,0.0,208.23,581.00,207.00,"120,979.00",4,2.0,1.0,0.0,0.48,0.37,0.0,0.0,,
2018/01/22,46,ICFC,-,209.0,210.0,205.0,210.0,210.00,0.0,0.0,207.37,"3,070.00",209.00,"636,630.00",8,1.0,5.0,0.0,2.44,1.25,0.0,0.0,,
2018/01/23,45,ICFC,-,210.0,210.0,207.0,210.0,210.00,0.0,0.0,207.03,"1,010.00",210.00,"209,100.00",2,0.0,3.0,0.0,1.45,1.41,0.0,0.0,,
2018/01/24,46,ICFC,-,210.0,207.0,206.0,206.0,206.00,0.0,0.0,206.16,"1,832.00",210.00,"377,692.00",6,-4.0,1.0,0.0,0.49,-0.08,0.0,0.0,,
2018/01/25,47,ICFC,-,206.0,208.0,206.0,208.0,208.00,0.0,0.0,207.88,201.00,206.00,"41,784.00",4,2.0,2.0,0.0,0.97,0.06,0.0,0.0,,
2018/01/28,46,ICFC,-,208.0,209.0,207.0,208.0,208.00,0.0,0.0,207.98,"2,046.00",208.00,"425,532.00",3,0.0,2.0,0.0,0.97,0.01,0.0,0.0,,
2018/01/29,44,ICFC,-,208.0,209.0,205.0,206.0,206.00,0.0,0.0,207.08,"1,482.00",208.00,"306,889.00",8,-2.0,4.0,0.0,1.95,-0.52,0.0,0.0,,
2018/01/31,46,ICFC,-,206.0,206.0,204.0,206.0,206.00,0.0,0.0,205.08,"1,272.00",206.00,"260,860.00",4,0.0,2.0,0.0,0.98,0.45,0.0,0.0,,
2018/02/01,44,ICFC,-,206.0,209.0,205.0,206.0,206.00,0.0,0.0,206.82,"1,700.00",206.00,"351,590.00",12,0.0,4.0,0.0,1.95,-0.4,0.0,0.0,,
2018/02/04,44,ICFC,-,206.0,207.0,206.0,207.0,207.00,0.0,0.0,206.76,"2,100.00",206.00,"434,200.00",4,1.0,1.0,0.0,0.49,0.12,0.0,0.0,,
2018/02/05,41,ICFC,-,207.0,204.0,203.0,203.0,203.00,0.0,0.0,203.61,"2,559.00",207.00,"521,027.00",8,-4.0,1.0,0.0,0.49,-0.3,0.0,0.0,,
2018/02/06,40,ICFC,-,203.0,203.0,202.0,202.0,202.00,0.0,0.0,202.26,387.00,203.00,"78,274.00",4,-1.0,1.0,0.0,0.5,-0.13,0.0,0.0,,
2018/02/07,43,ICFC,-,202.0,205.0,202.0,205.0,205.00,0.0,0.0,202.51,362.00,202.00,"73,310.00",2,3.0,3.0,0.0,1.49,1.21,0.0,0.0,,
2018/02/08,43,ICFC,-,205.0,203.0,203.0,203.0,203.00,0.0,0.0,203.00,"4,700.00",205.00,"954,100.00",3,-2.0,0.0,0.0,0.0,0.0,0.0,0.0,,
2017/12/19,45,ICFC,-,215.0,215.0,213.0,213.0,213.00,0.0,0.0,214.13,"1,154.00",215.00,"247,106.00",6,-2.0,2.0,0.0,0.94,-0.53,0.0,0.0,,
2017/12/20,44,ICFC,-,213.0,217.0,210.0,210.0,210.00,0.0,0.0,211.83,"2,770.00",213.00,"586,760.00",9,-3.0,7.0,0.0,3.33,-0.87,0.0,0.0,,
2017/12/21,42,ICFC,-,210.0,214.0,210.0,210.0,210.00,0.0,0.0,210.90,"2,260.00",210.00,"476,640.00",7,0.0,4.0,0.0,1.9,-0.43,0.0,0.0,,
2017/12/24,44,ICFC,-,210.0,212.0,206.0,212.0,212.00,0.0,0.0,211.70,"1,060.00",210.00,"224,400.00",3,2.0,6.0,0.0,2.91,0.14,0.0,0.0,,
2017/12/26,47,ICFC,-,212.0,212.0,209.0,210.0,210.00,0.0,0.0,209.78,"1,970.00",212.00,"413,260.00",11,-2.0,3.0,0.0,1.44,0.11,0.0,0.0,,
2017/12/27,43,ICFC,-,210.0,214.0,205.0,208.0,208.00,0.0,0.0,207.40,"3,640.00",210.00,"754,931.00",9,-2.0,9.0,0.0,4.39,0.29,0.0,0.0,,
2017/12/28,46,ICFC,-,208.0,210.0,202.0,210.0,210.00,0.0,0.0,204.10,"8,049.00",208.00,"1,642,827.00",21,2.0,8.0,0.0,3.96,2.81,0.0,0.0,,
2018/01/01,46,ICFC,-,210.0,215.0,206.0,215.0,215.00,0.0,0.0,212.02,"3,659.00",210.00,"775,782.00",9,5.00,9.00,0.0,4.37,1.39,0.0,0.0,,
2018/01/02,46,ICFC,-,215.0,216.0,211.0,216.0,216.00,0.0,0.0,213.27,"1,850.00",215.00,"394,550.00",6,1.0,5.0,0.0,2.37,1.26,0.0,0.0,,
2018/01/03,44,ICFC,-,216.0,213.0,207.0,207.0,207.00,0.0,0.0,208.26,"2,017.00",216.00,"420,069.00",14,-9.0,6.0,0.0,2.9,-0.61,0.0,0.0,,
2018/01/04,47,ICFC,-,207.0,210.0,208.0,208.0,208.00,0.0,0.0,209.82,"1,086.00",207.00,"227,860.00",2,1.0,2.0,0.0,0.96,-0.87,0.0,0.0,,
2018/01/07,45,ICFC,-,208.0,212.0,204.0,212.0,212.00,0.0,0.0,210.76,"2,430.00",208.00,"512,140.00",8,4.0,8.0,0.0,3.92,0.59,0.0,0.0,,
2018/01/08,47,ICFC,-,212.0,212.0,210.0,212.0,212.00,0.0,0.0,211.95,513.00,212.00,"108,730.00",2,0.0,2.0,0.0,0.95,0.02,0.0,0.0,,
2018/01/09,48,ICFC,-,212.0,211.0,211.0,211.0,211.00,0.0,0.0,211.00,136.00,212.00,"28,696.00",1,-1.0,0.0,0.0,0.0,0.0,0.0,0.0,,
2018/01/10,44,ICFC,-,211.0,210.0,210.0,210.0,210.00,0.0,0.0,210.00,117.00,211.00,"24,570.00",1,-1.0,0.0,0.0,0.0,0.0,0.0,0.0,,
2017/11/22,43,ICFC,-,218.0,221.0,216.0,221.0,221.00,0.0,0.0,217.84,"2,195.00",218.00,"478,155.00",7,3.0,5.0,0.0,2.31,1.43,0.0,0.0,,
2017/11/23,46,ICFC,-,221.0,222.0,217.0,218.0,218.00,0.0,0.0,218.70,"2,048.00",221.00,"447,899.00",8,-3.0,5.0,0.0,2.3,-0.32,0.0,0.0,,
2017/11/26,45,ICFC,-,218.0,222.0,222.0,222.0,222.00,0.0,0.0,222.00,300.00,218.00,"66,600.00",2,4.0,0.0,0.0,0.0,0.0,0.0,0.0,,
2017/11/27,43,ICFC,-,222.0,226.0,221.0,221.0,221.00,0.0,0.0,223.84,"3,050.00",222.00,"682,700.00",6,-1.0,5.0,0.0,2.26,-1.28,0.0,0.0,,
2017/11/28,45,ICFC,-,221.0,219.0,219.0,219.0,219.00,0.0,0.0,219.00,690.00,221.00,"151,110.00",2,-2.0,0.0,0.0,0.0,0.0,0.0,0.0,,
2017/11/29,47,ICFC,-,219.0,234.0,218.0,226.0,226.00,0.0,0.0,227.49,"11,165.00",219.00,"2,539,922.00",31,7.0,16.0,0.0,7.34,-0.66,0.0,0.0,,
2017/11/30,47,ICFC,-,226.0,225.0,223.0,223.0,223.00,0.0,0.0,224.91,314.00,226.00,"70,622.00",4,-3.0,2.0,0.0,0.9,-0.86,0.0,0.0,,
2017/12/05,46,ICFC,-,223.0,225.0,220.0,224.0,224.00,0.0,0.0,223.81,"10,666.00",223.00,"2,387,184.00",6,1.0,5.0,0.0,2.27,0.08,0.0,0.0,,
2017/12/06,46,ICFC,-,224.0,225.0,225.0,225.0,225.00,0.0,0.0,225.00,"4,408.00",224.00,"991,800.00",5,1.0,0.0,0.0,0.0,0.0,0.0,0.0,,
2017/12/10,44,ICFC,-,225.0,221.0,217.0,220.0,220.00,0.0,0.0,217.72,"2,896.00",225.00,"630,514.00",6,-5.0,4.0,0.0,1.84,1.04,0.0,0.0,,
2017/12/11,44,ICFC,-,220.0,217.0,217.0,217.0,217.00,0.0,0.0,217.00,42.00,220.00,"9,114.00",1,-3.0,0.0,0.0,0.0,0.0,0.0,0.0,,
2017/12/12,43,ICFC,-,217.0,219.0,218.0,218.0,218.00,0.0,0.0,218.75,133.00,217.00,"29,094.00",3,1.0,1.0,0.0,0.46,-0.34,0.0,0.0,,
2017/12/13,43,ICFC,-,218.0,220.0,218.0,218.0,218.00,0.0,0.0,219.48,270.00,218.00,"59,260.00",2,0.0,2.0,0.0,0.92,-0.68,0.0,0.0,,
2017/12/17,46,ICFC,-,218.0,217.0,216.0,216.0,216.00,0.0,0.0,216.72,638.00,218.00,"138,268.00",4,-2.0,1.0,0.0,0.46,-0.33,0.0,0.0,,
2017/10/30,46,ICFC,-,231.0,234.0,230.0,234.0,234.00,0.0,0.0,231.99,"1,808.00",231.00,"419,440.00",5,3.0,4.0,0.0,1.74,0.86,0.0,0.0,,
2017/10/31,44,ICFC,-,234.0,230.0,230.0,230.0,230.00,0.0,0.0,230.00,782.00,234.00,"179,860.00",5,-4.0,0.00,0.0,0.0,0.0,0.0,0.0,,
2017/11/01,44,ICFC,-,230.0,232.0,227.0,230.0,230.00,0.0,0.0,230.53,"5,108.00",230.00,"1,177,548.00",10,0.0,5.0,0.0,2.2,-0.23,0.0,0.0,,
2017/11/02,42,ICFC,-,230.0,233.0,230.0,231.0,231.00,0.0,0.0,231.94,"3,051.00",230.00,"707,636.00",7,1.0,3.0,0.0,1.3,-0.41,0.0,0.0,,
2017/11/05,44,ICFC,-,231.0,227.0,224.0,224.0,224.00,0.0,0.0,225.54,"2,998.00",231.00,"676,162.00",9,-7.0,3.0,0.0,1.34,-0.69,0.0,0.0,,
2017/11/06,45,ICFC,-,224.0,229.0,217.0,217.0,217.00,0.0,0.0,220.22,"8,650.00",224.00,"1,904,893.00",39,-7.0,12.0,0.0,5.53,-1.48,0.0,0.0,,
2017/11/07,42,ICFC,-,217.0,221.0,221.0,221.0,221.00,0.0,0.0,221.00,"1,117.00",217.00,"246,857.00",2,4.0,0.0,0.0,0.0,0.0,0.0,0.0,,
2017/11/08,45,ICFC,-,221.0,220.0,217.0,220.0,220.00,0.0,0.0,217.78,837.00,221.00,"182,286.00",5,-1.00,3.0,0.0,1.38,1.01,0.0,0.0,,
2017/11/09,43,ICFC,-,220.0,220.0,215.0,219.0,219.00,0.0,0.0,217.25,"1,483.00",220.00,"322,177.00",9,-1.0,5.0,0.0,2.33,0.8,0.0,0.0,,
2017/11/12,44,ICFC,-,219.0,218.0,212.0,218.0,218.00,0.0,0.0,213.38,"2,437.00",219.00,"519,995.00",7,-1.0,6.0,0.0,2.83,2.12,0.0,0.0,,
2017/11/13,45,ICFC,-,218.0,222.0,215.0,222.0,222.00,0.0,0.0,218.32,"1,301.00",218.00,"284,031.00",7,4.0,7.00,0.0,3.26,1.66,0.0,0.0,,
2017/11/14,46,ICFC,-,222.0,225.0,224.0,224.0,224.00,0.0,0.0,224.86,"1,544.00",222.00,"347,191.00",6,2.0,1.0,0.0,0.45,-0.39,0.0,0.0,,
2017/11/15,43,ICFC,-,224.0,221.0,217.0,219.0,219.00,0.0,0.0,219.92,"1,373.00",224.00,"301,957.00",9,-5.0,4.0,0.0,1.84,-0.42,0.0,0.0,,
2017/11/16,93,ICFC,32.95,663.0,668.0,647.0,661.0,661.00,0.0,0.0,659.86,"5,859.00",658.50,"3,866,108.80",46,2.5,21.0,0.38,3.25,0.17,872.00,555.00,630.56,639.01
2017/11/19,45,ICFC,-,219.0,219.0,216.0,216.0,216.00,0.0,0.0,216.75,535.00,219.00,"115,960.00",5,-3.0,3.0,0.0,1.39,-0.35,0.0,0.0,,
2017/11/20,45,ICFC,-,216.0,216.0,215.0,215.0,215.00,0.0,0.0,215.83,156.00,216.00,"33,670.00",2,-1.0,1.0,0.0,0.47,-0.39,0.0,0.0,,
2017/10/04,42,ICFC,-,270.0,271.0,267.0,267.0,267.00,0.0,0.0,268.07,"2,750.00",270.00,"737,200.00",5,-3.0,4.0,0.0,1.5,-0.4,0.0,0.0,,
2017/10/08,44,ICFC,-,267.0,267.0,263.0,263.0,263.00,0.0,0.0,265.00,100.00,267.00,"26,500.00",5,-4.0,4.0,0.0,1.52,-0.76,0.0,0.0,,
2017/10/09,43,ICFC,-,263.0,273.0,258.0,266.0,266.00,0.0,0.0,269.05,"1,718.00",263.00,"462,227.00",17,3.0,15.0,0.0,5.81,-1.15,0.0,0.0,,
2017/10/10,43,ICFC,-,266.0,271.0,265.0,271.0,271.00,0.0,0.0,267.35,"14,395.00",266.00,"3,848,484.00",73,5.0,6.0,0.0,2.26,1.35,0.0,0.0,,
2017/10/11,45,ICFC,-,246.0,242.0,234.0,234.0,234.00,0.0,0.0,236.05,"1,183.00",246.00,"279,252.00",15,-12.0,8.0,0.0,3.42,-0.88,0.0,0.0,,
2017/10/12,40,ICFC,-,234.0,232.0,223.0,230.0,230.00,0.0,0.0,227.28,"4,778.00",234.00,"1,085,958.00",21,-4.0,9.0,0.0,4.04,1.18,0.0,0.0,,
2017/10/15,42,ICFC,-,230.0,230.0,230.0,230.0,230.00,0.0,0.0,230.00,300.00,230.00,"69,000.00",1,0.0,0.0,0.0,0.0,0.0,0.0,0.0,,
2017/10/16,47,ICFC,-,230.0,242.0,230.0,242.0,242.00,0.0,0.0,232.15,"3,652.00",230.00,"847,803.00",14,12.0,12.0,0.0,5.22,4.07,0.0,0.0,,
2017/10/17,45,ICFC,-,242.0,246.0,238.0,238.0,238.00,0.0,0.0,240.68,"1,550.00",242.00,"373,060.00",7,-4.0,8.0,0.0,3.36,-1.13,0.0,0.0,,
2017/10/18,39,ICFC,-,238.0,236.0,234.0,236.0,236.00,0.0,0.0,235.00,200.00,238.00,"47,000.00",2,-2.0,2.0,0.0,0.85,0.42,0.0,0.0,,
2017/10/19,93,ICFC,32.95,663.0,668.0,647.0,661.0,661.00,0.0,0.0,659.86,"5,859.00",658.50,"3,866,108.80",46,2.5,21.0,0.38,3.25,0.17,872.00,555.00,630.56,639.01
2017/10/22,42,ICFC,-,236.0,240.0,236.0,239.0,239.00,0.0,0.0,237.65,"1,999.00",236.00,"475,056.00",9,3.0,4.0,0.0,1.69,0.57,0.0,0.0,,
2017/10/23,44,ICFC,-,239.0,241.0,237.0,238.0,238.00,0.0,0.0,238.41,"2,365.00",239.00,"563,830.00",9,-1.00,4.0,0.0,1.69,-0.17,0.0,0.0,,
2017/10/24,45,ICFC,-,238.0,239.0,234.0,234.0,234.00,0.0,0.0,235.72,550.00,238.00,"129,645.00",5,-4.0,5.0,0.0,2.14,-0.73,0.0,0.0,,
2017/10/25,44,ICFC,-,234.0,238.0,226.0,234.0,234.00,0.0,0.0,232.87,"1,481.00",234.00,"344,878.00",10,0.0,12.0,0.0,5.31,0.48,0.0,0.0,,
2017/08/28,44,ICFC,-,278.0,279.0,276.0,279.0,279.00,0.0,0.0,278.61,701.00,278.00,"195,304.00",6,1.0,3.0,0.0,1.09,0.14,0.0,0.0,,
2017/08/30,42,ICFC,-,279.0,279.0,272.0,272.0,272.00,0.0,0.0,274.22,"2,194.00",279.00,"601,638.00",11,-7.0,7.0,0.0,2.57,-0.82,0.0,0.0,,
2017/08/31,44,ICFC,-,272.0,271.0,270.0,270.0,270.00,0.0,0.0,270.40,249.00,272.00,"67,330.00",3,-2.0,1.0,0.0,0.37,-0.15,0.0,0.0,,
2017/09/04,45,ICFC,-,270.0,270.0,265.0,269.0,269.00,0.0,0.0,268.07,"4,188.00",270.00,"1,122,666.00",12,-1.0,5.0,0.0,1.89,0.35,0.0,0.0,,
2017/09/06,93,ICFC,32.95,663.0,668.0,647.0,661.0,661.00,0.0,0.0,659.86,"5,859.00",658.50,"3,866,108.80",46,2.5,21.0,0.38,3.25,0.17,872.00,555.00,630.56,639.01
2017/09/07,45,ICFC,-,270.0,270.0,261.0,268.0,268.00,0.0,0.0,266.91,"3,592.00",270.00,"958,742.00",16,-2.0,9.0,0.0,3.45,0.41,0.0,0.0,,
2017/09/10,45,ICFC,-,268.0,275.0,267.0,268.0,268.00,0.0,0.0,269.55,"8,638.00",268.00,"2,328,358.00",33,0.00,8.0,0.0,3.0,-0.58,0.0,0.0,,
2017/09/11,44,ICFC,-,268.0,273.0,265.0,270.0,270.00,0.0,0.0,270.18,"3,854.00",268.00,"1,041,275.00",20,2.0,8.0,0.0,3.02,-0.07,0.0,0.0,,
2017/09/12,42,ICFC,-,270.0,270.0,266.0,266.0,266.00,0.0,0.0,266.64,"2,203.00",270.00,"587,407.00",16,-4.0,4.0,0.0,1.5,-0.24,0.0,0.0,,
2017/09/13,47,ICFC,-,266.0,276.0,268.0,268.0,268.00,0.0,0.0,269.81,"2,359.00",266.00,"636,490.00",12,2.0,8.0,0.0,2.99,-0.68,0.0,0.0,,
2017/09/14,46,ICFC,-,268.0,272.0,265.0,270.0,270.00,0.0,0.0,268.73,"4,241.00",268.00,"1,139,679.00",15,2.00,7.00,0.0,2.64,0.47,0.0,0.0,,
2017/09/17,46,ICFC,-,270.0,273.0,266.0,273.0,273.00,0.0,0.0,271.67,"1,520.00",270.00,"412,937.00",12,3.0,7.0,0.0,2.63,0.49,0.0,0.0,,
2017/09/18,47,ICFC,-,273.0,270.0,270.0,270.0,270.00,0.0,0.0,270.00,304.00,273.00,"82,080.00",3,-3.0,0.0,0.0,0.0,0.0,0.0,0.0,,
2017/09/20,44,ICFC,-,270.0,275.0,265.0,275.0,275.00,0.0,0.0,268.20,604.00,270.00,"161,990.00",5,5.0,10.0,0.0,3.77,2.47,0.0,0.0,,
2017/09/24,44,ICFC,-,275.0,271.0,270.0,270.0,270.00,0.0,0.0,270.44,"1,147.00",275.00,"310,190.00",2,-5.0,1.0,0.0,0.37,-0.16,0.0,0.0,,
2017/09/25,44,ICFC,-,270.0,275.0,266.0,266.0,266.00,0.0,0.0,267.85,"1,600.00",270.00,"428,565.00",9,-4.0,9.0,0.0,3.38,-0.7,0.0,0.0,,
2017/08/01,42,ICFC,-,290.0,307.0,290.0,294.0,294.00,0.0,0.0,294.73,"16,250.00",290.00,"4,789,423.00",70,4.0,17.0,0.0,5.86,-0.25,0.0,0.0,,
2017/08/02,44,ICFC,-,294.0,295.0,290.0,290.0,290.00,0.0,0.0,292.23,"5,365.00",294.00,"1,567,835.00",28,-4.0,5.0,0.0,1.72,-0.77,0.0,0.0,,
2017/08/03,44,ICFC,-,290.0,290.0,285.0,285.0,285.00,0.0,0.0,288.48,"3,324.00",290.00,"958,907.00",13,-5.0,5.0,0.0,1.75,-1.22,0.0,0.0,,
2017/08/06,44,ICFC,-,285.0,285.0,281.0,281.0,281.00,0.0,0.0,281.73,855.00,285.00,"240,875.00",8,-4.0,4.0,0.0,1.42,-0.26,0.0,0.0,,
2017/08/07,42,ICFC,-,281.0,290.0,277.0,290.0,290.00,0.0,0.0,282.45,"7,293.00",281.00,"2,059,910.00",26,9.0,13.0,0.0,4.69,2.6,0.0,0.0,,
2017/08/09,43,ICFC,-,290.0,285.0,285.0,285.0,285.00,0.0,0.0,285.00,192.00,290.00,"54,720.00",1,-5.0,0.00,0.0,0.0,0.0,0.0,0.0,,
2017/08/10,44,ICFC,-,285.0,290.0,281.0,281.0,281.00,0.0,0.0,283.83,"3,994.00",285.00,"1,133,599.00",15,-4.0,9.0,0.0,3.2,-1.01,0.0,0.0,,
2017/08/13,45,ICFC,-,281.0,286.0,281.0,281.0,281.00,0.0,0.0,283.38,"2,908.00",281.00,"824,057.00",13,0.0,5.0,0.0,1.78,-0.85,0.0,0.0,,
2017/08/15,44,ICFC,-,281.0,278.0,271.0,278.0,278.00,0.0,0.0,273.94,"1,568.00",281.00,"429,542.00",10,-3.0,7.0,0.0,2.58,1.46,0.0,0.0,,
2017/08/16,44,ICFC,-,278.0,288.0,273.0,280.0,280.00,0.0,0.0,280.55,"3,617.00",278.00,"1,014,734.00",23,2.0,15.0,0.0,5.49,-0.19,0.0,0.0,,
2017/08/20,44,ICFC,-,280.0,280.0,276.0,276.0,276.00,0.0,0.0,277.89,698.00,280.00,"193,965.00",7,-4.0,4.0,0.0,1.45,-0.68,0.0,0.0,,
2017/08/21,41,ICFC,-,276.0,281.0,281.0,281.0,281.00,0.0,0.0,281.00,20.00,276.00,"5,620.00",1,5.0,0.0,0.0,0.0,0.0,0.0,0.0,,
2017/08/22,44,ICFC,-,281.0,281.0,275.0,275.0,275.00,0.0,0.0,278.75,"1,859.00",281.00,"518,193.00",12,-6.0,6.0,0.0,2.18,-1.36,0.0,0.0,,
2017/08/23,44,ICFC,-,275.0,275.0,274.0,275.0,275.00,0.0,0.0,274.40,754.00,275.00,"206,900.00",4,0.0,1.0,0.0,0.36,0.22,0.0,0.0,,
2017/08/24,44,ICFC,-,275.0,279.0,275.0,275.0,275.00,0.0,0.0,276.95,"2,054.00",275.00,"568,856.00",5,0.0,4.0,0.0,1.45,-0.71,0.0,0.0,,
2017/07/09,40,ICFC,-,284.0,297.0,279.0,279.0,279.00,0.0,0.0,285.20,"6,710.00",284.00,"1,913,670.00",25,-5.0,18.0,0.0,6.45,-2.22,0.0,0.0,,
2017/07/10,38,ICFC,-,279.0,284.0,281.0,281.0,281.00,0.0,0.0,283.60,674.00,279.00,"191,146.00",5,2.00,3.0,0.0,1.07,-0.93,0.0,0.0,,
2017/07/11,41,ICFC,-,281.0,294.0,275.0,286.0,286.00,0.0,0.0,278.27,"26,786.00",281.00,"7,453,802.00",23,5.0,19.0,0.0,6.91,2.7,0.0,0.0,,
2017/07/12,37,ICFC,-,286.0,295.0,285.0,295.0,295.00,0.0,0.0,290.52,"2,905.00",286.00,"843,963.00",16,9.0,10.0,0.0,3.51,1.52,0.0,0.0,,
2017/07/13,40,ICFC,-,295.0,290.0,286.0,288.0,288.00,0.0,0.0,288.17,"1,248.00",295.00,"359,636.00",11,-7.0,4.0,0.0,1.4,-0.06,0.0,0.0,,
2017/07/16,41,ICFC,-,288.0,285.0,283.0,284.0,284.00,0.0,0.0,283.72,"1,980.00",288.00,"561,775.00",9,-4.0,2.0,0.0,0.71,0.1,0.0,0.0,,
2017/07/17,43,ICFC,-,284.0,292.0,285.0,292.0,292.00,0.0,0.0,286.86,"4,162.00",284.00,"1,193,898.00",10,8.0,7.0,0.0,2.46,1.76,0.0,0.0,,
2017/07/18,41,ICFC,-,292.0,307.0,290.0,298.0,298.00,0.0,0.0,296.84,"4,186.00",292.00,"1,242,575.00",24,6.00,17.0,0.0,5.86,0.39,0.0,0.0,,
2017/07/19,42,ICFC,-,298.0,297.0,293.0,297.0,297.00,0.0,0.0,294.60,"1,456.00",298.00,"428,934.00",9,-1.0,4.0,0.0,1.37,0.81,0.0,0.0,,
2017/07/20,41,ICFC,-,297.0,297.0,287.0,287.0,287.00,0.0,0.0,291.79,"5,285.00",297.00,"1,542,095.00",16,-10.0,10.0,0.0,3.48,-1.67,0.0,0.0,,
2017/07/23,44,ICFC,-,287.0,292.0,281.0,281.0,281.00,0.0,0.0,284.24,"2,192.00",287.00,"623,049.00",10,-6.0,11.0,0.0,3.91,-1.15,0.0,0.0,,
2017/07/24,43,ICFC,-,281.0,294.0,280.0,280.0,280.00,0.0,0.0,287.30,"4,542.00",281.00,"1,304,929.00",20,-1.00,14.00,0.0,5.0,-2.61,0.0,0.0,,
2017/07/25,42,ICFC,-,280.0,291.0,280.0,290.0,290.00,0.0,0.0,287.51,"4,315.00",280.00,"1,240,600.00",19,10.00,11.00,0.0,3.93,0.86,0.0,0.0,,
2017/07/26,43,ICFC,-,290.0,294.0,285.0,285.0,285.00,0.0,0.0,289.33,"1,293.00",290.00,"374,100.00",14,-5.00,9.00,0.0,3.16,-1.52,0.0,0.0,,
2017/07/27,41,ICFC,-,285.0,285.0,280.0,284.0,284.00,0.0,0.0,283.96,834.00,285.00,"236,820.00",4,-1.00,5.00,0.0,1.79,0.02,0.0,0.0,,
2017/07/30,42,ICFC,-,284.0,289.0,280.0,289.0,289.00,0.0,0.0,283.54,"3,560.00",284.00,"1,009,414.00",14,5.0,9.0,0.0,3.21,1.89,0.0,0.0,,
2017/06/12,93,ICFC,32.95,663.0,668.0,647.0,661.0,661.00,0.0,0.0,659.86,"5,859.00",658.50,"3,866,108.80",46,2.5,21.0,0.38,3.25,0.17,872.00,555.00,630.56,639.01
2017/06/13,39,ICFC,-,296.0,298.0,293.0,298.0,298.00,0.0,0.0,295.29,"4,237.00",296.00,"1,251,159.00",17,2.0,5.0,0.0,1.71,0.91,0.0,0.0,,
2017/06/14,41,ICFC,-,298.0,303.0,293.0,294.0,294.00,0.0,0.0,297.31,"3,396.00",298.00,"1,009,670.00",11,-4.0,10.0,0.0,3.41,-1.13,0.0,0.0,,
2017/06/15,42,ICFC,-,294.0,300.0,290.0,300.0,300.00,0.0,0.0,294.41,"12,909.00",294.00,"3,800,487.00",35,6.0,10.0,0.0,3.45,1.86,0.0,0.0,,
2017/06/18,40,ICFC,-,300.0,300.0,290.0,290.0,290.00,0.0,0.0,294.13,"5,544.00",300.00,"1,630,665.00",14,-10.0,10.0,0.0,3.45,-1.42,0.0,0.0,,
2017/06/19,38,ICFC,-,290.0,296.0,295.0,295.0,295.00,0.0,0.0,295.43,700.00,290.00,"206,800.00",6,5.0,1.0,0.0,0.34,-0.15,0.0,0.0,,
2017/06/20,36,ICFC,-,295.0,290.0,282.0,282.0,282.00,0.0,0.0,284.15,"8,285.00",295.00,"2,354,144.00",29,-13.0,8.0,0.0,2.84,-0.76,0.0,0.0,,
2017/06/21,42,ICFC,-,282.0,287.0,280.0,285.0,285.00,0.0,0.0,282.30,"6,588.00",282.00,"1,859,765.00",37,3.0,7.0,0.0,2.5,0.95,0.0,0.0,,
2017/06/22,37,ICFC,-,285.0,285.0,279.0,280.0,280.00,0.0,0.0,281.31,"2,802.00",285.00,"788,238.00",14,-5.0,6.0,0.0,2.15,-0.47,0.0,0.0,,
2017/06/25,38,ICFC,-,280.0,284.0,280.0,284.0,284.00,0.0,0.0,282.06,"5,739.00",280.00,"1,618,729.00",14,4.0,4.0,0.0,1.43,0.68,0.0,0.0,,
2017/06/27,39,ICFC,-,284.0,282.0,278.0,278.0,278.00,0.0,0.0,280.03,"4,010.00",284.00,"1,122,910.00",17,-6.0,4.0,0.0,1.44,-0.73,0.0,0.0,,
2017/06/28,37,ICFC,-,278.0,281.0,275.0,281.0,281.00,0.0,0.0,278.05,"7,730.00",278.00,"2,149,330.00",18,3.0,6.0,0.0,2.18,1.05,0.0,0.0,,
2017/07/02,41,ICFC,-,281.0,276.0,270.0,276.0,276.00,0.0,0.0,274.11,"2,845.00",281.00,"779,845.00",11,-5.0,6.0,0.0,2.22,0.68,0.0,0.0,,
2017/07/03,39,ICFC,-,276.0,281.0,276.0,276.0,276.00,0.0,0.0,277.79,"4,489.00",276.00,"1,247,021.00",18,0.0,5.0,0.0,1.81,-0.65,0.0,0.0,,
2017/07/04,40,ICFC,-,276.0,276.0,271.0,271.0,271.00,0.0,0.0,272.45,"2,273.00",276.00,"619,283.00",9,-5.0,5.0,0.0,1.85,-0.54,0.0,0.0,,
2017/07/05,39,ICFC,-,271.0,275.0,270.0,275.0,275.00,0.0,0.0,272.44,"2,500.00",271.00,"681,100.00",10,4.0,5.0,0.0,1.85,0.93,0.0,0.0,,
2017/02/20,33,ICFC,-,240.0,244.0,234.0,234.0,234.00,0.0,0.0,237.92,"5,688.00",240.00,"1,353,272.00",26,-6.0,10.00,0.0,4.27,-1.67,0.0,0.0,,
2017/03/20,33,ICFC,-,236.0,259.0,236.0,252.0,252.00,0.0,0.0,245.68,"3,320.00",236.00,"815,674.00",19,16.0,23.0,0.0,9.75,2.51,0.0,0.0,,
2017/04/16,36,ICFC,-,324.0,329.0,306.0,312.0,312.00,0.0,0.0,316.04,"17,160.00",324.00,"5,423,222.00",50,-12.00,23.00,0.0,7.52,-1.29,0.0,0.0,,
2017/05/15,38,ICFC,-,323.0,329.0,315.0,329.0,329.00,0.0,0.0,318.12,"5,703.00",323.00,"1,814,237.00",16,6.0,14.0,0.0,4.44,3.31,0.0,0.0,,
2017/06/11,37,ICFC,-,303.0,307.0,297.0,300.0,300.00,0.0,0.0,299.22,"7,850.00",303.00,"2,348,890.00",27,-3.0,10.0,0.0,3.37,0.26,0.0,0.0,,
2017/07/06,40,ICFC,-,275.0,288.0,275.0,284.0,284.00,0.0,0.0,279.26,"4,724.00",275.00,"1,319,240.00",20,9.0,13.0,0.0,4.73,1.67,0.0,0.0,,
2017/07/31,42,ICFC,-,289.0,290.0,285.0,290.0,290.00,0.0,0.0,288.82,"3,796.00",289.00,"1,096,355.00",11,1.0,5.00,0.0,1.75,0.41,0.0,0.0,,
2017/08/27,44,ICFC,-,275.0,280.0,275.0,278.0,278.00,0.0,0.0,277.40,"2,614.00",275.00,"725,122.00",14,3.0,5.0,0.0,1.82,0.22,0.0,0.0,,
2017/09/26,43,ICFC,-,266.0,275.0,266.0,270.0,270.00,0.0,0.0,269.40,"1,468.00",266.00,"395,485.00",7,4.0,9.0,0.0,3.38,0.22,0.0,0.0,,
2017/10/29,44,ICFC,-,234.0,234.0,231.0,231.0,231.00,0.0,0.0,233.86,210.00,234.00,"49,110.00",2,-3.0,3.0,0.0,1.3,-1.24,0.0,0.0,,
2017/11/21,44,ICFC,-,215.0,219.0,215.0,218.0,218.00,0.0,0.0,215.83,"3,554.00",215.00,"767,059.00",8,3.0,4.0,0.0,1.86,1.0,0.0,0.0,,
2017/12/18,44,ICFC,-,216.0,216.0,212.0,215.0,215.00,0.0,0.0,214.54,"3,513.00",216.00,"753,695.00",13,-1.0,4.0,0.0,1.89,0.21,0.0,0.0,,
2018/01/14,42,ICFC,-,210.0,206.0,206.0,206.0,206.00,0.0,0.0,206.00,"1,218.00",210.00,"250,908.00",5,-4.0,0.0,0.0,0.0,0.0,0.0,0.0,,
2018/02/11,44,ICFC,-,203.0,203.0,201.0,203.0,203.00,0.0,0.0,201.53,"1,251.00",203.00,"252,117.00",8,0.0,2.0,0.0,1.0,0.72,0.0,0.0,,
2018/03/12,44,ICFC,-,199.0,199.0,199.0,199.0,199.00,0.0,0.0,199.00,100.00,199.00,"19,900.00",1,0.0,0.0,0.0,0.0,0.0,361.00,188.00,,
2018/04/05,48,ICFC,-,191.0,194.0,185.0,186.0,186.00,0.0,0.0,188.23,"4,333.00",188.00,"815,593.00",24,-2.0,9.0,-1.06,4.86,-1.2,361.00,180.00,,
2018/04/29,49,ICFC,-,197.0,201.0,195.0,195.0,195.00,0.0,0.0,198.17,"1,477.00",201.00,"292,701.00",15,-6.0,6.0,-2.99,3.08,-1.63,339.00,180.00,,
2018/05/27,44,ICFC,-,186.0,186.0,183.0,183.0,183.00,0.0,0.0,185.38,126.00,183.00,"23,358.00",3,0.0,3.0,0.0,1.64,-1.3,329.00,180.00,,
2018/06/20,45,ICFC,-,170.0,172.0,170.0,172.0,172.00,0.0,0.0,170.57,700.00,173.00,"119,400.00",2,-1.0,2.0,-0.58,1.18,0.83,307.00,170.00,,
2018/07/15,55,ICFC,-,172.0,172.0,171.0,172.0,172.00,0.0,0.0,171.33,954.00,172.00,"163,449.00",5,0.0,1.0,0.0,0.58,0.39,307.00,165.00,,
2018/08/07,42,ICFC,-,165.0,166.0,162.0,166.0,166.00,0.0,0.0,163.62,"3,947.00",165.00,"645,793.00",16,1.0,4.0,0.61,2.47,1.44,290.00,160.00,,
2017/05/16,36,ICFC,-,329.0,323.0,318.0,323.0,323.00,0.0,0.0,322.90,"4,604.00",329.00,"1,486,616.00",5,-6.0,5.0,0.0,1.57,0.03,0.0,0.0,,
2017/05/17,38,ICFC,-,323.0,318.0,313.0,316.0,316.00,0.0,0.0,315.93,"1,535.00",323.00,"484,960.00",6,-7.0,5.0,0.0,1.6,0.02,0.0,0.0,,
2017/05/18,37,ICFC,-,316.0,321.0,311.0,318.0,318.00,0.0,0.0,316.16,"3,944.00",316.00,"1,246,934.00",14,2.0,10.0,0.0,3.22,0.58,0.0,0.0,,
2017/05/21,39,ICFC,-,318.0,320.0,316.0,316.0,316.00,0.0,0.0,316.69,905.00,318.00,"286,600.00",8,-2.0,4.0,0.0,1.27,-0.22,0.0,0.0,,
2017/05/22,39,ICFC,-,316.0,322.0,315.0,318.0,318.00,0.0,0.0,316.45,700.00,316.00,"221,515.00",6,2.0,7.0,0.0,2.22,0.49,0.0,0.0,,
2017/05/23,39,ICFC,-,318.0,318.0,309.0,315.0,315.00,0.0,0.0,313.76,"1,519.00",318.00,"476,598.00",14,-3.0,9.0,0.0,2.91,0.39,0.0,0.0,,
2017/05/24,38,ICFC,-,315.0,321.0,313.0,320.0,320.00,0.0,0.0,315.04,"4,065.00",315.00,"1,280,635.00",11,5.0,8.0,0.0,2.56,1.55,0.0,0.0,,
2017/05/28,38,ICFC,-,320.0,325.0,315.0,315.0,315.00,0.0,0.0,321.09,996.00,320.00,"319,808.00",7,-5.0,10.0,0.0,3.17,-1.93,0.0,0.0,,
2017/05/30,39,ICFC,-,315.0,316.0,310.0,311.0,311.00,0.0,0.0,314.10,"1,769.00",315.00,"555,651.00",9,-4.0,6.0,0.0,1.94,-1.0,0.0,0.0,,
2017/05/31,39,ICFC,-,311.0,329.0,300.0,329.0,329.00,0.0,0.0,302.83,"3,900.00",311.00,"1,181,030.00",13,18.0,29.0,0.0,9.67,7.95,0.0,0.0,,
2017/06/01,39,ICFC,-,329.0,323.0,320.0,320.0,320.00,0.0,0.0,320.13,"2,260.00",329.00,"723,500.00",3,-9.0,3.0,0.0,0.94,-0.04,0.0,0.0,,
2017/06/04,40,ICFC,-,320.0,320.0,314.0,314.0,314.00,0.0,0.0,318.69,128.00,320.00,"40,792.00",3,-6.0,6.0,0.0,1.91,-1.49,0.0,0.0,,
2017/06/05,39,ICFC,-,314.0,310.0,305.0,309.0,309.00,0.0,0.0,306.14,"8,494.00",314.00,"2,600,390.00",28,-5.0,5.0,0.0,1.64,0.92,0.0,0.0,,
2017/06/06,40,ICFC,-,309.0,315.0,305.0,310.0,310.00,0.0,0.0,309.94,"7,871.00",309.00,"2,439,499.00",25,1.0,10.0,0.0,3.28,0.02,0.0,0.0,,
2017/06/07,41,ICFC,-,310.0,311.0,305.0,309.0,309.00,0.0,0.0,307.67,"9,549.00",310.00,"2,937,961.00",25,-1.0,6.0,0.0,1.97,0.43,0.0,0.0,,
2017/06/08,38,ICFC,-,309.0,305.0,300.0,303.0,303.00,0.0,0.0,302.28,"14,059.00",309.00,"4,249,704.00",46,-6.0,5.0,0.0,1.67,0.24,0.0,0.0,,
2017/04/18,38,ICFC,-,312.0,342.0,318.0,320.0,320.00,0.0,0.0,322.66,"44,055.00",312.00,"14,214,650.00",131,8.0,24.0,0.0,7.55,-0.83,0.0,0.0,,
2017/04/19,39,ICFC,-,320.0,345.0,321.0,342.0,342.00,0.0,0.0,331.46,"61,455.00",320.00,"20,369,630.00",163,22.0,24.00,0.0,7.48,3.08,0.0,0.0,,
2017/04/20,35,ICFC,-,342.0,361.0,330.0,335.0,335.00,0.0,0.0,343.43,"36,994.00",342.00,"12,704,776.00",135,-7.0,31.00,0.0,9.39,-2.52,0.0,0.0,,
2017/04/23,37,ICFC,-,335.0,360.0,335.0,340.0,340.00,0.0,0.0,342.50,"15,620.00",335.00,"5,349,794.00",48,5.00,25.0,0.0,7.46,-0.73,0.0,0.0,,
2017/04/24,36,ICFC,-,340.0,340.0,323.0,323.0,323.00,0.0,0.0,330.29,"14,182.00",340.00,"4,684,235.00",53,-17.00,17.0,0.0,5.26,-2.26,0.0,0.0,,
2017/04/25,38,ICFC,-,323.0,334.0,318.0,330.0,330.00,0.0,0.0,329.20,"17,943.00",323.00,"5,906,890.00",71,7.00,16.0,0.0,5.03,0.24,0.0,0.0,,
2017/04/26,37,ICFC,-,330.0,340.0,331.0,338.0,338.00,0.0,0.0,335.57,"19,669.00",330.00,"6,600,284.00",78,8.00,9.00,0.0,2.72,0.72,0.0,0.0,,
2017/04/27,37,ICFC,-,338.0,342.0,334.0,338.0,338.00,0.0,0.0,336.76,"13,291.00",338.00,"4,475,817.00",39,0.0,8.00,0.0,2.4,0.37,0.0,0.0,,
2017/04/30,93,ICFC,32.95,663.0,668.0,647.0,661.0,661.00,0.0,0.0,659.86,"5,859.00",658.50,"3,866,108.80",46,2.5,21.0,0.38,3.25,0.17,872.00,555.00,630.56,639.01
2017/05/02,37,ICFC,-,331.0,337.0,326.0,334.0,334.00,0.0,0.0,330.17,"4,547.00",331.00,"1,501,262.00",28,3.0,11.0,0.0,3.37,1.15,0.0,0.0,,
2017/05/03,37,ICFC,-,334.0,339.0,324.0,326.0,326.00,0.0,0.0,331.58,"5,742.00",334.00,"1,903,905.00",30,-8.0,15.0,0.0,4.63,-1.71,0.0,0.0,,
2017/05/04,36,ICFC,-,326.0,332.0,320.0,325.0,325.00,0.0,0.0,326.62,"1,516.00",326.00,"495,160.00",13,-1.0,12.0,0.0,3.75,-0.5,0.0,0.0,,
2017/05/07,37,ICFC,-,325.0,323.0,315.0,323.0,323.00,0.0,0.0,318.43,"1,923.00",325.00,"612,349.00",11,-2.0,8.0,0.0,2.54,1.41,0.0,0.0,,
2017/05/08,37,ICFC,-,323.0,331.0,320.0,325.0,325.00,0.0,0.0,325.70,"2,710.00",323.00,"882,650.00",15,2.0,11.0,0.0,3.44,-0.22,0.0,0.0,,
2017/05/09,36,ICFC,-,325.0,330.0,325.0,326.0,326.00,0.0,0.0,328.04,"3,260.00",325.00,"1,069,418.00",19,1.0,5.0,0.0,1.54,-0.63,0.0,0.0,,
2017/05/11,38,ICFC,-,326.0,328.0,320.0,323.0,323.00,0.0,0.0,323.73,"6,791.00",326.00,"2,198,470.00",21,-3.0,8.0,0.0,2.5,-0.23,0.0,0.0,,
2017/03/21,34,ICFC,-,252.0,260.0,244.0,260.0,260.00,0.0,0.0,249.40,"8,498.00",252.00,"2,119,442.00",30,8.0,16.0,0.0,6.56,4.08,0.0,0.0,,
2017/03/22,33,ICFC,-,260.0,275.0,255.0,260.0,260.00,0.0,0.0,264.64,"9,862.00",260.00,"2,609,854.00",37,0.0,20.0,0.0,7.84,-1.78,0.0,0.0,,
2017/03/23,34,ICFC,-,260.0,274.0,255.0,261.0,261.00,0.0,0.0,263.16,"3,786.00",260.00,"996,330.00",30,1.0,19.0,0.0,7.45,-0.83,0.0,0.0,,
2017/03/26,33,ICFC,-,261.0,270.0,260.0,261.0,261.00,0.0,0.0,266.09,"8,322.00",261.00,"2,214,388.00",31,0.0,10.0,0.0,3.85,-1.95,0.0,0.0,,
2017/03/28,36,ICFC,-,261.0,276.0,266.0,270.0,270.00,0.0,0.0,270.88,"4,854.00",261.00,"1,314,839.00",20,9.00,10.0,0.0,3.76,-0.32,0.0,0.0,,
2017/03/29,36,ICFC,-,270.0,295.0,269.0,268.0,268.00,0.0,0.0,276.66,"24,591.00",270.00,"6,803,435.00",61,0.00,26.00,0.0,9.67,-3.23,0.0,0.0,,
2017/03/30,34,ICFC,-,268.0,275.0,260.0,275.0,275.00,0.0,0.0,266.87,"18,251.00",268.00,"4,870,713.00",37,7.0,15.0,0.0,5.77,2.95,0.0,0.0,,
2017/04/02,30,ICFC,-,275.0,295.0,272.0,295.0,295.00,0.0,0.0,283.87,"5,142.00",275.00,"1,459,648.00",21,20.00,23.00,0.0,8.46,3.77,0.0,0.0,,
2017/04/03,33,ICFC,-,295.0,318.0,276.0,281.0,281.00,0.0,0.0,293.49,"18,032.00",295.00,"5,292,280.00",61,-14.00,42.00,0.0,15.22,-4.45,0.0,0.0,,
2017/04/04,36,ICFC,-,281.0,296.0,272.0,280.0,280.00,0.0,0.0,282.11,"14,449.00",281.00,"4,076,166.00",44,-1.00,24.00,0.0,8.82,-0.75,0.0,0.0,,
2017/04/06,34,ICFC,-,280.0,285.0,272.0,275.0,275.00,0.0,0.0,276.08,"10,976.00",280.00,"3,030,232.00",25,-5.00,13.00,0.0,4.78,-0.39,0.0,0.0,,
2017/04/09,35,ICFC,-,275.0,280.0,270.0,277.0,277.00,0.0,0.0,274.36,"3,824.00",275.00,"1,049,165.00",21,2.0,10.00,0.0,3.7,0.95,0.0,0.0,,
2017/04/10,37,ICFC,-,277.0,295.0,279.0,295.0,295.00,0.0,0.0,285.05,"15,662.00",277.00,"4,464,443.00",41,18.0,16.00,0.0,5.73,3.37,0.0,0.0,,
2017/04/11,36,ICFC,-,295.0,324.0,290.0,324.0,324.00,0.0,0.0,307.06,"65,521.00",295.00,"20,118,622.00",136,29.0,34.0,0.0,11.72,5.23,0.0,0.0,,
2017/04/12,38,ICFC,-,324.0,345.0,311.0,315.0,315.00,0.0,0.0,324.27,"46,805.00",324.00,"15,177,228.00",136,-9.0,34.0,0.0,10.93,-2.94,0.0,0.0,,
2017/04/13,36,ICFC,-,315.0,329.0,300.0,324.0,324.00,0.0,0.0,317.96,"34,578.00",315.00,"10,994,431.00",94,9.0,29.00,0.0,9.67,1.86,0.0,0.0,,
2017/02/21,35,ICFC,-,234.0,242.0,228.0,228.0,228.00,0.0,0.0,234.20,"4,313.00",234.00,"1,010,124.00",12,-6.0,14.0,0.0,6.14,-2.72,0.0,0.0,,
2017/02/22,33,ICFC,-,228.0,232.0,226.0,232.0,232.00,0.0,0.0,227.51,"3,202.00",228.00,"728,501.00",11,4.0,6.0,0.0,2.65,1.93,0.0,0.0,,
2017/02/23,32,ICFC,-,232.0,238.0,235.0,235.0,235.00,0.0,0.0,235.36,784.00,232.00,"184,524.00",7,3.0,3.0,0.0,1.28,-0.15,0.0,0.0,,
2017/02/28,35,ICFC,-,235.0,232.0,227.0,227.0,227.00,0.0,0.0,229.03,610.00,235.00,"139,710.00",6,-8.0,5.0,0.0,2.2,-0.9,0.0,0.0,,
2017/03/01,33,ICFC,-,227.0,235.0,223.0,235.0,235.00,0.0,0.0,228.80,"2,191.00",227.00,"501,301.00",10,8.0,12.0,0.0,5.38,2.64,0.0,0.0,,
2017/03/02,32,ICFC,-,235.0,234.0,232.0,232.0,232.00,0.0,0.0,233.18,"2,658.00",235.00,"619,791.00",13,-3.0,2.0,0.0,0.86,-0.51,0.0,0.0,,
2017/03/05,36,ICFC,-,232.0,244.0,236.0,240.0,240.00,0.0,0.0,240.77,"4,148.00",232.00,"998,716.00",15,8.0,8.0,0.0,3.39,-0.32,0.0,0.0,,
2017/03/06,36,ICFC,-,240.0,244.0,238.0,240.0,240.00,0.0,0.0,239.62,"4,059.00",240.00,"972,611.00",21,0.0,6.0,0.0,2.52,0.16,0.0,0.0,,
2017/03/07,34,ICFC,-,240.0,237.0,233.0,235.0,235.00,0.0,0.0,235.63,418.00,240.00,"98,494.00",4,-5.0,4.0,0.0,1.72,-0.27,0.0,0.0,,
2017/03/09,33,ICFC,-,235.0,236.0,235.0,236.0,236.00,0.0,0.0,235.75,400.00,235.00,"94,300.00",3,1.0,1.0,0.0,0.43,0.11,0.0,0.0,,
2017/03/14,35,ICFC,-,236.0,233.0,233.0,233.0,233.00,0.0,0.0,233.19,104.00,236.00,"24,252.00",2,-3.0,0.0,0.0,0.0,-0.08,0.0,0.0,,
2017/03/16,36,ICFC,-,233.0,235.0,231.0,233.0,233.00,0.0,0.0,234.18,"2,680.00",233.00,"627,600.00",6,0.0,4.0,0.0,1.73,-0.51,0.0,0.0,,
2017/03/19,33,ICFC,-,233.0,238.0,235.0,236.0,236.00,0.0,0.0,235.90,616.00,233.00,"145,316.00",6,3.0,3.0,0.0,1.28,0.04,0.0,0.0,,
2017/01/24,34,ICFC,-,260.0,260.0,255.0,257.0,257.00,0.0,0.0,255.22,"1,211.00",260.00,"309,075.00",5,-3.0,5.0,0.0,1.96,0.69,0.0,0.0,,
2017/01/25,35,ICFC,-,257.0,252.0,247.0,250.0,250.00,0.0,0.0,249.20,"2,635.00",257.00,"656,655.00",14,-7.00,5.00,0.0,2.02,0.32,0.0,0.0,,
2017/01/26,35,ICFC,-,250.0,255.0,238.0,248.0,248.00,0.0,0.0,246.23,"2,259.00",250.00,"556,223.00",27,-2.0,17.0,0.0,7.14,0.72,0.0,0.0,,
2017/01/30,28,ICFC,-,248.0,244.0,225.0,228.0,228.00,0.0,0.0,238.12,"6,750.00",248.00,"1,607,336.00",35,-20.0,19.0,0.0,8.44,-4.44,0.0,0.0,,
2017/01/31,35,ICFC,-,228.0,245.0,224.0,229.0,229.00,0.0,0.0,232.66,"3,558.00",228.00,"827,820.00",17,1.0,21.0,0.0,9.38,-1.6,0.0,0.0,,
2017/02/01,35,ICFC,-,229.0,250.0,230.0,250.0,250.00,0.0,0.0,238.59,"1,445.00",229.00,"344,769.00",13,21.0,20.0,0.0,8.7,4.56,0.0,0.0,,
2017/02/02,35,ICFC,-,250.0,255.0,242.0,242.0,242.00,0.0,0.0,247.22,"6,590.00",250.00,"1,629,165.00",30,-8.0,13.0,0.0,5.37,-2.16,0.0,0.0,,
2017/02/05,30,ICFC,-,242.0,238.0,226.0,237.0,237.00,0.0,0.0,233.27,"6,170.00",242.00,"1,439,292.00",9,-5.0,12.0,0.0,5.31,1.57,0.0,0.0,,
2017/02/06,33,ICFC,-,237.0,241.0,226.0,238.0,238.00,0.0,0.0,229.92,"2,570.00",237.00,"590,891.00",12,1.0,15.0,0.0,6.64,3.4,0.0,0.0,,
2017/02/07,29,ICFC,-,238.0,241.0,234.0,241.0,241.00,0.0,0.0,238.04,"2,110.00",238.00,"502,274.00",10,3.0,7.0,0.0,2.99,1.23,0.0,0.0,,
2017/02/08,34,ICFC,-,241.0,241.0,237.0,241.0,241.00,0.0,0.0,238.20,"2,854.00",241.00,"679,828.00",13,0.0,4.0,0.0,1.69,1.16,0.0,0.0,,
2017/02/09,33,ICFC,-,241.0,240.0,234.0,234.0,234.00,0.0,0.0,236.77,"9,531.00",241.00,"2,256,616.00",7,-7.0,6.0,0.0,2.56,-1.18,0.0,0.0,,
2017/02/12,33,ICFC,-,234.0,230.0,220.0,220.0,220.00,0.0,0.0,223.62,"5,536.00",234.00,"1,237,980.00",29,-14.0,10.0,0.0,4.55,-1.65,0.0,0.0,,
2017/02/13,35,ICFC,-,220.0,226.0,213.0,218.0,218.00,0.0,0.0,217.78,"11,018.00",220.00,"2,399,484.00",37,-2.0,13.0,0.0,6.1,0.1,0.0,0.0,,
2017/02/14,34,ICFC,-,218.0,226.0,217.0,221.0,221.00,0.0,0.0,220.68,"9,111.00",218.00,"2,010,577.00",35,3.0,9.0,0.0,4.15,0.15,0.0,0.0,,
2017/02/15,36,ICFC,-,221.0,233.0,220.0,225.0,225.00,0.0,0.0,223.81,"7,922.00",221.00,"1,773,020.00",27,4.00,13.0,0.0,5.91,0.53,0.0,0.0,,
2017/02/16,38,ICFC,-,225.0,232.0,223.0,232.0,232.00,0.0,0.0,226.57,"6,561.00",225.00,"1,486,524.00",33,7.0,9.0,0.0,4.04,2.34,0.0,0.0,,
2017/02/19,34,ICFC,-,232.0,243.0,228.0,240.0,240.00,0.0,0.0,234.76,"1,512.00",232.00,"354,956.00",9,8.00,15.00,0.0,6.58,2.18,0.0,0.0,,
