Date,S.No,Symbol,Conf.,Open,High,Low,Close,LTP,Close - LTP,Close - LTP %,VWAP,Vol,Prev. Close,Turnover,Trans.,Diff,Range,Diff %,Range %,VWAP %,52 Weeks High,52 Weeks Low,120 Days,180 Days
2025/08/25,135,MHNL,38.27,263.1,276.0,263.1,271.87,270.00,1.87,0.01,269.31,"12,154.00",266.27,"3,273,216.10",73,5.6,12.9,2.1,4.9,0.94,336.00,234.00,,
2025/08/26,139,MHNL,34.8,277.2,282.0,266.1,270.76,267.10,3.66,0.01,270.79,"14,810.00",271.87,"4,010,411.90",64,-1.11,15.9,-0.41,5.98,-0.01,321.00,234.00,,
2025/08/27,139,MHNL,36.37,266.0,273.3,266.0,271.81,273.00,-1.19,0.0,268.27,"35,323.00",270.76,"9,476,078.70",111,1.05,7.3,0.39,2.74,1.3,321.00,234.00,,
2025/08/28,138,MHNL,34.7,267.0,271.9,255.0,263.13,261.00,2.13,0.01,261.34,"72,466.00",271.81,"18,938,615.80",194,-8.68,16.9,-3.19,6.63,0.68,321.00,234.00,,
2025/08/31,135,MHNL,25.49,264.0,265.0,254.0,257.19,255.00,2.19,0.01,257.84,"25,872.00",263.13,"6,670,963.70",116,-5.94,11.0,-2.26,4.33,-0.25,321.00,234.00,,
2025/09/01,141,MHNL,26.93,253.1,267.0,250.5,257.41,258.00,-0.59,0.0,253.97,"28,159.00",257.19,"7,151,661.50",109,0.22,16.5,0.09,6.59,1.33,321.00,234.00,,
2025/09/02,142,MHNL,25.47,258.1,259.1,250.1,255.7,255.00,0.7,0.0,252.15,"18,893.00",257.41,"4,763,927.40",79,-1.71,9.0,-0.66,3.6,1.39,321.00,234.00,,
2025/09/03,142,MHNL,26.58,250.8,255.0,248.0,249.55,248.00,1.55,0.01,250.57,"12,257.00",255.70,"3,071,194.60",72,-6.15,7.0,-2.41,2.82,-0.41,320.00,234.00,,
2025/09/04,138,MHNL,25.41,246.2,253.9,244.2,249.19,249.70,-0.51,0.0,246.10,"18,379.00",249.55,"4,523,026.00",100,-0.36,9.7,-0.14,3.97,1.24,316.00,234.00,,
2025/09/07,147,MHNL,27.42,246.1,250.0,245.0,245.92,248.00,-2.08,-0.01,246.35,"16,007.00",249.19,"3,943,378.90",73,-3.27,5.0,-1.31,2.04,-0.18,316.00,234.00,,
2025/09/08,139,MHNL,28.72,242.5,250.8,242.3,245.13,249.40,-4.27,-0.02,244.47,"19,219.00",245.92,"4,698,422.30",80,-0.79,8.5,-0.32,3.51,0.27,316.00,234.00,,
2025/09/18,110,MHNL,23.05,245.0,245.0,235.3,235.3,235.30,0.0,0.0,239.24,305.00,245.13,"72,969.00",4,-9.83,9.7,-4.01,4.12,-1.68,316.00,234.00,,
2025/09/21,144,MHNL,42.03,235.0,255.0,234.0,250.21,250.00,0.21,0.0,242.90,"36,838.00",235.30,"8,947,904.20",145,14.91,21.00,6.34,8.97,2.92,316.00,234.00,,
2025/09/23,143,MHNL,38.84,245.5,255.0,245.5,254.9,254.90,0.0,0.0,251.78,"16,837.00",250.21,"4,239,154.90",89,4.69,9.5,1.87,3.87,1.23,316.00,234.00,,
2025/09/24,134,MHNL,35.41,258.9,258.9,245.1,253.8,253.80,0.0,0.0,248.67,"6,284.00",254.90,"1,562,615.50",51,-1.10,13.8,-0.43,5.63,2.02,316.00,234.00,,
2025/09/25,140,MHNL,35.86,253.0,253.7,245.6,246.5,246.50,0.0,0.0,248.04,"16,730.00",253.80,"4,149,699.80",62,-7.3,8.1,-2.88,3.3,-0.62,316.00,234.00,266.66,267.57
2025/07/30,140,MHNL,34.42,291.0,291.0,277.0,278.62,281.00,-2.38,-0.01,280.16,"84,355.00",287.89,"23,632,887.50",204,-9.27,14.0,-3.22,5.05,-0.55,379.00,234.00,,
2025/07/31,136,MHNL,32.51,282.9,282.9,269.0,269.84,270.00,-0.16,0.0,272.20,"55,047.00",278.62,"14,983,905.90",214,-8.78,13.9,-3.15,5.17,-0.88,379.00,234.00,,
2025/08/03,138,MHNL,28.6,270.0,274.0,267.0,268.02,270.00,-1.98,-0.01,269.64,"27,954.00",269.84,"7,537,469.70",139,-1.82,7.0,-0.67,2.62,-0.6,379.00,234.00,,
2025/08/04,140,MHNL,27.27,272.7,278.7,267.2,270.25,271.00,-0.75,0.0,269.77,"22,694.00",268.02,"6,122,171.40",122,2.23,11.5,0.83,4.3,0.18,379.00,234.00,,
2025/08/05,140,MHNL,29.89,265.1,274.0,265.1,266.11,268.00,-1.89,-0.01,269.27,"28,298.00",270.25,"7,619,693.30",150,-4.14,8.9,-1.53,3.36,-1.19,379.00,234.00,,
2025/08/06,139,MHNL,28.54,271.0,276.0,263.7,267.96,268.90,-0.94,0.0,266.17,"31,962.00",266.11,"8,507,455.00",106,1.85,12.30,0.7,4.66,0.67,379.00,234.00,,
2025/08/07,135,MHNL,37.73,269.9,272.4,265.6,270.04,272.40,-2.36,-0.01,269.01,"18,635.00",267.96,"5,013,075.00",94,2.08,6.8,0.78,2.56,0.38,379.00,234.00,,
2025/08/11,137,MHNL,24.8,275.0,275.0,264.0,265.07,267.60,-2.53,-0.01,266.97,"21,632.00",270.04,"5,775,176.30",105,-4.97,11.0,-1.84,4.17,-0.72,379.00,234.00,,
2025/08/12,143,MHNL,29.23,263.1,270.3,262.7,263.55,266.00,-2.45,-0.01,264.33,"21,191.00",265.07,"5,601,353.30",141,-1.52,7.6,-0.57,2.89,-0.29,379.00,234.00,,
2025/08/13,137,MHNL,22.75,261.1,268.0,260.6,266.92,265.90,1.02,0.0,265.18,"13,927.00",263.55,"3,693,120.60",80,3.37,7.4,1.28,2.84,0.65,379.00,234.00,,
2025/08/14,136,MHNL,24.02,265.0,270.0,262.0,266.35,267.90,-1.55,-0.01,267.40,"16,460.00",266.92,"4,401,340.30",107,-0.57,8.0,-0.21,3.05,-0.39,379.00,234.00,,
2025/08/17,133,MHNL,34.43,270.0,274.9,262.0,263.11,266.80,-3.69,-0.01,265.40,"34,483.00",266.35,"9,151,951.60",124,-3.24,12.9,-1.22,4.92,-0.87,366.90,234.00,,
2025/08/18,144,MHNL,36.99,260.1,270.0,260.1,267.69,267.00,0.69,0.0,265.83,"14,684.00",263.11,"3,903,500.80",97,4.58,9.9,1.74,3.81,0.69,366.90,234.00,,
2025/08/19,134,MHNL,42.41,263.0,273.0,263.0,271.84,273.00,-1.16,0.0,270.80,"37,640.00",267.69,"10,193,002.60",164,4.15,10.0,1.55,3.8,0.38,347.00,234.00,,
2025/08/20,138,MHNL,38.98,277.2,277.2,264.0,273.54,270.90,2.64,0.01,270.30,"19,046.00",271.84,"5,148,131.90",103,1.7,13.2,0.63,5.0,1.18,347.00,234.00,,
2025/08/21,135,MHNL,38.37,269.0,272.8,266.8,271.31,271.00,0.31,0.0,269.53,"14,626.00",273.54,"3,942,169.20",81,-2.23,6.0,-0.82,2.25,0.66,347.00,234.00,,
2025/07/07,134,MHNL,27.24,278.1,287.0,267.2,271.78,274.30,-2.52,-0.01,276.26,"69,105.00",283.20,"19,090,688.30",222,-11.42,19.8,-4.03,7.41,-1.65,379.00,234.00,,
2025/07/08,134,MHNL,24.96,267.0,277.0,267.0,275.4,274.90,0.5,0.0,273.42,"26,055.00",271.78,"7,123,906.30",133,3.62,10.0,1.33,3.75,0.72,379.00,234.00,,
2025/07/09,135,MHNL,26.62,275.4,278.0,271.0,274.28,276.70,-2.42,-0.01,274.12,"35,364.00",275.40,"9,694,081.30",160,-1.12,7.0,-0.41,2.58,0.06,379.00,234.00,,
2025/07/10,135,MHNL,25.11,279.7,280.5,269.1,270.26,271.00,-0.74,0.0,271.28,"26,273.00",274.28,"7,127,439.30",139,-4.02,11.4,-1.47,4.24,-0.38,379.00,234.00,,
2025/07/13,134,MHNL,29.57,275.6,277.0,261.0,262.23,264.00,-1.77,-0.01,265.27,"68,756.00",270.26,"18,238,762.00",275,-8.03,16.0,-2.97,6.13,-1.16,379.00,234.00,,
2025/07/14,144,MHNL,22.72,265.0,274.0,260.0,267.7,268.80,-1.1,0.0,265.19,"27,465.00",262.23,"7,283,414.10",144,5.47,14.00,2.09,5.38,0.94,379.00,234.00,,
2025/07/15,139,MHNL,23.97,267.0,272.7,265.0,265.92,268.00,-2.08,-0.01,268.84,"30,531.00",267.70,"8,208,090.40",111,-1.78,7.70,-0.66,2.91,-1.1,379.00,234.00,,
2025/07/16,148,MHNL,24.99,271.2,275.9,263.3,264.87,266.90,-2.03,-0.01,266.70,"29,393.00",265.92,"7,839,164.00",144,-1.05,12.6,-0.39,4.79,-0.69,379.00,234.00,,
2025/07/17,134,MHNL,43.16,260.0,285.0,260.0,284.16,284.40,-0.24,0.0,279.81,"87,139.00",264.87,"24,382,100.20",414,19.29,25.00,7.28,9.62,1.53,379.00,234.00,,
2025/07/20,136,MHNL,48.54,285.0,293.6,278.6,282.25,280.00,2.25,0.01,287.33,"94,102.00",284.16,"27,038,062.10",367,-1.91,15.0,-0.67,5.38,-1.8,379.00,234.00,,
2025/07/21,135,MHNL,46.75,277.1,295.7,277.1,291.57,294.20,-2.63,-0.01,287.36,"109,610.00",282.25,"31,497,396.40",396,9.32,18.6,3.3,6.71,1.44,379.00,234.00,,
2025/07/22,141,MHNL,45.65,288.1,300.0,288.1,290.27,291.50,-1.23,0.0,292.81,"65,131.00",291.57,"19,071,200.70",310,-1.3,11.9,-0.45,4.13,-0.88,379.00,234.00,,
2025/07/23,135,MHNL,46.95,291.0,293.8,283.5,286.31,288.00,-1.69,-0.01,288.37,"55,822.00",290.27,"16,097,325.50",230,-3.96,10.30,-1.36,3.63,-0.72,379.00,234.00,,
2025/07/24,143,MHNL,42.71,280.7,302.9,280.7,292.03,290.00,2.03,0.01,293.26,"83,168.00",286.31,"24,390,153.80",334,5.72,22.2,2.0,7.91,-0.42,379.00,234.00,,
2025/07/27,138,MHNL,47.31,287.1,295.0,282.0,284.35,286.80,-2.45,-0.01,290.03,"82,086.00",292.03,"23,807,270.70",364,-7.68,13.0,-2.63,4.61,-2.0,379.00,234.00,,
2025/07/28,137,MHNL,31.9,280.2,289.4,279.4,286.57,289.00,-2.43,-0.01,283.17,"62,893.00",284.35,"17,809,340.50",263,2.22,10.0,0.78,3.58,1.19,379.00,234.00,,
2025/06/12,135,MHNL,43.6,271.0,274.5,259.4,264.38,265.00,-0.62,0.0,267.54,"28,892.00",265.83,"7,729,776.00",159,-1.45,15.1,-0.55,5.82,-1.2,379.00,233.30,,
2025/06/15,136,MHNL,45.18,269.5,279.4,257.0,258.08,260.00,-1.92,-0.01,262.32,"40,772.00",264.38,"10,695,395.20",164,-6.3,22.4,-2.38,8.72,-1.64,379.00,233.30,,
2025/06/16,142,MHNL,45.08,263.2,270.0,258.8,262.18,259.10,3.08,0.01,263.56,"32,462.00",258.08,"8,555,755.60",160,4.1,11.2,1.59,4.33,-0.53,379.00,233.30,,
2025/06/17,135,MHNL,43.37,257.5,266.9,252.4,257.53,258.00,-0.47,0.0,256.77,"18,244.00",262.18,"4,684,561.20",86,-4.65,14.5,-1.77,5.74,0.29,379.00,233.30,,
2025/06/18,134,MHNL,31.99,253.1,260.8,253.0,257.83,256.50,1.33,0.01,255.51,"53,586.00",257.53,"13,691,825.20",155,0.3,7.8,0.12,3.08,0.9,379.00,233.30,,
2025/06/19,138,MHNL,38.79,252.7,274.5,252.7,265.65,265.20,0.45,0.0,268.01,"111,385.00",257.83,"29,852,143.40",381,7.82,21.80,3.03,8.63,-0.89,379.00,233.30,,
2025/06/22,136,MHNL,34.18,265.0,270.0,257.0,257.34,257.00,0.34,0.0,262.48,"32,505.00",265.65,"8,531,977.60",158,-8.31,13.00,-3.13,5.06,-2.0,379.00,233.30,,
2025/06/23,141,MHNL,29.82,255.0,267.6,255.0,258.36,259.60,-1.24,0.0,256.71,"52,749.00",257.34,"13,541,170.50",244,1.02,12.60,0.4,4.94,0.64,379.00,233.30,,
2025/06/24,140,MHNL,43.6,263.5,269.3,258.1,265.02,265.20,-0.18,0.0,264.01,"38,852.00",258.36,"10,257,323.70",209,6.66,11.20,2.58,4.34,0.38,379.00,233.30,,
2025/06/25,138,MHNL,48.45,266.0,290.0,261.0,283.93,287.90,-3.97,-0.01,276.72,"131,039.00",265.02,"36,260,498.80",546,18.91,29.0,7.14,11.11,2.54,379.00,234.00,,
2025/06/26,140,MHNL,35.86,253.0,253.7,245.6,246.5,246.50,0.0,0.0,248.04,"16,730.00",253.80,"4,149,699.80",62,-7.3,8.1,-2.88,3.3,-0.62,316.00,234.00,266.66,267.57
2025/06/29,145,MHNL,42.4,282.0,292.9,271.1,285.2,283.00,2.2,0.01,280.30,"65,456.00",280.79,"18,347,606.70",312,4.41,21.8,1.57,8.04,1.72,379.00,234.00,,
2025/06/30,139,MHNL,43.04,281.0,290.0,278.0,286.95,287.90,-0.95,0.0,284.47,"75,273.00",285.20,"21,413,044.90",310,1.75,12.00,0.61,4.32,0.86,379.00,234.00,,
2025/07/01,135,MHNL,44.69,282.1,298.0,282.1,295.73,294.10,1.63,0.01,293.31,"125,361.00",286.95,"36,769,830.10",574,8.78,15.9,3.06,5.64,0.82,379.00,234.00,,
2025/07/02,138,MHNL,35.41,296.0,298.8,289.0,291.03,292.50,-1.47,-0.01,294.06,"99,559.00",295.73,"29,275,871.70",379,-4.7,9.8,-1.59,3.39,-1.04,379.00,234.00,,
2025/07/03,137,MHNL,32.16,292.0,296.0,282.0,283.5,285.90,-2.4,-0.01,286.91,"72,613.00",291.03,"20,833,409.30",316,-7.53,14.0,-2.59,4.96,-1.2,379.00,234.00,,
2025/05/18,133,MHNL,24.28,262.0,266.0,256.7,258.27,256.70,1.57,0.01,258.04,"14,839.00",261.76,"3,828,995.50",103,-3.49,9.3,-1.33,3.62,0.09,379.00,225.00,,
2025/05/19,144,MHNL,25.92,260.0,263.1,254.0,257.32,257.90,-0.58,0.0,257.10,"20,550.00",258.27,"5,283,321.60",105,-0.95,9.10,-0.37,3.58,0.09,379.00,225.00,,
2025/05/20,133,MHNL,27.75,259.7,264.8,254.7,264.07,264.80,-0.73,0.0,260.71,"26,420.00",257.32,"6,887,979.20",116,6.75,10.1,2.62,3.97,1.27,379.00,226.00,,
2025/05/21,140,MHNL,35.86,253.0,253.7,245.6,246.5,246.50,0.0,0.0,248.04,"16,730.00",253.80,"4,149,699.80",62,-7.3,8.1,-2.88,3.3,-0.62,316.00,234.00,266.66,267.57
2025/05/22,138,MHNL,31.63,266.0,267.0,258.0,259.43,260.00,-0.57,0.0,260.75,"12,929.00",260.82,"3,371,220.50",77,-1.39,9.00,-0.53,3.49,-0.51,379.00,226.00,,
2025/05/25,140,MHNL,34.65,260.5,262.0,255.0,256.51,261.90,-5.39,-0.02,258.70,"18,432.00",259.43,"4,768,365.40",74,-2.92,7.0,-1.13,2.75,-0.85,379.00,226.00,,
2025/05/26,148,MHNL,40.17,261.6,266.8,256.0,259.73,259.90,-0.17,0.0,259.07,"12,950.00",256.51,"3,354,928.70",60,3.22,10.8,1.26,4.22,0.25,379.00,226.00,,
2025/05/27,137,MHNL,31.41,255.1,260.0,252.5,254.1,259.00,-4.9,-0.02,254.82,"22,034.00",259.73,"5,614,810.00",107,-5.63,7.5,-2.17,2.97,-0.29,379.00,226.00,,
2025/05/28,138,MHNL,30.24,259.0,259.0,254.0,254.38,254.00,0.38,0.0,255.01,"12,813.00",254.10,"3,267,438.80",66,0.28,5.0,0.11,1.97,-0.25,379.00,226.00,,
2025/06/02,135,MHNL,42.99,259.4,269.6,255.5,261.43,263.40,-1.97,-0.01,259.31,"20,309.00",254.38,"5,266,233.00",102,7.05,14.10,2.77,5.52,0.81,379.00,226.00,,
2025/06/03,140,MHNL,39.45,266.6,266.6,256.0,256.69,258.80,-2.11,-0.01,258.22,"9,069.00",261.43,"2,341,839.10",68,-4.74,10.6,-1.81,4.14,-0.6,379.00,226.00,,
2025/06/04,135,MHNL,42.52,261.8,261.8,254.0,258.82,258.90,-0.08,0.0,256.40,"14,299.00",256.69,"3,666,288.10",71,2.13,7.8,0.83,3.07,0.93,379.00,226.00,,
2025/06/05,137,MHNL,39.91,262.3,262.9,251.1,255.06,258.60,-3.54,-0.01,255.64,"14,922.00",258.82,"3,814,615.10",93,-3.76,11.8,-1.45,4.7,-0.23,379.00,226.00,,
2025/06/08,138,MHNL,36.39,252.2,257.2,252.2,253.03,253.00,0.03,0.0,254.04,"11,323.00",255.06,"2,876,446.20",64,-2.03,5.0,-0.8,1.98,-0.4,379.00,226.00,,
2025/06/09,142,MHNL,37.86,250.1,259.0,250.1,257.96,259.00,-1.04,0.0,255.83,"19,923.00",253.03,"5,096,996.30",82,4.93,8.9,1.95,3.56,0.82,379.00,226.00,,
2025/06/10,139,MHNL,39.2,257.9,263.0,255.1,256.83,260.00,-3.17,-0.01,258.35,"24,646.00",257.96,"6,367,357.60",89,-1.13,7.9,-0.44,3.1,-0.59,379.00,226.90,,
2024/08/12,145,MHNL,64.06,325.0,339.0,325.0,330.3,330.30,0.0,0.0,332.44,"181,190.00",325.00,"60,234,702.50",606,5.3,14.00,1.63,4.31,-0.65,339.00,169.00,,
2024/09/09,142,MHNL,40.57,295.8,303.0,281.0,281.0,281.00,0.0,0.0,286.79,"36,667.00",290.00,"10,515,577.50",220,-9.00,22.0,-3.1,7.83,-2.06,379.00,171.50,,
2024/10/07,130,MHNL,-,272.0,289.0,268.0,275.0,275.00,0.0,0.0,277.65,"21,824.00",267.00,"6,059,530.20",110,8.00,21.00,3.0,7.84,-0.97,379.00,174.00,,
2024/11/10,137,MHNL,-,271.0,296.0,271.0,293.0,293.00,0.0,0.0,285.80,"41,062.00",269.10,"11,735,685.80",273,23.9,25.00,8.88,9.23,2.46,379.00,176.40,,
2024/12/04,135,MHNL,40.5,300.0,304.8,291.2,291.2,291.20,0.0,0.0,299.20,"53,311.00",296.00,"15,950,757.70",221,-4.8,13.6,-1.62,4.67,-2.75,379.00,180.60,,
2025/01/01,130,MHNL,29.05,250.0,257.0,245.0,248.5,248.50,0.0,0.0,248.94,"11,603.00",249.00,"2,888,503.50",61,-0.5,12.0,-0.2,4.9,-0.18,379.00,213.20,,
2025/01/27,135,MHNL,44.49,263.0,278.0,263.0,270.0,270.00,0.0,0.0,270.20,"18,877.00",266.00,"5,100,617.40",104,4.00,15.00,1.5,5.7,-0.08,379.00,215.70,,
2025/02/24,136,MHNL,28.36,270.3,274.0,262.1,266.0,266.00,0.0,0.0,268.61,"16,126.00",265.00,"4,331,621.50",110,1.00,11.90,0.38,4.54,-0.98,379.00,215.70,,
2025/03/23,144,MHNL,22.54,271.3,271.4,258.0,259.49,261.80,-2.31,-0.01,262.18,"19,034.00",266.14,"4,990,374.00",112,-6.65,13.4,-2.5,5.19,-1.04,379.00,215.70,,
2025/04/20,144,MHNL,40.05,277.8,278.9,268.0,269.61,268.90,0.71,0.0,273.15,"9,959.00",277.86,"2,720,298.00",70,-8.25,10.9,-2.97,4.07,-1.31,379.00,215.70,,
2025/05/15,140,MHNL,27.59,260.1,265.0,260.0,261.76,264.00,-2.24,-0.01,261.30,"23,138.00",263.71,"6,045,957.90",100,-1.95,5.0,-0.74,1.92,0.18,379.00,225.00,,
2025/06/11,135,MHNL,47.28,261.0,277.8,252.1,265.83,265.00,0.83,0.0,263.97,"97,065.00",256.83,"25,622,048.40",363,9.0,25.70,3.5,10.19,0.7,379.00,233.30,,
2025/07/06,140,MHNL,30.3,278.0,289.1,278.0,283.2,283.00,0.2,0.0,283.39,"56,847.00",283.50,"16,109,929.40",270,-0.3,11.1,-0.11,3.99,-0.07,379.00,234.00,,
2025/07/29,138,MHNL,32.94,281.0,298.0,281.0,287.89,288.00,-0.11,0.0,289.95,"55,893.00",286.57,"16,205,962.20",292,1.32,17.00,0.46,6.05,-0.71,379.00,234.00,,
2025/08/24,140,MHNL,36.67,266.1,274.9,264.0,266.27,269.00,-2.73,-0.01,267.06,"16,615.00",271.31,"4,437,139.80",97,-5.04,10.9,-1.86,4.13,-0.3,336.00,234.00,,
2025/04/21,139,MHNL,46.43,266.0,280.0,266.0,272.07,271.10,0.97,0.0,274.31,"37,391.00",269.61,"10,256,736.10",139,2.46,14.0,0.91,5.26,-0.82,379.00,215.70,,
2025/04/22,140,MHNL,39.75,277.0,279.9,270.1,271.48,274.70,-3.22,-0.01,274.30,"12,727.00",272.07,"3,490,971.70",115,-0.59,9.8,-0.22,3.63,-1.04,379.00,215.70,,
2025/04/23,134,MHNL,36.86,266.4,280.5,265.1,275.27,274.40,0.87,0.0,272.41,"21,062.00",271.48,"5,737,396.90",150,3.79,15.4,1.4,5.81,1.04,379.00,215.70,,
2025/04/24,135,MHNL,28.47,275.0,275.0,267.2,270.48,271.00,-0.52,0.0,270.97,"17,113.00",275.27,"4,637,150.00",76,-4.79,7.8,-1.74,2.92,-0.18,379.00,215.70,,
2025/04/27,136,MHNL,42.09,265.6,279.0,265.6,272.08,275.80,-3.72,-0.01,275.23,"40,825.00",270.48,"11,236,332.90",186,1.6,13.4,0.59,5.05,-1.16,379.00,220.90,,
2025/04/28,144,MHNL,28.23,266.7,287.0,266.7,269.51,269.00,0.51,0.0,274.46,"21,978.00",272.08,"6,032,057.00",111,-2.57,20.3,-0.94,7.61,-1.84,379.00,220.90,,
2025/04/29,135,MHNL,27.33,270.0,270.3,264.0,266.64,267.80,-1.16,0.0,266.00,"23,689.00",269.51,"6,301,219.60",87,-2.87,6.3,-1.06,2.39,0.24,379.00,220.90,,
2025/04/30,140,MHNL,25.56,263.0,275.0,263.0,267.3,267.50,-0.2,0.0,269.08,"22,330.00",266.64,"6,008,490.70",111,0.66,12.0,0.25,4.56,-0.66,379.00,220.90,,
2025/05/04,140,MHNL,25.65,268.1,274.0,266.6,270.2,270.00,0.2,0.0,270.62,"14,787.00",267.30,"4,001,608.10",95,2.9,7.4,1.08,2.78,-0.15,379.00,221.50,,
2025/05/05,139,MHNL,25.01,264.8,272.4,264.0,264.95,264.60,0.35,0.0,266.12,"17,726.00",270.20,"4,717,183.90",73,-5.25,8.4,-1.94,3.18,-0.44,379.00,221.50,,
2025/05/06,141,MHNL,24.81,259.8,269.9,259.8,264.64,267.00,-2.36,-0.01,265.84,"20,498.00",264.95,"5,449,253.50",106,-0.31,10.1,-0.12,3.89,-0.45,379.00,221.50,,
2025/05/07,130,MHNL,36.26,269.0,275.0,265.1,273.02,273.00,0.02,0.0,271.67,"19,310.00",264.64,"5,245,999.60",94,8.38,9.9,3.17,3.73,0.49,379.00,221.50,,
2025/05/08,133,MHNL,41.02,273.0,285.0,270.0,277.87,277.90,-0.03,0.0,278.79,"61,606.00",273.02,"17,175,010.70",192,4.85,15.0,1.78,5.56,-0.33,379.00,221.50,,
2025/05/11,130,MHNL,32.88,273.1,287.5,273.0,273.45,273.00,0.45,0.0,277.91,"23,023.00",277.87,"6,398,391.10",134,-4.42,14.5,-1.59,5.31,-1.63,379.00,221.50,,
2025/05/13,135,MHNL,35.76,270.1,270.1,265.0,268.0,268.00,0.0,0.0,267.56,"23,056.00",273.45,"6,168,963.30",102,-5.45,5.1,-1.99,1.92,0.16,379.00,224.00,,
2025/05/14,140,MHNL,27.6,269.0,269.0,261.1,263.71,262.00,1.71,0.01,264.01,"16,471.00",268.00,"4,348,559.10",75,-4.29,7.9,-1.6,3.03,-0.11,379.00,225.00,,
2025/03/24,144,MHNL,21.55,258.0,265.2,255.3,264.07,264.50,-0.43,0.0,262.07,"12,502.00",259.49,"3,276,340.70",80,4.58,9.9,1.77,3.88,0.76,379.00,215.70,,
2025/03/25,145,MHNL,25.16,259.1,261.0,250.0,250.62,252.00,-1.38,-0.01,253.83,"26,460.00",264.07,"6,716,287.00",163,-13.45,11.0,-5.09,4.4,-1.28,379.00,215.70,,
2025/03/26,140,MHNL,35.86,253.0,253.7,245.6,246.5,246.50,0.0,0.0,248.04,"16,730.00",253.80,"4,149,699.80",62,-7.3,8.1,-2.88,3.3,-0.62,316.00,234.00,266.66,267.57
2025/03/27,136,MHNL,32.5,270.0,274.7,262.8,265.67,266.00,-0.33,0.0,267.06,"14,065.00",265.29,"3,756,228.50",105,0.38,11.9,0.14,4.53,-0.52,379.00,215.70,,
2025/03/30,140,MHNL,40.05,261.0,275.0,261.0,271.34,274.20,-2.86,-0.01,270.31,"32,591.00",265.67,"8,809,831.20",199,5.67,14.0,2.13,5.36,0.38,379.00,215.70,,
2025/04/01,142,MHNL,36.23,274.9,274.9,261.0,263.81,265.00,-1.19,0.0,264.36,"17,883.00",271.34,"4,727,494.10",103,-7.53,13.90,-2.78,5.33,-0.21,379.00,215.70,,
2025/04/02,137,MHNL,33.64,267.0,271.7,262.0,266.32,266.00,0.32,0.0,265.27,"11,653.00",263.81,"3,091,192.20",79,2.51,9.70,0.95,3.7,0.39,379.00,215.70,,
2025/04/03,140,MHNL,36.1,265.0,271.8,261.1,262.38,264.80,-2.42,-0.01,266.37,"29,656.00",266.32,"7,899,442.90",132,-3.94,10.7,-1.48,4.1,-1.52,379.00,215.70,,
2025/04/07,143,MHNL,27.81,267.6,272.8,258.0,259.12,262.00,-2.88,-0.01,260.75,"4,592.00",262.38,"1,197,367.40",67,-3.26,14.8,-1.24,5.74,-0.63,379.00,215.70,,
2025/04/08,144,MHNL,31.92,263.1,263.1,251.7,255.4,259.60,-4.2,-0.02,254.84,"15,320.00",259.12,"3,904,089.90",99,-3.72,11.40,-1.44,4.53,0.22,379.00,215.70,,
2025/04/09,139,MHNL,32.78,260.0,264.9,255.0,256.25,256.00,0.25,0.0,257.60,"18,150.00",255.40,"4,675,388.20",93,0.85,9.90,0.33,3.88,-0.53,379.00,215.70,,
2025/04/10,143,MHNL,36.08,261.0,262.0,253.6,255.77,259.00,-3.23,-0.01,256.95,"27,830.00",256.25,"7,150,950.70",120,-0.48,8.4,-0.19,3.31,-0.46,379.00,215.70,,
2025/04/13,142,MHNL,32.22,253.5,260.8,253.5,258.16,256.20,1.96,0.01,257.57,"10,228.00",255.77,"2,634,469.40",75,2.39,7.3,0.93,2.88,0.23,379.00,215.70,,
2025/04/15,143,MHNL,40.79,262.9,270.0,253.5,268.63,268.80,-0.17,0.0,266.69,"15,502.00",258.16,"4,134,247.80",148,10.47,16.5,4.06,6.51,0.72,379.00,215.70,,
2025/04/16,145,MHNL,44.24,268.0,273.3,260.0,271.06,270.00,1.06,0.0,268.27,"24,301.00",268.63,"6,519,182.20",134,2.43,13.3,0.9,5.12,1.03,379.00,215.70,,
2025/04/17,135,MHNL,46.88,265.7,282.8,265.7,277.86,278.00,-0.14,0.0,277.80,"45,874.00",271.06,"12,743,604.80",241,6.8,17.1,2.51,6.44,0.02,379.00,215.70,,
2025/02/25,133,MHNL,27.9,264.0,271.3,264.0,266.9,266.90,0.0,0.0,266.51,"15,695.00",266.00,"4,182,889.50",85,0.9,7.30,0.34,2.77,0.15,379.00,215.70,,
2025/02/27,129,MHNL,47.22,272.0,281.0,266.1,278.5,278.50,0.0,0.0,275.94,"29,557.00",266.90,"8,155,944.90",181,11.60,14.90,4.35,5.6,0.92,379.00,215.70,,
2025/03/02,129,MHNL,48.8,280.0,285.3,278.0,285.0,285.00,0.0,0.0,282.08,"37,981.00",278.50,"10,713,823.30",203,6.50,7.30,2.33,2.63,1.02,379.00,215.70,,
2025/03/03,127,MHNL,45.25,285.0,290.0,280.0,280.0,280.00,0.0,0.0,284.02,"22,090.00",285.00,"6,274,029.50",126,-5.00,10.00,-1.75,3.57,-1.44,379.00,215.70,,
2025/03/04,138,MHNL,47.77,280.0,295.0,280.0,280.2,280.20,0.0,0.0,286.12,"33,500.00",280.00,"9,584,968.80",195,0.2,15.0,0.07,5.36,-2.11,379.00,215.70,,
2025/03/05,134,MHNL,52.26,285.0,308.2,282.0,304.9,304.90,0.0,0.0,302.91,"212,335.00",280.20,"64,318,842.20",931,24.7,26.2,8.82,9.29,0.65,379.00,215.70,,
2025/03/06,134,MHNL,53.48,305.0,316.0,295.1,299.0,299.00,0.0,0.0,304.65,"119,196.00",304.90,"36,313,013.50",463,-5.90,20.90,-1.94,7.08,-1.89,379.00,215.70,,
2025/03/09,138,MHNL,40.49,294.5,300.0,286.0,286.0,286.00,0.0,0.0,291.16,"52,571.00",299.00,"15,306,402.40",235,-13.0,14.00,-4.35,4.9,-1.8,379.00,215.70,,
2025/03/10,135,MHNL,34.95,290.0,296.0,275.5,280.0,280.00,0.0,0.0,282.22,"36,477.00",286.00,"10,294,542.30",177,-6.0,20.5,-2.1,7.44,-0.79,379.00,215.70,,
2025/03/11,136,MHNL,32.98,280.0,283.9,274.0,279.7,279.70,0.0,0.0,276.78,"40,304.00",280.00,"11,155,497.90",148,-0.3,9.9,-0.11,3.61,1.04,379.00,215.70,,
2025/03/12,142,MHNL,29.16,282.0,282.0,269.2,278.8,278.80,0.0,0.0,272.75,"27,211.00",279.70,"7,421,780.80",128,-0.9,12.8,-0.32,4.75,2.17,379.00,215.70,,
2025/03/16,139,MHNL,28.56,284.0,284.0,263.8,265.2,265.20,0.0,0.0,268.65,"50,890.00",278.80,"13,671,588.50",249,-13.6,20.20,-4.88,7.66,-1.3,379.00,215.70,,
2025/03/17,144,MHNL,24.58,269.9,273.0,265.0,267.0,267.00,0.0,0.0,267.93,"27,913.00",265.20,"7,478,779.50",138,1.8,8.0,0.68,3.02,-0.35,379.00,215.70,,
2025/03/18,133,MHNL,21.47,272.3,274.7,264.0,274.0,274.00,0.0,0.0,270.05,"15,795.00",267.00,"4,265,393.20",110,7.0,10.7,2.62,4.05,1.44,379.00,215.70,,
2025/03/19,136,MHNL,22.09,275.0,275.0,266.0,269.9,269.90,0.0,0.0,268.79,"12,853.00",274.00,"3,454,707.00",89,-4.10,9.0,-1.5,3.38,0.41,379.00,215.70,,
2025/03/20,139,MHNL,22.51,275.1,275.1,265.0,266.14,268.00,-1.86,-0.01,266.24,"14,786.00",269.90,"3,936,638.20",88,-3.76,10.1,-1.39,3.81,-0.04,379.00,215.70,,
2025/01/28,140,MHNL,49.66,273.0,285.0,265.0,281.9,281.90,0.0,0.0,277.46,"64,023.00",270.00,"17,763,879.40",214,11.90,20.00,4.41,7.55,1.57,379.00,215.70,,
2025/02/02,142,MHNL,46.1,281.9,290.0,281.9,284.0,284.00,0.0,0.0,285.59,"60,173.00",281.90,"17,185,000.60",239,2.1,8.10,0.74,2.87,-0.56,379.00,215.70,,
2025/02/03,137,MHNL,38.34,289.6,289.6,276.0,277.0,277.00,0.0,0.0,279.91,"33,994.00",284.00,"9,515,293.90",142,-7.0,13.6,-2.46,4.93,-1.05,379.00,215.70,,
2025/02/04,131,MHNL,32.15,282.0,282.0,276.0,277.0,277.00,0.0,0.0,278.50,"20,430.00",277.00,"5,689,706.50",94,0.0,6.00,0.0,2.17,-0.54,379.00,215.70,,
2025/02/05,134,MHNL,38.14,277.0,292.8,275.3,285.0,285.00,0.0,0.0,285.00,"40,964.00",277.00,"11,674,659.70",203,8.0,17.50,2.89,6.36,0.0,379.00,215.70,,
2025/02/06,136,MHNL,37.46,281.2,290.7,280.0,284.0,284.00,0.0,0.0,286.20,"34,085.00",285.00,"9,755,283.10",184,-1.0,10.7,-0.35,3.82,-0.78,379.00,215.70,,
2025/02/09,131,MHNL,33.93,285.2,286.9,280.6,280.7,280.70,0.0,0.0,282.74,"29,927.00",284.00,"8,461,557.80",113,-3.3,6.3,-1.16,2.25,-0.73,379.00,215.70,,
2025/02/10,138,MHNL,34.73,280.7,281.3,270.0,277.4,277.40,0.0,0.0,274.08,"22,576.00",280.70,"6,187,729.70",127,-3.30,11.30,-1.18,4.19,1.2,379.00,215.70,,
2025/02/11,129,MHNL,28.22,272.1,277.9,270.4,272.6,272.60,0.0,0.0,273.38,"14,665.00",277.40,"4,009,138.00",94,-4.8,7.5,-1.73,2.77,-0.29,379.00,215.70,,
2025/02/12,136,MHNL,32.51,271.3,281.0,271.0,277.0,277.00,0.0,0.0,277.38,"36,076.00",272.60,"10,006,714.10",129,4.4,10.00,1.61,3.69,-0.14,379.00,215.70,,
2025/02/13,140,MHNL,35.86,253.0,253.7,245.6,246.5,246.50,0.0,0.0,248.04,"16,730.00",253.80,"4,149,699.80",62,-7.3,8.1,-2.88,3.3,-0.62,316.00,234.00,266.66,267.57
2025/02/16,133,MHNL,29.23,272.3,277.6,270.3,274.0,274.00,0.0,0.0,274.19,"26,295.00",273.50,"7,209,915.20",104,0.5,7.3,0.18,2.7,-0.07,379.00,215.70,,
2025/02/17,130,MHNL,26.71,278.9,278.9,270.0,272.0,272.00,0.0,0.0,273.95,"21,849.00",274.00,"5,985,432.40",135,-2.0,8.9,-0.73,3.3,-0.72,379.00,215.70,,
2025/02/18,137,MHNL,29.66,277.0,293.0,269.0,271.0,271.00,0.0,0.0,273.82,"19,062.00",272.00,"5,219,507.80",118,-1.00,24.0,-0.37,8.92,-1.04,379.00,215.70,,
2025/02/20,136,MHNL,27.69,270.0,275.0,266.2,266.6,266.60,0.0,0.0,269.00,"23,301.00",271.00,"6,268,059.80",129,-4.4,8.8,-1.62,3.31,-0.9,379.00,215.70,,
2025/02/23,145,MHNL,32.8,262.0,270.0,260.0,265.0,265.00,0.0,0.0,264.03,"42,515.00",266.60,"11,225,082.10",190,-1.60,10.00,-0.6,3.85,0.37,379.00,215.70,,
2025/01/02,136,MHNL,33.96,246.1,252.0,243.0,245.0,245.00,0.0,0.0,244.84,"33,025.00",248.50,"8,085,928.00",110,-3.5,9.00,-1.41,3.7,0.06,379.00,213.20,,
2025/01/05,142,MHNL,35.07,247.5,248.0,240.0,245.8,245.80,0.0,0.0,243.74,"42,228.00",245.00,"10,292,755.90",143,0.8,8.0,0.33,3.33,0.84,379.00,215.70,,
2025/01/06,132,MHNL,39.55,242.4,265.0,242.4,259.0,259.00,0.0,0.0,255.94,"25,203.00",245.80,"6,450,465.20",124,13.2,22.60,5.37,9.32,1.18,379.00,215.70,,
2025/01/07,131,MHNL,41.39,264.0,265.0,255.0,258.0,258.00,0.0,0.0,258.95,"13,573.00",259.00,"3,514,673.00",99,-1.0,10.0,-0.39,3.92,-0.37,379.00,215.70,,
2025/01/08,130,MHNL,44.42,263.0,263.0,251.1,254.0,254.00,0.0,0.0,253.65,"21,308.00",258.00,"5,404,836.20",109,-4.0,11.90,-1.55,4.74,0.14,379.00,215.70,,
2025/01/09,129,MHNL,49.37,258.9,264.0,246.1,261.0,261.00,0.0,0.0,258.69,"41,845.00",254.00,"10,824,781.70",201,7.0,17.9,2.76,7.27,0.89,379.00,215.70,,
2025/01/12,129,MHNL,43.38,264.0,264.0,255.0,256.0,256.00,0.0,0.0,256.60,"14,875.00",261.00,"3,816,887.90",62,-5.0,9.0,-1.92,3.53,-0.23,379.00,215.70,,
2025/01/13,138,MHNL,37.36,255.0,257.0,249.0,254.0,254.00,0.0,0.0,251.87,"16,930.00",256.00,"4,264,105.30",96,-2.0,8.00,-0.78,3.21,0.84,379.00,215.70,,
2025/01/15,127,MHNL,42.54,249.0,258.0,246.0,255.9,255.90,0.0,0.0,253.99,"13,767.00",254.00,"3,496,655.20",72,1.9,12.0,0.75,4.88,0.75,379.00,215.70,,
2025/01/16,131,MHNL,30.01,255.0,255.0,250.0,252.0,252.00,0.0,0.0,251.31,"9,912.00",255.90,"2,491,033.20",54,-3.90,5.00,-1.52,2.0,0.27,379.00,215.70,,
2025/01/19,137,MHNL,34.8,252.0,256.0,250.5,253.0,253.00,0.0,0.0,252.44,"19,255.00",252.00,"4,860,800.80",78,1.00,5.50,0.4,2.2,0.22,379.00,215.70,,
2025/01/20,136,MHNL,45.0,258.0,266.8,253.0,262.1,262.10,0.0,0.0,258.79,"22,775.00",253.00,"5,893,960.30",112,9.1,13.80,3.6,5.45,1.26,379.00,215.70,,
2025/01/21,136,MHNL,40.94,267.0,267.0,258.0,259.9,259.90,0.0,0.0,260.11,"10,940.00",262.10,"2,845,629.00",53,-2.2,9.0,-0.84,3.49,-0.08,379.00,215.70,,
2025/01/22,141,MHNL,46.29,259.0,275.4,259.0,264.2,264.20,0.0,0.0,265.16,"31,790.00",259.90,"8,429,438.20",133,4.3,16.4,1.65,6.33,-0.36,379.00,215.70,,
2025/01/23,136,MHNL,46.95,267.5,273.0,265.0,265.5,265.50,0.0,0.0,268.55,"40,376.00",264.20,"10,842,992.60",175,1.30,8.00,0.49,3.02,-1.15,379.00,215.70,,
2025/01/26,136,MHNL,44.03,269.9,269.9,261.1,266.0,266.00,0.0,0.0,266.62,"18,537.00",265.50,"4,942,369.70",104,0.50,8.80,0.19,3.37,-0.23,379.00,215.70,,
2024/12/05,134,MHNL,33.27,286.0,292.0,281.0,281.8,281.80,0.0,0.0,286.18,"24,627.00",291.20,"7,047,697.60",139,-9.4,11.0,-3.23,3.91,-1.55,379.00,180.60,,
2024/12/08,140,MHNL,23.56,287.0,295.6,276.0,276.0,276.00,0.0,0.0,280.12,"21,229.00",281.80,"5,946,666.80",120,-5.8,19.6,-2.06,7.1,-1.49,379.00,188.00,,
2024/12/09,140,MHNL,32.88,276.0,284.0,275.0,282.0,282.00,0.0,0.0,277.55,"21,293.00",276.00,"5,909,917.60",93,6.0,9.0,2.17,3.27,1.58,379.00,188.00,,
2024/12/10,129,MHNL,22.78,287.6,287.6,272.6,278.0,278.00,0.0,0.0,276.89,"17,790.00",282.00,"4,925,786.00",73,-4.0,15.0,-1.42,5.5,0.4,379.00,195.00,,
2024/12/11,130,MHNL,21.36,283.5,284.0,272.5,282.0,282.00,0.0,0.0,280.88,"10,464.00",278.00,"2,939,102.40",64,4.0,11.5,1.44,4.22,0.4,379.00,195.00,,
2024/12/12,131,MHNL,23.44,287.6,287.6,274.6,274.6,274.60,0.0,0.0,277.87,"17,867.00",282.00,"4,964,754.80",89,-7.4,13.0,-2.62,4.73,-1.19,379.00,200.10,,
2024/12/16,133,MHNL,31.39,269.5,275.0,266.2,270.0,270.00,0.0,0.0,269.50,"20,021.00",274.60,"5,395,577.10",99,-4.6,8.8,-1.68,3.31,0.19,379.00,206.00,,
2024/12/17,135,MHNL,30.93,272.0,275.4,268.0,272.0,272.00,0.0,0.0,271.38,"11,301.00",270.00,"3,066,902.00",51,2.0,7.4,0.74,2.76,0.23,379.00,206.00,,
2024/12/18,135,MHNL,27.3,271.0,275.0,266.6,266.8,266.80,0.0,0.0,268.42,"9,293.00",272.00,"2,494,402.60",66,-5.2,8.4,-1.91,3.15,-0.61,379.00,213.20,,
2024/12/19,134,MHNL,25.45,265.0,270.0,260.0,264.0,264.00,0.0,0.0,261.89,"14,882.00",266.80,"3,897,433.50",80,-2.8,10.0,-1.05,3.85,0.8,379.00,213.20,,
2024/12/22,135,MHNL,24.73,263.8,270.3,256.0,269.9,269.90,0.0,0.0,260.37,"13,637.00",264.00,"3,550,719.90",73,5.9,14.3,2.23,5.59,3.53,379.00,213.20,,
2024/12/23,142,MHNL,39.61,264.6,274.0,264.6,272.5,272.50,0.0,0.0,266.82,"11,612.00",269.90,"3,098,338.50",67,2.60,9.40,0.96,3.55,2.08,379.00,213.20,,
2024/12/24,136,MHNL,25.77,275.9,275.9,261.1,266.0,266.00,0.0,0.0,265.90,"16,995.00",272.50,"4,519,032.50",112,-6.50,14.80,-2.39,5.67,0.04,379.00,213.20,,
2024/12/26,134,MHNL,34.89,262.5,269.9,261.1,264.0,264.00,0.0,0.0,263.55,"11,962.00",266.00,"3,152,552.20",65,-2.0,8.8,-0.75,3.37,0.17,379.00,213.20,,
2024/12/29,133,MHNL,29.44,260.0,267.0,258.8,260.0,260.00,0.0,0.0,261.35,"12,658.00",264.00,"3,308,144.60",88,-4.0,8.2,-1.52,3.17,-0.52,379.00,213.20,,
2024/12/31,135,MHNL,33.37,255.1,259.0,245.0,249.0,249.00,0.0,0.0,250.01,"25,943.00",260.00,"6,485,963.20",118,-11.00,14.00,-4.23,5.71,-0.4,379.00,213.20,,
2024/11/11,130,MHNL,-,294.0,297.0,283.3,286.0,286.00,0.0,0.0,289.04,"26,954.00",293.00,"7,790,831.60",158,-7.0,13.7,-2.39,4.84,-1.06,379.00,176.40,,
2024/11/12,136,MHNL,-,291.7,291.7,278.0,286.0,286.00,0.0,0.0,283.91,"19,473.00",286.00,"5,528,630.60",117,0.0,13.7,0.0,4.93,0.73,379.00,176.40,,
2024/11/13,132,MHNL,51.23,283.4,303.0,283.4,296.0,296.00,0.0,0.0,292.49,"37,966.00",286.00,"11,104,539.60",189,10.0,19.6,3.5,6.92,1.19,379.00,176.40,,
2024/11/14,137,MHNL,51.75,291.0,301.9,291.0,300.0,300.00,0.0,0.0,297.45,"58,674.00",296.00,"17,452,330.40",191,4.0,10.90,1.35,3.75,0.85,379.00,176.40,,
2024/11/17,141,MHNL,41.42,306.0,306.0,289.1,294.0,294.00,0.0,0.0,296.15,"43,417.00",300.00,"12,858,063.10",193,-6.0,16.90,-2.0,5.85,-0.73,379.00,176.40,,
2024/11/19,131,MHNL,32.04,290.0,294.8,272.9,278.9,278.90,0.0,0.0,281.36,"29,972.00",294.00,"8,432,807.00",185,-15.1,21.9,-5.14,8.02,-0.88,379.00,176.40,,
2024/11/20,138,MHNL,31.27,284.4,290.0,271.0,283.0,283.00,0.0,0.0,278.83,"25,489.00",278.90,"7,107,164.80",109,4.1,19.0,1.47,7.01,1.47,379.00,176.40,,
2024/11/21,135,MHNL,34.41,288.3,288.3,267.0,274.0,274.00,0.0,0.0,272.52,"36,303.00",283.00,"9,893,329.20",226,-9.0,21.3,-3.18,7.98,0.54,379.00,176.40,,
2024/11/24,138,MHNL,31.6,268.6,279.4,267.1,270.0,270.00,0.0,0.0,269.92,"17,323.00",274.00,"4,675,866.00",77,-4.0,12.3,-1.46,4.61,0.03,379.00,180.60,,
2024/11/25,132,MHNL,28.87,275.4,275.4,254.8,273.5,273.50,0.0,0.0,269.50,"8,909.00",270.00,"2,400,932.70",72,3.5,20.60,1.3,8.08,1.46,379.00,180.60,,
2024/11/26,133,MHNL,30.08,278.7,279.0,270.0,275.0,275.00,0.0,0.0,273.16,"23,110.00",273.50,"6,312,701.70",119,1.5,9.0,0.55,3.33,0.67,379.00,180.60,,
2024/11/27,140,MHNL,48.54,280.5,299.0,275.0,294.0,294.00,0.0,0.0,293.15,"96,867.00",275.00,"28,396,241.10",401,19.0,24.0,6.91,8.73,0.29,379.00,180.60,,
2024/11/28,132,MHNL,45.32,294.0,297.0,284.0,288.0,288.00,0.0,0.0,289.84,"21,035.00",294.00,"6,096,862.60",157,-6.0,13.0,-2.04,4.58,-0.64,379.00,180.60,,
2024/12/01,134,MHNL,51.07,284.0,285.0,273.0,285.0,285.00,0.0,0.0,278.70,"40,350.00",288.00,"11,245,689.60",199,-3.0,12.0,-1.04,4.4,2.21,379.00,180.60,,
2024/12/02,138,MHNL,52.18,288.6,298.0,280.1,289.0,289.00,0.0,0.0,290.71,"42,798.00",285.00,"12,441,652.10",180,4.0,17.9,1.4,6.39,-0.59,379.00,180.60,,
2024/12/03,134,MHNL,56.01,294.7,300.5,290.4,296.0,296.00,0.0,0.0,297.63,"75,125.00",289.00,"22,359,599.00",316,7.0,10.1,2.42,3.48,-0.55,379.00,180.60,,
2024/10/08,140,MHNL,35.86,253.0,253.7,245.6,246.5,246.50,0.0,0.0,248.04,"16,730.00",253.80,"4,149,699.80",62,-7.3,8.1,-2.88,3.3,-0.62,316.00,234.00,266.66,267.57
2024/10/09,125,MHNL,-,265.0,275.0,265.0,273.0,273.00,0.0,0.0,272.07,"2,265.00",270.00,"616,232.50",26,3.00,10.00,1.11,3.77,0.34,379.00,174.00,,
2024/10/15,129,MHNL,-,273.0,278.0,269.0,277.0,277.00,0.0,0.0,274.54,"9,401.00",273.00,"2,580,937.30",72,4.00,9.00,1.47,3.35,0.89,379.00,174.00,,
2024/10/16,136,MHNL,-,281.0,286.9,276.9,282.0,282.00,0.0,0.0,281.67,"6,282.00",277.00,"1,769,474.10",59,5.0,10.00,1.81,3.61,0.12,379.00,174.00,,
2024/10/17,135,MHNL,-,287.5,287.6,275.0,275.1,275.10,0.0,0.0,283.07,"10,156.00",282.00,"2,874,867.10",79,-6.9,12.6,-2.45,4.58,-2.9,379.00,174.00,,
2024/10/20,134,MHNL,-,273.0,274.9,261.0,264.8,264.80,0.0,0.0,268.36,"14,031.00",275.10,"3,765,312.40",86,-10.3,13.90,-3.74,5.33,-1.34,379.00,174.00,,
2024/10/21,135,MHNL,-,260.2,270.0,258.5,261.0,261.00,0.0,0.0,261.05,"13,070.00",264.80,"3,411,898.70",83,-3.8,11.50,-1.44,4.45,-0.02,379.00,174.00,,
2024/10/22,134,MHNL,-,257.0,275.0,257.0,266.0,266.00,0.0,0.0,264.49,"5,509.00",261.00,"1,457,053.40",48,5.00,18.00,1.92,7.0,0.57,379.00,174.00,,
2024/10/23,140,MHNL,-,271.3,276.7,262.0,265.5,265.50,0.0,0.0,264.95,"5,342.00",266.00,"1,415,349.00",41,-0.5,14.70,-0.19,5.61,0.21,379.00,174.00,,
2024/10/24,135,MHNL,-,260.2,265.4,260.0,263.0,263.00,0.0,0.0,261.25,"6,613.00",265.50,"1,727,659.50",42,-2.5,5.40,-0.94,2.08,0.66,379.00,174.00,,
2024/10/27,135,MHNL,-,259.0,266.2,258.6,263.0,263.00,0.0,0.0,261.71,"4,710.00",263.00,"1,232,676.00",39,0.0,7.6,0.0,2.94,0.49,379.00,174.00,,
2024/10/28,131,MHNL,-,268.0,268.0,262.0,264.0,264.00,0.0,0.0,264.16,"10,112.00",263.00,"2,671,153.00",55,1.0,6.0,0.38,2.29,-0.06,379.00,174.00,,
2024/10/29,137,MHNL,-,269.0,277.0,269.0,270.0,270.00,0.0,0.0,271.66,"28,739.00",264.00,"7,807,179.60",125,6.0,8.0,2.27,2.97,-0.61,379.00,174.00,,
2024/10/30,134,MHNL,-,275.0,276.0,270.0,274.0,274.00,0.0,0.0,272.64,"11,743.00",270.00,"3,201,604.50",74,4.0,6.0,1.48,2.22,0.5,379.00,174.00,,
2024/11/05,132,MHNL,-,268.6,270.0,260.0,269.7,269.70,0.0,0.0,264.79,"16,424.00",274.00,"4,348,990.20",88,-4.3,10.0,-1.57,3.85,1.82,379.00,174.00,,
2024/11/06,140,MHNL,-,264.4,269.1,262.9,269.1,269.10,0.0,0.0,266.15,"9,555.00",269.70,"2,543,064.50",52,-0.6,6.2,-0.22,2.36,1.1,379.00,175.00,,
2024/09/10,145,MHNL,37.95,286.6,293.0,280.0,285.0,285.00,0.0,0.0,284.61,"29,931.00",281.00,"8,518,606.70",164,4.0,13.00,1.42,4.64,0.14,379.00,171.50,,
2024/09/11,139,MHNL,39.43,290.7,296.0,278.0,280.0,280.00,0.0,0.0,282.61,"10,804.00",285.00,"3,053,293.80",99,-5.0,18.00,-1.75,6.47,-0.93,379.00,171.50,,
2024/09/12,135,MHNL,53.49,278.0,292.0,278.0,292.0,292.00,0.0,0.0,285.23,"25,922.00",280.00,"7,393,801.40",162,12.00,14.00,4.29,5.04,2.32,379.00,173.50,,
2024/09/15,144,MHNL,49.48,297.8,302.0,280.1,282.0,282.00,0.0,0.0,291.20,"21,047.00",292.00,"6,128,795.90",145,-10.00,21.9,-3.42,7.82,-3.26,379.00,174.00,,
2024/09/16,134,MHNL,45.02,285.0,285.0,271.0,278.1,278.10,0.0,0.0,276.98,"19,250.00",282.00,"5,331,821.30",106,-3.9,14.00,-1.38,5.17,0.4,379.00,174.00,,
2024/09/18,143,MHNL,47.34,280.0,280.0,265.0,272.9,272.90,0.0,0.0,271.56,"25,104.00",278.10,"6,817,268.60",128,-5.2,15.0,-1.87,5.66,0.49,379.00,174.00,,
2024/09/22,139,MHNL,40.77,278.0,282.9,268.0,274.0,274.00,0.0,0.0,272.66,"9,585.00",272.90,"2,613,468.00",73,1.1,14.9,0.4,5.56,0.49,379.00,174.00,,
2024/09/23,141,MHNL,40.85,279.0,279.4,262.0,266.9,266.90,0.0,0.0,266.10,"15,286.00",274.00,"4,067,619.40",97,-7.1,17.40,-2.59,6.64,0.3,379.00,174.00,,
2024/09/24,134,MHNL,40.82,262.6,272.0,257.8,257.8,257.80,0.0,0.0,262.29,"19,421.00",266.90,"5,093,913.40",114,-9.1,14.20,-3.41,5.51,-1.74,379.00,174.00,,
2024/09/25,140,MHNL,44.82,260.0,266.8,255.0,264.0,264.00,0.0,0.0,262.14,"14,899.00",257.80,"3,905,639.60",82,6.2,11.8,2.4,4.63,0.7,379.00,174.00,,
2024/09/26,137,MHNL,39.7,269.2,271.5,257.0,262.0,262.00,0.0,0.0,261.21,"9,932.00",264.00,"2,594,385.00",70,-2.0,14.5,-0.76,5.64,0.3,379.00,174.00,,
2024/09/29,142,MHNL,43.22,256.8,265.0,239.0,243.1,243.10,0.0,0.0,243.86,"49,148.00",262.00,"11,985,203.20",284,-18.9,26.00,-7.21,10.88,-0.31,379.00,174.00,,
2024/09/30,135,MHNL,42.67,238.3,246.0,234.0,243.0,243.00,0.0,0.0,237.97,"17,260.00",243.10,"4,107,360.70",110,-0.1,12.0,-0.04,5.13,2.07,379.00,174.00,,
2024/10/01,132,MHNL,49.17,246.0,262.0,245.0,262.0,262.00,0.0,0.0,256.62,"15,744.00",243.00,"4,040,250.20",122,19.0,17.00,7.82,6.94,2.05,379.00,174.00,,
2024/10/02,133,MHNL,50.75,262.3,265.0,250.0,260.0,260.00,0.0,0.0,254.55,"18,278.00",262.00,"4,652,634.00",132,-2.00,15.0,-0.76,6.0,2.1,379.00,174.00,,
2024/10/06,133,MHNL,-,259.0,269.9,256.0,267.0,267.00,0.0,0.0,262.97,"11,459.00",260.00,"3,013,346.50",75,7.00,13.90,2.69,5.43,1.51,379.00,174.00,,
2024/08/13,142,MHNL,53.78,329.0,336.9,319.1,326.0,326.00,0.0,0.0,325.24,"85,195.00",330.30,"27,708,820.60",350,-4.30,17.8,-1.3,5.58,0.23,339.00,169.00,,
2024/08/14,142,MHNL,65.37,320.0,358.6,318.0,358.6,358.60,0.0,0.0,338.58,"168,330.00",326.00,"56,992,514.10",600,32.6,40.6,10.0,12.77,5.58,358.60,169.00,,
2024/08/15,143,MHNL,62.18,351.5,379.0,350.0,360.0,360.00,0.0,0.0,365.11,"175,404.00",358.60,"64,041,576.40",734,1.40,29.00,0.39,8.29,-1.42,379.00,169.00,,
2024/08/18,139,MHNL,56.61,366.9,366.9,333.0,337.0,337.00,0.0,0.0,341.08,"121,024.00",360.00,"41,278,436.30",554,-23.00,33.90,-6.39,10.18,-1.21,379.00,169.00,,
2024/08/21,139,MHNL,52.94,335.0,347.0,325.0,328.0,328.00,0.0,0.0,332.83,"78,000.00",337.00,"25,960,760.10",294,-9.00,22.00,-2.67,6.77,-1.47,379.00,169.00,,
2024/08/22,141,MHNL,48.25,328.0,345.0,321.5,330.0,330.00,0.0,0.0,334.07,"70,481.00",328.00,"23,545,387.40",376,2.0,23.50,0.61,7.31,-1.23,379.00,169.00,,
2024/08/25,143,MHNL,44.69,327.0,336.0,310.0,315.0,315.00,0.0,0.0,320.43,"63,650.00",330.00,"20,395,159.50",382,-15.0,26.00,-4.55,8.39,-1.72,379.00,169.00,,
2024/08/27,142,MHNL,43.7,314.0,320.0,301.0,301.0,301.00,0.0,0.0,308.45,"69,254.00",315.00,"21,361,711.50",336,-14.0,19.00,-4.44,6.31,-2.48,379.00,169.00,,
2024/08/28,141,MHNL,40.98,307.0,316.2,295.0,297.2,297.20,0.0,0.0,305.87,"36,277.00",301.00,"11,096,047.40",274,-3.8,21.20,-1.26,7.19,-2.92,379.00,169.00,,
2024/08/29,137,MHNL,41.23,292.0,303.7,292.0,298.0,298.00,0.0,0.0,298.37,"37,894.00",297.20,"11,306,258.70",223,0.8,11.7,0.27,4.01,-0.12,379.00,169.00,,
2024/09/01,146,MHNL,39.86,303.0,310.0,295.0,299.0,299.00,0.0,0.0,300.64,"45,262.00",298.00,"13,607,513.30",260,1.0,15.0,0.34,5.08,-0.55,379.00,169.00,,
2024/09/02,145,MHNL,57.66,304.9,321.0,301.0,318.0,318.00,0.0,0.0,312.51,"59,202.00",299.00,"18,501,463.70",377,19.0,20.00,6.35,6.64,1.73,379.00,169.00,,
2024/09/03,143,MHNL,58.59,319.0,320.0,308.9,315.0,315.00,0.0,0.0,314.17,"54,455.00",318.00,"17,107,895.40",243,-3.0,11.1,-0.94,3.59,0.26,379.00,169.00,,
2024/09/04,138,MHNL,45.04,315.0,315.0,298.0,302.9,302.90,0.0,0.0,303.08,"25,962.00",315.00,"7,868,626.00",157,-12.1,17.00,-3.84,5.7,-0.06,379.00,169.00,,
2024/09/05,134,MHNL,46.31,306.0,306.0,282.2,295.0,295.00,0.0,0.0,291.13,"35,152.00",302.90,"10,233,713.20",246,-7.9,23.8,-2.61,8.43,1.31,379.00,169.00,,
2024/09/08,139,MHNL,37.0,300.0,312.1,290.0,290.0,290.00,0.0,0.0,299.98,"34,561.00",295.00,"10,367,583.40",168,-5.00,22.10,-1.69,7.62,-3.44,379.00,171.50,,
2024/07/18,133,MHNL,62.44,269.0,270.5,261.7,263.0,263.00,0.0,0.0,265.74,"57,739.00",268.00,"15,343,312.70",241,-5.00,8.80,-1.87,3.36,-1.04,309.00,169.00,,
2024/07/21,133,MHNL,73.7,264.0,279.9,261.1,279.9,279.90,0.0,0.0,270.47,"113,550.00",263.00,"30,711,520.20",397,16.9,18.80,6.43,7.2,3.37,309.00,169.00,,
2024/07/22,133,MHNL,64.38,284.0,288.0,265.0,282.9,282.90,0.0,0.0,277.52,"88,625.00",279.90,"24,595,503.60",361,3.00,23.00,1.07,8.68,1.9,309.00,169.00,,
2024/07/23,139,MHNL,66.96,278.0,298.8,274.0,284.5,284.50,0.0,0.0,283.77,"74,475.00",282.90,"21,133,689.60",319,1.60,24.80,0.57,9.05,0.26,309.00,169.00,,
2024/07/24,134,MHNL,67.36,290.0,297.5,278.0,285.0,285.00,0.0,0.0,287.65,"125,490.00",284.50,"36,096,608.60",589,0.50,19.50,0.18,7.01,-0.93,309.00,169.00,,
2024/07/25,136,MHNL,55.12,290.0,290.0,276.1,278.0,278.00,0.0,0.0,280.99,"60,919.00",285.00,"17,117,704.90",285,-7.00,13.90,-2.46,5.03,-1.08,309.00,169.00,,
2024/07/28,136,MHNL,60.16,283.5,293.7,274.5,282.0,282.00,0.0,0.0,279.90,"92,124.00",278.00,"25,785,234.30",292,4.00,19.20,1.44,6.99,0.75,309.00,169.00,,
2024/07/29,135,MHNL,52.94,287.0,287.0,276.0,277.0,277.00,0.0,0.0,281.14,"47,754.00",282.00,"13,425,672.70",228,-5.00,11.00,-1.77,3.99,-1.5,309.00,169.00,,
2024/07/30,144,MHNL,59.86,273.1,290.0,272.0,284.0,284.00,0.0,0.0,280.04,"69,755.00",277.00,"19,533,998.10",284,7.00,18.00,2.53,6.62,1.4,309.00,169.00,,
2024/07/31,140,MHNL,64.46,289.0,304.0,283.5,293.9,293.90,0.0,0.0,295.71,"143,857.00",284.00,"42,540,170.80",525,9.90,20.50,3.49,7.23,-0.62,309.00,169.00,,
2024/08/01,141,MHNL,57.0,292.0,303.0,282.5,284.9,284.90,0.0,0.0,290.26,"71,045.00",293.90,"20,621,777.70",378,-9.0,20.50,-3.06,7.26,-1.88,309.00,169.00,,
2024/08/05,139,MHNL,65.9,289.0,313.3,286.2,313.3,313.30,0.0,0.0,305.02,"219,555.00",284.90,"66,969,729.80",799,28.40,27.10,9.97,9.47,2.64,313.30,169.00,,
2024/08/06,138,MHNL,61.79,319.5,331.0,294.0,300.0,300.00,0.0,0.0,316.95,"250,508.00",313.30,"79,399,185.20","1,084",-13.30,37.00,-4.25,12.59,-5.65,331.00,169.00,,
2024/08/07,138,MHNL,60.64,300.0,314.0,295.0,310.0,310.00,0.0,0.0,307.60,"102,128.00",300.00,"31,414,918.10",492,10.00,19.00,3.33,6.44,0.77,331.00,169.00,,
2024/08/08,139,MHNL,60.14,315.0,324.9,305.0,309.0,309.00,0.0,0.0,311.98,"140,295.00",310.00,"43,769,117.00",388,-1.00,19.90,-0.32,6.52,-0.96,331.00,169.00,,
2024/08/11,142,MHNL,60.62,311.0,330.0,307.0,325.0,325.00,0.0,0.0,321.44,"152,246.00",309.00,"48,937,582.50",584,16.00,23.00,5.18,7.49,1.1,331.00,169.00,,
2024/06/25,136,MHNL,47.99,234.2,258.0,234.2,248.9,248.90,0.0,0.0,245.20,"45,686.00",238.00,"11,202,429.40",191,10.9,23.8,4.58,10.16,1.48,309.00,169.00,,
2024/06/26,131,MHNL,43.59,244.0,245.5,237.2,240.9,240.90,0.0,0.0,239.98,"14,484.00",248.90,"3,475,885.90",69,-8.0,8.3,-3.21,3.5,0.38,309.00,169.00,,
2024/06/27,145,MHNL,50.24,236.1,250.0,236.1,250.0,250.00,0.0,0.0,240.12,"16,187.00",240.90,"3,886,799.40",87,9.10,13.90,3.78,5.89,3.95,309.00,169.00,,
2024/06/30,138,MHNL,38.73,245.0,249.9,235.3,237.0,237.00,0.0,0.0,240.08,"19,909.00",250.00,"4,779,680.80",119,-13.0,14.60,-5.2,6.2,-1.3,309.00,169.00,,
2024/07/01,136,MHNL,35.23,235.0,245.8,235.0,240.0,240.00,0.0,0.0,238.53,"2,410.00",237.00,"574,860.20",40,3.00,10.8,1.27,4.6,0.61,309.00,169.00,,
2024/07/02,134,MHNL,48.3,244.8,259.0,236.0,241.0,241.00,0.0,0.0,244.61,"23,611.00",240.00,"5,775,452.50",110,1.00,23.0,0.42,9.75,-1.5,309.00,169.00,,
2024/07/03,137,MHNL,36.42,240.0,244.9,236.5,237.2,237.20,0.0,0.0,241.21,"7,859.00",241.00,"1,895,706.80",46,-3.8,8.4,-1.58,3.55,-1.69,309.00,169.00,,
2024/07/04,134,MHNL,47.98,241.0,244.7,238.1,239.0,239.00,0.0,0.0,240.11,"9,724.00",237.20,"2,334,862.50",59,1.8,6.6,0.76,2.77,-0.47,309.00,169.00,,
2024/07/07,140,MHNL,35.86,253.0,253.7,245.6,246.5,246.50,0.0,0.0,248.04,"16,730.00",253.80,"4,149,699.80",62,-7.3,8.1,-2.88,3.3,-0.62,316.00,234.00,266.66,267.57
2024/07/08,142,MHNL,40.75,240.0,241.0,235.5,235.7,235.70,0.0,0.0,236.73,"9,112.00",237.10,"2,157,115.00",47,-1.4,5.5,-0.59,2.34,-0.44,309.00,169.00,,
2024/07/09,140,MHNL,51.04,235.0,237.8,234.6,235.6,235.60,0.0,0.0,235.79,"4,105.00",235.70,"967,917.10",46,-0.1,3.2,-0.04,1.36,-0.08,309.00,169.00,,
2024/07/10,139,MHNL,54.33,237.0,240.6,235.4,236.1,236.10,0.0,0.0,237.97,"15,135.00",235.60,"3,601,677.50",71,0.5,5.2,0.21,2.21,-0.79,309.00,169.00,,
2024/07/11,144,MHNL,66.84,240.0,257.0,237.0,249.0,249.00,0.0,0.0,248.06,"60,133.00",236.10,"14,916,464.90",292,12.9,20.00,5.46,8.44,0.38,309.00,169.00,,
2024/07/14,135,MHNL,66.72,253.9,264.0,250.0,254.6,254.60,0.0,0.0,253.74,"26,840.00",249.00,"6,810,477.30",168,5.6,14.00,2.25,5.6,0.34,309.00,169.00,,
2024/07/15,138,MHNL,64.6,255.0,259.0,246.3,249.0,249.00,0.0,0.0,250.52,"32,246.00",254.60,"8,078,223.40",169,-5.60,12.70,-2.2,5.16,-0.61,309.00,169.00,,
2024/07/16,136,MHNL,72.04,253.0,262.0,245.1,260.0,260.00,0.0,0.0,258.31,"74,564.00",249.00,"19,260,391.80",297,11.0,16.90,4.42,6.9,0.65,309.00,169.00,,
2024/05/30,133,MHNL,41.0,229.0,236.0,226.1,230.9,230.90,0.0,0.0,231.94,"7,225.00",230.00,"1,675,761.00",39,0.90,9.90,0.39,4.38,-0.45,309.00,169.00,,
2024/06/02,140,MHNL,55.72,230.0,253.9,228.0,237.0,237.00,0.0,0.0,237.52,"11,413.00",230.90,"2,710,827.10",101,6.10,25.90,2.64,11.36,-0.22,309.00,169.00,,
2024/06/03,136,MHNL,52.74,232.3,241.0,232.3,233.0,233.00,0.0,0.0,234.72,"6,770.00",237.00,"1,589,046.20",45,-4.00,8.70,-1.69,3.75,-0.74,309.00,169.00,,
2024/06/04,133,MHNL,54.93,230.2,234.8,230.1,234.8,234.80,0.0,0.0,232.56,"2,725.00",233.00,"633,716.90",28,1.80,4.70,0.77,2.04,0.96,309.00,169.00,,
2024/06/05,133,MHNL,54.68,230.2,235.0,228.1,233.5,233.50,0.0,0.0,229.50,"6,744.00",234.80,"1,547,762.80",54,-1.30,6.90,-0.55,3.02,1.71,309.00,169.00,,
2024/06/06,139,MHNL,35.82,238.1,238.1,227.0,229.0,229.00,0.0,0.0,229.36,"8,090.00",233.50,"1,855,540.40",39,-4.5,11.10,-1.93,4.89,-0.16,309.00,169.00,,
2024/06/09,134,MHNL,60.73,226.0,247.6,226.0,246.0,246.00,0.0,0.0,228.89,"12,998.00",229.00,"2,975,140.80",67,17.0,21.60,7.42,9.56,6.95,309.00,169.00,,
2024/06/10,134,MHNL,63.08,250.9,261.0,226.9,261.0,261.00,0.0,0.0,237.66,"43,985.00",246.00,"10,453,591.20",194,15.0,34.10,6.1,15.03,8.94,309.00,169.00,,
2024/06/11,137,MHNL,67.51,257.1,271.5,240.9,257.0,257.00,0.0,0.0,254.58,"80,230.00",261.00,"20,425,130.40",318,-4.0,30.60,-1.53,12.7,0.94,309.00,169.00,,
2024/06/12,135,MHNL,62.94,251.9,272.0,243.0,255.0,255.00,0.0,0.0,251.58,"32,554.00",257.00,"8,189,907.90",144,-2.0,29.0,-0.78,11.93,1.34,309.00,169.00,,
2024/06/13,134,MHNL,64.01,260.1,270.0,241.0,265.0,265.00,0.0,0.0,246.78,"63,680.00",255.00,"15,715,042.40",255,10.0,29.0,3.92,12.03,6.87,309.00,169.00,,
2024/06/16,137,MHNL,44.22,270.3,270.3,244.7,253.0,253.00,0.0,0.0,253.64,"40,310.00",265.00,"10,224,315.80",199,-12.0,25.6,-4.53,10.46,-0.25,309.00,169.00,,
2024/06/18,135,MHNL,43.15,248.0,248.0,243.1,246.0,246.00,0.0,0.0,245.37,"21,676.00",253.00,"5,318,622.10",116,-7.0,4.90,-2.77,2.02,0.26,309.00,169.00,,
2024/06/19,135,MHNL,41.1,241.5,248.9,241.5,247.9,247.90,0.0,0.0,245.23,"2,773.00",246.00,"680,036.50",41,1.9,7.4,0.77,3.06,1.08,309.00,169.00,,
2024/06/20,133,MHNL,45.46,243.0,257.8,235.3,240.0,240.00,0.0,0.0,241.07,"36,775.00",247.90,"8,865,284.10",144,-7.9,22.50,-3.19,9.56,-0.45,309.00,169.00,,
2024/06/23,135,MHNL,38.9,235.5,244.8,235.5,238.0,238.00,0.0,0.0,238.81,"12,643.00",240.00,"3,019,247.70",59,-2.0,9.3,-0.83,3.95,-0.34,309.00,169.00,,
2024/05/05,140,MHNL,50.61,229.3,233.8,226.0,229.0,229.00,0.0,0.0,228.06,"4,671.00",233.90,"1,065,264.40",37,-4.9,7.8,-2.09,3.45,0.41,309.00,169.00,,
2024/05/06,136,MHNL,58.38,230.0,248.5,222.4,248.5,248.50,0.0,0.0,229.81,"18,265.00",229.00,"4,197,534.60",65,19.50,26.10,8.52,11.74,7.52,309.00,169.00,,
2024/05/07,137,MHNL,59.75,244.0,244.0,231.0,234.0,234.00,0.0,0.0,233.07,"15,721.00",248.50,"3,664,144.60",92,-14.50,13.0,-5.84,5.63,0.4,309.00,169.00,,
2024/05/08,135,MHNL,40.52,238.6,238.6,228.0,230.0,230.00,0.0,0.0,230.35,"1,346.00",234.00,"310,045.50",17,-4.0,10.6,-1.71,4.65,-0.15,309.00,169.00,,
2024/05/09,137,MHNL,48.19,226.0,234.0,225.0,228.0,228.00,0.0,0.0,227.73,"6,628.00",230.00,"1,509,393.00",37,-2.0,9.00,-0.87,4.0,0.12,309.00,169.00,,
2024/05/12,135,MHNL,41.87,232.5,232.5,221.5,228.0,228.00,0.0,0.0,225.84,"16,110.00",228.00,"3,638,233.50",42,0.00,11.0,0.0,4.97,0.95,309.00,169.00,,
2024/05/13,139,MHNL,36.6,232.5,237.1,224.0,228.0,228.00,0.0,0.0,227.25,"1,452.00",228.00,"329,970.50",23,0.0,13.1,0.0,5.85,0.33,309.00,169.00,,
2024/05/14,142,MHNL,60.56,232.5,237.0,226.0,237.0,237.00,0.0,0.0,233.26,"19,994.00",228.00,"4,663,798.30",68,9.0,11.0,3.95,4.87,1.58,309.00,169.00,,
2024/05/15,138,MHNL,56.27,240.9,241.0,228.6,230.0,230.00,0.0,0.0,231.99,"10,313.00",237.00,"2,392,497.00",53,-7.0,12.4,-2.95,5.42,-0.86,309.00,169.00,,
2024/05/16,143,MHNL,48.66,225.5,234.6,225.4,226.0,226.00,0.0,0.0,227.27,"8,476.00",230.00,"1,926,323.60",42,-4.0,9.2,-1.74,4.08,-0.56,309.00,169.00,,
2024/05/19,141,MHNL,62.26,230.5,244.0,225.0,244.0,244.00,0.0,0.0,228.52,"14,352.00",226.00,"3,279,787.00",78,18.0,19.0,7.96,8.44,6.34,309.00,169.00,,
2024/05/20,139,MHNL,48.58,239.2,239.2,231.2,235.9,235.90,0.0,0.0,236.14,"17,890.00",244.00,"4,224,602.50",88,-8.1,8.0,-3.32,3.46,-0.1,309.00,169.00,,
2024/05/21,138,MHNL,69.95,231.3,257.0,231.3,251.9,251.90,0.0,0.0,238.98,"34,435.00",235.90,"8,229,207.30",139,16.00,25.7,6.78,11.11,5.13,309.00,169.00,,
2024/05/22,134,MHNL,63.94,256.0,256.0,240.3,241.1,241.10,0.0,0.0,244.38,"20,630.00",251.90,"5,041,506.80",105,-10.8,15.7,-4.29,6.53,-1.36,309.00,169.00,,
2024/05/26,136,MHNL,44.86,245.9,245.9,233.1,235.0,235.00,0.0,0.0,235.82,"7,093.00",241.10,"1,672,705.70",40,-6.1,12.8,-2.53,5.49,-0.35,309.00,169.00,,
2024/05/27,137,MHNL,45.98,236.0,238.0,232.0,233.0,233.00,0.0,0.0,234.50,"11,581.00",235.00,"2,715,705.00",49,-2.0,6.0,-0.85,2.59,-0.64,309.00,169.00,,
2024/04/03,140,MHNL,35.86,253.0,253.7,245.6,246.5,246.50,0.0,0.0,248.04,"16,730.00",253.80,"4,149,699.80",62,-7.3,8.1,-2.88,3.3,-0.62,316.00,234.00,266.66,267.57
2024/04/04,134,MHNL,44.03,242.7,242.7,231.0,235.5,235.50,0.0,0.0,232.99,"11,982.00",238.00,"2,791,653.50",57,-2.5,11.70,-1.05,5.06,1.07,315.00,169.00,,
2024/04/07,135,MHNL,48.9,240.0,240.0,230.0,239.9,239.90,0.0,0.0,231.67,"10,055.00",235.50,"2,329,422.00",67,4.4,10.00,1.87,4.35,3.43,315.00,169.00,,
2024/04/09,140,MHNL,35.86,253.0,253.7,245.6,246.5,246.50,0.0,0.0,248.04,"16,730.00",253.80,"4,149,699.80",62,-7.3,8.1,-2.88,3.3,-0.62,316.00,234.00,266.66,267.57
2024/04/10,136,MHNL,46.55,239.0,239.0,231.0,233.0,233.00,0.0,0.0,233.07,"10,379.00",238.90,"2,418,986.10",57,-5.9,8.00,-2.47,3.46,-0.03,315.00,169.00,,
2024/04/14,140,MHNL,46.57,237.6,237.6,228.1,228.2,228.20,0.0,0.0,229.68,"6,033.00",233.00,"1,385,653.00",36,-4.8,9.5,-2.06,4.16,-0.65,309.00,169.00,,
2024/04/15,138,MHNL,51.17,224.1,240.1,224.1,236.9,236.90,0.0,0.0,233.75,"12,335.00",228.20,"2,883,313.90",76,8.70,16.0,3.81,7.14,1.33,309.00,169.00,,
2024/04/16,136,MHNL,43.46,240.6,240.6,230.3,235.0,235.00,0.0,0.0,233.12,"2,865.00",236.90,"667,894.00",28,-1.9,10.3,-0.8,4.47,0.8,309.00,169.00,,
2024/04/18,138,MHNL,49.41,239.4,239.4,225.5,230.0,230.00,0.0,0.0,228.03,"14,605.00",235.00,"3,330,336.50",47,-5.0,13.9,-2.13,6.16,0.86,309.00,169.00,,
2024/04/21,130,MHNL,51.73,233.0,233.0,225.1,231.0,231.00,0.0,0.0,230.16,"4,822.00",230.00,"1,109,847.20",28,1.0,7.9,0.43,3.51,0.36,309.00,169.00,,
2024/04/22,139,MHNL,38.64,235.0,235.0,226.3,229.0,229.00,0.0,0.0,230.26,"6,220.00",231.00,"1,432,229.20",21,-2.0,8.7,-0.87,3.84,-0.55,309.00,169.00,,
2024/04/24,136,MHNL,37.24,233.5,233.5,224.5,224.5,224.50,0.0,0.0,225.69,"4,270.00",229.00,"963,708.00",26,-4.5,9.0,-1.97,4.01,-0.53,309.00,169.00,,
2024/04/25,130,MHNL,42.46,228.9,231.9,215.7,228.0,228.00,0.0,0.0,221.37,"5,631.00",224.50,"1,246,557.30",39,3.5,16.2,1.56,7.51,2.91,309.00,169.00,,
2024/04/28,132,MHNL,43.96,232.0,232.0,224.0,228.0,228.00,0.0,0.0,225.84,"4,770.00",228.00,"1,077,238.10",50,0.0,8.0,0.0,3.57,0.95,309.00,169.00,,
2024/04/29,137,MHNL,50.16,232.5,237.0,224.0,230.0,230.00,0.0,0.0,231.17,"7,173.00",228.00,"1,658,204.20",37,2.0,13.0,0.88,5.8,-0.51,309.00,169.00,,
2024/04/30,140,MHNL,58.42,233.7,234.5,220.9,233.0,233.00,0.0,0.0,231.38,"17,338.00",230.00,"4,011,746.60",68,3.00,13.60,1.3,6.16,0.69,309.00,169.00,,
2024/03/07,137,MHNL,47.73,249.5,254.4,245.0,249.8,249.80,0.0,0.0,249.09,"9,951.00",245.00,"2,478,685.00",49,4.8,9.40,1.96,3.84,0.28,315.00,169.00,,
2024/03/10,136,MHNL,46.29,254.0,255.0,248.0,252.0,252.00,0.0,0.0,251.23,"18,900.00",249.80,"4,748,323.00",69,2.2,7.0,0.88,2.82,0.3,315.00,169.00,,
2024/03/12,136,MHNL,56.55,256.9,256.9,249.0,255.5,255.50,0.0,0.0,253.00,"18,174.00",252.00,"4,598,084.70",86,3.50,7.9,1.39,3.17,0.98,315.00,169.00,,
2024/03/13,139,MHNL,56.0,258.0,258.0,250.5,255.5,255.50,0.0,0.0,254.50,"16,907.00",255.50,"4,302,753.00",76,0.0,7.5,0.0,2.99,0.39,315.00,169.00,,
2024/03/14,135,MHNL,48.45,260.6,260.6,251.0,251.0,251.00,0.0,0.0,253.20,"7,085.00",255.50,"1,793,897.00",45,-4.5,9.6,-1.76,3.82,-0.88,315.00,169.00,,
2024/03/17,137,MHNL,48.4,255.8,255.8,246.8,249.0,249.00,0.0,0.0,248.30,"12,576.00",251.00,"3,122,624.40",59,-2.0,9.0,-0.8,3.65,0.28,315.00,169.00,,
2024/03/18,136,MHNL,44.06,252.0,252.0,245.4,246.4,246.40,0.0,0.0,247.10,"6,601.00",249.00,"1,631,090.40",37,-2.6,6.6,-1.04,2.69,-0.28,315.00,169.00,,
2024/03/19,134,MHNL,48.84,246.4,259.0,241.5,247.0,247.00,0.0,0.0,245.51,"10,735.00",246.40,"2,635,602.70",62,0.6,17.50,0.24,7.25,0.6,315.00,169.00,,
2024/03/20,136,MHNL,47.51,251.8,251.8,240.9,248.4,248.40,0.0,0.0,244.34,"4,872.00",247.00,"1,190,419.90",38,1.40,10.90,0.57,4.52,1.63,315.00,169.00,,
2024/03/21,140,MHNL,46.85,244.2,249.0,239.6,241.0,241.00,0.0,0.0,244.07,"20,536.00",248.40,"5,012,322.00",54,-7.40,9.40,-2.98,3.92,-1.28,315.00,169.00,,
2024/03/25,131,MHNL,35.74,236.2,242.8,236.2,240.0,240.00,0.0,0.0,239.86,"5,501.00",241.00,"1,319,451.80",35,-1.00,6.60,-0.41,2.79,0.06,315.00,169.00,,
2024/03/26,141,MHNL,38.12,243.0,244.0,236.3,242.0,242.00,0.0,0.0,241.32,"9,365.00",240.00,"2,259,985.00",50,2.0,7.70,0.83,3.26,0.28,315.00,169.00,,
2024/03/27,140,MHNL,34.35,242.0,244.5,239.4,239.4,239.40,0.0,0.0,240.26,"3,217.00",242.00,"772,901.00",24,-2.6,5.10,-1.07,2.13,-0.36,315.00,169.00,,
2024/03/28,140,MHNL,45.32,234.8,241.0,234.2,238.1,238.10,0.0,0.0,237.30,"8,265.00",239.40,"1,961,309.00",49,-1.3,6.8,-0.54,2.9,0.33,315.00,169.00,,
2024/03/31,141,MHNL,45.7,233.6,247.3,233.6,239.0,239.00,0.0,0.0,240.94,"7,365.00",238.10,"1,774,510.00",48,0.90,13.70,0.38,5.86,-0.81,315.00,169.00,,
2024/04/01,137,MHNL,32.51,242.5,242.6,238.0,240.9,240.90,0.0,0.0,239.82,"6,792.00",239.00,"1,628,839.90",33,1.9,4.6,0.79,1.93,0.45,315.00,169.00,,
2024/02/12,137,MHNL,52.22,275.0,279.0,272.1,279.0,279.00,0.0,0.0,275.99,"23,457.00",273.70,"6,473,825.20",105,5.30,6.90,1.94,2.54,1.08,330.30,169.00,,
2024/02/13,132,MHNL,47.12,274.0,295.0,268.6,280.0,280.00,0.0,0.0,281.25,"85,008.00",279.00,"23,908,778.70",277,1.0,26.4,0.36,9.83,-0.45,325.00,169.00,,
2024/02/14,133,MHNL,46.95,285.6,288.2,274.5,281.0,281.00,0.0,0.0,283.43,"40,536.00",280.00,"11,489,062.30",143,1.0,13.7,0.36,4.99,-0.86,325.00,169.00,,
2024/02/15,133,MHNL,51.88,277.0,294.0,277.0,282.1,282.10,0.0,0.0,287.08,"91,761.00",281.00,"26,342,815.90",320,1.1,17.0,0.39,6.14,-1.77,324.80,169.00,,
2024/02/18,139,MHNL,34.47,280.0,285.6,272.0,272.6,272.60,0.0,0.0,276.76,"23,775.00",282.10,"6,580,047.40",119,-9.5,13.6,-3.37,5.0,-1.53,315.00,169.00,,
2024/02/20,135,MHNL,38.15,268.2,277.4,267.0,269.0,269.00,0.0,0.0,269.80,"21,664.00",272.60,"5,844,892.10",88,-3.60,10.4,-1.32,3.9,-0.3,315.00,169.00,,
2024/02/21,136,MHNL,30.3,274.0,274.0,261.0,262.0,262.00,0.0,0.0,265.30,"25,969.00",269.00,"6,889,607.00",101,-7.00,13.0,-2.6,4.98,-1.26,315.00,169.00,,
2024/02/22,134,MHNL,29.26,258.4,264.0,251.0,251.0,251.00,0.0,0.0,257.09,"29,262.00",262.00,"7,523,005.80",139,-11.00,13.0,-4.2,5.18,-2.43,315.00,169.00,,
2024/02/25,143,MHNL,27.19,256.0,259.8,244.1,249.0,249.00,0.0,0.0,249.34,"21,305.00",251.00,"5,312,193.70",102,-2.00,15.70,-0.8,6.43,-0.14,315.00,169.00,,
2024/02/26,140,MHNL,30.31,249.0,254.0,246.5,254.0,254.00,0.0,0.0,250.34,"13,246.00",249.00,"3,315,993.20",65,5.00,7.50,2.01,3.04,1.44,315.00,169.00,,
2024/02/27,135,MHNL,38.96,250.2,256.0,249.9,253.9,253.90,0.0,0.0,252.01,"13,509.00",254.00,"3,404,401.00",54,-0.10,6.10,-0.04,2.44,0.74,315.00,169.00,,
2024/02/28,135,MHNL,40.08,258.0,258.0,246.4,247.0,247.00,0.0,0.0,248.04,"9,760.00",253.90,"2,420,855.00",49,-6.90,11.60,-2.72,4.71,-0.42,315.00,169.00,,
2024/02/29,137,MHNL,40.23,251.9,251.9,235.0,238.0,238.00,0.0,0.0,238.81,"27,436.00",247.00,"6,551,980.00",109,-9.00,16.90,-3.64,7.19,-0.34,315.00,169.00,,
2024/03/03,136,MHNL,33.91,233.3,253.5,233.0,237.6,237.60,0.0,0.0,236.26,"18,735.00",238.00,"4,426,365.00",78,-0.40,20.50,-0.17,8.8,0.56,315.00,169.00,,
2024/03/04,111,MHNL,42.06,239.0,253.4,239.0,253.4,253.40,0.0,0.0,244.33,80.00,237.60,"19,546.00",5,15.8,14.4,6.65,6.03,3.58,315.00,169.00,,
2024/03/05,137,MHNL,46.77,253.4,255.0,242.0,244.7,244.70,0.0,0.0,247.19,"39,251.00",253.40,"9,702,520.10",126,-8.70,13.00,-3.43,5.37,-1.02,315.00,169.00,,
2024/01/18,133,MHNL,60.53,249.0,265.0,247.0,260.0,260.00,0.0,0.0,255.66,"51,736.00",254.00,"13,227,034.40",201,6.0,18.00,2.36,7.29,1.67,355.00,169.00,,
2024/01/21,137,MHNL,53.04,260.0,273.9,255.0,259.9,259.90,0.0,0.0,265.99,"83,446.00",260.00,"22,195,444.60",262,-0.1,18.90,-0.04,7.41,-2.34,355.00,169.00,,
2024/01/22,134,MHNL,46.59,265.0,267.0,256.0,257.0,257.00,0.0,0.0,261.28,"63,696.00",259.90,"16,642,679.60",192,-2.9,11.0,-1.12,4.3,-1.67,355.00,169.00,,
2024/01/23,137,MHNL,59.1,262.1,270.0,262.0,264.1,264.10,0.0,0.0,266.32,"73,382.00",257.00,"19,543,170.40",242,7.1,8.0,2.76,3.05,-0.84,355.00,169.00,,
2024/01/24,139,MHNL,48.66,269.0,273.0,260.0,261.1,261.10,0.0,0.0,264.52,"56,587.00",264.10,"14,968,676.10",144,-3.0,13.0,-1.14,5.0,-1.31,355.00,169.00,,
2024/01/25,134,MHNL,49.72,266.0,268.0,261.0,264.9,264.90,0.0,0.0,264.46,"58,218.00",261.10,"15,396,107.80",172,3.8,7.00,1.46,2.68,0.17,355.00,169.00,,
2024/01/28,138,MHNL,59.72,269.8,291.0,263.0,286.0,286.00,0.0,0.0,281.36,"161,463.00",264.90,"45,429,141.40",639,21.1,28.0,7.97,10.65,1.62,355.00,169.00,,
2024/01/29,138,MHNL,54.37,291.7,302.0,286.6,287.0,287.00,0.0,0.0,293.65,"78,904.00",286.00,"23,169,794.30",363,1.0,15.4,0.35,5.37,-2.32,355.00,169.00,,
2024/01/30,137,MHNL,53.06,292.7,297.0,282.0,288.0,288.00,0.0,0.0,286.98,"46,919.00",287.00,"13,464,930.50",191,1.0,15.0,0.35,5.32,0.35,355.00,169.00,,
2024/01/31,138,MHNL,50.18,293.0,309.0,275.1,280.0,280.00,0.0,0.0,279.93,"105,620.00",288.00,"29,566,615.10",326,-8.00,33.90,-2.78,12.32,0.02,355.00,169.00,,
2024/02/01,136,MHNL,39.91,274.5,279.5,265.0,269.9,269.90,0.0,0.0,270.73,"96,427.00",280.00,"26,105,701.40",317,-10.1,14.5,-3.61,5.47,-0.31,355.00,169.00,,
2024/02/04,134,MHNL,36.7,271.0,273.6,264.0,266.0,266.00,0.0,0.0,266.77,"32,634.00",269.90,"8,705,830.50",142,-3.9,9.6,-1.44,3.64,-0.29,355.00,169.00,,
2024/02/05,135,MHNL,37.2,271.0,271.0,261.0,268.0,268.00,0.0,0.0,263.39,"33,813.00",266.00,"8,905,957.50",90,2.0,10.0,0.75,3.83,1.72,355.00,169.00,,
2024/02/06,139,MHNL,42.8,269.0,271.0,262.8,270.0,270.00,0.0,0.0,267.82,"23,231.00",268.00,"6,221,622.30",91,2.0,8.2,0.75,3.12,0.81,355.00,169.00,,
2024/02/07,137,MHNL,48.71,275.0,279.2,271.1,279.0,279.00,0.0,0.0,275.76,"35,476.00",270.00,"9,783,023.50",134,9.0,8.1,3.33,2.99,1.16,355.00,169.00,,
2024/02/08,139,MHNL,48.11,274.0,282.4,273.5,281.0,281.00,0.0,0.0,278.35,"28,813.00",279.00,"8,020,069.40",134,2.0,8.90,0.72,3.25,0.94,355.00,169.00,,
2023/12/20,137,MHNL,64.94,233.5,251.9,223.0,239.7,239.70,0.0,0.0,232.80,"49,738.00",229.00,"11,579,229.80",220,10.70,28.90,4.67,12.96,2.88,356.90,169.00,,
2023/12/21,137,MHNL,55.54,235.0,249.0,231.0,238.4,238.40,0.0,0.0,235.09,"37,499.00",239.70,"8,815,700.80",154,-1.30,18.00,-0.54,7.79,1.39,356.90,169.00,,
2023/12/24,135,MHNL,50.8,235.1,245.0,223.5,225.0,225.00,0.0,0.0,237.19,"33,613.00",238.40,"7,972,781.50",186,-13.4,21.50,-5.62,9.62,-5.42,356.90,169.00,,
2023/12/27,137,MHNL,53.16,225.2,238.6,225.1,230.0,230.00,0.0,0.0,231.29,"29,967.00",225.00,"6,931,161.90",128,5.0,13.50,2.22,6.0,-0.56,356.90,169.00,,
2023/12/28,135,MHNL,49.53,234.6,237.6,230.0,232.9,232.90,0.0,0.0,233.73,"38,597.00",230.00,"9,021,096.60",145,2.9,7.6,1.26,3.3,-0.35,356.90,169.00,,
2024/01/01,133,MHNL,43.42,229.2,233.6,219.7,225.0,225.00,0.0,0.0,226.21,"16,619.00",232.90,"3,759,307.70",88,-7.9,13.9,-3.39,6.33,-0.54,356.90,169.00,,
2024/01/02,137,MHNL,40.56,228.6,228.6,214.4,217.9,217.90,0.0,0.0,219.40,"9,498.00",225.00,"2,083,830.40",50,-7.1,14.2,-3.16,6.62,-0.69,356.90,169.00,,
2024/01/03,139,MHNL,47.63,222.1,229.5,213.2,221.0,221.00,0.0,0.0,222.00,"38,205.00",217.90,"8,481,427.00",110,3.10,16.3,1.42,7.65,-0.45,356.90,169.00,,
2024/01/04,133,MHNL,50.57,225.0,235.0,225.0,231.1,231.10,0.0,0.0,232.09,"46,507.00",221.00,"10,793,607.00",165,10.10,10.00,4.57,4.44,-0.43,356.90,169.00,,
2024/01/07,133,MHNL,51.84,227.3,241.5,227.3,235.5,235.50,0.0,0.0,237.20,"41,164.00",231.10,"9,764,113.40",164,4.4,14.2,1.9,6.25,-0.72,356.90,169.00,,
2024/01/08,140,MHNL,56.33,235.8,245.0,231.7,245.0,245.00,0.0,0.0,237.95,"43,455.00",235.50,"10,340,106.50",159,9.5,13.30,4.03,5.74,2.88,356.90,169.00,,
2024/01/09,137,MHNL,55.39,249.9,254.3,237.0,237.0,237.00,0.0,0.0,244.86,"58,252.00",245.00,"14,263,728.10",238,-8.0,17.3,-3.27,7.3,-3.32,356.90,169.00,,
2024/01/10,132,MHNL,50.16,235.3,241.0,232.3,232.3,232.30,0.0,0.0,234.93,"32,759.00",237.00,"7,696,008.70",115,-4.7,8.70,-1.98,3.75,-1.13,356.90,169.00,,
2024/01/11,134,MHNL,48.48,236.9,241.5,228.1,238.0,238.00,0.0,0.0,232.82,"34,006.00",232.30,"7,917,379.50",110,5.70,13.4,2.45,5.87,2.18,355.00,169.00,,
2024/01/14,139,MHNL,57.84,242.7,260.1,242.7,259.5,259.50,0.0,0.0,252.92,"134,415.00",238.00,"33,996,161.20",432,21.5,17.4,9.03,7.17,2.54,355.00,169.00,,
2024/01/16,136,MHNL,63.35,264.0,278.0,262.1,273.5,273.50,0.0,0.0,271.66,"74,383.00",259.50,"20,207,146.70",284,14.0,15.9,5.39,6.07,0.67,355.00,169.00,,
2023/11/27,126,MHNL,51.75,194.0,197.8,192.0,195.0,195.00,0.0,0.0,193.52,"3,934.00",197.90,"761,321.00",35,-2.90,5.80,-1.47,3.02,0.76,356.90,169.00,,
2023/11/28,128,MHNL,45.5,198.9,198.9,190.2,193.0,193.00,0.0,0.0,193.43,"4,181.00",195.00,"808,728.70",34,-2.0,8.7,-1.03,4.57,-0.22,356.90,169.00,,
2023/11/29,125,MHNL,39.86,195.0,196.8,188.9,194.9,194.90,0.0,0.0,194.12,"2,870.00",193.00,"557,126.00",16,1.90,7.90,0.98,4.18,0.4,356.90,169.00,,
2023/11/30,124,MHNL,32.84,191.1,191.4,186.2,189.9,189.90,0.0,0.0,187.02,"3,524.00",194.90,"659,045.00",22,-5.0,5.20,-2.57,2.79,1.52,356.90,169.00,,
2023/12/03,124,MHNL,34.97,186.2,189.9,186.2,186.3,186.30,0.0,0.0,186.54,"2,660.00",189.90,"496,190.00",24,-3.6,3.7,-1.9,1.99,-0.13,356.90,169.00,,
2023/12/04,130,MHNL,36.42,186.0,192.7,185.3,187.8,187.80,0.0,0.0,187.29,"4,515.00",186.30,"845,599.00",29,1.5,7.4,0.81,3.99,0.27,356.90,169.00,,
2023/12/05,129,MHNL,33.21,185.0,185.0,181.7,183.0,183.00,0.0,0.0,182.75,"9,062.00",187.80,"1,656,048.90",36,-4.80,3.30,-2.56,1.82,0.14,356.90,169.00,,
2023/12/06,127,MHNL,27.96,185.1,186.6,180.6,184.0,184.00,0.0,0.0,181.05,"3,970.00",183.00,"718,775.10",17,1.0,6.00,0.55,3.32,1.6,356.90,169.00,,
2023/12/07,131,MHNL,45.49,186.0,187.6,182.6,186.0,186.00,0.0,0.0,184.90,"4,742.00",184.00,"876,811.50",30,2.0,5.00,1.09,2.74,0.59,356.90,169.00,,
2023/12/10,109,MHNL,46.81,188.0,201.1,188.0,201.1,201.10,0.0,0.0,190.42,950.00,186.00,"180,898.00",7,15.10,13.1,8.12,6.97,5.31,356.90,169.00,,
2023/12/11,132,MHNL,58.48,205.1,216.3,195.0,198.8,198.80,0.0,0.0,203.94,"14,463.00",201.10,"2,949,647.70",116,-2.3,21.3,-1.14,10.92,-2.59,356.90,169.00,,
2023/12/12,128,MHNL,61.37,202.7,210.0,200.1,206.0,206.00,0.0,0.0,205.55,"19,442.00",198.80,"3,996,267.80",93,7.20,9.90,3.62,4.95,0.22,356.90,169.00,,
2023/12/13,131,MHNL,60.44,206.0,213.0,203.0,206.0,206.00,0.0,0.0,208.16,"15,181.00",206.00,"3,160,030.20",73,0.0,10.0,0.0,4.93,-1.05,356.90,169.00,,
2023/12/14,134,MHNL,56.66,209.9,209.9,202.1,209.9,209.90,0.0,0.0,206.84,"16,475.00",206.00,"3,407,738.40",63,3.9,7.8,1.89,3.86,1.46,356.90,169.00,,
2023/12/17,131,MHNL,63.81,206.0,225.5,206.0,225.5,225.50,0.0,0.0,218.76,"42,176.00",209.90,"9,226,286.60",159,15.6,19.50,7.43,9.47,2.99,356.90,169.00,,
2023/12/18,134,MHNL,62.11,230.0,238.0,223.0,226.2,226.20,0.0,0.0,229.71,"60,627.00",225.50,"13,926,381.00",276,0.70,15.00,0.31,6.73,-1.55,356.90,169.00,,
2023/10/18,126,MHNL,49.35,186.0,198.0,186.0,193.0,193.00,0.0,0.0,194.34,"6,900.00",184.10,"1,340,965.00",41,8.9,12.0,4.83,6.45,-0.7,356.90,169.00,,
2023/10/19,125,MHNL,25.0,192.0,196.7,189.2,189.2,189.20,0.0,0.0,192.89,"1,038.00",193.00,"200,221.00",13,-3.8,7.5,-1.97,3.96,-1.95,356.90,169.00,,
2023/10/29,124,MHNL,34.83,190.0,190.0,187.0,187.0,187.00,0.0,0.0,188.92,125.00,189.20,"23,615.00",4,-2.2,3.0,-1.16,1.6,-1.03,356.90,169.00,,
2023/10/30,125,MHNL,46.99,184.0,195.5,180.5,188.0,188.00,0.0,0.0,182.06,"4,911.00",187.00,"894,098.50",25,1.0,15.0,0.53,8.31,3.16,356.90,169.00,,
2023/10/31,128,MHNL,31.54,185.0,194.7,184.2,184.2,184.20,0.0,0.0,190.26,"2,035.00",188.00,"387,188.50",17,-3.8,10.5,-2.02,5.7,-3.29,356.90,169.00,,
2023/11/01,129,MHNL,40.64,182.0,192.4,182.0,188.9,188.90,0.0,0.0,187.49,"2,139.00",184.20,"401,034.90",20,4.7,10.4,2.55,5.71,0.75,356.90,169.00,,
2023/11/02,124,MHNL,39.87,186.0,186.1,180.1,180.5,180.50,0.0,0.0,182.52,"4,701.00",188.90,"858,036.40",31,-8.4,6.0,-4.45,3.33,-1.12,356.90,169.00,,
2023/11/05,127,MHNL,33.58,180.0,183.9,174.0,178.0,178.00,0.0,0.0,178.63,"3,446.00",180.50,"615,548.70",30,-2.5,9.9,-1.39,5.69,-0.35,356.90,169.00,,
2023/11/06,125,MHNL,50.97,177.1,188.2,175.0,188.0,188.00,0.0,0.0,178.83,"12,771.00",178.00,"2,283,778.60",50,10.0,13.2,5.62,7.54,4.88,356.90,169.00,,
2023/11/07,127,MHNL,51.71,188.0,195.4,177.4,191.9,191.90,0.0,0.0,188.75,"10,390.00",188.00,"1,961,160.20",30,3.9,18.0,2.07,10.15,1.64,356.90,169.00,,
2023/11/08,129,MHNL,48.4,195.7,197.9,186.5,190.0,190.00,0.0,0.0,187.75,"4,125.00",191.90,"774,469.40",31,-1.90,11.4,-0.99,6.11,1.18,356.90,169.00,,
2023/11/09,123,MHNL,44.31,186.2,186.2,183.0,184.0,184.00,0.0,0.0,183.28,"1,343.00",190.00,"246,146.20",10,-6.0,3.2,-3.16,1.75,0.39,356.90,169.00,,
2023/11/20,124,MHNL,39.32,187.6,187.6,180.9,185.0,185.00,0.0,0.0,183.34,"2,187.00",184.00,"400,968.00",21,1.00,6.70,0.54,3.7,0.9,356.90,169.00,,
2023/11/21,124,MHNL,30.08,182.0,183.0,176.4,182.0,182.00,0.0,0.0,178.79,"4,460.00",185.00,"797,421.00",34,-3.0,6.60,-1.62,3.74,1.76,356.90,169.00,,
2023/11/22,125,MHNL,42.26,180.0,190.0,180.0,190.0,190.00,0.0,0.0,181.52,"2,333.00",182.00,"423,482.00",20,8.0,10.00,4.4,5.56,4.46,356.90,169.00,,
2023/11/23,128,MHNL,50.77,187.9,193.0,181.1,192.5,192.50,0.0,0.0,187.95,"4,339.00",190.00,"815,536.00",37,2.5,11.9,1.32,6.57,2.36,356.90,169.00,,
2023/09/21,120,MHNL,60.07,202.0,214.4,202.0,208.7,208.70,0.0,0.0,210.20,"24,138.00",199.90,"5,073,707.80",154,8.80,12.40,4.4,6.14,-0.72,356.90,169.00,,
2023/09/24,124,MHNL,54.17,209.0,214.0,202.0,209.0,209.00,0.0,0.0,209.19,"22,225.00",208.70,"4,649,193.40",107,0.30,12.00,0.14,5.94,-0.09,356.90,169.00,,
2023/09/25,123,MHNL,55.15,205.2,219.3,205.0,212.0,212.00,0.0,0.0,211.11,"13,308.00",209.00,"2,809,443.00",96,3.0,14.3,1.44,6.98,0.42,356.90,169.00,,
2023/09/26,125,MHNL,59.03,215.0,218.0,209.0,216.0,216.00,0.0,0.0,213.86,"23,586.00",212.00,"5,044,208.00",103,4.0,9.00,1.89,4.31,0.99,356.90,169.00,,
2023/09/27,122,MHNL,44.21,215.1,216.0,205.0,208.7,208.70,0.0,0.0,209.73,"13,529.00",216.00,"2,837,497.10",79,-7.3,11.0,-3.38,5.37,-0.5,356.90,169.00,,
2023/10/01,125,MHNL,39.5,205.0,209.0,195.0,203.0,203.00,0.0,0.0,200.55,"13,582.00",208.70,"2,723,837.70",91,-5.7,14.0,-2.73,7.18,1.21,356.90,169.00,,
2023/10/02,126,MHNL,36.83,200.0,207.0,199.2,205.0,205.00,0.0,0.0,203.64,"5,755.00",203.00,"1,171,942.90",44,2.0,7.8,0.99,3.92,0.66,356.90,169.00,,
2023/10/03,119,MHNL,37.83,201.8,204.0,197.8,200.0,200.00,0.0,0.0,199.55,"11,152.00",205.00,"2,225,435.20",61,-5.0,6.2,-2.44,3.13,0.22,356.90,169.00,,
2023/10/04,123,MHNL,34.79,204.0,204.5,200.0,200.0,200.00,0.0,0.0,201.52,"6,465.00",200.00,"1,302,847.00",43,0.0,4.5,0.0,2.25,-0.76,356.90,169.00,,
2023/10/05,119,MHNL,35.91,196.1,205.0,196.1,201.8,201.80,0.0,0.0,199.32,"5,888.00",200.00,"1,173,596.70",46,1.8,8.9,0.9,4.54,1.23,356.90,169.00,,
2023/10/08,126,MHNL,31.58,197.8,199.0,194.1,195.0,195.00,0.0,0.0,195.92,"9,049.00",201.80,"1,772,879.40",47,-6.8,4.9,-3.37,2.52,-0.47,356.90,169.00,,
2023/10/09,124,MHNL,28.79,195.0,197.9,194.0,194.0,194.00,0.0,0.0,195.53,"2,916.00",195.00,"570,159.00",25,-1.0,3.9,-0.51,2.01,-0.79,356.90,169.00,,
2023/10/10,122,MHNL,24.71,194.0,194.0,188.0,190.0,190.00,0.0,0.0,190.11,"2,073.00",194.00,"394,099.10",24,-4.0,6.0,-2.06,3.19,-0.06,356.90,169.00,,
2023/10/11,127,MHNL,30.99,192.0,192.4,188.7,188.9,188.90,0.0,0.0,190.32,"4,230.00",190.00,"805,058.00",27,-1.1,3.7,-0.58,1.96,-0.75,356.90,169.00,,
2023/10/12,128,MHNL,32.37,190.0,191.0,183.0,190.0,190.00,0.0,0.0,185.88,"8,957.00",188.90,"1,664,891.60",45,1.1,8.00,0.58,4.37,2.17,356.90,169.00,,
2023/10/16,125,MHNL,30.77,186.3,190.0,183.5,187.0,187.00,0.0,0.0,185.21,"4,087.00",190.00,"756,958.00",21,-3.0,6.50,-1.58,3.54,0.96,356.90,169.00,,
2023/08/23,118,MHNL,48.05,188.1,192.0,186.2,189.0,189.00,0.0,0.0,189.59,"12,862.00",186.90,"2,438,570.20",97,2.1,5.8,1.12,3.11,-0.31,356.90,172.00,,
2023/08/24,119,MHNL,47.29,187.0,192.7,180.3,180.5,180.50,0.0,0.0,186.93,"15,493.00",189.00,"2,896,095.00",101,-8.5,12.4,-4.5,6.88,-3.56,356.90,172.00,,
2023/08/27,119,MHNL,43.1,183.0,183.0,172.4,174.9,174.90,0.0,0.0,174.94,"10,448.00",180.50,"1,827,778.10",63,-5.6,10.60,-3.1,6.15,-0.02,356.90,172.00,,
2023/08/28,119,MHNL,39.52,175.0,178.3,172.5,176.0,176.00,0.0,0.0,174.84,"10,553.00",174.90,"1,845,126.60",52,1.1,5.8,0.63,3.36,0.66,356.90,172.00,,
2023/08/29,122,MHNL,38.33,176.0,183.0,173.5,180.9,180.90,0.0,0.0,179.18,"4,080.00",176.00,"731,073.60",30,4.9,9.5,2.78,5.48,0.95,356.90,172.00,,
2023/08/30,121,MHNL,50.26,178.0,184.0,177.2,184.0,184.00,0.0,0.0,182.00,"13,821.00",180.90,"2,515,455.80",60,3.1,6.8,1.71,3.84,1.09,356.90,172.00,,
2023/09/03,119,MHNL,44.28,186.0,189.6,177.0,180.0,180.00,0.0,0.0,178.70,"9,846.00",184.00,"1,759,488.50",60,-4.0,12.6,-2.17,7.12,0.72,356.90,172.00,,
2023/09/04,116,MHNL,41.61,182.0,182.0,176.0,179.0,179.00,0.0,0.0,179.11,"3,187.00",180.00,"570,827.00",24,-1.0,6.0,-0.56,3.41,-0.06,356.90,172.00,,
2023/09/05,119,MHNL,39.8,179.0,179.0,174.5,175.0,175.00,0.0,0.0,176.10,"8,805.00",179.00,"1,550,562.00",32,-4.0,4.5,-2.23,2.58,-0.63,356.90,172.00,,
2023/09/07,123,MHNL,38.78,172.0,178.0,169.0,175.0,175.00,0.0,0.0,172.69,"11,380.00",175.00,"1,965,166.50",57,0.0,9.0,0.0,5.33,1.32,356.90,169.00,,
2023/09/10,121,MHNL,35.95,174.0,178.5,174.0,175.0,175.00,0.0,0.0,175.55,"3,190.00",175.00,"559,999.50",28,0.0,4.5,0.0,2.59,-0.31,356.90,169.00,,
2023/09/11,120,MHNL,43.44,172.0,178.9,171.5,177.3,177.30,0.0,0.0,177.48,"5,420.00",175.00,"961,935.00",43,2.3,7.4,1.31,4.31,-0.1,356.90,169.00,,
2023/09/12,121,MHNL,40.52,177.3,179.0,175.6,175.6,175.60,0.0,0.0,176.44,"5,151.00",177.30,"908,831.00",24,-1.7,3.4,-0.96,1.94,-0.48,356.90,169.00,,
2023/09/13,118,MHNL,48.04,173.5,190.0,173.5,190.0,190.00,0.0,0.0,183.07,"12,145.00",175.60,"2,223,332.30",66,14.4,16.5,8.2,9.51,3.65,356.90,169.00,,
2023/09/17,122,MHNL,46.92,191.0,191.0,185.0,189.0,189.00,0.0,0.0,187.38,"22,910.00",190.00,"4,292,900.00",123,-1.0,6.0,-0.53,3.24,0.86,356.90,169.00,,
2023/09/18,119,MHNL,47.47,190.9,190.9,184.0,189.0,189.00,0.0,0.0,187.74,"10,586.00",189.00,"1,987,397.10",51,0.0,6.9,0.0,3.75,0.67,356.90,169.00,,
2023/07/31,115,MHNL,37.06,236.6,236.6,230.3,230.3,230.30,0.0,0.0,232.03,"9,364.00",232.00,"2,172,685.40",84,-1.7,6.3,-0.73,2.74,-0.75,356.90,212.00,,
2023/08/01,112,MHNL,35.37,232.0,232.5,227.0,229.0,229.00,0.0,0.0,229.40,"14,610.00",230.30,"3,351,592.50",67,-1.30,5.50,-0.56,2.42,-0.18,356.90,212.00,,
2023/08/02,114,MHNL,33.23,231.0,231.0,226.4,230.0,230.00,0.0,0.0,228.20,"6,890.00",229.00,"1,572,322.00",48,1.0,4.60,0.44,2.03,0.78,356.90,212.00,,
2023/08/03,110,MHNL,31.93,230.0,231.0,227.0,227.4,227.40,0.0,0.0,228.75,"6,316.00",230.00,"1,444,770.60",39,-2.6,4.0,-1.13,1.76,-0.59,356.90,212.00,,
2023/08/06,113,MHNL,32.29,230.0,230.0,219.0,219.0,219.00,0.0,0.0,221.40,"9,047.00",227.40,"2,002,988.80",61,-8.4,11.00,-3.69,5.02,-1.1,356.90,212.00,,
2023/08/07,111,MHNL,33.59,215.1,222.0,215.1,218.0,218.00,0.0,0.0,219.14,"8,128.00",219.00,"1,781,146.50",57,-1.0,6.90,-0.46,3.21,-0.52,356.90,212.00,,
2023/08/08,113,MHNL,29.51,218.0,222.3,216.0,217.7,217.70,0.0,0.0,218.93,"5,798.00",218.00,"1,269,342.60",55,-0.3,6.30,-0.14,2.92,-0.56,356.90,212.00,,
2023/08/09,115,MHNL,41.39,213.5,219.2,213.5,219.0,219.00,0.0,0.0,215.61,"9,132.00",217.70,"1,968,957.50",53,1.3,5.70,0.6,2.67,1.55,356.90,212.00,,
2023/08/10,116,MHNL,46.25,221.0,222.0,217.0,219.9,219.90,0.0,0.0,219.45,"5,594.00",219.00,"1,227,597.70",45,0.9,5.0,0.41,2.3,0.21,356.90,212.00,,
2023/08/13,112,MHNL,46.16,217.0,220.0,216.0,218.0,218.00,0.0,0.0,217.25,"5,482.00",219.90,"1,190,945.20",53,-1.90,4.00,-0.86,1.85,0.35,356.90,212.00,,
2023/08/14,119,MHNL,46.67,216.0,216.0,212.2,216.0,216.00,0.0,0.0,214.04,"7,665.00",218.00,"1,640,650.00",51,-2.0,3.8,-0.92,1.79,0.91,356.90,212.00,,
2023/08/15,117,MHNL,40.69,214.0,214.0,207.5,211.0,211.00,0.0,0.0,210.72,"14,038.00",216.00,"2,958,058.60",52,-5.0,6.50,-2.31,3.13,0.13,356.90,207.50,,
2023/08/16,115,MHNL,39.89,207.2,208.0,194.0,194.0,194.00,0.0,0.0,198.26,"51,799.00",211.00,"10,269,666.20",258,-17.0,14.00,-8.06,7.22,-2.2,356.90,194.00,,
2023/08/17,116,MHNL,40.09,190.3,197.5,189.0,190.0,190.00,0.0,0.0,192.02,"23,326.00",194.00,"4,479,095.50",123,-4.0,8.50,-2.06,4.5,-1.06,356.90,189.00,,
2023/08/20,116,MHNL,40.64,189.0,189.0,175.7,178.0,178.00,0.0,0.0,180.10,"29,170.00",190.00,"5,253,628.90",181,-12.0,13.30,-6.32,7.57,-1.18,356.90,175.70,,
2023/08/21,118,MHNL,39.34,177.1,180.0,172.0,173.4,173.40,0.0,0.0,175.95,"27,650.00",178.00,"4,864,969.30",121,-4.6,8.0,-2.58,4.65,-1.47,356.90,172.00,,
2023/07/06,140,MHNL,35.86,253.0,253.7,245.6,246.5,246.50,0.0,0.0,248.04,"16,730.00",253.80,"4,149,699.80",62,-7.3,8.1,-2.88,3.3,-0.62,316.00,234.00,266.66,267.57
2023/07/09,123,MHNL,41.91,231.0,240.0,228.0,230.0,230.00,0.0,0.0,234.22,"15,750.00",228.00,"3,688,941.50",95,2.0,12.0,0.88,5.26,-1.83,356.90,212.00,,
2023/07/10,124,MHNL,43.9,225.4,238.6,224.0,230.9,230.90,0.0,0.0,228.37,"22,584.00",230.00,"5,157,549.50",116,0.90,14.60,0.39,6.52,1.09,356.90,212.00,,
2023/07/11,122,MHNL,43.97,226.3,233.5,222.0,224.9,224.90,0.0,0.0,225.15,"24,719.00",230.90,"5,565,503.20",120,-6.0,11.50,-2.6,5.18,-0.11,356.90,212.00,,
2023/07/12,123,MHNL,54.81,228.0,243.0,228.0,241.0,241.00,0.0,0.0,236.39,"39,571.00",224.90,"9,354,367.20",175,16.1,15.0,7.16,6.58,1.91,356.90,212.00,,
2023/07/13,123,MHNL,49.17,244.0,245.0,234.0,235.0,235.00,0.0,0.0,239.66,"22,492.00",241.00,"5,390,325.90",128,-6.0,11.00,-2.49,4.7,-1.98,356.90,212.00,,
2023/07/16,123,MHNL,50.26,235.0,248.0,230.0,238.0,238.00,0.0,0.0,236.67,"22,264.00",235.00,"5,269,145.60",105,3.00,18.00,1.28,7.83,0.56,356.90,212.00,,
2023/07/17,110,MHNL,51.0,235.1,239.6,234.0,239.0,239.00,0.0,0.0,237.29,"10,154.00",238.00,"2,409,479.80",76,1.0,5.60,0.42,2.39,0.71,356.90,212.00,,
2023/07/18,110,MHNL,44.21,242.0,242.0,233.3,233.3,233.30,0.0,0.0,236.46,"15,401.00",239.00,"3,641,654.20",82,-5.70,8.70,-2.38,3.73,-1.35,356.90,212.00,,
2023/07/19,113,MHNL,48.99,235.0,236.0,230.1,232.5,232.50,0.0,0.0,232.61,"15,515.00",233.30,"3,609,017.00",84,-0.8,5.90,-0.34,2.56,-0.05,356.90,212.00,,
2023/07/20,114,MHNL,50.86,227.9,241.9,227.9,237.0,237.00,0.0,0.0,236.97,"18,370.00",232.50,"4,353,201.50",96,4.50,14.00,1.94,6.14,0.01,356.90,212.00,,
2023/07/23,115,MHNL,58.77,240.0,246.0,238.1,242.0,242.00,0.0,0.0,240.89,"22,804.00",237.00,"5,493,350.30",126,5.0,7.90,2.11,3.32,0.46,356.90,212.00,,
2023/07/24,114,MHNL,60.87,242.0,249.0,240.0,242.1,242.10,0.0,0.0,242.86,"30,346.00",242.00,"7,369,937.30",197,0.1,9.00,0.04,3.75,-0.32,356.90,212.00,,
2023/07/25,114,MHNL,54.71,240.1,242.0,237.3,237.4,237.40,0.0,0.0,239.12,"14,442.00",242.10,"3,453,433.30",74,-4.70,4.70,-1.94,1.98,-0.73,356.90,212.00,,
2023/07/26,113,MHNL,49.81,241.0,242.1,237.5,238.1,238.10,0.0,0.0,238.97,"11,578.00",237.40,"2,766,833.20",100,0.70,4.60,0.29,1.94,-0.37,356.90,212.00,,
2023/07/27,118,MHNL,44.05,238.0,240.0,235.6,237.0,237.00,0.0,0.0,236.91,"10,743.00",238.10,"2,545,143.30",92,-1.1,4.40,-0.46,1.87,0.04,356.90,212.00,,
2023/06/12,119,MHNL,57.17,289.0,291.5,283.5,290.0,290.00,0.0,0.0,287.37,"30,077.00",285.80,"8,643,081.00",163,4.20,8.00,1.47,2.82,0.91,356.90,212.00,,
2023/06/13,114,MHNL,56.25,290.0,296.6,284.4,290.0,290.00,0.0,0.0,292.32,"43,689.00",290.00,"12,770,990.50",159,0.00,12.20,0.0,4.29,-0.8,356.90,212.00,,
2023/06/14,117,MHNL,56.11,295.2,300.0,285.3,291.0,291.00,0.0,0.0,292.57,"28,981.00",290.00,"8,478,917.60",122,1.00,14.70,0.34,5.15,-0.54,356.90,212.00,,
2023/06/15,113,MHNL,44.54,295.0,296.5,285.2,288.9,288.90,0.0,0.0,288.42,"5,611.00",291.00,"1,618,351.50",47,-2.1,11.30,-0.72,3.96,0.16,356.90,212.00,,
2023/06/18,119,MHNL,50.04,286.0,297.5,286.0,287.3,287.30,0.0,0.0,289.48,"59,660.00",288.90,"17,270,381.50",141,-1.6,11.50,-0.55,4.02,-0.76,356.90,212.00,,
2023/06/19,115,MHNL,46.92,290.0,290.0,268.0,279.8,279.80,0.0,0.0,274.99,"229,164.00",287.30,"63,017,553.80",547,-7.50,22.00,-2.61,8.21,1.72,356.90,212.00,,
2023/06/20,113,MHNL,44.09,285.0,285.0,263.7,266.2,266.20,0.0,0.0,268.77,"86,252.00",279.80,"23,181,993.00",260,-13.6,21.3,-4.86,8.08,-0.97,356.90,212.00,,
2023/06/21,140,MHNL,35.86,253.0,253.7,245.6,246.5,246.50,0.0,0.0,248.04,"16,730.00",253.80,"4,149,699.80",62,-7.3,8.1,-2.88,3.3,-0.62,316.00,234.00,266.66,267.57
2023/06/22,140,MHNL,35.86,253.0,253.7,245.6,246.5,246.50,0.0,0.0,248.04,"16,730.00",253.80,"4,149,699.80",62,-7.3,8.1,-2.88,3.3,-0.62,316.00,234.00,266.66,267.57
2023/06/25,114,MHNL,47.04,255.0,260.0,245.0,254.1,254.10,0.0,0.0,251.78,"102,079.00",260.00,"25,701,381.00",408,-5.90,15.00,-2.27,6.12,0.91,356.90,212.00,,
2023/06/26,122,MHNL,46.55,259.1,268.0,252.0,252.9,252.90,0.0,0.0,255.88,"37,812.00",254.10,"9,675,493.60",176,-1.2,16.0,-0.47,6.35,-1.18,356.90,212.00,,
2023/06/27,116,MHNL,44.65,257.9,262.0,252.0,256.0,256.00,0.0,0.0,257.15,"51,275.00",252.90,"13,185,559.60",227,3.10,10.00,1.23,3.97,-0.45,356.90,212.00,,
2023/06/28,120,MHNL,48.33,260.0,261.1,254.8,258.0,258.00,0.0,0.0,257.52,"42,579.00",256.00,"10,965,026.70",165,2.0,6.3,0.78,2.47,0.19,356.90,212.00,,
2023/07/02,121,MHNL,44.12,258.1,260.0,243.1,245.0,245.00,0.0,0.0,249.21,"23,914.00",258.00,"5,959,603.90",119,-13.0,16.9,-5.04,6.95,-1.72,356.90,212.00,,
2023/07/03,119,MHNL,43.79,245.0,254.0,237.3,239.7,239.70,0.0,0.0,241.95,"33,481.00",245.00,"8,100,808.00",117,-5.3,16.7,-2.16,7.04,-0.94,356.90,212.00,,
2023/07/04,119,MHNL,42.76,241.1,244.0,238.3,241.0,241.00,0.0,0.0,240.03,"28,106.00",239.70,"6,746,369.90",82,1.30,5.7,0.54,2.39,0.4,356.90,212.00,,
2023/05/16,111,MHNL,44.29,273.0,273.0,262.6,271.0,271.00,0.0,0.0,267.15,"5,072.00",267.90,"1,354,978.00",34,3.1,10.4,1.16,3.96,1.42,364.10,212.00,,
2023/05/17,107,MHNL,43.15,271.0,280.0,265.0,273.0,273.00,0.0,0.0,270.07,"11,701.00",271.00,"3,160,076.00",50,2.0,15.0,0.74,5.66,1.07,364.10,212.00,,
2023/05/18,110,MHNL,53.75,268.0,283.0,262.7,277.0,277.00,0.0,0.0,274.36,"16,909.00",273.00,"4,639,154.60",99,4.0,20.3,1.47,7.73,0.95,356.90,212.00,,
2023/05/21,116,MHNL,52.71,282.3,287.0,269.0,277.0,277.00,0.0,0.0,275.46,"27,240.00",277.00,"7,503,490.00",106,0.00,18.00,0.0,6.69,0.56,356.90,212.00,,
2023/05/22,112,MHNL,51.35,271.5,279.5,268.3,274.0,274.00,0.0,0.0,272.52,"16,755.00",277.00,"4,566,120.60",76,-3.00,11.20,-1.08,4.17,0.54,356.90,212.00,,
2023/05/23,113,MHNL,55.58,279.4,285.0,276.1,282.9,282.90,0.0,0.0,280.47,"24,165.00",274.00,"6,777,569.20",97,8.90,8.90,3.25,3.22,0.86,356.90,212.00,,
2023/05/24,114,MHNL,54.06,287.0,287.0,277.0,281.0,281.00,0.0,0.0,280.82,"17,349.00",282.90,"4,872,024.50",73,-1.90,10.00,-0.67,3.61,0.06,356.90,212.00,,
2023/05/28,111,MHNL,55.91,286.0,286.0,277.1,279.0,279.00,0.0,0.0,281.15,"21,489.00",281.00,"6,041,594.70",83,-2.00,8.90,-0.71,3.21,-0.77,356.90,212.00,,
2023/05/30,113,MHNL,50.15,275.0,280.5,266.6,273.0,273.00,0.0,0.0,272.98,"19,609.00",279.00,"5,352,882.00",79,-6.0,13.90,-2.15,5.21,0.01,356.90,212.00,,
2023/05/31,107,MHNL,35.89,267.6,277.0,261.7,266.0,266.00,0.0,0.0,266.51,"14,740.00",273.00,"3,928,323.00",69,-7.00,15.30,-2.56,5.85,-0.19,356.90,212.00,,
2023/06/01,111,MHNL,37.07,267.0,270.3,260.0,270.3,270.30,0.0,0.0,263.87,"12,736.00",266.00,"3,360,703.50",75,4.3,10.30,1.62,3.96,2.38,356.90,212.00,,
2023/06/04,113,MHNL,38.71,275.7,278.0,273.2,274.0,274.00,0.0,0.0,275.70,"11,354.00",270.30,"3,130,350.40",55,3.70,4.8,1.37,1.76,-0.62,356.90,212.00,,
2023/06/05,115,MHNL,40.34,270.0,284.0,270.0,270.0,270.00,0.0,0.0,274.67,"7,375.00",274.00,"2,025,723.00",49,-4.0,14.00,-1.46,5.19,-1.73,356.90,212.00,,
2023/06/06,110,MHNL,56.11,270.0,275.2,269.1,275.0,275.00,0.0,0.0,272.69,"35,206.00",270.00,"9,600,163.70",76,5.0,6.10,1.85,2.27,0.84,356.90,212.00,,
2023/06/07,106,MHNL,55.68,280.0,286.0,276.0,279.9,279.90,0.0,0.0,280.84,"38,564.00",275.00,"10,830,321.10",139,4.9,10.0,1.78,3.62,-0.34,356.90,212.00,,
2023/06/08,114,MHNL,42.79,285.3,285.3,276.1,278.0,278.00,0.0,0.0,278.02,"6,131.00",279.90,"1,704,559.30",45,-1.9,9.2,-0.68,3.33,-0.01,356.90,212.00,,
2023/04/20,113,MHNL,25.63,295.9,300.0,288.7,289.0,289.00,0.0,0.0,289.99,"2,600.00",290.10,"753,981.00",28,-1.1,11.30,-0.38,3.91,-0.34,382.40,212.00,,
2023/04/23,109,MHNL,27.24,286.2,290.0,285.0,285.0,285.00,0.0,0.0,286.10,"3,729.00",289.00,"1,066,849.00",34,-4.0,5.0,-1.38,1.75,-0.38,382.40,212.00,,
2023/04/24,113,MHNL,31.78,284.0,289.0,280.0,283.0,283.00,0.0,0.0,284.39,"7,406.00",285.00,"2,106,173.00",37,-2.0,9.0,-0.7,3.21,-0.49,382.40,212.00,,
2023/04/25,106,MHNL,42.0,280.1,291.0,280.1,289.9,289.90,0.0,0.0,289.03,"9,712.00",283.00,"2,807,090.50",50,6.9,10.9,2.44,3.89,0.3,382.40,212.00,,
2023/04/26,108,MHNL,31.17,289.9,294.0,284.2,284.5,284.50,0.0,0.0,286.77,"1,520.00",289.90,"435,891.00",21,-5.4,9.8,-1.86,3.45,-0.8,375.00,212.00,,
2023/04/27,111,MHNL,36.48,281.1,288.0,281.1,284.0,284.00,0.0,0.0,285.08,"5,690.00",284.50,"1,622,130.00",29,-0.50,6.9,-0.18,2.45,-0.38,375.00,212.00,,
2023/04/30,113,MHNL,30.55,280.4,283.0,278.6,279.0,279.00,0.0,0.0,279.92,"4,568.00",284.00,"1,278,673.00",40,-5.0,4.4,-1.76,1.58,-0.33,371.00,212.00,,
2023/05/02,113,MHNL,25.08,277.0,284.0,277.0,279.5,279.50,0.0,0.0,279.60,"3,590.00",279.00,"1,003,759.50",35,0.5,7.0,0.18,2.53,-0.04,371.00,212.00,,
2023/05/03,109,MHNL,26.27,283.9,283.9,263.4,273.9,273.90,0.0,0.0,272.34,"5,144.00",279.50,"1,400,891.40",27,-5.6,20.5,-2.0,7.78,0.57,371.00,212.00,,
2023/05/04,113,MHNL,31.34,279.0,279.0,267.0,277.7,277.70,0.0,0.0,272.39,"7,570.00",273.90,"2,061,955.00",62,3.8,12.0,1.39,4.49,1.91,371.00,212.00,,
2023/05/07,111,MHNL,27.78,280.0,280.0,271.0,273.0,273.00,0.0,0.0,271.84,"3,380.00",277.70,"918,830.00",27,-4.7,9.0,-1.69,3.32,0.42,371.00,212.00,,
2023/05/08,114,MHNL,26.99,270.0,270.0,258.8,268.2,268.20,0.0,0.0,264.50,"10,174.00",273.00,"2,691,054.10",59,-4.8,11.20,-1.76,4.33,1.38,371.00,212.00,,
2023/05/09,112,MHNL,30.5,273.5,274.0,264.0,267.0,267.00,0.0,0.0,269.48,"4,753.00",268.20,"1,280,842.50",38,-1.2,10.0,-0.45,3.79,-0.93,371.00,212.00,,
2023/05/10,109,MHNL,26.1,262.1,266.0,262.1,265.0,265.00,0.0,0.0,263.78,"2,790.00",267.00,"735,950.50",16,-2.0,3.9,-0.75,1.49,0.46,371.00,212.00,,
2023/05/11,109,MHNL,34.65,263.1,274.0,263.0,274.0,274.00,0.0,0.0,267.78,"1,630.00",265.00,"436,484.00",11,9.0,11.0,3.4,4.18,2.27,371.00,212.00,,
2023/05/14,109,MHNL,33.43,274.0,284.9,260.0,264.4,264.40,0.0,0.0,263.45,"3,836.00",274.00,"1,010,595.00",29,-9.6,24.9,-3.5,9.58,0.36,364.10,212.00,,
2023/06/11,116,MHNL,62.73,280.0,286.6,279.9,285.8,285.80,0.0,0.0,283.81,"40,240.00",278.00,"11,420,590.70",142,7.80,6.70,2.81,2.39,0.7,356.90,212.00,,
2023/07/05,117,MHNL,34.24,236.2,243.0,232.0,234.9,234.90,0.0,0.0,234.51,"11,673.00",241.00,"2,737,484.50",86,-6.1,11.00,-2.53,4.74,0.16,356.90,212.00,,
2023/07/30,111,MHNL,43.25,232.3,236.9,232.0,232.0,232.00,0.0,0.0,233.62,"24,295.00",237.00,"5,675,764.00",190,-5.0,4.90,-2.11,2.11,-0.7,356.90,212.00,,
2023/08/22,120,MHNL,43.55,174.0,190.3,174.0,186.9,186.90,0.0,0.0,177.70,"9,625.00",173.40,"1,710,382.70",51,13.5,16.3,7.79,9.37,4.92,356.90,172.00,,
2023/09/19,118,MHNL,52.42,192.7,200.0,187.0,199.9,199.90,0.0,0.0,195.09,"11,796.00",189.00,"2,301,245.40",91,10.9,13.0,5.77,6.95,2.41,356.90,169.00,,
2023/10/17,126,MHNL,26.43,189.0,194.5,183.7,184.1,184.10,0.0,0.0,188.15,"4,042.00",187.00,"760,502.50",23,-2.9,10.8,-1.55,5.88,-2.2,356.90,169.00,,
2023/11/26,128,MHNL,55.23,192.5,198.9,190.0,197.9,197.90,0.0,0.0,195.17,"6,970.00",192.50,"1,360,328.60",53,5.40,8.90,2.81,4.68,1.38,356.90,169.00,,
2023/12/19,136,MHNL,61.36,230.6,235.0,224.8,229.0,229.00,0.0,0.0,228.36,"31,517.00",226.20,"7,197,127.50",168,2.8,10.20,1.24,4.54,0.28,356.90,169.00,,
2024/01/17,133,MHNL,60.74,273.0,273.0,253.0,254.0,254.00,0.0,0.0,259.55,"74,322.00",273.50,"19,290,302.60",286,-19.5,20.0,-7.13,7.91,-2.19,355.00,169.00,,
2024/02/11,135,MHNL,45.18,283.0,283.0,272.0,273.7,273.70,0.0,0.0,278.37,"23,495.00",281.00,"6,540,249.00",114,-7.30,11.00,-2.6,4.04,-1.71,330.30,169.00,,
2024/03/06,140,MHNL,52.56,249.4,255.0,241.0,245.0,245.00,0.0,0.0,247.65,"26,924.00",244.70,"6,667,772.10",98,0.3,14.00,0.12,5.81,-1.08,315.00,169.00,,
2024/04/02,139,MHNL,32.91,243.0,245.0,236.5,236.6,236.60,0.0,0.0,237.84,"3,613.00",240.90,"859,323.40",37,-4.3,8.5,-1.78,3.59,-0.52,315.00,169.00,,
2024/05/02,137,MHNL,58.48,234.0,237.0,230.0,233.9,233.90,0.0,0.0,233.64,"14,169.00",233.00,"3,310,378.10",75,0.9,7.0,0.39,3.04,0.11,309.00,169.00,,
2024/05/29,133,MHNL,46.34,237.6,252.0,230.0,230.0,230.00,0.0,0.0,233.03,"17,595.00",233.00,"4,100,192.90",67,-3.00,22.00,-1.29,9.57,-1.32,309.00,169.00,,
2024/06/24,141,MHNL,40.05,235.0,241.0,233.3,238.0,238.00,0.0,0.0,237.54,"12,091.00",238.00,"2,872,125.00",69,0.0,7.70,0.0,3.3,0.19,309.00,169.00,,
2023/03/28,110,MHNL,49.46,306.0,306.0,295.0,304.0,304.00,0.0,0.0,301.52,"29,099.00",300.00,"8,774,075.20",105,4.0,11.0,1.33,3.73,0.81,421.20,212.00,,
2023/03/29,107,MHNL,38.58,299.0,303.2,297.0,303.0,303.00,0.0,0.0,300.51,"2,725.00",304.00,"818,883.20",29,-1.0,6.2,-0.33,2.09,0.82,421.20,212.00,,
2023/03/30,106,MHNL,43.67,305.0,305.0,295.0,299.5,299.50,0.0,0.0,298.42,"19,204.00",303.00,"5,730,770.80",67,-3.5,10.0,-1.16,3.39,0.36,421.20,212.00,,
2023/04/02,140,MHNL,35.86,253.0,253.7,245.6,246.5,246.50,0.0,0.0,248.04,"16,730.00",253.80,"4,149,699.80",62,-7.3,8.1,-2.88,3.3,-0.62,316.00,234.00,266.66,267.57
2023/04/03,108,MHNL,24.92,291.0,294.0,289.0,289.0,289.00,0.0,0.0,290.75,"11,118.00",292.00,"3,232,560.00",62,-3.0,5.0,-1.03,1.73,-0.61,406.00,212.00,,
2023/04/04,112,MHNL,23.96,290.0,292.9,285.2,289.9,289.90,0.0,0.0,289.52,"6,397.00",289.00,"1,852,082.60",46,0.9,7.7,0.31,2.7,0.13,405.00,212.00,,
2023/04/05,108,MHNL,25.66,295.0,295.0,286.0,289.0,289.00,0.0,0.0,289.65,"9,792.00",289.90,"2,836,258.50",56,-0.9,9.0,-0.31,3.15,-0.23,395.00,212.00,,
2023/04/06,110,MHNL,22.9,286.1,293.3,286.1,289.0,289.00,0.0,0.0,290.23,"7,575.00",289.00,"2,198,485.10",52,0.0,7.2,0.0,2.52,-0.43,395.00,212.00,,
2023/04/09,114,MHNL,29.3,294.6,294.6,280.0,281.0,281.00,0.0,0.0,284.24,"9,132.00",289.00,"2,595,666.50",64,-8.0,14.6,-2.77,5.21,-1.15,395.00,212.00,,
2023/04/10,107,MHNL,27.7,284.0,286.0,280.3,285.0,285.00,0.0,0.0,282.91,"3,080.00",281.00,"871,362.00",24,4.0,5.7,1.42,2.03,0.73,395.00,212.00,,
2023/04/11,110,MHNL,41.69,290.0,293.9,285.0,293.6,293.60,0.0,0.0,289.05,"5,935.00",285.00,"1,715,510.50",37,8.60,8.90,3.02,3.12,1.55,395.00,212.00,,
2023/04/12,109,MHNL,53.15,293.6,308.0,292.0,308.0,308.00,0.0,0.0,302.68,"36,808.00",293.60,"11,140,867.80",135,14.40,16.00,4.9,5.48,1.73,386.90,212.00,,
2023/04/13,140,MHNL,35.86,253.0,253.7,245.6,246.5,246.50,0.0,0.0,248.04,"16,730.00",253.80,"4,149,699.80",62,-7.3,8.1,-2.88,3.3,-0.62,316.00,234.00,266.66,267.57
2023/04/16,112,MHNL,42.1,304.0,304.0,296.0,299.7,299.70,0.0,0.0,299.72,"6,456.00",302.00,"1,934,994.00",53,-2.3,8.0,-0.76,2.7,-0.01,382.40,212.00,,
2023/04/17,109,MHNL,29.82,300.0,301.0,290.7,291.0,291.00,0.0,0.0,293.82,"8,910.00",299.70,"2,617,960.50",53,-8.7,10.3,-2.9,3.54,-0.97,382.40,212.00,,
2023/04/18,111,MHNL,30.17,296.0,296.0,286.0,290.0,290.00,0.0,0.0,288.25,"13,925.00",291.00,"4,013,829.00",65,-1.0,10.0,-0.34,3.5,0.6,382.40,212.00,,
2023/02/28,112,MHNL,33.41,305.0,309.0,301.1,301.1,301.10,0.0,0.0,304.40,"18,911.00",304.70,"5,756,558.00",97,-3.6,7.9,-1.18,2.62,-1.1,501.90,212.00,,
2023/03/01,110,MHNL,37.66,307.0,313.0,297.0,300.0,300.00,0.0,0.0,299.81,"17,090.00",301.10,"5,123,676.00",82,-1.10,16.00,-0.37,5.39,0.06,473.20,212.00,,
2023/03/02,111,MHNL,31.52,295.1,303.0,292.1,295.0,295.00,0.0,0.0,295.58,"19,706.00",300.00,"5,824,613.30",87,-5.0,10.9,-1.67,3.73,-0.2,473.20,212.00,,
2023/03/05,111,MHNL,29.07,300.5,300.5,287.0,287.0,287.00,0.0,0.0,289.98,"15,240.00",295.00,"4,419,360.00",84,-8.0,13.5,-2.71,4.7,-1.04,462.00,212.00,,
2023/03/07,110,MHNL,33.3,282.1,299.2,282.1,291.0,291.00,0.0,0.0,292.10,"17,420.00",287.00,"5,088,406.00",70,4.0,17.1,1.39,6.06,-0.38,462.00,212.00,,
2023/03/09,109,MHNL,47.02,295.0,306.0,295.0,305.0,305.00,0.0,0.0,300.84,"35,942.00",291.00,"10,812,707.50",134,14.0,11.0,4.81,3.73,1.36,462.00,212.00,,
2023/03/12,110,MHNL,43.19,309.0,310.9,299.0,301.9,301.90,0.0,0.0,304.85,"29,772.00",305.00,"9,076,128.50",128,-3.1,11.9,-1.02,3.98,-0.98,462.00,212.00,,
2023/03/13,109,MHNL,43.38,304.0,305.0,295.0,296.1,296.10,0.0,0.0,296.56,"41,584.00",301.90,"12,331,957.00",63,-5.8,10.0,-1.92,3.39,-0.15,462.00,212.00,,
2023/03/14,109,MHNL,40.69,301.0,301.0,295.2,300.0,300.00,0.0,0.0,299.17,"14,800.00",296.10,"4,427,783.00",63,3.9,5.8,1.32,1.96,0.28,462.00,212.00,,
2023/03/15,140,MHNL,35.86,253.0,253.7,245.6,246.5,246.50,0.0,0.0,248.04,"16,730.00",253.80,"4,149,699.80",62,-7.3,8.1,-2.88,3.3,-0.62,316.00,234.00,266.66,267.57
2023/03/16,107,MHNL,38.3,299.9,303.0,296.1,301.0,301.00,0.0,0.0,299.41,"10,595.00",300.00,"3,172,282.50",45,1.0,6.9,0.33,2.33,0.53,462.00,212.00,,
2023/03/19,109,MHNL,38.39,301.4,302.9,296.0,296.0,296.00,0.0,0.0,300.00,"18,811.00",301.00,"5,643,206.60",75,-5.0,6.9,-1.66,2.33,-1.35,462.00,212.00,,
2023/03/20,108,MHNL,41.83,293.5,305.7,293.5,301.6,301.60,0.0,0.0,300.76,"17,756.00",296.00,"5,340,353.50",86,5.6,12.2,1.89,4.16,0.28,462.00,212.00,,
2023/03/22,110,MHNL,37.64,307.0,308.0,297.0,299.0,299.00,0.0,0.0,300.71,"21,605.00",301.60,"6,496,901.80",88,-2.6,11.0,-0.86,3.7,-0.57,462.00,212.00,,
2023/03/23,108,MHNL,21.36,296.2,301.0,296.2,296.5,296.50,0.0,0.0,297.22,"5,645.00",299.00,"1,677,816.90",34,-2.5,4.8,-0.84,1.62,-0.24,440.00,212.00,,
2023/03/26,110,MHNL,33.29,291.5,295.5,290.0,295.5,295.50,0.0,0.0,291.88,"9,276.00",296.50,"2,707,463.80",67,-1.0,5.5,-0.34,1.9,1.23,423.00,212.00,,
2023/02/01,107,MHNL,38.67,329.9,330.0,322.5,327.0,327.00,0.0,0.0,327.12,"17,128.00",325.00,"5,602,967.50",80,2.0,7.5,0.62,2.33,-0.04,538.80,212.00,,
2023/02/02,109,MHNL,38.67,332.0,333.0,317.1,319.5,319.50,0.0,0.0,320.60,"41,186.00",327.00,"13,204,144.40",158,-7.5,15.9,-2.29,5.01,-0.34,538.80,212.00,,
2023/02/03,140,MHNL,35.86,253.0,253.7,245.6,246.5,246.50,0.0,0.0,248.04,"16,730.00",253.80,"4,149,699.80",62,-7.3,8.1,-2.88,3.3,-0.62,316.00,234.00,266.66,267.57
2023/02/05,112,MHNL,35.95,320.0,330.0,320.0,321.5,321.50,0.0,0.0,324.08,"16,408.00",319.50,"5,317,524.40",92,2.0,10.0,0.63,3.13,-0.8,538.80,212.00,,
2023/02/06,111,MHNL,37.23,316.1,326.4,316.1,326.0,326.00,0.0,0.0,322.14,"12,535.00",321.50,"4,037,987.20",79,4.5,10.3,1.4,3.26,1.18,538.80,212.00,,
2023/02/07,114,MHNL,48.67,332.5,344.0,326.4,344.0,344.00,0.0,0.0,337.89,"49,921.00",326.00,"16,868,022.20",242,18.0,17.6,5.52,5.39,1.77,538.80,212.00,,
2023/02/08,111,MHNL,51.81,349.8,355.0,334.0,335.1,335.10,0.0,0.0,341.40,"82,104.00",344.00,"28,030,346.40",278,-8.9,21.0,-2.59,6.29,-1.88,538.80,212.00,,
2023/02/09,111,MHNL,45.35,338.9,348.0,330.0,337.0,337.00,0.0,0.0,334.72,"37,063.00",335.10,"12,405,545.80",120,1.9,18.0,0.57,5.45,0.68,513.00,212.00,,
2023/02/12,107,MHNL,31.45,330.3,330.3,316.7,317.0,317.00,0.0,0.0,321.75,"81,623.00",337.00,"26,262,052.50",297,-20.0,13.6,-5.93,4.29,-1.5,510.00,212.00,,
2023/02/14,111,MHNL,29.74,318.0,325.0,315.0,315.7,315.70,0.0,0.0,318.58,"26,533.00",317.00,"8,452,878.80",126,-1.30,10.0,-0.41,3.17,-0.91,510.00,212.00,,
2023/02/15,111,MHNL,35.92,322.0,324.8,307.0,307.0,307.00,0.0,0.0,312.72,"64,997.00",315.70,"20,325,720.90",200,-8.70,17.80,-2.76,5.8,-1.86,510.00,212.00,,
2023/02/16,109,MHNL,28.55,306.1,314.0,301.9,302.0,302.00,0.0,0.0,305.75,"35,574.00",307.00,"10,876,619.30",143,-5.00,12.10,-1.63,4.01,-1.24,510.00,212.00,,
2023/02/20,110,MHNL,34.01,301.0,305.0,295.0,301.0,301.00,0.0,0.0,298.82,"41,270.00",302.00,"12,332,476.00",140,-1.0,10.0,-0.33,3.39,0.72,509.90,212.00,,
2023/02/22,116,MHNL,40.68,303.0,314.9,302.0,311.8,311.80,0.0,0.0,307.18,"41,994.00",301.00,"12,899,527.30",130,10.8,12.9,3.59,4.27,1.48,509.90,212.00,,
2023/02/23,112,MHNL,34.45,310.9,310.9,298.7,302.5,302.50,0.0,0.0,303.00,"25,114.00",311.80,"7,609,506.00",125,-9.3,12.2,-2.98,4.08,-0.16,506.90,212.00,,
2023/02/26,110,MHNL,45.27,296.5,308.9,290.6,305.0,305.00,0.0,0.0,297.81,"44,660.00",302.50,"13,300,026.20",181,2.5,18.3,0.83,6.3,2.36,503.00,212.00,,
2023/01/03,111,MHNL,58.17,271.0,287.6,269.0,277.0,277.00,0.0,0.0,278.48,"39,081.00",273.90,"10,883,218.20",191,3.1,18.6,1.13,6.91,-0.53,551.30,212.00,,
2023/01/04,112,MHNL,57.72,280.0,300.9,277.0,299.0,299.00,0.0,0.0,290.97,"62,499.00",277.00,"18,185,080.60",262,22.0,23.9,7.94,8.63,2.69,551.30,212.00,,
2023/01/05,110,MHNL,62.35,300.0,307.0,291.1,303.0,303.00,0.0,0.0,298.90,"86,342.00",299.00,"25,807,698.10",339,4.0,15.9,1.34,5.46,1.35,551.30,212.00,,
2023/01/08,113,MHNL,59.49,306.0,319.0,294.0,303.8,303.80,0.0,0.0,307.59,"80,536.00",303.00,"24,771,922.20",340,0.80,25.00,0.26,8.5,-1.25,551.30,212.00,,
2023/01/09,112,MHNL,66.45,307.0,329.8,303.0,328.0,328.00,0.0,0.0,319.62,"114,087.00",303.80,"36,464,394.10",457,24.2,26.8,7.97,8.84,2.56,551.30,212.00,,
2023/01/10,109,MHNL,60.49,334.0,356.9,321.6,322.0,322.00,0.0,0.0,341.14,"145,405.00",328.00,"49,603,519.10",603,-6.0,35.3,-1.83,10.98,-5.94,551.30,212.00,,
2023/01/12,110,MHNL,57.21,327.0,347.0,317.0,319.0,319.00,0.0,0.0,325.21,"105,244.00",322.00,"34,226,442.70",445,-3.0,30.0,-0.93,9.46,-1.95,551.30,212.00,,
2023/01/17,106,MHNL,58.25,320.0,339.6,316.2,338.0,338.00,0.0,0.0,330.45,"96,508.00",319.00,"31,890,884.90",331,19.0,23.4,5.96,7.4,2.23,551.30,212.00,,
2023/01/18,107,MHNL,53.16,344.0,352.0,333.2,336.0,336.00,0.0,0.0,343.21,"81,105.00",338.00,"27,836,030.70",318,-2.0,18.8,-0.59,5.64,-2.15,551.30,212.00,,
2023/01/19,105,MHNL,52.34,342.0,347.8,331.3,339.8,339.80,0.0,0.0,339.94,"43,333.00",336.00,"14,730,806.60",195,3.8,16.5,1.13,4.98,-0.04,549.00,212.00,,
2023/01/23,110,MHNL,51.32,340.0,342.1,324.0,325.0,325.00,0.0,0.0,331.96,"80,754.00",339.80,"26,807,230.10",312,-14.8,18.1,-4.36,5.59,-2.14,549.00,212.00,,
2023/01/24,109,MHNL,50.4,330.0,330.0,313.0,325.0,325.00,0.0,0.0,319.97,"106,814.00",325.00,"34,177,692.90",293,0.0,17.0,0.0,5.43,1.55,538.80,212.00,,
2023/01/25,108,MHNL,54.83,331.4,350.2,326.1,340.0,340.00,0.0,0.0,342.30,"126,806.00",325.00,"43,405,208.80",445,15.0,24.1,4.62,7.39,-0.68,538.80,212.00,,
2023/01/26,106,MHNL,50.72,342.0,352.0,340.0,343.9,343.90,0.0,0.0,346.74,"67,525.00",340.00,"23,413,615.50",263,3.9,12.0,1.15,3.53,-0.83,538.80,212.00,,
2023/01/29,110,MHNL,48.58,338.1,343.0,333.0,337.0,337.00,0.0,0.0,338.51,"38,355.00",343.90,"12,983,683.00",183,-6.9,10.0,-2.01,3.0,-0.45,538.80,212.00,,
2023/01/30,109,MHNL,42.65,335.0,337.0,326.0,330.0,330.00,0.0,0.0,331.16,"50,375.00",337.00,"16,682,254.00",178,-7.0,11.0,-2.08,3.37,-0.35,538.80,212.00,,
2022/12/07,107,MHNL,33.09,255.0,255.0,248.2,252.9,252.90,0.0,0.0,250.85,"12,643.00",253.00,"3,171,468.90",46,-0.1,6.8,-0.04,2.74,0.81,551.30,212.00,,
2022/12/11,110,MHNL,28.49,248.1,251.0,243.0,247.0,247.00,0.0,0.0,245.84,"8,790.00",252.90,"2,160,975.90",60,-5.9,8.0,-2.33,3.29,0.47,551.30,212.00,,
2022/12/12,108,MHNL,32.18,250.0,255.0,245.0,248.9,248.90,0.0,0.0,247.93,"13,395.00",247.00,"3,321,017.90",46,1.9,10.0,0.77,4.08,0.39,551.30,212.00,,
2022/12/13,107,MHNL,32.31,248.0,252.0,247.1,251.0,251.00,0.0,0.0,249.21,"2,860.00",248.90,"712,743.00",20,2.1,4.9,0.84,1.98,0.71,551.30,212.00,,
2022/12/14,108,MHNL,28.28,249.0,254.0,246.2,248.0,248.00,0.0,0.0,249.89,"5,230.00",251.00,"1,306,901.40",35,-3.0,7.8,-1.2,3.17,-0.76,551.30,212.00,,
2022/12/15,112,MHNL,32.91,250.0,250.0,243.0,246.8,246.80,0.0,0.0,244.53,"6,367.00",248.00,"1,556,940.20",47,-1.2,7.0,-0.48,2.88,0.92,551.30,212.00,,
2022/12/18,109,MHNL,24.47,241.9,243.0,235.0,235.5,235.50,0.0,0.0,238.12,"16,124.00",246.80,"3,839,471.60",83,-11.3,8.0,-4.58,3.4,-1.11,551.30,212.00,,
2022/12/19,110,MHNL,21.52,231.6,243.0,231.6,236.1,236.10,0.0,0.0,236.85,"6,601.00",235.50,"1,563,452.60",29,0.6,11.4,0.25,4.92,-0.32,551.30,212.00,,
2022/12/20,112,MHNL,24.28,236.0,244.0,236.0,241.0,241.00,0.0,0.0,238.76,"5,678.00",236.10,"1,355,689.50",37,4.9,8.0,2.08,3.39,0.93,551.30,212.00,,
2022/12/21,110,MHNL,23.28,240.0,240.0,236.4,239.0,239.00,0.0,0.0,237.42,"3,675.00",241.00,"872,503.00",21,-2.0,3.6,-0.83,1.52,0.66,551.30,212.00,,
2022/12/22,108,MHNL,31.85,235.0,239.6,231.5,233.0,233.00,0.0,0.0,233.37,"6,889.00",239.00,"1,607,660.50",44,-6.0,8.1,-2.51,3.5,-0.16,551.30,212.00,,
2022/12/26,108,MHNL,43.43,237.6,253.0,236.6,249.0,249.00,0.0,0.0,245.59,"21,444.00",233.00,"5,266,449.70",96,16.0,16.4,6.87,6.93,1.37,551.30,212.00,,
2022/12/27,114,MHNL,50.32,253.9,265.0,253.9,260.0,260.00,0.0,0.0,259.79,"48,668.00",249.00,"12,643,570.20",198,11.0,11.10,4.42,4.37,0.08,551.30,212.00,,
2022/12/28,140,MHNL,35.86,253.0,253.7,245.6,246.5,246.50,0.0,0.0,248.04,"16,730.00",253.80,"4,149,699.80",62,-7.3,8.1,-2.88,3.3,-0.62,316.00,234.00,266.66,267.57
2022/12/29,113,MHNL,54.74,256.0,271.0,252.1,270.0,270.00,0.0,0.0,264.91,"38,228.00",256.70,"10,127,001.50",166,13.3,18.9,5.18,7.5,1.88,551.30,212.00,,
2023/01/01,116,MHNL,56.35,270.0,280.0,263.0,267.5,267.50,0.0,0.0,272.35,"66,163.00",270.00,"18,019,481.80",269,-2.5,17.00,-0.93,6.46,-1.81,551.30,212.00,,
2022/11/13,101,MHNL,24.16,233.0,234.0,226.1,230.6,230.60,0.0,0.0,226.80,"3,920.00",230.50,"889,055.00",25,0.1,7.9,0.04,3.49,1.65,551.30,212.00,,
2022/11/14,98,MHNL,30.89,233.0,235.2,230.0,235.0,235.00,0.0,0.0,232.89,"12,729.00",230.60,"2,964,500.00",51,4.4,5.2,1.91,2.26,0.9,551.30,212.00,,
2022/11/15,100,MHNL,29.68,237.0,243.0,236.0,236.0,236.00,0.0,0.0,239.67,"9,580.00",235.00,"2,296,023.00",52,1.0,7.0,0.43,2.97,-1.55,551.30,212.00,,
2022/11/16,99,MHNL,52.73,235.0,243.0,235.0,242.9,242.90,0.0,0.0,239.06,"12,545.00",236.00,"2,998,956.10",58,6.9,8.0,2.92,3.4,1.58,551.30,212.00,,
2022/11/17,96,MHNL,55.53,243.0,255.0,242.1,253.0,253.00,0.0,0.0,249.87,"35,004.00",242.90,"8,746,450.50",146,10.1,12.90,4.16,5.33,1.24,551.30,212.00,,
2022/11/19,140,MHNL,35.86,253.0,253.7,245.6,246.5,246.50,0.0,0.0,248.04,"16,730.00",253.80,"4,149,699.80",62,-7.3,8.1,-2.88,3.3,-0.62,316.00,234.00,266.66,267.57
2022/11/22,100,MHNL,57.99,258.0,264.1,253.0,255.0,255.00,0.0,0.0,258.84,"37,302.00",253.00,"9,655,122.00",143,2.00,11.1,0.79,4.39,-1.5,551.30,212.00,,
2022/11/23,99,MHNL,52.61,252.0,258.4,248.0,258.0,258.00,0.0,0.0,252.66,"14,653.00",255.00,"3,702,270.70",80,3.0,10.4,1.18,4.19,2.07,551.30,212.00,,
2022/11/24,100,MHNL,47.34,260.0,260.0,251.0,259.0,259.00,0.0,0.0,257.49,"14,463.00",258.00,"3,724,111.50",89,1.0,9.0,0.39,3.59,0.58,551.30,212.00,,
2022/11/27,104,MHNL,53.1,264.0,275.4,258.0,273.8,273.80,0.0,0.0,264.40,"36,528.00",259.00,"9,658,120.40",147,14.8,17.4,5.71,6.74,3.43,551.30,212.00,,
2022/11/28,104,MHNL,49.42,279.0,279.0,263.3,265.0,265.00,0.0,0.0,269.62,"19,160.00",273.80,"5,165,986.10",100,-8.8,15.7,-3.21,5.96,-1.74,551.30,212.00,,
2022/11/29,102,MHNL,47.42,267.0,269.0,260.0,264.4,264.40,0.0,0.0,261.76,"25,129.00",265.00,"6,577,785.00",84,-0.6,9.0,-0.23,3.46,1.0,551.30,212.00,,
2022/11/30,104,MHNL,41.09,260.0,269.0,260.0,265.0,265.00,0.0,0.0,265.10,"11,249.00",264.40,"2,982,135.00",50,0.6,9.0,0.23,3.46,-0.04,551.30,212.00,,
2022/12/01,107,MHNL,33.8,268.8,268.8,260.6,261.0,261.00,0.0,0.0,263.00,"9,725.00",265.00,"2,557,660.00",68,-4.0,8.2,-1.51,3.15,-0.77,551.30,212.00,,
2022/12/04,106,MHNL,36.93,262.0,266.0,259.0,263.5,263.50,0.0,0.0,260.92,"6,905.00",261.00,"1,801,663.50",45,2.5,7.0,0.96,2.7,0.98,551.30,212.00,,
2022/12/05,105,MHNL,37.4,260.0,261.0,251.0,251.0,251.00,0.0,0.0,255.06,"12,841.00",263.50,"3,275,251.90",70,-12.5,10.0,-4.74,3.98,-1.62,551.30,212.00,,
2022/10/11,101,MHNL,29.77,227.0,230.0,227.0,230.0,230.00,0.0,0.0,227.97,"1,330.00",231.00,"303,199.50",13,-1.0,3.0,-0.43,1.32,0.88,551.30,215.60,,
2022/10/12,98,MHNL,33.06,234.0,236.9,224.9,235.0,235.00,0.0,0.0,229.77,"1,659.00",230.00,"381,185.00",20,5.0,12.0,2.17,5.34,2.23,551.30,215.60,,
2022/10/13,98,MHNL,29.21,235.0,237.0,227.5,230.0,230.00,0.0,0.0,231.60,"4,970.00",235.00,"1,151,057.50",32,-5.0,9.5,-2.13,4.18,-0.7,551.30,215.60,,
2022/10/16,96,MHNL,34.01,230.0,230.0,225.0,228.0,228.00,0.0,0.0,225.55,"5,025.00",230.00,"1,133,408.00",23,-2.00,5.0,-0.87,2.22,1.07,551.30,215.60,,
2022/10/17,96,MHNL,31.23,223.5,227.0,220.0,223.0,223.00,0.0,0.0,222.81,"4,999.00",228.00,"1,113,823.00",30,-5.0,7.0,-2.19,3.18,0.09,551.30,215.60,,
2022/10/19,93,MHNL,22.16,219.0,223.0,216.1,216.1,216.10,0.0,0.0,217.83,"3,516.00",223.00,"765,902.20",34,-6.9,6.9,-3.09,3.19,-0.8,551.30,215.60,,
2022/10/20,96,MHNL,26.14,213.0,224.0,212.0,217.6,217.60,0.0,0.0,217.20,"3,393.00",216.10,"736,971.20",22,1.5,12.0,0.69,5.66,0.18,551.30,212.00,,
2022/10/23,98,MHNL,24.36,217.6,220.0,215.8,217.3,217.30,0.0,0.0,217.61,850.00,217.60,"184,972.00",11,-0.3,4.2,-0.14,1.95,-0.14,551.30,212.00,,
2022/10/31,97,MHNL,33.23,216.0,218.0,215.0,217.9,217.90,0.0,0.0,215.58,"2,346.00",217.30,"505,759.00",22,0.6,3.0,0.28,1.4,1.06,551.30,212.00,,
2022/11/01,99,MHNL,43.01,215.3,237.0,215.3,237.0,237.00,0.0,0.0,231.04,"16,332.00",217.90,"3,773,382.70",79,19.1,21.7,8.77,10.08,2.51,551.30,212.00,,
2022/11/02,99,MHNL,48.33,240.0,244.7,231.0,231.2,231.20,0.0,0.0,237.90,"21,381.00",237.00,"5,086,535.40",88,-5.8,13.7,-2.45,5.93,-2.9,551.30,212.00,,
2022/11/03,96,MHNL,44.43,234.0,240.0,232.4,232.5,232.50,0.0,0.0,234.45,"6,955.00",231.20,"1,630,617.00",43,1.30,7.60,0.56,3.27,-0.84,551.30,212.00,,
2022/11/06,100,MHNL,52.98,235.0,249.2,235.0,249.2,249.20,0.0,0.0,244.21,"9,197.00",232.50,"2,246,002.00",57,16.7,14.2,7.18,6.04,2.0,551.30,212.00,,
2022/11/07,98,MHNL,52.02,244.5,256.8,240.0,240.0,240.00,0.0,0.0,248.16,"27,781.00",249.20,"6,894,021.50",123,-9.2,16.8,-3.69,7.0,-3.4,551.30,212.00,,
2022/11/08,98,MHNL,51.2,235.5,250.9,235.2,240.6,240.60,0.0,0.0,242.49,"11,879.00",240.00,"2,880,500.00",48,0.6,15.7,0.25,6.68,-0.78,551.30,212.00,,
2022/11/09,97,MHNL,54.25,241.0,243.0,233.0,237.0,237.00,0.0,0.0,235.33,"19,590.00",240.60,"4,610,116.90",61,-3.6,10.0,-1.5,4.29,0.7,551.30,212.00,,
2022/09/08,94,MHNL,27.78,258.0,266.0,256.3,264.0,264.00,0.0,0.0,261.54,"8,270.00",261.00,"2,162,977.00",41,3.0,9.7,1.15,3.78,0.93,606.00,215.60,,
2022/09/11,93,MHNL,22.2,260.8,265.0,258.0,260.0,260.00,0.0,0.0,260.29,"4,085.00",264.00,"1,063,266.00",33,-4.0,7.0,-1.52,2.71,-0.11,606.00,215.60,,
2022/09/12,93,MHNL,26.25,258.1,258.1,252.0,255.0,255.00,0.0,0.0,253.92,"6,725.00",260.00,"1,707,636.00",51,-5.0,6.1,-1.92,2.42,0.42,606.00,215.60,,
2022/09/13,98,MHNL,32.44,259.0,263.9,257.0,261.0,261.00,0.0,0.0,260.34,"8,149.00",255.00,"2,121,483.00",47,6.0,6.9,2.35,2.68,0.25,606.00,215.60,,
2022/09/14,97,MHNL,40.39,264.9,280.0,260.0,275.9,275.90,0.0,0.0,269.94,"19,460.00",261.00,"5,252,957.80",121,14.9,20.0,5.71,7.69,2.16,587.50,215.60,,
2022/09/15,96,MHNL,40.71,276.0,276.0,257.1,264.0,264.00,0.0,0.0,266.64,"37,195.00",275.90,"9,917,671.50",117,-11.9,18.9,-4.31,7.35,-1.0,569.00,215.60,,
2022/09/16,93,MHNL,38.82,259.0,259.0,245.0,256.9,256.90,0.0,0.0,251.05,"21,971.00",264.00,"5,515,721.90",90,-7.1,14.0,-2.69,5.71,2.28,551.30,215.60,,
2022/09/18,99,MHNL,26.99,252.0,255.0,239.3,240.0,240.00,0.0,0.0,245.67,"19,090.00",256.90,"4,689,867.40",78,-16.9,15.7,-6.58,6.56,-2.36,551.30,215.60,,
2022/09/20,101,MHNL,21.15,236.2,237.1,232.0,234.0,234.00,0.0,0.0,234.43,"9,650.00",240.00,"2,262,296.00",53,-6.0,5.1,-2.5,2.2,-0.19,551.30,215.60,,
2022/09/21,97,MHNL,24.18,236.0,242.6,235.0,236.0,236.00,0.0,0.0,238.33,"7,480.00",234.00,"1,782,710.00",43,2.0,7.6,0.85,3.23,-0.99,551.30,215.60,,
2022/09/22,98,MHNL,19.47,239.0,239.0,230.0,232.0,232.00,0.0,0.0,234.02,"5,027.00",236.00,"1,176,401.00",35,-4.0,9.00,-1.69,3.91,-0.87,551.30,215.60,,
2022/09/25,98,MHNL,23.05,228.0,234.0,219.0,222.2,222.20,0.0,0.0,223.89,"7,530.00",232.00,"1,685,900.50",47,-9.8,15.0,-4.22,6.85,-0.76,551.30,215.60,,
2022/09/27,98,MHNL,32.31,225.0,235.0,225.0,228.0,228.00,0.0,0.0,231.06,"14,480.00",222.20,"3,345,790.00",65,5.8,10.0,2.61,4.44,-1.34,551.30,215.60,,
2022/09/28,95,MHNL,27.54,231.0,235.6,229.2,229.2,229.20,0.0,0.0,231.36,"5,752.00",228.00,"1,330,799.00",30,1.2,6.4,0.53,2.79,-0.94,551.30,215.60,,
2022/09/29,94,MHNL,33.12,230.0,230.0,226.0,229.8,229.80,0.0,0.0,226.68,"11,765.00",229.20,"2,666,912.60",46,0.6,4.0,0.26,1.77,1.36,551.30,215.60,,
2022/10/09,140,MHNL,35.86,253.0,253.7,245.6,246.5,246.50,0.0,0.0,248.04,"16,730.00",253.80,"4,149,699.80",62,-7.3,8.1,-2.88,3.3,-0.62,316.00,234.00,266.66,267.57
2022/08/18,93,MHNL,44.66,299.0,308.0,296.3,303.2,303.20,0.0,0.0,303.32,"37,304.00",295.00,"11,315,189.80",199,8.2,11.7,2.78,3.95,-0.04,717.00,215.60,,
2022/08/21,140,MHNL,35.86,253.0,253.7,245.6,246.5,246.50,0.0,0.0,248.04,"16,730.00",253.80,"4,149,699.80",62,-7.3,8.1,-2.88,3.3,-0.62,316.00,234.00,266.66,267.57
2022/08/22,93,MHNL,44.25,300.0,302.0,295.0,296.8,296.80,0.0,0.0,297.82,"24,479.00",297.60,"7,290,298.80",108,-0.8,7.0,-0.27,2.37,-0.34,617.00,215.60,,
2022/08/23,94,MHNL,42.12,298.9,300.0,292.1,297.0,297.00,0.0,0.0,295.21,"23,901.00",296.80,"7,055,841.10",84,0.2,7.9,0.07,2.7,0.6,617.00,215.60,,
2022/08/24,94,MHNL,28.31,297.0,300.0,290.0,296.8,296.80,0.0,0.0,292.65,"34,490.00",297.00,"10,093,461.40",129,-0.2,10.0,-0.07,3.45,1.4,617.00,215.60,,
2022/08/25,96,MHNL,31.71,299.9,299.9,286.2,291.9,291.90,0.0,0.0,291.39,"28,858.00",296.80,"8,408,895.00",106,-4.9,13.7,-1.65,4.79,0.18,606.00,215.60,,
2022/08/26,90,MHNL,25.69,286.4,290.0,280.7,282.1,282.10,0.0,0.0,284.12,"20,464.00",291.90,"5,814,241.10",87,-9.8,9.3,-3.36,3.31,-0.72,606.00,215.60,,
2022/08/28,96,MHNL,23.69,280.0,282.0,268.0,268.0,268.00,0.0,0.0,272.67,"30,202.00",282.10,"8,235,137.70",151,-14.1,14.0,-5.0,5.22,-1.74,606.00,215.60,,
2022/08/29,95,MHNL,22.76,267.0,274.0,267.0,272.0,272.00,0.0,0.0,270.72,"12,368.00",268.00,"3,348,292.00",67,4.0,7.0,1.49,2.62,0.47,606.00,215.60,,
2022/08/30,98,MHNL,21.84,274.9,275.0,268.0,270.0,270.00,0.0,0.0,269.79,"11,105.00",272.00,"2,996,031.80",52,-2.0,7.0,-0.74,2.61,0.08,606.00,215.60,,
2022/08/31,94,MHNL,26.67,270.0,273.0,262.0,262.0,262.00,0.0,0.0,266.88,"9,427.00",270.00,"2,515,885.00",40,-8.0,11.0,-2.96,4.2,-1.86,606.00,215.60,,
2022/09/01,94,MHNL,31.64,261.0,270.2,260.7,262.2,262.20,0.0,0.0,264.31,"19,947.00",262.00,"5,272,234.20",86,0.2,9.5,0.08,3.64,-0.81,606.00,215.60,,
2022/09/02,94,MHNL,29.52,266.0,267.0,260.0,265.0,265.00,0.0,0.0,263.57,"7,480.00",262.20,"1,971,499.00",36,2.8,7.0,1.07,2.69,0.54,606.00,215.60,,
2022/09/04,98,MHNL,30.51,268.0,273.0,264.2,272.9,272.90,0.0,0.0,268.59,"4,443.00",265.00,"1,193,359.50",36,7.9,8.8,2.98,3.33,1.58,606.00,215.60,,
2022/09/05,94,MHNL,34.12,276.0,276.0,270.2,270.2,270.20,0.0,0.0,272.04,"7,257.00",272.90,"1,974,172.50",32,-2.7,5.8,-0.99,2.15,-0.68,606.00,215.60,,
2022/09/06,95,MHNL,31.88,270.0,270.0,262.8,263.0,263.00,0.0,0.0,265.20,"10,901.00",270.20,"2,890,909.40",61,-7.2,7.2,-2.66,2.74,-0.84,606.00,215.60,,
2022/07/28,93,MHNL,52.79,304.0,312.0,294.0,304.0,304.00,0.0,0.0,307.03,"95,219.00",300.00,"29,235,147.70",333,4.0,18.00,1.33,6.12,-1.0,720.00,215.60,,
2022/07/29,90,MHNL,36.88,310.0,310.0,292.1,300.0,300.00,0.0,0.0,298.74,"18,903.00",304.00,"5,647,139.00",111,-4.0,17.90,-1.32,6.13,0.42,720.00,215.60,,
2022/07/31,95,MHNL,45.12,300.0,309.0,300.0,303.0,303.00,0.0,0.0,304.08,"49,306.00",300.00,"14,993,004.70",203,3.0,9.0,1.0,3.0,-0.36,720.00,215.60,,
2022/08/01,93,MHNL,48.25,309.0,314.1,301.0,301.2,301.20,0.0,0.0,306.55,"70,850.00",303.00,"21,718,958.90",268,-1.8,13.1,-0.59,4.35,-1.78,720.00,215.60,,
2022/08/02,92,MHNL,51.17,295.6,315.1,295.6,313.0,313.00,0.0,0.0,309.39,"101,742.00",301.20,"31,477,785.30",349,11.8,19.5,3.92,6.6,1.15,720.00,215.60,,
2022/08/03,94,MHNL,52.89,306.8,339.0,306.8,328.3,328.30,0.0,0.0,331.74,"142,683.00",313.00,"47,333,677.50",620,15.3,32.2,4.89,10.5,-1.05,720.00,215.60,,
2022/08/04,92,MHNL,46.29,321.8,331.0,309.0,313.0,313.00,0.0,0.0,323.08,"74,383.00",328.30,"24,031,719.30",310,-15.3,22.0,-4.66,7.12,-3.22,720.00,215.60,,
2022/08/05,91,MHNL,42.6,310.0,318.0,305.5,305.5,305.50,0.0,0.0,311.07,"36,230.00",313.00,"11,270,225.90",182,-7.5,12.5,-2.4,4.09,-1.82,720.00,215.60,,
2022/08/07,91,MHNL,38.19,305.0,318.0,305.0,312.9,312.90,0.0,0.0,311.60,"44,613.00",305.50,"13,901,518.80",255,7.4,13.0,2.42,4.26,0.41,720.00,215.60,,
2022/08/08,91,MHNL,36.74,317.0,317.0,302.9,302.9,302.90,0.0,0.0,308.82,"46,960.00",312.90,"14,502,175.70",212,-10.00,14.10,-3.2,4.66,-1.95,720.00,215.60,,
2022/08/09,95,MHNL,33.81,307.0,307.0,294.0,294.0,294.00,0.0,0.0,300.02,"45,500.00",302.90,"13,650,816.50",221,-8.9,13.0,-2.94,4.42,-2.05,720.00,215.60,,
2022/08/10,97,MHNL,29.18,299.8,301.0,290.0,296.2,296.20,0.0,0.0,294.94,"20,875.00",294.00,"6,156,770.20",129,2.2,11.00,0.75,3.79,0.43,720.00,215.60,,
2022/08/11,97,MHNL,29.53,296.0,308.0,285.0,287.0,287.00,0.0,0.0,291.91,"35,143.00",296.20,"10,258,538.50",182,-9.20,23.00,-3.11,8.07,-1.71,720.00,215.60,,
2022/08/14,95,MHNL,27.62,292.7,298.0,284.0,289.0,289.00,0.0,0.0,291.38,"42,607.00",287.00,"12,414,930.30",243,2.0,14.0,0.7,4.93,-0.82,718.00,215.60,,
2022/08/15,90,MHNL,41.46,292.7,306.0,291.2,303.0,303.00,0.0,0.0,298.03,"39,183.00",289.00,"11,677,801.30",170,14.0,14.8,4.84,5.08,1.64,718.00,215.60,,
2022/08/16,95,MHNL,28.21,303.0,307.0,290.2,291.0,291.00,0.0,0.0,298.21,"39,644.00",303.00,"11,822,053.30",189,-12.00,16.80,-3.96,5.79,-2.48,717.00,215.60,,
2022/07/08,92,MHNL,29.04,291.0,291.0,272.0,277.0,277.00,0.0,0.0,274.54,"5,858.00",287.00,"1,608,267.90",55,-10.0,19.0,-3.48,6.99,0.89,720.00,215.60,,
2022/07/11,94,MHNL,29.74,271.5,271.5,252.0,252.0,252.00,0.0,0.0,256.69,"21,613.00",277.00,"5,547,848.00",137,-25.0,19.5,-9.03,7.74,-1.86,720.00,215.60,,
2022/07/12,96,MHNL,26.81,257.0,269.6,246.0,259.0,259.00,0.0,0.0,253.58,"14,761.00",252.00,"3,743,055.00",98,7.0,23.6,2.78,9.59,2.09,720.00,215.60,,
2022/07/13,95,MHNL,39.67,263.0,284.0,258.0,283.0,283.00,0.0,0.0,268.19,"34,461.00",259.00,"9,241,941.20",144,24.0,26.0,9.27,10.08,5.23,720.00,215.60,,
2022/07/14,93,MHNL,39.96,280.0,288.0,272.0,285.6,285.60,0.0,0.0,278.90,"26,892.00",283.00,"7,500,134.60",137,2.6,16.00,0.92,5.88,2.35,720.00,215.60,,
2022/07/15,97,MHNL,42.93,291.3,291.3,272.0,272.0,272.00,0.0,0.0,276.14,"11,235.00",285.60,"3,102,474.00",49,-13.6,19.3,-4.76,7.1,-1.52,720.00,215.60,,
2022/07/17,90,MHNL,34.48,277.4,277.4,261.4,270.0,270.00,0.0,0.0,272.67,"10,002.00",272.00,"2,727,208.00",69,-2.0,16.0,-0.74,6.12,-0.99,720.00,215.60,,
2022/07/18,89,MHNL,25.87,275.0,278.0,265.0,274.0,274.00,0.0,0.0,272.06,"9,215.00",270.00,"2,507,042.50",44,4.00,13.0,1.48,4.91,0.71,720.00,215.60,,
2022/07/19,90,MHNL,31.46,278.0,284.0,271.0,279.0,279.00,0.0,0.0,279.24,"24,117.00",274.00,"6,734,550.00",129,5.0,13.0,1.82,4.8,-0.09,720.00,215.60,,
2022/07/20,90,MHNL,34.92,284.5,284.5,272.0,272.1,272.10,0.0,0.0,277.33,"17,094.00",279.00,"4,740,658.20",71,-6.9,12.5,-2.47,4.6,-1.92,720.00,215.60,,
2022/07/21,94,MHNL,37.37,277.5,277.5,269.0,275.5,275.50,0.0,0.0,270.99,"14,214.00",272.10,"3,851,786.50",71,3.4,8.5,1.25,3.16,1.64,720.00,215.60,,
2022/07/22,90,MHNL,32.33,281.0,281.0,262.0,271.2,271.20,0.0,0.0,266.17,"13,360.00",275.50,"3,556,021.10",81,-4.3,19.0,-1.56,7.25,1.85,720.00,215.60,,
2022/07/23,140,MHNL,35.86,253.0,253.7,245.6,246.5,246.50,0.0,0.0,248.04,"16,730.00",253.80,"4,149,699.80",62,-7.3,8.1,-2.88,3.3,-0.62,316.00,234.00,266.66,267.57
2022/07/24,91,MHNL,40.33,276.6,287.0,270.0,286.9,286.90,0.0,0.0,279.99,"36,109.00",271.20,"10,110,200.00",148,15.7,17.0,5.79,6.3,2.41,720.00,215.60,,
2022/07/25,94,MHNL,55.56,292.6,312.9,284.0,305.0,305.00,0.0,0.0,295.51,"76,714.00",286.90,"22,670,103.90",283,18.1,28.9,6.31,10.18,3.11,720.00,215.60,,
2022/07/26,95,MHNL,52.97,300.0,305.9,290.0,294.8,294.80,0.0,0.0,296.53,"53,210.00",305.00,"15,778,616.50",215,-10.2,15.9,-3.34,5.48,-0.59,720.00,215.60,,
2022/06/19,94,MHNL,23.52,277.0,277.0,249.0,253.0,253.00,0.0,0.0,256.81,"22,770.00",273.00,"5,847,556.00",102,-20.0,28.00,-7.33,11.24,-1.51,720.00,249.00,,
2022/06/20,93,MHNL,26.65,248.0,248.0,230.0,231.0,231.00,0.0,0.0,237.20,"33,659.00",253.00,"7,984,042.70",180,-22.0,18.00,-8.7,7.83,-2.69,720.00,230.00,,
2022/06/21,95,MHNL,27.02,235.0,248.7,230.0,242.0,242.00,0.0,0.0,241.24,"18,618.00",231.00,"4,491,354.40",114,11.0,18.70,4.76,8.13,0.32,720.00,230.00,,
2022/06/22,97,MHNL,24.71,240.0,240.7,228.4,240.7,240.70,0.0,0.0,233.31,"11,700.00",242.00,"2,729,717.00",73,-1.3,12.3,-0.54,5.39,3.07,720.00,228.40,,
2022/06/23,100,MHNL,27.21,235.9,235.9,221.0,228.0,228.00,0.0,0.0,223.71,"13,075.00",240.70,"2,924,983.70",114,-12.7,14.9,-5.28,6.74,1.88,720.00,221.00,,
2022/06/24,96,MHNL,37.0,223.5,237.5,215.6,237.5,237.50,0.0,0.0,226.20,"14,535.00",228.00,"3,287,880.00",79,9.5,21.9,4.17,10.16,4.76,720.00,215.60,,
2022/06/26,96,MHNL,42.79,240.9,257.0,232.8,257.0,257.00,0.0,0.0,246.73,"49,906.00",237.50,"12,313,223.70",216,19.5,24.2,8.21,10.4,4.0,720.00,215.60,,
2022/06/27,95,MHNL,39.73,252.0,262.0,242.0,250.0,250.00,0.0,0.0,252.56,"18,316.00",257.00,"4,625,864.90",131,-7.0,20.0,-2.72,8.26,-1.02,720.00,215.60,,
2022/06/28,95,MHNL,41.05,253.0,253.0,235.2,239.9,239.90,0.0,0.0,238.55,"11,844.00",250.00,"2,825,351.10",72,-10.1,17.8,-4.04,7.57,0.56,720.00,215.60,,
2022/06/29,96,MHNL,43.1,243.0,256.0,238.0,250.0,250.00,0.0,0.0,248.75,"20,272.00",239.90,"5,042,651.50",108,10.1,18.0,4.21,7.56,0.5,720.00,215.60,,
2022/06/30,96,MHNL,45.7,255.0,265.0,250.0,263.0,263.00,0.0,0.0,260.20,"38,176.00",250.00,"9,933,323.00",153,13.00,15.00,5.2,6.0,1.07,720.00,215.60,,
2022/07/01,92,MHNL,47.81,268.2,275.0,253.0,275.0,275.00,0.0,0.0,265.40,"23,059.00",263.00,"6,119,852.60",127,12.0,22.0,4.56,8.7,3.49,720.00,215.60,,
2022/07/03,98,MHNL,49.68,270.0,294.0,268.0,290.0,290.00,0.0,0.0,280.51,"34,666.00",275.00,"9,724,228.20",182,15.0,26.0,5.45,9.7,3.27,720.00,215.60,,
2022/07/04,101,MHNL,53.77,294.0,306.0,269.5,300.0,300.00,0.0,0.0,294.72,"45,149.00",290.00,"13,306,505.20",302,10.0,36.50,3.45,13.54,1.76,720.00,215.60,,
2022/07/05,95,MHNL,50.24,306.0,306.0,275.1,284.0,284.00,0.0,0.0,286.44,"48,208.00",300.00,"13,808,714.00",283,-16.0,30.9,-5.33,11.23,-0.86,720.00,215.60,,
2022/07/06,96,MHNL,48.1,280.0,289.0,267.0,278.0,278.00,0.0,0.0,276.75,"28,093.00",284.00,"7,774,685.60",165,-6.0,22.0,-2.11,8.24,0.45,720.00,215.60,,
2022/05/27,91,MHNL,41.56,327.0,327.0,309.0,318.0,318.00,0.0,0.0,312.86,"10,055.00",321.00,"3,145,813.00",48,-3.0,18.0,-0.93,5.83,1.62,720.00,295.00,,
2022/05/30,93,MHNL,32.2,312.1,317.9,305.5,309.1,309.10,0.0,0.0,309.66,"8,650.00",318.00,"2,678,585.00",44,-8.9,12.4,-2.8,4.06,-0.18,720.00,295.00,,
2022/05/31,97,MHNL,28.34,305.0,322.0,305.0,310.8,310.80,0.0,0.0,310.54,"5,709.00",309.10,"1,772,863.50",33,1.7,17.0,0.55,5.57,0.08,720.00,295.00,,
2022/06/01,95,MHNL,31.85,315.0,315.0,304.6,307.1,307.10,0.0,0.0,308.55,"7,295.00",310.80,"2,250,899.60",41,-3.7,10.4,-1.19,3.41,-0.47,720.00,295.00,,
2022/06/02,96,MHNL,44.33,313.0,324.0,288.0,320.0,320.00,0.0,0.0,290.34,"417,643.00",307.10,"121,258,693.20",247,12.9,36.0,4.2,12.5,9.27,720.00,288.00,,
2022/06/03,96,MHNL,33.48,320.0,326.4,304.1,308.0,308.00,0.0,0.0,312.72,"11,952.00",320.00,"3,737,631.50",89,-12.0,22.3,-3.75,7.33,-1.53,720.00,288.00,,
2022/06/06,93,MHNL,33.54,314.1,320.3,300.0,311.4,311.40,0.0,0.0,305.51,"10,090.00",308.00,"3,082,571.00",48,3.4,20.3,1.1,6.77,1.89,720.00,288.00,,
2022/06/07,99,MHNL,42.9,306.0,323.3,291.0,323.3,323.30,0.0,0.0,297.99,"30,514.00",311.40,"9,092,879.30",163,11.9,32.3,3.82,11.1,7.83,720.00,288.00,,
2022/06/08,97,MHNL,29.31,316.9,322.3,298.0,310.0,310.00,0.0,0.0,312.15,"45,406.00",323.30,"14,173,676.80",283,-13.3,24.30,-4.11,8.15,-0.69,720.00,288.00,,
2022/06/09,96,MHNL,40.08,314.0,314.9,295.0,303.0,303.00,0.0,0.0,304.43,"37,916.00",310.00,"11,542,899.10",152,-7.0,19.9,-2.26,6.75,-0.47,720.00,288.00,,
2022/06/10,96,MHNL,32.25,302.0,308.9,292.1,299.8,299.80,0.0,0.0,297.43,"11,174.00",303.00,"3,323,504.90",62,-3.2,16.8,-1.06,5.75,0.79,720.00,288.00,,
2022/06/12,140,MHNL,35.86,253.0,253.7,245.6,246.5,246.50,0.0,0.0,248.04,"16,730.00",253.80,"4,149,699.80",62,-7.3,8.1,-2.88,3.3,-0.62,316.00,234.00,266.66,267.57
2022/06/13,99,MHNL,25.87,294.0,299.8,289.0,293.0,293.00,0.0,0.0,291.79,"6,125.00",299.80,"1,787,191.20",66,-6.8,10.8,-2.27,3.74,0.41,720.00,288.00,,
2022/06/14,98,MHNL,34.77,290.0,303.9,272.0,303.9,303.90,0.0,0.0,281.61,"45,478.00",293.00,"12,807,046.50",192,10.9,31.9,3.72,11.73,7.33,720.00,272.00,,
2022/06/15,97,MHNL,33.69,309.9,309.9,273.6,286.0,286.00,0.0,0.0,277.31,"35,840.00",303.90,"9,938,681.30",155,-17.9,36.30,-5.89,13.27,3.04,720.00,272.00,,
2022/06/16,91,MHNL,35.69,289.9,290.0,275.0,284.0,284.00,0.0,0.0,281.90,"40,302.00",286.00,"11,361,297.70",159,-2.0,15.0,-0.7,5.45,0.74,720.00,272.00,,
2022/05/02,98,MHNL,36.17,346.0,360.0,338.0,342.0,342.00,0.0,0.0,340.85,"4,372.00",353.00,"1,490,175.00",36,-11.0,22.0,-3.12,6.51,0.34,720.00,262.00,,
2022/05/04,98,MHNL,32.55,336.0,355.1,323.6,324.0,324.00,0.0,0.0,331.03,"6,375.00",342.00,"2,110,302.50",61,-18.0,31.5,-5.26,9.73,-2.17,720.00,266.00,,
2022/05/05,99,MHNL,32.23,320.0,328.0,307.0,310.1,310.10,0.0,0.0,313.23,"10,735.00",324.00,"3,362,512.40",102,-13.9,21.0,-4.29,6.84,-1.01,720.00,267.00,,
2022/05/06,140,MHNL,35.86,253.0,253.7,245.6,246.5,246.50,0.0,0.0,248.04,"16,730.00",253.80,"4,149,699.80",62,-7.3,8.1,-2.88,3.3,-0.62,316.00,234.00,266.66,267.57
2022/05/08,96,MHNL,33.42,305.0,322.0,295.0,322.0,322.00,0.0,0.0,307.00,"7,008.00",310.10,"2,151,450.00",58,11.9,27.0,3.84,9.15,4.66,720.00,267.00,,
2022/05/09,94,MHNL,33.08,322.0,330.0,316.0,318.0,318.00,0.0,0.0,323.86,"5,450.00",322.00,"1,765,047.00",53,-4.0,14.0,-1.24,4.43,-1.84,720.00,267.00,,
2022/05/10,96,MHNL,44.43,324.0,336.0,320.0,336.0,336.00,0.0,0.0,328.39,"5,975.00",318.00,"1,962,144.50",59,18.0,16.0,5.66,5.0,2.26,720.00,267.00,,
2022/05/11,95,MHNL,47.13,331.0,360.0,331.0,360.0,360.00,0.0,0.0,346.65,"20,692.00",336.00,"7,172,864.80",137,24.0,29.0,7.14,8.76,3.71,720.00,277.00,,
2022/05/12,94,MHNL,41.84,365.0,371.0,350.0,350.0,350.00,0.0,0.0,356.70,"7,180.00",360.00,"2,561,125.70",75,-10.0,21.0,-2.78,6.0,-1.92,720.00,278.00,,
2022/05/17,93,MHNL,44.6,357.0,364.1,324.0,324.0,324.00,0.0,0.0,328.71,"12,008.00",350.00,"3,947,196.10",94,-26.00,40.1,-7.43,12.38,-1.45,720.00,282.00,,
2022/05/18,94,MHNL,40.5,318.0,344.0,305.6,330.0,330.00,0.0,0.0,319.49,"14,038.00",324.00,"4,484,967.50",105,6.0,38.4,1.85,12.57,3.19,720.00,284.00,,
2022/05/19,92,MHNL,26.3,328.0,334.0,315.0,326.0,326.00,0.0,0.0,321.72,"6,521.00",330.00,"2,097,908.40",68,-4.0,19.0,-1.21,6.03,1.31,720.00,284.00,,
2022/05/20,93,MHNL,22.77,330.0,332.0,315.0,317.0,317.00,0.0,0.0,323.04,"3,406.00",326.00,"1,100,262.50",33,-9.0,17.0,-2.76,5.4,-1.9,720.00,284.00,,
2022/05/23,93,MHNL,28.51,311.0,318.0,310.0,312.0,312.00,0.0,0.0,313.69,"3,848.00",317.00,"1,207,078.00",39,-5.0,8.0,-1.58,2.58,-0.54,720.00,284.00,,
2022/05/24,92,MHNL,23.88,317.0,324.0,311.0,321.0,321.00,0.0,0.0,318.41,"5,175.00",312.00,"1,647,759.00",32,9.0,13.00,2.88,4.18,0.81,720.00,295.00,,
2022/05/25,94,MHNL,42.92,321.0,330.0,319.6,329.5,329.50,0.0,0.0,324.96,"8,015.00",321.00,"2,604,577.00",55,8.5,10.4,2.65,3.25,1.38,720.00,295.00,,
2022/04/04,95,MHNL,41.19,405.0,405.0,392.0,394.0,394.00,0.0,0.0,396.64,"3,009.00",399.00,"1,193,484.50",47,-5.0,13.0,-1.25,3.32,-0.67,720.00,246.00,,
2022/04/05,96,MHNL,30.09,387.0,390.0,377.3,390.0,390.00,0.0,0.0,385.05,"5,229.00",394.00,"2,013,420.20",68,-4.0,12.70,-1.02,3.37,1.27,720.00,246.00,,
2022/04/06,95,MHNL,29.36,384.0,390.0,374.0,377.0,377.00,0.0,0.0,382.50,"5,095.00",390.00,"1,948,819.60",68,-13.0,16.0,-3.33,4.28,-1.46,720.00,246.00,,
2022/04/07,96,MHNL,31.54,384.0,389.9,378.0,379.0,379.00,0.0,0.0,381.56,"6,135.00",377.00,"2,340,853.50",63,2.0,11.9,0.53,3.15,-0.67,720.00,246.00,,
2022/04/11,100,MHNL,35.55,386.5,395.0,375.0,375.8,375.80,0.0,0.0,382.47,"7,509.00",379.00,"2,871,996.80",69,-3.2,20.0,-0.84,5.33,-1.78,720.00,246.00,,
2022/04/12,102,MHNL,32.92,382.9,382.9,365.0,372.0,372.00,0.0,0.0,369.23,"4,400.00",375.80,"1,624,604.00",45,-3.8,17.9,-1.01,4.9,0.75,720.00,246.00,,
2022/04/13,97,MHNL,36.36,372.0,386.9,365.0,371.0,371.00,0.0,0.0,372.60,"4,390.00",372.00,"1,635,699.00",51,-1.00,21.9,-0.27,6.0,-0.43,720.00,246.00,,
2022/04/17,98,MHNL,31.89,376.0,377.0,356.8,360.0,360.00,0.0,0.0,363.83,"2,968.00",371.00,"1,079,851.80",52,-11.00,20.2,-2.96,5.66,-1.06,720.00,246.00,,
2022/04/18,97,MHNL,31.76,360.0,365.0,345.0,348.0,348.00,0.0,0.0,348.73,"6,234.00",360.00,"2,173,997.50",81,-12.0,20.00,-3.33,5.8,-0.21,720.00,246.00,,
2022/04/19,97,MHNL,34.07,341.4,353.9,328.3,345.0,345.00,0.0,0.0,339.69,"8,264.00",348.00,"2,807,162.60",76,-3.0,25.6,-0.86,7.8,1.54,720.00,246.00,,
2022/04/20,99,MHNL,30.6,351.9,351.9,330.0,330.0,330.00,0.0,0.0,332.51,"5,419.00",345.00,"1,801,889.70",51,-15.0,21.9,-4.35,6.64,-0.76,720.00,246.00,,
2022/04/21,95,MHNL,37.97,323.4,339.0,317.0,338.0,338.00,0.0,0.0,325.01,"8,507.00",330.00,"2,764,876.60",73,8.0,22.00,2.42,6.94,3.84,720.00,246.00,,
2022/04/24,104,MHNL,49.64,343.0,371.8,334.1,370.0,370.00,0.0,0.0,363.10,"20,744.00",338.00,"7,532,085.40",140,32.00,37.70,9.47,11.28,1.87,720.00,246.00,,
2022/04/25,101,MHNL,48.0,375.0,382.4,350.0,357.0,357.00,0.0,0.0,367.24,"12,036.00",370.00,"4,420,059.90",101,-13.0,32.4,-3.51,9.26,-2.87,720.00,246.00,,
2022/04/26,96,MHNL,44.7,362.0,369.9,350.0,360.0,360.00,0.0,0.0,357.23,"3,162.00",357.00,"1,129,552.00",40,3.0,19.9,0.84,5.69,0.77,720.00,246.00,,
2022/04/27,96,MHNL,46.23,366.9,366.9,353.0,361.0,361.00,0.0,0.0,358.23,"7,420.00",360.00,"2,658,035.70",45,1.0,13.9,0.28,3.94,0.77,720.00,246.00,,
2022/03/09,97,MHNL,31.7,426.3,426.3,398.0,398.2,398.20,0.0,0.0,402.38,"12,372.00",418.00,"4,978,219.00",102,-19.8,28.3,-4.74,7.11,-1.05,720.00,220.00,,
2022/03/10,98,MHNL,39.65,405.9,438.0,402.0,422.9,422.90,0.0,0.0,416.40,"15,280.00",398.20,"6,362,607.70",107,24.7,36.0,6.2,8.96,1.54,720.00,236.00,,
2022/03/13,97,MHNL,51.52,431.3,444.0,426.0,440.0,440.00,0.0,0.0,434.81,"23,635.00",422.90,"10,276,640.60",157,17.10,18.00,4.04,4.23,1.18,720.00,236.00,,
2022/03/14,95,MHNL,50.46,445.0,445.0,427.1,435.0,435.00,0.0,0.0,435.42,"6,596.00",440.00,"2,872,055.50",52,-5.0,17.9,-1.14,4.19,-0.1,720.00,236.00,,
2022/03/15,100,MHNL,54.3,443.7,444.0,411.6,420.0,420.00,0.0,0.0,421.45,"23,535.00",435.00,"9,918,874.50",164,-15.0,32.4,-3.45,7.87,-0.35,720.00,236.00,,
2022/03/16,98,MHNL,44.15,428.4,428.4,413.0,415.0,415.00,0.0,0.0,416.61,"14,883.00",420.00,"6,200,423.00",107,-5.0,15.4,-1.19,3.73,-0.39,720.00,236.00,,
2022/03/20,94,MHNL,42.14,423.3,423.3,409.1,416.9,416.90,0.0,0.0,413.19,"12,907.00",415.00,"5,333,099.60",85,1.9,14.2,0.46,3.47,0.89,720.00,236.00,,
2022/03/21,98,MHNL,61.29,425.2,445.0,410.0,445.0,445.00,0.0,0.0,413.90,"122,566.00",416.90,"50,730,348.30",174,28.10,35.0,6.74,8.54,6.99,720.00,236.00,,
2022/03/22,97,MHNL,56.26,447.0,462.0,439.2,441.0,441.00,0.0,0.0,447.27,"28,909.00",445.00,"12,930,083.10",173,-4.0,22.8,-0.9,5.19,-1.42,720.00,236.00,,
2022/03/23,94,MHNL,53.15,432.3,440.0,426.0,433.0,433.00,0.0,0.0,430.95,"8,119.00",441.00,"3,498,869.00",84,-8.0,14.0,-1.81,3.29,0.47,720.00,236.00,,
2022/03/24,96,MHNL,49.29,426.0,433.0,414.2,415.0,415.00,0.0,0.0,420.05,"29,900.00",433.00,"12,559,517.30",186,-18.0,18.8,-4.16,4.54,-1.22,720.00,238.00,,
2022/03/27,140,MHNL,35.86,253.0,253.7,245.6,246.5,246.50,0.0,0.0,248.04,"16,730.00",253.80,"4,149,699.80",62,-7.3,8.1,-2.88,3.3,-0.62,316.00,234.00,266.66,267.57
2022/03/28,97,MHNL,37.25,408.0,415.0,393.0,395.0,395.00,0.0,0.0,401.43,"9,967.00",400.00,"4,001,054.40",116,-5.0,22.0,-1.25,5.6,-1.63,720.00,246.00,,
2022/03/29,95,MHNL,35.9,401.0,402.9,390.0,390.0,390.00,0.0,0.0,395.97,"6,775.00",395.00,"2,682,677.80",82,-5.0,12.9,-1.27,3.31,-1.53,720.00,246.00,,
2022/03/30,97,MHNL,45.4,397.8,413.1,395.0,413.0,413.00,0.0,0.0,403.98,"11,144.00",390.00,"4,501,998.80",102,23.0,18.1,5.9,4.58,2.18,720.00,246.00,,
2022/03/31,96,MHNL,46.41,421.2,421.2,395.0,404.0,404.00,0.0,0.0,403.25,"11,575.00",413.00,"4,667,606.60",106,-9.0,26.2,-2.18,6.63,0.19,720.00,246.00,,
2022/04/28,96,MHNL,32.9,368.2,375.0,346.0,353.0,353.00,0.0,0.0,356.31,"5,917.00",361.00,"2,108,263.20",51,-8.0,29.0,-2.22,8.38,-0.94,720.00,250.00,,
2022/05/26,93,MHNL,35.08,336.0,336.0,319.0,321.0,321.00,0.0,0.0,324.61,"3,356.00",329.50,"1,089,382.00",35,-8.5,17.0,-2.58,5.33,-1.12,720.00,295.00,,
2022/06/17,93,MHNL,25.39,285.0,285.0,268.7,273.0,273.00,0.0,0.0,274.13,"5,388.00",284.00,"1,476,998.20",53,-11.0,16.3,-3.87,6.07,-0.41,720.00,268.70,,
2022/07/07,96,MHNL,44.87,281.0,293.7,274.0,287.0,287.00,0.0,0.0,281.45,"43,645.00",278.00,"12,283,688.00",201,9.0,19.7,3.24,7.19,1.94,720.00,215.60,,
2022/07/27,94,MHNL,61.3,290.0,306.0,284.5,300.0,300.00,0.0,0.0,295.95,"62,228.00",294.80,"18,416,673.40",220,5.2,21.5,1.76,7.56,1.35,720.00,215.60,,
2022/08/17,95,MHNL,43.75,291.1,306.0,291.0,295.0,295.00,0.0,0.0,296.30,"44,158.00",291.00,"13,083,883.10",135,4.0,15.0,1.37,5.15,-0.44,717.00,215.60,,
2022/09/07,97,MHNL,26.53,258.1,261.0,255.1,261.0,261.00,0.0,0.0,258.11,"6,364.00",263.00,"1,642,630.30",44,-2.0,5.9,-0.76,2.31,1.11,606.00,215.60,,
2022/10/10,101,MHNL,32.46,239.0,239.0,231.0,231.0,231.00,0.0,0.0,233.79,"1,630.00",241.00,"381,070.50",27,-10.0,8.0,-4.15,3.46,-1.21,551.30,215.60,,
2022/11/10,97,MHNL,29.74,234.0,237.0,225.0,230.5,230.50,0.0,0.0,230.02,"15,453.00",237.00,"3,554,457.20",56,-6.5,12.0,-2.74,5.33,0.21,551.30,212.00,,
2022/12/06,103,MHNL,27.63,251.0,257.0,248.1,253.0,253.00,0.0,0.0,252.43,"11,695.00",251.00,"2,952,208.50",57,2.0,8.9,0.8,3.59,0.22,551.30,212.00,,
2023/01/02,108,MHNL,54.64,267.5,278.0,262.3,273.9,273.90,0.0,0.0,271.31,"38,636.00",267.50,"10,482,304.40",149,6.4,15.7,2.39,5.99,0.95,551.30,212.00,,
2023/01/31,110,MHNL,40.76,324.5,336.0,319.1,325.0,325.00,0.0,0.0,327.40,"42,731.00",330.00,"13,990,338.50",194,-5.0,16.9,-1.52,5.3,-0.74,538.80,212.00,,
2023/02/27,110,MHNL,41.3,310.0,313.7,296.7,304.7,304.70,0.0,0.0,303.19,"29,861.00",305.00,"9,053,556.10",121,-0.3,17.00,-0.1,5.73,0.5,503.00,212.00,,
2023/03/27,109,MHNL,41.06,295.4,301.4,290.1,300.0,300.00,0.0,0.0,296.04,"20,293.00",295.50,"6,007,546.50",88,4.5,11.3,1.52,3.9,1.32,423.00,212.00,,
2023/04/19,111,MHNL,32.5,295.0,299.0,286.7,290.1,290.10,0.0,0.0,290.50,"5,520.00",290.00,"1,603,540.00",35,0.1,12.3,0.03,4.29,-0.14,382.40,212.00,,
2019/10/05,140,MHNL,35.86,253.0,253.7,245.6,246.5,246.50,0.0,0.0,248.04,"16,730.00",253.80,"4,149,699.80",62,-7.3,8.1,-2.88,3.3,-0.62,316.00,234.00,266.66,267.57
2021/02/14,90,MHNL,53.73,240.0,240.0,223.0,227.0,227.00,0.0,0.0,227.36,"34,119.00",244.00,"7,757,347.00",161,-17.0,17.0,-6.97,7.62,-0.16,295.00,76.00,,
2022/04/03,96,MHNL,41.07,404.0,406.0,396.0,399.0,399.00,0.0,0.0,398.70,"4,238.00",404.00,"1,689,699.50",39,-5.0,10.0,-1.24,2.53,0.07,720.00,246.00,,
2023/05/15,112,MHNL,40.32,265.0,280.0,256.0,267.9,267.90,0.0,0.0,261.19,"7,460.00",264.40,"1,948,510.50",51,3.5,24.0,1.32,9.38,2.5,364.10,212.00,,
2024/07/17,140,MHNL,35.86,253.0,253.7,245.6,246.5,246.50,0.0,0.0,248.04,"16,730.00",253.80,"4,149,699.80",62,-7.3,8.1,-2.88,3.3,-0.62,316.00,234.00,266.66,267.57
2022/02/09,94,MHNL,41.68,509.0,509.0,495.4,503.0,503.00,0.0,0.0,500.98,"8,881.00",508.90,"4,449,208.00",68,-5.9,13.6,-1.16,2.75,0.4,720.00,208.00,,
2022/02/10,95,MHNL,38.06,500.0,513.0,494.0,495.0,495.00,0.0,0.0,498.14,"10,021.00",503.00,"4,991,883.00",74,-8.0,19.0,-1.59,3.85,-0.63,720.00,208.00,,
2022/02/13,95,MHNL,39.5,486.0,487.0,467.0,467.0,467.00,0.0,0.0,472.20,"27,512.00",495.00,"12,991,054.50",169,-28.0,20.0,-5.66,4.28,-1.11,720.00,208.00,,
2022/02/14,96,MHNL,33.69,476.0,494.1,467.5,478.0,478.00,0.0,0.0,474.11,"19,955.00",467.00,"9,460,833.50",99,11.0,26.6,2.36,5.69,0.81,720.00,208.00,,
2022/02/15,140,MHNL,35.86,253.0,253.7,245.6,246.5,246.50,0.0,0.0,248.04,"16,730.00",253.80,"4,149,699.80",62,-7.3,8.1,-2.88,3.3,-0.62,316.00,234.00,266.66,267.57
2022/02/16,97,MHNL,44.19,510.0,510.0,476.7,489.8,489.80,0.0,0.0,485.70,"10,366.00",500.00,"5,034,755.00",71,-10.2,33.3,-2.04,6.99,0.84,720.00,208.00,,
2022/02/17,96,MHNL,48.52,499.5,499.5,479.0,488.9,488.90,0.0,0.0,485.13,"7,545.00",489.80,"3,660,284.00",54,-0.9,20.5,-0.18,4.28,0.77,720.00,208.00,,
2022/02/20,96,MHNL,49.64,498.6,498.6,470.0,486.9,486.90,0.0,0.0,487.08,"17,439.00",488.90,"8,494,246.60",122,-2.0,28.6,-0.41,6.09,-0.04,720.00,208.00,,
2022/02/21,95,MHNL,42.09,496.6,496.6,480.0,496.0,496.00,0.0,0.0,489.45,"7,097.00",486.90,"3,473,649.00",69,9.1,16.6,1.87,3.46,1.32,720.00,208.00,,
2022/02/22,98,MHNL,53.81,505.9,509.9,496.0,497.0,497.00,0.0,0.0,503.66,"18,156.00",496.00,"9,144,447.00",121,1.0,13.9,0.2,2.8,-1.34,720.00,208.00,,
2022/02/23,95,MHNL,53.07,506.9,506.9,486.1,492.0,492.00,0.0,0.0,497.52,"19,423.00",497.00,"9,663,241.10",145,-5.0,20.8,-1.01,4.28,-1.12,720.00,208.00,,
2022/02/24,94,MHNL,51.54,501.8,501.8,463.0,490.0,490.00,0.0,0.0,475.53,"18,612.00",492.00,"8,850,506.30",127,-2.0,38.8,-0.41,8.38,2.95,720.00,208.00,,
2022/02/27,94,MHNL,34.24,499.8,503.0,481.0,483.5,483.50,0.0,0.0,493.70,"17,058.00",490.00,"8,421,574.00",104,-6.5,22.00,-1.33,4.57,-2.11,720.00,208.00,,
2022/02/28,97,MHNL,39.77,493.1,501.9,452.0,464.0,464.00,0.0,0.0,477.65,"27,233.00",483.50,"13,007,968.90",144,-19.5,49.90,-4.03,11.04,-2.94,720.00,208.00,,
2022/03/02,96,MHNL,30.31,473.2,473.2,438.2,446.9,446.90,0.0,0.0,448.19,"6,404.00",464.00,"2,870,233.00",86,-17.1,35.00,-3.69,7.99,-0.29,720.00,208.00,,
2022/03/06,98,MHNL,31.21,455.8,455.8,428.3,433.0,433.00,0.0,0.0,438.33,"11,022.00",446.90,"4,831,285.00",87,-13.9,27.5,-3.11,6.42,-1.23,720.00,220.00,,
2022/01/16,97,MHNL,64.37,519.0,529.0,500.0,508.0,508.00,0.0,0.0,512.84,"55,455.00",508.90,"28,439,562.50",276,-0.9,29.0,-0.18,5.8,-0.95,720.00,184.00,,
2022/01/17,93,MHNL,64.61,498.1,531.3,493.1,530.0,530.00,0.0,0.0,508.89,"76,362.00",508.00,"38,859,551.30",375,22.0,38.2,4.33,7.75,3.98,720.00,184.00,,
2022/01/18,96,MHNL,63.92,530.1,551.3,511.0,530.0,530.00,0.0,0.0,539.56,"61,876.00",530.00,"33,385,515.70",325,0.0,40.3,0.0,7.89,-1.8,720.00,187.00,,
2022/01/19,95,MHNL,55.01,540.0,540.0,517.0,526.0,526.00,0.0,0.0,525.33,"25,908.00",530.00,"13,610,238.60",204,-4.0,23.0,-0.75,4.45,0.13,720.00,187.00,,
2022/01/20,97,MHNL,59.96,536.5,545.0,525.0,540.0,540.00,0.0,0.0,535.29,"45,537.00",526.00,"24,375,650.40",299,14.0,20.0,2.66,3.81,0.87,720.00,187.00,,
2022/01/23,97,MHNL,53.34,549.0,549.0,525.0,525.5,525.50,0.0,0.0,535.10,"13,363.00",540.00,"7,150,507.30",116,-14.5,24.00,-2.69,4.57,-1.83,720.00,202.00,,
2022/01/24,94,MHNL,54.02,526.0,526.0,482.0,485.0,485.00,0.0,0.0,497.82,"59,192.00",525.50,"29,467,223.40",395,-40.5,44.0,-7.71,9.13,-2.64,720.00,202.00,,
2022/01/25,97,MHNL,48.99,478.0,512.0,477.1,493.0,493.00,0.0,0.0,498.10,"40,717.00",485.00,"20,281,182.10",242,8.0,34.90,1.65,7.32,-1.03,720.00,202.00,,
2022/01/26,97,MHNL,43.93,502.8,502.8,474.1,488.0,488.00,0.0,0.0,484.78,"20,547.00",493.00,"9,960,753.50",165,-5.0,28.7,-1.01,6.05,0.66,720.00,202.00,,
2022/01/27,96,MHNL,43.32,496.0,504.0,488.0,497.0,497.00,0.0,0.0,497.68,"20,998.00",488.00,"10,450,192.20",153,9.0,16.0,1.84,3.28,-0.14,720.00,202.00,,
2022/01/30,99,MHNL,55.23,506.9,527.0,506.9,524.0,524.00,0.0,0.0,516.68,"34,749.00",497.00,"17,953,962.40",184,27.0,20.1,5.43,3.97,1.4,720.00,202.00,,
2022/01/31,96,MHNL,51.13,534.4,534.4,505.1,506.0,506.00,0.0,0.0,514.33,"18,083.00",524.00,"9,300,624.50",129,-18.0,29.3,-3.44,5.8,-1.65,720.00,202.00,,
2022/02/01,94,MHNL,53.72,516.1,529.0,504.0,515.0,515.00,0.0,0.0,519.42,"32,379.00",506.00,"16,818,394.40",215,9.0,25.0,1.78,4.96,-0.86,720.00,203.00,,
2022/02/03,96,MHNL,53.69,525.0,536.0,511.0,516.0,516.00,0.0,0.0,525.94,"79,292.00",515.00,"41,703,165.00",322,1.0,25.0,0.19,4.89,-1.93,720.00,208.00,,
2022/02/06,98,MHNL,47.44,510.0,526.0,509.0,516.0,516.00,0.0,0.0,514.84,"39,787.00",516.00,"20,483,945.70",206,0.00,17.0,0.0,3.34,0.22,720.00,208.00,,
2022/02/07,96,MHNL,49.41,513.0,524.0,510.0,518.0,518.00,0.0,0.0,517.11,"29,786.00",516.00,"15,402,658.60",148,2.0,14.0,0.39,2.75,0.17,720.00,208.00,,
2021/12/21,95,MHNL,43.28,383.5,403.0,378.1,399.0,399.00,0.0,0.0,392.41,"10,946.00",376.00,"4,295,288.60",74,23.0,24.90,6.12,6.59,1.65,720.00,173.00,,
2021/12/22,96,MHNL,49.62,406.0,423.4,406.0,420.0,420.00,0.0,0.0,417.85,"14,868.00",399.00,"6,212,529.40",110,21.0,17.4,5.26,4.29,0.51,720.00,173.00,,
2021/12/23,94,MHNL,54.41,427.8,432.3,414.0,426.0,426.00,0.0,0.0,425.31,"24,283.00",420.00,"10,327,770.40",151,6.0,18.3,1.43,4.42,0.16,720.00,173.00,,
2021/12/26,94,MHNL,49.8,427.0,433.0,414.0,422.0,422.00,0.0,0.0,425.24,"12,268.00",426.00,"5,216,789.50",68,-4.00,19.00,-0.94,4.59,-0.77,720.00,173.00,,
2021/12/27,96,MHNL,50.63,420.0,423.0,397.7,398.0,398.00,0.0,0.0,404.93,"27,206.00",422.00,"11,016,617.70",132,-24.0,25.30,-5.69,6.36,-1.74,720.00,173.00,,
2021/12/28,93,MHNL,43.25,400.0,410.0,390.1,406.0,406.00,0.0,0.0,400.93,"17,919.00",398.00,"7,184,283.50",105,8.0,19.9,2.01,5.1,1.25,720.00,173.00,,
2021/12/29,94,MHNL,39.2,397.9,412.0,397.9,401.0,401.00,0.0,0.0,403.21,"7,181.00",406.00,"2,895,429.00",54,-5.0,14.10,-1.23,3.54,-0.55,720.00,173.00,,
2022/01/02,99,MHNL,44.54,407.0,420.0,401.1,407.0,407.00,0.0,0.0,409.74,"6,716.00",401.00,"2,751,794.00",53,6.00,18.90,1.5,4.71,-0.67,720.00,177.00,,
2022/01/03,93,MHNL,54.22,414.9,425.0,407.0,409.0,409.00,0.0,0.0,416.90,"7,478.00",407.00,"3,117,557.60",64,2.0,18.00,0.49,4.42,-1.93,720.00,177.00,,
2022/01/04,98,MHNL,52.73,410.0,420.0,410.0,417.0,417.00,0.0,0.0,416.02,"6,302.00",409.00,"2,621,788.40",58,8.0,10.00,1.96,2.44,0.23,720.00,177.00,,
2022/01/05,95,MHNL,58.63,409.0,439.0,409.0,423.2,423.20,0.0,0.0,427.50,"33,739.00",417.00,"14,423,475.20",176,6.2,30.0,1.49,7.33,-1.02,720.00,177.00,,
2022/01/06,140,MHNL,35.86,253.0,253.7,245.6,246.5,246.50,0.0,0.0,248.04,"16,730.00",253.80,"4,149,699.80",62,-7.3,8.1,-2.88,3.3,-0.62,316.00,234.00,266.66,267.57
2022/01/09,99,MHNL,63.16,438.0,467.0,438.0,467.0,467.00,0.0,0.0,453.74,"41,985.00",430.00,"19,050,219.80",232,37.0,29.00,8.6,6.62,2.84,720.00,184.00,,
2022/01/10,99,MHNL,65.11,475.0,484.0,455.0,465.0,465.00,0.0,0.0,468.71,"27,492.00",467.00,"12,885,654.60",149,-2.0,29.00,-0.43,6.37,-0.8,720.00,184.00,,
2022/01/11,95,MHNL,65.77,465.0,482.0,460.0,482.0,482.00,0.0,0.0,475.31,"39,025.00",465.00,"18,549,107.70",158,17.0,22.00,3.66,4.78,1.39,720.00,184.00,,
2022/01/12,93,MHNL,60.31,474.0,493.9,463.5,465.0,465.00,0.0,0.0,479.27,"48,897.00",482.00,"23,435,003.60",212,-17.0,30.40,-3.53,6.56,-3.07,720.00,184.00,,
2021/11/25,96,MHNL,50.04,480.0,500.0,480.0,486.0,486.00,0.0,0.0,492.14,"20,387.00",480.00,"10,033,281.40",141,6.0,20.0,1.25,4.17,-1.26,720.00,173.00,,
2021/11/28,96,MHNL,48.09,476.3,480.0,442.0,459.0,459.00,0.0,0.0,458.60,"74,102.00",486.00,"33,983,487.00",339,-27.0,38.0,-5.56,8.6,0.09,720.00,173.00,,
2021/11/29,93,MHNL,33.68,460.0,480.0,451.1,458.0,458.00,0.0,0.0,466.59,"15,223.00",459.00,"7,102,974.50",125,-1.0,28.9,-0.22,6.41,-1.88,720.00,173.00,,
2021/11/30,93,MHNL,32.63,467.0,470.0,450.0,465.1,465.10,0.0,0.0,457.23,"12,539.00",458.00,"5,733,157.90",94,7.1,20.0,1.55,4.44,1.69,720.00,173.00,,
2021/12/01,91,MHNL,39.02,467.0,489.0,467.0,483.0,483.00,0.0,0.0,481.67,"49,420.00",465.10,"23,804,295.10",383,17.9,22.0,3.85,4.71,0.27,720.00,173.00,,
2021/12/02,94,MHNL,50.81,475.0,487.0,461.0,466.0,466.00,0.0,0.0,469.66,"23,735.00",483.00,"11,147,335.90",155,-17.0,26.0,-3.52,5.64,-0.79,720.00,173.00,,
2021/12/05,92,MHNL,39.67,457.1,465.0,440.0,441.0,441.00,0.0,0.0,444.94,"31,581.00",466.00,"14,051,775.90",240,-25.0,25.0,-5.36,5.68,-0.89,720.00,173.00,,
2021/12/06,93,MHNL,39.53,433.0,466.0,420.0,455.0,455.00,0.0,0.0,440.35,"20,088.00",441.00,"8,845,769.40",182,14.0,46.00,3.17,10.95,3.22,720.00,173.00,,
2021/12/07,94,MHNL,29.47,464.1,467.9,436.0,436.0,436.00,0.0,0.0,447.13,"12,972.00",455.00,"5,800,196.00",115,-19.0,31.90,-4.18,7.32,-2.55,720.00,173.00,,
2021/12/08,93,MHNL,29.13,431.0,444.5,411.6,415.0,415.00,0.0,0.0,421.23,"18,757.00",436.00,"7,900,949.30",147,-21.0,32.90,-4.82,7.99,-1.5,720.00,173.00,,
2021/12/09,97,MHNL,25.6,410.0,438.0,404.0,416.5,416.50,0.0,0.0,416.65,"9,152.00",415.00,"3,813,196.20",111,1.5,34.0,0.36,8.42,-0.04,720.00,173.00,,
2021/12/12,93,MHNL,25.36,415.0,415.0,381.3,394.0,394.00,0.0,0.0,395.23,"16,614.00",416.50,"6,566,429.00",132,-22.50,33.70,-5.4,8.84,-0.31,720.00,173.00,,
2021/12/13,97,MHNL,25.81,386.2,395.0,364.0,367.0,367.00,0.0,0.0,371.89,"13,078.00",394.00,"4,863,557.50",132,-27.00,31.00,-6.85,8.52,-1.33,720.00,173.00,,
2021/12/14,90,MHNL,40.72,374.0,403.7,368.0,403.7,403.70,0.0,0.0,389.50,"9,495.00",367.00,"3,698,323.50",70,36.70,35.70,10.0,9.7,3.52,720.00,173.00,,
2021/12/15,94,MHNL,42.47,411.7,438.6,391.0,410.0,410.00,0.0,0.0,419.11,"16,945.00",403.70,"7,101,738.40",188,6.3,47.6,1.56,12.17,-2.22,720.00,173.00,,
2021/12/16,93,MHNL,41.06,402.1,410.0,385.0,385.0,385.00,0.0,0.0,394.56,"12,784.00",410.00,"5,044,079.00",107,-25.0,25.0,-6.1,6.49,-2.48,720.00,173.00,,
2021/10/28,94,MHNL,56.05,445.0,468.0,436.1,462.0,462.00,0.0,0.0,455.59,"25,522.00",454.00,"11,627,654.90",175,8.0,31.9,1.76,7.31,1.39,720.00,173.00,,
2021/10/31,97,MHNL,69.69,470.0,490.0,451.0,486.0,486.00,0.0,0.0,481.70,"56,795.00",462.00,"27,357,926.60",292,24.00,39.00,5.19,8.65,0.89,720.00,173.00,,
2021/11/01,95,MHNL,65.65,486.0,495.0,462.0,465.0,465.00,0.0,0.0,477.53,"38,225.00",486.00,"18,253,688.40",230,-21.0,33.0,-4.32,7.14,-2.7,720.00,173.00,,
2021/11/02,98,MHNL,69.31,474.0,511.4,446.6,500.0,500.00,0.0,0.0,483.37,"32,025.00",465.00,"15,480,000.50",243,35.0,64.8,7.53,14.51,3.33,720.00,173.00,,
2021/11/03,97,MHNL,63.17,510.0,510.0,490.0,497.0,497.00,0.0,0.0,497.56,"17,805.00",500.00,"8,858,976.60",121,-3.0,20.0,-0.6,4.08,-0.11,720.00,173.00,,
2021/11/08,93,MHNL,62.83,487.1,534.6,484.2,496.0,496.00,0.0,0.0,496.71,"40,849.00",497.00,"20,290,024.80",216,-1.0,50.4,-0.2,10.41,-0.14,720.00,173.00,,
2021/11/09,92,MHNL,55.43,486.1,488.0,461.0,468.0,468.00,0.0,0.0,470.74,"20,249.00",496.00,"9,532,025.90",174,-28.0,27.0,-5.65,5.86,-0.59,720.00,173.00,,
2021/11/11,94,MHNL,47.08,458.7,467.0,442.1,445.1,445.10,0.0,0.0,452.72,"14,979.00",468.00,"6,781,276.50",153,-22.9,24.9,-4.89,5.63,-1.71,720.00,173.00,,
2021/11/14,96,MHNL,48.42,445.1,477.0,437.0,454.9,454.90,0.0,0.0,451.84,"26,359.00",445.10,"11,909,974.50",160,9.80,40.00,2.2,9.15,0.67,720.00,173.00,,
2021/11/15,96,MHNL,48.22,463.9,475.0,454.0,458.9,458.90,0.0,0.0,461.54,"22,444.00",454.90,"10,358,695.20",137,4.00,21.00,0.88,4.63,-0.57,720.00,173.00,,
2021/11/16,95,MHNL,53.22,468.0,492.0,463.3,487.0,487.00,0.0,0.0,477.67,"20,388.00",458.90,"9,738,685.50",167,28.10,28.70,6.12,6.19,1.92,720.00,173.00,,
2021/11/17,94,MHNL,61.11,496.7,526.0,496.7,500.0,500.00,0.0,0.0,508.23,"43,534.00",487.00,"22,125,175.40",316,13.00,29.30,2.67,5.9,-1.65,720.00,173.00,,
2021/11/18,92,MHNL,55.72,510.0,510.0,477.0,479.9,479.90,0.0,0.0,491.51,"28,751.00",500.00,"14,131,396.50",238,-20.1,33.0,-4.02,6.92,-2.42,720.00,173.00,,
2021/11/21,94,MHNL,49.99,485.0,499.8,480.0,490.0,490.00,0.0,0.0,489.43,"17,903.00",479.90,"8,762,268.20",168,10.1,19.8,2.1,4.13,0.12,720.00,173.00,,
2021/11/22,95,MHNL,49.08,499.0,504.5,485.1,485.2,485.20,0.0,0.0,493.81,"21,474.00",490.00,"10,604,098.80",155,-4.8,19.4,-0.98,4.0,-1.77,720.00,173.00,,
2021/11/23,95,MHNL,46.34,479.0,485.0,462.0,471.5,471.50,0.0,0.0,469.15,"18,972.00",485.20,"8,900,644.20",165,-13.7,23.0,-2.82,4.98,0.5,720.00,173.00,,
2021/09/29,97,MHNL,38.83,425.0,450.0,408.0,433.0,433.00,0.0,0.0,419.75,"41,444.00",417.10,"17,396,155.50",181,15.9,42.0,3.81,10.29,3.06,720.00,128.00,,
2021/09/30,95,MHNL,33.96,440.0,447.9,412.0,421.0,421.00,0.0,0.0,427.78,"6,418.00",433.00,"2,745,519.60",80,-12.0,35.9,-2.77,8.71,-1.61,720.00,129.00,,
2021/10/03,98,MHNL,35.8,421.0,421.0,378.9,385.0,385.00,0.0,0.0,390.36,"33,524.00",421.00,"13,086,463.90",212,-36.0,42.1,-8.55,11.11,-1.39,720.00,129.00,,
2021/10/04,95,MHNL,30.92,392.0,399.8,361.0,361.0,361.00,0.0,0.0,374.65,"15,217.00",385.00,"5,700,995.20",129,-24.0,38.8,-6.23,10.75,-3.78,720.00,129.00,,
2021/10/05,95,MHNL,33.87,368.0,394.0,368.0,389.0,389.00,0.0,0.0,384.11,"13,699.00",361.00,"5,261,980.20",122,28.0,26.0,7.76,7.07,1.26,720.00,129.00,,
2021/10/06,95,MHNL,44.17,396.7,410.9,381.5,410.0,410.00,0.0,0.0,394.58,"24,056.00",389.00,"9,491,922.60",166,21.0,29.4,5.4,7.71,3.76,720.00,136.00,,
2021/10/10,90,MHNL,43.93,402.0,418.2,376.1,383.6,383.60,0.0,0.0,395.19,"22,377.00",410.00,"8,843,068.10",140,-26.4,42.1,-6.44,11.19,-3.02,720.00,142.00,,
2021/10/11,93,MHNL,45.17,376.0,390.0,355.0,365.6,365.60,0.0,0.0,366.04,"23,343.00",383.60,"8,544,574.00",151,-18.0,35.0,-4.69,9.86,-0.12,720.00,142.00,,
2021/10/17,93,MHNL,39.35,372.9,376.0,362.0,372.0,372.00,0.0,0.0,366.33,"2,280.00",365.60,"835,224.00",24,6.4,14.0,1.75,3.87,1.53,720.00,152.00,,
2021/10/18,93,MHNL,36.1,365.0,373.0,346.2,350.0,350.00,0.0,0.0,356.90,"10,563.00",372.00,"3,769,949.20",86,-22.0,26.8,-5.91,7.74,-1.97,720.00,152.00,,
2021/10/19,140,MHNL,35.86,253.0,253.7,245.6,246.5,246.50,0.0,0.0,248.04,"16,730.00",253.80,"4,149,699.80",62,-7.3,8.1,-2.88,3.3,-0.62,316.00,234.00,266.66,267.57
2021/10/20,92,MHNL,41.16,336.6,350.1,330.4,344.9,344.90,0.0,0.0,344.07,"11,865.00",330.00,"4,082,395.80",75,14.9,19.7,4.52,5.96,0.24,720.00,173.00,,
2021/10/21,91,MHNL,37.58,341.1,355.0,333.3,345.0,345.00,0.0,0.0,346.62,"7,197.00",344.90,"2,494,620.60",55,0.10,21.7,0.03,6.51,-0.47,720.00,173.00,,
2021/10/24,91,MHNL,50.26,339.0,372.0,332.3,365.0,365.00,0.0,0.0,354.85,"15,610.00",345.00,"5,539,172.40",109,20.0,39.7,5.8,11.95,2.78,720.00,173.00,,
2021/10/25,96,MHNL,52.84,372.2,401.5,359.0,400.0,400.00,0.0,0.0,393.77,"30,924.00",365.00,"12,176,915.80",164,35.0,42.5,9.59,11.84,1.56,720.00,173.00,,
2021/10/26,96,MHNL,55.53,408.0,440.0,408.0,440.0,440.00,0.0,0.0,429.76,"34,728.00",400.00,"14,924,556.90",237,40.0,32.0,10.0,7.84,2.33,720.00,173.00,,
2021/09/06,94,MHNL,48.71,472.0,509.8,436.1,509.8,509.80,0.0,0.0,480.63,"33,974.00",463.50,"16,329,031.70",240,46.3,73.7,9.99,16.9,5.72,720.00,85.00,,
2021/09/07,94,MHNL,46.78,501.0,535.0,489.1,507.0,507.00,0.0,0.0,503.34,"44,999.00",509.80,"22,649,731.80",324,-2.8,45.9,-0.55,9.38,0.72,720.00,85.00,,
2021/09/08,89,MHNL,47.80,500.0,520.0,490.0,515.8,515.80,0.0,0.0,510.73,"29,743.00",507.00,"15,190,548.90",179,8.8,30.0,1.74,6.12,0.98,720.00,86.00,,
2021/09/09,97,MHNL,56.55,520.0,560.0,518.0,554.0,554.00,0.0,0.0,543.22,"98,103.00",515.80,"53,291,545.20",588,38.2,42.0,7.41,8.11,1.95,720.00,86.00,,
2021/09/10,140,MHNL,35.86,253.0,253.7,245.6,246.5,246.50,0.0,0.0,248.04,"16,730.00",253.80,"4,149,699.80",62,-7.3,8.1,-2.88,3.3,-0.62,316.00,234.00,266.66,267.57
2021/09/12,99,MHNL,58.64,565.0,604.0,565.0,595.0,595.00,0.0,0.0,595.67,"85,157.00",554.00,"50,725,127.00",565,41.00,39.00,7.4,6.9,-0.11,720.00,88.00,,
2021/09/13,94,MHNL,60.7,606.0,606.0,553.8,565.0,565.00,0.0,0.0,578.66,"69,741.00",595.00,"40,356,195.00",491,-30.0,52.20,-5.04,9.43,-2.42,720.00,88.00,,
2021/09/14,94,MHNL,53.03,575.0,587.5,554.0,558.0,558.00,0.0,0.0,564.59,"29,727.00",565.00,"16,783,518.80",214,-7.00,33.5,-1.24,6.05,-1.18,720.00,97.00,,
2021/09/15,96,MHNL,43.15,552.0,569.0,539.0,539.0,539.00,0.0,0.0,553.86,"17,932.00",558.00,"9,931,878.50",135,-19.00,30.0,-3.41,5.57,-2.76,720.00,97.00,,
2021/09/16,99,MHNL,38.47,529.0,529.0,494.1,509.0,509.00,0.0,0.0,506.20,"53,345.00",539.00,"27,003,487.80",395,-30.0,34.9,-5.57,7.06,0.55,720.00,97.00,,
2021/09/20,97,MHNL,37.13,519.1,519.1,459.0,465.0,465.00,0.0,0.0,474.18,"29,340.00",509.00,"13,912,503.90",234,-44.0,60.1,-8.64,13.09,-1.97,720.00,101.00,,
2021/09/21,95,MHNL,37.14,458.1,495.0,449.0,467.0,467.00,0.0,0.0,467.87,"21,626.00",465.00,"10,118,205.70",209,2.0,46.00,0.43,10.24,-0.19,720.00,101.00,,
2021/09/22,92,MHNL,44.56,476.3,513.7,476.3,513.5,513.50,0.0,0.0,498.22,"27,088.00",467.00,"13,495,692.80",190,46.5,37.40,9.96,7.85,2.98,720.00,101.00,,
2021/09/23,98,MHNL,44.76,520.0,530.0,475.1,502.0,502.00,0.0,0.0,501.82,"28,628.00",513.50,"14,366,077.10",193,-11.50,54.9,-2.24,11.56,0.04,720.00,101.00,,
2021/09/26,100,MHNL,44.7,493.0,500.0,461.0,465.0,465.00,0.0,0.0,476.46,"27,187.00",502.00,"12,953,631.50",156,-37.0,39.0,-7.37,8.46,-2.47,720.00,124.00,,
2021/09/27,96,MHNL,36.72,474.3,483.7,432.0,444.0,444.00,0.0,0.0,447.46,"12,362.00",465.00,"5,531,451.80",139,-21.0,51.7,-4.52,11.97,-0.78,720.00,124.00,,
2021/08/09,95,MHNL,60.58,608.0,633.0,597.1,628.0,628.00,0.0,0.0,619.91,"91,036.00",596.10,"56,433,709.30",470,31.9,35.9,5.35,6.01,1.29,633.00,78.00,,
2021/08/10,97,MHNL,60.02,640.0,652.8,614.6,633.0,633.00,0.0,0.0,626.09,"76,816.00",628.00,"48,093,505.00",356,5.0,38.2,0.8,6.22,1.09,652.80,78.00,,
2021/08/11,96,MHNL,61.46,633.0,696.3,621.0,667.2,667.20,0.0,0.0,667.93,"114,365.00",633.00,"76,388,031.00",547,34.20,75.3,5.4,12.13,-0.11,696.30,78.00,,
2021/08/12,95,MHNL,59.04,680.5,720.0,667.0,682.0,682.00,0.0,0.0,684.08,"78,656.00",667.20,"53,807,028.50",341,14.8,53.0,2.22,7.95,-0.31,720.00,78.00,,
2021/08/15,95,MHNL,39.25,668.4,718.0,620.0,645.0,645.00,0.0,0.0,649.42,"97,765.00",682.00,"63,490,221.00",414,-37.0,98.00,-5.43,15.81,-0.68,720.00,78.00,,
2021/08/16,97,MHNL,55.65,640.0,678.3,640.0,655.0,655.00,0.0,0.0,653.82,"59,323.00",645.00,"38,786,591.60",236,10.0,38.3,1.55,5.98,0.18,720.00,78.00,,
2021/08/17,95,MHNL,58.20,668.0,697.0,657.0,685.0,685.00,0.0,0.0,682.34,"91,132.00",655.00,"62,182,951.20",305,30.0,40.0,4.58,6.09,0.39,720.00,78.00,,
2021/08/18,96,MHNL,56.29,690.0,717.0,679.0,685.0,685.00,0.0,0.0,696.87,"76,913.00",685.00,"53,598,174.00",415,0.0,38.00,0.0,5.6,-1.73,720.00,78.00,,
2021/08/19,96,MHNL,55.63,672.0,672.0,627.0,629.0,629.00,0.0,0.0,644.12,"39,635.00",685.00,"25,529,792.90",271,-56.0,45.00,-8.18,7.18,-2.4,720.00,78.00,,
2021/08/24,95,MHNL,51.93,617.0,617.0,566.1,567.0,567.00,0.0,0.0,581.80,"49,045.00",629.00,"28,534,544.50",364,-62.0,50.9,-9.86,8.99,-2.61,720.00,78.00,,
2021/08/25,95,MHNL,42.23,555.7,583.0,520.0,550.0,550.00,0.0,0.0,554.00,"45,973.00",567.00,"25,468,920.50",227,-17.0,63.0,-3.0,12.12,-0.73,720.00,78.00,,
2021/08/26,99,MHNL,52.1,561.0,605.0,542.0,594.3,594.30,0.0,0.0,581.59,"52,145.00",550.00,"30,326,930.00",328,44.3,63.0,8.05,11.62,2.14,720.00,78.00,,
2021/08/29,95,MHNL,39.28,595.0,595.0,558.0,580.0,580.00,0.0,0.0,574.72,"17,709.00",594.30,"10,177,748.00",188,-14.3,37.0,-2.41,6.63,0.91,720.00,78.00,,
2021/08/31,94,MHNL,42.91,568.4,568.4,522.0,535.0,535.00,0.0,0.0,532.03,"80,649.00",580.00,"42,907,357.00",496,-45.0,46.4,-7.76,8.89,0.56,720.00,79.00,,
2021/09/01,97,MHNL,43.34,545.7,560.0,515.0,528.0,528.00,0.0,0.0,538.17,"26,599.00",535.00,"14,314,763.20",208,-7.0,45.0,-1.31,8.74,-1.93,720.00,79.00,,
2021/09/02,97,MHNL,36.48,538.5,549.0,490.0,514.9,514.90,0.0,0.0,512.62,"19,542.00",528.00,"10,017,668.00",195,-13.1,59.0,-2.48,12.04,0.44,720.00,79.00,,
2021/07/14,93,MHNL,59.12,319.0,342.0,319.0,338.0,338.00,0.0,0.0,326.39,"15,659.00",325.00,"5,110,915.00",104,13.0,23.0,4.0,7.21,3.44,439.00,76.00,,
2021/07/15,99,MHNL,63.91,338.0,358.0,338.0,346.0,346.00,0.0,0.0,345.91,"25,592.00",338.00,"8,852,473.00",187,8.0,20.0,2.37,5.92,0.03,439.00,76.00,,
2021/07/18,96,MHNL,80.77,350.0,377.1,350.0,369.0,369.00,0.0,0.0,368.57,"51,339.00",346.00,"18,921,956.50",366,23.0,27.1,6.65,7.74,0.12,439.00,76.00,,
2021/07/19,96,MHNL,75.27,376.0,388.0,365.0,377.0,377.00,0.0,0.0,371.12,"24,940.00",369.00,"9,255,611.00",169,8.0,23.0,2.17,6.3,1.56,439.00,76.00,,
2021/07/20,95,MHNL,77.35,384.0,413.1,375.0,412.0,412.00,0.0,0.0,400.31,"150,996.00",377.00,"60,445,661.60",792,35.00,38.10,9.28,10.16,2.84,439.00,76.00,,
2021/07/22,96,MHNL,77.64,414.7,453.2,405.0,453.0,453.00,0.0,0.0,426.55,"87,411.00",412.00,"37,285,026.40",556,41.0,48.20,9.95,11.9,5.84,453.20,78.00,,
2021/07/25,96,MHNL,81.67,444.0,494.7,433.0,490.0,490.00,0.0,0.0,466.52,"159,111.00",453.00,"74,228,698.00",761,37.0,61.70,8.17,14.25,4.79,494.70,78.00,,
2021/07/26,97,MHNL,75.74,495.0,539.0,464.0,539.0,539.00,0.0,0.0,507.47,"161,225.00",490.00,"81,817,126.10",768,49.0,75.00,10.0,16.16,5.85,539.00,78.00,,
2021/07/27,96,MHNL,65.67,540.0,590.0,540.0,561.1,561.10,0.0,0.0,571.62,"53,015.00",539.00,"30,304,473.60",456,22.1,50.00,4.1,9.26,-1.88,590.00,78.00,,
2021/07/28,95,MHNL,64.37,568.0,590.4,534.1,590.4,590.40,0.0,0.0,555.89,"76,787.00",561.10,"42,685,181.80",506,29.3,56.30,5.22,10.54,5.85,590.40,78.00,,
2021/07/29,94,MHNL,69.01,580.0,591.0,541.0,554.0,554.00,0.0,0.0,558.26,"138,232.00",590.40,"77,169,917.90",519,-36.4,50.0,-6.17,9.24,-0.77,591.00,78.00,,
2021/08/01,98,MHNL,64.16,545.1,606.0,545.1,603.0,603.00,0.0,0.0,573.37,"99,347.00",554.00,"56,962,719.70",490,49.0,60.90,8.84,11.17,4.91,606.00,78.00,,
2021/08/02,98,MHNL,63.69,603.0,603.0,569.0,590.0,590.00,0.0,0.0,581.10,"76,838.00",603.00,"44,650,808.50",390,-13.0,34.0,-2.16,5.98,1.51,606.00,78.00,,
2021/08/03,95,MHNL,58.85,578.4,601.7,567.0,582.0,582.00,0.0,0.0,582.98,"37,627.00",590.00,"21,935,677.20",264,-8.0,34.7,-1.36,6.12,-0.17,606.00,78.00,,
2021/08/04,98,MHNL,61.61,574.0,601.7,574.0,600.0,600.00,0.0,0.0,591.49,"75,113.00",582.00,"44,428,475.20",335,18.0,27.7,3.09,4.83,1.42,606.00,78.00,,
2021/08/05,97,MHNL,56.95,600.0,603.0,572.1,603.0,603.00,0.0,0.0,585.30,"62,443.00",600.00,"36,548,159.50",352,3.0,30.9,0.5,5.4,2.93,606.00,78.00,,
2021/06/21,140,MHNL,35.86,253.0,253.7,245.6,246.5,246.50,0.0,0.0,248.04,"16,730.00",253.80,"4,149,699.80",62,-7.3,8.1,-2.88,3.3,-0.62,316.00,234.00,266.66,267.57
2021/06/22,96,MHNL,54.85,317.0,350.0,317.0,349.0,349.00,0.0,0.0,334.01,"19,234.00",319.00,"6,424,425.00",238,30.0,33.0,9.4,10.41,4.29,439.00,76.00,,
2021/06/23,95,MHNL,52.51,350.0,354.0,335.0,339.0,339.00,0.0,0.0,343.12,"22,499.00",349.00,"7,719,919.00",177,-10.0,19.00,-2.87,5.67,-1.22,439.00,76.00,,
2021/06/24,95,MHNL,52.71,333.0,344.0,331.0,331.0,331.00,0.0,0.0,335.42,"12,960.00",339.00,"4,347,065.00",126,-8.00,13.0,-2.36,3.93,-1.34,439.00,76.00,,
2021/06/27,97,MHNL,57.42,337.0,342.0,329.0,330.0,330.00,0.0,0.0,332.18,"12,181.00",331.00,"4,046,339.00",112,-1.0,13.0,-0.3,3.95,-0.66,439.00,76.00,,
2021/06/28,93,MHNL,41.26,335.0,335.0,320.0,320.0,320.00,0.0,0.0,326.06,"12,339.00",330.00,"4,023,280.00",101,-10.0,15.0,-3.03,4.69,-1.89,439.00,76.00,,
2021/06/29,97,MHNL,42.16,336.0,336.0,310.0,311.0,311.00,0.0,0.0,316.73,"9,672.00",320.00,"3,063,384.00",90,-9.0,26.0,-2.81,8.39,-1.84,439.00,76.00,,
2021/06/30,92,MHNL,48.19,305.0,323.0,300.0,317.0,317.00,0.0,0.0,305.34,"11,654.00",311.00,"3,558,489.00",111,6.0,23.0,1.93,7.67,3.68,439.00,76.00,,
2021/07/01,95,MHNL,49.30,323.0,330.0,319.0,325.0,325.00,0.0,0.0,325.55,"7,439.00",317.00,"2,421,739.00",93,8.0,11.0,2.52,3.45,-0.17,439.00,76.00,,
2021/07/04,96,MHNL,53.48,309.0,331.0,309.0,317.0,317.00,0.0,0.0,325.24,"13,172.00",325.00,"4,284,056.00",99,-8.0,22.0,-2.46,7.12,-2.6,439.00,76.00,,
2021/07/05,96,MHNL,47.5,313.0,320.0,313.0,313.0,313.00,0.0,0.0,316.39,"4,029.00",317.00,"1,274,747.00",45,-4.0,7.00,-1.26,2.24,-1.08,439.00,76.00,,
2021/07/06,94,MHNL,43.87,310.0,316.0,308.0,311.0,311.00,0.0,0.0,309.84,"3,942.00",313.00,"1,221,374.00",50,-2.00,8.00,-0.64,2.6,0.37,439.00,76.00,,
2021/07/07,96,MHNL,41.74,317.0,317.0,303.0,303.0,303.00,0.0,0.0,307.38,"6,710.00",311.00,"2,062,525.00",58,-8.0,14.00,-2.57,4.62,-1.45,439.00,76.00,,
2021/07/08,98,MHNL,48.87,300.0,325.0,298.0,310.0,310.00,0.0,0.0,306.63,"5,367.00",303.00,"1,645,658.00",81,7.00,27.0,2.31,9.06,1.09,439.00,76.00,,
2021/07/11,95,MHNL,58.47,316.0,334.0,310.0,331.0,331.00,0.0,0.0,325.24,"6,995.00",310.00,"2,275,085.00",100,21.0,24.0,6.77,7.74,1.74,439.00,76.00,,
2021/07/12,99,MHNL,55.42,331.0,337.0,322.0,325.0,325.00,0.0,0.0,326.10,"6,824.00",331.00,"2,225,335.00",64,-6.0,15.0,-1.81,4.66,-0.34,439.00,76.00,,
2021/05/27,91,MHNL,71.93,379.0,415.0,371.0,414.0,414.00,0.0,0.0,402.91,"71,904.00",379.00,"28,971,171.00",456,35.00,44.00,9.23,11.86,2.68,415.00,76.00,,
2021/05/30,98,MHNL,74.18,406.0,412.0,379.0,392.0,392.00,0.0,0.0,392.44,"191,123.00",414.00,"75,004,681.00","1,002",-22.0,33.00,-5.31,8.71,-0.11,415.00,76.00,,
2021/05/31,95,MHNL,59.80,388.0,388.0,354.0,360.0,360.00,0.0,0.0,368.31,"72,288.00",392.00,"26,624,244.00",489,-32.00,34.00,-8.16,9.6,-2.31,415.00,76.00,,
2021/06/01,92,MHNL,55.28,353.0,369.0,338.0,347.0,347.00,0.0,0.0,352.12,"26,262.00",360.00,"9,247,503.00",252,-13.0,31.0,-3.61,9.17,-1.48,415.00,76.00,,
2021/06/02,92,MHNL,56.52,364.0,373.0,341.0,359.0,359.00,0.0,0.0,355.52,"32,298.00",347.00,"11,482,517.00",268,12.00,32.00,3.46,9.38,0.97,415.00,76.00,,
2021/06/03,92,MHNL,52.91,364.0,365.0,345.0,349.0,349.00,0.0,0.0,350.68,"30,929.00",359.00,"10,846,034.00",219,-10.0,20.00,-2.79,5.8,-0.48,415.00,76.00,,
2021/06/06,91,MHNL,52.68,343.0,347.0,331.0,340.0,340.00,0.0,0.0,335.46,"33,638.00",349.00,"11,284,141.00",235,-9.0,16.00,-2.58,4.83,1.34,415.00,76.00,,
2021/06/07,94,MHNL,57.17,346.0,370.0,345.0,370.0,370.00,0.0,0.0,357.02,"28,271.00",340.00,"10,093,179.00",289,30.0,25.0,8.82,7.25,3.51,415.00,76.00,,
2021/06/08,93,MHNL,58.24,377.0,384.0,370.0,370.0,370.00,0.0,0.0,375.94,"45,104.00",370.00,"16,956,207.00",232,0.0,14.0,0.0,3.78,-1.6,415.00,76.00,,
2021/06/09,95,MHNL,57.36,364.0,384.0,357.0,363.0,363.00,0.0,0.0,371.85,"36,761.00",370.00,"13,669,480.00",245,-7.0,27.0,-1.89,7.56,-2.44,415.00,76.00,,
2021/06/10,94,MHNL,67.38,345.0,392.0,345.0,387.0,387.00,0.0,0.0,383.14,"78,594.00",363.00,"30,112,747.00",531,24.0,47.0,6.61,13.62,1.0,415.00,76.00,,
2021/06/13,93,MHNL,67.07,390.0,420.0,378.0,419.0,419.00,0.0,0.0,408.02,"90,600.00",387.00,"36,966,165.00",691,32.0,42.0,8.27,11.11,2.62,420.00,76.00,,
2021/06/14,96,MHNL,66.24,439.0,439.0,392.0,398.0,398.00,0.0,0.0,408.02,"98,154.00",419.00,"40,049,051.00",619,-21.0,47.00,-5.01,11.99,-2.52,439.00,76.00,,
2021/06/15,96,MHNL,59.16,400.0,413.0,375.0,379.0,379.00,0.0,0.0,387.46,"44,391.00",398.00,"17,199,671.00",378,-19.0,38.0,-4.77,10.13,-2.23,439.00,76.00,,
2021/06/16,94,MHNL,51.06,361.0,377.0,342.0,348.0,348.00,0.0,0.0,353.74,"50,427.00",379.00,"17,837,818.00",514,-31.0,35.00,-8.18,10.23,-1.65,439.00,76.00,,
2021/06/17,96,MHNL,48.5,347.0,364.0,335.0,350.0,350.00,0.0,0.0,346.73,"26,932.00",348.00,"9,338,140.00",336,2.0,29.0,0.57,8.66,0.93,439.00,76.00,,
2021/05/03,95,MHNL,61.97,272.0,280.0,270.0,275.0,275.00,0.0,0.0,274.96,"12,805.00",277.00,"3,520,910.00",98,-2.0,10.0,-0.72,3.7,0.01,295.00,76.00,,
2021/05/04,92,MHNL,69.99,279.0,296.0,266.0,284.0,284.00,0.0,0.0,282.41,"32,867.00",275.00,"9,282,052.00",201,9.0,30.0,3.27,11.28,0.56,296.00,76.00,,
2021/05/05,96,MHNL,69.52,285.0,301.0,282.0,297.0,297.00,0.0,0.0,293.87,"44,067.00",284.00,"12,950,043.00",252,13.0,19.0,4.58,6.74,1.05,301.00,76.00,,
2021/05/06,94,MHNL,63.92,293.0,293.0,281.0,286.0,286.00,0.0,0.0,284.04,"28,253.00",297.00,"8,025,065.00",122,-11.0,12.00,-3.7,4.27,0.68,301.00,76.00,,
2021/05/09,96,MHNL,54.63,281.0,282.0,273.0,277.0,277.00,0.0,0.0,275.98,"12,390.00",286.00,"3,419,450.00",81,-9.0,9.0,-3.15,3.3,0.37,301.00,76.00,,
2021/05/10,95,MHNL,52.05,279.0,281.0,267.0,281.0,281.00,0.0,0.0,274.67,"11,380.00",277.00,"3,125,690.00",55,4.00,14.00,1.44,5.24,2.25,301.00,76.00,,
2021/05/11,94,MHNL,51.52,277.0,290.0,277.0,288.0,288.00,0.0,0.0,284.28,"18,456.00",281.00,"5,246,739.00",108,7.0,13.00,2.49,4.69,1.29,301.00,76.00,,
2021/05/12,91,MHNL,59.76,293.0,298.0,278.0,295.0,295.00,0.0,0.0,289.69,"23,497.00",288.00,"6,806,960.00",142,7.00,20.00,2.43,7.19,1.8,301.00,76.00,,
2021/05/13,95,MHNL,63.75,300.0,306.0,289.0,290.0,290.00,0.0,0.0,297.93,"37,151.00",295.00,"11,068,446.00",178,-5.0,17.00,-1.69,5.88,-2.73,306.00,76.00,,
2021/05/16,93,MHNL,57.98,289.0,292.0,283.0,286.0,286.00,0.0,0.0,285.04,"18,857.00",290.00,"5,374,961.00",125,-4.0,9.00,-1.38,3.18,0.34,306.00,76.00,,
2021/05/17,94,MHNL,61.25,284.0,301.0,282.0,291.0,291.00,0.0,0.0,291.08,"33,649.00",286.00,"9,794,624.00",168,5.0,19.0,1.75,6.74,-0.03,306.00,76.00,,
2021/05/18,93,MHNL,70.57,296.0,318.0,296.0,313.0,313.00,0.0,0.0,312.15,"88,706.00",291.00,"27,689,220.00",387,22.0,22.0,7.56,7.43,0.27,318.00,76.00,,
2021/05/19,92,MHNL,63.74,317.0,317.0,294.0,299.0,299.00,0.0,0.0,301.25,"39,008.00",313.00,"11,751,165.00",239,-14.0,23.0,-4.47,7.82,-0.75,318.00,76.00,,
2021/05/20,92,MHNL,61.03,294.0,297.0,288.0,290.0,290.00,0.0,0.0,291.30,"24,905.00",299.00,"7,254,818.00",161,-9.0,9.0,-3.01,3.13,-0.45,318.00,76.00,,
2021/05/23,95,MHNL,69.74,304.0,316.0,284.0,314.0,314.00,0.0,0.0,302.13,"45,973.00",290.00,"13,889,773.00",280,24.0,32.0,8.28,11.27,3.78,318.00,76.00,,
2021/05/24,93,MHNL,69.38,324.0,345.0,320.0,345.0,345.00,0.0,0.0,339.03,"208,921.00",314.00,"70,830,266.00",689,31.0,25.00,9.87,7.81,1.73,345.00,76.00,,
2021/04/06,90,MHNL,57.05,262.0,270.0,259.0,268.0,268.00,0.0,0.0,264.63,"19,000.00",264.00,"5,027,979.00",105,4.00,11.0,1.52,4.25,1.26,295.00,76.00,,
2021/04/07,92,MHNL,58.42,273.0,273.0,255.0,259.0,259.00,0.0,0.0,259.03,"32,260.00",268.00,"8,356,249.00",131,-9.0,18.0,-3.36,7.06,-0.01,295.00,76.00,,
2021/04/08,89,MHNL,49.85,255.0,270.0,255.0,258.0,258.00,0.0,0.0,261.96,"12,761.00",259.00,"3,342,861.00",68,-1.0,15.0,-0.39,5.88,-1.53,295.00,76.00,,
2021/04/12,91,MHNL,48.51,253.0,260.0,253.0,257.0,257.00,0.0,0.0,256.24,"8,581.00",258.00,"2,198,815.00",62,-1.0,7.0,-0.39,2.77,0.29,295.00,76.00,,
2021/04/13,89,MHNL,47.03,253.0,259.0,253.0,258.0,258.00,0.0,0.0,257.63,"3,000.00",257.00,"772,880.00",51,1.0,6.0,0.39,2.37,0.14,295.00,76.00,,
2021/04/15,94,MHNL,55.3,258.0,266.0,258.0,258.0,258.00,0.0,0.0,261.38,"35,870.00",258.00,"9,375,850.00",158,0.0,8.0,0.0,3.1,-1.31,295.00,76.00,,
2021/04/18,88,MHNL,56.66,260.0,265.0,254.0,261.0,261.00,0.0,0.0,260.45,"10,463.00",258.00,"2,725,048.00",107,3.0,11.0,1.16,4.33,0.21,295.00,76.00,,
2021/04/19,91,MHNL,59.92,274.0,274.0,259.0,261.0,261.00,0.0,0.0,264.24,"20,319.00",261.00,"5,369,186.00",108,0.0,15.0,0.0,5.79,-1.24,295.00,76.00,,
2021/04/20,92,MHNL,65.15,265.0,272.0,260.0,270.0,270.00,0.0,0.0,266.33,"25,117.00",261.00,"6,689,522.00",159,9.00,12.0,3.45,4.62,1.36,295.00,76.00,,
2021/04/21,91,MHNL,64.48,270.0,290.0,267.0,270.0,270.00,0.0,0.0,274.14,"34,290.00",270.00,"9,400,190.00",154,0.00,23.0,0.0,8.61,-1.53,295.00,76.00,,
2021/04/22,93,MHNL,61.34,266.0,275.0,262.0,271.0,271.00,0.0,0.0,269.62,"24,572.00",270.00,"6,625,208.00",99,1.0,13.0,0.37,4.96,0.51,295.00,76.00,,
2021/04/25,93,MHNL,49.07,268.0,269.0,255.0,261.0,261.00,0.0,0.0,260.60,"10,844.00",271.00,"2,825,969.00",63,-10.0,14.0,-3.69,5.49,0.15,295.00,76.00,,
2021/04/26,95,MHNL,41.6,256.0,258.0,250.0,250.0,250.00,0.0,0.0,251.81,"9,567.00",261.00,"2,409,057.00",83,-11.0,8.0,-4.21,3.2,-0.72,295.00,76.00,,
2021/04/27,95,MHNL,54.69,247.0,265.0,246.0,264.0,264.00,0.0,0.0,252.72,"9,270.00",250.00,"2,342,750.00",83,14.0,19.0,5.6,7.72,4.27,295.00,76.00,,
2021/04/28,93,MHNL,40.43,260.0,265.0,250.0,262.0,262.00,0.0,0.0,256.45,"2,602.00",264.00,"667,291.00",31,-2.00,15.0,-0.76,6.0,2.12,295.00,76.00,,
2021/04/29,95,MHNL,63.91,257.0,270.0,257.0,270.0,270.00,0.0,0.0,267.43,"8,647.00",262.00,"2,312,449.00",72,8.0,13.0,3.05,5.06,0.95,295.00,76.00,,
2021/03/14,89,MHNL,55.11,262.0,262.0,243.0,250.0,250.00,0.0,0.0,250.82,"24,527.00",250.00,"6,151,763.00",148,0.0,19.0,0.0,7.82,-0.33,295.00,76.00,,
2021/03/15,89,MHNL,63.14,250.0,256.0,242.0,254.0,254.00,0.0,0.0,250.05,"21,425.00",250.00,"5,357,280.00",117,4.0,14.00,1.6,5.79,1.56,295.00,76.00,,
2021/03/16,93,MHNL,57.17,255.0,255.0,245.0,249.0,249.00,0.0,0.0,248.85,"8,445.00",254.00,"2,101,580.00",75,-5.00,10.00,-1.97,4.08,0.06,295.00,76.00,,
2021/03/17,89,MHNL,46.29,237.0,252.0,237.0,249.0,249.00,0.0,0.0,248.26,"13,692.00",249.00,"3,399,180.00",68,0.0,15.0,0.0,6.33,0.3,295.00,76.00,,
2021/03/18,90,MHNL,43.27,253.0,253.0,245.0,246.0,246.00,0.0,0.0,247.81,"11,200.00",249.00,"2,775,441.00",82,-3.0,8.0,-1.2,3.27,-0.73,295.00,76.00,,
2021/03/21,89,MHNL,44.89,247.0,251.0,242.0,245.0,245.00,0.0,0.0,245.16,"10,068.00",246.00,"2,468,314.00",82,-1.00,9.00,-0.41,3.72,-0.07,295.00,76.00,,
2021/03/22,89,MHNL,42.51,241.0,249.0,236.0,239.0,239.00,0.0,0.0,238.88,"8,358.00",245.00,"1,996,596.00",51,-6.0,13.0,-2.45,5.51,0.05,295.00,76.00,,
2021/03/23,88,MHNL,46.04,239.0,255.0,236.0,242.0,242.00,0.0,0.0,243.06,"13,363.00",239.00,"3,247,970.00",92,3.00,19.00,1.26,8.05,-0.44,295.00,76.00,,
2021/03/24,88,MHNL,69.19,238.0,266.0,238.0,266.0,266.00,0.0,0.0,251.59,"48,389.00",242.00,"12,174,371.00",192,24.00,28.00,9.92,11.76,5.42,295.00,76.00,,
2021/03/25,88,MHNL,68.79,268.0,292.0,256.0,285.0,285.00,0.0,0.0,275.83,"75,134.00",266.00,"20,724,513.00",356,19.0,36.00,7.14,14.06,3.22,295.00,76.00,,
2021/03/29,89,MHNL,65.74,288.0,288.0,263.0,266.0,266.00,0.0,0.0,269.10,"23,001.00",285.00,"6,189,564.00",123,-19.0,25.00,-6.67,9.51,-1.17,295.00,76.00,,
2021/03/30,87,MHNL,64.7,266.0,273.0,262.0,269.0,269.00,0.0,0.0,267.03,"17,538.00",266.00,"4,683,094.00",91,3.0,11.0,1.13,4.2,0.73,295.00,76.00,,
2021/03/31,88,MHNL,57.35,280.0,280.0,259.0,264.0,264.00,0.0,0.0,261.19,"26,168.00",269.00,"6,834,738.00",109,-5.0,21.0,-1.86,8.11,1.07,295.00,76.00,,
2021/04/01,95,MHNL,50.1,264.0,269.0,254.0,260.0,260.00,0.0,0.0,259.84,"13,275.00",264.00,"3,449,365.00",93,-4.00,15.00,-1.52,5.91,0.06,295.00,76.00,,
2021/04/03,140,MHNL,35.86,253.0,253.7,245.6,246.5,246.50,0.0,0.0,248.04,"16,730.00",253.80,"4,149,699.80",62,-7.3,8.1,-2.88,3.3,-0.62,316.00,234.00,266.66,267.57
2021/04/04,89,MHNL,55.84,256.0,268.0,251.0,264.0,264.00,0.0,0.0,258.07,"27,513.00",260.00,"7,100,178.00",141,4.0,17.00,1.54,6.77,2.25,295.00,76.00,,
2021/02/15,88,MHNL,56.91,231.0,245.0,217.0,242.0,242.00,0.0,0.0,232.65,"50,933.00",227.00,"11,849,698.00",166,15.0,28.0,6.61,12.9,3.86,295.00,76.00,,
2021/02/16,91,MHNL,48.54,238.0,239.0,228.0,231.0,231.00,0.0,0.0,234.25,"12,764.00",242.00,"2,989,914.00",113,-11.0,11.0,-4.55,4.82,-1.41,295.00,76.00,,
2021/02/17,88,MHNL,48.51,231.0,235.0,227.0,232.0,232.00,0.0,0.0,231.24,"11,987.00",231.00,"2,771,932.00",101,1.0,8.0,0.43,3.52,0.33,295.00,76.00,,
2021/02/18,91,MHNL,54.24,228.0,234.0,228.0,232.0,232.00,0.0,0.0,230.48,"6,216.00",232.00,"1,432,660.00",89,0.0,6.0,0.0,2.63,0.66,295.00,76.00,,
2021/02/21,140,MHNL,35.86,253.0,253.7,245.6,246.5,246.50,0.0,0.0,248.04,"16,730.00",253.80,"4,149,699.80",62,-7.3,8.1,-2.88,3.3,-0.62,316.00,234.00,266.66,267.57
2021/02/22,89,MHNL,59.34,252.0,252.0,233.0,240.0,240.00,0.0,0.0,240.75,"10,058.00",240.00,"2,421,479.00",88,0.0,19.0,0.0,8.15,-0.31,295.00,76.00,,
2021/02/23,90,MHNL,57.29,236.0,244.0,221.0,244.0,244.00,0.0,0.0,229.33,"6,942.00",240.00,"1,592,043.00",74,4.00,23.0,1.67,10.41,6.01,295.00,76.00,,
2021/02/24,88,MHNL,55.99,240.0,240.0,235.0,239.0,239.00,0.0,0.0,236.82,"9,140.00",244.00,"2,164,565.00",58,-5.0,5.0,-2.05,2.13,0.91,295.00,76.00,,
2021/02/25,89,MHNL,43.54,235.0,235.0,227.0,229.0,229.00,0.0,0.0,230.89,"6,400.00",239.00,"1,477,710.00",68,-10.0,8.0,-4.18,3.52,-0.83,295.00,76.00,,
2021/02/28,87,MHNL,43.08,225.0,225.0,218.0,219.0,219.00,0.0,0.0,220.76,"6,493.00",229.00,"1,433,425.00",70,-10.0,7.0,-4.37,3.21,-0.81,295.00,76.00,,
2021/03/01,88,MHNL,43.57,219.0,230.0,217.0,224.0,224.00,0.0,0.0,223.61,"4,517.00",219.00,"1,010,052.00",76,5.0,13.0,2.28,5.99,0.17,295.00,76.00,,
2021/03/02,89,MHNL,45.85,221.0,225.0,216.0,222.0,222.00,0.0,0.0,219.33,"10,470.00",224.00,"2,296,370.00",70,-2.0,9.0,-0.89,4.17,1.2,295.00,76.00,,
2021/03/03,90,MHNL,47.99,222.0,225.0,217.0,218.0,218.00,0.0,0.0,220.77,"18,425.00",222.00,"4,067,769.00",62,-4.0,8.00,-1.8,3.69,-1.27,295.00,76.00,,
2021/03/04,89,MHNL,61.1,208.0,236.0,208.0,234.0,234.00,0.0,0.0,225.27,"8,615.00",218.00,"1,940,705.00",103,16.0,28.0,7.34,13.46,3.73,295.00,76.00,,
2021/03/07,91,MHNL,58.18,238.0,239.0,228.0,229.0,229.00,0.0,0.0,232.29,"9,930.00",234.00,"2,306,640.00",74,-5.00,11.0,-2.14,4.82,-1.44,295.00,76.00,,
2021/03/09,88,MHNL,64.86,228.0,239.0,220.0,237.0,237.00,0.0,0.0,234.39,"28,509.00",229.00,"6,682,345.00",118,8.0,19.0,3.49,8.64,1.1,295.00,76.00,,
2021/01/21,90,MHNL,73.39,197.0,212.0,190.0,210.0,210.00,0.0,0.0,201.73,"27,707.00",194.00,"5,589,291.00",194,16.0,22.00,8.25,11.58,3.94,228.00,76.00,,
2021/01/24,87,MHNL,75.68,210.0,222.0,209.0,221.0,221.00,0.0,0.0,215.22,"24,990.00",210.00,"5,378,460.00",192,11.0,13.0,5.24,6.22,2.61,228.00,76.00,,
2021/01/25,88,MHNL,71.29,217.0,226.0,217.0,220.0,220.00,0.0,0.0,219.37,"14,365.00",221.00,"3,151,214.00",134,-1.00,9.00,-0.45,4.15,0.29,228.00,76.00,,
2021/01/26,88,MHNL,69.8,221.0,221.0,210.0,220.0,220.00,0.0,0.0,215.43,"16,476.00",220.00,"3,549,396.00",94,0.0,11.00,0.0,5.24,2.08,228.00,76.00,,
2021/01/27,90,MHNL,58.39,216.0,219.0,210.0,216.0,216.00,0.0,0.0,216.42,"5,901.00",220.00,"1,277,096.00",72,-4.0,9.0,-1.82,4.29,-0.19,228.00,76.00,,
2021/01/28,90,MHNL,55.9,226.0,226.0,206.0,222.0,222.00,0.0,0.0,213.07,"4,270.00",216.00,"909,790.00",69,6.0,20.00,2.78,9.71,4.02,228.00,76.00,,
2021/01/31,88,MHNL,49.52,223.0,223.0,202.0,209.0,209.00,0.0,0.0,212.17,"5,320.00",222.00,"1,128,764.00",43,-13.0,21.0,-5.86,10.4,-1.52,228.00,76.00,,
2021/02/01,87,MHNL,55.36,207.0,214.0,203.0,210.0,210.00,0.0,0.0,209.52,"14,417.00",209.00,"3,020,643.00",118,1.00,11.0,0.48,5.42,0.23,228.00,76.00,,
2021/02/02,87,MHNL,54.37,214.0,215.0,208.0,214.0,214.00,0.0,0.0,211.46,"7,078.00",210.00,"1,496,744.00",85,4.0,7.0,1.9,3.37,1.18,228.00,76.00,,
2021/02/03,87,MHNL,62.02,218.0,230.0,214.0,223.0,223.00,0.0,0.0,222.35,"54,567.00",214.00,"12,133,197.00",262,9.0,16.0,4.21,7.48,0.29,230.00,76.00,,
2021/02/04,88,MHNL,72.35,234.0,245.0,222.0,245.0,245.00,0.0,0.0,236.66,"46,112.00",223.00,"10,912,943.00",324,22.0,23.0,9.87,10.36,3.4,245.00,76.00,,
2021/02/07,89,MHNL,68.06,257.0,269.0,252.0,269.0,269.00,0.0,0.0,263.59,"23,488.00",245.00,"6,191,149.00",196,24.0,17.0,9.8,6.75,2.01,269.00,76.00,,
2021/02/08,89,MHNL,66.79,270.0,295.0,260.0,264.0,264.00,0.0,0.0,275.80,"23,260.00",269.00,"6,415,020.00",171,-5.0,35.0,-1.86,13.46,-4.47,295.00,76.00,,
2021/02/09,86,MHNL,62.69,259.0,265.0,244.0,258.0,258.00,0.0,0.0,251.84,"15,656.00",264.00,"3,942,820.00",112,-6.0,21.0,-2.27,8.61,2.39,295.00,76.00,,
2021/02/10,86,MHNL,56.0,253.0,258.0,248.0,250.0,250.00,0.0,0.0,251.26,"12,541.00",258.00,"3,151,097.00",88,-8.0,10.0,-3.1,4.03,-0.51,295.00,76.00,,
2021/02/11,89,MHNL,48.3,245.0,255.0,244.0,244.0,244.00,0.0,0.0,246.89,"10,760.00",250.00,"2,656,512.00",87,-6.0,11.0,-2.4,4.51,-1.18,295.00,76.00,,
2021/03/10,87,MHNL,65.66,236.0,258.0,236.0,250.0,250.00,0.0,0.0,247.26,"44,851.00",237.00,"11,089,913.00",247,13.0,22.00,5.49,9.32,1.1,295.00,76.00,,
2021/04/05,89,MHNL,52.81,264.0,278.0,257.0,264.0,264.00,0.0,0.0,267.62,"20,945.00",264.00,"5,605,198.00",115,0.0,21.00,0.0,8.17,-1.37,295.00,76.00,,
2021/05/02,99,MHNL,66.48,265.0,282.0,262.0,277.0,277.00,0.0,0.0,275.05,"26,128.00",270.00,"7,186,400.00",151,7.0,20.0,2.59,7.63,0.71,295.00,76.00,,
2021/05/25,94,MHNL,74.08,350.0,379.0,350.0,379.0,379.00,0.0,0.0,376.77,"90,896.00",345.00,"34,247,008.00",496,34.00,29.00,9.86,8.29,0.59,379.00,76.00,,
2021/06/20,100,MHNL,46.91,350.0,356.0,330.0,337.0,337.00,0.0,0.0,342.73,"26,870.00",350.00,"9,209,058.00",231,-13.0,26.00,-3.71,7.88,-1.7,439.00,76.00,,
2021/07/13,95,MHNL,56.02,325.0,328.0,315.0,325.0,325.00,0.0,0.0,323.77,"5,845.00",325.00,"1,892,432.00",58,0.0,13.0,0.0,4.13,0.38,439.00,76.00,,
2021/08/08,96,MHNL,60.5,591.0,626.0,575.0,596.1,596.10,0.0,0.0,600.62,"102,982.00",603.00,"61,853,114.80",461,-6.9,51.0,-1.14,8.87,-0.76,626.00,78.00,,
2021/09/05,94,MHNL,37.19,505.0,510.0,463.5,463.5,463.50,0.0,0.0,476.29,"38,478.00",514.90,"18,326,832.00",237,-51.4,46.5,-9.98,10.03,-2.76,720.00,85.00,,
2021/09/28,92,MHNL,33.14,435.2,438.0,402.2,417.1,417.10,0.0,0.0,416.11,"28,111.00",444.00,"11,697,140.20",189,-26.9,35.8,-6.06,8.9,0.24,720.00,126.00,,
2021/10/27,96,MHNL,59.16,445.0,484.0,414.6,454.0,454.00,0.0,0.0,449.50,"49,066.00",440.00,"22,055,273.60",310,14.00,69.4,3.18,16.74,0.99,720.00,173.00,,
2021/11/24,95,MHNL,53.11,463.0,499.8,451.0,480.0,480.00,0.0,0.0,472.80,"31,622.00",471.50,"14,951,008.00",239,8.50,48.8,1.8,10.82,1.5,720.00,173.00,,
2021/12/20,93,MHNL,41.48,378.0,387.0,373.5,376.0,376.00,0.0,0.0,381.30,"9,955.00",385.00,"3,795,797.00",62,-9.0,13.5,-2.34,3.61,-1.41,720.00,173.00,,
2022/01/13,93,MHNL,59.02,474.3,508.9,462.0,508.9,508.90,0.0,0.0,481.01,"31,776.00",465.00,"15,284,477.30",212,43.9,46.9,9.44,10.15,5.48,720.00,184.00,,
2022/02/08,96,MHNL,47.28,528.3,538.8,502.0,508.9,508.90,0.0,0.0,519.51,"46,344.00",518.00,"24,076,383.00",206,-9.1,36.8,-1.76,7.33,-2.09,720.00,208.00,,
2022/03/07,98,MHNL,29.78,441.6,441.6,416.0,418.0,418.00,0.0,0.0,423.12,"10,929.00",433.00,"4,624,231.50",104,-15.0,25.6,-3.46,6.15,-1.22,720.00,220.00,,
2020/12/28,92,MHNL,53.6,177.0,184.0,175.0,184.0,184.00,0.0,0.0,178.19,"4,700.00",178.00,"837,490.00",59,6.0,9.0,3.37,5.14,3.16,228.00,76.00,,
2020/12/29,90,MHNL,55.31,182.0,184.0,177.0,181.0,181.00,0.0,0.0,178.50,"2,040.00",184.00,"364,150.00",60,-3.00,7.0,-1.63,3.95,1.38,228.00,76.00,,
2020/12/30,88,MHNL,52.45,178.0,180.0,175.0,176.0,176.00,0.0,0.0,177.32,"2,040.00",181.00,"361,740.00",57,-5.0,5.00,-2.76,2.86,-0.75,228.00,76.00,,
2020/12/31,90,MHNL,63.16,174.0,183.0,173.0,183.0,183.00,0.0,0.0,177.45,"6,458.00",176.00,"1,145,974.00",96,7.0,10.0,3.98,5.78,3.03,228.00,76.00,,
2021/01/03,88,MHNL,51.54,181.0,181.0,179.0,181.0,181.00,0.0,0.0,180.56,"1,650.00",183.00,"297,930.00",39,-2.00,2.0,-1.09,1.12,0.24,228.00,76.00,,
2021/01/04,85,MHNL,58.61,179.0,182.0,179.0,182.0,182.00,0.0,0.0,180.44,"3,890.00",181.00,"701,910.00",53,1.0,3.00,0.55,1.68,0.86,228.00,76.00,,
2021/01/05,87,MHNL,64.25,185.0,200.0,177.0,197.0,197.00,0.0,0.0,184.96,"7,350.00",182.00,"1,359,470.00",117,15.0,23.0,8.24,12.99,6.11,228.00,76.00,,
2021/01/06,87,MHNL,67.3,200.0,205.0,196.0,196.0,196.00,0.0,0.0,201.22,"11,910.00",197.00,"2,396,520.00",118,-1.0,9.0,-0.51,4.59,-2.66,228.00,76.00,,
2021/01/07,89,MHNL,63.31,196.0,196.0,191.0,192.0,192.00,0.0,0.0,192.90,"2,970.00",196.00,"572,900.00",61,-4.0,5.0,-2.04,2.62,-0.47,228.00,76.00,,
2021/01/10,88,MHNL,67.23,189.0,192.0,187.0,187.0,187.00,0.0,0.0,188.13,"6,090.00",192.00,"1,145,740.00",70,-5.0,5.0,-2.6,2.67,-0.61,228.00,76.00,,
2021/01/11,88,MHNL,49.15,184.0,194.0,184.0,190.0,190.00,0.0,0.0,189.12,"4,250.00",187.00,"803,740.00",69,3.0,10.0,1.6,5.43,0.47,228.00,76.00,,
2021/01/12,86,MHNL,51.99,187.0,195.0,185.0,188.0,188.00,0.0,0.0,189.55,"5,605.00",190.00,"1,062,405.00",65,-2.0,10.0,-1.05,5.41,-0.82,228.00,76.00,,
2021/01/13,140,MHNL,35.86,253.0,253.7,245.6,246.5,246.50,0.0,0.0,248.04,"16,730.00",253.80,"4,149,699.80",62,-7.3,8.1,-2.88,3.3,-0.62,316.00,234.00,266.66,267.57
2021/01/17,88,MHNL,70.27,187.0,195.0,184.0,192.0,192.00,0.0,0.0,190.12,"7,320.00",187.00,"1,391,685.00",99,5.0,11.0,2.67,5.98,0.98,228.00,76.00,,
2021/01/18,88,MHNL,52.43,189.0,192.0,188.0,188.0,188.00,0.0,0.0,189.54,"6,200.00",192.00,"1,175,135.00",61,-4.0,4.0,-2.08,2.13,-0.82,228.00,76.00,,
2021/01/19,87,MHNL,54.6,187.0,192.0,187.0,188.0,188.00,0.0,0.0,189.73,"3,200.00",188.00,"607,120.00",56,0.0,5.0,0.0,2.67,-0.92,228.00,76.00,,
2020/12/04,140,MHNL,35.86,253.0,253.7,245.6,246.5,246.50,0.0,0.0,248.04,"16,730.00",253.80,"4,149,699.80",62,-7.3,8.1,-2.88,3.3,-0.62,316.00,234.00,266.66,267.57
2020/12/06,85,MHNL,54.98,208.0,208.0,198.0,202.0,202.00,0.0,0.0,200.01,"7,760.00",212.00,"1,552,080.00",89,-10.00,10.0,-4.72,5.05,0.98,228.00,74.00,,
2020/12/07,87,MHNL,48.91,202.0,206.0,196.0,205.0,205.00,0.0,0.0,201.40,"4,285.00",202.00,"863,000.00",104,3.0,10.00,1.49,5.1,1.76,228.00,74.00,,
2020/12/08,86,MHNL,58.97,205.0,209.0,200.0,201.0,201.00,0.0,0.0,203.14,"16,248.00",205.00,"3,300,550.00",109,-4.00,9.00,-1.95,4.5,-1.06,228.00,74.00,,
2020/12/09,86,MHNL,58.13,198.0,214.0,198.0,207.0,207.00,0.0,0.0,209.41,"37,498.00",201.00,"7,852,620.00",149,6.0,16.0,2.99,8.08,-1.17,228.00,74.00,,
2020/12/10,86,MHNL,65.54,203.0,211.0,199.0,211.0,211.00,0.0,0.0,203.96,"11,430.00",207.00,"2,331,300.00",108,4.0,12.0,1.93,6.03,3.33,228.00,75.00,,
2020/12/13,85,MHNL,61.21,210.0,214.0,201.0,209.0,209.00,0.0,0.0,206.76,"7,555.00",211.00,"1,562,065.00",109,-2.0,13.00,-0.95,6.47,1.07,228.00,76.00,,
2020/12/14,83,MHNL,65.53,209.0,209.0,199.0,201.0,201.00,0.0,0.0,201.33,"15,480.00",209.00,"3,116,620.00",92,-8.00,10.0,-3.83,5.03,-0.17,228.00,76.00,,
2020/12/15,84,MHNL,47.03,201.0,203.0,199.0,201.0,201.00,0.0,0.0,200.99,"9,245.00",201.00,"1,858,175.00",81,0.0,4.0,0.0,2.01,0.0,228.00,76.00,,
2020/12/16,85,MHNL,45.47,211.0,213.0,199.0,199.0,199.00,0.0,0.0,201.96,"8,580.00",201.00,"1,732,825.00",109,-2.0,14.0,-1.0,7.04,-1.49,228.00,76.00,,
2020/12/17,84,MHNL,50.73,199.0,200.0,193.0,193.0,193.00,0.0,0.0,194.62,"11,095.00",199.00,"2,159,350.00",94,-6.0,7.0,-3.02,3.63,-0.84,228.00,76.00,,
2020/12/20,82,MHNL,44.56,191.0,191.0,184.0,184.0,184.00,0.0,0.0,185.75,"6,290.00",193.00,"1,168,380.00",54,-9.00,7.00,-4.66,3.8,-0.95,228.00,76.00,,
2020/12/21,85,MHNL,46.29,181.0,189.0,175.0,184.0,184.00,0.0,0.0,178.69,"4,155.00",184.00,"742,455.00",68,0.0,14.00,0.0,8.0,2.89,228.00,76.00,,
2020/12/22,86,MHNL,52.75,182.0,192.0,181.0,192.0,192.00,0.0,0.0,184.62,"4,607.00",184.00,"850,532.00",86,8.00,11.00,4.35,6.08,3.85,228.00,76.00,,
2020/12/23,86,MHNL,50.89,193.0,193.0,178.0,182.0,182.00,0.0,0.0,186.50,"4,250.00",192.00,"792,614.00",66,-10.0,15.00,-5.21,8.43,-2.47,228.00,76.00,,
2020/12/24,89,MHNL,51.63,179.0,185.0,176.0,181.0,181.00,0.0,0.0,179.24,"2,165.00",182.00,"388,060.00",60,-1.0,9.0,-0.55,5.11,0.97,228.00,76.00,,
2020/11/08,83,MHNL,61.3,200.0,218.0,200.0,218.0,218.00,0.0,0.0,209.46,"14,790.00",201.00,"3,097,908.00",185,17.0,18.0,8.46,9.0,3.92,218.00,74.00,,
2020/11/09,81,MHNL,54.4,220.0,220.0,205.0,212.0,212.00,0.0,0.0,213.69,"8,410.00",218.00,"1,797,150.00",98,-6.0,15.0,-2.75,7.32,-0.8,220.00,74.00,,
2020/11/10,84,MHNL,58.09,209.0,213.0,206.0,208.0,208.00,0.0,0.0,208.88,"14,890.00",212.00,"3,110,250.00",81,-4.00,7.0,-1.89,3.4,-0.42,220.00,74.00,,
2020/11/11,82,MHNL,53.22,204.0,206.0,201.0,203.0,203.00,0.0,0.0,202.94,"7,340.00",208.00,"1,489,590.00",61,-5.00,5.00,-2.4,2.49,0.03,220.00,74.00,,
2020/11/12,82,MHNL,54.52,213.0,213.0,200.0,209.0,209.00,0.0,0.0,205.19,"11,824.00",203.00,"2,426,182.00",136,6.00,13.00,2.96,6.5,1.82,220.00,74.00,,
2020/11/18,82,MHNL,51.24,219.0,219.0,199.0,206.0,206.00,0.0,0.0,203.02,"4,400.00",209.00,"893,290.00",40,-3.0,20.00,-1.44,10.05,1.45,220.00,74.00,,
2020/11/19,84,MHNL,62.47,202.0,224.0,198.0,224.0,224.00,0.0,0.0,211.81,"13,505.00",206.00,"2,860,460.00",130,18.00,26.00,8.74,13.13,5.44,224.00,74.00,,
2020/11/22,85,MHNL,52.9,228.0,228.0,204.0,204.0,204.00,0.0,0.0,210.39,"6,177.00",224.00,"1,299,572.00",74,-20.00,24.00,-8.93,11.76,-3.13,228.00,74.00,,
2020/11/23,83,MHNL,56.52,214.0,215.0,204.0,208.0,208.00,0.0,0.0,208.26,"16,857.00",204.00,"3,510,638.00",126,4.00,11.00,1.96,5.39,-0.12,228.00,74.00,,
2020/11/24,83,MHNL,59.21,205.0,215.0,204.0,214.0,214.00,0.0,0.0,212.21,"11,990.00",208.00,"2,544,352.00",109,6.0,11.0,2.88,5.39,0.84,228.00,74.00,,
2020/11/25,83,MHNL,59.65,210.0,215.0,206.0,215.0,215.00,0.0,0.0,211.12,"9,006.00",214.00,"1,901,303.00",109,1.00,9.00,0.47,4.37,1.81,228.00,74.00,,
2020/11/26,86,MHNL,61.87,225.0,225.0,207.0,208.0,208.00,0.0,0.0,210.24,"10,147.00",215.00,"2,133,285.00",90,-7.0,18.00,-3.26,8.7,-1.08,228.00,74.00,,
2020/11/29,86,MHNL,54.26,205.0,209.0,204.0,205.0,205.00,0.0,0.0,204.91,"12,674.00",208.00,"2,597,003.00",117,-3.0,5.00,-1.44,2.45,0.04,228.00,74.00,,
2020/11/30,85,MHNL,54.63,204.0,218.0,204.0,215.0,215.00,0.0,0.0,207.49,"9,692.00",205.00,"2,010,993.00",151,10.0,14.0,4.88,6.86,3.49,228.00,74.00,,
2020/12/01,85,MHNL,57.0,215.0,225.0,208.0,219.0,219.00,0.0,0.0,215.24,"10,790.00",215.00,"2,322,410.00",148,4.0,17.0,1.86,8.17,1.72,228.00,74.00,,
2020/12/02,85,MHNL,67.43,220.0,224.0,210.0,217.0,217.00,0.0,0.0,217.14,"25,793.00",219.00,"5,600,609.00",123,-2.00,14.00,-0.91,6.67,-0.06,228.00,74.00,,
2020/10/12,82,MHNL,53.63,160.0,160.0,142.0,158.0,158.00,0.0,0.0,151.67,"10,330.00",153.00,"1,566,780.00",164,5.0,18.0,3.27,12.68,4.0,172.00,74.00,,
2020/10/13,82,MHNL,50.64,155.0,162.0,155.0,155.0,155.00,0.0,0.0,157.39,"17,765.00",158.00,"2,795,985.00",156,-3.0,7.0,-1.9,4.52,-1.54,172.00,74.00,,
2020/10/14,84,MHNL,50.17,152.0,156.0,145.0,150.0,150.00,0.0,0.0,151.38,"12,135.00",155.00,"1,836,965.00",124,-5.0,11.0,-3.23,7.59,-0.92,172.00,74.00,,
2020/10/15,86,MHNL,52.97,153.0,164.0,150.0,161.0,161.00,0.0,0.0,154.37,"9,230.00",150.00,"1,424,820.00",150,11.0,14.0,7.33,9.33,4.12,172.00,74.00,,
2020/10/18,80,MHNL,48.01,158.0,162.0,152.0,162.0,162.00,0.0,0.0,158.03,"6,255.00",161.00,"988,460.00",78,1.0,10.0,0.62,6.58,2.45,172.00,74.00,,
2020/10/19,83,MHNL,55.17,161.0,176.0,158.0,176.0,176.00,0.0,0.0,167.19,"11,860.00",162.00,"1,982,870.00",138,14.0,18.0,8.64,11.39,5.01,176.00,74.00,,
2020/10/20,85,MHNL,60.28,176.0,193.0,176.0,193.0,193.00,0.0,0.0,188.80,"24,995.00",176.00,"4,718,937.00",213,17.0,17.0,9.66,9.66,2.18,193.00,74.00,,
2020/10/21,85,MHNL,56.26,190.0,207.0,187.0,194.0,194.00,0.0,0.0,196.00,"12,855.00",193.00,"2,519,611.00",117,1.0,20.0,0.52,10.7,-1.03,207.00,74.00,,
2020/10/22,80,MHNL,51.42,191.0,200.0,182.0,187.0,187.00,0.0,0.0,192.02,"8,457.00",194.00,"1,623,919.00",82,-7.0,18.0,-3.61,9.89,-2.68,207.00,74.00,,
2020/10/25,140,MHNL,35.86,253.0,253.7,245.6,246.5,246.50,0.0,0.0,248.04,"16,730.00",253.80,"4,149,699.80",62,-7.3,8.1,-2.88,3.3,-0.62,316.00,234.00,266.66,267.57
2020/10/28,80,MHNL,50.5,184.0,184.0,178.0,182.0,182.00,0.0,0.0,181.78,"5,100.00",187.00,"927,070.00",64,-5.0,6.0,-2.67,3.37,0.12,207.00,74.00,,
2020/10/29,83,MHNL,49.54,179.0,194.0,173.0,190.0,190.00,0.0,0.0,187.29,"8,163.00",182.00,"1,528,818.00",133,8.0,21.0,4.4,12.14,1.43,207.00,74.00,,
2020/11/01,85,MHNL,48.59,187.0,194.0,185.0,194.0,194.00,0.0,0.0,190.33,"6,110.00",190.00,"1,162,890.00",116,4.0,9.0,2.11,4.86,1.89,207.00,74.00,,
2020/11/02,83,MHNL,57.49,197.0,205.0,192.0,202.0,202.00,0.0,0.0,199.97,"22,940.00",194.00,"4,587,387.00",157,8.0,13.0,4.12,6.77,1.0,207.00,74.00,,
2020/11/03,84,MHNL,57.0,198.0,205.0,195.0,202.0,202.00,0.0,0.0,201.41,"15,095.00",202.00,"3,040,340.00",125,0.00,10.00,0.0,5.13,0.29,207.00,74.00,,
2020/11/04,84,MHNL,53.66,205.0,205.0,197.0,198.0,198.00,0.0,0.0,200.73,"10,780.00",202.00,"2,163,900.00",75,-4.0,8.0,-1.98,4.06,-1.38,207.00,74.00,,
2020/09/17,80,MHNL,69.53,109.0,117.0,108.0,117.0,117.00,0.0,0.0,114.22,"26,755.00",107.00,"3,055,855.00",251,10.0,9.0,9.35,8.33,2.38,117.00,74.00,,
2020/09/20,80,MHNL,60.31,122.0,126.0,107.0,114.0,114.00,0.0,0.0,113.67,"11,848.00",117.00,"1,346,704.00",230,-3.0,19.0,-2.56,17.76,0.29,126.00,74.00,,
2020/09/21,82,MHNL,59.5,115.0,115.0,105.0,105.0,105.00,0.0,0.0,106.96,"11,849.00",114.00,"1,267,371.00",184,-9.0,10.0,-7.89,9.52,-1.87,126.00,74.00,,
2020/09/22,140,MHNL,35.86,253.0,253.7,245.6,246.5,246.50,0.0,0.0,248.04,"16,730.00",253.80,"4,149,699.80",62,-7.3,8.1,-2.88,3.3,-0.62,316.00,234.00,266.66,267.57
2020/09/23,140,MHNL,35.86,253.0,253.7,245.6,246.5,246.50,0.0,0.0,248.04,"16,730.00",253.80,"4,149,699.80",62,-7.3,8.1,-2.88,3.3,-0.62,316.00,234.00,266.66,267.57
2020/09/24,83,MHNL,64.09,115.0,124.0,112.0,124.0,124.00,0.0,0.0,122.57,"43,132.00",113.00,"5,286,708.00",424,11.0,12.0,9.73,10.71,1.15,126.00,74.00,,
2020/09/27,83,MHNL,65.93,124.0,136.0,124.0,136.0,136.00,0.0,0.0,132.62,"27,277.00",124.00,"3,617,505.00",295,12.00,12.00,9.68,9.68,2.48,136.00,74.00,,
2020/09/28,81,MHNL,62.58,134.0,138.0,126.0,138.0,138.00,0.0,0.0,128.88,"14,860.00",136.00,"1,915,200.00",159,2.0,12.0,1.47,9.52,6.61,138.00,74.00,,
2020/09/29,81,MHNL,62.29,136.0,145.0,128.0,145.0,145.00,0.0,0.0,139.46,"24,775.00",138.00,"3,455,189.00",244,7.0,17.0,5.07,13.28,3.82,145.00,74.00,,
2020/09/30,80,MHNL,63.95,145.0,154.0,134.0,153.0,153.00,0.0,0.0,141.80,"31,136.00",145.00,"4,415,214.00",271,8.0,20.0,5.52,14.93,7.32,154.00,74.00,,
2020/10/01,82,MHNL,57.21,150.0,150.0,138.0,138.0,138.00,0.0,0.0,142.80,"17,665.00",153.00,"2,522,630.00",318,-15.00,12.0,-9.8,8.7,-3.48,154.00,74.00,,
2020/10/04,83,MHNL,49.53,132.0,136.0,129.0,134.0,134.00,0.0,0.0,133.24,"9,750.00",138.00,"1,299,050.00",218,-4.0,7.0,-2.9,5.43,0.57,154.00,74.00,,
2020/10/05,83,MHNL,48.43,129.0,140.0,129.0,140.0,140.00,0.0,0.0,134.24,"9,440.00",134.00,"1,267,200.00",203,6.0,11.0,4.48,8.53,4.12,154.00,74.00,,
2020/10/06,83,MHNL,55.83,142.0,154.0,136.0,154.0,154.00,0.0,0.0,151.03,"39,794.00",140.00,"6,009,990.00",407,14.0,18.0,10.0,13.24,1.93,154.00,74.00,,
2020/10/07,83,MHNL,61.58,147.0,169.0,147.0,169.0,169.00,0.0,0.0,167.80,"44,247.00",154.00,"7,424,584.00",307,15.0,22.0,9.74,14.97,0.71,169.00,74.00,,
2020/10/08,84,MHNL,61.19,166.0,172.0,158.0,161.0,161.00,0.0,0.0,165.90,"23,883.00",169.00,"3,962,157.00",314,-8.0,14.0,-4.73,8.86,-3.04,172.00,74.00,,
2020/08/24,77,MHNL,45.23,79.0,81.0,78.0,81.0,81.00,0.0,0.0,79.12,"2,920.00",80.00,"231,040.00",26,1.0,3.0,1.25,3.85,2.32,106.00,74.00,,
2020/08/25,80,MHNL,44.19,80.0,82.0,79.0,81.0,81.00,0.0,0.0,79.59,"3,180.00",81.00,"253,090.00",26,0.0,3.0,0.0,3.8,1.74,106.00,74.00,,
2020/08/26,78,MHNL,57.68,80.0,80.0,78.0,80.0,80.00,0.0,0.0,78.72,"3,940.00",81.00,"310,170.00",38,-1.0,2.0,-1.23,2.56,1.6,106.00,74.00,,
2020/08/27,81,MHNL,52.33,80.0,80.0,78.0,78.0,78.00,0.0,0.0,78.83,"1,990.00",80.00,"156,880.00",37,-2.0,2.0,-2.5,2.56,-1.07,106.00,74.00,,
2020/08/30,80,MHNL,52.58,78.0,80.0,78.0,80.0,80.00,0.0,0.0,79.34,"1,190.00",78.00,"94,420.00",31,2.0,2.0,2.56,2.56,0.82,106.00,74.00,,
2020/08/31,81,MHNL,61.87,80.0,84.0,80.0,81.0,81.00,0.0,0.0,81.23,"4,730.00",80.00,"384,200.00",43,1.0,4.0,1.25,5.0,-0.28,106.00,74.00,,
2020/09/02,80,MHNL,66.29,82.0,89.0,79.0,89.0,89.00,0.0,0.0,81.56,"18,953.00",81.00,"1,545,872.00",73,8.0,10.0,9.88,12.66,8.36,106.00,74.00,,
2020/09/03,79,MHNL,67.01,90.0,93.0,86.0,88.0,88.00,0.0,0.0,89.17,"15,280.00",89.00,"1,362,540.00",95,-1.0,7.0,-1.12,8.14,-1.33,106.00,74.00,,
2020/09/06,81,MHNL,61.57,88.0,92.0,88.0,91.0,91.00,0.0,0.0,90.20,"4,770.00",88.00,"430,250.00",48,3.0,4.0,3.41,4.55,0.88,106.00,74.00,,
2020/09/07,81,MHNL,63.02,90.0,90.0,85.0,88.0,88.00,0.0,0.0,87.13,"6,485.00",91.00,"565,055.00",60,-3.0,5.0,-3.3,5.88,0.99,106.00,74.00,,
2020/09/08,80,MHNL,44.43,87.0,88.0,86.0,86.0,86.00,0.0,0.0,87.19,"1,885.00",88.00,"164,360.00",39,-2.0,2.0,-2.27,2.33,-1.39,106.00,74.00,,
2020/09/09,83,MHNL,48.93,86.0,89.0,86.0,88.0,88.00,0.0,0.0,87.87,"1,323.00",86.00,"116,257.00",25,2.00,3.0,2.33,3.49,0.14,106.00,74.00,,
2020/09/10,82,MHNL,43.09,87.0,90.0,87.0,89.0,89.00,0.0,0.0,88.99,"2,383.00",88.00,"212,070.00",34,1.00,3.0,1.14,3.45,0.01,106.00,74.00,,
2020/09/13,140,MHNL,35.86,253.0,253.7,245.6,246.5,246.50,0.0,0.0,248.04,"16,730.00",253.80,"4,149,699.80",62,-7.3,8.1,-2.88,3.3,-0.62,316.00,234.00,266.66,267.57
2020/09/14,79,MHNL,65.91,97.0,105.0,97.0,103.0,103.00,0.0,0.0,102.08,"16,050.00",96.00,"1,638,418.00",185,7.00,8.00,7.29,8.25,0.89,106.00,74.00,,
2020/09/15,82,MHNL,60.21,102.0,102.0,97.0,98.0,98.00,0.0,0.0,99.93,"8,245.00",103.00,"823,883.00",93,-5.0,5.0,-4.85,5.15,-1.96,106.00,74.00,,
2020/07/29,77,MHNL,58.76,85.0,88.0,84.0,88.0,88.00,0.0,0.0,86.38,"1,447.00",84.00,"124,996.00",21,4.0,4.0,4.76,4.76,1.84,114.00,74.00,,
2020/07/30,80,MHNL,59.26,88.0,89.0,87.0,87.0,87.00,0.0,0.0,88.13,913.00,88.00,"80,467.00",17,-1.0,2.0,-1.14,2.3,-1.3,114.00,74.00,,
2020/08/02,79,MHNL,57.13,86.0,87.0,86.0,86.0,86.00,0.0,0.0,86.14,790.00,87.00,"68,050.00",20,-1.0,1.0,-1.15,1.16,-0.16,114.00,74.00,,
2020/08/03,80,MHNL,60.29,86.0,87.0,86.0,87.0,87.00,0.0,0.0,86.25,"1,325.00",86.00,"114,280.00",30,1.0,1.0,1.16,1.16,0.86,114.00,74.00,,
2020/08/05,140,MHNL,35.86,253.0,253.7,245.6,246.5,246.50,0.0,0.0,248.04,"16,730.00",253.80,"4,149,699.80",62,-7.3,8.1,-2.88,3.3,-0.62,316.00,234.00,266.66,267.57
2020/08/06,79,MHNL,42.20,86.0,86.0,84.0,84.0,84.00,0.0,0.0,84.71,"1,670.00",86.00,"141,470.00",30,-2.0,2.0,-2.33,2.38,-0.85,109.00,74.00,,
2020/08/09,76,MHNL,38.51,83.0,84.0,80.0,83.0,83.00,0.0,0.0,82.80,800.00,84.00,"66,240.00",27,-1.0,4.0,-1.19,5.0,0.24,106.00,74.00,,
2020/08/10,79,MHNL,39.82,82.0,83.0,79.0,83.0,83.00,0.0,0.0,81.66,"1,370.00",83.00,"111,870.00",42,0.0,4.0,0.0,5.06,1.62,106.00,74.00,,
2020/08/11,80,MHNL,47.62,82.0,83.0,81.0,82.0,82.00,0.0,0.0,82.56,"4,370.00",83.00,"360,770.00",39,-1.0,2.0,-1.2,2.47,-0.68,106.00,74.00,,
2020/08/12,80,MHNL,40.04,82.0,82.0,81.0,82.0,82.00,0.0,0.0,81.49,780.00,82.00,"63,560.00",26,0.0,1.0,0.0,1.23,0.63,106.00,74.00,,
2020/08/13,81,MHNL,38.35,81.0,82.0,81.0,81.0,81.00,0.0,0.0,81.27,810.00,82.00,"65,830.00",28,-1.0,1.0,-1.22,1.23,-0.34,106.00,74.00,,
2020/08/16,79,MHNL,44.34,80.0,82.0,80.0,82.0,82.00,0.0,0.0,81.66,"2,340.00",81.00,"191,080.00",39,1.0,2.0,1.23,2.5,0.42,106.00,74.00,,
2020/08/17,79,MHNL,42.14,81.0,82.0,79.0,81.0,81.00,0.0,0.0,80.95,"1,290.00",82.00,"104,430.00",37,-1.0,3.0,-1.22,3.8,0.06,106.00,74.00,,
2020/08/18,81,MHNL,49.79,80.0,82.0,79.0,82.0,82.00,0.0,0.0,80.47,"5,928.00",81.00,"477,046.00",44,1.0,3.0,1.23,3.8,1.86,106.00,74.00,,
2020/08/19,80,MHNL,47.79,81.0,82.0,79.0,82.0,82.00,0.0,0.0,79.51,740.00,82.00,"58,840.00",23,0.0,3.0,0.0,3.8,3.03,106.00,74.00,,
2020/08/20,79,MHNL,38.0,81.0,81.0,79.0,80.0,80.00,0.0,0.0,79.72,500.00,82.00,"39,860.00",14,-2.0,2.0,-2.44,2.53,0.35,106.00,74.00,,
2020/07/06,78,MHNL,51.26,87.0,87.0,86.0,87.0,87.00,0.0,0.0,86.53,"2,180.00",88.00,"188,630.00",34,-1.0,1.0,-1.14,1.16,0.54,114.00,74.00,,
2020/07/07,77,MHNL,50.7,86.0,86.0,86.0,86.0,86.00,0.0,0.0,86.00,360.00,87.00,"30,960.00",10,-1.0,0.0,-1.15,0.0,0.0,114.00,74.00,,
2020/07/08,77,MHNL,59.26,85.0,86.0,85.0,86.0,86.00,0.0,0.0,85.91,"1,510.00",86.00,"129,730.00",12,0.0,1.0,0.0,1.18,0.1,114.00,74.00,,
2020/07/09,77,MHNL,51.11,85.0,86.0,85.0,86.0,86.00,0.0,0.0,85.02,"8,510.00",86.00,"723,520.00",12,0.0,1.0,0.0,1.18,1.14,114.00,74.00,,
2020/07/12,77,MHNL,47.52,85.0,87.0,85.0,86.0,86.00,0.0,0.0,85.78,460.00,86.00,"39,460.00",11,0.0,2.0,0.0,2.35,0.25,114.00,74.00,,
2020/07/13,78,MHNL,46.7,85.0,86.0,82.0,83.0,83.00,0.0,0.0,83.00,"1,240.00",86.00,"102,920.00",25,-3.0,4.0,-3.49,4.88,0.0,114.00,74.00,,
2020/07/14,79,MHNL,44.1,83.0,83.0,79.0,80.0,80.00,0.0,0.0,80.33,930.00,83.00,"74,710.00",23,-3.0,4.0,-3.61,5.06,-0.42,114.00,74.00,,
2020/07/15,79,MHNL,45.97,80.0,80.0,79.0,79.0,79.00,0.0,0.0,79.51,730.00,80.00,"58,040.00",26,-1.0,1.0,-1.25,1.27,-0.64,114.00,74.00,,
2020/07/16,78,MHNL,45.92,78.0,80.0,77.0,80.0,80.00,0.0,0.0,78.63,650.00,79.00,"51,110.00",19,1.0,3.0,1.27,3.9,1.71,114.00,74.00,,
2020/07/20,80,MHNL,46.94,79.0,79.0,76.0,79.0,79.00,0.0,0.0,78.19,590.00,80.00,"46,130.00",16,-1.0,3.0,-1.25,3.95,1.03,114.00,74.00,,
2020/07/21,78,MHNL,52.38,78.0,79.0,78.0,79.0,79.00,0.0,0.0,78.52,940.00,79.00,"73,810.00",29,0.00,1.0,0.0,1.28,0.61,114.00,74.00,,
2020/07/22,79,MHNL,53.69,78.0,80.0,78.0,79.0,79.00,0.0,0.0,78.92,"1,200.00",79.00,"94,700.00",31,0.0,2.0,0.0,2.56,0.11,114.00,74.00,,
2020/07/23,80,MHNL,61.35,79.0,83.0,79.0,81.0,81.00,0.0,0.0,81.47,"1,800.00",79.00,"146,640.00",28,2.0,4.0,2.53,5.06,-0.58,114.00,74.00,,
2020/07/26,80,MHNL,61.66,81.0,82.0,79.0,79.0,79.00,0.0,0.0,79.93,"2,650.00",81.00,"211,820.00",38,-2.0,3.0,-2.47,3.8,-1.18,114.00,74.00,,
2020/07/27,79,MHNL,60.1,80.0,82.0,80.0,82.0,82.00,0.0,0.0,81.00,"1,420.00",79.00,"115,020.00",42,3.0,2.0,3.8,2.5,1.22,114.00,74.00,,
2020/03/10,73,MHNL,35.61,90.0,90.0,88.0,88.0,88.00,0.0,0.0,88.86,140.00,91.00,"12,440.00",4,-3.0,2.0,-3.3,2.27,-0.97,114.00,74.00,,
2020/03/11,81,MHNL,40.32,87.0,88.0,87.0,88.0,88.00,0.0,0.0,87.05,560.00,88.00,"48,750.00",16,0.0,1.0,0.0,1.15,1.08,114.00,74.00,,
2020/03/12,81,MHNL,38.57,87.0,87.0,84.0,84.0,84.00,0.0,0.0,86.30,570.00,88.00,"49,190.00",15,-4.0,3.0,-4.55,3.57,-2.74,114.00,74.00,,
2020/03/16,80,MHNL,42.09,83.0,83.0,80.0,81.0,81.00,0.0,0.0,80.35,"1,270.00",84.00,"102,050.00",23,-3.00,3.0,-3.57,3.75,0.8,114.00,74.00,,
2020/03/17,78,MHNL,35.91,80.0,80.0,77.0,77.0,77.00,0.0,0.0,77.51,"1,895.00",81.00,"146,885.00",22,-4.00,3.0,-4.94,3.9,-0.66,114.00,74.00,,
2020/03/18,76,MHNL,36.98,77.0,83.0,77.0,83.0,83.00,0.0,0.0,79.53,660.00,77.00,"52,490.00",18,6.0,6.0,7.79,7.79,4.18,114.00,74.00,,
2020/03/19,76,MHNL,51.15,84.0,89.0,84.0,88.0,88.00,0.0,0.0,87.20,"6,427.00",83.00,"560,409.00",68,5.0,5.0,6.02,5.95,0.91,114.00,74.00,,
2020/06/22,140,MHNL,35.86,253.0,253.7,245.6,246.5,246.50,0.0,0.0,248.04,"16,730.00",253.80,"4,149,699.80",62,-7.3,8.1,-2.88,3.3,-0.62,316.00,234.00,266.66,267.57
2020/02/13,75,MHNL,50.9,88.0,89.0,87.0,88.0,88.00,0.0,0.0,87.98,470.00,89.00,"41,350.00",11,-1.0,2.0,-1.12,2.3,0.02,114.00,74.00,,
2020/02/15,140,MHNL,35.86,253.0,253.7,245.6,246.5,246.50,0.0,0.0,248.04,"16,730.00",253.80,"4,149,699.80",62,-7.3,8.1,-2.88,3.3,-0.62,316.00,234.00,266.66,267.57
2020/02/16,76,MHNL,54.05,87.0,90.0,87.0,88.0,88.00,0.0,0.0,88.21,775.00,88.00,"68,360.00",17,0.0,3.0,0.0,3.45,-0.23,114.00,74.00,,
2020/02/17,75,MHNL,65.92,88.0,94.0,88.0,93.0,93.00,0.0,0.0,90.32,"1,039.00",88.00,"93,841.00",26,5.0,6.0,5.68,6.82,2.88,114.00,74.00,,
2020/02/18,80,MHNL,67.62,94.0,97.0,94.0,97.0,97.00,0.0,0.0,95.19,"2,140.00",93.00,"203,700.00",31,4.0,3.00,4.3,3.19,1.87,114.00,74.00,,
2020/02/19,78,MHNL,67.47,97.0,97.0,93.0,94.0,94.00,0.0,0.0,94.61,540.00,97.00,"51,090.00",18,-3.0,4.0,-3.09,4.3,-0.65,114.00,74.00,,
2020/02/20,77,MHNL,65.16,94.0,97.0,94.0,97.0,97.00,0.0,0.0,94.81,670.00,94.00,"63,520.00",16,3.0,3.0,3.19,3.19,2.26,114.00,74.00,,
2020/02/23,76,MHNL,66.96,98.0,98.0,96.0,97.0,97.00,0.0,0.0,96.86,"1,470.00",97.00,"142,380.00",25,0.0,2.0,0.0,2.08,0.15,114.00,74.00,,
2020/02/24,78,MHNL,53.17,96.0,97.0,95.0,95.0,95.00,0.0,0.0,95.75,"1,290.00",97.00,"123,513.00",26,-2.0,2.0,-2.06,2.11,-0.79,114.00,74.00,,
2020/02/25,78,MHNL,66.33,94.0,97.0,92.0,97.0,97.00,0.0,0.0,94.04,"1,980.00",95.00,"186,190.00",35,2.00,5.00,2.11,5.43,3.06,114.00,74.00,,
2020/02/26,79,MHNL,54.34,96.0,99.0,95.0,96.0,96.00,0.0,0.0,96.89,"1,490.00",97.00,"144,370.00",25,-1.00,4.00,-1.03,4.21,-0.93,114.00,74.00,,
2020/02/27,79,MHNL,56.7,96.0,98.0,95.0,98.0,98.00,0.0,0.0,95.98,560.00,96.00,"53,750.00",18,2.00,3.00,2.08,3.16,2.06,114.00,74.00,,
2020/03/01,81,MHNL,62.52,97.0,98.0,96.0,96.0,96.00,0.0,0.0,96.59,"2,580.00",98.00,"249,200.00",29,-2.00,2.0,-2.04,2.08,-0.61,114.00,74.00,,
2020/03/02,77,MHNL,44.56,96.0,96.0,94.0,94.0,94.00,0.0,0.0,95.33,400.00,96.00,"38,130.00",6,-2.0,2.00,-2.08,2.13,-1.41,114.00,74.00,,
2020/03/03,78,MHNL,49.34,93.0,93.0,90.0,91.0,91.00,0.0,0.0,91.21,900.00,94.00,"82,090.00",21,-3.0,3.00,-3.19,3.33,-0.23,114.00,74.00,,
2020/01/21,78,MHNL,57.74,95.0,96.0,94.0,95.0,95.00,0.0,0.0,94.30,935.00,96.00,"88,170.00",13,-1.0,2.0,-1.04,2.13,0.74,114.00,74.00,,
2020/01/22,76,MHNL,47.93,94.0,95.0,93.0,94.0,94.00,0.0,0.0,94.08,250.00,95.00,"23,520.00",9,-1.0,2.0,-1.05,2.15,-0.09,114.00,74.00,,
2020/01/23,75,MHNL,44.19,94.0,94.0,92.0,94.0,94.00,0.0,0.0,93.23,470.00,94.00,"43,820.00",15,0.0,2.0,0.0,2.17,0.81,114.00,74.00,,
2020/01/26,75,MHNL,49.97,93.0,93.0,89.0,90.0,90.00,0.0,0.0,90.55,510.00,94.00,"46,180.00",18,-4.0,4.0,-4.26,4.49,-0.61,114.00,74.00,,
2020/01/27,77,MHNL,49.05,90.0,91.0,88.0,90.0,90.00,0.0,0.0,89.64,500.00,90.00,"44,820.00",16,0.0,3.0,0.0,3.41,0.4,114.00,74.00,,
2020/01/28,77,MHNL,42.23,90.0,91.0,89.0,89.0,89.00,0.0,0.0,90.33,450.00,90.00,"40,650.00",15,-1.0,2.0,-1.11,2.25,-1.5,114.00,74.00,,
2020/01/29,77,MHNL,46.13,89.0,91.0,88.0,90.0,90.00,0.0,0.0,90.37,"1,110.00",89.00,"100,310.00",14,1.0,3.0,1.12,3.41,-0.41,114.00,74.00,,
2020/01/30,75,MHNL,50.31,90.0,91.0,89.0,90.0,90.00,0.0,0.0,90.08,"1,579.00",90.00,"142,231.00",23,0.0,2.0,0.0,2.25,-0.09,114.00,74.00,,
2020/02/02,75,MHNL,48.78,90.0,92.0,89.0,90.0,90.00,0.0,0.0,90.73,"3,280.00",90.00,"297,600.00",21,0.0,3.0,0.0,3.37,-0.81,114.00,74.00,,
2020/02/03,77,MHNL,56.78,89.0,92.0,88.0,92.0,92.00,0.0,0.0,90.20,755.00,90.00,"68,100.00",20,2.0,4.0,2.22,4.55,1.96,114.00,74.00,,
2020/02/04,76,MHNL,57.53,93.0,94.0,92.0,92.0,92.00,0.0,0.0,92.44,"1,510.00",92.00,"139,580.00",22,0.0,2.0,0.0,2.17,-0.48,114.00,74.00,,
2020/02/05,77,MHNL,57.83,91.0,93.0,91.0,93.0,93.00,0.0,0.0,92.02,510.00,92.00,"46,930.00",15,1.0,2.0,1.09,2.2,1.05,114.00,74.00,,
2020/02/06,76,MHNL,50.78,94.0,95.0,93.0,93.0,93.00,0.0,0.0,94.18,610.00,93.00,"57,450.00",19,0.0,2.0,0.0,2.15,-1.27,114.00,74.00,,
2020/02/09,73,MHNL,47.27,92.0,93.0,91.0,91.0,91.00,0.0,0.0,91.76,290.00,93.00,"26,610.00",11,-2.0,2.0,-2.15,2.2,-0.83,114.00,74.00,,
2020/02/10,74,MHNL,43.6,90.0,91.0,89.0,90.0,90.00,0.0,0.0,89.65,540.00,91.00,"48,410.00",16,-1.0,2.0,-1.1,2.25,0.39,114.00,74.00,,
2020/02/11,75,MHNL,43.7,89.0,90.0,88.0,90.0,90.00,0.0,0.0,89.07,420.00,90.00,"37,410.00",13,0.0,2.0,0.0,2.27,1.03,114.00,74.00,,
2019/12/29,78,MHNL,54.75,84.0,90.0,84.0,90.0,90.00,0.0,0.0,84.98,850.00,84.00,"72,230.00",25,6.0,6.0,7.14,7.14,5.58,114.00,74.00,,
2019/12/30,77,MHNL,41.35,89.0,89.0,85.0,85.0,85.00,0.0,0.0,86.94,890.00,90.00,"77,380.00",11,-5.0,4.0,-5.56,4.71,-2.29,114.00,74.00,,
2019/12/31,77,MHNL,36.19,84.0,84.0,82.0,83.0,83.00,0.0,0.0,83.28,180.00,85.00,"14,990.00",5,-2.0,2.0,-2.35,2.44,-0.33,114.00,74.00,,
2020/01/01,77,MHNL,44.75,84.0,84.0,83.0,84.0,84.00,0.0,0.0,83.73,890.00,83.00,"74,520.00",13,1.0,1.0,1.2,1.2,0.32,114.00,74.00,,
2020/01/02,74,MHNL,36.61,83.0,85.0,83.0,85.0,85.00,0.0,0.0,84.02,450.00,84.00,"37,810.00",14,1.0,2.0,1.19,2.41,1.15,114.00,74.00,,
2020/01/05,72,MHNL,47.32,84.0,87.0,83.0,87.0,87.00,0.0,0.0,85.33,790.00,85.00,"67,410.00",15,2.0,4.0,2.35,4.82,1.92,114.00,74.00,,
2020/01/06,76,MHNL,50.99,87.0,88.0,86.0,87.0,87.00,0.0,0.0,86.98,800.00,87.00,"69,580.00",13,0.0,2.0,0.0,2.33,0.03,114.00,74.00,,
2020/01/07,76,MHNL,57.7,86.0,91.0,86.0,88.0,88.00,0.0,0.0,89.26,"1,540.00",87.00,"137,460.00",23,1.0,5.0,1.15,5.81,-1.43,114.00,74.00,,
2020/01/08,74,MHNL,59.78,88.0,95.0,88.0,95.0,95.00,0.0,0.0,92.65,"11,165.00",88.00,"1,034,440.00",41,7.0,7.0,7.95,7.95,2.47,114.00,74.00,,
2020/01/09,76,MHNL,56.92,95.0,96.0,93.0,93.0,93.00,0.0,0.0,94.62,"2,310.00",95.00,"218,570.00",19,-2.0,3.0,-2.11,3.23,-1.74,114.00,74.00,,
2020/01/12,75,MHNL,59.52,94.0,95.0,90.0,91.0,91.00,0.0,0.0,90.71,"1,160.00",93.00,"105,225.00",16,-2.0,5.0,-2.15,5.56,0.32,114.00,74.00,,
2020/01/13,78,MHNL,56.14,91.0,98.0,90.0,93.0,93.00,0.0,0.0,92.61,"1,020.00",91.00,"94,460.00",23,2.0,8.0,2.2,8.89,0.42,114.00,74.00,,
2020/01/14,79,MHNL,45.16,92.0,94.0,92.0,92.0,92.00,0.0,0.0,93.32,750.00,93.00,"69,990.00",12,-1.0,2.0,-1.08,2.17,-1.43,114.00,74.00,,
2020/01/15,74,MHNL,56.63,91.0,99.0,91.0,98.0,98.00,0.0,0.0,97.26,"1,490.00",92.00,"144,920.00",37,6.0,8.0,6.52,8.79,0.75,114.00,74.00,,
2020/01/16,77,MHNL,55.61,99.0,99.0,100.0,104.0,104.00,0.0,0.0,105.24,"6,540.00",98.00,"688,270.00",64,6.0,-1.0,6.12,-1.0,-1.19,114.00,74.00,,
2020/01/19,76,MHNL,67.78,104.0,106.0,100.0,104.0,104.00,0.0,0.0,104.88,"8,320.00",104.00,"872,609.00",56,0.0,6.0,0.0,6.0,-0.85,114.00,74.00,,
2019/12/04,74,MHNL,39.85,76.0,77.0,76.0,77.0,77.00,0.0,0.0,76.64,220.00,77.00,"16,860.00",7,0.0,1.0,0.0,1.32,0.47,114.00,74.00,,
2019/12/05,71,MHNL,33.2,76.0,76.0,75.0,75.0,75.00,0.0,0.0,75.21,330.00,77.00,"24,820.00",5,-2.0,1.0,-2.6,1.33,-0.28,114.00,74.00,,
2019/12/08,74,MHNL,42.29,74.0,76.0,74.0,75.0,75.00,0.0,0.0,75.26,460.00,75.00,"34,620.00",14,0.0,2.0,0.0,2.7,-0.35,114.00,74.00,,
2019/12/09,74,MHNL,41.8,74.0,76.0,74.0,75.0,75.00,0.0,0.0,74.91,230.00,75.00,"17,230.00",7,0.0,2.0,0.0,2.7,0.12,114.00,74.00,,
2019/12/10,73,MHNL,55.36,75.0,80.0,75.0,80.0,80.00,0.0,0.0,78.95,750.00,75.00,"59,210.00",11,5.0,5.0,6.67,6.67,1.32,114.00,74.00,,
2019/12/11,74,MHNL,56.71,80.0,80.0,78.0,79.0,79.00,0.0,0.0,79.56,710.00,80.00,"56,490.00",11,-1.0,2.0,-1.25,2.56,-0.71,114.00,74.00,,
2019/12/12,73,MHNL,61.0,79.0,86.0,79.0,84.0,84.00,0.0,0.0,82.92,"2,220.00",79.00,"184,090.00",18,5.0,7.0,6.33,8.86,1.28,114.00,74.00,,
2019/12/15,74,MHNL,57.54,83.0,85.0,80.0,85.0,85.00,0.0,0.0,82.51,980.00,84.00,"80,860.00",9,1.0,5.0,1.19,6.25,2.93,114.00,74.00,,
2019/12/16,73,MHNL,48.87,84.0,84.0,81.0,81.0,81.00,0.0,0.0,81.89,90.00,85.00,"7,370.00",4,-4.0,3.0,-4.71,3.7,-1.1,114.00,74.00,,
2019/12/17,72,MHNL,54.2,81.0,82.0,80.0,81.0,81.00,0.0,0.0,80.98,530.00,81.00,"42,920.00",9,0.0,2.0,0.0,2.5,0.02,114.00,74.00,,
2019/12/18,72,MHNL,39.38,80.0,81.0,80.0,80.0,80.00,0.0,0.0,80.16,510.00,81.00,"40,880.00",4,-1.0,1.0,-1.23,1.25,-0.2,114.00,74.00,,
2019/12/19,73,MHNL,36.03,81.0,81.0,80.0,80.0,80.00,0.0,0.0,80.12,250.00,80.00,"20,030.00",8,0.0,1.0,0.0,1.25,-0.15,114.00,74.00,,
2019/12/22,72,MHNL,52.44,80.0,83.0,80.0,83.0,83.00,0.0,0.0,81.45,640.00,80.00,"52,130.00",7,3.0,3.0,3.75,3.75,1.86,114.00,74.00,,
2019/12/23,76,MHNL,50.2,84.0,85.0,82.0,83.0,83.00,0.0,0.0,83.35,860.00,83.00,"71,680.00",11,0.00,3.0,0.0,3.66,-0.42,114.00,74.00,,
2019/12/24,74,MHNL,46.01,82.0,83.0,82.0,83.0,83.00,0.0,0.0,82.79,335.00,83.00,"27,735.00",5,0.0,1.0,0.0,1.22,0.25,114.00,74.00,,
2019/12/25,75,MHNL,47.08,82.0,84.0,82.0,84.0,84.00,0.0,0.0,83.69,450.00,83.00,"37,660.00",5,1.0,2.0,1.2,2.44,0.37,114.00,74.00,,
2019/11/11,75,MHNL,37.95,74.0,76.0,74.0,76.0,76.00,0.0,0.0,74.90,310.00,75.00,"23,220.00",10,1.0,2.0,1.33,2.7,1.44,114.00,74.00,,
2019/11/12,72,MHNL,43.28,77.0,77.0,76.0,76.0,76.00,0.0,0.0,76.39,228.00,76.00,"17,418.00",4,0.0,1.0,0.0,1.32,-0.52,114.00,74.00,,
2019/11/13,62,MHNL,46.28,76.0,79.0,76.0,79.0,79.00,0.0,0.0,77.66,"1,730.00",76.00,"134,350.00",19,3.0,3.0,3.95,3.95,1.7,114.00,74.00,,
2019/11/14,70,MHNL,55.6,79.0,80.0,77.0,78.0,78.00,0.0,0.0,78.01,"2,960.00",79.00,"230,910.00",23,-1.0,3.0,-1.27,3.9,-0.01,114.00,74.00,,
2019/11/17,65,MHNL,53.67,78.0,80.0,77.0,79.0,79.00,0.0,0.0,78.75,"1,060.00",78.00,"83,480.00",19,1.0,3.0,1.28,3.9,0.31,114.00,74.00,,
2019/11/18,68,MHNL,51.52,78.0,78.0,78.0,78.0,78.00,0.0,0.0,78.00,50.00,79.00,"3,900.00",2,-1.0,0.0,-1.27,0.0,0.0,114.00,74.00,,
2019/11/19,70,MHNL,34.97,78.0,78.0,77.0,77.0,77.00,0.0,0.0,77.50,360.00,78.00,"27,900.00",12,-1.0,1.0,-1.28,1.3,-0.65,114.00,74.00,,
2019/11/20,140,MHNL,35.86,253.0,253.7,245.6,246.5,246.50,0.0,0.0,248.04,"16,730.00",253.80,"4,149,699.80",62,-7.3,8.1,-2.88,3.3,-0.62,316.00,234.00,266.66,267.57
2019/11/21,73,MHNL,37.07,82.0,82.0,79.0,79.0,79.00,0.0,0.0,81.00,180.00,82.00,"14,580.00",7,-3.0,3.0,-3.66,3.8,-2.53,114.00,74.00,,
2019/11/24,71,MHNL,22.64,78.0,78.0,76.0,76.0,76.00,0.0,0.0,76.88,80.00,79.00,"6,150.00",3,-3.0,2.0,-3.8,2.63,-1.15,114.00,74.00,,
2019/11/25,72,MHNL,22.52,76.0,76.0,75.0,75.0,75.00,0.0,0.0,75.31,260.00,76.00,"19,580.00",5,-1.0,1.0,-1.32,1.33,-0.41,114.00,74.00,,
2019/11/26,72,MHNL,32.09,75.0,76.0,75.0,75.0,75.00,0.0,0.0,75.43,"1,150.00",75.00,"86,750.00",12,0.0,1.0,0.0,1.33,-0.58,114.00,74.00,,
2019/11/27,71,MHNL,30.55,74.0,76.0,74.0,76.0,76.00,0.0,0.0,74.77,130.00,75.00,"9,720.00",4,1.0,2.0,1.33,2.7,1.62,114.00,74.00,,
2019/11/28,69,MHNL,51.45,75.0,80.0,75.0,80.0,80.00,0.0,0.0,78.70,"1,050.00",76.00,"82,640.00",9,4.0,5.0,5.26,6.67,1.62,114.00,74.00,,
2019/12/01,65,MHNL,42.61,79.0,79.0,78.0,78.0,78.00,0.0,0.0,78.56,90.00,80.00,"7,070.00",3,-2.0,1.0,-2.5,1.28,-0.71,114.00,74.00,,
2019/10/10,53,MHNL,47.83,81.0,82.0,81.0,82.0,82.00,0.0,0.0,81.50,110.00,80.00,"8,965.00",2,2.0,1.0,2.5,1.23,0.61,114.00,76.00,,
2019/10/14,67,MHNL,51.75,81.0,81.0,79.0,79.0,79.00,0.0,0.0,79.81,845.00,82.00,"67,440.00",9,-3.0,2.0,-3.66,2.53,-1.03,114.00,76.00,,
2019/10/15,65,MHNL,46.49,78.0,80.0,78.0,80.0,80.00,0.0,0.0,79.22,116.00,79.00,"9,189.00",3,1.0,2.0,1.27,2.56,0.98,114.00,76.00,,
2019/10/16,63,MHNL,38.6,80.0,80.0,79.0,79.0,79.00,0.0,0.0,79.71,70.00,80.00,"5,580.00",3,-1.0,1.0,-1.25,1.27,-0.9,114.00,76.00,,
2019/10/17,64,MHNL,40.23,80.0,80.0,79.0,79.0,79.00,0.0,0.0,79.94,485.00,79.00,"38,770.00",3,0.0,1.0,0.0,1.27,-1.19,114.00,76.00,,
2019/10/21,63,MHNL,47.16,79.0,79.0,78.0,78.0,78.00,0.0,0.0,78.10,"3,385.00",79.00,"264,380.00",10,-1.0,1.0,-1.27,1.28,-0.13,114.00,76.00,,
2019/10/22,69,MHNL,42.35,79.0,81.0,78.0,78.0,78.00,0.0,0.0,79.40,"1,300.00",78.00,"103,220.00",12,0.0,3.0,0.0,3.85,-1.79,114.00,76.00,,
2019/10/23,67,MHNL,41.08,79.0,79.0,79.0,79.0,79.00,0.0,0.0,79.00,120.00,78.00,"9,480.00",3,1.0,0.0,1.28,0.0,0.0,114.00,76.00,,
2019/10/24,68,MHNL,52.73,79.0,84.0,79.0,84.0,84.00,0.0,0.0,80.43,610.00,79.00,"49,060.00",18,5.0,5.0,6.33,6.33,4.25,114.00,76.00,,
2019/10/31,65,MHNL,42.76,85.0,85.0,81.0,81.0,81.00,0.0,0.0,83.17,460.00,84.00,"38,260.00",10,-3.0,4.0,-3.57,4.94,-2.68,114.00,76.00,,
2019/11/03,71,MHNL,51.24,80.0,80.0,80.0,80.0,80.00,0.0,0.0,80.00,570.00,81.00,"45,600.00",5,-1.0,0.0,-1.23,0.0,0.0,114.00,76.00,,
2019/11/04,71,MHNL,41.87,79.0,79.0,77.0,77.0,77.00,0.0,0.0,77.39,990.00,80.00,"76,615.00",11,-3.0,2.0,-3.75,2.6,-0.51,114.00,76.00,,
2019/11/05,66,MHNL,33.45,78.0,79.0,77.0,77.0,77.00,0.0,0.0,77.92,380.00,77.00,"29,610.00",11,0.0,2.0,0.0,2.6,-1.2,114.00,76.00,,
2019/11/06,67,MHNL,33.04,77.0,78.0,76.0,76.0,76.00,0.0,0.0,76.79,380.00,77.00,"29,180.00",11,-1.0,2.0,-1.3,2.63,-1.04,114.00,76.00,,
2019/11/07,68,MHNL,37.73,77.0,78.0,75.0,75.0,75.00,0.0,0.0,75.62,"1,670.00",76.00,"126,280.00",22,-1.0,3.0,-1.32,4.0,-0.82,114.00,75.00,,
2019/09/12,76,MHNL,38.35,85.0,85.0,82.0,83.0,83.00,0.0,0.0,83.30,270.00,86.00,"22,490.00",10,-3.0,3.0,-3.49,3.66,-0.36,114.00,82.00,,
2019/09/15,71,MHNL,43.97,82.0,82.0,81.0,82.0,82.00,0.0,0.0,81.97,"1,170.00",83.00,"95,900.00",7,-1.0,1.0,-1.2,1.23,0.04,114.00,81.00,,
2019/09/16,73,MHNL,34.52,81.0,82.0,79.0,79.0,79.00,0.0,0.0,80.49,870.00,82.00,"70,030.00",22,-3.0,3.0,-3.66,3.8,-1.89,114.00,79.00,,
2019/09/17,75,MHNL,36.06,80.0,82.0,80.0,82.0,82.00,0.0,0.0,80.70,100.00,79.00,"8,070.00",3,3.0,2.0,3.8,2.5,1.59,114.00,79.00,,
2019/09/18,76,MHNL,52.46,82.0,87.0,82.0,87.0,87.00,0.0,0.0,85.47,720.00,82.00,"61,540.00",17,5.0,5.0,6.1,6.1,1.76,114.00,79.00,,
2019/09/19,68,MHNL,45.29,88.0,88.0,87.0,87.0,87.00,0.0,0.0,87.83,120.00,87.00,"10,540.00",2,0.0,1.0,0.0,1.15,-0.96,114.00,79.00,,
2019/09/22,73,MHNL,41.15,84.0,84.0,81.0,81.0,81.00,0.0,0.0,82.36,210.00,87.00,"17,295.00",10,-6.0,3.0,-6.9,3.7,-1.68,114.00,79.00,,
2019/09/23,75,MHNL,39.52,80.0,80.0,78.0,78.0,78.00,0.0,0.0,78.58,730.00,81.00,"57,360.00",14,-3.0,2.0,-3.7,2.56,-0.74,114.00,78.00,,
2019/09/24,76,MHNL,32.45,78.0,78.0,77.0,78.0,78.00,0.0,0.0,77.75,240.00,78.00,"18,660.00",8,0.0,1.0,0.0,1.3,0.32,114.00,77.00,,
2019/09/25,74,MHNL,34.95,79.0,80.0,79.0,80.0,80.00,0.0,0.0,79.58,260.00,78.00,"20,690.00",6,2.0,1.0,2.56,1.27,0.53,114.00,77.00,,
2019/09/26,70,MHNL,46.58,80.0,81.0,79.0,81.0,81.00,0.0,0.0,80.16,630.00,80.00,"50,500.00",20,1.0,2.0,1.25,2.53,1.04,114.00,77.00,,
2019/09/30,67,MHNL,48.03,80.0,81.0,78.0,78.0,78.00,0.0,0.0,79.21,"1,440.00",81.00,"114,060.00",17,-3.0,3.0,-3.7,3.85,-1.55,114.00,77.00,,
2019/10/01,69,MHNL,45.53,77.0,78.0,76.0,78.0,78.00,0.0,0.0,77.33,640.00,78.00,"49,490.00",17,0.0,2.0,0.0,2.63,0.86,114.00,76.00,,
2019/10/02,70,MHNL,41.22,77.0,80.0,77.0,79.0,79.00,0.0,0.0,78.97,515.00,78.00,"40,670.00",8,1.0,3.0,1.28,3.9,0.04,114.00,76.00,,
2019/10/03,68,MHNL,45.35,78.0,80.0,78.0,80.0,80.00,0.0,0.0,79.11,785.00,79.00,"62,100.00",7,1.00,2.00,1.27,2.56,1.11,114.00,76.00,,
2019/11/10,68,MHNL,35.14,74.0,75.0,74.0,75.0,75.00,0.0,0.0,74.50,60.00,75.00,"4,470.00",2,0.0,1.0,0.0,1.35,0.67,114.00,74.00,,
2019/12/03,74,MHNL,36.17,77.0,77.0,77.0,77.0,77.00,0.0,0.0,77.00,60.00,78.00,"4,620.00",3,-1.0,0.0,-1.28,0.0,0.0,114.00,74.00,,
2019/12/26,74,MHNL,42.26,84.0,85.0,84.0,84.0,84.00,0.0,0.0,84.09,440.00,84.00,"37,000.00",12,0.00,1.0,0.0,1.19,-0.11,114.00,74.00,,
2020/01/20,77,MHNL,59.73,102.0,102.0,96.0,96.0,96.00,0.0,0.0,97.27,"4,030.00",104.00,"391,980.00",28,-8.0,6.0,-7.69,6.25,-1.32,114.00,74.00,,
2020/02/12,75,MHNL,47.84,89.0,90.0,89.0,89.0,89.00,0.0,0.0,89.26,460.00,90.00,"41,060.00",16,-1.0,1.0,-1.11,1.12,-0.29,114.00,74.00,,
2020/07/28,77,MHNL,48.71,81.0,84.0,81.0,84.0,84.00,0.0,0.0,82.20,660.00,82.00,"54,250.00",20,2.0,3.0,2.44,3.7,2.15,114.00,74.00,,
2020/08/23,79,MHNL,40.91,79.0,80.0,78.0,80.0,80.00,0.0,0.0,79.64,"1,620.00",80.00,"129,010.00",23,0.0,2.0,0.0,2.56,0.46,106.00,74.00,,
2020/09/16,83,MHNL,65.42,97.0,107.0,97.0,107.0,107.00,0.0,0.0,104.38,"11,910.00",98.00,"1,243,170.00",179,9.0,10.0,9.18,10.31,2.45,107.00,74.00,,
2020/10/11,85,MHNL,56.19,158.0,164.0,153.0,153.0,153.00,0.0,0.0,154.59,"13,430.00",161.00,"2,076,100.00",150,-8.0,11.0,-4.97,7.19,-1.04,172.00,74.00,,
2020/11/05,83,MHNL,55.75,196.0,202.0,196.0,201.0,201.00,0.0,0.0,199.96,"15,665.00",198.00,"3,132,410.00",116,3.0,6.0,1.52,3.06,0.52,207.00,74.00,,
2020/12/03,86,MHNL,65.81,217.0,217.0,205.0,212.0,212.00,0.0,0.0,208.58,"8,573.00",217.00,"1,788,151.00",121,-5.0,12.00,-2.3,5.85,1.61,228.00,74.00,,
2020/12/27,85,MHNL,52.14,178.0,183.0,178.0,178.0,178.00,0.0,0.0,179.34,"4,932.00",181.00,"884,486.00",56,-3.0,5.0,-1.66,2.81,-0.75,228.00,76.00,,
2021/01/20,90,MHNL,69.34,188.0,198.0,187.0,194.0,194.00,0.0,0.0,190.52,"5,016.00",188.00,"955,648.00",94,6.0,11.0,3.19,5.88,1.79,228.00,76.00,,
2019/08/20,71,MHNL,40.41,99.0,99.0,100.0,100.0,100.00,0.0,0.0,98.66,"4,110.00",99.00,"405,510.00",28,1.0,-1.0,1.01,-1.0,1.34,114.00,85.00,,
2019/08/21,73,MHNL,32.37,98.0,99.0,96.0,96.0,96.00,0.0,0.0,97.43,"1,180.00",100.00,"114,970.00",14,-4.0,3.0,-4.0,3.13,-1.49,114.00,85.00,,
2019/08/22,74,MHNL,32.84,96.0,96.0,95.0,96.0,96.00,0.0,0.0,95.48,"1,130.00",96.00,"107,895.00",24,0.0,1.0,0.0,1.05,0.54,114.00,85.00,,
2019/08/25,140,MHNL,35.86,253.0,253.7,245.6,246.5,246.50,0.0,0.0,248.04,"16,730.00",253.80,"4,149,699.80",62,-7.3,8.1,-2.88,3.3,-0.62,316.00,234.00,266.66,267.57
2019/08/26,72,MHNL,30.61,93.0,96.0,93.0,95.0,95.00,0.0,0.0,94.70,230.00,94.00,"21,780.00",7,1.0,3.0,1.06,3.23,0.32,114.00,85.00,,
2019/08/27,72,MHNL,37.02,96.0,96.0,94.0,95.0,95.00,0.0,0.0,94.98,205.00,95.00,"19,470.00",7,0.0,2.0,0.0,2.13,0.03,114.00,85.00,,
2019/08/28,74,MHNL,33.55,94.0,95.0,94.0,94.0,94.00,0.0,0.0,94.40,300.00,95.00,"28,320.00",12,-1.0,1.0,-1.05,1.06,-0.43,114.00,85.00,,
2019/08/29,75,MHNL,40.68,93.0,93.0,93.0,93.0,93.00,0.0,0.0,93.00,380.00,94.00,"35,340.00",11,-1.0,0.0,-1.06,0.0,0.0,114.00,85.00,,
2019/09/01,75,MHNL,40.11,92.0,92.0,90.0,91.0,91.00,0.0,0.0,91.50,480.00,93.00,"43,920.00",17,-2.0,2.0,-2.15,2.22,-0.55,114.00,85.00,,
2019/09/02,77,MHNL,38.03,90.0,90.0,88.0,88.0,88.00,0.0,0.0,89.22,580.00,91.00,"51,750.00",13,-3.0,2.0,-3.3,2.27,-1.39,114.00,85.00,,
2019/09/03,79,MHNL,45.12,87.0,89.0,82.0,89.0,89.00,0.0,0.0,85.45,"2,120.00",88.00,"181,160.00",25,1.0,7.0,1.14,8.54,3.99,114.00,82.00,,
2019/09/04,73,MHNL,44.39,88.0,93.0,88.0,90.0,90.00,0.0,0.0,90.24,870.00,89.00,"78,510.00",14,1.0,5.0,1.12,5.68,-0.27,114.00,82.00,,
2019/09/05,74,MHNL,40.1,91.0,92.0,87.0,87.0,87.00,0.0,0.0,88.68,620.00,90.00,"54,980.00",22,-3.0,5.0,-3.33,5.75,-1.93,114.00,82.00,,
2019/09/08,72,MHNL,37.79,86.0,86.0,84.0,85.0,85.00,0.0,0.0,84.73,260.00,87.00,"22,030.00",11,-2.0,2.0,-2.3,2.38,0.32,114.00,82.00,,
2019/09/09,78,MHNL,36.1,84.0,84.0,82.0,83.0,83.00,0.0,0.0,83.05,385.00,85.00,"31,975.00",5,-2.0,2.0,-2.35,2.44,-0.06,114.00,82.00,,
2019/09/10,77,MHNL,47.37,83.0,88.0,83.0,88.0,88.00,0.0,0.0,85.21,"2,190.00",83.00,"186,610.00",17,5.0,5.0,6.02,6.02,3.17,114.00,82.00,,
2019/07/28,73,MHNL,39.32,100.0,101.0,100.0,100.0,100.00,0.0,0.0,100.02,"1,380.00",101.00,"138,030.00",14,-1.0,1.0,-0.99,1.0,-0.02,113.00,85.00,,
2019/07/29,72,MHNL,40.23,100.0,101.0,100.0,100.0,100.00,0.0,0.0,100.03,400.00,100.00,"40,010.00",19,0.0,1.0,0.0,1.0,-0.03,113.00,85.00,,
2019/07/30,76,MHNL,52.24,100.0,102.0,99.0,100.0,100.00,0.0,0.0,100.44,"1,940.00",100.00,"194,850.00",25,0.0,3.0,0.0,3.03,-0.44,113.00,85.00,,
2019/07/31,75,MHNL,47.83,99.0,100.0,98.0,99.0,99.00,0.0,0.0,99.20,540.00,100.00,"53,570.00",12,-1.0,2.0,-1.0,2.04,-0.21,113.00,85.00,,
2019/08/01,73,MHNL,61.18,100.0,107.0,99.0,104.0,104.00,0.0,0.0,102.15,"3,296.00",99.00,"336,696.00",37,5.0,8.0,5.05,8.08,1.78,113.00,85.00,,
2019/08/04,73,MHNL,59.08,105.0,114.0,105.0,108.0,108.00,0.0,0.0,108.88,"9,469.00",104.00,"1,031,019.00",96,4.0,9.0,3.85,8.57,-0.82,114.00,85.00,,
2019/08/05,77,MHNL,52.61,108.0,108.0,104.0,105.0,105.00,0.0,0.0,105.13,"1,110.00",108.00,"116,696.00",17,-3.0,4.0,-2.78,3.85,-0.13,114.00,85.00,,
2019/08/06,74,MHNL,44.49,103.0,109.0,101.0,104.0,104.00,0.0,0.0,105.08,"1,320.00",105.00,"138,700.00",20,-1.0,8.0,-0.95,7.92,-1.03,114.00,85.00,,
2019/08/07,76,MHNL,54.1,102.0,106.0,101.0,106.0,106.00,0.0,0.0,103.74,735.00,104.00,"76,250.00",21,2.0,5.0,1.92,4.95,2.13,114.00,85.00,,
2019/08/08,75,MHNL,37.37,104.0,104.0,102.0,103.0,103.00,0.0,0.0,103.21,850.00,106.00,"87,726.00",26,-3.0,2.0,-2.83,1.96,-0.2,114.00,85.00,,
2019/08/11,73,MHNL,34.05,101.0,103.0,100.0,102.0,102.00,0.0,0.0,102.14,690.00,103.00,"70,480.00",22,-1.0,3.0,-0.97,3.0,-0.14,114.00,85.00,,
2019/08/12,77,MHNL,36.15,100.0,105.0,100.0,102.0,102.00,0.0,0.0,101.61,"1,140.00",102.00,"115,840.00",22,0.0,5.0,0.0,5.0,0.38,114.00,85.00,,
2019/08/13,72,MHNL,29.21,102.0,102.0,101.0,101.0,101.00,0.0,0.0,101.28,290.00,102.00,"29,370.00",10,-1.0,1.0,-0.98,0.99,-0.27,114.00,85.00,,
2019/08/14,75,MHNL,35.97,102.0,102.0,101.0,101.0,101.00,0.0,0.0,101.36,390.00,101.00,"39,530.00",15,0.0,1.0,0.0,0.99,-0.36,114.00,85.00,,
2019/08/15,68,MHNL,37.98,100.0,102.0,100.0,100.0,100.00,0.0,0.0,100.93,560.00,101.00,"56,520.00",17,-1.0,2.0,-0.99,2.0,-0.93,114.00,85.00,,
2019/08/18,70,MHNL,31.36,101.0,101.0,99.0,100.0,100.00,0.0,0.0,99.81,370.00,100.00,"36,930.00",11,0.0,2.0,0.0,2.02,0.19,114.00,85.00,,
2019/07/03,76,MHNL,51.28,103.0,107.0,103.0,106.0,106.00,0.0,0.0,105.40,"2,290.00",104.00,"241,370.00",35,2.0,4.0,1.92,3.88,0.56,113.00,85.00,,
2019/07/04,77,MHNL,51.33,104.0,107.0,104.0,107.0,107.00,0.0,0.0,104.68,"1,020.00",106.00,"106,770.00",21,1.0,3.0,0.94,2.88,2.17,113.00,85.00,,
2019/07/07,74,MHNL,36.3,105.0,106.0,104.0,104.0,104.00,0.0,0.0,105.12,770.00,107.00,"80,940.00",22,-3.0,2.0,-2.8,1.92,-1.07,113.00,85.00,,
2019/07/08,75,MHNL,33.73,103.0,106.0,102.0,102.0,102.00,0.0,0.0,104.15,"1,210.00",104.00,"126,020.00",26,-2.0,4.0,-1.92,3.92,-2.11,113.00,85.00,,
2019/07/09,75,MHNL,34.37,102.0,104.0,102.0,104.0,104.00,0.0,0.0,103.13,640.00,102.00,"66,000.00",20,2.0,2.0,1.96,1.96,0.84,113.00,85.00,,
2019/07/10,76,MHNL,34.62,103.0,105.0,103.0,105.0,105.00,0.0,0.0,104.68,590.00,104.00,"61,760.00",17,1.0,2.0,0.96,1.94,0.31,113.00,85.00,,
2019/07/11,75,MHNL,36.55,103.0,104.0,102.0,104.0,104.00,0.0,0.0,103.22,540.00,105.00,"55,740.00",18,-1.0,2.0,-0.95,1.96,0.75,113.00,85.00,,
2019/07/14,71,MHNL,44.08,103.0,104.0,103.0,104.0,104.00,0.0,0.0,103.88,430.00,104.00,"44,670.00",13,0.0,1.0,0.0,0.97,0.11,113.00,85.00,,
2019/07/15,75,MHNL,32.72,103.0,103.0,103.0,103.0,103.00,0.0,0.0,103.00,360.00,104.00,"37,080.00",11,-1.0,0.0,-0.96,0.0,0.0,113.00,85.00,,
2019/07/16,74,MHNL,46.56,104.0,107.0,104.0,105.0,105.00,0.0,0.0,105.71,"1,350.00",103.00,"142,710.00",24,2.0,3.0,1.94,2.88,-0.68,113.00,85.00,,
2019/07/17,73,MHNL,45.39,103.0,109.0,103.0,106.0,106.00,0.0,0.0,105.33,820.00,105.00,"86,370.00",19,1.0,6.0,0.95,5.83,0.63,113.00,85.00,,
2019/07/18,69,MHNL,49.14,104.0,106.0,104.0,105.0,105.00,0.0,0.0,104.66,290.00,106.00,"30,350.00",9,-1.0,2.0,-0.94,1.92,0.33,113.00,85.00,,
2019/07/21,73,MHNL,45.63,107.0,107.0,103.0,103.0,103.00,0.0,0.0,103.97,370.00,105.00,"38,470.00",11,-2.0,4.0,-1.9,3.88,-0.94,113.00,85.00,,
2019/07/22,75,MHNL,37.23,103.0,103.0,103.0,103.0,103.00,0.0,0.0,103.00,570.00,103.00,"58,710.00",15,0.0,0.0,0.0,0.0,0.0,113.00,85.00,,
2019/07/23,75,MHNL,37.32,103.0,103.0,102.0,102.0,102.00,0.0,0.0,102.72,430.00,103.00,"44,170.00",13,-1.0,1.0,-0.97,0.98,-0.71,113.00,85.00,,
2019/07/24,75,MHNL,42.77,103.0,103.0,101.0,101.0,101.00,0.0,0.0,101.94,"1,440.00",102.00,"146,800.00",22,-1.0,2.0,-0.98,1.98,-0.94,113.00,85.00,,
2019/06/10,77,MHNL,-,102.0,103.0,100.0,100.0,100.00,0.0,0.0,100.90,860.00,100.00,"86,770.00",29,0.0,3.0,0.0,3.0,-0.9,113.00,85.00,,
2019/06/11,78,MHNL,-,102.0,108.0,101.0,107.0,107.00,0.0,0.0,105.44,"5,228.00",100.00,"551,246.00",118,7.0,7.0,7.0,6.93,1.46,113.00,85.00,,
2019/06/12,77,MHNL,-,107.0,107.0,104.0,104.0,104.00,0.0,0.0,104.90,"1,310.00",107.00,"137,420.00",43,-3.0,3.0,-2.8,2.88,-0.87,113.00,85.00,,
2019/06/13,76,MHNL,-,102.0,108.0,102.0,103.0,103.00,0.0,0.0,105.14,"2,250.00",104.00,"236,560.00",45,-1.0,6.0,-0.96,5.88,-2.08,113.00,85.00,,
2019/06/16,78,MHNL,-,105.0,105.0,100.0,100.0,100.00,0.0,0.0,100.91,"4,750.00",103.00,"479,340.00",35,-3.0,5.0,-2.91,5.0,-0.91,113.00,85.00,,
2019/06/17,77,MHNL,-,102.0,102.0,101.0,101.0,101.00,0.0,0.0,101.77,"1,000.00",100.00,"101,770.00",13,1.0,1.0,1.0,0.99,-0.76,113.00,85.00,,
2019/06/18,79,MHNL,-,102.0,107.0,101.0,105.0,105.00,0.0,0.0,104.29,"3,310.00",101.00,"345,210.00",67,4.0,6.0,3.96,5.94,0.67,113.00,85.00,,
2019/06/19,75,MHNL,44.99,103.0,107.0,103.0,106.0,106.00,0.0,0.0,105.33,"3,290.00",105.00,"346,550.00",53,1.0,4.0,0.95,3.88,0.63,113.00,85.00,,
2019/06/20,76,MHNL,54.96,104.0,109.0,102.0,107.0,107.00,0.0,0.0,106.75,"2,080.00",106.00,"222,040.00",30,1.0,7.0,0.94,6.86,0.23,113.00,85.00,,
2019/06/23,76,MHNL,49.55,105.0,109.0,105.0,105.0,105.00,0.0,0.0,106.38,"4,250.00",107.00,"452,130.00",19,-2.0,4.0,-1.87,3.81,-1.32,113.00,85.00,,
2019/06/24,80,MHNL,33.41,104.0,107.0,104.0,104.0,104.00,0.0,0.0,104.93,730.00,105.00,"76,600.00",23,-1.0,3.0,-0.95,2.88,-0.9,113.00,85.00,,
2019/06/25,77,MHNL,30.68,102.0,105.0,102.0,104.0,104.00,0.0,0.0,104.16,570.00,104.00,"59,370.00",18,0.0,3.0,0.0,2.94,-0.15,113.00,85.00,,
2019/06/26,76,MHNL,39.46,102.0,105.0,102.0,105.0,105.00,0.0,0.0,103.17,810.00,104.00,"83,570.00",27,1.0,3.0,0.96,2.94,1.74,113.00,85.00,,
2019/06/27,76,MHNL,33.92,103.0,105.0,103.0,104.0,104.00,0.0,0.0,103.49,680.00,105.00,"70,370.00",20,-1.0,2.0,-0.95,1.94,0.49,113.00,85.00,,
2019/06/30,78,MHNL,30.36,102.0,105.0,102.0,103.0,103.00,0.0,0.0,103.60,580.00,104.00,"60,090.00",18,-1.0,3.0,-0.96,2.94,-0.59,113.00,85.00,,
2019/07/01,73,MHNL,43.6,101.0,105.0,101.0,104.0,104.00,0.0,0.0,103.82,"1,150.00",103.00,"119,390.00",34,1.0,4.0,0.97,3.96,0.18,113.00,85.00,,
2019/05/14,79,MHNL,-,94.0,94.0,90.0,90.0,90.00,0.0,0.0,91.87,300.00,93.00,"27,560.00",12,-3.00,4.0,-3.23,4.44,-2.07,108.00,85.00,,
2019/05/15,78,MHNL,-,86.0,89.0,86.0,89.0,89.00,0.0,0.0,88.29,550.00,90.00,"48,560.00",18,-1.0,3.00,-1.11,3.49,0.8,108.00,85.00,,
2019/05/16,79,MHNL,-,90.0,92.0,90.0,92.0,92.00,0.0,0.0,90.72,360.00,89.00,"32,660.00",11,3.0,2.00,3.37,2.22,1.39,108.00,85.00,,
2019/05/19,79,MHNL,-,88.0,94.0,88.0,94.0,94.00,0.0,0.0,92.21,660.00,92.00,"60,860.00",24,2.0,6.0,2.17,6.82,1.9,108.00,85.00,,
2019/05/20,75,MHNL,-,95.0,98.0,92.0,97.0,97.00,0.0,0.0,95.05,"1,540.00",94.00,"146,380.00",36,3.0,6.0,3.19,6.52,2.01,108.00,85.00,,
2019/05/21,78,MHNL,-,96.0,100.0,96.0,99.0,99.00,0.0,0.0,98.13,"1,270.00",97.00,"124,620.00",37,2.0,4.0,2.06,4.17,0.88,108.00,85.00,,
2019/05/22,75,MHNL,-,100.0,108.0,100.0,104.0,104.00,0.0,0.0,107.54,"18,720.00",99.00,"2,013,140.00",135,5.0,8.0,5.05,8.0,-3.4,108.00,85.00,,
2019/05/23,77,MHNL,-,106.0,109.0,97.0,99.0,99.00,0.0,0.0,102.09,"5,440.00",104.00,"555,350.00",68,-5.0,12.0,-4.81,12.37,-3.12,109.00,85.00,,
2019/05/26,76,MHNL,-,100.0,105.0,100.0,102.0,102.00,0.0,0.0,102.12,"5,630.00",99.00,"574,920.00",69,3.0,5.0,3.03,5.0,-0.11,109.00,85.00,,
2019/05/27,78,MHNL,-,100.0,107.0,99.0,105.0,105.00,0.0,0.0,100.54,"1,040.00",102.00,"104,560.00",35,3.0,8.0,2.94,8.08,4.25,109.00,85.00,,
2019/05/28,75,MHNL,-,102.0,102.0,98.0,98.0,98.00,0.0,0.0,98.38,"2,200.00",105.00,"216,430.00",16,-7.0,4.0,-6.67,4.08,-0.38,109.00,85.00,,
2019/05/29,81,MHNL,-,99.0,107.0,99.0,105.0,105.00,0.0,0.0,105.21,"7,770.00",98.00,"817,510.00",132,7.0,8.0,7.14,8.08,-0.2,109.00,85.00,,
2019/05/30,80,MHNL,-,107.0,113.0,104.0,104.0,104.00,0.0,0.0,107.67,"4,820.00",105.00,"518,950.00",104,-1.0,9.0,-0.95,8.65,-3.52,113.00,85.00,,
2019/06/02,140,MHNL,35.86,253.0,253.7,245.6,246.5,246.50,0.0,0.0,248.04,"16,730.00",253.80,"4,149,699.80",62,-7.3,8.1,-2.88,3.3,-0.62,316.00,234.00,266.66,267.57
2019/06/03,80,MHNL,-,108.0,108.0,102.0,104.0,104.00,0.0,0.0,105.94,"1,850.00",110.00,"195,990.00",26,-6.0,6.0,-5.45,5.88,-1.87,113.00,85.00,,
2019/06/04,80,MHNL,-,103.0,104.0,101.0,104.0,104.00,0.0,0.0,101.92,"1,510.00",104.00,"153,900.00",47,0.0,3.0,0.0,2.97,2.0,113.00,85.00,,
2019/04/18,74,MHNL,-,99.0,99.0,95.0,95.0,95.00,0.0,0.0,95.36,"1,490.00",101.00,"142,080.00",46,-6.0,4.0,-5.94,4.21,-0.37,108.00,95.00,,
2019/04/21,140,MHNL,35.86,253.0,253.7,245.6,246.5,246.50,0.0,0.0,248.04,"16,730.00",253.80,"4,149,699.80",62,-7.3,8.1,-2.88,3.3,-0.62,316.00,234.00,266.66,267.57
2019/04/22,75,MHNL,-,96.0,96.0,91.0,91.0,91.00,0.0,0.0,93.34,619.00,96.00,"57,778.00",19,-5.0,5.0,-5.21,5.49,-2.57,108.00,91.00,,
2019/04/23,79,MHNL,-,91.0,92.0,90.0,90.0,90.00,0.0,0.0,91.00,500.00,91.00,"45,500.00",17,-1.0,2.0,-1.1,2.22,-1.11,108.00,90.00,,
2019/04/24,76,MHNL,-,89.0,89.0,85.0,87.0,87.00,0.0,0.0,87.10,620.00,90.00,"54,000.00",20,-3.0,4.0,-3.33,4.71,-0.11,108.00,85.00,,
2019/04/25,79,MHNL,-,86.0,87.0,85.0,87.0,87.00,0.0,0.0,86.19,521.00,87.00,"44,906.00",15,0.0,2.0,0.0,2.35,0.93,108.00,85.00,,
2019/04/28,79,MHNL,-,86.0,89.0,86.0,89.0,89.00,0.0,0.0,87.84,380.00,87.00,"33,380.00",13,2.0,3.0,2.3,3.49,1.3,108.00,85.00,,
2019/04/29,77,MHNL,-,90.0,90.0,89.0,89.0,89.00,0.0,0.0,89.37,190.00,89.00,"16,980.00",6,0.0,1.0,0.0,1.12,-0.41,108.00,85.00,,
2019/04/30,80,MHNL,-,89.0,90.0,87.0,89.0,89.00,0.0,0.0,88.68,440.00,89.00,"39,020.00",14,0.0,3.0,0.0,3.45,0.36,108.00,85.00,,
2019/05/02,77,MHNL,-,88.0,92.0,88.0,92.0,92.00,0.0,0.0,90.97,330.00,89.00,"30,020.00",11,3.0,4.0,3.37,4.55,1.12,108.00,85.00,,
2019/05/05,79,MHNL,-,91.0,91.0,91.0,91.0,91.00,0.0,0.0,91.00,60.00,92.00,"5,460.00",3,-1.0,0.0,-1.09,0.0,0.0,108.00,85.00,,
2019/05/06,77,MHNL,-,90.0,92.0,90.0,91.0,91.00,0.0,0.0,91.47,655.00,91.00,"59,910.00",23,0.0,2.0,0.0,2.22,-0.51,108.00,85.00,,
2019/05/07,77,MHNL,-,91.0,92.0,91.0,91.0,91.00,0.0,0.0,91.20,490.00,91.00,"44,690.00",15,0.0,1.0,0.0,1.1,-0.22,108.00,85.00,,
2019/05/08,77,MHNL,-,91.0,92.0,90.0,91.0,91.00,0.0,0.0,91.19,830.00,91.00,"75,690.00",23,0.0,2.0,0.0,2.22,-0.21,108.00,85.00,,
2019/05/09,77,MHNL,-,90.0,92.0,89.0,92.0,92.00,0.0,0.0,90.42,240.00,91.00,"21,700.00",8,1.0,3.0,1.1,3.37,1.72,108.00,85.00,,
2019/05/12,75,MHNL,-,91.0,91.0,88.0,88.0,88.00,0.0,0.0,89.45,200.00,92.00,"17,890.00",8,-4.0,3.0,-4.35,3.41,-1.65,108.00,85.00,,
2019/03/10,140,MHNL,35.86,253.0,253.7,245.6,246.5,246.50,0.0,0.0,248.04,"16,730.00",253.80,"4,149,699.80",62,-7.3,8.1,-2.88,3.3,-0.62,316.00,234.00,266.66,267.57
2018/09/19,140,MHNL,35.86,253.0,253.7,245.6,246.5,246.50,0.0,0.0,248.04,"16,730.00",253.80,"4,149,699.80",62,-7.3,8.1,-2.88,3.3,-0.62,316.00,234.00,266.66,267.57
2018/12/13,140,MHNL,35.86,253.0,253.7,245.6,246.5,246.50,0.0,0.0,248.04,"16,730.00",253.80,"4,149,699.80",62,-7.3,8.1,-2.88,3.3,-0.62,316.00,234.00,266.66,267.57
2019/04/17,78,MHNL,-,100.0,108.0,100.0,101.0,101.00,0.0,0.0,104.15,"2,980.00",0.00,"310,380.00",90,101.0,8.0,0.0,8.0,-3.12,108.00,0.00,,
2019/05/13,76,MHNL,-,89.0,93.0,89.0,93.0,93.00,0.0,0.0,90.23,730.00,88.00,"65,870.00",24,5.0,4.0,5.68,4.49,2.98,108.00,85.00,,
2019/06/06,80,MHNL,-,103.0,103.0,100.0,100.0,100.00,0.0,0.0,101.64,"2,140.00",104.00,"217,520.00",33,-4.0,3.0,-3.85,3.0,-1.64,113.00,85.00,,
2019/07/02,76,MHNL,42.19,104.0,105.0,103.0,104.0,104.00,0.0,0.0,104.08,570.00,104.00,"59,325.00",20,0.0,2.0,0.0,1.94,-0.08,113.00,85.00,,
2019/07/25,75,MHNL,43.43,102.0,106.0,100.0,101.0,101.00,0.0,0.0,101.07,"2,240.00",101.00,"226,400.00",23,0.0,6.0,0.0,6.0,-0.07,113.00,85.00,,
2019/08/19,140,MHNL,35.86,253.0,253.7,245.6,246.5,246.50,0.0,0.0,248.04,"16,730.00",253.80,"4,149,699.80",62,-7.3,8.1,-2.88,3.3,-0.62,316.00,234.00,266.66,267.57
2019/09/11,77,MHNL,40.73,88.0,88.0,86.0,86.0,86.00,0.0,0.0,87.00,150.00,88.00,"13,050.00",6,-2.0,2.0,-2.27,2.33,-1.16,114.00,82.00,,
2018/05/16,140,MHNL,35.86,253.0,253.7,245.6,246.5,246.50,0.0,0.0,248.04,"16,730.00",253.80,"4,149,699.80",62,-7.3,8.1,-2.88,3.3,-0.62,316.00,234.00,266.66,267.57
2018/04/06,140,MHNL,35.86,253.0,253.7,245.6,246.5,246.50,0.0,0.0,248.04,"16,730.00",253.80,"4,149,699.80",62,-7.3,8.1,-2.88,3.3,-0.62,316.00,234.00,266.66,267.57
2018/02/25,140,MHNL,35.86,253.0,253.7,245.6,246.5,246.50,0.0,0.0,248.04,"16,730.00",253.80,"4,149,699.80",62,-7.3,8.1,-2.88,3.3,-0.62,316.00,234.00,266.66,267.57
2017/11/16,140,MHNL,35.86,253.0,253.7,245.6,246.5,246.50,0.0,0.0,248.04,"16,730.00",253.80,"4,149,699.80",62,-7.3,8.1,-2.88,3.3,-0.62,316.00,234.00,266.66,267.57
2017/10/19,140,MHNL,35.86,253.0,253.7,245.6,246.5,246.50,0.0,0.0,248.04,"16,730.00",253.80,"4,149,699.80",62,-7.3,8.1,-2.88,3.3,-0.62,316.00,234.00,266.66,267.57
2017/09/06,140,MHNL,35.86,253.0,253.7,245.6,246.5,246.50,0.0,0.0,248.04,"16,730.00",253.80,"4,149,699.80",62,-7.3,8.1,-2.88,3.3,-0.62,316.00,234.00,266.66,267.57
2017/06/12,140,MHNL,35.86,253.0,253.7,245.6,246.5,246.50,0.0,0.0,248.04,"16,730.00",253.80,"4,149,699.80",62,-7.3,8.1,-2.88,3.3,-0.62,316.00,234.00,266.66,267.57
2017/04/30,140,MHNL,35.86,253.0,253.7,245.6,246.5,246.50,0.0,0.0,248.04,"16,730.00",253.80,"4,149,699.80",62,-7.3,8.1,-2.88,3.3,-0.62,316.00,234.00,266.66,267.57
