Date,S.No,Symbol,Conf.,Open,High,Low,Close,LTP,Close - LTP,Close - LTP %,VWAP,Vol,Prev. Close,Turnover,Trans.,Diff,Range,Diff %,Range %,VWAP %,52 Weeks High,52 Weeks Low,120 Days,180 Days
2025/08/25,188,NMB50,36.65,11.2,11.21,11.08,11.08,11.08,0.0,0.0,11.14,"46,746.00",11.37,"520,919.70",16,-0.29,0.13,-2.55,1.17,-0.57,12.54,9.57,,
2025/08/26,192,NMB50,43.63,11.3,11.52,11.09,11.33,11.52,-0.19,-0.02,11.33,"149,317.00",11.08,"1,691,604.06",21,0.25,0.43,2.26,3.88,0.01,12.54,9.57,,
2025/08/27,189,NMB50,47.6,11.3,11.49,11.3,11.42,11.42,0.0,0.0,11.40,"448,618.00",11.33,"5,113,750.10",24,0.09,0.19,0.79,1.68,0.18,12.54,9.57,,
2025/08/28,190,NMB50,47.6,11.62,11.62,11.26,11.42,11.46,-0.04,0.0,11.45,"560,527.00",11.42,"6,419,106.50",52,0.0,0.36,0.0,3.2,-0.28,12.54,9.57,,
2025/08/31,189,NMB50,23.27,10.1,10.27,10.1,10.12,10.10,0.02,0.0,10.14,"47,162.00",9.92,"478,440.14",31,0.2,0.17,2.02,1.68,-0.24,12.54,9.57,,
2025/09/01,194,NMB50,24.09,10.13,10.2,10.12,10.15,10.15,0.0,0.0,10.14,"47,648.00",10.12,"483,329.76",17,0.03,0.08,0.3,0.79,0.06,12.54,9.57,,
2025/09/02,194,NMB50,27.5,10.1,10.18,9.75,10.1,10.10,0.0,0.0,10.00,"225,400.00",10.15,"2,253,651.26",37,-0.05,0.43,-0.49,4.41,1.01,12.23,9.57,,
2025/09/03,192,NMB50,28.25,10.03,10.14,10.03,10.14,10.14,0.0,0.0,10.10,"95,800.00",10.10,"967,902.00",11,0.04,0.11,0.4,1.1,0.36,12.23,9.57,,
2025/09/04,188,NMB50,27.48,10.12,10.2,10.12,10.18,10.18,0.0,0.0,10.14,"153,900.00",10.14,"1,559,880.00",13,0.04,0.08,0.39,0.79,0.44,12.23,9.57,,
2025/09/07,199,NMB50,41.45,10.1,10.21,10.01,10.12,10.12,0.0,0.0,10.13,"207,857.00",10.18,"2,105,889.27",28,-0.06,0.2,-0.59,2.0,-0.11,12.23,9.57,,
2025/09/08,191,NMB50,34.58,10.11,10.27,10.11,10.12,10.13,-0.01,0.0,10.17,"27,300.00",10.12,"277,529.00",10,0.0,0.16,0.0,1.58,-0.45,12.23,9.57,,
2025/09/18,143,NMB50,29.49,9.92,10.0,9.92,10.0,10.00,0.0,0.0,9.99,"23,000.00",10.12,"229,760.00",3,-0.12,0.08,-1.19,0.81,0.1,12.15,9.57,,
2025/09/21,195,NMB50,36.96,10.0,10.1,10.0,10.1,10.10,0.0,0.0,10.01,"139,840.00",10.00,"1,399,394.00",19,0.1,0.10,1.0,1.0,0.92,12.15,9.57,,
2025/09/23,195,NMB50,28.74,10.1,10.1,10.1,10.1,10.10,0.0,0.0,10.10,"3,100.00",10.10,"31,310.00",3,0.00,0.0,0.0,0.0,0.0,12.15,9.57,,
2025/09/24,183,NMB50,28.23,10.1,10.12,10.04,10.05,10.05,0.0,0.0,10.06,"16,355.00",10.10,"164,529.75",7,-0.05,0.08,-0.5,0.8,-0.1,12.03,9.57,,
2025/09/25,192,NMB50,27.71,10.05,10.25,10.05,10.25,10.25,0.0,0.0,10.21,"1,000.00",10.05,"10,214.00",2,0.2,0.2,1.99,1.99,0.35,12.03,9.57,10.73,10.61
2025/07/30,197,NMB50,35.37,11.5,11.5,11.28,11.4,11.40,0.0,0.0,11.31,"7,137.00",11.50,"80,707.50",9,-0.1,0.22,-0.87,1.95,0.8,12.54,9.57,,
2025/07/31,188,NMB50,28.07,11.4,11.5,11.3,11.3,11.30,0.0,0.0,11.38,"1,856.00",11.40,"21,119.00",4,-0.1,0.2,-0.88,1.77,-0.7,12.54,9.57,,
2025/08/03,193,NMB50,28.49,11.2,11.38,11.16,11.3,11.30,0.0,0.0,11.20,"15,500.00",11.30,"173,611.00",10,0.0,0.22,0.0,1.97,0.88,12.54,9.57,,
2025/08/04,192,NMB50,25.05,11.52,11.52,11.32,11.33,11.33,0.0,0.0,11.47,"4,000.00",11.30,"45,885.00",4,0.03,0.2,0.27,1.77,-1.25,12.54,9.57,,
2025/08/05,193,NMB50,31.6,11.26,11.29,11.26,11.29,11.29,0.0,0.0,11.27,"11,300.00",11.33,"127,392.00",6,-0.04,0.03,-0.35,0.27,0.15,12.54,9.57,,
2025/08/06,191,NMB50,41.6,11.29,11.72,11.29,11.62,11.62,0.0,0.0,11.41,"263,695.00",11.29,"3,009,272.90",13,0.33,0.43,2.92,3.81,1.79,12.54,9.57,,
2025/08/07,186,NMB50,32.34,11.8,11.8,11.18,11.48,11.50,-0.02,0.0,11.67,"15,100.00",11.62,"176,286.70",8,-0.14,0.62,-1.2,5.55,-1.7,12.54,9.57,,
2025/08/11,191,NMB50,37.64,11.31,11.7,11.31,11.7,11.70,0.0,0.0,11.69,"30,100.00",11.48,"351,956.00",4,0.22,0.39,1.92,3.45,0.06,12.54,9.57,,
2025/08/12,192,NMB50,32.09,11.93,11.93,11.47,11.5,11.50,0.0,0.0,11.54,"3,000.00",11.70,"34,619.50",4,-0.2,0.46,-1.71,4.01,-0.35,12.54,9.57,,
2025/08/13,191,NMB50,24.64,11.6,11.6,11.3,11.4,11.40,0.0,0.0,11.38,"6,740.00",11.50,"76,692.00",4,-0.1,0.3,-0.87,2.65,0.19,12.54,9.57,,
2025/08/14,188,NMB50,21.02,11.4,11.4,11.3,11.3,11.30,0.0,0.0,11.39,"5,500.00",11.40,"62,650.00",2,-0.1,0.1,-0.88,0.88,-0.8,12.54,9.57,,
2025/08/17,184,NMB50,19.75,11.11,11.25,11.11,11.25,11.25,0.0,0.0,11.19,"2,689.00",11.30,"30,088.35",5,-0.05,0.14,-0.44,1.26,0.54,12.54,9.57,,
2025/08/18,192,NMB50,16.67,11.1,11.18,11.1,11.18,11.18,0.0,0.0,11.16,645.00,11.25,"7,201.10",3,-0.07,0.08,-0.62,0.72,0.14,12.54,9.57,,
2025/08/19,186,NMB50,24.0,11.37,11.37,11.26,11.34,11.36,-0.02,0.0,11.33,"26,870.00",11.18,"304,559.07",13,0.16,0.11,1.43,0.98,0.05,12.54,9.57,,
2025/08/20,191,NMB50,26.05,11.2,11.39,11.12,11.2,11.20,0.0,0.0,11.19,"82,248.00",11.34,"920,308.07",23,-0.14,0.27,-1.23,2.43,0.09,12.54,9.57,,
2025/08/21,188,NMB50,19.64,11.37,11.37,11.2,11.25,11.25,0.0,0.0,11.29,"5,808.00",11.20,"65,548.01",7,0.05,0.17,0.45,1.52,-0.32,12.54,9.57,,
2025/07/07,186,NMB50,28.1,10.66,10.89,10.55,10.55,10.55,0.0,0.0,10.71,"19,450.00",10.51,"208,240.50",12,0.04,0.34,0.38,3.22,-1.48,12.54,9.57,,
2025/07/08,181,NMB50,41.1,10.45,10.65,10.45,10.6,10.60,0.0,0.0,10.62,"11,600.00",10.55,"123,245.00",7,0.05,0.2,0.47,1.91,-0.23,12.54,9.57,,
2025/07/09,185,NMB50,39.94,10.6,10.6,10.6,10.6,10.60,0.0,0.0,10.60,"1,000.00",10.60,"10,600.00",1,0.0,0.0,0.0,0.0,0.0,12.54,9.57,,
2025/07/10,184,NMB50,45.03,10.6,10.7,10.53,10.67,10.70,-0.03,0.0,10.62,"92,670.00",10.60,"984,488.00",12,0.07,0.17,0.66,1.61,0.43,12.54,9.57,,
2025/07/13,182,NMB50,38.83,10.6,11.01,10.6,11.01,11.01,0.0,0.0,10.78,"15,363.00",10.67,"165,618.81",8,0.34,0.41,3.19,3.87,2.09,12.54,9.57,,
2025/07/14,194,NMB50,33.62,10.81,10.81,10.81,10.81,10.81,0.0,0.0,10.81,200.00,11.01,"2,162.00",1,-0.2,0.00,-1.82,0.0,0.0,12.54,9.57,,
2025/07/15,193,NMB50,34.72,10.62,10.75,10.62,10.73,10.70,0.03,0.0,10.67,"1,800.00",10.81,"19,197.00",6,-0.08,0.13,-0.74,1.22,0.61,12.54,9.57,,
2025/07/16,202,NMB50,35.62,10.65,10.7,10.65,10.69,10.69,0.0,0.0,10.68,600.00,10.73,"6,408.00",4,-0.04,0.05,-0.37,0.47,0.09,12.54,9.57,,
2025/07/17,184,NMB50,42.22,10.9,11.02,10.76,11.02,11.02,0.0,0.0,10.92,"26,200.00",10.69,"286,131.00",9,0.33,0.26,3.09,2.42,0.9,12.54,9.57,,
2025/07/20,189,NMB50,35.0,11.24,11.24,11.08,11.08,11.08,0.0,0.0,11.11,"102,260.00",11.02,"1,135,782.46",13,0.06,0.16,0.54,1.44,-0.24,12.54,9.57,,
2025/07/21,184,NMB50,37.63,11.3,11.3,11.05,11.08,11.08,0.0,0.0,11.10,"50,380.00",11.08,"559,120.00",8,0.0,0.25,0.0,2.26,-0.16,12.54,9.57,,
2025/07/22,191,NMB50,45.5,11.1,11.2,11.0,11.2,11.20,0.0,0.0,11.03,"100,850.00",11.08,"1,112,631.00",19,0.12,0.2,1.08,1.82,1.5,12.54,9.57,,
2025/07/23,189,NMB50,40.06,11.23,11.27,11.15,11.21,11.21,0.0,0.0,11.20,"17,268.00",11.20,"193,385.26",12,0.01,0.12,0.09,1.08,0.1,12.54,9.57,,
2025/07/24,198,NMB50,39.86,11.21,11.65,11.21,11.65,11.65,0.0,0.0,11.40,"28,112.00",11.21,"320,599.66",13,0.44,0.44,3.93,3.93,2.11,12.54,9.57,,
2025/07/27,194,NMB50,45.94,11.45,11.66,11.44,11.65,11.66,-0.01,0.0,11.60,"224,215.00",11.65,"2,600,930.90",24,0.0,0.22,0.0,1.92,0.43,12.54,9.57,,
2025/07/28,191,NMB50,38.23,11.43,11.5,11.42,11.5,11.50,0.0,0.0,11.45,"4,400.00",11.65,"50,364.50",10,-0.15,0.08,-1.29,0.7,0.47,12.54,9.57,,
2025/06/12,186,NMB50,38.61,10.69,10.99,10.69,10.99,10.99,0.0,0.0,10.98,"20,650.00",10.78,"226,680.00",6,0.21,0.3,1.95,2.81,0.12,12.54,9.44,,
2025/06/15,187,NMB50,23.92,10.79,10.79,10.79,10.79,10.79,0.0,0.0,10.79,"2,892.00",10.99,"31,204.68",2,-0.2,0.0,-1.82,0.0,0.0,12.54,9.44,,
2025/06/16,194,NMB50,36.77,10.7,10.8,10.6,10.65,10.65,0.0,0.0,10.66,"52,962.00",10.79,"564,517.80",9,-0.14,0.2,-1.3,1.89,-0.08,12.54,9.44,,
2025/06/17,181,NMB50,33.38,10.6,10.6,10.49,10.49,10.49,0.0,0.0,10.52,"29,200.00",10.65,"307,052.00",9,-0.16,0.11,-1.5,1.05,-0.24,12.54,9.44,,
2025/06/18,187,NMB50,27.4,10.52,10.69,10.52,10.69,10.69,0.0,0.0,10.67,"12,600.00",10.49,"134,492.00",4,0.2,0.17,1.91,1.62,0.15,12.54,9.44,,
2025/06/19,188,NMB50,29.74,10.52,10.65,10.49,10.49,10.49,0.0,0.0,10.51,"26,400.00",10.69,"277,360.00",8,-0.2,0.16,-1.87,1.53,-0.15,12.54,9.44,,
2025/06/23,193,NMB50,32.7,10.69,10.69,10.29,10.4,10.40,0.0,0.0,10.32,"152,950.00",10.49,"1,578,712.50",22,-0.09,0.40,-0.86,3.89,0.75,12.54,9.44,,
2025/06/24,191,NMB50,30.19,10.6,10.6,10.3,10.3,10.30,0.0,0.0,10.36,"74,350.00",10.40,"769,966.00",17,-0.10,0.30,-0.96,2.91,-0.54,12.54,9.57,,
2025/06/25,187,NMB50,31.78,10.5,10.5,10.3,10.41,10.30,0.11,0.01,10.38,"150,700.00",10.30,"1,564,701.82",35,0.11,0.2,1.07,1.94,0.26,12.54,9.57,,
2025/06/26,192,NMB50,27.71,10.05,10.25,10.05,10.25,10.25,0.0,0.0,10.21,"1,000.00",10.05,"10,214.00",2,0.2,0.2,1.99,1.99,0.35,12.03,9.57,10.73,10.61
2025/06/29,195,NMB50,33.55,10.31,10.55,10.29,10.48,10.36,0.12,0.01,10.31,"531,713.00",10.37,"5,484,269.75",17,0.11,0.26,1.06,2.53,1.58,12.54,9.57,,
2025/06/30,190,NMB50,38.6,10.6,10.6,10.45,10.55,10.55,0.0,0.0,10.55,"6,570.00",10.48,"69,310.50",5,0.07,0.15,0.67,1.44,0.0,12.54,9.57,,
2025/07/01,185,NMB50,38.9,10.36,10.54,10.36,10.54,10.54,0.0,0.0,10.52,"2,300.00",10.55,"24,188.00",4,-0.01,0.18,-0.09,1.74,0.22,12.54,9.57,,
2025/07/02,188,NMB50,45.58,10.54,10.55,10.38,10.5,10.50,0.0,0.0,10.45,"225,624.00",10.54,"2,357,720.50",43,-0.04,0.17,-0.38,1.64,0.48,12.54,9.57,,
2025/07/03,186,NMB50,44.84,10.42,10.5,10.34,10.4,10.40,0.0,0.0,10.36,"286,180.00",10.50,"2,965,771.52",45,-0.1,0.16,-0.95,1.55,0.35,12.54,9.57,,
2025/05/18,184,NMB50,26.61,10.81,10.81,10.6,10.81,10.81,0.0,0.0,10.64,"10,500.00",10.81,"111,748.38",10,0.0,0.21,0.0,1.98,1.55,12.54,8.95,,
2025/05/20,185,NMB50,22.82,10.6,10.98,10.58,10.58,10.58,0.0,0.0,10.80,"4,800.00",10.81,"51,826.00",4,-0.23,0.4,-2.13,3.78,-2.05,12.54,9.44,,
2025/05/21,192,NMB50,27.71,10.05,10.25,10.05,10.25,10.25,0.0,0.0,10.21,"1,000.00",10.05,"10,214.00",2,0.2,0.2,1.99,1.99,0.35,12.03,9.57,10.73,10.61
2025/05/22,188,NMB50,26.61,10.35,10.76,10.35,10.55,10.55,0.0,0.0,10.55,"9,033.00",10.56,"95,310.65",12,-0.01,0.41,-0.09,3.96,-0.01,12.54,9.44,,
2025/05/25,187,NMB50,27.16,10.35,10.5,10.34,10.5,10.50,0.0,0.0,10.35,"14,300.00",10.55,"147,939.00",7,-0.05,0.16,-0.47,1.55,1.47,12.54,9.44,,
2025/05/26,206,NMB50,19.75,10.4,10.4,10.35,10.4,10.40,0.0,0.0,10.39,"1,000.00",10.50,"10,387.00",4,-0.1,0.05,-0.95,0.48,0.12,12.54,9.44,,
2025/05/27,190,NMB50,28.27,10.4,10.5,10.4,10.5,10.50,0.0,0.0,10.41,700.00,10.40,"7,290.00",4,0.1,0.1,0.96,0.96,0.82,12.54,9.44,,
2025/05/28,191,NMB50,24.63,10.3,10.5,10.3,10.5,10.50,0.0,0.0,10.48,"1,100.00",10.50,"11,530.00",2,0.0,0.2,0.0,1.94,0.17,12.54,9.44,,
2025/06/02,187,NMB50,28.83,10.35,10.55,10.35,10.55,10.55,0.0,0.0,10.45,"2,050.00",10.50,"21,414.50",5,0.05,0.20,0.48,1.93,0.98,12.54,9.44,,
2025/06/03,188,NMB50,41.74,10.34,10.81,10.34,10.6,10.60,0.0,0.0,10.58,"6,900.00",10.55,"73,002.00",8,0.05,0.47,0.47,4.55,0.19,12.54,9.44,,
2025/06/04,186,NMB50,44.52,10.4,11.0,10.39,10.9,10.90,0.0,0.0,10.46,"15,924.00",10.60,"166,612.96",8,0.3,0.61,2.83,5.87,4.01,12.54,9.44,,
2025/06/05,185,NMB50,33.1,10.69,10.69,10.48,10.5,10.50,0.0,0.0,10.52,"1,000.00",10.90,"10,517.00",6,-0.4,0.21,-3.67,2.0,-0.16,12.54,9.44,,
2025/06/08,188,NMB50,42.66,10.71,10.92,10.7,10.92,10.92,0.0,0.0,10.75,"6,400.00",10.50,"68,806.00",7,0.42,0.22,4.0,2.06,1.55,12.54,9.44,,
2025/06/09,193,NMB50,49.11,10.75,10.75,10.73,10.73,10.73,0.0,0.0,10.74,"14,700.00",10.92,"157,825.00",5,-0.19,0.02,-1.74,0.19,-0.06,12.54,9.44,,
2025/06/10,186,NMB50,38.85,10.55,10.97,10.55,10.97,10.97,0.0,0.0,10.62,"1,000.00",10.73,"10,615.00",5,0.24,0.42,2.24,3.98,3.24,12.54,9.44,,
2024/08/12,203,NMB50,52.97,11.42,11.5,10.99,11.5,11.50,0.0,0.0,11.34,"11,400.00",11.20,"129,221.00",24,0.3,0.51,2.68,4.64,1.43,12.29,8.71,,
2024/09/09,200,NMB50,39.27,12.0,12.0,11.08,11.53,11.53,0.0,0.0,11.34,"43,600.00",11.81,"494,537.85",15,-0.28,0.92,-2.37,8.3,1.63,12.54,8.71,,
2024/10/07,183,NMB50,-,10.45,10.45,10.11,10.2,10.20,0.0,0.0,10.20,"11,620.00",10.30,"118,549.20",4,-0.10,0.34,-0.97,3.36,-0.02,12.54,8.71,,
2024/11/10,194,NMB50,-,10.35,10.76,10.34,10.55,10.55,0.0,0.0,10.42,"16,254.00",10.34,"169,298.20",18,0.21,0.42,2.03,4.06,1.27,12.54,8.71,,
2024/12/04,189,NMB50,42.79,10.86,10.86,10.66,10.8,10.80,0.0,0.0,10.77,"93,650.00",10.65,"1,008,718.00",19,0.15,0.2,1.41,1.88,0.27,12.54,8.71,,
2025/01/01,180,NMB50,42.25,10.13,10.13,10.13,10.13,10.13,0.0,0.0,10.13,500.00,10.32,"5,065.00",1,-0.19,0.0,-1.84,0.0,0.0,12.54,8.95,,
2025/01/27,188,NMB50,43.09,10.03,10.15,10.0,10.1,10.10,0.0,0.0,10.10,"675,159.00",10.20,"6,818,033.15",21,-0.10,0.15,-0.98,1.5,0.02,12.54,8.95,,
2025/02/24,187,NMB50,31.53,10.13,10.5,10.13,10.4,10.40,0.0,0.0,10.43,"18,560.00",10.32,"193,598.70",13,0.08,0.37,0.78,3.65,-0.3,12.54,8.95,,
2025/03/23,194,NMB50,39.16,10.2,10.55,10.16,10.55,10.55,0.0,0.0,10.43,"31,710.00",10.15,"330,600.50",14,0.4,0.39,3.94,3.84,1.18,12.54,8.95,,
2025/04/20,197,NMB50,33.49,10.7,10.75,10.59,10.6,10.60,0.0,0.0,10.63,"12,515.00",10.60,"132,999.50",7,0.00,0.16,0.0,1.51,-0.26,12.54,8.95,,
2025/05/15,189,NMB50,18.94,10.6,10.81,10.6,10.81,10.81,0.0,0.0,10.72,265.00,10.79,"2,840.50",2,0.02,0.21,0.19,1.98,0.84,12.54,8.95,,
2025/06/11,185,NMB50,22.43,10.76,10.9,10.76,10.78,10.78,0.0,0.0,10.79,790.00,10.97,"8,526.00",4,-0.19,0.14,-1.73,1.3,-0.12,12.54,9.44,,
2025/07/06,191,NMB50,42.12,10.55,10.72,10.46,10.51,10.72,-0.21,-0.02,10.53,"43,893.00",10.40,"462,143.65",11,0.11,0.26,1.06,2.49,-0.18,12.54,9.57,,
2025/07/29,193,NMB50,40.84,11.65,11.88,11.5,11.5,11.50,0.0,0.0,11.65,"43,692.00",11.50,"509,088.96",26,0.0,0.38,0.0,3.3,-1.32,12.54,9.57,,
2025/08/24,193,NMB50,46.75,11.3,11.5,11.03,11.37,11.37,0.0,0.0,11.31,"199,300.00",11.25,"2,254,178.60",34,0.12,0.47,1.07,4.26,0.52,12.54,9.57,,
2025/04/21,192,NMB50,39.59,10.46,10.95,10.45,10.95,10.95,0.0,0.0,10.77,"12,555.00",10.60,"135,256.95",11,0.35,0.5,3.3,4.78,1.62,12.54,8.95,,
2025/04/22,193,NMB50,34.69,10.74,11.16,10.74,10.94,10.94,0.0,0.0,11.10,"7,425.00",10.95,"82,382.50",15,-0.01,0.42,-0.09,3.91,-1.42,12.54,8.95,,
2025/04/23,184,NMB50,37.93,10.75,10.75,10.54,10.75,10.75,0.0,0.0,10.74,"2,084.00",10.94,"22,372.16",4,-0.19,0.21,-1.74,1.99,0.14,12.54,8.95,,
2025/04/24,184,NMB50,39.26,10.85,11.0,10.64,10.78,10.78,0.0,0.0,10.86,"11,000.00",10.75,"119,408.00",10,0.03,0.36,0.28,3.38,-0.7,12.54,8.95,,
2025/04/27,188,NMB50,35.39,10.85,10.85,10.75,10.75,10.75,0.0,0.0,10.80,"7,984.00",10.78,"86,241.40",4,-0.03,0.1,-0.28,0.93,-0.48,12.54,8.95,,
2025/04/28,194,NMB50,28.23,10.54,10.75,10.54,10.62,10.62,0.0,0.0,10.70,"11,600.00",10.75,"124,102.00",6,-0.13,0.21,-1.21,1.99,-0.74,12.54,8.95,,
2025/04/29,186,NMB50,20.62,10.83,10.83,10.62,10.63,10.62,0.01,0.0,10.68,"1,944.00",10.62,"20,756.28",4,0.01,0.21,0.09,1.98,-0.44,12.54,8.95,,
2025/04/30,191,NMB50,27.65,10.51,10.71,10.5,10.55,10.55,0.0,0.0,10.53,"22,400.00",10.63,"235,782.40",12,-0.08,0.21,-0.75,2.0,0.23,12.54,8.95,,
2025/05/04,192,NMB50,31.82,10.7,10.75,10.54,10.56,10.54,0.02,0.0,10.66,"63,764.00",10.55,"679,922.00",14,0.01,0.21,0.09,1.99,-0.98,12.54,8.95,,
2025/05/05,189,NMB50,30.52,10.77,10.77,10.57,10.6,10.60,0.0,0.0,10.71,"21,096.00",10.56,"225,846.97",7,0.04,0.2,0.38,1.89,-1.0,12.54,8.95,,
2025/05/06,194,NMB50,22.6,10.5,10.58,10.5,10.58,10.58,0.0,0.0,10.51,"1,300.00",10.60,"13,666.00",3,-0.02,0.08,-0.19,0.76,0.64,12.54,8.95,,
2025/05/07,182,NMB50,36.56,10.41,10.79,10.41,10.79,10.79,0.0,0.0,10.74,"8,957.00",10.58,"96,238.21",9,0.21,0.38,1.98,3.65,0.42,12.54,8.95,,
2025/05/08,184,NMB50,40.45,11.0,11.0,10.78,10.99,10.99,0.0,0.0,10.97,"2,385.00",10.79,"26,165.65",7,0.2,0.22,1.85,2.04,0.17,12.54,8.95,,
2025/05/13,186,NMB50,35.22,10.98,10.98,10.69,10.79,10.80,-0.01,0.0,10.90,"4,876.00",10.99,"53,171.98",11,-0.2,0.29,-1.82,2.71,-1.06,12.54,8.95,,
2025/05/14,193,NMB50,32.28,10.67,10.79,10.67,10.79,10.79,0.0,0.0,10.76,"7,475.00",10.79,"80,435.25",4,0.0,0.12,0.0,1.12,0.27,12.54,8.95,,
2025/03/24,199,NMB50,36.29,10.34,10.34,10.34,10.34,10.34,0.0,0.0,10.34,"4,400.00",10.55,"45,496.00",2,-0.21,0.0,-1.99,0.0,0.0,12.54,8.95,,
2025/03/25,197,NMB50,22.58,10.3,10.3,10.25,10.25,10.25,0.0,0.0,10.29,"30,400.00",10.34,"312,700.00",5,-0.09,0.05,-0.87,0.49,-0.35,12.54,8.95,,
2025/03/26,192,NMB50,27.71,10.05,10.25,10.05,10.25,10.25,0.0,0.0,10.21,"1,000.00",10.05,"10,214.00",2,0.2,0.2,1.99,1.99,0.35,12.03,9.57,10.73,10.61
2025/03/27,187,NMB50,33.83,10.35,10.35,10.25,10.35,10.35,0.0,0.0,10.32,"3,500.00",10.24,"36,135.00",6,0.11,0.1,1.07,0.98,0.25,12.54,8.95,,
2025/03/30,192,NMB50,14.81,10.21,10.45,10.2,10.41,10.41,0.0,0.0,10.28,"2,205.00",10.35,"22,665.25",8,0.06,0.25,0.58,2.45,1.26,12.54,8.95,,
2025/04/01,197,NMB50,30.62,10.41,10.41,10.41,10.41,10.41,0.0,0.0,10.41,100.00,10.41,"1,041.00",1,0.00,0.00,0.0,0.0,0.0,12.54,8.95,,
2025/04/02,193,NMB50,41.74,10.26,11.25,10.26,10.6,10.60,0.0,0.0,10.69,"76,995.00",10.41,"823,352.25",34,0.19,0.99,1.83,9.65,-0.88,12.54,8.95,,
2025/04/03,196,NMB50,34.48,10.4,10.4,10.4,10.4,10.40,0.0,0.0,10.40,100.00,10.60,"1,040.00",1,-0.20,0.0,-1.89,0.0,0.0,12.54,8.95,,
2025/04/07,196,NMB50,19.43,10.23,10.25,10.23,10.25,10.25,0.0,0.0,10.24,"2,826.00",10.40,"28,929.98",2,-0.15,0.02,-1.44,0.2,0.13,12.54,8.95,,
2025/04/08,197,NMB50,27.03,10.45,10.45,10.45,10.45,10.45,0.0,0.0,10.45,100.00,10.25,"1,045.00",1,0.20,0.00,1.95,0.0,0.0,12.54,8.95,,
2025/04/09,194,NMB50,25.08,10.65,10.65,10.45,10.63,10.63,0.0,0.0,10.64,"3,200.00",10.45,"34,056.00",4,0.18,0.20,1.72,1.91,-0.12,12.54,8.95,,
2025/04/10,195,NMB50,28.63,10.42,10.6,10.35,10.4,10.40,0.0,0.0,10.41,"13,600.00",10.63,"141,581.00",8,-0.23,0.25,-2.16,2.42,-0.1,12.54,8.95,,
2025/04/13,193,NMB50,42.33,10.4,10.42,10.02,10.42,10.42,0.0,0.0,10.31,"53,397.00",10.40,"550,418.94",19,0.02,0.4,0.19,3.99,1.07,12.54,8.95,,
2025/04/15,195,NMB50,34.14,10.25,10.62,10.25,10.62,10.62,0.0,0.0,10.59,"3,600.00",10.42,"38,114.00",6,0.2,0.37,1.92,3.61,0.31,12.54,8.95,,
2025/04/16,197,NMB50,17.3,10.62,10.62,10.55,10.55,10.55,0.0,0.0,10.56,881.00,10.62,"9,304.70",2,-0.07,0.07,-0.66,0.66,-0.11,12.54,8.95,,
2025/04/17,189,NMB50,36.43,10.55,10.6,10.42,10.6,10.60,0.0,0.0,10.58,"6,897.00",10.55,"72,980.23",8,0.05,0.18,0.47,1.73,0.18,12.54,8.95,,
2025/02/25,188,NMB50,32.9,10.4,10.5,10.4,10.5,10.50,0.0,0.0,10.42,"14,300.00",10.40,"149,065.00",11,0.1,0.10,0.96,0.96,0.72,12.54,8.95,,
2025/02/27,180,NMB50,24.45,10.31,10.5,10.31,10.4,10.40,0.0,0.0,10.40,"1,050.00",10.50,"10,920.00",5,-0.10,0.19,-0.95,1.84,0.0,12.54,8.95,,
2025/03/02,182,NMB50,46.27,10.6,10.81,10.39,10.39,10.39,0.0,0.0,10.57,"31,683.00",10.40,"334,946.87",12,-0.01,0.42,-0.1,4.04,-1.75,12.54,8.95,,
2025/03/03,179,NMB50,47.9,10.39,10.8,10.39,10.6,10.60,0.0,0.0,10.51,"25,967.00",10.39,"273,004.90",11,0.21,0.41,2.02,3.95,0.82,12.54,8.95,,
2025/03/04,193,NMB50,39.92,10.4,10.81,10.3,10.5,10.50,0.0,0.0,10.52,"29,456.00",10.60,"309,919.20",18,-0.1,0.51,-0.94,4.95,-0.2,12.54,8.95,,
2025/03/05,188,NMB50,33.79,10.29,10.35,10.15,10.3,10.30,0.0,0.0,10.23,"57,000.00",10.50,"583,357.00",20,-0.2,0.2,-1.9,1.97,0.64,12.54,8.95,,
2025/03/06,186,NMB50,37.36,10.4,10.5,10.32,10.35,10.35,0.0,0.0,10.49,"104,000.00",10.30,"1,090,738.00",21,0.05,0.18,0.49,1.74,-1.33,12.54,8.95,,
2025/03/09,191,NMB50,30.92,10.36,10.36,10.15,10.35,10.35,0.0,0.0,10.33,"1,100.00",10.35,"11,367.00",5,0.0,0.21,0.0,2.07,0.16,12.54,8.95,,
2025/03/10,184,NMB50,30.75,10.35,10.45,10.13,10.33,10.33,0.0,0.0,10.36,"19,900.00",10.35,"206,082.50",16,-0.02,0.32,-0.19,3.16,-0.25,12.54,8.95,,
2025/03/11,185,NMB50,39.27,10.3,10.5,10.3,10.5,10.50,0.0,0.0,10.31,"3,200.00",10.33,"32,992.00",6,0.17,0.2,1.65,1.94,1.81,12.54,8.95,,
2025/03/16,189,NMB50,32.97,10.36,10.38,10.29,10.29,10.29,0.0,0.0,10.38,"533,204.00",10.50,"5,532,947.20",13,-0.21,0.09,-2.0,0.87,-0.84,12.54,8.95,,
2025/03/17,204,NMB50,30.31,10.3,10.3,10.21,10.3,10.30,0.0,0.0,10.29,"2,800.00",10.29,"28,822.00",5,0.01,0.09,0.1,0.88,0.06,12.54,8.95,,
2025/03/18,185,NMB50,23.34,10.4,10.45,10.4,10.45,10.45,0.0,0.0,10.43,"10,800.00",10.30,"112,695.00",5,0.15,0.05,1.46,0.48,0.15,12.54,8.95,,
2025/03/19,186,NMB50,26.34,10.54,10.7,10.25,10.25,10.25,0.0,0.0,10.52,"45,650.00",10.45,"480,110.00",21,-0.20,0.45,-1.91,4.39,-2.61,12.54,8.95,,
2025/03/20,190,NMB50,29.0,10.17,10.44,10.06,10.15,10.06,0.09,0.01,10.22,"123,300.00",10.25,"1,259,796.00",28,-0.1,0.38,-0.98,3.78,-0.66,12.54,8.95,,
2025/01/28,195,NMB50,41.91,10.1,10.22,10.1,10.22,10.22,0.0,0.0,10.20,"6,010.00",10.10,"61,318.20",5,0.12,0.12,1.19,1.19,0.17,12.54,8.95,,
2025/02/02,195,NMB50,45.1,10.05,10.62,10.05,10.62,10.62,0.0,0.0,10.30,"50,160.00",10.22,"516,705.84",18,0.4,0.57,3.91,5.67,3.0,12.54,8.95,,
2025/02/03,193,NMB50,43.25,10.5,10.59,10.45,10.59,10.59,0.0,0.0,10.45,"7,550.00",10.62,"78,924.00",7,-0.03,0.14,-0.28,1.34,1.29,12.54,8.95,,
2025/02/04,185,NMB50,44.33,10.6,10.6,10.5,10.5,10.50,0.0,0.0,10.57,600.00,10.59,"6,340.00",3,-0.09,0.10,-0.85,0.95,-0.63,12.54,8.95,,
2025/02/05,186,NMB50,37.09,10.65,10.65,10.16,10.36,10.36,0.0,0.0,10.38,"12,150.00",10.50,"126,085.50",6,-0.14,0.49,-1.33,4.82,-0.17,12.54,8.95,,
2025/02/06,186,NMB50,26.61,10.16,10.2,9.98,10.19,10.19,0.0,0.0,10.12,"16,526.00",10.36,"167,193.16",10,-0.17,0.22,-1.64,2.2,0.72,12.54,8.95,,
2025/02/09,181,NMB50,30.61,10.07,10.25,10.05,10.15,10.15,0.0,0.0,10.09,"32,080.00",10.19,"323,709.00",19,-0.04,0.2,-0.39,1.99,0.58,12.54,8.95,,
2025/02/10,193,NMB50,21.87,10.15,10.45,10.15,10.45,10.45,0.0,0.0,10.34,780.00,10.15,"8,062.00",5,0.30,0.30,2.96,2.96,1.09,12.54,8.95,,
2025/02/11,177,NMB50,46.64,10.64,11.29,10.64,11.29,11.29,0.0,0.0,11.02,"26,798.00",10.45,"295,244.33",10,0.84,0.65,8.04,6.11,2.41,12.54,8.95,,
2025/02/12,187,NMB50,35.1,11.07,11.22,10.39,10.39,10.39,0.0,0.0,11.05,"29,027.00",11.29,"320,768.44",17,-0.9,0.83,-7.97,7.99,-6.36,12.54,8.95,,
2025/02/13,192,NMB50,27.71,10.05,10.25,10.05,10.25,10.25,0.0,0.0,10.21,"1,000.00",10.05,"10,214.00",2,0.2,0.2,1.99,1.99,0.35,12.03,9.57,10.73,10.61
2025/02/16,186,NMB50,37.75,10.5,10.5,10.31,10.31,10.31,0.0,0.0,10.37,"2,300.00",10.40,"23,844.00",7,-0.09,0.19,-0.87,1.84,-0.55,12.54,8.95,,
2025/02/17,178,NMB50,21.84,10.13,10.38,10.13,10.38,10.38,0.0,0.0,10.23,"11,107.00",10.31,"113,660.30",13,0.07,0.25,0.68,2.47,1.41,12.54,8.95,,
2025/02/18,188,NMB50,22.77,10.21,10.41,10.21,10.41,10.41,0.0,0.0,10.22,"10,900.00",10.38,"111,452.00",8,0.03,0.2,0.29,1.96,1.78,12.54,8.95,,
2025/02/20,185,NMB50,35.84,10.21,10.5,10.01,10.45,10.45,0.0,0.0,10.42,"111,990.00",10.41,"1,166,901.00",18,0.04,0.49,0.38,4.9,0.29,12.54,8.95,,
2025/02/23,200,NMB50,32.02,10.25,10.48,10.25,10.32,10.32,0.0,0.0,10.42,"27,998.00",10.45,"291,778.44",12,-0.13,0.23,-1.24,2.24,-0.98,12.54,8.95,,
2025/01/02,191,NMB50,37.76,10.25,10.25,10.25,10.25,10.25,0.0,0.0,10.25,110.00,10.13,"1,127.50",1,0.12,0.00,1.18,0.0,0.0,12.54,8.95,,
2025/01/05,199,NMB50,29.43,10.3,10.3,10.05,10.05,10.05,0.0,0.0,10.11,"11,820.00",10.25,"119,494.00",9,-0.2,0.25,-1.95,2.49,-0.59,12.54,8.95,,
2025/01/06,186,NMB50,35.4,10.05,10.21,10.0,10.15,10.15,0.0,0.0,10.11,"24,205.00",10.05,"244,830.05",11,0.1,0.21,1.0,2.1,0.35,12.54,8.95,,
2025/01/07,180,NMB50,33.81,10.13,10.4,10.12,10.4,10.40,0.0,0.0,10.16,"2,900.00",10.15,"29,464.00",4,0.25,0.28,2.46,2.77,2.31,12.54,8.95,,
2025/01/08,181,NMB50,32.32,10.2,10.2,10.2,10.2,10.20,0.0,0.0,10.20,"1,865.00",10.40,"19,023.00",4,-0.2,0.00,-1.92,0.0,0.0,12.54,8.95,,
2025/01/09,183,NMB50,34.47,10.4,10.4,10.37,10.37,10.37,0.0,0.0,10.40,700.00,10.20,"7,277.00",3,0.17,0.03,1.67,0.29,-0.25,12.54,8.95,,
2025/01/12,182,NMB50,29.6,10.2,10.2,10.01,10.02,10.02,0.0,0.0,10.04,716.00,10.37,"7,190.20",3,-0.35,0.19,-3.38,1.9,-0.22,12.54,8.95,,
2025/01/13,195,NMB50,33.16,10.21,10.21,10.12,10.13,10.13,0.0,0.0,10.18,620.00,10.02,"6,313.20",4,0.11,0.09,1.1,0.89,-0.52,12.54,8.95,,
2025/01/15,176,NMB50,37.07,10.1,10.41,10.1,10.1,10.10,0.0,0.0,10.26,"2,300.00",10.13,"23,609.20",9,-0.03,0.31,-0.3,3.07,-1.63,12.54,8.95,,
2025/01/16,179,NMB50,31.11,10.1,10.3,10.1,10.3,10.30,0.0,0.0,10.28,"2,054.00",10.10,"21,116.20",6,0.20,0.20,1.98,1.98,0.19,12.54,8.95,,
2025/01/19,192,NMB50,40.95,10.1,10.3,10.1,10.29,10.29,0.0,0.0,10.15,"16,252.00",10.30,"164,927.88",14,-0.01,0.20,-0.1,1.98,1.38,12.54,8.95,,
2025/01/20,189,NMB50,30.57,10.29,10.29,10.11,10.11,10.11,0.0,0.0,10.25,"1,700.00",10.29,"17,421.00",6,-0.18,0.18,-1.75,1.78,-1.36,12.54,8.95,,
2025/01/21,186,NMB50,36.01,10.1,10.21,10.0,10.0,10.00,0.0,0.0,10.01,"66,170.00",10.11,"662,677.50",18,-0.11,0.21,-1.09,2.1,-0.15,12.54,8.95,,
2025/01/22,194,NMB50,45.93,9.95,10.23,9.91,10.23,10.23,0.0,0.0,10.03,"93,200.00",10.00,"935,176.00",18,0.23,0.32,2.3,3.23,1.92,12.54,8.95,,
2025/01/23,191,NMB50,26.97,10.43,10.43,10.03,10.03,10.03,0.0,0.0,10.22,"13,900.00",10.23,"142,055.00",8,-0.20,0.40,-1.96,3.99,-1.89,12.54,8.95,,
2025/01/26,191,NMB50,22.51,10.02,10.2,10.01,10.2,10.20,0.0,0.0,10.17,"4,765.00",10.03,"48,477.65",4,0.17,0.19,1.69,1.9,0.26,12.54,8.95,,
2024/12/05,185,NMB50,23.53,10.61,10.7,10.61,10.61,10.61,0.0,0.0,10.63,"1,100.00",10.80,"11,689.00",7,-0.19,0.09,-1.76,0.85,-0.15,12.54,8.71,,
2024/12/08,191,NMB50,39.42,10.4,10.82,10.38,10.71,10.71,0.0,0.0,10.71,"11,047.00",10.61,"118,354.94",12,0.1,0.44,0.94,4.24,-0.04,12.54,8.71,,
2024/12/09,193,NMB50,27.05,10.84,10.84,10.45,10.45,10.45,0.0,0.0,10.63,"15,951.00",10.71,"169,553.76",5,-0.26,0.39,-2.43,3.73,-1.72,12.54,8.71,,
2024/12/10,180,NMB50,45.29,10.46,10.87,10.46,10.87,10.87,0.0,0.0,10.66,"34,560.00",10.45,"368,274.00",12,0.42,0.41,4.02,3.92,1.97,12.54,8.71,,
2024/12/11,184,NMB50,38.67,10.7,10.88,10.7,10.88,10.88,0.0,0.0,10.87,"35,402.00",10.87,"384,728.80",11,0.01,0.18,0.09,1.68,0.12,12.54,8.71,,
2024/12/12,181,NMB50,39.01,10.75,10.88,10.75,10.88,10.88,0.0,0.0,10.79,"7,000.00",10.88,"75,510.00",3,0.0,0.13,0.0,1.21,0.85,12.54,8.71,,
2024/12/16,179,NMB50,30.48,10.67,10.67,10.46,10.46,10.46,0.0,0.0,10.48,"11,300.00",10.88,"118,448.70",16,-0.42,0.21,-3.86,2.01,-0.21,12.54,8.71,,
2024/12/17,192,NMB50,32.67,10.46,10.7,10.46,10.7,10.70,0.0,0.0,10.58,"177,042.00",10.46,"1,873,482.90",11,0.24,0.24,2.29,2.29,1.1,12.54,8.71,,
2024/12/18,188,NMB50,25.79,10.5,10.5,10.31,10.31,10.31,0.0,0.0,10.49,"2,300.00",10.70,"24,129.00",3,-0.39,0.19,-3.64,1.84,-1.75,12.54,8.71,,
2024/12/19,183,NMB50,25.02,10.3,10.67,10.3,10.67,10.67,0.0,0.0,10.44,"5,100.00",10.31,"53,235.00",4,0.36,0.37,3.49,3.59,2.17,12.54,8.71,,
2024/12/22,191,NMB50,25.0,10.75,10.75,10.5,10.71,10.71,0.0,0.0,10.70,"2,500.00",10.67,"26,745.00",4,0.04,0.25,0.37,2.38,0.11,12.54,8.71,,
2024/12/23,194,NMB50,43.08,10.65,10.65,10.4,10.6,10.60,0.0,0.0,10.51,"22,000.00",10.71,"231,270.50",13,-0.11,0.25,-1.03,2.4,0.83,12.54,8.71,,
2024/12/24,189,NMB50,32.62,10.39,10.41,10.01,10.01,10.01,0.0,0.0,10.14,"390,660.00",10.60,"3,961,928.90",48,-0.59,0.40,-5.57,4.0,-1.31,12.54,8.71,,
2024/12/26,183,NMB50,31.09,10.21,10.5,10.1,10.15,10.15,0.0,0.0,10.21,"169,329.00",10.01,"1,728,241.30",27,0.14,0.4,1.4,3.96,-0.56,12.54,8.95,,
2024/12/29,189,NMB50,24.13,10.15,10.21,10.15,10.21,10.21,0.0,0.0,10.18,"12,500.00",10.15,"127,295.00",3,0.06,0.06,0.59,0.59,0.26,12.54,8.95,,
2024/12/31,188,NMB50,43.85,10.01,10.41,10.01,10.32,10.32,0.0,0.0,10.15,"36,948.00",10.21,"374,991.36",11,0.11,0.40,1.08,4.0,1.66,12.54,8.95,,
2024/11/11,180,NMB50,-,10.4,10.55,10.4,10.55,10.55,0.0,0.0,10.47,"22,700.00",10.55,"237,655.00",10,0.0,0.15,0.0,1.44,0.76,12.54,8.71,,
2024/11/12,185,NMB50,-,10.35,10.67,10.34,10.54,10.54,0.0,0.0,10.51,"43,791.00",10.55,"460,052.32",17,-0.01,0.33,-0.09,3.19,0.33,12.54,8.71,,
2024/11/13,184,NMB50,42.52,10.6,10.8,10.55,10.55,10.55,0.0,0.0,10.77,"126,180.00",10.54,"1,358,408.00",11,0.01,0.25,0.09,2.37,-2.04,12.54,8.71,,
2024/11/14,192,NMB50,36.53,10.4,10.57,10.21,10.4,10.40,0.0,0.0,10.39,"53,554.00",10.55,"556,409.34",13,-0.15,0.36,-1.42,3.53,0.1,12.54,8.71,,
2024/11/17,196,NMB50,38.89,10.4,10.6,10.31,10.5,10.50,0.0,0.0,10.52,"43,860.00",10.40,"461,496.00",13,0.1,0.29,0.96,2.81,-0.21,12.54,8.71,,
2024/11/19,185,NMB50,52.49,10.55,10.76,10.55,10.74,10.74,0.0,0.0,10.59,"137,900.00",10.50,"1,459,913.50",17,0.24,0.21,2.29,1.99,1.43,12.54,8.71,,
2024/11/20,195,NMB50,46.75,10.74,10.74,10.54,10.74,10.74,0.0,0.0,10.74,"40,200.00",10.74,"431,708.00",8,0.0,0.2,0.0,1.9,0.01,12.54,8.71,,
2024/11/21,184,NMB50,44.96,10.74,10.95,10.55,10.7,10.70,0.0,0.0,10.75,"17,034.00",10.74,"183,082.30",13,-0.04,0.4,-0.37,3.79,-0.45,12.54,8.71,,
2024/11/24,192,NMB50,41.59,10.51,10.71,10.51,10.71,10.71,0.0,0.0,10.55,"17,000.00",10.70,"179,320.00",12,0.01,0.2,0.09,1.9,1.51,12.54,8.71,,
2024/11/25,182,NMB50,37.36,10.51,10.54,10.5,10.54,10.54,0.0,0.0,10.52,"28,200.00",10.71,"296,569.50",9,-0.17,0.04,-1.59,0.38,0.22,12.54,8.71,,
2024/11/26,184,NMB50,24.14,10.33,10.75,10.33,10.55,10.55,0.0,0.0,10.58,"9,300.00",10.54,"98,434.50",14,0.01,0.42,0.09,4.07,-0.33,12.54,8.71,,
2024/11/27,190,NMB50,24.93,10.6,10.7,10.6,10.7,10.70,0.0,0.0,10.63,"2,110.00",10.55,"22,427.00",5,0.15,0.1,1.42,0.94,0.66,12.54,8.71,,
2024/11/28,184,NMB50,32.71,10.49,10.69,10.49,10.69,10.69,0.0,0.0,10.69,"45,246.00",10.70,"483,559.74",9,-0.01,0.2,-0.09,1.91,0.02,12.54,8.71,,
2024/12/01,187,NMB50,20.04,10.69,10.69,10.48,10.48,10.48,0.0,0.0,10.60,635.00,10.69,"6,729.15",4,-0.21,0.21,-1.96,2.0,-1.12,12.54,8.71,,
2024/12/02,188,NMB50,29.34,10.63,10.71,10.5,10.5,10.50,0.0,0.0,10.66,"40,565.00",10.48,"432,536.50",13,0.02,0.21,0.19,2.0,-1.55,12.54,8.71,,
2024/12/03,183,NMB50,36.22,10.35,10.69,10.33,10.65,10.65,0.0,0.0,10.47,"14,681.00",10.50,"153,741.65",11,0.15,0.36,1.43,3.48,1.67,12.54,8.71,,
2024/10/08,192,NMB50,27.71,10.05,10.25,10.05,10.25,10.25,0.0,0.0,10.21,"1,000.00",10.05,"10,214.00",2,0.2,0.2,1.99,1.99,0.35,12.03,9.57,10.73,10.61
2024/10/09,176,NMB50,-,10.26,10.5,10.06,10.06,10.06,0.0,0.0,10.17,"23,545.00",10.25,"239,381.60",21,-0.19,0.44,-1.85,4.37,-1.06,12.54,8.71,,
2024/10/15,180,NMB50,-,10.26,10.46,10.26,10.46,10.46,0.0,0.0,10.45,"22,762.00",10.06,"237,806.90",6,0.40,0.20,3.98,1.95,0.12,12.54,8.71,,
2024/10/16,194,NMB50,-,10.55,10.55,10.26,10.27,10.27,0.0,0.0,10.32,"13,860.00",10.46,"143,023.00",9,-0.19,0.29,-1.82,2.83,-0.48,12.54,8.71,,
2024/10/17,192,NMB50,-,10.11,10.64,9.9,10.64,10.64,0.0,0.0,10.17,"267,320.00",10.27,"2,718,680.90",36,0.37,0.74,3.6,7.47,4.42,12.54,8.71,,
2024/10/20,188,NMB50,-,10.84,10.84,10.5,10.8,10.80,0.0,0.0,10.69,"86,950.00",10.64,"929,458.00",9,0.16,0.34,1.5,3.24,1.02,12.54,8.71,,
2024/10/21,188,NMB50,-,10.59,10.77,10.35,10.35,10.35,0.0,0.0,10.60,"29,903.00",10.80,"317,090.17",16,-0.45,0.42,-4.17,4.06,-2.45,12.54,8.71,,
2024/10/22,186,NMB50,-,10.3,10.45,10.1,10.25,10.25,0.0,0.0,10.28,"153,439.00",10.35,"1,578,081.09",23,-0.10,0.35,-0.97,3.47,-0.34,12.54,8.71,,
2024/10/23,195,NMB50,-,10.25,10.31,10.1,10.2,10.20,0.0,0.0,10.17,"16,950.00",10.25,"172,407.00",13,-0.05,0.21,-0.49,2.08,0.28,12.54,8.71,,
2024/10/24,189,NMB50,-,10.2,10.4,10.2,10.3,10.30,0.0,0.0,10.21,"10,366.00",10.20,"105,874.80",13,0.1,0.20,0.98,1.96,0.84,12.54,8.71,,
2024/10/27,188,NMB50,-,10.4,10.4,10.2,10.2,10.20,0.0,0.0,10.23,"7,136.00",10.30,"73,024.65",9,-0.1,0.2,-0.97,1.96,-0.33,12.54,8.71,,
2024/10/28,178,NMB50,-,10.3,10.3,10.3,10.3,10.30,0.0,0.0,10.30,100.00,10.20,"1,030.00",1,0.1,0.0,0.98,0.0,0.0,12.54,8.71,,
2024/10/29,193,NMB50,-,10.3,10.5,10.22,10.4,10.40,0.0,0.0,10.43,"58,775.00",10.30,"612,843.50",17,0.1,0.28,0.97,2.74,-0.26,12.54,8.71,,
2024/10/30,184,NMB50,-,10.5,10.51,10.36,10.36,10.36,0.0,0.0,10.51,"15,100.00",10.40,"158,636.00",3,-0.04,0.15,-0.38,1.45,-1.41,12.54,8.71,,
2024/11/05,181,NMB50,-,10.2,10.54,10.16,10.54,10.54,0.0,0.0,10.20,"20,919.00",10.36,"213,283.64",8,0.18,0.38,1.74,3.74,3.27,12.54,8.71,,
2024/11/06,193,NMB50,-,10.48,10.48,10.34,10.34,10.34,0.0,0.0,10.40,"8,545.00",10.54,"88,834.60",6,-0.2,0.14,-1.9,1.35,-0.54,12.54,8.71,,
2024/09/10,199,NMB50,34.68,11.6,11.62,11.4,11.5,11.50,0.0,0.0,11.53,"5,022.00",11.53,"57,919.64",11,-0.03,0.22,-0.26,1.93,-0.29,12.54,8.71,,
2024/09/11,192,NMB50,33.06,11.4,11.5,11.4,11.5,11.50,0.0,0.0,11.40,"15,500.00",11.50,"176,750.00",4,0.0,0.10,0.0,0.88,0.84,12.54,8.71,,
2024/09/12,188,NMB50,52.45,11.4,11.5,11.27,11.5,11.50,0.0,0.0,11.31,"130,250.00",11.50,"1,472,733.30",17,0.00,0.23,0.0,2.04,1.68,12.54,8.71,,
2024/09/15,197,NMB50,52.52,11.73,11.73,11.5,11.69,11.69,0.0,0.0,11.66,"35,766.00",11.50,"417,129.30",6,0.19,0.23,1.65,2.0,0.23,12.54,8.71,,
2024/09/16,186,NMB50,33.41,11.69,11.69,11.18,11.18,11.18,0.0,0.0,11.36,"34,000.00",11.69,"386,248.00",12,-0.51,0.51,-4.36,4.56,-1.61,12.54,8.71,,
2024/09/18,194,NMB50,51.03,11.0,11.5,10.8,11.5,11.50,0.0,0.0,11.07,"96,600.00",11.18,"1,069,797.00",21,0.32,0.7,2.86,6.48,3.7,12.54,8.71,,
2024/09/22,195,NMB50,57.84,11.72,12.05,11.7,11.95,11.95,0.0,0.0,11.82,"152,831.00",11.50,"1,806,461.59",60,0.45,0.35,3.91,2.99,1.09,12.54,8.71,,
2024/09/23,196,NMB50,50.7,12.15,12.15,11.51,11.85,11.85,0.0,0.0,11.83,"53,350.00",11.95,"631,264.30",27,-0.1,0.64,-0.84,5.56,0.15,12.54,8.71,,
2024/09/24,184,NMB50,49.04,11.99,12.0,11.7,11.71,11.71,0.0,0.0,11.75,"41,698.00",11.85,"490,026.80",27,-0.14,0.30,-1.18,2.56,-0.36,12.54,8.71,,
2024/09/25,195,NMB50,57.76,11.8,12.0,11.75,11.94,11.94,0.0,0.0,11.87,"136,120.00",11.71,"1,615,347.30",36,0.23,0.25,1.96,2.13,0.61,12.54,8.71,,
2024/09/26,195,NMB50,47.45,11.8,12.03,11.8,11.96,11.96,0.0,0.0,11.88,"1,635,994.00",11.94,"19,438,980.32",112,0.02,0.23,0.17,1.95,0.65,12.54,8.71,,
2024/09/29,198,NMB50,35.52,10.26,10.26,9.89,10.03,10.03,0.0,0.0,9.99,"52,459.00",10.46,"523,840.57",31,-0.43,0.37,-4.11,3.74,0.44,12.54,8.71,,
2024/09/30,190,NMB50,35.34,9.83,10.13,9.64,10.11,10.11,0.0,0.0,9.77,"21,200.00",10.03,"207,169.00",14,0.08,0.49,0.8,5.08,3.34,12.54,8.71,,
2024/10/01,186,NMB50,39.75,10.2,10.2,9.72,9.72,9.72,0.0,0.0,9.78,"155,440.00",10.11,"1,519,516.30",23,-0.39,0.48,-3.86,4.94,-0.57,12.54,8.71,,
2024/10/02,185,NMB50,38.04,9.57,10.33,9.57,9.94,9.94,0.0,0.0,9.87,"4,595.00",9.72,"45,341.60",11,0.22,0.76,2.26,7.94,0.73,12.54,8.71,,
2024/10/06,185,NMB50,-,10.1,10.3,10.0,10.3,10.30,0.0,0.0,10.05,"195,000.00",9.94,"1,960,204.10",15,0.36,0.30,3.62,3.0,2.4,12.54,8.71,,
2024/08/13,199,NMB50,52.56,11.27,11.7,11.09,11.7,11.70,0.0,0.0,11.38,"12,384.00",11.50,"140,929.20",24,0.20,0.61,1.74,5.5,2.74,12.29,8.71,,
2024/08/14,197,NMB50,63.32,11.6,11.6,11.18,11.38,11.38,0.0,0.0,11.45,"123,666.00",11.70,"1,416,564.50",33,-0.32,0.42,-2.74,3.76,-0.66,12.29,8.71,,
2024/08/15,200,NMB50,67.82,11.17,12.0,11.17,11.77,11.77,0.0,0.0,11.62,"450,645.00",11.38,"5,237,471.86",49,0.39,0.83,3.43,7.43,1.26,12.29,8.71,,
2024/08/18,196,NMB50,67.22,11.54,12.18,11.5,12.17,12.17,0.0,0.0,11.83,"440,706.00",11.77,"5,214,414.40",48,0.40,0.68,3.4,5.91,2.78,12.29,8.71,,
2024/08/21,199,NMB50,63.14,11.95,12.18,11.67,11.9,11.90,0.0,0.0,11.93,"37,642.00",12.17,"449,255.54",38,-0.27,0.51,-2.22,4.37,-0.29,12.29,8.71,,
2024/08/22,198,NMB50,69.6,12.0,12.13,11.76,12.09,12.09,0.0,0.0,12.01,"243,750.00",11.90,"2,927,184.00",32,0.19,0.37,1.6,3.15,0.67,12.29,8.71,,
2024/08/25,202,NMB50,47.78,12.0,12.0,11.34,11.34,11.34,0.0,0.0,11.85,"141,498.00",12.09,"1,676,956.65",33,-0.75,0.66,-6.2,5.82,-4.51,12.29,8.71,,
2024/08/27,198,NMB50,47.66,11.55,11.79,10.99,11.45,11.45,0.0,0.0,11.21,"153,039.00",11.34,"1,715,199.85",26,0.11,0.80,0.97,7.28,2.12,12.29,8.71,,
2024/08/28,194,NMB50,42.86,11.67,11.71,11.2,11.71,11.71,0.0,0.0,11.29,"54,850.00",11.45,"619,425.30",23,0.26,0.51,2.27,4.55,3.56,12.29,8.71,,
2024/08/29,192,NMB50,43.14,11.48,11.73,11.4,11.4,11.40,0.0,0.0,11.59,"58,835.00",11.71,"682,136.10",22,-0.31,0.33,-2.65,2.89,-1.7,12.29,8.71,,
2024/09/01,205,NMB50,63.17,11.56,12.54,11.56,11.83,11.83,0.0,0.0,12.22,"262,868.00",11.40,"3,211,007.62",69,0.43,0.98,3.77,8.48,-3.26,12.54,8.71,,
2024/09/02,203,NMB50,58.95,11.62,12.06,11.62,12.0,12.00,0.0,0.0,12.00,"77,421.00",11.83,"928,919.83",21,0.17,0.44,1.44,3.79,0.01,12.54,8.71,,
2024/09/03,198,NMB50,52.04,11.9,12.09,11.82,12.09,12.09,0.0,0.0,11.90,"72,540.00",12.00,"862,868.20",23,0.09,0.27,0.75,2.28,1.61,12.54,8.71,,
2024/09/04,195,NMB50,57.73,12.0,12.0,11.9,11.9,11.90,0.0,0.0,11.95,"107,166.00",12.09,"1,280,500.98",19,-0.19,0.10,-1.57,0.84,-0.41,12.54,8.71,,
2024/09/05,188,NMB50,40.32,11.68,11.91,11.68,11.75,11.75,0.0,0.0,11.77,"94,334.00",11.90,"1,110,306.50",19,-0.15,0.23,-1.26,1.97,-0.17,12.54,8.71,,
2024/09/08,195,NMB50,42.72,11.8,12.23,11.8,11.81,11.81,0.0,0.0,12.00,"181,849.00",11.75,"2,181,969.70",17,0.06,0.43,0.51,3.64,-1.6,12.54,8.71,,
2024/07/18,187,NMB50,58.51,10.6,10.81,10.2,10.58,10.58,0.0,0.0,10.41,"17,946.00",10.60,"186,879.20",12,-0.02,0.61,-0.19,5.98,1.57,11.50,8.71,,
2024/07/21,189,NMB50,63.25,10.5,11.59,10.5,11.59,11.59,0.0,0.0,10.76,"16,614.00",10.58,"178,773.20",20,1.01,1.09,9.55,10.38,7.16,11.59,8.71,,
2024/07/22,185,NMB50,55.72,11.82,12.29,11.35,11.35,11.35,0.0,0.0,11.84,"4,200.00",11.59,"49,736.00",12,-0.24,0.94,-2.07,8.28,-4.33,12.29,8.71,,
2024/07/23,192,NMB50,63.98,11.13,11.34,11.0,11.29,11.29,0.0,0.0,11.05,"61,080.00",11.35,"675,116.20",25,-0.06,0.34,-0.53,3.09,2.1,12.29,8.71,,
2024/07/24,189,NMB50,52.92,11.09,11.1,10.89,10.92,10.92,0.0,0.0,11.06,"10,673.00",11.29,"118,088.99",18,-0.37,0.21,-3.28,1.93,-1.32,12.29,8.71,,
2024/07/25,192,NMB50,49.13,10.93,11.09,10.93,11.09,11.09,0.0,0.0,11.00,"56,700.00",10.92,"623,629.00",8,0.17,0.16,1.56,1.46,0.82,12.29,8.71,,
2024/07/28,195,NMB50,53.52,11.09,11.25,11.03,11.12,11.12,0.0,0.0,11.20,"143,285.00",11.09,"1,605,334.45",26,0.03,0.22,0.27,1.99,-0.75,12.29,8.71,,
2024/07/29,193,NMB50,52.04,11.3,11.3,10.97,11.2,11.20,0.0,0.0,11.03,"95,423.00",11.12,"1,052,183.21",25,0.08,0.33,0.72,3.01,1.55,12.29,8.71,,
2024/07/30,202,NMB50,54.24,11.0,11.42,11.0,11.06,11.06,0.0,0.0,11.12,"40,600.00",11.20,"451,438.60",27,-0.14,0.42,-1.25,3.82,-0.54,12.29,8.71,,
2024/07/31,200,NMB50,53.63,11.06,11.28,11.06,11.15,11.15,0.0,0.0,11.14,"101,149.00",11.06,"1,126,504.12",43,0.09,0.22,0.81,1.99,0.12,12.29,8.71,,
2024/08/01,200,NMB50,59.92,11.15,11.5,11.1,11.5,11.50,0.0,0.0,11.45,"65,615.00",11.15,"751,114.73",32,0.35,0.40,3.14,3.6,0.46,12.29,8.71,,
2024/08/05,195,NMB50,61.54,11.5,11.5,11.36,11.45,11.45,0.0,0.0,11.48,"118,540.00",11.50,"1,361,325.00",23,-0.05,0.14,-0.43,1.23,-0.3,12.29,8.71,,
2024/08/06,190,NMB50,58.6,11.3,11.45,11.03,11.33,11.33,0.0,0.0,11.16,"69,400.00",11.45,"774,201.00",29,-0.12,0.42,-1.05,3.81,1.54,12.29,8.71,,
2024/08/07,195,NMB50,59.24,11.2,11.42,11.04,11.1,11.10,0.0,0.0,11.15,"97,400.00",11.33,"1,085,711.00",23,-0.23,0.38,-2.03,3.44,-0.42,12.29,8.71,,
2024/08/08,194,NMB50,48.38,11.1,11.32,10.96,10.99,10.99,0.0,0.0,11.13,"26,450.00",11.10,"294,304.00",23,-0.11,0.36,-0.99,3.28,-1.24,12.29,8.71,,
2024/08/11,199,NMB50,56.75,11.2,11.3,10.99,11.2,11.20,0.0,0.0,11.15,"86,606.00",10.99,"965,789.34",27,0.21,0.31,1.91,2.82,0.43,12.29,8.71,,
2024/06/25,190,NMB50,51.28,9.94,10.0,9.9,10.0,10.00,0.0,0.0,9.98,"51,950.00",9.75,"518,630.00",17,0.25,0.1,2.56,1.01,0.17,11.50,8.71,,
2024/06/26,181,NMB50,60.0,10.0,10.15,9.89,10.0,10.00,0.0,0.0,9.93,"194,364.00",10.00,"1,929,537.26",21,0.0,0.26,0.0,2.63,0.73,11.50,8.71,,
2024/06/27,203,NMB50,43.63,10.0,10.09,9.91,9.99,9.99,0.0,0.0,10.00,"19,700.00",10.00,"197,017.90",11,-0.01,0.18,-0.1,1.82,-0.11,11.50,8.71,,
2024/06/30,192,NMB50,55.28,9.9,9.92,9.83,9.84,9.84,0.0,0.0,9.90,"35,500.00",9.99,"351,444.00",9,-0.15,0.09,-1.5,0.92,-0.61,11.50,8.71,,
2024/07/01,192,NMB50,46.44,10.03,10.43,10.03,10.13,10.13,0.0,0.0,10.21,500.00,9.84,"5,105.00",5,0.29,0.4,2.95,3.99,-0.79,11.50,8.71,,
2024/07/02,189,NMB50,57.62,10.29,10.29,10.09,10.09,10.09,0.0,0.0,10.09,"5,096.00",10.13,"51,438.64",4,-0.04,0.2,-0.39,1.98,-0.04,11.50,8.71,,
2024/07/03,191,NMB50,46.75,10.23,10.23,9.93,9.97,9.97,0.0,0.0,9.95,"3,814,815.00",10.09,"37,944,115.30",41,-0.12,0.3,-1.19,3.02,0.24,11.50,8.71,,
2024/07/04,189,NMB50,55.98,10.0,10.06,9.99,9.99,9.99,0.0,0.0,9.99,"38,000.00",9.97,"379,642.75",7,0.02,0.07,0.2,0.7,-0.01,11.50,8.71,,
2024/07/07,192,NMB50,27.71,10.05,10.25,10.05,10.25,10.25,0.0,0.0,10.21,"1,000.00",10.05,"10,214.00",2,0.2,0.2,1.99,1.99,0.35,12.03,9.57,10.73,10.61
2024/07/08,195,NMB50,47.44,10.01,10.21,10.01,10.21,10.21,0.0,0.0,10.11,375.00,10.17,"3,790.75",3,0.04,0.2,0.39,2.0,0.99,11.50,8.71,,
2024/07/09,192,NMB50,53.24,10.35,10.35,10.17,10.24,10.24,0.0,0.0,10.17,"10,350.00",10.21,"105,287.50",7,0.03,0.18,0.29,1.77,0.66,11.50,8.71,,
2024/07/10,195,NMB50,51.17,10.35,10.42,10.35,10.41,10.41,0.0,0.0,10.38,400.00,10.24,"4,153.00",3,0.17,0.07,1.66,0.68,0.26,11.50,8.71,,
2024/07/11,198,NMB50,45.13,10.6,10.6,9.77,9.98,9.98,0.0,0.0,10.26,"31,200.00",10.41,"320,146.00",17,-0.43,0.83,-4.13,8.5,-2.82,11.50,8.71,,
2024/07/14,185,NMB50,43.17,9.98,10.3,9.98,10.0,10.00,0.0,0.0,10.08,"9,675.00",9.98,"97,506.00",10,0.02,0.32,0.2,3.21,-0.78,11.50,8.71,,
2024/07/15,193,NMB50,37.2,10.19,10.19,10.02,10.04,10.04,0.0,0.0,10.08,"6,200.00",10.00,"62,477.00",8,0.04,0.17,0.4,1.7,-0.37,11.50,8.71,,
2024/07/16,189,NMB50,47.42,10.24,10.4,10.1,10.2,10.20,0.0,0.0,10.19,"24,800.00",10.04,"252,624.40",17,0.16,0.30,1.59,2.97,0.13,11.50,8.71,,
2024/05/30,185,NMB50,37.31,9.8,9.99,9.8,9.9,9.90,0.0,0.0,9.90,"10,500.00",9.90,"103,929.00",4,0.00,0.19,0.0,1.94,0.02,11.50,8.71,,
2024/06/02,196,NMB50,52.04,9.9,9.92,9.9,9.92,9.92,0.0,0.0,9.92,"2,637.00",9.90,"26,148.30",6,0.02,0.02,0.2,0.2,0.04,11.50,8.71,,
2024/06/04,188,NMB50,34.01,9.8,9.8,9.8,9.8,9.80,0.0,0.0,9.80,600.00,9.92,"5,880.00",1,-0.12,0.00,-1.21,0.0,0.0,11.50,8.71,,
2024/06/06,191,NMB50,36.8,9.99,9.99,9.47,9.47,9.47,0.0,0.0,9.66,"11,940.00",9.80,"115,306.80",19,-0.33,0.52,-3.37,5.49,-1.98,11.50,8.71,,
2024/06/09,189,NMB50,41.03,9.61,9.99,9.61,9.99,9.99,0.0,0.0,9.74,"1,600.00",9.47,"15,583.00",5,0.52,0.38,5.49,3.95,2.51,11.50,8.71,,
2024/06/11,190,NMB50,45.3,9.97,9.97,9.86,9.94,9.94,0.0,0.0,9.89,"4,425.00",9.99,"43,749.75",10,-0.05,0.11,-0.5,1.12,0.53,11.50,8.71,,
2024/06/12,187,NMB50,41.45,9.95,9.95,9.82,9.82,9.82,0.0,0.0,9.90,"1,400.00",9.94,"13,865.00",2,-0.12,0.13,-1.21,1.32,-0.85,11.50,8.71,,
2024/06/13,188,NMB50,48.93,10.0,10.0,9.82,9.82,9.82,0.0,0.0,9.91,200.00,9.82,"1,982.00",2,0.0,0.18,0.0,1.83,-0.92,11.50,8.71,,
2024/06/18,192,NMB50,41.05,9.82,10.0,9.81,9.81,9.81,0.0,0.0,9.95,"12,040.00",9.82,"119,806.00",9,-0.01,0.19,-0.1,1.94,-1.43,11.50,8.71,,
2024/06/19,186,NMB50,41.52,9.8,9.8,9.78,9.78,9.78,0.0,0.0,9.78,"12,100.00",9.81,"118,356.00",5,-0.03,0.02,-0.31,0.2,-0.02,11.50,8.71,,
2024/06/20,185,NMB50,41.5,9.75,9.8,9.59,9.59,9.59,0.0,0.0,9.70,"57,950.00",9.78,"562,102.00",27,-0.19,0.21,-1.94,2.19,-1.14,11.50,8.71,,
2024/06/23,190,NMB50,33.98,9.59,9.59,9.44,9.59,9.59,0.0,0.0,9.51,"5,500.00",9.59,"52,290.00",9,0.0,0.15,0.0,1.59,0.86,11.50,8.71,,
2024/05/05,191,NMB50,36.71,9.53,9.53,9.34,9.38,9.38,0.0,0.0,9.44,"4,124.00",9.35,"38,919.82",6,0.03,0.19,0.32,2.03,-0.61,11.50,8.71,,
2024/05/06,186,NMB50,41.19,9.56,9.56,9.37,9.42,9.42,0.0,0.0,9.37,"14,300.00",9.38,"134,060.00",4,0.04,0.19,0.43,2.03,0.48,11.50,8.71,,
2024/05/07,188,NMB50,45.61,9.45,9.5,9.45,9.49,9.49,0.0,0.0,9.48,"15,100.00",9.42,"143,189.00",5,0.07,0.05,0.74,0.53,0.08,11.50,8.71,,
2024/05/08,185,NMB50,55.03,9.5,9.66,9.49,9.66,9.66,0.0,0.0,9.50,"3,210.00",9.49,"30,491.00",4,0.17,0.17,1.79,1.79,1.67,11.50,8.71,,
2024/05/09,190,NMB50,46.34,9.47,9.47,9.3,9.3,9.30,0.0,0.0,9.46,"6,500.00",9.66,"61,470.00",3,-0.36,0.17,-3.73,1.83,-1.69,11.50,8.71,,
2024/05/12,186,NMB50,55.46,9.2,9.6,9.2,9.6,9.60,0.0,0.0,9.44,"5,719.00",9.30,"53,964.98",7,0.30,0.4,3.23,4.35,1.71,11.50,8.71,,
2024/05/13,194,NMB50,60.43,9.7,9.7,9.13,9.69,9.69,0.0,0.0,9.23,"69,040.00",9.60,"636,929.10",24,0.09,0.57,0.94,6.24,4.79,11.50,8.71,,
2024/05/14,193,NMB50,46.77,9.5,9.5,9.37,9.37,9.37,0.0,0.0,9.37,"37,800.00",9.69,"354,318.00",8,-0.32,0.13,-3.3,1.39,-0.04,11.50,8.71,,
2024/05/15,189,NMB50,52.93,9.45,9.55,9.45,9.55,9.55,0.0,0.0,9.53,500.00,9.37,"4,765.00",3,0.18,0.1,1.92,1.06,0.21,11.50,8.71,,
2024/05/16,195,NMB50,45.16,9.5,9.69,9.15,9.26,9.26,0.0,0.0,9.30,"100,750.00",9.55,"937,190.12",28,-0.29,0.54,-3.04,5.9,-0.46,11.50,8.71,,
2024/05/19,195,NMB50,47.81,9.3,9.47,8.95,9.47,9.47,0.0,0.0,9.04,"78,113.00",9.26,"705,973.45",30,0.21,0.52,2.27,5.81,4.56,11.50,8.71,,
2024/05/20,191,NMB50,65.83,9.65,10.16,9.46,10.15,10.15,0.0,0.0,9.86,"90,040.00",9.47,"887,361.11",14,0.68,0.7,7.18,7.4,2.9,11.50,8.71,,
2024/05/21,192,NMB50,69.95,9.95,9.99,9.58,9.99,9.99,0.0,0.0,9.85,"540,800.00",10.15,"5,324,803.00",23,-0.16,0.41,-1.58,4.28,1.44,11.50,8.71,,
2024/05/22,186,NMB50,60.09,9.81,9.99,9.8,9.99,9.99,0.0,0.0,9.95,"67,360.00",9.99,"670,245.97",19,0.0,0.19,0.0,1.94,0.4,11.50,8.71,,
2024/05/26,192,NMB50,54.5,9.8,9.81,9.61,9.61,9.61,0.0,0.0,9.77,"4,600.00",9.99,"44,952.00",10,-0.38,0.2,-3.8,2.08,-1.69,11.50,8.71,,
2024/05/27,193,NMB50,42.96,9.5,9.99,9.5,9.98,9.98,0.0,0.0,9.76,"11,390.00",9.61,"111,132.15",13,0.37,0.49,3.85,5.16,2.23,11.50,8.71,,
2024/04/03,192,NMB50,27.71,10.05,10.25,10.05,10.25,10.25,0.0,0.0,10.21,"1,000.00",10.05,"10,214.00",2,0.2,0.2,1.99,1.99,0.35,12.03,9.57,10.73,10.61
2024/04/07,185,NMB50,53.97,9.68,9.68,9.68,9.68,9.68,0.0,0.0,9.68,"1,500.00",9.50,"14,520.00",3,0.18,0.00,1.89,0.0,0.0,11.50,8.66,,
2024/04/09,192,NMB50,27.71,10.05,10.25,10.05,10.25,10.25,0.0,0.0,10.21,"1,000.00",10.05,"10,214.00",2,0.2,0.2,1.99,1.99,0.35,12.03,9.57,10.73,10.61
2024/04/10,186,NMB50,41.46,9.32,9.42,9.31,9.41,9.41,0.0,0.0,9.38,800.00,9.49,"7,504.00",4,-0.08,0.11,-0.84,1.18,0.32,11.50,8.66,,
2024/04/14,194,NMB50,41.99,9.42,9.59,9.4,9.4,9.40,0.0,0.0,9.45,"10,530.00",9.41,"99,499.00",9,-0.01,0.19,-0.11,2.02,-0.52,11.50,8.66,,
2024/04/15,191,NMB50,32.15,9.5,9.5,9.5,9.5,9.50,0.0,0.0,9.50,300.00,9.40,"2,850.00",1,0.10,0.0,1.06,0.0,0.0,11.50,8.66,,
2024/04/16,187,NMB50,46.51,9.49,9.5,9.33,9.5,9.50,0.0,0.0,9.48,"1,401.00",9.50,"13,278.53",6,0.0,0.17,0.0,1.82,0.23,11.50,8.66,,
2024/04/18,191,NMB50,50.88,9.5,9.5,9.5,9.5,9.50,0.0,0.0,9.50,"3,500.00",9.50,"33,250.00",2,0.0,0.0,0.0,0.0,0.0,11.50,8.66,,
2024/04/21,184,NMB50,50.17,9.69,9.69,9.6,9.6,9.60,0.0,0.0,9.65,"1,800.00",9.50,"17,377.00",8,0.1,0.09,1.05,0.94,-0.56,11.50,8.66,,
2024/04/22,191,NMB50,51.53,9.41,9.59,9.41,9.59,9.59,0.0,0.0,9.50,"6,400.00",9.60,"60,799.00",7,-0.01,0.18,-0.1,1.91,0.94,11.50,8.66,,
2024/04/24,187,NMB50,32.94,9.41,9.41,9.3,9.3,9.30,0.0,0.0,9.36,"2,220.00",9.59,"20,768.10",5,-0.29,0.11,-3.02,1.18,-0.59,11.50,8.68,,
2024/04/25,182,NMB50,28.99,9.3,9.48,9.3,9.48,9.48,0.0,0.0,9.42,300.00,9.30,"2,826.00",2,0.18,0.18,1.94,1.94,0.63,11.50,8.68,,
2024/04/28,183,NMB50,44.58,9.6,9.82,9.6,9.82,9.82,0.0,0.0,9.70,"2,600.00",9.48,"25,208.30",8,0.34,0.22,3.59,2.29,1.27,11.50,8.71,,
2024/04/29,189,NMB50,48.25,9.85,9.85,9.62,9.62,9.62,0.0,0.0,9.70,"2,000.00",9.82,"19,404.00",6,-0.2,0.23,-2.04,2.39,-0.85,11.50,8.71,,
2024/04/30,194,NMB50,56.0,9.43,9.52,9.16,9.52,9.52,0.0,0.0,9.31,"10,820.00",9.62,"100,704.70",11,-0.10,0.36,-1.04,3.93,2.23,11.50,8.71,,
2024/03/07,186,NMB50,33.18,9.61,9.61,9.42,9.42,9.42,0.0,0.0,9.45,"7,550.00",9.80,"71,368.00",6,-0.38,0.19,-3.88,2.02,-0.35,11.50,8.66,,
2024/03/10,187,NMB50,41.82,9.6,10.17,9.6,9.75,9.75,0.0,0.0,9.80,"5,020.00",9.42,"49,208.00",11,0.33,0.57,3.5,5.94,-0.54,11.50,8.66,,
2024/03/12,189,NMB50,47.11,9.9,9.9,9.8,9.9,9.90,0.0,0.0,9.84,"4,520.00",9.75,"44,483.00",6,0.15,0.1,1.54,1.02,0.59,11.50,8.66,,
2024/03/13,188,NMB50,48.93,10.07,10.07,9.87,9.87,9.87,0.0,0.0,9.87,"14,700.00",9.90,"145,109.00",6,-0.03,0.2,-0.3,2.03,-0.01,11.50,8.66,,
2024/03/14,183,NMB50,51.54,9.7,9.75,9.7,9.75,9.75,0.0,0.0,9.75,"2,000.00",9.87,"19,495.00",4,-0.12,0.05,-1.22,0.52,0.03,11.50,8.66,,
2024/03/17,184,NMB50,44.43,9.79,9.92,9.73,9.8,9.80,0.0,0.0,9.80,"6,500.00",9.75,"63,712.00",7,0.05,0.19,0.51,1.95,-0.02,11.50,8.66,,
2024/03/19,185,NMB50,40.08,9.61,9.8,9.61,9.61,9.61,0.0,0.0,9.62,"3,400.00",9.80,"32,712.00",11,-0.19,0.19,-1.94,1.98,-0.12,11.50,8.66,,
2024/03/20,184,NMB50,35.68,9.44,9.44,9.31,9.31,9.31,0.0,0.0,9.36,"1,020.00",9.61,"9,548.50",5,-0.30,0.13,-3.12,1.4,-0.55,11.50,8.66,,
2024/03/21,189,NMB50,32.16,9.32,9.32,9.2,9.2,9.20,0.0,0.0,9.23,700.00,9.31,"6,464.00",2,-0.11,0.12,-1.18,1.3,-0.37,11.50,8.66,,
2024/03/25,180,NMB50,34.05,9.38,9.74,9.38,9.74,9.74,0.0,0.0,9.50,"1,620.00",9.20,"15,397.20",5,0.54,0.36,5.87,3.84,2.42,11.50,8.66,,
2024/03/26,189,NMB50,39.92,9.6,9.6,9.5,9.5,9.50,0.0,0.0,9.56,"13,640.00",9.74,"130,455.00",7,-0.24,0.10,-2.46,1.05,-0.68,11.50,8.66,,
2024/03/27,189,NMB50,40.6,9.31,9.4,9.31,9.4,9.40,0.0,0.0,9.39,750.00,9.50,"7,041.00",3,-0.1,0.09,-1.05,0.97,0.13,11.50,8.66,,
2024/03/28,190,NMB50,46.72,9.53,9.53,9.53,9.53,9.53,0.0,0.0,9.53,104.00,9.40,991.12,1,0.13,0.0,1.38,0.0,0.0,11.50,8.66,,
2024/03/31,193,NMB50,30.81,9.4,9.4,9.4,9.4,9.40,0.0,0.0,9.40,"1,000.00",9.53,"9,400.00",3,-0.13,0.00,-1.36,0.0,0.0,11.50,8.66,,
2024/04/01,188,NMB50,28.72,9.22,9.4,9.22,9.24,9.24,0.0,0.0,9.30,"1,055.00",9.40,"9,814.20",3,-0.16,0.18,-1.7,1.95,-0.68,11.50,8.66,,
2024/02/12,188,NMB50,49.83,9.3,9.66,9.3,9.66,9.66,0.0,0.0,9.35,"7,200.00",9.30,"67,322.00",5,0.36,0.36,3.87,3.87,3.21,11.50,8.66,,
2024/02/13,183,NMB50,50.6,9.47,9.47,9.15,9.33,9.33,0.0,0.0,9.26,"15,150.00",9.66,"140,256.25",12,-0.33,0.32,-3.42,3.5,0.77,11.50,8.66,,
2024/02/14,182,NMB50,44.23,9.17,9.3,9.17,9.2,9.20,0.0,0.0,9.19,"6,050.00",9.33,"55,609.00",10,-0.13,0.13,-1.39,1.42,0.09,11.50,8.66,,
2024/02/15,184,NMB50,45.22,9.03,9.38,9.03,9.3,9.30,0.0,0.0,9.30,"4,325.00",9.20,"40,221.00",9,0.1,0.35,1.09,3.88,0.0,11.50,8.66,,
2024/02/18,189,NMB50,40.49,9.3,9.72,9.3,9.49,9.49,0.0,0.0,9.53,"6,580.00",9.30,"62,699.80",14,0.19,0.42,2.04,4.52,-0.41,11.50,8.66,,
2024/02/20,187,NMB50,48.32,9.45,9.45,9.13,9.21,9.21,0.0,0.0,9.28,"30,420.00",9.49,"282,212.40",14,-0.28,0.32,-2.95,3.5,-0.73,11.50,8.66,,
2024/02/21,187,NMB50,48.55,9.39,9.39,9.21,9.3,9.30,0.0,0.0,9.29,"1,651.00",9.21,"15,329.99",6,0.09,0.18,0.98,1.95,0.16,11.50,8.66,,
2024/02/22,184,NMB50,43.56,9.2,9.47,9.15,9.15,9.15,0.0,0.0,9.17,"9,050.00",9.30,"82,984.50",10,-0.15,0.32,-1.61,3.5,-0.21,11.50,8.66,,
2024/02/25,192,NMB50,33.05,9.22,9.4,9.01,9.25,9.25,0.0,0.0,9.09,"7,950.00",9.15,"72,264.58",18,0.10,0.39,1.09,4.33,1.73,11.50,8.66,,
2024/02/26,192,NMB50,40.85,9.1,9.1,9.1,9.1,9.10,0.0,0.0,9.10,"9,355.00",9.25,"85,130.50",6,-0.15,0.00,-1.62,0.0,0.0,11.50,8.66,,
2024/02/27,185,NMB50,38.86,9.28,9.5,8.96,9.28,9.28,0.0,0.0,9.32,"1,784.00",9.10,"16,629.32",8,0.18,0.54,1.98,6.03,-0.45,11.50,8.66,,
2024/02/28,187,NMB50,49.51,9.16,9.46,9.16,9.46,9.46,0.0,0.0,9.40,"7,350.00",9.28,"69,064.00",6,0.18,0.30,1.94,3.28,0.67,11.50,8.66,,
2024/02/29,188,NMB50,52.56,9.64,9.83,9.6,9.8,9.80,0.0,0.0,9.73,"47,835.00",9.46,"465,221.50",18,0.34,0.23,3.59,2.4,0.76,11.50,8.66,,
2024/03/03,186,NMB50,47.23,9.61,9.8,9.5,9.6,9.60,0.0,0.0,9.54,"9,200.00",9.80,"87,722.00",19,-0.20,0.30,-2.04,3.16,0.68,11.50,8.66,,
2024/03/05,191,NMB50,48.26,9.79,9.9,9.71,9.71,9.71,0.0,0.0,9.84,"5,100.00",9.60,"50,160.00",4,0.11,0.19,1.15,1.96,-1.29,11.50,8.66,,
2024/01/18,181,NMB50,59.3,9.9,10.0,9.75,9.89,9.89,0.0,0.0,9.83,"9,070.00",9.97,"89,166.80",10,-0.08,0.25,-0.8,2.56,0.6,11.50,8.66,,
2024/01/21,188,NMB50,52.15,10.08,10.08,9.7,9.7,9.70,0.0,0.0,9.73,"7,030.00",9.89,"68,411.40",12,-0.19,0.38,-1.92,3.92,-0.32,11.50,8.66,,
2024/01/22,185,NMB50,42.08,9.71,9.71,9.7,9.7,9.70,0.0,0.0,9.70,"10,300.00",9.70,"99,913.00",7,0.0,0.01,0.0,0.1,0.0,11.50,8.66,,
2024/01/23,189,NMB50,47.33,9.51,9.95,9.51,9.95,9.95,0.0,0.0,9.64,"35,565.00",9.70,"342,735.70",16,0.25,0.44,2.58,4.63,3.15,11.50,8.66,,
2024/01/25,184,NMB50,33.18,9.8,10.1,9.57,9.57,9.57,0.0,0.0,9.90,"1,300.00",9.95,"12,873.00",6,-0.38,0.53,-3.82,5.54,-3.47,11.50,8.66,,
2024/01/28,189,NMB50,33.32,9.4,9.59,9.4,9.42,9.42,0.0,0.0,9.44,"1,951.00",9.57,"18,419.42",6,-0.15,0.19,-1.57,2.02,-0.22,11.50,8.66,,
2024/01/29,189,NMB50,36.07,9.6,9.6,9.41,9.41,9.41,0.0,0.0,9.43,"8,845.00",9.42,"83,379.25",5,-0.01,0.19,-0.11,2.02,-0.18,11.50,8.66,,
2024/01/30,187,NMB50,33.8,9.59,9.59,9.41,9.42,9.42,0.0,0.0,9.50,"1,600.00",9.41,"15,207.00",5,0.01,0.18,0.11,1.91,-0.9,11.50,8.66,,
2024/01/31,188,NMB50,41.57,9.42,9.58,9.41,9.58,9.58,0.0,0.0,9.43,"5,730.00",9.42,"54,062.40",4,0.16,0.17,1.7,1.81,1.51,11.50,8.66,,
2024/02/01,185,NMB50,43.35,9.41,9.55,9.41,9.55,9.55,0.0,0.0,9.53,"4,350.00",9.58,"41,434.50",10,-0.03,0.14,-0.31,1.49,0.26,11.50,8.66,,
2024/02/04,183,NMB50,42.76,9.36,9.55,9.36,9.5,9.50,0.0,0.0,9.46,"3,380.00",9.55,"31,972.80",6,-0.05,0.19,-0.52,2.03,0.43,11.50,8.66,,
2024/02/05,185,NMB50,37.97,9.5,9.5,9.2,9.25,9.25,0.0,0.0,9.30,"18,650.00",9.50,"173,488.35",8,-0.25,0.3,-2.63,3.26,-0.57,11.50,8.66,,
2024/02/06,192,NMB50,40.75,9.3,9.3,9.22,9.3,9.30,0.0,0.0,9.26,"18,035.00",9.25,"166,930.70",12,0.05,0.08,0.54,0.87,0.47,11.50,8.66,,
2024/02/07,188,NMB50,38.67,9.18,9.29,9.18,9.29,9.29,0.0,0.0,9.20,"33,700.00",9.30,"310,003.25",13,-0.01,0.11,-0.11,1.2,0.98,11.50,8.66,,
2024/02/08,190,NMB50,41.74,9.23,9.29,9.0,9.29,9.29,0.0,0.0,9.14,"55,496.00",9.29,"507,478.75",33,0.0,0.29,0.0,3.22,1.57,11.50,8.66,,
2023/12/20,186,NMB50,50.93,9.38,9.73,9.37,9.71,9.71,0.0,0.0,9.64,"9,300.00",9.55,"89,633.00",10,0.16,0.36,1.68,3.84,0.74,11.50,8.37,,
2023/12/21,187,NMB50,48.1,9.7,9.7,9.2,9.23,9.23,0.0,0.0,9.22,"26,515.00",9.71,"244,559.97",12,-0.48,0.50,-4.94,5.43,0.07,11.50,8.37,,
2023/12/24,188,NMB50,51.23,9.34,9.35,8.71,9.3,9.30,0.0,0.0,9.05,"112,269.00",9.23,"1,016,259.80",32,0.07,0.64,0.76,7.35,2.67,11.50,8.59,,
2023/12/27,187,NMB50,46.41,9.48,9.66,9.47,9.47,9.47,0.0,0.0,9.47,"15,098.00",9.30,"143,037.06",4,0.17,0.19,1.83,2.01,-0.04,11.50,8.66,,
2023/12/28,184,NMB50,44.28,9.4,9.4,9.4,9.4,9.40,0.0,0.0,9.40,"14,675.00",9.47,"137,945.00",8,-0.07,0.0,-0.74,0.0,0.0,11.50,8.66,,
2024/01/01,184,NMB50,59.21,9.58,9.74,9.22,9.22,9.22,0.0,0.0,9.39,"172,399.00",9.40,"1,618,792.49",20,-0.18,0.52,-1.91,5.64,-1.84,11.50,8.66,,
2024/01/02,187,NMB50,39.64,9.06,9.6,9.06,9.24,9.24,0.0,0.0,9.20,"1,473.00",9.22,"13,555.20",9,0.02,0.54,0.22,5.96,0.41,11.50,8.66,,
2024/01/03,190,NMB50,40.52,9.07,9.25,9.07,9.25,9.25,0.0,0.0,9.23,"2,800.00",9.24,"25,846.00",3,0.01,0.18,0.11,1.98,0.21,11.50,8.66,,
2024/01/04,183,NMB50,40.5,9.07,9.28,9.07,9.28,9.28,0.0,0.0,9.12,"5,739.00",9.25,"52,333.73",8,0.03,0.21,0.32,2.32,1.74,11.50,8.66,,
2024/01/07,185,NMB50,50.28,9.46,9.64,9.29,9.29,9.29,0.0,0.0,9.48,"24,090.00",9.28,"228,277.60",7,0.01,0.35,0.11,3.77,-2.0,11.50,8.66,,
2024/01/08,190,NMB50,61.63,9.47,9.64,9.46,9.5,9.50,0.0,0.0,9.50,"103,950.00",9.29,"987,945.50",11,0.21,0.18,2.26,1.9,-0.04,11.50,8.66,,
2024/01/09,187,NMB50,63.34,9.31,10.0,9.26,9.7,9.70,0.0,0.0,9.96,"102,900.00",9.50,"1,025,397.00",28,0.2,0.74,2.11,7.99,-2.73,11.50,8.66,,
2024/01/10,179,NMB50,55.87,9.69,9.69,9.51,9.6,9.60,0.0,0.0,9.60,"20,935.00",9.70,"200,917.85",8,-0.1,0.18,-1.03,1.89,0.03,11.50,8.66,,
2024/01/11,184,NMB50,58.84,9.41,9.42,9.4,9.4,9.40,0.0,0.0,9.42,"506,087.00",9.60,"4,767,269.80",5,-0.20,0.02,-2.08,0.21,-0.21,11.50,8.66,,
2024/01/14,190,NMB50,50.92,9.5,9.6,9.5,9.6,9.60,0.0,0.0,9.57,"3,300.00",9.40,"31,570.00",5,0.2,0.1,2.13,1.05,0.35,11.50,8.66,,
2024/01/16,185,NMB50,63.38,9.42,9.98,9.42,9.98,9.98,0.0,0.0,9.90,"37,402.00",9.60,"370,099.59",20,0.38,0.56,3.96,5.94,0.85,11.50,8.66,,
2023/11/27,175,NMB50,27.83,9.3,9.3,9.3,9.3,9.30,0.0,0.0,9.30,100.00,9.22,930.00,1,0.08,0.00,0.87,0.0,0.0,11.50,8.28,,
2023/11/28,175,NMB50,44.15,9.39,9.39,9.21,9.21,9.21,0.0,0.0,9.39,"20,200.00",9.30,"189,642.00",2,-0.09,0.18,-0.97,1.95,-1.94,11.50,8.28,,
2023/11/29,175,NMB50,42.14,9.17,9.18,9.03,9.03,9.03,0.0,0.0,9.13,"42,355.00",9.21,"386,560.00",12,-0.18,0.15,-1.95,1.66,-1.07,11.50,8.28,,
2023/11/30,173,NMB50,37.06,8.94,8.94,8.94,8.94,8.94,0.0,0.0,8.94,"5,000.00",9.03,"44,700.00",2,-0.09,0.00,-1.0,0.0,0.0,11.50,8.28,,
2023/12/03,176,NMB50,36.75,9.0,9.0,9.0,9.0,9.00,0.0,0.0,9.00,500.00,8.94,"4,500.00",1,0.06,0.0,0.67,0.0,0.0,11.50,8.28,,
2023/12/04,177,NMB50,44.57,9.18,9.18,9.18,9.18,9.18,0.0,0.0,9.18,512.00,9.00,"4,700.16",1,0.18,0.0,2.0,0.0,0.0,11.50,8.28,,
2023/12/05,180,NMB50,48.25,9.15,9.15,9.15,9.15,9.15,0.0,0.0,9.15,400.00,9.18,"3,660.00",1,-0.03,0.00,-0.33,0.0,0.0,11.50,8.28,,
2023/12/06,175,NMB50,51.3,9.1,9.1,9.0,9.0,9.00,0.0,0.0,9.08,"52,375.00",9.15,"475,592.50",9,-0.15,0.10,-1.64,1.11,-0.89,11.50,8.28,,
2023/12/07,181,NMB50,47.1,9.01,9.1,9.0,9.1,9.10,0.0,0.0,9.05,"2,002.00",9.00,"18,123.20",3,0.1,0.10,1.11,1.11,0.52,11.50,8.28,,
2023/12/11,183,NMB50,55.02,9.28,9.28,9.2,9.28,9.28,0.0,0.0,9.23,"8,500.00",9.10,"78,480.00",9,0.18,0.08,1.98,0.87,0.51,11.50,8.28,,
2023/12/12,178,NMB50,61.45,9.43,9.64,9.2,9.64,9.64,0.0,0.0,9.42,"41,048.00",9.28,"386,616.68",16,0.36,0.44,3.88,4.78,2.3,11.50,8.28,,
2023/12/13,178,NMB50,58.05,9.82,10.0,9.71,9.71,9.71,0.0,0.0,9.84,"24,548.00",9.64,"241,517.84",7,0.07,0.29,0.73,2.99,-1.32,11.50,8.28,,
2023/12/14,185,NMB50,63.65,9.53,9.6,9.52,9.56,9.56,0.0,0.0,9.58,"69,696.00",9.71,"667,417.60",11,-0.15,0.08,-1.54,0.84,-0.17,11.50,8.28,,
2023/12/17,183,NMB50,61.07,9.56,9.56,9.37,9.37,9.37,0.0,0.0,9.38,"17,510.00",9.56,"164,264.00",5,-0.19,0.19,-1.99,2.03,-0.12,11.50,8.28,,
2023/12/18,187,NMB50,44.43,9.55,9.9,9.55,9.55,9.55,0.0,0.0,9.63,"12,825.00",9.37,"123,536.75",10,0.18,0.35,1.92,3.66,-0.86,11.50,8.28,,
2023/10/18,174,NMB50,49.84,9.55,9.69,9.55,9.65,9.65,0.0,0.0,9.63,"50,500.00",9.50,"486,299.00",9,0.15,0.14,1.58,1.47,0.21,11.50,8.28,,
2023/10/19,173,NMB50,39.53,9.75,9.75,9.75,9.75,9.75,0.0,0.0,9.75,100.00,9.65,975.00,1,0.1,0.0,1.04,0.0,0.0,11.50,8.28,,
2023/10/29,172,NMB50,42.32,9.7,9.78,9.56,9.74,9.74,0.0,0.0,9.73,"12,182.00",9.75,"118,485.92",7,-0.01,0.22,-0.1,2.3,0.14,11.50,8.28,,
2023/10/30,171,NMB50,40.74,9.75,9.76,9.75,9.76,9.76,0.0,0.0,9.75,"5,200.00",9.74,"50,702.00",2,0.02,0.01,0.21,0.1,0.1,11.50,8.28,,
2023/11/01,179,NMB50,41.51,9.74,9.74,9.6,9.6,9.60,0.0,0.0,9.72,"17,970.00",9.76,"174,612.00",4,-0.16,0.14,-1.64,1.46,-1.22,11.50,8.28,,
2023/11/02,170,NMB50,34.41,9.65,9.65,9.65,9.65,9.65,0.0,0.0,9.65,"2,000.00",9.60,"19,300.00",1,0.05,0.0,0.52,0.0,0.0,11.50,8.28,,
2023/11/05,176,NMB50,31.63,9.84,9.84,9.3,9.3,9.30,0.0,0.0,9.54,"5,515.00",9.65,"52,605.60",6,-0.35,0.54,-3.63,5.81,-2.57,11.50,8.28,,
2023/11/06,172,NMB50,32.24,9.48,9.48,9.48,9.48,9.48,0.0,0.0,9.48,100.00,9.30,948.00,1,0.18,0.0,1.94,0.0,0.0,11.50,8.28,,
2023/11/07,173,NMB50,27.38,9.6,9.6,9.6,9.6,9.60,0.0,0.0,9.60,600.00,9.48,"5,760.00",1,0.12,0.0,1.27,0.0,0.0,11.50,8.28,,
2023/11/08,173,NMB50,26.7,9.41,9.41,9.23,9.41,9.41,0.0,0.0,9.40,"1,600.00",9.60,"15,038.00",4,-0.19,0.18,-1.98,1.95,0.12,11.50,8.28,,
2023/11/09,169,NMB50,22.04,9.23,9.23,9.23,9.23,9.23,0.0,0.0,9.23,599.00,9.41,"5,528.77",2,-0.18,0.0,-1.91,0.0,0.0,11.50,8.28,,
2023/11/20,171,NMB50,37.81,9.4,9.4,9.39,9.4,9.40,0.0,0.0,9.40,"11,450.00",9.23,"107,620.00",6,0.17,0.01,1.84,0.11,0.01,11.50,8.28,,
2023/11/21,173,NMB50,20.93,9.23,9.23,9.23,9.23,9.23,0.0,0.0,9.23,100.00,9.40,923.00,1,-0.17,0.00,-1.81,0.0,0.0,11.50,8.28,,
2023/11/22,177,NMB50,29.86,9.23,9.23,8.87,9.21,9.21,0.0,0.0,9.10,"4,077.00",9.23,"37,109.50",9,-0.02,0.36,-0.22,4.06,1.17,11.50,8.28,,
2023/09/21,166,NMB50,61.94,11.27,11.4,11.0,11.18,11.18,0.0,0.0,11.13,"220,825.00",11.05,"2,458,196.00",31,0.13,0.40,1.18,3.64,0.43,11.40,8.28,,
2023/09/24,173,NMB50,55.46,11.0,11.5,10.96,11.35,11.35,0.0,0.0,11.04,"79,100.00",11.18,"872,873.00",15,0.17,0.54,1.52,4.93,2.77,11.50,8.28,,
2023/09/25,171,NMB50,54.96,11.16,11.35,11.16,11.35,11.35,0.0,0.0,11.32,"83,636.00",11.35,"946,999.54",13,0.0,0.19,0.0,1.7,0.24,11.50,8.28,,
2023/09/26,173,NMB50,53.09,11.14,11.5,11.14,11.24,11.24,0.0,0.0,11.38,"142,482.00",11.35,"1,620,759.50",28,-0.11,0.36,-0.97,3.23,-1.2,11.50,8.28,,
2023/09/27,169,NMB50,50.28,11.4,11.4,11.06,11.27,11.27,0.0,0.0,11.27,"192,114.00",11.24,"2,164,248.32",34,0.03,0.34,0.27,3.07,0.04,11.50,8.28,,
2023/10/01,171,NMB50,35.08,9.58,9.58,9.27,9.28,9.28,0.0,0.0,9.35,"13,750.00",9.77,"128,535.00",16,-0.49,0.31,-5.2,3.34,-0.73,11.50,8.28,,
2023/10/02,174,NMB50,35.7,9.46,9.64,9.28,9.45,9.45,0.0,0.0,9.58,"2,900.00",9.28,"27,792.00",7,0.17,0.36,1.83,3.88,-1.41,11.50,8.28,,
2023/10/03,165,NMB50,34.75,9.33,9.33,9.27,9.27,9.27,0.0,0.0,9.30,"2,850.00",9.45,"26,501.50",8,-0.18,0.06,-1.9,0.65,-0.31,11.50,8.28,,
2023/10/04,170,NMB50,32.8,9.09,9.66,8.95,9.66,9.66,0.0,0.0,9.19,"11,850.00",9.27,"108,929.50",11,0.39,0.71,4.21,7.93,4.84,11.50,8.28,,
2023/10/05,165,NMB50,43.86,9.5,9.66,9.31,9.66,9.66,0.0,0.0,9.60,"2,220.00",9.66,"21,306.20",6,0.0,0.35,0.0,3.76,0.65,11.50,8.28,,
2023/10/08,173,NMB50,41.71,9.8,9.83,9.34,9.34,9.34,0.0,0.0,9.48,"33,100.00",9.66,"313,684.00",14,-0.32,0.49,-3.31,5.25,-1.47,11.50,8.28,,
2023/10/09,173,NMB50,45.52,9.16,9.45,9.0,9.45,9.45,0.0,0.0,9.01,"13,000.00",9.34,"117,176.00",12,0.11,0.45,1.18,5.0,4.62,11.50,8.28,,
2023/10/10,168,NMB50,31.5,9.28,9.28,9.16,9.16,9.16,0.0,0.0,9.20,"9,550.00",9.45,"87,872.00",11,-0.29,0.12,-3.07,1.31,-0.45,11.50,8.28,,
2023/10/11,172,NMB50,33.87,9.34,9.52,9.32,9.33,9.33,0.0,0.0,9.33,"3,400.00",9.16,"31,730.00",7,0.17,0.2,1.86,2.15,-0.03,11.50,8.28,,
2023/10/12,177,NMB50,44.3,9.43,9.43,9.3,9.36,9.36,0.0,0.0,9.38,"29,610.00",9.33,"277,611.35",21,0.03,0.13,0.32,1.4,-0.17,11.50,8.28,,
2023/10/16,172,NMB50,35.07,9.53,9.54,9.5,9.52,9.52,0.0,0.0,9.52,"2,080.00",9.36,"19,808.20",5,0.16,0.04,1.71,0.42,-0.03,11.50,8.28,,
2023/08/23,163,NMB50,42.66,10.6,10.6,10.6,10.6,10.60,0.0,0.0,10.60,600.00,10.70,"6,360.00",1,-0.1,0.0,-0.93,0.0,0.0,11.23,8.28,,
2023/08/24,165,NMB50,38.34,10.55,10.75,10.55,10.56,10.56,0.0,0.0,10.58,"11,555.00",10.60,"122,210.50",7,-0.04,0.2,-0.38,1.9,-0.16,11.23,8.28,,
2023/08/27,167,NMB50,27.86,10.55,10.55,10.43,10.43,10.43,0.0,0.0,10.50,"5,600.00",10.56,"58,774.00",6,-0.13,0.12,-1.23,1.15,-0.63,11.23,8.28,,
2023/08/28,167,NMB50,23.47,10.43,10.43,10.31,10.34,10.34,0.0,0.0,10.35,"1,200.00",10.43,"12,414.00",3,-0.09,0.12,-0.86,1.16,-0.05,11.23,8.28,,
2023/08/29,170,NMB50,38.92,10.45,10.45,10.45,10.45,10.45,0.0,0.0,10.45,"21,000.00",10.34,"219,450.00",3,0.11,0.0,1.06,0.0,0.0,11.23,8.28,,
2023/08/30,166,NMB50,43.87,10.65,10.65,10.65,10.65,10.65,0.0,0.0,10.65,"2,000.00",10.45,"21,300.00",2,0.2,0.0,1.91,0.0,0.0,11.23,8.28,,
2023/09/03,166,NMB50,43.58,10.86,10.86,10.65,10.65,10.65,0.0,0.0,10.81,"2,250.00",10.65,"24,319.50",2,0.0,0.21,0.0,1.97,-1.49,11.23,8.28,,
2023/09/05,167,NMB50,42.9,10.5,10.65,10.5,10.65,10.65,0.0,0.0,10.64,"1,100.00",10.65,"11,700.00",2,0.0,0.15,0.0,1.43,0.13,11.23,8.28,,
2023/09/07,170,NMB50,45.99,10.7,10.7,10.5,10.5,10.50,0.0,0.0,10.64,"5,020.00",10.65,"53,424.00",4,-0.15,0.2,-1.41,1.9,-1.35,11.23,8.28,,
2023/09/10,167,NMB50,32.57,10.38,10.48,10.38,10.46,10.46,0.0,0.0,10.40,"14,500.00",10.50,"150,755.60",5,-0.04,0.1,-0.38,0.96,0.6,11.23,8.28,,
2023/09/11,167,NMB50,50.45,10.37,10.71,10.37,10.71,10.71,0.0,0.0,10.45,"30,100.00",10.46,"314,671.00",5,0.25,0.34,2.39,3.28,2.39,11.23,8.28,,
2023/09/13,165,NMB50,48.5,10.69,10.69,10.69,10.69,10.69,0.0,0.0,10.69,"33,025.00",10.71,"353,037.25",4,-0.02,0.0,-0.19,0.0,0.0,11.23,8.28,,
2023/09/17,169,NMB50,54.18,10.6,10.6,10.48,10.55,10.55,0.0,0.0,10.55,"26,930.00",10.69,"284,041.40",8,-0.14,0.12,-1.31,1.15,0.02,11.23,8.28,,
2023/09/18,164,NMB50,56.01,10.58,10.79,10.55,10.75,10.75,0.0,0.0,10.58,"26,500.00",10.55,"280,473.00",7,0.2,0.24,1.9,2.27,1.55,11.23,8.28,,
2023/08/01,159,NMB50,43.59,10.49,10.9,10.49,10.89,10.89,0.0,0.0,10.72,"5,875.00",10.70,"63,007.50",10,0.19,0.41,1.78,3.91,1.52,13.10,8.28,,
2023/08/02,161,NMB50,55.63,10.9,10.98,10.88,10.98,10.98,0.0,0.0,10.90,"664,160.00",10.89,"7,239,288.80",8,0.09,0.10,0.83,0.92,0.73,13.10,8.28,,
2023/08/03,157,NMB50,45.38,10.97,10.99,10.9,10.99,10.99,0.0,0.0,10.96,"5,130.00",10.98,"56,241.50",4,0.01,0.09,0.09,0.83,0.24,13.10,8.28,,
2023/08/06,161,NMB50,32.3,10.8,10.8,10.6,10.6,10.60,0.0,0.0,10.65,"1,300.00",10.99,"13,840.00",3,-0.39,0.20,-3.55,1.89,-0.44,12.90,8.28,,
2023/08/07,159,NMB50,34.49,10.8,10.8,10.61,10.7,10.70,0.0,0.0,10.66,"12,450.00",10.60,"132,779.00",8,0.1,0.19,0.94,1.79,0.33,12.90,8.28,,
2023/08/08,161,NMB50,30.99,10.6,10.6,10.51,10.51,10.51,0.0,0.0,10.54,"1,600.00",10.70,"16,861.00",4,-0.19,0.09,-1.78,0.86,-0.27,12.88,8.28,,
2023/08/09,161,NMB50,29.21,10.56,10.56,10.56,10.56,10.56,0.0,0.0,10.56,"1,900.00",10.51,"20,064.00",2,0.05,0.00,0.48,0.0,0.0,12.87,8.28,,
2023/08/10,163,NMB50,29.1,10.45,10.5,10.45,10.5,10.50,0.0,0.0,10.48,"2,100.00",10.56,"22,000.00",3,-0.06,0.05,-0.57,0.48,0.23,12.87,8.28,,
2023/08/13,160,NMB50,36.08,10.5,10.61,10.35,10.61,10.61,0.0,0.0,10.54,"37,895.00",10.50,"399,289.00",15,0.11,0.26,1.05,2.51,0.69,12.71,8.28,,
2023/08/14,168,NMB50,46.62,10.55,10.6,10.55,10.56,10.56,0.0,0.0,10.58,"4,170.00",10.61,"44,112.50",5,-0.05,0.05,-0.47,0.47,-0.18,12.71,8.28,,
2023/08/15,168,NMB50,27.54,10.5,10.5,10.4,10.42,10.42,0.0,0.0,10.44,"6,700.00",10.56,"69,966.00",8,-0.14,0.10,-1.33,0.96,-0.22,12.71,8.28,,
2023/08/16,161,NMB50,30.67,10.32,10.4,10.32,10.4,10.40,0.0,0.0,10.38,700.00,10.42,"7,264.00",2,-0.02,0.08,-0.19,0.78,0.22,11.23,8.28,,
2023/08/17,162,NMB50,28.53,10.6,10.6,10.46,10.5,10.50,0.0,0.0,10.50,"4,800.00",10.40,"50,384.00",4,0.1,0.14,0.96,1.34,0.03,11.23,8.28,,
2023/08/20,162,NMB50,41.84,10.3,10.6,10.3,10.6,10.60,0.0,0.0,10.53,"8,920.00",10.50,"93,925.00",10,0.1,0.30,0.95,2.91,0.66,11.23,8.28,,
2023/08/21,164,NMB50,46.5,10.6,10.6,10.55,10.6,10.60,0.0,0.0,10.55,"5,080.00",10.60,"53,613.80",6,0.0,0.05,0.0,0.47,0.43,11.23,8.28,,
2023/07/06,192,NMB50,27.71,10.05,10.25,10.05,10.25,10.25,0.0,0.0,10.21,"1,000.00",10.05,"10,214.00",2,0.2,0.2,1.99,1.99,0.35,12.03,9.57,10.73,10.61
2023/07/09,175,NMB50,37.74,10.2,10.45,10.2,10.45,10.45,0.0,0.0,10.44,"10,700.00",10.40,"111,680.00",4,0.05,0.25,0.48,2.45,0.12,13.10,8.28,,
2023/07/10,177,NMB50,40.41,10.4,10.4,10.38,10.39,10.39,0.0,0.0,10.40,"15,000.00",10.45,"155,940.00",4,-0.06,0.02,-0.57,0.19,-0.06,13.10,8.28,,
2023/07/11,169,NMB50,41.95,10.3,10.4,10.3,10.4,10.40,0.0,0.0,10.40,"64,275.00",10.39,"668,160.96",9,0.01,0.10,0.1,0.97,0.04,13.10,8.28,,
2023/07/12,177,NMB50,30.42,10.39,10.39,10.25,10.26,10.26,0.0,0.0,10.33,"1,300.00",10.40,"13,428.00",3,-0.14,0.14,-1.35,1.37,-0.67,13.10,8.28,,
2023/07/13,176,NMB50,43.83,10.4,10.65,10.4,10.45,10.45,0.0,0.0,10.47,"80,599.00",10.26,"843,922.10",6,0.19,0.25,1.85,2.4,-0.2,13.10,8.28,,
2023/07/16,177,NMB50,38.97,10.65,10.65,10.5,10.5,10.50,0.0,0.0,10.58,"5,700.00",10.45,"60,315.00",8,0.05,0.15,0.48,1.43,-0.78,13.10,8.28,,
2023/07/17,155,NMB50,42.55,10.51,10.6,10.51,10.6,10.60,0.0,0.0,10.53,"2,800.00",10.50,"29,497.00",5,0.1,0.09,0.95,0.86,0.62,13.10,8.28,,
2023/07/18,153,NMB50,44.45,10.61,10.61,10.61,10.61,10.61,0.0,0.0,10.61,200.00,10.60,"2,122.00",2,0.01,0.00,0.09,0.0,0.0,13.10,8.28,,
2023/07/19,157,NMB50,49.13,10.55,10.65,10.55,10.65,10.65,0.0,0.0,10.63,"10,600.00",10.61,"112,725.00",7,0.04,0.10,0.38,0.95,0.15,13.10,8.28,,
2023/07/20,161,NMB50,46.61,10.6,10.6,10.52,10.6,10.60,0.0,0.0,10.55,"8,960.00",10.65,"94,568.95",6,-0.05,0.08,-0.47,0.76,0.43,13.10,8.28,,
2023/07/23,161,NMB50,45.1,10.42,11.0,10.42,10.78,10.78,0.0,0.0,10.56,"3,925.00",10.60,"41,454.00",9,0.18,0.58,1.7,5.57,2.03,13.10,8.28,,
2023/07/24,162,NMB50,58.56,10.78,10.85,10.59,10.8,10.80,0.0,0.0,10.72,"10,250.00",10.78,"109,885.00",13,0.02,0.26,0.19,2.46,0.74,13.10,8.28,,
2023/07/25,163,NMB50,43.74,10.7,11.23,10.7,10.71,10.71,0.0,0.0,10.79,"2,000.00",10.80,"21,579.00",8,-0.09,0.53,-0.83,4.95,-0.74,13.10,8.28,,
2023/07/26,158,NMB50,57.12,10.58,10.68,10.58,10.68,10.68,0.0,0.0,10.61,"37,325.00",10.71,"395,886.50",6,-0.03,0.10,-0.28,0.95,0.69,13.10,8.28,,
2023/07/27,165,NMB50,46.73,10.5,10.72,10.5,10.7,10.70,0.0,0.0,10.64,"18,375.00",10.68,"195,600.00",10,0.02,0.22,0.19,2.1,0.51,13.10,8.28,,
2023/06/12,171,NMB50,41.21,9.43,9.51,9.32,9.5,9.50,0.0,0.0,9.36,"25,500.00",9.42,"238,589.00",13,0.08,0.19,0.85,2.04,1.51,13.53,8.28,,
2023/06/13,163,NMB50,56.91,9.66,9.69,9.6,9.69,9.69,0.0,0.0,9.64,"12,366.00",9.50,"119,169.40",7,0.19,0.09,2.0,0.94,0.55,13.53,8.28,,
2023/06/14,164,NMB50,54.58,9.69,9.85,9.69,9.76,9.76,0.0,0.0,9.80,"6,650.00",9.69,"65,182.50",10,0.07,0.16,0.72,1.65,-0.43,13.53,8.28,,
2023/06/15,161,NMB50,58.61,9.71,9.84,9.71,9.8,9.80,0.0,0.0,9.72,"35,662.00",9.76,"346,805.50",12,0.04,0.13,0.41,1.34,0.77,13.53,8.28,,
2023/06/18,170,NMB50,62.55,9.71,9.99,9.71,9.9,9.90,0.0,0.0,9.89,"51,975.00",9.80,"513,783.50",9,0.1,0.28,1.02,2.88,0.15,13.53,8.28,,
2023/06/19,162,NMB50,57.22,10.0,10.4,9.71,10.0,10.00,0.0,0.0,10.11,"192,265.00",9.90,"1,943,098.75",47,0.10,0.69,1.01,7.11,-1.06,13.53,8.28,,
2023/06/20,161,NMB50,50.78,10.1,10.25,10.1,10.25,10.25,0.0,0.0,10.11,"25,100.00",10.00,"253,855.00",12,0.25,0.15,2.5,1.49,1.33,13.53,8.28,,
2023/06/21,192,NMB50,27.71,10.05,10.25,10.05,10.25,10.25,0.0,0.0,10.21,"1,000.00",10.05,"10,214.00",2,0.2,0.2,1.99,1.99,0.35,12.03,9.57,10.73,10.61
2023/06/22,192,NMB50,27.71,10.05,10.25,10.05,10.25,10.25,0.0,0.0,10.21,"1,000.00",10.05,"10,214.00",2,0.2,0.2,1.99,1.99,0.35,12.03,9.57,10.73,10.61
2023/06/25,161,NMB50,62.61,9.9,10.89,9.89,10.89,10.89,0.0,0.0,10.57,"168,612.00",9.90,"1,782,200.98",31,0.99,1.00,10.0,10.11,2.94,13.53,8.28,,
2023/06/26,169,NMB50,50.66,10.68,10.68,10.5,10.55,10.55,0.0,0.0,10.51,"26,800.00",10.89,"281,606.00",11,-0.34,0.18,-3.12,1.71,0.4,13.53,8.28,,
2023/06/27,165,NMB50,57.14,10.4,10.97,10.4,10.97,10.97,0.0,0.0,10.86,"45,700.00",10.55,"496,200.00",7,0.42,0.57,3.98,5.48,1.02,13.53,8.28,,
2023/06/28,167,NMB50,53.19,10.95,10.95,10.95,10.95,10.95,0.0,0.0,10.95,"25,000.00",10.97,"273,750.00",2,-0.02,0.0,-0.18,0.0,0.0,13.53,8.28,,
2023/07/02,174,NMB50,39.45,11.15,11.15,10.5,10.5,10.50,0.0,0.0,10.60,"18,700.00",10.95,"198,293.00",11,-0.45,0.65,-4.11,6.19,-0.99,13.25,8.28,,
2023/07/03,166,NMB50,41.69,10.3,10.5,10.29,10.45,10.45,0.0,0.0,10.41,"29,380.00",10.50,"305,780.30",10,-0.05,0.21,-0.48,2.04,0.4,13.25,8.28,,
2023/07/04,170,NMB50,34.53,10.4,10.4,10.4,10.4,10.40,0.0,0.0,10.40,200.00,10.45,"2,080.00",1,-0.05,0.0,-0.48,0.0,0.0,13.10,8.28,,
2023/05/16,162,NMB50,34.39,9.2,9.2,9.2,9.2,9.20,0.0,0.0,9.20,"7,000.00",9.13,"64,400.00",1,0.07,0.0,0.77,0.0,0.0,13.53,8.28,,
2023/05/17,157,NMB50,25.86,9.13,9.2,9.1,9.2,9.20,0.0,0.0,9.10,"3,100.00",9.20,"28,223.30",3,0.0,0.1,0.0,1.1,1.04,13.53,8.28,,
2023/05/18,157,NMB50,25.68,9.02,9.02,9.02,9.02,9.02,0.0,0.0,9.02,650.00,9.20,"5,863.00",2,-0.18,0.0,-1.96,0.0,0.0,13.53,8.28,,
2023/05/21,165,NMB50,47.83,9.15,9.37,9.15,9.37,9.37,0.0,0.0,9.23,"5,370.00",9.02,"49,572.50",7,0.35,0.22,3.88,2.4,1.48,13.53,8.28,,
2023/05/22,162,NMB50,41.19,9.38,9.46,9.2,9.2,9.20,0.0,0.0,9.28,"33,450.00",9.37,"310,263.00",7,-0.17,0.26,-1.81,2.83,-0.82,13.53,8.28,,
2023/05/23,162,NMB50,42.87,9.25,9.3,9.25,9.3,9.30,0.0,0.0,9.26,"4,575.00",9.20,"42,367.50",4,0.10,0.05,1.09,0.54,0.42,13.53,8.28,,
2023/05/28,159,NMB50,49.33,9.46,9.46,9.4,9.4,9.40,0.0,0.0,9.42,330.00,9.30,"3,109.80",2,0.10,0.06,1.08,0.64,-0.25,13.53,8.28,,
2023/05/30,162,NMB50,46.12,9.3,9.39,9.22,9.39,9.39,0.0,0.0,9.28,"15,210.00",9.40,"141,083.95",8,-0.01,0.17,-0.11,1.84,1.22,13.53,8.28,,
2023/05/31,154,NMB50,39.98,9.26,9.26,9.26,9.26,9.26,0.0,0.0,9.26,715.00,9.39,"6,620.90",1,-0.13,0.00,-1.38,0.0,0.0,13.53,8.28,,
2023/06/01,162,NMB50,39.08,9.25,9.27,9.09,9.27,9.27,0.0,0.0,9.15,"13,640.00",9.26,"124,861.60",8,0.01,0.18,0.11,1.98,1.25,13.53,8.28,,
2023/06/04,160,NMB50,43.85,9.39,9.45,9.2,9.27,9.27,0.0,0.0,9.34,"27,200.00",9.27,"254,110.00",5,0.00,0.25,0.0,2.72,-0.78,13.53,8.28,,
2023/06/05,165,NMB50,43.85,9.17,9.45,9.17,9.45,9.45,0.0,0.0,9.41,"9,488.00",9.27,"89,300.80",9,0.18,0.28,1.94,3.05,0.4,13.53,8.28,,
2023/06/06,159,NMB50,51.79,9.3,9.69,9.3,9.61,9.61,0.0,0.0,9.58,"6,100.00",9.45,"58,448.00",7,0.16,0.39,1.69,4.19,0.3,13.53,8.28,,
2023/06/07,153,NMB50,45.7,9.45,9.45,9.45,9.45,9.45,0.0,0.0,9.45,"1,300.00",9.61,"12,285.00",1,-0.16,0.0,-1.66,0.0,0.0,13.53,8.28,,
2023/06/08,162,NMB50,53.52,9.46,9.58,9.46,9.46,9.46,0.0,0.0,9.57,"16,600.00",9.45,"158,827.84",11,0.01,0.12,0.11,1.27,-1.14,13.53,8.28,,
2023/04/23,154,NMB50,24.25,8.8,8.9,8.66,8.9,8.90,0.0,0.0,8.85,"1,575.00",8.96,"13,946.50",5,-0.06,0.24,-0.67,2.77,0.51,13.53,8.28,,
2023/04/24,157,NMB50,35.3,8.75,8.92,8.75,8.85,8.85,0.0,0.0,8.86,"13,000.00",8.90,"115,167.50",7,-0.05,0.17,-0.56,1.94,-0.1,13.53,8.28,,
2023/04/25,151,NMB50,45.13,8.68,9.08,8.68,9.08,9.08,0.0,0.0,9.00,"7,225.00",8.85,"65,016.00",5,0.23,0.4,2.6,4.61,0.89,13.53,8.28,,
2023/04/26,154,NMB50,31.46,9.26,9.26,9.0,9.0,9.00,0.0,0.0,9.09,300.00,9.08,"2,726.00",2,-0.08,0.26,-0.88,2.89,-0.96,13.53,8.28,,
2023/04/27,157,NMB50,37.21,8.85,9.18,8.85,9.18,9.18,0.0,0.0,9.01,"1,100.00",9.00,"9,906.00",5,0.18,0.33,2.0,3.73,1.9,13.53,8.28,,
2023/04/30,159,NMB50,37.23,9.29,9.29,9.01,9.01,9.01,0.0,0.0,9.16,"1,600.00",9.18,"14,656.00",4,-0.17,0.28,-1.85,3.11,-1.66,13.53,8.28,,
2023/05/02,161,NMB50,34.61,8.85,9.02,8.85,9.02,9.02,0.0,0.0,8.91,"3,425.00",9.01,"30,521.25",4,0.01,0.17,0.11,1.92,1.2,13.53,8.28,,
2023/05/03,155,NMB50,42.2,9.01,9.2,9.01,9.2,9.20,0.0,0.0,9.18,"6,100.00",9.02,"55,971.00",4,0.18,0.19,2.0,2.11,0.27,13.53,8.28,,
2023/05/04,163,NMB50,29.78,9.2,9.2,9.15,9.15,9.15,0.0,0.0,9.18,"6,580.00",9.20,"60,426.00",7,-0.05,0.05,-0.54,0.55,-0.36,13.53,8.28,,
2023/05/07,156,NMB50,37.03,9.1,9.15,9.1,9.15,9.15,0.0,0.0,9.10,"5,200.00",9.15,"47,330.00",2,0.0,0.05,0.0,0.55,0.53,13.53,8.28,,
2023/05/08,160,NMB50,29.01,9.05,9.05,9.05,9.05,9.05,0.0,0.0,9.05,"1,500.00",9.15,"13,575.00",2,-0.1,0.00,-1.09,0.0,0.0,13.53,8.28,,
2023/05/09,157,NMB50,35.63,8.92,9.26,8.92,9.24,9.24,0.0,0.0,9.10,"8,750.00",9.05,"79,584.00",6,0.19,0.34,2.1,3.81,1.57,13.53,8.28,,
2023/05/10,156,NMB50,29.68,9.4,9.4,9.3,9.3,9.30,0.0,0.0,9.32,600.00,9.24,"5,590.00",2,0.06,0.1,0.65,1.08,-0.18,13.53,8.28,,
2023/05/14,155,NMB50,36.15,9.4,9.4,9.22,9.3,9.30,0.0,0.0,9.36,"10,175.00",9.30,"95,192.55",11,0.0,0.18,0.0,1.95,-0.6,13.53,8.28,,
2023/06/11,164,NMB50,39.47,9.45,9.46,9.42,9.42,9.42,0.0,0.0,9.45,"2,840.00",9.46,"26,847.80",3,-0.04,0.04,-0.42,0.42,-0.36,13.53,8.28,,
2023/07/05,164,NMB50,31.09,10.25,10.45,10.25,10.35,10.35,0.0,0.0,10.38,"6,330.00",10.40,"65,689.50",10,-0.05,0.20,-0.48,1.95,-0.27,13.10,8.28,,
2023/07/30,159,NMB50,36.53,10.5,10.91,10.5,10.7,10.70,0.0,0.0,10.69,"1,700.00",10.70,"18,171.00",4,0.0,0.41,0.0,3.9,0.1,13.10,8.28,,
2023/08/22,169,NMB50,49.54,10.61,10.7,10.6,10.7,10.70,0.0,0.0,10.64,"11,291.00",10.60,"120,192.60",5,0.1,0.1,0.94,0.94,0.51,11.23,8.28,,
2023/09/19,166,NMB50,54.51,10.96,11.17,10.5,11.05,11.05,0.0,0.0,10.66,"180,300.00",10.75,"1,921,566.00",52,0.3,0.67,2.79,6.38,3.55,11.23,8.28,,
2023/10/17,175,NMB50,39.2,9.5,9.5,9.4,9.5,9.50,0.0,0.0,9.50,"3,918.00",9.52,"37,206.00",5,-0.02,0.1,-0.21,1.06,0.04,11.50,8.28,,
2023/11/26,176,NMB50,46.79,9.04,9.22,9.04,9.22,9.22,0.0,0.0,9.21,"5,400.00",9.21,"49,734.00",5,0.01,0.18,0.11,1.99,0.11,11.50,8.28,,
2024/01/17,182,NMB50,68.26,9.97,9.98,9.97,9.97,9.97,0.0,0.0,9.97,"530,574.00",9.98,"5,289,908.02",17,-0.01,0.01,-0.1,0.1,0.0,11.50,8.66,,
2024/02/11,186,NMB50,47.13,9.43,9.43,9.14,9.3,9.30,0.0,0.0,9.37,"9,000.00",9.29,"84,323.50",9,0.01,0.29,0.11,3.17,-0.74,11.50,8.66,,
2024/03/06,189,NMB50,46.81,9.52,9.8,9.52,9.8,9.80,0.0,0.0,9.59,"5,120.00",9.71,"49,104.00",7,0.09,0.28,0.93,2.94,2.14,11.50,8.66,,
2024/04/02,192,NMB50,58.37,9.2,9.56,9.2,9.56,9.56,0.0,0.0,9.34,"50,066.00",9.24,"467,553.10",21,0.32,0.36,3.46,3.91,2.31,11.50,8.66,,
2024/05/02,187,NMB50,41.78,9.35,9.53,9.35,9.35,9.35,0.0,0.0,9.42,"19,990.00",9.52,"188,326.50",14,-0.17,0.18,-1.79,1.93,-0.76,11.50,8.71,,
2024/05/29,186,NMB50,43.06,9.98,9.98,9.86,9.9,9.90,0.0,0.0,9.93,"38,981.00",9.98,"386,914.38",11,-0.08,0.12,-0.8,1.22,-0.26,11.50,8.71,,
2024/06/24,196,NMB50,36.97,9.78,9.78,9.68,9.75,9.75,0.0,0.0,9.71,"3,100.00",9.59,"30,116.30",5,0.16,0.10,1.67,1.03,0.36,11.50,8.71,,
2023/03/28,154,NMB50,31.79,9.0,9.28,9.0,9.26,9.26,0.0,0.0,9.19,"15,415.00",8.90,"141,642.20",12,0.36,0.28,4.04,3.11,0.77,13.53,8.28,,
2023/03/29,153,NMB50,38.42,9.1,9.23,9.1,9.23,9.23,0.0,0.0,9.20,"1,600.00",9.26,"14,715.00",3,-0.03,0.13,-0.32,1.43,0.36,13.53,8.28,,
2023/03/30,151,NMB50,41.35,9.05,9.05,9.05,9.05,9.05,0.0,0.0,9.05,"10,000.00",9.23,"90,500.00",1,-0.18,0.0,-1.95,0.0,0.0,13.53,8.28,,
2023/04/02,192,NMB50,27.71,10.05,10.25,10.05,10.25,10.25,0.0,0.0,10.21,"1,000.00",10.05,"10,214.00",2,0.2,0.2,1.99,1.99,0.35,12.03,9.57,10.73,10.61
2023/04/03,153,NMB50,23.91,9.12,9.12,8.81,8.85,8.85,0.0,0.0,8.87,"7,715.00",8.95,"68,455.50",6,-0.1,0.31,-1.12,3.52,-0.26,13.53,8.28,,
2023/04/04,156,NMB50,21.82,8.75,8.92,8.75,8.92,8.92,0.0,0.0,8.87,945.00,8.85,"8,378.40",2,0.07,0.17,0.79,1.94,0.61,13.53,8.28,,
2023/04/05,153,NMB50,28.25,8.87,8.87,8.87,8.87,8.87,0.0,0.0,8.87,100.00,8.92,887.00,1,-0.05,0.0,-0.56,0.0,0.0,13.53,8.28,,
2023/04/09,161,NMB50,31.23,8.85,9.0,8.85,8.88,8.88,0.0,0.0,8.89,"4,600.00",8.87,"40,905.00",4,0.01,0.15,0.11,1.69,-0.14,13.53,8.28,,
2023/04/10,154,NMB50,29.3,8.88,8.88,8.8,8.8,8.80,0.0,0.0,8.81,900.00,8.88,"7,933.00",5,-0.08,0.08,-0.9,0.91,-0.16,13.53,8.28,,
2023/04/11,155,NMB50,44.21,8.97,9.13,8.79,9.13,9.13,0.0,0.0,8.81,"8,525.00",8.80,"75,087.25",7,0.33,0.34,3.75,3.87,3.53,13.53,8.28,,
2023/04/12,158,NMB50,51.49,9.26,9.3,9.1,9.3,9.30,0.0,0.0,9.27,"14,620.00",9.13,"135,545.65",11,0.17,0.20,1.86,2.2,0.31,13.53,8.28,,
2023/04/13,192,NMB50,27.71,10.05,10.25,10.05,10.25,10.25,0.0,0.0,10.21,"1,000.00",10.05,"10,214.00",2,0.2,0.2,1.99,1.99,0.35,12.03,9.57,10.73,10.61
2023/04/17,156,NMB50,44.17,9.13,9.13,9.0,9.1,9.10,0.0,0.0,9.11,"8,480.00",9.16,"77,293.00",5,-0.06,0.13,-0.66,1.44,-0.16,13.53,8.28,,
2023/04/18,154,NMB50,32.75,9.0,9.09,8.9,9.07,9.07,0.0,0.0,9.02,"16,890.00",9.10,"152,351.65",11,-0.03,0.19,-0.33,2.13,0.55,13.53,8.28,,
2023/02/28,158,NMB50,21.05,9.45,9.45,9.14,9.14,9.14,0.0,0.0,9.22,"1,300.00",9.27,"11,985.00",9,-0.13,0.31,-1.4,3.39,-0.87,13.53,8.28,,
2023/03/01,152,NMB50,38.92,9.06,9.25,9.06,9.15,9.15,0.0,0.0,9.22,"24,500.00",9.14,"225,799.00",8,0.01,0.19,0.11,2.1,-0.72,13.53,8.28,,
2023/03/02,153,NMB50,32.91,9.1,9.1,9.05,9.05,9.05,0.0,0.0,9.07,"42,750.00",9.15,"387,665.00",8,-0.1,0.05,-1.09,0.55,-0.2,13.53,8.28,,
2023/03/05,154,NMB50,41.67,9.2,9.38,9.2,9.38,9.38,0.0,0.0,9.21,"20,700.00",9.05,"190,723.00",9,0.33,0.18,3.65,1.96,1.77,13.53,8.28,,
2023/03/07,155,NMB50,41.85,9.51,9.51,9.07,9.48,9.48,0.0,0.0,9.12,"24,900.00",9.38,"226,998.00",12,0.1,0.44,1.07,4.85,3.84,13.53,8.28,,
2023/03/09,152,NMB50,46.02,9.48,9.64,9.22,9.43,9.43,0.0,0.0,9.31,"56,400.00",9.48,"524,957.00",14,-0.05,0.42,-0.53,4.56,1.3,13.53,8.28,,
2023/03/12,154,NMB50,35.83,9.5,9.5,9.07,9.07,9.07,0.0,0.0,9.24,"27,500.00",9.43,"254,194.00",12,-0.36,0.43,-3.82,4.74,-1.91,13.53,8.28,,
2023/03/13,153,NMB50,17.47,9.07,9.07,9.03,9.03,9.03,0.0,0.0,9.03,"5,100.00",9.07,"46,073.60",3,-0.04,0.04,-0.44,0.44,-0.04,13.53,8.28,,
2023/03/14,152,NMB50,21.47,9.2,9.21,9.2,9.21,9.21,0.0,0.0,9.21,"4,500.00",9.03,"41,440.00",4,0.18,0.01,1.99,0.11,0.01,13.53,8.28,,
2023/03/15,192,NMB50,27.71,10.05,10.25,10.05,10.25,10.25,0.0,0.0,10.21,"1,000.00",10.05,"10,214.00",2,0.2,0.2,1.99,1.99,0.35,12.03,9.57,10.73,10.61
2023/03/16,150,NMB50,34.72,9.21,9.21,9.1,9.1,9.10,0.0,0.0,9.12,"1,182.00",9.21,"10,781.50",2,-0.11,0.11,-1.19,1.21,-0.24,13.53,8.28,,
2023/03/19,152,NMB50,34.14,9.01,9.01,8.93,8.93,8.93,0.0,0.0,8.95,"10,500.00",9.10,"93,935.00",6,-0.17,0.08,-1.87,0.9,-0.18,13.53,8.28,,
2023/03/20,152,NMB50,32.91,9.1,9.1,8.93,8.93,8.93,0.0,0.0,8.97,"13,650.00",8.93,"122,469.50",10,0.0,0.17,0.0,1.9,-0.47,13.53,8.28,,
2023/03/22,156,NMB50,34.46,9.1,9.44,9.1,9.44,9.44,0.0,0.0,9.34,"1,200.00",8.93,"11,209.00",4,0.51,0.34,5.71,3.74,1.05,13.53,8.28,,
2023/03/23,155,NMB50,37.67,9.28,9.3,9.12,9.12,9.12,0.0,0.0,9.27,"10,000.00",9.44,"92,690.00",3,-0.32,0.18,-3.39,1.97,-1.63,13.53,8.28,,
2023/03/26,154,NMB50,34.97,8.99,9.0,8.99,9.0,9.00,0.0,0.0,9.00,"6,800.00",9.12,"61,187.00",8,-0.12,0.01,-1.32,0.11,0.02,13.53,8.28,,
2023/02/01,153,NMB50,39.34,9.7,9.78,9.58,9.58,9.58,0.0,0.0,9.62,"60,220.00",9.85,"579,364.50",17,-0.27,0.2,-2.74,2.09,-0.43,13.53,8.28,,
2023/02/02,154,NMB50,32.18,9.75,9.75,9.56,9.7,9.70,0.0,0.0,9.60,"18,660.00",9.58,"179,146.30",11,0.12,0.19,1.25,1.99,1.03,13.53,8.28,,
2023/02/03,192,NMB50,27.71,10.05,10.25,10.05,10.25,10.25,0.0,0.0,10.21,"1,000.00",10.05,"10,214.00",2,0.2,0.2,1.99,1.99,0.35,12.03,9.57,10.73,10.61
2023/02/05,154,NMB50,27.51,9.51,9.7,9.45,9.51,9.51,0.0,0.0,9.55,430.00,9.70,"4,106.30",5,-0.19,0.25,-1.96,2.65,-0.42,13.53,8.28,,
2023/02/06,153,NMB50,26.34,9.52,9.52,9.52,9.52,9.52,0.0,0.0,9.52,200.00,9.51,"1,904.00",1,0.01,0.0,0.11,0.0,0.0,13.53,8.28,,
2023/02/07,155,NMB50,45.6,9.36,9.79,9.36,9.64,9.64,0.0,0.0,9.41,"48,250.00",9.52,"454,117.00",21,0.12,0.43,1.26,4.59,2.37,13.53,8.28,,
2023/02/08,153,NMB50,41.16,9.45,9.89,9.3,9.7,9.70,0.0,0.0,9.59,"20,943.00",9.64,"200,883.14",11,0.06,0.59,0.62,6.34,1.11,13.53,8.28,,
2023/02/09,154,NMB50,42.72,9.7,9.7,9.55,9.56,9.56,0.0,0.0,9.57,"26,000.00",9.70,"248,800.00",8,-0.14,0.15,-1.44,1.57,-0.1,13.53,8.28,,
2023/02/12,149,NMB50,37.31,9.56,9.57,9.37,9.37,9.37,0.0,0.0,9.44,"11,350.00",9.56,"107,159.00",12,-0.19,0.2,-1.99,2.13,-0.76,13.53,8.28,,
2023/02/14,152,NMB50,46.43,9.2,9.74,9.2,9.74,9.74,0.0,0.0,9.57,"17,400.00",9.37,"166,569.70",14,0.37,0.54,3.95,5.87,1.71,13.53,8.28,,
2023/02/15,152,NMB50,35.95,9.65,9.88,9.55,9.55,9.55,0.0,0.0,9.75,"41,551.00",9.74,"405,164.15",10,-0.19,0.33,-1.95,3.46,-2.1,13.53,8.28,,
2023/02/16,152,NMB50,33.13,9.5,9.5,9.41,9.41,9.41,0.0,0.0,9.45,"9,525.00",9.55,"90,007.25",10,-0.14,0.09,-1.47,0.96,-0.42,13.53,8.28,,
2023/02/20,154,NMB50,53.24,9.59,9.77,9.27,9.6,9.60,0.0,0.0,9.77,"1,334,100.00",9.41,"13,029,952.00",16,0.19,0.5,2.02,5.39,-1.74,13.53,8.28,,
2023/02/22,162,NMB50,45.74,9.43,9.78,9.43,9.78,9.78,0.0,0.0,9.63,"2,600.00",9.60,"25,043.00",4,0.18,0.35,1.88,3.71,1.51,13.53,8.28,,
2023/02/23,155,NMB50,30.92,9.59,9.59,9.24,9.24,9.24,0.0,0.0,9.42,"27,850.00",9.78,"262,372.50",11,-0.54,0.35,-5.52,3.79,-1.96,13.53,8.28,,
2023/02/26,154,NMB50,36.71,9.39,9.39,9.07,9.3,9.30,0.0,0.0,9.20,"18,900.00",9.24,"173,831.00",7,0.06,0.32,0.65,3.53,1.1,13.53,8.28,,
2023/01/03,157,NMB50,40.44,8.79,9.36,8.79,9.36,9.36,0.0,0.0,9.04,"6,750.00",8.93,"60,998.00",11,0.43,0.57,4.82,6.48,3.45,13.68,8.28,,
2023/01/04,157,NMB50,55.04,9.25,9.5,9.0,9.48,9.48,0.0,0.0,9.29,"16,639.00",9.36,"154,650.80",13,0.12,0.5,1.28,5.56,1.96,13.68,8.28,,
2023/01/05,155,NMB50,51.45,9.65,9.65,9.24,9.49,9.49,0.0,0.0,9.46,"59,741.00",9.48,"564,944.59",17,0.01,0.41,0.11,4.44,0.35,13.68,8.28,,
2023/01/08,158,NMB50,59.58,9.67,10.05,9.32,9.32,9.32,0.0,0.0,9.65,"186,450.00",9.49,"1,799,054.60",31,-0.17,0.73,-1.79,7.83,-3.53,13.68,8.28,,
2023/01/09,156,NMB50,56.79,9.15,10.01,9.15,10.01,10.01,0.0,0.0,9.74,"48,700.00",9.32,"474,534.00",19,0.69,0.86,7.4,9.4,2.66,13.68,8.28,,
2023/01/10,152,NMB50,50.47,10.21,10.21,9.83,9.84,9.84,0.0,0.0,9.86,"9,100.00",10.01,"89,765.30",11,-0.17,0.38,-1.7,3.87,-0.25,13.68,8.28,,
2023/01/12,150,NMB50,51.0,9.9,9.9,9.67,9.7,9.70,0.0,0.0,9.79,"17,200.00",9.84,"168,377.75",9,-0.14,0.23,-1.42,2.38,-0.92,13.68,8.28,,
2023/01/17,151,NMB50,62.99,9.89,9.89,9.6,9.7,9.70,0.0,0.0,9.87,"326,670.00",9.70,"3,223,581.00",12,0.0,0.29,0.0,3.02,-1.73,13.68,8.28,,
2023/01/18,148,NMB50,41.17,9.75,9.75,9.71,9.71,9.71,0.0,0.0,9.72,"26,100.00",9.70,"253,670.00",7,0.01,0.04,0.1,0.41,-0.09,13.68,8.28,,
2023/01/19,146,NMB50,50.74,9.55,9.9,9.52,9.9,9.90,0.0,0.0,9.85,"118,513.00",9.71,"1,167,121.23",19,0.19,0.38,1.96,3.99,0.52,13.65,8.28,,
2023/01/23,154,NMB50,44.74,10.09,10.09,9.71,9.9,9.90,0.0,0.0,9.89,"18,569.00",9.90,"183,728.07",14,0.0,0.38,0.0,3.91,0.06,13.65,8.28,,
2023/01/24,150,NMB50,43.03,9.71,9.8,9.68,9.8,9.80,0.0,0.0,9.71,600.00,9.90,"5,823.00",3,-0.1,0.12,-1.01,1.24,0.97,13.53,8.28,,
2023/01/25,152,NMB50,44.28,9.8,9.99,9.8,9.8,9.80,0.0,0.0,9.93,"32,583.00",9.80,"323,608.21",18,0.0,0.19,0.0,1.94,-1.35,13.53,8.28,,
2023/01/26,151,NMB50,41.87,9.61,10.17,9.61,10.17,10.17,0.0,0.0,9.76,"7,200.00",9.80,"70,296.00",7,0.37,0.56,3.78,5.83,4.0,13.53,8.28,,
2023/01/29,155,NMB50,36.79,10.09,10.1,9.97,9.97,9.97,0.0,0.0,10.04,"1,900.00",10.17,"19,068.00",4,-0.2,0.13,-1.97,1.3,-0.66,13.53,8.28,,
2023/01/30,152,NMB50,43.82,9.8,9.89,9.61,9.89,9.89,0.0,0.0,9.66,"21,430.00",9.97,"207,098.70",16,-0.08,0.28,-0.8,2.91,2.29,13.53,8.28,,
2022/12/07,152,NMB50,35.58,8.76,8.76,8.55,8.55,8.55,0.0,0.0,8.64,"100,214.00",8.75,"866,040.70",18,-0.2,0.21,-2.29,2.46,-1.08,13.68,8.55,,
2022/12/11,156,NMB50,28.97,8.41,8.73,8.41,8.73,8.73,0.0,0.0,8.55,"2,000.00",8.55,"17,094.00",9,0.18,0.32,2.11,3.8,2.1,13.68,8.41,,
2022/12/12,152,NMB50,29.01,8.9,8.9,8.9,8.9,8.90,0.0,0.0,8.90,"1,000.00",8.73,"8,900.00",2,0.17,0.0,1.95,0.0,0.0,13.68,8.41,,
2022/12/13,151,NMB50,45.81,9.06,9.06,8.88,9.06,9.06,0.0,0.0,8.91,"2,400.00",8.90,"21,373.00",6,0.16,0.18,1.8,2.03,1.71,13.68,8.41,,
2022/12/14,152,NMB50,45.69,9.24,9.42,8.89,9.12,9.12,0.0,0.0,8.98,"13,400.00",9.06,"120,340.00",21,0.06,0.53,0.66,5.96,1.53,13.68,8.41,,
2022/12/15,158,NMB50,43.09,8.94,8.94,8.65,8.72,8.72,0.0,0.0,8.75,"37,175.00",9.12,"325,301.75",17,-0.4,0.29,-4.39,3.35,-0.35,13.68,8.41,,
2022/12/18,152,NMB50,39.21,8.72,8.72,8.42,8.42,8.42,0.0,0.0,8.61,"42,300.00",8.72,"364,221.00",12,-0.3,0.3,-3.44,3.56,-2.26,13.68,8.41,,
2022/12/19,153,NMB50,33.02,8.58,8.68,8.28,8.68,8.68,0.0,0.0,8.52,"2,775.00",8.42,"23,640.75",6,0.26,0.4,3.09,4.83,1.85,13.68,8.28,,
2022/12/20,156,NMB50,38.27,8.75,8.75,8.52,8.52,8.52,0.0,0.0,8.59,"42,830.00",8.68,"367,776.70",14,-0.16,0.23,-1.84,2.7,-0.79,13.68,8.28,,
2022/12/21,154,NMB50,41.93,8.37,8.53,8.37,8.51,8.51,0.0,0.0,8.51,"69,250.00",8.52,"589,366.50",14,-0.01,0.16,-0.12,1.91,-0.01,13.68,8.28,,
2022/12/22,149,NMB50,41.39,8.37,8.47,8.37,8.43,8.43,0.0,0.0,8.43,"22,681.00",8.51,"191,197.33",8,-0.08,0.1,-0.94,1.19,0.0,13.68,8.28,,
2022/12/26,151,NMB50,46.42,8.59,8.93,8.59,8.93,8.93,0.0,0.0,8.90,"16,175.00",8.43,"143,906.00",8,0.5,0.34,5.93,3.96,0.37,13.68,8.28,,
2022/12/27,159,NMB50,55.91,8.99,9.18,8.88,9.18,9.18,0.0,0.0,9.02,"73,000.00",8.93,"658,145.00",11,0.25,0.30,2.8,3.38,1.79,13.68,8.28,,
2022/12/28,192,NMB50,27.71,10.05,10.25,10.05,10.25,10.25,0.0,0.0,10.21,"1,000.00",10.05,"10,214.00",2,0.2,0.2,1.99,1.99,0.35,12.03,9.57,10.73,10.61
2022/12/29,157,NMB50,53.08,9.54,9.54,9.01,9.01,9.01,0.0,0.0,9.12,"38,200.00",9.36,"348,448.00",9,-0.35,0.53,-3.74,5.88,-1.24,13.68,8.28,,
2023/01/01,161,NMB50,55.81,9.0,9.7,9.0,9.38,9.38,0.0,0.0,9.42,"70,923.00",9.01,"667,849.21",24,0.37,0.70,4.11,7.78,-0.39,13.68,8.28,,
2022/11/13,141,NMB50,21.59,9.12,9.15,9.12,9.15,9.15,0.0,0.0,9.14,550.00,9.30,"5,026.50",3,-0.15,0.03,-1.61,0.33,0.12,13.68,8.77,,
2022/11/14,141,NMB50,25.02,9.33,9.33,9.33,9.33,9.33,0.0,0.0,9.33,482.00,9.15,"4,497.06",1,0.18,0.0,1.97,0.0,0.0,13.68,8.77,,
2022/11/15,141,NMB50,30.66,9.15,9.15,9.0,9.14,9.14,0.0,0.0,9.03,"8,100.00",9.33,"73,151.00",6,-0.19,0.15,-2.04,1.67,1.19,13.68,8.77,,
2022/11/16,143,NMB50,29.89,9.0,9.01,8.98,8.98,8.98,0.0,0.0,8.99,"8,918.00",9.14,"80,165.64",8,-0.16,0.03,-1.75,0.33,-0.1,13.68,8.77,,
2022/11/17,137,NMB50,40.37,9.15,9.15,9.15,9.15,9.15,0.0,0.0,9.15,"5,100.00",8.98,"46,665.00",2,0.17,0.00,1.89,0.0,0.0,13.68,8.77,,
2022/11/19,192,NMB50,27.71,10.05,10.25,10.05,10.25,10.25,0.0,0.0,10.21,"1,000.00",10.05,"10,214.00",2,0.2,0.2,1.99,1.99,0.35,12.03,9.57,10.73,10.61
2022/11/24,143,NMB50,48.21,9.15,9.51,9.15,9.51,9.51,0.0,0.0,9.40,"6,609.00",9.15,"62,145.32",6,0.36,0.36,3.93,3.93,1.12,13.68,8.77,,
2022/11/27,148,NMB50,49.53,9.51,9.6,9.41,9.41,9.41,0.0,0.0,9.49,"3,810.00",9.51,"36,161.00",5,-0.1,0.19,-1.05,2.02,-0.86,13.68,8.77,,
2022/11/28,148,NMB50,46.91,9.23,9.26,9.23,9.26,9.26,0.0,0.0,9.24,460.00,9.41,"4,250.80",3,-0.15,0.03,-1.59,0.33,0.21,13.68,8.77,,
2022/12/04,151,NMB50,46.45,9.26,9.26,9.09,9.1,9.10,0.0,0.0,9.14,"20,670.00",9.26,"188,930.20",7,-0.16,0.17,-1.73,1.87,-0.44,13.68,8.77,,
2022/10/11,142,NMB50,42.46,9.55,9.6,9.54,9.6,9.60,0.0,0.0,9.55,"7,500.00",9.54,"71,632.50",6,0.06,0.06,0.63,0.63,0.51,13.68,8.77,,
2022/10/12,136,NMB50,39.81,9.61,9.61,9.6,9.6,9.60,0.0,0.0,9.61,700.00,9.60,"6,724.00",3,0.0,0.01,0.0,0.1,-0.06,13.68,8.77,,
2022/10/13,136,NMB50,40.32,9.74,9.75,9.74,9.75,9.75,0.0,0.0,9.75,462.00,9.60,"4,502.50",2,0.15,0.01,1.56,0.1,0.04,13.68,8.77,,
2022/10/16,134,NMB50,46.15,9.8,9.8,9.56,9.56,9.56,0.0,0.0,9.68,"22,950.00",9.75,"222,057.50",7,-0.19,0.24,-1.95,2.51,-1.21,13.68,8.77,,
2022/10/19,132,NMB50,25.67,9.68,9.68,9.4,9.4,9.40,0.0,0.0,9.50,400.00,9.56,"3,798.00",3,-0.16,0.28,-1.67,2.98,-1.01,13.68,8.77,,
2022/10/20,135,NMB50,25.91,9.4,9.55,9.36,9.36,9.36,0.0,0.0,9.46,"2,000.00",9.40,"18,912.00",5,-0.04,0.19,-0.43,2.03,-1.03,13.68,8.77,,
2022/10/23,138,NMB50,27.72,9.3,9.3,9.12,9.12,9.12,0.0,0.0,9.13,"10,830.00",9.36,"98,879.40",5,-0.24,0.18,-2.56,1.97,-0.11,13.68,8.77,,
2022/10/31,138,NMB50,26.72,9.3,9.3,9.06,9.1,9.10,0.0,0.0,9.20,"10,110.00",9.12,"92,989.25",8,-0.02,0.24,-0.22,2.65,-1.07,13.68,8.77,,
2022/11/01,142,NMB50,37.62,9.0,9.15,9.0,9.15,9.15,0.0,0.0,9.10,"39,350.00",9.10,"358,212.00",10,0.05,0.15,0.55,1.67,0.51,13.68,8.77,,
2022/11/03,135,NMB50,25.29,9.32,9.32,9.32,9.32,9.32,0.0,0.0,9.32,600.00,9.15,"5,592.00",1,0.17,0.00,1.86,0.0,0.0,13.68,8.77,,
2022/11/06,141,NMB50,41.89,9.28,9.4,9.28,9.4,9.40,0.0,0.0,9.33,"5,285.00",9.32,"49,308.50",7,0.08,0.12,0.86,1.29,0.75,13.68,8.77,,
2022/11/07,139,NMB50,44.65,9.58,9.77,9.58,9.77,9.77,0.0,0.0,9.58,"4,531.00",9.40,"43,425.98",2,0.37,0.19,3.94,1.98,1.9,13.68,8.77,,
2022/11/08,139,NMB50,45.41,9.58,9.77,9.58,9.77,9.77,0.0,0.0,9.66,"1,200.00",9.77,"11,591.00",5,0.0,0.19,0.0,1.98,1.13,13.68,8.77,,
2022/11/09,139,NMB50,40.54,9.59,9.59,9.59,9.59,9.59,0.0,0.0,9.59,100.00,9.77,959.00,1,-0.18,0.0,-1.84,0.0,0.0,13.68,8.77,,
2022/09/08,136,NMB50,30.21,9.91,9.91,9.91,9.91,9.91,0.0,0.0,9.91,500.00,10.02,"4,955.00",1,-0.11,0.0,-1.1,0.0,0.0,13.68,9.81,,
2022/09/11,132,NMB50,27.18,9.92,9.92,9.72,9.72,9.72,0.0,0.0,9.82,"4,978.00",9.91,"48,875.76",10,-0.19,0.2,-1.92,2.06,-1.01,13.68,9.72,,
2022/09/13,141,NMB50,25.38,9.85,9.85,9.7,9.7,9.70,0.0,0.0,9.82,"2,300.00",9.72,"22,595.00",4,-0.02,0.15,-0.21,1.55,-1.28,13.68,9.70,,
2022/09/14,138,NMB50,26.43,9.89,9.9,9.85,9.85,9.85,0.0,0.0,9.85,"10,000.00",9.70,"98,529.00",8,0.15,0.05,1.55,0.51,-0.03,13.68,9.70,,
2022/09/15,139,NMB50,33.12,9.85,9.85,9.19,9.3,9.30,0.0,0.0,9.40,"53,320.00",9.85,"501,150.35",28,-0.55,0.66,-5.58,7.18,-1.06,13.68,9.19,,
2022/09/16,133,NMB50,35.69,9.3,9.3,8.94,8.94,8.94,0.0,0.0,9.08,"33,880.00",9.30,"307,778.00",14,-0.36,0.36,-3.87,4.03,-1.61,13.68,8.94,,
2022/09/18,142,NMB50,28.62,9.11,9.11,8.77,8.79,8.79,0.0,0.0,8.82,"19,500.00",8.94,"172,036.50",16,-0.15,0.34,-1.68,3.88,-0.37,13.68,8.77,,
2022/09/20,144,NMB50,26.93,8.96,9.13,8.96,9.13,9.13,0.0,0.0,8.99,"8,400.00",8.79,"75,480.00",7,0.34,0.17,3.87,1.9,1.58,13.68,8.77,,
2022/09/21,139,NMB50,40.06,8.97,9.31,8.97,9.3,9.30,0.0,0.0,9.27,"12,082.00",9.13,"112,022.52",10,0.17,0.34,1.86,3.79,0.3,13.68,8.77,,
2022/09/22,140,NMB50,41.52,9.12,9.3,9.12,9.15,9.15,0.0,0.0,9.14,"10,625.00",9.30,"97,087.50",3,-0.15,0.18,-1.61,1.97,0.14,13.68,8.77,,
2022/09/25,140,NMB50,32.9,8.98,9.1,8.97,8.97,8.97,0.0,0.0,8.99,"1,900.00",9.15,"17,072.00",7,-0.18,0.13,-1.97,1.45,-0.17,13.68,8.77,,
2022/09/27,141,NMB50,30.84,9.14,9.14,9.14,9.14,9.14,0.0,0.0,9.14,"1,000.00",8.97,"9,140.00",1,0.17,0.0,1.9,0.0,0.0,13.68,8.77,,
2022/09/29,135,NMB50,29.23,9.31,9.31,9.2,9.2,9.20,0.0,0.0,9.26,"1,900.00",9.14,"17,590.00",2,0.06,0.11,0.66,1.2,-0.63,13.68,8.77,,
2022/10/09,192,NMB50,27.71,10.05,10.25,10.05,10.25,10.25,0.0,0.0,10.21,"1,000.00",10.05,"10,214.00",2,0.2,0.2,1.99,1.99,0.35,12.03,9.57,10.73,10.61
2022/08/18,133,NMB50,28.11,10.0,10.15,9.97,10.0,10.00,0.0,0.0,10.07,"20,300.00",10.11,"204,455.00",14,-0.11,0.18,-1.09,1.81,-0.72,16.64,9.92,,
2022/08/21,192,NMB50,27.71,10.05,10.25,10.05,10.25,10.25,0.0,0.0,10.21,"1,000.00",10.05,"10,214.00",2,0.2,0.2,1.99,1.99,0.35,12.03,9.57,10.73,10.61
2022/08/22,134,NMB50,40.95,10.4,10.6,10.4,10.4,10.40,0.0,0.0,10.54,"11,525.00",10.40,"121,465.00",14,0.0,0.2,0.0,1.92,-1.34,16.27,9.92,,
2022/08/23,135,NMB50,37.77,10.5,10.65,10.44,10.44,10.44,0.0,0.0,10.52,"6,450.00",10.40,"67,847.80",8,0.04,0.21,0.38,2.01,-0.76,16.27,9.92,,
2022/08/24,134,NMB50,40.04,10.44,10.44,10.25,10.35,10.35,0.0,0.0,10.32,"8,600.00",10.44,"88,764.00",3,-0.09,0.19,-0.86,1.85,0.28,16.27,9.92,,
2022/08/25,135,NMB50,33.57,10.3,10.3,10.3,10.3,10.30,0.0,0.0,10.30,"1,790.00",10.35,"18,437.00",2,-0.05,0.0,-0.48,0.0,0.0,16.27,9.92,,
2022/08/26,128,NMB50,37.33,10.3,10.5,10.1,10.1,10.10,0.0,0.0,10.22,"10,622.00",10.30,"108,507.20",12,-0.2,0.4,-1.94,3.96,-1.14,16.27,9.92,,
2022/08/28,137,NMB50,38.18,10.0,10.49,10.0,10.09,10.09,0.0,0.0,10.27,"69,364.00",10.10,"712,386.92",16,-0.01,0.49,-0.1,4.9,-1.79,16.27,9.92,,
2022/08/29,136,NMB50,32.0,10.29,10.29,10.1,10.1,10.10,0.0,0.0,10.14,"6,730.00",10.09,"68,258.70",8,0.01,0.19,0.1,1.88,-0.42,16.27,9.92,,
2022/08/30,138,NMB50,33.85,10.05,10.12,10.0,10.01,10.01,0.0,0.0,10.04,"15,100.00",10.10,"151,642.00",7,-0.09,0.12,-0.89,1.2,-0.32,16.06,9.92,,
2022/08/31,134,NMB50,34.05,10.07,10.21,9.97,9.97,9.97,0.0,0.0,10.05,"10,492.00",10.01,"105,482.44",12,-0.04,0.24,-0.4,2.41,-0.84,16.06,9.92,,
2022/09/01,134,NMB50,36.66,10.08,10.1,9.91,9.98,9.98,0.0,0.0,10.04,"20,230.00",9.97,"203,144.30",11,0.01,0.19,0.1,1.92,-0.62,16.06,9.91,,
2022/09/02,133,NMB50,35.45,10.0,10.0,9.81,9.85,9.85,0.0,0.0,9.91,"17,500.00",9.98,"173,356.00",7,-0.13,0.19,-1.3,1.94,-0.57,16.06,9.81,,
2022/09/04,140,NMB50,33.57,9.9,9.9,9.86,9.89,9.89,0.0,0.0,9.88,"9,000.00",9.85,"88,900.00",4,0.04,0.04,0.41,0.41,0.12,13.68,9.81,,
2022/09/05,135,NMB50,35.19,10.08,10.08,9.88,9.9,9.90,0.0,0.0,9.92,"11,515.00",9.89,"114,191.20",9,0.01,0.2,0.1,2.02,-0.17,13.68,9.81,,
2022/09/06,135,NMB50,30.72,9.9,9.9,9.9,9.9,9.90,0.0,0.0,9.90,"2,900.00",9.90,"28,710.00",3,0.0,0.0,0.0,0.0,0.0,13.68,9.81,,
2022/07/28,135,NMB50,53.81,12.85,13.0,12.77,12.8,12.80,0.0,0.0,12.94,"124,100.00",12.85,"1,605,290.00",28,-0.05,0.23,-0.39,1.8,-1.06,18.14,10.72,,
2022/07/29,130,NMB50,32.07,12.75,12.75,12.57,12.58,12.58,0.0,0.0,12.69,"3,400.00",12.80,"43,162.00",5,-0.22,0.18,-1.72,1.43,-0.91,18.14,10.72,,
2022/07/31,136,NMB50,49.06,12.46,13.05,12.46,13.05,13.05,0.0,0.0,12.81,"22,830.00",12.58,"292,513.50",7,0.47,0.59,3.74,4.74,1.82,18.14,10.72,,
2022/08/01,133,NMB50,47.62,12.8,13.05,12.8,12.8,12.80,0.0,0.0,12.90,"25,646.00",13.05,"330,805.30",6,-0.25,0.25,-1.92,1.95,-0.77,18.14,10.72,,
2022/08/02,134,NMB50,35.1,12.55,12.95,12.45,12.6,12.60,0.0,0.0,12.75,"6,239.00",12.80,"79,519.55",12,-0.2,0.5,-1.56,4.02,-1.16,17.79,10.72,,
2022/08/03,135,NMB50,55.8,12.85,13.1,12.65,13.05,13.05,0.0,0.0,13.01,"37,600.00",12.60,"489,066.00",15,0.45,0.45,3.57,3.56,0.33,17.42,10.72,,
2022/08/04,132,NMB50,33.86,13.0,13.0,12.57,12.64,12.64,0.0,0.0,12.81,"10,300.00",13.05,"131,901.00",12,-0.41,0.43,-3.14,3.42,-1.31,17.42,10.72,,
2022/08/05,131,NMB50,49.32,12.89,13.0,12.47,12.7,12.70,0.0,0.0,12.79,"134,990.00",12.64,"1,726,843.24",49,0.06,0.53,0.47,4.25,-0.73,17.42,10.72,,
2022/08/07,135,NMB50,55.98,12.9,12.9,12.41,12.87,12.87,0.0,0.0,12.71,"133,557.00",12.70,"1,697,285.03",44,0.17,0.49,1.34,3.95,1.26,17.42,10.72,,
2022/08/08,131,NMB50,35.16,12.88,12.88,12.63,12.7,12.70,0.0,0.0,12.77,"22,514.00",12.87,"287,600.47",14,-0.17,0.25,-1.32,1.98,-0.58,17.42,10.72,,
2022/08/09,138,NMB50,49.92,12.7,12.7,12.44,12.7,12.70,0.0,0.0,12.48,"20,330.00",12.70,"253,699.05",14,0.0,0.26,0.0,2.09,1.74,17.42,10.72,,
2022/08/10,135,NMB50,41.8,12.8,12.8,12.51,12.68,12.68,0.0,0.0,12.62,"2,800.00",12.70,"35,327.00",7,-0.02,0.29,-0.16,2.32,0.5,17.42,10.72,,
2022/08/11,139,NMB50,28.38,12.87,12.87,12.61,12.61,12.61,0.0,0.0,12.71,"8,848.00",12.68,"112,466.00",8,-0.07,0.26,-0.55,2.06,-0.8,17.42,10.72,,
2022/08/14,138,NMB50,41.87,12.62,12.7,12.2,12.7,12.70,0.0,0.0,12.36,"57,381.00",12.61,"709,439.27",28,0.09,0.5,0.71,4.1,2.65,17.20,10.72,,
2022/08/15,130,NMB50,36.73,12.5,12.71,12.45,12.6,12.60,0.0,0.0,12.51,"117,002.00",12.70,"1,463,440.00",37,-0.1,0.26,-0.79,2.09,0.73,17.20,10.72,,
2022/08/16,137,NMB50,29.26,10.4,10.5,10.11,10.11,10.11,0.0,0.0,10.33,"37,940.00",10.49,"392,012.40",21,-0.38,0.39,-3.62,3.86,-2.2,16.95,10.11,,
2022/07/08,130,NMB50,28.05,13.0,13.0,12.71,12.71,12.71,0.0,0.0,12.85,"28,300.00",12.80,"363,707.00",22,-0.09,0.29,-0.7,2.28,-1.12,18.47,10.72,,
2022/07/11,136,NMB50,30.44,12.71,12.71,12.4,12.5,12.50,0.0,0.0,12.53,"61,854.00",12.71,"775,153.34",23,-0.21,0.31,-1.65,2.5,-0.26,18.47,10.72,,
2022/07/12,136,NMB50,25.0,12.59,12.69,12.55,12.69,12.69,0.0,0.0,12.64,"26,423.00",12.50,"334,056.07",9,0.19,0.14,1.52,1.12,0.37,18.47,10.72,,
2022/07/13,138,NMB50,43.03,12.66,13.1,12.66,13.1,13.10,0.0,0.0,12.92,"45,500.00",12.69,"587,925.00",12,0.41,0.44,3.23,3.48,1.36,18.47,10.72,,
2022/07/14,134,NMB50,39.91,13.09,13.1,12.72,12.98,12.98,0.0,0.0,12.84,"33,335.00",13.10,"427,880.20",14,-0.12,0.38,-0.92,2.99,1.11,18.47,10.72,,
2022/07/15,142,NMB50,38.84,12.98,12.98,12.7,12.9,12.90,0.0,0.0,12.75,"29,130.00",12.98,"371,521.08",28,-0.08,0.28,-0.62,2.2,1.13,18.47,10.72,,
2022/07/17,129,NMB50,23.6,12.65,12.65,12.65,12.65,12.65,0.0,0.0,12.65,"2,000.00",12.90,"25,300.00",2,-0.25,0.0,-1.94,0.0,0.0,18.47,10.72,,
2022/07/18,129,NMB50,26.35,12.41,12.99,12.41,12.97,12.97,0.0,0.0,12.93,"17,300.00",12.65,"223,615.50",7,0.32,0.58,2.53,4.67,0.34,18.47,10.72,,
2022/07/19,130,NMB50,31.57,13.03,13.03,12.73,12.97,12.97,0.0,0.0,12.80,"32,330.00",12.97,"413,712.10",14,0.0,0.3,0.0,2.36,1.34,18.47,10.72,,
2022/07/20,131,NMB50,31.03,12.96,12.96,12.8,12.8,12.80,0.0,0.0,12.81,"21,274.00",12.97,"272,611.04",8,-0.17,0.16,-1.31,1.25,-0.11,18.47,10.72,,
2022/07/21,136,NMB50,30.61,12.7,12.95,12.56,12.56,12.56,0.0,0.0,12.66,"18,170.00",12.80,"230,057.70",14,-0.24,0.39,-1.88,3.11,-0.81,18.47,10.72,,
2022/07/22,128,NMB50,25.18,12.56,12.56,12.39,12.46,12.46,0.0,0.0,12.44,"8,830.00",12.56,"109,886.80",6,-0.1,0.17,-0.8,1.37,0.12,18.47,10.72,,
2022/07/23,192,NMB50,27.71,10.05,10.25,10.05,10.25,10.25,0.0,0.0,10.21,"1,000.00",10.05,"10,214.00",2,0.2,0.2,1.99,1.99,0.35,12.03,9.57,10.73,10.61
2022/07/24,132,NMB50,22.97,12.7,12.9,12.7,12.71,12.71,0.0,0.0,12.82,"4,100.00",12.46,"52,579.00",8,0.25,0.2,2.01,1.57,-0.9,18.14,10.72,,
2022/07/25,133,NMB50,41.89,12.67,12.96,12.67,12.71,12.71,0.0,0.0,12.73,"23,600.00",12.71,"300,367.00",18,0.0,0.29,0.0,2.29,-0.14,18.14,10.72,,
2022/07/26,138,NMB50,42.12,12.7,12.8,12.7,12.8,12.80,0.0,0.0,12.72,"6,000.00",12.71,"76,340.00",9,0.09,0.1,0.71,0.79,0.6,18.14,10.72,,
2022/06/19,132,NMB50,36.67,12.6,12.6,12.35,12.55,12.55,0.0,0.0,12.56,"1,700.00",12.60,"21,345.00",3,-0.05,0.25,-0.4,2.02,-0.05,18.47,10.72,,
2022/06/20,135,NMB50,20.05,12.3,12.3,12.25,12.25,12.25,0.0,0.0,12.25,"2,100.00",12.55,"25,730.00",2,-0.3,0.05,-2.39,0.41,-0.02,18.47,10.72,,
2022/06/21,138,NMB50,27.26,12.01,12.01,11.36,12.0,12.00,0.0,0.0,11.73,"155,150.00",12.25,"1,819,953.50",32,-0.25,0.65,-2.04,5.72,2.25,18.47,10.72,,
2022/06/22,138,NMB50,21.86,11.76,11.76,11.53,11.6,11.60,0.0,0.0,11.64,"37,300.00",12.00,"434,152.00",13,-0.4,0.23,-3.33,1.99,-0.34,18.47,10.72,,
2022/06/23,143,NMB50,19.8,11.4,11.59,11.37,11.4,11.40,0.0,0.0,11.39,"17,950.00",11.60,"204,530.00",6,-0.2,0.22,-1.72,1.93,0.05,18.47,10.72,,
2022/06/24,135,NMB50,21.22,11.6,11.6,11.6,11.6,11.60,0.0,0.0,11.60,400.00,11.40,"4,640.00",3,0.2,0.0,1.75,0.0,0.0,18.47,10.72,,
2022/06/26,140,NMB50,25.72,11.6,11.8,11.6,11.8,11.80,0.0,0.0,11.74,"23,950.00",11.60,"281,160.00",9,0.2,0.2,1.72,1.72,0.51,18.47,10.72,,
2022/06/27,137,NMB50,35.31,11.58,11.75,11.58,11.75,11.75,0.0,0.0,11.70,"7,045.00",11.80,"82,431.10",2,-0.05,0.17,-0.42,1.47,0.42,18.47,10.72,,
2022/06/28,136,NMB50,48.78,11.78,12.25,11.78,12.07,12.07,0.0,0.0,12.04,"235,975.00",11.75,"2,840,129.75",52,0.32,0.47,2.72,3.99,0.28,18.47,10.72,,
2022/06/29,137,NMB50,47.78,12.29,12.74,12.08,12.3,12.30,0.0,0.0,12.42,"199,475.00",12.07,"2,478,237.65",81,0.23,0.66,1.91,5.46,-1.01,18.47,10.72,,
2022/06/30,136,NMB50,48.75,12.54,13.53,12.5,13.02,13.02,0.0,0.0,13.04,"154,350.00",12.30,"2,013,011.00",54,0.72,1.03,5.85,8.24,-0.17,18.47,10.72,,
2022/07/01,133,NMB50,48.34,13.02,13.28,12.8,13.0,13.00,0.0,0.0,12.93,"67,300.00",13.02,"870,206.00",20,-0.02,0.48,-0.15,3.75,0.54,18.47,10.72,,
2022/07/03,140,NMB50,48.63,13.25,13.25,12.55,12.85,12.85,0.0,0.0,12.73,"100,700.00",13.00,"1,282,088.50",45,-0.15,0.7,-1.15,5.58,0.92,18.47,10.72,,
2022/07/04,142,NMB50,54.11,13.0,13.08,12.75,12.75,12.75,0.0,0.0,12.93,"168,485.00",12.85,"2,179,043.80",52,-0.1,0.33,-0.78,2.59,-1.44,18.47,10.72,,
2022/07/05,137,NMB50,25.84,12.71,12.88,12.71,12.8,12.80,0.0,0.0,12.85,"18,600.00",12.75,"239,052.00",11,0.05,0.17,0.39,1.34,-0.41,18.47,10.72,,
2022/07/06,139,NMB50,37.01,12.65,13.0,12.65,13.0,13.00,0.0,0.0,12.86,"104,800.00",12.80,"1,348,115.00",20,0.2,0.35,1.56,2.77,1.05,18.47,10.72,,
2022/05/27,132,NMB50,36.85,12.5,12.7,12.5,12.7,12.70,0.0,0.0,12.69,"105,395.00",12.65,"1,337,601.50",15,0.05,0.2,0.4,1.6,0.07,18.47,10.72,,
2022/05/30,135,NMB50,33.1,12.5,12.5,12.2,12.2,12.20,0.0,0.0,12.26,"13,980.00",12.70,"171,359.20",9,-0.5,0.3,-3.94,2.46,-0.47,18.47,10.72,,
2022/05/31,139,NMB50,50.55,11.98,12.7,11.98,12.7,12.70,0.0,0.0,12.55,"164,810.00",12.20,"2,068,979.50",18,0.5,0.72,4.1,6.01,1.15,18.47,10.72,,
2022/06/01,136,NMB50,43.11,12.7,12.88,12.3,12.7,12.70,0.0,0.0,12.70,"18,600.00",12.70,"236,163.00",11,0.0,0.58,0.0,4.72,0.02,18.47,10.72,,
2022/06/02,139,NMB50,46.73,12.65,12.71,12.51,12.7,12.70,0.0,0.0,12.69,"126,750.00",12.70,"1,608,441.00",26,0.0,0.2,0.0,1.6,0.08,18.47,10.72,,
2022/06/03,138,NMB50,46.96,12.52,12.52,12.25,12.25,12.25,0.0,0.0,12.50,"107,600.00",12.70,"1,345,048.00",8,-0.45,0.27,-3.54,2.2,-2.04,18.47,10.72,,
2022/06/06,136,NMB50,34.81,12.25,12.7,12.25,12.7,12.70,0.0,0.0,12.43,"19,308.00",12.25,"239,999.00",6,0.45,0.45,3.67,3.67,2.13,18.47,10.72,,
2022/06/07,143,NMB50,24.2,12.45,12.45,11.97,12.0,12.00,0.0,0.0,12.03,"19,610.00",12.70,"236,003.50",14,-0.7,0.48,-5.51,4.01,-0.29,18.47,10.72,,
2022/06/08,141,NMB50,25.72,12.1,12.29,12.0,12.29,12.29,0.0,0.0,12.08,"10,200.00",12.00,"123,249.00",11,0.29,0.29,2.42,2.42,1.68,18.47,10.72,,
2022/06/09,139,NMB50,49.98,12.5,12.94,12.5,12.94,12.94,0.0,0.0,12.69,"240,700.00",12.29,"3,054,349.00",13,0.65,0.44,5.29,3.52,1.94,18.47,10.72,,
2022/06/10,140,NMB50,37.46,12.69,12.88,12.69,12.88,12.88,0.0,0.0,12.69,"85,181.00",12.94,"1,081,184.89",5,-0.06,0.19,-0.46,1.5,1.45,18.47,10.72,,
2022/06/12,192,NMB50,27.71,10.05,10.25,10.05,10.25,10.25,0.0,0.0,10.21,"1,000.00",10.05,"10,214.00",2,0.2,0.2,1.99,1.99,0.35,12.03,9.57,10.73,10.61
2022/06/13,138,NMB50,39.93,12.63,12.63,12.2,12.2,12.20,0.0,0.0,12.23,"2,000.00",12.88,"24,461.00",4,-0.68,0.43,-5.28,3.52,-0.25,18.47,10.72,,
2022/06/14,138,NMB50,47.71,11.96,12.7,11.96,12.7,12.70,0.0,0.0,12.69,"301,100.00",12.20,"3,820,817.00",11,0.5,0.74,4.1,6.19,0.08,18.47,10.72,,
2022/06/16,131,NMB50,25.99,12.63,12.63,12.63,12.63,12.63,0.0,0.0,12.63,100.00,12.70,"1,263.00",1,-0.07,0.0,-0.55,0.0,0.0,18.47,10.72,,
2022/05/02,138,NMB50,24.65,12.8,12.8,12.5,12.7,12.70,0.0,0.0,12.64,"8,900.00",12.70,"112,530.00",8,0.0,0.3,0.0,2.4,0.44,18.47,10.72,,
2022/05/04,140,NMB50,30.49,12.46,12.8,12.45,12.8,12.80,0.0,0.0,12.46,"39,200.00",12.70,"488,360.00",10,0.1,0.35,0.79,2.81,2.67,18.47,10.72,,
2022/05/05,141,NMB50,20.05,12.55,12.64,12.55,12.64,12.64,0.0,0.0,12.59,523.00,12.80,"6,583.72",5,-0.16,0.09,-1.25,0.72,0.41,18.47,10.72,,
2022/05/06,192,NMB50,27.71,10.05,10.25,10.05,10.25,10.25,0.0,0.0,10.21,"1,000.00",10.05,"10,214.00",2,0.2,0.2,1.99,1.99,0.35,12.03,9.57,10.73,10.61
2022/05/08,140,NMB50,38.4,12.4,12.85,12.4,12.85,12.85,0.0,0.0,12.81,"1,100.00",12.64,"14,090.00",2,0.21,0.45,1.66,3.63,0.32,18.47,10.72,,
2022/05/09,134,NMB50,37.6,12.6,12.88,12.5,12.88,12.88,0.0,0.0,12.67,"13,800.00",12.85,"174,836.00",7,0.03,0.38,0.23,3.04,1.64,18.47,10.72,,
2022/05/10,138,NMB50,37.12,12.68,12.87,12.68,12.83,12.83,0.0,0.0,12.81,"26,900.00",12.88,"344,564.00",12,-0.05,0.19,-0.39,1.5,0.16,18.47,10.72,,
2022/05/11,138,NMB50,42.43,12.65,12.88,12.65,12.88,12.88,0.0,0.0,12.65,"8,100.00",12.83,"102,488.00",3,0.05,0.23,0.39,1.82,1.76,18.47,10.72,,
2022/05/17,132,NMB50,41.22,12.63,13.0,12.2,13.0,13.00,0.0,0.0,12.62,"2,300.00",12.88,"29,015.00",7,0.12,0.8,0.93,6.56,2.96,18.47,10.72,,
2022/05/19,132,NMB50,35.53,12.74,12.74,12.7,12.7,12.70,0.0,0.0,12.70,"99,710.00",13.00,"1,266,321.00",15,-0.3,0.04,-2.31,0.31,0.0,18.47,10.72,,
2022/05/20,134,NMB50,27.24,12.45,12.45,12.21,12.21,12.21,0.0,0.0,12.37,"1,530.00",12.70,"18,921.30",3,-0.49,0.24,-3.86,1.97,-1.28,18.47,10.72,,
2022/05/23,135,NMB50,35.42,11.97,12.8,11.97,12.7,12.70,0.0,0.0,12.55,"109,830.00",12.21,"1,378,775.60",13,0.49,0.83,4.01,6.93,1.15,18.47,10.72,,
2022/05/24,133,NMB50,35.98,12.45,12.45,12.21,12.45,12.45,0.0,0.0,12.45,"111,200.00",12.70,"1,384,416.00",6,-0.25,0.24,-1.97,1.97,0.0,18.47,10.72,,
2022/05/25,135,NMB50,33.78,12.23,12.71,12.23,12.52,12.52,0.0,0.0,12.69,"104,581.00",12.45,"1,326,722.20",11,0.07,0.48,0.56,3.92,-1.33,18.47,10.72,,
2022/04/05,137,NMB50,50.43,12.7,12.7,12.37,12.5,12.50,0.0,0.0,12.45,"33,100.00",12.70,"412,240.50",18,-0.2,0.33,-1.57,2.67,0.36,18.47,10.72,,
2022/04/06,135,NMB50,45.3,12.26,12.7,12.26,12.7,12.70,0.0,0.0,12.65,"25,800.00",12.50,"326,345.00",7,0.2,0.44,1.6,3.59,0.4,18.47,10.72,,
2022/04/07,135,NMB50,51.9,12.8,13.19,12.8,13.0,13.00,0.0,0.0,13.07,"163,308.00",12.70,"2,135,150.70",29,0.3,0.39,2.36,3.05,-0.57,18.47,10.72,,
2022/04/11,140,NMB50,39.28,12.78,12.87,12.74,12.85,12.85,0.0,0.0,12.82,"27,325.00",13.00,"350,380.25",9,-0.15,0.13,-1.15,1.02,0.21,18.47,10.72,,
2022/04/12,143,NMB50,32.37,12.85,12.85,12.42,12.42,12.42,0.0,0.0,12.51,"51,782.00",12.85,"647,809.00",9,-0.43,0.43,-3.35,3.46,-0.73,18.47,10.72,,
2022/04/13,139,NMB50,31.99,12.27,12.64,12.27,12.64,12.64,0.0,0.0,12.30,"20,775.00",12.42,"255,556.50",8,0.22,0.37,1.77,3.02,2.68,18.47,10.72,,
2022/04/17,139,NMB50,29.46,12.4,12.75,12.4,12.63,12.63,0.0,0.0,12.68,"8,500.00",12.64,"107,776.70",8,-0.01,0.35,-0.08,2.82,-0.39,18.47,10.72,,
2022/04/18,137,NMB50,25.81,12.41,12.61,12.4,12.61,12.61,0.0,0.0,12.46,"12,810.00",12.63,"159,631.00",11,-0.02,0.21,-0.16,1.69,1.18,18.47,10.72,,
2022/04/19,137,NMB50,43.99,12.37,12.59,12.37,12.56,12.56,0.0,0.0,12.56,"19,665.00",12.61,"246,969.10",11,-0.05,0.22,-0.4,1.78,0.01,18.47,10.72,,
2022/04/20,138,NMB50,33.72,12.5,12.6,12.36,12.45,12.45,0.0,0.0,12.46,"25,500.00",12.56,"317,668.10",17,-0.11,0.24,-0.88,1.94,-0.06,18.47,10.72,,
2022/04/21,138,NMB50,32.46,12.34,12.58,12.34,12.58,12.58,0.0,0.0,12.37,"14,308.00",12.45,"177,046.36",17,0.13,0.24,1.04,1.94,1.64,18.47,10.72,,
2022/04/24,147,NMB50,47.25,12.8,13.08,12.8,13.05,13.05,0.0,0.0,12.86,"33,600.00",12.58,"432,008.00",13,0.47,0.28,3.74,2.19,1.48,18.47,10.72,,
2022/04/25,144,NMB50,39.87,12.8,12.8,12.79,12.79,12.79,0.0,0.0,12.79,"4,233.00",13.05,"54,141.65",3,-0.26,0.01,-1.99,0.08,0.0,18.47,10.72,,
2022/04/26,136,NMB50,46.49,12.63,13.0,12.58,13.0,13.00,0.0,0.0,12.66,"26,300.00",12.79,"332,921.00",18,0.21,0.42,1.64,3.34,2.63,18.47,10.72,,
2022/04/27,138,NMB50,38.81,12.75,12.75,12.5,12.75,12.75,0.0,0.0,12.74,"4,200.00",13.00,"53,525.00",6,-0.25,0.25,-1.92,2.0,0.05,18.47,10.72,,
2022/03/09,137,NMB50,40.43,12.22,12.3,12.12,12.13,12.13,0.0,0.0,12.16,"28,126.00",12.19,"341,944.12",9,-0.06,0.18,-0.49,1.49,-0.23,18.47,10.72,,
2022/03/10,138,NMB50,39.63,12.13,12.2,12.13,12.2,12.20,0.0,0.0,12.19,"2,600.00",12.13,"31,706.00",3,0.07,0.07,0.58,0.58,0.04,18.47,10.72,,
2022/03/13,136,NMB50,42.24,12.11,12.35,12.11,12.35,12.35,0.0,0.0,12.31,"1,300.00",12.20,"15,999.00",4,0.15,0.24,1.23,1.98,0.35,18.47,10.72,,
2022/03/15,140,NMB50,46.04,12.35,12.6,12.29,12.59,12.59,0.0,0.0,12.44,"5,800.00",12.35,"72,158.00",10,0.24,0.31,1.94,2.52,1.18,18.47,10.72,,
2022/03/16,138,NMB50,51.26,12.8,12.87,12.8,12.87,12.87,0.0,0.0,12.83,"23,209.00",12.59,"297,685.94",8,0.28,0.07,2.22,0.55,0.34,18.47,10.72,,
2022/03/21,138,NMB50,55.8,12.7,12.87,12.65,12.71,12.71,0.0,0.0,12.70,"14,500.00",12.87,"184,146.00",5,-0.16,0.22,-1.24,1.74,0.08,18.47,10.72,,
2022/03/22,138,NMB50,48.39,12.71,12.95,12.61,12.95,12.95,0.0,0.0,12.74,"3,700.00",12.71,"47,147.00",6,0.24,0.34,1.89,2.7,1.6,18.47,10.72,,
2022/03/23,135,NMB50,43.95,12.95,12.96,12.95,12.95,12.95,0.0,0.0,12.96,"12,500.00",12.95,"161,975.00",4,0.0,0.01,0.0,0.08,-0.06,18.47,10.72,,
2022/03/24,135,NMB50,37.24,13.0,13.0,12.52,12.77,12.77,0.0,0.0,12.74,"35,437.00",12.95,"451,478.24",16,-0.18,0.48,-1.39,3.83,0.23,18.47,10.72,,
2022/03/27,192,NMB50,27.71,10.05,10.25,10.05,10.25,10.25,0.0,0.0,10.21,"1,000.00",10.05,"10,214.00",2,0.2,0.2,1.99,1.99,0.35,12.03,9.57,10.73,10.61
2022/03/28,140,NMB50,30.67,12.65,12.9,12.65,12.65,12.65,0.0,0.0,12.79,"5,500.00",12.70,"70,325.00",5,-0.05,0.25,-0.39,1.98,-1.08,18.47,10.72,,
2022/03/29,134,NMB50,40.21,12.5,12.5,12.41,12.42,12.42,0.0,0.0,12.43,"101,100.00",12.65,"1,256,272.00",18,-0.23,0.09,-1.82,0.73,-0.05,18.47,10.72,,
2022/03/30,140,NMB50,34.05,12.31,12.55,12.31,12.55,12.55,0.0,0.0,12.51,600.00,12.42,"7,506.00",2,0.13,0.24,1.05,1.95,0.32,18.47,10.72,,
2022/03/31,137,NMB50,37.37,12.33,12.6,12.3,12.6,12.60,0.0,0.0,12.49,"22,739.00",12.55,"283,921.74",13,0.05,0.3,0.4,2.44,0.9,18.47,10.72,,
2022/04/28,136,NMB50,29.7,12.5,12.9,12.3,12.7,12.70,0.0,0.0,12.46,"45,750.00",12.75,"569,927.40",17,-0.05,0.6,-0.39,4.88,1.91,18.47,10.72,,
2022/05/26,133,NMB50,43.24,12.77,12.77,12.65,12.65,12.65,0.0,0.0,12.75,"2,300.00",12.52,"29,315.00",3,0.13,0.12,1.04,0.95,-0.76,18.47,10.72,,
2022/06/17,132,NMB50,24.45,12.7,12.7,12.6,12.6,12.60,0.0,0.0,12.66,"41,187.00",12.63,"521,626.20",43,-0.03,0.1,-0.24,0.79,-0.51,18.47,10.72,,
2022/07/07,137,NMB50,32.05,12.74,12.85,12.74,12.8,12.80,0.0,0.0,12.81,"25,200.00",13.00,"322,734.00",9,-0.2,0.11,-1.54,0.86,-0.05,18.47,10.72,,
2022/07/27,137,NMB50,43.44,12.6,12.85,12.6,12.85,12.85,0.0,0.0,12.68,"18,640.00",12.80,"236,296.00",8,0.05,0.25,0.39,1.98,1.35,18.14,10.72,,
2022/08/17,134,NMB50,27.24,10.11,10.12,9.92,10.11,10.11,0.0,0.0,10.09,"30,140.00",10.11,"303,964.40",21,0.0,0.2,0.0,2.02,0.25,16.90,9.92,,
2022/09/07,137,NMB50,31.55,10.0,10.02,10.0,10.02,10.02,0.0,0.0,10.00,"2,200.00",9.90,"22,004.00",3,0.12,0.02,1.21,0.2,0.18,13.68,9.81,,
2022/10/10,145,NMB50,47.48,9.5,9.54,9.36,9.54,9.54,0.0,0.0,9.50,"55,400.00",9.35,"526,464.00",9,0.19,0.18,2.03,1.92,0.39,13.68,8.77,,
2022/11/10,139,NMB50,26.27,9.4,9.4,9.3,9.3,9.30,0.0,0.0,9.35,"1,935.00",9.59,"18,099.00",3,-0.29,0.1,-3.02,1.08,-0.58,13.68,8.77,,
2022/12/06,145,NMB50,38.85,8.94,9.05,8.75,8.75,8.75,0.0,0.0,8.92,"28,375.00",9.10,"252,974.20",13,-0.35,0.3,-3.85,3.43,-1.89,13.68,8.75,,
2023/01/02,153,NMB50,45.2,9.3,9.3,8.9,8.93,8.93,0.0,0.0,9.04,"95,800.00",9.38,"866,001.72",18,-0.45,0.4,-4.8,4.49,-1.23,13.68,8.28,,
2023/01/31,154,NMB50,42.33,9.9,9.9,9.71,9.85,9.85,0.0,0.0,9.80,"25,845.00",9.89,"253,246.00",6,-0.04,0.19,-0.4,1.96,0.52,13.53,8.28,,
2023/02/27,153,NMB50,28.2,9.38,9.45,9.27,9.27,9.27,0.0,0.0,9.37,"3,040.00",9.30,"28,498.50",5,-0.03,0.18,-0.32,1.94,-1.13,13.53,8.28,,
2023/03/27,155,NMB50,43.26,8.82,9.07,8.73,8.9,8.90,0.0,0.0,8.88,"18,000.00",9.00,"159,768.00",14,-0.1,0.34,-1.11,3.89,0.27,13.53,8.28,,
2023/04/19,159,NMB50,38.61,8.96,8.96,8.96,8.96,8.96,0.0,0.0,8.96,"15,000.00",9.07,"134,400.00",2,-0.11,0.0,-1.21,0.0,0.0,13.53,8.28,,
2019/10/05,192,NMB50,27.71,10.05,10.25,10.05,10.25,10.25,0.0,0.0,10.21,"1,000.00",10.05,"10,214.00",2,0.2,0.2,1.99,1.99,0.35,12.03,9.57,10.73,10.61
2021/02/14,125,NMB50,60.17,11.41,11.65,11.27,11.47,11.47,0.0,0.0,11.41,"420,544.00",11.19,"4,798,294.04",75,0.28,0.38,2.5,3.37,0.53,11.74,9.00,,
2022/04/03,136,NMB50,51.98,12.78,12.78,12.53,12.7,12.70,0.0,0.0,12.74,"37,200.00",12.60,"473,814.00",9,0.1,0.25,0.79,2.0,-0.29,18.47,10.72,,
2023/05/15,160,NMB50,30.01,9.3,9.3,9.13,9.13,9.13,0.0,0.0,9.15,"2,200.00",9.30,"20,120.00",2,-0.17,0.17,-1.83,1.86,-0.17,13.53,8.28,,
2024/07/17,192,NMB50,27.71,10.05,10.25,10.05,10.25,10.25,0.0,0.0,10.21,"1,000.00",10.05,"10,214.00",2,0.2,0.2,1.99,1.99,0.35,12.03,9.57,10.73,10.61
2022/02/09,134,NMB50,41.05,13.04,13.1,12.9,13.09,13.09,0.0,0.0,13.05,"47,440.00",13.30,"618,919.40",17,-0.21,0.2,-1.58,1.55,0.33,18.47,10.72,,
2022/02/10,136,NMB50,37.16,13.0,13.36,13.0,13.36,13.36,0.0,0.0,13.32,"10,100.00",13.09,"134,557.00",9,0.27,0.36,2.06,2.77,0.28,18.47,10.72,,
2022/02/13,137,NMB50,34.58,13.1,13.1,12.84,13.03,13.03,0.0,0.0,12.98,"24,255.00",13.36,"314,764.65",5,-0.33,0.26,-2.47,2.02,0.4,18.47,10.72,,
2022/02/14,137,NMB50,29.22,13.29,13.29,12.81,13.0,13.00,0.0,0.0,12.89,"16,400.00",13.03,"211,344.36",10,-0.03,0.48,-0.23,3.75,0.87,18.47,10.72,,
2022/02/15,192,NMB50,27.71,10.05,10.25,10.05,10.25,10.25,0.0,0.0,10.21,"1,000.00",10.05,"10,214.00",2,0.2,0.2,1.99,1.99,0.35,12.03,9.57,10.73,10.61
2022/02/16,138,NMB50,28.87,13.0,13.0,12.86,12.86,12.86,0.0,0.0,12.87,"1,800.00",12.95,"23,162.00",4,-0.09,0.14,-0.69,1.09,-0.06,18.47,10.72,,
2022/02/17,136,NMB50,33.71,13.02,13.02,12.83,12.83,12.83,0.0,0.0,13.00,"1,100.00",12.86,"14,303.00",2,-0.03,0.19,-0.23,1.48,-1.35,18.47,10.72,,
2022/02/20,137,NMB50,39.95,12.98,13.1,12.8,12.8,12.80,0.0,0.0,13.01,"81,150.00",12.83,"1,055,492.10",14,-0.03,0.3,-0.23,2.34,-1.61,18.47,10.72,,
2022/02/21,135,NMB50,48.44,12.8,13.0,12.75,13.0,13.00,0.0,0.0,12.81,"30,600.00",12.80,"392,085.00",15,0.2,0.25,1.56,1.96,1.44,18.47,10.72,,
2022/02/22,140,NMB50,47.3,13.0,13.0,12.9,12.9,12.90,0.0,0.0,12.98,935.00,13.00,"12,135.00",2,-0.1,0.1,-0.77,0.78,-0.61,18.47,10.72,,
2022/02/23,136,NMB50,39.26,12.75,12.8,12.75,12.77,12.77,0.0,0.0,12.79,"9,910.00",12.90,"126,718.90",7,-0.13,0.05,-1.01,0.39,-0.13,18.47,10.72,,
2022/02/24,137,NMB50,37.2,12.74,12.8,12.74,12.75,12.75,0.0,0.0,12.76,"54,496.00",12.77,"695,323.00",15,-0.02,0.06,-0.16,0.47,-0.07,18.47,10.72,,
2022/02/27,133,NMB50,31.05,12.76,12.77,12.76,12.76,12.76,0.0,0.0,12.76,"12,784.00",12.75,"163,133.84",7,0.01,0.01,0.08,0.08,-0.01,18.47,10.72,,
2022/02/28,138,NMB50,39.08,12.76,12.76,12.41,12.41,12.41,0.0,0.0,12.60,"57,100.00",12.76,"719,179.24",20,-0.35,0.35,-2.74,2.82,-1.49,18.47,10.72,,
2022/03/02,137,NMB50,39.13,12.32,12.32,12.2,12.21,12.21,0.0,0.0,12.25,"111,729.00",12.41,"1,368,173.37",30,-0.2,0.12,-1.61,0.98,-0.29,18.47,10.72,,
2022/03/06,139,NMB50,34.81,12.4,12.4,12.18,12.18,12.18,0.0,0.0,12.38,"24,300.00",12.21,"300,875.00",11,-0.03,0.22,-0.25,1.81,-1.66,18.47,10.72,,
2022/01/16,137,NMB50,57.73,12.97,13.32,12.96,13.08,13.08,0.0,0.0,13.16,"182,848.00",12.91,"2,407,084.68",28,0.17,0.36,1.32,2.78,-0.65,18.47,10.72,,
2022/01/17,133,NMB50,61.7,13.3,13.6,13.29,13.6,13.60,0.0,0.0,13.43,"113,199.00",13.08,"1,519,847.61",23,0.52,0.31,3.98,2.33,1.28,18.47,10.72,,
2022/01/18,135,NMB50,59.19,13.42,13.68,13.4,13.4,13.40,0.0,0.0,13.45,"92,370.00",13.60,"1,242,154.80",22,-0.2,0.28,-1.47,2.09,-0.36,18.47,10.72,,
2022/01/19,137,NMB50,58.1,13.22,13.4,13.22,13.4,13.40,0.0,0.0,13.37,"122,431.00",13.40,"1,637,201.30",21,0.0,0.18,0.0,1.36,0.21,18.47,10.72,,
2022/01/20,138,NMB50,62.84,13.3,13.4,13.28,13.4,13.40,0.0,0.0,13.31,"644,759.00",13.40,"8,583,998.90",32,0.0,0.12,0.0,0.9,0.65,18.47,10.72,,
2022/01/23,138,NMB50,60.61,13.65,13.65,13.14,13.6,13.60,0.0,0.0,13.37,"650,575.00",13.40,"8,697,623.75",42,0.2,0.51,1.49,3.88,1.7,18.47,10.72,,
2022/01/24,135,NMB50,51.48,13.33,13.33,13.1,13.1,13.10,0.0,0.0,13.13,"195,100.00",13.60,"2,561,954.00",27,-0.5,0.23,-3.68,1.76,-0.24,18.47,10.72,,
2022/01/25,137,NMB50,46.65,13.36,13.36,13.01,13.03,13.03,0.0,0.0,13.05,"55,400.00",13.10,"723,009.00",18,-0.07,0.35,-0.53,2.69,-0.16,18.47,10.72,,
2022/01/26,138,NMB50,46.29,13.1,13.1,12.78,12.81,12.81,0.0,0.0,12.92,"218,475.00",13.03,"2,823,357.50",21,-0.22,0.32,-1.69,2.5,-0.88,18.47,10.72,,
2022/01/27,135,NMB50,43.66,12.72,13.31,12.63,12.81,12.81,0.0,0.0,12.70,"95,414.00",12.81,"1,211,919.08",22,0.0,0.68,0.0,5.38,0.85,18.47,10.72,,
2022/01/30,137,NMB50,44.55,13.06,13.27,13.06,13.19,13.19,0.0,0.0,13.12,"17,535.00",12.81,"230,144.30",7,0.38,0.21,2.97,1.61,0.49,18.47,10.72,,
2022/01/31,135,NMB50,44.14,13.19,13.19,12.96,12.97,12.97,0.0,0.0,13.11,"16,379.00",13.19,"214,647.36",12,-0.22,0.23,-1.67,1.77,-1.04,18.47,10.72,,
2022/02/01,132,NMB50,45.71,12.86,13.11,12.86,13.11,13.11,0.0,0.0,13.10,"6,200.00",12.97,"81,206.00",5,0.14,0.25,1.08,1.94,0.09,18.47,10.72,,
2022/02/03,135,NMB50,54.17,13.13,13.46,13.08,13.45,13.45,0.0,0.0,13.41,"219,695.00",13.11,"2,945,209.35",35,0.34,0.38,2.59,2.91,0.33,18.47,10.72,,
2022/02/06,138,NMB50,42.78,13.2,13.43,13.19,13.43,13.43,0.0,0.0,13.20,"7,100.00",13.45,"93,733.00",4,-0.02,0.24,-0.15,1.82,1.7,18.47,10.72,,
2022/02/07,135,NMB50,44.16,13.2,13.42,13.2,13.42,13.42,0.0,0.0,13.23,"3,000.00",13.43,"39,687.00",5,-0.01,0.22,-0.07,1.67,1.42,18.47,10.72,,
2021/12/21,136,NMB50,43.49,11.3,11.5,11.3,11.5,11.50,0.0,0.0,11.49,"7,600.00",11.40,"87,329.00",5,0.1,0.20,0.88,1.77,0.08,18.47,9.86,,
2021/12/22,140,NMB50,42.25,11.51,11.79,11.51,11.79,11.79,0.0,0.0,11.62,"1,600.00",11.50,"18,596.00",6,0.29,0.28,2.52,2.43,1.42,18.47,9.86,,
2021/12/23,138,NMB50,46.59,12.02,12.02,11.58,11.58,11.58,0.0,0.0,11.78,"4,700.00",11.79,"55,373.00",10,-0.21,0.44,-1.78,3.8,-1.74,18.47,10.01,,
2021/12/26,138,NMB50,50.25,11.52,11.75,11.5,11.58,11.58,0.0,0.0,11.61,"34,220.00",11.58,"397,415.00",11,0.00,0.25,0.0,2.17,-0.29,18.47,10.01,,
2021/12/27,143,NMB50,45.81,11.6,11.6,11.34,11.43,11.43,0.0,0.0,11.44,"157,600.00",11.58,"1,802,530.00",35,-0.15,0.26,-1.3,2.29,-0.06,18.47,10.01,,
2021/12/28,138,NMB50,38.15,11.4,11.59,11.18,11.37,11.37,0.0,0.0,11.31,"89,399.00",11.43,"1,010,913.10",18,-0.06,0.41,-0.52,3.67,0.55,18.47,10.01,,
2021/12/29,136,NMB50,43.39,11.37,11.58,11.37,11.55,11.55,0.0,0.0,11.44,"11,221.00",11.37,"128,369.18",5,0.18,0.21,1.58,1.85,0.95,18.47,10.01,,
2022/01/02,145,NMB50,55.4,11.61,11.78,11.55,11.55,11.55,0.0,0.0,11.59,"120,700.00",11.55,"1,399,171.63",19,0.00,0.23,0.0,1.99,-0.36,18.47,10.05,,
2022/01/03,136,NMB50,55.68,11.78,12.0,11.76,11.76,11.76,0.0,0.0,11.78,"26,780.00",11.55,"315,428.60",11,0.21,0.24,1.82,2.04,-0.16,18.47,10.05,,
2022/01/04,141,NMB50,62.09,11.61,12.13,11.61,12.0,12.00,0.0,0.0,12.03,"152,400.00",11.76,"1,833,215.50",23,0.24,0.52,2.04,4.48,-0.24,18.47,10.05,,
2022/01/05,141,NMB50,61.59,12.02,12.02,11.9,11.91,11.91,0.0,0.0,11.96,"117,240.00",12.00,"1,402,412.40",28,-0.09,0.12,-0.75,1.01,-0.44,18.47,10.15,,
2022/01/06,192,NMB50,27.71,10.05,10.25,10.05,10.25,10.25,0.0,0.0,10.21,"1,000.00",10.05,"10,214.00",2,0.2,0.2,1.99,1.99,0.35,12.03,9.57,10.73,10.61
2022/01/09,146,NMB50,64.7,12.33,12.49,12.24,12.24,12.24,0.0,0.0,12.37,"199,400.00",12.12,"2,466,334.00",47,0.12,0.25,0.99,2.04,-1.05,18.47,10.26,,
2022/01/10,143,NMB50,65.08,12.47,12.97,12.4,12.97,12.97,0.0,0.0,12.78,"323,277.00",12.24,"4,130,647.63",60,0.73,0.57,5.96,4.6,1.48,18.47,10.26,,
2022/01/11,138,NMB50,61.53,12.97,13.0,12.77,12.8,12.80,0.0,0.0,12.86,"86,545.00",12.97,"1,112,630.70",23,-0.17,0.23,-1.31,1.8,-0.44,18.47,10.44,,
2022/01/12,137,NMB50,59.82,12.78,13.07,12.7,12.81,12.81,0.0,0.0,12.79,"166,450.00",12.80,"2,128,673.00",33,0.01,0.37,0.08,2.91,0.17,18.47,10.54,,
2021/11/25,140,NMB50,54.17,11.81,12.1,11.81,12.09,12.09,0.0,0.0,12.04,"26,550.00",12.04,"319,640.50",9,0.05,0.29,0.42,2.46,0.42,18.47,9.82,,
2021/11/28,141,NMB50,40.85,12.0,12.0,11.85,11.85,11.85,0.0,0.0,11.88,"38,000.00",12.09,"451,580.00",12,-0.24,0.15,-1.99,1.27,-0.28,18.47,9.82,,
2021/11/29,137,NMB50,62.66,12.0,12.34,11.92,12.04,12.04,0.0,0.0,12.01,"577,490.00",11.85,"6,936,619.00",47,0.19,0.42,1.6,3.52,0.24,18.47,9.82,,
2021/11/30,135,NMB50,42.86,12.0,12.06,11.91,12.01,12.01,0.0,0.0,11.99,"188,491.00",12.04,"2,260,521.64",35,-0.03,0.15,-0.25,1.26,0.14,18.47,9.82,,
2021/12/01,132,NMB50,37.85,11.93,12.0,11.93,12.0,12.00,0.0,0.0,11.98,"23,050.00",12.01,"276,050.00",5,-0.01,0.07,-0.08,0.59,0.2,18.47,9.82,,
2021/12/02,138,NMB50,60.96,12.0,12.1,11.98,11.99,11.99,0.0,0.0,12.00,"548,000.00",12.00,"6,577,300.49",30,-0.01,0.12,-0.08,1.0,-0.1,18.47,9.82,,
2021/12/05,135,NMB50,33.21,11.85,11.85,11.55,11.75,11.75,0.0,0.0,11.65,"10,171.00",11.99,"118,511.58",9,-0.24,0.3,-2.0,2.6,0.83,18.47,9.82,,
2021/12/06,135,NMB50,35.49,11.52,11.75,11.2,11.52,11.52,0.0,0.0,11.43,"38,950.00",11.75,"445,267.00",15,-0.23,0.55,-1.96,4.91,0.77,18.47,9.82,,
2021/12/07,136,NMB50,37.37,11.52,11.82,11.32,11.8,11.80,0.0,0.0,11.66,"67,500.00",11.52,"787,186.00",14,0.28,0.50,2.43,4.42,1.17,18.47,9.86,,
2021/12/08,135,NMB50,32.8,11.57,12.03,11.57,11.61,11.61,0.0,0.0,11.87,"21,220.00",11.80,"251,865.40",16,-0.19,0.46,-1.61,3.98,-2.23,18.47,9.86,,
2021/12/09,139,NMB50,26.72,11.41,11.5,11.41,11.5,11.50,0.0,0.0,11.46,200.00,11.61,"2,291.00",2,-0.11,0.09,-0.95,0.79,0.39,18.47,9.86,,
2021/12/12,136,NMB50,37.2,11.5,11.5,11.43,11.45,11.45,0.0,0.0,11.49,"26,900.00",11.50,"308,957.00",5,-0.05,0.07,-0.43,0.61,-0.31,18.47,9.86,,
2021/12/13,140,NMB50,32.52,11.45,11.45,11.1,11.38,11.38,0.0,0.0,11.26,"89,290.00",11.45,"1,005,281.80",28,-0.07,0.35,-0.61,3.15,1.07,18.47,9.86,,
2021/12/14,132,NMB50,41.21,11.38,11.4,11.16,11.4,11.40,0.0,0.0,11.28,"51,000.00",11.38,"575,134.00",7,0.02,0.24,0.18,2.15,1.08,18.47,9.86,,
2021/12/15,137,NMB50,37.04,11.62,12.08,11.5,11.5,11.50,0.0,0.0,11.75,"7,430.00",11.40,"87,298.00",13,0.1,0.58,0.88,5.04,-2.17,18.47,9.86,,
2021/12/16,134,NMB50,38.93,11.3,11.5,11.3,11.5,11.50,0.0,0.0,11.49,"2,000.00",11.50,"22,980.00",4,0.0,0.2,0.0,1.77,0.09,18.47,9.86,,
2021/10/28,132,NMB50,54.16,11.69,12.15,11.69,11.91,11.91,0.0,0.0,11.92,"22,300.00",11.92,"265,825.00",12,-0.01,0.46,-0.08,3.93,-0.09,18.47,9.05,,
2021/10/31,140,NMB50,55.41,12.14,12.14,12.0,12.05,12.05,0.0,0.0,12.06,"174,750.00",11.91,"2,107,650.00",33,0.14,0.14,1.18,1.17,-0.09,18.47,9.11,,
2021/11/01,135,NMB50,50.99,12.05,12.1,12.0,12.04,12.04,0.0,0.0,12.03,"63,160.00",12.05,"759,893.00",16,-0.01,0.1,-0.08,0.83,0.07,18.47,9.11,,
2021/11/02,141,NMB50,60.3,12.2,12.2,11.98,12.0,12.00,0.0,0.0,12.01,"117,295.00",12.04,"1,408,831.90",24,-0.04,0.22,-0.33,1.84,-0.09,18.47,9.45,,
2021/11/03,138,NMB50,62.3,12.04,12.1,11.98,12.04,12.04,0.0,0.0,12.02,"176,100.00",12.00,"2,116,266.00",24,0.04,0.12,0.33,1.0,0.19,18.47,9.45,,
2021/11/08,134,NMB50,54.83,12.27,12.27,12.1,12.1,12.10,0.0,0.0,12.15,"48,400.00",12.04,"588,267.00",15,0.06,0.17,0.5,1.4,-0.45,18.47,9.45,,
2021/11/09,132,NMB50,54.26,12.11,12.19,11.94,11.97,11.97,0.0,0.0,12.07,"142,800.00",12.10,"1,724,301.00",23,-0.13,0.25,-1.07,2.09,-0.88,18.47,9.51,,
2021/11/11,134,NMB50,43.41,12.2,12.2,11.9,11.9,11.90,0.0,0.0,12.04,"20,800.00",11.97,"250,498.00",14,-0.07,0.3,-0.58,2.52,-1.2,18.47,9.62,,
2021/11/14,138,NMB50,41.01,12.1,12.1,11.73,11.98,11.98,0.0,0.0,11.78,"26,400.00",11.90,"310,982.13",14,0.08,0.37,0.67,3.15,1.67,18.47,9.75,,
2021/11/15,136,NMB50,45.09,11.98,12.1,11.76,11.76,11.76,0.0,0.0,11.94,"77,100.00",11.98,"920,686.00",23,-0.22,0.34,-1.84,2.89,-1.54,18.47,9.75,,
2021/11/16,136,NMB50,48.16,11.79,12.13,11.79,12.13,12.13,0.0,0.0,11.91,"2,200.00",11.76,"26,212.00",6,0.37,0.34,3.15,2.88,1.78,18.47,9.75,,
2021/11/17,135,NMB50,49.83,12.0,12.19,12.0,12.0,12.00,0.0,0.0,12.04,"40,100.00",12.13,"482,846.00",8,-0.13,0.19,-1.07,1.58,-0.34,18.47,9.75,,
2021/11/18,132,NMB50,46.68,11.94,11.95,11.8,11.95,11.95,0.0,0.0,11.84,"45,300.00",12.00,"536,475.00",14,-0.05,0.15,-0.42,1.27,0.9,18.47,9.75,,
2021/11/21,134,NMB50,45.29,12.0,12.05,11.85,11.99,11.99,0.0,0.0,11.93,"15,450.00",11.95,"184,317.50",9,0.04,0.2,0.33,1.69,0.5,18.47,9.82,,
2021/11/22,138,NMB50,34.13,11.79,11.99,11.79,11.99,11.99,0.0,0.0,11.84,"1,300.00",11.99,"15,397.00",4,0.0,0.2,0.0,1.7,1.22,18.47,9.82,,
2021/11/23,138,NMB50,38.83,11.8,11.85,11.8,11.83,11.83,0.0,0.0,11.80,"22,400.00",11.99,"264,428.00",6,-0.16,0.05,-1.33,0.42,0.21,18.47,9.82,,
2021/09/29,135,NMB50,46.95,11.55,11.55,11.55,11.55,11.55,0.0,0.0,11.55,"1,500.00",11.55,"17,325.00",2,0.0,0.0,0.0,0.0,0.0,18.47,9.00,,
2021/09/30,133,NMB50,44.5,11.6,11.6,11.6,11.6,11.60,0.0,0.0,11.60,"1,000.00",11.55,"11,600.00",1,0.05,0.0,0.43,0.0,0.0,18.47,9.00,,
2021/10/03,139,NMB50,42.56,11.5,11.56,11.41,11.41,11.41,0.0,0.0,11.47,"46,450.00",11.60,"532,930.50",13,-0.19,0.15,-1.64,1.31,-0.55,18.47,9.00,,
2021/10/04,134,NMB50,35.47,11.19,11.25,11.19,11.25,11.25,0.0,0.0,11.24,"21,500.00",11.41,"241,636.00",7,-0.16,0.06,-1.4,0.54,0.1,18.47,9.00,,
2021/10/05,133,NMB50,40.74,11.47,11.47,11.26,11.47,11.47,0.0,0.0,11.33,"10,000.00",11.25,"113,314.00",10,0.22,0.21,1.96,1.87,1.21,18.47,9.00,,
2021/10/06,138,NMB50,54.16,11.69,11.9,11.67,11.89,11.89,0.0,0.0,11.84,"61,500.00",11.47,"728,166.00",8,0.42,0.23,3.66,1.97,0.42,18.47,9.00,,
2021/10/10,129,NMB50,46.82,11.8,11.8,11.7,11.7,11.70,0.0,0.0,11.79,"12,100.00",11.89,"142,710.00",7,-0.19,0.1,-1.6,0.85,-0.81,18.47,9.00,,
2021/10/11,131,NMB50,53.18,11.75,11.82,11.57,11.75,11.75,0.0,0.0,11.75,"80,700.00",11.70,"948,397.00",12,0.05,0.25,0.43,2.16,-0.02,18.47,9.00,,
2021/10/17,132,NMB50,53.24,11.6,11.65,11.53,11.53,11.53,0.0,0.0,11.54,"60,200.00",11.75,"694,931.75",12,-0.22,0.12,-1.87,1.04,-0.12,18.47,9.00,,
2021/10/18,131,NMB50,39.55,11.32,11.4,11.0,11.09,11.09,0.0,0.0,11.09,"206,900.00",11.53,"2,294,538.00",20,-0.44,0.4,-3.82,3.64,0.0,18.47,9.00,,
2021/10/19,192,NMB50,27.71,10.05,10.25,10.05,10.25,10.25,0.0,0.0,10.21,"1,000.00",10.05,"10,214.00",2,0.2,0.2,1.99,1.99,0.35,12.03,9.57,10.73,10.61
2021/10/20,129,NMB50,36.57,11.45,11.45,11.26,11.35,11.35,0.0,0.0,11.33,"79,121.00",11.29,"896,133.76",13,0.06,0.19,0.53,1.69,0.21,18.47,9.00,,
2021/10/21,129,NMB50,33.94,11.35,11.35,11.3,11.3,11.30,0.0,0.0,11.31,"10,000.00",11.35,"113,125.00",3,-0.05,0.05,-0.44,0.44,-0.11,18.47,9.02,,
2021/10/24,135,NMB50,50.48,11.1,11.75,11.1,11.5,11.50,0.0,0.0,11.44,"25,750.00",11.30,"294,618.00",12,0.2,0.65,1.77,5.86,0.51,18.47,9.05,,
2021/10/25,138,NMB50,51.22,11.72,11.89,11.7,11.89,11.89,0.0,0.0,11.74,"25,200.00",11.50,"295,815.00",14,0.39,0.19,3.39,1.62,1.27,18.47,9.05,,
2021/10/26,135,NMB50,57.23,11.92,12.05,11.89,12.05,12.05,0.0,0.0,11.94,"58,000.00",11.89,"692,368.70",17,0.16,0.16,1.35,1.35,0.93,18.47,9.05,,
2021/09/06,134,NMB50,43.07,12.0,12.32,12.0,12.32,12.32,0.0,0.0,12.26,"102,800.00",12.00,"1,260,055.00",25,0.32,0.32,2.67,2.67,0.51,18.47,9.00,,
2021/09/07,131,NMB50,39.92,12.2,12.44,12.1,12.17,12.17,0.0,0.0,12.22,"202,100.00",12.32,"2,470,339.00",39,-0.15,0.34,-1.22,2.81,-0.44,18.47,9.00,,
2021/09/08,130,NMB50,39.97,12.17,12.24,11.95,12.22,12.22,0.0,0.0,12.09,"248,556.00",12.17,"3,004,415.00",57,0.05,0.29,0.41,2.43,1.08,18.47,9.00,,
2021/09/09,136,NMB50,49.47,12.06,12.21,12.0,12.04,12.04,0.0,0.0,12.06,"94,700.00",12.22,"1,141,619.00",22,-0.18,0.21,-1.47,1.75,-0.13,18.47,9.00,,
2021/09/10,192,NMB50,27.71,10.05,10.25,10.05,10.25,10.25,0.0,0.0,10.21,"1,000.00",10.05,"10,214.00",2,0.2,0.2,1.99,1.99,0.35,12.03,9.57,10.73,10.61
2021/09/12,139,NMB50,53.82,11.87,12.15,11.87,12.02,12.02,0.0,0.0,12.04,"236,800.00",12.04,"2,850,980.00",33,-0.02,0.28,-0.17,2.36,-0.16,18.47,9.00,,
2021/09/13,134,NMB50,55.22,12.15,12.15,12.0,12.12,12.12,0.0,0.0,12.04,"130,000.00",12.02,"1,565,053.01",26,0.1,0.15,0.83,1.25,0.67,18.47,9.00,,
2021/09/14,133,NMB50,51.40,12.01,12.12,11.97,12.0,12.00,0.0,0.0,12.02,"172,972.00",12.12,"2,078,323.28",36,-0.12,0.15,-0.99,1.25,-0.13,18.47,9.00,,
2021/09/15,134,NMB50,50.15,12.0,12.05,11.87,11.88,11.88,0.0,0.0,11.92,"177,800.00",12.00,"2,120,006.00",38,-0.12,0.18,-1.0,1.52,-0.37,18.47,9.00,,
2021/09/16,139,NMB50,46.47,11.86,11.86,11.7,11.7,11.70,0.0,0.0,11.76,"90,040.00",11.88,"1,058,756.20",22,-0.18,0.16,-1.52,1.37,-0.5,18.47,9.00,,
2021/09/20,135,NMB50,49.23,11.93,11.93,11.04,11.1,11.10,0.0,0.0,11.23,"381,350.00",11.70,"4,280,809.00",62,-0.6,0.89,-5.13,8.06,-1.13,18.47,9.00,,
2021/09/21,132,NMB50,47.51,10.93,11.2,10.72,11.18,11.18,0.0,0.0,10.98,"189,400.00",11.10,"2,080,320.00",31,0.08,0.48,0.72,4.48,1.76,18.47,9.00,,
2021/09/22,130,NMB50,47.89,11.14,11.9,11.14,11.47,11.47,0.0,0.0,11.43,"57,030.00",11.18,"651,845.80",13,0.29,0.76,2.59,6.82,0.35,18.47,9.00,,
2021/09/23,138,NMB50,49.37,11.47,11.69,11.4,11.51,11.51,0.0,0.0,11.50,"146,960.00",11.47,"1,690,631.80",30,0.04,0.29,0.35,2.54,0.05,18.47,9.00,,
2021/09/26,142,NMB50,47.66,11.6,11.7,11.5,11.52,11.52,0.0,0.0,11.55,"51,900.00",11.51,"599,240.00",20,0.01,0.2,0.09,1.74,-0.23,18.47,9.00,,
2021/09/27,140,NMB50,51.56,11.5,11.69,11.32,11.53,11.53,0.0,0.0,11.49,"229,919.00",11.52,"2,642,897.70",40,0.01,0.37,0.09,3.27,0.3,18.47,9.00,,
2021/08/09,134,NMB50,49.13,16.99,17.19,16.73,16.8,16.80,0.0,0.0,16.82,"368,845.00",16.90,"6,202,584.20",110,-0.1,0.46,-0.59,2.75,-0.1,18.47,9.00,,
2021/08/10,135,NMB50,55.97,16.81,17.24,16.58,17.22,17.22,0.0,0.0,16.78,"510,450.00",16.80,"8,564,277.00",104,0.42,0.66,2.5,3.98,2.57,18.47,9.00,,
2021/08/11,136,NMB50,52.73,17.42,17.42,16.9,16.9,16.90,0.0,0.0,16.96,"392,800.00",17.22,"6,663,344.00",62,-0.32,0.52,-1.86,3.08,-0.38,18.47,9.00,,
2021/08/12,133,NMB50,56.26,16.83,17.15,16.83,17.15,17.15,0.0,0.0,16.95,"617,410.00",16.90,"10,462,383.00",62,0.25,0.32,1.48,1.9,1.19,18.47,9.00,,
2021/08/15,133,NMB50,32.37,16.87,17.2,16.7,16.85,16.85,0.0,0.0,16.84,"220,050.00",17.15,"3,706,335.50",61,-0.3,0.50,-1.75,2.99,0.04,18.47,9.00,,
2021/08/16,134,NMB50,47.36,16.95,16.95,16.71,16.85,16.85,0.0,0.0,16.87,"201,513.00",16.85,"3,399,041.70",52,0.0,0.24,0.0,1.44,-0.1,18.47,9.00,,
2021/08/17,132,NMB50,54.05,16.86,16.9,16.5,16.65,16.65,0.0,0.0,16.57,"760,415.00",16.85,"12,596,918.45",149,-0.2,0.4,-1.19,2.42,0.51,18.47,9.00,,
2021/08/18,135,NMB50,54.05,16.33,16.64,16.28,16.3,16.30,0.0,0.0,16.39,"1,046,510.00",16.65,"17,148,350.45",140,-0.35,0.36,-2.1,2.21,-0.53,18.47,9.00,,
2021/08/19,137,NMB50,51.21,16.6,16.62,16.12,16.25,16.25,0.0,0.0,16.26,"187,470.00",16.30,"3,049,112.15",78,-0.05,0.50,-0.31,3.1,-0.09,18.47,9.00,,
2021/08/24,135,NMB50,50.87,16.25,16.25,15.95,16.0,16.00,0.0,0.0,16.06,"425,250.00",16.25,"6,829,462.20",72,-0.25,0.3,-1.54,1.88,-0.37,18.47,9.00,,
2021/08/25,134,NMB50,52.22,16.0,16.16,15.8,15.8,15.80,0.0,0.0,15.94,"607,900.00",16.00,"9,687,722.00",69,-0.2,0.36,-1.25,2.28,-0.86,18.47,9.00,,
2021/08/26,139,NMB50,62.0,15.9,16.27,15.79,16.27,16.27,0.0,0.0,16.12,"580,585.00",15.80,"9,357,920.60",65,0.47,0.48,2.97,3.04,0.93,18.47,9.00,,
2021/08/29,135,NMB50,54.16,16.2,16.27,15.91,16.05,16.05,0.0,0.0,16.02,"149,186.00",16.27,"2,389,410.80",52,-0.22,0.36,-1.35,2.26,0.21,18.47,9.00,,
2021/08/31,134,NMB50,52.47,16.0,16.0,15.69,15.74,15.74,0.0,0.0,15.82,"235,170.00",16.05,"3,721,006.00",55,-0.31,0.31,-1.93,1.98,-0.52,18.47,9.00,,
2021/09/01,135,NMB50,52.61,15.74,15.89,15.55,15.75,15.75,0.0,0.0,15.68,"187,430.00",15.74,"2,939,287.70",65,0.01,0.34,0.06,2.19,0.43,18.47,9.00,,
2021/09/02,137,NMB50,52.82,16.06,16.06,15.49,15.53,15.53,0.0,0.0,15.60,"701,991.00",15.75,"10,948,818.79",167,-0.22,0.57,-1.4,3.68,-0.43,18.47,9.00,,
2021/07/14,128,NMB50,60.67,15.01,15.01,14.7,14.72,14.72,0.0,0.0,14.75,"4,853,100.00",15.14,"71,595,078.00",155,-0.42,0.31,-2.77,2.11,-0.22,15.38,9.00,,
2021/07/15,136,NMB50,54.51,13.99,14.95,13.99,14.95,14.95,0.0,0.0,14.31,"7,178,950.00",14.72,"102,749,253.00",168,0.23,0.96,1.56,6.86,4.26,15.38,9.00,,
2021/07/18,131,NMB50,63.9,15.0,15.46,15.0,15.46,15.46,0.0,0.0,15.35,"278,650.00",14.95,"4,276,461.92",51,0.51,0.46,3.41,3.07,0.73,15.46,9.00,,
2021/07/19,132,NMB50,62.48,15.4,15.81,15.4,15.64,15.64,0.0,0.0,15.53,"629,250.00",15.46,"9,775,116.50",55,0.18,0.41,1.16,2.66,0.67,15.81,9.00,,
2021/07/20,132,NMB50,67.41,15.95,16.9,15.83,16.8,16.80,0.0,0.0,16.62,"1,309,103.00",15.64,"21,760,374.70",187,1.16,1.07,7.42,6.76,1.06,16.90,9.00,,
2021/07/22,135,NMB50,70.62,17.13,18.47,17.13,17.62,17.62,0.0,0.0,17.64,"1,710,501.00",16.80,"30,179,279.76",336,0.82,1.34,4.88,7.82,-0.13,18.47,9.00,,
2021/07/25,131,NMB50,71.69,17.97,18.06,17.51,17.54,17.54,0.0,0.0,17.77,"1,082,894.00",17.62,"19,239,989.90",256,-0.08,0.55,-0.45,3.14,-1.3,18.47,9.00,,
2021/07/26,134,NMB50,74.81,17.32,17.79,17.2,17.51,17.51,0.0,0.0,17.28,"3,438,670.00",17.54,"59,431,101.15",147,-0.03,0.59,-0.17,3.43,1.3,18.47,9.00,,
2021/07/27,133,NMB50,60.75,17.5,17.72,17.2,17.69,17.69,0.0,0.0,17.38,"638,100.00",17.51,"11,092,903.00",85,0.18,0.52,1.03,3.02,1.73,18.47,9.00,,
2021/07/28,132,NMB50,53.49,18.04,18.04,17.4,17.5,17.50,0.0,0.0,17.55,"376,900.00",17.69,"6,613,270.00",51,-0.19,0.64,-1.07,3.68,-0.27,18.47,9.00,,
2021/07/29,130,NMB50,58.87,17.7,17.7,17.36,17.6,17.60,0.0,0.0,17.48,"1,469,540.00",17.50,"25,692,135.00",48,0.1,0.34,0.57,1.96,0.66,18.47,9.00,,
2021/08/01,133,NMB50,57.63,17.8,18.14,17.58,17.7,17.70,0.0,0.0,17.69,"748,300.00",17.60,"13,240,404.60",137,0.1,0.56,0.57,3.19,0.03,18.47,9.00,,
2021/08/02,134,NMB50,57.16,17.42,17.79,17.34,17.43,17.43,0.0,0.0,17.48,"416,950.00",17.70,"7,287,491.75",85,-0.27,0.45,-1.53,2.6,-0.28,18.47,9.00,,
2021/08/03,131,NMB50,54.95,17.3,17.4,17.06,17.2,17.20,0.0,0.0,17.19,"763,792.00",17.43,"13,127,793.42",117,-0.23,0.34,-1.32,1.99,0.07,18.47,9.00,,
2021/08/04,134,NMB50,53.11,17.0,17.2,16.99,17.2,17.20,0.0,0.0,17.06,"697,250.00",17.20,"11,897,492.00",101,0.0,0.21,0.0,1.24,0.79,18.47,9.00,,
2021/08/05,134,NMB50,45.64,17.3,17.42,17.0,17.0,17.00,0.0,0.0,17.13,"155,100.00",17.20,"2,656,517.00",33,-0.2,0.42,-1.16,2.47,-0.75,18.47,9.00,,
2021/06/21,192,NMB50,27.71,10.05,10.25,10.05,10.25,10.25,0.0,0.0,10.21,"1,000.00",10.05,"10,214.00",2,0.2,0.2,1.99,1.99,0.35,12.03,9.57,10.73,10.61
2021/06/22,133,NMB50,46.43,14.36,15.0,14.36,15.0,15.00,0.0,0.0,14.68,"4,550.00",14.65,"66,785.00",13,0.35,0.64,2.39,4.46,2.15,15.38,9.00,,
2021/06/23,130,NMB50,49.13,14.7,14.99,14.5,14.66,14.66,0.0,0.0,14.76,"767,727.00",15.00,"11,328,987.88",24,-0.34,0.49,-2.27,3.38,-0.66,15.38,9.00,,
2021/06/24,129,NMB50,41.7,14.7,14.7,14.45,14.61,14.61,0.0,0.0,14.56,"33,900.00",14.66,"493,600.00",13,-0.05,0.25,-0.34,1.73,0.34,15.38,9.00,,
2021/06/27,135,NMB50,46.83,14.51,14.85,14.51,14.8,14.80,0.0,0.0,14.77,"60,000.00",14.61,"886,288.00",14,0.19,0.34,1.3,2.34,0.19,15.38,9.00,,
2021/06/28,128,NMB50,45.85,14.71,15.0,14.71,14.86,14.86,0.0,0.0,14.89,"279,400.00",14.80,"4,160,411.00",24,0.06,0.29,0.41,1.97,-0.21,15.38,9.00,,
2021/06/29,135,NMB50,46.23,14.61,14.8,14.61,14.72,14.72,0.0,0.0,14.77,"53,736.00",14.86,"793,712.36",21,-0.14,0.19,-0.94,1.3,-0.34,15.38,9.00,,
2021/06/30,131,NMB50,40.26,14.8,14.8,14.51,14.54,14.54,0.0,0.0,14.54,"46,800.00",14.72,"680,587.00",9,-0.18,0.29,-1.22,2.0,-0.02,15.38,9.00,,
2021/07/01,133,NMB50,42.46,14.54,14.8,14.54,14.8,14.80,0.0,0.0,14.70,"34,700.00",14.54,"510,149.00",12,0.26,0.26,1.79,1.79,0.66,15.38,9.00,,
2021/07/04,133,NMB50,53.62,14.8,15.09,14.7,15.09,15.09,0.0,0.0,14.98,"201,046.00",14.80,"3,011,385.20",36,0.29,0.39,1.96,2.65,0.74,15.38,9.00,,
2021/07/05,132,NMB50,56.47,14.81,15.04,14.8,14.99,14.99,0.0,0.0,14.89,"199,100.00",15.09,"2,964,836.00",23,-0.1,0.24,-0.66,1.62,0.66,15.38,9.00,,
2021/07/06,130,NMB50,59.2,14.8,14.8,14.41,14.58,14.58,0.0,0.0,14.61,"317,800.00",14.99,"4,642,271.00",43,-0.41,0.39,-2.74,2.71,-0.19,15.38,9.00,,
2021/07/07,133,NMB50,47.78,14.57,14.64,14.48,14.52,14.52,0.0,0.0,14.55,"477,700.00",14.58,"6,948,616.00",37,-0.06,0.16,-0.41,1.1,-0.18,15.38,9.00,,
2021/07/08,137,NMB50,53.21,14.47,14.8,14.47,14.8,14.80,0.0,0.0,14.55,"1,090,155.00",14.52,"15,863,909.25",24,0.28,0.33,1.93,2.28,1.68,15.38,9.00,,
2021/07/11,134,NMB50,70.86,14.61,15.08,14.5,15.08,15.08,0.0,0.0,14.94,"2,665,289.00",14.80,"39,824,204.72",56,0.28,0.58,1.89,4.0,0.92,15.38,9.00,,
2021/07/12,137,NMB50,63.24,15.02,15.25,14.9,15.17,15.17,0.0,0.0,15.02,"605,950.00",15.08,"9,098,736.00",62,0.09,0.35,0.6,2.35,1.02,15.38,9.00,,
2021/05/27,128,NMB50,69.85,13.13,13.31,13.13,13.31,13.31,0.0,0.0,13.14,"2,409,300.00",13.30,"31,655,529.00",32,0.01,0.18,0.08,1.37,1.29,13.65,9.00,,
2021/05/30,132,NMB50,71.61,13.5,13.97,13.5,13.97,13.97,0.0,0.0,13.84,"631,476.00",13.31,"8,737,608.40",60,0.66,0.47,4.96,3.48,0.95,13.97,9.00,,
2021/05/31,131,NMB50,65.85,13.87,14.15,13.85,14.11,14.11,0.0,0.0,14.10,"196,650.00",13.97,"2,773,007.50",27,0.14,0.30,1.0,2.17,0.06,14.15,9.00,,
2021/06/01,131,NMB50,62.95,14.16,14.17,13.97,13.97,13.97,0.0,0.0,14.12,"253,400.00",14.11,"3,576,757.00",29,-0.14,0.2,-0.99,1.43,-1.04,14.17,9.00,,
2021/06/02,128,NMB50,63.95,13.86,14.09,13.82,14.07,14.07,0.0,0.0,14.03,"189,055.00",13.97,"2,652,792.00",30,0.10,0.27,0.72,1.95,0.27,14.17,9.00,,
2021/06/03,129,NMB50,65.57,13.82,14.16,13.82,14.13,14.13,0.0,0.0,14.10,"895,450.00",14.07,"12,629,511.00",36,0.06,0.34,0.43,2.46,0.18,14.17,9.00,,
2021/06/06,128,NMB50,65.92,14.0,14.25,14.0,14.25,14.25,0.0,0.0,14.24,"1,333,445.00",14.13,"18,987,132.30",47,0.12,0.25,0.85,1.79,0.08,14.25,9.00,,
2021/06/07,131,NMB50,63.80,14.25,14.45,14.25,14.4,14.40,0.0,0.0,14.39,"847,400.00",14.25,"12,192,812.50",49,0.15,0.2,1.05,1.4,0.08,14.45,9.00,,
2021/06/08,129,NMB50,66.39,14.17,15.0,14.17,15.0,15.00,0.0,0.0,14.81,"1,057,000.00",14.40,"15,652,501.00",76,0.6,0.83,4.17,5.86,1.28,15.00,9.00,,
2021/06/09,132,NMB50,61.90,15.0,15.1,14.8,14.86,14.86,0.0,0.0,15.00,"597,484.00",15.00,"8,964,071.50",60,-0.14,0.3,-0.93,2.03,-0.96,15.10,9.00,,
2021/06/10,132,NMB50,60.82,14.65,14.95,14.65,14.85,14.85,0.0,0.0,14.84,"161,650.00",14.86,"2,399,336.00",39,-0.01,0.3,-0.07,2.05,0.05,15.10,9.00,,
2021/06/13,131,NMB50,61.72,14.56,15.05,14.56,15.05,15.05,0.0,0.0,14.88,"237,851.00",14.85,"3,540,395.25",72,0.2,0.49,1.35,3.37,1.1,15.10,9.00,,
2021/06/14,132,NMB50,60.89,15.25,15.25,14.95,15.08,15.08,0.0,0.0,14.99,"41,600.00",15.05,"623,734.00",23,0.03,0.30,0.2,2.01,0.57,15.25,9.00,,
2021/06/15,135,NMB50,56.29,15.38,15.38,14.81,15.11,15.11,0.0,0.0,15.05,"195,760.00",15.08,"2,947,009.60",38,0.03,0.57,0.2,3.85,0.37,15.38,9.00,,
2021/06/16,130,NMB50,55.09,15.0,15.3,15.0,15.1,15.10,0.0,0.0,15.15,"176,200.00",15.11,"2,668,686.00",53,-0.01,0.30,-0.07,2.0,-0.3,15.38,9.00,,
2021/06/17,132,NMB50,49.74,14.82,15.35,14.82,15.05,15.05,0.0,0.0,15.19,"80,660.00",15.10,"1,225,119.80",26,-0.05,0.53,-0.33,3.58,-0.92,15.38,9.00,,
2021/05/03,132,NMB50,42.88,12.51,12.55,12.45,12.54,12.54,0.0,0.0,12.52,"51,030.00",12.54,"638,951.50",16,0.0,0.1,0.0,0.8,0.15,13.65,9.00,,
2021/05/04,129,NMB50,54.45,12.38,12.56,12.38,12.56,12.56,0.0,0.0,12.54,"66,944.00",12.54,"839,774.20",13,0.02,0.18,0.16,1.45,0.12,13.65,9.00,,
2021/05/05,133,NMB50,51.82,12.56,12.56,12.46,12.46,12.46,0.0,0.0,12.48,"150,750.00",12.56,"1,880,964.50",20,-0.1,0.1,-0.8,0.8,-0.14,13.65,9.00,,
2021/05/06,129,NMB50,49.33,12.37,12.5,12.36,12.5,12.50,0.0,0.0,12.39,"102,300.00",12.46,"1,267,273.00",23,0.04,0.14,0.32,1.13,0.9,13.65,9.00,,
2021/05/09,133,NMB50,47.85,12.48,12.53,12.4,12.4,12.40,0.0,0.0,12.46,"86,700.00",12.50,"1,080,651.00",15,-0.1,0.13,-0.8,1.05,-0.52,13.65,9.00,,
2021/05/10,132,NMB50,43.47,12.5,12.53,12.42,12.45,12.45,0.0,0.0,12.48,"3,900.00",12.40,"48,667.00",5,0.05,0.11,0.4,0.89,-0.23,13.65,9.00,,
2021/05/11,130,NMB50,50.52,12.36,12.48,12.36,12.48,12.48,0.0,0.0,12.42,"11,700.00",12.45,"145,353.00",13,0.03,0.12,0.24,0.97,0.45,13.65,9.00,,
2021/05/12,127,NMB50,55.26,12.32,12.55,12.32,12.55,12.55,0.0,0.0,12.54,"24,150.00",12.48,"302,812.50",16,0.07,0.23,0.56,1.87,0.09,13.65,9.00,,
2021/05/13,132,NMB50,67.62,12.6,12.65,12.45,12.52,12.52,0.0,0.0,12.61,"220,000.00",12.55,"2,775,088.00",20,-0.03,0.20,-0.24,1.61,-0.75,13.65,9.00,,
2021/05/16,127,NMB50,67.23,12.52,12.65,12.52,12.65,12.65,0.0,0.0,12.63,"96,200.00",12.52,"1,215,342.00",19,0.13,0.13,1.04,1.04,0.13,13.65,9.00,,
2021/05/17,130,NMB50,67.34,12.66,12.79,12.65,12.75,12.75,0.0,0.0,12.69,"73,600.00",12.65,"934,071.00",24,0.1,0.14,0.79,1.11,0.46,13.65,9.00,,
2021/05/18,128,NMB50,69.78,12.5,12.97,12.5,12.97,12.97,0.0,0.0,12.86,"57,450.00",12.75,"738,577.50",40,0.22,0.47,1.73,3.76,0.88,13.65,9.00,,
2021/05/19,126,NMB50,70.19,13.2,13.2,12.99,12.99,12.99,0.0,0.0,13.01,"97,700.00",12.97,"1,270,689.00",42,0.02,0.21,0.15,1.62,-0.12,13.65,9.00,,
2021/05/20,129,NMB50,72.51,12.98,13.21,12.98,13.0,13.00,0.0,0.0,13.00,"215,000.00",12.99,"2,794,346.00",27,0.01,0.23,0.08,1.77,0.02,13.65,9.00,,
2021/05/23,134,NMB50,69.7,13.0,13.2,13.0,13.07,13.07,0.0,0.0,13.06,"96,900.00",13.00,"1,265,206.00",25,0.07,0.2,0.54,1.54,0.1,13.65,9.00,,
2021/05/24,128,NMB50,59.26,13.29,13.29,13.11,13.12,13.12,0.0,0.0,13.18,"23,900.00",13.07,"315,080.00",11,0.05,0.18,0.38,1.37,-0.48,13.65,9.00,,
2021/04/06,131,NMB50,50.7,12.2,12.51,12.2,12.28,12.28,0.0,0.0,12.30,"153,750.00",12.20,"1,890,972.00",37,0.08,0.31,0.66,2.54,-0.15,13.65,9.00,,
2021/04/07,129,NMB50,54.74,12.49,12.52,12.28,12.52,12.52,0.0,0.0,12.48,"25,150.00",12.28,"313,913.50",21,0.24,0.24,1.95,1.95,0.31,13.65,9.00,,
2021/04/08,125,NMB50,70.14,12.34,12.55,12.27,12.55,12.55,0.0,0.0,12.35,"228,400.00",12.52,"2,821,031.50",37,0.03,0.28,0.24,2.28,1.58,13.65,9.00,,
2021/04/12,130,NMB50,64.75,12.36,12.4,12.3,12.3,12.30,0.0,0.0,12.37,"40,095.00",12.55,"496,018.50",23,-0.25,0.1,-1.99,0.81,-0.58,13.65,9.00,,
2021/04/13,125,NMB50,59.96,12.45,12.61,12.36,12.42,12.42,0.0,0.0,12.57,"57,050.00",12.30,"717,315.50",16,0.12,0.25,0.98,2.02,-1.24,13.65,9.00,,
2021/04/15,134,NMB50,53.82,12.48,12.59,12.37,12.57,12.57,0.0,0.0,12.53,"48,200.00",12.42,"604,097.00",19,0.15,0.22,1.21,1.78,0.29,13.65,9.00,,
2021/04/18,124,NMB50,55.33,12.57,12.65,12.45,12.45,12.45,0.0,0.0,12.49,"374,500.00",12.57,"4,675,833.00",45,-0.12,0.2,-0.95,1.61,-0.29,13.65,9.00,,
2021/04/19,129,NMB50,62.21,12.4,12.59,12.4,12.45,12.45,0.0,0.0,12.42,"641,800.00",12.45,"7,968,016.00",32,0.0,0.19,0.0,1.53,0.28,13.65,9.00,,
2021/04/20,130,NMB50,54.48,12.38,12.5,12.38,12.5,12.50,0.0,0.0,12.48,"34,125.00",12.45,"425,863.50",20,0.05,0.12,0.4,0.97,0.16,13.65,9.00,,
2021/04/21,128,NMB50,47.5,12.42,12.46,12.42,12.45,12.45,0.0,0.0,12.45,"36,700.00",12.50,"456,882.00",8,-0.05,0.04,-0.4,0.32,0.01,13.65,9.00,,
2021/04/22,131,NMB50,55.33,12.35,12.51,12.35,12.51,12.51,0.0,0.0,12.48,"6,200.00",12.45,"77,406.00",11,0.06,0.16,0.48,1.3,0.2,13.65,9.00,,
2021/04/25,130,NMB50,54.22,12.3,12.6,12.3,12.5,12.50,0.0,0.0,12.55,"104,750.00",12.51,"1,314,127.00",37,-0.01,0.3,-0.08,2.44,-0.36,13.65,9.00,,
2021/04/26,134,NMB50,57.76,12.41,12.62,12.37,12.5,12.50,0.0,0.0,12.51,"163,620.00",12.50,"2,046,813.30",29,0.0,0.25,0.0,2.02,-0.08,13.65,9.00,,
2021/04/27,131,NMB50,68.54,12.33,12.74,12.33,12.72,12.72,0.0,0.0,12.66,"152,397.00",12.50,"1,929,859.20",25,0.22,0.41,1.76,3.33,0.45,13.65,9.00,,
2021/04/28,129,NMB50,48.75,12.57,12.57,12.53,12.53,12.53,0.0,0.0,12.56,"73,100.00",12.72,"917,843.00",13,-0.19,0.04,-1.49,0.32,-0.21,13.65,9.00,,
2021/04/29,132,NMB50,52.07,12.35,12.7,12.35,12.49,12.49,0.0,0.0,12.58,"107,990.00",12.53,"1,358,695.10",25,-0.04,0.35,-0.32,2.83,-0.73,13.65,9.00,,
2021/03/14,125,NMB50,43.09,12.1,12.1,12.0,12.1,12.10,0.0,0.0,12.00,"33,775.00",12.20,"405,427.50",18,-0.1,0.1,-0.82,0.83,0.8,13.65,9.00,,
2021/03/15,127,NMB50,44.09,12.0,12.2,12.0,12.0,12.00,0.0,0.0,12.03,"125,600.00",12.10,"1,511,205.00",23,-0.1,0.20,-0.83,1.67,-0.27,13.65,9.00,,
2021/03/16,133,NMB50,42.42,12.1,12.1,11.8,11.86,11.86,0.0,0.0,11.91,"95,900.00",12.00,"1,142,128.00",18,-0.14,0.30,-1.17,2.54,-0.42,13.65,9.00,,
2021/03/17,126,NMB50,44.28,11.65,11.9,11.63,11.85,11.85,0.0,0.0,11.75,"176,275.00",11.86,"2,072,088.25",13,-0.01,0.27,-0.08,2.32,0.8,13.65,9.00,,
2021/03/18,129,NMB50,43.03,11.8,12.03,11.75,11.8,11.80,0.0,0.0,11.88,"131,050.00",11.85,"1,556,941.00",31,-0.05,0.28,-0.42,2.38,-0.68,13.65,9.00,,
2021/03/21,125,NMB50,51.38,11.61,12.24,11.61,11.91,11.91,0.0,0.0,11.76,"1,019,150.00",11.80,"11,986,753.00",32,0.11,0.63,0.93,5.43,1.25,13.65,9.00,,
2021/03/22,127,NMB50,56.41,11.8,12.03,11.8,11.9,11.90,0.0,0.0,11.95,"29,225.00",11.91,"349,364.25",20,-0.01,0.23,-0.08,1.95,-0.46,13.65,9.00,,
2021/03/23,125,NMB50,62.48,11.75,12.23,11.75,12.23,12.23,0.0,0.0,12.05,"180,750.00",11.90,"2,177,179.00",35,0.33,0.48,2.77,4.09,1.51,13.65,9.00,,
2021/03/24,125,NMB50,64.61,12.2,12.54,12.2,12.54,12.54,0.0,0.0,12.46,"164,300.00",12.23,"2,046,648.00",31,0.31,0.34,2.53,2.79,0.66,13.65,9.00,,
2021/03/25,125,NMB50,61.75,12.3,12.6,12.21,12.6,12.60,0.0,0.0,12.38,"95,700.00",12.54,"1,185,180.00",31,0.06,0.39,0.48,3.19,1.71,13.65,9.00,,
2021/03/29,127,NMB50,60.43,12.36,12.36,12.1,12.1,12.10,0.0,0.0,12.20,"76,300.00",12.60,"931,017.00",15,-0.5,0.26,-3.97,2.15,-0.84,13.65,9.00,,
2021/03/30,126,NMB50,61.26,12.14,12.34,12.14,12.26,12.26,0.0,0.0,12.18,"131,400.00",12.10,"1,600,218.00",17,0.16,0.2,1.32,1.65,0.67,13.65,9.00,,
2021/03/31,127,NMB50,53.11,12.33,12.5,12.2,12.35,12.35,0.0,0.0,12.31,"61,820.00",12.26,"761,259.00",21,0.09,0.3,0.73,2.46,0.29,13.65,9.00,,
2021/04/01,135,NMB50,56.67,12.37,12.49,12.34,12.49,12.49,0.0,0.0,12.35,"115,350.00",12.35,"1,424,726.00",11,0.14,0.15,1.13,1.22,1.11,13.65,9.00,,
2021/04/03,192,NMB50,27.71,10.05,10.25,10.05,10.25,10.25,0.0,0.0,10.21,"1,000.00",10.05,"10,214.00",2,0.2,0.2,1.99,1.99,0.35,12.03,9.57,10.73,10.61
2021/04/04,128,NMB50,64.5,12.28,12.38,12.28,12.35,12.35,0.0,0.0,12.33,"93,900.00",12.49,"1,157,670.00",17,-0.14,0.10,-1.12,0.81,0.17,13.65,9.00,,
2021/02/15,123,NMB50,68.89,11.68,11.88,11.46,11.82,11.82,0.0,0.0,11.79,"284,450.00",11.47,"3,353,403.00",38,0.35,0.42,3.05,3.66,0.26,11.88,9.00,,
2021/02/16,129,NMB50,59.7,11.91,12.05,11.8,11.84,11.84,0.0,0.0,11.92,"42,750.00",11.82,"509,762.50",23,0.02,0.25,0.17,2.12,-0.71,12.05,9.00,,
2021/02/17,124,NMB50,61.27,11.68,11.98,11.68,11.97,11.97,0.0,0.0,11.92,"71,900.00",11.84,"857,258.00",37,0.13,0.3,1.1,2.57,0.39,12.05,9.00,,
2021/02/18,128,NMB50,59.89,12.0,12.4,11.96,12.2,12.20,0.0,0.0,12.33,"96,045.00",11.97,"1,183,823.75",36,0.23,0.44,1.92,3.68,-1.03,12.40,9.00,,
2021/02/21,192,NMB50,27.71,10.05,10.25,10.05,10.25,10.25,0.0,0.0,10.21,"1,000.00",10.05,"10,214.00",2,0.2,0.2,1.99,1.99,0.35,12.03,9.57,10.73,10.61
2021/02/22,126,NMB50,67.04,13.0,13.65,13.0,13.52,13.52,0.0,0.0,13.51,"504,200.00",12.90,"6,814,075.00",79,0.62,0.65,4.81,5.0,0.04,13.65,9.00,,
2021/02/23,125,NMB50,59.5,13.27,13.5,12.55,12.82,12.82,0.0,0.0,13.04,"170,250.00",13.52,"2,220,073.00",39,-0.70,0.95,-5.18,7.57,-1.72,13.65,9.00,,
2021/02/24,125,NMB50,58.13,12.85,13.1,12.84,12.89,12.89,0.0,0.0,12.92,"154,350.00",12.82,"1,993,792.00",38,0.07,0.26,0.55,2.02,-0.21,13.65,9.00,,
2021/02/25,125,NMB50,48.75,12.91,13.13,12.9,12.9,12.90,0.0,0.0,13.00,"128,800.00",12.89,"1,673,963.00",34,0.01,0.23,0.08,1.78,-0.75,13.65,9.00,,
2021/02/28,124,NMB50,41.23,12.68,12.8,12.68,12.8,12.80,0.0,0.0,12.77,"33,250.00",12.90,"424,566.00",14,-0.1,0.12,-0.78,0.95,0.24,13.65,9.00,,
2021/03/01,127,NMB50,49.87,12.95,13.1,12.8,12.9,12.90,0.0,0.0,13.00,"102,200.00",12.80,"1,328,435.00",30,0.1,0.3,0.78,2.34,-0.76,13.65,9.00,,
2021/03/02,127,NMB50,46.48,12.65,12.91,12.65,12.75,12.75,0.0,0.0,12.75,"105,110.00",12.90,"1,340,316.50",18,-0.15,0.26,-1.16,2.06,-0.01,13.65,9.00,,
2021/03/03,126,NMB50,49.13,12.7,12.75,12.25,12.75,12.75,0.0,0.0,12.43,"129,700.00",12.75,"1,611,908.50",23,0.0,0.50,0.0,4.08,2.53,13.65,9.00,,
2021/03/04,126,NMB50,47.69,12.71,12.8,12.31,12.31,12.31,0.0,0.0,12.53,"138,700.00",12.75,"1,737,585.00",27,-0.44,0.49,-3.45,3.98,-1.77,13.65,9.00,,
2021/03/07,128,NMB50,50.72,12.25,12.6,12.25,12.41,12.41,0.0,0.0,12.50,"1,197,600.00",12.31,"14,974,953.00",23,0.10,0.35,0.81,2.86,-0.76,13.65,9.00,,
2021/03/09,129,NMB50,45.87,12.25,12.38,12.25,12.25,12.25,0.0,0.0,12.34,"202,600.00",12.41,"2,499,350.00",23,-0.16,0.13,-1.29,1.06,-0.71,13.65,9.00,,
2021/01/21,125,NMB50,63.03,11.1,11.1,10.92,11.1,11.10,0.0,0.0,11.02,"245,600.00",11.10,"2,706,490.00",47,0.0,0.18,0.0,1.65,0.72,11.21,9.00,,
2021/01/24,122,NMB50,63.0,11.1,11.24,10.96,11.17,11.17,0.0,0.0,11.03,"408,050.00",11.10,"4,502,386.50",48,0.07,0.28,0.63,2.55,1.22,11.24,9.00,,
2021/01/25,123,NMB50,58.08,11.15,11.24,10.98,11.19,11.19,0.0,0.0,11.04,"242,700.00",11.17,"2,678,750.00",35,0.02,0.26,0.18,2.37,1.36,11.24,9.00,,
2021/01/26,123,NMB50,55.08,11.74,11.74,11.18,11.22,11.22,0.0,0.0,11.23,"92,000.00",11.19,"1,032,795.00",30,0.03,0.56,0.27,5.01,-0.05,11.74,9.00,,
2021/01/27,125,NMB50,64.12,11.21,11.3,10.85,11.3,11.30,0.0,0.0,11.06,"413,355.00",11.22,"4,571,173.50",49,0.08,0.45,0.71,4.15,2.14,11.74,9.00,,
2021/01/28,125,NMB50,56.12,11.13,11.31,10.93,10.95,10.95,0.0,0.0,11.00,"407,400.00",11.30,"4,480,747.00",60,-0.35,0.38,-3.1,3.48,-0.44,11.74,9.00,,
2021/01/31,124,NMB50,49.22,10.95,11.0,10.76,10.95,10.95,0.0,0.0,10.95,"117,000.00",10.95,"1,281,700.10",20,0.0,0.24,0.0,2.23,-0.04,11.74,9.00,,
2021/02/01,122,NMB50,51.73,10.85,11.05,10.85,10.92,10.92,0.0,0.0,10.93,"192,190.00",10.95,"2,100,980.80",23,-0.03,0.2,-0.27,1.84,-0.11,11.74,9.00,,
2021/02/02,120,NMB50,55.57,10.91,11.18,10.91,11.16,11.16,0.0,0.0,11.03,"263,150.00",10.92,"2,901,764.00",33,0.24,0.27,2.2,2.47,1.19,11.74,9.00,,
2021/02/03,121,NMB50,66.66,10.94,11.25,10.94,11.2,11.20,0.0,0.0,11.11,"2,353,400.00",11.16,"26,157,389.00",58,0.04,0.31,0.36,2.83,0.76,11.74,9.00,,
2021/02/04,123,NMB50,56.75,10.98,11.1,10.98,11.1,11.10,0.0,0.0,11.04,"58,600.00",11.20,"647,066.00",16,-0.1,0.12,-0.89,1.09,0.52,11.74,9.00,,
2021/02/07,122,NMB50,58.16,10.93,11.2,10.93,11.14,11.14,0.0,0.0,11.17,"160,000.00",11.10,"1,787,391.00",55,0.04,0.27,0.36,2.47,-0.28,11.74,9.00,,
2021/02/08,124,NMB50,57.21,11.21,11.29,11.15,11.27,11.27,0.0,0.0,11.26,"215,200.00",11.14,"2,423,740.00",36,0.13,0.14,1.17,1.26,0.06,11.74,9.00,,
2021/02/09,119,NMB50,49.85,11.22,11.35,11.04,11.04,11.04,0.0,0.0,11.18,"136,800.00",11.27,"1,529,488.00",24,-0.23,0.31,-2.04,2.81,-1.27,11.74,9.00,,
2021/02/10,119,NMB50,46.96,11.0,11.12,11.0,11.12,11.12,0.0,0.0,11.11,"11,900.00",11.04,"132,250.00",7,0.08,0.12,0.72,1.09,0.06,11.74,9.00,,
2021/02/11,126,NMB50,47.82,11.15,11.2,11.15,11.19,11.19,0.0,0.0,11.19,"10,880.00",11.12,"121,799.00",12,0.07,0.05,0.63,0.45,-0.04,11.74,9.00,,
2021/03/10,122,NMB50,41.8,12.15,12.44,12.14,12.2,12.20,0.0,0.0,12.20,"17,600.00",12.25,"214,685.00",9,-0.05,0.30,-0.41,2.47,0.02,13.65,9.00,,
2021/04/05,128,NMB50,61.82,12.31,12.5,12.12,12.2,12.20,0.0,0.0,12.29,"266,800.00",12.35,"3,277,871.00",25,-0.15,0.38,-1.21,3.14,-0.7,13.65,9.00,,
2021/05/02,138,NMB50,55.25,12.32,12.61,12.32,12.54,12.54,0.0,0.0,12.49,"102,210.00",12.49,"1,276,831.30",27,0.05,0.29,0.4,2.35,0.38,13.65,9.00,,
2021/05/25,132,NMB50,73.4,13.35,13.35,13.12,13.3,13.30,0.0,0.0,13.26,"180,150.00",13.12,"2,389,106.50",30,0.18,0.23,1.37,1.75,0.29,13.65,9.00,,
2021/06/20,140,NMB50,52.73,15.0,15.28,14.83,14.83,14.83,0.0,0.0,15.00,"651,500.00",15.05,"9,772,684.00",36,-0.22,0.45,-1.46,3.03,-1.15,15.38,9.00,,
2021/07/13,133,NMB50,61.53,15.2,15.2,14.9,15.14,15.14,0.0,0.0,14.98,"70,650.00",15.17,"1,058,434.00",20,-0.03,0.3,-0.2,2.01,1.05,15.38,9.00,,
2021/08/08,134,NMB50,51.19,17.2,17.25,16.85,16.9,16.90,0.0,0.0,16.93,"600,500.00",17.00,"10,167,921.10",130,-0.1,0.4,-0.59,2.37,-0.19,18.47,9.00,,
2021/09/05,132,NMB50,39.2,12.45,12.45,11.85,12.0,12.00,0.0,0.0,12.02,"174,900.00",12.53,"2,102,267.50",66,-0.53,0.6,-4.23,5.06,-0.17,18.47,9.00,,
2021/09/28,130,NMB50,51.33,11.38,11.65,11.38,11.55,11.55,0.0,0.0,11.52,"227,755.00",11.53,"2,623,172.80",38,0.02,0.27,0.17,2.37,0.28,18.47,9.00,,
2021/10/27,137,NMB50,58.92,11.85,12.04,11.82,11.92,11.92,0.0,0.0,11.85,"50,790.00",12.05,"602,091.80",10,-0.13,0.22,-1.08,1.86,0.55,18.47,9.05,,
2021/11/24,136,NMB50,50.54,11.7,12.04,11.64,12.04,12.04,0.0,0.0,11.81,"46,740.00",11.83,"551,836.13",18,0.21,0.4,1.78,3.44,1.94,18.47,9.82,,
2021/12/20,136,NMB50,36.43,11.4,11.5,11.4,11.4,11.40,0.0,0.0,11.41,"9,650.00",11.50,"110,110.00",9,-0.1,0.1,-0.87,0.88,-0.09,18.47,9.86,,
2022/01/13,134,NMB50,56.73,13.05,13.05,12.81,12.91,12.91,0.0,0.0,12.93,"35,896.00",12.81,"464,084.00",14,0.1,0.24,0.78,1.87,-0.14,18.47,10.72,,
2022/02/08,137,NMB50,57.71,13.43,13.43,13.1,13.3,13.30,0.0,0.0,13.20,"116,050.00",13.42,"1,531,433.75",17,-0.12,0.33,-0.89,2.52,0.78,18.47,10.72,,
2022/03/07,139,NMB50,31.88,12.17,12.25,12.17,12.19,12.19,0.0,0.0,12.24,"2,900.00",12.18,"35,498.00",5,0.01,0.08,0.08,0.66,-0.42,18.47,10.72,,
2020/12/28,133,NMB50,63.59,10.55,10.6,10.02,10.2,10.20,0.0,0.0,10.26,"123,300.00",10.55,"1,265,449.00",26,-0.35,0.58,-3.32,5.79,-0.62,10.81,9.00,,
2020/12/29,128,NMB50,57.22,10.01,10.4,10.01,10.2,10.20,0.0,0.0,10.26,"12,340.00",10.20,"126,596.00",12,0.00,0.39,0.0,3.9,-0.58,10.81,9.00,,
2020/12/30,124,NMB50,53.96,10.2,10.4,10.14,10.4,10.40,0.0,0.0,10.23,"166,400.00",10.20,"1,703,052.00",25,0.2,0.26,1.96,2.56,1.59,10.81,9.00,,
2020/12/31,126,NMB50,48.34,10.2,10.35,10.2,10.3,10.30,0.0,0.0,10.28,"198,400.00",10.40,"2,040,005.00",18,-0.1,0.15,-0.96,1.47,0.17,10.81,9.00,,
2021/01/03,127,NMB50,62.2,10.25,10.34,10.2,10.24,10.24,0.0,0.0,10.26,"452,800.00",10.30,"4,647,155.00",34,-0.06,0.14,-0.58,1.37,-0.23,10.81,9.00,,
2021/01/04,120,NMB50,62.12,10.05,10.25,10.05,10.25,10.25,0.0,0.0,10.23,"323,000.00",10.24,"3,305,711.00",16,0.01,0.20,0.1,1.99,0.15,10.81,9.00,,
2021/01/05,122,NMB50,51.08,10.15,10.4,10.15,10.4,10.40,0.0,0.0,10.38,"99,900.00",10.25,"1,036,805.00",37,0.15,0.25,1.46,2.46,0.21,10.81,9.00,,
2021/01/06,122,NMB50,61.84,10.25,10.6,10.25,10.45,10.45,0.0,0.0,10.49,"253,050.00",10.40,"2,653,622.50",42,0.05,0.35,0.48,3.41,-0.35,10.81,9.00,,
2021/01/07,126,NMB50,61.78,10.4,10.6,10.4,10.41,10.41,0.0,0.0,10.46,"124,644.00",10.45,"1,303,447.10",14,-0.04,0.2,-0.38,1.92,-0.45,10.81,9.00,,
2021/01/10,124,NMB50,66.03,10.5,10.5,10.26,10.45,10.45,0.0,0.0,10.41,"49,500.00",10.41,"515,357.00",28,0.04,0.24,0.38,2.34,0.37,10.81,9.00,,
2021/01/11,123,NMB50,65.89,10.65,10.75,10.44,10.75,10.75,0.0,0.0,10.65,"116,200.00",10.45,"1,237,321.00",32,0.3,0.31,2.87,2.97,0.95,10.81,9.00,,
2021/01/12,121,NMB50,67.81,10.75,10.96,10.54,10.55,10.55,0.0,0.0,10.62,"146,600.00",10.75,"1,557,456.50",29,-0.2,0.42,-1.86,3.98,-0.7,10.96,9.00,,
2021/01/13,192,NMB50,27.71,10.05,10.25,10.05,10.25,10.25,0.0,0.0,10.21,"1,000.00",10.05,"10,214.00",2,0.2,0.2,1.99,1.99,0.35,12.03,9.57,10.73,10.61
2021/01/17,125,NMB50,69.21,10.82,11.15,10.82,10.9,10.90,0.0,0.0,10.98,"161,800.00",10.82,"1,777,348.00",28,0.08,0.33,0.74,3.05,-0.78,11.15,9.00,,
2021/01/18,124,NMB50,62.32,10.95,11.2,10.95,11.17,11.17,0.0,0.0,11.05,"164,000.00",10.90,"1,812,355.00",44,0.27,0.25,2.48,2.28,1.07,11.20,9.00,,
2021/01/19,123,NMB50,69.0,11.1,11.21,10.83,11.21,11.21,0.0,0.0,11.00,"459,150.00",11.17,"5,049,390.00",37,0.04,0.38,0.36,3.51,1.9,11.21,9.00,,
2020/12/04,192,NMB50,27.71,10.05,10.25,10.05,10.25,10.25,0.0,0.0,10.21,"1,000.00",10.05,"10,214.00",2,0.2,0.2,1.99,1.99,0.35,12.03,9.57,10.73,10.61
2020/12/06,119,NMB50,45.92,9.82,10.19,9.82,10.1,10.10,0.0,0.0,10.01,"55,500.00",10.00,"555,631.00",16,0.10,0.37,1.0,3.77,0.88,10.81,9.00,,
2020/12/07,125,NMB50,50.22,10.08,10.1,9.92,10.1,10.10,0.0,0.0,9.98,"2,600.00",10.10,"25,950.00",5,0.0,0.18,0.0,1.81,1.18,10.81,9.00,,
2020/12/08,122,NMB50,55.41,10.0,10.3,10.0,10.1,10.10,0.0,0.0,10.09,"169,300.00",10.10,"1,708,571.00",26,0.00,0.30,0.0,3.0,0.08,10.81,9.00,,
2020/12/09,123,NMB50,55.9,10.1,10.12,10.05,10.05,10.05,0.0,0.0,10.08,"244,270.00",10.10,"2,461,534.50",24,-0.05,0.07,-0.5,0.7,-0.27,10.81,9.00,,
2020/12/10,124,NMB50,47.86,9.88,10.05,9.88,10.05,10.05,0.0,0.0,10.03,"113,850.00",10.05,"1,142,001.50",11,0.0,0.17,0.0,1.72,0.19,10.81,9.00,,
2020/12/13,123,NMB50,49.97,10.0,10.5,9.95,10.5,10.50,0.0,0.0,10.05,"32,050.00",10.05,"322,224.40",23,0.45,0.55,4.48,5.53,4.25,10.81,9.00,,
2020/12/14,121,NMB50,59.77,10.29,10.5,10.06,10.5,10.50,0.0,0.0,10.26,"14,900.00",10.50,"152,864.50",19,0.00,0.44,0.0,4.37,2.29,10.81,9.00,,
2020/12/15,122,NMB50,55.24,10.29,10.5,10.29,10.5,10.50,0.0,0.0,10.48,"6,000.00",10.50,"62,887.00",6,0.0,0.21,0.0,2.04,0.18,10.81,9.00,,
2020/12/16,121,NMB50,37.77,10.4,10.4,10.03,10.03,10.03,0.0,0.0,10.19,"2,700.00",10.50,"27,518.00",8,-0.47,0.37,-4.48,3.69,-1.61,10.81,9.00,,
2020/12/17,119,NMB50,39.24,9.9,10.29,9.9,10.29,10.29,0.0,0.0,10.16,"4,500.00",10.03,"45,718.00",12,0.26,0.39,2.59,3.94,1.27,10.81,9.00,,
2020/12/20,118,NMB50,36.72,10.09,10.09,10.09,10.09,10.09,0.0,0.0,10.09,100.00,10.29,"1,009.00",1,-0.20,0.00,-1.94,0.0,0.0,10.81,9.00,,
2020/12/21,123,NMB50,48.53,9.95,10.0,9.95,9.96,9.96,0.0,0.0,9.96,"178,500.00",10.09,"1,777,920.00",8,-0.13,0.05,-1.29,0.5,0.0,10.81,9.00,,
2020/12/22,124,NMB50,49.09,9.86,9.98,9.86,9.96,9.96,0.0,0.0,9.96,"3,200.00",9.96,"31,862.00",8,0.00,0.12,0.0,1.22,0.03,10.81,9.00,,
2020/12/23,124,NMB50,50.23,10.15,10.5,10.07,10.1,10.10,0.0,0.0,10.24,"129,400.00",9.96,"1,324,946.00",22,0.14,0.43,1.41,4.27,-1.38,10.81,9.00,,
2020/12/24,126,NMB50,58.0,10.1,10.5,10.1,10.35,10.35,0.0,0.0,10.35,"48,950.00",10.10,"506,495.50",24,0.25,0.4,2.48,3.96,0.03,10.81,9.00,,
2020/11/08,117,NMB50,61.86,9.45,9.65,9.45,9.6,9.60,0.0,0.0,9.59,"10,000.00",9.64,"95,940.00",12,-0.04,0.2,-0.41,2.12,0.06,10.00,9.00,,
2020/11/09,114,NMB50,48.82,9.6,9.74,9.6,9.6,9.60,0.0,0.0,9.67,"4,500.00",9.60,"43,528.00",8,0.0,0.14,0.0,1.46,-0.76,10.00,9.00,,
2020/11/10,118,NMB50,46.77,9.51,9.62,9.51,9.62,9.62,0.0,0.0,9.54,"3,000.00",9.60,"28,616.00",7,0.02,0.11,0.21,1.16,0.85,10.00,9.00,,
2020/11/11,116,NMB50,68.74,9.81,10.3,9.62,10.3,10.30,0.0,0.0,10.14,"22,400.00",9.62,"227,208.00",18,0.68,0.68,7.07,7.07,1.52,10.30,9.00,,
2020/11/12,116,NMB50,70.04,10.1,10.1,9.9,10.09,10.09,0.0,0.0,10.08,"14,600.00",10.30,"147,195.00",19,-0.21,0.20,-2.04,2.02,0.08,10.30,9.00,,
2020/11/18,116,NMB50,63.72,9.89,10.09,9.75,9.94,9.94,0.0,0.0,9.92,"4,500.00",10.09,"44,637.00",8,-0.15,0.34,-1.49,3.49,0.21,10.30,9.00,,
2020/11/19,118,NMB50,69.65,10.0,10.27,10.0,10.27,10.27,0.0,0.0,10.16,"7,550.00",9.94,"76,688.50",19,0.33,0.27,3.32,2.7,1.1,10.30,9.00,,
2020/11/22,119,NMB50,60.35,10.27,10.3,10.21,10.25,10.25,0.0,0.0,10.27,"65,700.00",10.27,"674,652.00",23,-0.02,0.09,-0.19,0.88,-0.18,10.30,9.00,,
2020/11/23,119,NMB50,57.61,10.1,10.2,10.1,10.1,10.10,0.0,0.0,10.14,"23,550.00",10.25,"238,905.00",22,-0.15,0.10,-1.46,0.99,-0.44,10.30,9.00,,
2020/11/24,118,NMB50,59.4,9.9,10.3,9.9,10.3,10.30,0.0,0.0,10.08,"7,000.00",10.10,"70,552.00",9,0.2,0.4,1.98,4.04,2.15,10.30,9.00,,
2020/11/25,119,NMB50,59.84,10.2,10.44,10.2,10.44,10.44,0.0,0.0,10.34,"53,750.00",10.30,"555,553.00",9,0.14,0.24,1.36,2.35,1.0,10.44,9.00,,
2020/11/26,121,NMB50,62.24,10.44,10.44,10.3,10.4,10.40,0.0,0.0,10.43,"35,550.00",10.44,"370,818.50",23,-0.04,0.14,-0.38,1.36,-0.3,10.44,9.00,,
2020/11/29,122,NMB50,65.69,10.2,10.81,10.2,10.5,10.50,0.0,0.0,10.56,"477,940.00",10.40,"5,048,843.50",45,0.1,0.61,0.96,5.98,-0.61,10.81,9.00,,
2020/11/30,119,NMB50,60.54,10.5,10.71,10.01,10.3,10.30,0.0,0.0,10.44,"261,020.00",10.50,"2,725,862.60",29,-0.2,0.7,-1.9,6.99,-1.39,10.81,9.00,,
2020/12/01,119,NMB50,57.21,10.1,10.2,10.01,10.16,10.16,0.0,0.0,10.11,"2,475,716.00",10.30,"25,037,445.76",48,-0.14,0.19,-1.36,1.9,0.46,10.81,9.00,,
2020/12/02,121,NMB50,53.88,10.15,10.36,9.97,10.0,10.00,0.0,0.0,10.07,"383,400.00",10.16,"3,862,127.00",28,-0.16,0.39,-1.57,3.91,-0.73,10.81,9.00,,
2020/10/12,117,NMB50,64.35,9.15,9.31,9.12,9.31,9.31,0.0,0.0,9.15,"5,900.00",9.14,"53,988.00",7,0.17,0.19,1.86,2.08,1.71,10.00,9.05,,
2020/10/13,118,NMB50,60.36,9.21,9.3,9.21,9.3,9.30,0.0,0.0,9.25,"3,100.00",9.31,"28,690.00",7,-0.01,0.09,-0.11,0.98,0.49,10.00,9.05,,
2020/10/14,118,NMB50,54.54,9.22,9.22,9.16,9.2,9.20,0.0,0.0,9.20,"1,800.00",9.30,"16,558.00",5,-0.1,0.06,-1.08,0.66,0.01,10.00,9.05,,
2020/10/15,120,NMB50,58.59,9.16,9.18,9.16,9.18,9.18,0.0,0.0,9.17,"2,000.00",9.20,"18,340.00",2,-0.02,0.02,-0.22,0.22,0.11,10.00,9.05,,
2020/10/18,112,NMB50,53.83,9.2,9.2,9.02,9.02,9.02,0.0,0.0,9.04,"17,100.00",9.18,"154,570.00",5,-0.16,0.18,-1.74,2.0,-0.21,10.00,9.02,,
2020/10/19,115,NMB50,51.6,9.02,9.05,9.01,9.01,9.01,0.0,0.0,9.02,"7,000.00",9.02,"63,150.00",6,-0.01,0.04,-0.11,0.44,-0.13,10.00,9.01,,
2020/10/20,119,NMB50,52.6,9.0,9.18,9.0,9.18,9.18,0.0,0.0,9.02,"2,250.00",9.01,"20,295.00",3,0.17,0.18,1.89,2.0,1.74,10.00,9.00,,
2020/10/21,118,NMB50,49.76,9.02,9.05,9.02,9.05,9.05,0.0,0.0,9.02,"2,800.00",9.18,"25,262.00",4,-0.13,0.03,-1.42,0.33,0.31,10.00,9.00,,
2020/10/25,192,NMB50,27.71,10.05,10.25,10.05,10.25,10.25,0.0,0.0,10.21,"1,000.00",10.05,"10,214.00",2,0.2,0.2,1.99,1.99,0.35,12.03,9.57,10.73,10.61
2020/10/28,115,NMB50,71.27,9.22,9.25,9.2,9.2,9.20,0.0,0.0,9.20,"11,370.00",9.05,"104,616.00",4,0.15,0.05,1.66,0.54,-0.01,10.00,9.00,,
2020/10/29,118,NMB50,62.24,9.2,9.2,9.05,9.05,9.05,0.0,0.0,9.19,"1,100.00",9.20,"10,105.00",2,-0.15,0.15,-1.63,1.66,-1.51,10.00,9.00,,
2020/11/01,119,NMB50,66.6,9.11,9.29,9.11,9.29,9.29,0.0,0.0,9.11,"5,300.00",9.05,"48,305.00",3,0.24,0.18,2.65,1.98,1.89,10.00,9.00,,
2020/11/02,118,NMB50,65.88,9.46,9.47,9.46,9.46,9.46,0.0,0.0,9.47,"4,900.00",9.29,"46,384.00",7,0.17,0.01,1.83,0.11,-0.06,10.00,9.00,,
2020/11/03,120,NMB50,70.85,9.5,9.85,9.5,9.81,9.81,0.0,0.0,9.71,"41,100.00",9.46,"399,231.00",21,0.35,0.35,3.7,3.68,0.98,10.00,9.00,,
2020/11/04,122,NMB50,64.29,9.81,9.9,9.81,9.82,9.82,0.0,0.0,9.83,"1,100.00",9.81,"10,818.00",9,0.01,0.09,0.1,0.92,-0.15,10.00,9.00,,
2020/09/17,115,NMB50,61.33,9.69,9.69,9.43,9.69,9.69,0.0,0.0,9.55,"5,200.00",9.50,"49,679.00",14,0.19,0.26,2.0,2.76,1.41,10.00,9.05,,
2020/09/20,115,NMB50,55.66,9.5,9.68,9.5,9.68,9.68,0.0,0.0,9.62,"3,250.00",9.69,"31,262.50",8,-0.01,0.18,-0.1,1.89,0.63,10.00,9.05,,
2020/09/21,118,NMB50,46.46,9.49,9.51,9.49,9.51,9.51,0.0,0.0,9.50,"1,600.00",9.68,"15,204.00",2,-0.17,0.02,-1.76,0.21,0.08,10.00,9.05,,
2020/09/22,192,NMB50,27.71,10.05,10.25,10.05,10.25,10.25,0.0,0.0,10.21,"1,000.00",10.05,"10,214.00",2,0.2,0.2,1.99,1.99,0.35,12.03,9.57,10.73,10.61
2020/09/23,192,NMB50,27.71,10.05,10.25,10.05,10.25,10.25,0.0,0.0,10.21,"1,000.00",10.05,"10,214.00",2,0.2,0.2,1.99,1.99,0.35,12.03,9.57,10.73,10.61
2020/09/24,116,NMB50,40.03,9.27,9.4,9.27,9.4,9.40,0.0,0.0,9.38,800.00,9.34,"7,507.00",4,0.06,0.13,0.64,1.4,0.17,10.00,9.05,,
2020/09/27,116,NMB50,41.43,9.26,9.26,9.25,9.25,9.25,0.0,0.0,9.25,"1,250.00",9.40,"11,567.50",4,-0.15,0.01,-1.6,0.11,-0.04,10.00,9.05,,
2020/09/28,114,NMB50,55.7,9.25,9.25,9.22,9.25,9.25,0.0,0.0,9.25,"2,450.00",9.25,"22,656.50",3,0.0,0.03,0.0,0.33,0.03,10.00,9.05,,
2020/09/29,116,NMB50,42.36,9.25,9.31,9.25,9.3,9.30,0.0,0.0,9.28,"2,300.00",9.25,"21,342.00",4,0.05,0.06,0.54,0.65,0.22,10.00,9.05,,
2020/09/30,115,NMB50,59.72,9.35,9.48,9.26,9.48,9.48,0.0,0.0,9.36,"5,200.00",9.30,"48,671.00",5,0.18,0.22,1.94,2.38,1.27,10.00,9.05,,
2020/10/01,116,NMB50,59.07,9.66,9.66,9.47,9.47,9.47,0.0,0.0,9.51,950.00,9.48,"9,034.50",3,-0.01,0.19,-0.11,2.01,-0.42,10.00,9.05,,
2020/10/04,118,NMB50,67.58,9.29,9.5,9.29,9.45,9.45,0.0,0.0,9.36,"9,760.00",9.47,"91,385.00",8,-0.02,0.21,-0.21,2.26,0.92,10.00,9.05,,
2020/10/05,117,NMB50,46.58,9.27,9.27,9.09,9.2,9.20,0.0,0.0,9.23,"3,000.00",9.45,"27,687.00",7,-0.25,0.18,-2.65,1.98,-0.32,10.00,9.05,,
2020/10/06,119,NMB50,42.47,9.15,9.15,9.15,9.15,9.15,0.0,0.0,9.15,300.00,9.20,"2,745.00",3,-0.05,0.0,-0.54,0.0,0.0,10.00,9.05,,
2020/10/07,118,NMB50,47.13,9.3,9.3,9.21,9.28,9.28,0.0,0.0,9.28,"2,200.00",9.15,"20,422.00",4,0.13,0.09,1.42,0.98,-0.03,10.00,9.05,,
2020/10/08,119,NMB50,43.09,9.15,9.28,9.15,9.25,9.25,0.0,0.0,9.25,500.00,9.28,"4,624.00",4,-0.03,0.13,-0.32,1.42,0.02,10.00,9.05,,
2020/08/24,110,NMB50,38.32,9.05,9.2,9.05,9.2,9.20,0.0,0.0,9.13,"2,250.00",9.14,"20,547.50",4,0.06,0.15,0.66,1.66,0.74,10.00,9.05,,
2020/08/25,114,NMB50,50.78,9.16,9.18,9.16,9.18,9.18,0.0,0.0,9.18,"2,200.00",9.20,"20,192.00",3,-0.02,0.02,-0.22,0.22,0.02,10.00,9.05,,
2020/08/26,111,NMB50,56.25,9.18,9.22,9.18,9.22,9.22,0.0,0.0,9.19,"2,100.00",9.18,"19,300.00",8,0.04,0.04,0.44,0.44,0.32,10.00,9.05,,
2020/08/27,114,NMB50,60.65,9.26,9.4,9.26,9.4,9.40,0.0,0.0,9.29,"4,500.00",9.22,"41,825.00",8,0.18,0.14,1.95,1.51,1.12,10.00,9.05,,
2020/08/30,114,NMB50,60.90,9.32,9.32,9.32,9.32,9.32,0.0,0.0,9.32,200.00,9.40,"1,864.00",2,-0.08,0.0,-0.85,0.0,0.0,10.00,9.05,,
2020/08/31,114,NMB50,66.35,9.14,9.35,9.14,9.35,9.35,0.0,0.0,9.30,"155,150.00",9.32,"1,442,658.00",16,0.03,0.21,0.32,2.3,0.55,10.00,9.05,,
2020/09/02,112,NMB50,58.24,9.5,9.5,9.5,9.5,9.50,0.0,0.0,9.50,"1,700.00",9.35,"16,150.00",3,0.15,0.0,1.6,0.0,0.0,10.00,9.05,,
2020/09/03,112,NMB50,50.91,9.31,9.5,9.31,9.36,9.36,0.0,0.0,9.33,"3,350.00",9.50,"31,261.00",6,-0.14,0.19,-1.47,2.04,0.3,10.00,9.05,,
2020/09/06,114,NMB50,50.56,9.28,9.34,9.28,9.34,9.34,0.0,0.0,9.31,"1,800.00",9.36,"16,760.00",7,-0.02,0.06,-0.21,0.65,0.31,10.00,9.05,,
2020/09/07,116,NMB50,44.04,9.16,9.36,9.16,9.3,9.30,0.0,0.0,9.32,"7,800.00",9.34,"72,673.00",7,-0.04,0.2,-0.43,2.18,-0.18,10.00,9.05,,
2020/09/08,113,NMB50,49.84,9.3,9.35,9.3,9.3,9.30,0.0,0.0,9.34,"5,650.00",9.30,"52,795.00",4,0.0,0.05,0.0,0.54,-0.48,10.00,9.05,,
2020/09/09,118,NMB50,44.62,9.22,9.22,9.22,9.22,9.22,0.0,0.0,9.22,"1,100.00",9.30,"10,142.00",3,-0.08,0.0,-0.86,0.0,0.0,10.00,9.05,,
2020/09/13,192,NMB50,27.71,10.05,10.25,10.05,10.25,10.25,0.0,0.0,10.21,"1,000.00",10.05,"10,214.00",2,0.2,0.2,1.99,1.99,0.35,12.03,9.57,10.73,10.61
2020/09/14,112,NMB50,56.92,9.31,9.41,9.31,9.41,9.41,0.0,0.0,9.35,"3,000.00",9.40,"28,046.00",9,0.01,0.10,0.11,1.07,0.65,10.00,9.05,,
2020/09/15,116,NMB50,55.69,9.59,9.59,9.41,9.44,9.44,0.0,0.0,9.49,"1,950.00",9.41,"18,502.50",8,0.03,0.18,0.32,1.91,-0.51,10.00,9.05,,
2020/07/29,113,NMB50,52.43,9.4,9.54,9.4,9.54,9.54,0.0,0.0,9.51,980.00,9.36,"9,321.00",4,0.0,0.14,1.92,1.49,0.3,10.00,9.12,,
2020/07/30,114,NMB50,60.32,9.39,9.91,9.35,9.91,9.91,0.0,0.0,9.60,"5,600.00",9.54,"53,746.00",7,0.0,0.56,3.88,5.99,3.15,10.00,9.12,,
2020/08/02,114,NMB50,51.32,9.72,9.72,9.53,9.53,9.53,0.0,0.0,9.63,400.00,9.91,"3,850.00",2,0.0,0.19,-3.83,1.99,-1.0,10.00,9.12,,
2020/08/03,115,NMB50,53.35,9.35,9.36,9.35,9.36,9.36,0.0,0.0,9.36,"2,600.00",9.53,"24,325.00",5,0.0,0.01,-1.78,0.11,0.05,10.00,9.12,,
2020/08/05,192,NMB50,27.71,10.05,10.25,10.05,10.25,10.25,0.0,0.0,10.21,"1,000.00",10.05,"10,214.00",2,0.2,0.2,1.99,1.99,0.35,12.03,9.57,10.73,10.61
2020/08/06,114,NMB50,47.03,9.18,9.2,9.18,9.2,9.20,0.0,0.0,9.20,"2,100.00",9.26,"19,318.00",2,0.0,0.02,-0.65,0.22,0.01,10.00,9.12,,
2020/08/09,112,NMB50,55.82,9.2,9.75,9.2,9.75,9.75,0.0,0.0,9.37,"6,700.00",9.20,"62,749.00",9,1.0,0.55,5.98,5.98,3.94,10.00,9.12,,
2020/08/10,113,NMB50,57.13,9.56,9.57,9.4,9.56,9.56,0.0,0.0,9.55,"1,300.00",9.75,"12,416.00",9,0.0,0.17,-1.95,1.81,0.1,10.00,9.12,,
2020/08/11,115,NMB50,49.64,9.39,9.39,9.38,9.38,9.38,0.0,0.0,9.39,300.00,9.56,"2,816.00",2,0.0,0.01,-1.88,0.11,-0.07,10.00,9.12,,
2020/08/12,115,NMB50,49.08,9.3,9.3,9.3,9.3,9.30,0.0,0.0,9.30,"1,200.00",9.38,"11,160.00",2,0.0,0.0,-0.85,0.0,0.0,10.00,9.12,,
2020/08/13,116,NMB50,36.96,9.31,9.31,9.31,9.31,9.31,0.0,0.0,9.31,"2,400.00",9.30,"22,344.00",8,0.0,0.0,0.11,0.0,0.0,10.00,9.12,,
2020/08/16,112,NMB50,46.03,9.25,9.35,9.25,9.35,9.35,0.0,0.0,9.35,"5,850.00",9.31,"54,678.50",4,0.0,0.1,0.43,1.08,0.03,10.00,9.12,,
2020/08/18,114,NMB50,51.4,9.35,9.4,9.35,9.35,9.35,0.0,0.0,9.36,"6,700.00",9.35,"62,690.00",9,0.0,0.05,0.0,0.53,-0.07,10.00,9.12,,
2020/08/19,113,NMB50,43.79,9.23,9.23,9.23,9.23,9.23,0.0,0.0,9.23,"1,400.00",9.35,"12,922.00",2,0.0,0.0,-1.28,0.0,0.0,10.00,9.12,,
2020/08/20,111,NMB50,40.34,9.19,9.19,9.19,9.19,9.19,0.0,0.0,9.19,500.00,9.23,"4,595.00",1,0.0,0.0,-0.43,0.0,0.0,10.00,9.12,,
2020/07/15,113,NMB50,50.69,10.0,10.0,10.0,10.0,10.00,0.0,0.0,10.00,100.00,0.00,"1,000.00",1,10.0,0.0,0.0,0.0,0.0,10.00,0.00,,
2020/07/21,113,NMB50,45.47,9.81,9.81,9.7,9.7,9.70,0.0,0.0,9.71,"8,050.00",10.00,"78,200.00",7,0.00,0.11,-3.0,1.13,-0.15,10.00,9.70,,
2020/07/22,111,NMB50,46.78,9.51,9.51,9.22,9.22,9.22,0.0,0.0,9.23,"101,300.00",9.70,"934,774.00",11,0.0,0.29,-4.95,3.15,-0.08,10.00,9.22,,
2020/07/23,115,NMB50,43.82,9.22,9.4,9.12,9.3,9.30,0.0,0.0,9.39,"54,800.00",9.22,"514,385.00",15,0.0,0.28,0.87,3.07,-0.93,10.00,9.12,,
2020/07/26,114,NMB50,38.18,9.48,9.69,9.32,9.5,9.50,0.0,0.0,9.45,"4,350.00",9.30,"41,125.00",7,0.0,0.37,2.15,3.97,0.48,10.00,9.12,,
2020/07/27,114,NMB50,39.4,9.33,9.35,9.33,9.35,9.35,0.0,0.0,9.34,"1,600.00",9.50,"14,940.00",7,0.0,0.02,-1.58,0.21,0.13,10.00,9.12,,
2020/06/22,192,NMB50,27.71,10.05,10.25,10.05,10.25,10.25,0.0,0.0,10.21,"1,000.00",10.05,"10,214.00",2,0.2,0.2,1.99,1.99,0.35,12.03,9.57,10.73,10.61
2020/02/15,192,NMB50,27.71,10.05,10.25,10.05,10.25,10.25,0.0,0.0,10.21,"1,000.00",10.05,"10,214.00",2,0.2,0.2,1.99,1.99,0.35,12.03,9.57,10.73,10.61
2019/11/20,192,NMB50,27.71,10.05,10.25,10.05,10.25,10.25,0.0,0.0,10.21,"1,000.00",10.05,"10,214.00",2,0.2,0.2,1.99,1.99,0.35,12.03,9.57,10.73,10.61
2020/07/28,112,NMB50,57.08,9.3,9.4,9.3,9.36,9.36,0.0,0.0,9.37,800.00,9.35,"7,494.00",5,0.0,0.1,0.11,1.08,-0.08,10.00,9.12,,
2020/08/23,111,NMB50,32.76,9.1,9.14,9.1,9.14,9.14,0.0,0.0,9.13,800.00,9.19,"7,302.00",4,-0.05,0.04,-0.54,0.44,0.14,10.00,9.10,,
2020/09/16,118,NMB50,61.95,9.44,9.5,9.44,9.5,9.50,0.0,0.0,9.49,"6,900.00",9.44,"65,490.00",2,0.06,0.06,0.64,0.64,0.09,10.00,9.05,,
2020/10/11,119,NMB50,55.26,9.08,9.3,9.08,9.14,9.14,0.0,0.0,9.22,"2,900.00",9.25,"26,734.00",6,-0.11,0.22,-1.19,2.42,-0.86,10.00,9.05,,
2020/11/05,120,NMB50,65.53,9.79,9.79,9.63,9.64,9.64,0.0,0.0,9.76,"3,000.00",9.82,"29,294.00",3,-0.18,0.16,-1.83,1.66,-1.29,10.00,9.00,,
2020/12/03,121,NMB50,57.26,10.02,10.1,10.0,10.0,10.00,0.0,0.0,10.01,"1,686,100.00",10.00,"16,870,020.00",53,0.0,0.10,0.0,1.0,-0.05,10.81,9.00,,
2020/12/27,124,NMB50,53.69,10.15,10.55,10.15,10.55,10.55,0.0,0.0,10.22,"10,600.00",10.35,"108,330.00",9,0.2,0.4,1.93,3.94,3.13,10.81,9.00,,
2021/01/20,126,NMB50,58.63,11.0,11.1,11.0,11.1,11.10,0.0,0.0,11.02,"72,600.00",11.21,"799,726.00",15,-0.11,0.1,-0.98,0.91,0.76,11.21,9.00,,
2019/08/25,192,NMB50,27.71,10.05,10.25,10.05,10.25,10.25,0.0,0.0,10.21,"1,000.00",10.05,"10,214.00",2,0.2,0.2,1.99,1.99,0.35,12.03,9.57,10.73,10.61
2019/06/02,192,NMB50,27.71,10.05,10.25,10.05,10.25,10.25,0.0,0.0,10.21,"1,000.00",10.05,"10,214.00",2,0.2,0.2,1.99,1.99,0.35,12.03,9.57,10.73,10.61
2019/04/21,192,NMB50,27.71,10.05,10.25,10.05,10.25,10.25,0.0,0.0,10.21,"1,000.00",10.05,"10,214.00",2,0.2,0.2,1.99,1.99,0.35,12.03,9.57,10.73,10.61
2019/03/10,192,NMB50,27.71,10.05,10.25,10.05,10.25,10.25,0.0,0.0,10.21,"1,000.00",10.05,"10,214.00",2,0.2,0.2,1.99,1.99,0.35,12.03,9.57,10.73,10.61
2018/09/19,192,NMB50,27.71,10.05,10.25,10.05,10.25,10.25,0.0,0.0,10.21,"1,000.00",10.05,"10,214.00",2,0.2,0.2,1.99,1.99,0.35,12.03,9.57,10.73,10.61
2018/12/13,192,NMB50,27.71,10.05,10.25,10.05,10.25,10.25,0.0,0.0,10.21,"1,000.00",10.05,"10,214.00",2,0.2,0.2,1.99,1.99,0.35,12.03,9.57,10.73,10.61
2019/08/19,192,NMB50,27.71,10.05,10.25,10.05,10.25,10.25,0.0,0.0,10.21,"1,000.00",10.05,"10,214.00",2,0.2,0.2,1.99,1.99,0.35,12.03,9.57,10.73,10.61
2018/05/16,192,NMB50,27.71,10.05,10.25,10.05,10.25,10.25,0.0,0.0,10.21,"1,000.00",10.05,"10,214.00",2,0.2,0.2,1.99,1.99,0.35,12.03,9.57,10.73,10.61
2018/04/06,192,NMB50,27.71,10.05,10.25,10.05,10.25,10.25,0.0,0.0,10.21,"1,000.00",10.05,"10,214.00",2,0.2,0.2,1.99,1.99,0.35,12.03,9.57,10.73,10.61
2018/02/25,192,NMB50,27.71,10.05,10.25,10.05,10.25,10.25,0.0,0.0,10.21,"1,000.00",10.05,"10,214.00",2,0.2,0.2,1.99,1.99,0.35,12.03,9.57,10.73,10.61
2017/11/16,192,NMB50,27.71,10.05,10.25,10.05,10.25,10.25,0.0,0.0,10.21,"1,000.00",10.05,"10,214.00",2,0.2,0.2,1.99,1.99,0.35,12.03,9.57,10.73,10.61
2017/10/19,192,NMB50,27.71,10.05,10.25,10.05,10.25,10.25,0.0,0.0,10.21,"1,000.00",10.05,"10,214.00",2,0.2,0.2,1.99,1.99,0.35,12.03,9.57,10.73,10.61
2017/09/06,192,NMB50,27.71,10.05,10.25,10.05,10.25,10.25,0.0,0.0,10.21,"1,000.00",10.05,"10,214.00",2,0.2,0.2,1.99,1.99,0.35,12.03,9.57,10.73,10.61
2017/06/12,192,NMB50,27.71,10.05,10.25,10.05,10.25,10.25,0.0,0.0,10.21,"1,000.00",10.05,"10,214.00",2,0.2,0.2,1.99,1.99,0.35,12.03,9.57,10.73,10.61
2017/04/30,192,NMB50,27.71,10.05,10.25,10.05,10.25,10.25,0.0,0.0,10.21,"1,000.00",10.05,"10,214.00",2,0.2,0.2,1.99,1.99,0.35,12.03,9.57,10.73,10.61
