Date,S.No,Symbol,Conf.,Open,High,Low,Close,LTP,Close - LTP,Close - LTP %,VWAP,Vol,Prev. Close,Turnover,Trans.,Diff,Range,Diff %,Range %,VWAP %,52 Weeks High,52 Weeks Low,120 Days,180 Days
2025/08/25,202,NYADI,34.48,429.0,430.0,422.0,428.72,430.00,-1.28,0.0,424.83,"10,380.00",426.82,"4,409,746.70",106,1.9,8.0,0.45,1.9,0.91,880.00,283.30,,
2025/08/26,205,NYADI,33.1,436.0,436.0,420.0,422.38,422.00,0.38,0.0,422.26,"8,255.00",428.72,"3,485,779.00",67,-6.34,16.0,-1.48,3.81,0.03,880.00,283.30,,
2025/08/27,204,NYADI,32.93,419.0,430.0,418.9,429.1,430.00,-0.9,0.0,427.29,"16,839.00",422.38,"7,195,055.20",115,6.72,11.1,1.59,2.65,0.42,880.00,283.30,,
2025/08/28,203,NYADI,31.91,420.6,435.0,420.2,421.53,420.20,1.33,0.0,423.63,"13,388.00",429.10,"5,671,554.40",107,-7.57,14.8,-1.76,3.52,-0.5,880.00,283.30,,
2025/08/31,203,NYADI,28.84,414.1,425.0,414.1,418.93,417.90,1.03,0.0,420.68,"5,921.00",421.53,"2,490,874.40",93,-2.6,10.9,-0.62,2.63,-0.42,880.00,283.30,,
2025/09/01,207,NYADI,28.22,411.0,440.0,411.0,416.37,416.10,0.27,0.0,417.86,"6,405.00",418.93,"2,676,396.50",110,-2.56,29.0,-0.61,7.06,-0.36,880.00,283.30,,
2025/09/02,208,NYADI,33.62,416.0,421.0,410.0,413.06,415.00,-1.94,0.0,414.63,"14,210.00",416.37,"5,891,925.00",125,-3.31,11.0,-0.79,2.68,-0.38,880.00,283.30,,
2025/09/03,206,NYADI,29.04,405.3,419.9,405.0,405.39,405.00,0.39,0.0,407.78,"10,845.00",413.06,"4,422,349.00",137,-7.67,14.9,-1.86,3.68,-0.59,880.00,283.30,,
2025/09/04,201,NYADI,30.2,398.1,422.0,398.1,408.41,405.00,3.41,0.01,407.55,"10,773.00",405.39,"4,390,556.50",132,3.02,23.9,0.74,6.0,0.21,880.00,283.30,,
2025/09/07,213,NYADI,28.08,400.6,433.2,400.6,409.96,410.00,-0.04,0.0,410.00,"10,002.00",408.41,"4,100,811.60",115,1.55,32.6,0.38,8.14,-0.01,880.00,283.30,,
2025/09/08,204,NYADI,28.87,402.0,406.0,398.0,399.62,400.00,-0.38,0.0,400.95,"14,511.00",409.96,"5,818,157.00",137,-10.34,8.0,-2.52,2.01,-0.33,880.00,283.30,,
2025/09/18,154,NYADI,25.04,391.7,392.0,384.2,385.0,385.00,0.0,0.0,389.34,"3,220.00",399.62,"1,253,684.00",12,-14.62,7.8,-3.66,2.03,-1.13,880.00,283.30,,
2025/09/21,209,NYADI,40.76,377.3,405.0,375.0,404.0,405.00,-1.0,0.0,391.87,"19,232.00",385.00,"7,536,468.20",200,19.0,30.00,4.94,8.0,3.0,880.00,283.30,,
2025/09/23,208,NYADI,40.71,404.0,427.0,402.0,419.0,419.00,0.0,0.0,415.94,"14,879.00",404.00,"6,188,712.60",177,15.00,25.0,3.71,6.22,0.73,880.00,283.30,,
2025/09/24,197,NYADI,36.49,410.7,425.3,410.7,418.0,418.00,0.0,0.0,419.62,"5,058.00",419.00,"2,122,420.30",64,-1.00,14.6,-0.24,3.55,-0.39,880.00,283.30,,
2025/09/25,205,NYADI,31.48,410.0,418.0,410.0,416.4,416.40,0.0,0.0,414.26,"2,730.00",418.00,"1,130,941.00",39,-1.6,8.0,-0.38,1.95,0.51,880.00,283.30,472.98,516.20
2025/07/30,210,NYADI,29.3,462.1,470.0,454.0,454.87,458.90,-4.03,-0.01,457.13,"26,482.00",465.88,"12,105,654.20",234,-11.01,16.0,-2.36,3.52,-0.5,880.00,283.30,,
2025/07/31,201,NYADI,29.2,454.0,463.0,450.8,453.26,452.00,1.26,0.0,456.64,"22,012.00",454.87,"10,051,463.30",221,-1.61,12.2,-0.35,2.71,-0.74,880.00,283.30,,
2025/08/03,206,NYADI,33.59,448.0,457.0,445.0,446.11,445.00,1.11,0.0,448.92,"18,896.00",453.26,"8,482,814.20",243,-7.15,12.0,-1.58,2.7,-0.63,880.00,283.30,,
2025/08/04,205,NYADI,31.51,440.0,463.9,437.0,444.45,445.50,-1.05,0.0,443.32,"16,202.00",446.11,"7,182,699.30",215,-1.66,26.9,-0.37,6.16,0.25,880.00,283.30,,
2025/08/05,207,NYADI,30.81,438.0,453.0,437.1,439.65,441.00,-1.35,0.0,442.24,"17,630.00",444.45,"7,796,773.90",175,-4.8,15.9,-1.08,3.64,-0.59,880.00,283.30,,
2025/08/06,204,NYADI,29.55,435.0,445.0,428.6,430.4,430.00,0.4,0.0,433.99,"19,821.00",439.65,"8,602,114.70",211,-9.25,16.40,-2.1,3.83,-0.83,880.00,283.30,,
2025/08/07,200,NYADI,27.22,429.6,438.0,428.0,430.79,435.00,-4.21,-0.01,431.35,"21,804.00",430.40,"9,405,203.90",183,0.39,10.0,0.09,2.34,-0.13,880.00,283.30,,
2025/08/11,204,NYADI,33.69,432.1,443.0,427.1,428.27,430.00,-1.73,0.0,432.23,"23,375.00",430.79,"10,103,389.60",211,-2.52,15.9,-0.58,3.72,-0.92,880.00,283.30,,
2025/08/12,205,NYADI,30.14,425.0,431.4,423.2,424.93,424.00,0.93,0.0,426.05,"13,339.00",428.27,"5,683,068.40",113,-3.34,8.2,-0.78,1.94,-0.26,880.00,283.30,,
2025/08/13,204,NYADI,30.97,432.0,435.0,417.0,422.38,422.20,0.18,0.0,426.28,"11,055.00",424.93,"4,712,560.60",137,-2.55,18.0,-0.6,4.32,-0.92,880.00,283.30,,
2025/08/14,201,NYADI,34.61,419.0,426.0,410.7,417.53,417.20,0.33,0.0,417.11,"28,403.00",422.38,"11,847,256.90",140,-4.85,15.3,-1.15,3.73,0.1,880.00,283.30,,
2025/08/17,198,NYADI,32.87,417.0,425.5,412.0,418.51,419.00,-0.49,0.0,417.27,"15,251.00",417.53,"6,363,845.70",160,0.98,13.5,0.23,3.28,0.3,880.00,283.30,,
2025/08/18,205,NYADI,39.67,426.4,434.5,418.0,430.26,431.00,-0.74,0.0,429.43,"27,015.00",418.51,"11,600,993.80",201,11.75,16.5,2.81,3.95,0.19,880.00,283.30,,
2025/08/19,199,NYADI,34.14,431.0,435.0,426.0,426.39,426.00,0.39,0.0,429.63,"10,576.00",430.26,"4,543,756.00",116,-3.87,9.0,-0.9,2.11,-0.76,880.00,283.30,,
2025/08/20,204,NYADI,44.33,422.1,447.7,422.1,437.87,437.50,0.37,0.0,440.31,"41,186.00",426.39,"18,134,660.50",270,11.48,25.6,2.69,6.06,-0.56,880.00,283.30,,
2025/08/21,202,NYADI,39.51,432.0,443.0,430.0,432.09,430.00,2.09,0.0,434.75,"13,692.00",437.87,"5,952,649.50",105,-5.78,13.0,-1.32,3.02,-0.62,880.00,283.30,,
2025/07/07,200,NYADI,47.33,471.0,493.0,464.6,465.87,467.00,-1.13,0.0,470.86,"39,611.00",471.27,"18,651,039.60",236,-5.4,28.4,-1.15,6.11,-1.07,880.00,283.30,,
2025/07/08,194,NYADI,35.81,459.1,476.0,459.1,469.16,468.00,1.16,0.0,469.80,"28,341.00",465.87,"13,314,711.00",185,3.29,16.9,0.71,3.68,-0.14,880.00,283.30,,
2025/07/09,198,NYADI,38.97,469.0,492.5,468.0,486.72,490.00,-3.28,-0.01,481.38,"80,338.00",469.16,"38,673,214.20",386,17.56,24.5,3.74,5.24,1.1,880.00,283.30,,
2025/07/10,198,NYADI,38.3,496.4,496.4,480.0,481.35,485.00,-3.65,-0.01,485.68,"56,006.00",486.72,"27,201,157.70",275,-5.37,16.4,-1.1,3.42,-0.9,880.00,283.30,,
2025/07/13,196,NYADI,29.53,490.9,499.0,457.2,458.7,457.30,1.4,0.0,469.57,"60,368.00",481.35,"28,347,299.50",368,-22.65,41.8,-4.71,9.14,-2.37,880.00,283.30,,
2025/07/14,208,NYADI,24.08,459.0,466.0,450.3,456.93,457.80,-0.87,0.0,456.21,"28,849.00",458.70,"13,161,219.50",194,-1.77,15.70,-0.39,3.49,0.16,880.00,283.30,,
2025/07/15,206,NYADI,26.91,447.8,464.0,447.8,453.92,453.00,0.92,0.0,456.80,"46,759.00",456.93,"21,359,693.50",216,-3.01,16.20,-0.66,3.62,-0.64,880.00,283.30,,
2025/07/16,215,NYADI,28.1,462.0,462.9,450.1,455.06,456.00,-0.94,0.0,455.84,"49,131.00",453.92,"22,395,864.30",272,1.14,12.8,0.25,2.84,-0.17,880.00,283.30,,
2025/07/17,198,NYADI,30.0,460.0,474.8,458.0,471.84,470.10,1.74,0.0,466.10,"59,168.00",455.06,"27,577,921.20",328,16.78,16.80,3.69,3.67,1.22,880.00,283.30,,
2025/07/20,203,NYADI,40.01,472.0,487.0,467.0,473.1,472.00,1.1,0.0,477.55,"67,956.00",471.84,"32,452,528.70",332,1.26,20.0,0.27,4.28,-0.94,880.00,283.30,,
2025/07/21,197,NYADI,36.96,468.0,475.0,458.7,468.6,471.00,-2.4,-0.01,466.12,"75,578.00",473.10,"35,228,381.60",351,-4.5,16.3,-0.95,3.55,0.53,880.00,283.30,,
2025/07/22,204,NYADI,40.17,468.0,487.5,463.6,479.19,480.00,-0.81,0.0,472.76,"62,281.00",468.60,"29,443,921.90",358,10.59,23.9,2.26,5.16,1.34,880.00,283.30,,
2025/07/23,202,NYADI,35.69,479.0,480.0,468.0,468.6,468.20,0.4,0.0,470.93,"28,262.00",479.19,"13,309,449.60",267,-10.59,12.00,-2.21,2.56,-0.5,880.00,283.30,,
2025/07/24,211,NYADI,36.57,470.0,484.0,465.2,473.87,476.50,-2.63,-0.01,473.89,"50,836.00",468.60,"24,090,529.70",367,5.27,18.8,1.12,4.04,0.0,880.00,283.30,,
2025/07/27,207,NYADI,31.96,483.3,483.3,455.0,458.71,456.00,2.71,0.01,470.49,"56,935.00",473.87,"26,787,189.70",425,-15.16,28.3,-3.2,6.22,-2.57,880.00,283.30,,
2025/07/28,204,NYADI,30.67,457.1,462.0,449.0,460.14,459.00,1.14,0.0,454.36,"44,696.00",458.71,"20,308,295.90",313,1.43,13.0,0.31,2.9,1.26,880.00,283.30,,
2025/06/12,199,NYADI,38.55,423.9,440.0,423.9,430.13,431.90,-1.77,0.0,434.66,"25,513.00",432.48,"11,089,369.60",216,-2.35,16.1,-0.54,3.8,-1.05,880.00,283.30,,
2025/06/15,201,NYADI,36.03,438.0,453.0,429.0,429.85,433.00,-3.15,-0.01,432.69,"19,900.00",430.13,"8,610,435.10",211,-0.28,24.0,-0.07,5.59,-0.66,880.00,283.30,,
2025/06/16,208,NYADI,31.9,438.0,448.8,436.1,437.95,437.00,0.95,0.0,442.27,"48,369.00",429.85,"21,392,103.80",315,8.1,12.7,1.88,2.91,-0.99,880.00,283.30,,
2025/06/17,194,NYADI,29.86,437.0,442.0,433.9,439.2,439.00,0.2,0.0,437.83,"5,919.00",437.95,"2,591,540.20",100,1.25,8.1,0.29,1.87,0.31,880.00,283.30,,
2025/06/18,200,NYADI,43.18,447.0,447.5,431.0,435.75,439.00,-3.25,-0.01,435.46,"23,112.00",439.20,"10,064,347.50",142,-3.45,16.5,-0.79,3.83,0.07,880.00,283.30,,
2025/06/19,202,NYADI,30.36,444.4,444.4,413.1,421.1,418.00,3.1,0.01,423.57,"68,486.00",435.75,"29,008,679.40",356,-14.65,31.30,-3.36,7.58,-0.59,880.00,283.30,,
2025/06/22,202,NYADI,28.24,418.0,422.0,410.0,413.08,413.00,0.08,0.0,413.91,"35,954.00",421.10,"14,881,734.50",232,-8.02,12.00,-1.9,2.93,-0.2,880.00,283.30,,
2025/06/23,208,NYADI,25.35,414.0,420.0,398.0,406.79,407.10,-0.31,0.0,406.33,"18,061.00",413.08,"7,338,677.30",163,-6.29,22.00,-1.52,5.53,0.11,880.00,283.30,,
2025/06/24,204,NYADI,23.44,410.0,419.0,407.1,412.48,409.00,3.48,0.01,412.63,"11,923.00",406.79,"4,919,740.60",124,5.69,11.90,1.4,2.92,-0.04,880.00,283.30,,
2025/06/25,200,NYADI,26.54,420.7,424.0,412.0,420.2,420.00,0.2,0.0,416.94,"28,059.00",412.48,"11,698,857.20",169,7.72,12.0,1.87,2.91,0.78,880.00,283.30,,
2025/06/26,205,NYADI,31.48,410.0,418.0,410.0,416.4,416.40,0.0,0.0,414.26,"2,730.00",418.00,"1,130,941.00",39,-1.6,8.0,-0.38,1.95,0.51,880.00,283.30,472.98,516.20
2025/06/29,209,NYADI,41.44,445.0,445.1,433.2,436.15,433.20,2.95,0.01,438.28,"34,190.00",444.56,"14,984,903.80",188,-8.41,11.9,-1.89,2.75,-0.49,880.00,283.30,,
2025/06/30,203,NYADI,40.13,444.8,444.8,427.0,428.11,433.80,-5.69,-0.01,431.46,"21,861.00",436.15,"9,432,170.20",161,-8.04,17.80,-1.84,4.17,-0.78,880.00,283.30,,
2025/07/01,198,NYADI,51.33,436.6,470.9,424.0,470.36,470.90,-0.54,0.0,454.93,"118,789.00",428.11,"54,040,867.20",642,42.25,46.9,9.87,11.06,3.28,880.00,283.30,,
2025/07/02,203,NYADI,51.27,479.7,510.0,479.7,492.95,492.00,0.95,0.0,494.54,"124,748.00",470.36,"61,692,309.50",945,22.59,30.3,4.8,6.32,-0.32,880.00,283.30,,
2025/07/03,200,NYADI,48.5,493.0,502.0,478.0,481.01,489.00,-7.99,-0.02,483.48,"73,046.00",492.95,"35,315,977.50",371,-11.94,24.0,-2.42,5.02,-0.51,880.00,283.30,,
2025/05/18,197,NYADI,33.48,444.0,450.0,426.0,438.22,434.00,4.22,0.01,437.62,"35,118.00",452.47,"15,368,413.00",269,-14.25,24.0,-3.15,5.63,0.14,880.00,280.00,,
2025/05/19,209,NYADI,31.14,437.5,446.8,416.0,429.13,435.00,-5.87,-0.01,429.71,"25,689.00",438.22,"11,038,784.00",211,-9.09,30.80,-2.07,7.4,-0.13,880.00,280.00,,
2025/05/20,199,NYADI,29.2,420.6,437.0,412.2,427.13,426.30,0.83,0.0,422.76,"27,680.00",429.13,"11,701,878.20",267,-2.0,24.8,-0.47,6.02,1.02,880.00,280.00,,
2025/05/21,205,NYADI,31.48,410.0,418.0,410.0,416.4,416.40,0.0,0.0,414.26,"2,730.00",418.00,"1,130,941.00",39,-1.6,8.0,-0.38,1.95,0.51,880.00,283.30,472.98,516.20
2025/05/22,201,NYADI,32.09,427.0,432.0,411.6,422.61,423.00,-0.39,0.0,419.05,"31,885.00",426.94,"13,361,443.70",254,-4.33,20.40,-1.01,4.96,0.84,880.00,280.00,,
2025/05/25,201,NYADI,33.1,415.1,428.3,415.0,423.13,426.00,-2.87,-0.01,418.98,"24,237.00",422.61,"10,154,712.90",183,0.52,13.3,0.12,3.2,0.98,880.00,280.00,,
2025/05/26,221,NYADI,33.89,431.0,440.0,419.0,419.6,419.00,0.6,0.0,424.15,"18,760.00",423.13,"7,957,103.30",130,-3.53,21.0,-0.83,5.01,-1.08,880.00,280.00,,
2025/05/27,205,NYADI,35.72,426.0,426.0,415.3,419.59,419.50,0.09,0.0,419.13,"15,910.00",419.60,"6,668,309.30",132,-0.01,10.7,0.0,2.58,0.11,880.00,280.00,,
2025/05/28,205,NYADI,39.36,414.1,423.0,414.1,417.51,415.20,2.31,0.01,416.78,"37,039.00",419.59,"15,436,975.90",196,-2.08,8.9,-0.5,2.15,0.18,880.00,280.00,,
2025/06/02,200,NYADI,44.58,425.8,458.0,411.0,447.87,453.90,-6.03,-0.01,433.08,"49,234.00",417.51,"21,322,399.60",445,30.36,47.00,7.27,11.44,3.3,880.00,283.30,,
2025/06/03,201,NYADI,43.35,447.0,456.5,438.1,441.89,442.90,-1.01,0.0,448.64,"38,642.00",447.87,"17,336,535.50",338,-5.98,18.4,-1.34,4.2,-1.53,880.00,283.30,,
2025/06/04,200,NYADI,40.11,434.4,449.0,430.1,436.01,432.00,4.01,0.01,435.32,"13,487.00",441.89,"5,871,094.60",116,-5.88,18.9,-1.33,4.39,0.16,880.00,283.30,,
2025/06/05,200,NYADI,41.26,436.0,439.0,421.0,427.69,433.90,-6.21,-0.01,428.11,"30,178.00",436.01,"12,919,597.40",236,-8.32,18.0,-1.91,4.28,-0.1,880.00,283.30,,
2025/06/08,202,NYADI,39.57,428.0,436.2,420.0,430.96,433.00,-2.04,0.0,431.98,"10,976.00",427.69,"4,741,450.10",127,3.27,16.2,0.76,3.86,-0.24,880.00,283.30,,
2025/06/09,208,NYADI,39.7,439.0,455.0,422.1,446.7,445.00,1.7,0.0,439.39,"34,033.00",430.96,"14,953,887.90",293,15.74,32.9,3.65,7.79,1.64,880.00,283.30,,
2025/06/10,199,NYADI,35.54,446.9,455.8,441.0,444.25,443.50,0.75,0.0,448.32,"16,458.00",446.70,"7,378,445.70",132,-2.45,14.8,-0.55,3.36,-0.92,880.00,283.30,,
2024/08/12,216,NYADI,69.85,364.0,375.0,364.0,372.0,372.00,0.0,0.0,371.02,"53,652.00",367.00,"19,905,854.60",598,5.0,11.00,1.36,3.02,0.26,397.50,176.40,,
2024/09/09,214,NYADI,40.66,344.0,372.0,340.5,349.9,349.90,0.0,0.0,348.33,"16,470.00",351.00,"5,736,975.90",217,-1.10,31.5,-0.31,9.25,0.45,436.40,179.00,,
2024/10/07,194,NYADI,-,342.3,342.3,317.0,324.0,324.00,0.0,0.0,329.02,"21,442.00",335.60,"7,054,933.10",207,-11.60,25.30,-3.46,7.98,-1.55,436.40,183.00,,
2024/11/10,206,NYADI,-,310.8,342.0,310.7,336.5,336.50,0.0,0.0,335.52,"52,225.00",317.00,"17,522,784.60",467,19.5,31.30,6.15,10.07,0.29,436.40,183.00,,
2024/12/04,201,NYADI,36.63,342.0,357.0,342.0,352.0,352.00,0.0,0.0,352.32,"29,965.00",348.70,"10,557,309.60",240,3.3,15.0,0.95,4.39,-0.09,436.40,193.00,,
2025/01/01,192,NYADI,39.15,427.8,455.9,420.0,450.0,450.00,0.0,0.0,443.39,"100,930.00",436.50,"44,751,702.90",501,13.5,35.9,3.09,8.55,1.47,473.00,260.30,,
2025/01/27,200,NYADI,40.72,587.3,643.5,586.0,643.5,643.50,0.0,0.0,628.12,"285,777.00",585.00,"179,501,097.00","1,340",58.50,57.50,10.0,9.81,2.39,693.00,260.30,,
2025/02/24,199,NYADI,31.9,671.0,671.0,633.0,635.0,635.00,0.0,0.0,642.90,"170,888.00",658.20,"109,863,966.60",923,-23.20,38.00,-3.52,6.0,-1.24,880.00,260.30,,
2025/03/23,206,NYADI,29.26,578.0,594.0,555.0,560.48,555.00,5.48,0.01,564.30,"32,665.00",571.70,"18,432,927.90",311,-11.22,39.0,-1.96,7.03,-0.68,880.00,276.00,,
2025/04/20,210,NYADI,26.18,580.0,603.0,557.0,561.83,562.00,-0.17,0.0,566.29,"55,415.00",580.27,"31,380,900.60",377,-18.44,46.0,-3.18,8.26,-0.79,880.00,276.00,,
2025/05/15,203,NYADI,35.55,478.4,478.4,450.0,452.47,454.00,-1.53,0.0,456.77,"40,014.00",469.06,"18,277,363.30",307,-16.59,28.4,-3.54,6.31,-0.95,880.00,280.00,,
2025/06/11,199,NYADI,34.41,438.2,445.0,430.3,432.48,431.40,1.08,0.0,436.97,"22,188.00",444.25,"9,695,508.80",159,-11.77,14.70,-2.65,3.42,-1.04,880.00,283.30,,
2025/07/06,205,NYADI,49.92,471.4,491.0,470.0,471.27,471.00,0.27,0.0,479.45,"70,375.00",481.01,"33,741,404.40",402,-9.74,21.0,-2.02,4.47,-1.74,880.00,283.30,,
2025/07/29,206,NYADI,33.1,461.0,480.0,459.0,465.88,464.00,1.88,0.0,471.67,"52,675.00",460.14,"24,845,365.30",384,5.74,21.00,1.25,4.58,-1.24,880.00,283.30,,
2025/08/24,207,NYADI,36.7,430.0,438.0,425.0,426.82,425.00,1.82,0.0,427.06,"8,120.00",432.09,"3,467,750.50",111,-5.27,13.0,-1.22,3.06,-0.06,880.00,283.30,,
2025/04/21,205,NYADI,23.54,562.3,569.0,555.0,558.27,559.00,-0.73,0.0,559.91,"31,311.00",561.83,"17,531,241.00",283,-3.56,14.0,-0.63,2.52,-0.29,880.00,276.00,,
2025/04/22,207,NYADI,25.44,547.2,571.0,547.2,558.46,555.00,3.46,0.01,559.23,"31,132.00",558.27,"17,410,006.70",236,0.19,23.8,0.03,4.35,-0.14,880.00,276.00,,
2025/04/23,199,NYADI,25.19,569.5,569.5,547.5,549.29,549.90,-0.61,0.0,549.91,"28,878.00",558.46,"15,880,218.20",219,-9.17,22.0,-1.64,4.02,-0.11,880.00,276.00,,
2025/04/24,197,NYADI,28.04,551.0,560.0,541.3,546.21,544.00,2.21,0.0,551.28,"39,158.00",549.29,"21,587,076.40",288,-3.08,18.7,-0.56,3.45,-0.93,880.00,276.00,,
2025/04/27,201,NYADI,32.26,542.5,560.0,542.5,552.62,558.90,-6.28,-0.01,547.70,"37,202.00",546.21,"20,375,479.00",233,6.41,17.5,1.17,3.23,0.89,880.00,276.00,,
2025/04/28,210,NYADI,44.84,542.0,579.9,542.0,562.51,559.00,3.51,0.01,560.31,"49,323.00",552.62,"27,636,353.10",277,9.89,37.9,1.79,6.99,0.39,880.00,276.00,,
2025/04/29,201,NYADI,24.33,560.0,565.0,543.0,547.33,548.00,-0.67,0.0,548.08,"20,246.00",562.51,"11,096,461.80",199,-15.18,22.0,-2.7,4.05,-0.14,880.00,276.00,,
2025/04/30,205,NYADI,27.43,536.4,555.9,536.0,538.53,536.10,2.43,0.0,542.01,"28,458.00",547.33,"15,424,577.70",228,-8.8,19.9,-1.61,3.71,-0.65,880.00,276.00,,
2025/05/04,206,NYADI,27.7,527.8,554.9,521.6,527.88,528.00,-0.12,0.0,532.62,"28,587.00",538.53,"15,226,034.00",261,-10.65,33.3,-1.98,6.38,-0.9,880.00,276.00,,
2025/05/05,203,NYADI,24.74,521.0,532.0,510.0,516.38,523.10,-6.72,-0.01,519.02,"31,397.00",527.88,"16,295,688.30",284,-11.5,22.0,-2.18,4.31,-0.51,880.00,276.00,,
2025/05/06,207,NYADI,28.85,517.0,525.0,504.7,507.67,505.10,2.57,0.01,509.70,"24,996.00",516.38,"12,740,490.50",234,-8.71,20.3,-1.69,4.02,-0.4,880.00,276.00,,
2025/05/07,195,NYADI,33.09,498.0,498.0,456.9,484.85,485.20,-0.35,0.0,473.71,"130,918.00",507.67,"62,017,552.80",852,-22.82,41.1,-4.5,9.0,2.3,880.00,276.00,,
2025/05/08,197,NYADI,32.03,485.0,494.9,474.0,480.22,477.30,2.92,0.01,483.70,"69,521.00",484.85,"33,627,549.50",336,-4.63,20.9,-0.95,4.41,-0.73,880.00,276.00,,
2025/05/11,190,NYADI,30.73,471.0,506.0,466.0,470.3,467.00,3.3,0.01,478.81,"53,035.00",480.22,"25,393,624.40",345,-9.92,40.0,-2.07,8.58,-1.81,880.00,276.00,,
2025/05/13,199,NYADI,34.11,460.9,488.0,460.9,479.99,475.20,4.79,0.01,477.73,"56,756.00",470.30,"27,113,886.90",324,9.69,27.1,2.06,5.88,0.47,880.00,276.00,,
2025/05/14,206,NYADI,36.1,475.0,483.0,468.0,469.06,469.00,0.06,0.0,474.03,"15,854.00",479.99,"7,515,202.20",170,-10.93,15.0,-2.28,3.21,-1.06,880.00,280.00,,
2025/03/24,211,NYADI,30.24,555.0,580.0,552.1,573.5,580.00,-6.5,-0.01,567.61,"32,665.00",560.48,"18,540,995.80",279,13.02,27.9,2.32,5.05,1.03,880.00,276.00,,
2025/03/25,209,NYADI,26.17,575.0,575.0,553.0,562.92,557.10,5.82,0.01,561.46,"26,404.00",573.50,"14,824,838.70",235,-10.58,22.0,-1.84,3.98,0.26,880.00,276.00,,
2025/03/26,205,NYADI,31.48,410.0,418.0,410.0,416.4,416.40,0.0,0.0,414.26,"2,730.00",418.00,"1,130,941.00",39,-1.6,8.0,-0.38,1.95,0.51,880.00,283.30,472.98,516.20
2025/03/27,199,NYADI,38.43,559.8,582.0,559.8,576.8,578.00,-1.2,0.0,575.87,"38,777.00",571.10,"22,330,442.20",273,5.7,22.2,1.0,3.97,0.16,880.00,276.00,,
2025/03/30,203,NYADI,40.16,579.0,603.9,575.3,596.4,597.90,-1.5,0.0,595.23,"59,300.00",576.80,"35,297,150.50",474,19.6,28.6,3.4,4.97,0.2,880.00,276.00,,
2025/04/01,210,NYADI,36.38,600.0,609.0,591.6,605.98,608.00,-2.02,0.0,600.62,"66,647.00",596.40,"40,029,219.90",499,9.58,17.40,1.61,2.94,0.89,880.00,276.00,,
2025/04/02,205,NYADI,44.92,594.0,656.0,594.0,644.89,646.00,-1.11,0.0,637.50,"136,669.00",605.98,"87,126,851.70","1,054",38.91,62.00,6.42,10.44,1.15,880.00,276.00,,
2025/04/03,207,NYADI,44.33,640.0,663.9,624.0,631.89,629.90,1.99,0.0,645.96,"63,585.00",644.89,"41,073,417.20",606,-13.00,39.9,-2.02,6.39,-2.23,880.00,276.00,,
2025/04/07,209,NYADI,44.01,644.5,644.5,605.0,607.5,606.00,1.5,0.0,614.65,"43,048.00",631.89,"26,459,300.70",456,-24.39,39.5,-3.86,6.53,-1.18,880.00,276.00,,
2025/04/08,210,NYADI,44.77,600.0,631.0,580.1,609.32,631.00,-21.68,-0.03,594.04,"70,556.00",607.50,"41,913,282.30",517,1.82,50.90,0.3,8.77,2.51,880.00,276.00,,
2025/04/09,207,NYADI,27.67,597.2,626.9,597.2,613.03,603.00,10.03,0.02,614.93,"41,199.00",609.32,"25,334,421.20",396,3.71,29.70,0.61,4.97,-0.31,880.00,276.00,,
2025/04/10,208,NYADI,25.35,600.8,630.0,596.2,598.58,596.20,2.38,0.0,601.94,"34,814.00",613.03,"20,955,786.40",290,-14.45,33.8,-2.36,5.67,-0.56,880.00,276.00,,
2025/04/13,206,NYADI,30.12,598.0,598.0,550.0,570.72,570.00,0.72,0.0,575.48,"87,116.00",598.58,"50,133,410.40",489,-27.86,48.0,-4.65,8.73,-0.83,880.00,276.00,,
2025/04/15,208,NYADI,28.58,559.4,603.7,559.4,598.64,590.00,8.64,0.01,582.65,"84,119.00",570.72,"49,012,334.30",529,27.92,44.3,4.89,7.92,2.67,880.00,276.00,,
2025/04/16,210,NYADI,25.09,586.7,601.0,580.0,588.97,583.10,5.87,0.01,587.72,"37,569.00",598.64,"22,080,019.20",302,-9.67,21.0,-1.62,3.62,0.21,880.00,276.00,,
2025/04/17,201,NYADI,27.06,591.0,591.0,568.4,580.27,578.00,2.27,0.0,581.39,"60,821.00",588.97,"35,360,725.80",397,-8.7,22.6,-1.48,3.98,-0.19,880.00,276.00,,
2025/02/25,200,NYADI,27.08,647.7,647.7,616.0,620.0,620.00,0.0,0.0,632.36,"74,561.00",635.00,"47,149,361.90",566,-15.0,31.70,-2.36,5.15,-1.99,880.00,260.30,,
2025/02/27,192,NYADI,26.44,619.0,644.0,610.0,610.0,610.00,0.0,0.0,623.97,"71,206.00",620.00,"44,430,262.90",542,-10.00,34.00,-1.61,5.57,-2.29,880.00,260.30,,
2025/03/02,194,NYADI,46.79,610.0,671.0,610.0,670.6,670.60,0.0,0.0,644.28,"275,459.00",610.00,"177,471,685.60","1,397",60.60,61.00,9.93,10.0,3.93,880.00,260.30,,
2025/03/03,192,NYADI,36.06,674.0,674.0,634.0,637.0,637.00,0.0,0.0,646.33,"96,081.00",670.60,"62,099,576.10",795,-33.60,40.00,-5.01,6.31,-1.46,880.00,260.30,,
2025/03/04,206,NYADI,36.4,649.7,649.7,606.4,611.1,611.10,0.0,0.0,615.50,"134,650.00",637.00,"82,876,558.20",852,-25.9,43.3,-4.07,7.14,-0.72,880.00,272.00,,
2025/03/05,200,NYADI,39.87,622.0,634.0,576.3,587.0,587.00,0.0,0.0,589.51,"188,596.00",611.10,"111,178,501.80","1,152",-24.1,57.7,-3.94,10.01,-0.43,880.00,276.00,,
2025/03/06,198,NYADI,41.75,598.0,621.0,596.0,610.0,610.00,0.0,0.0,609.95,"86,397.00",587.00,"52,697,818.50",628,23.00,25.00,3.92,4.19,0.01,880.00,276.00,,
2025/03/09,202,NYADI,31.07,622.1,622.1,587.0,600.0,600.00,0.0,0.0,596.49,"43,537.00",610.00,"25,969,191.50",427,-10.0,35.10,-1.64,5.98,0.59,880.00,276.00,,
2025/03/10,196,NYADI,34.17,600.0,610.0,589.5,590.0,590.00,0.0,0.0,593.29,"39,970.00",600.00,"23,713,915.40",318,-10.0,20.5,-1.67,3.48,-0.56,880.00,276.00,,
2025/03/11,196,NYADI,34.57,600.0,600.0,566.5,569.9,569.90,0.0,0.0,576.11,"52,788.00",590.00,"30,411,790.10",435,-20.1,33.5,-3.41,5.91,-1.09,880.00,276.00,,
2025/03/12,208,NYADI,37.94,578.0,586.5,560.0,580.0,580.00,0.0,0.0,574.31,"48,610.00",569.90,"27,917,217.70",382,10.1,26.5,1.77,4.73,0.98,880.00,276.00,,
2025/03/16,200,NYADI,34.76,570.9,597.0,570.0,587.0,587.00,0.0,0.0,589.28,"53,270.00",580.00,"31,390,891.50",518,7.0,27.00,1.21,4.74,-0.39,880.00,276.00,,
2025/03/17,216,NYADI,34.29,598.7,598.7,576.1,590.0,590.00,0.0,0.0,587.08,"33,021.00",587.00,"19,385,903.90",305,3.0,22.6,0.51,3.92,0.5,880.00,276.00,,
2025/03/18,198,NYADI,37.95,578.2,601.0,578.2,588.0,588.00,0.0,0.0,592.92,"40,684.00",590.00,"24,122,208.40",297,-2.0,22.8,-0.34,3.94,-0.84,880.00,276.00,,
2025/03/19,198,NYADI,35.07,599.7,599.7,576.0,584.2,584.20,0.0,0.0,582.05,"26,868.00",588.00,"15,638,499.40",254,-3.80,23.7,-0.65,4.11,0.37,880.00,276.00,,
2025/03/20,202,NYADI,34.63,590.8,591.0,567.0,571.7,570.00,1.7,0.0,575.38,"37,629.00",584.20,"21,651,093.90",271,-12.5,24.0,-2.14,4.23,-0.64,880.00,276.00,,
2025/01/28,207,NYADI,35.21,656.3,707.8,656.3,707.8,707.80,0.0,0.0,706.73,"135,203.00",643.50,"95,551,611.80",878,64.30,51.50,9.99,7.85,0.15,707.80,260.30,,
2025/02/02,209,NYADI,49.58,721.9,778.5,721.9,778.5,778.50,0.0,0.0,752.82,"255,136.00",707.80,"192,071,276.90","1,988",70.7,56.60,9.99,7.84,3.3,778.50,260.30,,
2025/02/03,205,NYADI,44.11,794.0,856.0,764.4,764.4,764.40,0.0,0.0,795.39,"221,211.00",778.50,"175,949,079.80","1,826",-14.1,91.6,-1.81,11.98,-4.05,856.00,260.30,,
2025/02/04,196,NYADI,43.59,779.6,840.0,764.4,827.0,827.00,0.0,0.0,789.16,"215,160.00",764.40,"169,796,524.90","1,381",62.6,75.60,8.19,9.89,4.58,856.00,260.30,,
2025/02/05,197,NYADI,38.11,810.5,810.5,770.0,781.0,781.00,0.0,0.0,791.39,"54,770.00",827.00,"43,344,410.90",782,-46.0,40.50,-5.56,5.26,-1.33,856.00,260.30,,
2025/02/06,198,NYADI,40.5,765.4,838.0,759.5,775.0,775.00,0.0,0.0,792.80,"121,016.00",781.00,"95,941,192.50","1,189",-6.0,78.5,-0.77,10.34,-2.3,856.00,260.30,,
2025/02/09,193,NYADI,34.26,759.5,780.0,726.0,740.0,740.00,0.0,0.0,751.95,"126,071.00",775.00,"94,799,010.00",762,-35.0,54.0,-4.52,7.44,-1.61,856.00,260.30,,
2025/02/10,207,NYADI,45.61,727.0,830.2,727.0,814.0,814.00,0.0,0.0,800.21,"170,840.00",740.00,"136,708,071.80","1,054",74.00,103.20,10.0,14.2,1.69,856.00,260.30,,
2025/02/11,189,NYADI,39.47,820.0,880.0,769.6,806.8,806.80,0.0,0.0,808.11,"434,504.00",814.00,"351,128,783.40","1,930",-7.2,110.4,-0.88,14.35,-0.16,880.00,260.30,,
2025/02/12,199,NYADI,48.38,790.7,869.0,726.2,868.0,868.00,0.0,0.0,753.04,"398,999.00",806.80,"300,462,129.20","2,066",61.2,142.80,7.59,19.66,13.24,880.00,260.30,,
2025/02/13,205,NYADI,31.48,410.0,418.0,410.0,416.4,416.40,0.0,0.0,414.26,"2,730.00",418.00,"1,130,941.00",39,-1.6,8.0,-0.38,1.95,0.51,880.00,283.30,472.98,516.20
2025/02/16,197,NYADI,34.22,765.6,765.6,703.1,703.1,703.10,0.0,0.0,707.29,"311,673.00",781.20,"220,444,646.70","1,580",-78.1,62.5,-10.0,8.89,-0.6,880.00,260.30,,
2025/02/17,190,NYADI,26.84,689.1,714.0,666.0,700.0,700.00,0.0,0.0,700.65,"102,609.00",703.10,"71,893,164.70",895,-3.1,48.0,-0.44,7.21,-0.09,880.00,260.30,,
2025/02/18,200,NYADI,26.6,700.0,702.0,681.0,692.9,692.90,0.0,0.0,686.68,"102,696.00",700.00,"70,519,227.70",562,-7.10,21.0,-1.01,3.08,0.9,880.00,260.30,,
2025/02/20,196,NYADI,23.97,679.1,696.9,669.0,669.0,669.00,0.0,0.0,683.34,"60,759.00",692.90,"41,519,256.90",488,-23.9,27.9,-3.45,4.17,-2.14,880.00,260.30,,
2025/02/23,214,NYADI,27.76,656.2,700.0,643.1,658.2,658.20,0.0,0.0,673.66,"98,946.00",669.00,"66,655,580.00",750,-10.80,56.90,-1.61,8.85,-2.35,880.00,260.30,,
2025/01/02,202,NYADI,46.69,450.0,495.0,443.0,495.0,495.00,0.0,0.0,474.37,"436,878.00",450.00,"207,243,704.40","1,577",45.0,52.00,10.0,11.74,4.17,495.00,260.30,,
2025/01/05,211,NYADI,41.75,504.9,526.0,504.7,505.0,505.00,0.0,0.0,513.93,"120,960.00",495.00,"62,164,521.50","1,190",10.0,21.3,2.02,4.22,-1.77,526.00,260.30,,
2025/01/06,197,NYADI,42.94,494.9,542.6,494.9,533.0,533.00,0.0,0.0,521.28,"119,258.00",505.00,"62,166,226.10",895,28.0,47.70,5.54,9.64,2.2,542.60,260.30,,
2025/01/07,193,NYADI,42.05,543.6,586.3,516.0,586.3,586.30,0.0,0.0,563.48,"105,874.00",533.00,"59,657,942.90","1,079",53.3,70.3,10.0,13.62,3.89,586.30,260.30,,
2025/01/08,192,NYADI,47.9,574.6,644.9,555.0,641.0,641.00,0.0,0.0,596.27,"377,934.00",586.30,"225,349,597.50","2,043",54.7,89.90,9.33,16.2,6.98,644.90,260.30,,
2025/01/09,196,NYADI,46.66,628.2,693.0,576.9,690.0,690.00,0.0,0.0,603.17,"261,046.00",641.00,"157,456,189.10","1,750",49.0,116.1,7.64,20.12,12.58,693.00,260.30,,
2025/01/12,193,NYADI,38.38,676.2,676.2,621.0,621.0,621.00,0.0,0.0,625.15,"5,849.00",690.00,"3,656,485.70",44,-69.0,55.2,-10.0,8.89,-0.67,693.00,260.30,,
2025/01/13,208,NYADI,48.6,608.6,676.0,558.9,650.0,650.00,0.0,0.0,568.20,"497,570.00",621.00,"282,718,258.00","2,262",29.0,117.10,4.67,20.95,12.58,693.00,260.30,,
2025/01/15,189,NYADI,34.31,637.0,637.0,585.0,585.0,585.00,0.0,0.0,585.33,"88,418.00",650.00,"51,753,427.70",428,-65.0,52.0,-10.0,8.89,-0.06,693.00,260.30,,
2025/01/16,191,NYADI,33.1,573.3,612.0,543.5,545.2,545.20,0.0,0.0,567.70,"149,647.00",585.00,"84,954,029.10","1,011",-39.80,68.50,-6.8,12.6,-4.13,693.00,260.30,,
2025/01/19,205,NYADI,28.38,534.3,552.8,527.3,544.0,544.00,0.0,0.0,542.29,"81,136.00",545.20,"43,999,553.90",603,-1.20,25.50,-0.22,4.84,0.31,693.00,260.30,,
2025/01/20,202,NYADI,28.96,554.7,563.0,542.1,558.0,558.00,0.0,0.0,558.04,"82,273.00",544.00,"45,911,694.70",602,14.0,20.90,2.57,3.86,-0.01,693.00,260.30,,
2025/01/21,197,NYADI,35.05,558.0,603.9,558.0,600.0,600.00,0.0,0.0,588.79,"265,031.00",558.00,"156,047,899.50","1,457",42.0,45.9,7.53,8.23,1.87,693.00,260.30,,
2025/01/22,206,NYADI,30.98,600.0,648.0,590.0,605.0,605.00,0.0,0.0,608.38,"130,878.00",600.00,"79,623,701.80",938,5.0,58.0,0.83,9.83,-0.56,693.00,260.30,,
2025/01/23,203,NYADI,32.12,592.9,609.0,591.0,593.0,593.00,0.0,0.0,599.61,"121,276.00",605.00,"72,718,359.50",803,-12.00,18.00,-1.98,3.05,-1.11,693.00,260.30,,
2025/01/26,202,NYADI,33.22,590.0,613.3,585.0,585.0,585.00,0.0,0.0,600.84,"105,035.00",593.00,"63,109,661.70",727,-8.00,28.30,-1.35,4.84,-2.71,693.00,260.30,,
2024/12/05,196,NYADI,25.33,345.1,352.0,340.1,340.1,340.10,0.0,0.0,344.19,"7,358.00",352.00,"2,532,539.60",124,-11.9,11.9,-3.38,3.5,-1.2,436.40,193.00,,
2024/12/08,203,NYADI,31.12,338.1,346.9,332.1,335.0,335.00,0.0,0.0,335.94,"23,951.00",340.10,"8,046,145.70",174,-5.1,14.8,-1.5,4.46,-0.28,436.40,197.10,,
2024/12/09,205,NYADI,34.69,331.1,349.0,331.1,338.0,338.00,0.0,0.0,338.76,"17,355.00",335.00,"5,879,228.80",173,3.0,17.9,0.9,5.41,-0.23,436.40,197.10,,
2024/12/10,192,NYADI,42.87,344.7,365.0,341.0,353.9,353.90,0.0,0.0,355.67,"67,442.00",338.00,"23,987,256.70",459,15.9,24.0,4.7,7.04,-0.5,436.40,206.00,,
2024/12/11,195,NYADI,55.79,358.5,389.2,348.2,389.2,389.20,0.0,0.0,376.65,"103,376.00",353.90,"38,936,743.20",889,35.3,41.0,9.97,11.77,3.22,436.40,206.00,,
2024/12/12,194,NYADI,52.77,396.9,402.0,380.3,380.3,380.30,0.0,0.0,391.29,"61,776.00",389.20,"24,172,481.10",484,-8.9,21.7,-2.29,5.71,-2.89,436.40,208.80,,
2024/12/16,190,NYADI,42.3,372.7,373.0,360.1,364.0,364.00,0.0,0.0,366.32,"51,241.00",380.30,"18,770,381.00",295,-16.3,12.9,-4.29,3.58,-0.64,436.40,224.00,,
2024/12/17,205,NYADI,48.26,358.0,372.3,358.0,366.8,366.80,0.0,0.0,365.51,"29,965.00",364.00,"10,952,425.40",262,2.8,14.3,0.77,3.99,0.35,436.40,224.00,,
2024/12/18,201,NYADI,32.68,360.0,371.0,355.0,365.7,365.70,0.0,0.0,364.05,"18,953.00",366.80,"6,899,752.40",145,-1.1,16.0,-0.3,4.51,0.45,436.40,245.00,,
2024/12/19,195,NYADI,35.85,373.0,373.0,350.3,358.0,358.00,0.0,0.0,361.65,"57,127.00",365.70,"20,660,134.80",172,-7.7,22.7,-2.11,6.48,-1.02,436.40,245.00,,
2024/12/22,203,NYADI,44.82,351.9,393.8,351.2,393.8,393.80,0.0,0.0,387.43,"101,619.00",358.00,"39,370,609.60",541,35.8,42.6,10.0,12.13,1.62,436.40,245.00,,
2024/12/23,208,NYADI,49.49,401.6,433.1,401.6,407.0,407.00,0.0,0.0,416.17,"147,560.00",393.80,"61,409,955.10",941,13.20,31.50,3.35,7.84,-2.25,436.40,245.00,,
2024/12/24,200,NYADI,51.02,402.0,443.0,402.0,442.0,442.00,0.0,0.0,432.98,"198,425.00",407.00,"85,914,118.00","1,118",35.00,41.00,8.6,10.2,2.04,443.00,245.00,,
2024/12/26,194,NYADI,48.24,450.8,465.0,428.0,430.0,430.00,0.0,0.0,445.55,"92,178.00",442.00,"41,069,743.90",642,-12.0,37.0,-2.71,8.64,-3.62,465.00,245.30,,
2024/12/29,200,NYADI,44.88,438.0,473.0,428.0,428.0,428.00,0.0,0.0,439.93,"172,351.00",430.00,"75,822,389.40",899,-2.0,45.0,-0.47,10.51,-2.79,473.00,260.30,,
2024/12/31,199,NYADI,36.49,421.0,436.5,407.0,436.5,436.50,0.0,0.0,415.72,"82,331.00",428.00,"34,226,629.90",460,8.50,29.50,1.99,7.25,4.76,473.00,260.30,,
2024/11/11,193,NYADI,-,335.0,345.0,333.0,337.0,337.00,0.0,0.0,339.48,"38,125.00",336.50,"12,942,551.50",338,0.5,12.0,0.15,3.6,-0.73,436.40,183.00,,
2024/11/12,197,NYADI,-,337.0,342.0,333.5,339.0,339.00,0.0,0.0,337.08,"13,817.00",337.00,"4,657,485.20",165,2.0,8.5,0.59,2.55,0.57,436.40,183.00,,
2024/11/13,196,NYADI,51.75,339.0,360.9,325.9,360.9,360.90,0.0,0.0,347.09,"52,943.00",339.00,"18,375,818.90",376,21.9,35.0,6.46,10.74,3.83,436.40,183.00,,
2024/11/14,205,NYADI,48.91,358.0,365.0,352.0,353.9,353.90,0.0,0.0,358.00,"38,689.00",360.90,"13,850,845.90",317,-7.0,13.00,-1.94,3.69,-1.16,436.40,183.00,,
2024/11/17,208,NYADI,44.38,350.0,374.0,350.0,352.3,352.30,0.0,0.0,360.09,"16,545.00",353.90,"5,957,629.40",219,-1.6,24.00,-0.45,6.86,-2.21,436.40,183.00,,
2024/11/19,196,NYADI,36.45,346.0,350.0,330.1,337.0,337.00,0.0,0.0,337.47,"35,939.00",352.30,"12,128,291.30",296,-15.3,19.9,-4.34,6.03,-0.14,436.40,183.00,,
2024/11/20,207,NYADI,29.29,337.0,343.3,324.0,343.3,343.30,0.0,0.0,335.66,"9,043.00",337.00,"3,035,364.00",146,6.3,19.3,1.87,5.96,2.23,436.40,183.00,,
2024/11/21,198,NYADI,30.66,337.0,342.6,336.1,336.1,336.10,0.0,0.0,337.58,"13,716.00",343.30,"4,630,281.00",137,-7.2,6.5,-2.1,1.93,-0.44,436.40,183.00,,
2024/11/24,205,NYADI,29.0,334.0,349.5,328.0,330.0,330.00,0.0,0.0,331.10,"9,784.00",336.10,"3,239,473.00",163,-6.1,21.5,-1.81,6.55,-0.33,436.40,193.00,,
2024/11/25,196,NYADI,27.86,336.0,343.2,325.2,334.0,334.00,0.0,0.0,329.31,"6,925.00",330.00,"2,280,471.50",132,4.0,18.00,1.21,5.54,1.4,436.40,193.00,,
2024/11/26,196,NYADI,34.88,334.0,340.0,329.1,340.0,340.00,0.0,0.0,335.95,"13,863.00",334.00,"4,657,307.50",166,6.0,10.9,1.8,3.31,1.19,436.40,193.00,,
2024/11/27,201,NYADI,40.31,335.0,365.0,335.0,357.0,357.00,0.0,0.0,354.23,"55,421.00",340.00,"19,631,515.80",362,17.0,30.0,5.0,8.96,0.78,436.40,193.00,,
2024/11/28,197,NYADI,38.02,354.1,355.1,345.0,347.8,347.80,0.0,0.0,349.10,"23,732.00",357.00,"8,284,907.70",192,-9.2,10.1,-2.58,2.93,-0.37,436.40,193.00,,
2024/12/01,200,NYADI,37.81,354.0,354.0,335.2,338.1,338.10,0.0,0.0,340.75,"10,472.00",347.80,"3,568,333.85",129,-9.7,18.8,-2.79,5.61,-0.78,436.40,193.00,,
2024/12/02,200,NYADI,37.33,340.0,351.3,333.2,336.2,336.20,0.0,0.0,338.96,"15,864.00",338.10,"5,377,198.20",202,-1.9,18.1,-0.56,5.43,-0.82,436.40,193.00,,
2024/12/03,195,NYADI,41.65,336.0,364.0,336.0,348.7,348.70,0.0,0.0,347.90,"20,616.00",336.20,"7,172,389.00",264,12.5,28.0,3.72,8.33,0.23,436.40,193.00,,
2024/10/08,205,NYADI,31.48,410.0,418.0,410.0,416.4,416.40,0.0,0.0,414.26,"2,730.00",418.00,"1,130,941.00",39,-1.6,8.0,-0.38,1.95,0.51,880.00,283.30,472.98,516.20
2024/10/09,187,NYADI,-,334.0,335.0,318.6,320.0,320.00,0.0,0.0,320.51,"4,464.00",330.00,"1,430,747.40",43,-10.00,16.40,-3.03,5.15,-0.16,436.40,183.00,,
2024/10/15,192,NYADI,-,314.6,328.4,314.0,324.0,324.00,0.0,0.0,321.18,"9,395.00",320.00,"3,017,493.20",68,4.00,14.40,1.25,4.59,0.87,436.40,183.00,,
2024/10/16,206,NYADI,-,330.4,330.4,318.0,323.0,323.00,0.0,0.0,322.93,"10,709.00",324.00,"3,458,227.10",138,-1.0,12.40,-0.31,3.9,0.02,436.40,183.00,,
2024/10/17,205,NYADI,-,316.6,340.0,316.6,318.5,318.50,0.0,0.0,323.08,"30,262.00",323.00,"9,777,157.50",221,-4.5,23.4,-1.39,7.39,-1.44,436.40,183.00,,
2024/10/20,199,NYADI,-,313.0,317.0,306.1,308.5,308.50,0.0,0.0,310.72,"13,506.00",318.50,"4,196,639.10",159,-10.0,10.90,-3.14,3.56,-0.72,436.40,183.00,,
2024/10/21,200,NYADI,-,302.4,314.0,297.1,305.0,305.00,0.0,0.0,303.91,"11,871.00",308.50,"3,607,756.80",259,-3.5,16.90,-1.13,5.69,0.36,436.40,183.00,,
2024/10/22,198,NYADI,-,300.1,312.0,299.0,312.0,312.00,0.0,0.0,305.25,"13,129.00",305.00,"4,007,562.50",250,7.00,13.00,2.3,4.35,2.17,436.40,183.00,,
2024/10/23,207,NYADI,-,308.0,310.0,302.0,308.0,308.00,0.0,0.0,307.07,"9,821.00",312.00,"3,015,697.00",142,-4.0,8.00,-1.28,2.65,0.3,436.40,183.00,,
2024/10/24,200,NYADI,-,313.0,313.0,305.0,309.9,309.90,0.0,0.0,307.55,"8,348.00",308.00,"2,567,430.50",141,1.9,8.00,0.62,2.62,0.76,436.40,183.00,,
2024/10/27,201,NYADI,-,310.0,310.0,299.9,302.0,302.00,0.0,0.0,302.50,"12,706.00",309.90,"3,843,550.00",203,-7.9,10.1,-2.55,3.37,-0.17,436.40,183.00,,
2024/10/28,190,NYADI,-,302.0,310.0,300.0,310.0,310.00,0.0,0.0,305.55,"6,067.00",302.00,"1,853,786.10",128,8.0,10.0,2.65,3.33,1.43,436.40,183.00,,
2024/10/29,204,NYADI,-,310.0,318.8,305.5,318.0,318.00,0.0,0.0,315.50,"9,340.00",310.00,"2,946,743.00",168,8.0,13.3,2.58,4.35,0.79,436.40,183.00,,
2024/10/30,195,NYADI,-,318.0,319.0,307.0,307.0,307.00,0.0,0.0,311.77,"8,365.00",318.00,"2,607,990.00",121,-11.0,12.0,-3.46,3.91,-1.56,436.40,183.00,,
2024/11/05,192,NYADI,-,306.0,323.0,302.1,317.0,317.00,0.0,0.0,309.71,"7,320.00",307.00,"2,267,075.50",153,10.0,20.9,3.26,6.92,2.3,436.40,183.00,,
2024/11/06,204,NYADI,-,317.0,320.0,306.2,317.0,317.00,0.0,0.0,316.44,"11,415.00",317.00,"3,612,187.00",157,0.0,13.8,0.0,4.51,0.18,436.40,183.00,,
2024/09/10,212,NYADI,36.22,350.0,362.0,339.5,344.0,344.00,0.0,0.0,343.86,"7,959.00",349.90,"2,736,772.10",172,-5.9,22.50,-1.69,6.63,0.04,436.40,179.00,,
2024/09/11,204,NYADI,40.03,337.2,364.0,334.4,340.0,340.00,0.0,0.0,339.34,"6,402.00",344.00,"2,172,430.00",152,-4.0,29.60,-1.16,8.85,0.2,436.40,183.00,,
2024/09/12,200,NYADI,51.2,333.3,360.0,333.3,350.0,350.00,0.0,0.0,342.95,"9,412.00",340.00,"3,227,838.40",141,10.00,26.70,2.94,8.01,2.01,436.40,183.00,,
2024/09/15,209,NYADI,50.84,357.0,362.9,338.0,347.0,347.00,0.0,0.0,347.26,"14,788.00",350.00,"5,135,237.70",212,-3.00,24.9,-0.86,7.37,-0.07,436.40,183.00,,
2024/09/16,197,NYADI,47.69,340.1,351.0,327.1,340.1,340.10,0.0,0.0,339.20,"11,381.00",347.00,"3,860,428.10",163,-6.9,23.90,-1.99,7.31,0.26,436.40,183.00,,
2024/09/18,206,NYADI,48.79,333.3,338.0,319.0,333.0,333.00,0.0,0.0,326.92,"15,047.00",340.10,"4,919,119.20",220,-7.1,19.0,-2.09,5.96,1.83,436.40,183.00,,
2024/09/22,206,NYADI,45.08,339.6,360.1,314.1,323.0,323.00,0.0,0.0,323.23,"23,194.00",333.00,"7,496,902.30",239,-10.0,46.0,-3.0,14.65,-0.07,436.40,183.00,,
2024/09/23,208,NYADI,41.22,324.0,335.9,299.2,304.9,304.90,0.0,0.0,307.13,"23,529.00",323.00,"7,226,366.70",205,-18.1,36.70,-5.6,12.27,-0.73,436.40,183.00,,
2024/09/24,195,NYADI,37.29,298.9,308.9,288.5,294.0,294.00,0.0,0.0,293.25,"11,828.00",304.90,"3,468,548.90",153,-10.9,20.40,-3.57,7.07,0.26,436.40,183.00,,
2024/09/25,208,NYADI,46.89,294.0,323.4,283.3,323.4,323.40,0.0,0.0,298.99,"14,294.00",294.00,"4,273,740.60",214,29.4,40.1,10.0,14.15,7.55,436.40,183.00,,
2024/09/26,207,NYADI,41.14,329.8,329.8,300.0,303.0,303.00,0.0,0.0,307.47,"9,398.00",323.40,"2,889,581.50",114,-20.4,29.8,-6.31,9.93,-1.47,436.40,183.00,,
2024/09/29,212,NYADI,43.04,306.0,306.0,286.8,293.0,293.00,0.0,0.0,291.23,"7,951.00",303.00,"2,315,577.10",100,-10.0,19.20,-3.3,6.69,0.6,436.40,183.00,,
2024/09/30,204,NYADI,49.66,287.2,306.0,285.1,306.0,306.00,0.0,0.0,294.88,"4,768.00",293.00,"1,406,009.70",86,13.0,20.9,4.44,7.33,3.63,436.40,183.00,,
2024/10/01,197,NYADI,58.32,305.0,336.0,295.1,336.0,336.00,0.0,0.0,312.15,"17,870.00",306.00,"5,578,169.90",199,30.0,40.90,9.8,13.86,7.1,436.40,183.00,,
2024/10/02,197,NYADI,55.71,329.3,329.3,303.0,305.1,305.10,0.0,0.0,314.19,"22,205.00",336.00,"6,976,509.30",211,-30.90,26.3,-9.2,8.68,-2.98,436.40,183.00,,
2024/10/06,196,NYADI,-,311.2,335.6,299.0,335.6,335.60,0.0,0.0,310.64,"9,947.00",305.10,"3,089,925.00",142,30.50,36.60,10.0,12.24,7.44,436.40,183.00,,
2024/08/13,212,NYADI,66.36,378.0,409.2,375.0,409.1,409.10,0.0,0.0,399.55,"125,230.00",372.00,"50,035,427.40","1,206",37.10,34.2,9.97,9.12,2.33,409.20,176.40,,
2024/08/14,211,NYADI,70.71,417.2,436.4,412.0,431.0,431.00,0.0,0.0,424.24,"62,151.00",409.10,"26,367,168.30",827,21.9,24.4,5.35,5.92,1.57,436.40,176.40,,
2024/08/15,213,NYADI,67.6,426.0,434.5,415.0,415.1,415.10,0.0,0.0,420.87,"41,981.00",431.00,"17,668,741.40",677,-15.90,19.50,-3.69,4.7,-1.39,436.40,176.40,,
2024/08/18,210,NYADI,62.29,415.0,431.0,380.0,380.0,380.00,0.0,0.0,396.69,"38,504.00",415.10,"15,274,331.10",569,-35.10,51.00,-8.46,13.42,-4.39,436.40,176.40,,
2024/08/21,213,NYADI,49.54,383.0,400.0,383.0,384.0,384.00,0.0,0.0,389.36,"31,410.00",380.00,"12,229,900.40",454,4.00,17.00,1.05,4.44,-1.4,436.40,176.40,,
2024/08/22,211,NYADI,48.87,380.2,418.8,380.2,386.0,386.00,0.0,0.0,392.05,"31,474.00",384.00,"12,339,312.80",478,2.0,38.60,0.52,10.15,-1.57,436.40,176.40,,
2024/08/25,215,NYADI,44.47,381.1,401.0,367.0,369.0,369.00,0.0,0.0,373.10,"22,427.00",386.00,"8,367,591.30",308,-17.0,34.00,-4.4,9.26,-1.11,436.40,176.40,,
2024/08/27,212,NYADI,42.91,361.7,369.2,350.0,360.0,360.00,0.0,0.0,360.41,"20,808.00",369.00,"7,499,364.20",413,-9.0,19.20,-2.44,5.49,-0.11,436.40,176.40,,
2024/08/28,206,NYADI,41.21,367.2,374.5,350.1,350.1,350.10,0.0,0.0,358.99,"13,756.00",360.00,"4,938,201.50",256,-9.9,24.40,-2.75,6.97,-2.54,436.40,176.40,,
2024/08/29,204,NYADI,43.45,355.0,365.0,350.0,358.4,358.40,0.0,0.0,359.38,"22,500.00",350.10,"8,086,057.80",359,8.3,15.0,2.37,4.29,-0.27,436.40,176.40,,
2024/09/01,218,NYADI,37.54,351.3,366.0,350.0,350.0,350.00,0.0,0.0,355.11,"8,302.00",358.40,"2,948,117.00",193,-8.4,16.0,-2.34,4.57,-1.46,436.40,176.40,,
2024/09/02,215,NYADI,58.27,343.1,369.2,340.5,358.2,358.20,0.0,0.0,358.45,"27,040.00",350.00,"9,692,572.00",315,8.2,28.70,2.34,8.43,-0.07,436.40,176.40,,
2024/09/03,212,NYADI,61.18,360.4,378.9,358.0,365.0,365.00,0.0,0.0,367.15,"30,837.00",358.20,"11,321,657.90",313,6.8,20.9,1.9,5.84,-0.59,436.40,176.40,,
2024/09/04,207,NYADI,56.89,368.0,374.0,340.0,368.0,368.00,0.0,0.0,350.48,"23,583.00",365.00,"8,265,458.20",264,3.0,34.00,0.82,10.0,4.76,436.40,176.40,,
2024/09/05,201,NYADI,50.7,370.0,370.0,348.1,350.0,350.00,0.0,0.0,353.48,"15,269.00",368.00,"5,397,291.10",219,-18.0,21.9,-4.89,6.29,-0.99,436.40,176.40,,
2024/09/08,208,NYADI,36.62,357.0,372.0,345.8,351.0,351.00,0.0,0.0,353.35,"12,240.00",350.00,"4,324,981.40",194,1.00,26.20,0.29,7.58,-0.67,436.40,179.00,,
2024/07/18,200,NYADI,56.12,370.0,377.0,360.8,361.0,361.00,0.0,0.0,369.92,"46,571.00",370.00,"17,227,446.40",378,-9.00,16.20,-2.43,4.49,-2.47,381.00,176.40,,
2024/07/21,202,NYADI,58.14,365.4,370.5,358.0,359.9,359.90,0.0,0.0,363.51,"30,945.00",361.00,"11,248,799.40",359,-1.1,12.50,-0.3,3.49,-1.0,381.00,176.40,,
2024/07/22,197,NYADI,50.31,359.9,367.0,350.0,365.0,365.00,0.0,0.0,357.67,"31,203.00",359.90,"11,160,468.50",308,5.10,17.00,1.42,4.86,2.01,381.00,176.40,,
2024/07/23,205,NYADI,60.12,362.0,380.0,362.0,377.0,377.00,0.0,0.0,372.84,"34,583.00",365.00,"12,894,046.10",377,12.00,18.00,3.29,4.97,1.1,381.00,176.40,,
2024/07/24,202,NYADI,64.14,377.0,397.5,370.0,380.0,380.00,0.0,0.0,386.63,"62,599.00",377.00,"24,202,521.50",483,3.00,27.50,0.8,7.43,-1.74,397.50,176.40,,
2024/07/25,205,NYADI,59.15,387.5,387.5,365.0,375.0,375.00,0.0,0.0,373.76,"33,758.00",380.00,"12,617,233.70",310,-5.00,22.50,-1.32,6.16,0.33,397.50,176.40,,
2024/07/28,208,NYADI,59.58,370.0,385.0,351.0,368.0,368.00,0.0,0.0,362.41,"40,422.00",375.00,"14,649,321.30",411,-7.00,34.00,-1.87,9.69,1.52,397.50,176.40,,
2024/07/29,206,NYADI,56.7,375.0,389.9,365.0,372.0,372.00,0.0,0.0,375.10,"57,362.00",368.00,"21,516,274.10",508,4.00,24.90,1.09,6.82,-0.83,397.50,176.40,,
2024/07/30,215,NYADI,56.24,372.0,380.0,365.0,376.9,376.90,0.0,0.0,373.71,"28,794.00",372.00,"10,760,534.40",398,4.90,15.00,1.32,4.11,0.85,397.50,176.40,,
2024/07/31,214,NYADI,57.4,370.0,386.0,370.0,380.0,380.00,0.0,0.0,380.36,"37,259.00",376.90,"14,171,733.70",425,3.10,16.00,0.82,4.32,-0.09,397.50,176.40,,
2024/08/01,214,NYADI,56.54,387.4,387.4,366.0,372.0,372.00,0.0,0.0,374.65,"39,247.00",380.00,"14,703,705.60",330,-8.0,21.40,-2.11,5.85,-0.71,397.50,176.40,,
2024/08/05,206,NYADI,53.48,365.0,382.5,360.1,375.0,375.00,0.0,0.0,372.19,"30,281.00",372.00,"11,270,376.70",438,3.00,22.40,0.81,6.22,0.75,397.50,176.40,,
2024/08/06,203,NYADI,50.44,382.5,382.5,337.5,355.0,355.00,0.0,0.0,354.09,"50,175.00",375.00,"17,766,518.80",450,-20.00,45.00,-5.33,13.33,0.26,397.50,176.40,,
2024/08/07,209,NYADI,52.47,360.0,370.0,343.0,370.0,370.00,0.0,0.0,358.71,"37,351.00",355.00,"13,398,132.70",475,15.00,27.00,4.23,7.87,3.05,397.50,176.40,,
2024/08/08,205,NYADI,46.29,370.0,376.0,352.0,361.0,361.00,0.0,0.0,364.31,"19,933.00",370.00,"7,261,824.10",340,-9.00,24.00,-2.43,6.82,-0.92,397.50,176.40,,
2024/08/11,211,NYADI,50.99,362.0,373.0,357.0,367.0,367.00,0.0,0.0,366.92,"29,121.00",361.00,"10,685,108.00",504,6.00,16.00,1.66,4.48,0.02,397.50,176.40,,
2024/06/25,202,NYADI,64.67,316.2,338.0,310.3,336.8,336.80,0.0,0.0,331.64,"87,428.00",310.00,"28,994,229.10",695,26.8,27.7,8.65,8.93,1.53,338.00,176.40,,
2024/06/26,192,NYADI,62.74,340.0,342.9,326.0,326.9,326.90,0.0,0.0,331.95,"33,150.00",336.80,"11,003,995.40",359,-9.9,16.9,-2.94,5.18,-1.54,342.90,176.40,,
2024/06/27,215,NYADI,58.37,330.0,330.0,319.0,319.1,319.10,0.0,0.0,320.90,"36,214.00",326.90,"11,621,237.20",234,-7.80,11.00,-2.39,3.45,-0.57,342.90,176.40,,
2024/06/30,204,NYADI,57.77,321.0,342.5,321.0,333.0,333.00,0.0,0.0,334.43,"65,344.00",319.10,"21,853,173.40",466,13.9,21.50,4.36,6.7,-0.43,342.90,176.40,,
2024/07/01,203,NYADI,40.99,333.0,339.6,326.4,330.0,330.00,0.0,0.0,330.13,"12,118.00",333.00,"4,000,502.00",166,-3.00,13.2,-0.9,4.04,-0.04,342.90,176.40,,
2024/07/02,201,NYADI,53.87,336.6,360.0,325.0,341.0,341.00,0.0,0.0,342.33,"34,040.00",330.00,"11,652,880.20",260,11.00,35.0,3.33,10.77,-0.39,360.00,176.40,,
2024/07/03,203,NYADI,49.16,335.0,340.3,331.0,338.0,338.00,0.0,0.0,334.47,"12,884.00",341.00,"4,309,308.20",146,-3.0,9.3,-0.88,2.81,1.04,360.00,176.40,,
2024/07/04,201,NYADI,44.25,333.0,339.0,323.1,327.0,327.00,0.0,0.0,328.24,"30,300.00",338.00,"9,945,619.20",236,-11.0,15.9,-3.25,4.92,-0.38,360.00,176.40,,
2024/07/07,205,NYADI,31.48,410.0,418.0,410.0,416.4,416.40,0.0,0.0,414.26,"2,730.00",418.00,"1,130,941.00",39,-1.6,8.0,-0.38,1.95,0.51,880.00,283.30,472.98,516.20
2024/07/08,206,NYADI,37.55,318.8,331.2,318.8,328.0,328.00,0.0,0.0,325.51,"11,729.00",325.00,"3,817,960.30",152,3.0,12.4,0.92,3.89,0.76,360.00,176.40,,
2024/07/09,203,NYADI,51.57,323.0,339.6,323.0,339.6,339.60,0.0,0.0,333.90,"29,092.00",328.00,"9,713,917.30",291,11.6,16.6,3.54,5.14,1.68,360.00,176.40,,
2024/07/10,206,NYADI,62.49,339.0,355.0,339.0,352.0,352.00,0.0,0.0,350.05,"58,861.00",339.60,"20,604,205.40",432,12.4,16.0,3.65,4.72,0.55,360.00,176.40,,
2024/07/11,211,NYADI,64.52,358.0,366.0,353.0,361.9,361.90,0.0,0.0,358.24,"39,766.00",352.00,"14,245,720.10",358,9.9,13.00,2.81,3.68,1.01,366.00,176.40,,
2024/07/14,197,NYADI,63.39,369.1,380.0,353.0,359.0,359.00,0.0,0.0,360.91,"36,288.00",361.90,"13,096,743.30",245,-2.9,27.00,-0.8,7.65,-0.53,380.00,176.40,,
2024/07/15,207,NYADI,54.15,360.0,360.0,340.2,350.0,350.00,0.0,0.0,350.92,"38,250.00",359.00,"13,422,835.00",236,-9.00,19.80,-2.51,5.82,-0.26,380.00,176.40,,
2024/07/16,201,NYADI,58.99,350.0,381.0,348.0,375.0,375.00,0.0,0.0,364.74,"32,405.00",350.00,"11,819,260.00",316,25.0,33.00,7.14,9.48,2.74,381.00,176.40,,
2024/05/30,196,NYADI,45.44,287.0,292.5,280.0,283.0,283.00,0.0,0.0,285.31,"10,978.00",291.00,"3,132,110.60",140,-8.00,12.50,-2.75,4.46,-0.82,328.00,176.40,,
2024/06/02,208,NYADI,62.98,284.1,300.5,284.1,295.0,295.00,0.0,0.0,293.12,"13,517.00",283.00,"3,962,066.50",187,12.00,16.40,4.24,5.77,0.64,328.00,176.40,,
2024/06/03,202,NYADI,57.93,300.0,305.0,289.4,294.6,294.60,0.0,0.0,294.62,"9,385.00",295.00,"2,765,031.00",118,-0.40,15.60,-0.14,5.39,-0.01,328.00,176.40,,
2024/06/04,200,NYADI,41.69,290.0,295.8,288.0,288.6,288.60,0.0,0.0,291.13,"5,073.00",294.60,"1,476,917.70",80,-6.00,7.80,-2.04,2.71,-0.88,328.00,176.40,,
2024/06/05,194,NYADI,55.16,283.3,294.2,283.3,291.0,291.00,0.0,0.0,287.62,"2,911.00",288.60,"837,273.00",55,2.40,10.90,0.83,3.85,1.16,328.00,176.40,,
2024/06/06,203,NYADI,42.05,285.2,290.0,283.4,285.0,285.00,0.0,0.0,286.04,"8,812.00",291.00,"2,520,574.10",93,-6.0,6.60,-2.06,2.33,-0.36,328.00,176.40,,
2024/06/09,200,NYADI,49.07,285.0,298.0,284.9,294.0,294.00,0.0,0.0,294.62,"15,475.00",285.00,"4,559,204.60",168,9.0,13.10,3.16,4.6,-0.21,328.00,176.40,,
2024/06/10,200,NYADI,62.98,290.0,306.3,290.0,303.0,303.00,0.0,0.0,302.53,"29,516.00",294.00,"8,929,336.60",249,9.0,16.30,3.06,5.62,0.16,328.00,176.40,,
2024/06/11,201,NYADI,66.23,297.1,324.0,297.1,314.0,314.00,0.0,0.0,315.34,"49,088.00",303.00,"15,479,605.70",371,11.0,26.90,3.63,9.05,-0.43,328.00,176.40,,
2024/06/12,198,NYADI,63.5,311.1,320.0,303.1,308.0,308.00,0.0,0.0,311.52,"26,266.00",314.00,"8,182,471.80",259,-6.0,16.9,-1.91,5.58,-1.14,328.00,176.40,,
2024/06/13,200,NYADI,61.55,302.0,316.0,301.0,307.0,307.00,0.0,0.0,306.37,"17,399.00",308.00,"5,330,472.70",200,-1.0,15.0,-0.32,4.98,0.21,328.00,176.40,,
2024/06/16,203,NYADI,49.73,301.0,311.0,301.0,306.7,306.70,0.0,0.0,306.62,"14,591.00",307.00,"4,473,820.30",163,-0.3,10.0,-0.1,3.32,0.03,328.00,176.40,,
2024/06/18,204,NYADI,44.09,300.6,312.0,300.6,303.5,303.50,0.0,0.0,304.22,"15,301.00",306.70,"4,654,920.90",166,-3.2,11.40,-1.04,3.79,-0.24,328.00,176.40,,
2024/06/19,197,NYADI,44.91,298.1,307.0,298.1,304.0,304.00,0.0,0.0,302.56,"15,249.00",303.50,"4,613,778.80",102,0.5,8.9,0.16,2.99,0.47,328.00,176.40,,
2024/06/20,196,NYADI,38.39,304.0,308.0,296.5,300.0,300.00,0.0,0.0,299.78,"4,488.00",304.00,"1,345,413.50",85,-4.0,11.50,-1.32,3.88,0.07,328.00,176.40,,
2024/06/23,201,NYADI,52.37,296.1,311.0,296.1,302.0,302.00,0.0,0.0,304.87,"21,540.00",300.00,"6,566,799.80",228,2.0,14.9,0.67,5.03,-0.95,328.00,176.40,,
2024/05/05,201,NYADI,40.6,291.1,293.0,282.9,282.9,282.90,0.0,0.0,285.97,"7,995.00",291.90,"2,286,296.00",139,-9.0,10.1,-3.08,3.57,-1.08,328.00,176.40,,
2024/05/06,197,NYADI,41.31,280.0,296.4,280.0,285.0,285.00,0.0,0.0,284.83,"4,585.00",282.90,"1,305,954.00",77,2.10,16.40,0.74,5.86,0.06,328.00,176.40,,
2024/05/07,198,NYADI,44.94,285.0,288.0,282.2,285.9,285.90,0.0,0.0,283.95,"9,048.00",285.00,"2,569,146.20",67,0.90,5.8,0.32,2.06,0.68,328.00,176.40,,
2024/05/08,195,NYADI,44.53,283.0,289.9,283.0,286.0,286.00,0.0,0.0,285.42,"4,910.00",285.90,"1,401,409.00",58,0.1,6.9,0.03,2.44,0.2,328.00,176.40,,
2024/05/09,200,NYADI,48.55,284.0,289.6,278.4,282.0,282.00,0.0,0.0,283.41,"6,865.00",286.00,"1,945,638.50",80,-4.0,11.20,-1.4,4.02,-0.5,328.00,176.40,,
2024/05/12,197,NYADI,44.84,282.0,285.7,279.0,281.0,281.00,0.0,0.0,280.49,"5,148.00",282.00,"1,443,946.00",59,-1.00,6.7,-0.35,2.4,0.18,328.00,176.40,,
2024/05/13,207,NYADI,45.34,276.0,284.0,276.0,284.0,284.00,0.0,0.0,280.50,"4,436.00",281.00,"1,244,317.50",77,3.0,8.0,1.07,2.9,1.23,328.00,176.40,,
2024/05/14,205,NYADI,56.64,281.0,295.0,281.0,291.0,291.00,0.0,0.0,289.91,"7,296.00",284.00,"2,115,160.30",112,7.0,14.0,2.46,4.98,0.38,328.00,176.40,,
2024/05/15,199,NYADI,52.05,285.2,290.9,282.6,285.0,285.00,0.0,0.0,285.64,"6,278.00",291.00,"1,793,266.30",72,-6.0,8.3,-2.06,2.94,-0.23,328.00,176.40,,
2024/05/16,205,NYADI,51.95,285.0,290.7,280.0,287.1,287.10,0.0,0.0,284.90,"3,610.00",285.00,"1,028,491.50",75,2.1,10.7,0.74,3.82,0.77,328.00,176.40,,
2024/05/19,207,NYADI,54.61,292.8,298.5,281.4,286.0,286.00,0.0,0.0,286.60,"2,888.00",287.10,"827,696.00",79,-1.1,17.1,-0.38,6.08,-0.21,328.00,176.40,,
2024/05/20,203,NYADI,55.32,285.0,302.0,285.0,294.2,294.20,0.0,0.0,294.93,"17,773.00",286.00,"5,241,821.40",220,8.2,17.0,2.87,5.96,-0.25,328.00,176.40,,
2024/05/21,203,NYADI,67.35,288.4,306.0,288.4,302.0,302.00,0.0,0.0,299.74,"19,869.00",294.20,"5,955,621.00",214,7.80,17.6,2.65,6.1,0.75,328.00,176.40,,
2024/05/22,199,NYADI,62.02,300.0,308.0,296.0,299.0,299.00,0.0,0.0,301.30,"12,560.00",302.00,"3,784,285.50",145,-3.0,12.0,-0.99,4.05,-0.77,328.00,176.40,,
2024/05/26,203,NYADI,61.37,295.0,295.8,287.0,288.0,288.00,0.0,0.0,292.24,"7,203.00",299.00,"2,104,984.70",89,-11.0,8.8,-3.68,3.07,-1.47,328.00,176.40,,
2024/05/27,204,NYADI,52.99,288.0,299.5,283.0,293.0,293.00,0.0,0.0,290.43,"3,810.00",288.00,"1,106,542.00",105,5.0,16.5,1.74,5.83,0.88,328.00,176.40,,
2024/04/03,205,NYADI,31.48,410.0,418.0,410.0,416.4,416.40,0.0,0.0,414.26,"2,730.00",418.00,"1,130,941.00",39,-1.6,8.0,-0.38,1.95,0.51,880.00,283.30,472.98,516.20
2024/04/04,194,NYADI,36.84,322.0,322.0,303.2,309.0,309.00,0.0,0.0,308.61,"9,468.00",318.00,"2,921,945.40",164,-9.0,18.80,-2.83,6.2,0.13,340.60,176.40,,
2024/04/07,197,NYADI,44.7,305.0,320.0,300.0,320.0,320.00,0.0,0.0,306.81,"20,972.00",309.00,"6,434,506.50",206,11.0,20.00,3.56,6.67,4.12,328.90,176.40,,
2024/04/09,205,NYADI,31.48,410.0,418.0,410.0,416.4,416.40,0.0,0.0,414.26,"2,730.00",418.00,"1,130,941.00",39,-1.6,8.0,-0.38,1.95,0.51,880.00,283.30,472.98,516.20
2024/04/10,197,NYADI,40.89,319.0,319.0,302.0,303.0,303.00,0.0,0.0,305.58,"28,508.00",315.00,"8,711,352.10",202,-12.0,17.00,-3.81,5.63,-0.85,328.90,176.40,,
2024/04/14,205,NYADI,40.17,299.0,313.0,299.0,305.0,305.00,0.0,0.0,306.17,"16,063.00",303.00,"4,918,019.50",181,2.0,14.0,0.66,4.68,-0.38,328.00,176.40,,
2024/04/15,202,NYADI,40.64,301.0,306.0,295.1,297.0,297.00,0.0,0.0,299.60,"23,202.00",305.00,"6,951,292.30",187,-8.00,10.9,-2.62,3.69,-0.88,328.00,176.40,,
2024/04/16,199,NYADI,35.07,292.0,302.0,291.4,295.0,295.00,0.0,0.0,294.30,"4,010.00",297.00,"1,180,143.90",99,-2.0,10.6,-0.67,3.64,0.24,328.00,176.40,,
2024/04/18,201,NYADI,30.69,290.0,297.4,283.1,285.0,285.00,0.0,0.0,286.12,"12,978.00",295.00,"3,713,223.50",126,-10.0,14.3,-3.39,5.05,-0.39,328.00,176.40,,
2024/04/21,194,NYADI,29.33,280.0,295.0,280.0,291.4,291.40,0.0,0.0,286.76,"5,721.00",285.00,"1,640,535.80",106,6.4,15.0,2.25,5.36,1.59,328.00,176.40,,
2024/04/22,201,NYADI,44.89,297.0,300.0,288.1,296.0,296.00,0.0,0.0,294.21,"26,472.00",291.40,"7,788,294.50",148,4.6,11.9,1.58,4.13,0.61,328.00,176.40,,
2024/04/24,199,NYADI,46.43,301.9,305.0,293.3,297.1,297.10,0.0,0.0,300.61,"6,918.00",296.00,"2,079,627.50",127,1.1,11.7,0.37,3.99,-1.18,328.00,176.40,,
2024/04/25,193,NYADI,45.87,293.1,308.0,293.1,299.9,299.90,0.0,0.0,296.63,"5,075.00",297.10,"1,505,387.00",84,2.8,14.9,0.94,5.08,1.09,328.00,176.40,,
2024/04/28,194,NYADI,47.47,305.8,321.0,291.2,293.7,293.70,0.0,0.0,295.06,"24,599.00",299.90,"7,258,230.50",175,-6.2,29.8,-2.07,10.23,-0.46,328.00,176.40,,
2024/04/29,201,NYADI,32.25,295.0,310.0,288.1,289.6,289.60,0.0,0.0,291.87,"7,567.00",293.70,"2,208,596.20",108,-4.1,21.9,-1.4,7.6,-0.78,328.00,176.40,,
2024/04/30,205,NYADI,39.35,290.0,299.0,288.1,292.1,292.10,0.0,0.0,293.37,"18,346.00",289.60,"5,382,108.40",154,2.50,10.90,0.86,3.78,-0.43,328.00,176.40,,
2024/03/07,198,NYADI,56.11,297.8,312.7,291.0,310.3,310.30,0.0,0.0,306.75,"69,448.00",296.90,"21,303,024.70",509,13.4,21.70,4.51,7.46,1.14,352.60,176.40,,
2024/03/10,197,NYADI,48.53,316.5,322.0,305.8,309.5,309.50,0.0,0.0,311.79,"9,906.00",310.30,"3,088,544.90",184,-0.8,16.2,-0.26,5.3,-0.74,352.60,176.40,,
2024/03/12,199,NYADI,60.22,310.0,316.0,292.0,302.0,302.00,0.0,0.0,301.21,"27,555.00",309.50,"8,299,809.00",284,-7.50,24.0,-2.42,8.22,0.26,352.60,176.40,,
2024/03/13,198,NYADI,41.26,308.0,308.0,294.0,294.0,294.00,0.0,0.0,297.81,"15,122.00",302.00,"4,503,523.40",175,-8.0,14.0,-2.65,4.76,-1.3,352.60,176.40,,
2024/03/14,194,NYADI,38.45,289.1,306.0,288.2,297.0,297.00,0.0,0.0,296.82,"11,512.00",294.00,"3,416,947.00",144,3.0,17.8,1.02,6.18,0.06,352.60,176.40,,
2024/03/17,194,NYADI,36.39,297.0,308.9,292.0,294.0,294.00,0.0,0.0,296.08,"6,399.00",297.00,"1,894,611.30",122,-3.0,16.9,-1.01,5.79,-0.71,352.60,176.40,,
2024/03/18,193,NYADI,45.61,291.0,299.8,291.0,295.3,295.30,0.0,0.0,295.64,"9,101.00",294.00,"2,690,597.20",131,1.3,8.8,0.44,3.02,-0.11,352.60,176.40,,
2024/03/19,196,NYADI,61.79,295.0,306.0,295.0,296.0,296.00,0.0,0.0,300.31,"16,453.00",295.30,"4,941,013.20",232,0.7,11.00,0.24,3.73,-1.46,352.60,176.40,,
2024/03/20,194,NYADI,50.01,299.9,300.0,290.2,294.0,294.00,0.0,0.0,293.92,"12,788.00",296.00,"3,758,655.50",162,-2.00,9.80,-0.68,3.38,0.03,352.60,176.40,,
2024/03/21,200,NYADI,35.52,296.0,297.0,291.1,291.2,291.20,0.0,0.0,292.47,"5,038.00",294.00,"1,473,488.60",77,-2.80,5.90,-0.95,2.03,-0.44,345.80,176.40,,
2024/03/25,191,NYADI,40.55,285.5,297.0,285.0,285.0,285.00,0.0,0.0,285.95,"3,623.00",291.20,"1,036,011.00",61,-6.20,12.00,-2.13,4.21,-0.33,341.90,176.40,,
2024/03/26,200,NYADI,44.91,282.0,299.9,282.0,298.5,298.50,0.0,0.0,295.37,"11,453.00",285.00,"3,382,895.80",152,13.5,17.90,4.74,6.35,1.05,341.90,176.40,,
2024/03/27,199,NYADI,47.78,301.0,305.9,294.0,298.0,298.00,0.0,0.0,301.59,"15,901.00",298.50,"4,795,659.70",186,-0.5,11.90,-0.17,4.05,-1.21,341.90,176.40,,
2024/03/28,201,NYADI,54.38,298.0,303.0,295.0,299.9,299.90,0.0,0.0,299.34,"11,698.00",298.00,"3,501,648.50",164,1.9,8.0,0.64,2.71,0.19,341.90,176.40,,
2024/03/31,203,NYADI,58.64,299.0,319.0,299.0,315.0,315.00,0.0,0.0,313.81,"71,517.00",299.90,"22,443,093.50",593,15.10,20.00,5.04,6.69,0.38,340.60,176.40,,
2024/04/01,198,NYADI,52.24,315.0,327.3,310.0,318.2,318.20,0.0,0.0,320.99,"40,803.00",315.00,"13,097,491.70",371,3.2,17.3,1.02,5.58,-0.88,340.60,176.40,,
2024/02/12,199,NYADI,53.89,288.0,293.7,285.0,291.0,291.00,0.0,0.0,289.31,"15,836.00",288.00,"4,581,589.00",187,3.00,8.70,1.04,3.05,0.58,366.00,176.40,,
2024/02/13,194,NYADI,61.95,285.3,307.0,282.2,300.0,300.00,0.0,0.0,300.32,"64,758.00",291.00,"19,448,176.80",450,9.0,24.8,3.09,8.79,-0.11,361.00,176.40,,
2024/02/14,193,NYADI,62.68,294.2,324.0,294.2,316.0,316.00,0.0,0.0,314.71,"64,662.00",300.00,"20,349,809.90",454,16.0,29.8,5.33,10.13,0.41,361.00,176.40,,
2024/02/15,195,NYADI,58.01,320.0,328.0,311.0,318.0,318.00,0.0,0.0,320.78,"30,685.00",316.00,"9,843,237.30",371,2.0,17.0,0.63,5.47,-0.88,361.00,176.40,,
2024/02/18,200,NYADI,56.69,320.0,320.0,300.1,300.2,300.20,0.0,0.0,309.36,"34,810.00",318.00,"10,768,896.10",263,-17.8,19.9,-5.6,6.63,-3.05,359.00,176.40,,
2024/02/20,198,NYADI,36.3,305.0,305.0,290.1,294.0,294.00,0.0,0.0,296.65,"10,052.00",300.20,"2,981,882.20",224,-6.20,14.9,-2.07,5.14,-0.9,359.00,176.40,,
2024/02/21,198,NYADI,36.68,288.4,299.7,288.4,294.9,294.90,0.0,0.0,293.56,"7,948.00",294.00,"2,333,239.20",132,0.90,11.3,0.31,3.92,0.45,359.00,176.40,,
2024/02/22,194,NYADI,36.7,290.0,292.0,280.0,285.0,285.00,0.0,0.0,286.20,"18,108.00",294.90,"5,182,576.60",193,-9.90,12.0,-3.36,4.29,-0.42,359.00,176.40,,
2024/02/25,203,NYADI,33.37,284.9,285.0,273.8,277.0,277.00,0.0,0.0,279.64,"12,419.00",285.00,"3,472,833.00",199,-8.00,11.20,-2.81,4.09,-0.95,359.00,176.40,,
2024/02/26,203,NYADI,31.21,271.6,284.5,271.6,284.4,284.40,0.0,0.0,277.19,"6,245.00",277.00,"1,731,047.70",139,7.40,12.90,2.67,4.75,2.54,359.00,176.40,,
2024/02/27,196,NYADI,34.35,278.8,294.9,278.8,292.0,292.00,0.0,0.0,288.67,"12,613.00",284.40,"3,640,995.50",156,7.60,16.10,2.67,5.77,1.14,359.00,176.40,,
2024/02/28,198,NYADI,47.95,286.2,294.7,281.6,289.0,289.00,0.0,0.0,284.86,"7,803.00",292.00,"2,222,730.80",103,-3.00,13.10,-1.03,4.65,1.43,359.00,176.40,,
2024/02/29,199,NYADI,40.32,283.3,294.0,265.1,280.0,280.00,0.0,0.0,276.22,"5,027.00",289.00,"1,388,546.00",92,-9.00,28.90,-3.11,10.9,1.35,352.60,176.40,,
2024/03/03,196,NYADI,24.12,275.0,280.4,260.3,271.3,271.30,0.0,0.0,268.99,"6,010.00",280.00,"1,616,654.00",95,-8.70,20.10,-3.11,7.72,0.85,352.60,176.40,,
2024/03/04,154,NYADI,36.77,272.0,297.0,272.0,296.0,296.00,0.0,0.0,291.21,210.00,271.30,"61,155.00",11,24.7,25.0,9.1,9.19,1.62,352.60,176.40,,
2024/03/05,202,NYADI,34.36,296.0,296.0,277.6,285.0,285.00,0.0,0.0,288.83,"9,047.00",296.00,"2,613,035.60",155,-11.00,18.40,-3.72,6.63,-1.34,352.60,176.40,,
2024/01/18,193,NYADI,48.96,290.0,301.5,283.0,298.0,298.00,0.0,0.0,290.41,"9,300.00",292.00,"2,700,781.90",241,6.0,18.50,2.05,6.54,2.55,372.30,176.40,,
2024/01/21,199,NYADI,55.07,292.1,315.0,285.1,297.7,297.70,0.0,0.0,296.25,"39,270.00",298.00,"11,633,821.70",358,-0.3,29.90,-0.1,10.49,0.49,372.30,176.40,,
2024/01/22,197,NYADI,42.35,292.0,295.8,285.0,285.0,285.00,0.0,0.0,289.31,"14,251.00",297.70,"4,122,906.10",188,-12.7,10.8,-4.27,3.79,-1.51,372.30,176.40,,
2024/01/23,200,NYADI,49.93,282.2,296.4,276.0,296.4,296.40,0.0,0.0,283.47,"13,634.00",285.00,"3,864,877.60",229,11.4,20.4,4.0,7.39,4.36,372.30,176.40,,
2024/01/24,200,NYADI,39.04,296.4,300.9,282.0,287.0,287.00,0.0,0.0,285.52,"10,300.00",296.40,"2,940,877.50",178,-9.4,18.9,-3.17,6.7,0.51,372.30,176.40,,
2024/01/25,195,NYADI,38.93,281.7,287.0,276.0,282.0,282.00,0.0,0.0,279.71,"10,133.00",287.00,"2,834,282.00",175,-5.0,11.00,-1.74,3.99,0.81,372.30,176.40,,
2024/01/28,199,NYADI,40.72,287.6,292.8,276.0,284.6,284.60,0.0,0.0,280.47,"5,291.00",282.00,"1,483,971.00",163,2.6,16.8,0.92,6.09,1.45,372.30,176.40,,
2024/01/29,200,NYADI,37.36,279.0,289.5,279.0,287.8,287.80,0.0,0.0,285.43,"7,058.00",284.60,"2,014,582.70",173,3.2,10.5,1.12,3.76,0.82,372.30,176.40,,
2024/01/30,198,NYADI,46.55,282.2,291.0,278.0,288.0,288.00,0.0,0.0,288.24,"7,795.00",287.80,"2,246,817.10",189,0.2,13.0,0.07,4.68,-0.08,372.30,176.40,,
2024/01/31,199,NYADI,49.8,285.0,293.7,280.0,282.1,282.10,0.0,0.0,284.30,"9,500.00",288.00,"2,700,831.40",164,-5.90,13.70,-2.05,4.89,-0.78,372.30,176.40,,
2024/02/01,195,NYADI,41.44,287.7,287.7,269.9,273.1,273.10,0.0,0.0,276.39,"9,552.00",282.10,"2,640,054.70",122,-9.0,17.8,-3.19,6.6,-1.2,372.30,176.40,,
2024/02/04,194,NYADI,34.35,269.2,273.0,265.1,273.0,273.00,0.0,0.0,270.33,"4,318.00",273.10,"1,167,302.80",130,-0.1,7.9,-0.04,2.98,0.98,372.30,176.40,,
2024/02/05,196,NYADI,34.74,272.5,278.4,268.0,270.2,270.20,0.0,0.0,270.94,"4,258.00",273.00,"1,153,680.30",98,-2.8,10.4,-1.03,3.88,-0.28,372.30,176.40,,
2024/02/06,204,NYADI,47.38,265.0,278.8,265.0,278.8,278.80,0.0,0.0,273.63,"3,816.00",270.20,"1,044,183.20",152,8.6,13.8,3.18,5.21,1.85,372.30,176.40,,
2024/02/07,199,NYADI,56.31,273.4,280.1,273.4,280.1,280.10,0.0,0.0,277.94,"9,585.00",278.80,"2,664,094.80",139,1.3,6.7,0.47,2.45,0.77,372.30,176.40,,
2024/02/08,201,NYADI,51.48,275.1,290.0,275.1,287.9,287.90,0.0,0.0,286.28,"16,022.00",280.10,"4,586,786.40",178,7.8,14.90,2.78,5.42,0.56,372.30,176.40,,
2023/12/20,196,NYADI,61.18,273.5,273.5,256.1,269.8,269.80,0.0,0.0,264.05,"14,126.00",269.90,"3,730,020.40",188,-0.10,17.40,-0.04,6.79,2.13,372.30,176.40,,
2023/12/21,197,NYADI,50.81,264.9,265.0,255.0,255.0,255.00,0.0,0.0,258.62,"8,929.00",269.80,"2,309,175.60",190,-14.80,10.00,-5.49,3.92,-1.42,372.30,176.40,,
2023/12/24,199,NYADI,48.53,250.0,264.9,245.0,248.1,248.10,0.0,0.0,255.22,"8,121.00",255.00,"2,072,676.50",197,-6.9,19.90,-2.71,8.12,-2.87,372.30,176.40,,
2023/12/27,198,NYADI,52.44,248.0,260.0,245.3,256.0,256.00,0.0,0.0,254.45,"15,695.00",248.10,"3,993,590.80",225,7.9,14.70,3.18,5.99,0.61,372.30,176.40,,
2023/12/28,195,NYADI,50.39,254.0,265.2,252.0,262.3,262.30,0.0,0.0,255.98,"12,841.00",256.00,"3,287,005.30",191,6.3,13.2,2.46,5.24,2.41,372.30,176.40,,
2024/01/01,195,NYADI,57.43,262.3,288.5,262.0,282.5,282.50,0.0,0.0,280.65,"59,468.00",262.30,"16,689,920.20",506,20.2,26.5,7.7,10.11,0.65,372.30,176.40,,
2024/01/02,197,NYADI,58.7,285.0,300.0,274.0,295.8,295.80,0.0,0.0,287.78,"47,179.00",282.50,"13,577,365.80",400,13.3,26.0,4.71,9.49,2.71,372.30,176.40,,
2024/01/03,200,NYADI,56.53,296.0,304.0,285.0,304.0,304.00,0.0,0.0,297.26,"35,389.00",295.80,"10,519,906.10",282,8.20,19.0,2.77,6.67,2.22,372.30,176.40,,
2024/01/04,193,NYADI,53.1,306.0,308.0,290.2,294.0,294.00,0.0,0.0,296.07,"29,326.00",304.00,"8,682,653.00",267,-10.00,17.80,-3.29,6.13,-0.71,372.30,176.40,,
2024/01/07,197,NYADI,47.7,299.8,299.8,280.0,288.0,288.00,0.0,0.0,284.72,"23,562.00",294.00,"6,708,487.90",259,-6.0,19.8,-2.04,7.07,1.14,372.30,176.40,,
2024/01/08,201,NYADI,48.49,283.0,311.1,283.0,304.9,304.90,0.0,0.0,298.64,"15,879.00",288.00,"4,742,052.00",284,16.9,28.10,5.87,9.93,2.05,372.30,176.40,,
2024/01/09,198,NYADI,50.95,310.9,310.9,289.1,292.0,292.00,0.0,0.0,292.33,"65,992.00",304.90,"19,291,595.30",422,-12.9,21.8,-4.23,7.54,-0.11,372.30,176.40,,
2024/01/10,189,NYADI,46.41,292.0,292.0,280.0,282.1,282.10,0.0,0.0,284.14,"14,681.00",292.00,"4,171,477.90",186,-9.9,12.00,-3.39,4.29,-0.72,372.30,176.40,,
2024/01/11,195,NYADI,44.55,278.0,287.6,275.0,287.0,287.00,0.0,0.0,280.30,"9,065.00",282.10,"2,540,891.60",182,4.90,12.6,1.74,4.58,2.34,372.30,176.40,,
2024/01/14,202,NYADI,46.07,283.0,300.6,283.0,292.0,292.00,0.0,0.0,291.62,"21,883.00",287.00,"6,381,625.20",228,5.0,17.6,1.74,6.22,0.13,372.30,176.40,,
2024/01/16,196,NYADI,58.09,295.0,321.2,292.0,310.0,310.00,0.0,0.0,304.63,"39,062.00",292.00,"11,899,367.10",400,18.0,29.2,6.16,10.0,1.73,372.30,176.40,,
2023/11/27,186,NYADI,44.86,200.0,208.0,197.0,200.0,200.00,0.0,0.0,199.77,"2,103.00",204.00,"420,119.00",58,-4.00,11.00,-1.96,5.58,0.11,372.30,176.40,,
2023/11/28,184,NYADI,51.84,196.3,204.0,196.3,200.0,200.00,0.0,0.0,198.54,"2,497.00",200.00,"495,755.00",55,0.0,7.7,0.0,3.92,0.73,372.30,176.40,,
2023/11/29,184,NYADI,50.17,196.0,204.0,194.5,201.3,201.30,0.0,0.0,197.93,"1,660.00",200.00,"328,561.00",50,1.30,9.50,0.65,4.88,1.67,372.30,176.40,,
2023/11/30,182,NYADI,35.77,197.4,205.0,194.5,200.0,200.00,0.0,0.0,198.26,"2,205.00",201.30,"437,154.50",79,-1.3,10.50,-0.65,5.4,0.87,372.30,176.40,,
2023/12/03,185,NYADI,38.62,196.0,204.0,193.0,197.0,197.00,0.0,0.0,196.69,"1,280.00",200.00,"251,765.00",67,-3.0,11.0,-1.5,5.7,0.16,372.30,176.40,,
2023/12/04,187,NYADI,37.13,193.2,208.9,193.2,198.9,198.90,0.0,0.0,199.43,"1,950.00",197.00,"388,881.00",60,1.9,15.7,0.96,8.13,-0.26,372.30,176.40,,
2023/12/05,189,NYADI,32.09,197.1,200.0,197.1,200.0,200.00,0.0,0.0,199.07,660.00,198.90,"131,384.00",32,1.10,2.90,0.55,1.47,0.47,372.30,176.40,,
2023/12/06,185,NYADI,35.19,200.0,204.0,193.0,196.9,196.90,0.0,0.0,201.41,"2,280.00",200.00,"459,206.00",28,-3.1,11.00,-1.55,5.7,-2.29,372.30,176.40,,
2023/12/07,192,NYADI,53.21,193.0,203.9,193.0,199.0,199.00,0.0,0.0,199.64,"2,209.00",196.90,"441,015.70",78,2.1,10.90,1.07,5.65,-0.32,372.30,176.40,,
2023/12/10,156,NYADI,45.56,200.0,209.0,197.1,209.0,209.00,0.0,0.0,202.42,50.00,199.00,"10,121.00",5,10.00,11.9,5.03,6.04,3.15,372.30,176.40,,
2023/12/11,194,NYADI,57.18,209.0,221.0,206.0,213.0,213.00,0.0,0.0,213.12,"10,282.00",209.00,"2,191,282.70",187,4.0,15.0,1.91,7.28,-0.06,372.30,176.40,,
2023/12/12,188,NYADI,61.45,208.8,229.0,208.8,225.8,225.80,0.0,0.0,221.23,"13,897.00",213.00,"3,074,367.10",191,12.80,20.20,6.01,9.67,2.03,372.30,176.40,,
2023/12/13,188,NYADI,61.01,226.0,234.6,221.5,226.5,226.50,0.0,0.0,225.61,"11,209.00",225.80,"2,528,840.20",153,0.7,13.1,0.31,5.91,0.39,372.30,176.40,,
2023/12/14,196,NYADI,58.47,225.9,229.6,219.6,229.6,229.60,0.0,0.0,223.18,"9,199.00",226.50,"2,053,064.90",151,3.1,10.0,1.37,4.55,2.79,372.30,176.40,,
2023/12/17,192,NYADI,63.65,228.0,252.5,224.0,252.0,252.00,0.0,0.0,238.88,"20,841.00",229.60,"4,978,535.10",221,22.4,28.50,9.76,12.72,5.21,372.30,176.40,,
2023/12/18,198,NYADI,60.18,253.1,260.1,250.1,255.0,255.00,0.0,0.0,255.19,"19,697.00",252.00,"5,026,488.00",210,3.00,10.00,1.19,4.0,-0.07,372.30,176.40,,
2023/10/18,184,NYADI,36.92,201.0,208.0,199.2,202.0,202.00,0.0,0.0,203.38,"3,899.00",201.00,"792,990.60",67,1.0,8.8,0.5,4.42,-0.68,372.30,176.40,,
2023/10/19,182,NYADI,36.05,199.1,205.0,199.1,201.7,201.70,0.0,0.0,203.01,510.00,202.00,"103,534.00",27,-0.3,5.9,-0.15,2.96,-0.65,372.30,176.40,,
2023/10/29,181,NYADI,27.39,198.0,198.0,194.2,195.0,195.00,0.0,0.0,195.70,540.00,201.70,"105,680.50",34,-6.7,3.8,-3.32,1.96,-0.36,372.30,176.40,,
2023/10/30,181,NYADI,32.72,193.0,196.0,189.6,194.1,194.10,0.0,0.0,191.89,"2,150.00",195.00,"412,562.00",38,-0.9,6.4,-0.46,3.38,1.14,372.30,176.40,,
2023/10/31,183,NYADI,24.68,192.1,197.9,192.0,193.0,193.00,0.0,0.0,193.72,680.00,194.10,"131,731.00",53,-1.1,5.9,-0.57,3.07,-0.37,372.30,176.40,,
2023/11/01,189,NYADI,35.27,190.0,198.0,190.0,198.0,198.00,0.0,0.0,192.82,"1,860.00",193.00,"358,645.50",42,5.0,8.0,2.59,4.21,2.62,372.30,176.40,,
2023/11/02,179,NYADI,37.6,194.1,217.4,191.2,193.4,193.40,0.0,0.0,195.99,"1,977.00",198.00,"387,477.00",60,-4.6,26.2,-2.32,13.7,-1.34,372.30,176.40,,
2023/11/05,186,NYADI,35.56,189.9,196.8,189.9,192.0,192.00,0.0,0.0,192.30,990.00,193.40,"190,378.00",48,-1.4,6.9,-0.72,3.63,-0.16,372.30,176.40,,
2023/11/06,181,NYADI,43.6,189.0,198.2,188.0,198.2,198.20,0.0,0.0,194.73,830.00,192.00,"161,622.00",45,6.2,10.2,3.23,5.43,1.75,372.30,176.40,,
2023/11/07,182,NYADI,43.82,194.4,202.1,194.4,200.0,200.00,0.0,0.0,199.35,"1,770.00",198.20,"352,849.00",37,1.8,7.7,0.91,3.96,0.33,372.30,176.40,,
2023/11/08,182,NYADI,44.36,196.0,199.9,196.0,197.0,197.00,0.0,0.0,197.07,"1,020.00",200.00,"201,012.00",28,-3.00,3.9,-1.5,1.99,-0.04,372.30,176.40,,
2023/11/09,178,NYADI,38.46,194.0,200.0,191.0,192.0,192.00,0.0,0.0,193.78,860.00,197.00,"166,653.00",26,-5.0,9.0,-2.54,4.71,-0.93,372.30,176.40,,
2023/11/20,180,NYADI,38.13,190.0,194.8,190.0,191.0,191.00,0.0,0.0,191.57,"1,500.00",192.00,"287,360.00",59,-1.00,4.80,-0.52,2.53,-0.3,372.30,176.40,,
2023/11/21,182,NYADI,33.35,188.0,190.0,187.2,189.1,189.10,0.0,0.0,187.47,"1,770.00",191.00,"331,828.00",48,-1.9,2.80,-0.99,1.5,0.86,372.30,176.40,,
2023/11/22,186,NYADI,37.7,185.7,195.8,183.0,190.8,190.80,0.0,0.0,187.92,"1,433.00",189.10,"269,295.00",44,1.7,12.80,0.9,6.99,1.51,372.30,176.40,,
2023/11/23,185,NYADI,46.98,187.0,200.0,184.1,200.0,200.00,0.0,0.0,191.46,"1,120.00",190.80,"214,437.00",65,9.2,15.9,4.82,8.64,4.27,372.30,176.40,,
2023/09/21,176,NYADI,58.28,208.0,224.9,206.1,224.9,224.90,0.0,0.0,218.32,"15,368.00",204.50,"3,355,102.50",220,20.40,18.80,9.98,9.12,2.93,372.30,176.40,,
2023/09/24,183,NYADI,49.48,225.0,226.0,213.0,213.0,213.00,0.0,0.0,218.48,"5,591.00",224.90,"1,221,513.00",121,-11.90,13.00,-5.29,6.1,-2.57,372.30,176.40,,
2023/09/25,181,NYADI,50.42,209.0,222.3,209.0,214.0,214.00,0.0,0.0,215.95,"7,620.00",213.00,"1,645,543.50",136,1.0,13.3,0.47,6.36,-0.91,372.30,176.40,,
2023/09/26,183,NYADI,54.28,211.1,231.5,211.1,227.0,227.00,0.0,0.0,221.21,"7,333.00",214.00,"1,622,120.10",176,13.0,20.40,6.07,9.66,2.55,372.30,176.40,,
2023/09/27,180,NYADI,31.82,225.0,228.0,218.3,220.0,220.00,0.0,0.0,221.05,"2,796.00",227.00,"618,065.00",100,-7.0,9.7,-3.08,4.44,-0.48,372.30,176.40,,
2023/10/01,181,NYADI,39.0,216.1,224.0,208.0,209.0,209.00,0.0,0.0,212.30,"6,780.00",220.00,"1,439,379.00",120,-11.0,16.0,-5.0,7.69,-1.58,372.30,176.40,,
2023/10/02,184,NYADI,50.01,205.1,220.5,205.1,220.0,220.00,0.0,0.0,214.67,"6,419.00",209.00,"1,377,950.00",142,11.0,15.4,5.26,7.51,2.42,372.30,176.40,,
2023/10/03,176,NYADI,28.06,215.6,216.0,211.5,216.0,216.00,0.0,0.0,213.46,"1,360.00",220.00,"290,307.50",72,-4.0,4.5,-1.82,2.13,1.18,372.30,176.40,,
2023/10/04,180,NYADI,35.99,220.0,220.0,212.0,220.0,220.00,0.0,0.0,217.09,"4,865.00",216.00,"1,056,119.00",99,4.0,8.0,1.85,3.77,1.32,372.30,176.40,,
2023/10/05,175,NYADI,51.9,215.6,222.3,213.9,218.0,218.00,0.0,0.0,215.18,"2,403.00",220.00,"517,067.00",84,-2.0,8.4,-0.91,3.93,1.3,372.30,176.40,,
2023/10/08,183,NYADI,25.87,218.0,218.0,209.6,211.0,211.00,0.0,0.0,212.64,"3,860.00",218.00,"820,798.00",92,-7.0,8.4,-3.21,4.01,-0.78,372.30,176.40,,
2023/10/09,183,NYADI,34.36,207.0,212.0,205.1,210.0,210.00,0.0,0.0,208.73,"2,455.00",211.00,"512,423.00",72,-1.0,6.9,-0.47,3.36,0.61,372.30,176.40,,
2023/10/10,178,NYADI,35.49,205.8,208.0,196.0,206.0,206.00,0.0,0.0,202.10,"5,582.00",210.00,"1,128,139.60",89,-4.0,12.0,-1.9,6.12,1.89,372.30,176.40,,
2023/10/11,182,NYADI,36.45,202.0,213.0,200.0,207.9,207.90,0.0,0.0,205.39,"3,272.00",206.00,"672,032.80",72,1.9,13.0,0.92,6.5,1.21,372.30,176.40,,
2023/10/12,187,NYADI,34.28,208.0,208.0,197.5,200.0,200.00,0.0,0.0,200.62,"3,331.00",207.90,"668,273.00",88,-7.9,10.50,-3.8,5.32,-0.31,372.30,176.40,,
2023/10/16,182,NYADI,23.01,200.0,201.0,197.0,198.0,198.00,0.0,0.0,198.72,"2,555.00",200.00,"507,735.00",78,-2.0,4.00,-1.0,2.03,-0.36,372.30,176.40,,
2023/08/23,174,NYADI,50.1,223.5,234.6,223.5,234.6,234.60,0.0,0.0,232.29,"3,000.00",228.00,"696,883.50",95,6.6,11.1,2.89,4.97,0.98,372.30,219.00,,
2023/08/24,176,NYADI,45.35,232.0,232.0,225.0,225.0,225.00,0.0,0.0,228.06,"1,320.00",234.60,"301,043.00",67,-9.6,7.0,-4.09,3.11,-1.36,372.30,219.00,,
2023/08/27,179,NYADI,37.98,221.0,221.5,220.1,220.1,220.10,0.0,0.0,220.53,780.00,225.00,"172,015.00",72,-4.9,1.40,-2.18,0.64,-0.2,372.30,219.00,,
2023/08/28,178,NYADI,48.44,219.1,229.5,219.1,229.4,229.40,0.0,0.0,221.73,"6,236.00",220.10,"1,382,721.50",103,9.3,10.4,4.23,4.75,3.34,372.30,219.00,,
2023/08/29,180,NYADI,42.16,230.0,230.0,218.0,224.0,224.00,0.0,0.0,222.84,"3,495.00",229.40,"778,810.00",78,-5.4,12.0,-2.35,5.5,0.52,372.30,218.00,,
2023/08/30,176,NYADI,47.99,219.6,224.0,212.0,215.7,215.70,0.0,0.0,217.92,"5,428.00",224.00,"1,182,888.40",112,-8.3,12.0,-3.71,5.66,-1.03,372.30,212.00,,
2023/09/03,177,NYADI,45.43,213.0,215.7,194.4,211.0,211.00,0.0,0.0,203.44,"9,531.00",215.70,"1,938,949.00",125,-4.7,21.3,-2.18,10.96,3.58,372.30,194.40,,
2023/09/04,172,NYADI,41.42,206.8,207.0,193.0,207.0,207.00,0.0,0.0,196.01,"9,931.00",211.00,"1,946,607.80",107,-4.0,14.0,-1.9,7.25,5.31,372.30,193.00,,
2023/09/05,177,NYADI,38.02,202.9,202.9,191.0,193.6,193.60,0.0,0.0,194.20,"9,127.00",207.00,"1,772,468.50",89,-13.4,11.9,-6.47,6.23,-0.31,372.30,191.00,,
2023/09/07,179,NYADI,38.68,190.0,205.0,176.4,176.4,176.40,0.0,0.0,188.68,"18,999.00",193.60,"3,584,804.20",137,-17.2,28.6,-8.88,16.21,-6.96,372.30,176.40,,
2023/09/10,178,NYADI,35.32,179.0,194.0,179.0,194.0,194.00,0.0,0.0,191.54,"8,299.00",176.40,"1,589,623.00",110,17.6,15.0,9.98,8.38,1.27,372.30,176.40,,
2023/09/11,178,NYADI,43.28,197.0,203.9,188.0,200.0,200.00,0.0,0.0,192.17,"10,095.00",194.00,"1,939,978.30",105,6.0,15.9,3.09,8.46,3.91,372.30,176.40,,
2023/09/12,177,NYADI,39.86,200.0,200.0,190.0,196.8,196.80,0.0,0.0,193.86,"1,943.00",200.00,"376,674.00",51,-3.2,10.0,-1.6,5.26,1.49,372.30,176.40,,
2023/09/13,175,NYADI,48.71,200.0,203.8,191.5,202.0,202.00,0.0,0.0,197.83,"6,000.00",196.80,"1,186,962.50",93,5.2,12.3,2.64,6.42,2.07,372.30,176.40,,
2023/09/17,179,NYADI,41.81,199.5,199.5,188.2,191.9,191.90,0.0,0.0,192.29,"6,605.00",202.00,"1,270,059.50",65,-10.1,11.3,-5.0,6.0,-0.2,372.30,176.40,,
2023/09/18,174,NYADI,38.16,190.0,197.6,188.1,189.0,189.00,0.0,0.0,190.54,"3,770.00",191.90,"718,318.00",60,-2.9,9.5,-1.51,5.05,-0.81,372.30,176.40,,
2023/07/31,168,NYADI,42.23,260.1,272.0,260.0,261.0,261.00,0.0,0.0,266.08,"2,802.00",261.30,"745,557.00",93,-0.3,12.0,-0.11,4.62,-1.95,400.00,250.10,,
2023/08/01,167,NYADI,36.01,257.0,261.0,257.0,257.0,257.00,0.0,0.0,257.86,"2,585.00",261.00,"666,570.00",71,-4.00,4.00,-1.53,1.56,-0.33,400.00,250.10,,
2023/08/02,169,NYADI,33.06,254.1,259.0,254.1,256.0,256.00,0.0,0.0,256.11,"1,209.00",257.00,"309,637.60",55,-1.0,4.90,-0.39,1.93,-0.04,400.00,250.10,,
2023/08/03,166,NYADI,40.8,256.0,268.0,253.1,260.0,260.00,0.0,0.0,259.86,955.00,256.00,"248,168.00",78,4.0,14.9,1.56,5.89,0.05,400.00,250.10,,
2023/08/06,170,NYADI,39.6,260.0,260.0,247.0,250.2,250.20,0.0,0.0,253.27,"4,540.00",260.00,"1,149,857.00",73,-9.8,13.00,-3.77,5.26,-1.23,400.00,247.00,,
2023/08/07,168,NYADI,36.09,245.8,260.1,245.8,248.5,248.50,0.0,0.0,249.63,990.00,250.20,"247,133.00",84,-1.7,14.30,-0.68,5.82,-0.45,400.00,245.80,,
2023/08/08,170,NYADI,35.75,245.0,252.9,245.0,249.0,249.00,0.0,0.0,247.78,"2,568.00",248.50,"636,310.00",107,0.5,7.90,0.2,3.22,0.49,400.00,245.00,,
2023/08/09,170,NYADI,43.04,244.3,263.0,244.2,252.0,252.00,0.0,0.0,246.97,"2,709.00",249.00,"669,050.90",93,3.0,18.80,1.2,7.7,1.99,375.00,244.20,,
2023/08/10,172,NYADI,46.11,257.0,259.9,247.0,251.0,251.00,0.0,0.0,251.86,"1,055.00",252.00,"265,707.50",90,-1.0,12.9,-0.4,5.22,-0.34,372.30,244.20,,
2023/08/13,169,NYADI,44.7,246.0,249.0,245.0,246.5,246.50,0.0,0.0,246.66,"1,421.00",251.00,"350,505.00",136,-4.50,4.00,-1.79,1.63,-0.07,372.30,244.20,,
2023/08/14,178,NYADI,46.77,242.4,247.0,240.0,240.0,240.00,0.0,0.0,243.62,"5,810.00",246.50,"1,415,461.00",128,-6.5,7.0,-2.64,2.92,-1.51,372.30,240.00,,
2023/08/15,177,NYADI,38.56,242.0,242.0,233.8,235.9,235.90,0.0,0.0,236.46,"3,417.00",240.00,"807,980.80",88,-4.1,8.20,-1.71,3.51,-0.24,372.30,233.80,,
2023/08/16,171,NYADI,37.33,238.0,238.0,230.1,233.0,233.00,0.0,0.0,232.28,"2,045.00",235.90,"475,006.50",52,-2.9,7.90,-1.23,3.43,0.31,372.30,230.10,,
2023/08/17,172,NYADI,38.64,228.7,237.0,228.7,233.0,233.00,0.0,0.0,231.09,"1,165.00",233.00,"269,225.00",77,0.0,8.30,0.0,3.63,0.82,372.30,228.70,,
2023/08/20,172,NYADI,47.22,229.0,229.7,221.5,222.0,222.00,0.0,0.0,224.45,"7,281.00",233.00,"1,634,240.20",101,-11.0,8.20,-4.72,3.7,-1.1,372.30,221.50,,
2023/08/21,174,NYADI,41.67,219.0,225.0,219.0,223.1,223.10,0.0,0.0,223.26,"2,076.00",222.00,"463,495.50",107,1.1,6.0,0.5,2.74,-0.07,372.30,219.00,,
2023/07/06,205,NYADI,31.48,410.0,418.0,410.0,416.4,416.40,0.0,0.0,414.26,"2,730.00",418.00,"1,130,941.00",39,-1.6,8.0,-0.38,1.95,0.51,880.00,283.30,472.98,516.20
2023/07/09,185,NYADI,40.84,262.0,272.0,262.0,270.0,270.00,0.0,0.0,267.29,"1,415.00",267.00,"378,215.10",91,3.0,10.0,1.12,3.82,1.0,400.00,250.10,,
2023/07/10,187,NYADI,43.79,264.6,275.0,261.0,266.0,266.00,0.0,0.0,263.92,"2,362.00",270.00,"623,390.00",105,-4.00,14.00,-1.48,5.36,0.78,400.00,250.10,,
2023/07/11,180,NYADI,46.56,261.0,264.0,258.0,261.0,261.00,0.0,0.0,261.27,"4,491.00",266.00,"1,173,351.00",84,-5.0,6.00,-1.88,2.33,-0.1,400.00,250.10,,
2023/07/12,189,NYADI,53.71,265.0,274.0,259.1,273.9,273.90,0.0,0.0,269.17,"4,755.00",261.00,"1,279,880.00",105,12.9,14.9,4.94,5.75,1.73,400.00,250.10,,
2023/07/13,188,NYADI,48.53,279.3,279.3,265.0,265.0,265.00,0.0,0.0,268.22,"7,884.00",273.90,"2,114,654.40",94,-8.9,14.30,-3.25,5.4,-1.22,400.00,250.10,,
2023/07/16,186,NYADI,42.38,260.1,265.0,260.1,261.1,261.10,0.0,0.0,261.79,"1,260.00",265.00,"329,853.30",73,-3.90,4.90,-1.47,1.88,-0.26,400.00,250.10,,
2023/07/17,164,NYADI,52.36,260.0,268.7,260.0,268.7,268.70,0.0,0.0,264.11,"2,159.00",261.10,"570,204.00",108,7.6,8.70,2.91,3.35,1.71,400.00,250.10,,
2023/07/18,163,NYADI,46.35,269.0,269.0,264.0,268.9,268.90,0.0,0.0,265.52,"3,430.00",268.70,"910,738.00",90,0.20,5.00,0.07,1.89,1.26,400.00,250.10,,
2023/07/19,166,NYADI,52.64,274.2,276.9,262.0,268.0,268.00,0.0,0.0,266.75,"2,950.00",268.90,"786,915.50",91,-0.9,14.90,-0.33,5.69,0.47,400.00,250.10,,
2023/07/20,169,NYADI,58.1,265.0,293.0,262.0,273.0,273.00,0.0,0.0,270.70,"7,324.00",268.00,"1,982,585.80",115,5.00,31.00,1.87,11.83,0.84,400.00,250.10,,
2023/07/23,170,NYADI,60.22,267.8,278.4,266.1,278.3,278.30,0.0,0.0,272.82,"4,573.00",273.00,"1,247,620.30",139,5.3,12.30,1.94,4.62,1.97,400.00,250.10,,
2023/07/24,171,NYADI,58.64,275.0,283.0,269.0,272.0,272.00,0.0,0.0,274.99,"3,660.00",278.30,"1,006,473.00",86,-6.3,14.00,-2.26,5.2,-1.1,400.00,250.10,,
2023/07/25,171,NYADI,49.48,268.0,277.0,268.0,268.4,268.40,0.0,0.0,269.48,885.00,272.00,"238,488.00",61,-3.60,9.00,-1.32,3.36,-0.4,400.00,250.10,,
2023/07/26,166,NYADI,46.76,268.4,280.0,264.0,266.0,266.00,0.0,0.0,271.13,"4,225.00",268.40,"1,145,529.50",78,-2.40,16.00,-0.89,6.06,-1.93,400.00,250.10,,
2023/07/27,173,NYADI,37.22,266.0,266.0,260.7,264.0,264.00,0.0,0.0,263.55,"1,691.00",266.00,"445,658.50",72,-2.0,5.30,-0.75,2.03,0.17,400.00,250.10,,
2023/06/12,181,NYADI,45.45,304.0,309.9,294.0,302.9,302.90,0.0,0.0,296.67,"13,955.00",305.70,"4,140,030.00",143,-2.80,15.90,-0.92,5.41,2.06,400.00,241.00,,
2023/06/13,173,NYADI,50.73,297.0,310.0,291.5,298.0,298.00,0.0,0.0,304.74,"13,378.00",302.90,"4,076,815.80",190,-4.90,18.50,-1.62,6.35,-2.26,400.00,241.00,,
2023/06/14,176,NYADI,52.51,295.0,309.0,295.0,300.0,300.00,0.0,0.0,301.55,"8,144.00",298.00,"2,455,817.50",179,2.00,14.00,0.67,4.75,-0.52,400.00,241.00,,
2023/06/15,173,NYADI,38.7,295.0,300.0,290.0,298.0,298.00,0.0,0.0,293.05,"4,035.00",300.00,"1,182,461.00",106,-2.0,10.00,-0.67,3.45,1.66,400.00,241.00,,
2023/06/18,181,NYADI,50.6,292.1,312.0,288.1,305.0,305.00,0.0,0.0,302.33,"7,974.00",298.00,"2,410,803.60",153,7.0,23.90,2.35,8.3,0.87,400.00,241.00,,
2023/06/19,173,NYADI,47.87,305.0,311.1,298.0,299.9,299.90,0.0,0.0,299.63,"7,002.00",305.00,"2,098,006.00",80,-5.10,13.10,-1.67,4.4,0.09,400.00,241.00,,
2023/06/20,171,NYADI,40.74,305.0,305.0,290.0,295.8,295.80,0.0,0.0,295.95,"7,153.00",299.90,"2,116,961.60",79,-4.1,15.0,-1.37,5.17,-0.05,400.00,241.00,,
2023/06/21,205,NYADI,31.48,410.0,418.0,410.0,416.4,416.40,0.0,0.0,414.26,"2,730.00",418.00,"1,130,941.00",39,-1.6,8.0,-0.38,1.95,0.51,880.00,283.30,472.98,516.20
2023/06/22,205,NYADI,31.48,410.0,418.0,410.0,416.4,416.40,0.0,0.0,414.26,"2,730.00",418.00,"1,130,941.00",39,-1.6,8.0,-0.38,1.95,0.51,880.00,283.30,472.98,516.20
2023/06/25,171,NYADI,48.04,280.0,301.9,270.0,285.2,285.20,0.0,0.0,285.27,"17,397.00",275.00,"4,962,801.10",197,10.20,31.90,3.71,11.81,-0.02,400.00,250.10,,
2023/06/26,179,NYADI,39.25,285.5,297.5,280.1,282.5,282.50,0.0,0.0,284.78,"1,800.00",285.20,"512,596.70",95,-2.7,17.4,-0.95,6.21,-0.81,400.00,250.10,,
2023/06/27,176,NYADI,49.17,276.9,292.9,272.0,288.0,288.00,0.0,0.0,285.41,"4,170.00",282.50,"1,190,180.50",127,5.50,20.90,1.95,7.68,0.9,400.00,250.10,,
2023/06/28,177,NYADI,48.71,282.3,288.0,277.0,287.0,287.00,0.0,0.0,284.66,"2,710.00",288.00,"771,440.00",87,-1.0,11.0,-0.35,3.97,0.81,400.00,250.10,,
2023/07/02,184,NYADI,40.23,281.3,291.5,270.5,273.1,273.10,0.0,0.0,275.28,"8,404.00",287.00,"2,313,459.00",129,-13.9,21.0,-4.84,7.76,-0.8,400.00,250.10,,
2023/07/03,176,NYADI,36.54,270.0,285.0,265.1,273.0,273.00,0.0,0.0,271.16,"3,865.00",273.10,"1,048,033.50",107,-0.1,19.9,-0.04,7.51,0.67,400.00,250.10,,
2023/07/04,180,NYADI,37.01,278.4,283.9,268.0,269.8,269.80,0.0,0.0,269.43,"2,770.00",273.00,"746,309.00",83,-3.20,15.9,-1.17,5.93,0.14,400.00,250.10,,
2023/05/16,172,NYADI,35.2,265.0,275.0,262.0,275.0,275.00,0.0,0.0,269.03,"1,080.00",264.20,"290,549.50",59,10.8,13.0,4.09,4.96,2.17,400.00,241.00,,
2023/05/17,168,NYADI,47.32,270.3,288.1,270.0,287.9,287.90,0.0,0.0,272.58,"2,495.00",275.00,"680,095.50",61,12.9,18.1,4.69,6.7,5.32,400.00,241.00,,
2023/05/18,167,NYADI,51.32,285.0,292.0,280.4,288.0,288.00,0.0,0.0,287.89,"3,005.00",287.90,"865,103.00",87,0.1,11.6,0.03,4.14,0.04,400.00,241.00,,
2023/05/21,175,NYADI,49.17,285.0,290.0,278.0,280.0,280.00,0.0,0.0,284.00,"2,544.00",288.00,"722,507.40",64,-8.00,12.00,-2.78,4.32,-1.43,400.00,241.00,,
2023/05/22,172,NYADI,45.88,274.4,287.6,269.1,285.0,285.00,0.0,0.0,280.65,983.00,280.00,"275,875.60",55,5.00,18.50,1.79,6.87,1.53,400.00,241.00,,
2023/05/23,173,NYADI,56.72,280.5,300.9,280.5,298.0,298.00,0.0,0.0,293.33,"3,815.00",285.00,"1,119,035.50",84,13.00,20.40,4.56,7.27,1.57,400.00,241.00,,
2023/05/24,173,NYADI,53.28,292.1,300.0,286.4,300.0,300.00,0.0,0.0,292.97,"1,995.00",298.00,"584,483.00",72,2.00,13.60,0.67,4.75,2.34,400.00,241.00,,
2023/05/28,170,NYADI,58.66,295.0,299.9,283.0,285.0,285.00,0.0,0.0,289.93,"14,931.00",300.00,"4,328,942.50",133,-15.00,16.90,-5.0,5.97,-1.73,400.00,241.00,,
2023/05/30,173,NYADI,42.08,285.0,296.2,270.0,276.1,276.10,0.0,0.0,271.39,"3,620.00",285.00,"982,435.00",64,-8.9,26.20,-3.12,9.7,1.71,400.00,241.00,,
2023/05/31,164,NYADI,36.85,270.6,280.5,265.0,266.1,266.10,0.0,0.0,269.36,"5,557.00",276.10,"1,496,851.80",81,-10.00,15.50,-3.62,5.85,-1.23,400.00,241.00,,
2023/06/01,172,NYADI,34.39,271.4,276.8,262.0,270.1,270.10,0.0,0.0,272.04,"1,424.00",266.10,"387,382.00",53,4.0,14.80,1.5,5.65,-0.72,400.00,241.00,,
2023/06/04,170,NYADI,37.43,270.1,285.0,270.0,278.2,278.20,0.0,0.0,279.30,"1,893.00",270.10,"528,711.70",68,8.10,15.0,3.0,5.56,-0.39,400.00,241.00,,
2023/06/05,175,NYADI,45.09,280.0,285.6,270.0,274.0,274.00,0.0,0.0,279.52,"3,905.00",278.20,"1,091,531.50",72,-4.2,15.60,-1.51,5.78,-2.02,400.00,241.00,,
2023/06/06,171,NYADI,57.55,279.4,301.0,268.6,301.0,301.00,0.0,0.0,284.30,"27,455.00",274.00,"7,805,390.60",179,27.0,32.40,9.85,12.06,5.55,400.00,241.00,,
2023/06/07,164,NYADI,56.11,302.0,307.0,290.0,294.0,294.00,0.0,0.0,295.31,"17,835.00",301.00,"5,266,941.00",169,-7.0,17.0,-2.33,5.86,-0.45,400.00,241.00,,
2023/06/08,173,NYADI,45.68,294.0,294.0,285.3,285.7,285.70,0.0,0.0,288.58,"3,881.00",294.00,"1,119,993.10",68,-8.3,8.7,-2.82,3.05,-1.01,400.00,241.00,,
2023/04/20,166,NYADI,38.64,310.0,318.2,305.6,310.0,310.00,0.0,0.0,310.81,"1,440.00",310.00,"447,567.00",59,0.0,12.60,0.0,4.12,-0.26,424.30,241.00,,
2023/04/23,165,NYADI,37.06,304.0,306.0,295.0,297.0,297.00,0.0,0.0,300.15,"5,428.00",310.00,"1,629,215.50",102,-13.0,11.0,-4.19,3.73,-1.06,424.30,241.00,,
2023/04/24,167,NYADI,31.96,296.1,302.0,296.0,300.0,300.00,0.0,0.0,299.29,"1,653.00",297.00,"494,720.00",74,3.0,6.0,1.01,2.03,0.24,424.30,241.00,,
2023/04/25,162,NYADI,33.03,297.0,303.9,296.0,297.8,297.80,0.0,0.0,299.55,"2,130.00",300.00,"638,031.00",75,-2.2,7.9,-0.73,2.67,-0.59,424.30,241.00,,
2023/04/26,164,NYADI,32.31,292.0,301.0,292.0,297.0,297.00,0.0,0.0,297.65,"1,040.00",297.80,"309,556.00",41,-0.8,9.0,-0.27,3.08,-0.22,408.00,241.00,,
2023/04/27,168,NYADI,36.09,292.0,300.0,292.0,295.0,295.00,0.0,0.0,296.73,"1,115.00",297.00,"330,852.00",59,-2.00,8.0,-0.67,2.74,-0.59,403.90,241.00,,
2023/04/30,169,NYADI,34.41,290.0,290.3,288.0,290.0,290.00,0.0,0.0,289.40,"2,400.00",295.00,"694,560.00",68,-5.0,2.3,-1.69,0.8,0.21,401.80,241.00,,
2023/05/02,171,NYADI,33.66,290.0,296.0,285.0,286.0,286.00,0.0,0.0,286.97,"1,572.00",290.00,"451,118.50",56,-4.0,11.0,-1.38,3.86,-0.34,401.80,241.00,,
2023/05/03,165,NYADI,32.04,280.3,291.7,275.0,286.0,286.00,0.0,0.0,280.75,"1,018.00",286.00,"285,803.60",57,0.0,16.7,0.0,6.07,1.84,401.80,241.00,,
2023/05/04,175,NYADI,32.2,280.5,286.0,278.1,280.3,280.30,0.0,0.0,283.30,"1,210.00",286.00,"342,796.00",43,-5.7,7.9,-1.99,2.84,-1.07,401.80,241.00,,
2023/05/07,166,NYADI,29.19,275.0,280.0,273.0,273.0,273.00,0.0,0.0,275.25,"1,260.00",280.30,"346,819.00",48,-7.3,7.0,-2.6,2.56,-0.83,401.80,241.00,,
2023/05/08,170,NYADI,32.25,275.0,278.0,268.2,273.5,273.50,0.0,0.0,271.16,"2,510.00",273.00,"680,613.00",62,0.5,9.80,0.18,3.65,0.86,401.80,241.00,,
2023/05/09,168,NYADI,30.35,269.0,278.9,265.0,270.0,270.00,0.0,0.0,270.97,"1,710.00",273.50,"463,363.00",51,-3.5,13.9,-1.28,5.25,-0.36,401.80,241.00,,
2023/05/10,167,NYADI,36.38,266.0,282.0,266.0,280.0,280.00,0.0,0.0,278.76,"1,250.00",270.00,"348,446.00",44,10.0,16.0,3.7,6.02,0.44,401.80,241.00,,
2023/05/11,164,NYADI,37.27,280.0,283.0,266.0,272.0,272.00,0.0,0.0,276.04,"1,080.00",280.00,"298,125.00",37,-8.0,17.0,-2.86,6.39,-1.49,401.80,241.00,,
2023/05/14,166,NYADI,36.52,272.0,272.0,265.6,265.6,265.60,0.0,0.0,268.59,"2,255.00",272.00,"605,672.50",43,-6.4,6.4,-2.35,2.41,-1.13,400.00,241.00,,
2023/06/11,174,NYADI,58.24,280.0,305.7,280.0,305.7,305.70,0.0,0.0,293.73,"8,338.00",285.70,"2,449,109.50",170,20.00,25.70,7.0,9.18,3.92,400.00,241.00,,
2023/07/05,174,NYADI,37.32,265.0,271.0,261.1,263.3,263.30,0.0,0.0,264.97,"5,527.00",269.80,"1,464,475.20",105,-6.5,9.90,-2.41,3.79,-0.63,400.00,250.10,,
2023/07/30,168,NYADI,37.34,259.0,266.5,259.0,261.3,261.30,0.0,0.0,262.07,"1,190.00",264.00,"311,863.00",70,-2.7,7.50,-1.02,2.9,-0.29,400.00,250.10,,
2023/08/22,179,NYADI,42.27,220.0,228.0,220.0,228.0,228.00,0.0,0.0,224.24,"1,123.00",223.10,"251,818.00",95,4.9,8.0,2.2,3.64,1.65,372.30,219.00,,
2023/09/19,176,NYADI,49.5,190.0,207.9,185.5,204.5,204.50,0.0,0.0,200.80,"6,576.00",189.00,"1,320,443.20",104,15.5,22.4,8.2,12.08,1.81,372.30,176.40,,
2023/10/17,185,NYADI,27.72,200.0,206.0,200.0,201.0,201.00,0.0,0.0,203.84,"6,172.00",198.00,"1,258,115.50",82,3.0,6.0,1.52,3.0,-1.41,372.30,176.40,,
2023/11/26,187,NYADI,55.06,203.0,204.0,196.1,204.0,204.00,0.0,0.0,200.73,"2,536.00",200.00,"509,040.50",76,4.00,7.90,2.0,4.03,1.61,372.30,176.40,,
2023/12/19,199,NYADI,61.14,249.9,275.0,248.0,269.9,269.90,0.0,0.0,254.71,"12,698.00",255.00,"3,234,351.40",181,14.9,27.00,5.84,10.89,5.63,372.30,176.40,,
2024/01/17,193,NYADI,52.01,306.0,307.0,292.0,292.0,292.00,0.0,0.0,297.47,"22,474.00",310.00,"6,685,406.10",278,-18.0,15.0,-5.81,5.14,-1.87,372.30,176.40,,
2024/02/11,197,NYADI,52.55,285.0,293.7,285.0,288.0,288.00,0.0,0.0,290.04,"17,495.00",287.90,"5,074,250.50",230,0.10,8.70,0.03,3.05,-0.71,366.00,176.40,,
2024/03/06,199,NYADI,53.95,279.3,298.7,279.3,296.9,296.90,0.0,0.0,292.42,"46,898.00",285.00,"13,714,018.60",354,11.9,19.40,4.18,6.95,1.51,352.60,176.40,,
2024/04/02,203,NYADI,45.89,312.1,324.0,302.0,307.0,307.00,0.0,0.0,310.07,"15,420.00",318.20,"4,781,266.90",157,-11.2,22.0,-3.52,7.28,-1.0,340.60,176.40,,
2024/05/02,197,NYADI,34.93,289.0,296.8,289.0,291.9,291.90,0.0,0.0,292.62,"9,715.00",292.10,"2,842,832.00",104,-0.2,7.8,-0.07,2.7,-0.25,328.00,176.40,,
2024/05/29,199,NYADI,41.24,298.8,298.8,288.0,291.0,291.00,0.0,0.0,290.41,"3,900.00",293.00,"1,132,607.00",72,-2.00,10.80,-0.68,3.75,0.2,328.00,176.40,,
2024/06/24,207,NYADI,60.61,308.0,314.0,303.0,310.0,310.00,0.0,0.0,310.07,"34,937.00",302.00,"10,832,887.20",222,8.0,11.00,2.65,3.63,-0.02,328.00,176.40,,
2023/03/28,163,NYADI,41.23,325.0,341.9,325.0,328.6,328.60,0.0,0.0,328.07,"24,273.00",330.00,"7,963,169.00",81,-1.4,16.9,-0.42,5.2,0.16,470.00,241.00,,
2023/03/29,162,NYADI,36.13,323.2,330.0,323.2,329.9,329.90,0.0,0.0,325.62,620.00,328.60,"201,887.00",59,1.3,6.8,0.4,2.1,1.3,470.00,241.00,,
2023/03/30,160,NYADI,37.32,324.0,326.1,324.0,325.6,325.60,0.0,0.0,325.72,"2,425.00",329.90,"789,867.00",69,-4.3,2.1,-1.3,0.65,-0.04,470.00,241.00,,
2023/04/02,205,NYADI,31.48,410.0,418.0,410.0,416.4,416.40,0.0,0.0,414.26,"2,730.00",418.00,"1,130,941.00",39,-1.6,8.0,-0.38,1.95,0.51,880.00,283.30,472.98,516.20
2023/04/03,163,NYADI,32.7,315.2,322.0,315.2,318.8,318.80,0.0,0.0,316.16,"4,167.00",321.00,"1,317,424.00",87,-2.2,6.8,-0.69,2.16,0.83,454.90,241.00,,
2023/04/04,166,NYADI,40.87,313.1,340.6,312.5,340.6,340.60,0.0,0.0,319.68,"1,710.00",318.80,"546,659.00",94,21.8,28.1,6.84,8.99,6.14,450.00,241.00,,
2023/04/05,162,NYADI,36.4,333.8,333.8,315.0,325.0,325.00,0.0,0.0,322.86,"2,445.00",340.60,"789,389.00",64,-15.6,18.8,-4.58,5.97,0.66,444.00,241.00,,
2023/04/06,168,NYADI,30.45,320.0,321.0,317.0,317.0,317.00,0.0,0.0,318.64,"2,020.00",325.00,"643,659.00",72,-8.0,4.0,-2.46,1.26,-0.52,444.00,241.00,,
2023/04/09,170,NYADI,30.3,311.0,311.0,302.0,302.0,302.00,0.0,0.0,306.47,"4,185.00",317.00,"1,282,585.00",107,-15.0,9.0,-4.73,2.98,-1.48,443.70,241.00,,
2023/04/10,163,NYADI,19.96,300.0,309.4,297.0,300.1,300.10,0.0,0.0,301.44,750.00,302.00,"226,077.00",56,-1.9,12.4,-0.63,4.18,-0.45,443.70,241.00,,
2023/04/11,164,NYADI,21.22,295.0,312.0,295.0,308.0,308.00,0.0,0.0,308.48,"1,460.00",300.10,"450,388.00",82,7.90,17.00,2.63,5.76,-0.16,443.70,241.00,,
2023/04/12,167,NYADI,49.21,308.0,328.9,308.0,328.9,328.90,0.0,0.0,319.12,"2,675.00",308.00,"853,659.00",105,20.90,20.90,6.79,6.79,2.97,424.30,241.00,,
2023/04/13,205,NYADI,31.48,410.0,418.0,410.0,416.4,416.40,0.0,0.0,414.26,"2,730.00",418.00,"1,130,941.00",39,-1.6,8.0,-0.38,1.95,0.51,880.00,283.30,472.98,516.20
2023/04/16,165,NYADI,39.37,315.2,319.9,309.1,312.1,312.10,0.0,0.0,314.21,960.00,320.00,"301,644.00",61,-7.9,10.8,-2.47,3.49,-0.68,424.30,241.00,,
2023/04/17,165,NYADI,35.53,308.0,312.0,307.0,307.0,307.00,0.0,0.0,309.95,"1,504.00",312.10,"466,170.60",81,-5.1,5.0,-1.63,1.63,-0.96,424.30,241.00,,
2023/04/18,163,NYADI,33.99,301.7,309.3,301.6,309.3,309.30,0.0,0.0,306.20,"3,310.00",307.00,"1,013,533.00",79,2.3,7.7,0.75,2.55,1.0,424.30,241.00,,
2023/02/28,167,NYADI,28.16,338.1,359.0,338.1,349.0,349.00,0.0,0.0,350.03,"8,980.00",341.50,"3,143,245.00",139,7.5,20.9,2.2,6.18,-0.29,545.00,241.00,,
2023/03/01,161,NYADI,27.77,342.1,345.0,341.0,341.0,341.00,0.0,0.0,342.07,"2,751.00",349.00,"941,045.00",76,-8.00,4.00,-2.29,1.17,-0.31,517.00,241.00,,
2023/03/02,162,NYADI,23.12,334.3,340.0,333.2,333.2,333.20,0.0,0.0,333.92,"3,719.00",341.00,"1,241,845.80",65,-7.8,6.8,-2.29,2.04,-0.22,517.00,241.00,,
2023/03/05,163,NYADI,24.41,326.6,346.5,320.1,331.0,331.00,0.0,0.0,328.16,"3,310.00",333.20,"1,086,215.50",91,-2.2,26.4,-0.66,8.25,0.86,517.00,241.00,,
2023/03/07,164,NYADI,25.37,325.1,340.0,325.1,330.9,330.90,0.0,0.0,332.37,"3,955.00",331.00,"1,314,504.50",62,-0.1,14.9,-0.03,4.58,-0.44,517.00,241.00,,
2023/03/09,162,NYADI,27.92,330.0,344.0,330.0,340.0,340.00,0.0,0.0,338.92,"3,111.00",330.90,"1,054,370.30",104,9.1,14.0,2.75,4.24,0.32,517.00,241.00,,
2023/03/12,163,NYADI,34.64,341.0,343.0,337.2,340.0,340.00,0.0,0.0,340.67,"1,470.00",340.00,"500,791.00",85,0.0,5.8,0.0,1.72,-0.2,517.00,241.00,,
2023/03/13,162,NYADI,27.9,340.0,340.0,329.1,334.0,334.00,0.0,0.0,333.59,"1,090.00",340.00,"363,614.00",60,-6.0,10.9,-1.76,3.31,0.12,517.00,241.00,,
2023/03/14,161,NYADI,43.84,329.0,340.6,324.0,333.8,333.80,0.0,0.0,334.57,"4,420.00",334.00,"1,478,784.00",96,-0.2,16.6,-0.06,5.12,-0.23,504.90,241.00,,
2023/03/15,205,NYADI,31.48,410.0,418.0,410.0,416.4,416.40,0.0,0.0,414.26,"2,730.00",418.00,"1,130,941.00",39,-1.6,8.0,-0.38,1.95,0.51,880.00,283.30,472.98,516.20
2023/03/16,159,NYADI,34.37,323.0,334.0,323.0,332.0,332.00,0.0,0.0,329.66,"1,845.00",328.20,"608,229.00",71,3.8,11.0,1.16,3.41,0.7,498.60,241.00,,
2023/03/19,161,NYADI,32.23,325.4,332.0,325.4,327.3,327.30,0.0,0.0,329.79,"1,985.00",332.00,"654,633.50",77,-4.7,6.6,-1.42,2.03,-0.76,498.60,241.00,,
2023/03/20,162,NYADI,43.17,325.1,352.6,325.1,352.6,352.60,0.0,0.0,332.82,"3,445.00",327.30,"1,146,571.80",110,25.3,27.5,7.73,8.46,5.61,498.60,241.00,,
2023/03/22,166,NYADI,47.17,345.8,345.8,330.0,338.0,338.00,0.0,0.0,335.25,"12,810.00",352.60,"4,294,575.00",143,-14.6,15.8,-4.14,4.79,0.81,498.60,241.00,,
2023/03/23,164,NYADI,32.91,332.0,332.0,326.0,331.0,331.00,0.0,0.0,330.35,"1,625.00",338.00,"536,821.50",67,-7.0,6.0,-2.07,1.84,0.2,483.00,241.00,,
2023/03/26,163,NYADI,36.26,326.1,329.0,325.0,326.0,326.00,0.0,0.0,326.11,"3,900.00",331.00,"1,271,846.50",95,-5.0,4.0,-1.51,1.23,-0.04,470.00,241.00,,
2023/02/01,162,NYADI,44.13,329.0,350.0,329.0,338.0,338.00,0.0,0.0,339.92,"3,770.00",335.00,"1,281,487.00",136,3.0,21.0,0.9,6.38,-0.57,566.00,241.00,,
2023/02/02,163,NYADI,34.27,331.4,344.7,331.4,333.0,333.00,0.0,0.0,334.82,"4,267.00",338.00,"1,428,676.00",102,-5.0,13.3,-1.48,4.01,-0.55,566.00,241.00,,
2023/02/03,205,NYADI,31.48,410.0,418.0,410.0,416.4,416.40,0.0,0.0,414.26,"2,730.00",418.00,"1,130,941.00",39,-1.6,8.0,-0.38,1.95,0.51,880.00,283.30,472.98,516.20
2023/02/05,163,NYADI,36.28,333.0,339.0,328.5,328.8,328.80,0.0,0.0,334.41,"3,300.00",333.00,"1,103,558.00",122,-4.2,10.5,-1.26,3.2,-1.71,566.00,241.00,,
2023/02/06,162,NYADI,33.26,323.1,329.5,323.1,325.0,325.00,0.0,0.0,326.11,"1,990.00",328.80,"648,967.00",100,-3.8,6.4,-1.16,1.98,-0.34,566.00,241.00,,
2023/02/07,164,NYADI,45.5,320.0,345.0,320.0,345.0,345.00,0.0,0.0,339.10,"9,785.00",325.00,"3,318,053.80",213,20.0,25.0,6.15,7.81,1.71,566.00,241.00,,
2023/02/08,162,NYADI,61.59,350.0,359.9,341.1,353.1,353.10,0.0,0.0,349.11,"34,526.00",345.00,"12,053,380.20",227,8.1,18.8,2.35,5.51,1.13,566.00,241.00,,
2023/02/09,163,NYADI,60.95,347.0,372.3,347.0,372.0,372.00,0.0,0.0,362.51,"19,056.00",353.10,"6,908,020.30",188,18.9,25.3,5.35,7.29,2.55,566.00,241.00,,
2023/02/12,158,NYADI,57.64,364.6,366.0,352.8,360.0,360.00,0.0,0.0,358.21,"17,207.00",372.00,"6,163,785.00",166,-12.0,13.2,-3.23,3.74,0.5,566.00,241.00,,
2023/02/14,161,NYADI,48.42,353.0,360.0,348.3,354.0,354.00,0.0,0.0,351.72,"11,541.00",360.00,"4,059,178.90",137,-6.00,11.7,-1.67,3.36,0.64,566.00,241.00,,
2023/02/15,161,NYADI,38.44,347.0,361.0,341.0,353.0,353.00,0.0,0.0,351.13,"5,070.00",354.00,"1,780,240.00",111,-1.00,20.00,-0.28,5.87,0.53,566.00,241.00,,
2023/02/16,161,NYADI,33.28,346.0,351.0,335.0,339.0,339.00,0.0,0.0,341.74,"6,775.00",353.00,"2,315,278.20",123,-14.00,16.00,-3.97,4.78,-0.81,566.00,241.00,,
2023/02/20,163,NYADI,29.48,335.0,348.0,327.1,343.9,343.90,0.0,0.0,334.17,"7,939.00",339.00,"2,652,986.50",140,4.9,20.9,1.45,6.39,2.83,566.00,241.00,,
2023/02/22,171,NYADI,39.99,348.0,356.9,341.0,356.5,356.50,0.0,0.0,350.01,"14,766.00",343.90,"5,168,258.50",174,12.6,15.9,3.66,4.66,1.82,566.00,241.00,,
2023/02/23,164,NYADI,26.7,349.4,349.4,336.0,348.9,348.90,0.0,0.0,339.73,"5,170.00",356.50,"1,756,425.00",116,-7.6,13.4,-2.13,3.99,2.63,566.00,241.00,,
2023/02/26,163,NYADI,40.55,342.0,348.8,328.5,348.0,348.00,0.0,0.0,336.53,"6,192.00",348.90,"2,083,789.00",115,-0.9,20.3,-0.26,6.18,3.3,545.00,241.00,,
2023/01/03,165,NYADI,61.53,298.0,316.9,296.0,312.0,312.00,0.0,0.0,307.97,"10,016.00",297.20,"3,084,653.50",148,14.8,20.9,4.98,7.06,1.29,566.00,241.00,,
2023/01/04,166,NYADI,54.95,318.0,326.4,301.0,326.4,326.40,0.0,0.0,318.03,"6,128.00",312.00,"1,948,870.70",157,14.4,25.4,4.62,8.44,2.57,566.00,241.00,,
2023/01/05,166,NYADI,56.34,320.2,332.8,314.0,322.6,322.60,0.0,0.0,325.01,"5,650.00",326.40,"1,836,316.80",105,-3.8,18.8,-1.16,5.99,-0.75,566.00,241.00,,
2023/01/08,167,NYADI,58.05,317.3,343.0,317.2,335.0,335.00,0.0,0.0,333.22,"6,060.00",322.60,"2,019,293.50",152,12.40,25.80,3.84,8.13,0.53,566.00,241.00,,
2023/01/09,165,NYADI,59.37,333.0,349.0,333.0,349.0,349.00,0.0,0.0,342.07,"11,210.00",335.00,"3,834,647.90",173,14.0,16.0,4.18,4.8,1.98,566.00,241.00,,
2023/01/10,161,NYADI,52.89,354.0,361.0,330.0,330.0,330.00,0.0,0.0,349.13,"19,416.00",349.00,"6,778,634.80",206,-19.0,31.0,-5.44,9.39,-5.8,566.00,241.00,,
2023/01/12,159,NYADI,50.33,336.0,336.0,314.0,314.0,314.00,0.0,0.0,324.23,"8,918.00",330.00,"2,891,519.80",166,-16.0,22.0,-4.85,7.01,-3.26,566.00,241.00,,
2023/01/17,160,NYADI,51.33,308.1,339.0,308.1,333.0,333.00,0.0,0.0,325.70,"7,080.00",314.00,"2,305,965.50",163,19.0,30.9,6.05,10.03,2.19,566.00,241.00,,
2023/01/18,157,NYADI,49.44,329.0,344.0,328.4,336.0,336.00,0.0,0.0,334.56,"8,167.00",333.00,"2,732,360.30",164,3.0,15.6,0.9,4.75,0.43,566.00,241.00,,
2023/01/19,156,NYADI,54.07,330.2,348.0,330.2,338.0,338.00,0.0,0.0,338.29,"9,377.00",336.00,"3,172,121.60",166,2.0,17.8,0.6,5.39,-0.09,566.00,241.00,,
2023/01/23,163,NYADI,52.67,338.0,346.0,315.0,326.4,326.40,0.0,0.0,332.52,"8,845.00",338.00,"2,941,150.50",192,-11.6,31.0,-3.43,9.84,-1.88,566.00,241.00,,
2023/01/24,158,NYADI,46.62,320.0,332.0,314.1,331.0,331.00,0.0,0.0,320.39,"4,355.00",326.40,"1,395,303.70",147,4.6,17.9,1.41,5.7,3.21,566.00,241.00,,
2023/01/25,162,NYADI,51.9,324.5,349.5,321.7,336.0,336.00,0.0,0.0,339.02,"9,416.00",331.00,"3,192,194.80",170,5.0,27.8,1.51,8.64,-0.9,566.00,241.00,,
2023/01/26,160,NYADI,55.12,342.0,345.0,330.0,344.0,344.00,0.0,0.0,340.66,"14,825.00",336.00,"5,050,238.80",182,8.0,15.0,2.38,4.55,0.97,566.00,241.00,,
2023/01/29,166,NYADI,54.27,344.0,358.0,331.4,355.0,355.00,0.0,0.0,350.26,"19,300.00",344.00,"6,760,043.00",266,11.0,26.6,3.2,8.03,1.33,566.00,241.00,,
2023/01/30,161,NYADI,53.72,348.0,362.0,328.6,337.0,337.00,0.0,0.0,345.66,"18,883.00",355.00,"6,527,142.10",197,-18.0,33.4,-5.07,10.16,-2.57,566.00,241.00,,
2022/12/07,161,NYADI,37.76,270.0,280.5,270.0,274.0,274.00,0.0,0.0,273.99,"1,747.00",271.70,"478,653.00",43,2.3,10.5,0.85,3.89,0.01,566.00,241.00,,
2022/12/11,165,NYADI,32.26,275.0,277.0,270.0,270.0,270.00,0.0,0.0,271.23,"1,090.00",274.00,"295,638.00",64,-4.0,7.0,-1.46,2.59,-0.45,566.00,241.00,,
2022/12/12,161,NYADI,29.22,269.0,271.9,266.1,271.9,271.90,0.0,0.0,268.31,"1,085.00",270.00,"291,118.50",47,1.9,5.8,0.7,2.18,1.32,566.00,241.00,,
2022/12/13,160,NYADI,38.55,267.0,273.6,267.0,273.0,273.00,0.0,0.0,270.88,"1,265.00",271.90,"342,663.50",42,1.1,6.6,0.4,2.47,0.78,566.00,241.00,,
2022/12/14,161,NYADI,39.88,269.1,281.0,269.1,281.0,281.00,0.0,0.0,274.68,"1,621.00",273.00,"445,249.00",63,8.0,11.9,2.93,4.42,2.25,566.00,241.00,,
2022/12/15,167,NYADI,40.75,275.4,275.4,270.0,271.0,271.00,0.0,0.0,271.97,620.00,281.00,"168,619.00",46,-10.0,5.4,-3.56,2.0,-0.36,566.00,241.00,,
2022/12/18,161,NYADI,30.35,266.0,269.5,264.0,264.0,264.00,0.0,0.0,266.79,"3,570.00",271.00,"952,455.50",59,-7.0,5.5,-2.58,2.08,-1.06,566.00,241.00,,
2022/12/19,162,NYADI,29.8,260.1,275.0,260.1,263.2,263.20,0.0,0.0,265.92,"2,120.00",264.00,"563,751.00",50,-0.8,14.9,-0.3,5.73,-1.03,566.00,241.00,,
2022/12/20,165,NYADI,30.4,258.6,274.0,258.6,268.0,268.00,0.0,0.0,270.46,"2,000.00",263.20,"540,912.00",64,4.8,15.4,1.82,5.96,-0.92,566.00,241.00,,
2022/12/21,162,NYADI,30.56,263.1,268.0,263.1,264.5,264.50,0.0,0.0,264.65,730.00,268.00,"193,198.00",46,-3.5,4.9,-1.31,1.86,-0.06,566.00,241.00,,
2022/12/22,158,NYADI,33.08,259.3,264.0,257.0,260.1,260.10,0.0,0.0,260.22,540.00,264.50,"140,520.00",46,-4.4,7.0,-1.66,2.72,-0.05,566.00,241.00,,
2022/12/26,159,NYADI,45.76,262.1,277.9,262.0,275.0,275.00,0.0,0.0,271.46,"1,531.00",260.10,"415,605.50",74,14.9,15.9,5.73,6.07,1.29,566.00,241.00,,
2022/12/27,168,NYADI,55.91,280.5,295.0,274.0,286.1,286.10,0.0,0.0,285.90,"14,881.00",275.00,"4,254,419.10",158,11.1,21.00,4.04,7.66,0.07,566.00,241.00,,
2022/12/28,205,NYADI,31.48,410.0,418.0,410.0,416.4,416.40,0.0,0.0,414.26,"2,730.00",418.00,"1,130,941.00",39,-1.6,8.0,-0.38,1.95,0.51,880.00,283.30,472.98,516.20
2022/12/29,166,NYADI,52.93,272.0,301.9,272.0,299.8,299.80,0.0,0.0,291.54,"4,942.00",277.30,"1,440,795.40",100,22.5,29.9,8.11,10.99,2.75,566.00,241.00,,
2023/01/01,170,NYADI,52.78,295.1,307.0,294.0,295.2,295.20,0.0,0.0,299.97,"5,342.00",299.80,"1,602,430.30",110,-4.6,13.00,-1.53,4.42,-1.62,566.00,241.00,,
2022/11/13,149,NYADI,23.06,263.0,270.3,263.0,265.1,265.10,0.0,0.0,264.21,750.00,268.20,"198,159.00",45,-3.1,7.3,-1.16,2.78,0.33,566.00,241.00,,
2022/11/14,149,NYADI,23.26,262.1,275.0,262.1,270.0,270.00,0.0,0.0,267.66,375.00,265.10,"100,374.00",30,4.9,12.9,1.85,4.92,0.87,566.00,241.00,,
2022/11/15,149,NYADI,25.41,270.0,275.0,265.0,270.0,270.00,0.0,0.0,270.41,953.00,270.00,"257,697.00",40,0.0,10.0,0.0,3.77,-0.15,566.00,241.00,,
2022/11/16,151,NYADI,44.38,265.1,273.0,265.1,270.0,270.00,0.0,0.0,268.64,"2,580.00",270.00,"693,081.00",50,0.0,7.9,0.0,2.98,0.51,566.00,241.00,,
2022/11/17,145,NYADI,44.33,275.0,285.0,269.5,281.9,281.90,0.0,0.0,277.56,"2,198.00",270.00,"610,067.00",41,11.9,15.50,4.41,5.75,1.54,566.00,241.00,,
2022/11/19,205,NYADI,31.48,410.0,418.0,410.0,416.4,416.40,0.0,0.0,414.26,"2,730.00",418.00,"1,130,941.00",39,-1.6,8.0,-0.38,1.95,0.51,880.00,283.30,472.98,516.20
2022/11/22,151,NYADI,44.05,280.0,280.0,271.2,280.0,280.00,0.0,0.0,276.81,"1,608.00",281.90,"445,107.00",44,-1.90,8.8,-0.67,3.24,1.14,566.00,241.00,,
2022/11/23,146,NYADI,49.8,285.0,285.0,265.1,279.4,279.40,0.0,0.0,273.19,"1,524.00",280.00,"416,344.50",50,-0.6,19.9,-0.21,7.51,2.22,566.00,241.00,,
2022/11/24,151,NYADI,49.78,284.9,284.9,270.0,274.0,274.00,0.0,0.0,271.02,"4,990.00",279.40,"1,352,399.00",57,-5.4,14.9,-1.93,5.52,1.09,566.00,241.00,,
2022/11/27,156,NYADI,39.94,270.0,283.9,270.0,277.0,277.00,0.0,0.0,275.86,"1,775.00",274.00,"489,657.00",93,3.0,13.9,1.09,5.15,0.41,566.00,241.00,,
2022/11/28,156,NYADI,37.32,275.1,277.5,272.1,274.1,274.10,0.0,0.0,273.89,570.00,277.00,"156,117.00",42,-2.9,5.4,-1.05,1.98,0.08,566.00,241.00,,
2022/11/29,154,NYADI,43.76,269.0,290.0,268.7,283.0,283.00,0.0,0.0,279.60,"1,200.00",274.10,"335,516.50",61,8.9,21.3,3.25,7.93,1.2,566.00,241.00,,
2022/11/30,154,NYADI,45.65,278.0,278.0,272.0,278.0,278.00,0.0,0.0,275.58,"2,157.00",283.00,"594,417.60",60,-5.0,6.0,-1.77,2.21,0.87,566.00,241.00,,
2022/12/01,158,NYADI,42.52,273.0,288.0,273.0,277.1,277.10,0.0,0.0,279.21,"3,062.00",278.00,"854,952.40",68,-0.9,15.0,-0.32,5.49,-0.76,566.00,241.00,,
2022/12/04,159,NYADI,49.55,273.0,295.0,273.0,278.2,278.20,0.0,0.0,281.94,"1,840.00",277.10,"518,770.00",65,1.1,22.0,0.4,8.06,-1.34,566.00,241.00,,
2022/12/05,156,NYADI,35.54,275.0,280.5,275.0,275.5,275.50,0.0,0.0,276.00,"2,072.00",278.20,"571,862.00",47,-2.7,5.5,-0.97,2.0,-0.18,566.00,241.00,,
2022/10/11,151,NYADI,35.76,266.1,276.0,262.1,275.0,275.00,0.0,0.0,269.44,946.00,271.00,"254,892.00",30,4.0,13.9,1.48,5.3,2.02,566.00,241.00,,
2022/10/12,145,NYADI,43.43,269.5,282.9,264.3,280.0,280.00,0.0,0.0,271.10,"1,925.00",275.00,"521,870.50",40,5.0,18.6,1.82,7.04,3.18,566.00,241.00,,
2022/10/13,144,NYADI,29.2,275.0,278.0,271.0,275.0,275.00,0.0,0.0,273.90,700.00,280.00,"191,733.00",38,-5.0,7.0,-1.79,2.58,0.4,566.00,241.00,,
2022/10/16,141,NYADI,36.76,270.0,271.0,264.6,264.6,264.60,0.0,0.0,268.02,"1,611.00",275.00,"431,773.10",52,-10.40,6.4,-3.78,2.42,-1.29,566.00,241.00,,
2022/10/17,141,NYADI,28.38,259.4,264.0,251.0,261.0,261.00,0.0,0.0,259.83,500.00,264.60,"129,916.00",45,-3.6,13.0,-1.36,5.18,0.45,566.00,241.00,,
2022/10/19,139,NYADI,27.26,256.0,258.0,252.0,256.0,256.00,0.0,0.0,256.18,"1,100.00",261.00,"281,799.00",40,-5.0,6.0,-1.92,2.38,-0.07,566.00,241.00,,
2022/10/20,142,NYADI,29.4,250.9,256.0,250.1,255.9,255.90,0.0,0.0,252.29,"1,948.00",256.00,"491,454.70",48,-0.1,5.9,-0.04,2.36,1.41,566.00,241.00,,
2022/10/23,145,NYADI,35.3,256.0,260.1,253.0,260.1,260.10,0.0,0.0,256.78,"2,320.00",255.90,"595,731.00",27,4.2,7.1,1.64,2.81,1.28,566.00,241.00,,
2022/10/31,146,NYADI,34.76,260.6,265.8,260.6,262.0,262.00,0.0,0.0,261.29,"1,410.00",260.10,"368,424.00",40,1.9,5.2,0.73,2.0,0.27,566.00,241.00,,
2022/11/01,150,NYADI,41.01,260.0,288.2,260.0,288.2,288.20,0.0,0.0,274.70,"1,584.00",262.00,"435,128.00",58,26.2,28.2,10.0,10.85,4.68,566.00,241.00,,
2022/11/02,147,NYADI,46.4,293.0,297.0,279.0,292.9,292.90,0.0,0.0,288.00,"2,274.00",288.20,"654,912.10",56,4.7,18.0,1.63,6.45,1.67,566.00,241.00,,
2022/11/03,143,NYADI,52.05,295.0,297.0,285.0,286.0,286.00,0.0,0.0,288.91,"1,495.00",292.90,"431,917.00",62,-6.90,12.00,-2.36,4.21,-1.02,566.00,241.00,,
2022/11/06,149,NYADI,52.98,280.4,301.7,276.0,295.0,295.00,0.0,0.0,289.85,"1,884.00",286.00,"546,069.60",81,9.0,25.7,3.15,9.31,1.75,566.00,241.00,,
2022/11/07,147,NYADI,43.71,290.0,300.0,286.0,286.1,286.10,0.0,0.0,293.07,"3,544.00",295.00,"1,038,648.30",69,-8.9,14.0,-3.02,4.9,-2.44,566.00,241.00,,
2022/11/08,147,NYADI,37.0,286.0,292.7,281.1,285.0,285.00,0.0,0.0,287.42,"1,195.00",286.10,"343,472.00",42,-1.1,11.6,-0.38,4.13,-0.85,566.00,241.00,,
2022/11/09,147,NYADI,39.82,280.0,284.0,276.0,276.1,276.10,0.0,0.0,278.67,"2,291.00",285.00,"638,428.30",49,-8.9,8.0,-3.12,2.9,-0.93,566.00,241.00,,
2022/09/08,146,NYADI,34.29,297.0,310.0,296.0,308.0,308.00,0.0,0.0,302.43,"2,995.00",301.10,"905,785.00",77,6.9,14.0,2.29,4.73,1.81,566.00,241.00,,
2022/09/11,141,NYADI,27.69,302.0,307.9,302.0,303.2,303.20,0.0,0.0,303.43,"1,565.00",308.00,"474,864.00",72,-4.8,5.9,-1.56,1.95,-0.08,566.00,241.00,,
2022/09/12,142,NYADI,31.82,300.0,305.0,300.0,305.0,305.00,0.0,0.0,302.12,"2,520.00",303.20,"761,343.00",75,1.8,5.0,0.59,1.67,0.94,566.00,241.00,,
2022/09/13,151,NYADI,38.24,300.0,311.1,298.9,310.0,310.00,0.0,0.0,304.25,"2,717.00",305.00,"826,659.50",86,5.0,12.2,1.64,4.08,1.85,566.00,241.00,,
2022/09/14,148,NYADI,40.81,304.1,322.3,304.0,322.0,322.00,0.0,0.0,315.79,"3,379.00",310.00,"1,067,046.00",104,12.0,18.3,3.87,6.02,1.93,566.00,241.00,,
2022/09/15,148,NYADI,37.4,315.6,315.6,299.0,300.1,300.10,0.0,0.0,306.44,"6,020.00",322.00,"1,844,777.00",104,-21.9,16.6,-6.8,5.55,-2.11,566.00,241.00,,
2022/09/16,141,NYADI,37.8,294.1,300.0,289.0,300.0,300.00,0.0,0.0,289.79,"6,548.00",300.10,"1,897,554.60",55,-0.1,11.0,-0.03,3.81,3.4,566.00,241.00,,
2022/09/18,152,NYADI,26.47,295.0,295.0,285.0,285.3,285.30,0.0,0.0,286.43,"3,765.00",300.00,"1,078,415.50",76,-14.7,10.0,-4.9,3.51,-0.4,566.00,241.00,,
2022/09/20,153,NYADI,23.38,280.0,280.5,270.7,271.0,271.00,0.0,0.0,274.14,"4,375.00",285.30,"1,199,375.00",84,-14.3,9.8,-5.01,3.62,-1.16,566.00,241.00,,
2022/09/21,148,NYADI,25.55,271.0,278.0,270.0,276.0,276.00,0.0,0.0,272.53,973.00,271.00,"265,173.00",65,5.0,8.0,1.85,2.96,1.26,566.00,241.00,,
2022/09/22,149,NYADI,19.07,271.0,272.0,266.1,267.0,267.00,0.0,0.0,270.19,"1,213.00",276.00,"327,736.00",43,-9.0,5.90,-3.26,2.22,-1.19,566.00,241.00,,
2022/09/25,149,NYADI,20.36,261.7,272.3,256.5,260.0,260.00,0.0,0.0,261.80,"1,320.00",267.00,"345,577.00",64,-7.0,15.8,-2.62,6.16,-0.69,566.00,241.00,,
2022/09/27,150,NYADI,28.73,260.0,266.4,260.0,261.8,261.80,0.0,0.0,263.42,623.00,260.00,"164,111.60",40,1.8,6.4,0.69,2.46,-0.62,566.00,241.00,,
2022/09/28,145,NYADI,27.11,256.6,275.9,256.6,275.9,275.90,0.0,0.0,265.70,295.00,261.80,"78,381.00",22,14.1,19.3,5.39,7.52,3.7,566.00,241.00,,
2022/09/29,144,NYADI,41.25,270.4,274.9,265.5,274.0,274.00,0.0,0.0,269.71,"1,855.00",275.90,"500,307.00",37,-1.9,9.4,-0.69,3.54,1.57,566.00,241.00,,
2022/10/09,205,NYADI,31.48,410.0,418.0,410.0,416.4,416.40,0.0,0.0,414.26,"2,730.00",418.00,"1,130,941.00",39,-1.6,8.0,-0.38,1.95,0.51,880.00,283.30,472.98,516.20
2022/08/18,142,NYADI,41.79,335.0,355.0,335.0,351.0,351.00,0.0,0.0,348.37,"3,110.00",340.00,"1,083,440.00",132,11.0,20.0,3.24,5.97,0.75,566.00,241.00,,
2022/08/21,205,NYADI,31.48,410.0,418.0,410.0,416.4,416.40,0.0,0.0,414.26,"2,730.00",418.00,"1,130,941.00",39,-1.6,8.0,-0.38,1.95,0.51,880.00,283.30,472.98,516.20
2022/08/22,143,NYADI,43.06,340.0,347.0,338.0,343.9,343.90,0.0,0.0,340.51,"3,029.00",346.90,"1,031,390.50",127,-3.0,9.0,-0.86,2.66,0.99,566.00,241.00,,
2022/08/23,144,NYADI,37.43,337.1,343.0,336.4,340.0,340.00,0.0,0.0,339.06,"2,774.00",343.90,"940,543.00",88,-3.9,6.6,-1.13,1.96,0.28,566.00,241.00,,
2022/08/24,143,NYADI,39.64,333.3,353.0,333.3,353.0,353.00,0.0,0.0,340.63,"5,530.00",340.00,"1,883,711.50",127,13.0,19.7,3.82,5.91,3.5,566.00,241.00,,
2022/08/25,144,NYADI,28.64,346.0,348.1,333.0,340.1,340.10,0.0,0.0,344.21,"4,871.00",353.00,"1,676,643.00",121,-12.9,15.1,-3.65,4.53,-1.21,566.00,241.00,,
2022/08/26,137,NYADI,16.87,334.0,340.0,330.0,330.0,330.00,0.0,0.0,331.60,490.00,340.10,"162,483.00",35,-10.1,10.0,-2.97,3.03,-0.48,566.00,241.00,,
2022/08/28,146,NYADI,24.02,325.0,330.0,310.0,312.1,312.10,0.0,0.0,315.20,"8,035.00",330.00,"2,532,624.70",127,-17.9,20.0,-5.42,6.45,-0.99,566.00,241.00,,
2022/08/29,145,NYADI,17.83,312.1,318.0,306.1,318.0,318.00,0.0,0.0,309.92,"2,224.00",312.10,"689,252.00",69,5.9,11.9,1.89,3.89,2.54,566.00,241.00,,
2022/08/30,147,NYADI,23.39,315.0,320.0,314.0,315.0,315.00,0.0,0.0,316.82,"2,565.00",318.00,"812,647.00",70,-3.0,6.0,-0.94,1.91,-0.58,566.00,241.00,,
2022/08/31,144,NYADI,25.58,309.1,317.0,309.0,309.0,309.00,0.0,0.0,310.39,"2,505.00",315.00,"777,519.80",71,-6.0,8.0,-1.9,2.59,-0.45,566.00,241.00,,
2022/09/01,143,NYADI,33.36,303.0,325.0,303.0,310.0,310.00,0.0,0.0,311.94,"4,073.00",309.00,"1,270,527.80",108,1.0,22.0,0.32,7.26,-0.63,566.00,241.00,,
2022/09/02,141,NYADI,24.9,304.0,312.0,304.0,312.0,312.00,0.0,0.0,308.42,430.00,310.00,"132,621.00",25,2.0,8.0,0.65,2.63,1.15,566.00,241.00,,
2022/09/04,149,NYADI,32.11,306.0,318.0,306.0,308.5,308.50,0.0,0.0,308.78,"3,768.00",312.00,"1,163,501.30",82,-3.5,12.0,-1.12,3.92,-0.09,566.00,241.00,,
2022/09/05,145,NYADI,30.55,305.0,322.9,303.2,309.0,309.00,0.0,0.0,311.79,"1,436.00",308.50,"447,726.00",81,0.5,19.7,0.16,6.5,-0.9,566.00,241.00,,
2022/09/06,144,NYADI,28.49,305.0,310.0,305.0,307.0,307.00,0.0,0.0,308.29,"1,380.00",309.00,"425,440.00",62,-2.0,5.0,-0.65,1.64,-0.42,566.00,241.00,,
2022/07/28,145,NYADI,57.11,344.0,365.0,340.1,340.1,340.10,0.0,0.0,351.71,"21,062.00",338.00,"7,407,620.50",261,2.1,24.90,0.62,7.32,-3.41,566.00,241.00,,
2022/07/29,139,NYADI,51.17,340.0,353.7,336.0,348.0,348.00,0.0,0.0,342.42,"6,063.00",340.10,"2,076,116.00",92,7.9,17.70,2.32,5.27,1.6,566.00,241.00,,
2022/07/31,145,NYADI,51.43,348.0,354.0,345.0,346.0,346.00,0.0,0.0,347.97,"6,360.00",348.00,"2,213,103.00",162,-2.0,9.0,-0.57,2.61,-0.57,566.00,241.00,,
2022/08/01,143,NYADI,53.66,346.0,355.9,339.1,344.0,344.00,0.0,0.0,349.60,"17,346.00",346.00,"6,064,173.20",184,-2.0,16.8,-0.58,4.95,-1.63,566.00,241.00,,
2022/08/02,143,NYADI,45.78,346.0,350.8,339.2,344.0,344.00,0.0,0.0,344.81,"8,740.00",344.00,"3,013,670.60",164,0.0,11.6,0.0,3.42,-0.24,566.00,241.00,,
2022/08/03,144,NYADI,51.7,350.0,367.2,346.0,366.0,366.00,0.0,0.0,359.98,"17,995.00",344.00,"6,477,752.00",232,22.0,21.2,6.4,6.13,1.65,566.00,241.00,,
2022/08/04,141,NYADI,52.96,373.3,387.0,370.0,375.0,375.00,0.0,0.0,378.48,"46,516.00",366.00,"17,605,440.20",453,9.0,17.0,2.46,4.59,-0.93,566.00,241.00,,
2022/08/05,140,NYADI,50.2,367.6,373.0,367.6,369.0,369.00,0.0,0.0,370.10,"15,312.00",375.00,"5,666,986.70",143,-6.0,5.4,-1.6,1.47,-0.3,566.00,241.00,,
2022/08/07,144,NYADI,48.09,375.0,382.5,367.0,381.0,381.00,0.0,0.0,372.32,"10,575.00",369.00,"3,937,260.10",234,12.0,15.5,3.25,4.22,2.28,566.00,241.00,,
2022/08/08,140,NYADI,44.84,387.0,400.0,378.0,379.5,379.50,0.0,0.0,385.83,"16,549.00",381.00,"6,385,106.90",196,-1.50,22.00,-0.39,5.82,-1.67,566.00,241.00,,
2022/08/09,147,NYADI,35.51,372.0,375.0,355.2,355.2,355.20,0.0,0.0,363.08,"15,007.00",379.50,"5,448,741.40",190,-24.3,19.8,-6.4,5.57,-2.22,566.00,241.00,,
2022/08/10,144,NYADI,33.13,350.0,356.0,344.0,345.4,345.40,0.0,0.0,348.89,"10,644.00",355.20,"3,713,635.90",144,-9.8,12.00,-2.76,3.49,-1.01,566.00,241.00,,
2022/08/11,148,NYADI,28.22,339.0,362.1,338.3,340.0,340.00,0.0,0.0,348.90,"4,503.00",345.40,"1,571,078.80",120,-5.40,23.80,-1.56,7.04,-2.62,566.00,241.00,,
2022/08/14,147,NYADI,24.51,333.2,347.0,327.0,327.0,327.00,0.0,0.0,333.23,"3,790.00",340.00,"1,262,951.60",117,-13.0,20.0,-3.82,6.12,-1.91,566.00,241.00,,
2022/08/15,139,NYADI,29.63,320.5,351.0,320.0,350.0,350.00,0.0,0.0,340.51,"2,595.00",327.00,"883,612.50",124,23.0,31.0,7.03,9.69,2.71,566.00,241.00,,
2022/08/16,146,NYADI,28.78,343.1,357.0,336.2,338.0,338.00,0.0,0.0,339.89,"8,183.00",350.00,"2,781,335.40",117,-12.00,20.80,-3.43,6.19,-0.56,566.00,241.00,,
2022/07/08,139,NYADI,28.68,323.0,328.0,319.1,321.0,321.00,0.0,0.0,322.89,"2,335.00",325.00,"753,957.00",72,-4.0,8.9,-1.23,2.79,-0.59,566.00,241.00,,
2022/07/11,144,NYADI,30.55,314.6,314.6,300.0,301.1,301.10,0.0,0.0,302.66,"7,583.00",321.00,"2,295,037.30",113,-19.9,14.6,-6.2,4.87,-0.52,566.00,241.00,,
2022/07/12,145,NYADI,26.14,300.0,323.3,289.2,301.0,301.00,0.0,0.0,301.74,"4,050.00",301.10,"1,222,052.50",88,-0.1,34.1,-0.03,11.79,-0.25,566.00,241.00,,
2022/07/13,147,NYADI,31.08,298.0,325.0,298.0,325.0,325.00,0.0,0.0,313.86,"2,842.00",301.00,"891,985.70",127,24.0,27.0,7.97,9.06,3.43,566.00,241.00,,
2022/07/14,143,NYADI,35.46,328.0,334.0,309.2,323.0,323.00,0.0,0.0,321.11,"4,405.00",325.00,"1,414,488.00",108,-2.0,24.80,-0.62,8.02,0.59,566.00,241.00,,
2022/07/15,150,NYADI,36.13,316.6,321.0,315.0,316.0,316.00,0.0,0.0,317.57,"2,255.00",323.00,"716,119.40",50,-7.0,6.0,-2.17,1.9,-0.5,566.00,241.00,,
2022/07/17,138,NYADI,31.47,316.0,322.0,312.0,315.0,315.00,0.0,0.0,316.20,"2,144.00",316.00,"677,941.50",75,-1.0,10.0,-0.32,3.21,-0.38,566.00,241.00,,
2022/07/18,138,NYADI,26.15,310.0,320.0,310.0,319.0,319.00,0.0,0.0,316.32,"1,777.00",315.00,"562,100.00",65,4.00,10.0,1.27,3.23,0.84,566.00,241.00,,
2022/07/19,140,NYADI,30.55,325.3,328.0,315.0,320.0,320.00,0.0,0.0,321.24,"3,899.00",319.00,"1,252,511.00",113,1.0,13.0,0.31,4.13,-0.39,566.00,241.00,,
2022/07/20,140,NYADI,36.48,326.0,326.0,315.1,320.0,320.00,0.0,0.0,316.98,"2,931.00",320.00,"929,069.50",92,0.0,10.9,0.0,3.46,0.94,566.00,241.00,,
2022/07/21,145,NYADI,44.18,314.0,321.3,311.1,320.0,320.00,0.0,0.0,317.82,"2,000.00",320.00,"635,631.00",84,0.0,10.2,0.0,3.28,0.68,566.00,241.00,,
2022/07/22,137,NYADI,28.47,320.0,320.0,309.0,312.3,312.30,0.0,0.0,312.49,"2,288.00",320.00,"714,988.00",45,-7.7,11.0,-2.41,3.56,-0.06,566.00,241.00,,
2022/07/23,205,NYADI,31.48,410.0,418.0,410.0,416.4,416.40,0.0,0.0,414.26,"2,730.00",418.00,"1,130,941.00",39,-1.6,8.0,-0.38,1.95,0.51,880.00,283.30,472.98,516.20
2022/07/24,143,NYADI,43.39,318.4,320.0,310.0,320.0,320.00,0.0,0.0,315.10,"4,296.00",312.30,"1,353,665.40",111,7.7,10.0,2.47,3.23,1.53,566.00,241.00,,
2022/07/25,142,NYADI,53.28,326.0,342.0,320.2,334.0,334.00,0.0,0.0,335.71,"8,907.00",320.00,"2,990,132.70",169,14.0,21.8,4.38,6.81,-0.51,566.00,241.00,,
2022/07/26,147,NYADI,49.3,328.0,345.0,321.5,326.1,326.10,0.0,0.0,331.63,"5,942.00",334.00,"1,970,571.50",129,-7.9,23.5,-2.37,7.31,-1.7,566.00,241.00,,
2022/06/19,141,NYADI,32.93,292.2,303.8,284.0,284.0,284.00,0.0,0.0,289.37,"3,548.00",298.00,"1,026,671.50",78,-14.0,19.80,-4.7,6.97,-1.89,566.00,282.30,,
2022/06/20,144,NYADI,32.86,279.0,279.0,261.5,268.0,268.00,0.0,0.0,265.99,"5,226.00",284.00,"1,390,055.30",112,-16.0,17.50,-5.63,6.69,0.75,566.00,261.50,,
2022/06/21,147,NYADI,36.86,262.7,277.0,258.0,275.0,275.00,0.0,0.0,268.74,"5,135.00",268.00,"1,379,956.50",88,7.0,19.00,2.61,7.36,2.28,566.00,258.00,,
2022/06/22,147,NYADI,27.61,269.5,269.5,262.1,263.0,263.00,0.0,0.0,263.53,"1,280.00",275.00,"337,323.00",46,-12.0,7.4,-4.36,2.82,-0.2,566.00,258.00,,
2022/06/23,152,NYADI,31.64,263.0,263.0,248.1,248.1,248.10,0.0,0.0,254.02,"3,047.00",263.00,"774,008.00",67,-14.9,14.9,-5.67,6.01,-2.39,566.00,248.10,,
2022/06/24,143,NYADI,46.11,243.2,272.9,241.0,272.9,272.90,0.0,0.0,261.91,"10,912.00",248.10,"2,858,011.00",154,24.8,31.9,10.0,13.24,4.03,566.00,241.00,,
2022/06/26,149,NYADI,48.25,272.9,300.1,272.9,300.1,300.10,0.0,0.0,297.39,"11,744.00",272.90,"3,492,606.00",206,27.2,27.2,9.97,9.97,0.9,566.00,241.00,,
2022/06/27,146,NYADI,49.54,306.1,330.1,306.1,330.0,330.00,0.0,0.0,325.53,"26,797.00",300.10,"8,723,174.60",427,29.9,24.0,9.96,7.84,1.36,566.00,241.00,,
2022/06/28,146,NYADI,49.7,336.6,336.6,304.1,316.0,316.00,0.0,0.0,319.23,"12,949.00",330.00,"4,133,711.80",226,-14.0,32.5,-4.24,10.69,-1.02,566.00,241.00,,
2022/06/29,146,NYADI,34.4,316.0,325.0,311.2,323.0,323.00,0.0,0.0,318.50,"3,856.00",316.00,"1,228,137.40",111,7.0,13.8,2.22,4.43,1.39,566.00,241.00,,
2022/06/30,145,NYADI,45.78,328.0,355.3,319.0,355.3,355.30,0.0,0.0,336.48,"9,146.00",323.00,"3,077,430.00",169,32.30,36.30,10.0,11.38,5.3,566.00,241.00,,
2022/07/01,142,NYADI,45.18,355.3,370.0,350.0,355.0,355.00,0.0,0.0,356.76,"5,171.00",355.30,"1,844,828.40",105,-0.3,20.0,-0.08,5.71,-0.5,566.00,241.00,,
2022/07/03,149,NYADI,52.54,355.0,368.0,341.0,355.0,355.00,0.0,0.0,358.35,"12,438.00",355.00,"4,457,124.00",190,0.0,27.0,0.0,7.92,-0.94,566.00,241.00,,
2022/07/04,152,NYADI,54.95,355.0,369.3,348.0,349.0,349.00,0.0,0.0,357.26,"14,845.00",355.00,"5,303,588.50",189,-6.0,21.30,-1.69,6.12,-2.37,566.00,241.00,,
2022/07/05,147,NYADI,31.69,342.1,350.0,325.4,330.0,330.00,0.0,0.0,336.05,"9,287.00",349.00,"3,120,877.60",155,-19.0,24.6,-5.44,7.56,-1.83,566.00,241.00,,
2022/07/06,148,NYADI,31.84,336.0,337.0,315.0,335.0,335.00,0.0,0.0,325.06,"7,078.00",330.00,"2,300,753.60",123,5.0,22.0,1.52,6.98,2.97,566.00,241.00,,
2022/05/27,141,NYADI,41.21,360.0,360.0,348.0,360.0,360.00,0.0,0.0,351.81,"2,946.00",360.00,"1,036,422.60",82,0.0,12.0,0.0,3.45,2.28,566.00,282.30,,
2022/05/30,144,NYADI,38.47,357.0,357.0,343.0,346.0,346.00,0.0,0.0,344.75,"4,890.00",360.00,"1,685,835.00",77,-14.0,14.0,-3.89,4.08,0.36,566.00,282.30,,
2022/05/31,148,NYADI,31.97,340.0,347.8,336.0,336.2,336.20,0.0,0.0,339.05,"2,850.00",346.00,"966,297.20",80,-9.8,11.8,-2.83,3.51,-0.85,566.00,282.30,,
2022/06/01,145,NYADI,33.92,330.0,341.0,330.0,332.0,332.00,0.0,0.0,333.02,"5,330.00",336.20,"1,774,988.50",81,-4.2,11.0,-1.25,3.33,-0.31,566.00,282.30,,
2022/06/02,148,NYADI,24.7,335.0,340.0,330.0,330.0,330.00,0.0,0.0,332.97,"1,522.00",332.00,"506,785.00",50,-2.0,10.0,-0.6,3.03,-0.9,566.00,282.30,,
2022/06/03,147,NYADI,28.66,325.5,331.0,321.0,323.0,323.00,0.0,0.0,324.36,"3,295.00",330.00,"1,068,763.20",74,-7.0,10.0,-2.12,3.12,-0.42,566.00,282.30,,
2022/06/06,145,NYADI,29.58,317.0,331.5,315.1,325.0,325.00,0.0,0.0,320.09,"2,100.00",323.00,"672,187.00",70,2.0,16.4,0.62,5.2,1.51,566.00,282.30,,
2022/06/07,152,NYADI,28.27,318.8,322.0,313.7,314.0,314.00,0.0,0.0,317.41,"2,213.00",325.00,"702,437.60",62,-11.0,8.3,-3.38,2.65,-1.09,566.00,282.30,,
2022/06/08,150,NYADI,35.62,311.0,332.4,311.0,323.1,323.10,0.0,0.0,325.07,"2,595.00",314.00,"843,550.50",86,9.1,21.40,2.9,6.88,-0.61,566.00,282.30,,
2022/06/09,148,NYADI,38.55,323.1,340.0,317.0,318.0,318.00,0.0,0.0,325.02,"3,320.00",323.10,"1,079,079.00",83,-5.1,23.0,-1.58,7.26,-2.21,566.00,282.30,,
2022/06/10,149,NYADI,31.84,324.3,324.3,313.2,317.0,317.00,0.0,0.0,316.64,927.00,318.00,"293,527.00",50,-1.0,11.1,-0.31,3.54,0.11,566.00,282.30,,
2022/06/12,205,NYADI,31.48,410.0,418.0,410.0,416.4,416.40,0.0,0.0,414.26,"2,730.00",418.00,"1,130,941.00",39,-1.6,8.0,-0.38,1.95,0.51,880.00,283.30,472.98,516.20
2022/06/13,147,NYADI,37.04,310.8,321.4,310.8,315.0,315.00,0.0,0.0,316.43,"1,581.00",317.00,"500,281.00",62,-2.0,10.6,-0.63,3.41,-0.46,566.00,282.30,,
2022/06/14,147,NYADI,34.28,311.0,316.0,308.8,309.0,309.00,0.0,0.0,310.86,"3,340.00",315.00,"1,038,257.50",99,-6.0,7.2,-1.9,2.33,-0.6,566.00,282.30,,
2022/06/15,148,NYADI,33.99,303.0,303.0,291.1,300.0,300.00,0.0,0.0,298.34,"2,194.00",309.00,"654,554.40",81,-9.0,11.90,-2.91,4.09,0.55,566.00,282.30,,
2022/06/16,140,NYADI,32.82,294.0,317.0,294.0,300.0,300.00,0.0,0.0,300.63,"1,385.00",300.00,"416,373.20",62,0.0,23.0,0.0,7.82,-0.21,566.00,282.30,,
2022/05/02,147,NYADI,35.83,386.0,393.0,374.1,375.0,375.00,0.0,0.0,378.70,"5,895.00",393.30,"2,232,464.20",148,-18.3,18.9,-4.65,5.05,-0.99,566.00,282.30,,
2022/05/04,149,NYADI,31.82,368.0,380.0,361.0,363.0,363.00,0.0,0.0,365.46,"4,666.00",375.00,"1,705,218.60",103,-12.0,19.0,-3.2,5.26,-0.68,566.00,282.30,,
2022/05/05,150,NYADI,32.1,363.0,363.0,344.2,353.0,353.00,0.0,0.0,350.40,"7,144.00",363.00,"2,503,240.00",121,-10.0,18.8,-2.75,5.46,0.74,566.00,282.30,,
2022/05/06,205,NYADI,31.48,410.0,418.0,410.0,416.4,416.40,0.0,0.0,414.26,"2,730.00",418.00,"1,130,941.00",39,-1.6,8.0,-0.38,1.95,0.51,880.00,283.30,472.98,516.20
2022/05/08,150,NYADI,33.93,348.0,360.0,336.0,354.4,354.40,0.0,0.0,341.56,"7,743.00",353.00,"2,644,723.00",131,1.4,24.0,0.4,7.14,3.62,566.00,282.30,,
2022/05/09,143,NYADI,32.85,349.0,362.0,349.0,351.0,351.00,0.0,0.0,356.64,"4,450.00",354.40,"1,587,069.50",105,-3.4,13.0,-0.96,3.72,-1.61,566.00,282.30,,
2022/05/10,146,NYADI,40.51,346.0,367.2,346.0,366.0,366.00,0.0,0.0,359.54,"5,366.00",351.00,"1,929,272.80",103,15.0,21.2,4.27,6.13,1.77,566.00,282.30,,
2022/05/11,147,NYADI,49.69,373.1,388.0,360.0,384.0,384.00,0.0,0.0,378.47,"11,876.00",366.00,"4,494,749.50",167,18.0,28.0,4.92,7.78,1.44,566.00,282.30,,
2022/05/12,145,NYADI,50.03,391.6,401.8,377.0,389.7,389.70,0.0,0.0,392.87,"15,321.00",384.00,"6,019,153.40",177,5.7,24.8,1.48,6.58,-0.81,566.00,282.30,,
2022/05/17,141,NYADI,47.13,382.0,382.0,365.6,369.0,369.00,0.0,0.0,370.29,"5,725.00",389.70,"2,119,910.60",122,-20.70,16.4,-5.31,4.49,-0.35,566.00,282.30,,
2022/05/18,144,NYADI,46.81,370.0,384.0,351.3,380.0,380.00,0.0,0.0,364.23,"4,429.00",369.00,"1,613,196.20",103,11.0,32.7,2.98,9.31,4.15,566.00,282.30,,
2022/05/19,141,NYADI,31.82,372.5,381.0,366.1,366.1,366.10,0.0,0.0,372.66,"3,372.00",380.00,"1,256,599.90",95,-13.9,14.9,-3.66,4.07,-1.79,566.00,282.30,,
2022/05/20,143,NYADI,26.64,358.8,373.4,352.3,361.5,361.50,0.0,0.0,360.99,"2,658.00",366.10,"959,498.80",64,-4.6,21.1,-1.26,5.99,0.14,566.00,282.30,,
2022/05/23,144,NYADI,32.49,354.3,360.0,341.4,353.0,353.00,0.0,0.0,348.48,"4,555.00",361.50,"1,587,306.90",130,-8.5,18.6,-2.35,5.45,1.28,566.00,282.30,,
2022/05/24,143,NYADI,30.89,353.0,367.2,347.1,349.0,349.00,0.0,0.0,356.45,"6,181.00",353.00,"2,203,206.50",116,-4.0,20.10,-1.13,5.79,-2.13,566.00,282.30,,
2022/05/25,144,NYADI,31.46,343.0,362.1,343.0,355.0,355.00,0.0,0.0,357.63,"1,894.00",349.00,"677,344.70",82,6.0,19.1,1.72,5.57,-0.74,566.00,282.30,,
2022/04/04,145,NYADI,42.79,445.9,450.0,439.0,450.0,450.00,0.0,0.0,444.87,"4,533.00",454.90,"2,016,615.60",164,-4.9,11.0,-1.08,2.51,1.14,566.00,282.30,,
2022/04/05,147,NYADI,36.47,441.0,441.0,425.0,438.0,438.00,0.0,0.0,433.07,"10,520.00",450.00,"4,555,948.70",240,-12.0,16.00,-2.67,3.76,1.12,566.00,282.30,,
2022/04/06,144,NYADI,37.52,429.3,441.0,419.9,436.0,436.00,0.0,0.0,426.96,"6,185.00",438.00,"2,640,722.00",198,-2.0,21.1,-0.46,5.03,2.07,566.00,282.30,,
2022/04/07,143,NYADI,36.89,444.0,444.0,425.0,429.1,429.10,0.0,0.0,432.40,"10,979.00",436.00,"4,747,367.00",223,-6.9,19.0,-1.58,4.47,-0.77,566.00,282.30,,
2022/04/11,149,NYADI,39.59,435.0,443.7,421.5,427.0,427.00,0.0,0.0,430.21,"11,615.00",429.10,"4,996,935.20",237,-2.1,22.2,-0.49,5.27,-0.75,566.00,282.30,,
2022/04/12,152,NYADI,36.0,420.0,422.0,397.1,401.1,401.10,0.0,0.0,405.04,"9,734.00",427.00,"3,942,640.00",178,-25.9,24.9,-6.07,6.27,-0.98,566.00,282.30,,
2022/04/13,148,NYADI,34.95,394.0,411.9,394.0,410.0,410.00,0.0,0.0,406.30,"5,670.00",401.10,"2,303,697.30",153,8.90,17.9,2.22,4.54,0.9,566.00,282.30,,
2022/04/17,147,NYADI,34.15,410.0,417.0,397.0,400.0,400.00,0.0,0.0,402.09,"4,681.00",410.00,"1,882,193.00",123,-10.00,20.0,-2.44,5.04,-0.52,566.00,282.30,,
2022/04/18,146,NYADI,30.97,392.0,400.0,381.0,381.0,381.00,0.0,0.0,390.74,"4,772.00",400.00,"1,864,591.70",129,-19.0,19.00,-4.75,4.99,-2.56,566.00,282.30,,
2022/04/19,146,NYADI,38.72,380.0,390.0,361.2,387.0,387.00,0.0,0.0,376.77,"7,350.00",381.00,"2,769,282.40",127,6.0,28.8,1.57,7.97,2.64,566.00,282.30,,
2022/04/20,146,NYADI,33.25,382.0,401.0,368.0,375.0,375.00,0.0,0.0,381.73,"5,304.00",387.00,"2,024,717.50",154,-12.0,33.0,-3.1,8.97,-1.8,566.00,282.30,,
2022/04/21,147,NYADI,38.43,370.0,399.8,360.0,390.0,390.00,0.0,0.0,367.56,"5,538.00",375.00,"2,035,572.20",156,15.0,39.80,4.0,11.06,5.75,566.00,282.30,,
2022/04/24,156,NYADI,48.48,395.0,419.8,374.6,419.8,419.80,0.0,0.0,404.97,"12,837.00",390.00,"5,198,653.50",242,29.80,45.20,7.64,12.07,3.53,566.00,282.30,,
2022/04/25,153,NYADI,48.52,412.0,424.3,398.0,400.0,400.00,0.0,0.0,408.91,"11,852.00",419.80,"4,846,413.20",204,-19.8,26.3,-4.72,6.61,-2.23,566.00,282.30,,
2022/04/26,145,NYADI,45.63,392.1,408.0,390.3,396.0,396.00,0.0,0.0,400.26,"5,881.00",400.00,"2,353,913.00",154,-4.0,17.7,-1.0,4.53,-1.08,566.00,282.30,,
2022/04/27,147,NYADI,40.58,389.0,403.9,386.1,395.0,395.00,0.0,0.0,395.61,"3,525.00",396.00,"1,394,515.10",78,-1.0,17.8,-0.25,4.61,-0.15,566.00,282.30,,
2022/03/09,146,NYADI,28.37,494.7,494.7,464.0,470.0,470.00,0.0,0.0,469.41,"10,317.00",486.00,"4,842,919.20",216,-16.0,30.7,-3.29,6.62,0.13,566.00,282.30,,
2022/03/10,147,NYADI,43.52,470.0,517.0,447.0,503.0,503.00,0.0,0.0,484.67,"16,084.00",470.00,"7,795,460.60",266,33.0,70.0,7.02,15.66,3.64,566.00,282.30,,
2022/03/13,145,NYADI,52.66,513.0,517.0,491.1,505.0,505.00,0.0,0.0,501.71,"27,030.00",503.00,"13,561,290.20",461,2.00,25.90,0.4,5.27,0.65,566.00,282.30,,
2022/03/14,142,NYADI,48.53,495.0,504.9,486.1,490.4,490.40,0.0,0.0,495.84,"6,148.00",505.00,"3,048,396.50",105,-14.6,18.8,-2.89,3.87,-1.11,566.00,282.30,,
2022/03/15,149,NYADI,51.11,483.2,499.7,467.0,476.0,476.00,0.0,0.0,479.25,"19,314.00",490.40,"9,256,266.00",316,-14.4,32.7,-2.94,7.0,-0.68,566.00,282.30,,
2022/03/16,146,NYADI,30.58,485.5,489.2,470.5,483.5,483.50,0.0,0.0,479.21,"8,788.00",476.00,"4,211,278.90",238,7.5,18.7,1.58,3.97,0.89,566.00,282.30,,
2022/03/20,141,NYADI,32.01,475.0,493.1,475.0,484.0,484.00,0.0,0.0,478.64,"6,100.00",483.50,"2,919,718.10",235,0.5,18.1,0.1,3.81,1.11,566.00,282.30,,
2022/03/21,147,NYADI,36.47,490.0,496.0,475.1,489.0,489.00,0.0,0.0,486.07,"9,304.00",484.00,"4,522,389.20",279,5.00,20.9,1.03,4.4,0.6,566.00,282.30,,
2022/03/22,147,NYADI,50.71,498.6,498.6,478.0,484.0,484.00,0.0,0.0,484.94,"7,378.00",489.00,"3,577,886.70",194,-5.0,20.6,-1.02,4.31,-0.19,566.00,282.30,,
2022/03/23,144,NYADI,37.26,483.0,483.0,470.0,471.0,471.00,0.0,0.0,473.24,"12,633.00",484.00,"5,978,453.60",219,-13.0,13.0,-2.69,2.77,-0.48,566.00,282.30,,
2022/03/24,144,NYADI,33.11,471.0,475.0,467.0,469.0,469.00,0.0,0.0,469.27,"7,182.00",471.00,"3,370,278.00",218,-2.0,8.0,-0.42,1.71,-0.06,566.00,282.30,,
2022/03/27,205,NYADI,31.48,410.0,418.0,410.0,416.4,416.40,0.0,0.0,414.26,"2,730.00",418.00,"1,130,941.00",39,-1.6,8.0,-0.38,1.95,0.51,880.00,283.30,472.98,516.20
2022/03/28,149,NYADI,36.16,460.0,469.1,442.0,444.0,444.00,0.0,0.0,448.32,"5,974.00",453.00,"2,678,260.20",200,-9.0,27.1,-1.99,6.13,-0.97,566.00,282.30,,
2022/03/29,143,NYADI,41.93,436.0,459.0,436.0,449.7,449.70,0.0,0.0,443.57,"9,089.00",444.00,"4,031,648.60",161,5.7,23.0,1.28,5.28,1.36,566.00,282.30,,
2022/03/30,149,NYADI,43.93,440.8,464.2,440.8,463.0,463.00,0.0,0.0,452.41,"7,335.00",449.70,"3,318,402.00",179,13.3,23.4,2.96,5.31,2.29,566.00,282.30,,
2022/03/31,146,NYADI,45.28,458.0,470.0,451.1,451.1,451.10,0.0,0.0,459.41,"8,375.00",463.00,"3,847,562.40",207,-11.9,18.9,-2.57,4.19,-1.84,566.00,282.30,,
2022/04/28,145,NYADI,33.28,387.1,402.9,387.1,393.3,393.30,0.0,0.0,393.56,"8,301.00",395.00,"3,266,910.80",95,-1.7,15.8,-0.43,4.08,-0.07,566.00,282.30,,
2022/05/26,142,NYADI,37.85,360.0,370.0,355.1,360.0,360.00,0.0,0.0,359.35,"3,079.00",355.00,"1,106,427.90",108,5.0,14.9,1.41,4.2,0.18,566.00,282.30,,
2022/06/17,140,NYADI,27.97,294.0,306.0,290.0,298.0,298.00,0.0,0.0,296.88,400.00,300.00,"118,753.00",26,-2.0,16.0,-0.67,5.52,0.38,566.00,282.30,,
2022/07/07,146,NYADI,33.03,335.0,336.0,322.0,325.0,325.00,0.0,0.0,327.23,"6,975.00",335.00,"2,282,461.10",89,-10.0,14.0,-2.99,4.35,-0.69,566.00,241.00,,
2022/07/27,146,NYADI,53.43,320.0,340.0,314.0,338.0,338.00,0.0,0.0,330.93,"6,115.00",326.10,"2,023,618.70",139,11.9,26.0,3.65,8.28,2.09,566.00,241.00,,
2022/08/17,143,NYADI,26.55,332.1,353.0,332.1,340.0,340.00,0.0,0.0,341.44,"2,557.00",338.00,"873,058.30",97,2.0,20.9,0.59,6.29,-0.42,566.00,241.00,,
2022/09/07,145,NYADI,27.56,301.0,306.2,300.0,301.1,301.10,0.0,0.0,304.14,"5,140.00",307.00,"1,563,290.00",78,-5.9,6.2,-1.92,2.07,-1.01,566.00,241.00,,
2022/10/10,154,NYADI,44.32,285.0,295.0,271.0,271.0,271.00,0.0,0.0,280.15,"1,726.00",284.50,"483,546.00",38,-13.5,24.0,-4.75,8.86,-3.38,566.00,241.00,,
2022/11/10,147,NYADI,28.34,272.0,276.5,266.6,268.2,268.20,0.0,0.0,270.68,"1,833.00",276.10,"496,153.00",49,-7.9,9.9,-2.86,3.71,-0.92,566.00,241.00,,
2022/12/06,153,NYADI,39.63,272.0,275.0,270.1,271.7,271.70,0.0,0.0,273.94,"1,350.00",275.50,"369,823.00",36,-3.8,4.9,-1.38,1.81,-0.83,566.00,241.00,,
2023/01/02,162,NYADI,49.32,289.3,313.0,284.2,297.2,297.20,0.0,0.0,298.59,"3,558.00",295.20,"1,062,391.40",98,2.0,28.8,0.68,10.13,-0.47,566.00,241.00,,
2023/01/31,163,NYADI,45.72,330.3,338.0,326.0,335.0,335.00,0.0,0.0,333.53,"6,627.00",337.00,"2,210,323.00",162,-2.0,12.0,-0.59,3.68,0.44,566.00,241.00,,
2023/02/27,162,NYADI,26.81,341.1,353.0,340.0,341.5,341.50,0.0,0.0,343.73,"6,934.00",348.00,"2,383,409.00",108,-6.5,13.00,-1.87,3.82,-0.65,545.00,241.00,,
2023/03/27,164,NYADI,26.48,322.0,331.5,322.0,330.0,330.00,0.0,0.0,324.41,"1,270.00",326.00,"412,006.00",69,4.0,9.5,1.23,2.95,1.69,470.00,241.00,,
2023/04/19,168,NYADI,36.84,303.2,315.0,303.2,310.0,310.00,0.0,0.0,305.95,"1,000.00",309.30,"305,945.00",70,0.7,11.8,0.23,3.89,1.31,424.30,241.00,,
2019/10/05,205,NYADI,31.48,410.0,418.0,410.0,416.4,416.40,0.0,0.0,414.26,"2,730.00",418.00,"1,130,941.00",39,-1.6,8.0,-0.38,1.95,0.51,880.00,283.30,472.98,516.20
2022/04/03,144,NYADI,45.61,442.2,454.9,442.0,454.9,454.90,0.0,0.0,445.74,"4,216.00",451.10,"1,879,252.00",225,3.8,12.9,0.84,2.92,2.01,566.00,282.30,,
2023/05/15,171,NYADI,31.91,260.3,270.0,260.0,264.2,264.20,0.0,0.0,262.29,580.00,265.60,"152,130.00",41,-1.4,10.0,-0.53,3.85,0.72,400.00,241.00,,
2024/07/17,205,NYADI,31.48,410.0,418.0,410.0,416.4,416.40,0.0,0.0,414.26,"2,730.00",418.00,"1,130,941.00",39,-1.6,8.0,-0.38,1.95,0.51,880.00,283.30,472.98,516.20
2022/02/09,143,NYADI,43.6,490.0,500.0,480.2,489.9,489.90,0.0,0.0,487.81,"13,550.00",498.00,"6,609,771.00",325,-8.1,19.8,-1.63,4.12,0.43,545.00,282.30,,
2022/02/10,145,NYADI,40.41,480.2,499.8,475.0,478.0,478.00,0.0,0.0,482.04,"13,357.00",489.90,"6,438,595.20",389,-11.9,24.8,-2.43,5.22,-0.84,545.00,282.30,,
2022/02/13,146,NYADI,40.8,468.5,469.0,448.0,451.0,451.00,0.0,0.0,453.42,"21,099.00",478.00,"9,566,710.20",429,-27.0,21.0,-5.65,4.69,-0.54,545.00,282.30,,
2022/02/14,146,NYADI,31.64,451.0,459.0,444.0,445.0,445.00,0.0,0.0,450.11,"7,201.00",451.00,"3,241,223.00",228,-6.0,15.0,-1.33,3.38,-1.15,545.00,282.30,,
2022/02/15,205,NYADI,31.48,410.0,418.0,410.0,416.4,416.40,0.0,0.0,414.26,"2,730.00",418.00,"1,130,941.00",39,-1.6,8.0,-0.38,1.95,0.51,880.00,283.30,472.98,516.20
2022/02/16,147,NYADI,44.11,490.0,490.0,457.7,475.0,475.00,0.0,0.0,471.35,"17,166.00",489.50,"8,091,256.50",324,-14.5,32.3,-2.96,7.06,0.77,545.00,282.30,,
2022/02/17,145,NYADI,45.49,465.5,483.0,460.0,483.0,483.00,0.0,0.0,474.66,"7,677.00",475.00,"3,643,993.20",289,8.0,23.0,1.68,5.0,1.73,545.00,282.30,,
2022/02/20,146,NYADI,48.54,473.4,507.0,464.0,491.6,491.60,0.0,0.0,489.33,"30,263.00",483.00,"14,808,496.40",537,8.6,43.0,1.78,9.27,0.46,545.00,282.30,,
2022/02/21,144,NYADI,55.97,482.0,516.0,482.0,511.0,511.00,0.0,0.0,502.63,"28,319.00",491.60,"14,233,938.00",620,19.4,34.0,3.95,7.05,1.64,545.00,282.30,,
2022/02/22,149,NYADI,61.4,520.0,555.0,512.0,535.0,535.00,0.0,0.0,535.89,"68,842.00",511.00,"36,891,538.00","1,276",24.0,43.0,4.7,8.4,-0.17,555.00,282.30,,
2022/02/23,145,NYADI,61.59,545.7,566.0,530.0,550.0,550.00,0.0,0.0,548.31,"44,722.00",535.00,"24,521,558.50","1,047",15.0,36.0,2.8,6.79,0.31,566.00,282.30,,
2022/02/24,146,NYADI,56.0,550.0,550.8,518.0,520.0,520.00,0.0,0.0,527.69,"37,596.00",550.00,"19,839,208.70",697,-30.0,32.8,-5.45,6.33,-1.48,566.00,282.30,,
2022/02/27,142,NYADI,49.53,520.0,535.0,510.0,525.0,525.00,0.0,0.0,525.61,"30,184.00",520.00,"15,864,900.00",538,5.0,25.00,0.96,4.9,-0.12,566.00,282.30,,
2022/02/28,147,NYADI,32.25,535.0,545.0,490.0,490.0,490.00,0.0,0.0,510.96,"25,258.00",525.00,"12,905,808.40",374,-35.0,55.00,-6.67,11.22,-4.28,566.00,282.30,,
2022/03/02,146,NYADI,28.66,481.0,490.0,472.6,475.0,475.00,0.0,0.0,478.16,"11,964.00",490.00,"5,720,681.40",304,-15.0,17.40,-3.06,3.68,-0.66,566.00,282.30,,
2022/03/06,148,NYADI,27.96,484.5,488.0,470.0,488.0,488.00,0.0,0.0,476.78,"16,335.00",475.00,"7,788,239.00",311,13.0,18.0,2.74,3.83,2.3,566.00,282.30,,
2022/01/16,146,NYADI,61.65,480.0,489.6,469.0,470.1,470.10,0.0,0.0,476.34,"32,274.00",481.00,"15,373,548.60",740,-10.9,20.6,-2.27,4.39,-1.33,499.80,282.30,,
2022/01/17,143,NYADI,58.58,463.0,492.0,460.0,492.0,492.00,0.0,0.0,477.24,"28,599.00",470.10,"13,648,695.90","1,177",21.9,32.0,4.66,6.96,3.0,499.80,282.30,,
2022/01/18,144,NYADI,59.52,492.0,505.0,490.0,499.0,499.00,0.0,0.0,496.75,"30,733.00",492.00,"15,266,600.00","1,685",7.0,15.0,1.42,3.06,0.45,505.00,282.30,,
2022/01/19,146,NYADI,53.67,499.0,499.0,481.0,484.1,484.10,0.0,0.0,486.10,"13,433.00",499.00,"6,529,765.10",781,-14.9,18.0,-2.99,3.74,-0.41,505.00,282.30,,
2022/01/20,148,NYADI,63.53,475.0,529.0,474.6,527.0,527.00,0.0,0.0,504.35,"34,689.00",484.10,"17,495,226.50","1,375",42.9,54.4,8.86,11.46,4.3,529.00,282.30,,
2022/01/23,148,NYADI,60.7,530.0,545.0,510.0,517.0,517.00,0.0,0.0,522.63,"31,446.00",527.00,"16,434,622.20","1,080",-10.0,35.00,-1.9,6.86,-1.09,545.00,282.30,,
2022/01/24,144,NYADI,57.25,517.0,520.0,480.0,492.0,492.00,0.0,0.0,488.79,"37,075.00",517.00,"18,122,049.10",743,-25.0,40.0,-4.84,8.33,0.65,545.00,282.30,,
2022/01/25,146,NYADI,51.87,486.0,503.0,472.0,485.1,485.10,0.0,0.0,493.42,"18,223.00",492.00,"8,991,627.20",478,-6.9,31.00,-1.4,6.57,-1.72,545.00,282.30,,
2022/01/26,148,NYADI,44.14,477.0,485.0,463.0,473.0,473.00,0.0,0.0,472.72,"11,451.00",485.10,"5,413,079.90",386,-12.1,22.0,-2.49,4.75,0.06,545.00,282.30,,
2022/01/27,144,NYADI,42.08,473.0,481.0,465.0,475.0,475.00,0.0,0.0,473.20,"9,620.00",473.00,"4,552,178.80",388,2.0,16.0,0.42,3.44,0.38,545.00,282.30,,
2022/01/30,146,NYADI,52.66,484.5,510.0,484.5,505.0,505.00,0.0,0.0,495.72,"25,004.00",475.00,"12,395,030.30",896,30.0,25.5,6.32,5.26,1.84,545.00,282.30,,
2022/01/31,144,NYADI,49.13,505.0,505.0,488.0,489.0,489.00,0.0,0.0,494.38,"9,895.00",505.00,"4,891,869.50",487,-16.0,17.0,-3.17,3.48,-1.1,545.00,282.30,,
2022/02/01,142,NYADI,54.32,495.0,524.0,481.0,509.0,509.00,0.0,0.0,503.28,"21,831.00",489.00,"10,987,045.00",901,20.0,43.0,4.09,8.94,1.12,545.00,282.30,,
2022/02/03,144,NYADI,56.05,509.0,530.2,503.0,530.0,530.00,0.0,0.0,520.17,"56,373.00",509.00,"29,323,342.00","1,690",21.0,27.2,4.13,5.41,1.86,545.00,282.30,,
2022/02/06,147,NYADI,51.44,527.0,527.0,503.0,515.0,515.00,0.0,0.0,509.82,"34,028.00",530.00,"17,348,044.00",816,-15.00,24.0,-2.83,4.77,1.01,545.00,282.30,,
2022/02/07,144,NYADI,48.16,504.8,515.0,499.1,509.0,509.00,0.0,0.0,509.15,"11,704.00",515.00,"5,959,093.00",645,-6.0,15.9,-1.17,3.19,-0.03,545.00,282.30,,
2021/12/21,146,NYADI,30.82,349.0,356.9,344.0,356.9,356.90,0.0,0.0,348.79,"5,216.00",347.00,"1,819,310.00",255,9.9,12.90,2.85,3.75,2.27,499.80,282.30,,
2021/12/22,149,NYADI,37.73,357.0,378.0,357.0,378.0,378.00,0.0,0.0,370.97,"7,385.00",356.90,"2,739,578.50",327,21.1,21.0,5.91,5.88,1.86,499.80,282.30,,
2021/12/23,147,NYADI,41.66,378.1,380.0,365.1,371.0,371.00,0.0,0.0,372.33,"8,049.00",378.00,"2,996,923.70",321,-7.0,14.9,-1.85,4.08,-0.36,499.80,282.30,,
2021/12/26,147,NYADI,44.92,370.1,377.0,362.6,375.0,375.00,0.0,0.0,370.21,"8,054.00",371.00,"2,981,678.10",352,4.00,14.40,1.08,3.97,1.28,499.80,282.30,,
2021/12/27,153,NYADI,42.3,375.0,375.0,358.0,360.0,360.00,0.0,0.0,365.08,"11,881.00",375.00,"4,337,568.60",277,-15.0,17.00,-4.0,4.75,-1.41,499.80,282.30,,
2021/12/28,147,NYADI,31.21,355.0,362.4,351.0,358.0,358.00,0.0,0.0,355.61,"4,065.00",360.00,"1,445,544.00",178,-2.0,11.4,-0.56,3.25,0.67,499.80,282.30,,
2021/12/29,145,NYADI,32.51,351.2,372.0,351.2,364.0,364.00,0.0,0.0,358.99,"4,050.00",358.00,"1,453,923.00",243,6.0,20.80,1.68,5.92,1.38,499.80,282.30,,
2022/01/02,155,NYADI,56.9,356.8,386.1,353.0,383.0,383.00,0.0,0.0,370.99,"11,390.00",364.00,"4,225,588.00",370,19.00,33.10,5.22,9.38,3.14,499.80,282.30,,
2022/01/03,147,NYADI,58.93,375.4,390.0,362.0,379.0,379.00,0.0,0.0,382.56,"13,813.00",383.00,"5,284,335.00",335,-4.0,28.00,-1.04,7.73,-0.94,499.80,282.30,,
2022/01/04,151,NYADI,54.09,371.5,388.0,367.1,384.0,384.00,0.0,0.0,379.18,"7,729.00",379.00,"2,930,709.50",308,5.0,20.90,1.32,5.69,1.25,499.80,282.30,,
2022/01/05,152,NYADI,57.79,384.0,397.8,371.0,382.0,382.00,0.0,0.0,387.60,"14,924.00",384.00,"5,784,544.60",446,-2.0,26.8,-0.52,7.22,-1.47,499.80,282.30,,
2022/01/06,205,NYADI,31.48,410.0,418.0,410.0,416.4,416.40,0.0,0.0,414.26,"2,730.00",418.00,"1,130,941.00",39,-1.6,8.0,-0.38,1.95,0.51,880.00,283.30,472.98,516.20
2022/01/09,155,NYADI,64.2,390.1,432.3,390.1,430.0,430.00,0.0,0.0,412.10,"24,892.00",393.00,"10,257,910.60",831,37.0,42.20,9.41,10.82,4.16,499.80,282.30,,
2022/01/10,154,NYADI,65.84,430.0,439.9,420.0,439.0,439.00,0.0,0.0,427.83,"20,907.00",430.00,"8,944,679.00",687,9.0,19.90,2.09,4.74,2.54,499.80,282.30,,
2022/01/11,148,NYADI,68.84,431.0,482.0,431.0,482.0,482.00,0.0,0.0,455.19,"31,728.00",439.00,"14,442,356.70",791,43.0,51.00,9.79,11.83,5.56,499.80,282.30,,
2022/01/12,146,NYADI,62.8,482.0,486.0,460.0,482.0,482.00,0.0,0.0,474.08,"25,627.00",482.00,"12,149,344.50",756,0.0,26.00,0.0,5.65,1.64,499.80,282.30,,
2021/11/29,146,NYADI,48.77,282.3,310.5,282.3,310.5,310.50,0.0,0.0,297.51,194.00,282.30,"57,717.70",29,28.2,28.2,9.99,9.99,4.18,310.50,282.30,,
2021/11/30,144,NYADI,55.98,316.7,341.5,316.7,341.5,341.50,0.0,0.0,337.79,171.00,310.50,"57,762.70",26,31.0,24.8,9.98,7.83,1.09,341.50,282.30,,
2021/12/01,141,NYADI,55.84,348.3,375.6,348.3,375.6,375.60,0.0,0.0,368.99,150.00,341.50,"55,348.00",17,34.1,27.3,9.99,7.84,1.76,375.60,282.30,,
2021/12/02,147,NYADI,58.18,383.1,413.1,383.1,413.1,413.10,0.0,0.0,409.87,390.00,375.60,"159,850.00",41,37.5,30.0,9.98,7.83,0.78,413.10,282.30,,
2021/12/05,144,NYADI,55.22,421.3,454.4,421.3,454.4,454.40,0.0,0.0,453.43,"1,533.00",413.10,"695,114.20",157,41.3,33.1,10.0,7.86,0.21,454.40,282.30,,
2021/12/06,144,NYADI,56.29,463.4,499.8,409.0,433.0,433.00,0.0,0.0,432.91,"81,212.00",454.40,"35,157,169.30","4,466",-21.4,90.80,-4.71,22.2,0.02,499.80,282.30,,
2021/12/07,145,NYADI,49.96,441.0,459.0,414.0,416.0,416.00,0.0,0.0,431.02,"30,287.00",433.00,"13,054,412.00","1,644",-17.0,45.00,-3.93,10.87,-3.61,499.80,282.30,,
2021/12/08,144,NYADI,38.11,408.0,410.0,400.0,408.0,408.00,0.0,0.0,404.40,"10,795.00",416.00,"4,365,534.00",985,-8.0,10.00,-1.92,2.5,0.88,499.80,282.30,,
2021/12/09,148,NYADI,33.85,399.9,404.0,385.0,393.0,393.00,0.0,0.0,392.88,"12,424.00",408.00,"4,881,113.00",611,-15.0,19.0,-3.68,4.94,0.03,499.80,282.30,,
2021/12/12,145,NYADI,31.71,387.0,391.6,364.0,365.0,365.00,0.0,0.0,383.37,"17,386.00",393.00,"6,665,237.80",468,-28.00,27.60,-7.12,7.58,-5.03,499.80,282.30,,
2021/12/13,149,NYADI,31.32,358.0,386.0,332.0,347.0,347.00,0.0,0.0,346.22,"10,591.00",365.00,"3,666,838.10",462,-18.00,54.00,-4.93,16.27,0.22,499.80,282.30,,
2021/12/14,141,NYADI,30.67,350.0,381.7,350.0,381.7,381.70,0.0,0.0,368.36,"4,849.00",347.00,"1,786,201.50",203,34.70,31.70,10.0,9.06,3.49,499.80,282.30,,
2021/12/15,147,NYADI,33.77,389.3,412.0,363.0,372.0,372.00,0.0,0.0,389.87,"17,495.00",381.70,"6,820,720.50",527,-9.7,49.0,-2.54,13.5,-4.8,499.80,282.30,,
2021/12/16,143,NYADI,33.0,365.0,385.5,360.0,363.0,363.00,0.0,0.0,365.40,"5,854.00",372.00,"2,139,034.10",253,-9.0,25.5,-2.42,7.08,-0.66,499.80,282.30,,
2021/10/19,205,NYADI,31.48,410.0,418.0,410.0,416.4,416.40,0.0,0.0,414.26,"2,730.00",418.00,"1,130,941.00",39,-1.6,8.0,-0.38,1.95,0.51,880.00,283.30,472.98,516.20
2021/09/10,205,NYADI,31.48,410.0,418.0,410.0,416.4,416.40,0.0,0.0,414.26,"2,730.00",418.00,"1,130,941.00",39,-1.6,8.0,-0.38,1.95,0.51,880.00,283.30,472.98,516.20
2021/06/21,205,NYADI,31.48,410.0,418.0,410.0,416.4,416.40,0.0,0.0,414.26,"2,730.00",418.00,"1,130,941.00",39,-1.6,8.0,-0.38,1.95,0.51,880.00,283.30,472.98,516.20
2021/04/03,205,NYADI,31.48,410.0,418.0,410.0,416.4,416.40,0.0,0.0,414.26,"2,730.00",418.00,"1,130,941.00",39,-1.6,8.0,-0.38,1.95,0.51,880.00,283.30,472.98,516.20
2021/02/21,205,NYADI,31.48,410.0,418.0,410.0,416.4,416.40,0.0,0.0,414.26,"2,730.00",418.00,"1,130,941.00",39,-1.6,8.0,-0.38,1.95,0.51,880.00,283.30,472.98,516.20
2021/12/20,145,NYADI,30.53,362.0,362.0,343.0,347.0,347.00,0.0,0.0,349.10,"4,850.00",363.00,"1,693,137.50",290,-16.0,19.0,-4.41,5.54,-0.61,499.80,282.30,,
2022/01/13,143,NYADI,60.76,472.4,485.0,463.0,481.0,481.00,0.0,0.0,475.92,"20,163.00",482.00,"9,595,904.30",691,-1.0,22.0,-0.21,4.75,1.06,499.80,282.30,,
2022/02/08,146,NYADI,44.66,509.0,529.2,495.1,498.0,498.00,0.0,0.0,508.38,"18,203.00",509.00,"9,254,004.00",498,-11.0,34.1,-2.16,6.89,-2.08,545.00,282.30,,
2022/03/07,148,NYADI,23.87,497.5,497.5,478.3,486.0,486.00,0.0,0.0,485.61,"8,970.00",488.00,"4,355,912.50",217,-2.0,19.2,-0.41,4.01,0.08,566.00,282.30,,
2021/01/13,205,NYADI,31.48,410.0,418.0,410.0,416.4,416.40,0.0,0.0,414.26,"2,730.00",418.00,"1,130,941.00",39,-1.6,8.0,-0.38,1.95,0.51,880.00,283.30,472.98,516.20
2020/12/04,205,NYADI,31.48,410.0,418.0,410.0,416.4,416.40,0.0,0.0,414.26,"2,730.00",418.00,"1,130,941.00",39,-1.6,8.0,-0.38,1.95,0.51,880.00,283.30,472.98,516.20
2020/10/25,205,NYADI,31.48,410.0,418.0,410.0,416.4,416.40,0.0,0.0,414.26,"2,730.00",418.00,"1,130,941.00",39,-1.6,8.0,-0.38,1.95,0.51,880.00,283.30,472.98,516.20
2020/09/22,205,NYADI,31.48,410.0,418.0,410.0,416.4,416.40,0.0,0.0,414.26,"2,730.00",418.00,"1,130,941.00",39,-1.6,8.0,-0.38,1.95,0.51,880.00,283.30,472.98,516.20
2020/09/23,205,NYADI,31.48,410.0,418.0,410.0,416.4,416.40,0.0,0.0,414.26,"2,730.00",418.00,"1,130,941.00",39,-1.6,8.0,-0.38,1.95,0.51,880.00,283.30,472.98,516.20
2020/09/13,205,NYADI,31.48,410.0,418.0,410.0,416.4,416.40,0.0,0.0,414.26,"2,730.00",418.00,"1,130,941.00",39,-1.6,8.0,-0.38,1.95,0.51,880.00,283.30,472.98,516.20
2020/08/05,205,NYADI,31.48,410.0,418.0,410.0,416.4,416.40,0.0,0.0,414.26,"2,730.00",418.00,"1,130,941.00",39,-1.6,8.0,-0.38,1.95,0.51,880.00,283.30,472.98,516.20
2020/06/22,205,NYADI,31.48,410.0,418.0,410.0,416.4,416.40,0.0,0.0,414.26,"2,730.00",418.00,"1,130,941.00",39,-1.6,8.0,-0.38,1.95,0.51,880.00,283.30,472.98,516.20
2020/02/15,205,NYADI,31.48,410.0,418.0,410.0,416.4,416.40,0.0,0.0,414.26,"2,730.00",418.00,"1,130,941.00",39,-1.6,8.0,-0.38,1.95,0.51,880.00,283.30,472.98,516.20
2019/11/20,205,NYADI,31.48,410.0,418.0,410.0,416.4,416.40,0.0,0.0,414.26,"2,730.00",418.00,"1,130,941.00",39,-1.6,8.0,-0.38,1.95,0.51,880.00,283.30,472.98,516.20
2019/08/25,205,NYADI,31.48,410.0,418.0,410.0,416.4,416.40,0.0,0.0,414.26,"2,730.00",418.00,"1,130,941.00",39,-1.6,8.0,-0.38,1.95,0.51,880.00,283.30,472.98,516.20
2019/06/02,205,NYADI,31.48,410.0,418.0,410.0,416.4,416.40,0.0,0.0,414.26,"2,730.00",418.00,"1,130,941.00",39,-1.6,8.0,-0.38,1.95,0.51,880.00,283.30,472.98,516.20
2019/04/21,205,NYADI,31.48,410.0,418.0,410.0,416.4,416.40,0.0,0.0,414.26,"2,730.00",418.00,"1,130,941.00",39,-1.6,8.0,-0.38,1.95,0.51,880.00,283.30,472.98,516.20
2019/03/10,205,NYADI,31.48,410.0,418.0,410.0,416.4,416.40,0.0,0.0,414.26,"2,730.00",418.00,"1,130,941.00",39,-1.6,8.0,-0.38,1.95,0.51,880.00,283.30,472.98,516.20
2018/09/19,205,NYADI,31.48,410.0,418.0,410.0,416.4,416.40,0.0,0.0,414.26,"2,730.00",418.00,"1,130,941.00",39,-1.6,8.0,-0.38,1.95,0.51,880.00,283.30,472.98,516.20
2018/12/13,205,NYADI,31.48,410.0,418.0,410.0,416.4,416.40,0.0,0.0,414.26,"2,730.00",418.00,"1,130,941.00",39,-1.6,8.0,-0.38,1.95,0.51,880.00,283.30,472.98,516.20
2019/08/19,205,NYADI,31.48,410.0,418.0,410.0,416.4,416.40,0.0,0.0,414.26,"2,730.00",418.00,"1,130,941.00",39,-1.6,8.0,-0.38,1.95,0.51,880.00,283.30,472.98,516.20
2018/05/16,205,NYADI,31.48,410.0,418.0,410.0,416.4,416.40,0.0,0.0,414.26,"2,730.00",418.00,"1,130,941.00",39,-1.6,8.0,-0.38,1.95,0.51,880.00,283.30,472.98,516.20
2018/04/06,205,NYADI,31.48,410.0,418.0,410.0,416.4,416.40,0.0,0.0,414.26,"2,730.00",418.00,"1,130,941.00",39,-1.6,8.0,-0.38,1.95,0.51,880.00,283.30,472.98,516.20
2018/02/25,205,NYADI,31.48,410.0,418.0,410.0,416.4,416.40,0.0,0.0,414.26,"2,730.00",418.00,"1,130,941.00",39,-1.6,8.0,-0.38,1.95,0.51,880.00,283.30,472.98,516.20
2017/11/16,205,NYADI,31.48,410.0,418.0,410.0,416.4,416.40,0.0,0.0,414.26,"2,730.00",418.00,"1,130,941.00",39,-1.6,8.0,-0.38,1.95,0.51,880.00,283.30,472.98,516.20
2017/10/19,205,NYADI,31.48,410.0,418.0,410.0,416.4,416.40,0.0,0.0,414.26,"2,730.00",418.00,"1,130,941.00",39,-1.6,8.0,-0.38,1.95,0.51,880.00,283.30,472.98,516.20
2017/09/06,205,NYADI,31.48,410.0,418.0,410.0,416.4,416.40,0.0,0.0,414.26,"2,730.00",418.00,"1,130,941.00",39,-1.6,8.0,-0.38,1.95,0.51,880.00,283.30,472.98,516.20
2017/06/12,205,NYADI,31.48,410.0,418.0,410.0,416.4,416.40,0.0,0.0,414.26,"2,730.00",418.00,"1,130,941.00",39,-1.6,8.0,-0.38,1.95,0.51,880.00,283.30,472.98,516.20
2017/04/30,205,NYADI,31.48,410.0,418.0,410.0,416.4,416.40,0.0,0.0,414.26,"2,730.00",418.00,"1,130,941.00",39,-1.6,8.0,-0.38,1.95,0.51,880.00,283.30,472.98,516.20
