Date,S.No,Symbol,Conf.,Open,High,Low,Close,LTP,Close - LTP,Close - LTP %,VWAP,Vol,Prev. Close,Turnover,Trans.,Diff,Range,Diff %,Range %,VWAP %,52 Weeks High,52 Weeks Low
2023/02/28,172,PIC,39.7,637.0,637.0,621.0,624.0,624.00,0.0,0.0,626.28,"4,665.00",649.00,"2,921,591.00",76,-25.0,16.0,-3.85,2.58,-0.37,978.00,500.10
2023/02/01,169,PIC,34.5,661.0,661.0,646.6,648.3,648.30,0.0,0.0,652.70,"4,530.00",663.00,"2,956,714.20",67,-14.7,14.4,-2.22,2.23,-0.68,"1,020.00",500.10
2023/02/02,169,PIC,32.79,650.0,659.0,627.0,635.0,635.00,0.0,0.0,636.88,"6,736.00",648.30,"4,290,014.00",82,-13.3,32.0,-2.05,5.1,-0.3,"1,020.00",500.10
2023/02/05,170,PIC,38.67,635.0,645.0,630.0,630.0,630.00,0.0,0.0,635.71,"3,963.00",635.00,"2,519,324.30",53,-5.0,15.0,-0.79,2.38,-0.91,"1,019.00",500.10
2023/02/06,169,PIC,32.26,620.1,663.2,620.1,639.0,639.00,0.0,0.0,644.81,"2,140.00",630.00,"1,379,902.60",28,9.0,43.1,1.43,6.95,-0.91,"1,019.00",500.10
2023/02/07,170,PIC,47.97,650.0,661.9,642.0,661.9,661.90,0.0,0.0,651.63,"4,596.00",639.00,"2,994,887.70",90,22.9,19.9,3.58,3.1,1.55,"1,019.00",500.10
2023/02/08,168,PIC,55.32,675.1,678.0,654.7,662.0,662.00,0.0,0.0,663.70,"8,023.00",661.90,"5,324,834.10",87,0.1,23.3,0.02,3.56,-0.26,"1,019.00",500.10
2023/02/09,169,PIC,50.11,662.0,662.0,646.8,658.9,658.90,0.0,0.0,653.68,"5,033.00",662.00,"3,289,978.60",54,-3.1,15.2,-0.47,2.35,0.79,987.20,500.10
2023/02/12,165,PIC,44.42,657.0,658.0,627.5,631.0,631.00,0.0,0.0,633.22,"8,441.00",658.90,"5,345,021.90",81,-27.9,30.5,-4.23,4.86,-0.35,978.00,500.10
2023/02/14,168,PIC,31.27,620.0,642.0,620.0,634.0,634.00,0.0,0.0,634.65,"4,305.00",631.00,"2,732,175.00",78,3.00,22.0,0.48,3.55,-0.1,978.00,500.10
2023/02/15,167,PIC,31.05,633.0,640.0,625.0,630.0,630.00,0.0,0.0,632.16,"3,606.00",634.00,"2,279,584.70",61,-4.00,15.00,-0.63,2.4,-0.34,978.00,500.10
2023/02/16,167,PIC,34.49,620.2,632.6,607.8,628.0,628.00,0.0,0.0,615.15,"7,491.00",630.00,"4,608,094.50",86,-2.00,24.80,-0.32,4.08,2.05,978.00,500.10
2023/02/20,169,PIC,30.56,615.5,622.9,605.0,617.0,617.00,0.0,0.0,610.04,"3,139.00",628.00,"1,914,927.90",79,-11.0,17.9,-1.75,2.96,1.13,978.00,500.10
2023/02/22,179,PIC,36.89,611.6,628.9,611.6,624.0,624.00,0.0,0.0,617.66,"3,800.00",617.00,"2,347,111.80",59,7.0,17.3,1.13,2.83,1.02,978.00,500.10
2023/02/23,171,PIC,32.29,630.0,630.0,601.1,610.0,610.00,0.0,0.0,610.20,"4,482.00",624.00,"2,734,910.90",55,-14.0,28.9,-2.24,4.81,-0.03,978.00,500.10
2023/02/26,170,PIC,40.53,599.1,619.9,595.0,618.9,618.90,0.0,0.0,599.67,"10,803.00",610.00,"6,478,287.20",74,8.9,24.9,1.46,4.18,3.11,978.00,500.10
2023/01/03,174,PIC,56.17,709.0,709.0,686.0,690.0,690.00,0.0,0.0,695.53,"12,704.00",705.00,"8,835,981.40",172,-15.0,23.0,-2.13,3.35,-0.8,"1,225.00",500.10
2023/01/04,173,PIC,53.56,678.2,725.0,678.2,725.0,725.00,0.0,0.0,702.73,"14,838.00",690.00,"10,427,112.00",176,35.0,46.8,5.07,6.9,3.07,"1,225.00",500.10
2023/01/05,172,PIC,57.94,739.5,795.0,739.5,788.0,788.00,0.0,0.0,777.80,"64,509.00",725.00,"50,175,117.60",607,63.0,55.5,8.69,7.51,1.29,"1,225.00",500.10
2023/01/08,174,PIC,48.4,700.0,715.9,680.0,699.0,699.00,0.0,0.0,694.98,"25,987.00",689.72,"18,060,474.00",214,9.28,35.90,1.35,5.28,0.57,"1,225.00",500.10
2023/01/09,171,PIC,49.35,700.0,707.9,688.0,700.0,700.00,0.0,0.0,698.51,"20,225.00",699.00,"14,127,282.80",179,1.0,19.9,0.14,2.89,0.21,"1,225.00",500.10
2023/01/10,169,PIC,43.5,714.0,728.0,672.0,679.0,679.00,0.0,0.0,692.49,"19,493.00",700.00,"13,498,699.70",217,-21.0,56.0,-3.0,8.33,-1.99,"1,225.00",500.10
2023/01/12,166,PIC,43.35,690.0,693.0,656.6,657.0,657.00,0.0,0.0,672.46,"17,113.00",679.00,"11,507,796.70",145,-22.0,36.4,-3.24,5.54,-2.35,"1,225.00",500.10
2023/01/17,167,PIC,44.99,655.0,670.0,645.0,652.2,652.20,0.0,0.0,657.35,"20,463.00",657.00,"13,451,334.90",151,-4.8,25.0,-0.73,3.88,-0.79,"1,225.00",500.10
2023/01/18,164,PIC,46.72,665.0,669.0,640.0,645.0,645.00,0.0,0.0,651.93,"30,619.00",652.20,"19,961,396.80",152,-7.2,29.0,-1.1,4.53,-1.07,"1,225.00",500.10
2023/01/19,163,PIC,47.61,645.0,671.0,638.2,663.9,663.90,0.0,0.0,655.49,"25,105.00",645.00,"16,456,107.10",127,18.9,32.8,2.93,5.14,1.27,"1,102.00",500.10
2023/01/23,170,PIC,40.54,656.0,664.0,640.0,657.8,657.80,0.0,0.0,650.16,"3,947.00",663.90,"2,566,185.00",71,-6.1,24.0,-0.92,3.75,1.16,"1,092.00",500.10
2023/01/24,163,PIC,41.35,645.1,654.0,633.0,654.0,654.00,0.0,0.0,642.24,"6,387.00",657.80,"4,101,992.30",86,-3.8,21.0,-0.58,3.32,1.8,"1,040.00",500.10
2023/01/25,170,PIC,43.21,667.0,673.0,644.0,663.3,663.30,0.0,0.0,664.76,"5,187.00",654.00,"3,448,118.60",92,9.3,29.0,1.42,4.5,-0.22,"1,020.00",500.10
2023/01/26,165,PIC,47.15,676.0,676.0,655.7,665.0,665.00,0.0,0.0,663.95,"18,808.00",663.30,"12,487,591.50",97,1.7,20.3,0.26,3.1,0.16,"1,020.00",500.10
2023/01/29,174,PIC,43.25,670.0,678.0,657.0,665.2,665.20,0.0,0.0,666.88,"9,396.00",665.00,"6,266,033.30",97,0.2,21.0,0.03,3.2,-0.25,"1,020.00",500.10
2023/01/30,167,PIC,39.53,665.0,670.0,646.8,646.8,646.80,0.0,0.0,661.21,"10,960.00",665.20,"7,246,864.90",90,-18.4,23.2,-2.77,3.59,-2.23,"1,020.00",500.10
2022/12/07,166,PIC,26.11,526.1,530.0,520.0,520.0,520.00,0.0,0.0,525.22,"1,769.00",535.00,"929,116.80",47,-15.0,10.0,-2.8,1.92,-1.0,"1,225.00",512.00
2022/12/11,170,PIC,30.62,519.0,525.0,508.1,509.0,509.00,0.0,0.0,512.29,"4,055.00",520.00,"2,077,339.90",71,-11.0,16.9,-2.12,3.33,-0.65,"1,225.00",508.10
2022/12/12,167,PIC,29.42,500.1,535.0,500.1,535.0,535.00,0.0,0.0,512.27,"2,909.00",509.00,"1,490,182.70",53,26.0,34.9,5.11,6.98,4.25,"1,225.00",500.10
2022/12/13,165,PIC,37.95,535.0,535.0,510.0,529.5,529.50,0.0,0.0,516.48,"3,083.00",535.00,"1,592,299.20",61,-5.5,25.0,-1.03,4.9,2.46,"1,225.00",500.10
2022/12/14,166,PIC,34.62,534.5,534.5,519.0,519.0,519.00,0.0,0.0,520.87,782.00,529.50,"407,317.80",44,-10.5,15.5,-1.98,2.99,-0.36,"1,225.00",500.10
2022/12/15,173,PIC,42.47,509.0,519.0,509.0,519.0,519.00,0.0,0.0,510.69,"2,981.00",519.00,"1,522,353.60",57,0.0,10.0,0.0,1.96,1.6,"1,225.00",500.10
2022/12/18,168,PIC,29.61,508.8,518.9,507.0,512.0,512.00,0.0,0.0,508.92,"1,624.00",519.00,"826,483.00",41,-7.0,11.9,-1.35,2.35,0.6,"1,225.00",500.10
2022/12/19,168,PIC,31.88,507.0,513.9,504.2,512.8,512.80,0.0,0.0,506.47,"1,029.00",512.00,"521,154.70",34,0.8,9.7,0.16,1.92,1.23,"1,225.00",500.10
2022/12/20,172,PIC,40.11,511.0,523.0,505.0,518.0,518.00,0.0,0.0,515.79,"1,967.00",512.80,"1,014,564.50",42,5.2,18.0,1.01,3.56,0.43,"1,225.00",500.10
2022/12/21,169,PIC,36.11,511.0,517.0,509.0,513.0,513.00,0.0,0.0,511.86,"1,534.00",518.00,"785,186.90",46,-5.0,8.0,-0.97,1.57,0.22,"1,225.00",500.10
2022/12/22,165,PIC,43.66,502.8,527.0,502.8,527.0,527.00,0.0,0.0,516.97,"4,041.00",513.00,"2,089,063.80",53,14.0,24.2,2.73,4.81,1.9,"1,225.00",500.10
2022/12/26,166,PIC,49.4,537.0,565.0,537.0,555.0,555.00,0.0,0.0,548.19,"13,286.00",527.00,"7,283,275.90",157,28.0,28.0,5.31,5.21,1.23,"1,225.00",500.10
2022/12/27,176,PIC,55.91,565.0,599.0,565.0,587.0,587.00,0.0,0.0,585.75,"16,000.00",555.00,"9,372,013.00",175,32.0,34.00,5.77,6.02,0.21,"1,225.00",500.10
2022/12/29,173,PIC,53.91,600.0,641.5,595.1,641.5,641.50,0.0,0.0,624.07,"14,778.00",600.10,"9,222,471.70",137,41.4,46.4,6.9,7.8,2.72,"1,225.00",500.10
2023/01/01,177,PIC,54.61,654.0,689.5,645.1,663.0,663.00,0.0,0.0,667.77,"19,378.00",641.50,"12,940,052.20",265,21.5,44.40,3.35,6.88,-0.72,"1,225.00",500.10
2022/12/04,164,PIC,33.84,587.0,587.0,559.0,560.0,560.00,0.0,0.0,563.20,"6,139.00",576.00,"3,457,496.60",134,-16.0,28.0,-2.78,5.01,-0.57,"1,225.00",512.00
2022/12/05,160,PIC,30.83,570.0,570.9,544.0,544.0,544.00,0.0,0.0,553.11,"2,422.00",560.00,"1,339,642.90",67,-16.0,26.9,-2.86,4.94,-1.68,"1,225.00",512.00
2022/07/08,143,PIC,29.28,595.0,606.0,589.2,595.0,595.00,0.0,0.0,593.06,"1,912.00",607.00,"1,133,925.00",24,-12.0,16.8,-1.98,2.85,0.33,"1,372.00",512.00
2022/07/11,148,PIC,31.95,583.1,583.1,548.8,576.0,576.00,0.0,0.0,565.40,"6,350.00",595.00,"3,590,283.00",132,-19.0,34.3,-3.19,6.25,1.84,"1,372.00",512.00
2022/06/19,145,PIC,43.22,590.0,600.0,588.0,600.0,600.00,0.0,0.0,590.50,"5,779.00",602.00,"3,412,496.10",98,-2.0,12.00,-0.33,2.04,1.58,"1,372.00",572.00
2022/06/20,149,PIC,36.56,588.1,599.7,546.0,560.0,560.00,0.0,0.0,561.53,"16,064.00",600.00,"9,020,348.70",140,-40.0,53.70,-6.67,9.84,-0.27,"1,372.00",546.00
2022/06/21,151,PIC,34.22,570.0,579.0,556.0,571.0,571.00,0.0,0.0,564.97,"2,446.00",560.00,"1,381,907.00",84,11.0,23.00,1.96,4.14,1.06,"1,372.00",546.00
2022/06/22,151,PIC,32.44,569.0,573.0,546.0,561.0,561.00,0.0,0.0,556.97,"6,020.00",571.00,"3,352,952.30",101,-10.0,27.0,-1.75,4.95,0.72,"1,372.00",546.00
2022/06/23,156,PIC,28.26,549.8,549.8,531.0,532.1,532.10,0.0,0.0,537.35,"3,524.00",561.00,"1,893,628.80",97,-28.9,18.8,-5.15,3.54,-0.99,"1,372.00",531.00
2022/06/24,147,PIC,37.28,533.0,553.7,512.0,552.9,552.90,0.0,0.0,533.98,"4,030.00",532.10,"2,151,923.30",71,20.8,41.7,3.91,8.14,3.42,"1,372.00",512.00
2022/06/26,153,PIC,44.98,550.0,588.0,550.0,588.0,588.00,0.0,0.0,571.56,"7,344.00",552.90,"4,197,507.30",132,35.1,38.0,6.35,6.91,2.8,"1,372.00",512.00
2022/06/27,151,PIC,44.74,599.0,608.9,573.0,581.0,581.00,0.0,0.0,584.88,"5,581.00",588.00,"3,264,215.00",103,-7.0,35.9,-1.19,6.27,-0.67,"1,372.00",512.00
2022/06/28,150,PIC,45.22,570.0,574.8,559.0,570.0,570.00,0.0,0.0,564.05,"3,434.00",581.00,"1,936,932.90",51,-11.0,15.8,-1.89,2.83,1.04,"1,372.00",512.00
2022/06/29,151,PIC,42.0,580.0,588.5,565.1,584.0,584.00,0.0,0.0,574.34,"3,326.00",570.00,"1,910,250.20",65,14.0,23.4,2.46,4.14,1.65,"1,372.00",512.00
2022/06/30,150,PIC,46.55,580.0,627.0,579.0,615.0,615.00,0.0,0.0,604.91,"6,879.00",584.00,"4,161,165.10",103,31.00,48.00,5.31,8.29,1.64,"1,372.00",512.00
2022/07/01,146,PIC,46.34,616.0,627.0,602.0,602.0,602.00,0.0,0.0,617.63,"3,012.00",615.00,"1,860,302.00",60,-13.0,25.0,-2.11,4.15,-2.6,"1,372.00",512.00
2022/07/03,153,PIC,47.11,605.0,654.6,600.0,630.0,630.00,0.0,0.0,623.65,"4,081.00",602.00,"2,545,135.80",96,28.0,54.6,4.65,9.1,1.01,"1,372.00",512.00
2022/07/04,156,PIC,54.34,642.0,665.0,623.0,634.0,634.00,0.0,0.0,648.40,"13,053.00",630.00,"8,463,596.20",178,4.0,42.00,0.63,6.74,-2.27,"1,372.00",512.00
2022/07/05,152,PIC,29.26,621.4,640.0,609.0,609.0,609.00,0.0,0.0,617.81,"4,063.00",634.00,"2,510,177.10",87,-25.0,31.0,-3.94,5.09,-1.45,"1,372.00",512.00
2022/07/06,153,PIC,50.67,621.0,621.0,591.0,610.0,610.00,0.0,0.0,599.36,"7,766.00",609.00,"4,654,633.10",91,1.0,30.0,0.16,5.08,1.74,"1,372.00",512.00
2022/05/27,145,PIC,41.83,696.8,696.8,660.1,680.0,680.00,0.0,0.0,665.22,"3,120.00",683.90,"2,075,488.50",58,-3.9,36.7,-0.57,5.56,2.17,"1,372.00",645.00
2022/05/30,148,PIC,42.22,680.0,689.7,654.0,666.9,666.90,0.0,0.0,664.06,"6,376.00",680.00,"4,234,025.70",67,-13.1,35.7,-1.93,5.46,0.43,"1,372.00",645.00
2022/05/31,153,PIC,39.68,653.6,656.0,620.0,650.0,650.00,0.0,0.0,636.62,"10,557.00",666.90,"6,720,814.90",149,-16.9,36.0,-2.53,5.81,2.06,"1,372.00",620.00
2022/06/01,149,PIC,32.82,653.6,653.6,634.0,646.0,646.00,0.0,0.0,642.85,"2,025.00",650.00,"1,301,772.40",46,-4.0,19.6,-0.62,3.09,0.49,"1,372.00",620.00
2022/06/02,152,PIC,31.59,654.0,654.9,608.0,619.0,619.00,0.0,0.0,627.48,"3,426.00",646.00,"2,149,742.70",68,-27.0,46.9,-4.18,7.71,-1.37,"1,372.00",608.00
2022/06/03,151,PIC,34.29,612.0,615.0,582.0,614.0,614.00,0.0,0.0,598.20,"4,930.00",619.00,"2,949,146.80",101,-5.0,33.0,-0.81,5.67,2.57,"1,372.00",582.00
2022/06/06,150,PIC,39.29,612.0,637.9,600.0,619.0,619.00,0.0,0.0,624.11,"12,593.00",614.00,"7,859,465.70",63,5.0,37.9,0.81,6.32,-0.83,"1,372.00",582.00
2022/06/07,156,PIC,31.91,607.0,614.0,587.0,590.0,590.00,0.0,0.0,595.60,"4,382.00",619.00,"2,609,917.80",86,-29.0,27.0,-4.68,4.6,-0.95,"1,372.00",582.00
2022/06/08,154,PIC,43.93,579.0,636.0,579.0,620.0,620.00,0.0,0.0,604.02,"8,114.00",590.00,"4,900,979.80",131,30.0,57.00,5.08,9.84,2.58,"1,372.00",579.00
2022/06/09,152,PIC,40.52,620.0,632.0,607.6,618.9,618.90,0.0,0.0,621.19,"4,074.00",620.00,"2,530,733.30",98,-1.1,24.4,-0.18,4.02,-0.37,"1,372.00",579.00
2022/06/10,153,PIC,35.1,606.6,621.0,590.0,612.0,612.00,0.0,0.0,601.62,"1,574.00",618.90,"946,952.30",62,-6.9,31.0,-1.11,5.25,1.7,"1,372.00",579.00
2022/06/13,152,PIC,38.4,610.0,610.0,596.2,604.0,604.00,0.0,0.0,601.80,"2,313.00",612.00,"1,391,969.20",40,-8.0,13.8,-1.31,2.31,0.36,"1,372.00",579.00
2022/06/14,152,PIC,29.5,600.0,600.0,583.0,583.0,583.00,0.0,0.0,588.89,"2,895.00",604.00,"1,704,841.90",94,-21.0,17.0,-3.48,2.92,-1.01,"1,372.00",579.00
2022/06/15,152,PIC,32.57,580.2,589.0,572.0,587.0,587.00,0.0,0.0,579.30,"2,938.00",583.00,"1,701,980.90",66,4.0,17.00,0.69,2.97,1.31,"1,372.00",572.00
2022/06/16,145,PIC,30.99,590.0,598.0,583.0,587.0,587.00,0.0,0.0,588.24,"1,158.00",587.00,"681,184.10",52,0.0,15.0,0.0,2.57,-0.21,"1,372.00",572.00
2022/05/02,152,PIC,39.93,808.0,810.0,761.0,791.9,791.90,0.0,0.0,776.97,"10,671.00",808.90,"8,291,065.00",112,-17.0,49.0,-2.1,6.44,1.89,"1,372.00",761.00
2022/05/04,155,PIC,38.13,778.0,806.0,765.5,806.0,806.00,0.0,0.0,773.65,"5,206.00",791.90,"4,027,635.50",92,14.1,40.5,1.78,5.29,4.01,"1,372.00",761.00
2022/05/05,155,PIC,35.27,790.0,790.0,759.0,759.0,759.00,0.0,0.0,769.38,"10,134.00",806.00,"7,796,851.10",149,-47.0,31.0,-5.83,4.08,-1.37,"1,372.00",759.00
2022/05/08,155,PIC,34.11,745.0,771.9,732.0,770.9,770.90,0.0,0.0,746.70,"6,400.00",759.00,"4,778,871.10",105,11.9,39.9,1.57,5.45,3.14,"1,372.00",732.00
2022/05/09,147,PIC,32.72,772.0,772.1,745.1,756.0,756.00,0.0,0.0,766.18,"3,983.00",770.90,"3,051,684.90",78,-14.9,27.0,-1.93,3.62,-1.35,"1,372.00",732.00
2022/05/10,150,PIC,30.55,771.0,771.0,757.0,768.9,768.90,0.0,0.0,766.44,"2,015.00",756.00,"1,544,378.70",41,12.9,14.0,1.71,1.85,0.32,"1,372.00",732.00
2022/05/11,152,PIC,47.64,760.0,783.4,760.0,776.0,776.00,0.0,0.0,771.27,"7,955.00",768.90,"6,135,478.50",119,7.1,23.4,0.92,3.08,0.61,"1,372.00",732.00
2022/05/12,149,PIC,44.0,770.0,789.2,758.0,769.7,769.70,0.0,0.0,770.26,"9,262.00",776.00,"7,134,128.30",132,-6.3,31.2,-0.81,4.12,-0.07,"1,372.00",732.00
2022/05/17,145,PIC,40.75,755.0,755.0,701.0,715.0,715.00,0.0,0.0,721.60,"10,460.00",769.70,"7,547,920.40",139,-54.70,54.0,-7.11,7.7,-0.92,"1,372.00",701.00
2022/05/18,149,PIC,34.26,706.0,724.0,692.0,700.0,700.00,0.0,0.0,703.30,"5,403.00",715.00,"3,799,929.00",99,-15.0,32.0,-2.1,4.62,-0.47,"1,372.00",692.00
2022/05/19,145,PIC,33.25,692.0,704.0,678.2,691.1,691.10,0.0,0.0,690.01,"6,481.00",700.00,"4,471,971.70",124,-8.9,25.8,-1.27,3.8,0.16,"1,372.00",678.20
2022/05/20,147,PIC,34.28,679.0,690.0,664.0,682.9,682.90,0.0,0.0,671.16,"9,963.00",691.10,"6,686,781.40",153,-8.2,26.0,-1.19,3.92,1.72,"1,372.00",664.00
2022/05/23,148,PIC,36.37,670.0,670.0,645.0,656.0,656.00,0.0,0.0,654.90,"8,173.00",682.90,"5,352,486.80",105,-26.9,25.0,-3.94,3.88,0.17,"1,372.00",645.00
2022/05/24,148,PIC,34.32,669.1,669.1,651.0,657.0,657.00,0.0,0.0,656.48,"3,069.00",656.00,"2,014,751.30",45,1.0,18.10,0.15,2.78,0.08,"1,372.00",645.00
2022/05/25,149,PIC,38.35,670.0,683.4,660.0,675.9,675.90,0.0,0.0,670.32,"4,546.00",657.00,"3,047,261.60",80,18.9,23.4,2.88,3.55,0.83,"1,372.00",645.00
2022/04/04,150,PIC,36.12,908.0,918.0,880.0,880.0,880.00,0.0,0.0,888.44,"18,786.00",908.00,"16,690,162.20",188,-28.0,38.0,-3.08,4.32,-0.96,"1,399.00",800.00
2022/04/05,152,PIC,33.11,865.0,877.0,848.0,870.0,870.00,0.0,0.0,857.00,"13,782.00",880.00,"11,811,154.20",158,-10.0,29.00,-1.14,3.42,1.49,"1,399.00",800.00
2022/04/06,148,PIC,28.48,853.0,875.1,837.0,875.1,875.10,0.0,0.0,857.25,"3,538.00",870.00,"3,032,953.50",87,5.1,38.1,0.59,4.55,2.04,"1,399.00",800.00
2022/04/07,147,PIC,31.46,875.1,892.0,866.0,868.0,868.00,0.0,0.0,878.98,"6,495.00",875.10,"5,709,002.20",108,-7.1,26.0,-0.81,3.0,-1.27,"1,386.00",800.00
2022/04/11,153,PIC,32.78,885.3,900.0,851.0,863.9,863.90,0.0,0.0,859.25,"13,660.00",868.00,"11,737,349.20",117,-4.1,49.0,-0.47,5.76,0.54,"1,372.00",800.00
2022/04/12,158,PIC,25.86,846.7,850.0,840.0,840.1,840.10,0.0,0.0,844.29,"3,628.00",863.90,"3,063,078.20",56,-23.8,10.0,-2.75,1.19,-0.5,"1,372.00",800.00
2022/04/13,152,PIC,26.19,845.0,869.8,835.0,840.0,840.00,0.0,0.0,844.94,"4,092.00",840.10,"3,457,500.00",101,-0.10,34.8,-0.01,4.17,-0.59,"1,372.00",800.00
2022/04/17,153,PIC,30.62,830.0,855.0,830.0,845.0,845.00,0.0,0.0,838.67,"4,034.00",840.00,"3,383,178.50",72,5.00,25.0,0.6,3.01,0.75,"1,372.00",800.00
2022/04/18,151,PIC,33.96,835.0,840.0,829.0,829.0,829.00,0.0,0.0,832.07,"10,501.00",845.00,"8,737,538.00",50,-16.0,11.00,-1.89,1.33,-0.37,"1,372.00",800.00
2022/04/19,150,PIC,37.12,820.0,834.9,800.0,816.0,816.00,0.0,0.0,808.64,"11,472.00",829.00,"9,276,712.50",155,-13.0,34.9,-1.57,4.36,0.9,"1,372.00",800.00
2022/04/20,151,PIC,33.06,800.1,816.0,790.0,800.0,800.00,0.0,0.0,798.29,"8,003.00",816.00,"6,388,729.50",100,-16.0,26.0,-1.96,3.29,0.21,"1,372.00",790.00
2022/04/21,153,PIC,34.61,800.0,802.0,768.0,800.0,800.00,0.0,0.0,777.25,"10,077.00",800.00,"7,832,300.40",114,0.0,34.00,0.0,4.43,2.84,"1,372.00",768.00
2022/04/24,161,PIC,37.85,795.0,827.0,795.0,825.9,825.90,0.0,0.0,819.31,"4,891.00",800.00,"4,007,244.50",103,25.90,32.00,3.24,4.03,0.8,"1,372.00",768.00
2022/04/25,158,PIC,39.29,824.0,835.0,809.4,816.0,816.00,0.0,0.0,819.49,"5,886.00",825.90,"4,823,516.30",116,-9.9,25.6,-1.2,3.16,-0.43,"1,372.00",768.00
2022/04/26,149,PIC,40.09,810.0,827.0,800.0,815.0,815.00,0.0,0.0,812.28,"3,012.00",816.00,"2,446,593.60",77,-1.0,27.0,-0.12,3.38,0.33,"1,372.00",768.00
2022/04/27,151,PIC,38.24,821.0,821.0,798.8,810.0,810.00,0.0,0.0,802.43,"2,512.00",815.00,"2,015,715.00",62,-5.0,22.2,-0.61,2.78,0.93,"1,372.00",768.00
2022/03/09,150,PIC,39.07,850.0,850.0,810.0,815.0,815.00,0.0,0.0,823.00,"7,461.00",835.00,"6,140,386.40",119,-20.0,40.0,-2.4,4.94,-0.98,"1,399.00",810.00
2022/03/10,151,PIC,43.25,802.5,824.0,800.0,820.0,820.00,0.0,0.0,807.62,"11,548.00",815.00,"9,326,414.20",154,5.0,24.0,0.61,3.0,1.51,"1,399.00",800.00
2022/03/13,150,PIC,48.19,835.0,862.0,830.0,860.0,860.00,0.0,0.0,847.94,"6,808.00",820.00,"5,772,782.70",131,40.00,32.00,4.88,3.86,1.4,"1,399.00",800.00
2022/03/14,146,PIC,52.1,877.0,877.2,860.0,870.0,870.00,0.0,0.0,864.03,"5,603.00",860.00,"4,841,157.80",60,10.0,17.2,1.16,2.0,0.69,"1,399.00",800.00
2022/03/15,153,PIC,54.25,870.0,890.0,855.2,889.0,889.00,0.0,0.0,873.28,"12,520.00",870.00,"10,933,416.60",142,19.0,34.8,2.18,4.07,1.77,"1,399.00",800.00
2022/03/16,151,PIC,52.29,890.0,904.0,881.2,899.0,899.00,0.0,0.0,891.84,"9,866.00",889.00,"8,798,875.30",161,10.0,22.8,1.12,2.59,0.8,"1,399.00",800.00
2022/03/20,146,PIC,53.4,915.0,915.0,882.0,893.7,893.70,0.0,0.0,889.34,"7,405.00",899.00,"6,585,549.40",125,-5.3,33.0,-0.59,3.74,0.49,"1,399.00",800.00
2022/03/21,154,PIC,55.02,881.4,905.0,881.0,905.0,905.00,0.0,0.0,890.99,"5,732.00",893.70,"5,107,177.80",133,11.30,24.0,1.26,2.72,1.55,"1,399.00",800.00
2022/03/22,153,PIC,54.74,905.0,919.0,905.0,911.9,911.90,0.0,0.0,909.79,"7,178.00",905.00,"6,530,472.80",158,6.9,14.0,0.76,1.55,0.23,"1,399.00",800.00
2022/03/23,148,PIC,53.02,900.4,918.0,890.0,900.0,900.00,0.0,0.0,897.97,"9,809.00",911.90,"8,808,191.90",138,-11.9,28.0,-1.3,3.15,0.23,"1,399.00",800.00
2022/03/24,148,PIC,51.19,905.0,922.0,895.0,905.0,905.00,0.0,0.0,909.15,"15,713.00",900.00,"14,285,432.00",168,5.0,27.0,0.56,3.02,-0.46,"1,399.00",800.00
2022/03/28,155,PIC,49.18,945.0,945.0,909.0,930.0,930.00,0.0,0.0,925.37,"10,234.00",945.00,"9,470,268.80",211,-15.0,36.0,-1.59,3.96,0.5,"1,399.00",800.00
2022/03/29,148,PIC,47.6,920.0,930.0,905.0,912.0,912.00,0.0,0.0,914.37,"5,059.00",930.00,"4,625,773.50",93,-18.0,25.0,-1.94,2.76,-0.26,"1,399.00",800.00
2022/03/30,153,PIC,52.44,910.0,929.0,895.2,928.9,928.90,0.0,0.0,906.55,"12,832.00",912.00,"11,632,885.50",191,16.9,33.8,1.85,3.78,2.41,"1,399.00",800.00
2022/03/31,151,PIC,34.47,918.0,936.0,900.0,919.0,919.00,0.0,0.0,913.07,"6,039.00",928.90,"5,514,001.20",113,-9.9,36.0,-1.07,4.0,0.65,"1,399.00",800.00
2022/04/28,149,PIC,33.96,810.0,820.0,795.0,808.9,808.90,0.0,0.0,804.53,"2,878.00",810.00,"2,315,449.30",95,-1.1,25.0,-0.14,3.14,0.54,"1,372.00",768.00
2022/05/26,146,PIC,38.82,680.0,684.0,667.0,683.9,683.90,0.0,0.0,674.20,"2,908.00",675.90,"1,960,585.70",66,8.0,17.0,1.18,2.55,1.42,"1,372.00",645.00
2022/06/17,144,PIC,34.13,592.0,602.0,580.0,602.0,602.00,0.0,0.0,591.24,"1,454.00",587.00,"859,665.80",44,15.0,22.0,2.56,3.79,1.79,"1,372.00",572.00
2022/07/07,151,PIC,31.07,622.0,634.4,594.0,607.0,607.00,0.0,0.0,604.02,"2,878.00",610.00,"1,738,373.40",57,-3.0,40.4,-0.49,6.8,0.49,"1,372.00",512.00
2022/12/06,158,PIC,31.71,544.0,544.0,525.1,535.0,535.00,0.0,0.0,533.47,"3,956.00",544.00,"2,110,401.40",40,-9.0,18.9,-1.65,3.6,0.29,"1,225.00",512.00
2023/01/02,169,PIC,53.4,676.2,708.9,650.1,705.0,705.00,0.0,0.0,689.15,"9,745.00",663.00,"6,715,794.60",149,42.0,58.8,6.33,9.04,2.25,"1,225.00",500.10
2023/01/31,170,PIC,39.32,646.8,663.0,640.0,663.0,663.00,0.0,0.0,648.26,"10,266.00",646.80,"6,655,055.20",86,16.2,23.0,2.5,3.59,2.22,"1,020.00",500.10
2023/02/27,168,PIC,44.01,611.0,649.0,601.0,649.0,649.00,0.0,0.0,612.69,"4,818.00",618.90,"2,951,921.20",65,30.1,48.00,4.86,7.99,5.6,978.00,500.10
2018/09/02,114,PIC,-,1021.0,1055.0,1021.0,1040.0,"1,040.00",0.0,0.0,"1,038.62",904.00,"1,030.00","938,910.00",44,10.0,34.0,0.97,3.33,0.13,"1,760.00",686.00
2021/02/14,137,PIC,48.44,1290.0,1299.0,1220.0,1230.0,"1,230.00",0.0,0.0,"1,254.57","42,159.00","1,279.00","52,891,233.00",326,-49.0,79.0,-3.83,6.48,-2.0,"1,370.00",446.00
2022/04/03,149,PIC,30.75,902.0,916.9,900.0,908.0,908.00,0.0,0.0,904.99,"5,948.00",919.00,"5,382,891.40",79,-11.0,16.9,-1.2,1.88,0.33,"1,399.00",800.00
2022/02/09,147,PIC,48.5,987.0,987.2,975.0,980.0,980.00,0.0,0.0,978.75,"2,063.00",987.10,"2,019,160.00",50,-7.1,12.2,-0.72,1.25,0.13,"1,399.00",817.00
2022/02/10,150,PIC,44.63,970.0,981.0,958.0,973.0,973.00,0.0,0.0,965.17,"6,716.00",980.00,"6,482,076.80",99,-7.0,23.0,-0.71,2.4,0.8,"1,399.00",817.00
2022/02/13,151,PIC,48.65,953.6,963.0,918.0,963.0,963.00,0.0,0.0,928.90,"14,733.00",973.00,"13,685,446.40",196,-10.0,45.0,-1.03,4.9,3.54,"1,399.00",817.00
2022/02/14,151,PIC,41.33,943.8,951.0,930.0,939.0,939.00,0.0,0.0,941.81,"7,106.00",963.00,"6,692,523.80",96,-24.0,21.0,-2.49,2.26,-0.3,"1,399.00",817.00
2022/02/16,152,PIC,46.87,949.6,956.7,919.3,938.0,938.00,0.0,0.0,932.62,"11,208.00",939.00,"10,452,816.50",95,-1.0,37.4,-0.11,4.07,0.57,"1,399.00",817.00
2022/02/17,150,PIC,42.85,950.0,950.0,908.0,917.0,917.00,0.0,0.0,918.76,"10,696.00",938.00,"9,827,018.90",96,-21.0,42.0,-2.24,4.63,-0.19,"1,399.00",817.00
2022/02/20,152,PIC,40.44,901.0,901.0,878.1,880.0,880.00,0.0,0.0,886.25,"9,561.00",917.00,"8,473,443.70",148,-37.0,22.9,-4.03,2.61,-0.71,"1,399.00",817.00
2022/02/21,148,PIC,40.82,897.0,899.0,881.0,896.0,896.00,0.0,0.0,886.57,"5,576.00",880.00,"4,943,536.00",72,16.0,18.0,1.82,2.04,1.05,"1,399.00",817.00
2022/02/22,154,PIC,42.47,900.0,912.0,893.0,894.0,894.00,0.0,0.0,899.20,"6,218.00",896.00,"5,591,212.50",60,-2.0,19.0,-0.22,2.13,-0.58,"1,399.00",817.00
2022/02/23,150,PIC,38.7,899.0,899.0,880.0,889.0,889.00,0.0,0.0,883.83,"2,146.00",894.00,"1,896,693.00",54,-5.0,19.0,-0.56,2.16,0.58,"1,399.00",817.00
2022/02/24,152,PIC,52.47,890.0,893.0,866.0,892.9,892.90,0.0,0.0,871.91,"12,805.00",889.00,"11,164,823.20",123,3.9,27.0,0.44,3.12,2.35,"1,399.00",817.00
2022/02/27,148,PIC,48.52,892.8,898.0,860.1,894.9,894.90,0.0,0.0,871.95,"9,798.00",892.90,"8,543,344.60",115,2.0,37.90,0.22,4.41,2.56,"1,399.00",817.00
2022/02/28,151,PIC,40.73,911.0,911.0,858.0,865.0,865.00,0.0,0.0,866.18,"3,943.00",894.90,"3,415,359.70",72,-29.9,53.00,-3.34,6.18,-0.14,"1,399.00",817.00
2022/03/02,151,PIC,41.72,882.3,882.3,847.0,850.0,850.00,0.0,0.0,852.16,"7,216.00",865.00,"6,149,171.90",149,-15.0,35.30,-1.73,4.17,-0.25,"1,399.00",817.00
2022/03/06,155,PIC,39.3,866.0,866.0,825.0,850.0,850.00,0.0,0.0,842.76,"5,457.00",850.00,"4,598,950.50",124,0.0,41.0,0.0,4.97,0.85,"1,399.00",817.00
2022/01/16,154,PIC,61.15,1157.0,1210.0,1140.0,1203.0,"1,203.00",0.0,0.0,"1,178.22","48,086.00","1,135.00","56,655,781.00",383,68.0,70.0,5.99,6.14,2.06,"1,399.00",817.00
2022/01/17,148,PIC,59.85,1210.0,1210.0,1176.0,1186.0,"1,186.00",0.0,0.0,"1,192.15","36,341.00","1,203.00","43,323,795.90",316,-17.0,34.0,-1.41,2.89,-0.52,"1,399.00",817.00
2022/01/18,148,PIC,64.59,1205.0,1225.0,1185.0,1213.0,"1,213.00",0.0,0.0,"1,209.23","113,310.00","1,186.00","137,017,718.20",893,27.0,40.0,2.28,3.38,0.31,"1,399.00",817.00
2022/01/19,151,PIC,48.77,1061.71,1102.0,1051.0,1056.1,"1,056.10",0.0,0.0,"1,071.36","24,125.00","1,061.71","25,846,608.60",288,-5.61,51.0,-0.53,4.85,-1.45,"1,399.00",817.00
2022/01/20,153,PIC,49.69,1050.9,1082.0,1050.0,1071.0,"1,071.00",0.0,0.0,"1,066.43","20,379.00","1,056.10","21,732,792.50",146,14.9,32.0,1.41,3.05,0.43,"1,399.00",817.00
2022/01/23,153,PIC,50.92,1092.0,1092.0,1041.0,1042.0,"1,042.00",0.0,0.0,"1,053.73","21,872.00","1,071.00","23,047,087.70",159,-29.0,51.00,-2.71,4.9,-1.13,"1,399.00",817.00
2022/01/24,148,PIC,49.47,1036.0,1040.0,975.1,999.0,999.00,0.0,0.0,"1,003.79","19,387.00","1,042.00","19,460,388.20",250,-43.0,64.9,-4.13,6.66,-0.48,"1,399.00",817.00
2022/01/25,150,PIC,45.51,985.0,1019.0,985.0,991.0,991.00,0.0,0.0,"1,006.04","17,494.00",999.00,"17,599,663.70",142,-8.0,34.00,-0.8,3.45,-1.52,"1,399.00",817.00
2022/01/26,154,PIC,41.87,993.0,1008.0,970.0,980.0,980.00,0.0,0.0,979.37,"11,359.00",991.00,"11,124,646.00",110,-11.0,38.0,-1.11,3.92,0.06,"1,399.00",817.00
2022/01/27,148,PIC,39.88,997.0,998.0,966.0,980.0,980.00,0.0,0.0,974.78,"7,763.00",980.00,"7,567,205.50",76,0.0,32.0,0.0,3.31,0.53,"1,399.00",817.00
2022/01/30,151,PIC,60.45,998.0,1016.0,990.0,1010.0,"1,010.00",0.0,0.0,"1,001.44","14,628.00",980.00,"14,648,998.30",107,30.0,26.0,3.06,2.63,0.85,"1,399.00",817.00
2022/01/31,149,PIC,64.21,1010.0,1019.0,990.0,1006.0,"1,006.00",0.0,0.0,995.85,"19,458.00","1,010.00","19,377,197.40",115,-4.0,29.0,-0.4,2.93,1.01,"1,399.00",817.00
2022/02/01,147,PIC,55.82,986.1,1004.0,986.1,1000.0,"1,000.00",0.0,0.0,998.73,"4,567.00","1,006.00","4,561,191.80",79,-6.0,17.9,-0.6,1.82,0.13,"1,399.00",817.00
2022/02/03,148,PIC,58.42,1020.0,1020.0,995.0,995.0,995.00,0.0,0.0,"1,005.17","13,642.00","1,000.00","13,712,512.20",135,-5.0,25.0,-0.5,2.51,-1.02,"1,399.00",817.00
2022/02/06,152,PIC,56.9,999.0,1014.0,975.0,1014.0,"1,014.00",0.0,0.0,981.92,"9,743.00",995.00,"9,566,841.40",103,19.00,39.0,1.91,4.0,3.16,"1,399.00",817.00
2022/02/07,149,PIC,51.44,994.1,1009.0,990.0,1000.0,"1,000.00",0.0,0.0,997.76,"14,701.00","1,014.00","14,668,043.50",88,-14.0,19.0,-1.38,1.92,0.22,"1,399.00",817.00
2021/12/21,151,PIC,42.03,835.0,851.0,830.0,849.0,849.00,0.0,0.0,842.22,"5,082.00",834.10,"4,280,143.30",59,14.9,21.00,1.79,2.53,0.8,"1,399.00",817.00
2021/12/22,154,PIC,47.94,865.0,905.7,865.0,882.0,882.00,0.0,0.0,890.57,"3,367.00",849.00,"2,998,545.40",67,33.0,40.7,3.89,4.71,-0.97,"1,399.00",817.00
2021/12/23,151,PIC,53.82,899.0,934.0,878.0,917.0,917.00,0.0,0.0,902.83,"7,429.00",882.00,"6,707,099.90",109,35.0,56.0,3.97,6.38,1.55,"1,399.00",817.00
2021/12/26,152,PIC,55.82,935.3,1008.7,930.1,1008.7,"1,008.70",0.0,0.0,981.97,"26,937.00",917.00,"26,451,245.50",279,91.70,78.60,10.0,8.45,2.65,"1,399.00",817.00
2021/12/27,158,PIC,58.65,1028.0,1048.0,954.0,956.0,956.00,0.0,0.0,984.78,"27,845.00","1,008.70","27,421,131.70",258,-52.7,94.00,-5.22,9.85,-3.01,"1,399.00",817.00
2021/12/28,153,PIC,51.48,937.0,959.0,936.0,943.8,943.80,0.0,0.0,946.02,"4,883.00",956.00,"4,619,437.10",86,-12.2,23.0,-1.28,2.46,-0.24,"1,399.00",817.00
2021/12/29,151,PIC,53.95,927.0,1006.0,925.0,1006.0,"1,006.00",0.0,0.0,955.51,"8,020.00",943.80,"7,663,193.20",92,62.2,81.00,6.59,8.76,5.02,"1,399.00",817.00
2022/01/02,160,PIC,42.94,1009.0,1014.8,985.9,1002.0,"1,002.00",0.0,0.0,"1,004.60","10,192.00","1,006.00","10,238,855.40",140,-4.00,28.90,-0.4,2.93,-0.26,"1,399.00",817.00
2022/01/03,151,PIC,56.57,1002.0,1022.0,988.0,995.0,995.00,0.0,0.0,"1,010.49","15,089.00","1,002.00","15,247,320.90",238,-7.0,34.00,-0.7,3.44,-1.56,"1,399.00",817.00
2022/01/04,156,PIC,51.39,980.0,1010.0,980.0,1010.0,"1,010.00",0.0,0.0,998.73,"5,787.00",995.00,"5,779,653.60",88,15.0,30.00,1.51,3.06,1.12,"1,399.00",817.00
2022/01/05,158,PIC,40.21,1010.0,1018.9,978.0,990.0,990.00,0.0,0.0,990.61,"7,176.00","1,010.00","7,108,611.00",112,-20.0,40.9,-1.98,4.18,-0.06,"1,399.00",817.00
2022/01/09,160,PIC,54.9,1029.0,1080.0,1015.0,1049.0,"1,049.00",0.0,0.0,"1,054.03","21,584.00","1,009.00","22,750,258.40",224,40.0,65.00,3.96,6.4,-0.48,"1,399.00",817.00
2022/01/10,159,PIC,59.94,1050.0,1090.0,1050.0,1090.0,"1,090.00",0.0,0.0,"1,077.84","48,800.00","1,049.00","52,598,730.80",317,41.0,40.00,3.91,3.81,1.12,"1,399.00",817.00
2022/01/11,153,PIC,63.0,1075.0,1130.0,1075.0,1112.0,"1,112.00",0.0,0.0,"1,116.17","37,720.00","1,090.00","42,102,053.30",297,22.0,55.00,2.02,5.12,-0.38,"1,399.00",817.00
2022/01/12,152,PIC,55.76,1090.0,1132.0,1076.0,1086.0,"1,086.00",0.0,0.0,"1,104.18","24,015.00","1,112.00","26,516,784.10",214,-26.0,56.00,-2.34,5.2,-1.67,"1,399.00",817.00
2021/11/25,152,PIC,45.0,1000.0,1004.7,980.1,991.0,991.00,0.0,0.0,991.21,"8,615.00","1,002.00","8,539,260.50",85,-11.0,24.6,-1.1,2.51,-0.02,"1,399.00",833.00
2021/11/28,156,PIC,39.19,981.0,990.0,941.0,950.0,950.00,0.0,0.0,965.46,"9,709.00",991.00,"9,373,694.00",131,-41.0,49.0,-4.14,5.21,-1.63,"1,399.00",833.00
2021/11/29,151,PIC,42.26,933.0,955.0,932.0,945.0,945.00,0.0,0.0,945.95,"8,489.00",950.00,"8,030,149.50",90,-5.0,23.0,-0.53,2.47,-0.1,"1,399.00",833.00
2021/11/30,149,PIC,38.31,945.0,948.0,930.0,944.0,944.00,0.0,0.0,939.92,"5,923.00",945.00,"5,567,131.00",72,-1.0,18.0,-0.11,1.94,0.43,"1,399.00",833.00
2021/12/01,148,PIC,41.02,944.0,960.0,944.0,945.0,945.00,0.0,0.0,946.89,"3,399.00",944.00,"3,218,486.00",45,1.0,16.0,0.11,1.69,-0.2,"1,399.00",833.00
2021/12/02,152,PIC,45.79,957.9,957.9,920.0,920.0,920.00,0.0,0.0,930.76,"7,335.00",945.00,"6,827,153.50",82,-25.0,37.9,-2.65,4.12,-1.17,"1,399.00",833.00
2021/12/05,149,PIC,45.4,937.0,938.0,901.0,901.0,901.00,0.0,0.0,912.72,"12,451.00",920.00,"11,364,224.40",118,-19.0,37.0,-2.07,4.11,-1.3,"1,399.00",833.00
2021/12/06,150,PIC,43.97,890.0,908.0,863.0,905.0,905.00,0.0,0.0,887.13,"7,530.00",901.00,"6,680,064.10",113,4.0,45.00,0.44,5.21,1.97,"1,399.00",833.00
2021/12/07,151,PIC,40.58,905.0,923.5,885.0,886.0,886.00,0.0,0.0,910.96,"5,301.00",905.00,"4,829,008.60",115,-19.0,38.50,-2.1,4.35,-2.82,"1,399.00",833.00
2021/12/08,149,PIC,40.37,869.1,902.0,869.0,876.0,876.00,0.0,0.0,879.75,"6,517.00",886.00,"5,733,357.90",61,-10.0,33.00,-1.13,3.8,-0.43,"1,399.00",833.00
2021/12/09,153,PIC,42.03,865.0,879.0,860.0,876.0,876.00,0.0,0.0,866.89,"7,643.00",876.00,"6,625,630.60",80,0.0,19.0,0.0,2.21,1.04,"1,399.00",833.00
2021/12/12,151,PIC,37.97,865.0,865.0,850.0,850.0,850.00,0.0,0.0,857.73,"8,873.00",876.00,"7,610,631.50",88,-26.00,15.00,-2.97,1.76,-0.91,"1,399.00",850.00
2021/12/13,154,PIC,41.69,833.0,850.0,817.0,830.5,830.50,0.0,0.0,838.64,"11,975.00",850.00,"10,042,731.00",90,-19.50,33.00,-2.29,4.04,-0.98,"1,399.00",817.00
2021/12/14,145,PIC,42.26,832.0,884.9,832.0,874.9,874.90,0.0,0.0,858.62,"1,980.00",830.50,"1,700,072.10",26,44.40,52.90,5.35,6.36,1.86,"1,399.00",817.00
2021/12/15,152,PIC,42.12,892.0,900.0,848.0,850.0,850.00,0.0,0.0,860.13,"8,471.00",874.90,"7,286,119.40",93,-24.9,52.0,-2.85,6.13,-1.19,"1,399.00",817.00
2021/12/16,147,PIC,44.84,845.0,845.0,828.1,832.0,832.00,0.0,0.0,833.64,"10,395.00",850.00,"8,665,641.40",135,-18.0,16.9,-2.12,2.04,-0.2,"1,399.00",817.00
2021/10/28,145,PIC,59.23,1056.0,1057.0,1016.0,1040.0,"1,040.00",0.0,0.0,"1,033.56","13,600.00","1,057.00","14,056,368.70",172,-17.0,41.0,-1.61,4.04,0.62,"1,399.00",763.00
2021/10/31,153,PIC,62.19,1060.0,1080.0,1031.0,1079.0,"1,079.00",0.0,0.0,"1,058.43","18,820.00","1,040.00","19,919,578.60",190,39.00,49.00,3.75,4.75,1.91,"1,399.00",763.00
2021/11/01,148,PIC,61.61,1100.0,1103.0,1070.1,1078.0,"1,078.00",0.0,0.0,"1,087.95","17,101.00","1,079.00","18,604,987.10",178,-1.0,32.9,-0.09,3.07,-0.92,"1,399.00",763.00
2021/11/02,154,PIC,69.63,1078.0,1133.0,1060.0,1129.0,"1,129.00",0.0,0.0,"1,110.31","25,191.00","1,078.00","27,969,731.00",262,51.0,73.0,4.73,6.89,1.66,"1,399.00",763.00
2021/11/03,153,PIC,60.01,1108.0,1130.0,1093.0,1093.0,"1,093.00",0.0,0.0,"1,109.64","13,107.00","1,129.00","14,544,024.00",112,-36.0,37.0,-3.19,3.39,-1.52,"1,399.00",763.00
2021/11/08,150,PIC,56.84,1113.0,1116.0,1085.0,1098.0,"1,098.00",0.0,0.0,"1,101.69","9,886.00","1,093.00","10,891,297.50",78,5.0,31.0,0.46,2.86,-0.34,"1,399.00",763.00
2021/11/09,148,PIC,46.84,1105.0,1105.0,1030.0,1040.0,"1,040.00",0.0,0.0,"1,052.13","10,499.00","1,098.00","11,046,292.10",147,-58.0,75.0,-5.28,7.28,-1.17,"1,399.00",766.00
2021/11/11,149,PIC,44.95,1020.0,1042.9,1012.0,1015.0,"1,015.00",0.0,0.0,"1,023.90","11,787.00","1,040.00","12,068,701.00",135,-25.0,30.9,-2.4,3.05,-0.88,"1,399.00",780.00
2021/11/14,153,PIC,42.57,1015.0,1040.0,1010.0,1030.0,"1,030.00",0.0,0.0,"1,022.46","9,439.00","1,015.00","9,651,021.20",86,15.00,30.00,1.48,2.97,0.73,"1,399.00",780.00
2021/11/15,151,PIC,45.27,1025.0,1090.0,1023.0,1030.0,"1,030.00",0.0,0.0,"1,036.90","13,727.00","1,030.00","14,233,488.00",99,0.00,67.00,0.0,6.55,-0.67,"1,399.00",780.00
2021/11/16,151,PIC,51.73,1028.0,1048.0,1021.0,1046.0,"1,046.00",0.0,0.0,"1,041.18","10,315.00","1,030.00","10,739,821.90",99,16.00,27.00,1.55,2.64,0.46,"1,399.00",780.00
2021/11/17,148,PIC,60.3,1066.0,1081.0,1044.8,1067.0,"1,067.00",0.0,0.0,"1,071.08","11,464.00","1,046.00","12,278,879.40",147,21.00,36.20,2.01,3.46,-0.38,"1,399.00",780.00
2021/11/18,146,PIC,50.7,1069.0,1080.0,1045.0,1045.7,"1,045.70",0.0,0.0,"1,051.84","8,455.00","1,067.00","8,893,316.30",92,-21.3,35.0,-2.0,3.35,-0.59,"1,399.00",780.00
2021/11/21,150,PIC,43.87,1024.8,1026.0,995.0,1008.0,"1,008.00",0.0,0.0,"1,010.51","19,314.00","1,045.70","19,516,896.80",249,-37.7,31.0,-3.61,3.12,-0.25,"1,399.00",833.00
2021/11/22,152,PIC,43.2,995.0,1024.0,995.0,1014.0,"1,014.00",0.0,0.0,"1,010.54","15,449.00","1,008.00","15,611,809.70",196,6.0,29.0,0.6,2.91,0.34,"1,399.00",833.00
2021/11/23,153,PIC,42.35,1004.0,1010.0,1000.0,1000.0,"1,000.00",0.0,0.0,"1,005.67","13,077.00","1,014.00","13,151,117.20",100,-14.0,10.0,-1.38,1.0,-0.57,"1,399.00",833.00
2021/09/29,149,PIC,46.22,1000.0,1078.0,981.2,1046.9,"1,046.90",0.0,0.0,"1,008.14","10,291.00",999.00,"10,374,780.40",148,47.9,96.8,4.79,9.87,3.7,"1,399.00",751.00
2021/09/30,147,PIC,47.9,1027.0,1030.0,975.0,981.0,981.00,0.0,0.0,995.62,"21,966.00","1,046.90","21,869,888.00",254,-65.9,55.0,-6.29,5.64,-1.49,"1,399.00",751.00
2021/10/03,152,PIC,46.09,980.0,1010.0,976.0,998.0,998.00,0.0,0.0,989.70,"14,108.00",981.00,"13,962,626.10",138,17.0,34.0,1.73,3.48,0.83,"1,399.00",751.00
2021/10/04,149,PIC,45.76,983.0,1000.0,975.0,988.0,988.00,0.0,0.0,982.53,"14,952.00",998.00,"14,690,748.20",164,-10.0,25.0,-1.0,2.56,0.55,"1,399.00",751.00
2021/10/05,147,PIC,41.19,1007.0,1020.0,991.0,1005.0,"1,005.00",0.0,0.0,998.82,"8,516.00",988.00,"8,505,986.70",88,17.0,29.0,1.72,2.93,0.61,"1,399.00",751.00
2021/10/06,152,PIC,51.27,1000.0,1039.0,1000.0,1036.0,"1,036.00",0.0,0.0,"1,024.70","7,516.00","1,005.00","7,701,669.90",139,31.0,39.0,3.08,3.9,1.09,"1,399.00",751.00
2021/10/10,143,PIC,51.85,1056.0,1057.0,1015.0,1020.0,"1,020.00",0.0,0.0,"1,032.76","12,346.00","1,036.00","12,750,461.70",138,-16.0,42.0,-1.54,4.14,-1.25,"1,399.00",751.00
2021/10/11,143,PIC,51.74,1020.0,1040.0,1010.0,1025.0,"1,025.00",0.0,0.0,"1,020.54","11,371.00","1,020.00","11,604,576.40",76,5.0,30.0,0.49,2.97,0.43,"1,399.00",751.00
2021/10/17,144,PIC,49.87,1015.0,1030.0,1001.0,1030.0,"1,030.00",0.0,0.0,"1,013.93","3,721.00","1,025.00","3,772,815.30",93,5.0,29.0,0.49,2.9,1.56,"1,399.00",751.00
2021/10/18,145,PIC,42.46,1015.0,1015.0,983.3,983.3,983.30,0.0,0.0,989.91,"9,135.00","1,030.00","9,042,856.90",133,-46.7,31.7,-4.53,3.22,-0.67,"1,399.00",751.00
2021/10/20,143,PIC,39.23,969.0,990.0,966.0,970.0,970.00,0.0,0.0,973.22,"5,711.00",950.00,"5,558,038.40",80,20.0,24.0,2.11,2.48,-0.33,"1,399.00",763.00
2021/10/21,141,PIC,39.72,960.0,980.0,960.0,970.0,970.00,0.0,0.0,970.86,"12,558.00",970.00,"12,192,081.20",151,0.00,20.0,0.0,2.08,-0.09,"1,399.00",763.00
2021/10/24,149,PIC,49.58,970.0,995.0,970.0,995.0,995.00,0.0,0.0,982.00,"3,184.00",970.00,"3,126,693.20",77,25.0,25.0,2.58,2.58,1.31,"1,399.00",763.00
2021/10/25,152,PIC,54.67,1014.0,1021.0,998.0,1021.0,"1,021.00",0.0,0.0,"1,009.79","10,751.00",995.00,"10,856,269.00",109,26.0,23.0,2.61,2.3,1.1,"1,399.00",763.00
2021/10/26,149,PIC,58.26,1038.0,1041.4,1020.6,1035.0,"1,035.00",0.0,0.0,"1,032.93","16,559.00","1,021.00","17,104,327.90",185,14.0,20.8,1.37,2.04,0.2,"1,399.00",763.00
2021/09/06,147,PIC,48.42,1154.0,1238.0,1115.0,1201.0,"1,201.00",0.0,0.0,"1,166.09","14,909.00","1,132.00","17,385,275.10",228,69.0,123.0,6.1,11.03,2.91,"1,399.00",732.00
2021/09/07,145,PIC,45.07,1177.0,1197.0,1162.0,1180.0,"1,180.00",0.0,0.0,"1,175.02","17,241.00","1,201.00","20,258,520.70",199,-21.0,35.0,-1.75,3.01,0.42,"1,399.00",732.00
2021/09/08,144,PIC,40.98,1158.0,1180.0,1128.0,1130.0,"1,130.00",0.0,0.0,"1,142.02","13,393.00","1,180.00","15,295,031.70",210,-50.0,52.0,-4.24,4.61,-1.06,"1,399.00",735.00
2021/09/09,150,PIC,52.44,1132.0,1135.0,1100.0,1115.0,"1,115.00",0.0,0.0,"1,117.10","29,511.00","1,130.00","32,966,776.10",337,-15.0,35.0,-1.33,3.18,-0.19,"1,399.00",751.00
2021/09/12,153,PIC,51.01,1100.0,1164.8,1100.0,1164.8,"1,164.80",0.0,0.0,"1,118.44","63,035.00","1,115.00","70,500,782.10",362,49.80,64.80,4.47,5.89,3.98,"1,399.00",751.00
2021/09/13,146,PIC,54.05,1180.0,1180.0,1118.0,1155.0,"1,155.00",0.0,0.0,"1,142.57","26,055.00","1,164.80","29,769,694.00",232,-9.8,62.00,-0.84,5.55,1.08,"1,399.00",751.00
2021/09/14,146,PIC,51.62,1135.1,1159.7,1121.0,1135.0,"1,135.00",0.0,0.0,"1,131.29","11,451.00","1,155.00","12,954,432.30",139,-20.00,38.7,-1.73,3.45,0.33,"1,399.00",751.00
2021/09/15,146,PIC,50.7,1120.0,1130.0,1100.0,1119.5,"1,119.50",0.0,0.0,"1,108.88","17,157.00","1,135.00","19,025,035.10",249,-15.50,30.0,-1.37,2.73,0.95,"1,399.00",751.00
2021/09/16,153,PIC,42.79,1099.0,1100.1,1045.0,1078.0,"1,078.00",0.0,0.0,"1,066.15","29,503.00","1,119.50","31,454,506.60",464,-41.5,55.1,-3.71,5.27,1.1,"1,399.00",751.00
2021/09/20,148,PIC,41.13,1071.0,1099.0,989.8,990.0,990.00,0.0,0.0,"1,019.55","34,077.00","1,078.00","34,743,261.50",399,-88.0,109.2,-8.16,11.03,-2.99,"1,399.00",751.00
2021/09/21,145,PIC,41.87,990.0,1043.0,981.0,1005.0,"1,005.00",0.0,0.0,"1,006.69","22,661.00",990.00,"22,812,584.60",260,15.0,62.00,1.52,6.32,-0.17,"1,399.00",751.00
2021/09/22,142,PIC,52.88,1024.0,1105.5,1024.0,1105.5,"1,105.50",0.0,0.0,"1,060.96","28,371.00","1,005.00","30,100,435.60",314,100.5,81.50,10.0,7.96,4.03,"1,399.00",751.00
2021/09/23,152,PIC,52.03,1107.0,1107.0,1048.6,1086.0,"1,086.00",0.0,0.0,"1,068.62","24,483.00","1,105.50","26,162,906.10",252,-19.50,58.4,-1.76,5.57,1.6,"1,399.00",751.00
2021/09/26,156,PIC,51.57,1099.0,1099.0,1030.0,1031.0,"1,031.00",0.0,0.0,"1,045.74","15,369.00","1,086.00","16,072,034.90",172,-55.0,69.0,-5.06,6.7,-1.43,"1,399.00",751.00
2021/09/27,153,PIC,46.82,1024.1,1024.1,991.0,999.0,999.00,0.0,0.0,998.80,"17,716.00","1,031.00","17,694,662.20",224,-32.0,33.1,-3.1,3.34,0.02,"1,399.00",751.00
2021/08/09,145,PIC,52.84,1212.0,1246.0,1212.0,1228.0,"1,228.00",0.0,0.0,"1,231.04","13,084.00","1,228.00","16,106,960.00",167,0.0,34.0,0.0,2.81,-0.25,"1,399.00",593.00
2021/08/10,147,PIC,59.43,1249.0,1261.0,1230.0,1256.0,"1,256.00",0.0,0.0,"1,250.72","15,862.00","1,228.00","19,838,991.10",229,28.0,31.0,2.28,2.52,0.42,"1,399.00",624.00
2021/08/11,149,PIC,59.57,1260.0,1279.0,1250.0,1260.0,"1,260.00",0.0,0.0,"1,264.42","14,493.00","1,256.00","18,325,251.90",207,4.00,29.0,0.32,2.32,-0.35,"1,399.00",624.00
2021/08/12,145,PIC,67.54,1279.0,1281.0,1253.5,1276.0,"1,276.00",0.0,0.0,"1,273.50","27,602.00","1,260.00","35,151,242.30",273,16.0,27.5,1.27,2.19,0.2,"1,399.00",624.00
2021/08/15,145,PIC,44.05,1276.0,1285.0,1241.0,1259.0,"1,259.00",0.0,0.0,"1,259.66","16,988.00","1,276.00","21,399,179.80",190,-17.0,44.00,-1.33,3.55,-0.05,"1,399.00",624.00
2021/08/16,147,PIC,55.55,1260.0,1265.0,1235.0,1240.0,"1,240.00",0.0,0.0,"1,246.01","26,018.00","1,259.00","32,418,616.90",246,-19.0,30.0,-1.51,2.43,-0.48,"1,399.00",624.00
2021/08/17,144,PIC,53.98,1241.1,1245.0,1220.2,1223.0,"1,223.00",0.0,0.0,"1,229.55","17,164.00","1,240.00","21,103,999.90",201,-17.0,24.8,-1.37,2.03,-0.54,"1,399.00",643.00
2021/08/18,148,PIC,57.12,1215.0,1274.0,1212.0,1260.0,"1,260.00",0.0,0.0,"1,252.87","31,992.00","1,223.00","40,081,918.20",394,37.0,62.00,3.03,5.12,0.57,"1,399.00",650.00
2021/08/19,150,PIC,69.93,1265.2,1330.0,1265.0,1295.0,"1,295.00",0.0,0.0,"1,291.74","72,831.00","1,260.00","94,078,903.40",762,35.0,65.00,2.78,5.14,0.25,"1,399.00",650.00
2021/08/24,148,PIC,72.73,1320.9,1372.0,1320.9,1351.0,"1,351.00",0.0,0.0,"1,352.86","129,759.00","1,295.00","175,545,204.30","1,359",56.0,51.1,4.32,3.87,-0.14,"1,399.00",689.00
2021/08/25,149,PIC,68.45,1351.1,1351.1,1291.7,1291.7,"1,291.70",0.0,0.0,"1,315.69","61,061.00","1,351.00","80,337,529.30",684,-59.3,59.4,-4.39,4.6,-1.86,"1,399.00",689.00
2021/08/26,153,PIC,64.13,1292.0,1314.0,1290.0,1293.0,"1,293.00",0.0,0.0,"1,295.41","33,649.00","1,291.70","43,589,167.50",366,1.3,24.0,0.1,1.86,-0.19,"1,399.00",689.00
2021/08/29,148,PIC,49.05,1295.0,1308.0,1245.0,1270.0,"1,270.00",0.0,0.0,"1,267.69","32,530.00","1,293.00","41,237,858.70",367,-23.0,63.0,-1.78,5.06,0.18,"1,399.00",689.00
2021/08/31,147,PIC,46.16,1250.0,1281.0,1220.0,1230.0,"1,230.00",0.0,0.0,"1,228.46","28,229.00","1,270.00","34,678,230.40",314,-40.0,61.0,-3.15,5.0,0.13,"1,399.00",732.00
2021/09/01,147,PIC,43.43,1222.0,1251.0,1210.0,1211.1,"1,211.10",0.0,0.0,"1,227.50","21,931.00","1,230.00","26,920,356.90",287,-18.9,41.0,-1.54,3.39,-1.35,"1,399.00",732.00
2021/09/02,150,PIC,43.79,1225.0,1225.0,1185.0,1187.0,"1,187.00",0.0,0.0,"1,196.97","20,997.00","1,211.10","25,132,793.10",246,-24.1,40.0,-1.99,3.38,-0.84,"1,399.00",732.00
2021/07/14,141,PIC,58.99,1180.0,1188.0,1165.0,1170.0,"1,170.00",0.0,0.0,"1,174.01","18,978.00","1,180.00","22,280,287.00",215,-10.0,23.0,-0.85,1.97,-0.34,"1,399.00",593.00
2021/07/15,147,PIC,57.20,1170.0,1216.0,1165.0,1170.0,"1,170.00",0.0,0.0,"1,171.64","14,477.00","1,170.00","16,961,872.00",217,0.0,51.0,0.0,4.38,-0.14,"1,399.00",593.00
2021/07/18,143,PIC,72.59,1190.0,1215.0,1185.0,1211.0,"1,211.00",0.0,0.0,"1,201.93","18,009.00","1,170.00","21,645,559.20",239,41.0,30.0,3.5,2.53,0.75,"1,399.00",593.00
2021/07/19,143,PIC,69.6,1230.0,1270.0,1215.0,1220.0,"1,220.00",0.0,0.0,"1,231.71","16,432.00","1,211.00","20,239,392.00",258,9.0,55.0,0.74,4.53,-0.96,"1,399.00",593.00
2021/07/20,144,PIC,67.46,1235.0,1238.0,1206.0,1209.8,"1,209.80",0.0,0.0,"1,217.89","11,358.00","1,220.00","13,832,804.80",186,-10.20,32.00,-0.84,2.65,-0.67,"1,399.00",593.00
2021/07/22,147,PIC,69.25,1230.0,1230.0,1203.0,1225.0,"1,225.00",0.0,0.0,"1,214.14","12,769.00","1,209.80","15,503,404.40",193,15.2,27.00,1.26,2.24,0.89,"1,399.00",593.00
2021/07/25,143,PIC,75.45,1222.0,1235.0,1216.0,1229.0,"1,229.00",0.0,0.0,"1,225.52","18,405.00","1,225.00","22,555,630.50",222,4.0,19.00,0.33,1.56,0.28,"1,399.00",593.00
2021/07/26,146,PIC,71.11,1226.0,1245.0,1220.0,1239.0,"1,239.00",0.0,0.0,"1,230.27","9,436.00","1,229.00","11,608,833.50",151,10.0,25.00,0.81,2.05,0.7,"1,399.00",593.00
2021/07/27,145,PIC,69.21,1235.0,1250.0,1225.0,1240.0,"1,240.00",0.0,0.0,"1,234.41","8,948.00","1,239.00","11,045,494.60",160,1.0,25.00,0.08,2.04,0.45,"1,399.00",593.00
2021/07/28,144,PIC,73.12,1250.0,1300.0,1250.0,1291.0,"1,291.00",0.0,0.0,"1,281.31","26,024.00","1,240.00","33,344,711.90",366,51.0,50.00,4.11,4.0,0.75,"1,399.00",593.00
2021/07/29,141,PIC,69.09,1315.0,1316.8,1266.0,1270.0,"1,270.00",0.0,0.0,"1,282.32","18,848.00","1,291.00","24,169,196.60",229,-21.0,50.8,-1.63,4.01,-0.97,"1,399.00",593.00
2021/08/01,145,PIC,63.62,1285.0,1290.0,1245.0,1250.0,"1,250.00",0.0,0.0,"1,255.00","13,884.00","1,270.00","17,424,376.50",192,-20.0,45.00,-1.57,3.61,-0.4,"1,399.00",593.00
2021/08/02,146,PIC,63.15,1260.0,1265.0,1250.0,1260.0,"1,260.00",0.0,0.0,"1,256.25","12,855.00","1,250.00","16,149,078.60",159,10.0,15.0,0.8,1.2,0.3,"1,399.00",593.00
2021/08/03,143,PIC,55.94,1250.0,1275.0,1244.0,1262.0,"1,262.00",0.0,0.0,"1,259.57","15,030.00","1,260.00","18,931,346.80",178,2.0,31.0,0.16,2.49,0.19,"1,399.00",593.00
2021/08/04,146,PIC,55.83,1256.0,1268.0,1245.0,1255.0,"1,255.00",0.0,0.0,"1,255.47","18,061.00","1,262.00","22,675,016.10",200,-7.0,23.0,-0.55,1.85,-0.04,"1,399.00",593.00
2021/08/05,146,PIC,56.16,1248.0,1267.0,1245.0,1249.0,"1,249.00",0.0,0.0,"1,257.13","12,845.00","1,255.00","16,147,784.60",174,-6.0,22.0,-0.48,1.77,-0.65,"1,399.00",593.00
2021/06/22,146,PIC,46.72,1241.0,1275.0,1225.0,1264.0,"1,264.00",0.0,0.0,"1,253.54","11,540.00","1,234.00","14,465,809.00",193,30.0,50.0,2.43,4.08,0.83,"1,399.00",446.00
2021/06/23,142,PIC,46.48,1270.0,1270.0,1219.0,1221.0,"1,221.00",0.0,0.0,"1,231.31","23,139.00","1,264.00","28,491,324.00",275,-43.0,51.00,-3.4,4.18,-0.84,"1,399.00",446.00
2021/06/24,141,PIC,44.67,1201.0,1245.0,1201.0,1212.0,"1,212.00",0.0,0.0,"1,212.49","20,552.00","1,221.00","24,919,033.00",189,-9.00,44.0,-0.74,3.66,-0.04,"1,399.00",446.00
2021/06/27,147,PIC,51.59,1236.0,1236.0,1207.0,1220.0,"1,220.00",0.0,0.0,"1,219.32","11,191.00","1,212.00","13,645,454.00",140,8.0,29.0,0.66,2.4,0.06,"1,399.00",446.00
2021/06/28,139,PIC,39.05,1244.0,1244.0,1220.0,1222.0,"1,222.00",0.0,0.0,"1,225.22","3,695.00","1,220.00","4,527,172.00",59,2.0,24.0,0.16,1.97,-0.26,"1,399.00",446.00
2021/06/29,147,PIC,49.11,1220.0,1240.0,1200.0,1200.0,"1,200.00",0.0,0.0,"1,209.76","7,817.00","1,222.00","9,456,662.00",123,-22.0,40.0,-1.8,3.33,-0.81,"1,399.00",446.00
2021/06/30,144,PIC,52.55,1190.0,1200.0,1180.0,1195.0,"1,195.00",0.0,0.0,"1,189.40","13,536.00","1,200.00","16,099,784.00",154,-5.0,20.0,-0.42,1.69,0.47,"1,399.00",469.00
2021/07/01,146,PIC,50.18,1180.0,1223.0,1180.0,1205.0,"1,205.00",0.0,0.0,"1,210.26","6,958.00","1,195.00","8,421,018.00",110,10.0,43.0,0.84,3.64,-0.44,"1,399.00",506.00
2021/07/04,145,PIC,50.29,1205.0,1208.0,1190.0,1196.0,"1,196.00",0.0,0.0,"1,198.58","11,775.00","1,205.00","14,113,258.00",188,-9.0,18.0,-0.75,1.51,-0.22,"1,399.00",530.00
2021/07/05,144,PIC,56.18,1191.0,1224.0,1191.0,1199.0,"1,199.00",0.0,0.0,"1,202.89","14,125.00","1,196.00","16,990,823.00",205,3.0,33.00,0.25,2.77,-0.32,"1,399.00",530.00
2021/07/06,141,PIC,52.78,1181.0,1214.0,1176.0,1198.0,"1,198.00",0.0,0.0,"1,196.01","8,001.00","1,199.00","9,569,305.00",113,-1.00,38.00,-0.08,3.23,0.17,"1,399.00",532.00
2021/07/07,146,PIC,49.40,1195.0,1205.0,1180.0,1180.0,"1,180.00",0.0,0.0,"1,188.00","7,475.00","1,198.00","8,880,275.00",136,-18.0,25.00,-1.5,2.12,-0.68,"1,399.00",586.00
2021/07/08,149,PIC,55.74,1171.0,1189.0,1170.0,1182.0,"1,182.00",0.0,0.0,"1,182.75","10,542.00","1,180.00","12,468,565.00",129,2.00,19.0,0.17,1.62,-0.06,"1,399.00",586.00
2021/07/11,146,PIC,60.49,1185.0,1205.0,1184.0,1199.0,"1,199.00",0.0,0.0,"1,195.44","13,413.00","1,182.00","16,034,374.00",192,17.0,21.0,1.44,1.77,0.3,"1,399.00",593.00
2021/07/12,150,PIC,57.75,1212.0,1220.0,1180.0,1188.0,"1,188.00",0.0,0.0,"1,196.20","15,411.00","1,199.00","18,434,675.00",218,-11.0,40.0,-0.92,3.39,-0.69,"1,399.00",593.00
2021/05/27,140,PIC,62.32,1275.0,1300.0,1270.0,1294.0,"1,294.00",0.0,0.0,"1,291.52","39,312.00","1,288.00","50,772,111.00",256,6.00,30.00,0.47,2.36,0.19,"1,399.00",446.00
2021/05/30,144,PIC,67.24,1300.0,1330.0,1300.0,1310.0,"1,310.00",0.0,0.0,"1,318.48","66,684.00","1,294.00","87,921,527.00",406,16.0,30.00,1.24,2.31,-0.65,"1,399.00",446.00
2021/05/31,143,PIC,57.28,1325.0,1336.0,1275.0,1280.0,"1,280.00",0.0,0.0,"1,303.12","26,137.00","1,310.00","34,059,764.00",236,-30.00,61.00,-2.29,4.78,-1.81,"1,399.00",446.00
2021/06/01,142,PIC,51.51,1265.0,1280.0,1263.0,1267.0,"1,267.00",0.0,0.0,"1,269.10","15,912.00","1,280.00","20,193,868.00",160,-13.0,17.0,-1.02,1.35,-0.17,"1,399.00",446.00
2021/06/02,141,PIC,54.14,1267.0,1299.0,1260.0,1290.0,"1,290.00",0.0,0.0,"1,283.48","12,418.00","1,267.00","15,938,222.00",133,23.00,39.00,1.82,3.1,0.51,"1,399.00",446.00
2021/06/03,141,PIC,52.57,1298.0,1298.0,1275.0,1283.0,"1,283.00",0.0,0.0,"1,280.14","15,269.00","1,290.00","19,546,384.00",148,-7.0,23.00,-0.54,1.8,0.22,"1,399.00",446.00
2021/06/06,141,PIC,56.61,1347.0,1347.0,1256.0,1269.0,"1,269.00",0.0,0.0,"1,265.02","31,053.00","1,283.00","39,282,780.00",248,-14.0,91.00,-1.09,7.25,0.31,"1,399.00",446.00
2021/06/07,144,PIC,60.42,1280.0,1280.0,1260.0,1275.0,"1,275.00",0.0,0.0,"1,268.52","33,985.00","1,269.00","43,110,785.00",220,6.0,20.0,0.47,1.59,0.51,"1,399.00",446.00
2021/06/08,141,PIC,62.50,1290.0,1315.0,1262.0,1305.0,"1,305.00",0.0,0.0,"1,296.41","48,913.00","1,275.00","63,411,090.00",369,30.0,53.0,2.35,4.2,0.66,"1,399.00",446.00
2021/06/09,144,PIC,67.09,1370.0,1370.0,1305.0,1320.0,"1,320.00",0.0,0.0,"1,328.32","59,131.00","1,305.00","78,544,860.00",544,15.0,65.0,1.15,4.98,-0.63,"1,399.00",446.00
2021/06/10,144,PIC,75.81,1346.0,1360.0,1324.0,1341.0,"1,341.00",0.0,0.0,"1,343.15","105,322.00","1,320.00","141,463,594.00",578,21.0,36.0,1.59,2.72,-0.16,"1,399.00",446.00
2021/06/13,143,PIC,69.96,1365.0,1365.0,1311.0,1318.0,"1,318.00",0.0,0.0,"1,324.77","39,572.00","1,341.00","52,423,751.00",448,-23.0,54.0,-1.72,4.12,-0.51,"1,399.00",446.00
2021/06/14,144,PIC,69.13,1340.0,1340.0,1300.0,1320.0,"1,320.00",0.0,0.0,"1,314.69","23,395.00","1,318.00","30,757,146.00",243,2.0,40.00,0.15,3.08,0.4,"1,399.00",446.00
2021/06/15,147,PIC,55.33,1320.0,1345.0,1308.0,1309.0,"1,309.00",0.0,0.0,"1,329.81","37,136.00","1,320.00","49,383,910.00",402,-11.0,37.0,-0.83,2.83,-1.59,"1,399.00",446.00
2021/06/16,142,PIC,50.62,1305.0,1328.0,1280.0,1295.0,"1,295.00",0.0,0.0,"1,294.60","18,059.00","1,309.00","23,379,103.00",237,-14.0,48.00,-1.07,3.75,0.03,"1,399.00",446.00
2021/06/17,145,PIC,48.88,1320.0,1330.0,1285.0,1287.0,"1,287.00",0.0,0.0,"1,295.08","17,978.00","1,295.00","23,282,871.00",228,-8.0,45.0,-0.62,3.5,-0.63,"1,399.00",446.00
2021/05/03,144,PIC,65.09,1251.0,1299.0,1227.0,1240.0,"1,240.00",0.0,0.0,"1,247.50","41,382.00","1,227.00","51,623,926.00",298,13.0,72.0,1.06,5.87,-0.6,"1,399.00",446.00
2021/05/04,141,PIC,66.11,1250.0,1250.0,1229.0,1245.0,"1,245.00",0.0,0.0,"1,241.38","21,597.00","1,240.00","26,810,186.00",152,5.0,21.0,0.4,1.71,0.29,"1,399.00",446.00
2021/05/05,144,PIC,61.4,1250.0,1250.0,1232.0,1241.0,"1,241.00",0.0,0.0,"1,242.58","11,038.00","1,245.00","13,715,553.00",133,-4.0,18.0,-0.32,1.46,-0.13,"1,399.00",446.00
2021/05/06,142,PIC,58.46,1250.0,1250.0,1225.0,1227.0,"1,227.00",0.0,0.0,"1,229.22","11,824.00","1,241.00","14,534,341.00",125,-14.0,25.00,-1.13,2.04,-0.18,"1,399.00",446.00
2021/05/09,145,PIC,53.54,1227.0,1227.0,1205.0,1210.0,"1,210.00",0.0,0.0,"1,213.94","8,196.00","1,227.00","9,949,434.00",111,-17.0,22.0,-1.39,1.83,-0.33,"1,399.00",446.00
2021/05/10,145,PIC,52.8,1215.0,1225.0,1201.0,1220.0,"1,220.00",0.0,0.0,"1,220.75","6,007.00","1,210.00","7,333,050.00",101,10.00,24.00,0.83,2.0,-0.06,"1,399.00",446.00
2021/05/11,144,PIC,56.68,1230.0,1236.0,1225.0,1229.0,"1,229.00",0.0,0.0,"1,230.93","6,121.00","1,220.00","7,534,498.00",94,9.0,11.00,0.74,0.9,-0.16,"1,399.00",446.00
2021/05/12,140,PIC,64.61,1250.0,1253.0,1230.0,1240.0,"1,240.00",0.0,0.0,"1,239.84","8,586.00","1,229.00","10,645,235.00",136,11.00,23.00,0.9,1.87,0.01,"1,399.00",446.00
2021/05/13,144,PIC,67.36,1250.0,1250.0,1237.0,1240.0,"1,240.00",0.0,0.0,"1,242.98","14,811.00","1,240.00","18,409,704.00",158,0.0,13.00,0.0,1.05,-0.24,"1,399.00",446.00
2021/05/16,139,PIC,71.26,1250.0,1306.0,1250.0,1299.0,"1,299.00",0.0,0.0,"1,285.82","73,810.00","1,240.00","94,906,639.00",527,59.0,56.00,4.76,4.48,1.01,"1,399.00",446.00
2021/05/17,142,PIC,73.76,1320.0,1320.0,1284.0,1300.0,"1,300.00",0.0,0.0,"1,295.73","38,955.00","1,299.00","50,475,182.00",328,1.0,36.0,0.08,2.8,0.33,"1,399.00",446.00
2021/05/18,140,PIC,73.91,1302.0,1308.0,1290.0,1303.0,"1,303.00",0.0,0.0,"1,301.18","34,039.00","1,300.00","44,290,960.00",293,3.0,18.0,0.23,1.4,0.14,"1,399.00",446.00
2021/05/19,139,PIC,70.55,1303.0,1309.0,1282.0,1290.0,"1,290.00",0.0,0.0,"1,294.54","33,084.00","1,303.00","42,828,576.00",273,-13.0,27.0,-1.0,2.11,-0.35,"1,399.00",446.00
2021/05/20,140,PIC,54.01,1290.0,1301.0,1271.0,1285.0,"1,285.00",0.0,0.0,"1,291.16","22,180.00","1,290.00","28,637,963.00",179,-5.0,30.0,-0.39,2.36,-0.48,"1,399.00",446.00
2021/05/23,147,PIC,57.63,1260.0,1295.0,1250.0,1288.0,"1,288.00",0.0,0.0,"1,279.18","13,904.00","1,285.00","17,785,781.00",158,3.0,45.0,0.23,3.6,0.68,"1,399.00",446.00
2021/05/24,140,PIC,55.75,1280.0,1299.0,1278.0,1281.0,"1,281.00",0.0,0.0,"1,287.61","17,412.00","1,288.00","22,419,838.00",195,-7.0,21.00,-0.54,1.64,-0.52,"1,399.00",446.00
2021/04/06,143,PIC,67.52,1320.0,1399.0,1294.0,1333.0,"1,333.00",0.0,0.0,"1,343.44","89,736.00","1,320.00","120,555,359.00",595,13.00,105.0,0.98,8.11,-0.78,"1,399.00",446.00
2021/04/07,142,PIC,60.36,1340.0,1365.0,1300.0,1320.0,"1,320.00",0.0,0.0,"1,311.94","42,828.00","1,333.00","56,187,636.00",266,-13.0,65.0,-0.98,5.0,0.61,"1,399.00",446.00
2021/04/08,137,PIC,52.52,1386.0,1386.0,1294.0,1300.0,"1,300.00",0.0,0.0,"1,306.32","27,960.00","1,320.00","36,524,574.00",278,-20.0,92.0,-1.52,7.11,-0.49,"1,399.00",446.00
2021/04/12,142,PIC,54.67,1310.0,1330.0,1301.0,1313.0,"1,313.00",0.0,0.0,"1,312.19","21,855.00","1,300.00","28,677,991.00",227,13.0,29.0,1.0,2.23,0.06,"1,399.00",446.00
2021/04/13,137,PIC,54.34,1307.0,1320.0,1287.0,1287.0,"1,287.00",0.0,0.0,"1,301.97","39,026.00","1,313.00","50,810,681.00",321,-26.0,33.0,-1.98,2.56,-1.16,"1,399.00",446.00
2021/04/15,146,PIC,53.86,1312.0,1312.0,1287.0,1292.0,"1,292.00",0.0,0.0,"1,295.88","26,805.00","1,287.00","34,736,178.00",170,5.0,25.0,0.39,1.94,-0.3,"1,399.00",446.00
2021/04/18,136,PIC,49.58,1294.0,1300.0,1250.0,1259.0,"1,259.00",0.0,0.0,"1,270.97","19,445.00","1,292.00","24,713,990.00",191,-33.0,50.0,-2.55,4.0,-0.95,"1,399.00",446.00
2021/04/19,141,PIC,47.58,1250.0,1270.0,1227.0,1238.0,"1,238.00",0.0,0.0,"1,244.78","22,094.00","1,259.00","27,502,092.00",193,-21.0,43.0,-1.67,3.5,-0.55,"1,399.00",446.00
2021/04/20,142,PIC,48.37,1222.0,1250.0,1222.0,1240.0,"1,240.00",0.0,0.0,"1,236.81","17,501.00","1,238.00","21,645,467.00",142,2.00,28.0,0.16,2.29,0.26,"1,399.00",446.00
2021/04/21,140,PIC,44.43,1250.0,1251.0,1215.0,1221.0,"1,221.00",0.0,0.0,"1,226.87","8,745.00","1,240.00","10,728,966.00",126,-19.00,36.0,-1.53,2.96,-0.48,"1,399.00",446.00
2021/04/22,143,PIC,47.08,1282.0,1282.0,1200.0,1220.0,"1,220.00",0.0,0.0,"1,215.47","10,255.00","1,221.00","12,464,638.00",135,-1.0,82.0,-0.08,6.83,0.37,"1,399.00",446.00
2021/04/25,142,PIC,47.78,1210.0,1210.0,1166.0,1179.0,"1,179.00",0.0,0.0,"1,178.51","26,093.00","1,220.00","30,750,775.00",254,-41.0,44.0,-3.36,3.77,0.04,"1,399.00",446.00
2021/04/26,146,PIC,42.94,1210.0,1210.0,1145.0,1159.0,"1,159.00",0.0,0.0,"1,163.55","18,475.00","1,179.00","21,496,497.00",191,-20.0,65.0,-1.7,5.68,-0.39,"1,399.00",446.00
2021/04/27,143,PIC,57.27,1144.0,1221.0,1144.0,1201.0,"1,201.00",0.0,0.0,"1,195.88","19,395.00","1,159.00","23,194,072.00",165,42.0,77.0,3.62,6.73,0.43,"1,399.00",446.00
2021/04/28,141,PIC,45.98,1225.0,1225.0,1160.0,1171.0,"1,171.00",0.0,0.0,"1,179.09","16,903.00","1,201.00","19,930,219.00",141,-30.00,65.0,-2.5,5.6,-0.69,"1,399.00",446.00
2021/04/29,144,PIC,61.61,1172.0,1199.0,1172.0,1194.0,"1,194.00",0.0,0.0,"1,186.98","9,265.00","1,171.00","10,997,329.00",92,23.0,27.0,1.96,2.3,0.59,"1,399.00",446.00
2021/03/14,137,PIC,48.19,1159.0,1182.0,1091.0,1093.0,"1,093.00",0.0,0.0,"1,106.92","21,434.00","1,137.00","23,725,804.00",234,-44.0,91.0,-3.87,8.34,-1.27,"1,370.00",446.00
2021/03/15,139,PIC,43.99,1085.0,1100.0,1070.0,1080.0,"1,080.00",0.0,0.0,"1,085.86","6,600.00","1,093.00","7,166,668.00",114,-13.0,30.00,-1.19,2.8,-0.54,"1,370.00",446.00
2021/03/16,145,PIC,45.17,1080.0,1130.0,1061.0,1078.0,"1,078.00",0.0,0.0,"1,084.60","12,080.00","1,080.00","13,101,972.00",144,-2.00,69.00,-0.19,6.5,-0.61,"1,370.00",446.00
2021/03/17,138,PIC,50.17,1099.0,1100.0,1068.0,1086.0,"1,086.00",0.0,0.0,"1,086.29","14,623.00","1,078.00","15,884,783.00",118,8.0,32.0,0.74,3.0,-0.03,"1,370.00",446.00
2021/03/18,141,PIC,60.47,1105.0,1144.0,1090.0,1131.0,"1,131.00",0.0,0.0,"1,126.62","19,633.00","1,086.00","22,118,981.00",194,45.0,54.0,4.14,4.95,0.39,"1,370.00",446.00
2021/03/21,137,PIC,64.4,1131.0,1199.0,1131.0,1199.0,"1,199.00",0.0,0.0,"1,176.04","28,413.00","1,131.00","33,414,915.00",263,68.00,68.00,6.01,6.01,1.91,"1,370.00",446.00
2021/03/22,139,PIC,61.39,1220.0,1220.0,1150.0,1170.0,"1,170.00",0.0,0.0,"1,183.04","21,525.00","1,199.00","25,464,976.00",207,-29.0,70.0,-2.42,6.09,-1.11,"1,370.00",446.00
2021/03/23,137,PIC,65.12,1171.0,1224.0,1160.0,1224.0,"1,224.00",0.0,0.0,"1,194.44","33,222.00","1,170.00","39,681,801.00",331,54.00,64.00,4.62,5.52,2.41,"1,370.00",446.00
2021/03/24,136,PIC,69.76,1238.0,1275.0,1214.0,1264.0,"1,264.00",0.0,0.0,"1,246.47","58,559.00","1,224.00","72,991,962.00",376,40.00,61.00,3.27,5.02,1.39,"1,370.00",446.00
2021/03/25,136,PIC,68.79,1280.0,1310.0,1267.0,1285.0,"1,285.00",0.0,0.0,"1,285.81","84,999.00","1,264.00","109,292,670.00",528,21.0,43.00,1.66,3.39,-0.06,"1,370.00",446.00
2021/03/29,139,PIC,65.85,1291.0,1291.0,1247.0,1250.0,"1,250.00",0.0,0.0,"1,266.38","32,469.00","1,285.00","41,118,135.00",220,-35.0,44.00,-2.72,3.53,-1.31,"1,370.00",446.00
2021/03/30,138,PIC,67.17,1275.0,1290.0,1230.0,1255.0,"1,255.00",0.0,0.0,"1,263.54","28,898.00","1,250.00","36,513,774.00",182,5.0,60.0,0.4,4.88,-0.68,"1,370.00",446.00
2021/03/31,139,PIC,59.9,1280.0,1293.0,1256.0,1280.0,"1,280.00",0.0,0.0,"1,273.35","24,487.00","1,255.00","31,180,601.00",211,25.0,37.0,1.99,2.95,0.52,"1,370.00",446.00
2021/04/01,147,PIC,59.99,1295.0,1330.0,1275.0,1294.0,"1,294.00",0.0,0.0,"1,288.98","49,135.00","1,280.00","63,334,275.00",310,14.00,55.00,1.09,4.31,0.39,"1,370.00",446.00
2021/04/04,139,PIC,69.44,1310.0,1355.0,1280.0,1355.0,"1,355.00",0.0,0.0,"1,325.84","83,761.00","1,294.00","111,053,418.00",592,61.0,75.00,4.71,5.86,2.15,"1,370.00",446.00
2021/02/15,136,PIC,52.42,1244.0,1318.0,1244.0,1280.0,"1,280.00",0.0,0.0,"1,286.29","38,339.00","1,230.00","49,315,178.00",306,50.0,74.0,4.07,5.95,-0.49,"1,370.00",446.00
2021/02/16,141,PIC,52.8,1300.0,1319.0,1263.0,1280.0,"1,280.00",0.0,0.0,"1,294.48","59,227.00","1,280.00","76,667,993.00",375,0.0,56.0,0.0,4.43,-1.13,"1,370.00",446.00
2021/02/17,136,PIC,47.33,1282.0,1282.0,1250.0,1250.0,"1,250.00",0.0,0.0,"1,260.35","18,821.00","1,280.00","23,721,007.00",179,-30.0,32.0,-2.34,2.56,-0.83,"1,370.00",446.00
2021/02/18,139,PIC,53.98,1250.0,1270.0,1232.0,1251.0,"1,251.00",0.0,0.0,"1,256.45","23,102.00","1,250.00","29,026,584.00",207,1.0,38.0,0.08,3.08,-0.44,"1,370.00",446.00
2021/02/22,138,PIC,48.4,1253.0,1253.0,1215.0,1246.0,"1,246.00",0.0,0.0,"1,223.46","29,276.00","1,253.00","35,818,100.00",256,-7.0,38.0,-0.56,3.13,1.81,"1,370.00",446.00
2021/02/23,137,PIC,47.45,1300.0,1300.0,1193.0,1228.0,"1,228.00",0.0,0.0,"1,215.42","24,578.00","1,246.00","29,872,706.00",250,-18.00,107.0,-1.44,8.97,1.02,"1,370.00",446.00
2021/02/24,137,PIC,48.59,1180.0,1273.0,1180.0,1245.0,"1,245.00",0.0,0.0,"1,252.63","29,881.00","1,228.00","37,429,856.00",228,17.0,93.0,1.38,7.88,-0.61,"1,370.00",446.00
2021/02/25,138,PIC,50.04,1241.0,1257.0,1210.0,1229.0,"1,229.00",0.0,0.0,"1,228.07","19,374.00","1,245.00","23,792,562.00",225,-16.0,47.0,-1.29,3.88,0.08,"1,370.00",446.00
2021/02/28,136,PIC,48.02,1211.0,1217.0,1176.0,1190.0,"1,190.00",0.0,0.0,"1,194.77","42,479.00","1,229.00","50,752,507.00",305,-39.0,41.0,-3.17,3.49,-0.4,"1,370.00",446.00
2021/03/01,139,PIC,56.18,1200.0,1243.0,1168.0,1215.0,"1,215.00",0.0,0.0,"1,205.84","36,108.00","1,190.00","43,540,605.00",275,25.0,75.0,2.1,6.42,0.75,"1,370.00",446.00
2021/03/02,139,PIC,52.39,1199.0,1210.0,1176.0,1177.0,"1,177.00",0.0,0.0,"1,193.25","53,023.00","1,215.00","63,269,874.00",219,-38.0,34.0,-3.13,2.89,-1.38,"1,370.00",446.00
2021/03/03,139,PIC,47.72,1154.0,1199.0,1154.0,1159.0,"1,159.00",0.0,0.0,"1,163.79","19,637.00","1,177.00","22,853,266.00",212,-18.0,45.00,-1.53,3.9,-0.41,"1,370.00",446.00
2021/03/04,138,PIC,57.92,1155.0,1224.0,1155.0,1190.0,"1,190.00",0.0,0.0,"1,203.98","22,753.00","1,159.00","27,394,044.00",235,31.0,69.0,2.67,5.97,-1.17,"1,370.00",446.00
2021/03/07,139,PIC,48.44,1193.0,1212.0,1161.0,1161.0,"1,161.00",0.0,0.0,"1,188.14","11,920.00","1,190.00","14,162,650.00",142,-29.00,51.0,-2.44,4.39,-2.34,"1,370.00",446.00
2021/03/09,141,PIC,52.45,1180.0,1199.0,1139.0,1160.0,"1,160.00",0.0,0.0,"1,155.03","14,294.00","1,161.00","16,510,069.00",154,-1.0,60.0,-0.09,5.27,0.43,"1,370.00",446.00
2021/01/21,137,PIC,72.13,1093.0,1170.0,1073.0,1170.0,"1,170.00",0.0,0.0,"1,123.15","92,117.00","1,072.00","103,460,781.00",735,98.0,97.00,9.14,9.04,4.0,"1,170.00",446.00
2021/01/24,134,PIC,64.79,1128.0,1187.0,1117.0,1130.0,"1,130.00",0.0,0.0,"1,156.44","61,510.00","1,170.00","71,132,676.00",452,-40.0,70.0,-3.42,6.27,-2.34,"1,187.00",446.00
2021/01/25,135,PIC,65.87,1140.0,1145.0,1114.0,1127.0,"1,127.00",0.0,0.0,"1,130.05","75,219.00","1,130.00","85,001,289.00",403,-3.00,31.00,-0.27,2.78,-0.27,"1,187.00",446.00
2021/01/26,135,PIC,61.19,1130.0,1138.0,1105.0,1130.0,"1,130.00",0.0,0.0,"1,124.09","42,286.00","1,127.00","47,533,227.00",292,3.0,33.00,0.27,2.99,0.52,"1,187.00",446.00
2021/01/27,137,PIC,63.69,1142.0,1240.0,1109.0,1220.0,"1,220.00",0.0,0.0,"1,204.42","113,994.00","1,130.00","137,296,827.00",720,90.0,131.0,7.96,11.81,1.28,"1,240.00",446.00
2021/01/28,137,PIC,66.77,1224.0,1304.0,1224.0,1290.0,"1,290.00",0.0,0.0,"1,286.30","104,221.00","1,220.00","134,059,562.00",616,70.0,80.00,5.74,6.54,0.29,"1,304.00",446.00
2021/01/31,136,PIC,64.29,1265.0,1299.0,1230.0,1264.0,"1,264.00",0.0,0.0,"1,258.87","92,148.00","1,290.00","116,002,192.00",541,-26.0,69.0,-2.02,5.61,0.41,"1,304.00",446.00
2021/02/01,134,PIC,63.37,1284.0,1298.0,1250.0,1260.0,"1,260.00",0.0,0.0,"1,269.12","43,153.00","1,264.00","54,766,548.00",253,-4.00,48.0,-0.32,3.84,-0.72,"1,304.00",446.00
2021/02/02,132,PIC,62.49,1279.0,1319.0,1260.0,1310.0,"1,310.00",0.0,0.0,"1,293.07","94,978.00","1,260.00","122,813,176.00",488,50.0,59.0,3.97,4.68,1.29,"1,319.00",446.00
2021/02/03,133,PIC,54.73,1320.0,1335.0,1275.0,1280.0,"1,280.00",0.0,0.0,"1,293.41","61,052.00","1,310.00","78,965,022.00",408,-30.0,60.0,-2.29,4.71,-1.05,"1,335.00",446.00
2021/02/04,135,PIC,52.96,1271.0,1301.0,1256.0,1290.0,"1,290.00",0.0,0.0,"1,286.43","30,879.00","1,280.00","39,723,586.00",283,10.0,45.0,0.78,3.58,0.28,"1,335.00",446.00
2021/02/07,134,PIC,56.92,1315.0,1365.0,1295.0,1360.0,"1,360.00",0.0,0.0,"1,330.51","52,619.00","1,290.00","70,009,895.00",506,70.0,70.0,5.43,5.41,2.17,"1,365.00",446.00
2021/02/08,136,PIC,53.8,1360.0,1370.0,1330.0,1335.0,"1,335.00",0.0,0.0,"1,347.45","38,693.00","1,360.00","52,136,955.00",367,-25.0,40.0,-1.84,3.01,-0.93,"1,370.00",446.00
2021/02/09,130,PIC,55.9,1331.0,1340.0,1285.0,1302.0,"1,302.00",0.0,0.0,"1,313.02","57,300.00","1,335.00","75,236,088.00",336,-33.0,55.0,-2.47,4.28,-0.85,"1,370.00",446.00
2021/02/10,129,PIC,52.08,1304.0,1315.0,1279.0,1310.0,"1,310.00",0.0,0.0,"1,302.34","31,384.00","1,302.00","40,872,698.00",229,8.0,36.0,0.61,2.81,0.58,"1,370.00",446.00
2021/02/11,138,PIC,47.8,1319.0,1320.0,1279.0,1279.0,"1,279.00",0.0,0.0,"1,297.36","40,253.00","1,310.00","52,222,526.00",247,-31.0,41.0,-2.37,3.21,-1.44,"1,370.00",446.00
2021/03/10,134,PIC,48.28,1138.0,1160.0,1137.0,1137.0,"1,137.00",0.0,0.0,"1,144.87","6,487.00","1,160.00","7,426,744.00",112,-23.0,23.00,-1.98,2.02,-0.69,"1,370.00",446.00
2021/04/05,139,PIC,62.98,1336.0,1354.0,1314.0,1320.0,"1,320.00",0.0,0.0,"1,334.49","39,816.00","1,355.00","53,133,938.00",378,-35.0,40.00,-2.58,3.04,-1.1,"1,370.00",446.00
2021/05/02,151,PIC,66.39,1216.0,1235.0,1177.0,1227.0,"1,227.00",0.0,0.0,"1,214.88","28,059.00","1,194.00","34,088,421.00",264,33.0,58.0,2.76,4.93,0.99,"1,399.00",446.00
2021/05/25,144,PIC,63.59,1281.0,1301.0,1270.0,1288.0,"1,288.00",0.0,0.0,"1,285.53","41,972.00","1,281.00","53,956,125.00",256,7.00,31.00,0.55,2.44,0.19,"1,399.00",446.00
2021/06/20,152,PIC,51.39,1290.0,1320.0,1262.0,1278.0,"1,278.00",0.0,0.0,"1,285.96","35,543.00","1,287.00","45,706,888.00",322,-9.0,58.00,-0.7,4.6,-0.62,"1,399.00",446.00
2021/07/13,146,PIC,56.44,1188.0,1204.0,1180.0,1180.0,"1,180.00",0.0,0.0,"1,185.85","7,432.00","1,188.00","8,813,241.00",141,-8.0,24.0,-0.67,2.03,-0.5,"1,399.00",593.00
2021/08/08,147,PIC,54.54,1249.0,1249.0,1225.1,1228.0,"1,228.00",0.0,0.0,"1,230.03","17,998.00","1,249.00","22,138,162.70",230,-21.0,23.9,-1.68,1.95,-0.17,"1,399.00",593.00
2021/09/05,145,PIC,43.25,1182.0,1187.0,1127.0,1132.0,"1,132.00",0.0,0.0,"1,143.89","29,764.00","1,187.00","34,046,650.80",320,-55.0,60.0,-4.63,5.32,-1.05,"1,399.00",732.00
2021/09/28,143,PIC,40.68,986.0,1018.9,972.0,999.0,999.00,0.0,0.0,986.66,"18,353.00",999.00,"18,108,142.50",190,0.0,46.9,0.0,4.83,1.24,"1,399.00",751.00
2021/10/27,152,PIC,60.44,1050.0,1072.0,1015.1,1057.0,"1,057.00",0.0,0.0,"1,050.34","15,875.00","1,035.00","16,674,107.40",243,22.00,56.9,2.13,5.61,0.63,"1,399.00",763.00
2021/11/24,152,PIC,41.13,985.0,1003.0,985.0,1002.0,"1,002.00",0.0,0.0,996.79,"6,695.00","1,000.00","6,673,524.60",82,2.00,18.0,0.2,1.83,0.52,"1,399.00",833.00
2021/12/20,151,PIC,39.86,830.0,856.0,830.0,834.1,834.10,0.0,0.0,838.34,"3,530.00",832.00,"2,959,332.10",54,2.1,26.0,0.25,3.13,-0.51,"1,399.00",817.00
2022/01/13,148,PIC,59.86,1100.0,1151.0,1092.0,1135.0,"1,135.00",0.0,0.0,"1,123.64","41,523.00","1,086.00","46,656,958.90",428,49.0,59.0,4.51,5.4,1.0,"1,399.00",817.00
2022/02/08,151,PIC,49.99,1010.0,1019.0,985.0,987.1,987.10,0.0,0.0,992.82,"7,956.00","1,000.00","7,898,887.50",85,-12.9,34.0,-1.29,3.45,-0.58,"1,399.00",817.00
2022/03/07,153,PIC,34.92,867.0,867.0,834.0,835.0,835.00,0.0,0.0,843.19,"4,525.00",850.00,"3,815,447.70",68,-15.0,33.0,-1.76,3.96,-0.98,"1,399.00",817.00
2020/12/28,146,PIC,48.57,985.0,997.0,972.0,995.0,995.00,0.0,0.0,990.71,"30,591.00",985.00,"30,306,853.00",210,10.0,25.0,1.02,2.57,0.43,"1,098.00",400.00
2020/12/29,139,PIC,45.85,1044.0,1044.0,976.0,985.0,985.00,0.0,0.0,986.50,"22,080.00",995.00,"21,781,916.00",172,-10.00,68.0,-1.01,6.97,-0.15,"1,098.00",400.00
2020/12/30,136,PIC,44.0,980.0,991.0,970.0,980.0,980.00,0.0,0.0,979.63,"21,378.00",985.00,"20,942,465.00",193,-5.0,21.00,-0.51,2.16,0.04,"1,098.00",401.00
2020/12/31,138,PIC,47.14,980.0,999.0,976.0,980.0,980.00,0.0,0.0,987.45,"23,032.00",980.00,"22,742,916.00",210,0.0,23.0,0.0,2.36,-0.76,"1,098.00",404.00
2021/01/03,140,PIC,55.14,980.0,1050.0,980.0,1032.0,"1,032.00",0.0,0.0,"1,017.21","49,684.00",980.00,"50,538,975.00",417,52.00,70.0,5.31,7.14,1.43,"1,098.00",410.00
2021/01/04,131,PIC,56.04,1035.0,1040.0,1015.0,1020.0,"1,020.00",0.0,0.0,"1,028.84","49,805.00","1,032.00","51,241,473.00",259,-12.0,25.00,-1.16,2.46,-0.87,"1,098.00",410.00
2021/01/05,134,PIC,51.91,1035.0,1035.0,1000.0,1018.0,"1,018.00",0.0,0.0,"1,015.49","24,252.00","1,020.00","24,627,588.00",205,-2.0,35.0,-0.2,3.5,0.25,"1,098.00",410.00
2021/01/06,134,PIC,52.85,968.0,1045.0,968.0,1024.0,"1,024.00",0.0,0.0,"1,023.71","21,479.00","1,018.00","21,988,234.00",224,6.0,77.0,0.59,7.95,0.03,"1,098.00",412.00
2021/01/07,138,PIC,51.71,1020.0,1040.0,1020.0,1026.0,"1,026.00",0.0,0.0,"1,030.17","34,631.00","1,024.00","35,675,851.00",283,2.0,20.0,0.2,1.96,-0.41,"1,098.00",412.00
2021/01/10,136,PIC,52.89,1032.0,1052.0,1026.0,1031.0,"1,031.00",0.0,0.0,"1,032.76","27,594.00","1,026.00","28,497,938.00",241,5.0,26.0,0.49,2.53,-0.17,"1,098.00",428.00
2021/01/11,135,PIC,60.07,1060.0,1092.0,1030.0,1090.0,"1,090.00",0.0,0.0,"1,069.21","65,185.00","1,031.00","69,696,533.00",466,59.0,62.0,5.72,6.02,1.91,"1,098.00",428.00
2021/01/12,132,PIC,63.15,1069.0,1069.0,981.0,1065.0,"1,065.00",0.0,0.0,"1,032.78","281,410.00","1,090.00","290,634,470.00","1,918",-25.0,88.0,-2.29,8.97,3.03,"1,098.00",428.00
2021/01/17,137,PIC,61.57,1049.0,1081.0,1025.0,1056.0,"1,056.00",0.0,0.0,"1,044.86","88,637.00","1,050.00","92,613,233.00",494,6.0,56.0,0.57,5.46,1.05,"1,098.00",446.00
2021/01/18,135,PIC,55.44,1076.0,1090.0,1050.0,1079.0,"1,079.00",0.0,0.0,"1,069.22","77,362.00","1,056.00","82,716,953.00",405,23.0,40.0,2.18,3.81,0.91,"1,098.00",446.00
2021/01/19,135,PIC,54.16,1080.0,1085.0,1053.0,1056.0,"1,056.00",0.0,0.0,"1,062.19","45,996.00","1,079.00","48,856,369.00",256,-23.0,32.0,-2.13,3.04,-0.59,"1,098.00",446.00
2020/12/06,132,PIC,48.76,890.0,890.0,845.0,845.0,845.00,0.0,0.0,861.69,"38,755.00",891.00,"33,394,620.00",279,-46.00,45.0,-5.16,5.33,-1.97,929.00,364.00
2020/12/07,138,PIC,55.42,840.0,880.0,835.0,877.0,877.00,0.0,0.0,865.91,"27,086.00",845.00,"23,454,084.00",257,32.0,45.00,3.79,5.39,1.26,929.00,364.00
2020/12/08,136,PIC,47.65,880.0,900.0,854.0,869.0,869.00,0.0,0.0,876.06,"33,449.00",877.00,"29,303,446.00",246,-8.00,46.00,-0.91,5.39,-0.81,929.00,364.00
2020/12/09,136,PIC,47.19,885.0,900.0,845.0,845.0,845.00,0.0,0.0,853.05,"25,172.00",869.00,"21,472,945.00",226,-24.0,55.0,-2.76,6.51,-0.95,929.00,378.00
2020/12/10,137,PIC,52.07,846.0,878.0,833.0,853.0,853.00,0.0,0.0,853.75,"25,407.00",845.00,"21,691,321.00",199,8.0,45.0,0.95,5.4,-0.09,929.00,381.00
2020/12/13,136,PIC,47.73,865.0,882.0,855.0,880.0,880.00,0.0,0.0,875.30,"23,037.00",853.00,"20,164,401.00",201,27.0,27.00,3.17,3.16,0.53,929.00,394.00
2020/12/14,134,PIC,64.01,897.0,929.0,880.0,917.0,917.00,0.0,0.0,904.76,"60,360.00",880.00,"54,611,322.00",481,37.00,49.0,4.2,5.57,1.33,929.00,394.00
2020/12/15,137,PIC,63.55,935.0,972.0,920.0,928.0,928.00,0.0,0.0,937.85,"61,760.00",917.00,"57,921,509.00",473,11.0,52.0,1.2,5.65,-1.06,972.00,394.00
2020/12/16,133,PIC,61.47,974.0,974.0,915.0,920.0,920.00,0.0,0.0,925.69,"32,345.00",928.00,"29,941,527.00",273,-8.0,59.0,-0.86,6.45,-0.62,974.00,394.00
2020/12/17,130,PIC,67.85,966.0,966.0,916.0,951.0,951.00,0.0,0.0,934.92,"84,870.00",920.00,"79,347,079.00",486,31.0,50.0,3.37,5.46,1.69,974.00,396.00
2020/12/20,130,PIC,52.95,941.0,970.0,900.0,908.0,908.00,0.0,0.0,924.88,"111,926.00",951.00,"103,517,866.00",563,-43.00,70.00,-4.52,7.78,-1.86,974.00,396.00
2020/12/21,135,PIC,57.36,899.0,936.0,874.0,925.0,925.00,0.0,0.0,911.21,"81,097.00",908.00,"73,896,028.00",518,17.0,62.00,1.87,7.09,1.49,974.00,396.00
2020/12/22,137,PIC,69.52,943.0,1015.0,943.0,1015.0,"1,015.00",0.0,0.0,995.48,"120,385.00",925.00,"119,841,178.00",914,90.00,72.00,9.73,7.64,1.92,"1,015.00",396.00
2020/12/23,136,PIC,63.77,1035.0,1098.0,1010.0,1016.0,"1,016.00",0.0,0.0,"1,040.96","85,656.00","1,015.00","89,164,559.00",655,1.0,88.00,0.1,8.71,-2.46,"1,098.00",400.00
2020/12/24,139,PIC,65.44,1010.0,1035.0,998.0,1015.0,"1,015.00",0.0,0.0,"1,013.59","71,396.00","1,016.00","72,366,177.00",497,-1.0,37.0,-0.1,3.71,0.14,"1,098.00",400.00
2020/11/08,130,PIC,49.94,765.0,772.0,763.0,769.0,769.00,0.0,0.0,767.07,"9,484.00",765.00,"7,274,911.00",110,4.0,9.0,0.52,1.18,0.25,849.00,329.00
2020/11/09,127,PIC,53.35,784.0,784.0,766.0,770.0,770.00,0.0,0.0,771.48,"11,100.00",769.00,"8,563,451.00",105,1.0,18.0,0.13,2.35,-0.19,849.00,329.00
2020/11/10,131,PIC,61.17,783.0,790.0,770.0,784.0,784.00,0.0,0.0,780.44,"14,533.00",770.00,"11,342,186.00",143,14.00,20.0,1.82,2.6,0.45,849.00,329.00
2020/11/11,129,PIC,72.41,786.0,826.0,786.0,813.0,813.00,0.0,0.0,803.11,"33,986.00",784.00,"27,294,612.00",275,29.00,40.00,3.7,5.09,1.22,849.00,329.00
2020/11/12,130,PIC,73.71,825.0,825.0,795.0,795.0,795.00,0.0,0.0,801.97,"18,294.00",813.00,"14,671,240.00",155,-18.00,30.00,-2.21,3.77,-0.88,849.00,329.00
2020/11/18,129,PIC,74.84,780.0,840.0,780.0,829.0,829.00,0.0,0.0,816.54,"43,900.00",795.00,"35,845,889.00",286,34.0,60.00,4.28,7.69,1.5,849.00,329.00
2020/11/19,131,PIC,76.86,830.0,875.0,830.0,873.0,873.00,0.0,0.0,861.47,"93,170.00",829.00,"80,262,997.00",542,44.00,45.00,5.31,5.42,1.32,875.00,329.00
2020/11/22,132,PIC,69.45,916.0,916.0,850.0,871.0,871.00,0.0,0.0,880.46,"78,425.00",873.00,"69,050,032.00",487,-2.00,66.00,-0.23,7.76,-1.09,916.00,329.00
2020/11/23,132,PIC,65.61,860.0,869.0,838.0,845.0,845.00,0.0,0.0,847.99,"44,450.00",871.00,"37,693,162.00",318,-26.00,31.00,-2.99,3.7,-0.35,916.00,329.00
2020/11/24,131,PIC,63.43,887.0,887.0,840.0,870.0,870.00,0.0,0.0,864.24,"40,287.00",845.00,"34,817,819.00",316,25.0,47.0,2.96,5.6,0.66,916.00,329.00
2020/11/25,132,PIC,63.87,870.0,899.0,870.0,898.0,898.00,0.0,0.0,891.99,"54,483.00",870.00,"48,598,035.00",359,28.00,29.00,3.22,3.33,0.67,916.00,329.00
2020/11/26,134,PIC,62.51,898.0,909.0,876.0,878.0,878.00,0.0,0.0,891.49,"65,523.00",898.00,"58,412,988.00",373,-20.0,33.00,-2.23,3.77,-1.54,916.00,329.00
2020/11/29,135,PIC,61.21,895.0,895.0,851.0,874.0,874.00,0.0,0.0,868.79,"29,416.00",878.00,"25,556,192.00",240,-4.0,44.00,-0.46,5.17,0.6,916.00,329.00
2020/11/30,132,PIC,57.98,880.0,900.0,870.0,874.0,874.00,0.0,0.0,882.78,"42,875.00",874.00,"37,849,357.00",321,0.0,30.0,0.0,3.45,-1.01,916.00,329.00
2020/12/01,132,PIC,53.42,880.0,887.0,866.0,875.0,875.00,0.0,0.0,877.13,"42,346.00",874.00,"37,143,146.00",291,1.0,21.0,0.11,2.42,-0.24,916.00,329.00
2020/12/02,134,PIC,65.43,890.0,915.0,873.0,904.0,904.00,0.0,0.0,902.24,"67,637.00",875.00,"61,024,506.00",436,29.00,42.00,3.31,4.81,0.2,916.00,329.00
2020/10/12,129,PIC,49.5,773.0,780.0,767.0,776.0,776.00,0.0,0.0,775.41,"10,393.00",773.00,"8,058,868.00",103,3.0,13.0,0.39,1.69,0.08,849.00,329.00
2020/10/13,130,PIC,46.3,776.0,780.0,772.0,772.0,772.00,0.0,0.0,774.34,"12,233.00",776.00,"9,472,531.00",122,-4.0,8.0,-0.52,1.04,-0.3,849.00,329.00
2020/10/14,130,PIC,48.82,761.0,773.0,761.0,762.0,762.00,0.0,0.0,766.65,"9,796.00",772.00,"7,510,084.00",120,-10.0,12.0,-1.3,1.58,-0.61,849.00,329.00
2020/10/15,132,PIC,52.98,766.0,775.0,758.0,765.0,765.00,0.0,0.0,762.87,"13,264.00",762.00,"10,118,715.00",114,3.0,17.0,0.39,2.24,0.28,849.00,329.00
2020/10/18,124,PIC,44.38,762.0,770.0,757.0,760.0,760.00,0.0,0.0,763.60,"6,416.00",765.00,"4,899,264.00",56,-5.0,13.0,-0.65,1.72,-0.47,849.00,329.00
2020/10/19,127,PIC,53.67,755.0,775.0,751.0,770.0,770.00,0.0,0.0,763.92,"10,100.00",760.00,"7,715,599.00",60,10.0,24.0,1.32,3.2,0.79,849.00,329.00
2020/10/20,132,PIC,57.47,770.0,773.0,768.0,770.0,770.00,0.0,0.0,769.95,"5,937.00",770.00,"4,571,188.00",58,0.0,5.0,0.0,0.65,0.01,849.00,329.00
2020/10/21,131,PIC,55.23,775.0,785.0,770.0,775.0,775.00,0.0,0.0,775.43,"2,726.00",770.00,"2,113,835.00",45,5.0,15.0,0.65,1.95,-0.06,849.00,329.00
2020/10/22,124,PIC,61.39,773.0,780.0,771.0,775.0,775.00,0.0,0.0,775.04,"9,246.00",775.00,"7,166,047.00",48,0.0,9.0,0.0,1.17,-0.01,849.00,329.00
2020/10/28,127,PIC,62.21,790.0,790.0,775.0,783.0,783.00,0.0,0.0,779.84,"5,676.00",775.00,"4,426,379.00",69,8.0,15.0,1.03,1.94,0.4,849.00,329.00
2020/10/29,130,PIC,66.2,780.0,800.0,780.0,787.0,787.00,0.0,0.0,788.10,"17,153.00",783.00,"13,518,354.00",114,4.0,20.0,0.51,2.56,-0.14,849.00,329.00
2020/11/01,132,PIC,60.49,781.0,788.0,776.0,782.0,782.00,0.0,0.0,783.15,"6,286.00",787.00,"4,922,876.00",63,-5.0,12.0,-0.64,1.55,-0.15,849.00,329.00
2020/11/02,130,PIC,61.82,773.0,787.0,773.0,784.0,784.00,0.0,0.0,783.95,"9,068.00",782.00,"7,108,814.00",96,2.0,14.0,0.26,1.81,0.01,849.00,329.00
2020/11/03,132,PIC,57.32,789.0,790.0,775.0,780.0,780.00,0.0,0.0,783.69,"10,503.00",784.00,"8,231,061.00",113,-4.00,15.00,-0.51,1.94,-0.47,849.00,329.00
2020/11/04,135,PIC,52.17,771.0,780.0,770.0,770.0,770.00,0.0,0.0,774.61,"8,419.00",780.00,"6,521,400.00",100,-10.0,10.0,-1.28,1.3,-0.6,849.00,329.00
2020/09/17,127,PIC,49.55,802.0,831.0,802.0,809.0,809.00,0.0,0.0,812.49,"47,144.00",816.00,"38,304,150.00",279,-7.0,29.0,-0.86,3.62,-0.43,849.00,329.00
2020/09/20,126,PIC,47.31,807.0,810.0,795.0,802.0,802.00,0.0,0.0,802.29,"32,260.00",809.00,"25,881,752.00",201,-7.0,15.0,-0.87,1.89,-0.04,849.00,329.00
2020/09/21,131,PIC,45.85,802.0,810.0,793.0,793.0,793.00,0.0,0.0,799.81,"34,208.00",802.00,"27,359,953.00",300,-9.0,17.0,-1.12,2.14,-0.86,849.00,329.00
2020/09/24,128,PIC,43.73,827.0,827.0,780.0,785.0,785.00,0.0,0.0,783.93,"17,076.00",788.00,"13,386,433.00",149,-3.0,47.0,-0.38,6.03,0.14,849.00,329.00
2020/09/27,128,PIC,41.66,780.0,786.0,773.0,780.0,780.00,0.0,0.0,780.94,"12,081.00",785.00,"9,434,487.00",119,-5.00,13.00,-0.64,1.68,-0.12,849.00,329.00
2020/09/28,126,PIC,41.33,782.0,790.0,775.0,775.0,775.00,0.0,0.0,782.48,"14,302.00",780.00,"11,191,049.00",134,-5.0,15.0,-0.64,1.94,-0.97,849.00,329.00
2020/09/29,128,PIC,41.83,771.0,780.0,770.0,772.0,772.00,0.0,0.0,774.04,"16,437.00",775.00,"12,722,831.00",160,-3.0,10.0,-0.39,1.3,-0.26,849.00,329.00
2020/09/30,127,PIC,44.0,761.0,780.0,761.0,771.0,771.00,0.0,0.0,769.20,"16,734.00",772.00,"12,871,870.00",154,-1.0,19.0,-0.13,2.5,0.23,849.00,329.00
2020/10/01,128,PIC,58.87,771.0,810.0,767.0,802.0,802.00,0.0,0.0,798.42,"65,029.00",771.00,"51,920,427.00",450,31.00,43.0,4.02,5.61,0.45,849.00,329.00
2020/10/04,131,PIC,60.25,842.0,842.0,805.0,805.0,805.00,0.0,0.0,815.62,"44,689.00",802.00,"36,449,426.00",312,3.0,37.0,0.37,4.6,-1.32,849.00,329.00
2020/10/05,129,PIC,53.14,808.0,810.0,790.0,793.0,793.00,0.0,0.0,796.28,"18,834.00",805.00,"14,997,085.00",152,-12.0,20.0,-1.49,2.53,-0.41,849.00,329.00
2020/10/06,131,PIC,53.53,800.0,800.0,785.0,786.0,786.00,0.0,0.0,787.90,"11,669.00",793.00,"9,194,002.00",108,-7.0,15.0,-0.88,1.91,-0.24,849.00,329.00
2020/10/07,130,PIC,45.75,775.0,800.0,775.0,788.0,788.00,0.0,0.0,791.93,"18,298.00",786.00,"14,490,661.00",142,2.0,25.0,0.25,3.23,-0.5,849.00,329.00
2020/10/08,131,PIC,41.85,803.0,803.0,782.0,784.0,784.00,0.0,0.0,785.70,"8,847.00",788.00,"6,951,095.00",113,-4.0,21.0,-0.51,2.69,-0.22,849.00,329.00
2020/08/24,121,PIC,64.0,700.0,726.0,700.0,710.0,710.00,0.0,0.0,715.46,"65,566.00",696.00,"46,909,923.00",500,14.0,26.0,2.01,3.71,-0.77,759.00,329.00
2020/08/25,125,PIC,61.28,706.0,717.0,692.0,717.0,717.00,0.0,0.0,709.97,"41,505.00",710.00,"29,467,483.00",321,7.0,25.0,0.99,3.61,0.98,759.00,329.00
2020/08/26,123,PIC,59.52,719.0,722.0,705.0,713.0,713.00,0.0,0.0,715.55,"35,997.00",717.00,"25,757,516.00",279,-4.0,17.0,-0.56,2.41,-0.36,759.00,329.00
2020/08/27,126,PIC,54.74,719.0,731.0,706.0,720.0,720.00,0.0,0.0,720.28,"55,126.00",713.00,"39,706,362.00",395,7.0,25.0,0.98,3.54,-0.04,759.00,329.00
2020/08/30,126,PIC,54.99,689.0,742.0,689.0,737.0,737.00,0.0,0.0,730.59,"54,000.00",720.00,"39,451,706.00",291,17.0,53.0,2.36,7.69,0.87,759.00,329.00
2020/08/31,126,PIC,59.07,740.0,800.0,732.0,775.0,775.00,0.0,0.0,764.74,"106,128.00",737.00,"81,160,395.00",589,38.0,68.0,5.16,9.29,1.32,800.00,329.00
2020/09/02,124,PIC,55.81,788.0,793.0,743.0,750.0,750.00,0.0,0.0,761.44,"69,654.00",775.00,"53,037,368.00",519,-25.0,50.0,-3.23,6.73,-1.53,800.00,329.00
2020/09/03,124,PIC,52.47,759.0,771.0,737.0,751.0,751.00,0.0,0.0,751.60,"36,865.00",750.00,"27,707,842.00",294,1.0,34.0,0.13,4.61,-0.08,800.00,329.00
2020/09/06,126,PIC,51.34,787.0,788.0,734.0,743.0,743.00,0.0,0.0,752.99,"52,486.00",751.00,"39,521,507.00",286,-8.0,54.0,-1.07,7.36,-1.34,800.00,329.00
2020/09/07,129,PIC,45.96,740.0,749.0,732.0,734.0,734.00,0.0,0.0,739.81,"34,441.00",743.00,"25,479,884.00",268,-9.0,17.0,-1.21,2.32,-0.79,800.00,329.00
2020/09/08,125,PIC,49.73,746.0,753.0,735.0,750.0,750.00,0.0,0.0,745.44,"33,670.00",734.00,"25,098,971.00",239,16.0,18.0,2.18,2.45,0.61,800.00,329.00
2020/09/09,130,PIC,52.64,764.0,779.0,752.0,767.0,767.00,0.0,0.0,761.58,"39,715.00",750.00,"30,245,994.00",266,17.00,27.0,2.27,3.59,0.71,800.00,329.00
2020/09/10,127,PIC,51.92,762.0,790.0,762.0,772.0,772.00,0.0,0.0,775.47,"30,896.00",767.00,"23,958,800.00",250,5.00,28.0,0.65,3.67,-0.45,800.00,329.00
2020/09/14,124,PIC,55.81,830.0,843.0,805.0,811.0,811.00,0.0,0.0,816.19,"63,252.00",830.00,"51,625,553.00",494,-19.00,38.00,-2.29,4.72,-0.64,849.00,329.00
2020/09/15,129,PIC,51.76,806.0,820.0,803.0,805.0,805.00,0.0,0.0,810.19,"37,533.00",811.00,"30,408,677.00",310,-6.0,17.0,-0.74,2.12,-0.64,849.00,329.00
2020/07/29,124,PIC,47.92,642.0,653.0,637.0,640.0,640.00,0.0,0.0,643.83,"11,312.00",655.00,"7,283,057.00",107,-15.0,16.0,-2.29,2.51,-0.6,759.00,329.00
2020/07/30,125,PIC,46.0,638.0,650.0,634.0,645.0,645.00,0.0,0.0,641.90,"9,455.00",640.00,"6,069,207.00",105,5.0,16.0,0.78,2.52,0.48,759.00,329.00
2020/08/02,125,PIC,47.59,640.0,640.0,615.0,616.0,616.00,0.0,0.0,622.99,"20,368.00",645.00,"12,689,004.00",176,-29.0,25.0,-4.5,4.07,-1.13,759.00,329.00
2020/08/03,126,PIC,43.4,605.0,633.0,605.0,625.0,625.00,0.0,0.0,618.79,"9,612.00",616.00,"5,947,845.00",119,9.0,28.0,1.46,4.63,0.99,759.00,329.00
2020/08/06,125,PIC,42.58,600.0,615.0,594.0,615.0,615.00,0.0,0.0,604.05,"6,218.00",610.00,"3,756,005.00",86,5.0,21.0,0.82,3.54,1.78,759.00,329.00
2020/08/09,123,PIC,57.64,604.0,625.0,593.0,625.0,625.00,0.0,0.0,613.48,"10,548.00",615.00,"6,470,939.00",103,10.0,32.0,1.63,5.4,1.84,759.00,329.00
2020/08/10,124,PIC,58.95,633.0,648.0,626.0,646.0,646.00,0.0,0.0,640.49,"17,253.00",625.00,"11,050,307.00",180,21.0,22.0,3.36,3.51,0.85,759.00,329.00
2020/08/11,126,PIC,61.37,646.0,654.0,634.0,654.0,654.00,0.0,0.0,644.92,"18,616.00",646.00,"12,005,740.00",172,8.0,20.0,1.24,3.15,1.39,759.00,329.00
2020/08/12,126,PIC,56.82,645.0,665.0,637.0,654.0,654.00,0.0,0.0,652.71,"10,492.00",654.00,"6,848,236.00",103,0.0,28.0,0.0,4.4,0.2,759.00,329.00
2020/08/13,127,PIC,53.89,644.0,648.0,633.0,636.0,636.00,0.0,0.0,639.04,"15,601.00",654.00,"9,969,596.00",136,-18.0,15.0,-2.75,2.37,-0.48,759.00,329.00
2020/08/16,123,PIC,40.56,630.0,637.0,624.0,631.0,631.00,0.0,0.0,629.67,"12,351.00",636.00,"7,777,114.00",118,-5.0,13.0,-0.79,2.08,0.21,759.00,329.00
2020/08/17,122,PIC,56.51,643.0,670.0,643.0,668.0,668.00,0.0,0.0,658.39,"53,075.00",631.00,"34,943,917.00",483,37.0,27.0,5.86,4.2,1.44,759.00,329.00
2020/08/18,125,PIC,52.18,672.0,680.0,663.0,668.0,668.00,0.0,0.0,668.59,"28,264.00",668.00,"18,897,006.00",198,0.0,17.0,0.0,2.56,-0.09,759.00,329.00
2020/08/19,124,PIC,52.86,659.0,665.0,650.0,652.0,652.00,0.0,0.0,654.22,"21,602.00",668.00,"14,132,555.00",149,-16.0,15.0,-2.4,2.31,-0.34,759.00,329.00
2020/08/20,122,PIC,51.94,652.0,663.0,652.0,657.0,657.00,0.0,0.0,659.33,"6,210.00",652.00,"4,094,447.00",53,5.0,11.0,0.77,1.69,-0.35,759.00,329.00
2020/07/06,118,PIC,48.09,532.0,582.0,532.0,582.0,582.00,0.0,0.0,557.28,"7,244.00",542.00,"4,036,904.00",80,40.0,50.0,7.38,9.4,4.25,759.00,329.00
2020/07/07,119,PIC,53.23,590.0,632.0,590.0,615.0,615.00,0.0,0.0,617.13,"18,500.00",582.00,"11,416,849.00",153,33.0,42.0,5.67,7.12,-0.35,759.00,329.00
2020/07/08,118,PIC,57.03,615.0,639.0,591.0,595.0,595.00,0.0,0.0,609.38,"8,363.00",615.00,"5,096,254.00",87,-20.0,48.0,-3.25,8.12,-2.42,759.00,329.00
2020/07/09,117,PIC,52.52,586.0,625.0,586.0,613.0,613.00,0.0,0.0,603.73,"6,709.00",595.00,"4,050,401.00",67,18.0,39.0,3.03,6.66,1.51,759.00,329.00
2020/07/12,119,PIC,53.49,625.0,626.0,613.0,625.0,625.00,0.0,0.0,618.88,"5,567.00",613.00,"3,445,279.00",95,12.0,13.0,1.96,2.12,0.98,759.00,329.00
2020/07/13,122,PIC,37.94,625.0,630.0,608.0,610.0,610.00,0.0,0.0,616.46,"7,096.00",625.00,"4,374,379.00",68,-15.0,22.0,-2.4,3.62,-1.06,759.00,329.00
2020/07/14,123,PIC,47.81,610.0,619.0,605.0,610.0,610.00,0.0,0.0,609.11,"6,784.00",610.00,"4,132,207.00",45,0.0,14.0,0.0,2.31,0.15,759.00,329.00
2020/07/15,125,PIC,49.13,610.0,616.0,607.0,616.0,616.00,0.0,0.0,610.45,"10,730.00",610.00,"6,550,113.00",66,6.0,9.0,0.98,1.48,0.9,759.00,329.00
2020/07/16,119,PIC,43.69,608.0,620.0,608.0,615.0,615.00,0.0,0.0,615.93,"3,399.00",616.00,"2,093,551.00",53,-1.0,12.0,-0.16,1.97,-0.15,759.00,329.00
2020/07/19,81,PIC,44.84,627.0,627.0,627.0,627.0,627.00,0.0,0.0,627.00,10.00,615.00,"6,270.00",1,12.0,0.0,1.95,0.0,0.0,759.00,329.00
2020/07/20,122,PIC,50.27,639.0,664.0,612.0,612.0,612.00,0.0,0.0,633.83,"9,864.00",627.00,"6,252,122.00",104,-15.0,52.0,-2.39,8.5,-3.57,759.00,329.00
2020/07/21,124,PIC,46.71,600.0,620.0,600.0,615.0,615.00,0.0,0.0,612.77,"5,567.00",612.00,"3,411,266.00",69,3.00,20.0,0.49,3.33,0.36,759.00,329.00
2020/07/22,122,PIC,48.03,615.0,615.0,605.0,612.0,612.00,0.0,0.0,607.81,"6,469.00",615.00,"3,931,910.00",80,-3.0,10.0,-0.49,1.65,0.68,759.00,329.00
2020/07/23,126,PIC,55.32,601.0,637.0,601.0,636.0,636.00,0.0,0.0,627.14,"16,963.00",612.00,"10,638,230.00",175,24.0,36.0,3.92,5.99,1.39,759.00,329.00
2020/07/26,125,PIC,60.87,627.0,675.0,627.0,675.0,675.00,0.0,0.0,662.50,"49,537.00",636.00,"32,818,464.00",350,39.0,48.0,6.13,7.66,1.85,759.00,329.00
2020/07/27,125,PIC,54.21,687.0,688.0,648.0,652.0,652.00,0.0,0.0,665.53,"20,484.00",675.00,"13,632,810.00",187,-23.0,40.0,-3.41,6.17,-2.08,759.00,329.00
2020/03/10,108,PIC,33.8,590.0,601.0,569.0,569.0,569.00,0.0,0.0,577.52,"5,852.00",600.00,"3,379,625.00",50,-31.0,32.0,-5.17,5.62,-1.5,"1,310.00",329.00
2020/03/11,121,PIC,38.71,580.0,614.0,557.0,597.0,597.00,0.0,0.0,580.46,"16,979.00",569.00,"9,855,565.00",153,28.0,57.0,4.92,10.23,2.77,"1,310.00",329.00
2020/03/12,121,PIC,36.06,598.0,602.0,560.0,560.0,560.00,0.0,0.0,576.43,"14,144.00",597.00,"8,153,003.00",154,-37.0,42.0,-6.2,7.5,-2.93,"1,310.00",329.00
2020/03/15,115,PIC,36.19,549.0,555.0,517.0,519.0,519.00,0.0,0.0,530.62,"18,999.00",560.00,"10,081,239.00",181,-41.0,38.0,-7.32,7.35,-2.24,"1,310.00",329.00
2020/03/16,120,PIC,41.54,510.0,538.0,500.0,530.0,530.00,0.0,0.0,523.66,"20,129.00",519.00,"10,540,670.00",108,11.00,38.0,2.12,7.6,1.2,"1,310.00",329.00
2020/03/17,117,PIC,30.38,530.0,530.0,490.0,490.0,490.00,0.0,0.0,501.10,"15,964.00",530.00,"7,999,610.00",137,-40.00,40.0,-7.55,8.16,-2.27,"1,310.00",329.00
2020/03/18,116,PIC,39.47,482.0,517.0,470.0,502.0,502.00,0.0,0.0,483.52,"11,088.00",490.00,"5,361,301.00",99,12.0,47.0,2.45,10.0,3.68,"1,310.00",329.00
2020/03/19,117,PIC,42.81,492.0,513.0,484.0,498.0,498.00,0.0,0.0,499.19,"12,973.00",502.00,"6,475,996.00",96,-4.0,29.0,-0.8,5.99,-0.24,"1,310.00",329.00
2020/03/22,82,PIC,32.97,489.0,489.0,489.0,489.0,489.00,0.0,0.0,489.00,25.00,498.00,"12,225.00",1,-9.0,0.0,-1.81,0.0,0.0,"1,310.00",329.00
2020/05/12,60,PIC,32.57,480.0,480.0,480.0,480.0,480.00,0.0,0.0,480.00,10.00,489.00,"4,800.00",1,-9.0,0.0,-1.84,0.0,0.0,"1,310.00",329.00
2020/05/13,52,PIC,30.19,471.0,471.0,471.0,471.0,471.00,0.0,0.0,471.00,10.00,480.00,"4,710.00",1,-9.0,0.0,-1.88,0.0,0.0,"1,310.00",329.00
2020/06/29,92,PIC,28.73,462.0,462.0,446.0,469.0,446.00,23.0,0.05,460.31,"4,422.00",471.00,"2,035,510.00",42,-25.0,16.0,-5.31,3.59,1.85,999.00,329.00
2020/06/30,87,PIC,37.21,469.0,497.0,469.0,497.0,497.00,0.0,0.0,471.73,571.00,469.00,"269,359.00",6,28.00,28.0,5.97,5.97,5.08,999.00,329.00
2020/07/01,89,PIC,44.5,506.0,530.0,506.0,530.0,530.00,0.0,0.0,508.76,615.00,497.00,"312,890.00",5,33.0,24.0,6.64,4.74,4.01,987.00,329.00
2020/07/02,94,PIC,45.02,540.0,561.0,535.0,535.0,535.00,0.0,0.0,547.75,"2,363.00",530.00,"1,294,340.00",32,5.0,26.0,0.94,4.86,-2.38,987.00,329.00
2020/02/13,113,PIC,58.74,580.0,602.0,580.0,597.0,597.00,0.0,0.0,593.71,"43,915.00",577.00,"26,072,632.00",291,20.0,22.0,3.47,3.79,0.55,"1,310.00",329.00
2020/02/16,116,PIC,69.18,604.0,633.0,600.0,633.0,633.00,0.0,0.0,616.64,"39,582.00",597.00,"24,407,972.00",259,36.0,33.0,6.03,5.5,2.58,"1,310.00",329.00
2020/02/17,115,PIC,69.3,634.0,666.0,629.0,660.0,660.00,0.0,0.0,652.31,"49,965.00",633.00,"32,592,648.00",379,27.0,37.0,4.27,5.88,1.17,"1,310.00",329.00
2020/02/18,121,PIC,71.0,655.0,668.0,640.0,654.0,654.00,0.0,0.0,654.06,"42,613.00",660.00,"27,871,568.00",242,-6.0,28.00,-0.91,4.38,-0.01,"1,310.00",329.00
2020/02/19,118,PIC,65.4,654.0,659.0,630.0,654.0,654.00,0.0,0.0,649.09,"19,021.00",654.00,"12,346,342.00",145,0.0,29.0,0.0,4.6,0.75,"1,310.00",329.00
2020/02/20,120,PIC,66.23,666.0,719.0,657.0,700.0,700.00,0.0,0.0,683.68,"41,787.00",654.00,"28,568,998.00",308,46.0,62.0,7.03,9.44,2.33,"1,310.00",329.00
2020/02/23,119,PIC,63.52,714.0,759.0,714.0,755.0,755.00,0.0,0.0,745.28,"47,134.00",700.00,"35,127,884.00",304,55.0,45.0,7.86,6.3,1.29,"1,310.00",329.00
2020/02/24,119,PIC,64.47,740.0,740.0,680.0,701.0,701.00,0.0,0.0,702.59,"168,927.00",755.00,"118,686,640.00","1,162",-54.0,60.0,-7.15,8.82,-0.23,"1,310.00",329.00
2020/02/25,118,PIC,65.87,690.0,745.0,690.0,740.0,740.00,0.0,0.0,723.30,"80,726.00",701.00,"58,388,936.00",535,39.00,55.00,5.56,7.97,2.26,"1,310.00",329.00
2020/02/26,120,PIC,59.0,750.0,750.0,730.0,739.0,739.00,0.0,0.0,737.89,"62,022.00",740.00,"45,765,120.00",338,-1.00,20.00,-0.14,2.74,0.15,"1,310.00",329.00
2020/02/27,119,PIC,52.8,725.0,735.0,706.0,715.0,715.00,0.0,0.0,716.21,"31,829.00",739.00,"22,796,184.00",256,-24.00,29.00,-3.25,4.11,-0.17,"1,310.00",329.00
2020/03/01,122,PIC,54.21,709.0,720.0,694.0,694.0,694.00,0.0,0.0,701.17,"41,787.00",715.00,"29,299,744.00",273,-21.00,26.0,-2.94,3.75,-1.03,"1,310.00",329.00
2020/03/02,117,PIC,43.92,685.0,690.0,625.0,625.0,625.00,0.0,0.0,673.68,"18,166.00",694.00,"12,238,022.00",147,-69.0,65.00,-9.94,10.4,-7.79,"1,310.00",329.00
2020/03/03,119,PIC,48.2,625.0,670.0,605.0,643.0,643.00,0.0,0.0,637.88,"29,944.00",625.00,"19,100,560.00",280,18.0,65.00,2.88,10.74,0.8,"1,310.00",329.00
2020/03/04,115,PIC,46.06,644.0,651.0,594.0,607.0,607.00,0.0,0.0,620.33,"29,927.00",643.00,"18,564,648.00",192,-36.0,57.0,-5.6,9.6,-2.2,"1,310.00",329.00
2020/01/21,120,PIC,62.17,539.0,559.0,520.0,540.0,540.00,0.0,0.0,539.43,"28,408.00",539.00,"15,324,237.00",180,1.0,39.0,0.19,7.5,0.1,"1,310.00",329.00
2020/01/22,116,PIC,63.53,540.0,550.0,528.0,535.0,535.00,0.0,0.0,538.43,"15,195.00",540.00,"8,181,415.00",120,-5.0,22.0,-0.93,4.17,-0.64,"1,310.00",329.00
2020/01/23,113,PIC,49.91,540.0,542.0,520.0,521.0,521.00,0.0,0.0,531.95,"15,652.00",535.00,"8,326,012.00",132,-14.0,22.0,-2.62,4.23,-2.1,"1,310.00",329.00
2020/01/26,114,PIC,48.07,511.0,527.0,501.0,505.0,505.00,0.0,0.0,512.24,"14,276.00",521.00,"7,312,727.00",122,-16.0,26.0,-3.07,5.19,-1.43,"1,310.00",329.00
2020/01/27,118,PIC,47.15,506.0,530.0,500.0,515.0,515.00,0.0,0.0,517.01,"15,865.00",505.00,"8,202,387.00",134,10.0,30.0,1.98,6.0,-0.39,"1,310.00",329.00
2020/01/28,117,PIC,51.26,525.0,540.0,521.0,530.0,530.00,0.0,0.0,531.31,"19,028.00",515.00,"10,109,740.00",133,15.0,19.0,2.91,3.65,-0.25,"1,310.00",329.00
2020/01/29,115,PIC,51.16,540.0,541.0,531.0,537.0,537.00,0.0,0.0,537.47,"10,589.00",530.00,"5,691,255.00",103,7.0,10.0,1.32,1.88,-0.09,"1,310.00",329.00
2020/01/30,116,PIC,59.46,545.0,585.0,540.0,560.0,560.00,0.0,0.0,560.18,"43,332.00",537.00,"24,273,770.00",284,23.0,45.0,4.28,8.33,-0.03,"1,310.00",329.00
2020/02/02,114,PIC,57.92,571.0,582.0,554.0,575.0,575.00,0.0,0.0,570.27,"31,637.00",560.00,"18,041,756.00",222,15.0,28.0,2.68,5.05,0.82,"1,310.00",329.00
2020/02/03,116,PIC,56.25,580.0,590.0,558.0,577.0,577.00,0.0,0.0,574.83,"21,540.00",575.00,"12,381,747.00",164,2.0,32.0,0.35,5.73,0.38,"1,310.00",329.00
2020/02/04,115,PIC,55.24,577.0,590.0,570.0,577.0,577.00,0.0,0.0,579.91,"20,788.00",577.00,"12,055,228.00",166,0.0,20.0,0.0,3.51,-0.5,"1,310.00",329.00
2020/02/05,116,PIC,50.28,580.0,588.0,561.0,572.0,572.00,0.0,0.0,570.77,"10,858.00",577.00,"6,197,409.00",110,-5.0,27.0,-0.87,4.81,0.22,"1,310.00",329.00
2020/02/06,115,PIC,47.82,572.0,575.0,556.0,559.0,559.00,0.0,0.0,564.77,"13,654.00",572.00,"7,711,420.00",115,-13.0,19.0,-2.27,3.42,-1.03,"1,310.00",329.00
2020/02/09,114,PIC,42.33,550.0,560.0,545.0,550.0,550.00,0.0,0.0,551.05,"10,310.00",559.00,"5,681,276.00",108,-9.0,15.0,-1.61,2.75,-0.19,"1,310.00",329.00
2020/02/10,114,PIC,44.24,540.0,560.0,540.0,555.0,555.00,0.0,0.0,553.19,"10,806.00",550.00,"5,977,820.00",83,5.0,20.0,0.91,3.7,0.33,"1,310.00",329.00
2020/02/11,116,PIC,50.5,566.0,577.0,566.0,572.0,572.00,0.0,0.0,571.59,"11,864.00",555.00,"6,781,395.00",104,17.0,11.0,3.06,1.94,0.07,"1,310.00",329.00
2019/12/29,120,PIC,36.38,400.0,412.0,400.0,403.0,403.00,0.0,0.0,406.04,"2,751.00",407.00,"1,117,028.00",44,-4.0,12.0,-0.98,3.0,-0.76,"1,310.00",329.00
2019/12/30,115,PIC,47.25,401.0,416.0,401.0,414.0,414.00,0.0,0.0,409.39,"6,309.00",403.00,"2,582,867.00",59,11.0,15.0,2.73,3.74,1.11,"1,310.00",329.00
2019/12/31,117,PIC,37.18,413.0,415.0,411.0,412.0,412.00,0.0,0.0,412.89,"2,168.00",414.00,"895,153.00",42,-2.0,4.0,-0.48,0.97,-0.22,"1,310.00",329.00
2020/01/01,116,PIC,39.1,405.0,413.0,405.0,409.0,409.00,0.0,0.0,407.58,"2,955.00",412.00,"1,204,398.00",65,-3.0,8.0,-0.73,1.98,0.35,"1,310.00",329.00
2020/01/02,112,PIC,41.07,404.0,410.0,404.0,408.0,408.00,0.0,0.0,406.15,"3,095.00",409.00,"1,257,033.00",38,-1.0,6.0,-0.24,1.49,0.45,"1,310.00",329.00
2020/01/05,112,PIC,44.38,416.0,416.0,410.0,414.0,414.00,0.0,0.0,413.87,"7,306.00",408.00,"3,023,753.00",73,6.0,6.0,1.47,1.46,0.03,"1,310.00",329.00
2020/01/06,116,PIC,45.61,420.0,425.0,415.0,417.0,417.00,0.0,0.0,418.92,"4,447.00",414.00,"1,862,933.00",56,3.0,10.0,0.72,2.41,-0.46,"1,310.00",329.00
2020/01/07,117,PIC,58.19,419.0,427.0,418.0,425.0,425.00,0.0,0.0,422.30,"28,546.00",417.00,"12,055,030.00",108,8.0,9.0,1.92,2.15,0.63,"1,310.00",329.00
2020/01/08,114,PIC,56.89,427.0,427.0,416.0,419.0,419.00,0.0,0.0,419.89,"6,299.00",425.00,"2,644,888.00",58,-6.0,11.0,-1.41,2.64,-0.21,"1,310.00",329.00
2020/01/09,116,PIC,57.62,412.0,426.0,412.0,420.0,420.00,0.0,0.0,422.05,"5,685.00",419.00,"2,399,381.00",49,1.0,14.0,0.24,3.4,-0.49,"1,310.00",329.00
2020/01/12,117,PIC,71.77,428.0,462.0,428.0,462.0,462.00,0.0,0.0,454.18,"26,133.00",420.00,"11,869,186.00",167,42.0,34.0,10.0,7.94,1.69,"1,310.00",329.00
2020/01/13,120,PIC,68.29,471.0,508.0,462.0,477.0,477.00,0.0,0.0,487.63,"34,614.00",462.00,"16,878,852.00",264,15.0,46.0,3.25,9.96,-2.23,"1,310.00",329.00
2020/01/14,121,PIC,68.1,477.0,499.0,468.0,482.0,482.00,0.0,0.0,483.56,"11,053.00",477.00,"5,344,739.00",101,5.0,31.0,1.05,6.62,-0.32,"1,310.00",329.00
2020/01/15,114,PIC,53.44,490.0,494.0,477.0,482.0,482.00,0.0,0.0,486.91,"6,908.00",482.00,"3,363,607.00",68,0.0,17.0,0.0,3.56,-1.02,"1,310.00",329.00
2020/01/16,119,PIC,62.93,477.0,500.0,477.0,491.0,491.00,0.0,0.0,492.11,"14,935.00",482.00,"7,349,632.00",90,9.0,23.0,1.87,4.82,-0.23,"1,310.00",329.00
2020/01/19,117,PIC,61.57,498.0,540.0,498.0,540.0,540.00,0.0,0.0,521.71,"34,035.00",491.00,"17,756,338.00",245,49.0,42.0,9.98,8.43,3.39,"1,310.00",329.00
2019/12/04,111,PIC,56.8,345.0,361.0,342.0,355.0,355.00,0.0,0.0,355.17,"3,990.00",339.00,"1,417,127.00",34,16.0,19.0,4.72,5.56,-0.05,"1,310.00",329.00
2019/12/05,109,PIC,62.59,355.0,384.0,355.0,373.0,373.00,0.0,0.0,370.11,"9,216.00",355.00,"3,410,896.00",88,18.0,29.0,5.07,8.17,0.78,"1,310.00",329.00
2019/12/08,113,PIC,61.23,376.0,378.0,364.0,373.0,373.00,0.0,0.0,372.46,"7,229.00",373.00,"2,692,531.00",50,0.0,14.0,0.0,3.85,0.14,"1,310.00",329.00
2019/12/09,114,PIC,62.76,378.0,392.0,378.0,386.0,386.00,0.0,0.0,388.38,"7,937.00",373.00,"3,082,535.00",62,13.0,14.0,3.49,3.7,-0.62,"1,310.00",329.00
2019/12/10,112,PIC,64.16,381.0,395.0,381.0,395.0,395.00,0.0,0.0,388.78,"11,280.00",386.00,"4,385,417.00",81,9.0,14.0,2.33,3.67,1.58,"1,310.00",329.00
2019/12/11,114,PIC,61.34,395.0,405.0,390.0,405.0,405.00,0.0,0.0,399.57,"11,061.00",395.00,"4,419,670.00",73,10.0,15.0,2.53,3.85,1.34,"1,310.00",329.00
2019/12/12,110,PIC,67.1,405.0,445.0,397.0,434.0,434.00,0.0,0.0,429.35,"25,594.00",405.00,"10,988,874.00",172,29.0,48.0,7.16,12.09,1.07,"1,310.00",329.00
2019/12/15,112,PIC,58.31,437.0,437.0,401.0,415.0,415.00,0.0,0.0,424.15,"14,812.00",434.00,"6,282,583.00",107,-19.0,36.0,-4.38,8.98,-2.21,"1,310.00",329.00
2019/12/16,110,PIC,50.47,408.0,413.0,394.0,407.0,407.00,0.0,0.0,404.33,"7,237.00",415.00,"2,926,124.00",49,-8.0,19.0,-1.93,4.82,0.66,"1,310.00",329.00
2019/12/17,111,PIC,45.29,407.0,411.0,396.0,403.0,403.00,0.0,0.0,404.71,"3,808.00",407.00,"1,541,136.00",44,-4.0,15.0,-0.98,3.79,-0.42,"1,310.00",329.00
2019/12/18,110,PIC,42.54,411.0,411.0,397.0,405.0,405.00,0.0,0.0,401.83,"4,358.00",403.00,"1,751,170.00",32,2.0,14.0,0.5,3.53,0.78,"1,310.00",329.00
2019/12/19,114,PIC,43.81,399.0,407.0,399.0,404.0,404.00,0.0,0.0,402.37,"3,657.00",405.00,"1,471,478.00",31,-1.0,8.0,-0.25,2.01,0.4,"1,310.00",329.00
2019/12/22,109,PIC,34.94,397.0,400.0,396.0,398.0,398.00,0.0,0.0,397.64,"1,159.00",404.00,"460,869.00",25,-6.0,4.0,-1.49,1.01,0.09,"1,310.00",329.00
2019/12/23,115,PIC,41.98,400.0,424.0,400.0,406.0,406.00,0.0,0.0,407.90,"3,874.00",398.00,"1,580,220.00",39,8.00,24.0,2.01,6.0,-0.47,"1,310.00",329.00
2019/12/24,112,PIC,45.3,407.0,425.0,406.0,413.0,413.00,0.0,0.0,413.81,"9,616.00",406.00,"3,979,160.00",76,7.0,19.0,1.72,4.68,-0.2,"1,310.00",329.00
2019/12/25,115,PIC,38.37,405.0,420.0,405.0,415.0,415.00,0.0,0.0,411.95,"1,721.00",413.00,"708,966.00",26,2.0,15.0,0.48,3.7,0.73,"1,310.00",329.00
2019/11/11,116,PIC,49.46,361.0,362.0,360.0,362.0,362.00,0.0,0.0,361.07,"1,397.00",360.00,"504,414.00",24,2.0,2.0,0.56,0.56,0.26,"1,310.00",353.00
2019/11/12,109,PIC,40.28,355.0,360.0,355.0,357.0,357.00,0.0,0.0,357.62,873.00,362.00,"312,201.00",24,-5.0,5.0,-1.38,1.41,-0.17,"1,310.00",353.00
2019/11/13,99,PIC,39.38,351.0,358.0,351.0,355.0,355.00,0.0,0.0,355.01,"1,283.00",357.00,"455,481.00",22,-2.0,7.0,-0.56,1.99,0.0,"1,310.00",351.00
2019/11/14,108,PIC,42.72,350.0,360.0,350.0,358.0,358.00,0.0,0.0,355.40,"1,107.00",355.00,"393,425.00",25,3.0,10.0,0.85,2.86,0.73,"1,310.00",350.00
2019/11/17,103,PIC,41.77,354.0,360.0,352.0,359.0,359.00,0.0,0.0,353.85,"1,670.00",358.00,"590,937.00",26,1.0,8.0,0.28,2.27,1.43,"1,310.00",350.00
2019/11/18,104,PIC,41.34,353.0,353.0,348.0,353.0,353.00,0.0,0.0,349.82,808.00,359.00,"282,655.00",14,-6.0,5.0,-1.67,1.44,0.9,"1,310.00",348.00
2019/11/19,109,PIC,38.32,350.0,357.0,350.0,350.0,350.00,0.0,0.0,351.77,732.00,353.00,"257,493.00",15,-3.0,7.0,-0.85,2.0,-0.5,"1,310.00",348.00
2019/11/21,111,PIC,34.56,348.0,348.0,343.0,343.0,343.00,0.0,0.0,344.87,"1,845.00",350.00,"636,284.00",27,-7.0,5.0,-2.0,1.46,-0.55,"1,310.00",343.00
2019/11/24,107,PIC,36.44,339.0,343.0,333.0,340.0,340.00,0.0,0.0,340.40,"1,454.00",343.00,"494,936.00",34,-3.0,10.0,-0.87,3.0,-0.12,"1,310.00",333.00
2019/11/25,111,PIC,36.31,334.0,346.0,334.0,342.0,342.00,0.0,0.0,339.52,"1,719.00",340.00,"583,643.00",30,2.0,12.0,0.59,3.59,0.72,"1,310.00",333.00
2019/11/26,107,PIC,40.82,337.0,340.0,332.0,340.0,340.00,0.0,0.0,335.18,"2,271.00",342.00,"761,189.00",45,-2.0,8.0,-0.58,2.41,1.42,"1,310.00",332.00
2019/11/27,108,PIC,43.5,337.0,343.0,335.0,343.0,343.00,0.0,0.0,340.19,524.00,340.00,"178,259.00",15,3.0,8.0,0.88,2.39,0.82,"1,310.00",332.00
2019/11/28,107,PIC,44.31,341.0,341.0,339.0,340.0,340.00,0.0,0.0,340.59,"1,084.00",343.00,"369,199.00",8,-3.0,2.0,-0.87,0.59,-0.17,"1,310.00",332.00
2019/12/01,103,PIC,37.15,335.0,340.0,334.0,334.0,334.00,0.0,0.0,336.00,"1,545.00",340.00,"519,116.00",26,-6.0,6.0,-1.76,1.8,-0.6,"1,310.00",332.00
2019/12/02,105,PIC,37.82,330.0,339.0,329.0,329.0,329.00,0.0,0.0,332.56,"1,264.00",334.00,"420,361.00",21,-5.0,10.0,-1.5,3.04,-1.08,"1,310.00",329.00
2019/10/10,79,PIC,41.49,375.0,375.0,370.0,371.0,371.00,0.0,0.0,373.15,198.00,372.00,"73,884.00",10,-1.0,5.0,-0.27,1.35,-0.58,"1,310.00",358.00
2019/10/14,102,PIC,41.36,366.0,368.0,364.0,367.0,367.00,0.0,0.0,364.74,"1,662.00",371.00,"606,196.00",25,-4.0,4.0,-1.08,1.1,0.62,"1,310.00",358.00
2019/10/15,99,PIC,39.48,365.0,365.0,361.0,365.0,365.00,0.0,0.0,361.83,441.00,367.00,"159,565.00",4,-2.0,4.0,-0.54,1.11,0.87,"1,310.00",358.00
2019/10/16,99,PIC,41.37,361.0,366.0,360.0,366.0,366.00,0.0,0.0,361.36,"2,066.00",365.00,"746,565.00",32,1.0,6.0,0.27,1.67,1.27,"1,310.00",358.00
2019/10/17,100,PIC,41.13,373.0,373.0,365.0,365.0,365.00,0.0,0.0,366.20,"1,914.00",366.00,"700,899.00",14,-1.0,8.0,-0.27,2.19,-0.33,"1,310.00",358.00
2019/10/20,84,PIC,35.95,365.0,365.0,361.0,364.0,364.00,0.0,0.0,364.28,651.00,365.00,"237,145.00",20,-1.0,4.0,-0.27,1.11,-0.08,"1,310.00",358.00
2019/10/21,95,PIC,40.24,364.0,365.0,360.0,365.0,365.00,0.0,0.0,363.93,"1,999.00",364.00,"727,494.00",24,1.0,5.0,0.27,1.39,0.29,"1,310.00",358.00
2019/10/22,103,PIC,40.3,365.0,365.0,360.0,364.0,364.00,0.0,0.0,361.89,"2,045.00",365.00,"740,074.00",20,-1.0,5.0,-0.27,1.39,0.58,"1,310.00",358.00
2019/10/23,103,PIC,42.5,365.0,370.0,365.0,365.0,365.00,0.0,0.0,368.22,839.00,364.00,"308,935.00",5,1.0,5.0,0.27,1.37,-0.88,"1,310.00",358.00
2019/10/24,103,PIC,53.65,367.0,369.0,358.0,369.0,369.00,0.0,0.0,361.34,"4,623.00",365.00,"1,670,468.00",34,4.0,11.0,1.1,3.07,2.08,"1,310.00",358.00
2019/10/31,101,PIC,46.52,363.0,367.0,362.0,367.0,367.00,0.0,0.0,366.56,446.00,369.00,"163,484.00",15,-2.0,5.0,-0.54,1.38,0.12,"1,310.00",358.00
2019/11/03,107,PIC,41.3,367.0,367.0,353.0,353.0,353.00,0.0,0.0,359.14,"4,284.00",367.00,"1,538,565.00",34,-14.0,14.0,-3.81,3.97,-1.74,"1,310.00",353.00
2019/11/04,109,PIC,39.11,356.0,360.0,355.0,360.0,360.00,0.0,0.0,357.41,"2,496.00",353.00,"892,091.00",26,7.0,5.0,1.98,1.41,0.72,"1,310.00",353.00
2019/11/05,104,PIC,34.46,367.0,367.0,360.0,361.0,361.00,0.0,0.0,361.68,"1,755.00",360.00,"634,744.00",22,1.0,7.0,0.28,1.94,-0.19,"1,310.00",353.00
2019/11/06,104,PIC,32.72,360.0,362.0,358.0,360.0,360.00,0.0,0.0,360.51,"1,290.00",361.00,"465,056.00",26,-1.0,4.0,-0.28,1.12,-0.14,"1,310.00",353.00
2019/11/07,104,PIC,48.09,361.0,370.0,360.0,361.0,361.00,0.0,0.0,361.86,"1,239.00",360.00,"448,345.00",21,1.0,10.0,0.28,2.78,-0.24,"1,310.00",353.00
2019/09/12,116,PIC,42.74,396.0,396.0,385.0,385.0,385.00,0.0,0.0,387.58,"3,275.00",395.00,"1,269,324.00",63,-10.0,11.0,-2.53,2.86,-0.67,"1,310.00",382.00
2019/09/15,108,PIC,39.36,380.0,381.0,375.0,380.0,380.00,0.0,0.0,378.16,"2,595.00",385.00,"981,319.00",42,-5.0,6.0,-1.3,1.6,0.48,"1,310.00",375.00
2019/09/16,112,PIC,39.43,379.0,380.0,362.0,368.0,368.00,0.0,0.0,366.98,"6,417.00",380.00,"2,354,915.00",60,-12.0,18.0,-3.16,4.97,0.28,"1,310.00",362.00
2019/09/17,113,PIC,44.72,374.0,392.0,366.0,392.0,392.00,0.0,0.0,379.75,"4,305.00",368.00,"1,634,803.00",59,24.0,26.0,6.52,7.1,3.13,"1,310.00",362.00
2019/09/18,113,PIC,53.7,399.0,404.0,381.0,404.0,404.00,0.0,0.0,394.11,"8,290.00",392.00,"3,267,169.00",79,12.0,23.0,3.06,6.04,2.45,"1,310.00",362.00
2019/09/19,99,PIC,50.08,405.0,410.0,395.0,395.0,395.00,0.0,0.0,404.14,"2,224.00",404.00,"898,799.00",26,-9.0,15.0,-2.23,3.8,-2.31,"1,310.00",362.00
2019/09/22,111,PIC,38.35,390.0,390.0,374.0,374.0,374.00,0.0,0.0,377.24,"1,154.00",395.00,"435,331.00",31,-21.0,16.0,-5.32,4.28,-0.87,"1,310.00",362.00
2019/09/23,114,PIC,31.11,370.0,381.0,368.0,374.0,374.00,0.0,0.0,376.16,"1,408.00",374.00,"529,630.00",25,0.0,13.0,0.0,3.53,-0.58,"1,310.00",362.00
2019/09/24,114,PIC,27.82,370.0,375.0,368.0,369.0,369.00,0.0,0.0,369.36,"1,558.00",374.00,"575,464.00",27,-5.0,7.0,-1.34,1.9,-0.1,"1,310.00",362.00
2019/09/25,110,PIC,34.08,369.0,370.0,365.0,370.0,370.00,0.0,0.0,365.72,"3,670.00",369.00,"1,342,194.00",28,1.0,5.0,0.27,1.37,1.16,"1,310.00",362.00
2019/09/26,108,PIC,32.96,374.0,375.0,367.0,367.0,367.00,0.0,0.0,370.81,765.00,370.00,"283,671.00",24,-3.0,8.0,-0.81,2.18,-1.04,"1,310.00",362.00
2019/09/29,103,PIC,33.91,365.0,370.0,363.0,364.0,364.00,0.0,0.0,365.14,"2,789.00",367.00,"1,018,380.00",32,-3.0,7.0,-0.82,1.93,-0.31,"1,310.00",362.00
2019/09/30,103,PIC,42.83,359.0,372.0,358.0,369.0,369.00,0.0,0.0,366.89,"3,635.00",364.00,"1,333,646.00",35,5.0,14.0,1.37,3.91,0.57,"1,310.00",358.00
2019/10/01,106,PIC,45.38,369.0,375.0,365.0,373.0,373.00,0.0,0.0,369.24,"3,881.00",369.00,"1,433,033.00",35,4.0,10.0,1.08,2.74,1.01,"1,310.00",358.00
2019/10/02,106,PIC,47.32,378.0,378.0,367.0,373.0,373.00,0.0,0.0,368.94,"8,687.00",373.00,"3,204,993.00",32,0.0,11.0,0.0,3.0,1.09,"1,310.00",358.00
2019/10/03,100,PIC,49.55,370.0,375.0,369.0,372.0,372.00,0.0,0.0,372.08,"6,628.00",373.00,"2,466,144.00",49,-1.00,6.00,-0.27,1.63,-0.02,"1,310.00",358.00
2019/11/10,108,PIC,43.1,356.0,361.0,356.0,360.0,360.00,0.0,0.0,359.70,"1,215.00",361.00,"437,032.00",24,-1.0,5.0,-0.28,1.4,0.08,"1,310.00",353.00
2019/12/03,110,PIC,43.99,329.0,345.0,329.0,339.0,339.00,0.0,0.0,340.54,"1,433.00",329.00,"487,991.00",20,10.0,16.0,3.04,4.86,-0.45,"1,310.00",329.00
2019/12/26,116,PIC,42.41,411.0,418.0,400.0,407.0,407.00,0.0,0.0,410.15,"5,089.00",415.00,"2,087,265.00",50,-8.00,18.0,-1.93,4.5,-0.77,"1,310.00",329.00
2020/01/20,119,PIC,64.15,540.0,572.0,520.0,539.0,539.00,0.0,0.0,543.79,"32,260.00",540.00,"17,542,672.00",249,-1.0,52.0,-0.19,10.0,-0.89,"1,310.00",329.00
2020/02/12,113,PIC,55.19,575.0,591.0,574.0,577.0,577.00,0.0,0.0,581.33,"20,615.00",572.00,"11,984,015.00",145,5.0,17.0,0.87,2.96,-0.75,"1,310.00",329.00
2020/03/05,120,PIC,45.79,600.0,635.0,595.0,600.0,600.00,0.0,0.0,607.12,"28,515.00",607.00,"17,312,000.00",199,-7.0,40.0,-1.15,6.72,-1.19,"1,310.00",329.00
2020/07/05,115,PIC,46.96,530.0,545.0,530.0,542.0,542.00,0.0,0.0,538.26,"7,074.00",535.00,"3,807,616.00",50,7.0,15.0,1.31,2.83,0.69,759.00,329.00
2020/07/28,123,PIC,52.63,640.0,664.0,640.0,655.0,655.00,0.0,0.0,655.28,"12,909.00",652.00,"8,459,053.00",102,3.0,24.0,0.46,3.75,-0.04,759.00,329.00
2020/08/23,122,PIC,57.91,660.0,696.0,660.0,696.0,696.00,0.0,0.0,679.88,"51,718.00",657.00,"35,161,918.00",433,39.0,36.0,5.94,5.45,2.32,759.00,329.00
2020/09/16,130,PIC,53.52,800.0,820.0,793.0,816.0,816.00,0.0,0.0,810.84,"36,644.00",805.00,"29,712,416.00",245,11.0,27.0,1.37,3.4,0.63,849.00,329.00
2020/10/11,131,PIC,50.02,775.0,784.0,773.0,773.0,773.00,0.0,0.0,775.56,"16,423.00",784.00,"12,737,061.00",124,-11.0,11.0,-1.4,1.42,-0.33,849.00,329.00
2020/11/05,133,PIC,50.64,770.0,771.0,765.0,765.0,765.00,0.0,0.0,768.30,"7,386.00",770.00,"5,674,688.00",87,-5.0,6.0,-0.65,0.78,-0.43,849.00,329.00
2020/12/03,134,PIC,61.55,913.0,929.0,870.0,891.0,891.00,0.0,0.0,905.10,"63,247.00",904.00,"57,245,146.00",330,-13.0,59.00,-1.44,6.78,-1.58,929.00,329.00
2020/12/27,136,PIC,58.7,1065.0,1065.0,980.0,985.0,985.00,0.0,0.0,995.15,"45,559.00","1,015.00","45,338,078.00",348,-30.0,85.0,-2.96,8.67,-1.03,"1,098.00",400.00
2021/01/20,138,PIC,62.06,1100.0,1104.0,1059.0,1072.0,"1,072.00",0.0,0.0,"1,079.38","53,358.00","1,056.00","57,593,368.00",340,16.0,45.0,1.52,4.25,-0.69,"1,104.00",446.00
2019/08/20,110,PIC,48.03,452.0,460.0,452.0,460.0,460.00,0.0,0.0,453.40,"1,582.00",460.00,"717,283.00",24,0.0,8.0,0.0,1.77,1.43,"1,310.00",452.00
2019/08/21,109,PIC,41.18,455.0,455.0,448.0,448.0,448.00,0.0,0.0,449.16,"1,443.00",460.00,"648,135.00",25,-12.0,7.0,-2.61,1.56,-0.26,"1,310.00",448.00
2019/08/22,114,PIC,41.23,446.0,457.0,446.0,450.0,450.00,0.0,0.0,450.89,705.00,448.00,"317,880.00",22,2.0,11.0,0.45,2.47,-0.2,"1,310.00",446.00
2019/08/26,110,PIC,35.02,440.0,442.0,437.0,437.0,437.00,0.0,0.0,438.18,"1,086.00",443.00,"475,867.00",27,-6.0,5.0,-1.35,1.14,-0.27,"1,310.00",437.00
2019/08/27,111,PIC,37.92,429.0,431.0,422.0,424.0,424.00,0.0,0.0,425.62,"1,342.00",437.00,"571,184.00",36,-13.0,9.0,-2.97,2.13,-0.38,"1,310.00",422.00
2019/08/28,112,PIC,39.84,420.0,420.0,407.0,414.0,414.00,0.0,0.0,414.34,"4,510.00",424.00,"1,868,674.00",57,-10.0,13.0,-2.36,3.19,-0.08,"1,310.00",407.00
2019/08/29,113,PIC,42.71,422.0,422.0,402.0,410.0,410.00,0.0,0.0,408.67,"3,604.00",414.00,"1,472,833.00",38,-4.0,20.0,-0.97,4.98,0.33,"1,310.00",402.00
2019/09/01,112,PIC,42.49,403.0,404.0,393.0,397.0,397.00,0.0,0.0,397.14,"5,337.00",410.00,"2,119,548.00",64,-13.0,11.0,-3.17,2.8,-0.04,"1,310.00",393.00
2019/09/02,114,PIC,40.73,390.0,390.0,385.0,388.0,388.00,0.0,0.0,387.20,"3,360.00",397.00,"1,300,986.00",51,-9.0,5.0,-2.27,1.3,0.21,"1,310.00",385.00
2019/09/03,115,PIC,47.89,385.0,400.0,382.0,399.0,399.00,0.0,0.0,389.69,"3,739.00",388.00,"1,457,039.00",46,11.0,18.0,2.84,4.71,2.33,"1,310.00",382.00
2019/09/04,112,PIC,51.66,406.0,414.0,393.0,408.0,408.00,0.0,0.0,405.92,"5,522.00",399.00,"2,241,516.00",65,9.0,21.0,2.26,5.34,0.51,"1,310.00",382.00
2019/09/05,112,PIC,52.37,414.0,419.0,405.0,415.0,415.00,0.0,0.0,411.05,"3,710.00",408.00,"1,524,995.00",55,7.0,14.0,1.72,3.46,0.95,"1,310.00",382.00
2019/09/08,108,PIC,48.83,410.0,410.0,401.0,401.0,401.00,0.0,0.0,405.89,"2,109.00",415.00,"856,017.00",33,-14.0,9.0,-3.37,2.24,-1.22,"1,310.00",382.00
2019/09/09,117,PIC,45.61,409.0,409.0,393.0,398.0,398.00,0.0,0.0,396.80,"2,316.00",401.00,"918,987.00",42,-3.0,16.0,-0.75,4.07,0.3,"1,310.00",382.00
2019/09/10,116,PIC,42.79,395.0,400.0,391.0,400.0,400.00,0.0,0.0,396.86,825.00,398.00,"327,410.00",30,2.0,9.0,0.5,2.3,0.78,"1,310.00",382.00
2019/07/28,114,PIC,43.13,482.0,482.0,470.0,471.0,471.00,0.0,0.0,474.21,"3,812.00",485.00,"1,807,707.00",66,-14.0,12.0,-2.89,2.55,-0.68,"1,310.00",470.00
2019/07/29,113,PIC,41.46,465.0,477.0,465.0,470.0,470.00,0.0,0.0,472.22,"2,091.00",471.00,"987,415.00",37,-1.0,12.0,-0.21,2.58,-0.47,"1,310.00",465.00
2019/07/30,117,PIC,42.02,470.0,475.0,466.0,466.0,466.00,0.0,0.0,469.62,"1,796.00",470.00,"843,445.00",34,-4.0,9.0,-0.85,1.93,-0.78,"1,310.00",465.00
2019/07/31,114,PIC,43.45,467.0,475.0,466.0,474.0,474.00,0.0,0.0,471.55,"1,188.00",466.00,"560,202.00",22,8.0,9.0,1.72,1.93,0.52,"1,310.00",465.00
2019/08/01,115,PIC,41.1,479.0,479.0,470.0,474.0,474.00,0.0,0.0,473.39,787.00,474.00,"372,555.00",18,0.0,9.0,0.0,1.91,0.13,"1,310.00",465.00
2019/08/04,114,PIC,49.8,483.0,483.0,476.0,478.0,478.00,0.0,0.0,478.48,"2,725.00",474.00,"1,303,861.00",30,4.0,7.0,0.84,1.47,-0.1,"1,310.00",465.00
2019/08/05,115,PIC,52.21,478.0,480.0,477.0,478.0,478.00,0.0,0.0,478.10,"1,885.00",478.00,"901,227.00",53,0.0,3.0,0.0,0.63,-0.02,"1,310.00",465.00
2019/08/06,112,PIC,52.13,478.0,479.0,475.0,479.0,479.00,0.0,0.0,477.55,"1,870.00",478.00,"893,015.00",27,1.0,4.0,0.21,0.84,0.3,"1,310.00",465.00
2019/08/07,115,PIC,41.77,480.0,480.0,469.0,470.0,470.00,0.0,0.0,474.27,716.00,479.00,"339,578.00",20,-9.0,11.0,-1.88,2.35,-0.91,"1,310.00",465.00
2019/08/08,113,PIC,37.73,467.0,475.0,465.0,475.0,475.00,0.0,0.0,466.67,"1,898.00",470.00,"885,739.00",23,5.0,10.0,1.06,2.15,1.75,"1,310.00",465.00
2019/08/11,111,PIC,38.85,471.0,473.0,460.0,473.0,473.00,0.0,0.0,469.20,967.00,475.00,"453,716.00",21,-2.0,13.0,-0.42,2.83,0.8,"1,310.00",460.00
2019/08/12,117,PIC,40.33,464.0,474.0,460.0,470.0,470.00,0.0,0.0,467.04,"1,017.00",473.00,"474,978.00",34,-3.0,14.0,-0.63,3.04,0.63,"1,310.00",460.00
2019/08/13,110,PIC,39.94,468.0,474.0,463.0,463.0,463.00,0.0,0.0,466.26,826.00,470.00,"385,134.00",17,-7.0,11.0,-1.49,2.38,-0.7,"1,310.00",460.00
2019/08/14,114,PIC,37.7,463.0,466.0,460.0,460.0,460.00,0.0,0.0,463.50,842.00,463.00,"390,270.00",14,-3.0,6.0,-0.65,1.3,-0.76,"1,310.00",460.00
2019/08/15,105,PIC,34.77,469.0,469.0,456.0,460.0,460.00,0.0,0.0,462.00,236.00,460.00,"109,033.00",10,0.0,13.0,0.0,2.85,-0.44,"1,310.00",456.00
2019/08/18,107,PIC,41.51,457.0,458.0,455.0,455.0,455.00,0.0,0.0,455.99,"1,368.00",460.00,"623,801.00",24,-5.0,3.0,-1.09,0.66,-0.22,"1,310.00",455.00
2019/07/03,116,PIC,44.4,987.0,987.0,945.0,960.0,960.00,0.0,0.0,954.80,"7,765.00",941.00,"7,414,044.00",181,19.0,42.0,2.02,4.44,0.54,"1,310.00",833.00
2019/07/04,118,PIC,49.99,965.0,978.0,931.0,944.0,944.00,0.0,0.0,949.77,"32,853.00",960.00,"31,202,652.00",701,-16.0,47.0,-1.67,5.05,-0.61,"1,310.00",833.00
2019/07/07,115,PIC,33.13,505.0,508.0,494.0,501.0,501.00,0.0,0.0,500.19,"9,155.00",944.00,"4,579,234.00",134,-443.0,14.0,-46.93,2.83,0.16,"1,310.00",494.00
2019/07/08,115,PIC,30.84,500.0,510.0,500.0,500.0,500.00,0.0,0.0,503.06,"5,113.00",501.00,"2,572,153.00",75,-1.0,10.0,-0.2,2.0,-0.61,"1,310.00",494.00
2019/07/09,113,PIC,32.12,500.0,500.0,491.0,494.0,494.00,0.0,0.0,495.39,"3,533.00",500.00,"1,750,204.00",55,-6.0,9.0,-1.2,1.83,-0.28,"1,310.00",491.00
2019/07/10,114,PIC,34.9,494.0,498.0,482.0,484.0,484.00,0.0,0.0,488.72,"6,484.00",494.00,"3,168,832.00",75,-10.0,16.0,-2.02,3.32,-0.97,"1,310.00",482.00
2019/07/11,116,PIC,39.54,478.0,490.0,478.0,480.0,480.00,0.0,0.0,482.55,"2,729.00",484.00,"1,316,877.00",52,-4.0,12.0,-0.83,2.51,-0.53,"1,310.00",478.00
2019/07/14,107,PIC,40.98,480.0,488.0,480.0,484.0,484.00,0.0,0.0,484.89,"3,644.00",480.00,"1,766,932.00",43,4.0,8.0,0.83,1.67,-0.18,"1,310.00",478.00
2019/07/15,115,PIC,44.26,492.0,499.0,483.0,495.0,495.00,0.0,0.0,487.94,"4,424.00",484.00,"2,158,645.00",40,11.0,16.0,2.27,3.31,1.43,"1,310.00",478.00
2019/07/16,110,PIC,42.78,519.0,519.0,488.0,490.0,490.00,0.0,0.0,492.07,"2,604.00",495.00,"1,281,362.00",43,-5.0,31.0,-1.01,6.35,-0.42,"1,310.00",478.00
2019/07/17,107,PIC,42.96,490.0,497.0,490.0,496.0,496.00,0.0,0.0,493.39,"2,067.00",490.00,"1,019,835.00",22,6.0,7.0,1.22,1.43,0.53,"1,310.00",478.00
2019/07/18,105,PIC,40.88,500.0,500.0,490.0,492.0,492.00,0.0,0.0,492.73,"1,607.00",496.00,"791,819.00",26,-4.0,10.0,-0.81,2.04,-0.15,"1,310.00",478.00
2019/07/21,110,PIC,38.58,488.0,495.0,486.0,495.0,495.00,0.0,0.0,491.19,867.00,492.00,"425,858.00",21,3.0,9.0,0.61,1.85,0.77,"1,310.00",478.00
2019/07/22,113,PIC,40.59,494.0,494.0,488.0,491.0,491.00,0.0,0.0,489.26,890.00,495.00,"435,438.00",18,-4.0,6.0,-0.81,1.23,0.36,"1,310.00",478.00
2019/07/23,115,PIC,45.42,492.0,492.0,486.0,488.0,488.00,0.0,0.0,489.77,"1,979.00",491.00,"969,264.00",26,-3.0,6.0,-0.61,1.23,-0.36,"1,310.00",478.00
2019/07/24,115,PIC,46.8,488.0,491.0,486.0,489.0,489.00,0.0,0.0,488.99,"1,887.00",488.00,"922,717.00",31,1.0,5.0,0.2,1.03,0.0,"1,310.00",478.00
2019/06/10,116,PIC,-,1121.0,1130.0,1086.0,1088.0,"1,088.00",0.0,0.0,"1,097.96","8,802.00","1,121.00","9,664,229.00",166,-33.0,44.0,-2.94,4.05,-0.92,"1,310.00",833.00
2019/06/11,117,PIC,-,1090.0,1090.0,1052.0,1055.0,"1,055.00",0.0,0.0,"1,063.04","9,474.00","1,088.00","10,071,248.00",161,-33.0,38.0,-3.03,3.61,-0.76,"1,310.00",833.00
2019/06/12,119,PIC,-,1050.0,1057.0,1020.0,1025.0,"1,025.00",0.0,0.0,"1,032.51","8,968.00","1,055.00","9,259,537.00",149,-30.0,37.0,-2.84,3.63,-0.73,"1,310.00",833.00
2019/06/13,116,PIC,-,1020.0,1036.0,1015.0,1022.0,"1,022.00",0.0,0.0,"1,025.04","10,199.00","1,025.00","10,454,424.00",131,-3.0,21.0,-0.29,2.07,-0.3,"1,310.00",833.00
2019/06/16,117,PIC,-,1015.0,1020.0,978.0,980.0,980.00,0.0,0.0,990.44,"12,231.00","1,022.00","12,114,017.00",192,-42.0,42.0,-4.11,4.29,-1.06,"1,310.00",833.00
2019/06/17,117,PIC,-,980.0,1026.0,975.0,1014.0,"1,014.00",0.0,0.0,"1,001.00","6,836.00",980.00,"6,842,823.00",92,34.0,51.0,3.47,5.23,1.28,"1,310.00",833.00
2019/06/18,121,PIC,-,1034.0,1034.0,1000.0,1002.0,"1,002.00",0.0,0.0,"1,008.39","2,092.00","1,014.00","2,109,550.00",68,-12.0,34.0,-1.18,3.4,-0.64,"1,310.00",833.00
2019/06/19,115,PIC,40.09,1052.0,1052.0,1000.0,1005.0,"1,005.00",0.0,0.0,"1,004.00","1,977.00","1,002.00","1,984,899.00",46,3.0,52.0,0.3,5.2,0.1,"1,310.00",833.00
2019/06/20,114,PIC,47.33,1000.0,1020.0,1000.0,1009.0,"1,009.00",0.0,0.0,"1,010.56","3,629.00","1,005.00","3,667,327.00",54,4.0,20.0,0.4,2.0,-0.15,"1,310.00",833.00
2019/06/23,115,PIC,43.0,1000.0,1008.0,995.0,995.0,995.00,0.0,0.0,"1,002.70","4,033.00","1,009.00","4,043,903.00",66,-14.0,13.0,-1.39,1.31,-0.77,"1,310.00",833.00
2019/06/24,118,PIC,44.72,995.0,1005.0,995.0,999.0,999.00,0.0,0.0,998.71,"2,858.00",995.00,"2,854,311.00",41,4.0,10.0,0.4,1.01,0.03,"1,310.00",833.00
2019/06/25,117,PIC,41.02,1000.0,1005.0,993.0,997.0,997.00,0.0,0.0,997.15,"1,655.00",999.00,"1,650,286.00",34,-2.0,12.0,-0.2,1.21,-0.02,"1,310.00",833.00
2019/06/26,112,PIC,41.24,1005.0,1010.0,982.0,983.0,983.00,0.0,0.0,991.74,"14,570.00",997.00,"14,449,724.00",221,-14.0,28.0,-1.4,2.85,-0.89,"1,310.00",833.00
2019/06/27,116,PIC,43.16,990.0,991.0,980.0,980.0,980.00,0.0,0.0,986.44,"7,870.00",983.00,"7,763,318.00",132,-3.0,11.0,-0.31,1.12,-0.66,"1,310.00",833.00
2019/06/30,117,PIC,38.37,999.0,999.0,950.0,957.0,957.00,0.0,0.0,961.83,"8,306.00",980.00,"7,988,921.00",150,-23.0,49.0,-2.35,5.16,-0.5,"1,310.00",833.00
2019/07/01,114,PIC,38.68,957.0,957.0,934.0,950.0,950.00,0.0,0.0,941.20,"8,721.00",957.00,"8,208,216.00",170,-7.0,23.0,-0.73,2.46,0.93,"1,310.00",833.00
2019/05/14,119,PIC,-,1225.0,1248.0,1225.0,1230.0,"1,230.00",0.0,0.0,"1,235.35","12,688.00","1,240.00","15,674,154.00",164,-10.00,23.0,-0.81,1.88,-0.44,"1,320.00",833.00
2019/05/15,116,PIC,-,1220.0,1229.0,1196.0,1200.0,"1,200.00",0.0,0.0,"1,211.40","17,381.00","1,230.00","21,055,364.00",201,-30.0,33.00,-2.44,2.76,-0.95,"1,320.00",833.00
2019/05/16,120,PIC,-,1224.0,1266.0,1210.0,1240.0,"1,240.00",0.0,0.0,"1,234.43","28,944.00","1,200.00","35,729,228.00",351,40.0,56.00,3.33,4.63,0.45,"1,320.00",833.00
2019/05/19,118,PIC,-,1249.0,1249.0,1205.0,1225.0,"1,225.00",0.0,0.0,"1,223.52","10,093.00","1,240.00","12,348,988.00",120,-15.0,44.0,-1.21,3.65,0.12,"1,320.00",833.00
2019/05/20,118,PIC,-,1207.0,1220.0,1190.0,1199.0,"1,199.00",0.0,0.0,"1,202.30","14,126.00","1,225.00","16,983,756.00",169,-26.0,30.0,-2.12,2.52,-0.28,"1,320.00",833.00
2019/05/21,119,PIC,-,1252.0,1252.0,1184.0,1208.0,"1,208.00",0.0,0.0,"1,214.09","8,791.00","1,199.00","10,673,026.00",102,9.0,68.0,0.75,5.74,-0.5,"1,320.00",833.00
2019/05/22,116,PIC,-,1215.0,1232.0,1200.0,1200.0,"1,200.00",0.0,0.0,"1,207.10","7,326.00","1,208.00","8,843,227.00",84,-8.0,32.0,-0.66,2.67,-0.59,"1,320.00",833.00
2019/05/23,116,PIC,-,1224.0,1224.0,1186.0,1201.0,"1,201.00",0.0,0.0,"1,207.05","6,996.00","1,200.00","8,444,500.00",109,1.0,38.0,0.08,3.2,-0.5,"1,320.00",833.00
2019/05/26,115,PIC,-,1200.0,1210.0,1191.0,1193.0,"1,193.00",0.0,0.0,"1,195.48","4,142.00","1,201.00","4,951,688.00",74,-8.0,19.0,-0.67,1.6,-0.21,"1,320.00",833.00
2019/05/27,117,PIC,-,1170.0,1195.0,1170.0,1189.0,"1,189.00",0.0,0.0,"1,182.03","4,673.00","1,193.00","5,523,613.00",74,-4.0,25.0,-0.34,2.14,0.59,"1,320.00",833.00
2019/05/28,113,PIC,-,1208.0,1208.0,1180.0,1190.0,"1,190.00",0.0,0.0,"1,185.85","3,032.00","1,189.00","3,595,487.00",58,1.0,28.0,0.08,2.37,0.35,"1,320.00",833.00
2019/05/29,118,PIC,-,1186.0,1205.0,1186.0,1189.0,"1,189.00",0.0,0.0,"1,190.92","5,078.00","1,190.00","6,047,498.00",60,-1.0,19.0,-0.08,1.6,-0.16,"1,320.00",833.00
2019/05/30,119,PIC,-,1212.0,1224.0,1175.0,1190.0,"1,190.00",0.0,0.0,"1,194.51","10,251.00","1,189.00","12,244,957.00",111,1.0,49.0,0.08,4.17,-0.38,"1,320.00",833.00
2019/06/03,118,PIC,-,1175.0,1175.0,1136.0,1140.0,"1,140.00",0.0,0.0,"1,148.68","28,795.00","1,173.00","33,076,216.00",396,-33.0,39.0,-2.81,3.43,-0.76,"1,310.00",833.00
2019/06/04,118,PIC,-,1155.0,1155.0,1116.0,1129.0,"1,129.00",0.0,0.0,"1,132.60","13,656.00","1,140.00","15,466,807.00",226,-11.0,39.0,-0.96,3.49,-0.32,"1,310.00",833.00
2019/04/18,116,PIC,-,1037.0,1037.0,1014.0,1015.0,"1,015.00",0.0,0.0,"1,018.68","2,117.00","1,017.00","2,156,538.00",32,-2.0,23.0,-0.2,2.27,-0.36,"1,331.00",833.00
2019/04/22,117,PIC,-,1021.0,1045.0,1021.0,1034.0,"1,034.00",0.0,0.0,"1,036.61","5,504.00","1,016.00","5,705,500.00",75,18.0,24.0,1.77,2.35,-0.25,"1,331.00",833.00
2019/04/23,122,PIC,-,1025.0,1045.0,1015.0,1026.0,"1,026.00",0.0,0.0,"1,024.97","1,436.00","1,034.00","1,471,852.00",23,-8.0,30.0,-0.77,2.96,0.1,"1,331.00",833.00
2019/04/24,119,PIC,-,1014.0,1040.0,1014.0,1020.0,"1,020.00",0.0,0.0,"1,023.34","1,466.00","1,026.00","1,500,212.00",32,-6.0,26.0,-0.58,2.56,-0.33,"1,320.00",833.00
2019/04/25,123,PIC,-,1025.0,1055.0,1021.0,1033.0,"1,033.00",0.0,0.0,"1,038.00","9,946.00","1,020.00","10,323,948.00",121,13.0,34.0,1.27,3.33,-0.48,"1,320.00",833.00
2019/04/28,122,PIC,-,1050.0,1136.0,1043.0,1130.0,"1,130.00",0.0,0.0,"1,111.03","23,103.00","1,033.00","25,668,184.00",287,97.0,93.0,9.39,8.92,1.68,"1,320.00",833.00
2019/04/29,121,PIC,-,1150.0,1151.0,1079.0,1100.0,"1,100.00",0.0,0.0,"1,105.24","14,090.00","1,130.00","15,572,882.00",172,-30.0,72.0,-2.65,6.67,-0.48,"1,320.00",833.00
2019/04/30,123,PIC,-,1120.0,1120.0,1070.0,1076.0,"1,076.00",0.0,0.0,"1,079.97","4,310.00","1,100.00","4,654,679.00",75,-24.0,50.0,-2.18,4.67,-0.37,"1,320.00",833.00
2019/05/02,119,PIC,-,1056.0,1100.0,1056.0,1100.0,"1,100.00",0.0,0.0,"1,085.57","5,619.00","1,076.00","6,099,792.00",105,24.0,44.0,2.23,4.17,1.31,"1,320.00",833.00
2019/05/05,122,PIC,-,1100.0,1121.0,1082.0,1109.0,"1,109.00",0.0,0.0,"1,102.50","10,171.00","1,100.00","11,213,525.00",162,9.0,39.0,0.82,3.6,0.59,"1,320.00",833.00
2019/05/06,121,PIC,-,1105.0,1105.0,1093.0,1105.0,"1,105.00",0.0,0.0,"1,099.38","2,830.00","1,109.00","3,111,240.00",70,-4.0,12.0,-0.36,1.1,0.51,"1,320.00",833.00
2019/05/07,121,PIC,-,1110.0,1123.0,1100.0,1113.0,"1,113.00",0.0,0.0,"1,113.70","5,975.00","1,105.00","6,654,380.00",139,8.0,23.0,0.72,2.09,-0.06,"1,320.00",833.00
2019/05/08,121,PIC,-,1112.0,1123.0,1103.0,1115.0,"1,115.00",0.0,0.0,"1,110.79","4,554.00","1,113.00","5,058,525.00",73,2.0,20.0,0.18,1.81,0.38,"1,320.00",833.00
2019/05/09,118,PIC,-,1129.0,1177.0,1127.0,1165.0,"1,165.00",0.0,0.0,"1,150.96","25,508.00","1,115.00","29,358,684.00",364,50.0,50.0,4.48,4.44,1.21,"1,320.00",833.00
2019/05/12,117,PIC,-,1187.0,1281.0,1187.0,1280.0,"1,280.00",0.0,0.0,"1,233.55","54,215.00","1,165.00","66,876,912.00",604,115.0,94.0,9.87,7.92,3.63,"1,320.00",833.00
2019/03/25,120,PIC,-,1010.0,1020.0,1003.0,1015.0,"1,015.00",0.0,0.0,"1,013.66","1,716.00","1,008.00","1,739,445.00",48,7.0,17.0,0.69,1.69,0.13,"1,331.00",686.00
2019/03/26,120,PIC,-,1002.0,1020.0,1002.0,1019.0,"1,019.00",0.0,0.0,"1,012.89","2,218.00","1,015.00","2,246,584.00",44,4.0,18.0,0.39,1.8,0.6,"1,331.00",686.00
2019/03/27,117,PIC,-,1008.0,1028.0,1008.0,1021.0,"1,021.00",0.0,0.0,"1,017.06",735.00,"1,019.00","747,542.00",34,2.0,20.0,0.2,1.98,0.39,"1,331.00",686.00
2019/03/28,117,PIC,-,1033.0,1033.0,1014.0,1019.0,"1,019.00",0.0,0.0,"1,016.39","1,980.00","1,021.00","2,012,452.00",29,-2.0,19.0,-0.2,1.87,0.26,"1,331.00",711.00
2019/03/31,113,PIC,-,1019.0,1021.0,1013.0,1020.0,"1,020.00",0.0,0.0,"1,016.75","2,331.00","1,019.00","2,370,042.00",52,1.0,8.0,0.1,0.79,0.32,"1,331.00",740.00
2019/04/01,119,PIC,-,1015.0,1030.0,1007.0,1019.0,"1,019.00",0.0,0.0,"1,016.79","1,228.00","1,020.00","1,248,613.00",43,-1.0,23.0,-0.1,2.28,0.22,"1,331.00",740.00
2019/04/02,118,PIC,-,1025.0,1025.0,1005.0,1020.0,"1,020.00",0.0,0.0,"1,009.60","4,336.00","1,019.00","4,377,621.00",80,1.0,20.0,0.1,1.99,1.02,"1,331.00",754.00
2019/04/03,117,PIC,-,1008.0,1028.0,1008.0,1018.0,"1,018.00",0.0,0.0,"1,014.76","1,555.00","1,020.00","1,577,953.00",51,-2.0,20.0,-0.2,1.98,0.32,"1,331.00",760.00
2019/04/04,117,PIC,-,1009.0,1018.0,1007.0,1016.0,"1,016.00",0.0,0.0,"1,010.54","2,757.00","1,018.00","2,786,071.00",61,-2.0,11.0,-0.2,1.09,0.54,"1,331.00",809.00
2019/04/07,119,PIC,-,1000.0,1015.0,1000.0,1009.0,"1,009.00",0.0,0.0,"1,008.70","1,483.00","1,016.00","1,495,906.00",58,-7.0,15.0,-0.69,1.5,0.03,"1,331.00",833.00
2019/04/08,119,PIC,-,1025.0,1040.0,1012.0,1030.0,"1,030.00",0.0,0.0,"1,029.48","3,676.00","1,009.00","3,784,351.00",98,21.0,28.0,2.08,2.77,0.05,"1,331.00",833.00
2019/04/09,119,PIC,-,1050.0,1050.0,1015.0,1022.0,"1,022.00",0.0,0.0,"1,029.10","3,613.00","1,030.00","3,718,142.00",61,-8.0,35.0,-0.78,3.45,-0.69,"1,331.00",833.00
2019/04/10,115,PIC,-,1004.0,1015.0,1004.0,1007.0,"1,007.00",0.0,0.0,"1,008.79","1,094.00","1,022.00","1,103,611.00",42,-15.0,11.0,-1.47,1.1,-0.18,"1,331.00",833.00
2019/04/11,116,PIC,-,1002.0,1027.0,1002.0,1008.0,"1,008.00",0.0,0.0,"1,012.16","1,391.00","1,007.00","1,407,916.00",82,1.0,25.0,0.1,2.5,-0.41,"1,331.00",833.00
2019/04/15,115,PIC,-,1005.0,1015.0,1005.0,1013.0,"1,013.00",0.0,0.0,"1,010.49","1,306.00","1,008.00","1,319,699.00",36,5.0,10.0,0.5,1.0,0.25,"1,331.00",833.00
2019/04/16,117,PIC,-,1009.0,1025.0,1008.0,1020.0,"1,020.00",0.0,0.0,"1,016.72","2,529.00","1,013.00","2,571,283.00",57,7.0,17.0,0.69,1.69,0.32,"1,331.00",833.00
2019/02/25,116,PIC,-,995.0,1006.0,986.0,996.0,996.00,0.0,0.0,990.53,"1,228.00",989.00,"1,216,365.00",42,7.0,20.0,0.71,2.03,0.55,"1,331.00",686.00
2019/02/26,115,PIC,-,995.0,1004.0,995.0,997.0,997.00,0.0,0.0,998.93,"1,467.00",996.00,"1,465,437.00",49,1.0,9.0,0.1,0.9,-0.19,"1,331.00",686.00
2019/02/27,114,PIC,-,992.0,1005.0,989.0,994.0,994.00,0.0,0.0,999.56,"4,921.00",997.00,"4,918,815.00",54,-3.0,16.00,-0.3,1.62,-0.56,"1,331.00",686.00
2019/03/03,121,PIC,-,994.0,1003.0,985.0,1003.0,"1,003.00",0.0,0.0,996.95,"1,134.00",994.00,"1,130,544.00",53,9.0,18.0,0.91,1.83,0.6,"1,331.00",686.00
2019/03/05,121,PIC,-,1003.0,1005.0,990.0,1000.0,"1,000.00",0.0,0.0,"1,001.00","2,274.00","1,003.00","2,276,275.00",46,-3.0,15.0,-0.3,1.52,-0.1,"1,331.00",686.00
2019/03/06,121,PIC,-,990.0,1018.0,990.0,1018.0,"1,018.00",0.0,0.0,"1,012.59","2,321.00","1,000.00","2,350,217.00",59,18.0,28.0,1.8,2.83,0.53,"1,331.00",686.00
2019/03/07,122,PIC,-,1018.0,1035.0,1005.0,1030.0,"1,030.00",0.0,0.0,"1,025.98","3,608.00","1,018.00","3,701,719.00",70,12.0,30.0,1.18,2.99,0.39,"1,331.00",686.00
2019/03/11,120,PIC,-,1016.0,1051.0,1016.0,1045.0,"1,045.00",0.0,0.0,"1,042.42","3,842.00","1,035.00","4,004,989.00",86,10.0,35.0,0.97,3.44,0.25,"1,331.00",686.00
2019/03/12,124,PIC,-,1031.0,1049.0,1031.0,1048.0,"1,048.00",0.0,0.0,"1,043.65","4,942.00","1,045.00","5,157,735.00",79,3.0,18.0,0.29,1.75,0.41,"1,331.00",686.00
2019/03/13,121,PIC,-,1049.0,1050.0,1020.0,1021.0,"1,021.00",0.0,0.0,"1,038.09","3,087.00","1,048.00","3,204,584.00",63,-27.0,30.0,-2.58,2.94,-1.67,"1,331.00",686.00
2019/03/14,120,PIC,-,1015.0,1041.0,1015.0,1031.0,"1,031.00",0.0,0.0,"1,031.60","1,179.00","1,021.00","1,216,256.00",26,10.0,26.0,0.98,2.56,-0.06,"1,331.00",686.00
2019/03/17,119,PIC,-,1034.0,1055.0,1034.0,1035.0,"1,035.00",0.0,0.0,"1,040.76","2,107.00","1,031.00","2,192,877.00",41,4.0,21.0,0.39,2.03,-0.56,"1,331.00",686.00
2019/03/18,118,PIC,-,1035.0,1035.0,1016.0,1028.0,"1,028.00",0.0,0.0,"1,027.61","1,775.00","1,035.00","1,824,016.00",66,-7.0,19.0,-0.68,1.87,0.04,"1,331.00",686.00
2019/03/19,114,PIC,-,1045.0,1045.0,1019.0,1025.0,"1,025.00",0.0,0.0,"1,024.12",531.00,"1,028.00","543,809.00",15,-3.0,26.0,-0.29,2.55,0.09,"1,331.00",686.00
2019/03/21,123,PIC,-,1011.0,1027.0,1011.0,1016.0,"1,016.00",0.0,0.0,"1,016.94","1,124.00","1,025.00","1,143,044.00",47,-9.0,16.0,-0.88,1.58,-0.09,"1,331.00",686.00
2019/01/31,117,PIC,-,1035.0,1050.0,1035.0,1038.0,"1,038.00",0.0,0.0,"1,040.61","1,722.00","1,036.00","1,791,928.00",58,2.0,15.0,0.19,1.45,-0.25,"1,355.00",686.00
2019/02/03,117,PIC,-,1024.0,1040.0,1024.0,1033.0,"1,033.00",0.0,0.0,"1,033.16","1,185.00","1,038.00","1,224,296.00",69,-5.0,16.0,-0.48,1.56,-0.02,"1,355.00",686.00
2019/02/04,112,PIC,-,1035.0,1035.0,1025.0,1030.0,"1,030.00",0.0,0.0,"1,032.16","7,779.00","1,033.00","8,029,208.00",93,-3.0,10.0,-0.29,0.98,-0.21,"1,355.00",686.00
2019/02/05,112,PIC,-,1021.0,1044.0,1021.0,1030.0,"1,030.00",0.0,0.0,"1,032.62","1,578.00","1,030.00","1,629,472.00",44,0.0,23.0,0.0,2.25,-0.25,"1,355.00",686.00
2019/02/06,114,PIC,-,1030.0,1050.0,1030.0,1030.0,"1,030.00",0.0,0.0,"1,036.58","1,864.00","1,030.00","1,932,179.00",59,0.0,20.0,0.0,1.94,-0.64,"1,355.00",686.00
2019/02/07,115,PIC,-,1017.0,1035.0,1017.0,1034.0,"1,034.00",0.0,0.0,"1,026.36",953.00,"1,030.00","978,123.00",36,4.0,18.0,0.39,1.77,0.74,"1,355.00",686.00
2019/02/10,109,PIC,-,1030.0,1030.0,1016.0,1023.0,"1,023.00",0.0,0.0,"1,021.33","3,335.00","1,034.00","3,406,120.00",61,-11.0,14.0,-1.06,1.38,0.16,"1,355.00",686.00
2019/02/11,115,PIC,-,1011.0,1034.0,1010.0,1033.0,"1,033.00",0.0,0.0,"1,027.99","2,181.00","1,023.00","2,242,039.00",63,10.0,24.0,0.98,2.38,0.49,"1,355.00",686.00
2019/02/12,113,PIC,-,1044.0,1044.0,1021.0,1024.0,"1,024.00",0.0,0.0,"1,024.92","1,261.00","1,033.00","1,292,430.00",34,-9.0,23.0,-0.87,2.25,-0.09,"1,355.00",686.00
2019/02/13,120,PIC,-,1030.0,1030.0,999.0,1002.0,"1,002.00",0.0,0.0,"1,012.33","4,192.00","1,024.00","4,243,672.00",78,-22.00,31.0,-2.15,3.1,-1.03,"1,355.00",686.00
2019/02/14,114,PIC,-,1002.0,1014.0,990.0,995.0,995.00,0.0,0.0,996.39,"3,832.00","1,002.00","3,818,162.00",109,-7.0,24.0,-0.7,2.42,-0.14,"1,355.00",686.00
2019/02/17,117,PIC,-,996.0,1034.0,996.0,1008.0,"1,008.00",0.0,0.0,"1,004.36","2,174.00",995.00,"2,183,476.00",60,13.0,38.0,1.31,3.82,0.36,"1,355.00",686.00
2019/02/18,111,PIC,-,1025.0,1025.0,991.0,997.0,997.00,0.0,0.0,999.43,"1,202.00","1,008.00","1,201,319.00",43,-11.0,34.0,-1.09,3.43,-0.24,"1,355.00",686.00
2019/02/19,117,PIC,-,1010.0,1029.0,997.0,1020.0,"1,020.00",0.0,0.0,"1,010.57","2,130.00",997.00,"2,152,511.00",81,23.0,32.0,2.31,3.21,0.92,"1,355.00",686.00
2019/02/20,109,PIC,-,1008.0,1010.0,1000.0,1006.0,"1,006.00",0.0,0.0,"1,004.76",759.00,"1,020.00","762,612.00",37,-14.0,10.0,-1.37,1.0,0.12,"1,355.00",686.00
2019/02/21,108,PIC,-,987.0,1015.0,987.0,1005.0,"1,005.00",0.0,0.0,"1,009.39",371.00,"1,006.00","374,482.00",21,-1.0,28.0,-0.1,2.84,-0.44,"1,331.00",686.00
2019/01/08,109,PIC,-,1004.0,1047.0,1004.0,1020.0,"1,020.00",0.0,0.0,"1,014.77","11,790.00","1,010.00","11,964,136.00",95,10.0,43.0,0.99,4.28,0.51,"1,484.00",686.00
2019/01/09,118,PIC,-,1005.0,1038.0,1005.0,1026.0,"1,026.00",0.0,0.0,"1,020.82","5,630.00","1,020.00","5,747,224.00",38,6.0,33.0,0.59,3.28,0.5,"1,480.00",686.00
2019/01/10,111,PIC,-,1010.0,1030.0,1010.0,1030.0,"1,030.00",0.0,0.0,"1,024.72","4,450.00","1,026.00","4,560,019.00",76,4.0,20.0,0.39,1.98,0.51,"1,400.00",686.00
2019/01/13,107,PIC,-,1028.0,1028.0,1011.0,1020.0,"1,020.00",0.0,0.0,"1,020.92",452.00,"1,030.00","461,454.00",18,-10.0,17.0,-0.97,1.68,-0.09,"1,400.00",686.00
2019/01/14,107,PIC,-,1020.0,1040.0,1007.0,1040.0,"1,040.00",0.0,0.0,"1,017.34","4,158.00","1,020.00","4,230,101.00",70,20.0,33.0,1.96,3.28,2.18,"1,400.00",686.00
2019/01/15,109,PIC,-,1040.0,1090.0,1040.0,1088.0,"1,088.00",0.0,0.0,"1,067.30","15,114.00","1,040.00","16,131,222.00",154,48.0,50.0,4.62,4.81,1.9,"1,400.00",686.00
2019/01/16,119,PIC,-,1100.0,1120.0,1060.0,1077.0,"1,077.00",0.0,0.0,"1,084.76","12,221.00","1,088.00","13,256,846.00",120,-11.0,60.0,-1.01,5.66,-0.72,"1,400.00",686.00
2019/01/17,113,PIC,-,1085.0,1090.0,1060.0,1067.0,"1,067.00",0.0,0.0,"1,069.56","4,023.00","1,077.00","4,302,840.00",70,-10.0,30.0,-0.93,2.83,-0.24,"1,400.00",686.00
2019/01/20,97,PIC,-,1060.0,1081.0,1051.0,1070.0,"1,070.00",0.0,0.0,"1,054.27",748.00,"1,067.00","788,595.00",22,3.0,30.0,0.28,2.85,1.47,"1,400.00",686.00
2019/01/21,113,PIC,-,1059.0,1059.0,1040.0,1040.0,"1,040.00",0.0,0.0,"1,044.37","6,330.00","1,070.00","6,610,878.00",118,-30.0,19.0,-2.8,1.83,-0.42,"1,400.00",686.00
2019/01/22,108,PIC,-,1040.0,1065.0,1036.0,1055.0,"1,055.00",0.0,0.0,"1,051.90","4,585.00","1,040.00","4,822,973.00",133,15.00,29.00,1.44,2.8,0.29,"1,380.00",686.00
2019/01/23,111,PIC,-,1060.0,1060.0,1045.0,1058.0,"1,058.00",0.0,0.0,"1,053.82","2,969.00","1,055.00","3,128,798.00",78,3.0,15.0,0.28,1.44,0.39,"1,355.00",686.00
2019/01/24,110,PIC,-,1046.0,1066.0,1046.0,1059.0,"1,059.00",0.0,0.0,"1,058.62","2,527.00","1,058.00","2,675,143.00",75,1.0,20.00,0.09,1.91,0.04,"1,355.00",686.00
2019/01/27,111,PIC,-,1054.0,1054.0,1040.0,1045.0,"1,045.00",0.0,0.0,"1,042.95","6,152.00","1,059.00","6,416,207.00",133,-14.0,14.0,-1.32,1.35,0.2,"1,355.00",686.00
2019/01/28,114,PIC,-,1055.0,1055.0,1040.0,1050.0,"1,050.00",0.0,0.0,"1,041.58","1,907.00","1,045.00","1,986,295.00",52,5.0,15.0,0.48,1.44,0.8,"1,355.00",686.00
2019/01/29,113,PIC,-,1036.0,1053.0,1036.0,1042.0,"1,042.00",0.0,0.0,"1,045.07","1,822.00","1,050.00","1,904,112.00",82,-8.0,17.0,-0.76,1.64,-0.29,"1,355.00",686.00
2018/12/16,109,PIC,-,925.0,945.0,910.0,944.0,944.00,0.0,0.0,928.12,"5,142.00",919.00,"4,772,382.00",90,25.0,35.0,2.72,3.85,1.68,"1,535.00",686.00
2018/12/17,112,PIC,-,953.0,971.0,946.0,952.0,952.00,0.0,0.0,958.89,"5,736.00",944.00,"5,500,187.00",60,8.0,25.0,0.85,2.64,-0.72,"1,535.00",686.00
2018/12/18,112,PIC,-,975.0,989.0,936.0,942.0,942.00,0.0,0.0,961.70,"6,053.00",952.00,"5,821,188.00",100,-10.0,53.0,-1.05,5.66,-2.09,"1,535.00",686.00
2018/12/19,113,PIC,-,930.0,957.0,925.0,946.0,946.00,0.0,0.0,950.56,"3,023.00",942.00,"2,873,554.00",39,4.0,32.0,0.42,3.46,-0.48,"1,535.00",686.00
2018/12/20,113,PIC,-,964.0,965.0,948.0,959.0,959.00,0.0,0.0,953.66,"2,935.00",946.00,"2,798,983.00",47,13.0,17.0,1.37,1.79,0.56,"1,535.00",686.00
2018/12/23,113,PIC,-,978.0,1002.0,966.0,1002.0,"1,002.00",0.0,0.0,984.21,"9,178.00",959.00,"9,033,062.00",117,43.0,36.0,4.48,3.73,1.78,"1,484.00",686.00
2018/12/24,115,PIC,-,1022.0,1022.0,986.0,992.0,992.00,0.0,0.0,"1,006.56","7,520.00","1,002.00","7,569,315.00",102,-10.0,36.0,-1.0,3.65,-1.47,"1,484.00",686.00
2018/12/25,114,PIC,-,1009.0,1009.0,976.0,985.0,985.00,0.0,0.0,981.69,"2,901.00",992.00,"2,847,879.00",50,-7.0,33.0,-0.71,3.38,0.34,"1,484.00",686.00
2018/12/26,120,PIC,-,990.0,1040.0,989.0,1030.0,"1,030.00",0.0,0.0,"1,017.81","10,568.00",985.00,"10,756,249.00",133,45.0,51.0,4.57,5.16,1.18,"1,484.00",686.00
2018/12/27,122,PIC,-,1050.0,1087.0,1033.0,1050.0,"1,050.00",0.0,0.0,"1,059.25","16,724.00","1,030.00","17,714,900.00",192,20.0,54.0,1.94,5.23,-0.88,"1,484.00",686.00
2018/12/30,116,PIC,-,1059.0,1075.0,1042.0,1049.0,"1,049.00",0.0,0.0,"1,059.08","3,970.00","1,050.00","4,204,542.00",60,-1.0,33.0,-0.1,3.17,-0.96,"1,484.00",686.00
2018/12/31,115,PIC,-,1044.0,1051.0,1032.0,1040.0,"1,040.00",0.0,0.0,"1,040.74","5,766.00","1,049.00","6,000,911.00",94,-9.0,19.0,-0.86,1.84,-0.07,"1,484.00",686.00
2019/01/01,108,PIC,-,1040.0,1050.0,1029.0,1030.0,"1,030.00",0.0,0.0,"1,035.54","3,856.00","1,040.00","3,993,026.00",52,-10.0,21.0,-0.96,2.04,-0.54,"1,484.00",686.00
2019/01/02,108,PIC,-,1021.0,1032.0,1021.0,1025.0,"1,025.00",0.0,0.0,"1,025.70","1,852.00","1,030.00","1,899,593.00",46,-5.0,11.0,-0.49,1.08,-0.07,"1,484.00",686.00
2019/01/03,111,PIC,-,1036.0,1038.0,1012.0,1020.0,"1,020.00",0.0,0.0,"1,023.83","2,003.00","1,025.00","2,050,737.00",42,-5.0,26.0,-0.49,2.57,-0.38,"1,484.00",686.00
2019/01/06,106,PIC,-,1010.0,1015.0,996.0,996.0,996.00,0.0,0.0,"1,000.41","3,135.00","1,020.00","3,136,281.00",55,-24.0,19.0,-2.35,1.91,-0.44,"1,484.00",686.00
2018/11/21,105,PIC,-,1020.0,1024.0,1006.0,1024.0,"1,024.00",0.0,0.0,"1,016.21",670.00,"1,017.00","680,858.00",24,7.0,18.0,0.69,1.79,0.76,"1,619.00",686.00
2018/11/22,98,PIC,-,1012.0,1022.0,1011.0,1013.0,"1,013.00",0.0,0.0,"1,015.24",739.00,"1,024.00","750,261.00",38,-11.0,11.0,-1.07,1.09,-0.22,"1,619.00",686.00
2018/11/25,105,PIC,-,1030.0,1030.0,992.0,992.0,992.00,0.0,0.0,"1,002.45","2,578.00","1,013.00","2,584,315.00",66,-21.0,38.0,-2.07,3.83,-1.05,"1,619.00",686.00
2018/11/26,104,PIC,-,976.0,1003.0,976.0,993.0,993.00,0.0,0.0,991.61,"1,303.00",992.00,"1,292,065.00",38,1.0,27.0,0.1,2.77,0.14,"1,619.00",686.00
2018/11/27,107,PIC,-,980.0,1011.0,980.0,980.0,980.00,0.0,0.0,986.08,"1,918.00",993.00,"1,891,294.00",55,-13.0,31.0,-1.31,3.16,-0.62,"1,619.00",686.00
2018/11/28,103,PIC,-,980.0,998.0,971.0,980.0,980.00,0.0,0.0,981.39,"1,692.00",980.00,"1,660,512.00",75,0.0,27.0,0.0,2.78,-0.14,"1,619.00",686.00
2018/11/29,111,PIC,-,990.0,990.0,950.0,951.0,951.00,0.0,0.0,964.75,"1,810.00",980.00,"1,746,201.00",49,-29.0,40.0,-2.96,4.21,-1.45,"1,619.00",686.00
2018/12/02,108,PIC,-,957.0,957.0,902.0,920.0,920.00,0.0,0.0,915.35,"5,741.00",951.00,"5,255,016.00",96,-31.0,55.0,-3.26,6.1,0.51,"1,619.00",686.00
2018/12/03,107,PIC,-,907.0,938.0,905.0,905.0,905.00,0.0,0.0,915.32,"6,704.00",920.00,"6,136,333.00",135,-15.0,33.0,-1.63,3.65,-1.14,"1,619.00",686.00
2018/12/04,108,PIC,-,900.0,917.0,894.0,894.0,894.00,0.0,0.0,898.03,"6,717.00",905.00,"6,032,093.00",77,-11.0,23.0,-1.22,2.57,-0.45,"1,619.00",686.00
2018/12/05,109,PIC,-,900.0,900.0,850.0,860.0,860.00,0.0,0.0,865.42,"6,948.00",894.00,"6,012,915.00",88,-34.0,50.0,-3.8,5.88,-0.63,"1,619.00",686.00
2018/12/06,113,PIC,-,843.0,874.0,833.0,855.0,855.00,0.0,0.0,861.01,"5,034.00",860.00,"4,334,317.00",76,-5.0,41.0,-0.58,4.92,-0.7,"1,599.00",686.00
2018/12/09,108,PIC,-,846.0,867.0,846.0,865.0,865.00,0.0,0.0,862.72,642.00,855.00,"553,865.00",18,10.0,21.0,1.17,2.48,0.26,"1,591.00",686.00
2018/12/10,115,PIC,-,875.0,910.0,875.0,910.0,910.00,0.0,0.0,898.33,"4,498.00",865.00,"4,040,700.00",75,45.0,35.0,5.2,4.0,1.28,"1,591.00",686.00
2018/12/11,114,PIC,-,892.0,895.0,877.0,890.0,890.00,0.0,0.0,889.40,721.00,910.00,"641,255.00",39,-20.0,18.0,-2.2,2.05,0.07,"1,535.00",686.00
2018/12/12,108,PIC,-,907.0,914.0,880.0,900.0,900.00,0.0,0.0,890.90,"1,177.00",890.00,"1,048,594.00",37,10.0,34.0,1.12,3.86,1.01,"1,535.00",686.00
2018/10/25,111,PIC,-,1089.0,1089.0,1066.0,1085.0,"1,085.00",0.0,0.0,"1,070.96",470.00,"1,079.00","503,352.00",29,6.0,23.0,0.56,2.16,1.29,"1,662.00",686.00
2018/10/28,112,PIC,-,1075.0,1075.0,1050.0,1065.0,"1,065.00",0.0,0.0,"1,059.15","4,587.00","1,085.00","4,858,314.00",122,-20.0,25.0,-1.84,2.38,0.55,"1,649.00",686.00
2018/10/29,108,PIC,-,1047.0,1060.0,1046.0,1050.0,"1,050.00",0.0,0.0,"1,049.50","3,107.00","1,065.00","3,260,790.00",81,-15.0,14.0,-1.41,1.34,0.05,"1,649.00",686.00
2018/10/30,113,PIC,-,1070.0,1088.0,1055.0,1058.0,"1,058.00",0.0,0.0,"1,066.54","1,998.00","1,050.00","2,130,939.00",55,8.0,33.0,0.76,3.13,-0.81,"1,649.00",686.00
2018/10/31,113,PIC,-,1060.0,1060.0,1056.0,1057.0,"1,057.00",0.0,0.0,"1,057.23",660.00,"1,058.00","697,769.00",54,-1.0,4.0,-0.09,0.38,-0.02,"1,619.00",686.00
2018/11/01,110,PIC,-,1057.0,1070.0,1050.0,1060.0,"1,060.00",0.0,0.0,"1,061.40","1,348.00","1,057.00","1,430,766.00",48,3.0,20.0,0.28,1.9,-0.13,"1,619.00",686.00
2018/11/04,107,PIC,-,1045.0,1060.0,1045.0,1050.0,"1,050.00",0.0,0.0,"1,050.45",810.00,"1,060.00","850,862.00",45,-10.0,15.0,-0.94,1.44,-0.04,"1,619.00",686.00
2018/11/05,107,PIC,-,1050.0,1060.0,1043.0,1052.0,"1,052.00",0.0,0.0,"1,056.45",603.00,"1,050.00","637,040.00",36,2.0,17.0,0.19,1.63,-0.42,"1,619.00",686.00
2018/11/06,67,PIC,-,1052.0,1085.0,1050.0,1083.0,"1,083.00",0.0,0.0,"1,075.18",341.00,"1,052.00","366,635.00",9,31.0,35.0,2.95,3.33,0.72,"1,619.00",686.00
2018/11/11,83,PIC,-,1083.0,1090.0,1050.0,1050.0,"1,050.00",0.0,0.0,"1,065.53",139.00,"1,083.00","148,109.00",8,-33.0,40.0,-3.05,3.81,-1.48,"1,619.00",686.00
2018/11/12,87,PIC,-,1030.0,1050.0,1030.0,1035.0,"1,035.00",0.0,0.0,"1,037.64","1,483.00","1,050.00","1,538,820.00",36,-15.0,20.0,-1.43,1.94,-0.26,"1,619.00",686.00
2018/11/13,102,PIC,-,1029.0,1050.0,1029.0,1035.0,"1,035.00",0.0,0.0,"1,040.37",515.00,"1,035.00","535,789.00",21,0.0,21.0,0.0,2.04,-0.52,"1,619.00",686.00
2018/11/14,100,PIC,-,1023.0,1084.0,1023.0,1050.0,"1,050.00",0.0,0.0,"1,039.70","1,856.00","1,035.00","1,929,675.00",28,15.0,61.0,1.45,5.96,0.98,"1,619.00",686.00
2018/11/15,108,PIC,-,1040.0,1045.0,1020.0,1037.0,"1,037.00",0.0,0.0,"1,039.85",610.00,"1,050.00","634,307.00",51,-13.0,25.0,-1.24,2.45,-0.27,"1,619.00",686.00
2018/11/18,98,PIC,-,1026.0,1035.0,1021.0,1031.0,"1,031.00",0.0,0.0,"1,028.03","2,472.00","1,037.00","2,541,294.00",54,-6.0,14.0,-0.58,1.37,0.29,"1,619.00",686.00
2018/11/19,103,PIC,-,1025.0,1031.0,1020.0,1020.0,"1,020.00",0.0,0.0,"1,025.64","2,186.00","1,031.00","2,242,059.00",56,-11.0,11.0,-1.07,1.08,-0.55,"1,619.00",686.00
2018/09/27,118,PIC,-,1148.0,1150.0,1137.0,1140.0,"1,140.00",0.0,0.0,"1,139.76","2,376.00","1,147.00","2,708,080.00",84,-7.0,13.0,-0.61,1.14,0.02,"1,680.00",686.00
2018/09/30,118,PIC,-,1130.0,1132.0,1118.0,1123.0,"1,123.00",0.0,0.0,"1,124.09","4,751.00","1,140.00","5,340,532.00",82,-17.0,14.0,-1.49,1.25,-0.1,"1,680.00",686.00
2018/10/01,115,PIC,-,1120.0,1120.0,1096.0,1107.0,"1,107.00",0.0,0.0,"1,108.82","3,662.00","1,123.00","4,060,505.00",79,-16.0,24.0,-1.42,2.19,-0.16,"1,680.00",686.00
2018/10/02,122,PIC,-,1090.0,1128.0,1090.0,1102.0,"1,102.00",0.0,0.0,"1,103.60","3,956.00","1,107.00","4,365,837.00",79,-5.0,38.0,-0.45,3.49,-0.15,"1,680.00",686.00
2018/10/03,118,PIC,-,1090.0,1115.0,1083.0,1092.0,"1,092.00",0.0,0.0,"1,097.92","3,768.00","1,102.00","4,136,948.00",111,-10.0,32.0,-0.91,2.95,-0.54,"1,680.00",686.00
2018/10/04,118,PIC,-,1092.0,1116.0,1090.0,1090.0,"1,090.00",0.0,0.0,"1,099.68","5,126.00","1,092.00","5,636,949.00",97,-2.0,26.0,-0.18,2.39,-0.89,"1,680.00",686.00
2018/10/07,111,PIC,-,1083.0,1090.0,1072.0,1075.0,"1,075.00",0.0,0.0,"1,080.14","2,157.00","1,090.00","2,329,867.00",70,-15.0,18.0,-1.38,1.68,-0.48,"1,680.00",686.00
2018/10/08,113,PIC,-,1075.0,1100.0,1067.0,1085.0,"1,085.00",0.0,0.0,"1,082.62","6,723.00","1,075.00","7,278,452.00",72,10.0,33.0,0.93,3.09,0.22,"1,680.00",686.00
2018/10/09,113,PIC,-,1073.0,1100.0,1060.0,1085.0,"1,085.00",0.0,0.0,"1,066.56","3,914.00","1,085.00","4,174,528.00",88,0.0,40.0,0.0,3.77,1.7,"1,680.00",686.00
2018/10/10,113,PIC,-,1066.0,1085.0,1065.0,1075.0,"1,075.00",0.0,0.0,"1,075.29","1,330.00","1,085.00","1,430,132.00",30,-10.0,20.0,-0.92,1.88,-0.03,"1,680.00",686.00
2018/10/11,115,PIC,-,1060.0,1096.0,1060.0,1080.0,"1,080.00",0.0,0.0,"1,085.59",548.00,"1,075.00","594,905.00",36,5.0,36.0,0.47,3.4,-0.52,"1,680.00",686.00
2018/10/14,112,PIC,-,1099.0,1099.0,1078.0,1095.0,"1,095.00",0.0,0.0,"1,087.93","1,684.00","1,080.00","1,832,078.00",45,15.00,21.00,1.39,1.95,0.65,"1,680.00",686.00
2018/10/15,105,PIC,-,1107.0,1107.0,1076.0,1080.0,"1,080.00",0.0,0.0,"1,084.68","2,914.00","1,095.00","3,160,744.00",36,-15.0,31.0,-1.37,2.88,-0.43,"1,680.00",686.00
2018/10/21,92,PIC,-,1066.0,1085.0,1065.0,1068.0,"1,068.00",0.0,0.0,"1,072.16",410.00,"1,080.00","439,586.00",25,-12.0,20.0,-1.11,1.88,-0.39,"1,665.00",686.00
2018/10/22,103,PIC,-,1089.0,1089.0,1063.0,1071.0,"1,071.00",0.0,0.0,"1,072.71","2,123.00","1,068.00","2,277,362.00",40,3.0,26.0,0.28,2.45,-0.16,"1,665.00",686.00
2018/10/23,108,PIC,-,1071.0,1080.0,1060.0,1067.0,"1,067.00",0.0,0.0,"1,067.22","1,219.00","1,071.00","1,300,946.00",42,-4.0,20.0,-0.37,1.89,-0.02,"1,665.00",686.00
2018/09/03,117,PIC,-,1041.0,1070.0,1040.0,1070.0,"1,070.00",0.0,0.0,"1,053.36","1,064.00","1,040.00","1,120,776.00",51,30.00,30.0,2.88,2.88,1.56,"1,760.00",686.00
2018/09/04,119,PIC,-,1051.0,1091.0,1051.0,1061.0,"1,061.00",0.0,0.0,"1,074.99","2,792.00","1,070.00","3,001,377.00",63,-9.0,40.0,-0.84,3.81,-1.32,"1,760.00",686.00
2018/09/05,118,PIC,-,1061.0,1115.0,1060.0,1090.0,"1,090.00",0.0,0.0,"1,094.47","4,335.00","1,061.00","4,744,541.00",90,29.0,55.0,2.73,5.19,-0.41,"1,760.00",686.00
2018/09/06,121,PIC,-,1111.0,1114.0,1075.0,1075.0,"1,075.00",0.0,0.0,"1,092.84","5,800.00","1,090.00","6,338,463.00",132,-15.0,39.0,-1.38,3.63,-1.66,"1,760.00",686.00
2018/09/09,118,PIC,-,1060.0,1070.0,1056.0,1066.0,"1,066.00",0.0,0.0,"1,064.11","4,539.00","1,075.00","4,829,991.00",91,-9.0,14.0,-0.84,1.33,0.18,"1,694.00",686.00
2018/09/10,114,PIC,-,1048.0,1065.0,1048.0,1052.0,"1,052.00",0.0,0.0,"1,057.83",560.00,"1,066.00","592,387.00",34,-14.0,17.0,-1.31,1.62,-0.55,"1,694.00",686.00
2018/09/11,116,PIC,-,1056.0,1090.0,1056.0,1063.0,"1,063.00",0.0,0.0,"1,069.70","1,096.00","1,052.00","1,172,395.00",55,11.0,34.00,1.05,3.22,-0.63,"1,680.00",686.00
2018/09/12,115,PIC,-,1070.0,1096.0,1060.0,1096.0,"1,096.00",0.0,0.0,"1,075.09","2,189.00","1,063.00","2,353,366.00",77,33.0,36.0,3.1,3.4,1.91,"1,680.00",686.00
2018/09/13,122,PIC,-,1100.0,1102.0,1060.0,1085.0,"1,085.00",0.0,0.0,"1,084.31","3,203.00","1,096.00","3,473,042.00",56,-11.0,42.0,-1.0,3.96,0.06,"1,680.00",686.00
2018/09/16,115,PIC,-,1100.0,1113.0,1086.0,1090.0,"1,090.00",0.0,0.0,"1,098.46","5,157.00","1,085.00","5,664,734.00",93,5.0,27.0,0.46,2.49,-0.78,"1,680.00",686.00
2018/09/17,114,PIC,-,1070.0,1155.0,1070.0,1153.0,"1,153.00",0.0,0.0,"1,133.16","8,363.00","1,090.00","9,476,651.00",172,63.0,85.0,5.78,7.94,1.72,"1,680.00",686.00
2018/09/18,117,PIC,-,1168.0,1195.0,1139.0,1158.0,"1,158.00",0.0,0.0,"1,163.46","9,929.00","1,153.00","11,551,959.00",152,5.0,56.0,0.43,4.92,-0.47,"1,680.00",686.00
2018/09/20,115,PIC,-,1160.0,1169.0,1147.0,1151.0,"1,151.00",0.0,0.0,"1,155.23","9,321.00","1,158.00","10,767,881.00",131,-7.0,22.0,-0.6,1.92,-0.37,"1,680.00",686.00
2018/09/23,115,PIC,-,1135.0,1156.0,1135.0,1137.0,"1,137.00",0.0,0.0,"1,142.45","2,713.00","1,151.00","3,099,476.00",65,-14.0,21.0,-1.22,1.85,-0.48,"1,680.00",686.00
2018/09/25,121,PIC,-,1140.0,1150.0,1130.0,1149.0,"1,144.00",5.0,0.0,"1,139.76","3,722.00","1,137.00","4,242,179.00",71,7.0,20.0,0.62,1.77,0.8,"1,680.00",686.00
2018/08/08,112,PIC,-,1030.0,1037.0,1027.0,1027.0,"1,027.00",0.0,0.0,"1,028.87","1,280.00","1,037.00","1,316,950.00",97,-10.0,10.0,-0.96,0.97,-0.18,"1,860.00",686.00
2018/08/09,111,PIC,-,1012.0,1026.0,1001.0,1020.0,"1,020.00",0.0,0.0,"1,009.41","2,821.00","1,027.00","2,847,547.00",90,-7.0,25.0,-0.68,2.5,1.04,"1,810.00",686.00
2018/08/12,110,PIC,-,1019.0,1019.0,991.0,993.0,993.00,0.0,0.0,"1,007.28","2,752.00","1,020.00","2,772,033.00",90,-27.0,28.0,-2.65,2.83,-1.44,"1,810.00",686.00
2018/08/13,108,PIC,-,990.0,1020.0,983.0,1012.0,"1,012.00",0.0,0.0,"1,001.56","2,539.00",993.00,"2,542,968.00",75,19.0,37.0,1.91,3.76,1.03,"1,810.00",686.00
2018/08/14,115,PIC,-,1030.0,1030.0,1000.0,1015.0,"1,015.00",0.0,0.0,"1,009.80","1,921.00","1,012.00","1,939,827.00",76,3.0,30.0,0.3,3.0,0.51,"1,810.00",686.00
2018/08/15,116,PIC,-,1016.0,1065.0,1016.0,1055.0,"1,055.00",0.0,0.0,"1,045.87","3,323.00","1,015.00","3,475,439.00",132,40.0,49.0,3.94,4.82,0.87,"1,810.00",686.00
2018/08/16,115,PIC,-,1045.0,1085.0,1036.0,1057.0,"1,057.00",0.0,0.0,"1,061.93","8,707.00","1,055.00","9,246,184.00",118,2.00,49.0,0.19,4.73,-0.47,"1,810.00",686.00
2018/08/19,110,PIC,-,1060.0,1068.0,1042.0,1044.0,"1,044.00",0.0,0.0,"1,048.04","5,750.00","1,057.00","6,026,234.00",105,-13.0,26.0,-1.23,2.5,-0.39,"1,810.00",686.00
2018/08/20,109,PIC,-,1044.0,1046.0,1039.0,1043.0,"1,043.00",0.0,0.0,"1,041.94","2,611.00","1,044.00","2,720,509.00",108,-1.0,7.0,-0.1,0.67,0.1,"1,810.00",686.00
2018/08/21,111,PIC,-,1043.0,1053.0,1041.0,1053.0,"1,053.00",0.0,0.0,"1,047.57","7,032.00","1,043.00","7,366,494.00",71,10.0,12.0,0.96,1.15,0.52,"1,785.00",686.00
2018/08/22,104,PIC,-,1038.0,1049.0,1038.0,1049.0,"1,049.00",0.0,0.0,"1,044.28",609.00,"1,053.00","635,968.00",60,-4.0,11.0,-0.38,1.06,0.45,"1,785.00",686.00
2018/08/23,110,PIC,-,1036.0,1044.0,1036.0,1042.0,"1,042.00",0.0,0.0,"1,040.73","1,218.00","1,049.00","1,267,612.00",59,-7.0,8.0,-0.67,0.77,0.12,"1,785.00",686.00
2018/08/26,101,PIC,-,1045.0,1045.0,1036.0,1038.0,"1,038.00",0.0,0.0,"1,038.89","1,069.00","1,042.00","1,110,577.00",41,-4.0,9.0,-0.38,0.87,-0.09,"1,770.00",686.00
2018/08/28,108,PIC,-,1030.0,1042.0,1024.0,1042.0,"1,042.00",0.0,0.0,"1,029.55",706.00,"1,038.00","726,865.00",96,4.0,18.0,0.39,1.76,1.19,"1,760.00",686.00
2018/08/29,113,PIC,-,1042.0,1042.0,1026.0,1026.0,"1,026.00",0.0,0.0,"1,031.63","1,341.00","1,042.00","1,383,412.00",60,-16.0,16.0,-1.54,1.56,-0.55,"1,760.00",686.00
2018/08/30,117,PIC,-,1027.0,1040.0,1025.0,1030.0,"1,030.00",0.0,0.0,"1,031.73","1,158.00","1,026.00","1,194,740.00",64,4.0,15.0,0.39,1.46,-0.17,"1,760.00",686.00
2018/09/26,119,PIC,-,1166.0,1175.0,1145.0,1147.0,"1,147.00",0.0,0.0,"1,154.87","2,523.00","1,149.00","2,913,738.00",95,-2.0,30.0,-0.17,2.62,-0.69,"1,680.00",686.00
2018/10/24,108,PIC,-,1050.0,1085.0,1050.0,1079.0,"1,079.00",0.0,0.0,"1,071.89","1,811.00","1,067.00","1,941,197.00",55,12.0,35.0,1.12,3.33,0.66,"1,662.00",686.00
2018/11/20,99,PIC,-,1017.0,1030.0,1009.0,1017.0,"1,017.00",0.0,0.0,"1,016.72","1,220.00","1,020.00","1,240,402.00",38,-3.0,21.0,-0.29,2.08,0.03,"1,619.00",686.00
2019/01/07,115,PIC,-,1010.0,1014.0,998.0,1010.0,"1,010.00",0.0,0.0,"1,005.02","7,217.00",996.00,"7,253,225.00",40,14.0,16.0,1.41,1.6,0.49,"1,484.00",686.00
2019/01/30,114,PIC,-,1061.0,1062.0,1035.0,1036.0,"1,036.00",0.0,0.0,"1,041.02","3,520.00","1,042.00","3,664,393.00",65,-6.00,27.0,-0.58,2.61,-0.48,"1,355.00",686.00
2019/02/24,117,PIC,-,1005.0,1005.0,987.0,989.0,989.00,0.0,0.0,990.50,"3,430.00","1,005.00","3,397,413.00",108,-16.0,18.0,-1.59,1.82,-0.15,"1,331.00",686.00
2019/03/24,116,PIC,-,1005.0,1015.0,1005.0,1008.0,"1,008.00",0.0,0.0,"1,010.09","1,814.00","1,016.00","1,832,299.00",57,-8.0,10.0,-0.79,1.0,-0.21,"1,331.00",686.00
2019/04/17,120,PIC,-,1020.0,1035.0,1015.0,1017.0,"1,017.00",0.0,0.0,"1,019.32","4,256.00","1,020.00","4,338,218.00",55,-3.0,20.0,-0.29,1.97,-0.23,"1,331.00",833.00
2019/05/13,117,PIC,-,1310.0,1310.0,1216.0,1240.0,"1,240.00",0.0,0.0,"1,248.28","30,317.00","1,280.00","37,844,044.00",400,-40.0,94.0,-3.13,7.73,-0.67,"1,320.00",833.00
2019/06/06,116,PIC,-,1129.0,1148.0,1120.0,1121.0,"1,121.00",0.0,0.0,"1,129.85","5,675.00","1,129.00","6,411,897.00",106,-8.0,28.0,-0.71,2.5,-0.79,"1,310.00",833.00
2019/07/02,116,PIC,42.67,944.0,949.0,932.0,941.0,941.00,0.0,0.0,939.19,"6,092.00",950.00,"5,721,532.00",139,-9.0,17.0,-0.95,1.82,0.19,"1,310.00",833.00
2019/07/25,117,PIC,44.99,482.0,493.0,482.0,485.0,485.00,0.0,0.0,485.78,"2,663.00",489.00,"1,293,641.00",27,-4.0,11.0,-0.82,2.28,-0.16,"1,310.00",478.00
2019/09/11,114,PIC,37.05,400.0,400.0,395.0,395.0,395.00,0.0,0.0,395.95,590.00,400.00,"233,612.00",21,-5.0,5.0,-1.25,1.27,-0.24,"1,310.00",382.00
2018/07/16,109,PIC,-,1100.0,1125.0,1100.0,1125.0,"1,125.00",0.0,0.0,"1,112.83","4,389.00","1,104.00","4,884,205.00",92,21.0,25.0,1.9,2.27,1.08,"1,895.00",686.00
2018/07/17,106,PIC,-,1125.0,1130.0,1108.0,1110.0,"1,110.00",0.0,0.0,"1,112.80","1,685.00","1,125.00","1,875,075.00",38,-15.0,22.0,-1.33,1.99,-0.25,"1,895.00",686.00
2018/07/18,95,PIC,-,1100.0,1105.0,1089.0,1095.0,"1,095.00",0.0,0.0,"1,093.63","3,614.00","1,110.00","3,952,381.00",48,-15.0,16.0,-1.35,1.47,0.13,"1,895.00",686.00
2018/07/19,110,PIC,-,1095.0,1100.0,1084.0,1084.0,"1,084.00",0.0,0.0,"1,093.48","2,740.00","1,095.00","2,996,137.00",45,-11.0,16.0,-1.0,1.48,-0.87,"1,895.00",686.00
2018/07/22,112,PIC,-,1065.0,1080.0,1058.0,1059.0,"1,059.00",0.0,0.0,"1,065.59","2,042.00","1,084.00","2,175,928.00",120,-25.0,22.0,-2.31,2.08,-0.62,"1,895.00",686.00
2018/07/23,108,PIC,-,1065.0,1080.0,1046.0,1080.0,"1,080.00",0.0,0.0,"1,071.20","1,864.00","1,059.00","1,996,716.00",66,21.0,34.0,1.98,3.25,0.81,"1,895.00",686.00
2018/07/24,111,PIC,-,1080.0,1122.0,1080.0,1082.0,"1,082.00",0.0,0.0,"1,101.86","3,854.00","1,080.00","4,246,561.00",84,2.0,42.0,0.19,3.89,-1.84,"1,895.00",686.00
2018/07/25,119,PIC,-,1080.0,1090.0,1065.0,1071.0,"1,071.00",0.0,0.0,"1,072.88",765.00,"1,082.00","820,752.00",65,-11.0,25.0,-1.02,2.35,-0.18,"1,895.00",686.00
2018/07/26,112,PIC,-,1070.0,1078.0,1060.0,1062.0,"1,062.00",0.0,0.0,"1,065.92","1,611.00","1,071.00","1,717,199.00",76,-9.0,18.0,-0.84,1.7,-0.37,"1,895.00",686.00
2018/07/29,104,PIC,-,1062.0,1077.0,1052.0,1070.0,"1,070.00",0.0,0.0,"1,067.50","1,530.00","1,062.00","1,633,270.00",55,8.0,25.0,0.75,2.38,0.23,"1,895.00",686.00
2018/07/30,117,PIC,-,1075.0,1075.0,1056.0,1074.0,"1,074.00",0.0,0.0,"1,062.74","3,948.00","1,070.00","4,195,695.00",132,4.0,19.0,0.37,1.8,1.05,"1,895.00",686.00
2018/07/31,114,PIC,-,1094.0,1094.0,1057.0,1073.0,"1,073.00",0.0,0.0,"1,062.11","4,131.00","1,074.00","4,387,556.00",114,-1.0,37.0,-0.09,3.5,1.02,"1,895.00",686.00
2018/08/01,108,PIC,-,1060.0,1074.0,1060.0,1074.0,"1,074.00",0.0,0.0,"1,066.81",685.00,"1,073.00","730,762.00",35,1.0,14.0,0.09,1.32,0.67,"1,875.00",686.00
2018/08/02,116,PIC,-,1075.0,1083.0,1060.0,1061.0,"1,061.00",0.0,0.0,"1,063.18","1,452.00","1,074.00","1,543,742.00",59,-13.0,23.0,-1.21,2.17,-0.21,"1,860.00",686.00
2018/08/05,113,PIC,-,1050.0,1058.0,1046.0,1048.0,"1,048.00",0.0,0.0,"1,050.01","2,011.00","1,061.00","2,111,565.00",64,-13.0,12.0,-1.23,1.15,-0.19,"1,860.00",686.00
2018/08/06,106,PIC,-,1065.0,1065.0,1037.0,1037.0,"1,037.00",0.0,0.0,"1,043.07","2,089.00","1,048.00","2,178,965.00",50,-11.0,28.0,-1.05,2.7,-0.58,"1,860.00",686.00
2018/06/21,114,PIC,-,1173.0,1189.0,1156.0,1170.0,"1,170.00",0.0,0.0,"1,169.21","1,867.00","1,173.00","2,182,921.00",117,-3.0,33.0,-0.26,2.85,0.07,"1,895.00",686.00
2018/06/24,117,PIC,-,1180.0,1203.0,1155.0,1180.0,"1,180.00",0.0,0.0,"1,170.45","1,993.00","1,170.00","2,332,702.00",92,10.0,48.0,0.85,4.16,0.81,"1,895.00",686.00
2018/06/25,110,PIC,-,1157.0,1169.0,1145.0,1160.0,"1,160.00",0.0,0.0,"1,157.00","2,091.00","1,180.00","2,419,293.00",123,-20.0,24.0,-1.69,2.1,0.26,"1,895.00",686.00
2018/06/26,112,PIC,-,1160.0,1160.0,1142.0,1142.0,"1,142.00",0.0,0.0,"1,152.89","1,899.00","1,160.00","2,189,336.00",113,-18.0,18.0,-1.55,1.58,-0.95,"1,895.00",686.00
2018/06/27,109,PIC,-,1134.0,1168.0,1124.0,1138.0,"1,138.00",0.0,0.0,"1,137.66","2,542.00","1,142.00","2,891,941.00",82,-4.0,44.0,-0.35,3.91,0.03,"1,895.00",686.00
2018/06/28,115,PIC,-,1138.0,1145.0,1135.0,1137.0,"1,137.00",0.0,0.0,"1,138.50","1,795.00","1,138.00","2,043,600.00",111,-1.0,10.0,-0.09,0.88,-0.13,"1,895.00",686.00
2018/07/01,108,PIC,-,1125.0,1140.0,1110.0,1120.0,"1,120.00",0.0,0.0,"1,119.64","2,620.00","1,137.00","2,933,453.00",95,-17.0,30.0,-1.5,2.7,0.03,"1,895.00",686.00
2018/07/02,110,PIC,-,1110.0,1125.0,1099.0,1115.0,"1,115.00",0.0,0.0,"1,110.34","2,963.00","1,120.00","3,289,934.00",71,-5.0,26.0,-0.45,2.37,0.42,"1,895.00",686.00
2018/07/03,111,PIC,-,1130.0,1130.0,1101.0,1111.0,"1,111.00",0.0,0.0,"1,112.42","2,652.00","1,115.00","2,950,129.00",58,-4.0,29.0,-0.36,2.63,-0.13,"1,895.00",686.00
2018/07/04,118,PIC,-,1110.0,1135.0,1110.0,1125.0,"1,125.00",0.0,0.0,"1,125.80","2,422.00","1,111.00","2,726,684.00",97,14.0,25.0,1.26,2.25,-0.07,"1,895.00",686.00
2018/07/05,114,PIC,-,1126.0,1170.0,1125.0,1170.0,"1,170.00",0.0,0.0,"1,154.97","5,069.00","1,125.00","5,854,559.00",158,45.00,45.0,4.0,4.0,1.28,"1,895.00",686.00
2018/07/08,114,PIC,-,1193.0,1193.0,1149.0,1162.0,"1,162.00",0.0,0.0,"1,163.29","6,827.00","1,170.00","7,941,802.00",117,-8.0,44.0,-0.68,3.83,-0.11,"1,895.00",686.00
2018/07/09,117,PIC,-,1162.0,1165.0,1127.0,1127.0,"1,127.00",0.0,0.0,"1,134.81","5,994.00","1,162.00","6,802,025.00",138,-35.0,38.0,-3.01,3.37,-0.69,"1,895.00",686.00
2018/07/10,113,PIC,-,1130.0,1149.0,1121.0,1122.0,"1,122.00",0.0,0.0,"1,130.73","5,079.00","1,127.00","5,742,967.00",145,-5.0,28.0,-0.44,2.5,-0.78,"1,895.00",686.00
2018/07/11,119,PIC,-,1140.0,1150.0,1118.0,1120.0,"1,120.00",0.0,0.0,"1,134.24","3,869.00","1,122.00","4,388,381.00",91,-2.0,32.0,-0.18,2.86,-1.27,"1,895.00",686.00
2018/07/12,111,PIC,-,1120.0,1120.0,1100.0,1109.0,"1,109.00",0.0,0.0,"1,107.14","6,894.00","1,120.00","7,632,640.00",148,-11.0,20.0,-0.98,1.82,0.17,"1,895.00",686.00
2018/05/28,119,PIC,-,1190.0,1258.0,1180.0,1258.0,"1,258.00",0.0,0.0,"1,225.46","5,404.00","1,192.00","6,622,412.00",291,66.0,78.0,5.54,6.61,2.59,"1,895.00",686.00
2018/05/29,117,PIC,-,1236.0,1283.0,1236.0,1277.0,"1,277.00",0.0,0.0,"1,261.03","14,247.00","1,258.00","17,965,940.00",453,19.0,47.0,1.51,3.8,1.25,"1,895.00",686.00
2018/05/30,116,PIC,-,1280.0,1320.0,1261.0,1285.0,"1,285.00",0.0,0.0,"1,289.63","15,168.00","1,277.00","19,561,168.00",426,8.0,59.0,0.63,4.68,-0.36,"1,895.00",686.00
2018/05/31,116,PIC,-,1290.0,1293.0,1258.0,1265.0,"1,265.00",0.0,0.0,"1,273.38","10,480.00","1,285.00","13,344,988.00",291,-20.0,35.0,-1.56,2.78,-0.66,"1,895.00",686.00
2018/06/03,108,PIC,-,1270.0,1270.0,1200.0,1224.0,"1,224.00",0.0,0.0,"1,232.64","14,905.00","1,265.00","18,372,470.00",260,-41.00,70.00,-3.24,5.83,-0.71,"1,895.00",686.00
2018/06/04,109,PIC,-,1225.0,1245.0,1190.0,1213.0,"1,213.00",0.0,0.0,"1,217.82","7,279.00","1,224.00","8,864,485.00",240,-11.0,55.00,-0.9,4.62,-0.4,"1,895.00",686.00
2018/06/06,97,PIC,-,1237.0,1285.0,1222.0,1235.0,"1,235.00",0.0,0.0,"1,242.33","6,838.00","1,213.00","8,495,082.00",61,22.0,63.0,1.81,5.16,-0.59,"1,895.00",686.00
2018/06/07,115,PIC,-,1235.0,1240.0,1214.0,1215.0,"1,215.00",0.0,0.0,"1,219.92","6,981.00","1,235.00","8,516,268.00",295,-20.0,26.0,-1.62,2.14,-0.41,"1,895.00",686.00
2018/06/10,113,PIC,-,1239.0,1235.0,1181.0,1186.0,"1,186.00",0.0,0.0,"1,194.87","8,793.00","1,215.00","10,506,467.00",267,-29.0,54.0,-2.39,4.57,-0.75,"1,895.00",686.00
2018/06/11,120,PIC,-,1175.0,1215.0,1161.0,1199.0,"1,199.00",0.0,0.0,"1,187.44","6,758.00","1,186.00","8,024,723.00",192,13.0,54.0,1.1,4.65,0.96,"1,895.00",686.00
2018/06/12,112,PIC,-,1177.0,1205.0,1173.0,1185.0,"1,185.00",0.0,0.0,"1,186.15","4,945.00","1,199.00","5,865,505.00",122,-14.0,32.0,-1.17,2.73,-0.1,"1,895.00",686.00
2018/06/13,112,PIC,-,1190.0,1200.0,1180.0,1190.0,"1,190.00",0.0,0.0,"1,186.28","1,807.00","1,185.00","2,143,599.00",113,5.0,20.0,0.42,1.69,0.31,"1,895.00",686.00
2018/06/14,113,PIC,-,1195.0,1210.0,1167.0,1196.0,"1,196.00",0.0,0.0,"1,197.70","5,343.00","1,190.00","6,399,289.00",203,6.00,43.0,0.5,3.68,-0.14,"1,895.00",686.00
2018/06/17,111,PIC,-,1190.0,1190.0,1180.0,1185.0,"1,185.00",0.0,0.0,"1,183.65","1,725.00","1,196.00","2,041,789.00",91,-11.0,10.0,-0.92,0.85,0.11,"1,895.00",686.00
2018/06/18,107,PIC,-,1175.0,1200.0,1164.0,1200.0,"1,200.00",0.0,0.0,"1,178.26","2,449.00","1,185.00","2,885,565.00",142,15.0,36.0,1.27,3.09,1.81,"1,895.00",686.00
2018/06/19,115,PIC,-,1185.0,1188.0,1170.0,1171.0,"1,171.00",0.0,0.0,"1,181.31","2,224.00","1,200.00","2,627,236.00",161,-29.0,18.0,-2.42,1.54,-0.88,"1,895.00",686.00
2018/05/02,110,PIC,-,1195.0,1255.0,1187.0,1255.0,"1,255.00",0.0,0.0,"1,230.69","7,495.00","1,219.00","9,223,999.00",197,36.0,68.0,2.95,5.73,1.94,"1,895.00",686.00
2018/05/03,121,PIC,-,1240.0,1285.0,1239.0,1262.0,"1,262.00",0.0,0.0,"1,264.38","17,006.00","1,255.00","21,502,088.00",249,7.0,46.0,0.56,3.71,-0.19,"1,895.00",686.00
2018/05/06,111,PIC,-,1238.0,1254.0,1238.0,1239.0,"1,239.00",0.0,0.0,"1,244.50","7,210.00","1,262.00","8,972,846.00",235,-23.0,16.0,-1.82,1.29,-0.44,"1,895.00",686.00
2018/05/07,110,PIC,-,1230.0,1245.0,1220.0,1236.0,"1,236.00",0.0,0.0,"1,237.17","4,021.00","1,239.00","4,974,666.00",220,-3.0,25.0,-0.24,2.05,-0.09,"1,895.00",686.00
2018/05/08,114,PIC,-,1237.0,1285.0,1228.0,1285.0,"1,285.00",0.0,0.0,"1,255.38","5,826.00","1,236.00","7,313,824.00",167,49.0,57.0,3.96,4.64,2.31,"1,895.00",686.00
2018/05/09,109,PIC,-,1284.0,1285.0,1243.0,1269.0,"1,269.00",0.0,0.0,"1,269.55","7,194.00","1,285.00","9,133,175.00",257,-16.0,42.0,-1.25,3.38,-0.04,"1,895.00",686.00
2018/05/10,112,PIC,-,1269.0,1275.0,1244.0,1265.0,"1,265.00",0.0,0.0,"1,251.27","8,553.00","1,269.00","10,702,137.00",239,-4.0,31.0,-0.32,2.49,1.09,"1,895.00",686.00
2018/05/14,112,PIC,-,1240.0,1258.0,1240.0,1243.0,"1,243.00",0.0,0.0,"1,245.00","2,401.00","1,265.00","2,989,248.00",142,-22.0,18.0,-1.74,1.45,-0.16,"1,895.00",686.00
2018/05/15,100,PIC,-,1225.0,1259.0,1225.0,1246.0,"1,246.00",0.0,0.0,"1,250.16","4,378.00","1,243.00","5,473,206.00",47,3.0,34.0,0.24,2.78,-0.33,"1,895.00",686.00
2018/05/17,107,PIC,-,1250.0,1264.0,1248.0,1251.0,"1,251.00",0.0,0.0,"1,255.36","4,340.00","1,257.00","5,448,250.00",93,-6.0,16.0,-0.48,1.28,-0.35,"1,895.00",686.00
2018/05/20,112,PIC,-,1230.0,1276.0,1230.0,1260.0,"1,260.00",0.0,0.0,"1,253.93","3,791.00","1,251.00","4,753,643.00",66,9.0,46.0,0.72,3.74,0.48,"1,895.00",686.00
2018/05/21,116,PIC,-,1265.0,1265.0,1245.0,1255.0,"1,255.00",0.0,0.0,"1,253.29",822.00,"1,260.00","1,030,202.00",40,-5.0,20.0,-0.4,1.61,0.14,"1,895.00",686.00
2018/05/22,112,PIC,-,1260.0,1280.0,1243.0,1247.0,"1,247.00",0.0,0.0,"1,249.72","1,272.00","1,255.00","1,589,640.00",43,-8.0,37.0,-0.64,2.98,-0.22,"1,895.00",686.00
2018/05/23,114,PIC,-,1240.0,1245.0,1231.0,1235.0,"1,235.00",0.0,0.0,"1,236.69","2,204.00","1,247.00","2,725,665.00",58,-12.0,14.0,-0.96,1.14,-0.14,"1,895.00",686.00
2018/05/24,113,PIC,-,1235.0,1250.0,1234.0,1234.0,"1,234.00",0.0,0.0,"1,240.39","2,325.00","1,235.00","2,883,896.00",42,-1.0,16.0,-0.08,1.3,-0.52,"1,895.00",686.00
2018/04/08,125,PIC,-,920.0,988.0,907.0,970.0,970.00,0.0,0.0,943.70,"15,666.00",910.00,"14,783,982.00",383,60.0,81.0,6.59,8.93,2.71,"1,895.00",686.00
2018/04/09,119,PIC,-,965.0,1003.0,946.0,956.0,956.00,0.0,0.0,980.55,"11,631.00",970.00,"11,404,801.00",408,-14.0,57.0,-1.44,6.03,-2.57,"1,895.00",686.00
2018/04/10,111,PIC,-,975.0,985.0,903.0,940.0,940.00,0.0,0.0,952.00,"6,002.00",956.00,"5,713,878.00",177,-16.00,82.00,-1.67,9.08,-1.28,"1,895.00",686.00
2018/04/11,109,PIC,-,958.0,965.0,925.0,950.0,950.00,0.0,0.0,951.58,"5,600.00",940.00,"5,328,840.00",135,10.0,40.0,1.06,4.32,-0.17,"1,895.00",686.00
2018/04/12,114,PIC,-,950.0,1022.0,950.0,1014.0,"1,014.00",0.0,0.0,998.89,"15,706.00",950.00,"15,688,555.00",446,64.0,72.00,6.74,7.58,1.49,"1,895.00",686.00
2018/04/15,111,PIC,-,1000.0,1075.0,983.0,1065.0,"1,065.00",0.0,0.0,"1,014.42","10,778.00","1,014.00","10,933,448.00",303,51.0,92.0,5.03,9.36,4.75,"1,895.00",686.00
2018/04/16,121,PIC,-,1080.0,1153.0,1045.0,1148.0,"1,148.00",0.0,0.0,"1,127.26","21,266.00","1,065.00","23,972,252.00",431,83.0,108.0,7.79,10.33,1.81,"1,895.00",686.00
2018/04/17,117,PIC,-,1170.0,1215.0,1144.0,1214.0,"1,214.00",0.0,0.0,"1,179.23","20,013.00","1,148.00","23,599,952.00",452,66.0,71.0,5.75,6.21,2.86,"1,895.00",686.00
2018/04/18,119,PIC,-,1220.0,1225.0,1168.0,1180.0,"1,180.00",0.0,0.0,"1,196.09","17,095.00","1,214.00","20,447,154.00",311,-34.00,57.00,-2.8,4.88,-1.36,"1,895.00",686.00
2018/04/19,119,PIC,-,1180.0,1203.0,1162.0,1189.0,"1,189.00",0.0,0.0,"1,180.90","9,867.00","1,180.00","11,651,917.00",300,9.0,41.00,0.76,3.53,0.68,"1,895.00",686.00
2018/04/22,118,PIC,-,1212.0,1264.0,1176.0,1264.0,"1,264.00",0.0,0.0,"1,208.11","18,082.00","1,189.00","21,845,020.00",439,75.00,88.00,6.31,7.48,4.42,"1,895.00",686.00
2018/04/23,120,PIC,-,1270.0,1331.0,1220.0,1258.0,"1,258.00",0.0,0.0,"1,272.06","24,342.00","1,264.00","30,964,588.00",361,-6.0,111.00,-0.47,9.1,-1.12,"1,895.00",686.00
2018/04/24,121,PIC,-,1235.0,1295.0,1230.0,1260.0,"1,260.00",0.0,0.0,"1,262.66","15,275.00","1,258.00","19,287,206.00",294,2.0,65.0,0.16,5.28,-0.21,"1,895.00",686.00
2018/04/25,111,PIC,-,1260.0,1276.0,1250.0,1260.0,"1,260.00",0.0,0.0,"1,261.11","6,445.00","1,260.00","8,127,850.00",221,0.0,26.0,0.0,2.08,-0.09,"1,895.00",686.00
2018/04/26,113,PIC,-,1260.0,1274.0,1220.0,1234.0,"1,234.00",0.0,0.0,"1,243.43","9,729.00","1,260.00","12,097,329.00",190,-26.0,54.0,-2.06,4.43,-0.76,"1,895.00",686.00
2018/03/13,109,PIC,-,1044.0,1044.0,1008.0,1028.0,"1,028.00",0.0,0.0,"1,021.96",710.00,"1,065.00","725,595.00",7,-37.0,36.0,-3.47,3.57,0.59,"1,895.00",981.00
2018/03/14,107,PIC,-,1028.0,1039.0,1028.0,1036.0,"1,036.00",0.0,0.0,"1,036.17",355.00,"1,028.00","367,840.00",6,8.0,11.0,0.78,1.07,-0.02,"1,895.00",981.00
2018/03/15,105,PIC,-,1030.0,1030.0,1010.0,1030.0,"1,030.00",0.0,0.0,"1,022.80","1,422.00","1,036.00","1,454,415.00",17,-6.0,20.0,-0.58,1.98,0.7,"1,895.00",981.00
2018/03/18,105,PIC,-,1025.0,1029.0,1020.0,1029.0,"1,029.00",0.0,0.0,"1,022.67",156.00,"1,030.00","159,536.00",7,-1.0,9.0,-0.1,0.88,0.62,"1,895.00",981.00
2018/03/19,109,PIC,-,1020.0,1020.0,1000.0,1000.0,"1,000.00",0.0,0.0,"1,003.75","1,552.00","1,029.00","1,557,820.00",21,-29.0,20.0,-2.82,2.0,-0.38,"1,895.00",981.00
2018/03/20,111,PIC,-,980.0,999.0,970.0,978.0,978.00,0.0,0.0,982.60,"2,976.00","1,000.00","2,924,224.00",36,-22.0,29.0,-2.2,2.99,-0.47,"1,895.00",981.00
2018/03/21,109,PIC,-,970.0,972.0,915.0,915.0,915.00,0.0,0.0,935.43,"7,004.00",978.00,"6,551,779.00",79,-63.00,57.00,-6.44,6.23,-2.23,"1,895.00",970.00
2018/03/22,110,PIC,-,790.0,810.0,765.0,781.0,781.00,0.0,0.0,784.66,"7,140.00",806.00,"5,602,453.00",37,-25.0,45.0,-3.1,5.88,-0.47,"1,895.00",915.00
2018/03/26,110,PIC,-,796.0,795.0,710.0,710.0,710.00,0.0,0.0,739.48,"1,150.00",781.00,"850,404.00",21,-71.00,85.00,-9.09,11.97,-4.15,"1,895.00",765.00
2018/03/27,118,PIC,-,700.0,712.0,686.0,712.0,712.00,0.0,0.0,693.77,"1,205.00",710.00,"835,990.00",13,2.0,26.00,0.28,3.79,2.56,"1,895.00",710.00
2018/03/28,113,PIC,-,726.0,754.0,711.0,749.0,749.00,0.0,0.0,730.14,"7,544.00",712.00,"5,508,170.00",172,37.0,43.0,5.2,6.05,2.52,"1,895.00",686.00
2018/03/29,116,PIC,-,735.0,765.0,735.0,765.0,765.00,0.0,0.0,747.07,"4,960.00",749.00,"3,705,450.00",186,16.0,30.0,2.14,4.08,2.34,"1,895.00",686.00
2018/04/01,111,PIC,-,767.0,780.0,740.0,758.0,758.00,0.0,0.0,757.92,"8,494.00",765.00,"6,437,744.00",191,-7.0,40.0,-0.92,5.41,0.01,"1,895.00",686.00
2018/04/02,109,PIC,-,754.0,789.0,754.0,784.0,784.00,0.0,0.0,769.06,"3,744.00",758.00,"2,879,363.00",95,26.0,35.0,3.43,4.64,1.91,"1,895.00",686.00
2018/04/03,112,PIC,-,770.0,809.0,760.0,809.0,809.00,0.0,0.0,785.98,"4,657.00",784.00,"3,660,289.00",160,25.0,49.0,3.19,6.45,2.85,"1,895.00",686.00
2018/04/04,116,PIC,-,809.0,872.0,809.0,857.0,857.00,0.0,0.0,843.12,"4,186.00",809.00,"3,529,308.00",181,48.0,63.0,5.93,7.79,1.62,"1,895.00",686.00
2018/02/12,111,PIC,-,1210.0,1195.0,1172.0,1190.0,"1,190.00",0.0,0.0,"1,191.86",280.00,"1,210.00","333,720.00",8,-20.0,23.0,0.0,1.96,-0.16,0.0,0.0
2018/02/14,113,PIC,-,1190.0,1280.0,1205.0,1280.0,"1,280.00",0.0,0.0,"1,212.55",952.00,"1,190.00","1,154,350.00",11,90.0,75.0,0.0,6.22,5.27,0.0,0.0
2018/02/15,120,PIC,-,1280.0,1350.0,1280.0,1350.0,"1,350.00",0.0,0.0,"1,306.07","4,538.00","1,280.00","5,926,950.00",31,70.0,70.0,0.0,5.47,3.25,0.0,0.0
2018/02/18,114,PIC,-,1350.0,1350.0,1285.0,1305.0,"1,305.00",0.0,0.0,"1,304.28",988.00,"1,350.00","1,288,630.00",17,-45.0,65.0,-3.33,5.06,0.06,"1,895.00","1,062.00"
2018/02/20,117,PIC,-,1331.0,1355.0,1276.0,1276.0,"1,276.00",0.0,0.0,"1,311.83",894.00,"1,305.00","1,172,775.00",14,-29.0,79.0,-2.22,6.19,-2.81,"1,895.00","1,062.00"
2018/02/21,102,PIC,-,1276.0,1276.0,1251.0,1251.0,"1,251.00",0.0,0.0,"1,258.48",620.00,"1,276.00","780,260.00",6,-25.0,25.0,-1.96,2.0,-0.6,"1,895.00","1,062.00"
2018/02/22,114,PIC,-,1251.0,1301.0,1245.0,1245.0,"1,245.00",0.0,0.0,"1,256.89",945.00,"1,251.00","1,187,765.00",12,-6.0,56.0,-0.48,4.5,-0.96,"1,895.00","1,062.00"
2018/02/26,106,PIC,-,1220.0,1220.0,1180.0,1185.0,"1,185.00",0.0,0.0,"1,188.47","1,650.00","1,225.00","1,960,980.00",14,-40.00,40.00,-3.27,3.39,-0.29,"1,895.00","1,062.00"
2018/02/27,109,PIC,-,1167.0,1200.0,1165.0,1185.0,"1,185.00",0.0,0.0,"1,189.59",852.00,"1,185.00","1,013,534.00",7,0.0,35.0,0.0,3.0,-0.39,"1,895.00","1,130.00"
2018/02/28,113,PIC,-,1177.0,1177.0,1151.0,1151.0,"1,151.00",0.0,0.0,"1,165.21",480.00,"1,185.00","559,300.00",8,-34.0,26.0,-2.87,2.26,-1.23,"1,895.00","1,165.00"
2018/03/04,105,PIC,-,1128.0,1128.0,1069.0,1110.0,"1,110.00",0.0,0.0,"1,093.30","3,520.00","1,151.00","3,848,410.00",27,-41.0,59.0,-3.56,5.52,1.5,"1,895.00","1,151.00"
2018/03/05,107,PIC,-,1088.0,1088.0,1037.0,1041.0,"1,041.00",0.0,0.0,"1,051.66","3,965.00","1,110.00","4,169,830.00",23,-69.0,51.0,-6.22,4.92,-1.02,"1,895.00","1,069.00"
2018/03/06,117,PIC,-,1021.0,1097.0,981.0,1069.0,"1,069.00",0.0,0.0,"1,034.98","2,807.00","1,041.00","2,905,202.00",27,28.0,116.00,2.69,11.82,3.18,"1,895.00","1,037.00"
2018/03/07,111,PIC,-,1085.0,1085.0,1065.0,1076.0,"1,076.00",0.0,0.0,"1,069.76",147.00,"1,069.00","157,254.00",6,7.0,20.0,0.65,1.88,0.58,"1,895.00",981.00
2018/03/11,112,PIC,-,1060.0,1060.0,1034.0,1037.0,"1,037.00",0.0,0.0,"1,036.54",544.00,"1,076.00","563,876.00",7,-39.0,26.0,-3.62,2.51,0.04,"1,895.00",981.00
2018/01/16,112,PIC,-,1381.0,1379.0,1363.0,1379.0,"1,379.00",0.0,0.0,"1,364.59",809.00,"1,381.00","1,103,951.00",7,-2.0,16.0,0.0,1.17,1.05,0.0,0.0
2018/01/17,111,PIC,-,1379.0,1400.0,1372.0,1399.0,"1,399.00",0.0,0.0,"1,388.17",120.00,"1,379.00","166,580.00",3,20.0,28.0,0.0,2.04,0.77,0.0,0.0
2018/01/21,117,PIC,-,1399.0,1400.0,1380.0,1380.0,"1,380.00",0.0,0.0,"1,393.62","1,263.00","1,399.00","1,760,140.00",6,-19.0,20.0,0.0,1.45,-0.99,0.0,0.0
2018/01/22,117,PIC,-,1380.0,1380.0,1370.0,1370.0,"1,370.00",0.0,0.0,"1,375.00",200.00,"1,380.00","275,000.00",2,-10.0,10.0,0.0,0.73,-0.36,0.0,0.0
2018/01/23,111,PIC,-,1370.0,1351.0,1345.0,1345.0,"1,345.00",0.0,0.0,"1,348.31","1,119.00","1,370.00","1,508,755.00",16,-25.0,6.0,0.0,0.45,-0.25,0.0,0.0
2018/01/24,112,PIC,-,1345.0,1345.0,1340.0,1341.0,"1,341.00",0.0,0.0,"1,342.15",130.00,"1,345.00","174,480.00",6,-4.0,5.0,0.0,0.37,-0.09,0.0,0.0
2018/01/25,116,PIC,-,1341.0,1349.0,1349.0,1349.0,"1,349.00",0.0,0.0,"1,349.00",100.00,"1,341.00","134,900.00",1,8.0,0.0,0.0,0.0,0.0,0.0,0.0
2018/01/28,116,PIC,-,1349.0,1350.0,1335.0,1335.0,"1,335.00",0.0,0.0,"1,336.68",328.00,"1,349.00","438,430.00",4,-14.0,15.0,0.0,1.12,-0.13,0.0,0.0
2018/01/29,116,PIC,-,1335.0,1340.0,1315.0,1315.0,"1,315.00",0.0,0.0,"1,324.46",349.00,"1,335.00","462,235.00",6,-20.0,25.0,0.0,1.9,-0.72,0.0,0.0
2018/01/31,115,PIC,-,1315.0,1315.0,1289.0,1315.0,"1,315.00",0.0,0.0,"1,294.79",383.00,"1,315.00","495,904.00",8,0.0,26.0,0.0,2.02,1.54,0.0,0.0
2018/02/01,111,PIC,-,1315.0,1300.0,1282.0,1299.0,"1,299.00",0.0,0.0,"1,291.07",676.00,"1,315.00","872,762.00",10,-16.0,18.0,0.0,1.4,0.61,0.0,0.0
2018/02/04,114,PIC,-,1299.0,1300.0,1260.0,1280.0,"1,280.00",0.0,0.0,"1,278.08","5,150.00","1,299.00","6,582,137.00",33,-19.0,40.0,0.0,3.17,0.15,0.0,0.0
2018/02/06,110,PIC,-,1280.0,1280.0,1275.0,1275.0,"1,275.00",0.0,0.0,"1,279.01",198.00,"1,280.00","253,244.00",5,-5.0,5.0,0.0,0.39,-0.31,0.0,0.0
2018/02/07,109,PIC,-,1275.0,1251.0,1240.0,1240.0,"1,240.00",0.0,0.0,"1,248.85",810.00,"1,275.00","1,011,570.00",10,-35.0,11.0,0.0,0.89,-0.71,0.0,0.0
2018/02/08,108,PIC,-,1240.0,1230.0,1215.0,1230.0,"1,230.00",0.0,0.0,"1,220.48",507.00,"1,240.00","618,783.00",6,-10.0,15.0,0.0,1.23,0.77,0.0,0.0
2017/12/19,116,PIC,-,1470.0,1460.0,1450.0,1450.0,"1,450.00",0.0,0.0,"1,453.73","2,438.00","1,470.00","3,544,192.00",15,-20.0,10.0,0.0,0.69,-0.26,0.0,0.0
2017/12/20,113,PIC,-,1450.0,1535.0,1479.0,1535.0,"1,535.00",0.0,0.0,"1,501.60",100.00,"1,450.00","150,160.00",3,85.0,56.0,0.0,3.79,2.18,0.0,0.0
2017/12/21,110,PIC,-,1535.0,1506.0,1451.0,1470.0,"1,470.00",0.0,0.0,"1,464.52","3,734.00","1,535.00","5,468,520.00",31,-65.0,55.0,0.0,3.79,0.37,0.0,0.0
2017/12/24,113,PIC,-,1470.0,1465.0,1442.0,1442.0,"1,442.00",0.0,0.0,"1,454.90",958.00,"1,470.00","1,393,790.00",9,-28.0,23.0,0.0,1.6,-0.89,0.0,0.0
2017/12/26,115,PIC,-,1442.0,1420.0,1401.0,1401.0,"1,401.00",0.0,0.0,"1,407.76","3,778.00","1,442.00","5,318,511.00",27,-41.0,19.0,0.0,1.36,-0.48,0.0,0.0
2017/12/27,113,PIC,-,1401.0,1405.0,1374.0,1390.0,"1,390.00",0.0,0.0,"1,388.71","1,849.00","1,401.00","2,567,720.00",13,-11.0,31.0,0.0,2.26,0.09,0.0,0.0
2017/12/28,116,PIC,-,1390.0,1420.0,1360.0,1386.0,"1,386.00",0.0,0.0,"1,386.39","1,179.00","1,390.00","1,634,553.00",13,-4.0,60.0,0.0,4.41,-0.03,0.0,0.0
2017/12/31,113,PIC,-,1386.0,1413.0,1381.0,1400.0,"1,400.00",0.0,0.0,"1,390.30","1,340.00","1,386.00","1,863,000.00",8,14.0,32.0,0.0,2.32,0.69,0.0,0.0
2018/01/01,117,PIC,-,1400.0,1430.0,1375.0,1412.0,"1,412.00",0.0,0.0,"1,411.71","2,671.00","1,400.00","3,770,683.00",26,12.00,55.00,0.0,4.0,0.02,0.0,0.0
2018/01/02,120,PIC,-,1412.0,1468.0,1400.0,1450.0,"1,450.00",0.0,0.0,"1,441.09","2,901.00","1,412.00","4,180,600.00",25,38.0,68.0,0.0,4.86,0.61,0.0,0.0
2018/01/03,113,PIC,-,1450.0,1440.0,1410.0,1440.0,"1,440.00",0.0,0.0,"1,426.82","4,968.00","1,450.00","7,088,446.00",18,-10.0,30.0,0.0,2.13,0.92,0.0,0.0
2018/01/04,114,PIC,-,1440.0,1465.0,1436.0,1449.0,"1,449.00",0.0,0.0,"1,443.57",210.00,"1,440.00","303,150.00",3,9.0,29.0,0.0,2.02,0.37,0.0,0.0
2018/01/07,112,PIC,-,1449.0,1455.0,1445.0,1450.0,"1,450.00",0.0,0.0,"1,447.75",354.00,"1,449.00","512,505.00",3,1.0,10.0,0.0,0.69,0.15,0.0,0.0
2018/01/08,114,PIC,-,1450.0,1484.0,1450.0,1484.0,"1,484.00",0.0,0.0,"1,465.34","1,393.00","1,450.00","2,041,225.00",15,34.0,34.0,0.0,2.34,1.26,0.0,0.0
2018/01/09,115,PIC,-,1484.0,1480.0,1400.0,1400.0,"1,400.00",0.0,0.0,"1,449.98","3,795.00","1,484.00","5,502,660.00",35,-84.0,80.0,0.0,5.71,-3.57,0.0,0.0
2018/01/10,114,PIC,-,1400.0,1400.0,1398.0,1399.0,"1,399.00",0.0,0.0,"1,399.30","2,221.00","1,400.00","3,107,853.00",17,-1.0,2.0,0.0,0.14,-0.02,0.0,0.0
2017/11/22,116,PIC,-,1452.0,1442.0,1425.0,1425.0,"1,425.00",0.0,0.0,"1,430.57",700.00,"1,452.00","1,001,400.00",4,-27.0,17.0,0.0,1.19,-0.39,0.0,0.0
2017/11/23,116,PIC,-,1425.0,1482.0,1453.0,1475.0,"1,475.00",0.0,0.0,"1,474.49",370.00,"1,425.00","545,560.00",4,50.0,29.0,0.0,2.0,0.03,0.0,0.0
2017/11/26,111,PIC,-,1475.0,1530.0,1488.0,1500.0,"1,500.00",0.0,0.0,"1,506.65","1,410.00","1,475.00","2,124,380.00",15,25.0,42.0,0.0,2.82,-0.44,0.0,0.0
2017/11/27,114,PIC,-,1500.0,1530.0,1500.0,1507.0,"1,507.00",0.0,0.0,"1,508.75","1,950.00","1,500.00","2,942,065.00",11,7.0,30.0,0.0,2.0,-0.12,0.0,0.0
2017/11/28,118,PIC,-,1507.0,1520.0,1515.0,1520.0,"1,520.00",0.0,0.0,"1,518.78",821.00,"1,507.00","1,246,915.00",6,13.0,5.0,0.0,0.33,0.08,0.0,0.0
2017/11/29,118,PIC,-,1520.0,1598.0,1541.0,1590.0,"1,590.00",0.0,0.0,"1,574.20","4,495.00","1,520.00","7,076,007.00",57,70.0,57.0,0.0,3.7,0.99,0.0,0.0
2017/11/30,117,PIC,-,1590.0,1610.0,1560.0,1578.0,"1,578.00",0.0,0.0,"1,578.85","1,825.00","1,590.00","2,881,405.00",14,-12.0,50.0,0.0,3.21,-0.05,0.0,0.0
2017/12/04,112,PIC,-,1578.0,1580.0,1547.0,1557.0,"1,557.00",0.0,0.0,"1,564.26",466.00,"1,578.00","728,945.00",9,-21.0,33.0,0.0,2.13,-0.47,0.0,0.0
2017/12/05,117,PIC,-,1557.0,1619.0,1545.0,1545.0,"1,545.00",0.0,0.0,"1,574.03","3,711.00","1,557.00","5,841,211.00",27,-12.0,74.0,0.0,4.79,-1.88,0.0,0.0
2017/12/06,118,PIC,-,1545.0,1599.0,1550.0,1560.0,"1,560.00",0.0,0.0,"1,573.10","1,297.00","1,545.00","2,040,315.00",13,15.0,49.0,0.0,3.16,-0.84,0.0,0.0
2017/12/10,114,PIC,-,1560.0,1591.0,1530.0,1555.0,"1,555.00",0.0,0.0,"1,556.15","3,632.00","1,560.00","5,651,930.00",10,-5.0,61.0,0.0,3.99,-0.07,0.0,0.0
2017/12/11,112,PIC,-,1555.0,1533.0,1533.0,1533.0,"1,533.00",0.0,0.0,"1,533.00",148.00,"1,555.00","226,884.00",2,-22.0,0.0,0.0,0.0,0.0,0.0,0.0
2017/12/12,113,PIC,-,1533.0,1517.0,1510.0,1510.0,"1,510.00",0.0,0.0,"1,514.79","1,400.00","1,533.00","2,120,700.00",7,-23.0,7.0,0.0,0.46,-0.32,0.0,0.0
2017/12/13,115,PIC,-,1510.0,1530.0,1501.0,1501.0,"1,501.00",0.0,0.0,"1,518.04",538.00,"1,510.00","816,705.00",6,-9.0,29.0,0.0,1.93,-1.14,0.0,0.0
2017/12/14,111,PIC,-,1501.0,1500.0,1500.0,1500.0,"1,500.00",0.0,0.0,"1,500.00","1,600.00","1,501.00","2,400,000.00",1,-1.0,0.0,0.0,0.0,0.0,0.0,0.0
2017/12/17,116,PIC,-,1500.0,1500.0,1480.0,1480.0,"1,480.00",0.0,0.0,"1,489.25","1,797.00","1,500.00","2,676,178.00",18,-20.0,20.0,0.0,1.35,-0.62,0.0,0.0
2017/10/30,113,PIC,-,1617.0,1649.0,1586.0,1586.0,"1,586.00",0.0,0.0,"1,597.45","2,142.00","1,617.00","3,421,738.00",10,-31.0,63.0,0.0,3.97,-0.72,0.0,0.0
2017/10/31,114,PIC,-,1586.0,1589.0,1580.0,1580.0,"1,580.00",0.0,0.0,"1,585.82",878.00,"1,586.00","1,392,354.00",10,-6.0,9.00,0.0,0.57,-0.37,0.0,0.0
2017/11/01,113,PIC,-,1580.0,1560.0,1550.0,1550.0,"1,550.00",0.0,0.0,"1,550.59","1,736.00","1,580.00","2,691,830.00",7,-30.0,10.0,0.0,0.65,-0.04,0.0,0.0
2017/11/02,110,PIC,-,1550.0,1560.0,1549.0,1560.0,"1,560.00",0.0,0.0,"1,554.67","1,269.00","1,550.00","1,972,878.00",10,10.0,11.0,0.0,0.71,0.34,0.0,0.0
2017/11/05,113,PIC,-,1560.0,1545.0,1498.0,1520.0,"1,520.00",0.0,0.0,"1,506.84","1,887.00","1,560.00","2,843,410.00",18,-40.0,47.0,0.0,3.14,0.87,0.0,0.0
2017/11/06,115,PIC,-,1520.0,1521.0,1486.0,1486.0,"1,486.00",0.0,0.0,"1,503.61","3,188.00","1,520.00","4,793,522.00",16,-34.0,35.0,0.0,2.36,-1.19,0.0,0.0
2017/11/07,112,PIC,-,1486.0,1500.0,1470.0,1489.0,"1,489.00",0.0,0.0,"1,483.71","2,499.00","1,486.00","3,707,780.00",21,3.0,30.0,0.0,2.04,0.36,0.0,0.0
2017/11/08,115,PIC,-,1489.0,1500.0,1402.0,1430.0,"1,430.00",0.0,0.0,"1,427.62","2,280.00","1,489.00","3,254,970.00",17,-59.00,98.0,0.0,6.99,0.17,0.0,0.0
2017/11/09,111,PIC,-,1430.0,1510.0,1455.0,1455.0,"1,455.00",0.0,0.0,"1,477.56",455.00,"1,430.00","672,290.00",9,25.0,55.0,0.0,3.78,-1.55,0.0,0.0
2017/11/12,112,PIC,-,1455.0,1479.0,1450.0,1475.0,"1,475.00",0.0,0.0,"1,461.87","2,020.00","1,455.00","2,952,975.00",15,20.0,29.0,0.0,2.0,0.89,0.0,0.0
2017/11/13,112,PIC,-,1475.0,1475.0,1470.0,1475.0,"1,475.00",0.0,0.0,"1,473.73",785.00,"1,475.00","1,156,875.00",5,0.0,5.00,0.0,0.34,0.09,0.0,0.0
2017/11/14,116,PIC,-,1475.0,1510.0,1477.0,1505.0,"1,505.00",0.0,0.0,"1,495.49","3,140.00","1,475.00","4,695,850.00",18,30.0,33.0,0.0,2.23,0.63,0.0,0.0
2017/11/15,111,PIC,-,1505.0,1505.0,1482.0,1482.0,"1,482.00",0.0,0.0,"1,487.81",953.00,"1,505.00","1,417,880.00",12,-23.0,23.0,0.0,1.55,-0.39,0.0,0.0
2017/11/19,113,PIC,-,1456.0,1440.0,1430.0,1431.0,"1,431.00",0.0,0.0,"1,433.40",500.00,"1,456.00","716,700.00",5,-25.0,10.0,0.0,0.7,-0.17,0.0,0.0
2017/11/20,115,PIC,-,1431.0,1440.0,1420.0,1440.0,"1,440.00",0.0,0.0,"1,420.66",302.00,"1,431.00","429,040.00",4,9.0,20.0,0.0,1.41,1.34,0.0,0.0
2017/10/03,86,PIC,-,1665.0,1645.0,1645.0,1645.0,"1,645.00",0.0,0.0,"1,645.00",114.00,"1,665.00","187,530.00",1,-20.0,0.0,0.0,0.0,0.0,0.0,0.0
2017/10/04,100,PIC,-,1645.0,1645.0,1615.0,1645.0,"1,645.00",0.0,0.0,"1,617.86",367.00,"1,645.00","593,755.00",5,0.0,30.0,0.0,1.86,1.65,0.0,0.0
2017/10/08,108,PIC,-,1645.0,1613.0,1573.0,1590.0,"1,590.00",0.0,0.0,"1,588.51","2,120.00","1,645.00","3,367,650.00",18,-55.0,40.0,0.0,2.54,0.09,0.0,0.0
2017/10/09,106,PIC,-,1590.0,1595.0,1567.0,1570.0,"1,570.00",0.0,0.0,"1,582.95","1,289.00","1,590.00","2,040,426.00",15,-20.0,28.0,0.0,1.79,-0.83,0.0,0.0
2017/10/10,109,PIC,-,1570.0,1571.0,1551.0,1557.0,"1,557.00",0.0,0.0,"1,565.28","4,615.00","1,570.00","7,223,780.00",19,-13.0,20.0,0.0,1.29,-0.53,0.0,0.0
2017/10/11,116,PIC,-,1557.0,1576.0,1565.0,1565.0,"1,565.00",0.0,0.0,"1,572.21",688.00,"1,557.00","1,081,680.00",6,8.0,11.0,0.0,0.7,-0.46,0.0,0.0
2017/10/12,109,PIC,-,1565.0,1580.0,1545.0,1552.0,"1,552.00",0.0,0.0,"1,547.58","2,227.00","1,565.00","3,446,451.00",10,-13.0,35.0,0.0,2.27,0.29,0.0,0.0
2017/10/15,110,PIC,-,1552.0,1583.0,1552.0,1583.0,"1,583.00",0.0,0.0,"1,565.32",728.00,"1,552.00","1,139,556.00",7,31.0,31.0,0.0,2.0,1.12,0.0,0.0
2017/10/16,116,PIC,-,1583.0,1630.0,1614.0,1630.0,"1,630.00",0.0,0.0,"1,622.00",200.00,"1,583.00","324,400.00",2,47.0,16.0,0.0,0.99,0.49,0.0,0.0
2017/10/17,116,PIC,-,1630.0,1680.0,1620.0,1620.0,"1,620.00",0.0,0.0,"1,636.11","1,834.00","1,630.00","3,000,620.00",8,-10.0,60.0,0.0,3.7,-0.99,0.0,0.0
2017/10/18,100,PIC,-,1620.0,1660.0,1640.0,1660.0,"1,660.00",0.0,0.0,"1,649.40","1,065.00","1,620.00","1,756,612.00",7,40.0,20.0,0.0,1.22,0.64,0.0,0.0
2017/10/23,110,PIC,-,1660.0,1665.0,1640.0,1640.0,"1,640.00",0.0,0.0,"1,641.52","1,474.00","1,660.00","2,419,596.00",4,-20.00,25.0,0.0,1.52,-0.09,0.0,0.0
2017/10/24,115,PIC,-,1640.0,1640.0,1620.0,1630.0,"1,630.00",0.0,0.0,"1,628.65","1,302.00","1,640.00","2,120,500.00",12,-10.0,20.0,0.0,1.23,0.08,0.0,0.0
2017/10/25,111,PIC,-,1630.0,1662.0,1602.0,1662.0,"1,662.00",0.0,0.0,"1,621.92",743.00,"1,630.00","1,205,085.00",9,32.0,60.0,0.0,3.75,2.41,0.0,0.0
2017/08/28,109,PIC,-,1770.0,1770.0,1760.0,1765.0,"1,765.00",0.0,0.0,"1,762.17","1,228.00","1,770.00","2,163,942.00",7,-5.0,10.0,0.0,0.57,0.16,0.0,0.0
2017/08/30,106,PIC,-,1765.0,1760.0,1740.0,1760.0,"1,760.00",0.0,0.0,"1,757.55","1,809.00","1,765.00","3,179,404.00",12,-5.0,20.0,0.0,1.15,0.14,0.0,0.0
2017/08/31,113,PIC,-,1760.0,1738.0,1715.0,1715.0,"1,715.00",0.0,0.0,"1,725.23","6,812.00","1,760.00","11,752,240.00",39,-45.0,23.0,0.0,1.34,-0.6,0.0,0.0
2017/09/04,108,PIC,-,1715.0,1725.0,1685.0,1686.0,"1,686.00",0.0,0.0,"1,699.01","3,235.00","1,715.00","5,496,283.00",27,-29.0,40.0,0.0,2.37,-0.77,0.0,0.0
2017/09/07,111,PIC,-,1700.0,1760.0,1675.0,1694.0,"1,694.00",0.0,0.0,"1,705.44","2,877.00","1,700.00","4,906,543.00",15,-6.0,85.0,0.0,5.07,-0.68,0.0,0.0
2017/09/10,111,PIC,-,1694.0,1694.0,1640.0,1645.0,"1,645.00",0.0,0.0,"1,659.65","4,309.00","1,694.00","7,151,434.00",21,-49.00,54.0,0.0,3.29,-0.89,0.0,0.0
2017/09/11,111,PIC,-,1645.0,1675.0,1650.0,1670.0,"1,670.00",0.0,0.0,"1,660.77","1,160.00","1,645.00","1,926,491.00",12,25.0,25.0,0.0,1.52,0.55,0.0,0.0
2017/09/12,107,PIC,-,1670.0,1670.0,1600.0,1600.0,"1,600.00",0.0,0.0,"1,641.20","6,617.00","1,670.00","10,859,815.00",25,-70.0,70.0,0.0,4.38,-2.57,0.0,0.0
2017/09/13,113,PIC,-,1600.0,1630.0,1570.0,1600.0,"1,600.00",0.0,0.0,"1,579.62","8,625.00","1,600.00","13,624,193.00",34,0.0,60.0,0.0,3.82,1.27,0.0,0.0
2017/09/14,112,PIC,-,1600.0,1660.0,1625.0,1660.0,"1,660.00",0.0,0.0,"1,636.42","2,146.00","1,600.00","3,511,750.00",10,60.00,35.00,0.0,2.15,1.42,0.0,0.0
2017/09/17,112,PIC,-,1660.0,1662.0,1627.0,1640.0,"1,640.00",0.0,0.0,"1,638.78","1,275.00","1,660.00","2,089,450.00",13,-20.0,35.0,0.0,2.15,0.07,0.0,0.0
2017/09/18,115,PIC,-,1640.0,1640.0,1625.0,1626.0,"1,626.00",0.0,0.0,"1,632.48","1,486.00","1,640.00","2,425,859.00",19,-14.0,15.0,0.0,0.92,-0.4,0.0,0.0
2017/09/20,112,PIC,-,1626.0,1669.0,1612.0,1669.0,"1,669.00",0.0,0.0,"1,633.63","1,454.00","1,626.00","2,375,291.00",10,43.0,57.0,0.0,3.54,2.12,0.0,0.0
2017/09/24,109,PIC,-,1669.0,1636.0,1636.0,1636.0,"1,636.00",0.0,0.0,"1,636.00",42.00,"1,669.00","68,712.00",1,-33.0,0.0,0.0,0.0,0.0,0.0,0.0
2017/09/25,107,PIC,-,1636.0,1640.0,1640.0,1640.0,"1,640.00",0.0,0.0,"1,640.00",100.00,"1,636.00","164,000.00",1,4.0,0.0,0.0,0.0,0.0,0.0,0.0
2017/08/01,110,PIC,-,1850.0,1874.0,1846.0,1860.0,"1,860.00",0.0,0.0,"1,861.91","6,163.00","1,850.00","11,474,973.00",43,10.0,28.0,0.0,1.52,-0.1,0.0,0.0
2017/08/02,111,PIC,-,1860.0,1895.0,1848.0,1858.0,"1,858.00",0.0,0.0,"1,865.64","1,714.00","1,860.00","3,197,714.00",25,-2.0,47.0,0.0,2.54,-0.41,0.0,0.0
2017/08/03,115,PIC,-,1858.0,1875.0,1833.0,1870.0,"1,870.00",0.0,0.0,"1,846.75","1,799.00","1,858.00","3,322,303.00",19,12.0,42.0,0.0,2.29,1.24,0.0,0.0
2017/08/06,111,PIC,-,1870.0,1850.0,1822.0,1835.0,"1,835.00",0.0,0.0,"1,834.31","3,614.00","1,870.00","6,629,184.00",27,-35.0,28.0,0.0,1.54,0.04,0.0,0.0
2017/08/07,110,PIC,-,1835.0,1850.0,1800.0,1850.0,"1,850.00",0.0,0.0,"1,816.95","5,344.00","1,835.00","9,709,762.00",36,15.0,50.0,0.0,2.78,1.79,0.0,0.0
2017/08/09,113,PIC,-,1850.0,1850.0,1840.0,1848.0,"1,848.00",0.0,0.0,"1,845.94","3,477.00","1,850.00","6,418,334.00",18,-2.0,10.00,0.0,0.54,0.11,0.0,0.0
2017/08/10,114,PIC,-,1848.0,1860.0,1820.0,1820.0,"1,820.00",0.0,0.0,"1,834.17","1,961.00","1,848.00","3,596,800.00",22,-28.0,40.0,0.0,2.2,-0.78,0.0,0.0
2017/08/13,114,PIC,-,1820.0,1799.0,1788.0,1789.0,"1,789.00",0.0,0.0,"1,790.14","1,203.00","1,820.00","2,153,543.00",13,-31.0,11.0,0.0,0.62,-0.06,0.0,0.0
2017/08/15,112,PIC,-,1789.0,1780.0,1754.0,1780.0,"1,780.00",0.0,0.0,"1,768.32",902.00,"1,789.00","1,595,023.00",11,-9.0,26.0,0.0,1.48,0.66,0.0,0.0
2017/08/16,113,PIC,-,1780.0,1810.0,1780.0,1780.0,"1,780.00",0.0,0.0,"1,794.18",610.00,"1,780.00","1,094,450.00",8,0.0,30.0,0.0,1.69,-0.8,0.0,0.0
2017/08/17,115,PIC,-,1780.0,1780.0,1750.0,1780.0,"1,780.00",0.0,0.0,"1,760.26","3,699.00","1,780.00","6,511,220.00",17,0.0,30.0,0.0,1.71,1.11,0.0,0.0
2017/08/20,110,PIC,-,1780.0,1783.0,1760.0,1779.0,"1,779.00",0.0,0.0,"1,777.17","1,533.00","1,780.00","2,724,409.00",11,-1.0,23.0,0.0,1.31,0.1,0.0,0.0
2017/08/21,109,PIC,-,1779.0,1780.0,1775.0,1780.0,"1,780.00",0.0,0.0,"1,778.85",209.00,"1,779.00","371,779.00",4,1.0,5.0,0.0,0.28,0.06,0.0,0.0
2017/08/22,113,PIC,-,1780.0,1810.0,1760.0,1780.0,"1,780.00",0.0,0.0,"1,797.45","1,703.00","1,780.00","3,061,065.00",12,0.0,50.0,0.0,2.84,-0.98,0.0,0.0
2017/08/23,112,PIC,-,1780.0,1780.0,1747.0,1780.0,"1,780.00",0.0,0.0,"1,752.25","1,910.00","1,780.00","3,346,800.00",7,0.0,33.0,0.0,1.89,1.56,0.0,0.0
2017/08/24,110,PIC,-,1780.0,1770.0,1766.0,1766.0,"1,766.00",0.0,0.0,"1,769.41",808.00,"1,780.00","1,429,680.00",7,-14.0,4.0,0.0,0.23,-0.19,0.0,0.0
2017/07/09,101,PIC,-,1690.0,1685.0,1632.0,1680.0,"1,680.00",0.0,0.0,"1,669.12","3,247.00","1,690.00","5,419,644.00",29,-10.0,53.0,0.0,3.25,0.65,0.0,0.0
2017/07/10,102,PIC,-,1680.0,1680.0,1645.0,1680.0,"1,680.00",0.0,0.0,"1,649.42",918.00,"1,680.00","1,514,168.00",10,0.00,35.0,0.0,2.13,1.82,0.0,0.0
2017/07/11,104,PIC,-,1680.0,1700.0,1635.0,1700.0,"1,700.00",0.0,0.0,"1,672.21","1,102.00","1,680.00","1,842,770.00",15,20.0,65.0,0.0,3.98,1.63,0.0,0.0
2017/07/12,104,PIC,-,1700.0,1700.0,1670.0,1700.0,"1,700.00",0.0,0.0,"1,673.47",570.00,"1,700.00","953,880.00",10,0.0,30.0,0.0,1.8,1.56,0.0,0.0
2017/07/13,104,PIC,-,1700.0,1699.0,1651.0,1690.0,"1,690.00",0.0,0.0,"1,686.63","1,963.00","1,700.00","3,310,862.00",12,-10.0,48.0,0.0,2.91,0.2,0.0,0.0
2017/07/16,101,PIC,-,1690.0,1675.0,1661.0,1670.0,"1,670.00",0.0,0.0,"1,669.57",686.00,"1,690.00","1,145,326.00",9,-20.0,14.0,0.0,0.84,0.03,0.0,0.0
2017/07/17,108,PIC,-,1670.0,1665.0,1660.0,1665.0,"1,665.00",0.0,0.0,"1,660.43",164.00,"1,670.00","272,310.00",3,-5.0,5.0,0.0,0.3,0.27,0.0,0.0
2017/07/18,107,PIC,-,1665.0,1740.0,1685.0,1700.0,"1,700.00",0.0,0.0,"1,708.16","6,651.00","1,665.00","11,360,943.00",38,35.00,55.0,0.0,3.26,-0.48,0.0,0.0
2017/07/19,108,PIC,-,1700.0,1799.0,1699.0,1734.0,"1,734.00",0.0,0.0,"1,715.26","8,142.00","1,700.00","13,965,633.00",57,34.0,100.0,0.0,5.89,1.08,0.0,0.0
2017/07/20,108,PIC,-,1734.0,1758.0,1740.0,1755.0,"1,755.00",0.0,0.0,"1,751.09","2,858.00","1,734.00","5,004,610.00",19,21.0,18.0,0.0,1.03,0.22,0.0,0.0
2017/07/23,106,PIC,-,1755.0,1785.0,1740.0,1785.0,"1,785.00",0.0,0.0,"1,766.22","10,819.00","1,755.00","19,108,744.00",49,30.0,45.0,0.0,2.59,1.05,0.0,0.0
2017/07/24,106,PIC,-,1785.0,1825.0,1770.0,1770.0,"1,770.00",0.0,0.0,"1,797.09","16,381.00","1,785.00","29,438,166.00",86,-15.00,55.00,0.0,3.11,-1.53,0.0,0.0
2017/07/25,109,PIC,-,1770.0,1806.0,1785.0,1806.0,"1,806.00",0.0,0.0,"1,795.74","12,891.00","1,770.00","23,148,936.00",63,36.00,21.00,0.0,1.18,0.57,0.0,0.0
2017/07/26,110,PIC,-,1806.0,1891.0,1825.0,1880.0,"1,880.00",0.0,0.0,"1,869.28","15,015.00","1,806.00","28,067,272.00",107,74.00,66.00,0.0,3.62,0.57,0.0,0.0
2017/07/27,105,PIC,-,1880.0,1892.0,1835.0,1855.0,"1,855.00",0.0,0.0,"1,871.13","11,360.00","1,880.00","21,256,054.00",84,-25.00,57.00,0.0,3.11,-0.87,0.0,0.0
2017/07/30,106,PIC,-,1855.0,1890.0,1818.0,1850.0,"1,850.00",0.0,0.0,"1,862.13","4,356.00","1,855.00","8,111,455.00",33,-5.0,72.0,0.0,3.96,-0.66,0.0,0.0
2017/06/13,98,PIC,-,1700.0,1700.0,1651.0,1700.0,"1,700.00",0.0,0.0,"1,661.66","2,039.00","1,700.00","3,388,125.00",19,0.0,49.0,0.0,2.97,2.26,0.0,0.0
2017/06/14,98,PIC,-,1700.0,1718.0,1668.0,1680.0,"1,680.00",0.0,0.0,"1,699.01","4,437.00","1,700.00","7,538,506.00",22,-20.0,50.0,0.0,3.0,-1.13,0.0,0.0
2017/06/15,101,PIC,-,1680.0,1718.0,1660.0,1700.0,"1,700.00",0.0,0.0,"1,689.24","3,826.00","1,680.00","6,463,050.00",17,20.0,58.0,0.0,3.49,0.63,0.0,0.0
2017/06/18,100,PIC,-,1700.0,1675.0,1668.0,1670.0,"1,670.00",0.0,0.0,"1,669.18",360.00,"1,700.00","600,904.00",4,-30.0,7.0,0.0,0.42,0.05,0.0,0.0
2017/06/19,91,PIC,-,1670.0,1665.0,1640.0,1665.0,"1,665.00",0.0,0.0,"1,645.35",960.00,"1,670.00","1,579,540.00",12,-5.0,25.0,0.0,1.52,1.18,0.0,0.0
2017/06/20,94,PIC,-,1665.0,1660.0,1632.0,1649.0,"1,649.00",0.0,0.0,"1,644.46","1,289.00","1,665.00","2,119,715.00",17,-16.0,28.0,0.0,1.72,0.28,0.0,0.0
2017/06/21,105,PIC,-,1649.0,1660.0,1631.0,1645.0,"1,645.00",0.0,0.0,"1,646.83","1,252.00","1,649.00","2,061,830.00",11,-4.0,29.0,0.0,1.78,-0.11,0.0,0.0
2017/06/22,94,PIC,-,1645.0,1665.0,1640.0,1649.0,"1,649.00",0.0,0.0,"1,646.86","3,688.00","1,645.00","6,073,618.00",25,4.0,25.0,0.0,1.52,0.13,0.0,0.0
2017/06/25,100,PIC,-,1649.0,1660.0,1650.0,1655.0,"1,655.00",0.0,0.0,"1,654.15",511.00,"1,649.00","845,270.00",10,6.0,10.0,0.0,0.61,0.05,0.0,0.0
2017/06/27,101,PIC,-,1655.0,1650.0,1640.0,1641.0,"1,641.00",0.0,0.0,"1,644.85","2,141.00","1,655.00","3,521,615.00",10,-14.0,10.0,0.0,0.61,-0.23,0.0,0.0
2017/06/28,97,PIC,-,1641.0,1660.0,1615.0,1642.0,"1,642.00",0.0,0.0,"1,637.34","6,712.00","1,641.00","10,989,794.00",27,1.0,45.0,0.0,2.79,0.28,0.0,0.0
2017/07/02,101,PIC,-,1642.0,1660.0,1627.0,1660.0,"1,660.00",0.0,0.0,"1,631.13","2,617.00","1,642.00","4,268,664.00",18,18.0,33.0,0.0,2.03,1.74,0.0,0.0
2017/07/03,99,PIC,-,1660.0,1693.0,1640.0,1641.0,"1,641.00",0.0,0.0,"1,652.82","2,800.00","1,660.00","4,627,907.00",18,-19.0,53.0,0.0,3.23,-0.72,0.0,0.0
2017/07/04,99,PIC,-,1641.0,1659.0,1620.0,1658.0,"1,658.00",0.0,0.0,"1,627.54","2,487.00","1,641.00","4,047,698.00",12,17.0,39.0,0.0,2.41,1.84,0.0,0.0
2017/07/05,99,PIC,-,1658.0,1659.0,1605.0,1659.0,"1,659.00",0.0,0.0,"1,631.20","3,143.00","1,658.00","5,126,856.00",24,1.0,54.0,0.0,3.36,1.68,0.0,0.0
2017/02/20,89,PIC,-,1240.0,1320.0,1240.0,1280.0,"1,280.00",0.0,0.0,"1,283.82","10,044.00","1,240.00","12,894,676.00",89,40.0,80.00,0.0,6.45,-0.3,0.0,0.0
2017/03/20,94,PIC,-,1300.0,1430.0,1325.0,1430.0,"1,430.00",0.0,0.0,"1,374.54","13,309.00","1,300.00","18,293,742.00",119,130.0,105.0,0.0,7.92,3.88,0.0,0.0
2017/04/16,93,PIC,-,1789.0,1800.0,1700.0,1700.0,"1,700.00",0.0,0.0,"1,743.50","3,353.00","1,789.00","5,845,966.00",32,-89.00,100.00,0.0,5.88,-2.56,0.0,0.0
2017/05/15,97,PIC,-,1660.0,1660.0,1650.0,1650.0,"1,650.00",0.0,0.0,"1,653.84","1,808.00","1,660.00","2,990,145.00",8,-10.0,10.0,0.0,0.61,-0.23,0.0,0.0
2017/06/11,99,PIC,-,1710.0,1715.0,1690.0,1710.0,"1,710.00",0.0,0.0,"1,703.35","6,191.00","1,710.00","10,545,465.00",38,0.0,25.0,0.0,1.48,0.39,0.0,0.0
2017/07/06,101,PIC,-,1659.0,1690.0,1626.0,1690.0,"1,690.00",0.0,0.0,"1,651.37","2,887.00","1,659.00","4,767,506.00",28,31.0,64.0,0.0,3.94,2.29,0.0,0.0
2017/07/31,107,PIC,-,1850.0,1855.0,1840.0,1850.0,"1,850.00",0.0,0.0,"1,849.00","5,871.00","1,850.00","10,855,462.00",24,0.0,15.00,0.0,0.82,0.05,0.0,0.0
2017/08/27,113,PIC,-,1766.0,1785.0,1760.0,1770.0,"1,770.00",0.0,0.0,"1,766.49","1,671.00","1,766.00","2,951,800.00",13,4.0,25.0,0.0,1.42,0.2,0.0,0.0
2017/09/26,107,PIC,-,1640.0,1665.0,1665.0,1665.0,"1,665.00",0.0,0.0,"1,638.95",19.00,"1,640.00","31,140.00",2,25.0,0.0,0.0,0.0,1.56,0.0,0.0
2017/10/29,112,PIC,-,1662.0,1640.0,1616.0,1617.0,"1,617.00",0.0,0.0,"1,624.41",242.00,"1,662.00","393,108.00",6,-45.0,24.0,0.0,1.49,-0.46,0.0,0.0
2017/11/21,117,PIC,-,1440.0,1463.0,1412.0,1452.0,"1,452.00",0.0,0.0,"1,432.17",999.00,"1,440.00","1,430,740.00",12,12.0,51.0,0.0,3.61,1.37,0.0,0.0
2017/12/18,115,PIC,-,1480.0,1480.0,1451.0,1470.0,"1,470.00",0.0,0.0,"1,462.06","2,605.00","1,480.00","3,808,660.00",19,-10.0,29.0,0.0,2.0,0.54,0.0,0.0
2018/01/14,110,PIC,-,1399.0,1390.0,1381.0,1381.0,"1,381.00",0.0,0.0,"1,386.59",161.00,"1,399.00","223,241.00",4,-18.0,9.0,0.0,0.65,-0.4,0.0,0.0
2018/02/11,115,PIC,-,1230.0,1212.0,1210.0,1210.0,"1,210.00",0.0,0.0,"1,211.20",500.00,"1,230.00","605,600.00",6,-20.0,2.0,0.0,0.17,-0.1,0.0,0.0
2018/03/12,109,PIC,-,1025.0,1065.0,1017.0,1065.0,"1,065.00",0.0,0.0,"1,026.11",470.00,"1,037.00","482,270.00",5,28.0,48.0,2.7,4.72,3.65,"1,895.00",981.00
2018/04/05,118,PIC,-,858.0,918.0,858.0,910.0,910.00,0.0,0.0,890.91,"10,630.00",857.00,"9,470,371.00",224,53.0,60.0,6.18,6.99,2.1,"1,895.00",686.00
2018/04/29,113,PIC,-,1230.0,1254.0,1206.0,1219.0,"1,219.00",0.0,0.0,"1,220.84","8,271.00","1,234.00","10,097,586.00",213,-15.0,48.0,-1.22,3.98,-0.15,"1,895.00",686.00
2018/05/27,113,PIC,-,1234.0,1234.0,1192.0,1192.0,"1,192.00",0.0,0.0,"1,209.93","4,180.00","1,234.00","5,057,494.00",212,-42.0,42.0,-3.4,3.52,-1.5,"1,895.00",686.00
2018/06/20,110,PIC,-,1190.0,1190.0,1164.0,1173.0,"1,173.00",0.0,0.0,"1,172.40","1,278.00","1,171.00","1,498,323.00",90,2.0,26.0,0.17,2.23,0.05,"1,895.00",686.00
2018/07/15,119,PIC,-,1109.0,1118.0,1095.0,1104.0,"1,104.00",0.0,0.0,"1,105.85","4,105.00","1,109.00","4,539,499.00",127,-5.0,23.0,-0.45,2.1,-0.17,"1,895.00",686.00
2018/08/07,107,PIC,-,1037.0,1040.0,1027.0,1037.0,"1,037.00",0.0,0.0,"1,032.73","1,204.00","1,037.00","1,243,410.00",55,0.0,13.0,0.0,1.27,0.41,"1,860.00",686.00
2017/05/16,94,PIC,-,1650.0,1670.0,1640.0,1640.0,"1,640.00",0.0,0.0,"1,654.56","5,704.00","1,650.00","9,437,604.00",23,-10.0,30.0,0.0,1.83,-0.89,0.0,0.0
2017/05/17,97,PIC,-,1640.0,1650.0,1624.0,1650.0,"1,650.00",0.0,0.0,"1,640.57",842.00,"1,640.00","1,381,360.00",11,10.0,26.0,0.0,1.6,0.57,0.0,0.0
2017/05/18,101,PIC,-,1650.0,1650.0,1630.0,1650.0,"1,650.00",0.0,0.0,"1,638.06","4,480.00","1,650.00","7,338,493.00",21,0.0,20.0,0.0,1.23,0.72,0.0,0.0
2017/05/21,101,PIC,-,1650.0,1635.0,1630.0,1630.0,"1,630.00",0.0,0.0,"1,633.15","1,550.00","1,650.00","2,531,380.00",7,-20.0,5.0,0.0,0.31,-0.19,0.0,0.0
2017/05/22,99,PIC,-,1630.0,1635.0,1610.0,1625.0,"1,625.00",0.0,0.0,"1,617.71","1,771.00","1,630.00","2,864,965.00",10,-5.0,25.0,0.0,1.55,0.45,0.0,0.0
2017/05/23,101,PIC,-,1625.0,1690.0,1625.0,1625.0,"1,625.00",0.0,0.0,"1,645.67","1,208.00","1,625.00","1,987,970.00",8,0.0,65.0,0.0,4.0,-1.27,0.0,0.0
2017/05/24,101,PIC,-,1625.0,1660.0,1617.0,1617.0,"1,617.00",0.0,0.0,"1,638.32","2,179.00","1,625.00","3,569,891.00",21,-8.0,43.0,0.0,2.66,-1.32,0.0,0.0
2017/05/28,98,PIC,-,1617.0,1648.0,1600.0,1648.0,"1,648.00",0.0,0.0,"1,630.88","2,907.00","1,617.00","4,740,968.00",28,31.0,48.0,0.0,3.0,1.04,0.0,0.0
2017/05/30,101,PIC,-,1648.0,1635.0,1620.0,1635.0,"1,635.00",0.0,0.0,"1,623.48","1,002.00","1,648.00","1,626,724.00",7,-13.0,15.0,0.0,0.93,0.7,0.0,0.0
2017/05/31,98,PIC,-,1635.0,1695.0,1586.0,1695.0,"1,695.00",0.0,0.0,"1,612.01","3,619.00","1,635.00","5,833,880.00",29,60.0,109.0,0.0,6.87,4.9,0.0,0.0
2017/06/01,100,PIC,-,1695.0,1662.0,1630.0,1652.0,"1,652.00",0.0,0.0,"1,648.13","2,243.00","1,695.00","3,696,756.00",16,-43.0,32.0,0.0,1.96,0.23,0.0,0.0
2017/06/04,97,PIC,-,1652.0,1680.0,1637.0,1670.0,"1,670.00",0.0,0.0,"1,659.65","3,147.00","1,652.00","5,222,903.00",23,18.0,43.0,0.0,2.63,0.62,0.0,0.0
2017/06/05,100,PIC,-,1670.0,1759.0,1692.0,1708.0,"1,708.00",0.0,0.0,"1,719.89","10,309.00","1,670.00","17,730,296.00",73,38.0,67.0,0.0,3.96,-0.7,0.0,0.0
2017/06/06,100,PIC,-,1708.0,1740.0,1707.0,1736.0,"1,736.00",0.0,0.0,"1,725.56","9,887.00","1,708.00","17,060,646.00",66,28.0,33.0,0.0,1.93,0.6,0.0,0.0
2017/06/07,102,PIC,-,1736.0,1750.0,1716.0,1716.0,"1,716.00",0.0,0.0,"1,729.81","4,301.00","1,736.00","7,439,932.00",37,-20.0,34.0,0.0,1.98,-0.81,0.0,0.0
2017/06/08,100,PIC,-,1716.0,1720.0,1690.0,1710.0,"1,710.00",0.0,0.0,"1,706.09","4,829.00","1,716.00","8,238,728.00",35,-6.0,30.0,0.0,1.78,0.23,0.0,0.0
2017/04/18,96,PIC,-,1700.0,1670.0,1601.0,1640.0,"1,640.00",0.0,0.0,"1,632.58","4,383.00","1,700.00","7,155,605.00",36,-60.0,69.0,0.0,4.31,0.45,0.0,0.0
2017/04/19,100,PIC,-,1640.0,1723.0,1641.0,1723.0,"1,723.00",0.0,0.0,"1,669.78","3,029.00","1,640.00","5,057,766.00",22,83.0,82.00,0.0,5.0,3.09,0.0,0.0
2017/04/20,97,PIC,-,1723.0,1757.0,1670.0,1720.0,"1,720.00",0.0,0.0,"1,719.91","5,420.00","1,723.00","9,321,910.00",37,-3.0,87.00,0.0,5.21,0.01,0.0,0.0
2017/04/23,99,PIC,-,1720.0,1860.0,1754.0,1799.0,"1,799.00",0.0,0.0,"1,786.94","8,266.00","1,720.00","14,770,818.00",54,79.00,106.0,0.0,6.04,0.67,0.0,0.0
2017/04/24,98,PIC,-,1799.0,1790.0,1737.0,1737.0,"1,737.00",0.0,0.0,"1,767.84","3,836.00","1,799.00","6,781,432.00",34,-62.00,53.0,0.0,3.05,-1.78,0.0,0.0
2017/04/25,100,PIC,-,1737.0,1740.0,1703.0,1740.0,"1,740.00",0.0,0.0,"1,730.70","1,654.00","1,737.00","2,862,578.00",16,3.00,37.0,0.0,2.17,0.53,0.0,0.0
2017/04/26,98,PIC,-,1740.0,1740.0,1713.0,1730.0,"1,730.00",0.0,0.0,"1,727.47","1,227.00","1,740.00","2,119,610.00",16,-10.00,27.00,0.0,1.58,0.15,0.0,0.0
2017/04/27,98,PIC,-,1730.0,1721.0,1663.0,1700.0,"1,700.00",0.0,0.0,"1,690.50","2,529.00","1,730.00","4,275,267.00",28,-30.0,58.00,0.0,3.49,0.56,0.0,0.0
2017/05/02,98,PIC,-,1678.0,1711.0,1662.0,1685.0,"1,685.00",0.0,0.0,"1,684.06","3,552.00","1,678.00","5,981,793.00",18,7.0,49.0,0.0,2.95,0.06,0.0,0.0
2017/05/03,99,PIC,-,1685.0,1718.0,1666.0,1699.0,"1,699.00",0.0,0.0,"1,687.01",720.00,"1,685.00","1,214,650.00",7,14.0,52.0,0.0,3.12,0.71,0.0,0.0
2017/05/04,99,PIC,-,1699.0,1690.0,1666.0,1690.0,"1,690.00",0.0,0.0,"1,675.01","1,520.00","1,699.00","2,546,010.00",12,-9.0,24.0,0.0,1.44,0.89,0.0,0.0
2017/05/07,99,PIC,-,1690.0,1690.0,1641.0,1650.0,"1,650.00",0.0,0.0,"1,658.51","1,410.00","1,690.00","2,338,504.00",19,-40.0,49.0,0.0,2.99,-0.52,0.0,0.0
2017/05/08,99,PIC,-,1650.0,1664.0,1625.0,1650.0,"1,650.00",0.0,0.0,"1,652.54","1,912.00","1,650.00","3,159,650.00",12,0.0,39.0,0.0,2.4,-0.15,0.0,0.0
2017/05/09,97,PIC,-,1650.0,1670.0,1640.0,1660.0,"1,660.00",0.0,0.0,"1,661.85","1,444.00","1,650.00","2,399,714.00",13,10.0,30.0,0.0,1.83,-0.11,0.0,0.0
2017/05/11,99,PIC,-,1660.0,1670.0,1650.0,1660.0,"1,660.00",0.0,0.0,"1,661.00","2,308.00","1,660.00","3,833,582.00",15,0.0,20.0,0.0,1.21,-0.06,0.0,0.0
2017/03/21,98,PIC,-,1430.0,1487.0,1375.0,1450.0,"1,450.00",0.0,0.0,"1,438.58","13,699.00","1,430.00","19,707,120.00",114,20.0,112.0,0.0,8.15,0.79,0.0,0.0
2017/03/22,97,PIC,-,1450.0,1500.0,1418.0,1448.0,"1,448.00",0.0,0.0,"1,464.54","7,191.00","1,450.00","10,531,529.00",50,-2.0,82.0,0.0,5.78,-1.14,0.0,0.0
2017/03/23,95,PIC,-,1448.0,1476.0,1400.0,1402.0,"1,402.00",0.0,0.0,"1,437.35","4,594.00","1,448.00","6,603,202.00",30,-46.0,76.0,0.0,5.43,-2.52,0.0,0.0
2017/03/26,95,PIC,-,1402.0,1510.0,1419.0,1490.0,"1,490.00",0.0,0.0,"1,464.59","6,035.00","1,402.00","8,838,785.00",44,88.0,91.0,0.0,6.41,1.71,0.0,0.0
2017/03/28,97,PIC,-,1490.0,1600.0,1518.0,1600.0,"1,600.00",0.0,0.0,"1,558.47","8,455.00","1,490.00","13,176,901.00",56,110.00,82.0,0.0,5.4,2.6,0.0,0.0
2017/03/29,99,PIC,-,1600.0,1670.0,1549.0,1549.0,"1,549.00",0.0,0.0,"1,618.33","12,807.00","1,600.00","20,725,976.00",89,-51.00,121.00,0.0,7.81,-4.48,0.0,0.0
2017/03/30,93,PIC,-,1549.0,1580.0,1534.0,1559.0,"1,559.00",0.0,0.0,"1,560.75","5,261.00","1,549.00","8,211,110.00",39,10.0,46.0,0.0,3.0,-0.11,0.0,0.0
2017/04/02,90,PIC,-,1559.0,1714.0,1590.0,1714.0,"1,714.00",0.0,0.0,"1,712.31","2,157.00","1,559.00","3,693,451.00",8,155.00,124.00,0.0,7.8,0.1,0.0,0.0
2017/04/03,96,PIC,-,1714.0,1885.0,1741.0,1741.0,"1,741.00",0.0,0.0,"1,849.36","28,814.00","1,714.00","53,287,568.00",165,27.00,144.00,0.0,8.27,-6.22,0.0,0.0
2017/04/04,96,PIC,-,1741.0,1800.0,1640.0,1710.0,"1,710.00",0.0,0.0,"1,734.79","6,384.00","1,741.00","11,074,877.00",60,-31.00,160.00,0.0,9.76,-1.45,0.0,0.0
2017/04/06,98,PIC,-,1710.0,1759.0,1725.0,1758.0,"1,758.00",0.0,0.0,"1,741.38","3,458.00","1,710.00","6,021,676.00",33,48.00,34.00,0.0,1.97,0.95,0.0,0.0
2017/04/09,96,PIC,-,1758.0,1770.0,1723.0,1732.0,"1,732.00",0.0,0.0,"1,745.04","4,390.00","1,758.00","7,660,726.00",44,-26.0,47.00,0.0,2.73,-0.75,0.0,0.0
2017/04/10,99,PIC,-,1732.0,1801.0,1745.0,1801.0,"1,801.00",0.0,0.0,"1,765.09","9,652.00","1,732.00","17,036,628.00",67,69.0,56.00,0.0,3.21,1.99,0.0,0.0
2017/04/11,100,PIC,-,1801.0,1830.0,1790.0,1805.0,"1,805.00",0.0,0.0,"1,801.26","5,627.00","1,801.00","10,135,670.00",45,4.0,40.0,0.0,2.23,0.21,0.0,0.0
2017/04/12,101,PIC,-,1805.0,1870.0,1800.0,1800.0,"1,800.00",0.0,0.0,"1,823.92","4,999.00","1,805.00","9,117,763.00",40,-5.0,70.0,0.0,3.89,-1.33,0.0,0.0
2017/04/13,100,PIC,-,1800.0,1790.0,1740.0,1789.0,"1,789.00",0.0,0.0,"1,765.16","5,050.00","1,800.00","8,914,080.00",42,-11.0,50.00,0.0,2.87,1.33,0.0,0.0
2017/02/21,89,PIC,-,1280.0,1384.0,1220.0,1294.0,"1,294.00",0.0,0.0,"1,273.65","6,427.00","1,280.00","8,185,740.00",74,14.0,164.0,0.0,13.44,1.57,0.0,0.0
2017/02/22,88,PIC,-,1294.0,1290.0,1235.0,1240.0,"1,240.00",0.0,0.0,"1,257.88","2,655.00","1,294.00","3,339,670.00",24,-54.0,55.0,0.0,4.45,-1.44,0.0,0.0
2017/02/23,85,PIC,-,1240.0,1240.0,1216.0,1217.0,"1,217.00",0.0,0.0,"1,226.41","2,018.00","1,240.00","2,474,894.00",26,-23.0,24.0,0.0,1.97,-0.77,0.0,0.0
2017/02/26,88,PIC,-,1217.0,1241.0,1149.0,1149.0,"1,149.00",0.0,0.0,"1,172.53","1,274.00","1,217.00","1,493,805.00",15,-68.0,92.0,0.0,8.01,-2.05,0.0,0.0
2017/02/28,85,PIC,-,1149.0,1130.0,1062.0,1130.0,"1,130.00",0.0,0.0,"1,108.68","2,782.00","1,149.00","3,084,349.00",29,-19.0,68.0,0.0,6.4,1.89,0.0,0.0
2017/03/01,86,PIC,-,1130.0,1243.0,1130.0,1243.0,"1,243.00",0.0,0.0,"1,167.88","1,825.00","1,130.00","2,131,385.00",23,113.0,113.0,0.0,10.0,6.04,0.0,0.0
2017/03/02,87,PIC,-,1243.0,1292.0,1210.0,1235.0,"1,235.00",0.0,0.0,"1,223.76","3,162.00","1,243.00","3,869,529.00",19,-8.0,82.0,0.0,6.78,0.91,0.0,0.0
2017/03/05,93,PIC,-,1235.0,1278.0,1258.0,1260.0,"1,260.00",0.0,0.0,"1,261.95","1,326.00","1,235.00","1,673,350.00",15,25.0,20.0,0.0,1.59,-0.16,0.0,0.0
2017/03/06,92,PIC,-,1260.0,1285.0,1225.0,1225.0,"1,225.00",0.0,0.0,"1,252.40","1,181.00","1,260.00","1,479,090.00",17,-35.0,60.0,0.0,4.9,-2.24,0.0,0.0
2017/03/07,92,PIC,-,1225.0,1224.0,1177.0,1192.0,"1,192.00",0.0,0.0,"1,194.38","4,631.00","1,225.00","5,531,160.00",25,-33.0,47.0,0.0,3.99,-0.2,0.0,0.0
2017/03/09,92,PIC,-,1192.0,1272.0,1200.0,1250.0,"1,250.00",0.0,0.0,"1,237.27",700.00,"1,192.00","866,090.00",15,58.0,72.0,0.0,6.0,1.02,0.0,0.0
2017/03/13,87,PIC,-,1250.0,1255.0,1240.0,1240.0,"1,240.00",0.0,0.0,"1,248.53",850.00,"1,250.00","1,061,250.00",8,-10.0,15.0,0.0,1.21,-0.69,0.0,0.0
2017/03/14,93,PIC,-,1240.0,1249.0,1225.0,1235.0,"1,235.00",0.0,0.0,"1,238.35",504.00,"1,240.00","624,130.00",8,-5.0,24.0,0.0,1.96,-0.27,0.0,0.0
2017/03/15,83,PIC,-,1235.0,1250.0,1212.0,1231.0,"1,231.00",0.0,0.0,"1,232.02",741.00,"1,235.00","912,927.00",11,-4.0,38.0,0.0,3.14,-0.08,0.0,0.0
2017/03/16,90,PIC,-,1231.0,1260.0,1236.0,1238.0,"1,238.00",0.0,0.0,"1,239.17","1,256.00","1,231.00","1,556,400.00",12,7.0,24.0,0.0,1.94,-0.09,0.0,0.0
2017/03/19,90,PIC,-,1238.0,1300.0,1250.0,1300.0,"1,300.00",0.0,0.0,"1,280.48","3,511.00","1,238.00","4,495,759.00",37,62.0,50.0,0.0,4.0,1.5,0.0,0.0
2017/01/24,86,PIC,-,1370.0,1355.0,1328.0,1340.0,"1,340.00",0.0,0.0,"1,342.91",890.00,"1,370.00","1,195,187.00",10,-30.0,27.0,0.0,2.03,-0.22,0.0,0.0
2017/01/25,88,PIC,-,1340.0,1366.0,1264.0,1345.0,"1,345.00",0.0,0.0,"1,317.46","2,306.00","1,340.00","3,038,060.00",20,5.00,102.00,0.0,8.07,2.05,0.0,0.0
2017/01/26,93,PIC,-,1345.0,1345.0,1278.0,1285.0,"1,285.00",0.0,0.0,"1,309.71","4,864.00","1,345.00","6,370,450.00",47,-60.0,67.0,0.0,5.24,-1.92,0.0,0.0
2017/01/30,85,PIC,-,1285.0,1260.0,1157.0,1157.0,"1,157.00",0.0,0.0,"1,166.30","6,318.00","1,285.00","7,368,690.00",52,-128.0,103.0,0.0,8.9,-0.8,0.0,0.0
2017/01/31,89,PIC,-,1157.0,1210.0,1160.0,1165.0,"1,165.00",0.0,0.0,"1,167.61","3,236.00","1,157.00","3,778,375.00",20,8.0,50.0,0.0,4.31,-0.22,0.0,0.0
2017/02/01,93,PIC,-,1165.0,1250.0,1170.0,1239.0,"1,239.00",0.0,0.0,"1,215.36","2,366.00","1,165.00","2,875,540.00",25,74.0,80.0,0.0,6.84,1.91,0.0,0.0
2017/02/02,90,PIC,-,1239.0,1263.0,1214.0,1214.0,"1,214.00",0.0,0.0,"1,219.13","2,063.00","1,239.00","2,515,055.00",22,-25.0,49.0,0.0,4.04,-0.42,0.0,0.0
2017/02/05,79,PIC,-,1214.0,1193.0,1161.0,1161.0,"1,161.00",0.0,0.0,"1,176.75",972.00,"1,214.00","1,143,803.00",12,-53.0,32.0,0.0,2.76,-1.36,0.0,0.0
2017/02/06,89,PIC,-,1161.0,1160.0,1140.0,1141.0,"1,141.00",0.0,0.0,"1,152.83",934.00,"1,161.00","1,076,740.00",10,-20.0,20.0,0.0,1.75,-1.04,0.0,0.0
2017/02/07,86,PIC,-,1141.0,1142.0,1120.0,1127.0,"1,127.00",0.0,0.0,"1,129.40",822.00,"1,141.00","928,370.00",10,-14.0,22.0,0.0,1.96,-0.21,0.0,0.0
2017/02/08,89,PIC,-,1127.0,1130.0,1077.0,1080.0,"1,080.00",0.0,0.0,"1,090.02","2,999.00","1,127.00","3,268,971.00",28,-47.0,53.0,0.0,4.92,-0.93,0.0,0.0
2017/02/09,86,PIC,-,1080.0,1100.0,1041.0,1060.0,"1,060.00",0.0,0.0,"1,062.02","1,323.00","1,080.00","1,405,054.00",12,-20.0,59.0,0.0,5.67,-0.19,0.0,0.0
2017/02/12,86,PIC,-,1060.0,1080.0,954.0,960.0,960.00,0.0,0.0,987.30,"4,346.00","1,060.00","4,290,822.00",39,-100.0,126.0,0.0,13.21,-2.84,0.0,0.0
2017/02/13,89,PIC,-,960.0,1025.0,940.0,1025.0,"1,025.00",0.0,0.0,959.71,"2,996.00",960.00,"2,875,281.00",40,65.0,85.0,0.0,9.04,6.37,0.0,0.0
2017/02/14,90,PIC,-,1025.0,1040.0,1005.0,1009.0,"1,009.00",0.0,0.0,"1,016.66","2,217.00","1,025.00","2,253,930.00",24,-16.0,35.0,0.0,3.48,-0.76,0.0,0.0
2017/02/15,92,PIC,-,1009.0,1090.0,1009.0,1087.0,"1,087.00",0.0,0.0,"1,052.17","3,646.00","1,009.00","3,836,204.00",27,78.00,81.0,0.0,8.03,3.2,0.0,0.0
2017/02/16,97,PIC,-,1087.0,1169.0,1066.0,1161.0,"1,161.00",0.0,0.0,"1,135.00","4,741.00","1,087.00","5,381,055.00",53,74.0,103.0,0.0,9.66,2.24,0.0,0.0
2017/02/19,95,PIC,-,1161.0,1250.0,1135.0,1240.0,"1,240.00",0.0,0.0,"1,210.81","7,763.00","1,161.00","9,399,527.00",64,79.00,115.00,0.0,10.13,2.35,0.0,0.0
