Date,S.No,Symbol,Conf.,Open,High,Low,Close,LTP,Close - LTP,Close - LTP %,VWAP,Vol,Prev. Close,Turnover,Trans.,Diff,Range,Diff %,Range %,VWAP %,52 Weeks High,52 Weeks Low,120 Days,180 Days
2025/08/25,251,SEF,24.19,9.01,9.15,9.0,9.06,9.06,0.0,0.0,9.04,"62,242.00",9.18,"562,967.52",19,-0.12,0.15,-1.31,1.67,0.17,11.50,8.72,,
2025/08/26,257,SEF,23.44,9.07,9.43,9.07,9.25,9.25,0.0,0.0,9.32,"9,590.00",9.06,"89,383.10",14,0.19,0.36,2.1,3.97,-0.76,11.50,8.72,,
2025/08/27,256,SEF,24.04,9.26,9.27,9.1,9.21,9.21,0.0,0.0,9.20,"128,500.00",9.25,"1,182,335.00",27,-0.04,0.17,-0.43,1.87,0.1,11.50,8.72,,
2025/08/28,256,SEF,20.36,9.39,9.39,9.1,9.11,9.10,0.01,0.0,9.19,"51,265.00",9.21,"471,073.02",21,-0.1,0.29,-1.09,3.19,-0.87,11.50,8.72,,
2025/08/31,256,SEF,29.25,9.1,9.27,9.1,9.27,9.27,0.0,0.0,9.26,"6,000.00",9.11,"55,535.00",6,0.16,0.17,1.76,1.87,0.15,11.50,8.72,,
2025/09/01,261,SEF,37.46,9.27,9.34,9.1,9.2,9.28,-0.08,-0.01,9.27,"71,100.00",9.27,"658,778.18",22,-0.07,0.24,-0.76,2.64,-0.71,11.50,8.72,,
2025/09/02,260,SEF,28.18,9.13,9.3,9.07,9.07,9.07,0.0,0.0,9.13,"21,340.00",9.20,"194,897.50",10,-0.13,0.23,-1.41,2.54,-0.69,11.50,8.72,,
2025/09/03,261,SEF,39.61,9.25,9.43,9.05,9.25,9.25,0.0,0.0,9.16,"108,900.00",9.07,"997,963.60",24,0.18,0.38,1.98,4.2,0.93,11.50,8.72,,
2025/09/04,251,SEF,38.13,9.07,9.35,9.07,9.22,9.35,-0.13,-0.01,9.31,"135,742.00",9.25,"1,263,554.26",28,-0.03,0.28,-0.32,3.09,-0.96,11.50,8.72,,
2025/09/07,268,SEF,30.9,9.4,9.4,9.34,9.4,9.40,0.0,0.0,9.35,"16,300.00",9.22,"152,482.00",9,0.18,0.06,1.95,0.64,0.48,11.50,8.72,,
2025/09/08,255,SEF,29.71,9.55,9.55,9.19,9.3,9.30,0.0,0.0,9.29,"2,601.00",9.40,"24,172.50",9,-0.1,0.36,-1.06,3.92,0.07,11.50,8.72,,
2025/09/21,264,SEF,31.76,9.15,9.15,8.97,9.0,9.00,0.0,0.0,9.02,"97,845.00",9.30,"882,889.35",27,-0.3,0.18,-3.23,2.01,-0.26,11.50,8.72,,
2025/09/23,263,SEF,33.38,9.18,9.36,9.0,9.28,9.28,0.0,0.0,9.20,"81,775.00",9.00,"752,642.00",31,0.28,0.36,3.11,4.0,0.82,11.50,8.72,,
2025/09/24,252,SEF,21.05,9.28,9.28,9.0,9.1,9.10,0.0,0.0,9.05,"67,300.00",9.28,"609,312.00",19,-0.18,0.28,-1.94,3.11,0.51,11.50,8.72,,
2025/09/25,260,SEF,16.19,9.22,9.29,9.22,9.29,9.29,0.0,0.0,9.22,"20,152.00",9.10,"185,812.08",3,0.19,0.07,2.09,0.76,0.75,11.50,8.72,10.04,9.92
2025/07/30,262,SEF,47.39,10.95,11.0,10.71,10.88,10.88,0.0,0.0,10.94,"248,100.00",10.83,"2,714,526.00",13,0.05,0.29,0.46,2.71,-0.56,11.00,8.72,,
2025/07/31,253,SEF,39.83,10.88,10.9,10.7,10.78,10.78,0.0,0.0,10.85,"81,143.00",10.88,"880,382.41",25,-0.1,0.2,-0.92,1.87,-0.65,11.00,8.72,,
2025/08/03,255,SEF,31.61,10.8,10.87,10.65,10.65,10.65,0.0,0.0,10.74,"68,300.00",10.78,"733,343.00",19,-0.13,0.22,-1.21,2.07,-0.82,11.00,8.72,,
2025/08/04,259,SEF,27.92,10.54,10.69,10.54,10.69,10.69,0.0,0.0,10.67,"6,200.00",10.65,"66,175.00",7,0.04,0.15,0.38,1.42,0.16,11.00,8.72,,
2025/08/05,260,SEF,27.97,10.65,10.65,10.5,10.55,10.50,0.05,0.0,10.59,"26,330.00",10.69,"278,885.40",17,-0.14,0.15,-1.31,1.43,-0.4,11.00,8.72,,
2025/08/06,255,SEF,30.26,10.4,10.6,10.4,10.57,10.60,-0.03,0.0,10.51,"87,248.00",10.55,"917,121.20",26,0.02,0.20,0.19,1.92,0.55,11.00,8.72,,
2025/08/07,253,SEF,24.03,10.41,10.76,10.41,10.73,10.56,0.17,0.02,10.63,"16,750.00",10.57,"178,012.50",14,0.16,0.35,1.51,3.36,0.95,11.00,8.72,,
2025/08/11,257,SEF,43.86,10.92,11.2,10.8,11.12,11.11,0.01,0.0,11.13,"727,223.00",10.73,"8,096,355.99",143,0.39,0.4,3.63,3.7,-0.12,11.20,8.72,,
2025/08/12,258,SEF,46.53,11.33,11.34,11.12,11.13,11.24,-0.11,-0.01,11.25,"606,317.00",11.12,"6,819,521.73",90,0.01,0.22,0.09,1.98,-1.06,11.34,8.72,,
2025/08/13,256,SEF,46.61,11.35,11.5,11.0,11.23,11.25,-0.02,0.0,11.21,"361,560.00",11.13,"4,054,032.31",109,0.1,0.5,0.9,4.55,0.15,11.50,8.72,,
2025/08/14,254,SEF,40.21,11.21,11.45,11.21,11.26,11.26,0.0,0.0,11.34,"142,831.00",11.23,"1,619,444.87",33,0.03,0.24,0.27,2.14,-0.69,11.50,8.72,,
2025/08/17,250,SEF,45.34,11.48,11.48,11.24,11.29,11.34,-0.05,0.0,11.30,"442,755.00",11.26,"5,003,952.88",74,0.03,0.24,0.27,2.14,-0.11,11.50,8.72,,
2025/08/18,256,SEF,33.39,11.32,11.43,11.21,11.34,11.34,0.0,0.0,11.30,"114,798.00",11.29,"1,297,781.14",27,0.05,0.22,0.44,1.96,0.31,11.50,8.72,,
2025/08/19,250,SEF,33.82,11.45,11.49,11.28,11.37,11.38,-0.01,0.0,11.39,"182,255.00",11.34,"2,075,119.42",47,0.03,0.21,0.26,1.86,-0.14,11.50,8.72,,
2025/08/20,258,SEF,36.87,11.15,11.46,11.15,11.4,11.42,-0.02,0.0,11.41,"347,417.00",11.37,"3,963,948.60",55,0.03,0.31,0.26,2.78,-0.09,11.50,8.72,,
2025/08/21,254,SEF,39.63,11.42,11.5,11.35,11.48,11.40,0.08,0.01,11.44,"2,250,455.00",11.40,"25,755,404.33",116,0.08,0.15,0.7,1.32,0.31,11.50,8.72,,
2025/07/07,247,SEF,35.6,10.05,10.17,10.05,10.1,10.10,0.0,0.0,10.14,"12,796.00",10.16,"129,721.40",13,-0.06,0.12,-0.59,1.19,-0.37,10.49,8.05,,
2025/07/08,240,SEF,36.29,10.1,10.15,10.05,10.15,10.15,0.0,0.0,10.08,"47,600.00",10.10,"479,870.00",9,0.05,0.1,0.5,1.0,0.68,10.49,8.05,,
2025/07/09,251,SEF,30.03,10.04,10.15,10.04,10.15,10.15,0.0,0.0,10.10,"6,125.00",10.15,"61,893.00",7,0.0,0.11,0.0,1.1,0.44,10.49,8.15,,
2025/07/10,247,SEF,39.17,10.07,10.25,10.07,10.19,10.20,-0.01,0.0,10.19,"23,300.00",10.15,"237,498.00",20,0.04,0.18,0.39,1.79,-0.03,10.49,8.20,,
2025/07/13,246,SEF,43.35,10.0,10.35,10.0,10.35,10.35,0.0,0.0,10.25,"104,500.00",10.19,"1,070,960.00",26,0.16,0.35,1.57,3.5,0.98,10.49,8.31,,
2025/07/14,255,SEF,42.7,10.21,10.41,10.21,10.27,10.27,0.0,0.0,10.30,"62,269.00",10.35,"641,208.29",9,-0.08,0.20,-0.77,1.96,-0.27,10.49,8.31,,
2025/07/15,252,SEF,34.67,10.27,10.35,10.27,10.35,10.35,0.0,0.0,10.29,"11,600.00",10.27,"119,420.00",9,0.08,0.08,0.78,0.78,0.53,10.49,8.31,,
2025/07/16,266,SEF,46.17,10.34,10.54,10.0,10.29,10.29,0.0,0.0,10.19,"456,085.00",10.35,"4,649,751.90",37,-0.06,0.54,-0.58,5.4,0.92,10.54,8.31,,
2025/07/17,246,SEF,41.0,10.4,10.45,10.37,10.42,10.42,0.0,0.0,10.40,"63,650.00",10.29,"662,048.50",18,0.13,0.08,1.26,0.77,0.18,10.54,8.56,,
2025/07/20,250,SEF,42.98,10.42,10.65,10.28,10.6,10.60,0.0,0.0,10.58,"122,200.00",10.42,"1,292,496.00",26,0.18,0.37,1.73,3.6,0.22,10.65,8.72,,
2025/07/21,245,SEF,45.39,10.6,10.78,10.6,10.61,10.61,0.0,0.0,10.65,"250,246.00",10.60,"2,665,838.88",21,0.01,0.18,0.09,1.7,-0.4,10.78,8.72,,
2025/07/22,253,SEF,40.99,10.46,10.73,10.46,10.66,10.66,0.0,0.0,10.64,"104,914.00",10.61,"1,116,779.75",35,0.05,0.27,0.47,2.58,0.14,10.78,8.72,,
2025/07/23,253,SEF,41.34,10.45,10.65,10.45,10.62,10.62,0.0,0.0,10.61,"65,900.00",10.66,"699,419.00",17,-0.04,0.20,-0.38,1.91,0.06,10.78,8.72,,
2025/07/24,262,SEF,41.35,10.45,10.68,10.43,10.66,10.68,-0.02,0.0,10.63,"44,440.00",10.62,"472,513.20",19,0.04,0.25,0.38,2.4,0.26,10.78,8.72,,
2025/07/27,257,SEF,44.81,10.71,10.87,10.71,10.75,10.75,0.0,0.0,10.81,"176,160.00",10.66,"1,903,895.20",33,0.09,0.16,0.84,1.49,-0.54,10.87,8.72,,
2025/07/28,255,SEF,44.2,10.57,10.78,10.56,10.75,10.75,0.0,0.0,10.72,"226,251.00",10.75,"2,426,488.75",29,0.0,0.22,0.0,2.08,0.23,10.87,8.72,,
2025/06/12,246,SEF,22.95,10.0,10.1,9.92,10.0,10.00,0.0,0.0,9.98,"22,300.00",10.00,"222,588.00",11,0.0,0.18,0.0,1.81,0.18,10.49,7.80,,
2025/06/15,246,SEF,34.85,9.85,9.99,9.84,9.93,9.99,-0.06,-0.01,9.94,"54,100.00",10.00,"537,997.00",11,-0.07,0.15,-0.7,1.52,-0.15,10.49,7.80,,
2025/06/16,254,SEF,44.18,9.98,10.05,9.88,10.0,10.00,0.0,0.0,10.02,"41,415.00",9.93,"415,163.20",15,0.07,0.17,0.7,1.72,-0.24,10.49,7.80,,
2025/06/17,241,SEF,27.05,10.0,10.05,9.91,9.93,9.93,0.0,0.0,10.01,"19,714.00",10.00,"197,268.02",8,-0.07,0.14,-0.7,1.41,-0.77,10.49,7.80,,
2025/06/18,249,SEF,32.96,9.9,10.03,9.9,10.02,10.03,-0.01,0.0,10.01,"36,400.00",9.93,"364,521.00",17,0.09,0.13,0.91,1.31,0.06,10.49,7.80,,
2025/06/19,250,SEF,26.79,9.92,10.0,9.92,10.0,10.00,0.0,0.0,9.99,"13,600.00",10.02,"135,820.00",4,-0.02,0.08,-0.2,0.81,0.13,10.49,7.80,,
2025/06/22,246,SEF,33.1,9.92,9.93,9.91,9.93,9.93,0.0,0.0,9.93,"70,700.00",10.00,"702,048.00",6,-0.07,0.02,-0.7,0.2,0.0,10.49,7.80,,
2025/06/23,261,SEF,32.11,10.1,10.1,9.71,9.71,9.71,0.0,0.0,9.81,"193,680.00",9.93,"1,899,849.26",25,-0.22,0.39,-2.22,4.02,-1.02,10.49,7.80,,
2025/06/24,251,SEF,24.4,9.86,9.9,9.85,9.9,9.90,0.0,0.0,9.86,"19,800.00",9.71,"195,205.00",4,0.19,0.05,1.96,0.51,0.42,10.49,7.80,,
2025/06/25,246,SEF,37.68,9.88,10.04,9.88,10.04,10.04,0.0,0.0,10.00,"146,168.00",9.90,"1,461,441.50",12,0.14,0.16,1.41,1.62,0.41,10.49,7.80,,
2025/06/26,260,SEF,16.19,9.22,9.29,9.22,9.29,9.29,0.0,0.0,9.22,"20,152.00",9.10,"185,812.08",3,0.19,0.07,2.09,0.76,0.75,11.50,8.72,10.04,9.92
2025/06/29,264,SEF,38.4,10.0,10.01,9.95,10.01,10.01,0.0,0.0,9.98,"3,270.00",10.10,"32,646.00",7,-0.09,0.06,-0.89,0.6,0.26,10.49,7.80,,
2025/06/30,253,SEF,43.49,10.0,10.1,10.0,10.07,10.01,0.06,0.01,10.06,"65,750.00",10.01,"661,518.50",9,0.06,0.10,0.6,1.0,0.09,10.49,7.80,,
2025/07/01,245,SEF,39.33,10.1,10.14,10.1,10.1,10.10,0.0,0.0,10.12,"24,500.00",10.07,"247,945.00",8,0.03,0.04,0.3,0.4,-0.2,10.49,7.85,,
2025/07/02,253,SEF,32.97,10.1,10.1,10.1,10.1,10.10,0.0,0.0,10.10,273.00,10.10,"2,757.30",2,0.0,0.0,0.0,0.0,0.0,10.49,7.93,,
2025/07/03,248,SEF,31.45,10.14,10.21,10.01,10.11,10.11,0.0,0.0,10.18,"64,000.00",10.10,"651,489.00",21,0.01,0.2,0.1,2.0,-0.69,10.49,8.00,,
2025/05/18,245,SEF,40.96,9.7,9.85,9.66,9.85,9.85,0.0,0.0,9.73,"5,910.00",9.70,"57,519.60",7,0.15,0.19,1.55,1.97,1.19,10.49,7.80,,
2025/05/19,260,SEF,42.49,9.76,9.8,9.76,9.8,9.80,0.0,0.0,9.79,"32,000.00",9.85,"313,410.00",6,-0.05,0.04,-0.51,0.41,0.06,10.49,7.80,,
2025/05/20,247,SEF,34.62,9.8,9.8,9.8,9.8,9.80,0.0,0.0,9.80,"3,500.00",9.80,"34,300.00",2,0.0,0.0,0.0,0.0,0.0,10.49,7.80,,
2025/05/21,260,SEF,16.19,9.22,9.29,9.22,9.29,9.29,0.0,0.0,9.22,"20,152.00",9.10,"185,812.08",3,0.19,0.07,2.09,0.76,0.75,11.50,8.72,10.04,9.92
2025/05/22,250,SEF,41.69,9.74,9.9,9.74,9.86,9.86,0.0,0.0,9.85,"38,218.00",9.85,"376,597.20",13,0.01,0.16,0.1,1.64,0.06,10.49,7.80,,
2025/05/25,249,SEF,39.63,9.75,9.88,9.75,9.85,9.85,0.0,0.0,9.85,"91,200.00",9.86,"898,000.00",19,-0.01,0.13,-0.1,1.33,0.04,10.49,7.80,,
2025/05/26,272,SEF,43.09,9.87,9.97,9.85,9.86,9.86,0.0,0.0,9.86,"53,310.00",9.85,"525,728.70",10,0.01,0.12,0.1,1.22,-0.02,10.49,7.80,,
2025/05/27,254,SEF,46.54,9.72,10.02,9.72,9.83,9.83,0.0,0.0,9.98,"72,200.00",9.86,"720,298.00",10,-0.03,0.3,-0.3,3.09,-1.49,10.49,7.80,,
2025/05/28,258,SEF,41.32,10.0,10.02,9.85,9.91,9.91,0.0,0.0,9.96,"24,788.00",9.83,"246,799.64",10,0.08,0.17,0.81,1.73,-0.47,10.49,7.80,,
2025/06/02,248,SEF,42.55,9.74,10.09,9.74,10.07,10.09,-0.02,0.0,10.05,"49,544.00",9.91,"497,922.78",9,0.16,0.35,1.61,3.59,0.2,10.49,7.80,,
2025/06/03,251,SEF,38.14,10.1,10.1,9.96,9.97,9.97,0.0,0.0,9.96,"11,400.00",10.07,"113,563.00",7,-0.1,0.14,-0.99,1.41,0.08,10.49,7.80,,
2025/06/04,249,SEF,43.22,10.1,10.1,9.81,10.0,10.00,0.0,0.0,9.95,"41,000.00",9.97,"408,091.00",6,0.03,0.29,0.3,2.96,0.47,10.49,7.80,,
2025/06/05,248,SEF,37.86,9.82,10.1,9.82,10.05,10.01,0.04,0.0,10.03,"7,300.00",10.00,"73,185.00",9,0.05,0.28,0.5,2.85,0.25,10.49,7.80,,
2025/06/08,249,SEF,21.37,9.88,9.91,9.88,9.9,9.90,0.0,0.0,9.89,"2,850.00",10.05,"28,172.50",4,-0.15,0.03,-1.49,0.3,0.15,10.49,7.80,,
2025/06/09,260,SEF,21.01,9.73,9.92,9.73,9.79,9.79,0.0,0.0,9.79,"6,690.00",9.90,"65,518.50",5,-0.11,0.19,-1.11,1.95,-0.04,10.49,7.80,,
2025/06/10,246,SEF,34.54,9.6,10.09,9.6,10.04,10.05,-0.01,0.0,10.04,"44,446.00",9.79,"446,184.35",18,0.25,0.49,2.55,5.1,0.01,10.49,7.80,,
2024/08/12,274,SEF,60.85,9.48,9.6,9.48,9.6,9.60,0.0,0.0,9.56,"116,851.00",9.66,"1,117,622.60",27,-0.06,0.12,-0.62,1.27,0.37,10.49,7.16,,
2024/09/09,264,SEF,33.74,9.3,9.48,9.3,9.48,9.48,0.0,0.0,9.38,"2,808.00",9.38,"26,339.84",6,0.10,0.18,1.07,1.94,1.05,10.49,7.16,,
2024/10/07,241,SEF,-,9.1,9.1,9.1,9.1,9.10,0.0,0.0,9.10,"3,000.00",9.10,"27,300.00",2,0.00,0.00,0.0,0.0,0.0,10.49,7.16,,
2024/11/10,260,SEF,-,9.98,10.09,9.88,10.06,10.06,0.0,0.0,10.05,"496,942.00",9.79,"4,992,896.30",36,0.27,0.21,2.76,2.13,0.13,10.49,7.26,,
2024/12/04,256,SEF,30.82,9.99,10.0,9.81,9.96,9.96,0.0,0.0,9.93,"66,390.00",10.00,"659,564.00",16,-0.04,0.19,-0.4,1.94,0.25,10.49,7.42,,
2025/01/01,241,SEF,27.28,9.45,9.52,9.35,9.52,9.52,0.0,0.0,9.51,"12,911.00",9.45,"122,815.72",6,0.07,0.17,0.74,1.82,0.08,10.49,7.42,,
2025/01/27,246,SEF,35.28,9.43,9.61,9.43,9.61,9.61,0.0,0.0,9.45,"4,400.00",9.52,"41,564.00",5,0.09,0.18,0.95,1.91,1.7,10.49,7.42,,
2025/02/24,245,SEF,29.31,9.9,9.9,9.48,9.55,9.55,0.0,0.0,9.68,"21,800.00",9.80,"211,122.00",11,-0.25,0.42,-2.55,4.43,-1.41,10.49,7.42,,
2025/03/23,252,SEF,23.09,9.85,9.86,9.67,9.67,9.86,-0.19,-0.02,9.76,"50,000.00",9.85,"488,212.00",16,-0.18,0.19,-1.83,1.96,-0.97,10.49,7.42,,
2025/04/20,264,SEF,26.49,9.87,9.95,9.86,9.9,9.90,0.0,0.0,9.90,"55,600.00",9.89,"550,466.00",12,0.01,0.09,0.1,0.91,0.0,10.49,7.70,,
2025/05/15,255,SEF,27.37,9.89,9.89,9.6,9.7,9.70,0.0,0.0,9.70,"19,400.00",9.70,"188,234.00",6,0.0,0.29,0.0,3.02,-0.03,10.49,7.80,,
2025/06/11,242,SEF,30.16,9.87,10.1,9.87,10.0,10.00,0.0,0.0,10.01,"111,550.00",10.04,"1,116,218.98",11,-0.04,0.23,-0.4,2.33,-0.06,10.49,7.80,,
2025/07/06,252,SEF,43.86,9.95,10.19,9.95,10.16,10.19,-0.03,0.0,10.12,"47,060.00",10.11,"476,212.00",20,0.05,0.24,0.49,2.41,0.4,10.49,8.05,,
2025/07/29,256,SEF,41.38,10.68,10.95,10.68,10.83,10.85,-0.02,0.0,10.79,"95,500.00",10.75,"1,030,138.45",30,0.08,0.27,0.74,2.53,0.4,10.95,8.72,,
2025/08/24,257,SEF,22.93,9.6,9.6,9.06,9.18,9.17,0.01,0.0,9.19,"34,484.00",9.48,"316,972.28",22,-0.3,0.54,-3.16,5.96,-0.13,11.50,8.72,,
2025/04/21,254,SEF,27.42,9.91,10.03,9.91,9.95,9.95,0.0,0.0,9.93,"80,100.00",9.90,"795,603.00",9,0.05,0.12,0.51,1.21,0.17,10.49,7.70,,
2025/04/22,255,SEF,26.53,10.08,10.08,9.88,9.88,9.99,-0.11,-0.01,10.00,"32,100.00",9.95,"320,969.00",9,-0.07,0.2,-0.7,2.02,-1.2,10.49,7.70,,
2025/04/23,244,SEF,34.54,9.9,10.04,9.9,9.92,9.92,0.0,0.0,9.99,"58,434.00",9.88,"583,720.70",11,0.04,0.14,0.4,1.41,-0.7,10.49,7.70,,
2025/04/24,244,SEF,34.96,9.84,9.92,9.78,9.92,9.92,0.0,0.0,9.81,"28,100.00",9.92,"275,674.00",11,0.0,0.14,0.0,1.43,1.1,10.49,7.70,,
2025/04/27,249,SEF,29.54,9.81,9.97,9.8,9.86,9.86,0.0,0.0,9.96,"54,500.00",9.92,"542,590.00",8,-0.06,0.17,-0.6,1.73,-0.97,10.49,7.70,,
2025/04/28,262,SEF,35.09,9.67,9.9,9.67,9.9,9.90,0.0,0.0,9.72,"32,100.00",9.86,"312,109.80",9,0.04,0.23,0.41,2.38,1.79,10.49,7.70,,
2025/04/29,247,SEF,47.29,9.77,10.03,9.77,10.03,10.03,0.0,0.0,10.00,"102,098.00",9.90,"1,020,684.00",13,0.13,0.26,1.31,2.66,0.33,10.49,7.70,,
2025/04/30,251,SEF,37.23,10.08,10.08,9.91,9.96,9.96,0.0,0.0,10.00,"40,200.00",10.03,"401,905.00",10,-0.07,0.17,-0.7,1.72,-0.38,10.49,7.70,,
2025/05/04,257,SEF,48.63,9.95,9.99,9.95,9.99,9.99,0.0,0.0,9.96,"95,000.00",9.96,"946,500.00",10,0.03,0.04,0.3,0.4,0.27,10.49,7.70,,
2025/05/05,254,SEF,32.81,9.96,9.96,9.81,9.88,9.88,0.0,0.0,9.93,"28,100.00",9.99,"279,142.00",9,-0.11,0.15,-1.1,1.53,-0.55,10.49,7.70,,
2025/05/06,253,SEF,22.6,9.8,9.9,9.77,9.83,9.78,0.05,0.01,9.82,"15,495.00",9.88,"152,174.15",12,-0.05,0.13,-0.51,1.33,0.09,10.49,7.70,,
2025/05/07,244,SEF,20.6,9.75,9.94,9.75,9.94,9.94,0.0,0.0,9.79,"7,499.00",9.83,"73,396.06",6,0.11,0.19,1.12,1.95,1.53,10.49,7.70,,
2025/05/08,248,SEF,21.37,9.77,9.84,9.77,9.84,9.84,0.0,0.0,9.79,"14,900.00",9.94,"145,866.00",7,-0.1,0.07,-1.01,0.72,0.51,10.49,7.70,,
2025/05/11,235,SEF,19.8,9.66,9.7,9.66,9.7,9.70,0.0,0.0,9.70,"8,500.00",9.84,"82,410.00",6,-0.14,0.04,-1.42,0.41,0.05,10.49,7.70,,
2025/05/13,250,SEF,37.59,9.72,9.92,9.7,9.7,9.70,0.0,0.0,9.70,"406,400.00",9.70,"3,943,509.00",17,0.0,0.22,0.0,2.27,-0.04,10.49,7.77,,
2025/05/14,253,SEF,27.02,9.55,9.76,9.55,9.7,9.70,0.0,0.0,9.65,"5,278.00",9.70,"50,939.28",8,0.0,0.21,0.0,2.2,0.5,10.49,7.80,,
2025/03/24,261,SEF,17.44,9.51,9.85,9.51,9.72,9.85,-0.13,-0.01,9.66,900.00,9.67,"8,695.00",4,0.05,0.34,0.52,3.58,0.61,10.49,7.42,,
2025/03/25,259,SEF,19.6,9.62,9.63,9.56,9.61,9.61,0.0,0.0,9.60,"15,400.00",9.72,"147,864.00",10,-0.11,0.07,-1.13,0.73,0.09,10.49,7.42,,
2025/03/26,260,SEF,16.19,9.22,9.29,9.22,9.29,9.29,0.0,0.0,9.22,"20,152.00",9.10,"185,812.08",3,0.19,0.07,2.09,0.76,0.75,11.50,8.72,10.04,9.92
2025/03/27,244,SEF,34.18,10.0,10.09,9.75,9.9,9.91,-0.01,0.0,9.92,"147,500.00",9.82,"1,463,714.00",15,0.08,0.34,0.81,3.49,-0.24,10.49,7.42,,
2025/03/30,258,SEF,35.44,9.71,9.91,9.71,9.88,9.90,-0.02,0.0,9.90,"28,700.00",9.90,"284,006.00",10,-0.02,0.2,-0.2,2.06,-0.16,10.49,7.42,,
2025/04/01,255,SEF,32.41,10.0,10.0,9.81,9.9,9.90,0.0,0.0,9.87,"4,300.00",9.88,"42,450.00",5,0.02,0.19,0.2,1.94,0.28,10.49,7.42,,
2025/04/02,255,SEF,34.57,10.08,10.08,9.8,9.95,9.95,0.0,0.0,9.83,"5,300.00",9.90,"52,094.00",10,0.05,0.28,0.51,2.86,1.22,10.49,7.42,,
2025/04/07,256,SEF,31.6,9.87,9.87,9.87,9.87,9.87,0.0,0.0,9.87,"5,000.00",9.95,"49,350.00",1,-0.08,0.0,-0.8,0.0,0.0,10.49,7.42,,
2025/04/08,257,SEF,24.39,9.74,9.93,9.74,9.81,9.81,0.0,0.0,9.79,"8,200.00",9.87,"80,242.00",8,-0.06,0.19,-0.61,1.95,0.25,10.49,7.42,,
2025/04/09,252,SEF,30.26,9.81,10.0,9.81,9.95,9.93,0.02,0.0,9.98,"65,075.00",9.81,"649,625.02",18,0.14,0.19,1.43,1.94,-0.33,10.49,7.42,,
2025/04/10,257,SEF,28.0,9.93,9.95,9.9,9.9,9.90,0.0,0.0,9.92,"146,580.00",9.95,"1,454,201.00",9,-0.05,0.05,-0.5,0.51,-0.21,10.49,7.42,,
2025/04/13,257,SEF,39.22,9.71,10.04,9.71,10.04,10.04,0.0,0.0,9.97,"36,500.00",9.90,"363,907.50",10,0.14,0.33,1.41,3.4,0.7,10.49,7.42,,
2025/04/15,255,SEF,37.35,9.88,10.0,9.88,9.91,9.92,-0.01,0.0,9.92,"10,100.00",10.04,"100,144.00",7,-0.13,0.12,-1.29,1.21,-0.05,10.49,7.42,,
2025/04/16,265,SEF,20.74,9.87,9.91,9.87,9.91,9.91,0.0,0.0,9.88,"1,600.00",9.91,"15,815.00",3,0.0,0.04,0.0,0.41,0.26,10.49,7.42,,
2025/04/17,247,SEF,24.46,9.88,10.0,9.88,9.89,9.89,0.0,0.0,9.94,"20,150.00",9.91,"200,283.50",9,-0.02,0.12,-0.2,1.21,-0.5,10.49,7.42,,
2025/02/25,249,SEF,28.2,9.6,9.65,9.6,9.65,9.65,0.0,0.0,9.62,"3,700.00",9.55,"35,590.00",4,0.1,0.05,1.05,0.52,0.32,10.49,7.42,,
2025/02/27,236,SEF,45.09,9.55,9.74,9.55,9.71,9.71,0.0,0.0,9.67,"13,850.00",9.65,"133,867.50",7,0.06,0.19,0.62,1.99,0.46,10.49,7.42,,
2025/03/02,238,SEF,43.43,9.69,10.01,9.69,10.01,10.01,0.0,0.0,9.88,"70,732.00",9.71,"698,805.05",15,0.30,0.32,3.09,3.3,1.3,10.49,7.42,,
2025/03/03,235,SEF,47.64,9.81,10.0,9.81,9.87,9.87,0.0,0.0,9.97,"92,300.00",10.01,"920,370.00",24,-0.14,0.19,-1.4,1.94,-1.03,10.49,7.42,,
2025/03/04,253,SEF,45.95,9.68,10.15,9.68,9.86,9.86,0.0,0.0,10.03,"113,900.00",9.87,"1,142,320.00",28,-0.01,0.47,-0.1,4.86,-1.72,10.49,7.42,,
2025/03/05,244,SEF,50.8,9.68,10.01,9.68,9.93,9.93,0.0,0.0,9.97,"133,051.00",9.86,"1,326,180.51",20,0.07,0.33,0.71,3.41,-0.38,10.49,7.42,,
2025/03/06,246,SEF,53.48,10.1,10.1,9.99,10.0,10.00,0.0,0.0,10.00,"189,500.00",9.93,"1,894,554.80",18,0.07,0.11,0.7,1.1,0.02,10.49,7.42,,
2025/03/09,251,SEF,35.27,10.0,10.0,9.84,9.9,9.90,0.0,0.0,9.96,"126,475.00",10.00,"1,259,397.00",13,-0.1,0.16,-1.0,1.63,-0.58,10.49,7.42,,
2025/03/10,247,SEF,31.57,10.08,10.08,9.76,9.8,9.80,0.0,0.0,9.89,"71,651.00",9.90,"708,792.78",9,-0.1,0.32,-1.01,3.28,-0.94,10.49,7.42,,
2025/03/11,239,SEF,35.46,9.74,9.93,9.74,9.9,9.90,0.0,0.0,9.89,"54,400.00",9.80,"538,192.00",7,0.1,0.19,1.02,1.95,0.07,10.49,7.42,,
2025/03/12,258,SEF,30.91,9.9,9.9,9.85,9.9,9.90,0.0,0.0,9.90,"55,300.00",9.90,"547,303.00",6,0.0,0.05,0.0,0.51,0.03,10.49,7.42,,
2025/03/16,252,SEF,35.76,9.8,9.96,9.8,9.9,9.90,0.0,0.0,9.88,"349,800.00",9.90,"3,456,109.00",15,0.0,0.16,0.0,1.63,0.2,10.49,7.42,,
2025/03/17,267,SEF,34.94,9.75,9.89,9.75,9.8,9.80,0.0,0.0,9.84,"20,400.00",9.90,"200,725.00",11,-0.1,0.14,-1.01,1.44,-0.4,10.49,7.42,,
2025/03/18,248,SEF,20.43,9.98,9.98,9.8,9.8,9.80,0.0,0.0,9.81,"10,000.00",9.80,"98,145.00",8,0.0,0.18,0.0,1.84,-0.15,10.49,7.42,,
2025/03/19,246,SEF,31.04,9.96,9.97,9.85,9.85,9.85,0.0,0.0,9.96,"28,000.00",9.80,"278,900.00",5,0.05,0.12,0.51,1.22,-1.12,10.49,7.42,,
2025/03/20,248,SEF,28.05,9.81,9.85,9.8,9.85,9.85,0.0,0.0,9.82,"106,000.00",9.85,"1,041,310.00",7,0.0,0.05,0.0,0.51,0.27,10.49,7.42,,
2025/01/28,260,SEF,36.15,9.5,9.5,9.5,9.5,9.50,0.0,0.0,9.50,"11,800.00",9.61,"112,100.00",5,-0.11,0.00,-1.14,0.0,0.0,10.49,7.42,,
2025/02/02,264,SEF,46.84,9.59,9.72,9.58,9.6,9.60,0.0,0.0,9.67,"85,800.00",9.50,"829,825.00",9,0.1,0.14,1.05,1.46,-0.75,10.49,7.42,,
2025/02/03,254,SEF,40.32,9.63,9.65,9.63,9.64,9.64,0.0,0.0,9.65,"12,800.00",9.60,"123,482.00",5,0.04,0.02,0.42,0.21,-0.07,10.49,7.42,,
2025/02/04,249,SEF,36.63,9.5,9.5,9.48,9.5,9.50,0.0,0.0,9.49,"9,000.00",9.64,"85,424.00",4,-0.14,0.02,-1.45,0.21,0.09,10.49,7.42,,
2025/02/05,244,SEF,39.51,9.5,9.69,9.5,9.69,9.69,0.0,0.0,9.57,"3,300.00",9.50,"31,575.00",7,0.19,0.19,2.0,2.0,1.26,10.49,7.42,,
2025/02/06,249,SEF,41.73,9.5,9.6,9.5,9.6,9.60,0.0,0.0,9.52,"13,102.00",9.69,"124,754.02",10,-0.09,0.1,-0.93,1.05,0.82,10.49,7.42,,
2025/02/09,241,SEF,32.91,9.53,9.65,9.48,9.65,9.65,0.0,0.0,9.52,"1,780.00",9.60,"16,953.40",5,0.05,0.17,0.52,1.79,1.3,10.49,7.42,,
2025/02/10,258,SEF,30.02,9.48,9.58,9.46,9.58,9.58,0.0,0.0,9.52,"41,500.00",9.65,"395,194.00",10,-0.07,0.12,-0.73,1.27,0.6,10.49,7.42,,
2025/02/11,236,SEF,39.39,9.58,9.6,9.58,9.6,9.60,0.0,0.0,9.60,"3,600.00",9.58,"34,558.00",3,0.02,0.02,0.21,0.21,0.01,10.49,7.42,,
2025/02/12,243,SEF,31.62,9.51,9.72,9.51,9.56,9.56,0.0,0.0,9.69,"109,042.00",9.60,"1,056,849.24",10,-0.04,0.21,-0.42,2.21,-1.38,10.49,7.42,,
2025/02/13,260,SEF,16.19,9.22,9.29,9.22,9.29,9.29,0.0,0.0,9.22,"20,152.00",9.10,"185,812.08",3,0.19,0.07,2.09,0.76,0.75,11.50,8.72,10.04,9.92
2025/02/16,243,SEF,44.59,9.56,9.73,9.56,9.73,9.73,0.0,0.0,9.72,"46,050.00",9.61,"447,639.00",7,0.12,0.17,1.25,1.78,0.1,10.49,7.42,,
2025/02/17,238,SEF,47.51,9.89,9.89,9.7,9.88,9.88,0.0,0.0,9.87,"81,200.00",9.73,"801,312.50",20,0.15,0.19,1.54,1.96,0.12,10.49,7.42,,
2025/02/18,251,SEF,51.04,9.9,9.97,9.76,9.85,9.85,0.0,0.0,9.90,"248,673.00",9.88,"2,461,826.45",27,-0.03,0.21,-0.3,2.15,-0.51,10.49,7.42,,
2025/02/20,245,SEF,36.64,9.67,9.86,9.5,9.6,9.60,0.0,0.0,9.66,"314,540.00",9.85,"3,037,003.60",31,-0.25,0.36,-2.54,3.79,-0.58,10.49,7.42,,
2025/02/23,264,SEF,38.85,9.6,9.8,9.6,9.8,9.80,0.0,0.0,9.76,"56,245.00",9.60,"548,799.90",15,0.20,0.20,2.08,2.08,0.44,10.49,7.42,,
2025/01/02,249,SEF,38.4,9.71,9.71,9.37,9.71,9.71,0.0,0.0,9.41,"7,600.00",9.52,"71,522.00",8,0.19,0.34,2.0,3.63,3.08,10.49,7.42,,
2025/01/05,262,SEF,34.9,9.6,9.6,9.6,9.6,9.60,0.0,0.0,9.60,"14,000.00",9.71,"134,400.00",6,-0.11,0.0,-1.13,0.0,0.0,10.49,7.42,,
2025/01/06,247,SEF,32.96,9.6,9.79,9.41,9.52,9.52,0.0,0.0,9.48,"26,600.00",9.60,"252,287.00",13,-0.08,0.38,-0.83,4.04,0.37,10.49,7.42,,
2025/01/07,241,SEF,39.53,9.7,9.7,9.37,9.7,9.70,0.0,0.0,9.41,"42,100.00",9.52,"396,113.00",13,0.18,0.33,1.89,3.52,3.0,10.49,7.42,,
2025/01/08,240,SEF,36.16,9.51,9.56,9.51,9.55,9.55,0.0,0.0,9.55,"20,100.00",9.70,"191,952.50",4,-0.15,0.05,-1.55,0.53,0.0,10.49,7.42,,
2025/01/09,244,SEF,19.14,9.51,9.51,9.51,9.51,9.51,0.0,0.0,9.51,"9,713.00",9.55,"92,370.63",3,-0.04,0.0,-0.42,0.0,0.0,10.49,7.42,,
2025/01/12,237,SEF,34.35,9.32,9.71,9.32,9.71,9.71,0.0,0.0,9.37,"3,600.00",9.51,"33,731.00",4,0.2,0.39,2.1,4.18,3.5,10.49,7.42,,
2025/01/13,258,SEF,36.3,9.71,9.75,9.56,9.73,9.73,0.0,0.0,9.60,"2,552.00",9.71,"24,508.00",5,0.02,0.19,0.21,1.99,1.3,10.49,7.42,,
2025/01/15,235,SEF,44.12,9.6,9.7,9.6,9.7,9.70,0.0,0.0,9.64,"178,200.00",9.73,"1,718,644.00",15,-0.03,0.1,-0.31,1.04,0.57,10.49,7.42,,
2025/01/16,233,SEF,44.09,9.51,9.78,9.51,9.62,9.62,0.0,0.0,9.72,"261,739.00",9.70,"2,544,022.91",16,-0.08,0.27,-0.82,2.84,-1.04,10.49,7.42,,
2025/01/19,261,SEF,19.98,9.79,9.79,9.49,9.5,9.50,0.0,0.0,9.63,"51,900.00",9.62,"500,021.00",12,-0.12,0.30,-1.25,3.16,-1.41,10.49,7.42,,
2025/01/20,247,SEF,22.81,9.49,9.82,9.47,9.5,9.50,0.0,0.0,9.52,"105,300.00",9.50,"1,002,640.00",13,0.0,0.35,0.0,3.7,-0.23,10.49,7.42,,
2025/01/21,246,SEF,22.94,9.6,9.68,9.4,9.49,9.49,0.0,0.0,9.48,"120,065.00",9.50,"1,138,277.35",26,-0.01,0.28,-0.11,2.98,0.1,10.49,7.42,,
2025/01/22,258,SEF,17.99,9.5,9.56,9.5,9.56,9.56,0.0,0.0,9.53,"2,000.00",9.49,"19,060.00",3,0.07,0.06,0.74,0.63,0.31,10.49,7.42,,
2025/01/23,254,SEF,21.42,9.39,9.56,9.38,9.56,9.56,0.0,0.0,9.54,"58,900.00",9.56,"561,647.80",13,0.00,0.18,0.0,1.92,0.26,10.49,7.42,,
2025/01/26,252,SEF,32.36,9.45,9.52,9.45,9.52,9.52,0.0,0.0,9.47,"1,600.00",9.56,"15,155.00",4,-0.04,0.07,-0.42,0.74,0.51,10.49,7.42,,
2024/12/05,243,SEF,28.16,9.8,9.87,9.78,9.87,9.87,0.0,0.0,9.83,"5,800.00",9.96,"56,992.00",9,-0.09,0.09,-0.9,0.92,0.44,10.49,7.42,,
2024/12/08,255,SEF,29.23,9.9,9.99,9.71,9.72,9.72,0.0,0.0,9.73,"57,400.00",9.87,"558,608.00",11,-0.15,0.28,-1.52,2.88,-0.12,10.49,7.42,,
2024/12/09,254,SEF,23.42,9.91,9.95,9.77,9.77,9.77,0.0,0.0,9.94,"5,600.00",9.72,"55,662.00",8,0.05,0.18,0.51,1.84,-1.74,10.49,7.42,,
2024/12/10,239,SEF,23.27,9.76,9.76,9.75,9.75,9.75,0.0,0.0,9.75,"3,000.00",9.77,"29,260.00",2,-0.02,0.01,-0.2,0.1,-0.03,10.49,7.42,,
2024/12/11,244,SEF,22.06,9.7,9.76,9.7,9.76,9.76,0.0,0.0,9.71,"1,100.00",9.75,"10,676.00",2,0.01,0.06,0.1,0.62,0.56,10.49,7.42,,
2024/12/12,240,SEF,34.21,9.7,9.88,9.68,9.88,9.88,0.0,0.0,9.82,"35,200.00",9.76,"345,696.00",5,0.12,0.2,1.23,2.07,0.6,10.49,7.42,,
2024/12/16,239,SEF,27.46,9.9,9.9,9.55,9.66,9.66,0.0,0.0,9.68,"37,400.00",9.88,"361,984.00",9,-0.22,0.35,-2.23,3.66,-0.19,10.49,7.42,,
2024/12/17,253,SEF,31.66,9.47,9.69,9.47,9.69,9.69,0.0,0.0,9.64,"14,300.00",9.66,"137,829.00",11,0.03,0.22,0.31,2.32,0.53,10.49,7.42,,
2024/12/18,250,SEF,30.44,9.57,9.6,9.55,9.6,9.60,0.0,0.0,9.58,"18,750.00",9.69,"179,623.00",10,-0.09,0.05,-0.93,0.52,0.21,10.49,7.42,,
2024/12/19,245,SEF,30.95,9.48,9.55,9.4,9.4,9.40,0.0,0.0,9.47,"95,480.00",9.60,"904,648.00",19,-0.2,0.15,-2.08,1.6,-0.8,10.49,7.42,,
2024/12/22,254,SEF,28.07,9.25,9.5,9.25,9.49,9.49,0.0,0.0,9.45,"40,500.00",9.40,"382,656.00",12,0.09,0.25,0.96,2.7,0.44,10.49,7.42,,
2024/12/23,263,SEF,27.27,9.45,9.55,9.45,9.55,9.55,0.0,0.0,9.55,"7,550.00",9.49,"72,067.50",4,0.06,0.10,0.63,1.06,0.05,10.49,7.42,,
2024/12/24,247,SEF,37.93,9.7,9.7,9.51,9.7,9.70,0.0,0.0,9.67,"16,100.00",9.55,"155,621.00",5,0.15,0.19,1.57,2.0,0.35,10.49,7.42,,
2024/12/26,245,SEF,48.11,9.52,9.7,9.52,9.7,9.70,0.0,0.0,9.55,"5,923,340.00",9.70,"56,567,822.00",16,0.0,0.18,0.0,1.89,1.55,10.49,7.42,,
2024/12/29,252,SEF,40.22,9.56,9.75,9.56,9.58,9.58,0.0,0.0,9.58,"1,300.00",9.70,"12,449.00",4,-0.12,0.19,-1.24,1.99,0.04,10.49,7.42,,
2024/12/31,243,SEF,26.17,9.5,9.5,9.4,9.45,9.45,0.0,0.0,9.45,"32,910.00",9.58,"311,016.00",6,-0.13,0.10,-1.36,1.06,-0.01,10.49,7.42,,
2024/11/11,238,SEF,-,10.26,10.3,9.93,9.93,9.93,0.0,0.0,10.26,"125,000.00",10.06,"1,281,898.00",18,-0.13,0.37,-1.29,3.73,-3.27,10.49,7.26,,
2024/11/12,247,SEF,-,10.12,10.12,9.76,9.76,9.76,0.0,0.0,9.78,"5,818.00",9.93,"56,915.16",8,-0.17,0.36,-1.71,3.69,-0.23,10.49,7.26,,
2024/11/13,244,SEF,27.66,9.95,10.14,9.6,9.69,9.69,0.0,0.0,9.62,"24,400.00",9.76,"234,630.00",15,-0.07,0.54,-0.72,5.63,0.76,10.49,7.26,,
2024/11/14,256,SEF,31.76,9.52,9.8,9.52,9.8,9.80,0.0,0.0,9.67,"10,450.00",9.69,"101,054.50",8,0.11,0.28,1.14,2.94,1.32,10.49,7.26,,
2024/11/17,261,SEF,27.82,9.93,9.93,9.74,9.93,9.93,0.0,0.0,9.77,"25,200.00",9.80,"246,287.00",19,0.13,0.19,1.33,1.95,1.58,10.49,7.26,,
2024/11/19,245,SEF,46.7,9.75,9.84,9.75,9.84,9.84,0.0,0.0,9.80,"124,208.00",9.93,"1,217,072.40",6,-0.09,0.09,-0.91,0.92,0.42,10.49,7.26,,
2024/11/20,256,SEF,31.45,9.67,9.74,9.67,9.74,9.74,0.0,0.0,9.71,"21,100.00",9.84,"204,944.00",7,-0.1,0.07,-1.02,0.72,0.28,10.49,7.26,,
2024/11/21,250,SEF,34.42,9.79,9.85,9.76,9.82,9.82,0.0,0.0,9.83,"29,000.00",9.74,"285,000.00",7,0.08,0.09,0.82,0.92,-0.08,10.49,7.26,,
2024/11/24,256,SEF,28.93,9.74,9.96,9.72,9.82,9.82,0.0,0.0,9.84,"46,100.00",9.82,"453,581.00",17,0.0,0.24,0.0,2.47,-0.19,10.49,7.26,,
2024/11/25,244,SEF,40.03,9.81,10.03,9.81,10.0,10.00,0.0,0.0,9.99,"100,869.00",9.82,"1,007,763.82",25,0.18,0.22,1.83,2.24,0.09,10.49,7.26,,
2024/11/26,248,SEF,40.81,9.83,10.06,9.83,9.97,9.97,0.0,0.0,10.01,"101,245.00",10.00,"1,013,748.15",18,-0.03,0.23,-0.3,2.34,-0.43,10.49,7.26,,
2024/11/27,251,SEF,43.97,9.8,10.1,9.79,10.1,10.10,0.0,0.0,10.01,"75,921.00",9.97,"760,239.95",25,0.13,0.31,1.3,3.17,0.86,10.49,7.42,,
2024/11/28,243,SEF,23.33,10.0,10.0,9.79,9.81,9.81,0.0,0.0,9.81,"11,600.00",10.10,"113,805.00",6,-0.29,0.21,-2.87,2.15,-0.01,10.49,7.42,,
2024/12/01,249,SEF,24.57,9.8,9.82,9.76,9.8,9.80,0.0,0.0,9.78,"14,126.00",9.81,"138,161.76",7,-0.01,0.06,-0.1,0.61,0.2,10.49,7.42,,
2024/12/02,249,SEF,21.66,9.72,9.91,9.72,9.85,9.85,0.0,0.0,9.88,"8,100.00",9.80,"80,032.00",11,0.05,0.19,0.51,1.95,-0.31,10.49,7.42,,
2024/12/03,243,SEF,31.68,9.66,10.04,9.66,10.0,10.00,0.0,0.0,9.91,"25,882.00",9.85,"256,457.04",18,0.15,0.38,1.52,3.93,0.91,10.49,7.42,,
2024/10/08,260,SEF,16.19,9.22,9.29,9.22,9.29,9.29,0.0,0.0,9.22,"20,152.00",9.10,"185,812.08",3,0.19,0.07,2.09,0.76,0.75,11.50,8.72,10.04,9.92
2024/10/09,231,SEF,-,9.28,9.44,9.26,9.41,9.41,0.0,0.0,9.28,"22,000.00",9.10,"204,201.00",8,0.31,0.18,3.41,1.94,1.36,10.49,7.16,,
2024/10/15,242,SEF,-,9.25,9.25,9.23,9.23,9.23,0.0,0.0,9.24,"15,420.00",9.41,"142,446.60",8,-0.18,0.02,-1.91,0.22,-0.08,10.49,7.16,,
2024/10/16,255,SEF,-,9.15,9.41,9.15,9.41,9.41,0.0,0.0,9.38,"5,600.00",9.23,"52,532.00",7,0.18,0.26,1.95,2.84,0.31,10.49,7.16,,
2024/10/17,252,SEF,-,9.59,9.77,9.55,9.77,9.77,0.0,0.0,9.59,"1,800.00",9.41,"17,253.00",6,0.36,0.22,3.83,2.3,1.89,10.49,7.16,,
2024/10/20,251,SEF,-,9.61,9.61,9.42,9.42,9.42,0.0,0.0,9.46,"35,127.00",9.77,"332,459.77",18,-0.35,0.19,-3.58,2.02,-0.47,10.49,7.16,,
2024/10/21,253,SEF,-,9.6,9.71,9.42,9.71,9.71,0.0,0.0,9.56,"9,366.00",9.42,"89,564.60",8,0.29,0.29,3.08,3.08,1.52,10.49,7.16,,
2024/10/22,250,SEF,-,9.7,9.9,9.49,9.75,9.75,0.0,0.0,9.75,"287,832.00",9.71,"2,807,586.20",35,0.04,0.41,0.41,4.32,-0.04,10.49,7.16,,
2024/10/23,258,SEF,-,9.88,9.9,9.51,9.51,9.51,0.0,0.0,9.74,"5,200.00",9.75,"50,643.00",7,-0.24,0.39,-2.46,4.1,-2.41,10.49,7.16,,
2024/10/24,253,SEF,-,9.7,9.7,9.35,9.63,9.63,0.0,0.0,9.51,"17,600.00",9.51,"167,427.00",14,0.12,0.35,1.26,3.74,1.22,10.49,7.16,,
2024/10/27,256,SEF,-,9.79,9.79,9.55,9.55,9.55,0.0,0.0,9.62,"31,331.00",9.63,"301,506.90",17,-0.08,0.24,-0.83,2.51,-0.77,10.49,7.16,,
2024/10/28,243,SEF,-,9.7,9.89,9.63,9.76,9.76,0.0,0.0,9.71,"16,801.00",9.55,"163,105.70",23,0.21,0.26,2.2,2.7,0.53,10.49,7.16,,
2024/10/29,255,SEF,-,9.94,9.94,9.62,9.8,9.80,0.0,0.0,9.66,"31,000.00",9.76,"299,399.00",8,0.04,0.32,0.41,3.33,1.45,10.49,7.16,,
2024/10/30,242,SEF,-,9.8,9.8,9.61,9.61,9.61,0.0,0.0,9.71,200.00,9.80,"1,941.00",2,-0.19,0.19,-1.94,1.98,-0.99,10.49,7.16,,
2024/11/05,238,SEF,-,9.54,9.54,9.46,9.46,9.46,0.0,0.0,9.50,"504,938.00",9.61,"4,797,375.00",17,-0.15,0.08,-1.56,0.85,-0.43,10.49,7.16,,
2024/11/06,254,SEF,-,9.64,9.84,9.6,9.79,9.79,0.0,0.0,9.63,"90,000.00",9.46,"867,042.00",15,0.33,0.24,3.49,2.5,1.6,10.49,7.16,,
2024/09/10,263,SEF,41.55,9.35,9.48,9.1,9.1,9.10,0.0,0.0,9.28,"70,662.00",9.48,"655,416.10",26,-0.38,0.38,-4.01,4.18,-1.93,10.49,7.16,,
2024/09/11,254,SEF,31.49,9.0,9.1,8.97,9.06,9.06,0.0,0.0,9.07,"10,600.00",9.10,"96,102.00",6,-0.04,0.13,-0.44,1.45,-0.07,10.49,7.16,,
2024/09/12,254,SEF,50.92,9.24,9.58,9.21,9.3,9.30,0.0,0.0,9.26,"286,025.00",9.06,"2,647,256.00",32,0.24,0.37,2.65,4.02,0.48,10.49,7.16,,
2024/09/15,260,SEF,45.62,9.48,9.48,9.1,9.25,9.25,0.0,0.0,9.25,"924,700.00",9.30,"8,553,876.00",31,-0.05,0.38,-0.54,4.18,0.0,10.49,7.16,,
2024/09/16,247,SEF,49.58,9.25,9.25,9.08,9.1,9.10,0.0,0.0,9.23,"167,840.00",9.25,"1,549,218.80",12,-0.15,0.17,-1.62,1.87,-1.43,10.49,7.16,,
2024/09/18,256,SEF,47.27,9.1,9.1,9.07,9.09,9.09,0.0,0.0,9.09,"4,000.00",9.10,"36,360.00",4,-0.01,0.03,-0.11,0.33,0.0,10.49,7.16,,
2024/09/22,259,SEF,42.92,9.05,9.05,9.05,9.05,9.05,0.0,0.0,9.05,750.00,9.09,"6,787.50",2,-0.04,0.0,-0.44,0.0,0.0,10.49,7.16,,
2024/09/23,264,SEF,42.43,8.95,9.22,8.95,9.08,9.08,0.0,0.0,9.06,"3,130.00",9.05,"28,362.00",9,0.03,0.27,0.33,3.02,0.21,10.49,7.16,,
2024/09/24,243,SEF,36.29,8.97,8.97,8.95,8.95,8.95,0.0,0.0,8.95,"1,000.00",9.08,"8,952.00",2,-0.13,0.02,-1.43,0.22,-0.02,10.49,7.16,,
2024/09/25,263,SEF,45.45,8.78,9.1,8.78,8.92,8.92,0.0,0.0,9.09,"117,800.00",8.95,"1,070,636.00",12,-0.03,0.32,-0.34,3.64,-1.89,10.49,7.16,,
2024/09/26,258,SEF,41.04,9.09,9.09,9.09,9.09,9.09,0.0,0.0,9.09,200.00,8.92,"1,818.00",2,0.17,0.0,1.91,0.0,0.0,10.49,7.16,,
2024/09/29,262,SEF,42.82,9.09,9.09,8.75,8.78,8.78,0.0,0.0,8.87,"46,200.00",9.09,"409,688.00",9,-0.31,0.34,-3.41,3.89,-1.0,10.49,7.16,,
2024/09/30,254,SEF,39.09,8.72,8.78,8.72,8.73,8.73,0.0,0.0,8.73,"11,800.00",8.78,"103,014.00",6,-0.05,0.06,-0.57,0.69,0.0,10.49,7.16,,
2024/10/01,243,SEF,49.66,8.85,9.6,8.75,9.6,9.60,0.0,0.0,8.87,"9,560.00",8.73,"84,823.10",14,0.87,0.85,9.97,9.71,7.58,10.49,7.16,,
2024/10/02,244,SEF,54.89,9.56,9.56,9.01,9.19,9.19,0.0,0.0,9.17,"49,020.00",9.60,"449,568.00",15,-0.41,0.55,-4.27,6.1,0.21,10.49,7.16,,
2024/10/06,243,SEF,-,9.1,9.27,9.1,9.1,9.10,0.0,0.0,9.11,"3,250.00",9.19,"29,592.00",8,-0.09,0.17,-0.98,1.87,-0.06,10.49,7.16,,
2024/08/13,268,SEF,51.84,9.53,9.8,9.53,9.61,9.61,0.0,0.0,9.60,"55,400.00",9.60,"531,942.50",30,0.01,0.27,0.1,2.83,0.08,10.49,7.16,,
2024/08/14,268,SEF,49.61,9.42,9.46,9.1,9.3,9.30,0.0,0.0,9.29,"58,500.00",9.61,"543,263.00",28,-0.31,0.36,-3.23,3.96,0.14,10.49,7.16,,
2024/08/15,270,SEF,53.77,9.3,9.98,9.2,9.8,9.80,0.0,0.0,9.70,"180,995.00",9.30,"1,755,965.40",55,0.50,0.78,5.38,8.48,1.0,10.49,7.16,,
2024/08/18,265,SEF,64.65,9.61,10.0,9.61,10.0,10.00,0.0,0.0,9.99,"1,783,739.00",9.80,"17,820,489.68",80,0.20,0.39,2.04,4.06,0.09,10.49,7.16,,
2024/08/21,271,SEF,56.54,9.83,9.83,9.64,9.8,9.80,0.0,0.0,9.70,"72,210.00",10.00,"700,584.10",27,-0.20,0.19,-2.0,1.97,1.0,10.49,7.16,,
2024/08/22,267,SEF,64.25,9.63,9.95,9.63,9.95,9.95,0.0,0.0,9.83,"169,010.00",9.80,"1,660,970.20",36,0.15,0.32,1.53,3.32,1.23,10.49,7.16,,
2024/08/25,269,SEF,47.23,10.0,10.1,9.3,9.62,9.62,0.0,0.0,9.72,"76,800.00",9.95,"746,356.50",33,-0.33,0.80,-3.32,8.6,-1.02,10.49,7.16,,
2024/08/27,265,SEF,44.9,9.5,9.68,9.32,9.68,9.68,0.0,0.0,9.35,"212,100.00",9.62,"1,982,385.00",23,0.06,0.36,0.62,3.86,3.45,10.49,7.16,,
2024/08/28,262,SEF,61.76,9.7,10.0,9.51,9.83,9.83,0.0,0.0,9.94,"482,402.00",9.68,"4,793,987.14",38,0.15,0.49,1.55,5.15,-1.1,10.49,7.16,,
2024/08/29,257,SEF,55.77,9.66,10.04,9.66,9.8,9.80,0.0,0.0,9.98,"428,688.00",9.83,"4,278,317.80",31,-0.03,0.38,-0.31,3.93,-1.84,10.49,7.16,,
2024/09/01,272,SEF,52.48,9.8,10.08,9.63,9.63,9.63,0.0,0.0,9.82,"65,566.00",9.80,"643,921.70",25,-0.17,0.45,-1.73,4.67,-1.98,10.49,7.16,,
2024/09/02,270,SEF,56.22,9.44,9.8,9.44,9.8,9.80,0.0,0.0,9.52,"30,700.00",9.63,"292,312.00",21,0.17,0.36,1.77,3.81,2.84,10.49,7.16,,
2024/09/03,264,SEF,38.16,9.8,9.82,9.65,9.7,9.70,0.0,0.0,9.71,"18,820.00",9.80,"182,712.40",9,-0.1,0.17,-1.02,1.76,-0.09,10.49,7.16,,
2024/09/04,255,SEF,34.5,9.53,9.89,9.52,9.53,9.53,0.0,0.0,9.68,"31,275.00",9.70,"302,841.35",13,-0.17,0.37,-1.75,3.89,-1.61,10.49,7.16,,
2024/09/05,251,SEF,39.92,9.4,9.56,9.36,9.56,9.56,0.0,0.0,9.41,"64,600.00",9.53,"608,131.00",20,0.03,0.2,0.31,2.14,1.53,10.49,7.16,,
2024/09/08,264,SEF,31.55,9.6,9.75,9.38,9.38,9.38,0.0,0.0,9.46,"5,750.00",9.56,"54,376.00",7,-0.18,0.37,-1.88,3.94,-0.82,10.49,7.16,,
2024/07/18,248,SEF,63.26,8.97,9.03,8.8,9.02,9.02,0.0,0.0,8.97,"123,450.00",8.80,"1,107,503.50",31,0.22,0.23,2.5,2.61,0.54,9.30,7.16,,
2024/07/21,252,SEF,73.73,9.18,9.91,9.0,9.34,9.34,0.0,0.0,9.33,"279,338.00",9.02,"2,606,176.40",36,0.32,0.91,3.55,10.11,0.11,9.91,7.16,,
2024/07/22,246,SEF,71.64,9.52,9.95,9.52,9.8,9.80,0.0,0.0,9.81,"261,452.00",9.34,"2,565,524.27",31,0.46,0.43,4.93,4.52,-0.13,9.95,7.16,,
2024/07/23,254,SEF,72.82,9.99,10.17,9.62,9.96,9.96,0.0,0.0,10.06,"1,160,293.00",9.80,"11,671,661.82",48,0.16,0.55,1.63,5.72,-1.0,10.17,7.16,,
2024/07/24,247,SEF,62.08,9.78,10.0,9.78,9.99,9.99,0.0,0.0,9.98,"151,402.00",9.96,"1,510,241.98",30,0.03,0.22,0.3,2.25,0.15,10.17,7.16,,
2024/07/25,257,SEF,61.25,9.85,10.18,9.47,9.99,9.99,0.0,0.0,9.80,"334,600.00",9.99,"3,279,651.00",35,0.00,0.71,0.0,7.5,1.88,10.18,7.16,,
2024/07/28,255,SEF,60.43,10.0,10.49,9.81,10.49,10.49,0.0,0.0,10.02,"170,450.00",9.99,"1,707,402.40",34,0.50,0.68,5.01,6.93,4.51,10.49,7.16,,
2024/07/29,261,SEF,54.59,10.29,10.29,9.54,9.7,9.70,0.0,0.0,9.86,"319,400.00",10.49,"3,149,812.00",50,-0.79,0.75,-7.53,7.86,-1.67,10.49,7.16,,
2024/07/30,266,SEF,60.23,9.51,9.69,8.72,9.62,9.62,0.0,0.0,9.01,"762,740.00",9.70,"6,876,088.00",73,-0.08,0.97,-0.82,11.12,6.29,10.49,7.16,,
2024/07/31,269,SEF,55.7,9.81,10.35,9.71,9.89,9.89,0.0,0.0,9.89,"260,430.00",9.62,"2,576,512.00",40,0.27,0.64,2.81,6.59,-0.03,10.49,7.16,,
2024/08/01,269,SEF,49.3,9.75,9.89,9.64,9.64,9.64,0.0,0.0,9.79,"80,206.00",9.89,"784,818.52",30,-0.25,0.25,-2.53,2.59,-1.5,10.49,7.16,,
2024/08/05,262,SEF,49.26,9.83,9.83,9.48,9.48,9.48,0.0,0.0,9.51,"48,300.00",9.64,"459,298.00",18,-0.16,0.35,-1.66,3.69,-0.31,10.49,7.16,,
2024/08/06,258,SEF,45.99,9.34,9.48,9.16,9.18,9.18,0.0,0.0,9.22,"72,310.00",9.48,"666,687.90",28,-0.30,0.32,-3.16,3.49,-0.43,10.49,7.16,,
2024/08/07,266,SEF,48.65,9.18,9.57,9.16,9.42,9.42,0.0,0.0,9.34,"78,619.00",9.18,"734,244.78",21,0.24,0.41,2.61,4.48,0.86,10.49,7.16,,
2024/08/08,258,SEF,59.77,9.42,9.98,9.42,9.8,9.80,0.0,0.0,9.62,"1,636,898.00",9.42,"15,745,133.30",51,0.38,0.56,4.03,5.94,1.85,10.49,7.16,,
2024/08/11,267,SEF,64.04,9.85,9.85,9.64,9.66,9.66,0.0,0.0,9.84,"847,500.00",9.80,"8,336,106.60",63,-0.14,0.21,-1.43,2.18,-1.82,10.49,7.16,,
2024/06/25,255,SEF,43.96,8.45,8.59,8.1,8.1,8.10,0.0,0.0,8.10,"32,025.00",8.30,"259,558.25",8,-0.2,0.49,-2.41,6.05,-0.06,9.43,7.16,,
2024/06/26,242,SEF,54.59,8.26,8.26,7.98,8.12,8.12,0.0,0.0,8.09,"41,600.00",8.10,"336,632.00",12,0.02,0.28,0.25,3.51,0.34,9.43,7.16,,
2024/06/27,270,SEF,51.19,7.96,8.1,7.95,7.95,7.95,0.0,0.0,7.96,"79,250.00",8.12,"630,843.50",15,-0.17,0.15,-2.09,1.89,-0.13,9.43,7.16,,
2024/06/30,257,SEF,42.58,7.8,8.39,7.8,7.86,7.86,0.0,0.0,7.90,"56,735.00",7.95,"448,242.10",21,-0.09,0.59,-1.13,7.56,-0.52,9.43,7.16,,
2024/07/01,259,SEF,42.16,7.85,8.0,7.85,8.0,8.00,0.0,0.0,7.86,"6,102.00",7.86,"47,980.70",8,0.14,0.15,1.78,1.91,1.71,9.43,7.16,,
2024/07/02,250,SEF,48.99,7.93,8.14,7.93,8.14,8.14,0.0,0.0,8.08,"5,100.00",8.00,"41,187.75",4,0.14,0.21,1.75,2.65,0.79,9.43,7.16,,
2024/07/03,250,SEF,55.08,8.28,8.41,8.1,8.1,8.10,0.0,0.0,8.26,"210,825.00",8.14,"1,741,771.75",21,-0.04,0.31,-0.49,3.83,-2.0,9.43,7.16,,
2024/07/04,249,SEF,56.39,8.0,8.26,8.0,8.26,8.26,0.0,0.0,8.14,"7,100.00",8.10,"57,810.00",7,0.16,0.26,1.98,3.25,1.43,9.43,7.16,,
2024/07/07,260,SEF,16.19,9.22,9.29,9.22,9.29,9.29,0.0,0.0,9.22,"20,152.00",9.10,"185,812.08",3,0.19,0.07,2.09,0.76,0.75,11.50,8.72,10.04,9.92
2024/07/08,258,SEF,54.76,8.05,8.36,8.05,8.36,8.36,0.0,0.0,8.29,"6,200.00",8.20,"51,428.00",4,0.16,0.31,1.95,3.85,0.78,9.43,7.16,,
2024/07/09,252,SEF,63.44,8.2,8.4,8.15,8.4,8.40,0.0,0.0,8.31,"30,900.00",8.36,"256,672.00",14,0.04,0.25,0.48,3.07,1.11,9.43,7.16,,
2024/07/10,259,SEF,55.7,8.24,8.3,8.2,8.3,8.30,0.0,0.0,8.24,"6,450.00",8.40,"53,142.00",7,-0.1,0.1,-1.19,1.22,0.73,9.43,7.16,,
2024/07/11,267,SEF,58.65,8.23,8.38,8.2,8.35,8.35,0.0,0.0,8.31,"6,350.00",8.30,"52,773.50",7,0.05,0.18,0.6,2.2,0.47,9.43,7.16,,
2024/07/14,246,SEF,62.85,8.46,8.7,8.4,8.7,8.70,0.0,0.0,8.53,"48,625.00",8.35,"415,003.50",22,0.35,0.30,4.19,3.57,1.9,9.43,7.16,,
2024/07/15,258,SEF,41.83,8.53,8.53,8.36,8.39,8.39,0.0,0.0,8.42,"7,400.00",8.70,"62,276.00",8,-0.31,0.17,-3.56,2.03,-0.31,9.43,7.16,,
2024/07/16,252,SEF,63.18,8.4,8.55,8.31,8.4,8.40,0.0,0.0,8.39,"14,500.00",8.39,"121,694.00",10,0.01,0.24,0.12,2.89,0.09,9.43,7.16,,
2024/05/30,248,SEF,41.91,8.15,8.18,8.15,8.17,8.17,0.0,0.0,8.18,"10,100.00",8.28,"82,608.00",4,-0.11,0.03,-1.33,0.37,-0.11,9.43,7.16,,
2024/06/02,264,SEF,41.83,8.33,8.33,8.03,8.18,8.18,0.0,0.0,8.17,700.00,8.17,"5,722.00",4,0.01,0.30,0.12,3.74,0.07,9.43,7.16,,
2024/06/03,254,SEF,39.29,8.33,8.33,8.02,8.05,8.05,0.0,0.0,8.09,"7,100.00",8.18,"57,453.00",8,-0.13,0.31,-1.59,3.87,-0.52,9.43,7.16,,
2024/06/04,252,SEF,41.03,8.21,8.35,8.07,8.1,8.10,0.0,0.0,8.13,"11,500.00",8.05,"93,475.00",8,0.05,0.28,0.62,3.47,-0.35,9.43,7.16,,
2024/06/05,245,SEF,38.87,7.98,8.03,7.96,8.03,8.03,0.0,0.0,7.99,"8,144.00",8.10,"65,061.00",12,-0.07,0.07,-0.86,0.88,0.51,9.43,7.16,,
2024/06/06,259,SEF,44.88,8.19,8.34,8.19,8.34,8.34,0.0,0.0,8.21,"1,200.00",8.03,"9,853.00",3,0.31,0.15,3.86,1.83,1.55,9.43,7.16,,
2024/06/09,249,SEF,43.16,8.45,8.45,8.04,8.04,8.04,0.0,0.0,8.19,"15,015.00",8.34,"122,945.46",7,-0.3,0.41,-3.6,5.1,-1.84,9.43,7.16,,
2024/06/10,252,SEF,37.8,8.04,8.04,8.04,8.04,8.04,0.0,0.0,8.04,"4,800.00",8.04,"38,592.00",2,0.0,0.00,0.0,0.0,0.0,9.43,7.16,,
2024/06/11,248,SEF,61.19,8.04,8.39,8.04,8.39,8.39,0.0,0.0,8.09,"34,075.00",8.04,"275,540.25",8,0.35,0.35,4.35,4.35,3.62,9.43,7.16,,
2024/06/12,250,SEF,42.3,8.54,8.54,8.17,8.17,8.17,0.0,0.0,8.25,"13,625.00",8.39,"112,389.50",6,-0.22,0.37,-2.62,4.53,-0.96,9.43,7.16,,
2024/06/13,250,SEF,57.04,8.2,8.2,8.1,8.1,8.10,0.0,0.0,8.13,"7,600.00",8.17,"61,770.00",5,-0.07,0.1,-0.86,1.23,-0.34,9.43,7.16,,
2024/06/16,254,SEF,60.62,8.26,8.42,8.15,8.3,8.30,0.0,0.0,8.21,"21,800.00",8.10,"178,940.50",10,0.2,0.27,2.47,3.31,1.11,9.43,7.16,,
2024/06/18,256,SEF,38.01,8.14,8.3,8.14,8.3,8.30,0.0,0.0,8.20,"1,625.00",8.30,"13,332.50",4,0.0,0.16,0.0,1.97,1.15,9.43,7.16,,
2024/06/19,245,SEF,50.84,8.34,8.34,8.2,8.2,8.20,0.0,0.0,8.28,"4,600.00",8.30,"38,085.00",4,-0.1,0.14,-1.2,1.71,-0.97,9.43,7.16,,
2024/06/20,243,SEF,59.97,8.34,8.34,8.14,8.14,8.14,0.0,0.0,8.16,"22,250.00",8.20,"181,491.00",18,-0.06,0.20,-0.73,2.46,-0.21,9.43,7.16,,
2024/06/23,254,SEF,44.72,8.0,8.27,7.9,8.05,8.05,0.0,0.0,7.92,"54,200.00",8.14,"429,528.00",17,-0.09,0.37,-1.11,4.68,1.55,9.43,7.16,,
2024/05/05,254,SEF,43.45,7.83,7.99,7.83,7.99,7.99,0.0,0.0,7.91,"34,000.00",7.97,"269,017.00",9,0.02,0.16,0.25,2.04,0.97,9.43,7.16,,
2024/05/06,248,SEF,29.73,7.85,7.9,7.85,7.9,7.90,0.0,0.0,7.86,"7,972.00",7.99,"62,674.64",5,-0.09,0.05,-1.13,0.64,0.48,9.43,7.16,,
2024/05/07,251,SEF,43.05,7.77,7.99,7.77,7.99,7.99,0.0,0.0,7.94,"7,900.00",7.90,"62,721.00",8,0.09,0.22,1.14,2.83,0.63,9.43,7.16,,
2024/05/08,243,SEF,39.71,7.99,8.0,7.86,8.0,8.00,0.0,0.0,7.91,"7,600.00",7.99,"60,105.00",4,0.01,0.14,0.13,1.78,1.14,9.43,7.16,,
2024/05/09,249,SEF,32.15,7.84,7.84,7.84,7.84,7.84,0.0,0.0,7.84,"6,000.00",8.00,"47,040.00",4,-0.16,0.00,-2.0,0.0,0.0,9.43,7.16,,
2024/05/12,248,SEF,35.29,7.8,7.85,7.7,7.85,7.85,0.0,0.0,7.84,"10,800.00",7.84,"84,710.00",3,0.01,0.15,0.13,1.95,0.08,9.43,7.16,,
2024/05/13,260,SEF,53.42,7.77,8.3,7.77,8.3,8.30,0.0,0.0,7.99,"27,200.00",7.85,"217,419.00",9,0.45,0.53,5.73,6.82,3.69,9.43,7.16,,
2024/05/14,260,SEF,56.91,8.15,8.24,8.1,8.15,8.15,0.0,0.0,8.15,"25,175.00",8.30,"205,063.50",9,-0.15,0.14,-1.81,1.73,0.05,9.43,7.16,,
2024/05/15,252,SEF,54.93,7.99,8.1,7.99,8.1,8.10,0.0,0.0,8.08,"29,000.00",8.15,"234,460.00",5,-0.05,0.11,-0.61,1.38,0.19,9.43,7.16,,
2024/05/16,253,SEF,49.37,7.95,8.24,7.95,8.08,8.08,0.0,0.0,8.06,"6,100.00",8.10,"49,184.00",5,-0.02,0.29,-0.25,3.65,0.21,9.43,7.16,,
2024/05/19,260,SEF,35.03,8.24,8.3,8.14,8.14,8.14,0.0,0.0,8.15,"2,700.00",8.08,"22,004.00",3,0.06,0.16,0.74,1.97,-0.12,9.43,7.16,,
2024/05/20,253,SEF,51.91,8.3,8.3,8.2,8.25,8.25,0.0,0.0,8.26,"29,576.00",8.14,"244,189.50",10,0.11,0.1,1.35,1.22,-0.08,9.43,7.16,,
2024/05/21,253,SEF,64.71,8.41,8.41,8.17,8.29,8.29,0.0,0.0,8.23,"54,774.00",8.25,"450,803.46",9,0.04,0.24,0.48,2.94,0.72,9.43,7.16,,
2024/05/22,254,SEF,55.67,8.31,8.31,8.2,8.3,8.30,0.0,0.0,8.22,"12,475.00",8.29,"102,506.00",6,0.01,0.11,0.12,1.34,1.0,9.43,7.16,,
2024/05/26,253,SEF,65.04,8.3,8.35,8.14,8.22,8.22,0.0,0.0,8.29,"38,700.00",8.30,"320,765.00",8,-0.08,0.21,-0.96,2.58,-0.83,9.43,7.16,,
2024/05/27,254,SEF,52.44,8.37,8.37,8.19,8.29,8.29,0.0,0.0,8.23,"23,950.00",8.22,"197,125.50",12,0.07,0.18,0.85,2.2,0.72,9.43,7.16,,
2024/04/03,260,SEF,16.19,9.22,9.29,9.22,9.29,9.29,0.0,0.0,9.22,"20,152.00",9.10,"185,812.08",3,0.19,0.07,2.09,0.76,0.75,11.50,8.72,10.04,9.92
2024/04/04,241,SEF,49.01,7.94,7.94,7.79,7.9,7.90,0.0,0.0,7.92,"5,000.00",7.80,"39,605.00",3,0.1,0.15,1.28,1.93,-0.27,9.43,7.16,,
2024/04/07,248,SEF,59.55,7.98,7.98,7.9,7.95,7.95,0.0,0.0,7.95,"73,825.00",7.90,"586,883.25",10,0.05,0.08,0.63,1.01,0.0,9.43,7.16,,
2024/04/09,260,SEF,16.19,9.22,9.29,9.22,9.29,9.29,0.0,0.0,9.22,"20,152.00",9.10,"185,812.08",3,0.19,0.07,2.09,0.76,0.75,11.50,8.72,10.04,9.92
2024/04/10,247,SEF,60.18,8.0,8.02,8.0,8.0,8.00,0.0,0.0,8.00,"105,500.00",8.10,"844,032.00",15,-0.1,0.02,-1.23,0.25,0.0,9.43,7.16,,
2024/04/14,257,SEF,54.18,8.0,8.0,8.0,8.0,8.00,0.0,0.0,8.00,"11,700.00",8.00,"93,600.00",3,0.0,0.0,0.0,0.0,0.0,9.43,7.16,,
2024/04/15,253,SEF,58.52,8.0,8.0,7.85,8.0,8.00,0.0,0.0,7.99,"72,600.00",8.00,"580,285.00",9,0.00,0.15,0.0,1.91,0.09,9.43,7.16,,
2024/04/16,252,SEF,36.71,7.87,7.87,7.87,7.87,7.87,0.0,0.0,7.87,"3,000.00",8.00,"23,610.00",2,-0.13,0.0,-1.63,0.0,0.0,9.43,7.16,,
2024/04/18,254,SEF,55.32,7.75,8.31,7.42,8.15,8.15,0.0,0.0,8.05,"43,140.00",7.87,"347,301.00",17,0.28,0.89,3.56,11.99,1.22,9.43,7.16,,
2024/04/21,248,SEF,60.34,8.15,8.3,7.94,8.1,8.10,0.0,0.0,8.20,"405,875.00",8.15,"3,328,195.50",22,-0.05,0.36,-0.61,4.53,-1.24,9.43,7.16,,
2024/04/22,257,SEF,55.68,8.05,8.21,8.05,8.15,8.15,0.0,0.0,8.16,"171,200.00",8.10,"1,397,180.00",7,0.05,0.16,0.62,1.99,-0.14,9.43,7.16,,
2024/04/24,251,SEF,47.24,8.05,8.2,7.89,7.89,7.89,0.0,0.0,8.08,"3,925.00",8.15,"31,712.25",6,-0.26,0.31,-3.19,3.93,-2.4,9.43,7.16,,
2024/04/28,246,SEF,35.18,7.9,7.96,7.9,7.96,7.96,0.0,0.0,7.90,"7,500.00",8.05,"59,280.00",6,-0.09,0.06,-1.12,0.76,0.7,9.43,7.16,,
2024/04/29,254,SEF,33.22,8.0,8.0,8.0,8.0,8.00,0.0,0.0,8.00,"5,000.00",7.96,"40,000.00",1,0.04,0.0,0.5,0.0,0.0,9.43,7.16,,
2024/04/30,258,SEF,33.29,7.84,8.0,7.84,7.9,7.90,0.0,0.0,7.90,"8,000.00",8.00,"63,170.00",6,-0.10,0.16,-1.25,2.04,0.05,9.43,7.16,,
2024/03/07,247,SEF,32.5,7.84,7.84,7.8,7.82,7.82,0.0,0.0,7.83,"12,000.00",7.90,"93,930.00",5,-0.08,0.04,-1.01,0.51,-0.1,9.43,7.16,,
2024/03/10,243,SEF,37.46,7.97,7.98,7.84,7.84,7.84,0.0,0.0,7.88,"13,500.00",7.82,"106,433.75",10,0.02,0.14,0.26,1.79,-0.56,9.43,7.16,,
2024/03/12,244,SEF,53.81,7.69,8.43,7.69,8.43,8.43,0.0,0.0,7.98,"11,920.00",7.84,"95,127.85",9,0.59,0.74,7.53,9.62,5.33,9.43,7.16,,
2024/03/13,247,SEF,63.81,8.27,8.27,8.0,8.16,8.16,0.0,0.0,8.08,"98,905.00",8.43,"798,945.00",20,-0.27,0.27,-3.2,3.38,1.01,9.43,7.16,,
2024/03/17,242,SEF,52.53,8.3,8.3,8.14,8.14,8.14,0.0,0.0,8.23,225.00,8.16,"1,851.50",2,-0.02,0.16,-0.25,1.97,-1.09,9.43,7.16,,
2024/03/18,242,SEF,57.25,8.29,8.29,8.0,8.13,8.13,0.0,0.0,8.00,"20,325.00",8.14,"162,662.25",4,-0.01,0.29,-0.12,3.63,1.56,9.43,7.16,,
2024/03/19,246,SEF,41.07,7.97,8.0,7.97,8.0,8.00,0.0,0.0,7.98,"5,775.00",8.13,"46,086.00",5,-0.13,0.03,-1.6,0.38,0.25,9.43,7.16,,
2024/03/20,243,SEF,44.21,7.85,8.07,7.84,8.05,8.05,0.0,0.0,7.92,"28,625.00",8.00,"226,613.75",9,0.05,0.23,0.63,2.93,1.66,9.43,7.16,,
2024/03/21,252,SEF,36.87,8.21,8.21,7.9,8.05,8.05,0.0,0.0,8.10,"8,950.00",8.05,"72,473.50",10,0.00,0.31,0.0,3.92,-0.59,9.43,7.16,,
2024/03/25,242,SEF,41.01,7.9,8.04,7.8,7.82,7.82,0.0,0.0,7.90,"43,275.00",8.05,"341,878.00",14,-0.23,0.24,-2.86,3.08,-1.02,9.43,7.16,,
2024/03/26,248,SEF,34.96,7.9,7.9,7.83,7.83,7.83,0.0,0.0,7.85,"3,650.00",7.82,"28,651.00",5,0.01,0.07,0.13,0.89,-0.25,9.43,7.16,,
2024/03/27,246,SEF,35.43,7.84,7.86,7.84,7.85,7.85,0.0,0.0,7.85,"10,350.00",7.83,"81,272.25",5,0.02,0.02,0.26,0.26,-0.03,9.43,7.16,,
2024/03/28,250,SEF,33.72,7.7,7.86,7.56,7.78,7.78,0.0,0.0,7.70,"5,650.00",7.85,"43,483.50",5,-0.07,0.3,-0.89,3.97,1.08,9.43,7.16,,
2024/03/31,254,SEF,42.36,7.7,7.72,7.7,7.72,7.72,0.0,0.0,7.72,"7,550.00",7.78,"58,276.00",3,-0.06,0.02,-0.77,0.26,0.02,9.43,7.16,,
2024/04/01,251,SEF,33.82,7.87,7.87,7.74,7.74,7.74,0.0,0.0,7.77,"2,500.00",7.72,"19,415.00",2,0.02,0.13,0.26,1.68,-0.34,9.43,7.16,,
2024/02/12,251,SEF,54.64,8.46,8.46,8.15,8.3,8.30,0.0,0.0,8.27,"53,540.00",8.30,"442,960.35",14,0.00,0.31,0.0,3.8,0.32,9.43,7.16,,
2024/02/13,242,SEF,47.97,8.14,8.44,7.98,8.01,8.01,0.0,0.0,8.05,"92,950.00",8.30,"748,048.50",16,-0.29,0.46,-3.49,5.76,-0.47,9.43,7.16,,
2024/02/14,239,SEF,50.26,8.17,8.17,8.01,8.16,8.16,0.0,0.0,8.03,"13,600.00",8.01,"109,227.00",7,0.15,0.16,1.87,2.0,1.58,9.43,7.16,,
2024/02/15,242,SEF,33.34,8.15,8.16,8.0,8.13,8.13,0.0,0.0,8.12,725.00,8.16,"5,890.50",4,-0.03,0.16,-0.37,2.0,0.06,9.43,7.16,,
2024/02/18,250,SEF,43.19,7.97,7.99,7.95,7.95,7.95,0.0,0.0,7.97,"22,600.00",8.13,"180,177.00",18,-0.18,0.04,-2.21,0.5,-0.28,9.43,7.16,,
2024/02/20,249,SEF,30.38,7.8,8.1,7.65,7.77,7.77,0.0,0.0,7.82,"2,720.00",7.95,"21,273.50",12,-0.18,0.45,-2.26,5.88,-0.66,9.43,7.16,,
2024/02/21,249,SEF,32.55,7.8,8.05,7.8,8.03,8.03,0.0,0.0,7.88,"7,750.00",7.77,"61,065.00",9,0.26,0.25,3.35,3.21,1.88,9.43,7.16,,
2024/02/22,244,SEF,33.54,8.19,8.19,8.19,8.19,8.19,0.0,0.0,8.19,125.00,8.03,"1,023.75",1,0.16,0.0,1.99,0.0,0.0,9.43,7.16,,
2024/02/27,244,SEF,41.78,8.03,8.03,7.84,7.96,7.96,0.0,0.0,7.90,"42,705.00",8.19,"337,184.80",17,-0.23,0.19,-2.81,2.42,0.81,9.43,7.16,,
2024/02/28,246,SEF,42.03,8.11,8.19,8.11,8.19,8.19,0.0,0.0,8.15,250.00,7.96,"2,037.50",2,0.23,0.08,2.89,0.99,0.49,9.43,7.16,,
2024/02/29,247,SEF,38.77,8.03,8.03,7.87,8.0,8.00,0.0,0.0,7.91,"9,400.00",8.19,"74,340.00",5,-0.19,0.16,-2.32,2.03,1.14,9.43,7.16,,
2024/03/03,244,SEF,27.44,8.0,8.14,7.84,7.97,7.97,0.0,0.0,7.98,"9,950.00",8.00,"79,351.75",11,-0.03,0.30,-0.38,3.83,-0.06,9.43,7.16,,
2024/03/05,252,SEF,48.8,7.95,8.1,7.82,8.09,8.09,0.0,0.0,7.95,"15,870.00",7.97,"126,215.90",10,0.12,0.28,1.51,3.58,1.69,9.43,7.16,,
2024/01/18,236,SEF,42.5,7.88,8.37,7.88,8.21,8.21,0.0,0.0,8.05,"7,550.00",8.04,"60,757.25",10,0.17,0.49,2.11,6.22,1.98,9.43,7.16,,
2024/01/21,245,SEF,43.79,8.21,8.21,7.94,7.95,7.95,0.0,0.0,8.11,"27,000.00",8.21,"218,854.00",12,-0.26,0.27,-3.17,3.4,-1.96,9.43,7.16,,
2024/01/22,245,SEF,42.68,7.8,8.0,7.75,8.0,8.00,0.0,0.0,7.90,"12,370.00",7.95,"97,723.75",10,0.05,0.25,0.63,3.23,1.25,9.43,7.16,,
2024/01/23,247,SEF,50.99,7.9,7.9,7.86,7.89,7.89,0.0,0.0,7.89,"12,100.00",8.00,"95,446.00",9,-0.11,0.04,-1.38,0.51,0.02,9.43,7.16,,
2024/01/24,249,SEF,41.23,7.74,7.98,7.61,7.89,7.89,0.0,0.0,7.91,"64,900.00",7.89,"513,048.75",12,0.0,0.37,0.0,4.86,-0.19,9.43,7.16,,
2024/01/25,242,SEF,46.73,7.95,8.3,7.9,7.9,7.90,0.0,0.0,8.17,"12,450.00",7.89,"101,666.50",11,0.01,0.40,0.13,5.06,-3.37,9.43,7.16,,
2024/01/28,244,SEF,45.15,7.82,8.2,7.82,7.95,7.95,0.0,0.0,8.03,"7,800.00",7.90,"62,618.00",10,0.05,0.38,0.63,4.86,-0.98,9.43,7.16,,
2024/01/29,249,SEF,50.9,7.9,8.36,7.9,8.36,8.36,0.0,0.0,7.98,"8,600.00",7.95,"68,592.00",5,0.41,0.46,5.16,5.82,4.6,9.43,7.16,,
2024/01/30,245,SEF,59.26,8.3,8.36,7.95,8.1,8.10,0.0,0.0,8.06,"142,125.00",8.36,"1,144,902.50",25,-0.26,0.41,-3.11,5.16,0.55,9.43,7.16,,
2024/01/31,248,SEF,51.66,8.25,8.25,7.99,7.99,7.99,0.0,0.0,8.01,"43,800.00",8.10,"350,957.25",12,-0.11,0.26,-1.36,3.25,-0.28,9.43,7.16,,
2024/02/01,245,SEF,47.58,7.89,8.13,7.89,8.13,8.13,0.0,0.0,7.94,"32,300.00",7.99,"256,319.00",12,0.14,0.24,1.75,3.04,2.39,9.43,7.16,,
2024/02/04,244,SEF,30.96,7.97,8.1,7.96,8.1,8.10,0.0,0.0,7.99,"4,800.00",8.13,"38,337.00",6,-0.03,0.14,-0.37,1.76,1.4,9.43,7.16,,
2024/02/05,246,SEF,47.21,8.0,8.15,8.0,8.15,8.15,0.0,0.0,8.00,"8,000.00",8.10,"64,015.00",4,0.05,0.15,0.62,1.88,1.82,9.43,7.16,,
2024/02/06,253,SEF,60.25,8.25,8.35,8.04,8.08,8.08,0.0,0.0,8.19,"385,505.00",8.15,"3,157,231.30",25,-0.07,0.31,-0.86,3.86,-1.36,9.43,7.16,,
2024/02/07,250,SEF,41.62,8.04,8.08,8.04,8.05,8.05,0.0,0.0,8.05,"11,100.00",8.08,"89,304.00",8,-0.03,0.04,-0.37,0.5,0.06,9.43,7.16,,
2024/02/08,252,SEF,40.18,8.0,8.0,8.0,8.0,8.00,0.0,0.0,8.00,500.00,8.05,"4,000.00",1,-0.05,0.00,-0.62,0.0,0.0,9.43,7.16,,
2023/12/20,245,SEF,49.8,8.12,8.4,8.12,8.4,8.40,0.0,0.0,8.27,"11,000.00",8.28,"90,930.00",4,0.12,0.28,1.45,3.45,1.59,9.43,7.16,,
2023/12/21,242,SEF,50.71,8.24,8.25,8.11,8.25,8.25,0.0,0.0,8.24,"17,500.00",8.40,"144,206.00",5,-0.15,0.14,-1.79,1.73,0.12,9.43,7.16,,
2023/12/24,246,SEF,67.9,8.1,8.57,8.1,8.57,8.57,0.0,0.0,8.34,"183,600.00",8.25,"1,530,616.00",8,0.32,0.47,3.88,5.8,2.72,9.43,7.16,,
2023/12/27,245,SEF,51.86,8.4,8.4,8.25,8.4,8.40,0.0,0.0,8.29,"12,500.00",8.57,"103,563.00",11,-0.17,0.15,-1.98,1.82,1.37,9.43,7.16,,
2023/12/28,239,SEF,46.01,8.4,8.4,8.4,8.4,8.40,0.0,0.0,8.40,"3,000.00",8.40,"25,200.00",3,0.0,0.0,0.0,0.0,0.0,9.43,7.16,,
2024/01/01,244,SEF,43.01,8.25,8.25,8.24,8.24,8.24,0.0,0.0,8.25,200.00,8.40,"1,649.00",2,-0.16,0.01,-1.9,0.12,-0.06,9.43,7.16,,
2024/01/02,244,SEF,40.52,8.08,8.08,7.86,7.86,7.86,0.0,0.0,7.94,"12,400.00",8.24,"98,448.00",11,-0.38,0.22,-4.61,2.8,-1.01,9.43,7.16,,
2024/01/03,245,SEF,38.31,7.87,7.87,7.86,7.86,7.86,0.0,0.0,7.86,"5,500.00",7.86,"43,236.00",4,0.00,0.01,0.0,0.13,-0.01,9.43,7.16,,
2024/01/04,240,SEF,42.34,7.93,8.39,7.93,8.32,8.32,0.0,0.0,8.01,"37,050.00",7.86,"296,908.15",14,0.46,0.46,5.85,5.8,3.68,9.43,7.16,,
2024/01/07,242,SEF,47.3,8.16,8.48,7.93,8.48,8.48,0.0,0.0,8.13,"7,675.00",8.32,"62,364.50",10,0.16,0.55,1.92,6.94,4.18,9.43,7.16,,
2024/01/08,247,SEF,62.56,8.39,8.39,7.8,8.32,8.32,0.0,0.0,7.91,"114,350.00",8.48,"904,469.75",22,-0.16,0.59,-1.89,7.56,4.93,9.43,7.16,,
2024/01/09,246,SEF,54.74,8.16,8.16,8.05,8.05,8.05,0.0,0.0,8.05,"7,600.00",8.32,"61,216.00",4,-0.27,0.11,-3.25,1.37,-0.06,9.43,7.16,,
2024/01/10,238,SEF,48.96,7.89,8.74,7.89,8.57,8.57,0.0,0.0,8.06,"6,725.00",8.05,"54,219.50",10,0.52,0.85,6.46,10.77,5.92,9.43,7.16,,
2024/01/11,242,SEF,48.68,8.4,8.4,8.02,8.3,8.30,0.0,0.0,8.03,"988,923.00",8.57,"7,936,240.46",14,-0.27,0.38,-3.15,4.74,3.31,9.43,7.16,,
2024/01/14,251,SEF,58.21,8.35,8.35,8.35,8.35,8.35,0.0,0.0,8.35,100.00,8.30,835.00,1,0.05,0.0,0.6,0.0,0.0,9.43,7.16,,
2024/01/16,242,SEF,65.96,8.51,8.51,8.2,8.2,8.20,0.0,0.0,8.29,"175,250.00",8.35,"1,452,434.75",22,-0.15,0.31,-1.8,3.78,-1.07,9.43,7.16,,
2023/11/28,229,SEF,50.32,7.95,8.16,7.95,8.16,8.16,0.0,0.0,8.07,"18,000.00",8.11,"145,250.00",7,0.05,0.21,0.62,2.64,1.11,9.43,7.16,,
2023/11/29,227,SEF,45.1,8.05,8.16,8.0,8.16,8.16,0.0,0.0,8.04,"1,225.00",8.16,"9,847.25",3,0.00,0.16,0.0,2.0,1.49,9.43,7.16,,
2023/11/30,229,SEF,51.54,8.32,8.32,8.16,8.16,8.16,0.0,0.0,8.16,"21,600.00",8.16,"176,272.00",4,0.0,0.16,0.0,1.96,-0.01,9.43,7.16,,
2023/12/03,232,SEF,30.66,8.31,8.31,7.88,7.88,7.88,0.0,0.0,8.14,"2,700.00",8.16,"21,991.00",5,-0.28,0.43,-3.43,5.46,-3.36,9.43,7.16,,
2023/12/04,231,SEF,34.64,7.75,7.9,7.75,7.75,7.75,0.0,0.0,7.76,"13,025.00",7.88,"101,093.75",9,-0.13,0.15,-1.65,1.94,-0.15,9.43,7.16,,
2023/12/06,232,SEF,24.55,7.9,7.9,7.9,7.9,7.90,0.0,0.0,7.90,100.00,7.75,790.00,1,0.15,0.00,1.94,0.0,0.0,9.43,7.16,,
2023/12/07,238,SEF,28.11,7.75,7.75,7.5,7.75,7.75,0.0,0.0,7.67,"2,350.00",7.90,"18,025.50",9,-0.15,0.25,-1.9,3.33,1.03,9.43,7.16,,
2023/12/11,240,SEF,57.39,7.9,8.25,7.9,8.25,8.25,0.0,0.0,8.13,"77,600.00",7.75,"630,861.00",14,0.5,0.35,6.45,4.43,1.46,9.43,7.16,,
2023/12/12,234,SEF,61.45,8.39,8.39,8.23,8.38,8.38,0.0,0.0,8.26,"85,425.00",8.25,"705,618.59",8,0.13,0.16,1.58,1.94,1.43,9.43,7.16,,
2023/12/13,231,SEF,55.29,8.39,8.53,8.36,8.44,8.44,0.0,0.0,8.40,"16,700.00",8.38,"140,306.50",9,0.06,0.17,0.72,2.03,0.46,9.43,7.16,,
2023/12/14,238,SEF,63.0,8.5,8.5,8.24,8.41,8.41,0.0,0.0,8.27,"69,564.00",8.44,"575,540.60",12,-0.03,0.26,-0.36,3.16,1.62,9.43,7.16,,
2023/12/17,233,SEF,41.48,8.25,8.25,8.09,8.1,8.10,0.0,0.0,8.14,850.00,8.41,"6,921.50",4,-0.31,0.16,-3.69,1.98,-0.53,9.43,7.16,,
2023/12/18,242,SEF,47.93,8.24,8.52,7.82,7.82,7.82,0.0,0.0,8.10,"44,100.00",8.10,"357,114.00",29,-0.28,0.70,-3.46,8.95,-3.55,9.43,7.16,,
2023/10/18,228,SEF,48.74,8.21,8.34,8.05,8.18,8.18,0.0,0.0,8.12,"20,600.00",8.05,"167,232.50",9,0.13,0.29,1.61,3.6,0.76,9.43,7.27,,
2023/10/19,225,SEF,42.39,8.25,8.58,8.25,8.41,8.41,0.0,0.0,8.32,"5,500.00",8.18,"45,743.75",11,0.23,0.33,2.81,4.0,1.11,9.43,7.27,,
2023/10/29,224,SEF,39.4,8.57,8.57,8.57,8.57,8.57,0.0,0.0,8.57,125.00,8.41,"1,071.25",1,0.16,0.0,1.9,0.0,0.0,9.43,7.27,,
2023/10/30,227,SEF,35.45,8.39,8.39,8.39,8.39,8.39,0.0,0.0,8.39,"1,000.00",8.57,"8,390.00",1,-0.18,0.0,-2.1,0.0,0.0,9.43,7.27,,
2023/11/01,236,SEF,31.62,8.23,8.23,7.61,7.74,7.74,0.0,0.0,7.84,"45,850.00",8.39,"359,500.75",23,-0.65,0.62,-7.75,8.15,-1.3,9.43,7.27,,
2023/11/02,223,SEF,22.62,7.61,7.61,7.61,7.61,7.61,0.0,0.0,7.61,"1,100.00",7.74,"8,371.00",4,-0.13,0.0,-1.68,0.0,0.0,9.43,7.27,,
2023/11/05,230,SEF,22.2,7.46,7.47,7.46,7.47,7.47,0.0,0.0,7.46,"1,500.00",7.61,"11,195.00",4,-0.14,0.01,-1.84,0.13,0.09,9.43,7.27,,
2023/11/06,224,SEF,37.29,7.36,7.4,7.36,7.37,7.37,0.0,0.0,7.40,"57,550.00",7.47,"425,622.50",12,-0.1,0.04,-1.34,0.54,-0.35,9.43,7.27,,
2023/11/07,224,SEF,38.02,7.31,7.31,7.3,7.3,7.30,0.0,0.0,7.30,"57,910.00",7.37,"422,745.50",3,-0.07,0.01,-0.95,0.14,0.0,9.43,7.27,,
2023/11/08,228,SEF,37.9,7.16,7.35,7.16,7.35,7.35,0.0,0.0,7.34,"6,825.00",7.30,"50,112.00",3,0.05,0.19,0.68,2.65,0.1,9.43,7.16,,
2023/11/20,224,SEF,45.79,7.49,7.78,7.49,7.78,7.78,0.0,0.0,7.56,600.00,7.35,"4,537.00",4,0.43,0.29,5.85,3.87,2.81,9.43,7.16,,
2023/11/22,233,SEF,48.71,7.75,7.78,7.63,7.63,7.63,0.0,0.0,7.77,"10,660.00",7.78,"82,844.80",5,-0.15,0.15,-1.93,1.97,-1.86,9.43,7.16,,
2023/11/23,231,SEF,55.09,7.77,7.77,7.55,7.55,7.55,0.0,0.0,7.56,"41,100.00",7.63,"310,617.00",5,-0.08,0.22,-1.05,2.91,-0.1,9.43,7.16,,
2023/09/21,220,SEF,40.55,8.0,8.0,7.75,7.75,7.75,0.0,0.0,7.96,"21,535.00",7.85,"171,457.65",9,-0.10,0.25,-1.27,3.23,-2.73,9.43,7.52,,
2023/09/24,227,SEF,47.34,7.9,7.9,7.6,7.7,7.70,0.0,0.0,7.71,"54,975.00",7.75,"423,847.50",13,-0.05,0.30,-0.65,3.95,-0.13,9.43,7.52,,
2023/09/25,225,SEF,58.6,7.7,8.16,7.65,8.16,8.16,0.0,0.0,7.80,"319,700.00",7.70,"2,495,024.00",16,0.46,0.51,5.97,6.67,4.36,9.43,7.52,,
2023/09/26,227,SEF,60.92,8.31,8.46,8.14,8.3,8.30,0.0,0.0,8.28,"102,970.00",8.16,"852,407.30",12,0.14,0.32,1.72,3.93,0.26,9.43,7.52,,
2023/09/27,223,SEF,53.41,8.4,8.4,7.93,7.93,7.93,0.0,0.0,7.95,"10,600.00",8.30,"84,221.00",7,-0.37,0.47,-4.46,5.93,-0.19,9.43,7.52,,
2023/10/01,225,SEF,51.12,8.08,8.08,7.99,7.99,7.99,0.0,0.0,8.04,"2,000.00",7.93,"16,070.00",4,0.06,0.09,0.76,1.13,-0.56,9.43,7.52,,
2023/10/02,227,SEF,55.21,8.05,8.29,8.05,8.25,8.25,0.0,0.0,8.18,"60,800.00",7.99,"497,169.00",13,0.26,0.24,3.25,2.98,0.88,9.43,7.52,,
2023/10/03,222,SEF,43.32,8.39,8.4,8.3,8.3,8.30,0.0,0.0,8.35,"1,200.00",8.25,"10,015.00",3,0.05,0.1,0.61,1.2,-0.55,9.43,7.52,,
2023/10/04,223,SEF,49.96,8.2,8.24,8.2,8.24,8.24,0.0,0.0,8.24,"11,500.00",8.30,"94,740.00",4,-0.06,0.04,-0.72,0.49,0.02,9.43,7.52,,
2023/10/05,220,SEF,44.07,8.4,8.4,8.4,8.4,8.40,0.0,0.0,8.40,100.00,8.24,840.00,1,0.16,0.0,1.94,0.0,0.0,9.43,7.52,,
2023/10/08,229,SEF,28.2,8.24,8.24,8.02,8.18,8.18,0.0,0.0,8.22,"11,780.00",8.40,"96,785.40",5,-0.22,0.22,-2.62,2.74,-0.44,9.43,7.52,,
2023/10/09,227,SEF,26.54,8.1,8.1,8.1,8.1,8.10,0.0,0.0,8.10,"2,400.00",8.18,"19,440.00",6,-0.08,0.0,-0.98,0.0,0.0,9.43,7.52,,
2023/10/10,223,SEF,23.22,8.1,8.1,7.72,7.74,7.74,0.0,0.0,7.79,"2,325.00",8.10,"18,109.00",7,-0.36,0.38,-4.44,4.92,-0.63,9.43,7.52,,
2023/10/11,226,SEF,30.6,7.8,7.8,7.5,7.66,7.66,0.0,0.0,7.66,"4,750.00",7.74,"36,403.75",5,-0.08,0.3,-1.03,4.0,-0.05,9.43,7.50,,
2023/10/12,233,SEF,31.1,7.51,7.52,7.38,7.4,7.40,0.0,0.0,7.52,"20,450.00",7.66,"153,741.25",7,-0.26,0.14,-3.39,1.9,-1.59,9.43,7.38,,
2023/10/16,225,SEF,29.99,7.27,7.56,7.27,7.56,7.56,0.0,0.0,7.30,"41,725.00",7.40,"304,392.00",10,0.16,0.29,2.16,3.99,3.5,9.43,7.27,,
2023/08/23,216,SEF,49.32,8.3,8.41,8.18,8.39,8.39,0.0,0.0,8.28,"28,500.00",8.31,"235,871.75",12,0.08,0.23,0.96,2.81,1.36,9.43,7.67,,
2023/08/24,219,SEF,47.99,8.28,8.31,8.25,8.25,8.25,0.0,0.0,8.29,"83,595.00",8.39,"692,678.15",23,-0.14,0.06,-1.67,0.73,-0.44,9.43,7.67,,
2023/08/27,223,SEF,52.59,8.4,8.57,8.15,8.57,8.57,0.0,0.0,8.44,"66,300.00",8.25,"559,368.00",15,0.32,0.42,3.88,5.15,1.55,9.43,7.67,,
2023/08/28,222,SEF,54.81,8.4,8.67,8.4,8.67,8.67,0.0,0.0,8.57,"131,375.00",8.57,"1,125,911.00",20,0.1,0.27,1.17,3.21,1.15,9.43,7.67,,
2023/08/29,221,SEF,56.11,8.79,8.89,8.65,8.82,8.82,0.0,0.0,8.85,"467,045.00",8.67,"4,134,299.55",35,0.15,0.24,1.73,2.77,-0.36,9.43,7.67,,
2023/08/30,219,SEF,43.34,8.65,8.65,8.09,8.12,8.12,0.0,0.0,8.19,"15,225.00",8.82,"124,624.00",21,-0.7,0.56,-7.94,6.92,-0.81,9.43,7.67,,
2023/09/03,219,SEF,28.29,7.98,8.13,7.98,8.0,8.00,0.0,0.0,8.03,"1,100.00",8.12,"8,836.25",5,-0.12,0.15,-1.48,1.88,-0.41,9.43,7.67,,
2023/09/04,214,SEF,32.35,7.84,8.01,7.7,8.01,8.01,0.0,0.0,7.83,"7,350.00",8.00,"57,568.00",7,0.01,0.31,0.12,4.03,2.22,9.43,7.67,,
2023/09/05,220,SEF,29.49,7.86,8.17,7.86,8.17,8.17,0.0,0.0,7.89,"2,275.00",8.01,"17,943.00",4,0.16,0.31,2.0,3.94,3.46,9.43,7.67,,
2023/09/07,220,SEF,33.23,8.01,8.01,8.01,8.01,8.01,0.0,0.0,8.01,"1,975.00",8.17,"15,819.75",1,-0.16,0.0,-1.96,0.0,0.0,9.43,7.67,,
2023/09/10,220,SEF,38.51,8.16,8.16,8.16,8.16,8.16,0.0,0.0,8.16,"1,000.00",8.01,"8,160.00",1,0.15,0.0,1.87,0.0,0.0,9.43,7.67,,
2023/09/11,221,SEF,47.54,8.0,8.07,8.0,8.07,8.07,0.0,0.0,8.01,"16,150.00",8.16,"129,410.50",11,-0.09,0.07,-1.1,0.88,0.71,9.43,7.67,,
2023/09/12,219,SEF,35.13,8.2,8.2,8.2,8.2,8.20,0.0,0.0,8.20,100.00,8.07,820.00,1,0.13,0.0,1.61,0.0,0.0,9.43,7.67,,
2023/09/13,218,SEF,49.78,8.04,8.16,8.0,8.16,8.16,0.0,0.0,8.09,"11,014.00",8.20,"89,049.40",6,-0.04,0.16,-0.49,2.0,0.92,9.43,7.67,,
2023/09/17,221,SEF,29.07,8.0,8.0,7.75,7.77,7.77,0.0,0.0,7.82,"7,750.00",8.16,"60,597.50",7,-0.39,0.25,-4.78,3.23,-0.63,9.43,7.67,,
2023/09/18,215,SEF,32.34,7.62,7.7,7.52,7.68,7.68,0.0,0.0,7.65,"9,575.00",7.77,"73,282.00",6,-0.09,0.18,-1.16,2.39,0.35,9.43,7.52,,
2023/07/31,208,SEF,46.66,9.0,9.14,8.82,8.99,8.99,0.0,0.0,8.83,"32,920.00",9.05,"290,739.80",7,-0.06,0.32,-0.66,3.63,1.76,10.08,7.67,,
2023/08/01,208,SEF,34.89,9.14,9.14,8.65,8.73,8.73,0.0,0.0,8.77,"24,320.00",8.99,"213,175.60",10,-0.26,0.49,-2.89,5.66,-0.41,10.08,7.67,,
2023/08/02,213,SEF,40.65,8.9,9.07,8.9,9.07,9.07,0.0,0.0,8.90,"13,881.00",8.73,"123,557.90",6,0.34,0.17,3.89,1.91,1.86,10.08,7.67,,
2023/08/03,209,SEF,34.71,9.09,9.09,9.09,9.09,9.09,0.0,0.0,9.09,100.00,9.07,909.00,1,0.02,0.0,0.22,0.0,0.0,10.08,7.67,,
2023/08/07,210,SEF,38.66,9.24,9.24,9.24,9.24,9.24,0.0,0.0,9.24,100.00,9.09,924.00,1,0.15,0.00,1.65,0.0,0.0,10.08,7.67,,
2023/08/08,211,SEF,40.2,9.06,9.06,9.06,9.06,9.06,0.0,0.0,9.06,100.00,9.24,906.00,1,-0.18,0.00,-1.95,0.0,0.0,10.08,7.67,,
2023/08/10,214,SEF,34.55,8.88,8.88,8.36,8.69,8.69,0.0,0.0,8.75,"13,525.00",9.06,"118,352.00",8,-0.37,0.52,-4.08,6.22,-0.7,10.08,7.67,,
2023/08/13,214,SEF,35.41,8.86,9.02,8.39,8.58,8.58,0.0,0.0,8.59,"17,200.00",8.69,"147,676.00",29,-0.11,0.63,-1.27,7.51,-0.07,10.08,7.67,,
2023/08/14,220,SEF,37.44,8.42,8.57,8.37,8.42,8.42,0.0,0.0,8.45,"96,900.00",8.58,"818,909.76",25,-0.16,0.2,-1.86,2.39,-0.37,10.08,7.67,,
2023/08/15,221,SEF,35.58,8.36,8.36,8.26,8.26,8.26,0.0,0.0,8.29,"95,750.00",8.42,"793,495.00",16,-0.16,0.10,-1.9,1.21,-0.33,10.08,7.67,,
2023/08/16,212,SEF,42.87,8.15,8.15,7.86,8.12,8.12,0.0,0.0,8.09,"85,649.00",8.26,"693,033.70",15,-0.14,0.29,-1.69,3.69,0.35,10.08,7.67,,
2023/08/17,214,SEF,37.05,7.97,8.13,7.83,8.06,8.06,0.0,0.0,8.06,"18,225.00",8.12,"146,866.75",12,-0.06,0.30,-0.74,3.83,0.02,10.08,7.67,,
2023/08/20,212,SEF,43.25,8.0,8.2,8.0,8.2,8.20,0.0,0.0,8.09,"50,325.00",8.06,"407,269.00",11,0.14,0.20,1.74,2.5,1.31,9.91,7.67,,
2023/08/21,215,SEF,45.45,8.36,8.52,8.19,8.27,8.27,0.0,0.0,8.34,"36,974.00",8.20,"308,243.31",23,0.07,0.33,0.85,4.03,-0.81,9.91,7.67,,
2023/07/06,260,SEF,16.19,9.22,9.29,9.22,9.29,9.29,0.0,0.0,9.22,"20,152.00",9.10,"185,812.08",3,0.19,0.07,2.09,0.76,0.75,11.50,8.72,10.04,9.92
2023/07/09,231,SEF,38.83,8.51,8.85,8.51,8.8,8.80,0.0,0.0,8.84,"43,748.00",8.68,"386,623.40",8,0.12,0.34,1.38,4.0,-0.43,10.08,7.67,,
2023/07/10,237,SEF,39.9,8.95,8.95,8.28,8.29,8.29,0.0,0.0,8.40,"62,840.00",8.80,"527,816.10",22,-0.51,0.67,-5.8,8.09,-1.32,10.08,7.67,,
2023/07/11,227,SEF,36.53,8.14,8.46,8.1,8.46,8.46,0.0,0.0,8.28,"26,100.00",8.29,"216,062.00",14,0.17,0.36,2.05,4.44,2.15,10.08,7.67,,
2023/07/12,233,SEF,42.97,8.46,8.76,8.42,8.76,8.76,0.0,0.0,8.46,"9,700.00",8.46,"82,094.00",10,0.3,0.34,3.55,4.04,3.39,10.08,7.67,,
2023/07/13,239,SEF,37.46,8.89,8.92,8.58,8.75,8.75,0.0,0.0,8.72,"24,601.00",8.76,"214,411.04",16,-0.01,0.34,-0.11,3.96,0.39,10.08,7.67,,
2023/07/16,234,SEF,49.13,8.9,9.43,8.9,9.43,9.43,0.0,0.0,8.96,"1,800.00",8.75,"16,125.00",7,0.68,0.53,7.77,5.96,5.0,10.08,7.67,,
2023/07/17,204,SEF,50.82,9.25,9.3,9.25,9.3,9.30,0.0,0.0,9.25,"5,500.00",9.43,"50,880.00",4,-0.13,0.05,-1.38,0.54,0.53,10.08,7.67,,
2023/07/18,202,SEF,57.52,9.12,9.3,9.02,9.12,9.12,0.0,0.0,9.06,"28,650.00",9.30,"259,447.00",8,-0.18,0.28,-1.94,3.1,0.7,10.08,7.67,,
2023/07/19,207,SEF,51.58,9.15,9.15,8.99,8.99,8.99,0.0,0.0,9.02,"1,510.00",9.12,"13,617.62",2,-0.13,0.16,-1.43,1.78,-0.31,10.08,7.67,,
2023/07/20,211,SEF,33.59,9.14,9.14,9.0,9.05,9.05,0.0,0.0,9.04,"1,140.00",8.99,"10,301.00",4,0.06,0.14,0.67,1.56,0.16,10.08,7.67,,
2023/07/23,213,SEF,46.39,9.23,9.23,8.9,9.08,9.08,0.0,0.0,8.93,"41,400.00",9.05,"369,528.00",7,0.03,0.33,0.33,3.71,1.7,10.08,7.67,,
2023/07/24,212,SEF,48.78,9.0,9.04,8.9,8.93,8.93,0.0,0.0,9.00,"671,666.00",9.08,"6,044,080.00",7,-0.15,0.14,-1.65,1.57,-0.77,10.08,7.67,,
2023/07/25,214,SEF,43.43,9.09,9.09,9.02,9.02,9.02,0.0,0.0,9.02,"3,857.00",8.93,"34,797.14",4,0.09,0.07,1.01,0.78,-0.02,10.08,7.67,,
2023/07/26,207,SEF,37.89,9.0,9.16,8.86,8.99,8.99,0.0,0.0,8.92,"31,100.00",9.02,"277,327.00",10,-0.03,0.30,-0.33,3.39,0.81,10.08,7.67,,
2023/06/12,227,SEF,35.8,8.29,8.3,8.14,8.3,8.30,0.0,0.0,8.25,"2,300.00",8.13,"18,983.00",6,0.17,0.16,2.09,1.97,0.56,10.31,7.67,,
2023/06/13,214,SEF,45.61,8.46,8.46,8.46,8.46,8.46,0.0,0.0,8.46,100.00,8.30,846.00,1,0.16,0.00,1.93,0.0,0.0,10.31,7.67,,
2023/06/14,219,SEF,59.87,8.5,8.64,8.45,8.62,8.62,0.0,0.0,8.53,"21,184.00",8.46,"180,787.22",13,0.16,0.19,1.89,2.25,1.0,10.31,7.67,,
2023/06/15,214,SEF,58.48,8.45,8.61,8.45,8.45,8.45,0.0,0.0,8.48,"11,490.00",8.62,"97,455.50",8,-0.17,0.16,-1.97,1.89,-0.38,10.28,7.67,,
2023/06/18,224,SEF,59.95,8.6,8.78,8.49,8.61,8.61,0.0,0.0,8.62,"212,586.00",8.45,"1,832,458.46",13,0.16,0.29,1.89,3.42,-0.11,10.08,7.67,,
2023/06/19,219,SEF,58.31,8.77,9.3,8.7,9.3,9.30,0.0,0.0,8.93,"37,800.00",8.61,"337,712.00",12,0.69,0.60,8.01,6.9,3.93,10.08,7.67,,
2023/06/20,212,SEF,49.03,9.12,9.12,8.77,8.77,8.77,0.0,0.0,8.89,"46,125.00",9.30,"410,074.25",18,-0.53,0.35,-5.7,3.99,-1.37,10.08,7.67,,
2023/06/21,260,SEF,16.19,9.22,9.29,9.22,9.29,9.29,0.0,0.0,9.22,"20,152.00",9.10,"185,812.08",3,0.19,0.07,2.09,0.76,0.75,11.50,8.72,10.04,9.92
2023/06/22,260,SEF,16.19,9.22,9.29,9.22,9.29,9.29,0.0,0.0,9.22,"20,152.00",9.10,"185,812.08",3,0.19,0.07,2.09,0.76,0.75,11.50,8.72,10.04,9.92
2023/06/25,219,SEF,48.28,8.27,8.59,8.27,8.31,8.31,0.0,0.0,8.30,"42,250.00",8.43,"350,526.50",10,-0.12,0.32,-1.42,3.87,0.16,10.08,7.67,,
2023/06/26,223,SEF,37.52,8.47,8.63,8.47,8.6,8.60,0.0,0.0,8.51,700.00,8.31,"5,958.00",3,0.29,0.16,3.49,1.89,1.03,10.08,7.67,,
2023/06/27,219,SEF,51.2,8.7,8.94,8.61,8.94,8.94,0.0,0.0,8.74,"6,883.00",8.60,"60,170.21",9,0.34,0.33,3.95,3.83,2.22,10.08,7.67,,
2023/06/28,224,SEF,54.02,8.79,8.87,8.79,8.87,8.87,0.0,0.0,8.85,"13,050.00",8.94,"115,521.50",4,-0.07,0.08,-0.78,0.91,0.2,10.08,7.67,,
2023/07/02,230,SEF,49.13,8.7,8.7,8.7,8.7,8.70,0.0,0.0,8.70,200.00,8.87,"1,740.00",1,-0.17,0.0,-1.92,0.0,0.0,10.08,7.67,,
2023/07/03,218,SEF,48.29,8.75,9.09,8.75,8.92,8.92,0.0,0.0,8.92,"1,300.00",8.70,"11,596.00",6,0.22,0.34,2.53,3.89,0.0,10.08,7.67,,
2023/07/04,226,SEF,40.14,9.05,9.05,8.75,8.75,8.75,0.0,0.0,8.77,"8,400.00",8.92,"73,666.00",8,-0.17,0.3,-1.91,3.43,-0.23,10.08,7.67,,
2023/05/16,215,SEF,38.86,8.16,8.16,8.0,8.0,8.00,0.0,0.0,8.13,500.00,8.00,"4,064.00",2,0.0,0.16,0.0,2.0,-1.6,10.82,7.67,,
2023/05/17,210,SEF,33.33,7.87,7.87,7.87,7.87,7.87,0.0,0.0,7.87,"1,000.00",8.00,"7,870.00",1,-0.13,0.0,-1.63,0.0,0.0,10.82,7.67,,
2023/05/18,208,SEF,50.99,7.84,8.16,7.72,8.16,8.16,0.0,0.0,7.81,"6,800.00",7.87,"53,094.36",6,0.29,0.44,3.68,5.7,4.31,10.82,7.67,,
2023/05/21,216,SEF,44.27,8.2,8.2,7.89,7.93,7.93,0.0,0.0,8.03,"24,000.00",8.16,"192,717.25",16,-0.23,0.31,-2.82,3.93,-1.26,10.71,7.67,,
2023/05/22,214,SEF,44.12,7.83,8.01,7.83,8.01,8.01,0.0,0.0,7.95,"3,100.00",7.93,"24,636.00",5,0.08,0.18,1.01,2.3,0.79,10.71,7.67,,
2023/05/23,214,SEF,53.28,7.85,8.3,7.85,8.3,8.30,0.0,0.0,8.12,"7,000.00",8.01,"56,869.00",13,0.29,0.45,3.62,5.73,2.12,10.71,7.67,,
2023/05/24,214,SEF,52.91,8.46,8.46,8.3,8.44,8.44,0.0,0.0,8.40,"6,000.00",8.30,"50,390.00",4,0.14,0.16,1.69,1.93,0.49,10.71,7.67,,
2023/05/28,212,SEF,51.15,8.43,8.59,8.3,8.46,8.46,0.0,0.0,8.39,"1,225.00",8.44,"10,281.50",4,0.02,0.29,0.24,3.49,0.79,10.71,7.67,,
2023/05/30,217,SEF,53.19,8.62,8.62,8.29,8.33,8.33,0.0,0.0,8.31,"3,793.00",8.46,"31,502.87",6,-0.13,0.33,-1.54,3.98,0.29,10.71,7.67,,
2023/05/31,206,SEF,47.01,8.49,8.49,8.33,8.4,8.40,0.0,0.0,8.34,"7,675.00",8.33,"64,031.75",4,0.07,0.16,0.84,1.92,0.68,10.71,7.67,,
2023/06/01,215,SEF,33.7,8.27,8.43,8.27,8.43,8.43,0.0,0.0,8.31,400.00,8.40,"3,324.00",2,0.03,0.16,0.36,1.93,1.42,10.71,7.67,,
2023/06/04,213,SEF,39.79,8.59,8.59,8.59,8.59,8.59,0.0,0.0,8.59,100.00,8.43,859.00,1,0.16,0.0,1.9,0.0,0.0,10.60,7.67,,
2023/06/05,220,SEF,53.99,8.43,8.59,8.42,8.42,8.42,0.0,0.0,8.45,"18,200.00",8.59,"153,708.00",9,-0.17,0.17,-1.98,2.02,-0.3,10.60,7.67,,
2023/06/06,212,SEF,46.54,8.58,8.73,8.58,8.73,8.73,0.0,0.0,8.66,200.00,8.42,"1,731.00",2,0.31,0.15,3.68,1.75,0.86,10.60,7.67,,
2023/06/07,205,SEF,39.23,8.9,9.06,8.35,8.35,8.35,0.0,0.0,8.58,"19,647.00",8.73,"168,617.20",12,-0.38,0.71,-4.35,8.5,-2.78,10.31,7.67,,
2023/06/08,218,SEF,33.53,8.5,8.5,8.02,8.2,8.20,0.0,0.0,8.37,"2,500.00",8.35,"20,920.00",7,-0.15,0.48,-1.8,5.99,-2.05,10.31,7.67,,
2023/04/20,210,SEF,29.25,8.2,8.3,8.2,8.21,8.21,0.0,0.0,8.22,"4,100.00",8.36,"33,695.00",3,-0.15,0.10,-1.79,1.22,-0.1,11.22,7.67,,
2023/04/23,208,SEF,28.75,8.36,8.36,8.36,8.36,8.36,0.0,0.0,8.36,100.00,8.21,836.00,1,0.15,0.0,1.83,0.0,0.0,11.22,7.67,,
2023/04/24,211,SEF,21.76,8.21,8.21,8.21,8.21,8.21,0.0,0.0,8.21,"1,000.00",8.36,"8,210.00",1,-0.15,0.0,-1.79,0.0,0.0,11.22,7.67,,
2023/04/25,205,SEF,32.27,8.21,8.35,8.21,8.35,8.35,0.0,0.0,8.24,"4,400.00",8.21,"36,252.00",7,0.14,0.14,1.71,1.71,1.33,11.22,7.67,,
2023/04/26,206,SEF,34.02,8.5,8.5,8.5,8.5,8.50,0.0,0.0,8.50,100.00,8.35,850.00,1,0.15,0.0,1.8,0.0,0.0,11.22,7.67,,
2023/04/27,212,SEF,26.47,8.33,8.33,8.17,8.17,8.17,0.0,0.0,8.24,"3,300.00",8.50,"27,201.00",5,-0.33,0.16,-3.88,1.96,-0.89,11.00,7.67,,
2023/04/30,214,SEF,17.97,8.01,8.01,8.01,8.01,8.01,0.0,0.0,8.01,100.00,8.17,801.00,1,-0.16,0.0,-1.96,0.0,0.0,10.90,7.67,,
2023/05/02,214,SEF,30.39,7.9,8.25,7.9,8.25,8.25,0.0,0.0,8.08,"9,900.00",8.01,"79,980.00",11,0.24,0.35,3.0,4.43,2.08,10.90,7.67,,
2023/05/03,208,SEF,29.14,8.09,8.09,8.09,8.09,8.09,0.0,0.0,8.09,"1,000.00",8.25,"8,090.00",1,-0.16,0.0,-1.94,0.0,0.0,10.90,7.67,,
2023/05/04,218,SEF,37.34,8.25,8.25,8.25,8.25,8.25,0.0,0.0,8.25,100.00,8.09,825.00,1,0.16,0.0,1.98,0.0,0.0,10.90,7.67,,
2023/05/07,207,SEF,37.45,8.09,8.25,8.09,8.25,8.25,0.0,0.0,8.14,"1,400.00",8.25,"11,389.00",3,0.0,0.16,0.0,1.98,1.39,10.90,7.67,,
2023/05/08,214,SEF,26.84,8.09,8.25,8.09,8.25,8.25,0.0,0.0,8.10,"2,100.00",8.25,"17,005.00",3,0.0,0.16,0.0,1.98,1.85,10.90,7.67,,
2023/05/09,213,SEF,29.65,8.09,8.1,8.09,8.1,8.10,0.0,0.0,8.10,"1,500.00",8.25,"12,145.00",2,-0.15,0.01,-1.82,0.12,0.04,10.90,7.67,,
2023/05/10,210,SEF,25.8,7.98,7.98,7.9,7.9,7.90,0.0,0.0,7.94,"4,000.00",8.10,"31,760.00",2,-0.2,0.08,-2.47,1.01,-0.51,10.86,7.67,,
2023/05/11,204,SEF,29.3,8.05,8.05,7.9,8.0,8.00,0.0,0.0,7.92,"1,100.00",7.90,"8,715.00",3,0.1,0.15,1.27,1.9,0.97,10.86,7.67,,
2023/05/14,207,SEF,24.71,8.0,8.0,8.0,8.0,8.00,0.0,0.0,8.00,500.00,8.00,"4,000.00",2,0.0,0.0,0.0,0.0,0.0,10.82,7.67,,
2023/06/11,217,SEF,45.59,8.05,8.13,7.89,8.13,8.13,0.0,0.0,8.06,"15,800.00",8.20,"127,348.00",7,-0.07,0.24,-0.85,3.04,0.86,10.31,7.67,,
2023/07/05,220,SEF,34.80,8.9,8.9,8.9,8.9,8.90,0.0,0.0,8.90,100.00,8.75,890.00,1,0.15,0.00,1.71,0.0,0.0,10.08,7.67,,
2023/07/30,213,SEF,41.0,8.89,9.05,8.89,9.05,9.05,0.0,0.0,8.90,"3,380.00",8.99,"30,066.20",5,0.06,0.16,0.67,1.8,1.71,10.08,7.67,,
2023/08/22,220,SEF,46.0,8.15,8.31,8.15,8.31,8.31,0.0,0.0,8.25,"13,475.00",8.27,"111,221.25",8,0.04,0.16,0.48,1.96,0.68,9.91,7.67,,
2023/09/19,217,SEF,29.6,7.8,7.85,7.7,7.85,7.85,0.0,0.0,7.73,"4,620.00",7.68,"35,725.00",5,0.17,0.15,2.21,1.95,1.49,9.43,7.52,,
2023/10/17,230,SEF,41.41,7.5,8.14,7.5,8.05,8.05,0.0,0.0,7.64,"8,150.00",7.56,"62,249.25",11,0.49,0.64,6.48,8.53,5.12,9.43,7.27,,
2023/11/26,233,SEF,50.37,7.4,8.11,7.26,8.11,8.11,0.0,0.0,7.61,"9,550.00",7.55,"72,640.00",15,0.56,0.85,7.42,11.71,6.21,9.43,7.16,,
2023/12/19,250,SEF,52.44,7.97,8.44,7.97,8.28,8.28,0.0,0.0,8.33,"47,074.00",7.82,"391,938.35",11,0.46,0.47,5.88,5.9,-0.56,9.43,7.16,,
2024/01/17,239,SEF,51.6,8.05,8.16,8.04,8.04,8.04,0.0,0.0,8.16,"988,248.00",8.20,"8,062,768.68",9,-0.16,0.12,-1.95,1.49,-1.48,9.43,7.16,,
2024/02/11,242,SEF,41.36,8.16,8.3,8.01,8.3,8.30,0.0,0.0,8.06,"32,525.00",8.00,"262,129.50",8,0.30,0.29,3.75,3.62,2.9,9.43,7.16,,
2024/03/06,246,SEF,35.92,7.93,7.98,7.83,7.9,7.90,0.0,0.0,7.89,"51,925.00",8.09,"409,896.50",20,-0.19,0.15,-2.35,1.92,0.08,9.43,7.16,,
2024/04/02,252,SEF,49.03,7.76,7.9,7.76,7.81,7.81,0.0,0.0,7.82,"27,600.00",7.74,"215,926.00",7,0.07,0.14,0.9,1.8,-0.17,9.43,7.16,,
2024/05/02,247,SEF,51.68,7.9,7.97,7.82,7.97,7.97,0.0,0.0,7.89,"28,100.00",7.90,"221,847.00",9,0.07,0.15,0.89,1.92,0.94,9.43,7.16,,
2024/05/29,250,SEF,52.99,8.29,8.44,8.28,8.28,8.28,0.0,0.0,8.29,"51,585.00",8.29,"427,671.50",7,-0.01,0.16,-0.12,1.93,-0.13,9.43,7.16,,
2024/06/24,258,SEF,48.95,8.21,8.36,8.2,8.3,8.30,0.0,0.0,8.25,"9,225.00",8.05,"76,062.25",4,0.25,0.16,3.11,1.95,0.66,9.43,7.16,,
2023/03/28,205,SEF,48.73,8.1,8.26,8.04,8.1,8.10,0.0,0.0,8.11,"19,800.00",7.99,"160,548.00",13,0.11,0.22,1.38,2.74,-0.1,11.25,7.67,,
2023/03/29,205,SEF,39.45,8.19,8.19,7.97,8.09,8.09,0.0,0.0,8.04,"2,960.00",8.10,"23,796.30",6,-0.01,0.22,-0.12,2.76,0.63,11.25,7.67,,
2023/03/30,201,SEF,39.73,7.95,8.1,7.95,8.1,8.10,0.0,0.0,8.01,"5,800.00",8.09,"46,465.00",5,0.01,0.15,0.12,1.89,1.1,11.25,7.67,,
2023/04/02,260,SEF,16.19,9.22,9.29,9.22,9.29,9.29,0.0,0.0,9.22,"20,152.00",9.10,"185,812.08",3,0.19,0.07,2.09,0.76,0.75,11.50,8.72,10.04,9.92
2023/04/04,210,SEF,37.75,8.25,8.25,8.09,8.09,8.09,0.0,0.0,8.13,"1,125.00",8.10,"9,151.25",3,-0.01,0.16,-0.12,1.98,-0.55,11.22,7.67,,
2023/04/05,207,SEF,37.26,8.1,8.2,8.1,8.2,8.20,0.0,0.0,8.12,600.00,8.09,"4,870.00",2,0.11,0.1,1.36,1.23,1.02,11.22,7.67,,
2023/04/06,215,SEF,42.4,8.04,8.16,8.0,8.16,8.16,0.0,0.0,8.03,"12,014.00",8.20,"96,492.56",6,-0.04,0.16,-0.49,2.0,1.57,11.22,7.67,,
2023/04/09,214,SEF,24.54,8.0,8.0,7.85,7.85,7.85,0.0,0.0,7.99,"7,714.00",8.16,"61,622.00",8,-0.31,0.15,-3.8,1.91,-1.76,11.22,7.67,,
2023/04/10,205,SEF,21.21,7.85,7.87,7.85,7.86,7.86,0.0,0.0,7.87,"3,100.00",7.85,"24,385.00",4,0.01,0.02,0.13,0.25,-0.08,11.22,7.67,,
2023/04/11,206,SEF,21.45,8.0,8.0,8.0,8.0,8.00,0.0,0.0,8.00,100.00,7.86,800.00,1,0.14,0.00,1.78,0.0,0.0,11.22,7.67,,
2023/04/12,212,SEF,52.59,8.0,8.8,8.0,8.8,8.80,0.0,0.0,8.29,"19,190.00",8.00,"159,177.10",11,0.80,0.80,10.0,10.0,5.74,11.22,7.67,,
2023/04/13,260,SEF,16.19,9.22,9.29,9.22,9.29,9.29,0.0,0.0,9.22,"20,152.00",9.10,"185,812.08",3,0.19,0.07,2.09,0.76,0.75,11.50,8.72,10.04,9.92
2023/04/16,209,SEF,45.52,8.8,8.8,8.48,8.48,8.48,0.0,0.0,8.65,"10,300.00",8.63,"89,076.00",4,-0.15,0.32,-1.74,3.77,-1.98,11.22,7.67,,
2023/04/17,211,SEF,37.83,8.63,8.79,8.15,8.25,8.25,0.0,0.0,8.44,900.00,8.48,"7,597.00",8,-0.23,0.64,-2.71,7.85,-2.32,11.22,7.67,,
2023/04/18,210,SEF,33.98,8.21,8.36,8.2,8.36,8.36,0.0,0.0,8.20,"12,600.00",8.25,"103,376.00",8,0.11,0.16,1.33,1.95,1.86,11.22,7.67,,
2023/02/28,208,SEF,43.25,8.03,8.19,8.03,8.19,8.19,0.0,0.0,8.16,"14,500.00",8.14,"118,355.00",7,0.05,0.16,0.61,1.99,0.34,11.25,7.69,,
2023/03/01,204,SEF,50.57,8.35,8.35,8.19,8.19,8.19,0.0,0.0,8.35,"23,100.00",8.19,"192,869.00",4,0.00,0.16,0.0,1.95,-1.95,11.25,7.69,,
2023/03/02,202,SEF,41.76,8.14,8.15,8.14,8.15,8.15,0.0,0.0,8.14,"8,300.00",8.19,"67,595.00",2,-0.04,0.01,-0.49,0.12,0.07,11.25,7.69,,
2023/03/07,207,SEF,39.33,8.0,8.14,8.0,8.01,8.01,0.0,0.0,8.01,"12,985.00",8.15,"103,972.85",3,-0.14,0.14,-1.72,1.75,0.04,11.25,7.69,,
2023/03/09,207,SEF,48.11,8.01,8.3,8.01,8.3,8.30,0.0,0.0,8.10,"17,550.00",8.01,"142,074.00",7,0.29,0.29,3.62,3.62,2.47,11.25,7.69,,
2023/03/12,206,SEF,40.2,8.2,8.3,8.15,8.3,8.30,0.0,0.0,8.17,"5,100.00",8.30,"41,651.30",4,0.0,0.15,0.0,1.84,1.6,11.25,7.69,,
2023/03/13,204,SEF,43.79,8.46,8.46,8.2,8.2,8.20,0.0,0.0,8.38,"17,881.00",8.30,"149,805.30",7,-0.1,0.26,-1.2,3.17,-2.17,11.25,7.69,,
2023/03/14,202,SEF,40.73,8.15,8.16,8.15,8.16,8.16,0.0,0.0,8.16,"5,000.00",8.20,"40,790.00",3,-0.04,0.01,-0.49,0.12,0.02,11.25,7.69,,
2023/03/15,260,SEF,16.19,9.22,9.29,9.22,9.29,9.29,0.0,0.0,9.22,"20,152.00",9.10,"185,812.08",3,0.19,0.07,2.09,0.76,0.75,11.50,8.72,10.04,9.92
2023/03/16,204,SEF,33.38,7.95,7.95,7.95,7.95,7.95,0.0,0.0,7.95,"5,000.00",7.93,"39,750.00",1,0.02,0.0,0.25,0.0,0.0,11.25,7.69,,
2023/03/19,206,SEF,31.86,7.82,7.9,7.82,7.9,7.90,0.0,0.0,7.84,"3,650.00",7.95,"28,620.50",6,-0.05,0.08,-0.63,1.02,0.74,11.25,7.69,,
2023/03/20,205,SEF,32.53,8.0,8.0,7.9,7.9,7.90,0.0,0.0,7.94,500.00,7.90,"3,970.00",3,0.0,0.1,0.0,1.27,-0.51,11.25,7.69,,
2023/03/22,213,SEF,33.57,7.8,7.8,7.8,7.8,7.80,0.0,0.0,7.80,600.00,7.90,"4,680.00",1,-0.1,0.0,-1.27,0.0,0.0,11.25,7.69,,
2023/03/23,208,SEF,29.12,7.67,7.7,7.67,7.7,7.70,0.0,0.0,7.68,"1,500.00",7.80,"11,520.00",3,-0.1,0.03,-1.28,0.39,0.26,11.25,7.67,,
2023/03/26,208,SEF,41.17,7.85,8.0,7.84,8.0,8.00,0.0,0.0,7.88,"17,800.00",7.70,"140,255.00",6,0.3,0.16,3.9,2.04,1.51,11.25,7.67,,
2023/02/01,208,SEF,32.06,8.56,8.73,8.39,8.73,8.73,0.0,0.0,8.48,"1,625.00",8.40,"13,774.00",6,0.33,0.34,3.93,4.05,2.91,11.56,7.69,,
2023/02/02,206,SEF,36.88,8.6,8.6,8.39,8.39,8.39,0.0,0.0,8.48,"31,300.00",8.73,"265,457.00",8,-0.34,0.21,-3.89,2.5,-1.09,11.56,7.69,,
2023/02/03,260,SEF,16.19,9.22,9.29,9.22,9.29,9.29,0.0,0.0,9.22,"20,152.00",9.10,"185,812.08",3,0.19,0.07,2.09,0.76,0.75,11.50,8.72,10.04,9.92
2023/02/05,207,SEF,38.47,8.25,8.75,8.12,8.75,8.75,0.0,0.0,8.53,"12,400.00",8.39,"105,752.00",9,0.36,0.63,4.29,7.76,2.53,11.50,7.69,,
2023/02/06,206,SEF,53.96,8.65,8.75,8.58,8.75,8.75,0.0,0.0,8.60,"30,390.00",8.75,"261,208.20",11,0.0,0.17,0.0,1.98,1.77,11.50,7.69,,
2023/02/07,208,SEF,44.16,8.92,9.05,8.8,8.89,8.89,0.0,0.0,8.88,"5,956.00",8.75,"52,901.40",8,0.14,0.25,1.6,2.84,0.09,11.50,7.69,,
2023/02/08,205,SEF,55.48,9.06,9.06,8.47,8.8,8.80,0.0,0.0,8.73,"16,800.00",8.89,"146,709.12",11,-0.09,0.59,-1.01,6.97,0.76,11.50,7.69,,
2023/02/14,204,SEF,40.04,8.89,8.9,8.89,8.9,8.90,0.0,0.0,8.90,"5,000.00",8.80,"44,489.75",2,0.10,0.01,1.14,0.11,0.02,11.25,7.69,,
2023/02/16,204,SEF,31.15,8.75,8.75,8.58,8.58,8.58,0.0,0.0,8.60,"6,300.00",8.90,"54,156.00",2,-0.32,0.17,-3.6,1.98,-0.19,11.25,7.69,,
2023/02/20,206,SEF,33.41,8.5,8.5,8.04,8.32,8.32,0.0,0.0,8.12,"32,325.00",8.58,"262,428.04",13,-0.26,0.46,-3.03,5.72,2.42,11.25,7.69,,
2023/02/22,217,SEF,27.09,8.17,8.17,8.17,8.17,8.17,0.0,0.0,8.17,"1,000.00",8.32,"8,170.00",2,-0.15,0.0,-1.8,0.0,0.0,11.25,7.69,,
2023/02/23,208,SEF,22.92,8.15,8.15,8.02,8.02,8.02,0.0,0.0,8.10,"1,000.00",8.17,"8,101.25",2,-0.15,0.13,-1.84,1.62,-1.01,11.25,7.69,,
2023/02/26,209,SEF,34.97,7.91,8.16,7.91,8.02,8.02,0.0,0.0,7.96,"15,290.00",8.02,"121,665.40",7,0.0,0.25,0.0,3.16,0.78,11.25,7.69,,
2023/01/03,209,SEF,37.95,8.48,8.6,8.32,8.32,8.32,0.0,0.0,8.43,"5,600.00",8.32,"47,191.00",7,0.0,0.28,0.0,3.37,-1.29,11.64,7.69,,
2023/01/04,210,SEF,37.97,8.48,8.6,8.48,8.6,8.60,0.0,0.0,8.59,"2,400.00",8.32,"20,611.00",6,0.28,0.12,3.37,1.42,0.14,11.64,7.69,,
2023/01/05,209,SEF,60.61,8.43,8.59,8.43,8.43,8.43,0.0,0.0,8.47,"57,780.00",8.60,"489,139.00",16,-0.17,0.16,-1.98,1.9,-0.42,11.64,7.69,,
2023/01/08,211,SEF,56.1,8.45,8.6,8.45,8.55,8.55,0.0,0.0,8.53,"28,850.00",8.43,"246,042.50",11,0.12,0.15,1.42,1.78,0.25,11.64,7.69,,
2023/01/09,209,SEF,62.16,8.39,9.03,8.39,8.72,8.72,0.0,0.0,8.75,"65,400.00",8.55,"572,047.00",16,0.17,0.64,1.99,7.63,-0.31,11.64,7.69,,
2023/01/10,206,SEF,57.94,8.89,8.95,8.73,8.9,8.90,0.0,0.0,8.83,"59,680.00",8.72,"526,893.02",19,0.18,0.22,2.06,2.52,0.8,11.64,7.69,,
2023/01/12,203,SEF,51.95,9.0,9.0,8.7,8.7,8.70,0.0,0.0,8.86,"13,400.00",8.90,"118,785.00",7,-0.2,0.3,-2.25,3.45,-1.89,11.64,7.69,,
2023/01/17,203,SEF,51.09,8.7,8.85,8.6,8.83,8.83,0.0,0.0,8.71,"12,480.00",8.70,"108,687.40",6,0.13,0.25,1.49,2.91,1.37,11.64,7.69,,
2023/01/18,200,SEF,48.09,8.83,9.0,8.83,8.99,8.99,0.0,0.0,8.94,"4,800.00",8.83,"42,915.00",3,0.16,0.17,1.81,1.93,0.55,11.64,7.69,,
2023/01/19,199,SEF,44.01,9.07,9.07,8.8,8.8,8.80,0.0,0.0,8.85,"14,400.00",8.99,"127,437.00",6,-0.19,0.27,-2.11,3.07,-0.57,11.64,7.69,,
2023/01/23,208,SEF,39.92,8.97,9.32,8.82,8.82,8.82,0.0,0.0,8.97,"4,400.00",8.80,"39,487.00",8,0.02,0.5,0.23,5.67,-1.75,11.64,7.69,,
2023/01/24,199,SEF,42.91,8.65,8.83,8.65,8.83,8.83,0.0,0.0,8.67,"11,344.00",8.82,"98,340.52",6,0.01,0.18,0.11,2.08,1.82,11.62,7.69,,
2023/01/25,210,SEF,41.59,8.83,9.0,8.83,9.0,9.00,0.0,0.0,8.84,"6,020.00",8.83,"53,223.40",7,0.17,0.17,1.93,1.93,1.77,11.62,7.69,,
2023/01/26,203,SEF,48.12,9.1,9.1,9.0,9.1,9.10,0.0,0.0,9.04,"10,500.00",9.00,"94,950.00",5,0.1,0.1,1.11,1.11,0.63,11.62,7.69,,
2023/01/29,215,SEF,38.58,8.92,9.0,8.75,8.77,8.77,0.0,0.0,8.84,"8,720.00",9.10,"77,080.75",9,-0.33,0.25,-3.63,2.86,-0.79,11.62,7.69,,
2023/01/30,204,SEF,31.03,8.6,8.75,8.6,8.75,8.75,0.0,0.0,8.65,"1,100.00",8.77,"9,520.00",4,-0.02,0.15,-0.23,1.74,1.09,11.62,7.69,,
2022/12/07,201,SEF,33.83,8.02,8.17,8.01,8.17,8.17,0.0,0.0,8.07,"1,200.00",8.02,"9,681.00",8,0.15,0.16,1.87,2.0,1.25,11.64,7.81,,
2022/12/11,205,SEF,33.48,8.01,8.01,7.85,7.99,7.99,0.0,0.0,7.92,"12,475.00",8.17,"98,840.25",8,-0.18,0.16,-2.2,2.04,0.84,11.64,7.81,,
2022/12/13,203,SEF,42.35,7.84,7.99,7.84,7.99,7.99,0.0,0.0,7.89,292.00,7.99,"2,304.28",2,0.0,0.15,0.0,1.91,1.23,11.64,7.81,,
2022/12/14,200,SEF,22.15,7.84,7.84,7.84,7.84,7.84,0.0,0.0,7.84,500.00,7.99,"3,920.00",1,-0.15,0.0,-1.88,0.0,0.0,11.64,7.81,,
2022/12/15,208,SEF,22.51,7.69,7.69,7.69,7.69,7.69,0.0,0.0,7.69,"1,000.00",7.84,"7,690.00",2,-0.15,0.0,-1.91,0.0,0.0,11.64,7.69,,
2022/12/18,204,SEF,24.28,7.69,7.69,7.69,7.69,7.69,0.0,0.0,7.69,975.00,7.69,"7,497.75",1,0.0,0.0,0.0,0.0,0.0,11.64,7.69,,
2022/12/19,204,SEF,32.51,7.7,7.77,7.7,7.76,7.76,0.0,0.0,7.76,"6,000.00",7.69,"46,535.00",4,0.07,0.07,0.91,0.91,0.05,11.64,7.69,,
2022/12/20,209,SEF,48.42,7.8,7.95,7.8,7.95,7.95,0.0,0.0,7.82,"11,070.00",7.76,"86,521.50",6,0.19,0.15,2.45,1.92,1.69,11.64,7.69,,
2022/12/22,198,SEF,38.64,7.99,7.99,7.99,7.99,7.99,0.0,0.0,7.99,100.00,7.95,799.00,1,0.04,0.0,0.5,0.0,0.0,11.64,7.69,,
2022/12/26,203,SEF,42.21,7.9,8.53,7.9,8.53,8.53,0.0,0.0,8.04,"1,300.00",7.99,"10,457.00",7,0.54,0.63,6.76,7.97,5.7,11.64,7.69,,
2022/12/27,213,SEF,45.51,8.6,8.6,8.6,8.6,8.60,0.0,0.0,8.60,100.00,8.53,860.00,1,0.07,0.00,0.82,0.0,0.0,11.64,7.69,,
2022/12/28,260,SEF,16.19,9.22,9.29,9.22,9.29,9.29,0.0,0.0,9.22,"20,152.00",9.10,"185,812.08",3,0.19,0.07,2.09,0.76,0.75,11.50,8.72,10.04,9.92
2022/12/29,209,SEF,47.79,8.79,8.79,8.79,8.79,8.79,0.0,0.0,8.79,100.00,8.62,879.00,1,0.17,0.0,1.97,0.0,0.0,11.64,7.69,,
2023/01/01,213,SEF,39.68,8.62,8.62,8.21,8.3,8.30,0.0,0.0,8.35,"55,150.00",8.79,"460,497.00",21,-0.49,0.41,-5.57,4.99,-0.6,11.64,7.69,,
2022/11/14,185,SEF,46.02,8.32,8.48,8.32,8.48,8.48,0.0,0.0,8.34,"3,900.00",8.21,"32,534.00",4,0.27,0.16,3.29,1.92,1.63,11.64,7.81,,
2022/11/15,185,SEF,43.5,8.32,8.32,8.16,8.16,8.16,0.0,0.0,8.27,"1,500.00",8.48,"12,400.00",2,-0.32,0.16,-3.77,1.96,-1.31,11.64,7.81,,
2022/11/16,188,SEF,34.39,8.04,8.04,8.0,8.0,8.00,0.0,0.0,8.03,"18,000.00",8.16,"144,617.00",7,-0.16,0.04,-1.96,0.5,-0.43,11.64,7.81,,
2022/11/19,260,SEF,16.19,9.22,9.29,9.22,9.29,9.29,0.0,0.0,9.22,"20,152.00",9.10,"185,812.08",3,0.19,0.07,2.09,0.76,0.75,11.50,8.72,10.04,9.92
2022/11/22,186,SEF,45.45,8.16,8.3,8.16,8.3,8.30,0.0,0.0,8.24,"5,000.00",8.00,"41,220.00",3,0.30,0.14,3.75,1.72,0.67,11.64,7.81,,
2022/11/23,181,SEF,24.14,8.14,8.14,8.14,8.14,8.14,0.0,0.0,8.14,200.00,8.30,"1,628.00",1,-0.16,0.0,-1.93,0.0,0.0,11.64,7.81,,
2022/11/24,188,SEF,23.97,8.13,8.13,8.13,8.13,8.13,0.0,0.0,8.13,500.00,8.14,"4,065.00",1,-0.01,0.0,-0.12,0.0,0.0,11.64,7.81,,
2022/11/28,192,SEF,54.66,8.1,8.15,8.0,8.1,8.10,0.0,0.0,8.11,"13,000.00",8.13,"105,450.00",6,-0.03,0.15,-0.37,1.88,-0.14,11.64,7.81,,
2022/11/29,189,SEF,29.62,7.94,8.09,7.94,8.09,8.09,0.0,0.0,8.03,"1,400.00",8.10,"11,242.00",3,-0.01,0.15,-0.12,1.89,0.74,11.64,7.81,,
2022/11/30,193,SEF,40.6,8.25,8.25,8.25,8.25,8.25,0.0,0.0,8.25,500.00,8.09,"4,125.00",1,0.16,0.0,1.98,0.0,0.0,11.64,7.81,,
2022/12/01,194,SEF,40.87,8.2,8.2,8.2,8.2,8.20,0.0,0.0,8.20,"1,000.00",8.25,"8,200.00",2,-0.05,0.0,-0.61,0.0,0.0,11.64,7.81,,
2022/12/04,197,SEF,42.54,8.2,8.2,8.2,8.2,8.20,0.0,0.0,8.20,"1,145.00",8.20,"9,389.00",3,0.0,0.0,0.0,0.0,0.0,11.64,7.81,,
2022/12/05,195,SEF,34.8,8.04,8.04,7.89,7.89,7.89,0.0,0.0,7.91,"8,100.00",8.20,"64,089.00",4,-0.31,0.15,-3.78,1.9,-0.28,11.64,7.81,,
2022/10/11,187,SEF,33.22,8.1,8.1,8.1,8.1,8.10,0.0,0.0,8.10,"1,000.00",8.25,"8,100.00",1,-0.15,0.0,-1.82,0.0,0.0,11.64,7.89,,
2022/10/12,181,SEF,36.88,7.95,8.24,7.81,8.24,8.24,0.0,0.0,7.94,"5,500.00",8.10,"43,691.00",8,0.14,0.43,1.73,5.51,3.59,11.64,7.81,,
2022/10/13,181,SEF,34.96,8.4,8.42,8.4,8.42,8.42,0.0,0.0,8.42,600.00,8.24,"5,050.00",2,0.18,0.02,2.18,0.24,0.04,11.64,7.81,,
2022/10/16,180,SEF,36.38,8.55,8.56,8.55,8.56,8.56,0.0,0.0,8.56,500.00,8.42,"4,279.00",2,0.14,0.01,1.66,0.12,0.02,11.64,7.81,,
2022/10/17,178,SEF,42.78,8.4,8.4,8.24,8.4,8.40,0.0,0.0,8.28,"4,100.00",8.56,"33,960.00",3,-0.16,0.16,-1.87,1.94,1.39,11.64,7.81,,
2022/10/19,174,SEF,23.06,8.24,8.24,8.24,8.24,8.24,0.0,0.0,8.24,950.00,8.40,"7,828.00",1,-0.16,0.0,-1.9,0.0,0.0,11.64,7.81,,
2022/10/23,180,SEF,28.24,8.36,8.36,8.2,8.2,8.20,0.0,0.0,8.24,740.00,8.24,"6,096.00",5,-0.04,0.16,-0.49,1.95,-0.46,11.64,7.81,,
2022/10/31,181,SEF,28.99,8.32,8.36,8.32,8.36,8.36,0.0,0.0,8.36,"38,800.00",8.20,"324,236.00",3,0.16,0.04,1.95,0.48,0.04,11.64,7.81,,
2022/11/02,185,SEF,43.07,8.35,8.47,8.25,8.44,8.44,0.0,0.0,8.35,"46,800.00",8.36,"390,960.00",14,0.08,0.22,0.96,2.67,1.02,11.64,7.81,,
2022/11/03,178,SEF,30.96,8.28,8.28,8.15,8.15,8.15,0.0,0.0,8.19,"9,000.00",8.44,"73,753.00",3,-0.29,0.13,-3.44,1.6,-0.55,11.64,7.81,,
2022/11/06,186,SEF,29.68,8.0,8.13,7.85,8.13,8.13,0.0,0.0,7.91,"7,700.00",8.15,"60,911.00",8,-0.02,0.28,-0.25,3.57,2.7,11.64,7.81,,
2022/11/07,182,SEF,32.04,8.02,8.02,8.0,8.02,8.02,0.0,0.0,8.01,"11,500.00",8.13,"92,170.00",4,-0.11,0.02,-1.35,0.25,0.07,11.64,7.81,,
2022/11/08,184,SEF,30.58,8.18,8.18,8.03,8.03,8.03,0.0,0.0,8.06,"1,200.00",8.02,"9,671.00",3,0.01,0.15,0.12,1.87,-0.36,11.64,7.81,,
2022/11/09,181,SEF,53.37,8.03,8.18,8.03,8.18,8.18,0.0,0.0,8.09,"27,000.00",8.03,"218,350.00",4,0.15,0.15,1.87,1.87,1.14,11.64,7.81,,
2022/09/08,183,SEF,30.68,8.07,8.21,8.05,8.21,8.21,0.0,0.0,8.10,"2,900.00",8.11,"23,498.90",5,0.1,0.16,1.23,1.99,1.3,11.64,8.05,,
2022/09/11,177,SEF,31.86,8.2,8.2,8.2,8.2,8.20,0.0,0.0,8.20,"10,000.00",8.21,"82,000.00",1,-0.01,0.0,-0.12,0.0,0.0,11.64,8.05,,
2022/09/12,180,SEF,38.38,8.1,8.15,7.99,7.99,7.99,0.0,0.0,8.07,"60,070.00",8.20,"484,510.90",18,-0.21,0.16,-2.56,2.0,-0.95,11.64,7.99,,
2022/09/13,188,SEF,39.63,8.0,8.0,8.0,8.0,8.00,0.0,0.0,8.00,"30,600.00",7.99,"244,800.00",8,0.01,0.0,0.13,0.0,0.0,11.64,7.99,,
2022/09/14,183,SEF,34.82,8.0,8.16,8.0,8.16,8.16,0.0,0.0,8.15,"3,686.00",8.00,"30,030.76",4,0.16,0.16,2.0,2.0,0.16,11.64,7.99,,
2022/09/15,187,SEF,40.5,8.16,8.25,8.13,8.21,8.21,0.0,0.0,8.21,"19,500.00",8.16,"160,003.25",9,0.05,0.12,0.61,1.48,0.06,11.64,7.99,,
2022/09/16,177,SEF,38.82,8.05,8.05,8.05,8.05,8.05,0.0,0.0,8.05,"1,000.00",8.21,"8,050.00",1,-0.16,0.0,-1.95,0.0,0.0,11.64,7.99,,
2022/09/18,187,SEF,44.39,8.21,8.21,7.89,8.1,8.10,0.0,0.0,8.00,"34,480.00",8.05,"275,978.00",14,0.05,0.32,0.62,4.06,1.19,11.64,7.89,,
2022/09/20,188,SEF,42.17,7.95,8.27,7.95,8.19,8.19,0.0,0.0,8.17,"23,200.00",8.10,"189,633.00",9,0.09,0.32,1.11,4.03,0.2,11.64,7.89,,
2022/09/21,184,SEF,36.3,8.03,8.19,8.03,8.19,8.19,0.0,0.0,8.04,"5,600.00",8.19,"45,048.00",3,0.0,0.16,0.0,1.99,1.78,11.64,7.89,,
2022/09/22,187,SEF,42.49,8.04,8.18,7.89,8.18,8.18,0.0,0.0,8.13,"13,800.00",8.19,"112,244.00",8,-0.01,0.29,-0.12,3.68,0.57,11.64,7.89,,
2022/09/25,185,SEF,32.98,8.09,8.09,8.02,8.09,8.09,0.0,0.0,8.08,"7,150.00",8.18,"57,798.00",5,-0.09,0.07,-1.1,0.87,0.08,11.64,7.89,,
2022/09/27,188,SEF,38.21,8.1,8.25,8.09,8.25,8.25,0.0,0.0,8.14,"7,205.00",8.09,"58,666.45",5,0.16,0.16,1.98,1.98,1.3,11.64,7.89,,
2022/10/09,260,SEF,16.19,9.22,9.29,9.22,9.29,9.29,0.0,0.0,9.22,"20,152.00",9.10,"185,812.08",3,0.19,0.07,2.09,0.76,0.75,11.50,8.72,10.04,9.92
2022/08/18,178,SEF,46.4,10.08,10.08,9.5,9.74,9.74,0.0,0.0,9.65,"17,200.00",9.90,"165,939.00",12,-0.16,0.58,-1.62,6.11,0.95,12.46,8.99,,
2022/08/21,260,SEF,16.19,9.22,9.29,9.22,9.29,9.29,0.0,0.0,9.22,"20,152.00",9.10,"185,812.08",3,0.19,0.07,2.09,0.76,0.75,11.50,8.72,10.04,9.92
2022/08/22,178,SEF,40.77,9.91,9.91,9.54,9.6,9.60,0.0,0.0,9.71,"106,692.00",9.72,"1,035,606.40",43,-0.12,0.37,-1.23,3.88,-1.11,12.10,8.99,,
2022/08/23,179,SEF,31.52,9.41,9.41,8.92,8.94,8.94,0.0,0.0,9.05,"41,600.00",9.60,"376,534.00",22,-0.66,0.49,-6.88,5.49,-1.24,12.10,8.92,,
2022/08/24,180,SEF,27.52,8.78,8.78,8.62,8.62,8.62,0.0,0.0,8.67,"4,000.00",8.94,"34,699.00",6,-0.32,0.16,-3.58,1.86,-0.64,12.10,8.62,,
2022/08/25,177,SEF,27.69,8.62,8.62,8.62,8.62,8.62,0.0,0.0,8.62,"1,000.00",8.62,"8,620.00",1,0.0,0.0,0.0,0.0,0.0,12.03,8.62,,
2022/08/26,171,SEF,26.41,8.77,8.77,8.52,8.69,8.69,0.0,0.0,8.57,"5,200.00",8.62,"44,586.00",5,0.07,0.25,0.81,2.93,1.33,12.00,8.52,,
2022/08/28,181,SEF,36.16,8.52,8.53,8.37,8.53,8.53,0.0,0.0,8.48,"22,180.00",8.69,"188,100.10",7,-0.16,0.16,-1.84,1.91,0.58,12.00,8.37,,
2022/08/29,179,SEF,28.7,8.37,8.37,8.37,8.37,8.37,0.0,0.0,8.37,"2,000.00",8.53,"16,740.00",1,-0.16,0.0,-1.88,0.0,0.0,12.00,8.37,,
2022/08/30,184,SEF,29.22,8.52,8.52,8.52,8.52,8.52,0.0,0.0,8.52,100.00,8.37,852.00,1,0.15,0.0,1.79,0.0,0.0,11.85,8.37,,
2022/08/31,180,SEF,34.61,8.5,8.5,8.28,8.28,8.28,0.0,0.0,8.35,"17,918.00",8.52,"149,686.00",10,-0.24,0.22,-2.82,2.66,-0.89,11.85,8.28,,
2022/09/01,179,SEF,40.44,8.44,8.6,8.28,8.5,8.50,0.0,0.0,8.41,"35,570.00",8.28,"298,987.00",12,0.22,0.32,2.66,3.86,1.11,11.85,8.28,,
2022/09/02,175,SEF,30.93,8.33,8.33,8.33,8.33,8.33,0.0,0.0,8.33,"2,500.00",8.50,"20,825.00",1,-0.17,0.0,-2.0,0.0,0.0,11.85,8.28,,
2022/09/04,184,SEF,32.87,8.25,8.34,8.18,8.33,8.33,0.0,0.0,8.28,"9,382.00",8.33,"77,722.06",5,0.0,0.16,0.0,1.96,0.55,11.64,8.18,,
2022/09/05,180,SEF,36.51,8.33,8.49,8.33,8.49,8.49,0.0,0.0,8.33,"3,600.00",8.33,"30,004.00",4,0.16,0.16,1.92,1.92,1.83,11.64,8.18,,
2022/09/06,181,SEF,34.67,8.34,8.36,8.24,8.24,8.24,0.0,0.0,8.34,"17,500.00",8.49,"146,000.00",5,-0.25,0.12,-2.94,1.46,-1.25,11.64,8.18,,
2022/07/28,180,SEF,33.34,9.53,9.7,9.53,9.65,9.65,0.0,0.0,9.60,"5,100.00",9.53,"48,945.00",4,0.12,0.17,1.26,1.78,0.55,16.40,8.99,,
2022/07/29,175,SEF,27.52,9.6,9.69,9.6,9.69,9.69,0.0,0.0,9.65,"2,500.00",9.65,"24,135.00",4,0.04,0.09,0.41,0.94,0.37,16.40,8.99,,
2022/07/31,179,SEF,54.36,9.69,10.07,9.69,10.02,10.02,0.0,0.0,9.86,"89,250.00",9.69,"880,089.00",26,0.33,0.38,3.41,3.92,1.59,16.40,8.99,,
2022/08/01,176,SEF,50.98,9.82,9.99,9.64,9.65,9.65,0.0,0.0,9.73,"2,700.00",10.02,"26,261.00",6,-0.37,0.35,-3.69,3.63,-0.79,16.40,8.99,,
2022/08/02,175,SEF,58.91,9.75,9.99,9.75,9.99,9.99,0.0,0.0,9.91,"48,021.00",9.65,"475,916.22",15,0.34,0.24,3.52,2.46,0.79,16.40,8.99,,
2022/08/04,175,SEF,41.28,9.81,9.81,9.61,9.7,9.70,0.0,0.0,9.67,"14,930.00",9.99,"144,383.00",11,-0.29,0.2,-2.9,2.08,0.3,16.40,8.99,,
2022/08/05,174,SEF,33.46,9.52,9.71,9.52,9.71,9.71,0.0,0.0,9.69,"2,200.00",9.70,"21,322.00",4,0.01,0.19,0.1,2.0,0.19,16.21,8.99,,
2022/08/07,179,SEF,27.39,9.56,9.6,9.56,9.6,9.60,0.0,0.0,9.58,200.00,9.71,"1,916.00",2,-0.11,0.04,-1.13,0.42,0.21,16.21,8.99,,
2022/08/08,173,SEF,37.42,9.79,9.98,9.79,9.98,9.98,0.0,0.0,9.97,"10,000.00",9.60,"99,714.50",3,0.38,0.19,3.96,1.94,0.09,16.21,8.99,,
2022/08/10,178,SEF,39.21,9.79,9.79,9.65,9.65,9.65,0.0,0.0,9.75,"7,600.00",9.98,"74,114.00",4,-0.33,0.14,-3.31,1.45,-1.06,16.05,8.99,,
2022/08/11,181,SEF,48.18,9.56,9.82,9.56,9.82,9.82,0.0,0.0,9.67,"22,790.00",9.65,"220,404.40",8,0.17,0.26,1.76,2.72,1.52,16.05,8.99,,
2022/08/14,184,SEF,34.09,9.82,9.83,9.44,9.44,9.44,0.0,0.0,9.69,"14,700.00",9.82,"142,382.00",10,-0.38,0.39,-3.87,4.13,-2.6,16.05,8.99,,
2022/08/15,174,SEF,33.46,9.41,9.59,9.41,9.51,9.51,0.0,0.0,9.53,"16,300.00",9.44,"155,298.44",10,0.07,0.18,0.74,1.91,-0.18,16.05,8.99,,
2022/08/16,180,SEF,50.3,9.7,9.89,9.52,9.71,9.71,0.0,0.0,9.63,"54,835.00",9.51,"528,285.20",15,0.20,0.37,2.1,3.89,0.78,12.59,8.99,,
2022/07/08,175,SEF,32.74,9.6,9.6,9.6,9.6,9.60,0.0,0.0,9.60,"10,000.00",9.70,"96,000.00",1,-0.1,0.0,-1.03,0.0,0.0,17.04,9.20,,
2022/07/11,183,SEF,35.04,9.41,9.5,9.1,9.1,9.10,0.0,0.0,9.20,"52,502.00",9.60,"482,895.96",18,-0.5,0.4,-5.21,4.4,-1.07,17.04,9.10,,
2022/07/12,183,SEF,37.45,9.1,9.1,8.99,8.99,8.99,0.0,0.0,9.01,"81,776.00",9.10,"736,537.85",11,-0.11,0.11,-1.21,1.22,-0.19,17.04,8.99,,
2022/07/13,182,SEF,28.98,9.16,9.5,9.16,9.5,9.50,0.0,0.0,9.19,"11,400.00",8.99,"104,740.00",4,0.51,0.34,5.67,3.71,3.29,17.04,8.99,,
2022/07/14,180,SEF,48.42,9.69,10.05,9.69,9.71,9.71,0.0,0.0,9.78,"15,699.00",9.50,"153,512.10",9,0.21,0.36,2.21,3.72,-0.71,17.04,8.99,,
2022/07/15,190,SEF,46.06,9.9,9.9,9.53,9.88,9.88,0.0,0.0,9.67,"6,400.00",9.71,"61,918.00",9,0.17,0.37,1.75,3.88,2.08,17.04,8.99,,
2022/07/17,170,SEF,42.06,10.07,10.07,10.0,10.0,10.00,0.0,0.0,10.01,"10,300.00",9.88,"103,154.00",8,0.12,0.07,1.21,0.7,-0.15,17.04,8.99,,
2022/07/18,171,SEF,42.67,9.82,9.84,9.82,9.84,9.84,0.0,0.0,9.83,"12,700.00",10.00,"124,864.00",7,-0.16,0.02,-1.6,0.2,0.08,17.04,8.99,,
2022/07/19,172,SEF,33.73,10.02,10.03,9.71,9.71,9.71,0.0,0.0,9.88,"26,500.00",9.84,"261,943.00",14,-0.13,0.32,-1.32,3.3,-1.8,17.04,8.99,,
2022/07/20,174,SEF,33.41,9.71,9.9,9.71,9.88,9.88,0.0,0.0,9.73,"12,450.00",9.71,"121,161.50",11,0.17,0.19,1.75,1.96,1.5,17.04,8.99,,
2022/07/21,184,SEF,25.31,9.7,9.78,9.7,9.77,9.77,0.0,0.0,9.76,"2,297.00",9.88,"22,418.75",4,-0.11,0.08,-1.11,0.82,0.1,17.04,8.99,,
2022/07/22,172,SEF,32.03,9.59,9.59,9.58,9.58,9.58,0.0,0.0,9.58,"18,900.00",9.77,"181,098.00",8,-0.19,0.01,-1.94,0.1,-0.02,17.04,8.99,,
2022/07/23,260,SEF,16.19,9.22,9.29,9.22,9.29,9.29,0.0,0.0,9.22,"20,152.00",9.10,"185,812.08",3,0.19,0.07,2.09,0.76,0.75,11.50,8.72,10.04,9.92
2022/07/24,179,SEF,38.04,9.6,9.75,9.53,9.75,9.75,0.0,0.0,9.60,"15,650.00",9.58,"150,247.50",7,0.17,0.22,1.77,2.31,1.53,16.90,8.99,,
2022/07/25,174,SEF,34.58,9.61,9.82,9.61,9.82,9.82,0.0,0.0,9.71,"17,000.00",9.75,"165,040.00",7,0.07,0.21,0.72,2.19,1.14,16.90,8.99,,
2022/07/26,181,SEF,33.0,9.83,9.83,9.6,9.65,9.65,0.0,0.0,9.67,"20,700.00",9.82,"200,160.48",9,-0.17,0.23,-1.73,2.4,-0.2,16.60,8.99,,
2022/06/19,179,SEF,22.79,10.05,10.05,9.71,9.71,9.71,0.0,0.0,9.85,"2,500.00",10.25,"24,631.00",5,-0.54,0.34,-5.27,3.5,-1.47,17.04,9.71,,
2022/06/20,184,SEF,32.2,9.75,9.75,9.41,9.75,9.75,0.0,0.0,9.58,"67,602.00",9.71,"647,596.82",12,0.04,0.34,0.41,3.61,1.75,17.04,9.41,,
2022/06/21,184,SEF,20.55,9.61,9.72,9.6,9.72,9.72,0.0,0.0,9.61,"2,700.00",9.75,"25,937.00",4,-0.03,0.12,-0.31,1.25,1.17,17.04,9.41,,
2022/06/22,183,SEF,26.9,9.73,9.9,9.54,9.9,9.90,0.0,0.0,9.73,"20,600.00",9.72,"200,345.00",5,0.18,0.36,1.85,3.77,1.76,17.04,9.41,,
2022/06/23,189,SEF,33.21,9.71,9.71,9.2,9.38,9.38,0.0,0.0,9.52,"48,680.00",9.90,"463,531.88",19,-0.52,0.51,-5.25,5.54,-1.51,17.04,9.20,,
2022/06/24,179,SEF,25.74,9.38,9.38,9.38,9.38,9.38,0.0,0.0,9.38,"1,000.00",9.38,"9,380.00",1,0.0,0.0,0.0,0.0,0.0,17.04,9.20,,
2022/06/26,185,SEF,34.05,9.2,9.66,9.2,9.6,9.60,0.0,0.0,9.34,"22,600.00",9.38,"211,117.00",10,0.22,0.46,2.35,5.0,2.69,17.04,9.20,,
2022/06/27,185,SEF,31.03,9.7,9.79,9.23,9.23,9.23,0.0,0.0,9.33,"35,310.00",9.60,"329,526.00",15,-0.37,0.56,-3.85,6.07,-1.11,17.04,9.20,,
2022/06/28,184,SEF,32.27,9.23,9.23,9.23,9.23,9.23,0.0,0.0,9.23,"2,500.00",9.23,"23,075.00",2,0.0,0.0,0.0,0.0,0.0,17.04,9.20,,
2022/06/29,184,SEF,36.9,9.4,9.6,9.4,9.6,9.60,0.0,0.0,9.58,"6,310.00",9.23,"60,442.70",6,0.37,0.2,4.01,2.13,0.22,17.04,9.20,,
2022/06/30,183,SEF,45.26,9.79,9.8,9.79,9.8,9.80,0.0,0.0,9.79,"85,800.00",9.60,"840,336.00",7,0.20,0.01,2.08,0.1,0.06,17.04,9.20,,
2022/07/01,178,SEF,43.63,9.8,9.8,9.75,9.75,9.75,0.0,0.0,9.76,"6,000.00",9.80,"58,550.00",2,-0.05,0.05,-0.51,0.51,-0.09,17.04,9.20,,
2022/07/03,187,SEF,43.43,9.75,9.75,9.65,9.65,9.65,0.0,0.0,9.66,"10,100.00",9.75,"97,578.00",8,-0.1,0.1,-1.03,1.04,-0.12,17.04,9.20,,
2022/07/04,189,SEF,55.22,9.65,10.03,9.65,9.84,9.84,0.0,0.0,9.73,"65,889.00",9.65,"640,846.76",12,0.19,0.38,1.97,3.94,1.16,17.04,9.20,,
2022/07/05,185,SEF,36.45,9.72,9.72,9.7,9.7,9.70,0.0,0.0,9.70,"6,975.00",9.84,"67,659.50",2,-0.14,0.02,-1.42,0.21,0.0,17.04,9.20,,
2022/07/06,185,SEF,32.14,9.7,9.7,9.51,9.55,9.55,0.0,0.0,9.58,"4,200.00",9.70,"40,251.00",4,-0.15,0.19,-1.55,2.0,-0.35,17.04,9.20,,
2022/05/27,178,SEF,40.82,10.49,10.69,10.49,10.59,10.59,0.0,0.0,10.53,"7,100.00",10.70,"74,789.00",5,-0.11,0.2,-1.03,1.91,0.53,17.04,10.01,,
2022/05/30,183,SEF,33.25,10.65,10.65,10.38,10.55,10.55,0.0,0.0,10.48,"16,100.00",10.59,"168,675.00",8,-0.04,0.27,-0.38,2.6,0.69,17.04,10.01,,
2022/05/31,184,SEF,32.85,10.63,10.63,10.63,10.63,10.63,0.0,0.0,10.63,100.00,10.55,"1,063.00",1,0.08,0.0,0.76,0.0,0.0,17.04,10.01,,
2022/06/01,182,SEF,41.46,10.42,10.71,10.3,10.71,10.71,0.0,0.0,10.41,"13,700.00",10.63,"142,663.00",6,0.08,0.41,0.75,3.98,2.77,17.04,10.01,,
2022/06/02,183,SEF,32.18,10.5,10.6,10.32,10.32,10.32,0.0,0.0,10.35,"17,130.00",10.71,"177,341.00",5,-0.39,0.28,-3.64,2.71,-0.32,17.04,10.01,,
2022/06/03,182,SEF,32.05,10.2,10.2,10.01,10.01,10.01,0.0,0.0,10.07,"77,150.00",10.32,"776,911.50",17,-0.31,0.19,-3.0,1.9,-0.6,17.04,10.01,,
2022/06/06,182,SEF,35.01,10.2,10.6,10.15,10.4,10.40,0.0,0.0,10.59,"438,748.00",10.01,"4,645,268.80",16,0.39,0.45,3.9,4.43,-1.8,17.04,10.01,,
2022/06/07,188,SEF,25.24,10.2,10.2,10.03,10.2,10.20,0.0,0.0,10.08,"15,700.00",10.40,"158,280.00",9,-0.2,0.17,-1.92,1.69,1.16,17.04,10.01,,
2022/06/08,186,SEF,43.79,10.2,10.27,9.81,10.27,10.27,0.0,0.0,10.13,"153,550.00",10.20,"1,555,486.50",25,0.07,0.46,0.69,4.69,1.36,17.04,9.81,,
2022/06/09,184,SEF,43.06,10.07,10.2,10.07,10.2,10.20,0.0,0.0,10.10,"4,100.00",10.27,"41,410.00",6,-0.07,0.13,-0.68,1.29,0.98,17.04,9.81,,
2022/06/10,185,SEF,29.45,10.0,10.2,9.82,10.2,10.20,0.0,0.0,10.08,"13,000.00",10.20,"131,051.00",8,0.0,0.38,0.0,3.87,1.17,17.04,9.81,,
2022/06/12,260,SEF,16.19,9.22,9.29,9.22,9.29,9.29,0.0,0.0,9.22,"20,152.00",9.10,"185,812.08",3,0.19,0.07,2.09,0.76,0.75,11.50,8.72,10.04,9.92
2022/06/13,185,SEF,34.16,10.01,10.11,9.81,10.11,10.11,0.0,0.0,9.86,"16,650.00",10.20,"164,216.50",7,-0.09,0.3,-0.88,3.06,2.44,17.04,9.81,,
2022/06/14,185,SEF,31.7,10.31,10.31,9.8,10.05,10.05,0.0,0.0,9.87,"41,800.00",10.11,"412,612.00",13,-0.06,0.51,-0.59,5.2,1.78,17.04,9.80,,
2022/06/15,184,SEF,36.75,9.9,10.09,9.77,10.09,10.09,0.0,0.0,9.82,"51,795.00",10.05,"508,629.75",14,0.04,0.32,0.4,3.28,2.68,17.04,9.77,,
2022/06/16,177,SEF,37.47,9.89,10.28,9.73,10.28,10.28,0.0,0.0,9.79,"1,800.00",10.09,"17,629.00",5,0.19,0.55,1.88,5.65,4.73,17.04,9.73,,
2022/05/02,185,SEF,29.67,10.79,10.85,10.75,10.84,10.84,0.0,0.0,10.80,"65,700.00",10.98,"709,293.00",16,-0.14,0.1,-1.28,0.93,0.41,17.04,10.01,,
2022/05/04,188,SEF,28.59,10.84,10.84,10.64,10.8,10.80,0.0,0.0,10.80,"68,400.00",10.84,"738,485.00",11,-0.04,0.2,-0.37,1.88,0.03,17.04,10.01,,
2022/05/05,188,SEF,25.21,10.75,10.75,10.6,10.75,10.75,0.0,0.0,10.64,"43,930.00",10.80,"467,531.30",12,-0.05,0.15,-0.46,1.42,1.0,17.04,10.01,,
2022/05/06,260,SEF,16.19,9.22,9.29,9.22,9.29,9.29,0.0,0.0,9.22,"20,152.00",9.10,"185,812.08",3,0.19,0.07,2.09,0.76,0.75,11.50,8.72,10.04,9.92
2022/05/08,188,SEF,21.16,10.54,10.71,10.34,10.71,10.71,0.0,0.0,10.51,"1,300.00",10.75,"13,659.00",4,-0.04,0.37,-0.37,3.58,1.9,17.04,10.01,,
2022/05/09,179,SEF,25.8,10.71,10.9,10.71,10.8,10.80,0.0,0.0,10.79,"31,115.00",10.71,"335,873.35",5,0.09,0.19,0.84,1.77,0.05,17.04,10.01,,
2022/05/10,183,SEF,23.5,10.59,10.8,10.59,10.65,10.65,0.0,0.0,10.73,"18,600.00",10.80,"199,629.00",7,-0.15,0.21,-1.39,1.98,-0.78,17.04,10.01,,
2022/05/11,185,SEF,22.44,10.86,10.86,10.6,10.6,10.60,0.0,0.0,10.64,"5,200.00",10.65,"55,347.00",4,-0.05,0.26,-0.47,2.45,-0.41,17.04,10.01,,
2022/05/12,184,SEF,32.82,10.62,10.8,10.61,10.75,10.75,0.0,0.0,10.65,"10,975.00",10.60,"116,849.25",6,0.15,0.19,1.42,1.79,0.96,17.04,10.01,,
2022/05/17,177,SEF,27.29,10.54,10.75,10.54,10.75,10.75,0.0,0.0,10.67,"7,950.00",10.75,"84,841.50",7,0.00,0.21,0.0,1.99,0.73,17.04,10.01,,
2022/05/18,183,SEF,29.36,10.65,10.65,10.65,10.65,10.65,0.0,0.0,10.65,"6,000.00",10.75,"63,900.00",1,-0.1,0.0,-0.93,0.0,0.0,17.04,10.01,,
2022/05/19,178,SEF,29.6,10.65,10.65,10.61,10.61,10.61,0.0,0.0,10.62,"4,500.00",10.65,"47,785.00",3,-0.04,0.04,-0.38,0.38,-0.08,17.04,10.01,,
2022/05/20,179,SEF,30.16,10.82,10.82,10.55,10.7,10.70,0.0,0.0,10.79,"13,900.00",10.61,"149,912.00",6,0.09,0.27,0.85,2.56,-0.79,17.04,10.01,,
2022/05/23,180,SEF,29.01,10.49,10.69,10.46,10.5,10.50,0.0,0.0,10.51,"37,100.00",10.70,"389,849.00",7,-0.2,0.23,-1.87,2.2,-0.08,17.04,10.01,,
2022/05/24,180,SEF,49.07,10.55,10.71,10.55,10.71,10.71,0.0,0.0,10.68,"124,000.00",10.50,"1,324,140.00",9,0.21,0.16,2.0,1.52,0.29,17.04,10.01,,
2022/05/25,182,SEF,26.01,10.5,10.6,10.4,10.6,10.60,0.0,0.0,10.53,"12,700.00",10.71,"133,690.60",9,-0.11,0.2,-1.03,1.92,0.69,17.04,10.01,,
2022/04/04,183,SEF,33.27,10.79,10.9,10.57,10.7,10.70,0.0,0.0,10.75,"24,200.00",10.99,"260,125.00",11,-0.29,0.33,-2.64,3.12,-0.46,17.04,10.01,,
2022/04/05,184,SEF,29.3,10.58,10.6,10.58,10.6,10.60,0.0,0.0,10.59,"2,750.00",10.70,"29,124.00",5,-0.1,0.02,-0.93,0.19,0.09,17.04,10.01,,
2022/04/06,181,SEF,34.83,10.6,10.81,10.6,10.81,10.81,0.0,0.0,10.74,"51,632.00",10.60,"554,461.92",12,0.21,0.21,1.98,1.98,0.66,17.04,10.01,,
2022/04/07,180,SEF,33.92,10.7,10.89,10.7,10.75,10.75,0.0,0.0,10.75,"36,875.00",10.81,"396,517.50",9,-0.06,0.19,-0.56,1.78,-0.03,17.04,10.01,,
2022/04/11,188,SEF,37.22,10.57,10.8,10.56,10.6,10.60,0.0,0.0,10.60,"307,275.00",10.75,"3,255,772.25",11,-0.15,0.24,-1.4,2.27,0.04,17.04,10.01,,
2022/04/12,192,SEF,33.26,10.59,10.6,10.33,10.33,10.33,0.0,0.0,10.39,"50,300.00",10.60,"522,427.00",18,-0.27,0.27,-2.55,2.61,-0.54,17.04,10.01,,
2022/04/13,185,SEF,28.45,10.4,10.52,10.4,10.4,10.40,0.0,0.0,10.41,"6,840.00",10.33,"71,196.00",4,0.07,0.12,0.68,1.15,-0.08,17.04,10.01,,
2022/04/17,188,SEF,35.89,10.5,10.9,10.31,10.48,10.48,0.0,0.0,10.72,"63,950.00",10.40,"685,650.50",15,0.08,0.59,0.77,5.72,-2.31,17.04,10.01,,
2022/04/18,184,SEF,36.8,10.5,10.5,10.33,10.4,10.40,0.0,0.0,10.48,"64,800.00",10.48,"679,165.00",13,-0.08,0.17,-0.76,1.65,-0.78,17.04,10.01,,
2022/04/19,183,SEF,46.66,10.23,10.63,10.23,10.63,10.63,0.0,0.0,10.62,"58,350.00",10.40,"619,434.90",9,0.23,0.4,2.21,3.91,0.13,17.04,10.01,,
2022/04/20,184,SEF,48.47,10.69,10.79,10.56,10.78,10.78,0.0,0.0,10.71,"109,500.00",10.63,"1,172,894.00",19,0.15,0.23,1.41,2.18,0.64,17.04,10.01,,
2022/04/21,187,SEF,44.3,10.58,10.58,10.42,10.56,10.56,0.0,0.0,10.55,"39,030.00",10.78,"411,892.10",8,-0.22,0.16,-2.04,1.54,0.06,17.04,10.01,,
2022/04/24,195,SEF,40.97,10.37,10.57,10.37,10.5,10.50,0.0,0.0,10.46,"9,800.00",10.56,"102,553.60",8,-0.06,0.20,-0.57,1.93,0.34,17.04,10.01,,
2022/04/25,194,SEF,49.9,10.5,10.92,10.5,10.92,10.92,0.0,0.0,10.72,"152,698.00",10.50,"1,636,178.08",8,0.42,0.42,4.0,4.0,1.88,17.04,10.01,,
2022/04/26,183,SEF,47.44,10.92,11.22,10.78,11.22,11.22,0.0,0.0,11.02,"71,175.00",10.92,"784,656.00",19,0.3,0.44,2.75,4.08,1.74,17.04,10.01,,
2022/04/27,185,SEF,46.79,11.0,11.0,10.58,10.96,10.96,0.0,0.0,10.65,"86,200.00",11.22,"917,716.50",10,-0.26,0.42,-2.32,3.97,2.86,17.04,10.01,,
2022/03/09,184,SEF,38.52,10.65,10.65,10.27,10.45,10.45,0.0,0.0,10.46,"57,900.00",10.45,"605,568.00",20,0.0,0.38,0.0,3.7,-0.08,17.04,10.01,,
2022/03/10,182,SEF,39.39,10.3,10.5,10.3,10.5,10.50,0.0,0.0,10.45,"16,970.00",10.45,"177,412.10",8,0.05,0.2,0.48,1.94,0.43,17.04,10.01,,
2022/03/13,182,SEF,46.07,10.4,10.79,10.4,10.79,10.79,0.0,0.0,10.56,"6,900.00",10.50,"72,842.00",10,0.29,0.39,2.76,3.75,2.16,17.04,10.01,,
2022/03/14,178,SEF,50.3,10.96,10.97,10.96,10.97,10.97,0.0,0.0,10.96,"19,000.00",10.79,"208,280.00",2,0.18,0.01,1.67,0.09,0.07,17.04,10.01,,
2022/03/15,186,SEF,54.28,10.78,11.0,10.7,10.99,10.99,0.0,0.0,10.90,"94,345.00",10.97,"1,027,979.55",23,0.02,0.3,0.18,2.8,0.86,17.04,10.01,,
2022/03/16,185,SEF,48.69,10.99,10.99,10.78,10.98,10.98,0.0,0.0,10.79,"22,380.00",10.99,"241,486.40",7,-0.01,0.21,-0.09,1.95,1.73,17.04,10.01,,
2022/03/20,179,SEF,44.43,10.79,10.79,10.61,10.75,10.75,0.0,0.0,10.74,"22,120.00",10.98,"237,554.00",8,-0.23,0.18,-2.09,1.7,0.1,17.04,10.01,,
2022/03/21,186,SEF,50.58,10.75,11.01,10.62,10.97,10.97,0.0,0.0,10.84,"24,300.00",10.75,"263,353.00",21,0.22,0.39,2.05,3.67,1.21,17.04,10.01,,
2022/03/22,191,SEF,41.01,11.0,11.1,10.94,10.94,10.94,0.0,0.0,11.05,"6,500.00",10.97,"71,823.00",6,-0.03,0.16,-0.27,1.46,-1.0,17.04,10.01,,
2022/03/23,181,SEF,49.91,10.85,10.99,10.85,10.98,10.98,0.0,0.0,10.92,"26,500.00",10.94,"289,500.00",9,0.04,0.14,0.37,1.29,0.51,17.04,10.01,,
2022/03/24,180,SEF,53.45,10.91,10.91,10.85,10.85,10.85,0.0,0.0,10.85,"37,500.00",10.98,"406,933.75",5,-0.13,0.06,-1.18,0.55,-0.01,17.04,10.01,,
2022/03/27,260,SEF,16.19,9.22,9.29,9.22,9.29,9.29,0.0,0.0,9.22,"20,152.00",9.10,"185,812.08",3,0.19,0.07,2.09,0.76,0.75,11.50,8.72,10.04,9.92
2022/03/28,187,SEF,47.36,10.87,10.95,10.86,10.95,10.95,0.0,0.0,10.87,"45,100.00",10.84,"490,265.00",7,0.11,0.09,1.01,0.83,0.72,17.04,10.01,,
2022/03/29,182,SEF,45.6,10.85,10.98,10.81,10.98,10.98,0.0,0.0,10.83,"19,100.00",10.95,"206,813.00",9,0.03,0.17,0.27,1.57,1.39,17.04,10.01,,
2022/03/30,188,SEF,51.52,10.82,10.85,10.77,10.85,10.85,0.0,0.0,10.83,"54,407.00",10.98,"589,071.10",11,-0.13,0.08,-1.18,0.74,0.21,17.04,10.01,,
2022/03/31,183,SEF,56.48,11.04,11.25,10.91,10.91,10.91,0.0,0.0,11.00,"119,720.00",10.85,"1,317,224.00",23,0.06,0.34,0.55,3.12,-0.85,17.04,10.01,,
2022/04/28,183,SEF,31.41,10.77,10.98,10.77,10.98,10.98,0.0,0.0,10.89,"3,550.00",10.96,"38,677.00",6,0.02,0.21,0.18,1.95,0.77,17.04,10.01,,
2022/05/26,177,SEF,27.88,10.7,10.7,10.7,10.7,10.70,0.0,0.0,10.70,100.00,10.60,"1,070.00",1,0.1,0.0,0.94,0.0,0.0,17.04,10.01,,
2022/06/17,177,SEF,37.09,10.08,10.25,9.88,10.25,10.25,0.0,0.0,10.00,"8,400.00",10.28,"84,031.00",8,-0.03,0.37,-0.29,3.74,2.4,17.04,9.73,,
2022/07/07,184,SEF,41.22,9.7,9.7,9.7,9.7,9.70,0.0,0.0,9.70,"1,270.00",9.55,"12,319.00",3,0.15,0.0,1.57,0.0,0.0,17.04,9.20,,
2022/07/27,185,SEF,36.89,9.51,9.56,9.51,9.53,9.53,0.0,0.0,9.54,"5,500.00",9.65,"52,476.50",5,-0.12,0.05,-1.24,0.53,-0.12,16.60,8.99,,
2022/08/17,177,SEF,38.22,9.9,9.9,9.9,9.9,9.90,0.0,0.0,9.90,100.00,9.71,990.00,1,0.19,0.0,1.96,0.0,0.0,12.57,8.99,,
2022/09/07,181,SEF,34.52,8.2,8.2,8.1,8.11,8.11,0.0,0.0,8.13,"15,620.00",8.24,"126,971.50",6,-0.13,0.1,-1.58,1.23,-0.23,11.64,8.10,,
2022/10/10,189,SEF,36.82,8.25,8.25,8.25,8.25,8.25,0.0,0.0,8.25,550.00,8.41,"4,537.50",2,-0.16,0.0,-1.9,0.0,0.0,11.64,7.89,,
2022/11/10,185,SEF,45.53,8.05,8.21,8.05,8.21,8.21,0.0,0.0,8.06,"4,100.00",8.18,"33,031.00",4,0.03,0.16,0.37,1.99,1.87,11.64,7.81,,
2022/12/06,193,SEF,33.38,8.02,8.02,8.02,8.02,8.02,0.0,0.0,8.02,"5,000.00",7.89,"40,100.00",2,0.13,0.0,1.65,0.0,0.0,11.64,7.81,,
2023/01/02,205,SEF,36.82,8.3,8.32,8.17,8.32,8.32,0.0,0.0,8.29,"13,300.00",8.30,"110,231.00",4,0.02,0.15,0.24,1.84,0.38,11.64,7.69,,
2023/01/31,207,SEF,36.65,8.7,8.7,8.4,8.4,8.40,0.0,0.0,8.53,"10,600.00",8.75,"90,422.00",7,-0.35,0.3,-4.0,3.57,-1.55,11.56,7.69,,
2023/02/27,207,SEF,40.96,7.95,8.15,7.95,8.14,8.14,0.0,0.0,8.00,"26,700.00",8.02,"213,689.00",8,0.12,0.20,1.5,2.52,1.68,11.25,7.69,,
2023/03/27,207,SEF,43.38,7.91,7.99,7.91,7.99,7.99,0.0,0.0,7.95,"4,600.00",8.00,"36,586.00",3,-0.01,0.08,-0.12,1.01,0.46,11.25,7.67,,
2023/04/19,213,SEF,30.13,8.2,8.36,8.2,8.36,8.36,0.0,0.0,8.28,200.00,8.36,"1,656.00",2,0.0,0.16,0.0,1.95,0.96,11.22,7.67,,
2018/09/02,135,SEF,-,8.95,8.95,8.95,8.95,8.95,0.0,0.0,8.95,"1,000.00",8.95,"8,950.00",1,0.0,0.0,0.0,0.0,0.0,10.20,8.66,,
2019/10/05,260,SEF,16.19,9.22,9.29,9.22,9.29,9.29,0.0,0.0,9.22,"20,152.00",9.10,"185,812.08",3,0.19,0.07,2.09,0.76,0.75,11.50,8.72,10.04,9.92
2021/02/14,163,SEF,50.72,11.1,11.44,11.1,11.21,11.21,0.0,0.0,11.30,"290,100.00",11.21,"3,278,764.15",46,0.0,0.34,0.0,3.06,-0.82,11.80,8.34,,
2022/04/03,181,SEF,45.56,10.85,10.99,10.85,10.99,10.99,0.0,0.0,10.95,"94,075.00",10.91,"1,030,438.50",19,0.08,0.14,0.73,1.29,0.33,17.04,10.01,,
2023/05/15,210,SEF,33.46,8.0,8.0,8.0,8.0,8.00,0.0,0.0,8.00,"2,000.00",8.00,"16,000.00",1,0.0,0.0,0.0,0.0,0.0,10.82,7.67,,
2024/07/17,260,SEF,16.19,9.22,9.29,9.22,9.29,9.29,0.0,0.0,9.22,"20,152.00",9.10,"185,812.08",3,0.19,0.07,2.09,0.76,0.75,11.50,8.72,10.04,9.92
2022/02/09,179,SEF,46.11,11.18,11.31,11.1,11.25,11.25,0.0,0.0,11.15,"105,839.00",11.25,"1,180,573.90",20,0.0,0.21,0.0,1.89,0.85,17.04,10.01,,
2022/02/10,183,SEF,38.97,11.43,11.44,11.1,11.1,11.10,0.0,0.0,11.17,"32,000.00",11.25,"357,563.00",11,-0.15,0.34,-1.33,3.06,-0.67,17.04,10.01,,
2022/02/13,183,SEF,40.51,10.91,11.12,10.91,10.91,10.91,0.0,0.0,10.94,"84,250.00",11.10,"921,724.36",21,-0.19,0.21,-1.71,1.92,-0.28,17.04,10.01,,
2022/02/14,183,SEF,30.62,11.12,11.12,10.98,10.98,10.98,0.0,0.0,10.99,"17,100.00",10.91,"187,864.00",11,0.07,0.14,0.64,1.28,-0.06,17.04,10.01,,
2022/02/15,260,SEF,16.19,9.22,9.29,9.22,9.29,9.29,0.0,0.0,9.22,"20,152.00",9.10,"185,812.08",3,0.19,0.07,2.09,0.76,0.75,11.50,8.72,10.04,9.92
2022/02/16,185,SEF,46.46,10.82,11.15,10.82,11.1,11.10,0.0,0.0,11.05,"26,450.00",10.99,"292,306.02",19,0.11,0.33,1.0,3.05,0.44,17.04,10.01,,
2022/02/17,183,SEF,46.58,11.03,11.03,11.02,11.02,11.02,0.0,0.0,11.02,"8,600.00",11.10,"94,812.00",2,-0.08,0.01,-0.72,0.09,-0.04,17.04,10.01,,
2022/02/20,184,SEF,46.77,11.11,11.17,10.8,11.0,11.00,0.0,0.0,10.89,"32,710.00",11.02,"356,114.50",19,-0.02,0.37,-0.18,3.43,1.03,17.04,10.01,,
2022/02/21,180,SEF,40.07,10.78,11.2,10.78,10.9,10.90,0.0,0.0,10.95,"9,050.00",11.00,"99,072.00",13,-0.1,0.42,-0.91,3.9,-0.43,17.04,10.01,,
2022/02/22,184,SEF,43.49,11.11,11.11,10.9,10.92,10.92,0.0,0.0,10.93,"41,600.00",10.90,"454,701.75",13,0.02,0.21,0.18,1.93,-0.09,17.04,10.01,,
2022/02/23,184,SEF,47.2,11.0,11.0,10.9,10.99,10.99,0.0,0.0,10.95,"81,000.00",10.92,"887,028.12",22,0.07,0.1,0.64,0.92,0.36,17.04,10.01,,
2022/02/24,184,SEF,43.87,10.86,10.97,10.67,10.97,10.97,0.0,0.0,10.85,"45,250.00",10.99,"490,975.00",13,-0.02,0.3,-0.18,2.81,1.09,17.04,10.01,,
2022/02/27,179,SEF,47.74,11.16,11.18,10.77,10.98,10.98,0.0,0.0,11.09,"22,150.00",10.97,"245,651.02",8,0.01,0.41,0.09,3.81,-1.0,17.04,10.01,,
2022/02/28,183,SEF,46.5,10.98,10.98,10.55,10.77,10.77,0.0,0.0,10.68,"85,100.00",10.98,"908,883.00",17,-0.21,0.43,-1.91,4.08,0.83,17.04,10.01,,
2022/03/02,184,SEF,33.73,10.61,10.61,10.5,10.55,10.55,0.0,0.0,10.55,"23,400.00",10.77,"246,965.00",10,-0.22,0.11,-2.04,1.05,-0.04,17.04,10.01,,
2022/03/06,186,SEF,36.92,10.44,10.7,10.43,10.57,10.57,0.0,0.0,10.57,"38,850.00",10.55,"410,584.00",14,0.02,0.27,0.19,2.59,0.01,17.04,10.01,,
2022/01/16,185,SEF,60.66,11.05,11.19,11.0,11.15,11.15,0.0,0.0,11.08,"123,050.00",11.05,"1,363,580.00",26,0.1,0.19,0.9,1.73,0.61,17.04,10.01,,
2022/01/17,180,SEF,58.69,10.93,11.29,10.93,11.2,11.20,0.0,0.0,11.19,"32,799.00",11.15,"367,144.45",16,0.05,0.36,0.45,3.29,0.06,17.04,10.01,,
2022/01/18,181,SEF,69.04,11.21,11.5,11.2,11.39,11.39,0.0,0.0,11.40,"192,280.00",11.20,"2,191,538.60",55,0.19,0.3,1.7,2.68,-0.07,17.04,10.01,,
2022/01/19,183,SEF,55.46,11.2,11.36,11.2,11.36,11.36,0.0,0.0,11.31,"12,400.00",11.39,"140,201.56",12,-0.03,0.16,-0.26,1.43,0.47,17.04,10.01,,
2022/01/20,185,SEF,61.8,11.4,11.54,11.4,11.51,11.51,0.0,0.0,11.49,"93,050.00",11.36,"1,069,565.50",20,0.15,0.14,1.32,1.23,0.13,17.04,10.01,,
2022/01/23,188,SEF,60.46,11.3,11.64,11.3,11.54,11.54,0.0,0.0,11.52,"71,200.00",11.51,"819,892.68",29,0.03,0.34,0.26,3.01,0.21,17.04,10.01,,
2022/01/24,183,SEF,58.04,11.35,11.36,11.18,11.3,11.30,0.0,0.0,11.30,"170,150.00",11.54,"1,922,432.00",41,-0.24,0.18,-2.08,1.61,0.01,17.04,10.01,,
2022/01/25,185,SEF,51.29,11.16,11.43,11.16,11.25,11.25,0.0,0.0,11.37,"87,500.00",11.30,"994,961.00",21,-0.05,0.27,-0.44,2.42,-1.08,17.04,10.01,,
2022/01/26,188,SEF,45.72,11.4,11.4,11.11,11.15,11.15,0.0,0.0,11.18,"68,249.00",11.25,"762,761.30",26,-0.1,0.29,-0.89,2.61,-0.23,17.04,10.01,,
2022/01/27,180,SEF,44.73,11.15,11.37,10.94,11.15,11.15,0.0,0.0,11.04,"69,770.00",11.15,"770,056.50",13,0.0,0.43,0.0,3.93,1.01,17.04,10.01,,
2022/01/30,185,SEF,58.14,11.15,11.62,11.15,11.47,11.47,0.0,0.0,11.49,"241,500.00",11.15,"2,775,725.00",39,0.32,0.47,2.87,4.22,-0.21,17.04,10.01,,
2022/01/31,181,SEF,54.27,11.3,11.45,11.27,11.27,11.27,0.0,0.0,11.38,"120,100.00",11.47,"1,367,280.00",19,-0.2,0.18,-1.74,1.6,-1.02,17.04,10.01,,
2022/02/01,180,SEF,52.61,11.3,11.41,11.3,11.4,11.40,0.0,0.0,11.38,"41,300.00",11.27,"469,949.00",14,0.13,0.11,1.15,0.97,0.18,17.04,10.01,,
2022/02/03,180,SEF,49.64,11.3,11.56,11.29,11.42,11.42,0.0,0.0,11.42,"44,800.00",11.40,"511,441.32",26,0.02,0.27,0.18,2.39,0.03,17.04,10.01,,
2022/02/06,184,SEF,51.46,11.37,11.38,11.27,11.38,11.38,0.0,0.0,11.32,"192,600.00",11.42,"2,180,645.50",26,-0.04,0.11,-0.35,0.98,0.51,17.04,10.01,,
2022/02/07,180,SEF,44.13,11.17,11.38,11.17,11.28,11.28,0.0,0.0,11.30,"46,700.00",11.38,"527,521.00",17,-0.1,0.21,-0.88,1.88,-0.14,17.04,10.01,,
2021/12/21,183,SEF,37.28,10.16,10.25,10.15,10.25,10.25,0.0,0.0,10.20,"10,100.00",10.19,"103,020.00",6,0.06,0.10,0.59,0.99,0.49,17.04,9.99,,
2021/12/22,187,SEF,44.36,10.3,10.3,10.3,10.3,10.30,0.0,0.0,10.30,"21,350.00",10.25,"219,905.00",6,0.05,0.0,0.49,0.0,0.0,17.04,10.01,,
2021/12/23,185,SEF,45.57,10.2,10.48,10.2,10.31,10.31,0.0,0.0,10.41,"4,400.00",10.30,"45,785.00",6,0.01,0.28,0.1,2.75,-0.93,17.04,10.01,,
2021/12/26,187,SEF,49.55,10.2,10.4,10.2,10.35,10.35,0.0,0.0,10.35,"29,410.00",10.31,"304,404.00",10,0.04,0.20,0.39,1.96,0.0,17.04,10.01,,
2021/12/27,192,SEF,46.56,10.3,10.34,10.26,10.3,10.30,0.0,0.0,10.30,"8,100.00",10.35,"83,410.00",5,-0.05,0.08,-0.48,0.78,0.02,17.04,10.01,,
2021/12/28,185,SEF,34.53,10.21,10.5,10.21,10.21,10.21,0.0,0.0,10.29,"20,500.00",10.30,"210,930.00",13,-0.09,0.29,-0.87,2.84,-0.78,17.04,10.01,,
2021/12/29,183,SEF,53.43,10.21,10.41,10.2,10.36,10.36,0.0,0.0,10.32,"23,000.00",10.21,"237,385.00",9,0.15,0.21,1.47,2.06,0.38,17.04,10.01,,
2022/01/02,196,SEF,43.75,10.2,10.4,10.19,10.4,10.40,0.0,0.0,10.28,"10,800.00",10.36,"110,970.00",7,0.04,0.21,0.39,2.06,1.2,17.04,10.01,,
2022/01/03,187,SEF,59.24,10.4,10.6,10.4,10.43,10.43,0.0,0.0,10.53,"54,915.00",10.40,"578,335.70",11,0.03,0.20,0.29,1.92,-0.97,17.04,10.01,,
2022/01/04,190,SEF,57.73,10.43,10.64,10.43,10.64,10.64,0.0,0.0,10.59,"34,600.00",10.43,"366,561.00",9,0.21,0.21,2.01,2.01,0.43,17.04,10.01,,
2022/01/05,192,SEF,41.71,10.45,10.5,10.34,10.34,10.34,0.0,0.0,10.42,"28,500.00",10.64,"297,102.00",13,-0.3,0.16,-2.82,1.55,-0.82,17.04,10.01,,
2022/01/06,260,SEF,16.19,9.22,9.29,9.22,9.29,9.29,0.0,0.0,9.22,"20,152.00",9.10,"185,812.08",3,0.19,0.07,2.09,0.76,0.75,11.50,8.72,10.04,9.92
2022/01/09,195,SEF,58.83,10.6,10.65,10.45,10.64,10.64,0.0,0.0,10.53,"76,495.00",10.45,"805,384.75",16,0.19,0.20,1.82,1.91,1.05,17.04,10.01,,
2022/01/10,193,SEF,63.94,10.51,10.91,10.51,10.9,10.90,0.0,0.0,10.78,"79,200.00",10.64,"854,166.00",27,0.26,0.40,2.44,3.81,1.06,17.04,10.01,,
2022/01/11,188,SEF,68.75,10.69,11.11,10.69,10.89,10.89,0.0,0.0,10.94,"78,100.00",10.90,"854,433.00",21,-0.01,0.42,-0.09,3.93,-0.46,17.04,10.01,,
2022/01/12,186,SEF,64.62,10.7,10.92,10.7,10.72,10.72,0.0,0.0,10.80,"204,700.00",10.89,"2,210,192.50",20,-0.17,0.22,-1.56,2.06,-0.72,17.04,10.01,,
2021/11/25,188,SEF,52.99,10.75,10.75,10.4,10.5,10.50,0.0,0.0,10.45,"116,925.00",10.55,"1,222,447.50",21,-0.05,0.35,-0.47,3.37,0.43,17.04,9.95,,
2021/11/28,190,SEF,46.33,10.36,10.4,10.13,10.29,10.29,0.0,0.0,10.17,"541,000.00",10.50,"5,504,510.90",39,-0.21,0.27,-2.0,2.67,1.12,17.04,9.95,,
2021/11/29,185,SEF,38.92,10.49,10.49,10.3,10.33,10.33,0.0,0.0,10.33,"34,350.00",10.29,"354,737.50",10,0.04,0.19,0.39,1.84,0.03,17.04,9.95,,
2021/11/30,181,SEF,40.48,10.33,10.5,10.31,10.32,10.32,0.0,0.0,10.34,"4,500.00",10.33,"46,510.00",6,-0.01,0.19,-0.1,1.84,-0.15,17.04,9.95,,
2021/12/01,180,SEF,46.78,10.36,10.5,10.36,10.4,10.40,0.0,0.0,10.47,"13,050.00",10.32,"136,595.00",6,0.08,0.14,0.78,1.35,-0.64,17.04,9.95,,
2021/12/02,185,SEF,54.34,10.59,10.59,10.29,10.34,10.34,0.0,0.0,10.40,"89,700.00",10.40,"932,890.00",20,-0.06,0.3,-0.58,2.92,-0.58,17.04,9.95,,
2021/12/05,182,SEF,40.03,10.34,10.54,10.15,10.17,10.17,0.0,0.0,10.29,"21,596.00",10.34,"222,220.20",11,-0.17,0.39,-1.64,3.84,-1.18,17.04,9.95,,
2021/12/06,182,SEF,43.99,10.1,10.21,10.05,10.21,10.21,0.0,0.0,10.13,"28,700.00",10.17,"290,740.00",14,0.04,0.16,0.39,1.59,0.78,17.04,9.95,,
2021/12/07,187,SEF,42.02,10.22,10.32,10.09,10.32,10.32,0.0,0.0,10.20,"17,975.00",10.21,"183,321.50",14,0.11,0.23,1.08,2.28,1.18,17.04,9.95,,
2021/12/08,182,SEF,38.32,10.13,10.2,10.13,10.2,10.20,0.0,0.0,10.15,"13,300.00",10.32,"135,050.00",7,-0.12,0.07,-1.16,0.69,0.45,17.04,9.99,,
2021/12/09,187,SEF,50.31,10.01,10.49,10.01,10.49,10.49,0.0,0.0,10.34,"41,500.00",10.20,"429,111.00",14,0.29,0.48,2.84,4.8,1.43,17.04,9.99,,
2021/12/12,185,SEF,34.78,10.29,10.29,10.09,10.2,10.20,0.0,0.0,10.27,"1,600.00",10.49,"16,426.00",4,-0.29,0.20,-2.76,1.98,-0.65,17.04,9.99,,
2021/12/13,190,SEF,43.45,10.15,10.25,10.14,10.25,10.25,0.0,0.0,10.16,"140,272.00",10.20,"1,424,779.08",13,0.05,0.11,0.49,1.08,0.9,17.04,9.99,,
2021/12/14,178,SEF,44.18,10.33,10.34,10.33,10.34,10.34,0.0,0.0,10.33,300.00,10.25,"3,100.00",2,0.09,0.01,0.88,0.1,0.06,17.04,9.99,,
2021/12/15,184,SEF,30.93,10.49,10.49,10.14,10.27,10.27,0.0,0.0,10.30,"29,670.00",10.34,"305,714.30",11,-0.07,0.35,-0.68,3.45,-0.33,17.04,9.99,,
2021/12/16,181,SEF,41.29,10.21,10.25,10.21,10.25,10.25,0.0,0.0,10.24,"7,100.00",10.27,"72,691.00",4,-0.02,0.04,-0.19,0.39,0.12,17.04,9.99,,
2021/10/28,180,SEF,54.67,10.49,10.8,10.49,10.75,10.75,0.0,0.0,10.68,"22,600.00",10.70,"241,405.00",8,0.05,0.31,0.47,2.96,0.64,17.04,9.40,,
2021/10/31,189,SEF,58.32,10.54,10.95,10.5,10.92,10.92,0.0,0.0,10.79,"63,250.00",10.75,"682,638.00",21,0.17,0.45,1.58,4.29,1.17,17.04,9.42,,
2021/11/01,183,SEF,50.77,10.92,10.92,10.72,10.73,10.73,0.0,0.0,10.75,"42,269.00",10.92,"454,258.68",13,-0.19,0.2,-1.74,1.87,-0.16,17.04,9.42,,
2021/11/02,188,SEF,58.21,10.8,11.0,10.8,10.89,10.89,0.0,0.0,10.86,"45,370.00",10.73,"492,864.70",15,0.16,0.2,1.49,1.85,0.25,17.04,9.52,,
2021/11/03,187,SEF,56.34,11.0,11.22,10.87,11.02,11.02,0.0,0.0,10.99,"31,200.00",10.89,"343,013.00",14,0.13,0.35,1.19,3.22,0.24,17.04,9.52,,
2021/11/08,187,SEF,50.71,11.01,11.01,11.0,11.0,11.00,0.0,0.0,11.00,"12,900.00",11.02,"141,950.00",3,-0.02,0.01,-0.18,0.09,-0.04,17.04,9.83,,
2021/11/09,182,SEF,49.51,10.91,10.91,10.7,10.9,10.90,0.0,0.0,10.90,"10,360.00",11.00,"112,954.00",4,-0.1,0.21,-0.91,1.96,-0.03,17.04,9.88,,
2021/11/11,183,SEF,45.5,11.1,11.1,10.69,10.7,10.70,0.0,0.0,10.71,"51,420.00",10.90,"550,826.80",13,-0.2,0.41,-1.83,3.84,-0.12,17.04,9.95,,
2021/11/14,188,SEF,37.32,10.51,10.65,10.51,10.65,10.65,0.0,0.0,10.60,"8,200.00",10.70,"86,881.00",7,-0.05,0.14,-0.47,1.33,0.51,17.04,9.95,,
2021/11/15,187,SEF,45.12,10.65,10.85,10.5,10.67,10.67,0.0,0.0,10.59,"39,770.00",10.65,"421,074.70",23,0.02,0.35,0.19,3.33,0.77,17.04,9.95,,
2021/11/16,185,SEF,45.66,10.6,10.7,10.6,10.6,10.60,0.0,0.0,10.62,"56,000.00",10.67,"594,480.00",12,-0.07,0.10,-0.66,0.94,-0.15,17.04,9.95,,
2021/11/17,182,SEF,38.36,10.6,10.8,10.6,10.62,10.62,0.0,0.0,10.62,"2,990.00",10.60,"31,757.80",5,0.02,0.20,0.19,1.89,-0.01,17.04,9.95,,
2021/11/18,181,SEF,38.32,10.62,10.62,10.53,10.61,10.61,0.0,0.0,10.61,"2,700.00",10.62,"28,651.00",3,-0.01,0.09,-0.09,0.85,-0.01,17.04,9.95,,
2021/11/21,184,SEF,43.37,10.5,10.62,10.5,10.55,10.55,0.0,0.0,10.54,"64,688.00",10.61,"681,603.66",19,-0.06,0.12,-0.57,1.14,0.13,17.04,9.95,,
2021/11/22,184,SEF,48.19,10.41,10.92,10.41,10.7,10.70,0.0,0.0,10.61,"19,200.00",10.55,"203,666.00",14,0.15,0.51,1.42,4.9,0.86,17.04,9.95,,
2021/11/23,185,SEF,49.65,10.53,10.79,10.53,10.65,10.65,0.0,0.0,10.57,"40,020.00",10.70,"422,877.30",16,-0.05,0.26,-0.47,2.47,0.78,17.04,9.95,,
2021/09/29,185,SEF,47.59,10.25,10.47,10.25,10.4,10.40,0.0,0.0,10.37,"38,200.00",10.20,"396,255.00",14,0.2,0.22,1.96,2.15,0.26,17.04,9.00,,
2021/09/30,181,SEF,48.46,10.55,10.55,10.34,10.4,10.40,0.0,0.0,10.41,"65,000.00",10.40,"676,840.00",22,0.0,0.21,0.0,2.03,-0.12,17.04,9.00,,
2021/10/03,188,SEF,43.13,10.4,10.4,10.22,10.22,10.22,0.0,0.0,10.30,"63,100.00",10.40,"650,117.00",23,-0.18,0.18,-1.73,1.76,-0.81,17.04,9.12,,
2021/10/04,186,SEF,45.91,10.42,10.42,10.22,10.23,10.23,0.0,0.0,10.24,"37,300.00",10.22,"382,011.50",13,0.01,0.2,0.1,1.96,-0.11,17.04,9.12,,
2021/10/05,181,SEF,43.91,10.29,10.38,10.27,10.37,10.37,0.0,0.0,10.32,"27,350.00",10.23,"282,239.50",9,0.14,0.11,1.37,1.07,0.49,17.04,9.12,,
2021/10/06,186,SEF,53.58,10.4,10.44,10.21,10.4,10.40,0.0,0.0,10.34,"215,300.00",10.37,"2,225,200.00",33,0.03,0.23,0.29,2.25,0.62,17.04,9.12,,
2021/10/10,177,SEF,52.55,10.5,10.5,10.29,10.4,10.40,0.0,0.0,10.40,"66,700.00",10.40,"693,350.00",18,0.0,0.21,0.0,2.04,0.05,17.04,9.12,,
2021/10/11,175,SEF,53.89,10.4,10.44,10.31,10.44,10.44,0.0,0.0,10.34,"88,848.00",10.40,"919,065.28",11,0.04,0.13,0.38,1.26,0.92,17.04,9.12,,
2021/10/17,177,SEF,49.06,10.44,10.51,10.32,10.4,10.40,0.0,0.0,10.43,"24,500.00",10.44,"255,595.00",6,-0.04,0.19,-0.38,1.84,-0.31,17.04,9.18,,
2021/10/18,177,SEF,45.52,10.45,10.45,10.42,10.42,10.42,0.0,0.0,10.42,"1,190.00",10.40,"12,405.50",2,0.02,0.03,0.19,0.29,-0.05,17.04,9.18,,
2021/10/19,260,SEF,16.19,9.22,9.29,9.22,9.29,9.29,0.0,0.0,9.22,"20,152.00",9.10,"185,812.08",3,0.19,0.07,2.09,0.76,0.75,11.50,8.72,10.04,9.92
2021/10/20,176,SEF,48.18,10.3,10.37,10.26,10.37,10.37,0.0,0.0,10.28,"73,100.00",10.35,"751,673.00",14,0.02,0.11,0.19,1.07,0.84,17.04,9.25,,
2021/10/21,175,SEF,43.41,10.27,10.37,10.26,10.37,10.37,0.0,0.0,10.33,"21,400.00",10.37,"221,015.00",6,0.00,0.11,0.0,1.07,0.41,17.04,9.30,,
2021/10/24,183,SEF,46.46,10.21,10.57,10.21,10.43,10.43,0.0,0.0,10.46,"39,100.00",10.37,"409,061.00",12,0.06,0.36,0.58,3.53,-0.31,17.04,9.40,,
2021/10/25,186,SEF,51.86,10.34,10.6,10.34,10.6,10.60,0.0,0.0,10.50,"29,555.00",10.43,"310,397.00",11,0.17,0.26,1.63,2.51,0.92,17.04,9.40,,
2021/10/26,186,SEF,58.84,10.6,10.7,10.52,10.67,10.67,0.0,0.0,10.59,"115,700.00",10.60,"1,225,055.60",23,0.07,0.18,0.66,1.71,0.77,17.04,9.40,,
2021/09/06,183,SEF,52.5,11.0,11.27,11.0,11.2,11.20,0.0,0.0,11.18,"29,350.00",11.20,"328,072.40",15,0.0,0.27,0.0,2.45,0.2,17.04,8.83,,
2021/09/07,180,SEF,49.95,11.0,11.32,11.0,11.32,11.32,0.0,0.0,11.29,"72,200.00",11.20,"815,245.50",17,0.12,0.32,1.07,2.91,0.25,17.04,8.83,,
2021/09/08,182,SEF,51.29,11.3,11.3,11.15,11.16,11.16,0.0,0.0,11.18,"114,500.00",11.32,"1,279,610.78",26,-0.16,0.15,-1.41,1.35,-0.14,17.04,8.83,,
2021/09/09,188,SEF,51.56,11.16,11.16,10.96,11.15,11.15,0.0,0.0,11.02,"101,000.00",11.16,"1,113,494.00",24,-0.01,0.2,-0.09,1.82,1.12,17.04,8.83,,
2021/09/10,260,SEF,16.19,9.22,9.29,9.22,9.29,9.29,0.0,0.0,9.22,"20,152.00",9.10,"185,812.08",3,0.19,0.07,2.09,0.76,0.75,11.50,8.72,10.04,9.92
2021/09/12,189,SEF,55.33,10.99,11.19,10.99,11.09,11.09,0.0,0.0,11.02,"140,815.00",11.15,"1,551,718.10",27,-0.06,0.20,-0.54,1.82,0.64,17.04,8.83,,
2021/09/13,184,SEF,56.19,11.3,11.3,11.0,11.0,11.00,0.0,0.0,11.15,"120,600.00",11.09,"1,345,056.20",38,-0.09,0.30,-0.81,2.73,-1.39,17.04,8.83,,
2021/09/14,181,SEF,48.82,11.0,11.05,11.0,11.0,11.00,0.0,0.0,11.00,"47,100.00",11.00,"518,180.00",11,0.00,0.05,0.0,0.45,-0.02,17.04,8.83,,
2021/09/15,181,SEF,49.88,10.78,10.9,10.78,10.87,10.87,0.0,0.0,10.84,"100,190.00",11.00,"1,085,646.20",25,-0.13,0.12,-1.18,1.11,0.31,17.04,8.91,,
2021/09/16,187,SEF,48.09,10.7,10.96,10.7,10.77,10.77,0.0,0.0,10.79,"99,087.00",10.87,"1,069,111.27",22,-0.1,0.26,-0.92,2.43,-0.18,17.04,8.92,,
2021/09/20,183,SEF,47.76,10.56,10.56,10.26,10.4,10.40,0.0,0.0,10.44,"144,500.00",10.77,"1,507,992.50",29,-0.37,0.3,-3.44,2.92,-0.35,17.04,8.92,,
2021/09/21,179,SEF,48.38,10.3,10.4,10.15,10.4,10.40,0.0,0.0,10.27,"140,000.00",10.40,"1,437,984.25",31,0.0,0.25,0.0,2.46,1.24,17.04,8.92,,
2021/09/22,175,SEF,53.27,10.5,10.7,10.44,10.5,10.50,0.0,0.0,10.60,"158,030.00",10.40,"1,675,322.39",17,0.1,0.26,0.96,2.49,-0.96,17.04,8.92,,
2021/09/23,186,SEF,48.7,10.6,10.7,10.52,10.52,10.52,0.0,0.0,10.56,"83,500.00",10.50,"881,456.00",19,0.02,0.18,0.19,1.71,-0.35,17.04,8.92,,
2021/09/26,192,SEF,46.76,10.47,10.5,10.47,10.48,10.48,0.0,0.0,10.48,"5,365.00",10.52,"56,225.20",6,-0.04,0.03,-0.38,0.29,0.0,17.04,8.92,,
2021/09/27,186,SEF,44.28,10.41,10.41,10.39,10.4,10.40,0.0,0.0,10.40,"28,500.00",10.48,"296,525.00",9,-0.08,0.02,-0.76,0.19,-0.04,17.04,8.92,,
2021/08/09,180,SEF,49.22,15.99,15.99,15.65,15.7,15.70,0.0,0.0,15.72,"172,998.00",15.76,"2,720,283.10",72,-0.06,0.34,-0.38,2.17,-0.16,17.04,8.76,,
2021/08/10,181,SEF,54.21,15.7,15.8,15.4,15.75,15.75,0.0,0.0,15.59,"205,800.00",15.70,"3,208,592.00",71,0.05,0.4,0.32,2.6,1.01,17.04,8.76,,
2021/08/11,185,SEF,53.96,15.6,15.9,15.6,15.77,15.77,0.0,0.0,15.72,"256,001.00",15.75,"4,023,161.60",58,0.02,0.3,0.13,1.92,0.35,17.04,8.76,,
2021/08/12,180,SEF,59.36,15.54,15.77,15.5,15.74,15.74,0.0,0.0,15.63,"1,020,554.00",15.77,"15,948,127.80",70,-0.03,0.27,-0.19,1.74,0.72,17.04,8.76,,
2021/08/15,179,SEF,38.64,16.05,16.05,15.5,15.6,15.60,0.0,0.0,15.60,"589,804.00",15.74,"9,203,152.54",159,-0.14,0.55,-0.89,3.55,-0.02,17.04,8.76,,
2021/08/16,181,SEF,52.44,12.58,12.59,12.0,12.35,12.35,0.0,0.0,12.41,"461,034.00",12.60,"5,719,402.56",98,-0.25,0.59,-1.98,4.92,-0.45,17.04,8.76,,
2021/08/17,176,SEF,51.70,12.41,12.57,11.95,11.95,11.95,0.0,0.0,12.09,"322,340.00",12.35,"3,898,424.20",87,-0.4,0.62,-3.24,5.19,-1.21,17.04,8.76,,
2021/08/18,184,SEF,48.23,12.18,12.18,11.94,12.0,12.00,0.0,0.0,12.01,"61,050.00",11.95,"733,078.00",31,0.05,0.24,0.42,2.01,-0.07,17.04,8.76,,
2021/08/19,185,SEF,45.53,11.8,12.46,11.8,12.1,12.10,0.0,0.0,12.23,"59,422.00",12.00,"726,512.50",25,0.1,0.66,0.83,5.59,-1.04,17.04,8.76,,
2021/08/24,183,SEF,54.65,11.9,12.1,11.9,12.0,12.00,0.0,0.0,11.91,"54,900.00",12.10,"653,943.00",27,-0.1,0.2,-0.83,1.68,0.74,17.04,8.76,,
2021/08/25,184,SEF,54.91,12.03,12.03,11.61,11.61,11.61,0.0,0.0,11.93,"87,720.00",12.00,"1,046,450.00",26,-0.39,0.42,-3.25,3.62,-2.75,17.04,8.76,,
2021/08/26,189,SEF,56.93,11.61,11.78,11.56,11.58,11.58,0.0,0.0,11.62,"82,200.00",11.61,"955,344.30",37,-0.03,0.22,-0.26,1.9,-0.36,17.04,8.76,,
2021/08/29,184,SEF,58.56,11.81,12.0,11.51,11.74,11.74,0.0,0.0,11.85,"130,040.00",11.58,"1,540,578.25",38,0.16,0.49,1.38,4.26,-0.91,17.04,8.76,,
2021/08/31,184,SEF,52.77,11.52,11.75,11.4,11.5,11.50,0.0,0.0,11.54,"96,400.00",11.74,"1,112,085.00",33,-0.24,0.35,-2.04,3.07,-0.31,17.04,8.79,,
2021/09/01,184,SEF,54.2,11.73,11.8,11.42,11.46,11.46,0.0,0.0,11.58,"132,120.00",11.50,"1,529,401.20",29,-0.04,0.38,-0.35,3.33,-1.01,17.04,8.83,,
2021/09/02,186,SEF,55.63,11.68,11.85,11.23,11.27,11.27,0.0,0.0,11.27,"168,000.00",11.46,"1,894,113.50",37,-0.19,0.62,-1.66,5.52,-0.04,17.04,8.83,,
2021/07/14,174,SEF,68.14,13.91,14.15,13.78,14.13,14.13,0.0,0.0,13.91,"1,068,827.00",13.91,"14,871,202.24",27,0.22,0.37,1.58,2.69,1.53,14.91,8.76,,
2021/07/15,179,SEF,62.29,14.2,14.2,13.97,14.05,14.05,0.0,0.0,14.00,"160,300.00",14.13,"2,244,955.00",35,-0.08,0.23,-0.57,1.65,0.32,14.91,8.76,,
2021/07/18,177,SEF,66.72,14.24,14.49,14.11,14.4,14.40,0.0,0.0,14.32,"81,500.00",14.05,"1,167,151.00",51,0.35,0.38,2.49,2.69,0.55,14.91,8.76,,
2021/07/19,176,SEF,66.6,14.3,14.76,14.3,14.6,14.60,0.0,0.0,14.59,"251,792.00",14.40,"3,674,580.60",41,0.2,0.46,1.39,3.22,0.04,14.91,8.76,,
2021/07/20,177,SEF,71.82,14.89,15.91,14.89,15.71,15.71,0.0,0.0,15.62,"773,934.00",14.60,"12,085,854.28",159,1.11,1.02,7.6,6.85,0.6,15.91,8.76,,
2021/07/22,179,SEF,73.94,16.02,17.04,16.02,16.57,16.57,0.0,0.0,16.76,"1,875,054.00",15.71,"31,422,372.42",232,0.86,1.02,5.47,6.37,-1.14,17.04,8.76,,
2021/07/25,180,SEF,75.71,16.9,16.9,15.95,16.47,16.47,0.0,0.0,16.32,"722,386.00",16.57,"11,789,446.46",137,-0.1,0.95,-0.6,5.96,0.91,17.04,8.76,,
2021/07/26,181,SEF,72.14,16.15,16.5,16.0,16.02,16.02,0.0,0.0,16.23,"637,179.00",16.47,"10,343,818.30",53,-0.45,0.50,-2.73,3.13,-1.33,17.04,8.76,,
2021/07/27,182,SEF,61.38,15.83,16.6,15.83,16.33,16.33,0.0,0.0,16.20,"418,300.00",16.02,"6,774,729.00",63,0.31,0.77,1.94,4.86,0.82,17.04,8.76,,
2021/07/28,177,SEF,53.79,16.05,16.33,16.05,16.18,16.18,0.0,0.0,16.21,"175,850.00",16.33,"2,850,834.50",35,-0.15,0.28,-0.92,1.74,-0.2,17.04,8.76,,
2021/07/29,175,SEF,52.27,15.87,16.2,15.87,16.03,16.03,0.0,0.0,16.01,"242,150.00",16.18,"3,876,193.00",46,-0.15,0.33,-0.93,2.08,0.14,17.04,8.76,,
2021/08/01,181,SEF,55.84,16.3,16.38,15.9,16.02,16.02,0.0,0.0,16.15,"220,898.00",16.03,"3,567,133.84",59,-0.01,0.48,-0.06,3.02,-0.8,17.04,8.76,,
2021/08/02,181,SEF,55.37,16.04,16.3,16.04,16.25,16.25,0.0,0.0,16.22,"447,818.00",16.02,"7,265,803.80",70,0.23,0.26,1.44,1.62,0.15,17.04,8.76,,
2021/08/03,178,SEF,59.94,16.16,16.25,16.0,16.14,16.14,0.0,0.0,16.15,"530,510.00",16.25,"8,566,168.00",51,-0.11,0.25,-0.68,1.56,-0.04,17.04,8.76,,
2021/08/04,181,SEF,54.64,16.4,16.4,15.51,15.88,15.88,0.0,0.0,15.72,"279,080.00",16.14,"4,386,559.70",65,-0.26,0.89,-1.61,5.74,1.02,17.04,8.76,,
2021/08/05,181,SEF,49.64,15.73,16.02,15.73,15.9,15.90,0.0,0.0,15.92,"70,550.00",15.88,"1,123,090.00",37,0.02,0.29,0.13,1.84,-0.12,17.04,8.76,,
2021/06/21,260,SEF,16.19,9.22,9.29,9.22,9.29,9.29,0.0,0.0,9.22,"20,152.00",9.10,"185,812.08",3,0.19,0.07,2.09,0.76,0.75,11.50,8.72,10.04,9.92
2021/06/22,182,SEF,45.39,13.86,14.2,13.84,14.11,14.11,0.0,0.0,14.03,"56,720.00",14.00,"795,896.00",38,0.11,0.36,0.79,2.6,0.55,14.91,8.34,,
2021/06/23,176,SEF,44.02,14.0,14.0,13.9,13.91,13.91,0.0,0.0,13.96,"163,890.00",14.11,"2,288,588.00",24,-0.2,0.10,-1.42,0.72,-0.39,14.91,8.34,,
2021/06/24,175,SEF,42.07,13.77,13.9,13.75,13.85,13.85,0.0,0.0,13.83,"127,900.00",13.91,"1,769,480.00",26,-0.06,0.15,-0.43,1.09,0.11,14.91,8.34,,
2021/06/27,183,SEF,44.77,13.77,14.11,13.77,14.0,14.00,0.0,0.0,14.05,"76,409.00",13.85,"1,073,235.90",41,0.15,0.34,1.08,2.47,-0.33,14.91,8.34,,
2021/06/28,175,SEF,45.19,14.0,14.2,13.75,13.75,13.75,0.0,0.0,14.03,"206,550.00",14.00,"2,897,285.50",34,-0.25,0.45,-1.79,3.27,-2.01,14.91,8.34,,
2021/06/29,181,SEF,46.88,13.9,14.02,13.5,13.56,13.56,0.0,0.0,13.64,"223,500.00",13.75,"3,048,975.66",26,-0.19,0.52,-1.38,3.85,-0.6,14.91,8.34,,
2021/06/30,177,SEF,48.66,13.36,13.65,13.36,13.61,13.61,0.0,0.0,13.54,"1,198,700.00",13.56,"16,235,536.00",31,0.05,0.29,0.37,2.17,0.48,14.91,8.34,,
2021/07/01,180,SEF,44.06,13.6,13.8,13.6,13.75,13.75,0.0,0.0,13.72,"207,498.00",13.61,"2,846,579.60",33,0.14,0.2,1.03,1.47,0.23,14.91,8.34,,
2021/07/04,180,SEF,50.11,14.0,14.0,13.68,13.85,13.85,0.0,0.0,13.75,"106,100.00",13.75,"1,458,357.00",27,0.1,0.32,0.73,2.34,0.76,14.91,8.34,,
2021/07/05,182,SEF,58.37,13.7,14.0,13.7,13.96,13.96,0.0,0.0,13.77,"66,500.00",13.85,"915,459.00",29,0.11,0.30,0.79,2.19,1.39,14.91,8.34,,
2021/07/06,177,SEF,53.64,13.99,14.15,13.42,13.58,13.58,0.0,0.0,13.69,"203,600.00",13.96,"2,786,642.00",39,-0.38,0.73,-2.72,5.44,-0.79,14.91,8.34,,
2021/07/07,180,SEF,57.05,13.52,13.8,13.52,13.75,13.75,0.0,0.0,13.67,"239,647.00",13.58,"3,275,933.25",34,0.17,0.28,1.25,2.07,0.58,14.91,8.35,,
2021/07/08,181,SEF,57.70,13.7,13.8,13.54,13.8,13.80,0.0,0.0,13.61,"239,400.00",13.75,"3,258,267.00",49,0.05,0.26,0.36,1.92,1.38,14.91,8.65,,
2021/07/11,183,SEF,70.13,14.0,14.0,13.6,14.0,14.00,0.0,0.0,13.73,"1,953,595.00",13.80,"26,819,681.19",62,0.2,0.4,1.45,2.94,1.94,14.91,8.76,,
2021/07/12,184,SEF,62.89,14.0,14.47,13.91,14.0,14.00,0.0,0.0,14.06,"308,200.00",14.00,"4,332,525.00",42,0.0,0.56,0.0,4.03,-0.41,14.91,8.76,,
2021/05/27,172,SEF,68.35,12.7,12.8,12.5,12.72,12.72,0.0,0.0,12.73,"1,955,077.00",12.73,"24,888,396.34",66,-0.01,0.30,-0.08,2.4,-0.08,13.00,8.34,,
2021/05/30,175,SEF,66.03,12.95,13.18,12.95,13.1,13.10,0.0,0.0,13.11,"525,845.00",12.72,"6,896,279.50",74,0.38,0.23,2.99,1.78,-0.11,13.18,8.34,,
2021/05/31,175,SEF,62.75,13.06,13.3,13.06,13.07,13.07,0.0,0.0,13.14,"554,255.00",13.10,"7,280,269.83",91,-0.03,0.24,-0.23,1.84,-0.5,13.30,8.34,,
2021/06/01,174,SEF,62.83,12.85,13.23,12.81,13.2,13.20,0.0,0.0,12.99,"327,082.00",13.07,"4,249,986.03",79,0.13,0.42,0.99,3.28,1.56,13.30,8.34,,
2021/06/02,175,SEF,61.80,13.19,13.2,13.01,13.15,13.15,0.0,0.0,13.11,"160,160.00",13.20,"2,100,013.40",42,-0.05,0.19,-0.38,1.46,0.29,13.30,8.34,,
2021/06/03,174,SEF,60.54,13.41,13.41,13.12,13.27,13.27,0.0,0.0,13.21,"289,200.00",13.15,"3,821,404.00",50,0.12,0.29,0.91,2.21,0.42,13.41,8.34,,
2021/06/06,175,SEF,63.00,13.37,13.48,13.11,13.35,13.35,0.0,0.0,13.37,"359,400.00",13.27,"4,805,860.50",59,0.08,0.37,0.6,2.82,-0.16,13.48,8.34,,
2021/06/07,177,SEF,57.19,13.5,13.6,13.4,13.49,13.49,0.0,0.0,13.52,"202,550.00",13.35,"2,739,296.50",64,0.14,0.2,1.05,1.49,-0.25,13.60,8.34,,
2021/06/08,175,SEF,62.19,13.55,14.03,13.55,13.91,13.91,0.0,0.0,13.75,"270,540.00",13.49,"3,721,119.70",59,0.42,0.48,3.11,3.54,1.12,14.03,8.34,,
2021/06/09,178,SEF,62.41,14.6,14.6,13.97,14.09,14.09,0.0,0.0,14.09,"325,458.00",13.91,"4,586,536.99",92,0.18,0.63,1.29,4.51,-0.02,14.60,8.34,,
2021/06/10,177,SEF,63.35,14.36,14.36,14.11,14.2,14.20,0.0,0.0,14.21,"263,500.00",14.09,"3,744,762.00",55,0.11,0.25,0.78,1.77,-0.08,14.60,8.34,,
2021/06/13,177,SEF,65.25,14.91,14.91,14.05,14.1,14.10,0.0,0.0,14.15,"378,048.00",14.20,"5,349,154.80",113,-0.1,0.86,-0.7,6.12,-0.35,14.91,8.34,,
2021/06/14,179,SEF,64.43,14.1,14.3,14.0,14.05,14.05,0.0,0.0,14.09,"261,840.00",14.10,"3,688,479.00",86,-0.05,0.30,-0.35,2.14,-0.26,14.91,8.34,,
2021/06/15,182,SEF,64.04,14.1,14.48,13.92,14.39,14.39,0.0,0.0,14.42,"1,019,924.00",14.05,"14,706,606.67",107,0.34,0.56,2.42,4.02,-0.2,14.91,8.34,,
2021/06/16,176,SEF,61.82,14.45,14.55,14.21,14.53,14.53,0.0,0.0,14.48,"694,100.00",14.39,"10,049,635.00",75,0.14,0.34,0.97,2.39,0.35,14.91,8.34,,
2021/06/17,179,SEF,56.67,14.35,14.5,14.35,14.41,14.41,0.0,0.0,14.42,"254,867.00",14.53,"3,674,063.70",34,-0.12,0.15,-0.83,1.05,-0.04,14.91,8.34,,
2021/05/03,175,SEF,59.29,12.68,12.68,12.0,12.1,12.10,0.0,0.0,12.07,"65,900.00",12.08,"795,462.50",22,0.02,0.68,0.17,5.67,0.24,12.87,8.34,,
2021/05/04,171,SEF,49.9,12.0,12.1,11.98,12.01,12.01,0.0,0.0,12.01,"14,100.00",12.10,"169,315.00",22,-0.09,0.12,-0.74,1.0,0.02,12.87,8.34,,
2021/05/05,175,SEF,49.05,11.97,12.1,11.76,11.97,11.97,0.0,0.0,11.93,"311,450.00",12.01,"3,714,720.00",56,-0.04,0.34,-0.33,2.89,0.36,12.87,8.34,,
2021/05/06,173,SEF,44.38,11.83,12.0,11.83,11.9,11.90,0.0,0.0,11.95,"51,800.00",11.97,"618,810.00",18,-0.07,0.17,-0.58,1.44,-0.39,12.87,8.34,,
2021/05/09,175,SEF,47.29,11.83,12.13,11.8,11.87,11.87,0.0,0.0,11.97,"92,600.00",11.90,"1,108,249.30",33,-0.03,0.33,-0.25,2.8,-0.83,12.87,8.34,,
2021/05/10,175,SEF,58.34,11.86,12.0,11.86,12.0,12.00,0.0,0.0,11.96,"59,400.00",11.87,"710,464.00",18,0.13,0.14,1.1,1.18,0.33,12.87,8.34,,
2021/05/11,176,SEF,63.88,11.92,12.0,11.92,11.98,11.98,0.0,0.0,11.97,"50,210.00",12.00,"601,094.00",21,-0.02,0.08,-0.17,0.67,0.07,12.87,8.34,,
2021/05/12,173,SEF,68.17,11.85,12.1,11.83,12.1,12.10,0.0,0.0,12.02,"178,870.00",11.98,"2,150,600.50",21,0.12,0.27,1.0,2.28,0.63,12.87,8.34,,
2021/05/13,174,SEF,65.22,12.0,12.17,11.94,12.12,12.12,0.0,0.0,12.08,"86,150.00",12.10,"1,040,638.00",39,0.02,0.23,0.17,1.93,0.34,12.87,8.34,,
2021/05/16,171,SEF,69.29,12.12,12.25,12.12,12.16,12.16,0.0,0.0,12.17,"159,160.00",12.12,"1,936,706.70",56,0.04,0.13,0.33,1.07,-0.07,12.87,8.34,,
2021/05/17,174,SEF,71.41,12.1,12.32,12.1,12.32,12.32,0.0,0.0,12.29,"172,600.00",12.16,"2,120,816.00",39,0.16,0.22,1.32,1.82,0.26,12.87,8.34,,
2021/05/18,171,SEF,70.1,12.35,12.43,12.31,12.4,12.40,0.0,0.0,12.40,"93,200.00",12.32,"1,155,394.00",32,0.08,0.12,0.65,0.97,0.02,12.87,8.34,,
2021/05/19,171,SEF,73.72,12.35,12.49,12.25,12.49,12.49,0.0,0.0,12.46,"374,550.00",12.40,"4,667,958.50",69,0.09,0.24,0.73,1.96,0.22,12.87,8.34,,
2021/05/20,171,SEF,72.75,12.36,12.58,12.36,12.5,12.50,0.0,0.0,12.52,"226,779.00",12.49,"2,838,440.50",65,0.01,0.22,0.08,1.78,-0.13,12.87,8.34,,
2021/05/23,177,SEF,71.28,12.28,12.76,12.28,12.76,12.76,0.0,0.0,12.63,"172,534.00",12.50,"2,178,824.48",35,0.26,0.48,2.08,3.91,1.03,12.87,8.34,,
2021/05/24,172,SEF,67.58,13.0,13.0,12.74,12.8,12.80,0.0,0.0,12.77,"159,200.00",12.76,"2,033,139.00",49,0.04,0.26,0.31,2.04,0.23,13.00,8.34,,
2021/04/06,172,SEF,66.97,11.92,12.1,11.92,12.0,12.00,0.0,0.0,12.03,"293,100.00",11.85,"3,526,429.00",68,0.15,0.18,1.27,1.51,-0.26,12.87,8.34,,
2021/04/07,174,SEF,71.91,11.95,12.25,11.95,12.15,12.15,0.0,0.0,12.18,"361,887.00",12.00,"4,408,994.66",74,0.15,0.3,1.25,2.51,-0.27,12.87,8.34,,
2021/04/08,167,SEF,64.09,12.01,12.15,12.01,12.15,12.15,0.0,0.0,12.09,"48,998.00",12.15,"592,335.84",24,0.0,0.14,0.0,1.17,0.5,12.87,8.34,,
2021/04/12,173,SEF,70.0,11.93,12.1,11.7,12.0,12.00,0.0,0.0,11.98,"264,210.00",12.15,"3,165,524.00",47,-0.15,0.4,-1.23,3.42,0.16,12.87,8.34,,
2021/04/13,166,SEF,60.54,11.85,12.24,11.83,12.24,12.24,0.0,0.0,12.15,"138,580.00",12.00,"1,684,282.00",41,0.24,0.41,2.0,3.47,0.7,12.87,8.34,,
2021/04/15,176,SEF,56.78,12.2,12.28,12.2,12.25,12.25,0.0,0.0,12.24,"118,900.00",12.24,"1,455,664.00",43,0.01,0.08,0.08,0.66,0.06,12.87,8.34,,
2021/04/18,166,SEF,62.19,12.2,12.5,12.2,12.37,12.37,0.0,0.0,12.41,"343,137.00",12.25,"4,259,333.05",72,0.12,0.3,0.98,2.46,-0.35,12.87,8.34,,
2021/04/19,171,SEF,59.09,12.22,12.43,12.22,12.22,12.22,0.0,0.0,12.27,"166,000.00",12.37,"2,036,720.00",39,-0.15,0.21,-1.21,1.72,-0.4,12.87,8.34,,
2021/04/20,172,SEF,52.57,12.22,12.25,12.01,12.25,12.25,0.0,0.0,12.20,"80,600.00",12.22,"983,561.90",29,0.03,0.24,0.25,2.0,0.38,12.87,8.34,,
2021/04/21,170,SEF,47.71,12.01,12.49,12.01,12.1,12.10,0.0,0.0,12.18,"116,710.00",12.25,"1,421,704.50",37,-0.15,0.48,-1.22,4.0,-0.67,12.87,8.34,,
2021/04/22,171,SEF,51.49,12.1,12.25,11.97,12.07,12.07,0.0,0.0,12.07,"172,871.00",12.10,"2,087,309.20",44,-0.03,0.28,-0.25,2.34,-0.04,12.87,8.34,,
2021/04/25,173,SEF,49.51,12.07,12.15,11.97,11.97,11.97,0.0,0.0,12.03,"260,500.00",12.07,"3,133,442.02",50,-0.1,0.18,-0.83,1.5,-0.49,12.87,8.34,,
2021/04/26,178,SEF,45.42,11.99,12.03,11.76,11.85,11.85,0.0,0.0,11.92,"208,000.00",11.97,"2,478,373.00",43,-0.12,0.27,-1.0,2.3,-0.55,12.87,8.34,,
2021/04/27,174,SEF,49.5,11.67,12.1,11.67,11.97,11.97,0.0,0.0,12.05,"163,600.00",11.85,"1,970,903.00",23,0.12,0.43,1.01,3.68,-0.64,12.87,8.34,,
2021/04/28,171,SEF,43.86,12.2,12.2,11.96,12.0,12.00,0.0,0.0,11.99,"109,500.00",11.97,"1,313,163.29",17,0.03,0.24,0.25,2.01,0.06,12.87,8.34,,
2021/04/29,173,SEF,53.02,12.0,12.2,11.81,12.0,12.00,0.0,0.0,11.98,"47,200.00",12.00,"565,326.00",23,0.0,0.39,0.0,3.3,0.19,12.87,8.34,,
2021/03/14,167,SEF,41.38,11.55,11.73,11.35,11.4,11.40,0.0,0.0,11.50,"109,600.00",11.78,"1,260,048.00",25,-0.38,0.38,-3.23,3.35,-0.85,12.87,8.34,,
2021/03/15,170,SEF,44.93,11.5,11.62,11.25,11.25,11.25,0.0,0.0,11.39,"201,050.00",11.40,"2,289,350.30",37,-0.15,0.37,-1.32,3.29,-1.22,12.87,8.34,,
2021/03/16,175,SEF,38.65,11.47,11.49,11.3,11.49,11.49,0.0,0.0,11.44,"38,600.00",11.25,"441,468.00",17,0.24,0.19,2.13,1.68,0.46,12.87,8.34,,
2021/03/17,169,SEF,40.54,11.45,11.6,11.41,11.6,11.60,0.0,0.0,11.54,"93,417.00",11.49,"1,078,385.30",35,0.11,0.19,0.96,1.67,0.48,12.87,8.34,,
2021/03/18,171,SEF,61.88,11.5,11.78,11.27,11.55,11.55,0.0,0.0,11.42,"256,520.00",11.60,"2,929,389.67",36,-0.05,0.51,-0.43,4.53,1.13,12.87,8.34,,
2021/03/21,166,SEF,60.86,11.7,11.8,11.46,11.78,11.78,0.0,0.0,11.75,"123,649.00",11.55,"1,452,280.40",38,0.23,0.34,1.99,2.97,0.3,12.87,8.34,,
2021/03/22,169,SEF,55.46,11.8,11.95,11.7,11.75,11.75,0.0,0.0,11.80,"34,160.00",11.78,"403,141.00",16,-0.03,0.25,-0.25,2.14,-0.44,12.87,8.34,,
2021/03/23,166,SEF,59.59,11.53,11.75,11.53,11.7,11.70,0.0,0.0,11.65,"121,641.00",11.75,"1,416,525.10",27,-0.05,0.22,-0.43,1.91,0.47,12.87,8.34,,
2021/03/24,166,SEF,63.27,11.7,11.89,11.7,11.78,11.78,0.0,0.0,11.79,"121,100.00",11.70,"1,428,290.00",38,0.08,0.19,0.68,1.62,-0.12,12.87,8.34,,
2021/03/25,167,SEF,58.62,11.6,11.95,11.6,11.75,11.75,0.0,0.0,11.86,"189,720.00",11.78,"2,249,256.80",44,-0.03,0.35,-0.25,3.02,-0.9,12.87,8.34,,
2021/03/29,168,SEF,61.69,11.72,11.9,11.71,11.9,11.90,0.0,0.0,11.78,"113,100.00",11.75,"1,331,885.00",37,0.15,0.19,1.28,1.62,1.04,12.87,8.34,,
2021/03/30,167,SEF,67.74,11.95,12.0,11.82,12.0,12.00,0.0,0.0,11.89,"208,600.00",11.90,"2,480,810.00",41,0.1,0.18,0.84,1.52,0.89,12.87,8.34,,
2021/03/31,167,SEF,65.34,12.6,12.6,11.87,12.0,12.00,0.0,0.0,11.92,"65,600.00",12.00,"781,857.00",19,0.0,0.73,0.0,6.15,0.68,12.87,8.34,,
2021/04/01,176,SEF,63.58,11.95,12.1,11.8,11.94,11.94,0.0,0.0,11.91,"65,400.00",12.00,"778,950.00",20,-0.06,0.30,-0.5,2.54,0.25,12.87,8.34,,
2021/04/03,260,SEF,16.19,9.22,9.29,9.22,9.29,9.29,0.0,0.0,9.22,"20,152.00",9.10,"185,812.08",3,0.19,0.07,2.09,0.76,0.75,11.50,8.72,10.04,9.92
2021/04/04,170,SEF,73.14,11.9,11.95,11.82,11.95,11.95,0.0,0.0,11.94,"1,055,348.00",11.94,"12,596,868.12",30,0.01,0.13,0.08,1.1,0.12,12.87,8.34,,
2021/02/15,164,SEF,65.66,11.12,11.5,11.12,11.5,11.50,0.0,0.0,11.34,"806,970.00",11.21,"9,152,136.00",86,0.29,0.38,2.59,3.42,1.38,11.80,8.34,,
2021/02/16,168,SEF,61.1,11.27,11.52,11.27,11.5,11.50,0.0,0.0,11.44,"176,270.00",11.50,"2,016,464.50",51,0.0,0.25,0.0,2.22,0.52,11.80,8.34,,
2021/02/17,163,SEF,64.0,11.5,11.8,11.5,11.79,11.79,0.0,0.0,11.70,"251,890.00",11.50,"2,945,951.90",54,0.29,0.3,2.52,2.61,0.8,11.80,8.34,,
2021/02/18,167,SEF,62.75,11.58,12.0,11.58,12.0,12.00,0.0,0.0,11.86,"124,998.00",11.79,"1,482,045.70",62,0.21,0.42,1.78,3.63,1.2,12.00,8.34,,
2021/02/21,260,SEF,16.19,9.22,9.29,9.22,9.29,9.29,0.0,0.0,9.22,"20,152.00",9.10,"185,812.08",3,0.19,0.07,2.09,0.76,0.75,11.50,8.72,10.04,9.92
2021/02/22,166,SEF,65.46,12.2,12.65,12.2,12.35,12.35,0.0,0.0,12.40,"242,859.00",12.29,"3,012,003.07",71,0.06,0.45,0.49,3.69,-0.42,12.65,8.34,,
2021/02/23,165,SEF,56.62,12.59,12.59,11.95,12.18,12.18,0.0,0.0,12.14,"135,990.00",12.35,"1,650,487.60",46,-0.17,0.64,-1.38,5.36,0.35,12.65,8.34,,
2021/02/24,165,SEF,66.75,12.05,12.87,12.05,12.71,12.71,0.0,0.0,12.65,"250,100.00",12.18,"3,162,792.00",58,0.53,0.82,4.35,6.8,0.5,12.87,8.34,,
2021/02/25,166,SEF,54.09,12.52,12.74,12.52,12.65,12.65,0.0,0.0,12.68,"220,983.00",12.71,"2,803,095.95",57,-0.06,0.22,-0.47,1.76,-0.27,12.87,8.34,,
2021/02/28,165,SEF,52.41,12.55,12.56,12.21,12.21,12.21,0.0,0.0,12.38,"483,400.00",12.65,"5,982,148.00",80,-0.44,0.35,-3.48,2.87,-1.35,12.87,8.34,,
2021/03/01,167,SEF,49.44,12.1,12.2,11.85,12.11,12.11,0.0,0.0,12.07,"129,930.00",12.21,"1,567,960.70",45,-0.1,0.35,-0.82,2.95,0.35,12.87,8.34,,
2021/03/02,167,SEF,46.59,12.11,12.2,11.83,11.99,11.99,0.0,0.0,12.00,"233,500.00",12.11,"2,801,415.00",67,-0.12,0.37,-0.99,3.13,-0.06,12.87,8.34,,
2021/03/03,169,SEF,44.28,11.76,11.99,11.76,11.82,11.82,0.0,0.0,11.81,"80,800.00",11.99,"954,280.00",33,-0.17,0.23,-1.42,1.96,0.08,12.87,8.34,,
2021/03/04,165,SEF,52.54,11.7,12.49,11.7,12.01,12.01,0.0,0.0,11.89,"717,748.00",11.82,"8,532,816.24",58,0.19,0.79,1.61,6.75,1.01,12.87,8.34,,
2021/03/07,169,SEF,44.97,11.81,12.0,11.8,12.0,12.00,0.0,0.0,11.84,"155,600.00",12.01,"1,842,503.00",28,-0.01,0.2,-0.08,1.69,1.32,12.87,8.34,,
2021/03/09,169,SEF,41.24,11.83,11.9,11.78,11.8,11.80,0.0,0.0,11.81,"65,000.00",12.00,"767,587.50",22,-0.2,0.12,-1.67,1.02,-0.08,12.87,8.34,,
2021/01/21,168,SEF,55.11,10.8,11.02,10.8,10.93,10.93,0.0,0.0,10.96,"168,750.00",10.91,"1,848,881.50",54,0.02,0.22,0.18,2.04,-0.24,11.16,8.34,,
2021/01/24,165,SEF,57.31,11.45,11.45,11.0,11.09,11.09,0.0,0.0,11.08,"126,270.00",10.93,"1,399,697.50",82,0.16,0.45,1.46,4.09,0.05,11.45,8.34,,
2021/01/25,166,SEF,62.1,11.1,11.15,10.95,11.12,11.12,0.0,0.0,11.10,"415,940.00",11.09,"4,614,969.60",104,0.03,0.20,0.27,1.83,0.22,11.45,8.34,,
2021/01/26,167,SEF,65.02,11.12,11.31,11.08,11.24,11.24,0.0,0.0,11.16,"580,497.00",11.12,"6,480,741.43",84,0.12,0.23,1.08,2.08,0.68,11.45,8.34,,
2021/01/27,167,SEF,60.99,11.8,11.8,11.8,11.8,11.80,0.0,0.0,11.80,100.00,11.24,"1,180.00",1,0.56,0.0,4.98,0.0,0.0,11.80,8.34,,
2021/01/28,167,SEF,59.58,11.57,11.57,11.0,11.0,11.00,0.0,0.0,11.03,"1,244,848.00",11.80,"13,734,459.00",54,-0.8,0.57,-6.78,5.18,-0.3,11.80,8.34,,
2021/01/31,166,SEF,56.62,11.01,11.07,10.96,11.02,11.02,0.0,0.0,11.01,"626,850.00",11.00,"6,902,495.50",60,0.02,0.11,0.18,1.0,0.08,11.80,8.34,,
2021/02/01,162,SEF,52.75,11.0,11.15,10.97,11.1,11.10,0.0,0.0,11.04,"167,760.00",11.02,"1,851,454.10",53,0.08,0.18,0.73,1.64,0.57,11.80,8.34,,
2021/02/02,161,SEF,53.16,11.0,11.15,10.97,11.01,11.01,0.0,0.0,11.01,"302,140.00",11.10,"3,326,406.80",52,-0.09,0.18,-0.81,1.64,0.0,11.80,8.34,,
2021/02/03,161,SEF,58.85,11.06,11.25,11.06,11.1,11.10,0.0,0.0,11.15,"238,500.00",11.01,"2,658,624.80",69,0.09,0.19,0.82,1.72,-0.43,11.80,8.34,,
2021/02/04,162,SEF,54.96,10.93,11.09,10.93,11.09,11.09,0.0,0.0,10.98,"174,100.00",11.10,"1,911,641.00",45,-0.01,0.16,-0.09,1.46,0.99,11.80,8.34,,
2021/02/07,163,SEF,53.65,11.0,11.22,10.96,11.22,11.22,0.0,0.0,11.10,"129,510.00",11.09,"1,437,528.80",62,0.13,0.26,1.17,2.37,1.07,11.80,8.34,,
2021/02/08,165,SEF,59.1,11.2,11.29,11.06,11.29,11.29,0.0,0.0,11.18,"145,080.00",11.22,"1,621,914.20",49,0.07,0.23,0.62,2.08,0.98,11.80,8.34,,
2021/02/09,155,SEF,61.78,11.08,11.29,11.08,11.29,11.29,0.0,0.0,11.20,"525,695.00",11.29,"5,888,361.00",35,0.0,0.21,0.0,1.9,0.79,11.80,8.34,,
2021/02/10,153,SEF,51.73,11.1,11.2,11.08,11.16,11.16,0.0,0.0,11.16,"46,167.00",11.29,"515,409.53",34,-0.13,0.12,-1.15,1.08,-0.04,11.80,8.34,,
2021/02/11,165,SEF,49.16,11.04,11.25,11.04,11.21,11.21,0.0,0.0,11.17,"89,900.00",11.16,"1,003,834.00",39,0.05,0.21,0.45,1.9,0.39,11.80,8.34,,
2021/03/10,163,SEF,44.38,11.59,11.78,11.59,11.78,11.78,0.0,0.0,11.66,"138,060.00",11.80,"1,610,251.70",24,-0.02,0.19,-0.17,1.64,0.99,12.87,8.34,,
2021/04/05,169,SEF,49.38,11.86,12.0,11.85,11.85,11.85,0.0,0.0,11.88,"88,600.00",11.95,"1,052,303.50",34,-0.1,0.15,-0.84,1.27,-0.23,12.87,8.34,,
2021/05/02,183,SEF,60.36,12.0,12.23,11.9,12.08,12.08,0.0,0.0,12.02,"51,000.00",12.00,"613,273.00",36,0.08,0.33,0.67,2.77,0.46,12.87,8.34,,
2021/05/25,175,SEF,71.06,12.71,12.9,12.71,12.73,12.73,0.0,0.0,12.77,"430,400.00",12.80,"5,497,352.00",54,-0.07,0.19,-0.55,1.49,-0.34,13.00,8.34,,
2021/06/20,188,SEF,54.14,14.15,14.38,14.15,14.17,14.17,0.0,0.0,14.26,"257,900.00",14.41,"3,677,510.00",66,-0.24,0.23,-1.67,1.63,-0.63,14.91,8.34,,
2021/07/13,181,SEF,62.13,14.0,14.19,13.91,13.91,13.91,0.0,0.0,13.97,"113,000.00",14.00,"1,578,470.00",12,-0.09,0.28,-0.64,2.01,-0.42,14.91,8.76,,
2021/08/08,182,SEF,55.49,16.21,16.21,15.72,15.76,15.76,0.0,0.0,15.82,"734,889.00",15.90,"11,623,851.51",134,-0.14,0.49,-0.88,3.12,-0.36,17.04,8.76,,
2021/09/05,181,SEF,53.05,11.49,11.49,11.12,11.2,11.20,0.0,0.0,11.16,"203,948.00",11.27,"2,275,550.76",42,-0.07,0.37,-0.62,3.33,0.38,17.04,8.83,,
2021/09/28,176,SEF,48.07,10.39,10.41,10.2,10.2,10.20,0.0,0.0,10.28,"195,950.00",10.40,"2,013,970.00",28,-0.2,0.21,-1.92,2.06,-0.76,17.04,8.95,,
2021/10/27,186,SEF,55.04,10.67,10.7,10.61,10.7,10.70,0.0,0.0,10.67,"24,720.00",10.67,"263,722.00",10,0.03,0.09,0.28,0.85,0.3,17.04,9.40,,
2021/11/24,185,SEF,42.2,10.44,10.55,10.44,10.55,10.55,0.0,0.0,10.47,"25,400.00",10.65,"265,949.00",10,-0.10,0.11,-0.94,1.05,0.75,17.04,9.95,,
2021/12/20,186,SEF,42.06,10.25,10.39,10.19,10.19,10.19,0.0,0.0,10.20,"77,636.00",10.25,"791,845.84",13,-0.06,0.2,-0.59,1.96,-0.09,17.04,9.99,,
2022/01/13,180,SEF,62.97,10.85,11.06,10.84,11.05,11.05,0.0,0.0,10.99,"96,350.00",10.72,"1,059,299.00",25,0.33,0.22,3.08,2.03,0.5,17.04,10.01,,
2022/02/08,185,SEF,42.23,11.5,11.5,11.25,11.25,11.25,0.0,0.0,11.36,"65,690.00",11.28,"746,150.00",16,-0.03,0.25,-0.27,2.22,-0.97,17.04,10.01,,
2022/03/07,185,SEF,35.07,10.51,10.57,10.45,10.45,10.45,0.0,0.0,10.51,"48,075.00",10.57,"505,388.75",17,-0.12,0.12,-1.14,1.15,-0.6,17.04,10.01,,
2020/12/28,176,SEF,59.61,10.22,10.51,10.22,10.38,10.38,0.0,0.0,10.45,"194,800.00",10.40,"2,034,964.00",28,-0.02,0.29,-0.19,2.84,-0.64,10.90,8.34,,
2020/12/29,169,SEF,45.4,10.35,10.4,10.3,10.37,10.37,0.0,0.0,10.32,"82,520.00",10.38,"851,416.20",35,-0.01,0.1,-0.1,0.97,0.5,10.90,8.34,,
2020/12/30,167,SEF,67.33,10.2,10.48,10.2,10.45,10.45,0.0,0.0,10.41,"338,750.00",10.37,"3,527,264.50",45,0.08,0.28,0.77,2.75,0.36,10.90,8.34,,
2020/12/31,167,SEF,49.49,10.25,10.48,10.25,10.37,10.37,0.0,0.0,10.41,"327,250.00",10.45,"3,407,544.50",45,-0.08,0.23,-0.77,2.24,-0.41,10.90,8.34,,
2021/01/03,172,SEF,51.88,10.17,10.41,10.17,10.36,10.36,0.0,0.0,10.37,"300,770.00",10.37,"3,118,739.50",42,-0.01,0.24,-0.1,2.36,-0.09,10.90,8.34,,
2021/01/04,163,SEF,54.58,10.2,10.5,10.2,10.42,10.42,0.0,0.0,10.40,"231,800.00",10.36,"2,409,695.30",27,0.06,0.30,0.58,2.94,0.23,10.90,8.34,,
2021/01/05,166,SEF,61.39,10.41,10.6,10.4,10.55,10.55,0.0,0.0,10.52,"435,657.00",10.42,"4,582,976.83",75,0.13,0.2,1.25,1.92,0.29,10.90,8.34,,
2021/01/06,164,SEF,58.06,10.54,10.6,10.51,10.55,10.55,0.0,0.0,10.55,"134,300.00",10.55,"1,416,855.00",43,0.0,0.09,0.0,0.86,0.0,10.90,8.34,,
2021/01/07,168,SEF,61.58,10.45,10.76,10.45,10.55,10.55,0.0,0.0,10.57,"297,980.00",10.55,"3,150,902.80",57,0.0,0.31,0.0,2.97,-0.23,10.90,8.34,,
2021/01/10,166,SEF,63.57,10.4,10.6,10.4,10.6,10.60,0.0,0.0,10.54,"223,050.00",10.55,"2,351,334.00",43,0.05,0.2,0.47,1.92,0.55,10.90,8.34,,
2021/01/11,165,SEF,67.45,10.5,10.7,10.5,10.65,10.65,0.0,0.0,10.66,"470,400.00",10.60,"5,012,894.00",65,0.05,0.2,0.47,1.9,-0.06,10.90,8.34,,
2021/01/12,161,SEF,62.18,10.52,10.76,10.52,10.76,10.76,0.0,0.0,10.71,"328,310.00",10.65,"3,516,454.60",61,0.11,0.24,1.03,2.28,0.46,10.90,8.34,,
2021/01/13,260,SEF,16.19,9.22,9.29,9.22,9.29,9.29,0.0,0.0,9.22,"20,152.00",9.10,"185,812.08",3,0.19,0.07,2.09,0.76,0.75,11.50,8.72,10.04,9.92
2021/01/17,167,SEF,66.1,10.73,10.95,10.73,10.95,10.95,0.0,0.0,10.90,"210,800.00",10.73,"2,297,102.00",73,0.22,0.22,2.05,2.05,0.48,10.95,8.34,,
2021/01/18,166,SEF,65.28,10.8,11.16,10.75,10.95,10.95,0.0,0.0,11.09,"501,100.00",10.95,"5,559,140.40",53,0.0,0.41,0.0,3.81,-1.31,11.16,8.34,,
2021/01/19,164,SEF,54.78,11.0,11.1,10.85,10.92,10.92,0.0,0.0,10.95,"76,850.00",10.95,"841,705.00",29,-0.03,0.25,-0.27,2.3,-0.3,11.16,8.34,,
2020/12/04,260,SEF,16.19,9.22,9.29,9.22,9.29,9.29,0.0,0.0,9.22,"20,152.00",9.10,"185,812.08",3,0.19,0.07,2.09,0.76,0.75,11.50,8.72,10.04,9.92
2020/12/06,160,SEF,45.49,10.11,10.21,10.11,10.12,10.12,0.0,0.0,10.17,"150,700.00",10.25,"1,532,758.00",48,-0.13,0.1,-1.27,0.99,-0.5,10.90,8.34,,
2020/12/07,168,SEF,50.97,10.12,10.3,9.95,10.17,10.17,0.0,0.0,10.14,"91,480.00",10.12,"927,805.80",33,0.05,0.35,0.49,3.52,0.27,10.90,8.34,,
2020/12/08,165,SEF,49.87,10.17,10.35,10.17,10.3,10.30,0.0,0.0,10.26,"263,531.00",10.17,"2,703,128.49",63,0.13,0.18,1.28,1.77,0.41,10.90,8.34,,
2020/12/09,164,SEF,44.5,10.3,10.49,10.13,10.14,10.14,0.0,0.0,10.27,"99,150.00",10.30,"1,018,023.00",35,-0.16,0.36,-1.55,3.55,-1.26,10.90,8.34,,
2020/12/10,167,SEF,44.58,10.02,10.48,10.02,10.1,10.10,0.0,0.0,10.19,"118,040.00",10.14,"1,202,569.00",54,-0.04,0.46,-0.39,4.59,-0.87,10.90,8.34,,
2020/12/13,165,SEF,57.02,10.02,10.3,10.02,10.3,10.30,0.0,0.0,10.23,"252,430.00",10.10,"2,581,281.70",61,0.2,0.28,1.98,2.79,0.72,10.90,8.34,,
2020/12/14,163,SEF,66.47,10.3,10.54,10.3,10.5,10.50,0.0,0.0,10.45,"231,943.00",10.30,"2,424,083.39",60,0.20,0.24,1.94,2.33,0.46,10.90,8.34,,
2020/12/15,167,SEF,59.51,10.29,10.39,10.15,10.3,10.30,0.0,0.0,10.26,"101,800.00",10.50,"1,044,299.00",36,-0.2,0.24,-1.9,2.36,0.4,10.90,8.34,,
2020/12/16,161,SEF,64.83,10.12,10.54,10.12,10.54,10.54,0.0,0.0,10.37,"328,477.00",10.30,"3,406,937.18",51,0.24,0.42,2.33,4.15,1.59,10.90,8.34,,
2020/12/17,158,SEF,67.1,10.47,10.54,10.28,10.45,10.45,0.0,0.0,10.44,"624,350.00",10.54,"6,515,250.00",59,-0.09,0.26,-0.85,2.53,0.14,10.90,8.34,,
2020/12/20,159,SEF,47.1,10.3,10.35,10.19,10.19,10.19,0.0,0.0,10.30,"300,390.00",10.45,"3,094,296.10",37,-0.26,0.16,-2.49,1.57,-1.09,10.90,8.34,,
2020/12/21,164,SEF,50.93,9.99,10.3,9.99,10.19,10.19,0.0,0.0,10.20,"337,389.00",10.19,"3,441,849.70",43,0.0,0.31,0.0,3.1,-0.11,10.90,8.34,,
2020/12/22,167,SEF,48.86,10.02,10.4,10.02,10.31,10.31,0.0,0.0,10.33,"216,700.00",10.19,"2,238,766.00",48,0.12,0.38,1.18,3.79,-0.21,10.90,8.34,,
2020/12/23,165,SEF,47.05,10.3,10.49,10.29,10.44,10.44,0.0,0.0,10.43,"196,648.00",10.31,"2,050,665.52",48,0.13,0.20,1.26,1.94,0.11,10.90,8.34,,
2020/12/24,167,SEF,60.4,10.26,10.46,10.26,10.3,10.30,0.0,0.0,10.37,"133,150.00",10.44,"1,380,990.00",32,-0.14,0.2,-1.34,1.95,-0.7,10.90,8.34,,
2020/11/08,161,SEF,66.54,9.83,10.0,9.83,9.93,9.93,0.0,0.0,9.95,"232,250.00",9.71,"2,310,915.51",43,0.22,0.17,2.27,1.73,-0.2,10.18,8.34,,
2020/11/09,157,SEF,63.32,9.88,10.12,9.88,10.12,10.12,0.0,0.0,10.03,"271,755.00",9.93,"2,727,026.20",79,0.19,0.24,1.91,2.43,0.84,10.18,8.34,,
2020/11/10,159,SEF,59.7,9.92,10.1,9.92,10.0,10.00,0.0,0.0,10.01,"86,660.00",10.12,"867,311.00",32,-0.12,0.18,-1.19,1.81,-0.08,10.18,8.34,,
2020/11/11,158,SEF,71.03,10.0,10.71,9.97,10.71,10.71,0.0,0.0,10.23,"906,040.00",10.00,"9,265,085.30",107,0.71,0.74,7.1,7.42,4.52,10.71,8.34,,
2020/11/12,159,SEF,72.33,10.51,10.53,10.17,10.4,10.40,0.0,0.0,10.37,"626,000.00",10.71,"6,489,739.10",70,-0.31,0.36,-2.89,3.54,0.32,10.71,8.34,,
2020/11/18,157,SEF,62.56,10.35,10.9,10.35,10.59,10.59,0.0,0.0,10.77,"266,367.00",10.40,"2,868,979.53",52,0.19,0.55,1.83,5.31,-1.71,10.90,8.34,,
2020/11/19,160,SEF,66.81,10.65,10.75,10.55,10.65,10.65,0.0,0.0,10.66,"293,258.00",10.59,"3,127,154.90",69,0.06,0.20,0.57,1.9,-0.13,10.90,8.34,,
2020/11/22,162,SEF,56.07,10.44,10.7,10.3,10.45,10.45,0.0,0.0,10.40,"619,200.00",10.65,"6,440,900.00",64,-0.20,0.40,-1.88,3.88,0.46,10.90,8.34,,
2020/11/23,160,SEF,53.8,10.3,10.5,10.13,10.17,10.17,0.0,0.0,10.21,"501,600.00",10.45,"5,118,863.50",70,-0.28,0.37,-2.68,3.65,-0.34,10.90,8.34,,
2020/11/24,159,SEF,51.62,10.1,10.37,10.07,10.2,10.20,0.0,0.0,10.21,"166,048.00",10.17,"1,695,456.60",38,0.03,0.3,0.29,2.98,-0.1,10.90,8.34,,
2020/11/25,160,SEF,52.06,10.2,10.4,10.1,10.4,10.40,0.0,0.0,10.25,"241,500.00",10.20,"2,475,502.00",72,0.20,0.30,1.96,2.97,1.44,10.90,8.34,,
2020/11/26,163,SEF,56.64,10.3,10.5,10.2,10.4,10.40,0.0,0.0,10.39,"215,900.00",10.40,"2,243,994.80",67,0.0,0.30,0.0,2.94,0.06,10.90,8.34,,
2020/11/29,163,SEF,64.45,10.3,10.59,10.21,10.5,10.50,0.0,0.0,10.42,"675,900.00",10.40,"7,044,938.50",104,0.1,0.38,0.96,3.72,0.73,10.90,8.34,,
2020/11/30,160,SEF,61.5,10.41,10.5,10.21,10.25,10.25,0.0,0.0,10.28,"1,347,322.00",10.50,"13,850,087.26",98,-0.25,0.29,-2.38,2.84,-0.29,10.90,8.34,,
2020/12/01,160,SEF,50.88,10.3,10.35,10.05,10.17,10.17,0.0,0.0,10.19,"248,948.00",10.25,"2,536,715.82",56,-0.08,0.3,-0.78,2.99,-0.19,10.90,8.34,,
2020/12/02,163,SEF,57.68,10.17,10.48,10.17,10.4,10.40,0.0,0.0,10.29,"266,057.00",10.17,"2,738,440.80",87,0.23,0.31,2.26,3.05,1.03,10.90,8.34,,
2020/10/12,157,SEF,51.43,9.17,9.35,9.17,9.35,9.35,0.0,0.0,9.26,"41,155.00",9.21,"381,026.75",21,0.14,0.18,1.52,1.96,0.98,10.18,8.34,,
2020/10/13,159,SEF,42.83,9.35,9.35,9.12,9.2,9.20,0.0,0.0,9.25,"64,700.00",9.35,"598,305.01",23,-0.15,0.23,-1.6,2.52,-0.51,10.18,8.34,,
2020/10/14,160,SEF,56.75,9.25,9.28,9.18,9.23,9.23,0.0,0.0,9.25,"45,500.00",9.20,"420,826.00",9,0.03,0.1,0.33,1.09,-0.21,10.18,8.34,,
2020/10/15,160,SEF,47.95,9.22,9.28,9.17,9.21,9.21,0.0,0.0,9.22,"60,450.00",9.23,"557,355.50",16,-0.02,0.11,-0.22,1.2,-0.11,10.18,8.34,,
2020/10/18,151,SEF,41.84,9.38,9.39,9.32,9.32,9.32,0.0,0.0,9.37,"38,500.00",9.21,"360,575.00",16,0.11,0.07,1.19,0.75,-0.49,10.18,8.34,,
2020/10/19,156,SEF,47.24,9.18,9.36,9.18,9.24,9.24,0.0,0.0,9.31,"7,500.00",9.32,"69,804.00",6,-0.08,0.18,-0.86,1.96,-0.73,10.18,8.34,,
2020/10/20,159,SEF,55.6,9.25,9.45,9.25,9.45,9.45,0.0,0.0,9.41,"30,200.00",9.24,"284,153.00",15,0.21,0.2,2.27,2.16,0.43,10.18,8.34,,
2020/10/21,159,SEF,54.47,9.63,9.63,9.43,9.43,9.43,0.0,0.0,9.57,"14,600.00",9.45,"139,650.00",8,-0.02,0.2,-0.21,2.12,-1.43,10.18,8.34,,
2020/10/22,153,SEF,47.33,9.3,9.38,9.3,9.38,9.38,0.0,0.0,9.35,"8,000.00",9.43,"74,835.00",5,-0.05,0.08,-0.53,0.86,0.27,10.18,8.34,,
2020/10/25,260,SEF,16.19,9.22,9.29,9.22,9.29,9.29,0.0,0.0,9.22,"20,152.00",9.10,"185,812.08",3,0.19,0.07,2.09,0.76,0.75,11.50,8.72,10.04,9.92
2020/10/28,155,SEF,67.24,9.4,9.7,9.4,9.6,9.60,0.0,0.0,9.62,"251,820.00",9.38,"2,422,689.57",26,0.22,0.3,2.35,3.19,-0.22,10.18,8.34,,
2020/10/29,157,SEF,53.43,9.64,9.64,9.41,9.42,9.42,0.0,0.0,9.57,"73,500.00",9.60,"703,272.01",27,-0.18,0.23,-1.88,2.44,-1.57,10.18,8.34,,
2020/11/01,161,SEF,58.24,9.42,9.6,9.42,9.53,9.53,0.0,0.0,9.55,"72,900.00",9.42,"695,884.00",19,0.11,0.18,1.17,1.91,-0.17,10.18,8.34,,
2020/11/02,160,SEF,60.84,9.55,9.6,9.53,9.55,9.55,0.0,0.0,9.55,"79,300.00",9.53,"757,109.01",35,0.02,0.07,0.21,0.73,0.03,10.18,8.34,,
2020/11/03,161,SEF,63.4,9.6,10.1,9.52,9.8,9.80,0.0,0.0,9.91,"573,840.00",9.55,"5,684,395.31",68,0.25,0.58,2.62,6.09,-1.08,10.18,8.34,,
2020/11/04,164,SEF,62.57,9.8,9.8,9.7,9.72,9.72,0.0,0.0,9.78,"60,700.00",9.80,"593,490.00",28,-0.08,0.1,-0.82,1.03,-0.59,10.18,8.34,,
2020/09/17,155,SEF,69.33,9.85,9.9,9.15,9.17,9.17,0.0,0.0,9.89,"941,600.00",9.66,"9,310,244.65",18,-0.49,0.75,-5.07,8.2,-7.83,10.18,8.34,,
2020/09/20,153,SEF,60.72,9.18,9.2,9.18,9.2,9.20,0.0,0.0,9.19,"32,510.00",9.17,"298,867.00",15,0.03,0.02,0.33,0.22,0.08,10.18,8.34,,
2020/09/21,160,SEF,51.45,9.06,9.24,9.03,9.03,9.03,0.0,0.0,9.10,"115,400.00",9.20,"1,050,084.00",36,-0.17,0.21,-1.85,2.33,-0.77,10.18,8.34,,
2020/09/22,260,SEF,16.19,9.22,9.29,9.22,9.29,9.29,0.0,0.0,9.22,"20,152.00",9.10,"185,812.08",3,0.19,0.07,2.09,0.76,0.75,11.50,8.72,10.04,9.92
2020/09/23,260,SEF,16.19,9.22,9.29,9.22,9.29,9.29,0.0,0.0,9.22,"20,152.00",9.10,"185,812.08",3,0.19,0.07,2.09,0.76,0.75,11.50,8.72,10.04,9.92
2020/09/24,157,SEF,44.25,9.0,9.1,8.98,9.1,9.10,0.0,0.0,9.05,"49,000.00",9.06,"443,275.00",18,0.04,0.12,0.44,1.34,0.59,10.18,8.34,,
2020/09/27,156,SEF,41.56,8.92,9.0,8.92,9.0,9.00,0.0,0.0,9.00,"32,950.00",9.10,"296,518.00",7,-0.10,0.08,-1.1,0.9,0.01,10.18,8.34,,
2020/09/28,156,SEF,53.95,8.95,9.33,8.95,9.19,9.19,0.0,0.0,9.09,"55,800.00",9.00,"507,205.00",37,0.19,0.38,2.11,4.25,1.09,10.18,8.34,,
2020/09/29,157,SEF,40.42,9.2,9.2,9.04,9.06,9.06,0.0,0.0,9.09,"3,000.00",9.19,"27,270.00",5,-0.13,0.16,-1.41,1.77,-0.33,10.18,8.34,,
2020/09/30,155,SEF,48.18,9.1,9.12,9.0,9.12,9.12,0.0,0.0,9.08,"20,000.00",9.06,"181,650.00",5,0.06,0.12,0.66,1.33,0.41,10.18,8.34,,
2020/10/01,157,SEF,62.15,9.02,9.3,9.02,9.17,9.17,0.0,0.0,9.25,"44,010.00",9.12,"407,036.00",21,0.05,0.28,0.55,3.1,-0.86,10.18,8.34,,
2020/10/04,159,SEF,50.35,9.2,9.21,9.15,9.2,9.20,0.0,0.0,9.18,"39,200.00",9.17,"359,688.00",23,0.03,0.06,0.33,0.66,0.26,10.18,8.34,,
2020/10/05,158,SEF,56.79,9.2,9.3,9.2,9.22,9.22,0.0,0.0,9.25,"29,400.00",9.20,"272,083.00",13,0.02,0.1,0.22,1.09,-0.37,10.18,8.34,,
2020/10/06,160,SEF,63.3,9.14,9.45,9.14,9.22,9.22,0.0,0.0,9.37,"92,000.00",9.22,"862,375.01",20,0.0,0.31,0.0,3.39,-1.67,10.18,8.34,,
2020/10/07,159,SEF,62.73,9.22,9.3,9.15,9.3,9.30,0.0,0.0,9.28,"71,100.00",9.22,"659,985.01",16,0.08,0.15,0.87,1.64,0.19,10.18,8.34,,
2020/10/08,160,SEF,52.7,9.2,9.3,9.2,9.21,9.21,0.0,0.0,9.25,"78,000.00",9.30,"721,315.01",19,-0.09,0.1,-0.97,1.09,-0.41,10.18,8.34,,
2020/08/24,148,SEF,46.1,8.8,8.97,8.8,8.97,8.97,0.0,0.0,8.91,"4,000.00",8.82,"35,625.00",3,0.15,0.17,1.7,1.93,0.71,10.18,8.34,,
2020/08/25,153,SEF,51.83,9.0,9.0,8.93,9.0,9.00,0.0,0.0,9.00,"20,950.00",8.97,"188,466.00",10,0.03,0.07,0.33,0.78,0.04,10.18,8.34,,
2020/08/26,151,SEF,49.51,8.99,8.99,8.77,8.77,8.77,0.0,0.0,8.86,"56,950.00",9.00,"504,340.00",19,-0.23,0.22,-2.56,2.51,-0.98,10.18,8.34,,
2020/08/27,153,SEF,55.25,8.86,8.92,8.85,8.92,8.92,0.0,0.0,8.87,"23,400.00",8.77,"207,530.00",13,0.15,0.07,1.71,0.79,0.57,10.18,8.34,,
2020/08/30,152,SEF,55.50,8.95,8.95,8.76,8.76,8.76,0.0,0.0,8.82,"16,000.00",8.92,"141,130.00",5,-0.16,0.19,-1.79,2.17,-0.69,10.18,8.34,,
2020/08/31,154,SEF,55.45,8.79,9.02,8.79,8.88,8.88,0.0,0.0,8.92,"52,500.00",8.76,"468,340.00",13,0.12,0.23,1.37,2.62,-0.46,10.18,8.34,,
2020/09/02,151,SEF,61.24,8.88,9.1,8.88,9.01,9.01,0.0,0.0,9.01,"49,200.00",8.88,"443,325.00",13,0.13,0.22,1.46,2.48,-0.01,10.18,8.34,,
2020/09/03,151,SEF,59.5,9.1,9.1,9.01,9.05,9.05,0.0,0.0,9.08,"31,400.00",9.01,"285,265.00",13,0.04,0.09,0.44,1.0,-0.39,10.18,8.34,,
2020/09/06,154,SEF,62.79,8.9,9.15,8.9,9.1,9.10,0.0,0.0,9.05,"54,500.00",9.05,"492,980.00",16,0.05,0.25,0.55,2.81,0.6,10.18,8.34,,
2020/09/07,156,SEF,63.24,9.1,9.2,8.95,8.95,8.95,0.0,0.0,9.08,"86,210.00",9.10,"782,541.00",27,-0.15,0.25,-1.65,2.79,-1.42,10.18,8.34,,
2020/09/08,153,SEF,58.83,8.95,9.3,8.95,9.12,9.12,0.0,0.0,9.12,"11,700.00",8.95,"106,714.00",7,0.17,0.35,1.9,3.91,-0.01,10.18,8.34,,
2020/09/09,159,SEF,60.95,9.0,9.1,9.0,9.1,9.10,0.0,0.0,9.07,"31,100.00",9.12,"282,092.00",18,-0.02,0.1,-0.22,1.11,0.32,10.18,8.34,,
2020/09/10,154,SEF,58.49,9.12,9.14,9.06,9.13,9.13,0.0,0.0,9.12,"25,500.00",9.10,"232,670.00",10,0.03,0.08,0.33,0.88,0.06,10.18,8.34,,
2020/09/13,260,SEF,16.19,9.22,9.29,9.22,9.29,9.29,0.0,0.0,9.22,"20,152.00",9.10,"185,812.08",3,0.19,0.07,2.09,0.76,0.75,11.50,8.72,10.04,9.92
2020/09/14,155,SEF,49.92,9.0,9.0,8.83,8.96,8.96,0.0,0.0,8.98,"41,100.00",9.00,"369,274.00",16,-0.04,0.17,-0.44,1.93,-0.28,10.18,8.34,,
2020/09/15,158,SEF,55.11,9.0,9.15,8.91,9.0,9.00,0.0,0.0,9.07,"146,150.00",8.96,"1,326,290.01",18,0.04,0.24,0.45,2.69,-0.83,10.18,8.34,,
2020/07/29,152,SEF,44.56,9.71,9.8,9.6,9.6,9.60,0.0,0.0,9.66,"49,200.00",9.71,"475,250.00",12,0.0,0.2,-1.13,2.08,-0.62,10.30,8.34,,
2020/07/30,153,SEF,51.18,9.6,9.6,9.41,9.53,9.53,0.0,0.0,9.47,"104,400.00",9.60,"988,690.00",17,0.0,0.19,-0.73,2.02,0.63,10.30,8.34,,
2020/08/02,154,SEF,47.88,9.35,9.7,9.35,9.7,9.70,0.0,0.0,9.57,"6,600.00",9.53,"63,140.00",11,0.0,0.35,1.78,3.74,1.37,10.26,8.34,,
2020/08/03,154,SEF,45.99,9.51,9.65,9.51,9.65,9.65,0.0,0.0,9.56,"29,650.00",9.70,"283,424.00",10,0.0,0.14,-0.52,1.47,0.94,10.26,8.34,,
2020/08/05,260,SEF,16.19,9.22,9.29,9.22,9.29,9.29,0.0,0.0,9.22,"20,152.00",9.10,"185,812.08",3,0.19,0.07,2.09,0.76,0.75,11.50,8.72,10.04,9.92
2020/08/06,153,SEF,49.22,9.41,9.47,9.41,9.47,9.47,0.0,0.0,9.44,"17,900.00",9.47,"168,973.00",11,0.0,0.06,0.0,0.64,0.32,10.26,8.34,,
2020/08/09,153,SEF,50.49,9.6,9.93,9.5,9.74,9.74,0.0,0.0,9.71,"185,750.00",9.47,"1,804,242.00",33,0.0,0.43,2.85,4.53,0.27,10.26,8.34,,
2020/08/10,154,SEF,51.8,9.8,9.93,9.68,9.7,9.70,0.0,0.0,9.77,"177,330.00",9.74,"1,732,625.00",36,0.0,0.25,-0.41,2.58,-0.73,10.26,8.34,,
2020/08/11,154,SEF,49.37,9.6,9.7,9.6,9.61,9.61,0.0,0.0,9.62,"55,000.00",9.70,"528,940.00",15,0.0,0.1,-0.93,1.04,-0.07,10.26,8.34,,
2020/08/12,154,SEF,49.77,9.8,10.08,9.69,9.69,9.69,0.0,0.0,9.95,"20,300.00",9.61,"201,917.00",10,0.0,0.39,0.83,4.02,-2.65,10.26,8.34,,
2020/08/13,155,SEF,40.7,9.61,9.7,9.6,9.62,9.62,0.0,0.0,9.67,"59,400.00",9.69,"574,598.00",19,0.0,0.1,-0.72,1.04,-0.55,10.26,8.34,,
2020/08/16,150,SEF,39.39,9.43,9.43,9.23,9.23,9.23,0.0,0.0,9.26,"44,100.00",9.62,"408,298.00",12,0.0,0.2,-4.05,2.17,-0.31,10.18,8.34,,
2020/08/17,149,SEF,39.5,9.05,9.2,8.88,9.2,9.20,0.0,0.0,8.96,"37,700.00",9.23,"337,822.00",16,0.0,0.32,-0.33,3.6,2.6,10.18,8.34,,
2020/08/18,154,SEF,36.1,9.02,9.2,9.02,9.02,9.02,0.0,0.0,9.07,"15,500.00",9.20,"140,520.00",6,0.0,0.18,-1.96,2.0,-0.51,10.18,8.34,,
2020/08/19,152,SEF,36.77,8.85,9.02,8.85,9.0,9.00,0.0,0.0,9.00,"12,900.00",9.02,"116,115.00",8,0.0,0.17,-0.22,1.92,-0.01,10.18,8.34,,
2020/08/20,148,SEF,39.07,9.0,9.0,8.91,8.91,8.91,0.0,0.0,8.97,"1,500.00",9.00,"13,455.00",3,0.0,0.09,-1.0,1.01,-0.67,10.18,8.34,,
2020/07/06,144,SEF,33.24,8.34,8.51,8.34,8.51,8.51,0.0,0.0,8.41,"10,500.00",8.34,"88,310.00",5,0.0,0.17,2.04,2.04,1.17,10.30,8.34,,
2020/07/07,146,SEF,38.45,8.35,8.85,8.35,8.8,8.80,0.0,0.0,8.74,"7,000.00",8.51,"61,210.00",6,0.0,0.5,3.41,5.99,0.63,10.30,8.34,,
2020/07/08,146,SEF,58.6,8.65,8.87,8.65,8.87,8.87,0.0,0.0,8.71,"75,100.00",8.80,"654,137.00",7,0.0,0.22,0.8,2.54,1.8,10.30,8.34,,
2020/07/09,143,SEF,50.13,9.04,9.28,9.04,9.1,9.10,0.0,0.0,9.14,"15,600.00",8.87,"142,644.00",9,0.0,0.24,2.59,2.65,-0.48,10.30,8.34,,
2020/07/12,145,SEF,52.34,9.01,9.12,8.95,9.12,9.12,0.0,0.0,9.08,"19,500.00",9.10,"177,145.00",7,0.0,0.17,0.22,1.9,0.39,10.30,8.34,,
2020/07/13,151,SEF,59.52,9.1,9.48,9.1,9.2,9.20,0.0,0.0,9.28,"87,000.00",9.12,"807,310.00",19,0.0,0.38,0.88,4.18,-0.86,10.30,8.34,,
2020/07/14,151,SEF,54.47,9.38,9.75,9.38,9.41,9.41,0.0,0.0,9.58,"5,700.00",9.20,"54,614.00",7,0.0,0.37,2.28,3.94,-1.82,10.30,8.34,,
2020/07/15,154,SEF,63.08,9.59,10.0,9.36,10.0,10.00,0.0,0.0,9.59,"52,600.00",9.41,"504,616.00",20,1.0,0.64,6.27,6.84,4.07,10.30,8.34,,
2020/07/20,148,SEF,62.16,9.85,10.18,9.85,10.1,10.10,0.0,0.0,10.06,"44,350.00",10.00,"446,278.00",17,0.0,0.33,1.0,3.35,0.37,10.30,8.34,,
2020/07/21,150,SEF,59.13,9.9,10.0,9.9,10.0,10.00,0.0,0.0,9.99,"20,000.00",10.10,"199,750.00",10,0.00,0.1,-0.99,1.01,0.12,10.30,8.34,,
2020/07/23,153,SEF,67.73,10.1,10.1,9.61,10.0,10.00,0.0,0.0,9.94,"115,000.00",10.00,"1,143,242.00",27,0.0,0.49,0.0,5.1,0.59,10.30,8.34,,
2020/07/26,154,SEF,51.02,9.81,9.9,9.81,9.83,9.83,0.0,0.0,9.84,"72,450.00",10.00,"712,818.00",16,0.0,0.09,-1.7,0.92,-0.09,10.30,8.34,,
2020/07/27,151,SEF,44.86,9.64,9.64,9.5,9.56,9.56,0.0,0.0,9.53,"32,000.00",9.83,"304,869.00",17,0.0,0.14,-2.75,1.47,0.34,10.30,8.34,,
2020/03/10,132,SEF,35.5,9.35,9.35,9.2,9.2,9.20,0.0,0.0,9.30,"14,500.00",9.50,"134,900.00",5,0.0,0.15,-3.16,1.63,-1.12,10.30,8.55,,
2020/03/11,147,SEF,40.11,9.1,9.5,9.1,9.5,9.50,0.0,0.0,9.36,"27,090.00",9.20,"253,674.00",10,0.0,0.4,3.26,4.4,1.43,10.30,8.55,,
2020/03/12,150,SEF,37.77,9.33,9.33,9.22,9.23,9.23,0.0,0.0,9.31,"26,500.00",9.50,"246,790.00",10,0.0,0.11,-2.84,1.19,-0.9,10.30,8.55,,
2020/03/15,142,SEF,36.33,9.15,9.2,8.85,9.0,9.00,0.0,0.0,9.02,"26,500.00",9.23,"239,140.00",12,0.0,0.35,-2.49,3.95,-0.27,10.30,8.55,,
2020/03/16,147,SEF,32.46,8.83,8.91,8.83,8.91,8.91,0.0,0.0,8.90,"1,100.00",9.00,"9,793.00",2,0.00,0.08,-1.0,0.91,0.08,10.30,8.55,,
2020/03/17,143,SEF,34.43,9.08,9.15,8.75,8.75,8.75,0.0,0.0,8.94,"57,690.00",8.91,"515,945.00",12,0.00,0.4,-1.8,4.57,-2.21,10.30,8.55,,
2020/03/18,142,SEF,38.68,8.92,9.0,8.92,9.0,9.00,0.0,0.0,8.93,"13,850.00",8.75,"123,722.00",4,0.0,0.08,2.86,0.9,0.74,10.30,8.55,,
2020/03/19,143,SEF,49.94,8.82,9.0,8.82,9.0,9.00,0.0,0.0,8.94,"39,000.00",9.00,"348,470.00",7,0.0,0.18,0.0,2.04,0.72,10.30,8.55,,
2020/06/22,260,SEF,16.19,9.22,9.29,9.22,9.29,9.29,0.0,0.0,9.22,"20,152.00",9.10,"185,812.08",3,0.19,0.07,2.09,0.76,0.75,11.50,8.72,10.04,9.92
2020/06/29,117,SEF,41.88,8.82,8.82,8.5,8.33,8.50,-0.17,-0.02,8.43,"6,200.00",9.00,"52,253.00",6,-1.0,0.32,-5.56,3.76,-1.18,10.30,8.50,,
2020/02/13,139,SEF,55.04,9.22,9.3,9.2,9.3,9.30,0.0,0.0,9.25,"27,600.00",9.30,"255,314.00",9,0.0,0.1,0.0,1.09,0.53,10.30,8.55,,
2020/02/15,260,SEF,16.19,9.22,9.29,9.22,9.29,9.29,0.0,0.0,9.22,"20,152.00",9.10,"185,812.08",3,0.19,0.07,2.09,0.76,0.75,11.50,8.72,10.04,9.92
2020/02/16,142,SEF,52.88,9.25,9.3,9.25,9.3,9.30,0.0,0.0,9.26,"22,100.00",9.30,"204,700.00",8,0.0,0.05,0.0,0.54,0.4,10.30,8.55,,
2020/02/17,142,SEF,67.27,9.35,9.5,9.35,9.5,9.50,0.0,0.0,9.48,"75,500.00",9.30,"715,731.00",14,0.0,0.15,2.15,1.6,0.21,10.30,8.55,,
2020/02/18,147,SEF,68.97,9.51,9.69,9.51,9.69,9.69,0.0,0.0,9.60,"77,500.00",9.50,"744,065.00",18,0.0,0.18,2.0,1.89,0.92,10.30,8.55,,
2020/02/19,144,SEF,68.23,9.5,9.5,9.33,9.45,9.45,0.0,0.0,9.45,"23,300.00",9.69,"220,215.00",7,0.0,0.17,-2.48,1.82,-0.01,10.30,8.55,,
2020/02/20,147,SEF,62.61,9.42,9.62,9.42,9.6,9.60,0.0,0.0,9.52,"6,400.00",9.45,"60,918.00",10,0.0,0.2,1.59,2.12,0.85,10.30,8.55,,
2020/02/23,145,SEF,68.54,9.79,9.9,9.43,9.9,9.90,0.0,0.0,9.82,"51,100.00",9.60,"502,018.00",14,0.0,0.47,3.13,4.98,0.77,10.30,8.55,,
2020/02/24,146,SEF,65.15,9.9,9.9,9.71,9.8,9.80,0.0,0.0,9.80,"58,550.00",9.90,"573,954.00",25,0.0,0.19,-1.01,1.96,-0.03,10.30,8.55,,
2020/02/25,145,SEF,69.73,9.62,9.9,9.62,9.9,9.90,0.0,0.0,9.86,"35,300.00",9.80,"348,089.00",16,0.00,0.28,1.02,2.91,0.4,10.30,8.55,,
2020/02/26,146,SEF,70.87,10.0,10.15,10.0,10.0,10.00,0.0,0.0,10.07,"91,600.00",9.90,"922,346.00",37,0.00,0.15,1.01,1.5,-0.69,10.30,8.55,,
2020/02/27,146,SEF,64.07,10.0,10.0,9.85,9.95,9.95,0.0,0.0,9.93,"131,150.00",10.00,"1,302,573.00",22,0.00,0.15,-0.5,1.52,0.18,10.30,8.55,,
2020/03/01,148,SEF,65.56,9.9,10.09,9.71,9.95,9.95,0.0,0.0,9.91,"129,050.00",9.95,"1,279,237.00",36,0.00,0.38,0.0,3.91,0.37,10.30,8.55,,
2020/03/02,141,SEF,45.14,9.85,9.85,9.57,9.57,9.57,0.0,0.0,9.84,"27,000.00",9.95,"265,565.00",9,0.0,0.28,-3.82,2.93,-2.78,10.30,8.55,,
2020/03/03,146,SEF,48.22,9.4,9.57,9.4,9.57,9.57,0.0,0.0,9.48,"21,200.00",9.57,"200,971.00",14,0.0,0.17,0.0,1.81,0.94,10.30,8.55,,
2020/03/04,142,SEF,48.07,9.43,9.57,9.43,9.49,9.49,0.0,0.0,9.53,"43,700.00",9.57,"416,336.00",13,0.0,0.14,-0.84,1.48,-0.39,10.30,8.55,,
2020/01/21,147,SEF,61.84,9.47,9.67,9.2,9.67,9.67,0.0,0.0,9.40,"172,200.00",9.49,"1,619,168.00",27,0.0,0.47,1.9,5.11,2.76,10.30,8.55,,
2020/01/22,143,SEF,64.19,9.86,10.05,9.8,10.05,10.05,0.0,0.0,9.97,"10,100.00",9.67,"100,720.00",4,0.0,0.25,3.93,2.55,0.77,10.30,8.55,,
2020/01/23,139,SEF,52.21,10.09,10.09,9.32,9.35,9.35,0.0,0.0,9.48,"156,850.00",10.05,"1,487,575.00",34,-1.0,0.77,-6.97,8.26,-1.43,10.30,8.55,,
2020/01/26,140,SEF,44.57,9.26,9.27,9.26,9.27,9.27,0.0,0.0,9.27,"1,200.00",9.35,"11,122.00",3,0.0,0.01,-0.86,0.11,0.02,10.30,8.55,,
2020/01/27,145,SEF,43.64,9.3,9.48,9.3,9.48,9.48,0.0,0.0,9.46,"11,310.00",9.27,"106,980.00",5,0.0,0.18,2.27,1.94,0.22,10.30,8.55,,
2020/01/28,144,SEF,47.42,9.5,9.5,9.3,9.4,9.40,0.0,0.0,9.42,"53,500.00",9.48,"503,795.00",7,0.0,0.2,-0.84,2.15,-0.18,10.30,8.55,,
2020/01/29,142,SEF,49.36,9.45,9.5,9.4,9.4,9.40,0.0,0.0,9.48,"13,500.00",9.40,"128,025.00",3,0.0,0.1,0.0,1.06,-0.89,10.30,8.55,,
2020/01/30,143,SEF,50.64,9.55,9.55,9.55,9.55,9.55,0.0,0.0,9.55,"1,500.00",9.40,"14,325.00",2,0.0,0.0,1.6,0.0,0.0,10.30,8.55,,
2020/02/02,141,SEF,49.1,9.46,9.62,9.46,9.51,9.51,0.0,0.0,9.53,"29,800.00",9.55,"283,981.00",12,0.0,0.16,-0.42,1.69,-0.21,10.30,8.55,,
2020/02/03,142,SEF,49.66,9.52,9.52,9.45,9.45,9.45,0.0,0.0,9.49,"18,000.00",9.51,"170,820.00",11,0.0,0.07,-0.63,0.74,-0.42,10.30,8.55,,
2020/02/04,142,SEF,51.11,9.4,9.42,9.35,9.39,9.39,0.0,0.0,9.40,"83,600.00",9.45,"785,647.00",16,0.0,0.07,-0.63,0.75,-0.08,10.30,8.55,,
2020/02/05,143,SEF,39.4,9.31,9.33,9.31,9.33,9.33,0.0,0.0,9.31,"3,300.00",9.39,"30,729.00",2,0.0,0.02,-0.64,0.21,0.19,10.30,8.55,,
2020/02/06,142,SEF,43.37,9.32,9.36,9.3,9.35,9.35,0.0,0.0,9.33,"23,000.00",9.33,"214,630.00",9,0.0,0.06,0.21,0.65,0.2,10.30,8.55,,
2020/02/09,140,SEF,38.5,9.17,9.35,9.17,9.35,9.35,0.0,0.0,9.33,"5,500.00",9.35,"51,335.00",2,0.0,0.18,0.0,1.96,0.18,10.30,8.55,,
2020/02/10,141,SEF,40.28,9.19,9.35,9.19,9.35,9.35,0.0,0.0,9.25,"8,000.00",9.35,"73,990.00",5,0.0,0.16,0.0,1.74,1.08,10.30,8.55,,
2020/02/11,142,SEF,48.21,9.2,9.33,9.17,9.33,9.33,0.0,0.0,9.19,"10,200.00",9.35,"93,716.00",4,0.0,0.16,-0.21,1.74,1.52,10.30,8.55,,
2019/12/29,148,SEF,49.37,8.61,8.78,8.61,8.7,8.70,0.0,0.0,8.70,"16,500.00",8.75,"143,545.00",5,0.0,0.17,-0.57,1.97,0.0,10.30,8.55,,
2019/12/30,144,SEF,42.72,8.65,8.68,8.65,8.68,8.68,0.0,0.0,8.67,"7,000.00",8.70,"60,700.00",2,0.0,0.03,-0.23,0.35,0.1,10.30,8.55,,
2019/12/31,143,SEF,41.97,8.71,8.85,8.71,8.85,8.85,0.0,0.0,8.80,"15,500.00",8.68,"136,475.00",3,0.0,0.14,1.96,1.61,0.51,10.30,8.55,,
2020/01/01,141,SEF,57.22,8.85,8.95,8.85,8.9,8.90,0.0,0.0,8.93,"13,500.00",8.85,"120,500.00",3,0.0,0.1,0.56,1.13,-0.29,10.30,8.55,,
2020/01/02,139,SEF,57.04,8.9,9.0,8.89,9.0,9.00,0.0,0.0,8.98,"14,100.00",8.90,"126,649.00",7,0.0,0.11,1.12,1.24,0.2,10.30,8.55,,
2020/01/05,137,SEF,54.28,8.82,8.82,8.75,8.75,8.75,0.0,0.0,8.82,"5,200.00",9.00,"45,850.00",2,0.0,0.07,-2.78,0.8,-0.77,10.30,8.55,,
2020/01/06,142,SEF,55.74,8.9,9.03,8.8,9.03,9.03,0.0,0.0,8.98,"6,100.00",8.75,"54,790.00",7,0.0,0.23,3.2,2.61,0.53,10.30,8.55,,
2020/01/07,143,SEF,61.46,9.02,9.21,9.02,9.21,9.21,0.0,0.0,9.17,"22,000.00",9.03,"201,745.00",8,0.0,0.19,1.99,2.11,0.43,10.30,8.55,,
2020/01/08,139,SEF,44.64,9.14,9.14,9.14,9.14,9.14,0.0,0.0,9.14,"2,000.00",9.21,"18,280.00",1,0.0,0.0,-0.76,0.0,0.0,10.30,8.55,,
2020/01/09,142,SEF,60.1,8.97,9.0,8.97,9.0,9.00,0.0,0.0,8.99,"14,900.00",9.14,"133,893.00",5,0.0,0.03,-1.53,0.33,0.15,10.30,8.55,,
2020/01/12,144,SEF,45.33,9.17,9.17,8.99,9.0,9.00,0.0,0.0,9.01,"7,100.00",9.00,"63,980.00",8,0.0,0.18,0.0,2.0,-0.13,10.30,8.55,,
2020/01/13,147,SEF,59.3,9.05,9.3,9.05,9.3,9.30,0.0,0.0,9.19,"65,500.00",9.00,"602,071.00",12,0.0,0.25,3.33,2.76,1.16,10.30,8.55,,
2020/01/14,149,SEF,55.13,9.4,9.4,9.22,9.22,9.22,0.0,0.0,9.30,"17,100.00",9.30,"158,950.00",7,0.0,0.18,-0.86,1.95,-0.82,10.30,8.55,,
2020/01/15,141,SEF,66.66,9.22,9.4,9.22,9.4,9.40,0.0,0.0,9.39,"82,600.00",9.22,"775,535.00",7,0.0,0.18,1.95,1.95,0.12,10.30,8.55,,
2020/01/16,146,SEF,66.8,9.58,9.84,10.0,10.0,10.00,0.0,0.0,9.75,"68,500.00",9.40,"667,628.00",25,1.0,-0.16,6.38,-1.6,2.54,10.30,8.55,,
2020/01/19,143,SEF,72.68,10.1,9.92,10.0,10.05,10.05,0.0,0.0,10.03,"61,600.00",10.00,"617,790.00",20,0.0,-0.08,0.5,-0.8,0.21,10.30,8.55,,
2019/12/04,136,SEF,42.45,8.65,8.89,8.65,8.89,8.89,0.0,0.0,8.82,"18,100.00",8.82,"159,706.00",7,0.0,0.24,0.79,2.77,0.75,10.30,8.63,,
2019/12/05,135,SEF,42.38,8.9,8.95,8.9,8.95,8.95,0.0,0.0,8.92,"4,930.00",8.89,"43,967.00",2,0.0,0.05,0.67,0.56,0.35,10.30,8.63,,
2019/12/08,138,SEF,49.34,8.95,8.95,8.95,8.95,8.95,0.0,0.0,8.95,"5,000.00",8.95,"44,750.00",1,0.0,0.0,0.0,0.0,0.0,10.30,8.63,,
2019/12/09,140,SEF,45.48,8.8,8.8,8.78,8.78,8.78,0.0,0.0,8.79,"7,500.00",8.95,"65,950.00",4,0.0,0.02,-1.9,0.23,-0.15,10.30,8.63,,
2019/12/10,137,SEF,33.53,8.64,8.64,8.64,8.64,8.64,0.0,0.0,8.64,"2,000.00",8.78,"17,280.00",2,0.0,0.0,-1.59,0.0,0.0,10.30,8.63,,
2019/12/11,139,SEF,40.35,8.75,8.92,8.75,8.9,8.90,0.0,0.0,8.83,"11,400.00",8.64,"100,605.00",5,0.0,0.17,3.01,1.94,0.84,10.30,8.63,,
2019/12/12,133,SEF,41.88,8.75,8.81,8.75,8.81,8.81,0.0,0.0,8.76,"10,000.00",8.90,"87,620.00",2,0.0,0.06,-1.01,0.69,0.54,10.30,8.63,,
2019/12/15,136,SEF,49.89,8.75,8.8,8.75,8.8,8.80,0.0,0.0,8.78,"3,500.00",8.81,"30,720.00",4,0.0,0.05,-0.11,0.57,0.26,10.30,8.63,,
2019/12/17,134,SEF,53.34,8.79,8.95,8.78,8.78,8.78,0.0,0.0,8.80,"6,100.00",8.80,"53,680.00",7,0.0,0.17,-0.23,1.94,-0.23,10.30,8.63,,
2019/12/18,133,SEF,37.71,8.62,8.77,8.62,8.77,8.77,0.0,0.0,8.73,"7,300.00",8.78,"63,718.00",4,0.0,0.15,-0.11,1.74,0.47,10.30,8.62,,
2019/12/19,140,SEF,41.95,8.75,8.94,8.75,8.8,8.80,0.0,0.0,8.85,"9,700.00",8.77,"85,865.00",7,0.0,0.19,0.34,2.17,-0.59,10.30,8.62,,
2019/12/22,135,SEF,42.13,8.7,8.7,8.55,8.7,8.70,0.0,0.0,8.66,"19,500.00",8.80,"168,900.00",6,0.0,0.15,-1.14,1.75,0.44,10.30,8.55,,
2019/12/23,141,SEF,34.72,8.74,8.74,8.74,8.74,8.74,0.0,0.0,8.74,"2,000.00",8.70,"17,480.00",1,0.00,0.0,0.46,0.0,0.0,10.30,8.55,,
2019/12/24,138,SEF,57.93,8.8,8.91,8.8,8.91,8.91,0.0,0.0,8.89,"18,200.00",8.74,"161,820.00",8,0.0,0.11,1.95,1.25,0.21,10.30,8.55,,
2019/12/25,142,SEF,53.3,8.91,8.93,8.91,8.92,8.92,0.0,0.0,8.92,"11,500.00",8.91,"102,620.00",4,0.0,0.02,0.11,0.22,-0.04,10.30,8.55,,
2019/11/11,143,SEF,48.01,8.76,8.76,8.76,8.76,8.76,0.0,0.0,8.76,"2,000.00",8.82,"17,520.00",2,0.0,0.0,-0.68,0.0,0.0,10.30,8.63,,
2019/11/12,132,SEF,31.25,8.71,8.73,8.71,8.73,8.73,0.0,0.0,8.71,"3,200.00",8.76,"27,887.00",5,0.0,0.02,-0.34,0.23,0.18,10.30,8.63,,
2019/11/13,123,SEF,29.8,8.89,8.94,8.89,8.94,8.94,0.0,0.0,8.90,"1,300.00",8.73,"11,564.00",3,0.0,0.05,2.41,0.56,0.5,10.30,8.63,,
2019/11/17,128,SEF,33.86,8.85,8.85,8.85,8.85,8.85,0.0,0.0,8.85,200.00,8.94,"1,770.00",1,0.0,0.0,-1.01,0.0,0.0,10.30,8.63,,
2019/11/18,126,SEF,41.5,8.85,8.85,8.7,8.7,8.70,0.0,0.0,8.83,"4,500.00",8.85,"39,750.00",2,0.0,0.15,-1.69,1.72,-1.53,10.30,8.63,,
2019/11/19,134,SEF,46.79,8.8,8.8,8.73,8.73,8.73,0.0,0.0,8.80,"5,200.00",8.70,"45,746.00",2,0.0,0.07,0.34,0.8,-0.77,10.30,8.63,,
2019/11/20,260,SEF,16.19,9.22,9.29,9.22,9.29,9.29,0.0,0.0,9.22,"20,152.00",9.10,"185,812.08",3,0.19,0.07,2.09,0.76,0.75,11.50,8.72,10.04,9.92
2019/11/21,134,SEF,40.85,8.75,8.75,8.75,8.75,8.75,0.0,0.0,8.75,"10,000.00",8.85,"87,500.00",1,0.0,0.0,-1.13,0.0,0.0,10.30,8.63,,
2019/11/24,131,SEF,51.95,8.7,8.7,8.69,8.7,8.70,0.0,0.0,8.70,"29,700.00",8.75,"258,290.00",4,0.0,0.01,-0.57,0.12,0.04,10.30,8.63,,
2019/11/25,135,SEF,51.82,8.66,8.71,8.66,8.71,8.71,0.0,0.0,8.67,"2,750.00",8.70,"23,852.00",3,0.0,0.05,0.11,0.58,0.42,10.30,8.63,,
2019/11/27,134,SEF,33.54,8.76,8.76,8.75,8.75,8.75,0.0,0.0,8.75,"1,600.00",8.71,"14,002.00",3,0.0,0.01,0.46,0.11,-0.01,10.30,8.63,,
2019/11/28,132,SEF,50.77,8.72,8.89,8.72,8.89,8.89,0.0,0.0,8.74,"10,500.00",8.75,"91,730.00",4,0.0,0.17,1.6,1.95,1.73,10.30,8.63,,
2019/12/01,129,SEF,37.66,8.9,8.9,8.9,8.9,8.90,0.0,0.0,8.90,"5,000.00",8.89,"44,500.00",2,0.0,0.0,0.11,0.0,0.0,10.30,8.63,,
2019/12/02,131,SEF,49.57,9.0,9.0,8.82,8.82,8.82,0.0,0.0,8.83,"10,550.00",8.90,"93,150.00",3,0.0,0.18,-0.9,2.04,-0.11,10.30,8.63,,
2019/10/14,124,SEF,43.96,8.85,9.02,8.85,9.02,9.02,0.0,0.0,8.95,"1,700.00",9.00,"15,215.00",4,0.0,0.17,0.22,1.92,0.78,10.30,8.63,,
2019/10/15,122,SEF,42.32,9.0,9.0,9.0,9.0,9.00,0.0,0.0,9.00,"5,000.00",9.02,"45,000.00",1,0.0,0.0,-0.22,0.0,0.0,10.30,8.63,,
2019/10/16,125,SEF,52.53,8.82,8.99,8.82,8.99,8.99,0.0,0.0,8.99,"27,500.00",9.00,"247,140.00",5,0.0,0.17,-0.11,1.93,0.03,10.30,8.63,,
2019/10/17,126,SEF,32.1,8.99,9.07,8.89,8.89,8.89,0.0,0.0,8.94,"6,500.00",8.99,"58,125.00",4,0.0,0.18,-1.11,2.02,-0.59,10.30,8.63,,
2019/10/20,105,SEF,26.94,8.76,8.76,8.76,8.76,8.76,0.0,0.0,8.76,"1,000.00",8.89,"8,760.00",1,0.0,0.0,-1.46,0.0,0.0,10.30,8.63,,
2019/10/21,117,SEF,35.97,8.9,8.9,8.9,8.9,8.90,0.0,0.0,8.90,"2,000.00",8.76,"17,800.00",1,0.0,0.0,1.6,0.0,0.0,10.30,8.63,,
2019/10/31,127,SEF,56.57,8.9,8.95,8.9,8.92,8.92,0.0,0.0,8.92,"20,000.00",8.90,"178,360.00",7,0.0,0.05,0.22,0.56,0.02,10.30,8.63,,
2019/11/03,132,SEF,47.41,8.9,9.0,8.9,9.0,9.00,0.0,0.0,8.93,"3,700.00",8.92,"33,030.00",6,0.0,0.1,0.9,1.12,0.81,10.30,8.63,,
2019/11/04,133,SEF,58.03,8.83,9.0,8.83,8.86,8.86,0.0,0.0,8.87,"52,100.00",9.00,"462,326.00",5,0.0,0.17,-1.56,1.93,-0.16,10.30,8.63,,
2019/11/05,130,SEF,33.63,8.73,8.75,8.73,8.75,8.75,0.0,0.0,8.74,"1,000.00",8.86,"8,740.00",2,0.0,0.02,-1.24,0.23,0.11,10.30,8.63,,
2019/11/06,131,SEF,38.93,8.79,8.79,8.79,8.79,8.79,0.0,0.0,8.79,500.00,8.75,"4,395.00",1,0.0,0.0,0.46,0.0,0.0,10.30,8.63,,
2019/11/07,130,SEF,31.16,8.78,8.96,8.78,8.96,8.96,0.0,0.0,8.89,"1,600.00",8.79,"14,223.00",8,0.0,0.18,1.93,2.05,0.79,10.30,8.63,,
2019/09/15,131,SEF,43.8,8.9,8.99,8.82,8.9,8.90,0.0,0.0,8.91,"41,500.00",9.00,"369,920.00",9,0.0,0.17,-1.11,1.93,-0.15,10.30,8.63,,
2019/09/16,137,SEF,39.67,8.77,8.94,8.77,8.94,8.94,0.0,0.0,8.93,"8,020.00",8.90,"71,590.00",3,0.0,0.17,0.45,1.94,0.15,10.30,8.63,,
2019/09/17,139,SEF,32.82,8.86,9.03,8.86,8.89,8.89,0.0,0.0,9.00,"8,200.00",8.94,"73,809.00",5,0.0,0.17,-0.56,1.92,-1.25,10.30,8.63,,
2019/09/18,137,SEF,44.85,8.84,9.12,8.84,9.12,9.12,0.0,0.0,9.10,"21,500.00",8.89,"195,570.00",8,0.0,0.28,2.59,3.17,0.26,10.30,8.63,,
2019/09/22,135,SEF,47.58,8.95,8.95,8.78,8.95,8.95,0.0,0.0,8.86,"35,500.00",9.12,"314,401.00",7,0.0,0.17,-1.86,1.94,1.05,10.30,8.63,,
2019/09/23,137,SEF,29.18,8.78,8.81,8.78,8.81,8.81,0.0,0.0,8.79,"6,600.00",8.95,"58,005.00",2,0.0,0.03,-1.56,0.34,0.24,10.30,8.63,,
2019/09/24,140,SEF,26.88,8.81,8.81,8.81,8.81,8.81,0.0,0.0,8.81,"1,000.00",8.81,"8,810.00",1,0.0,0.0,0.0,0.0,0.0,10.30,8.63,,
2019/09/25,133,SEF,30.39,8.81,8.81,8.81,8.81,8.81,0.0,0.0,8.81,"3,300.00",8.81,"29,073.00",1,0.0,0.0,0.0,0.0,0.0,10.30,8.63,,
2019/09/26,134,SEF,32.98,8.7,8.92,8.7,8.8,8.80,0.0,0.0,8.73,"13,700.00",8.81,"119,595.00",5,0.0,0.22,-0.11,2.53,0.8,10.30,8.63,,
2019/09/29,126,SEF,33.82,8.63,8.66,8.63,8.66,8.66,0.0,0.0,8.64,"8,000.00",8.80,"69,130.00",2,0.0,0.03,-1.59,0.35,0.22,10.30,8.63,,
2019/09/30,126,SEF,36.97,8.83,8.83,8.83,8.83,8.83,0.0,0.0,8.83,"3,000.00",8.66,"26,490.00",1,0.0,0.0,1.96,0.0,0.0,10.30,8.63,,
2019/10/01,132,SEF,45.36,8.86,8.9,8.86,8.9,8.90,0.0,0.0,8.89,"4,000.00",8.83,"35,570.00",3,0.0,0.04,0.79,0.45,0.08,10.30,8.63,,
2019/10/03,123,SEF,42.77,9.0,9.0,9.0,9.0,9.00,0.0,0.0,9.00,"1,000.00",8.90,"9,000.00",1,0.00,0.00,1.12,0.0,0.0,10.30,8.63,,
2019/11/10,133,SEF,35.91,8.81,8.82,8.81,8.82,8.82,0.0,0.0,8.81,"11,500.00",8.96,"101,330.00",5,0.0,0.01,-1.56,0.11,0.1,10.30,8.63,,
2019/12/03,137,SEF,43.8,8.82,8.82,8.82,8.82,8.82,0.0,0.0,8.82,500.00,8.82,"4,410.00",1,0.0,0.0,0.0,0.0,0.0,10.30,8.63,,
2019/12/26,140,SEF,43.2,8.8,8.8,8.75,8.75,8.75,0.0,0.0,8.77,"2,500.00",8.92,"21,925.00",2,0.00,0.05,-1.91,0.57,-0.23,10.30,8.55,,
2020/01/20,147,SEF,63.83,9.85,9.98,9.49,9.49,9.49,0.0,0.0,9.61,"155,000.00",10.05,"1,489,930.00",21,-1.0,0.49,-5.57,5.16,-1.29,10.30,8.55,,
2020/02/12,139,SEF,51.05,9.3,9.32,9.24,9.3,9.30,0.0,0.0,9.30,"65,500.00",9.33,"609,242.00",9,0.0,0.08,-0.32,0.87,-0.02,10.30,8.55,,
2020/03/05,146,SEF,46.08,9.6,9.64,9.36,9.5,9.50,0.0,0.0,9.59,"33,000.00",9.49,"316,465.00",6,0.0,0.28,0.11,2.99,-0.95,10.30,8.55,,
2020/07/05,140,SEF,33.26,8.45,8.49,8.34,8.34,8.34,0.0,0.0,8.44,"11,500.00",8.33,"97,095.00",6,0.0,0.15,0.12,1.8,-1.24,10.30,8.34,,
2020/07/28,149,SEF,47.09,9.6,9.84,9.6,9.71,9.71,0.0,0.0,9.64,"61,500.00",9.56,"592,705.00",29,0.0,0.24,1.57,2.5,0.75,10.30,8.34,,
2020/08/23,150,SEF,37.76,8.82,8.82,8.82,8.82,8.82,0.0,0.0,8.82,250.00,8.91,"2,205.00",1,-0.09,0.0,-1.01,0.0,0.0,10.18,8.34,,
2020/09/16,160,SEF,68.26,9.0,9.66,8.95,9.66,9.66,0.0,0.0,9.12,"189,520.00",9.00,"1,728,852.50",31,0.66,0.71,7.33,7.93,5.57,10.18,8.34,,
2020/10/11,159,SEF,49.03,9.16,9.4,9.16,9.21,9.21,0.0,0.0,9.38,"88,500.00",9.21,"829,754.00",41,0.0,0.24,0.0,2.62,-1.8,10.18,8.34,,
2020/11/05,162,SEF,59.67,9.7,9.8,9.68,9.71,9.71,0.0,0.0,9.76,"68,410.00",9.72,"667,473.10",23,-0.01,0.12,-0.1,1.24,-0.48,10.18,8.34,,
2020/12/03,163,SEF,49.64,10.5,10.6,10.23,10.25,10.25,0.0,0.0,10.33,"112,700.00",10.40,"1,163,728.00",58,-0.15,0.37,-1.44,3.62,-0.74,10.90,8.34,,
2020/12/27,166,SEF,64.48,10.13,10.5,10.12,10.4,10.40,0.0,0.0,10.45,"403,900.00",10.30,"4,221,859.00",55,0.1,0.38,0.97,3.75,-0.51,10.90,8.34,,
2021/01/20,169,SEF,56.52,10.86,10.95,10.85,10.91,10.91,0.0,0.0,10.90,"72,100.00",10.92,"785,860.00",17,-0.01,0.1,-0.09,0.92,0.1,11.16,8.34,,
2019/08/20,134,SEF,35.23,8.87,8.87,8.75,8.87,8.87,0.0,0.0,8.86,"24,800.00",8.70,"219,746.00",6,0.0,0.12,1.95,1.37,0.1,10.30,8.63,,
2019/08/22,139,SEF,33.86,9.0,9.04,9.0,9.04,9.04,0.0,0.0,9.01,"17,000.00",8.87,"153,200.00",4,0.0,0.04,1.92,0.44,0.31,10.30,8.63,,
2019/08/25,260,SEF,16.19,9.22,9.29,9.22,9.29,9.29,0.0,0.0,9.22,"20,152.00",9.10,"185,812.08",3,0.19,0.07,2.09,0.76,0.75,11.50,8.72,10.04,9.92
2019/08/26,135,SEF,49.2,8.82,8.82,8.77,8.8,8.80,0.0,0.0,8.79,"19,700.00",8.82,"173,094.00",3,0.0,0.05,-0.23,0.57,0.15,10.30,8.63,,
2019/08/27,135,SEF,46.04,8.67,8.83,8.67,8.83,8.83,0.0,0.0,8.83,"15,100.00",8.80,"133,317.00",3,0.0,0.16,0.34,1.85,0.01,10.30,8.63,,
2019/08/28,137,SEF,47.72,9.0,9.0,8.98,8.99,8.99,0.0,0.0,8.99,"40,100.00",8.83,"360,300.00",3,0.0,0.02,1.81,0.22,0.06,10.30,8.63,,
2019/08/29,137,SEF,44.12,8.9,8.9,8.77,8.77,8.77,0.0,0.0,8.84,"10,000.00",8.99,"88,350.00",2,0.0,0.13,-2.45,1.48,-0.74,10.30,8.63,,
2019/09/01,136,SEF,49.12,8.75,8.92,8.75,8.92,8.92,0.0,0.0,8.91,"30,200.00",8.77,"269,121.00",5,0.0,0.17,1.71,1.94,0.1,10.30,8.63,,
2019/09/02,138,SEF,43.45,8.89,8.95,8.89,8.9,8.90,0.0,0.0,8.91,"10,600.00",8.92,"94,464.00",10,0.0,0.06,-0.22,0.67,-0.13,10.30,8.63,,
2019/09/03,139,SEF,48.28,9.06,9.06,9.06,9.06,9.06,0.0,0.0,9.06,"14,300.00",8.90,"129,558.00",1,0.0,0.0,1.8,0.0,0.0,10.30,8.63,,
2019/09/04,137,SEF,50.48,8.9,9.0,8.9,9.0,9.00,0.0,0.0,8.96,"16,500.00",9.06,"147,850.00",4,0.0,0.1,-0.66,1.12,0.44,10.30,8.63,,
2019/09/05,136,SEF,43.59,8.95,8.95,8.91,8.95,8.95,0.0,0.0,8.95,"12,000.00",9.00,"107,360.00",5,0.0,0.04,-0.56,0.45,0.04,10.30,8.63,,
2019/09/08,134,SEF,41.77,8.78,8.95,8.78,8.9,8.90,0.0,0.0,8.89,"12,000.00",8.95,"106,735.00",11,0.0,0.17,-0.56,1.94,0.06,10.30,8.63,,
2019/09/09,141,SEF,37.19,8.73,8.9,8.73,8.9,8.90,0.0,0.0,8.89,"6,200.00",8.90,"55,146.00",2,0.0,0.17,0.0,1.95,0.06,10.30,8.63,,
2019/09/10,140,SEF,38.41,8.9,8.9,8.9,8.9,8.90,0.0,0.0,8.90,"2,000.00",8.90,"17,800.00",1,0.0,0.0,0.0,0.0,0.0,10.30,8.63,,
2019/07/28,138,SEF,49.94,10.2,10.25,10.05,10.14,10.14,0.0,0.0,10.17,"13,710.00",10.20,"139,472.00",6,0.0,0.2,-0.59,1.99,-0.33,10.29,8.63,,
2019/07/29,134,SEF,36.83,10.06,10.1,10.06,10.1,10.10,0.0,0.0,10.10,"11,250.00",10.14,"113,585.00",4,0.0,0.04,-0.39,0.4,0.04,10.29,8.63,,
2019/07/30,141,SEF,33.11,10.01,10.02,10.01,10.02,10.02,0.0,0.0,10.01,"3,500.00",10.10,"35,040.00",4,0.0,0.01,-0.79,0.1,0.09,10.29,8.63,,
2019/07/31,136,SEF,42.37,10.1,10.2,10.01,10.2,10.20,0.0,0.0,10.12,"7,800.00",10.02,"78,973.00",8,0.0,0.19,1.8,1.9,0.74,10.29,8.63,,
2019/08/01,137,SEF,40.94,10.3,10.3,10.05,10.05,10.05,0.0,0.0,10.14,"29,700.00",10.20,"301,305.00",13,0.0,0.25,-1.47,2.49,-0.94,10.30,8.63,,
2019/08/04,138,SEF,38.79,10.11,10.11,9.87,9.9,9.90,0.0,0.0,9.98,"29,000.00",10.05,"289,335.00",14,0.0,0.24,-1.49,2.43,-0.78,10.30,8.63,,
2019/08/05,137,SEF,39.36,9.91,10.09,9.91,10.05,10.05,0.0,0.0,10.05,"10,600.00",9.90,"106,527.00",6,0.0,0.18,1.52,1.82,0.0,10.30,8.63,,
2019/08/06,136,SEF,30.35,10.0,10.0,10.0,10.0,10.00,0.0,0.0,10.00,"1,000.00",10.05,"10,000.00",1,0.0,0.0,-0.5,0.0,0.0,10.30,8.63,,
2019/08/07,139,SEF,51.02,10.0,10.2,10.0,10.19,10.19,0.0,0.0,10.04,"34,950.00",10.00,"350,920.00",10,0.0,0.2,1.9,2.0,1.47,10.30,8.63,,
2019/08/08,135,SEF,49.77,10.03,10.1,10.03,10.1,10.10,0.0,0.0,10.05,"11,200.00",10.19,"112,540.00",8,0.0,0.07,-0.88,0.7,0.51,10.30,8.63,,
2019/08/11,134,SEF,41.42,10.0,10.11,10.0,10.1,10.10,0.0,0.0,10.09,"10,600.00",10.10,"107,005.00",8,0.0,0.11,0.0,1.1,0.05,10.30,8.63,,
2019/08/12,140,SEF,49.0,10.04,10.07,10.02,10.07,10.07,0.0,0.0,10.04,"62,000.00",10.10,"622,215.00",10,0.0,0.05,-0.3,0.5,0.34,10.30,8.63,,
2019/08/13,134,SEF,31.96,10.26,10.26,10.06,10.06,10.06,0.0,0.0,10.07,"3,100.00",10.07,"31,216.00",3,0.0,0.2,-0.1,1.99,-0.1,10.30,8.63,,
2019/08/14,139,SEF,33.0,10.05,10.05,9.87,10.0,10.00,0.0,0.0,9.98,"9,700.00",10.06,"96,825.00",7,0.0,0.18,-0.6,1.82,0.18,10.30,8.63,,
2019/08/18,129,SEF,33.26,8.9,9.07,8.8,8.8,8.80,0.0,0.0,8.91,"12,000.00",10.00,"106,915.00",7,-1.0,0.27,-12.0,3.07,-1.25,10.30,8.63,,
2019/07/03,140,SEF,51.57,9.65,9.65,9.62,9.62,9.62,0.0,0.0,9.65,"21,500.00",9.64,"207,430.00",2,0.0,0.03,-0.21,0.31,-0.29,10.07,8.63,,
2019/07/04,142,SEF,42.01,9.65,9.81,9.65,9.81,9.81,0.0,0.0,9.73,"4,300.00",9.62,"41,847.00",3,0.0,0.16,1.98,1.66,0.8,10.07,8.63,,
2019/07/07,139,SEF,34.86,9.65,9.65,9.65,9.65,9.65,0.0,0.0,9.65,"4,300.00",9.81,"41,495.00",5,0.0,0.0,-1.63,0.0,0.0,10.07,8.63,,
2019/07/08,139,SEF,53.21,9.47,9.7,9.47,9.7,9.70,0.0,0.0,9.64,"37,390.00",9.65,"360,434.00",13,0.0,0.23,0.52,2.43,0.62,10.07,8.63,,
2019/07/09,134,SEF,48.64,9.8,9.8,9.61,9.7,9.70,0.0,0.0,9.65,"4,100.00",9.70,"39,580.00",5,0.0,0.19,0.0,1.98,0.48,10.07,8.63,,
2019/07/10,137,SEF,39.45,9.56,9.8,9.56,9.8,9.80,0.0,0.0,9.68,"13,000.00",9.70,"125,862.00",9,0.0,0.24,1.03,2.51,1.21,10.07,8.63,,
2019/07/11,139,SEF,49.27,9.75,9.8,9.75,9.8,9.80,0.0,0.0,9.80,"7,400.00",9.80,"72,495.00",6,0.0,0.05,0.0,0.51,0.03,10.07,8.63,,
2019/07/15,138,SEF,53.52,9.8,9.85,9.8,9.82,9.82,0.0,0.0,9.81,"60,800.00",9.80,"596,286.00",15,0.0,0.05,0.2,0.51,0.13,10.07,8.63,,
2019/07/16,131,SEF,54.8,10.01,10.09,9.81,10.09,10.09,0.0,0.0,9.94,"21,000.00",9.82,"208,690.00",11,0.0,0.28,2.75,2.85,1.51,10.09,8.63,,
2019/07/17,131,SEF,33.96,9.89,9.89,9.75,9.75,9.75,0.0,0.0,9.78,"4,300.00",10.09,"42,065.00",2,0.0,0.14,-3.37,1.44,-0.33,10.09,8.63,,
2019/07/18,128,SEF,45.94,9.75,9.93,9.75,9.93,9.93,0.0,0.0,9.84,"10,000.00",9.75,"98,400.00",3,0.0,0.18,1.85,1.85,0.91,10.09,8.63,,
2019/07/21,132,SEF,42.08,9.95,9.95,9.95,9.95,9.95,0.0,0.0,9.95,400.00,9.93,"3,980.00",1,0.0,0.0,0.2,0.0,0.0,10.09,8.63,,
2019/07/22,136,SEF,35.08,9.82,9.82,9.8,9.8,9.80,0.0,0.0,9.81,"7,600.00",9.95,"74,580.00",5,0.0,0.02,-1.51,0.2,-0.13,10.09,8.63,,
2019/07/23,137,SEF,60.06,9.99,10.29,9.99,10.25,10.25,0.0,0.0,10.23,"113,500.00",9.80,"1,161,631.00",37,0.0,0.3,4.59,3.0,0.15,10.29,8.63,,
2019/07/24,138,SEF,51.78,10.2,10.2,10.1,10.2,10.20,0.0,0.0,10.14,"14,700.00",10.25,"149,090.00",7,0.0,0.1,-0.49,0.99,0.57,10.29,8.63,,
2019/06/10,140,SEF,-,9.5,9.85,9.5,9.85,9.85,0.0,0.0,9.83,"28,700.00",9.68,"282,188.00",4,0.0,0.35,1.76,3.68,0.18,10.07,8.63,,
2019/06/11,142,SEF,-,9.9,9.9,9.71,9.71,9.71,0.0,0.0,9.71,"10,100.00",9.85,"98,090.00",3,0.0,0.19,-1.42,1.96,-0.02,10.07,8.63,,
2019/06/12,142,SEF,-,9.9,9.9,9.52,9.71,9.71,0.0,0.0,9.63,"33,400.00",9.71,"321,745.00",7,0.0,0.38,0.0,3.99,0.79,10.07,8.63,,
2019/06/16,141,SEF,-,9.52,9.6,9.52,9.57,9.57,0.0,0.0,9.58,"12,700.00",9.71,"121,694.00",8,0.0,0.08,-1.44,0.84,-0.13,10.07,8.63,,
2019/06/17,140,SEF,-,9.52,9.59,9.52,9.59,9.59,0.0,0.0,9.56,"6,500.00",9.57,"62,110.00",5,0.0,0.07,0.21,0.74,0.36,10.07,8.63,,
2019/06/18,144,SEF,-,9.56,9.71,9.56,9.7,9.70,0.0,0.0,9.66,"47,900.00",9.59,"462,890.00",13,0.0,0.15,1.15,1.57,0.37,10.07,8.63,,
2019/06/19,137,SEF,31.03,9.61,9.61,9.61,9.61,9.61,0.0,0.0,9.61,"1,500.00",9.70,"14,415.00",1,0.0,0.0,-0.93,0.0,0.0,10.07,8.63,,
2019/06/20,138,SEF,47.91,9.6,9.6,9.6,9.6,9.60,0.0,0.0,9.60,"7,300.00",9.61,"70,080.00",4,0.0,0.0,-0.1,0.0,0.0,10.07,8.63,,
2019/06/23,139,SEF,29.72,9.6,9.6,9.54,9.57,9.57,0.0,0.0,9.57,"5,300.00",9.60,"50,740.00",6,0.0,0.06,-0.31,0.63,-0.04,10.07,8.63,,
2019/06/24,141,SEF,54.29,9.6,9.76,9.6,9.76,9.76,0.0,0.0,9.60,"41,700.00",9.57,"400,447.00",8,0.0,0.16,1.99,1.67,1.61,10.07,8.63,,
2019/06/25,141,SEF,42.66,9.7,9.7,9.63,9.63,9.63,0.0,0.0,9.65,"1,600.00",9.76,"15,443.00",3,0.0,0.07,-1.33,0.73,-0.23,10.07,8.63,,
2019/06/26,136,SEF,47.99,9.65,9.7,9.65,9.66,9.66,0.0,0.0,9.68,"8,300.00",9.63,"80,315.00",9,0.0,0.05,0.31,0.52,-0.17,10.07,8.63,,
2019/06/27,140,SEF,54.84,9.5,9.61,9.5,9.61,9.61,0.0,0.0,9.60,"35,100.00",9.66,"336,956.00",18,0.0,0.11,-0.52,1.16,0.11,10.07,8.63,,
2019/06/30,140,SEF,43.93,9.52,9.78,9.52,9.78,9.78,0.0,0.0,9.72,"56,100.00",9.61,"545,227.00",7,0.0,0.26,1.77,2.73,0.63,10.07,8.63,,
2019/07/01,137,SEF,55.17,9.7,9.7,9.65,9.65,9.65,0.0,0.0,9.68,"55,500.00",9.78,"537,200.00",5,0.0,0.05,-1.33,0.52,-0.3,10.07,8.63,,
2019/05/14,140,SEF,-,9.8,9.8,9.74,9.75,9.75,0.0,0.0,9.75,"12,100.00",9.62,"117,970.00",6,0.00,0.06,1.35,0.62,0.0,9.99,8.63,,
2019/05/15,139,SEF,-,9.9,9.9,9.71,9.77,9.77,0.0,0.0,9.77,"36,300.00",9.75,"354,784.00",15,0.0,0.19,0.21,1.96,-0.04,9.99,8.63,,
2019/05/16,143,SEF,-,9.96,9.96,9.77,9.77,9.77,0.0,0.0,9.85,"16,100.00",9.77,"158,581.00",6,0.0,0.19,0.0,1.94,-0.82,9.99,8.63,,
2019/05/19,140,SEF,-,9.77,9.79,9.67,9.67,9.67,0.0,0.0,9.71,"87,600.00",9.77,"850,922.00",13,0.0,0.12,-1.02,1.24,-0.45,9.99,8.63,,
2019/05/20,141,SEF,-,9.7,9.7,9.52,9.56,9.56,0.0,0.0,9.57,"32,000.00",9.67,"306,280.00",10,0.0,0.18,-1.14,1.89,-0.12,9.99,8.63,,
2019/05/21,142,SEF,-,9.56,10.07,9.52,10.07,10.07,0.0,0.0,9.65,"65,300.00",9.56,"630,303.00",22,1.0,0.55,5.33,5.78,4.15,10.07,8.63,,
2019/05/22,139,SEF,-,10.0,10.0,9.81,9.81,9.81,0.0,0.0,9.92,"7,800.00",10.07,"77,371.00",7,0.0,0.19,-2.58,1.94,-1.11,10.07,8.63,,
2019/05/23,140,SEF,-,9.7,9.8,9.7,9.8,9.80,0.0,0.0,9.73,"4,500.00",9.81,"43,800.00",5,0.0,0.1,-0.1,1.03,0.68,10.07,8.63,,
2019/05/26,138,SEF,-,9.9,9.9,9.76,9.81,9.81,0.0,0.0,9.81,"24,100.00",9.80,"236,320.00",8,0.0,0.14,0.1,1.43,0.04,10.07,8.63,,
2019/05/27,140,SEF,-,9.0,9.54,9.0,9.54,9.54,0.0,0.0,9.18,"10,000.00",9.81,"91,800.00",8,0.0,0.54,-2.75,6.0,3.77,10.07,8.63,,
2019/05/28,136,SEF,-,9.41,9.75,9.41,9.75,9.75,0.0,0.0,9.58,"26,500.00",9.54,"253,995.00",8,0.0,0.34,2.2,3.61,1.7,10.07,8.63,,
2019/05/29,142,SEF,-,9.6,9.93,9.6,9.93,9.93,0.0,0.0,9.83,"22,000.00",9.75,"216,185.00",13,0.0,0.33,1.85,3.44,1.04,10.07,8.63,,
2019/05/30,143,SEF,-,9.93,10.01,9.76,9.76,9.76,0.0,0.0,9.87,"41,900.00",9.93,"413,516.00",17,0.0,0.25,-1.71,2.56,-1.12,10.07,8.63,,
2019/06/02,260,SEF,16.19,9.22,9.29,9.22,9.29,9.29,0.0,0.0,9.22,"20,152.00",9.10,"185,812.08",3,0.19,0.07,2.09,0.76,0.75,11.50,8.72,10.04,9.92
2019/06/03,141,SEF,-,9.75,9.75,9.6,9.7,9.70,0.0,0.0,9.70,"59,500.00",9.76,"577,335.00",7,0.0,0.15,-0.61,1.56,-0.03,10.07,8.63,,
2019/06/04,142,SEF,-,9.6,9.71,9.6,9.61,9.61,0.0,0.0,9.63,"69,500.00",9.70,"669,570.00",10,0.0,0.11,-0.93,1.15,-0.25,10.07,8.63,,
2019/04/18,138,SEF,-,9.28,9.6,9.28,9.5,9.50,0.0,0.0,9.55,"17,200.00",9.43,"164,308.00",6,0.0,0.32,0.74,3.45,-0.56,10.01,8.63,,
2019/04/21,260,SEF,16.19,9.22,9.29,9.22,9.29,9.29,0.0,0.0,9.22,"20,152.00",9.10,"185,812.08",3,0.19,0.07,2.09,0.76,0.75,11.50,8.72,10.04,9.92
2019/04/22,139,SEF,-,9.6,9.6,9.41,9.6,9.60,0.0,0.0,9.58,"47,500.00",9.60,"455,275.00",10,0.0,0.19,0.0,2.02,0.16,10.00,8.63,,
2019/04/23,144,SEF,-,9.7,9.7,9.7,9.7,9.70,0.0,0.0,9.70,"10,000.00",9.60,"97,000.00",1,0.0,0.0,1.04,0.0,0.0,10.00,8.63,,
2019/04/24,142,SEF,-,9.65,9.89,9.65,9.8,9.80,0.0,0.0,9.75,"32,000.00",9.70,"311,950.00",7,0.0,0.24,1.03,2.49,0.53,10.00,8.63,,
2019/04/25,145,SEF,-,9.8,9.98,9.8,9.96,9.96,0.0,0.0,9.90,"19,000.00",9.80,"188,100.00",9,0.0,0.18,1.63,1.84,0.6,9.99,8.63,,
2019/04/28,144,SEF,-,9.77,9.9,9.6,9.9,9.90,0.0,0.0,9.79,"11,000.00",9.96,"107,725.00",7,0.0,0.3,-0.6,3.13,1.08,9.99,8.63,,
2019/04/29,144,SEF,-,9.9,9.9,9.71,9.71,9.71,0.0,0.0,9.73,"30,800.00",9.90,"299,803.00",8,0.0,0.19,-1.92,1.96,-0.25,9.99,8.63,,
2019/04/30,145,SEF,-,9.75,9.94,9.75,9.76,9.76,0.0,0.0,9.80,"13,000.00",9.71,"127,430.00",9,0.0,0.19,0.51,1.95,-0.43,9.99,8.63,,
2019/05/05,145,SEF,-,9.75,9.8,9.61,9.8,9.80,0.0,0.0,9.71,"45,550.00",9.76,"442,512.00",16,0.0,0.19,0.41,1.98,0.87,9.99,8.63,,
2019/05/06,144,SEF,-,9.9,9.9,9.71,9.8,9.80,0.0,0.0,9.80,"7,000.00",9.80,"68,586.00",6,0.0,0.19,0.0,1.96,0.02,9.99,8.63,,
2019/05/07,145,SEF,-,9.98,9.98,9.8,9.81,9.81,0.0,0.0,9.83,"32,400.00",9.80,"318,441.00",13,0.0,0.18,0.1,1.84,-0.19,9.99,8.63,,
2019/05/08,144,SEF,-,9.75,9.8,9.75,9.77,9.77,0.0,0.0,9.79,"22,600.00",9.81,"221,197.00",11,0.0,0.05,-0.41,0.51,-0.18,9.99,8.63,,
2019/05/09,142,SEF,-,9.96,9.96,9.77,9.77,9.77,0.0,0.0,9.77,"7,100.00",9.77,"69,386.00",3,0.0,0.19,0.0,1.94,-0.03,9.99,8.63,,
2019/05/12,140,SEF,-,9.58,9.6,9.58,9.6,9.60,0.0,0.0,9.60,"32,150.00",9.77,"308,510.00",5,0.0,0.02,-1.74,0.21,0.04,9.99,8.63,,
2019/03/25,140,SEF,-,9.15,9.3,9.15,9.23,9.23,0.0,0.0,9.25,"13,600.00",9.24,"125,803.00",8,0.0,0.15,-0.11,1.64,-0.22,10.01,8.63,,
2019/03/26,142,SEF,-,9.1,9.33,9.1,9.2,9.20,0.0,0.0,9.16,"6,000.00",9.23,"54,946.00",4,0.0,0.23,-0.33,2.53,0.46,10.01,8.63,,
2019/03/27,138,SEF,-,9.1,9.21,9.1,9.21,9.21,0.0,0.0,9.11,"8,600.00",9.20,"78,388.00",6,0.0,0.11,0.11,1.21,1.03,10.01,8.63,,
2019/03/28,139,SEF,-,9.2,9.21,9.12,9.21,9.21,0.0,0.0,9.19,"11,700.00",9.21,"107,552.00",10,0.0,0.09,0.0,0.99,0.19,10.01,8.63,,
2019/03/31,133,SEF,-,9.1,9.1,9.1,9.1,9.10,0.0,0.0,9.10,"1,000.00",9.21,"9,100.00",2,0.0,0.0,-1.19,0.0,0.0,10.01,8.63,,
2019/04/01,140,SEF,-,9.2,9.2,9.2,9.2,9.20,0.0,0.0,9.20,"10,000.00",9.10,"92,000.00",1,0.0,0.0,1.1,0.0,0.0,10.01,8.63,,
2019/04/02,141,SEF,-,9.2,9.2,9.1,9.1,9.10,0.0,0.0,9.16,"1,800.00",9.20,"16,490.00",4,0.0,0.1,-1.09,1.1,-0.67,10.01,8.63,,
2019/04/03,140,SEF,-,9.1,9.2,9.1,9.2,9.20,0.0,0.0,9.19,"21,700.00",9.10,"199,520.00",3,0.0,0.1,1.1,1.1,0.06,10.01,8.63,,
2019/04/04,141,SEF,-,9.2,9.2,9.2,9.2,9.20,0.0,0.0,9.20,"1,200.00",9.20,"11,040.00",3,0.0,0.0,0.0,0.0,0.0,10.01,8.63,,
2019/04/07,140,SEF,-,9.05,9.28,9.05,9.28,9.28,0.0,0.0,9.24,"19,000.00",9.20,"175,475.00",11,0.0,0.23,0.87,2.54,0.48,10.01,8.63,,
2019/04/08,141,SEF,-,9.46,9.46,9.3,9.3,9.30,0.0,0.0,9.30,"8,600.00",9.28,"79,996.00",4,0.0,0.16,0.22,1.72,-0.02,10.01,8.63,,
2019/04/10,138,SEF,-,9.3,9.3,9.3,9.3,9.30,0.0,0.0,9.30,"2,000.00",9.30,"18,600.00",2,0.0,0.0,0.0,0.0,0.0,10.01,8.63,,
2019/04/11,139,SEF,-,9.13,9.21,9.13,9.21,9.21,0.0,0.0,9.20,"1,100.00",9.30,"10,118.00",3,0.0,0.08,-0.97,0.88,0.13,10.01,8.63,,
2019/04/15,136,SEF,-,9.21,9.21,9.2,9.2,9.20,0.0,0.0,9.21,"10,500.00",9.21,"96,695.00",3,0.0,0.01,-0.11,0.11,-0.1,10.01,8.63,,
2019/04/16,139,SEF,-,9.3,9.4,9.3,9.4,9.40,0.0,0.0,9.39,"8,220.00",9.20,"77,166.00",7,0.0,0.1,2.17,1.08,0.13,10.01,8.63,,
2019/02/25,138,SEF,-,9.1,9.1,9.1,9.1,9.10,0.0,0.0,9.10,"34,000.00",9.14,"309,400.00",3,0.0,0.0,-0.44,0.0,0.0,10.01,8.63,,
2019/02/26,137,SEF,-,9.12,9.12,9.12,9.12,9.12,0.0,0.0,9.12,"2,000.00",9.10,"18,240.00",1,0.0,0.0,0.22,0.0,0.0,10.01,8.63,,
2019/02/27,138,SEF,-,9.3,9.3,9.1,9.13,9.13,0.0,0.0,9.13,"37,900.00",9.12,"345,873.00",12,0.0,0.20,0.11,2.2,0.04,10.01,8.63,,
2019/03/03,144,SEF,-,9.16,9.3,9.16,9.3,9.30,0.0,0.0,9.22,"20,900.00",9.13,"192,672.00",12,0.0,0.14,1.86,1.53,0.87,10.01,8.63,,
2019/03/05,144,SEF,-,9.3,9.3,9.3,9.3,9.30,0.0,0.0,9.30,"2,000.00",9.30,"18,600.00",2,0.0,0.0,0.0,0.0,0.0,10.01,8.63,,
2019/03/06,141,SEF,-,9.21,9.47,9.21,9.3,9.30,0.0,0.0,9.38,"15,000.00",9.30,"140,670.00",10,0.0,0.26,0.0,2.82,-0.84,10.01,8.63,,
2019/03/07,145,SEF,-,9.2,9.21,9.2,9.2,9.20,0.0,0.0,9.20,"6,200.00",9.30,"57,041.00",4,0.0,0.01,-1.08,0.11,0.0,10.01,8.63,,
2019/03/10,260,SEF,16.19,9.22,9.29,9.22,9.29,9.29,0.0,0.0,9.22,"20,152.00",9.10,"185,812.08",3,0.19,0.07,2.09,0.76,0.75,11.50,8.72,10.04,9.92
2019/03/11,142,SEF,-,9.17,9.23,9.15,9.15,9.15,0.0,0.0,9.21,"14,500.00",9.05,"133,565.00",5,0.0,0.08,1.1,0.87,-0.67,10.01,8.63,,
2019/03/12,146,SEF,-,9.05,9.3,9.05,9.25,9.25,0.0,0.0,9.19,"14,100.00",9.15,"129,533.00",8,0.0,0.25,1.09,2.76,0.68,10.01,8.63,,
2019/03/13,143,SEF,-,9.43,9.61,9.35,9.35,9.35,0.0,0.0,9.37,"29,450.00",9.25,"276,044.00",8,0.0,0.26,1.08,2.78,-0.25,10.01,8.63,,
2019/03/14,142,SEF,-,9.35,9.44,9.35,9.44,9.44,0.0,0.0,9.44,"52,200.00",9.35,"492,570.00",2,0.0,0.09,0.96,0.96,0.04,10.01,8.63,,
2019/03/18,142,SEF,-,9.6,9.6,9.25,9.27,9.27,0.0,0.0,9.33,"34,000.00",9.44,"317,075.00",10,0.0,0.35,-1.8,3.78,-0.6,10.01,8.63,,
2019/03/19,134,SEF,-,9.27,9.27,9.12,9.15,9.15,0.0,0.0,9.19,"3,100.00",9.27,"28,482.00",3,0.0,0.15,-1.29,1.64,-0.41,10.01,8.63,,
2019/03/21,145,SEF,-,9.15,9.17,9.15,9.17,9.17,0.0,0.0,9.16,"1,500.00",9.15,"13,735.00",2,0.0,0.02,0.22,0.22,0.15,10.01,8.63,,
2019/01/31,139,SEF,-,9.25,9.25,9.1,9.1,9.10,0.0,0.0,9.15,"2,900.00",9.25,"26,540.00",3,0.0,0.15,-1.62,1.65,-0.57,10.09,8.63,,
2019/02/03,140,SEF,-,9.04,9.04,9.04,9.04,9.04,0.0,0.0,9.04,"17,000.00",9.10,"153,680.00",3,0.0,0.0,-0.66,0.0,0.0,10.01,8.63,,
2019/02/04,135,SEF,-,9.02,9.16,9.02,9.1,9.10,0.0,0.0,9.09,"21,500.00",9.04,"195,473.00",18,0.0,0.14,0.66,1.55,0.09,10.01,8.63,,
2019/02/05,135,SEF,-,9.1,9.1,9.02,9.02,9.02,0.0,0.0,9.09,"5,950.00",9.10,"54,109.00",5,0.0,0.08,-0.88,0.89,-0.82,10.01,8.63,,
2019/02/06,136,SEF,-,9.1,9.2,9.1,9.2,9.20,0.0,0.0,9.18,"2,500.00",9.02,"22,940.00",3,0.0,0.1,2.0,1.1,0.26,10.01,8.63,,
2019/02/07,137,SEF,-,9.15,9.2,9.15,9.2,9.20,0.0,0.0,9.18,"25,500.00",9.20,"234,040.00",8,0.0,0.05,0.0,0.55,0.24,10.01,8.63,,
2019/02/10,132,SEF,-,9.02,9.2,9.02,9.1,9.10,0.0,0.0,9.10,"7,750.00",9.20,"70,510.00",5,0.0,0.18,-1.09,2.0,0.02,10.01,8.63,,
2019/02/11,138,SEF,-,9.15,9.2,9.15,9.2,9.20,0.0,0.0,9.19,"13,000.00",9.10,"119,450.00",3,0.0,0.05,1.1,0.55,0.13,10.01,8.63,,
2019/02/12,137,SEF,-,9.2,9.2,9.2,9.2,9.20,0.0,0.0,9.20,"1,000.00",9.20,"9,200.00",1,0.0,0.0,0.0,0.0,0.0,10.01,8.63,,
2019/02/13,142,SEF,-,9.02,9.05,9.02,9.05,9.05,0.0,0.0,9.03,"6,000.00",9.20,"54,150.00",3,0.00,0.03,-1.63,0.33,0.28,10.01,8.63,,
2019/02/14,137,SEF,-,9.0,9.0,8.9,8.9,8.90,0.0,0.0,8.95,"10,000.00",9.05,"89,500.00",4,0.0,0.1,-1.66,1.12,-0.56,10.01,8.63,,
2019/02/17,140,SEF,-,9.0,9.1,9.0,9.05,9.05,0.0,0.0,9.06,"22,000.00",8.90,"199,260.00",6,0.0,0.1,1.69,1.11,-0.08,10.01,8.63,,
2019/02/18,132,SEF,-,8.9,8.9,8.9,8.9,8.90,0.0,0.0,8.90,"2,700.00",9.05,"24,030.00",2,0.0,0.0,-1.66,0.0,0.0,10.01,8.63,,
2019/02/19,138,SEF,-,9.05,9.07,9.05,9.07,9.07,0.0,0.0,9.07,"2,700.00",8.90,"24,479.00",3,0.0,0.02,1.91,0.22,0.04,10.01,8.63,,
2019/02/20,132,SEF,-,8.9,9.1,8.82,8.85,8.85,0.0,0.0,8.96,"40,000.00",9.07,"358,210.00",12,0.0,0.28,-2.43,3.17,-1.19,10.01,8.63,,
2019/02/21,128,SEF,-,9.02,9.02,9.02,9.02,9.02,0.0,0.0,9.02,"1,000.00",8.85,"9,020.00",2,0.0,0.0,1.92,0.0,0.0,10.01,8.63,,
2019/01/08,132,SEF,-,9.09,9.1,9.09,9.1,9.10,0.0,0.0,9.09,"7,100.00",8.94,"64,559.00",2,0.0,0.01,1.79,0.11,0.08,10.20,8.63,,
2019/01/09,140,SEF,-,9.02,9.27,9.02,9.14,9.14,0.0,0.0,9.17,"24,300.00",9.10,"222,901.00",7,0.0,0.25,0.44,2.77,-0.36,10.20,8.63,,
2019/01/10,133,SEF,-,9.32,9.5,9.32,9.32,9.32,0.0,0.0,9.42,"5,300.00",9.14,"49,936.00",3,0.0,0.18,1.97,1.93,-1.09,10.20,8.63,,
2019/01/13,129,SEF,-,9.15,9.15,9.15,9.15,9.15,0.0,0.0,9.15,200.00,9.32,"1,830.00",1,0.0,0.0,-1.82,0.0,0.0,10.20,8.63,,
2019/01/14,128,SEF,-,9.0,9.56,9.0,9.56,9.56,0.0,0.0,9.15,"105,600.00",9.15,"965,986.00",7,0.0,0.56,4.48,6.22,4.31,10.20,8.63,,
2019/01/15,131,SEF,-,9.4,9.5,9.3,9.3,9.30,0.0,0.0,9.36,"29,700.00",9.56,"277,916.00",7,0.0,0.2,-2.72,2.15,-0.62,10.20,8.63,,
2019/01/16,141,SEF,-,9.2,9.5,9.2,9.5,9.50,0.0,0.0,9.41,"14,100.00",9.30,"132,720.00",4,0.0,0.3,2.15,3.26,0.92,10.20,8.63,,
2019/01/17,136,SEF,-,9.33,9.4,9.33,9.33,9.33,0.0,0.0,9.35,"2,000.00",9.50,"18,695.00",3,0.0,0.07,-1.79,0.75,-0.19,10.20,8.63,,
2019/01/20,118,SEF,-,9.15,9.15,9.15,9.15,9.15,0.0,0.0,9.15,"2,000.00",9.33,"18,300.00",2,0.0,0.0,-1.93,0.0,0.0,10.20,8.63,,
2019/01/21,136,SEF,-,9.15,9.19,9.01,9.03,9.03,0.0,0.0,9.10,"21,500.00",9.15,"195,545.00",8,0.0,0.18,-1.31,2.0,-0.72,10.20,8.63,,
2019/01/22,130,SEF,-,8.95,8.95,8.95,8.95,8.95,0.0,0.0,8.95,300.00,9.03,"2,685.00",1,0.00,0.00,-0.89,0.0,0.0,10.20,8.63,,
2019/01/23,135,SEF,-,8.85,9.18,8.85,9.18,9.18,0.0,0.0,9.01,"7,300.00",8.95,"65,783.00",5,0.0,0.33,2.57,3.73,1.84,10.20,8.63,,
2019/01/24,133,SEF,-,9.18,9.18,9.03,9.07,9.07,0.0,0.0,9.07,"11,500.00",9.18,"104,355.00",5,0.0,0.15,-1.2,1.66,-0.05,10.20,8.63,,
2019/01/27,133,SEF,-,9.12,9.12,9.12,9.12,9.12,0.0,0.0,9.12,"1,500.00",9.07,"13,680.00",3,0.0,0.0,0.55,0.0,0.0,10.20,8.63,,
2019/01/28,136,SEF,-,9.05,9.3,9.05,9.3,9.30,0.0,0.0,9.23,"10,100.00",9.12,"93,255.00",5,0.0,0.25,1.97,2.76,0.72,10.20,8.63,,
2019/01/29,135,SEF,-,9.17,9.18,9.17,9.18,9.18,0.0,0.0,9.17,"2,500.00",9.30,"22,929.00",6,0.0,0.01,-1.29,0.11,0.09,10.20,8.63,,
2018/12/16,132,SEF,-,8.8,8.8,8.8,8.8,8.80,0.0,0.0,8.80,"1,000.00",8.80,"8,800.00",4,0.0,0.0,0.0,0.0,0.0,10.20,8.66,,
2018/12/17,134,SEF,-,8.65,9.0,8.63,9.0,9.00,0.0,0.0,8.76,"15,200.00",8.80,"133,149.00",7,0.0,0.37,2.27,4.29,2.67,10.20,8.63,,
2018/12/18,134,SEF,-,9.0,9.0,9.0,9.0,9.00,0.0,0.0,9.00,"1,000.00",9.00,"9,000.00",1,0.0,0.0,0.0,0.0,0.0,10.20,8.63,,
2018/12/20,136,SEF,-,8.83,9.18,8.83,9.18,9.18,0.0,0.0,9.07,"3,600.00",9.00,"32,658.00",3,0.0,0.35,2.0,3.96,1.18,10.20,8.63,,
2018/12/23,135,SEF,-,9.19,9.19,9.19,9.19,9.19,0.0,0.0,9.19,"2,000.00",9.18,"18,380.00",1,0.0,0.0,0.11,0.0,0.0,10.20,8.63,,
2018/12/25,137,SEF,-,9.1,9.1,9.1,9.1,9.10,0.0,0.0,9.10,200.00,9.19,"1,820.00",1,0.0,0.0,-0.98,0.0,0.0,10.20,8.63,,
2018/12/26,144,SEF,-,9.1,9.27,9.1,9.27,9.27,0.0,0.0,9.19,"2,000.00",9.10,"18,370.00",2,0.0,0.17,1.87,1.87,0.92,10.20,8.63,,
2018/12/30,138,SEF,-,9.27,9.27,9.27,9.27,9.27,0.0,0.0,9.27,500.00,9.27,"4,635.00",1,0.0,0.0,0.0,0.0,0.0,10.20,8.63,,
2018/12/31,138,SEF,-,9.09,9.1,9.0,9.1,9.10,0.0,0.0,9.07,"30,700.00",9.27,"278,349.00",6,0.0,0.1,-1.83,1.11,0.37,10.20,8.63,,
2019/01/02,126,SEF,-,9.2,9.2,9.2,9.2,9.20,0.0,0.0,9.20,"2,000.00",9.10,"18,400.00",1,0.0,0.0,1.1,0.0,0.0,10.20,8.63,,
2019/01/03,132,SEF,-,9.2,9.2,9.15,9.15,9.15,0.0,0.0,9.19,"3,000.00",9.20,"27,575.00",2,0.0,0.05,-0.54,0.55,-0.46,10.20,8.63,,
2019/01/06,128,SEF,-,9.15,9.15,9.1,9.1,9.10,0.0,0.0,9.13,"4,500.00",9.15,"41,075.00",3,0.0,0.05,-0.55,0.55,-0.31,10.20,8.63,,
2018/11/21,126,SEF,-,9.1,9.1,9.1,9.1,9.10,0.0,0.0,9.10,100.00,9.00,910.00,1,0.0,0.0,1.11,0.0,0.0,10.20,8.66,,
2018/11/22,118,SEF,-,9.0,9.0,9.0,9.0,9.00,0.0,0.0,9.00,"1,100.00",9.10,"9,900.00",1,0.0,0.0,-1.1,0.0,0.0,10.20,8.66,,
2018/11/25,128,SEF,-,9.0,9.1,9.0,9.1,9.10,0.0,0.0,9.03,"3,000.00",9.00,"27,090.00",2,0.0,0.1,1.11,1.11,0.77,10.20,8.66,,
2018/11/26,128,SEF,-,9.0,9.0,9.0,9.0,9.00,0.0,0.0,9.00,"2,500.00",9.10,"22,500.00",3,0.0,0.0,-1.1,0.0,0.0,10.20,8.66,,
2018/11/27,129,SEF,-,9.0,9.16,9.0,9.16,9.16,0.0,0.0,9.14,"9,000.00",9.00,"82,240.00",3,0.0,0.16,1.78,1.78,0.24,10.20,8.66,,
2018/11/28,127,SEF,-,9.16,9.3,9.16,9.19,9.19,0.0,0.0,9.22,"5,000.00",9.16,"46,110.00",3,0.0,0.14,0.33,1.53,-0.35,10.20,8.66,,
2018/11/29,135,SEF,-,9.19,9.25,9.19,9.19,9.19,0.0,0.0,9.20,"3,000.00",9.19,"27,600.00",3,0.0,0.06,0.0,0.65,-0.11,10.20,8.66,,
2018/12/02,130,SEF,-,9.1,9.15,9.1,9.15,9.15,0.0,0.0,9.13,"2,100.00",9.19,"19,165.00",3,0.0,0.05,-0.44,0.55,0.26,10.20,8.66,,
2018/12/04,131,SEF,-,9.1,9.1,9.1,9.1,9.10,0.0,0.0,9.10,500.00,9.15,"4,550.00",1,0.0,0.0,-0.55,0.0,0.0,10.20,8.66,,
2018/12/09,130,SEF,-,9.1,9.1,9.0,9.0,9.00,0.0,0.0,9.02,"2,100.00",9.10,"18,950.00",2,0.0,0.1,-1.1,1.11,-0.26,10.20,8.66,,
2018/12/11,138,SEF,-,9.0,9.0,8.99,8.99,8.99,0.0,0.0,8.99,"15,000.00",9.00,"134,900.00",3,0.0,0.01,-0.11,0.11,-0.04,10.20,8.66,,
2018/12/12,132,SEF,-,8.86,8.86,8.69,8.69,8.69,0.0,0.0,8.78,"10,000.00",8.99,"87,750.00",5,0.0,0.17,-3.34,1.96,-0.98,10.20,8.66,,
2018/10/25,132,SEF,-,9.5,9.5,9.42,9.42,9.42,0.0,0.0,9.46,"3,700.00",9.50,"35,014.00",3,0.0,0.08,-0.84,0.85,-0.46,10.20,8.66,,
2018/10/28,136,SEF,-,9.29,9.3,9.29,9.3,9.30,0.0,0.0,9.30,900.00,9.42,"8,366.00",3,0.0,0.01,-1.27,0.11,0.05,10.20,8.66,,
2018/10/29,132,SEF,-,9.15,9.23,9.15,9.23,9.23,0.0,0.0,9.22,"1,900.00",9.30,"17,513.00",2,0.0,0.08,-0.75,0.87,0.14,10.20,8.66,,
2018/10/30,135,SEF,-,9.23,9.25,9.23,9.25,9.25,0.0,0.0,9.24,"1,500.00",9.23,"13,865.00",2,0.0,0.02,0.22,0.22,0.07,10.20,8.66,,
2018/10/31,135,SEF,-,9.13,9.22,9.13,9.22,9.22,0.0,0.0,9.21,600.00,9.25,"5,523.00",2,0.0,0.09,-0.32,0.99,0.16,10.20,8.66,,
2018/11/01,134,SEF,-,9.25,9.25,9.25,9.25,9.25,0.0,0.0,9.25,500.00,9.22,"4,625.00",1,0.0,0.0,0.33,0.0,0.0,10.20,8.66,,
2018/11/05,129,SEF,-,9.25,9.25,9.25,9.25,9.25,0.0,0.0,9.25,100.00,9.25,925.00,1,0.0,0.0,0.0,0.0,0.0,10.20,8.66,,
2018/11/12,106,SEF,-,9.0,9.1,8.92,9.0,9.00,0.0,0.0,9.04,"11,000.00",9.00,"99,420.00",3,0.0,0.18,0.0,2.02,-0.42,10.20,8.66,,
2018/11/13,124,SEF,-,9.0,9.1,9.0,9.0,9.00,0.0,0.0,9.00,"6,500.00",9.00,"58,500.00",5,0.0,0.1,0.0,1.11,0.0,10.20,8.66,,
2018/11/14,122,SEF,-,9.0,9.32,9.0,9.0,9.00,0.0,0.0,9.00,"8,000.00",9.00,"72,000.00",3,0.0,0.32,0.0,3.56,0.0,10.20,8.66,,
2018/11/15,131,SEF,-,9.0,9.0,9.0,9.0,9.00,0.0,0.0,9.00,"1,000.00",9.00,"9,000.00",1,0.0,0.0,0.0,0.0,0.0,10.20,8.66,,
2018/09/27,138,SEF,-,9.94,9.94,9.94,9.94,9.94,0.0,0.0,9.94,"2,000.00",9.99,"19,880.00",2,0.0,0.0,-0.5,0.0,0.0,10.20,8.66,,
2018/09/30,139,SEF,-,9.8,9.8,9.62,9.62,9.62,0.0,0.0,9.79,"7,600.00",9.94,"74,390.00",4,0.0,0.18,-3.22,1.87,-1.75,10.20,8.66,,
2018/10/01,138,SEF,-,9.65,9.65,9.6,9.6,9.60,0.0,0.0,9.62,"33,000.00",9.62,"317,370.00",7,0.0,0.05,-0.21,0.52,-0.18,10.20,8.66,,
2018/10/02,144,SEF,-,9.79,9.79,9.79,9.79,9.79,0.0,0.0,9.79,"2,000.00",9.60,"19,580.00",1,0.0,0.0,1.98,0.0,0.0,10.20,8.66,,
2018/10/03,138,SEF,-,9.9,9.9,9.9,9.9,9.90,0.0,0.0,9.90,500.00,9.79,"4,950.00",1,0.0,0.0,1.12,0.0,0.0,10.20,8.66,,
2018/10/04,139,SEF,-,9.85,9.85,9.85,9.85,9.85,0.0,0.0,9.85,"2,800.00",9.90,"27,580.00",2,0.0,0.0,-0.51,0.0,0.0,10.20,8.66,,
2018/10/07,135,SEF,-,9.7,9.7,9.7,9.7,9.70,0.0,0.0,9.70,"4,300.00",9.85,"41,710.00",3,0.0,0.0,-1.52,0.0,0.0,10.20,8.66,,
2018/10/08,134,SEF,-,9.53,9.53,9.53,9.53,9.53,0.0,0.0,9.53,"3,000.00",9.70,"28,590.00",2,0.0,0.0,-1.75,0.0,0.0,10.20,8.66,,
2018/10/09,134,SEF,-,9.55,9.71,9.53,9.53,9.53,0.0,0.0,9.58,"19,500.00",9.53,"186,735.00",6,0.0,0.18,0.0,1.89,-0.48,10.20,8.66,,
2018/10/11,137,SEF,-,9.72,9.72,9.53,9.53,9.53,0.0,0.0,9.60,"3,600.00",9.53,"34,550.00",4,0.0,0.19,0.0,1.99,-0.71,10.20,8.66,,
2018/10/14,134,SEF,-,9.55,9.55,9.55,9.55,9.55,0.0,0.0,9.55,"1,000.00",9.53,"9,550.00",2,0.00,0.00,0.21,0.0,0.0,10.20,8.66,,
2018/10/15,127,SEF,-,9.54,9.54,9.54,9.54,9.54,0.0,0.0,9.54,500.00,9.55,"4,770.00",1,0.0,0.0,-0.1,0.0,0.0,10.20,8.66,,
2018/10/23,128,SEF,-,9.7,9.7,9.53,9.55,9.55,0.0,0.0,9.66,"6,100.00",9.54,"58,910.00",5,0.0,0.17,0.1,1.78,-1.12,10.20,8.66,,
2018/09/03,139,SEF,-,9.13,9.2,9.02,9.02,9.02,0.0,0.0,9.10,"8,700.00",8.95,"79,129.00",10,0.00,0.18,0.78,2.0,-0.83,10.20,8.66,,
2018/09/06,144,SEF,-,9.2,9.38,9.2,9.36,9.36,0.0,0.0,9.36,"12,000.00",9.02,"112,282.00",6,0.0,0.18,3.77,1.96,0.03,10.20,8.66,,
2018/09/09,139,SEF,-,9.17,9.17,9.17,9.17,9.17,0.0,0.0,9.17,"2,000.00",9.36,"18,340.00",2,0.0,0.0,-2.03,0.0,0.0,10.20,8.66,,
2018/09/10,134,SEF,-,9.17,9.17,9.17,9.17,9.17,0.0,0.0,9.17,"6,500.00",9.17,"59,605.00",3,0.0,0.0,0.0,0.0,0.0,10.20,8.66,,
2018/09/11,139,SEF,-,9.35,9.35,9.35,9.35,9.35,0.0,0.0,9.35,"1,500.00",9.17,"14,025.00",1,0.0,0.00,1.96,0.0,0.0,10.20,8.66,,
2018/09/12,138,SEF,-,9.4,9.5,9.4,9.4,9.40,0.0,0.0,9.46,"8,240.00",9.35,"77,956.00",4,0.0,0.1,0.53,1.06,-0.65,10.20,8.66,,
2018/09/16,138,SEF,-,9.21,9.88,9.21,9.5,9.50,0.0,0.0,9.55,"16,090.00",9.40,"153,639.00",10,0.0,0.67,1.06,7.27,-0.51,10.20,8.66,,
2018/09/17,137,SEF,-,9.5,9.5,9.5,9.5,9.50,0.0,0.0,9.50,"6,000.00",9.50,"57,000.00",4,0.0,0.0,0.0,0.0,0.0,10.20,8.66,,
2018/09/19,260,SEF,16.19,9.22,9.29,9.22,9.29,9.29,0.0,0.0,9.22,"20,152.00",9.10,"185,812.08",3,0.19,0.07,2.09,0.76,0.75,11.50,8.72,10.04,9.92
2018/09/20,138,SEF,-,9.69,9.69,9.69,9.69,9.69,0.0,0.0,9.69,"5,000.00",9.50,"48,450.00",1,0.0,0.0,2.0,0.0,0.0,10.20,8.66,,
2018/09/23,138,SEF,-,9.6,9.6,9.6,9.6,9.60,0.0,0.0,9.60,"2,000.00",9.69,"19,200.00",1,0.0,0.0,-0.93,0.0,0.0,10.20,8.66,,
2018/09/25,144,SEF,-,9.79,9.79,9.65,9.79,9.79,0.0,0.0,9.76,"8,050.00",9.60,"78,558.00",3,0.0,0.14,1.98,1.45,0.32,10.20,8.66,,
2018/08/09,133,SEF,-,9.15,9.15,9.0,9.0,9.00,0.0,0.0,9.15,"6,100.00",9.00,"55,800.00",6,0.0,0.15,0.0,1.67,-1.64,10.20,8.66,,
2018/08/12,134,SEF,-,9.15,9.18,9.06,9.18,9.18,0.0,0.0,9.16,"24,100.00",9.00,"220,746.00",5,0.0,0.12,2.0,1.32,0.22,10.20,8.66,,
2018/08/13,130,SEF,-,9.11,9.36,9.11,9.36,9.36,0.0,0.0,9.17,"2,550.00",9.18,"23,387.00",5,0.0,0.25,1.96,2.74,2.02,10.20,8.66,,
2018/08/14,135,SEF,-,9.2,9.35,9.2,9.35,9.35,0.0,0.0,9.28,"22,500.00",9.36,"208,690.00",5,0.0,0.15,-0.11,1.63,0.8,10.20,8.66,,
2018/08/15,138,SEF,-,9.36,9.36,9.36,9.36,9.36,0.0,0.0,9.36,"1,500.00",9.35,"14,040.00",2,0.0,0.0,0.11,0.0,0.0,10.20,8.66,,
2018/08/16,137,SEF,-,9.45,9.45,9.45,9.45,9.45,0.0,0.0,9.45,"3,000.00",9.36,"28,350.00",2,0.00,0.0,0.96,0.0,0.0,10.20,8.66,,
2018/08/20,131,SEF,-,9.4,9.49,9.35,9.35,9.35,0.0,0.0,9.45,900.00,9.45,"8,509.00",4,0.0,0.14,-1.06,1.5,-1.12,10.20,8.66,,
2018/08/21,133,SEF,-,9.16,9.16,9.0,9.11,9.11,0.0,0.0,9.13,"2,700.00",9.35,"24,642.00",6,0.0,0.16,-2.57,1.78,-0.18,10.20,8.66,,
2018/08/26,123,SEF,-,9.0,9.0,8.9,8.9,8.90,0.0,0.0,8.95,"1,100.00",9.11,"9,850.00",3,0.0,0.1,-2.31,1.12,-0.61,10.20,8.66,,
2018/08/29,135,SEF,-,8.86,8.87,8.86,8.87,8.87,0.0,0.0,8.87,"2,000.00",8.90,"17,730.00",3,0.0,0.01,-0.34,0.11,0.06,10.20,8.66,,
2018/08/30,139,SEF,-,9.05,9.05,8.95,8.95,8.95,0.0,0.0,8.96,"1,100.00",8.87,"9,855.00",2,0.0,0.1,0.9,1.12,-0.1,10.20,8.66,,
2018/09/26,142,SEF,-,9.99,9.99,9.97,9.99,9.99,0.0,0.0,9.97,"21,000.00",9.79,"209,410.00",2,0.0,0.02,2.04,0.2,0.18,10.20,8.66,,
2018/10/24,126,SEF,-,9.6,9.6,9.5,9.5,9.50,0.0,0.0,9.59,"5,500.00",9.55,"52,750.00",2,0.0,0.1,-0.52,1.05,-0.96,10.20,8.66,,
2018/11/20,121,SEF,-,8.83,9.0,8.83,9.0,9.00,0.0,0.0,8.83,200.00,9.00,"1,766.00",1,0.0,0.17,0.0,1.93,1.89,10.20,8.66,,
2018/12/13,260,SEF,16.19,9.22,9.29,9.22,9.29,9.29,0.0,0.0,9.22,"20,152.00",9.10,"185,812.08",3,0.19,0.07,2.09,0.76,0.75,11.50,8.72,10.04,9.92
2019/01/07,138,SEF,-,8.94,8.94,8.94,8.94,8.94,0.0,0.0,8.94,250.00,9.10,"2,235.00",1,0.0,0.0,-1.76,0.0,0.0,10.20,8.63,,
2019/01/30,136,SEF,-,9.04,9.25,9.04,9.25,9.25,0.0,0.0,9.13,"2,500.00",9.18,"22,825.00",3,0.00,0.21,0.76,2.32,1.3,10.09,8.63,,
2019/02/24,140,SEF,-,9.0,9.14,9.0,9.14,9.14,0.0,0.0,9.08,"4,500.00",9.02,"40,850.00",2,0.0,0.14,1.33,1.56,0.68,10.01,8.63,,
2019/03/24,140,SEF,-,9.15,9.24,9.14,9.24,9.24,0.0,0.0,9.15,"11,500.00",9.17,"105,170.00",3,0.0,0.1,0.76,1.09,1.03,10.01,8.63,,
2019/04/17,142,SEF,-,9.5,9.5,9.41,9.43,9.43,0.0,0.0,9.47,"24,700.00",9.40,"233,908.00",9,0.0,0.09,0.32,0.96,-0.42,10.01,8.63,,
2019/05/13,139,SEF,-,9.58,9.75,9.56,9.62,9.62,0.0,0.0,9.60,"5,000.00",9.60,"47,975.00",8,0.0,0.19,0.21,1.99,0.26,9.99,8.63,,
2019/06/06,140,SEF,-,9.5,9.68,9.5,9.68,9.68,0.0,0.0,9.63,"33,100.00",9.61,"318,872.00",9,0.0,0.18,0.73,1.89,0.48,10.07,8.63,,
2019/07/02,140,SEF,44.98,9.7,9.7,9.64,9.64,9.64,0.0,0.0,9.69,"6,000.00",9.65,"58,140.00",2,0.0,0.06,-0.1,0.62,-0.52,10.07,8.63,,
2019/07/25,140,SEF,46.55,10.2,10.2,10.1,10.2,10.20,0.0,0.0,10.19,"4,100.00",10.20,"41,760.00",3,0.0,0.1,0.0,0.99,0.14,10.29,8.63,,
2019/08/19,260,SEF,16.19,9.22,9.29,9.22,9.29,9.29,0.0,0.0,9.22,"20,152.00",9.10,"185,812.08",3,0.19,0.07,2.09,0.76,0.75,11.50,8.72,10.04,9.92
2019/09/11,137,SEF,40.55,9.0,9.0,9.0,9.0,9.00,0.0,0.0,9.00,"2,100.00",8.90,"18,900.00",1,0.0,0.0,1.12,0.0,0.0,10.30,8.63,,
2018/07/16,132,SEF,-,9.2,9.56,9.2,9.56,9.56,0.0,0.0,9.28,700.00,9.20,"6,494.00",3,0.0,0.36,3.91,3.91,2.96,10.20,8.80,,
2018/07/17,128,SEF,-,9.56,9.56,9.56,9.56,9.56,0.0,0.0,9.56,"9,500.00",9.56,"90,820.00",4,0.0,0.0,0.0,0.0,0.0,10.20,8.80,,
2018/07/18,117,SEF,-,9.56,9.56,9.56,9.56,9.56,0.0,0.0,9.56,"1,500.00",9.56,"14,340.00",1,0.0,0.0,0.0,0.0,0.0,10.20,8.80,,
2018/07/19,133,SEF,-,9.75,9.75,9.75,9.75,9.75,0.0,0.0,9.75,"1,500.00",9.56,"14,625.00",1,0.0,0.0,1.99,0.0,0.0,10.20,8.80,,
2018/07/22,134,SEF,-,9.75,9.75,9.4,9.4,9.40,0.0,0.0,9.60,"9,500.00",9.75,"91,210.00",4,0.0,0.35,-3.59,3.72,-2.14,10.20,8.80,,
2018/07/23,131,SEF,-,9.21,9.21,9.0,9.0,9.00,0.0,0.0,9.16,"31,000.00",9.40,"283,950.00",8,0.0,0.21,-4.26,2.33,-1.77,10.20,8.80,,
2018/07/24,134,SEF,-,9.18,9.48,9.11,9.48,9.48,0.0,0.0,9.28,"155,000.00",9.00,"1,437,700.00",7,0.0,0.37,5.33,4.06,2.16,10.20,8.80,,
2018/07/25,141,SEF,-,9.3,9.3,9.29,9.29,9.29,0.0,0.0,9.29,"1,500.00",9.48,"13,940.00",2,0.0,0.01,-2.0,0.11,-0.04,10.20,8.80,,
2018/07/26,135,SEF,-,9.3,9.3,9.0,9.0,9.00,0.0,0.0,9.13,"100,800.00",9.29,"920,460.00",10,0.0,0.3,-3.12,3.33,-1.46,10.20,8.80,,
2018/07/29,126,SEF,-,9.0,9.15,8.9,9.0,9.00,0.0,0.0,9.01,"4,600.00",9.00,"41,432.00",8,0.0,0.25,0.0,2.81,-0.08,10.20,8.80,,
2018/07/30,140,SEF,-,8.82,9.18,8.66,9.18,9.18,0.0,0.0,8.92,"52,500.00",9.00,"468,080.00",7,0.0,0.52,2.0,6.0,2.88,10.20,8.80,,
2018/07/31,136,SEF,-,9.2,9.2,9.14,9.2,9.20,0.0,0.0,9.15,"18,000.00",9.18,"164,750.00",6,0.0,0.06,0.22,0.66,0.51,10.20,8.66,,
2018/08/01,131,SEF,-,9.15,9.15,9.1,9.1,9.10,0.0,0.0,9.14,"12,000.00",9.20,"109,700.00",3,0.0,0.05,-1.09,0.55,-0.46,10.20,8.66,,
2018/08/02,137,SEF,-,9.1,9.1,9.1,9.1,9.10,0.0,0.0,9.10,"1,000.00",9.10,"9,100.00",1,0.0,0.0,0.0,0.0,0.0,10.20,8.66,,
2018/08/05,135,SEF,-,9.14,9.14,9.01,9.01,9.01,0.0,0.0,9.12,"23,000.00",9.10,"209,740.00",4,0.0,0.13,-0.99,1.44,-1.21,10.20,8.66,,
2018/08/06,127,SEF,-,9.03,9.1,9.03,9.1,9.10,0.0,0.0,9.06,"11,000.00",9.01,"99,680.00",4,0.0,0.07,1.0,0.78,0.42,10.20,8.66,,
2018/06/24,138,SEF,-,8.8,8.98,8.8,8.98,8.98,0.0,0.0,8.92,"1,500.00",8.80,"13,380.00",2,0.0,0.18,2.05,2.05,0.67,10.20,8.80,,
2018/06/25,130,SEF,-,9.0,9.05,9.0,9.05,9.05,0.0,0.0,9.03,"1,200.00",8.98,"10,830.00",3,0.0,0.05,0.78,0.56,0.28,10.20,8.80,,
2018/06/27,130,SEF,-,9.05,9.2,9.05,9.2,9.20,0.0,0.0,9.10,"3,620.00",9.05,"32,929.00",5,0.0,0.15,1.66,1.66,1.13,10.20,8.80,,
2018/06/28,135,SEF,-,9.2,9.2,9.2,9.2,9.20,0.0,0.0,9.20,"1,100.00",9.20,"10,120.00",1,0.0,0.0,0.0,0.0,0.0,10.20,8.80,,
2018/07/01,130,SEF,-,9.1,9.1,8.92,8.92,8.92,0.0,0.0,8.96,"3,200.00",9.20,"28,670.00",2,0.0,0.18,-3.04,2.02,-0.44,10.20,8.80,,
2018/07/03,133,SEF,-,9.0,9.02,9.0,9.02,9.02,0.0,0.0,9.01,"3,000.00",8.92,"27,020.00",2,0.0,0.02,1.12,0.22,0.15,10.20,8.80,,
2018/07/04,140,SEF,-,9.02,9.1,9.02,9.1,9.10,0.0,0.0,9.09,"3,000.00",9.02,"27,260.00",3,0.0,0.08,0.89,0.89,0.15,10.20,8.80,,
2018/07/05,137,SEF,-,9.1,9.2,9.1,9.2,9.20,0.0,0.0,9.19,"6,000.00",9.10,"55,150.00",2,0.00,0.1,1.1,1.1,0.09,10.20,8.80,,
2018/07/08,136,SEF,-,9.1,9.1,8.9,8.91,8.91,0.0,0.0,8.96,"15,100.00",9.20,"135,350.00",6,0.0,0.2,-3.15,2.25,-0.6,10.20,8.80,,
2018/07/09,139,SEF,-,9.0,9.0,8.91,8.91,8.91,0.0,0.0,8.94,"1,500.00",8.91,"13,410.00",3,0.0,0.09,0.0,1.01,-0.34,10.20,8.80,,
2018/07/11,143,SEF,-,8.91,8.91,8.91,8.91,8.91,0.0,0.0,8.91,200.00,8.91,"1,782.00",1,0.0,0.0,0.0,0.0,0.0,10.20,8.80,,
2018/07/12,136,SEF,-,8.92,8.92,8.82,8.82,8.82,0.0,0.0,8.90,"2,000.00",8.91,"17,790.00",2,0.0,0.1,-1.01,1.13,-0.85,10.20,8.80,,
2018/05/28,140,SEF,-,9.56,9.56,9.56,9.56,9.56,0.0,0.0,9.56,"8,000.00",9.75,"76,480.00",4,0.0,0.0,-1.95,0.0,0.0,10.20,9.10,,
2018/05/29,139,SEF,-,9.37,9.55,9.37,9.5,9.50,0.0,0.0,9.49,"8,100.00",9.56,"76,902.00",5,0.0,0.18,-0.63,1.92,0.06,10.20,9.10,,
2018/05/31,137,SEF,-,9.5,9.5,9.38,9.38,9.38,0.0,0.0,9.44,"2,000.00",9.50,"18,880.00",2,0.0,0.12,-1.26,1.28,-0.64,10.20,9.10,,
2018/06/04,129,SEF,-,9.5,9.5,9.5,9.5,9.50,0.0,0.0,9.50,"19,000.00",9.38,"180,500.00",5,0.0,0.00,1.28,0.0,0.0,10.20,9.10,,
2018/06/06,115,SEF,-,9.36,9.36,9.36,9.36,9.36,0.0,0.0,9.36,500.00,9.50,"4,680.00",1,0.0,0.0,-1.47,0.0,0.0,10.20,9.10,,
2018/06/07,138,SEF,-,9.36,9.36,9.32,9.32,9.32,0.0,0.0,9.32,"10,700.00",9.36,"99,732.00",3,0.0,0.04,-0.43,0.43,-0.01,10.20,9.10,,
2018/06/10,134,SEF,-,9.15,9.3,9.13,9.13,9.13,0.0,0.0,9.26,"5,500.00",9.32,"50,905.00",3,0.0,0.17,-2.04,1.86,-1.37,10.20,9.10,,
2018/06/11,142,SEF,-,9.0,9.2,9.0,9.2,9.20,0.0,0.0,9.05,"9,750.00",9.13,"88,257.00",7,0.0,0.2,0.77,2.22,1.61,10.20,9.10,,
2018/06/12,134,SEF,-,9.1,9.28,9.1,9.1,9.10,0.0,0.0,9.23,"2,700.00",9.20,"24,930.00",4,0.0,0.18,-1.09,1.98,-1.47,10.20,9.00,,
2018/06/14,136,SEF,-,9.1,9.1,9.03,9.03,9.03,0.0,0.0,9.04,"3,000.00",9.10,"27,125.00",2,0.00,0.07,-0.77,0.78,-0.13,10.20,9.00,,
2018/06/17,131,SEF,-,8.9,8.9,8.9,8.9,8.90,0.0,0.0,8.90,400.00,9.03,"3,560.00",1,0.0,0.0,-1.44,0.0,0.0,10.20,9.00,,
2018/06/19,136,SEF,-,8.8,8.8,8.8,8.8,8.80,0.0,0.0,8.80,"2,500.00",8.90,"22,000.00",1,0.0,0.0,-1.12,0.0,0.0,10.20,8.90,,
2018/05/02,131,SEF,-,9.35,9.45,9.3,9.45,9.45,0.0,0.0,9.39,"14,700.00",9.35,"138,010.00",6,0.0,0.15,1.07,1.61,0.65,10.20,9.10,,
2018/05/03,143,SEF,-,9.32,9.32,9.32,9.32,9.32,0.0,0.0,9.32,"2,000.00",9.45,"18,640.00",1,0.0,0.0,-1.38,0.0,0.0,10.20,9.10,,
2018/05/06,131,SEF,-,9.27,9.53,9.27,9.53,9.53,0.0,0.0,9.30,"4,100.00",9.32,"38,122.00",5,0.0,0.26,2.25,2.8,2.43,10.20,9.10,,
2018/05/07,132,SEF,-,9.72,9.72,9.6,9.6,9.60,0.0,0.0,9.63,"6,800.00",9.53,"65,460.00",6,0.0,0.12,0.73,1.25,-0.28,10.20,9.10,,
2018/05/08,136,SEF,-,9.5,9.69,9.5,9.69,9.69,0.0,0.0,9.66,600.00,9.60,"5,795.00",2,0.0,0.19,0.94,2.0,0.33,10.20,9.10,,
2018/05/09,131,SEF,-,9.5,9.6,9.5,9.6,9.60,0.0,0.0,9.54,"11,800.00",9.69,"112,600.00",4,0.0,0.1,-0.93,1.05,0.6,10.20,9.10,,
2018/05/10,133,SEF,-,9.6,9.6,9.41,9.6,9.60,0.0,0.0,9.51,"2,100.00",9.60,"19,970.00",4,0.0,0.19,0.0,2.02,0.94,10.20,9.10,,
2018/05/14,134,SEF,-,9.41,9.55,9.36,9.55,9.55,0.0,0.0,9.44,"3,290.00",9.60,"31,052.00",5,0.0,0.19,-0.52,2.03,1.17,10.20,9.10,,
2018/05/16,260,SEF,16.19,9.22,9.29,9.22,9.29,9.29,0.0,0.0,9.22,"20,152.00",9.10,"185,812.08",3,0.19,0.07,2.09,0.76,0.75,11.50,8.72,10.04,9.92
2018/05/17,128,SEF,-,9.6,9.6,9.6,9.6,9.60,0.0,0.0,9.60,"2,500.00",9.60,"24,000.00",1,0.0,0.0,0.0,0.0,0.0,10.20,9.10,,
2018/05/20,133,SEF,-,9.45,9.64,9.45,9.6,9.60,0.0,0.0,9.59,"4,800.00",9.60,"46,042.00",5,0.0,0.19,0.0,2.01,0.08,10.20,9.10,,
2018/05/21,137,SEF,-,9.6,9.64,9.45,9.5,9.50,0.0,0.0,9.58,"7,700.00",9.60,"73,738.00",6,0.0,0.19,-1.04,2.01,-0.8,10.20,9.10,,
2018/05/22,133,SEF,-,9.6,9.65,9.6,9.65,9.65,0.0,0.0,9.62,"8,800.00",9.50,"84,630.00",4,0.0,0.05,1.58,0.52,0.34,10.20,9.10,,
2018/05/24,135,SEF,-,9.75,9.75,9.75,9.75,9.75,0.0,0.0,9.75,"2,000.00",9.65,"19,500.00",1,0.0,0.0,1.04,0.0,0.0,10.20,9.10,,
2018/04/06,260,SEF,16.19,9.22,9.29,9.22,9.29,9.29,0.0,0.0,9.22,"20,152.00",9.10,"185,812.08",3,0.19,0.07,2.09,0.76,0.75,11.50,8.72,10.04,9.92
2018/04/08,147,SEF,-,9.85,10.0,9.8,10.0,10.00,0.0,0.0,9.99,"25,800.00",10.00,"257,694.00",7,0.0,0.2,0.0,2.04,0.12,10.20,9.10,,
2018/04/09,141,SEF,-,9.85,9.99,9.85,9.88,9.88,0.0,0.0,9.86,"29,500.00",10.00,"290,820.00",4,0.0,0.14,-1.2,1.42,0.22,10.20,9.10,,
2018/04/10,132,SEF,-,9.7,9.8,9.7,9.75,9.75,0.0,0.0,9.72,"25,200.00",9.88,"245,040.00",7,0.00,0.10,-1.32,1.03,0.27,10.20,9.10,,
2018/04/11,131,SEF,-,9.85,9.94,9.85,9.94,9.94,0.0,0.0,9.90,"27,650.00",9.75,"273,740.00",5,0.0,0.09,1.95,0.91,0.4,10.20,9.10,,
2018/04/12,135,SEF,-,9.8,9.85,9.8,9.85,9.85,0.0,0.0,9.83,"8,000.00",9.94,"78,650.00",6,0.0,0.05,-0.91,0.51,0.19,10.20,9.10,,
2018/04/15,131,SEF,-,9.65,9.65,9.65,9.65,9.65,0.0,0.0,9.65,"1,000.00",9.85,"9,650.00",2,0.0,0.0,-2.03,0.0,0.0,10.20,9.10,,
2018/04/16,142,SEF,-,9.8,9.85,9.75,9.85,9.85,0.0,0.0,9.81,"3,100.00",9.65,"30,415.00",5,0.0,0.1,2.07,1.03,0.39,10.20,9.10,,
2018/04/17,138,SEF,-,9.85,10.0,9.8,10.0,10.00,0.0,0.0,9.86,"2,000.00",9.85,"19,725.00",4,0.0,0.2,1.52,2.04,1.37,10.20,9.10,,
2018/04/18,140,SEF,-,10.01,10.01,10.01,10.01,10.01,0.0,0.0,10.01,"5,000.00",10.00,"50,050.00",1,0.00,0.00,0.1,0.0,0.0,10.20,9.10,,
2018/04/19,141,SEF,-,9.81,10.0,9.75,9.9,9.90,0.0,0.0,9.87,"19,780.00",10.01,"195,288.00",13,0.0,0.25,-1.1,2.56,0.27,10.20,9.10,,
2018/04/22,140,SEF,-,9.9,9.99,9.9,9.95,9.95,0.0,0.0,9.94,"48,800.00",9.90,"485,120.00",15,0.00,0.09,0.51,0.91,0.09,10.20,9.10,,
2018/04/23,142,SEF,-,9.8,9.9,9.75,9.9,9.90,0.0,0.0,9.80,"59,000.00",9.95,"578,370.00",7,0.0,0.15,-0.5,1.54,0.98,10.20,9.10,,
2018/04/24,144,SEF,-,10.0,10.0,9.8,9.86,9.86,0.0,0.0,9.85,"9,300.00",9.90,"91,620.00",7,0.0,0.2,-0.4,2.04,0.09,10.20,9.10,,
2018/04/25,133,SEF,-,9.66,9.85,9.66,9.7,9.70,0.0,0.0,9.67,"6,700.00",9.86,"64,820.00",8,0.0,0.19,-1.62,1.97,0.26,10.20,9.10,,
2018/04/26,134,SEF,-,9.55,9.6,9.55,9.6,9.60,0.0,0.0,9.59,"3,500.00",9.70,"33,575.00",2,0.0,0.05,-1.03,0.52,0.07,10.20,9.10,,
2018/03/13,128,SEF,-,9.75,9.75,9.75,9.75,9.75,0.0,0.0,9.75,"10,000.00",9.68,"97,500.00",3,0.0,0.0,0.72,0.0,0.0,10.20,9.16,,
2018/03/14,127,SEF,-,9.7,9.7,9.5,9.7,9.70,0.0,0.0,9.61,"44,500.00",9.75,"427,570.00",13,0.0,0.2,-0.51,2.11,0.95,10.20,9.16,,
2018/03/15,124,SEF,-,9.7,9.75,9.65,9.75,9.75,0.0,0.0,9.67,"16,700.00",9.70,"161,515.00",16,0.0,0.1,0.52,1.04,0.8,10.20,9.16,,
2018/03/18,124,SEF,-,9.7,9.8,9.6,9.6,9.60,0.0,0.0,9.73,"15,000.00",9.75,"145,900.00",5,0.0,0.2,-1.54,2.08,-1.32,10.20,9.16,,
2018/03/19,129,SEF,-,9.69,9.7,9.69,9.7,9.70,0.0,0.0,9.69,"22,500.00",9.60,"218,050.00",2,0.0,0.01,1.04,0.1,0.09,10.20,9.16,,
2018/03/20,133,SEF,-,9.85,9.85,9.85,9.85,9.85,0.0,0.0,9.85,"4,300.00",9.70,"42,355.00",2,0.0,0.0,1.55,0.0,0.0,10.20,9.16,,
2018/03/22,131,SEF,-,9.75,9.75,9.57,9.57,9.57,0.0,0.0,9.60,"3,500.00",9.85,"33,585.00",4,0.0,0.18,-2.84,1.88,-0.27,10.20,9.16,,
2018/03/26,130,SEF,-,9.5,9.5,9.22,9.23,9.23,0.0,0.0,9.32,"15,400.00",9.57,"143,603.00",10,0.00,0.28,-3.55,3.04,-1.03,10.20,9.16,,
2018/03/27,140,SEF,-,9.1,9.2,9.1,9.2,9.20,0.0,0.0,9.13,"9,000.00",9.23,"82,210.00",4,0.0,0.10,-0.32,1.1,0.71,10.20,9.16,,
2018/03/28,134,SEF,-,9.38,9.59,9.38,9.59,9.59,0.0,0.0,9.53,"18,500.00",9.20,"176,220.00",8,0.0,0.21,4.24,2.24,0.67,10.20,9.10,,
2018/03/29,137,SEF,-,9.4,9.79,9.36,9.65,9.65,0.0,0.0,9.63,"10,000.00",9.59,"96,310.00",11,0.0,0.43,0.63,4.59,0.2,10.20,9.10,,
2018/04/01,131,SEF,-,9.65,9.7,9.5,9.5,9.50,0.0,0.0,9.59,"49,350.00",9.65,"473,252.00",15,0.0,0.2,-1.55,2.11,-0.94,10.20,9.10,,
2018/04/02,129,SEF,-,9.35,9.5,9.3,9.31,9.31,0.0,0.0,9.35,"105,500.00",9.50,"986,922.00",18,0.0,0.2,-2.0,2.15,-0.48,10.20,9.10,,
2018/04/03,133,SEF,-,9.16,9.4,9.15,9.23,9.23,0.0,0.0,9.21,"8,850.00",9.31,"81,520.00",7,0.0,0.25,-0.86,2.73,0.2,10.20,9.10,,
2018/02/12,130,SEF,-,9.66,9.8,9.61,9.75,9.75,0.0,0.0,9.75,"8,700.00",9.66,"84,820.00",4,0.0,0.19,0.0,1.98,0.01,0.0,0.0,,
2018/02/15,139,SEF,-,9.75,9.8,9.8,9.8,9.80,0.0,0.0,9.80,"2,000.00",9.75,"19,600.00",1,0.0,0.0,0.0,0.0,0.0,0.0,0.0,,
2018/02/18,132,SEF,-,9.6,9.6,9.6,9.6,9.60,0.0,0.0,9.60,"11,500.00",9.80,"110,400.00",3,0.0,0.0,-2.04,0.0,0.0,10.20,9.61,,
2018/02/20,136,SEF,-,9.79,9.79,9.6,9.6,9.60,0.0,0.0,9.72,"4,800.00",9.60,"46,650.00",22,0.0,0.19,0.0,1.98,-1.24,10.20,9.60,,
2018/02/21,121,SEF,-,9.6,9.6,9.6,9.6,9.60,0.0,0.0,9.60,"12,500.00",9.60,"120,000.00",2,0.0,0.0,0.0,0.0,0.0,10.20,9.60,,
2018/02/22,133,SEF,-,9.56,9.6,9.56,9.6,9.60,0.0,0.0,9.58,"21,100.00",9.60,"202,148.00",9,0.0,0.04,0.0,0.42,0.2,10.20,9.60,,
2018/02/25,260,SEF,16.19,9.22,9.29,9.22,9.29,9.29,0.0,0.0,9.22,"20,152.00",9.10,"185,812.08",3,0.19,0.07,2.09,0.76,0.75,11.50,8.72,10.04,9.92
2018/02/26,125,SEF,-,9.45,9.48,9.45,9.48,9.48,0.0,0.0,9.47,"3,500.00",9.46,"33,135.00",2,0.00,0.03,0.21,0.32,0.14,10.20,9.46,,
2018/02/28,133,SEF,-,9.67,9.67,9.45,9.47,9.47,0.0,0.0,9.48,"22,400.00",9.48,"212,436.00",10,0.0,0.22,-0.11,2.33,-0.15,10.20,9.45,,
2018/03/04,126,SEF,-,9.45,9.45,9.26,9.26,9.26,0.0,0.0,9.36,"5,000.00",9.47,"46,775.00",6,0.0,0.19,-2.22,2.05,-1.03,10.20,9.45,,
2018/03/05,128,SEF,-,9.26,9.3,9.16,9.2,9.20,0.0,0.0,9.20,"23,100.00",9.26,"212,420.00",5,0.0,0.14,-0.65,1.53,0.05,10.20,9.26,,
2018/03/06,138,SEF,-,9.16,9.35,9.16,9.35,9.35,0.0,0.0,9.25,"12,100.00",9.20,"111,917.00",9,0.0,0.19,1.63,2.07,1.08,10.20,9.16,,
2018/03/07,131,SEF,-,9.41,9.41,9.2,9.4,9.40,0.0,0.0,9.33,"55,800.00",9.35,"520,580.00",19,0.0,0.21,0.53,2.28,0.75,10.20,9.16,,
2018/03/11,132,SEF,-,9.27,9.68,9.27,9.68,9.68,0.0,0.0,9.39,"5,500.00",9.40,"51,645.00",5,0.0,0.41,2.98,4.42,3.0,10.20,9.16,,
2018/01/17,131,SEF,-,10.0,10.15,10.0,10.15,10.15,0.0,0.0,10.15,"13,200.00",10.00,"133,950.00",2,0.0,0.15,0.0,1.5,0.02,0.0,0.0,,
2018/01/21,137,SEF,-,10.15,10.15,10.1,10.14,10.14,0.0,0.0,10.12,"32,150.00",10.15,"325,265.00",18,0.0,0.05,0.0,0.5,0.23,0.0,0.0,,
2018/01/23,129,SEF,-,10.14,10.2,10.1,10.1,10.10,0.0,0.0,10.15,"23,500.00",10.14,"238,500.00",7,0.0,0.1,0.0,0.99,-0.48,0.0,0.0,,
2018/01/24,132,SEF,-,10.1,10.1,10.0,10.0,10.00,0.0,0.0,10.02,"13,500.00",10.10,"135,210.00",6,0.0,0.1,0.0,1.0,-0.16,0.0,0.0,,
2018/01/25,135,SEF,-,10.0,10.0,10.0,10.0,10.00,0.0,0.0,10.00,"3,000.00",10.00,"30,000.00",1,0.0,0.0,0.0,0.0,0.0,0.0,0.0,,
2018/01/28,134,SEF,-,10.0,10.0,10.0,10.0,10.00,0.0,0.0,10.00,"3,000.00",10.00,"30,000.00",3,0.0,0.0,0.0,0.0,0.0,0.0,0.0,,
2018/01/29,136,SEF,-,10.0,10.2,10.05,10.05,10.05,0.0,0.0,10.06,"2,100.00",10.00,"21,120.00",2,0.0,0.15,0.0,1.49,-0.07,0.0,0.0,,
2018/01/31,134,SEF,-,10.05,10.09,9.97,10.09,10.09,0.0,0.0,10.05,"51,000.00",10.05,"512,470.00",7,0.0,0.12,0.0,1.2,0.41,0.0,0.0,,
2018/02/01,132,SEF,-,10.09,10.09,9.96,9.96,9.96,0.0,0.0,10.09,"8,300.00",10.09,"83,708.00",3,0.0,0.13,0.0,1.31,-1.26,0.0,0.0,,
2018/02/04,135,SEF,-,9.96,9.9,9.9,9.9,9.90,0.0,0.0,9.90,"4,500.00",9.96,"44,550.00",1,0.0,0.0,0.0,0.0,0.0,0.0,0.0,,
2018/02/05,129,SEF,-,9.9,10.0,9.78,9.81,9.81,0.0,0.0,9.83,"19,500.00",9.90,"191,715.00",8,0.0,0.22,0.0,2.25,-0.22,0.0,0.0,,
2018/02/06,129,SEF,-,9.81,9.9,9.71,9.9,9.90,0.0,0.0,9.88,"19,900.00",9.81,"196,630.00",4,0.0,0.19,0.0,1.96,0.19,0.0,0.0,,
2018/02/07,126,SEF,-,9.9,9.88,9.73,9.8,9.80,0.0,0.0,9.78,"1,700.00",9.90,"16,630.00",4,0.0,0.15,0.0,1.54,0.18,0.0,0.0,,
2018/02/08,126,SEF,-,9.8,9.7,9.69,9.7,9.70,0.0,0.0,9.70,"7,100.00",9.80,"68,849.00",2,0.0,0.01,0.0,0.1,0.03,0.0,0.0,,
2017/11/16,260,SEF,16.19,9.22,9.29,9.22,9.29,9.29,0.0,0.0,9.22,"20,152.00",9.10,"185,812.08",3,0.19,0.07,2.09,0.76,0.75,11.50,8.72,10.04,9.92
2017/10/19,260,SEF,16.19,9.22,9.29,9.22,9.29,9.29,0.0,0.0,9.22,"20,152.00",9.10,"185,812.08",3,0.19,0.07,2.09,0.76,0.75,11.50,8.72,10.04,9.92
2017/09/06,260,SEF,16.19,9.22,9.29,9.22,9.29,9.29,0.0,0.0,9.22,"20,152.00",9.10,"185,812.08",3,0.19,0.07,2.09,0.76,0.75,11.50,8.72,10.04,9.92
2017/06/12,260,SEF,16.19,9.22,9.29,9.22,9.29,9.29,0.0,0.0,9.22,"20,152.00",9.10,"185,812.08",3,0.19,0.07,2.09,0.76,0.75,11.50,8.72,10.04,9.92
2018/02/11,133,SEF,-,9.7,9.7,9.66,9.66,9.66,0.0,0.0,9.70,"15,200.00",9.70,"147,432.00",4,0.0,0.04,0.0,0.41,-0.41,0.0,0.0,,
2018/04/05,140,SEF,-,9.41,10.0,9.41,10.0,10.00,0.0,0.0,9.82,"20,700.00",9.23,"203,301.00",5,1.0,0.59,8.34,6.27,1.79,10.20,9.10,,
2018/04/29,134,SEF,-,9.41,9.5,9.35,9.35,9.35,0.0,0.0,9.45,"11,500.00",9.60,"108,625.00",4,0.0,0.15,-2.6,1.6,-1.02,10.20,9.10,,
2018/07/15,141,SEF,-,8.83,9.38,8.83,9.2,9.20,0.0,0.0,9.25,"22,750.00",8.82,"210,469.00",11,0.0,0.55,4.31,6.23,-0.56,10.20,8.80,,
2018/08/07,129,SEF,-,9.1,9.1,9.0,9.0,9.00,0.0,0.0,9.03,"3,500.00",9.10,"31,600.00",5,0.0,0.1,-1.1,1.11,-0.32,10.20,8.66,,
2017/04/30,260,SEF,16.19,9.22,9.29,9.22,9.29,9.29,0.0,0.0,9.22,"20,152.00",9.10,"185,812.08",3,0.19,0.07,2.09,0.76,0.75,11.50,8.72,10.04,9.92
