Date,S.No,Symbol,Conf.,Open,High,Low,Close,LTP,Close - LTP,Close - LTP %,VWAP,Vol,Prev. Close,Turnover,Trans.,Diff,Range,Diff %,Range %,VWAP %,52 Weeks High,52 Weeks Low,120 Days,180 Days
2025/08/25,263,SICL,33.35,744.0,744.0,731.7,735.01,735.00,0.01,0.0,734.40,"8,411.00",732.45,"6,177,040.90",77,2.56,12.3,0.35,1.68,0.08,990.00,708.70,,
2025/08/26,269,SICL,32.69,730.0,740.0,730.0,733.59,734.00,-0.41,0.0,732.70,"7,798.00",735.01,"5,713,597.40",66,-1.42,10.0,-0.19,1.37,0.12,980.00,708.70,,
2025/08/27,268,SICL,38.82,745.0,748.0,733.0,744.41,742.00,2.41,0.0,741.90,"13,178.00",733.59,"9,776,705.10",85,10.82,15.0,1.47,2.05,0.34,980.00,708.70,,
2025/08/28,268,SICL,35.59,757.0,757.0,735.0,735.81,736.00,-0.19,0.0,744.22,"9,430.00",744.41,"7,018,029.90",107,-8.6,22.0,-1.16,2.99,-1.14,980.00,708.70,,
2025/08/31,268,SICL,37.83,735.0,749.0,730.3,736.64,738.00,-1.36,0.0,735.50,"9,939.00",735.81,"7,310,181.00",96,0.83,18.7,0.11,2.56,0.15,980.00,708.70,,
2025/09/01,273,SICL,37.98,744.0,744.0,736.0,741.97,743.10,-1.13,0.0,740.74,"6,117.00",736.64,"4,531,076.10",57,5.33,8.0,0.72,1.09,0.17,980.00,708.70,,
2025/09/02,272,SICL,36.21,741.97,750.0,737.0,738.28,737.00,1.28,0.0,739.16,"4,786.00",741.97,"3,537,610.50",62,-3.69,13.0,-0.5,1.76,-0.12,980.00,708.70,,
2025/09/03,273,SICL,33.36,746.8,746.8,732.2,734.1,738.00,-3.9,-0.01,735.08,"5,161.00",738.28,"3,793,735.40",59,-4.18,14.6,-0.57,1.99,-0.13,980.00,708.70,,
2025/09/04,263,SICL,39.27,736.0,736.7,731.0,734.83,733.00,1.83,0.0,734.34,"13,222.00",734.10,"9,709,421.90",87,0.73,5.7,0.1,0.78,0.07,972.00,708.70,,
2025/09/07,280,SICL,34.2,734.0,738.0,730.1,735.07,735.00,0.07,0.0,734.52,"5,755.00",734.83,"4,227,147.80",64,0.24,7.9,0.03,1.08,0.08,925.00,708.70,,
2025/09/08,267,SICL,30.53,730.1,735.0,721.0,726.7,729.00,-2.3,0.0,725.79,"6,893.00",735.07,"5,002,836.60",76,-8.37,14.0,-1.14,1.94,0.13,925.00,708.70,,
2025/09/18,197,SICL,18.58,712.2,712.2,654.2,654.2,654.20,0.0,0.0,682.55,"2,150.00",726.70,"1,467,476.00",16,-72.5,58.0,-9.98,8.87,-4.33,905.00,654.20,,
2025/09/21,276,SICL,29.27,641.2,641.2,588.8,624.84,631.00,-6.16,-0.01,613.47,"79,980.00",654.20,"49,065,574.80",805,-29.36,52.40,-4.49,8.9,1.82,905.00,588.80,,
2025/09/23,275,SICL,26.12,636.9,660.0,625.0,657.7,657.70,0.0,0.0,645.92,"21,715.00",624.84,"14,026,254.70",221,32.86,35.0,5.26,5.6,1.79,905.00,588.80,,
2025/09/24,264,SICL,23.11,658.0,660.0,647.0,652.1,652.10,0.0,0.0,650.17,"9,398.00",657.70,"6,110,310.90",88,-5.60,13.0,-0.85,2.01,0.3,905.00,588.80,,
2025/09/25,272,SICL,30.43,639.1,650.0,639.0,644.0,644.00,0.0,0.0,642.00,"11,244.00",652.10,"7,218,650.10",106,-8.1,11.0,-1.24,1.72,0.31,905.00,588.80,757.69,772.49
2025/07/30,274,SICL,35.46,825.0,825.0,803.1,804.53,803.20,1.33,0.0,807.69,"29,897.00",819.39,"24,147,401.10",227,-14.86,21.9,-1.81,2.73,-0.39,"1,120.00",708.70,,
2025/07/31,265,SICL,31.79,796.0,805.0,785.1,790.28,789.00,1.28,0.0,792.26,"26,531.00",804.53,"21,019,507.40",288,-14.25,19.9,-1.77,2.53,-0.25,"1,120.00",708.70,,
2025/08/03,267,SICL,30.14,781.1,790.0,774.0,774.97,776.00,-1.03,0.0,780.47,"22,509.00",790.28,"17,567,641.00",238,-15.31,16.0,-1.94,2.07,-0.71,"1,120.00",708.70,,
2025/08/04,271,SICL,29.04,785.0,785.0,762.1,773.58,780.00,-6.42,-0.01,769.63,"19,151.00",774.97,"14,739,105.60",164,-1.39,22.9,-0.18,3.0,0.51,"1,120.00",708.70,,
2025/08/05,272,SICL,29.28,773.58,788.0,761.0,765.27,770.00,-4.73,-0.01,770.08,"12,288.00",773.58,"9,462,760.50",128,-8.31,27.0,-1.07,3.55,-0.63,"1,120.00",708.70,,
2025/08/06,267,SICL,26.9,758.0,770.0,750.1,764.83,766.00,-1.17,0.0,763.65,"13,558.00",765.27,"10,353,580.20",97,-0.44,19.90,-0.06,2.65,0.15,"1,120.00",708.70,,
2025/08/07,265,SICL,24.54,769.0,772.0,764.0,770.24,770.10,0.14,0.0,767.14,"13,504.00",764.83,"10,359,470.00",116,5.41,8.0,0.71,1.05,0.4,"1,120.00",708.70,,
2025/08/11,269,SICL,24.57,771.1,777.0,757.0,759.79,757.20,2.59,0.0,765.27,"10,882.00",770.24,"8,327,710.70",132,-10.45,20.0,-1.36,2.64,-0.72,"1,120.00",708.70,,
2025/08/12,270,SICL,27.24,759.8,767.0,752.1,754.28,756.00,-1.72,0.0,755.20,"11,674.00",759.79,"8,816,192.70",107,-5.51,14.9,-0.73,1.98,-0.12,"1,120.00",708.70,,
2025/08/13,268,SICL,25.33,754.0,765.0,740.0,750.07,751.00,-0.93,0.0,751.44,"9,826.00",754.28,"7,383,601.10",114,-4.21,25.0,-0.56,3.38,-0.18,"1,120.00",708.70,,
2025/08/14,266,SICL,24.03,755.0,755.0,745.0,747.84,749.90,-2.06,0.0,749.65,"9,313.00",750.07,"6,981,517.20",94,-2.23,10.0,-0.3,1.34,-0.24,"1,120.00",708.70,,
2025/08/17,262,SICL,29.98,750.1,752.0,744.0,745.17,744.00,1.17,0.0,747.02,"15,329.00",747.84,"11,451,127.90",137,-2.67,8.0,-0.36,1.08,-0.25,"1,060.80",708.70,,
2025/08/18,268,SICL,27.37,746.0,751.0,744.0,744.73,744.50,0.23,0.0,745.45,"5,656.00",745.17,"4,216,253.70",66,-0.44,7.0,-0.06,0.94,-0.1,"1,060.80",708.70,,
2025/08/19,262,SICL,31.28,745.0,751.0,740.0,745.49,745.00,0.49,0.0,742.19,"9,536.00",744.73,"7,077,494.50",121,0.76,11.0,0.1,1.49,0.44,"1,045.00",708.70,,
2025/08/20,270,SICL,33.12,750.0,750.0,740.2,741.25,742.50,-1.25,0.0,742.66,"11,206.00",745.49,"8,322,237.10",46,-4.24,9.8,-0.57,1.32,-0.19,"1,045.00",708.70,,
2025/08/21,266,SICL,33.05,739.0,745.0,735.0,738.35,743.00,-4.65,-0.01,739.77,"10,845.00",741.25,"8,022,845.00",100,-2.9,10.0,-0.39,1.36,-0.19,"1,045.00",708.70,,
2025/07/07,259,SICL,43.81,764.0,777.0,758.0,761.28,761.00,0.28,0.0,766.73,"20,994.00",777.82,"16,096,761.80",152,-16.54,19.0,-2.13,2.51,-0.72,"1,120.00",692.70,,
2025/07/08,252,SICL,44.36,760.0,769.0,755.0,759.34,764.00,-4.66,-0.01,760.97,"14,124.00",761.28,"10,747,892.30",87,-1.94,14.0,-0.25,1.85,-0.21,"1,120.00",695.10,,
2025/07/09,263,SICL,43.36,754.1,775.0,754.1,768.42,766.90,1.52,0.0,767.35,"7,838.00",759.34,"6,014,478.90",104,9.08,20.9,1.2,2.77,0.14,"1,120.00",695.10,,
2025/07/10,259,SICL,33.28,765.0,783.0,761.0,775.38,777.20,-1.82,0.0,766.25,"37,562.00",768.42,"28,781,885.90",123,6.96,22.0,0.91,2.89,1.18,"1,120.00",705.00,,
2025/07/13,258,SICL,32.26,790.8,800.0,765.0,773.78,775.00,-1.22,0.0,776.75,"26,229.00",775.38,"20,373,426.90",202,-1.6,35.0,-0.21,4.58,-0.38,"1,120.00",708.70,,
2025/07/14,267,SICL,30.94,776.0,785.0,765.0,765.54,765.00,0.54,0.0,772.99,"9,502.00",773.78,"7,344,987.30",81,-8.24,20.00,-1.06,2.61,-0.97,"1,120.00",708.70,,
2025/07/15,264,SICL,36.32,780.0,780.0,765.0,771.1,772.10,-1.0,0.0,769.02,"14,680.00",765.54,"11,289,150.00",78,5.56,15.00,0.73,1.96,0.27,"1,120.00",708.70,,
2025/07/16,278,SICL,36.34,786.5,786.5,770.0,773.53,777.50,-3.97,-0.01,773.96,"22,324.00",771.10,"17,277,797.20",156,2.43,16.5,0.32,2.14,-0.06,"1,120.00",708.70,,
2025/07/17,258,SICL,40.16,789.0,796.0,780.1,790.55,792.00,-1.45,0.0,790.93,"27,416.00",773.53,"21,684,003.00",257,17.02,15.90,2.2,2.04,-0.05,"1,120.00",708.70,,
2025/07/20,262,SICL,43.92,800.0,820.0,791.5,799.8,799.00,0.8,0.0,807.68,"45,266.00",790.55,"36,560,609.40",380,9.25,28.5,1.17,3.6,-0.99,"1,120.00",708.70,,
2025/07/21,257,SICL,42.87,800.0,804.9,786.0,795.97,796.10,-0.13,0.0,798.82,"40,028.00",799.80,"31,975,345.50",225,-3.83,18.9,-0.48,2.4,-0.36,"1,120.00",708.70,,
2025/07/22,265,SICL,47.56,811.6,824.0,811.0,822.02,823.00,-0.98,0.0,819.02,"53,963.00",795.97,"44,196,756.20",368,26.05,13.0,3.27,1.6,0.36,"1,120.00",708.70,,
2025/07/23,265,SICL,45.72,825.1,825.1,806.0,809.66,815.00,-5.34,-0.01,812.43,"53,132.00",822.02,"43,166,081.50",296,-12.36,19.10,-1.5,2.37,-0.34,"1,120.00",708.70,,
2025/07/24,274,SICL,40.95,812.0,817.0,807.3,810.19,808.60,1.59,0.0,811.65,"26,366.00",809.66,"21,399,983.30",217,0.53,9.7,0.07,1.2,-0.18,"1,120.00",708.70,,
2025/07/27,269,SICL,40.79,810.0,824.0,810.0,810.18,810.00,0.18,0.0,816.77,"45,419.00",810.19,"37,096,678.40",271,-0.01,14.0,0.0,1.73,-0.81,"1,120.00",708.70,,
2025/07/28,267,SICL,38.39,810.0,813.0,800.5,807.73,813.00,-5.27,-0.01,803.38,"27,980.00",810.18,"22,478,641.20",242,-2.45,12.5,-0.3,1.56,0.54,"1,120.00",708.70,,
2025/06/12,258,SICL,42.37,736.0,750.7,736.0,743.32,741.00,2.32,0.0,747.92,"17,266.00",735.75,"12,913,519.60",80,7.57,14.7,1.03,2.0,-0.62,"1,120.00",675.00,,
2025/06/15,258,SICL,39.41,740.0,745.0,739.1,739.62,740.00,-0.38,0.0,740.86,"19,240.00",743.32,"14,254,167.20",134,-3.7,5.9,-0.5,0.8,-0.17,"1,120.00",675.00,,
2025/06/16,266,SICL,45.85,737.2,755.0,735.3,745.12,745.00,0.12,0.0,745.62,"22,895.00",739.62,"17,071,000.10",122,5.5,19.7,0.74,2.68,-0.07,"1,120.00",675.00,,
2025/06/17,253,SICL,37.94,737.6,747.0,737.0,739.26,738.00,1.26,0.0,738.68,"7,313.00",745.12,"5,401,990.10",81,-5.86,10.0,-0.79,1.36,0.08,"1,120.00",675.00,,
2025/06/18,261,SICL,38.76,737.2,745.0,737.0,739.17,740.00,-0.83,0.0,738.56,"4,431.00",739.26,"3,272,579.80",83,-0.09,8.0,-0.01,1.09,0.08,"1,120.00",675.00,,
2025/06/19,262,SICL,29.09,740.0,740.0,734.0,735.13,734.00,1.13,0.0,735.63,"21,508.00",739.17,"15,821,975.50",129,-4.04,6.00,-0.55,0.82,-0.07,"1,120.00",675.00,,
2025/06/22,258,SICL,30.36,735.0,735.0,727.0,727.74,727.00,0.74,0.0,729.79,"10,546.00",735.13,"7,696,315.40",124,-7.39,8.00,-1.01,1.1,-0.28,"1,120.00",675.00,,
2025/06/23,273,SICL,24.64,727.7,727.8,720.0,721.7,724.00,-2.3,0.0,723.37,"7,061.00",727.74,"5,107,692.40",105,-6.04,7.80,-0.83,1.08,-0.23,"1,120.00",675.00,,
2025/06/24,263,SICL,27.74,735.0,735.0,720.1,721.27,720.10,1.17,0.0,723.74,"9,676.00",721.70,"7,002,908.90",100,-0.43,14.90,-0.06,2.07,-0.34,"1,120.00",675.00,,
2025/06/25,258,SICL,30.47,722.0,725.0,719.0,724.8,725.00,-0.2,0.0,722.13,"13,783.00",721.27,"9,953,111.60",92,3.53,6.0,0.49,0.83,0.37,"1,120.00",675.00,,
2025/06/26,272,SICL,30.43,639.1,650.0,639.0,644.0,644.00,0.0,0.0,642.00,"11,244.00",652.10,"7,218,650.10",106,-8.1,11.0,-1.24,1.72,0.31,905.00,588.80,757.69,772.49
2025/06/29,276,SICL,29.39,716.1,720.0,713.0,716.74,717.60,-0.86,0.0,715.49,"9,152.00",716.66,"6,548,188.50",118,0.08,7.0,0.01,0.98,0.17,"1,120.00",675.00,,
2025/06/30,265,SICL,32.75,731.0,731.0,708.7,715.32,722.80,-7.48,-0.01,717.00,"9,798.00",716.74,"7,025,163.50",96,-1.42,22.30,-0.2,3.15,-0.23,"1,120.00",675.00,,
2025/07/01,257,SICL,37.66,725.0,730.0,723.0,728.08,726.00,2.08,0.0,726.81,"4,363.00",715.32,"3,171,056.60",61,12.76,7.0,1.78,0.97,0.17,"1,120.00",675.00,,
2025/07/02,265,SICL,44.16,735.0,750.0,728.1,748.0,747.80,0.2,0.0,743.41,"22,533.00",728.08,"16,751,307.10",191,19.92,21.9,2.74,3.01,0.61,"1,120.00",681.10,,
2025/07/03,260,SICL,47.23,749.0,808.8,740.0,788.41,785.00,3.41,0.0,776.05,"90,681.00",748.00,"70,373,302.50",501,40.41,68.8,5.4,9.3,1.57,"1,120.00",681.10,,
2025/05/18,257,SICL,33.56,755.0,757.0,750.0,754.26,752.50,1.76,0.0,751.73,"7,470.00",755.54,"5,615,400.40",78,-1.28,7.0,-0.17,0.93,0.34,"1,120.00",675.00,,
2025/05/19,272,SICL,37.1,755.0,760.0,739.2,742.77,760.00,-17.23,-0.02,743.37,"69,612.00",754.26,"51,747,412.20",273,-11.49,20.80,-1.52,2.81,-0.08,"1,120.00",675.00,,
2025/05/20,260,SICL,34.79,740.0,757.6,740.0,753.31,750.00,3.31,0.0,751.81,"9,362.00",742.77,"7,038,452.70",70,10.54,17.6,1.42,2.38,0.2,"1,120.00",675.00,,
2025/05/21,272,SICL,30.43,639.1,650.0,639.0,644.0,644.00,0.0,0.0,642.00,"11,244.00",652.10,"7,218,650.10",106,-8.1,11.0,-1.24,1.72,0.31,905.00,588.80,757.69,772.49
2025/05/22,262,SICL,39.31,755.0,764.9,750.0,755.85,756.00,-0.15,0.0,754.27,"23,125.00",755.17,"17,442,388.40",131,0.68,14.90,0.09,1.99,0.21,"1,120.00",675.00,,
2025/05/25,261,SICL,37.18,755.0,763.0,752.1,754.86,754.50,0.36,0.0,757.36,"9,483.00",755.85,"7,182,002.70",84,-0.99,10.9,-0.13,1.45,-0.33,"1,120.00",675.00,,
2025/05/26,284,SICL,41.8,769.9,769.9,737.0,742.55,740.00,2.55,0.0,748.98,"46,099.00",754.86,"34,527,034.30",210,-12.31,32.9,-1.63,4.46,-0.87,"1,120.00",675.00,,
2025/05/27,266,SICL,34.66,745.5,753.0,745.0,745.16,746.10,-0.94,0.0,746.41,"7,170.00",742.55,"5,351,767.00",72,2.61,8.0,0.35,1.07,-0.17,"1,120.00",675.00,,
2025/05/28,270,SICL,40.23,744.0,752.0,740.0,750.41,751.00,-0.59,0.0,742.81,"25,793.00",745.16,"19,159,262.20",120,5.25,12.0,0.7,1.62,1.01,"1,120.00",675.00,,
2025/06/02,260,SICL,40.16,764.0,765.3,749.0,750.03,749.20,0.83,0.0,755.84,"8,006.00",750.41,"6,051,244.40",115,-0.38,16.30,-0.05,2.18,-0.77,"1,120.00",675.00,,
2025/06/03,263,SICL,38.3,745.0,752.9,745.0,748.27,749.00,-0.73,0.0,749.15,"10,070.00",750.03,"7,543,914.90",126,-1.76,7.9,-0.23,1.06,-0.12,"1,120.00",675.00,,
2025/06/04,261,SICL,32.22,762.0,762.0,736.0,743.35,743.90,-0.55,0.0,743.46,"6,298.00",748.27,"4,682,317.00",101,-4.92,26.0,-0.66,3.53,-0.01,"1,120.00",675.00,,
2025/06/05,259,SICL,36.64,741.0,747.0,739.0,740.16,739.10,1.06,0.0,742.28,"22,510.00",743.35,"16,708,683.00",109,-3.19,8.0,-0.43,1.08,-0.29,"1,120.00",675.00,,
2025/06/08,261,SICL,28.63,739.0,745.0,738.9,739.94,743.40,-3.46,0.0,740.46,"8,722.00",740.16,"6,458,302.90",108,-0.22,6.1,-0.03,0.83,-0.07,"1,120.00",675.00,,
2025/06/09,271,SICL,30.39,744.9,745.0,734.9,738.18,738.90,-0.72,0.0,737.66,"12,975.00",739.94,"9,571,159.60",157,-1.76,10.1,-0.24,1.37,0.07,"1,120.00",675.00,,
2025/06/10,258,SICL,28.73,738.18,745.0,735.6,738.84,739.10,-0.26,0.0,739.53,"11,470.00",738.18,"8,482,439.00",131,0.66,9.4,0.09,1.28,-0.09,"1,120.00",675.00,,
2024/08/12,286,SICL,66.29,949.0,1024.0,935.0,1023.0,"1,023.00",0.0,0.0,976.43,"109,742.00",931.00,"107,155,368.00",828,92.0,89.00,9.88,9.52,4.55,"1,024.00",670.00,,
2024/09/09,276,SICL,39.86,883.0,891.5,864.4,867.0,867.00,0.0,0.0,875.52,"28,310.00",885.10,"24,785,911.10",301,-18.10,27.1,-2.04,3.14,-0.98,"1,120.00",670.00,,
2024/10/07,253,SICL,-,850.0,864.9,842.1,855.0,855.00,0.0,0.0,855.40,"10,681.00",844.00,"9,136,499.10",120,11.00,22.80,1.3,2.71,-0.05,"1,120.00",670.00,,
2024/11/10,272,SICL,-,858.0,886.0,852.0,885.0,885.00,0.0,0.0,874.57,"20,553.00",858.00,"17,975,106.20",142,27.0,34.00,3.15,3.99,1.18,"1,120.00",670.00,,
2024/12/04,268,SICL,30.37,852.9,852.9,833.5,839.0,839.00,0.0,0.0,841.53,"8,538.00",837.00,"7,185,023.50",77,2.0,19.4,0.24,2.33,-0.3,"1,120.00",670.00,,
2025/01/01,253,SICL,37.36,800.0,800.0,786.3,798.0,798.00,0.0,0.0,792.79,"3,874.00",799.00,"3,071,286.50",48,-1.0,13.7,-0.13,1.74,0.65,"1,120.00",670.00,,
2025/01/27,259,SICL,45.86,803.0,804.0,795.1,796.0,796.00,0.0,0.0,796.94,"9,381.00",803.60,"7,476,090.00",92,-7.60,8.90,-0.95,1.12,-0.12,"1,120.00",670.00,,
2025/02/24,257,SICL,44.05,774.0,780.0,765.0,774.9,774.90,0.0,0.0,771.83,"13,302.00",774.00,"10,266,837.40",126,0.90,15.00,0.12,1.96,0.4,"1,120.00",670.00,,
2025/03/23,265,SICL,21.3,778.0,789.9,765.2,766.34,766.00,0.34,0.0,772.43,"7,294.00",780.17,"5,634,096.00",105,-13.83,24.7,-1.77,3.23,-0.79,"1,120.00",670.00,,
2025/04/20,276,SICL,47.9,815.0,821.0,800.0,819.51,819.10,0.41,0.0,811.77,"41,462.00",801.57,"33,657,625.10",257,17.94,21.0,2.24,2.63,0.94,"1,120.00",670.00,,
2025/05/15,268,SICL,30.62,756.0,765.0,752.0,755.54,755.00,0.54,0.0,755.01,"9,598.00",760.24,"7,246,631.00",96,-4.7,13.0,-0.62,1.73,0.07,"1,120.00",675.00,,
2025/06/11,254,SICL,28.78,741.2,745.0,733.7,735.75,739.00,-3.25,0.0,738.04,"7,877.00",738.84,"5,813,552.50",108,-3.09,11.30,-0.42,1.54,-0.31,"1,120.00",675.00,,
2025/07/06,264,SICL,47.83,773.0,788.0,760.0,777.82,788.00,-10.18,-0.01,771.07,"41,762.00",788.41,"32,201,452.40",194,-10.59,28.0,-1.34,3.68,0.87,"1,120.00",692.70,,
2025/07/29,268,SICL,38.34,822.8,828.0,816.0,819.39,819.00,0.39,0.0,821.97,"36,689.00",807.73,"30,157,375.40",272,11.66,12.00,1.44,1.47,-0.32,"1,120.00",708.70,,
2025/08/24,269,SICL,32.12,740.0,745.0,732.0,732.45,732.20,0.25,0.0,736.53,"9,106.00",738.35,"6,706,879.10",97,-5.9,13.0,-0.8,1.78,-0.56,990.00,708.70,,
2025/04/21,266,SICL,46.67,820.0,824.6,811.0,818.97,822.00,-3.03,0.0,818.98,"27,012.00",819.51,"22,122,214.90",130,-0.54,13.6,-0.07,1.68,0.0,"1,120.00",670.00,,
2025/04/22,267,SICL,48.52,819.7,876.9,810.2,820.34,820.00,0.34,0.0,825.89,"31,873.00",818.97,"26,323,452.70",242,1.37,66.7,0.17,8.23,-0.68,"1,120.00",670.00,,
2025/04/23,256,SICL,44.29,810.0,811.1,803.0,805.0,805.00,0.0,0.0,806.46,"11,787.00",820.34,"9,505,802.40",85,-15.34,8.1,-1.87,1.01,-0.18,"1,120.00",670.00,,
2025/04/24,256,SICL,33.96,800.0,810.0,769.3,799.54,800.00,-0.46,0.0,797.25,"23,645.00",805.00,"18,850,884.10",165,-5.46,40.7,-0.68,5.29,0.29,"1,120.00",670.00,,
2025/04/27,261,SICL,29.98,794.0,808.0,785.0,791.52,800.00,-8.48,-0.01,794.56,"21,203.00",799.54,"16,846,988.70",122,-8.02,23.0,-1.0,2.93,-0.38,"1,120.00",670.00,,
2025/04/28,274,SICL,24.78,790.0,795.0,788.0,790.89,791.80,-0.91,0.0,790.15,"3,090.00",791.52,"2,441,548.50",38,-0.63,7.0,-0.08,0.89,0.09,"1,120.00",670.00,,
2025/04/29,260,SICL,22.4,790.8,800.0,785.6,786.2,789.00,-2.8,0.0,791.26,"4,315.00",790.89,"3,414,278.50",46,-4.69,14.4,-0.59,1.83,-0.64,"1,120.00",670.00,,
2025/04/30,263,SICL,26.99,782.0,790.0,779.3,779.98,779.30,0.68,0.0,782.59,"19,137.00",786.20,"14,976,408.20",98,-6.22,10.7,-0.79,1.37,-0.33,"1,120.00",670.00,,
2025/05/04,270,SICL,24.92,791.0,791.0,777.1,779.38,779.00,0.38,0.0,781.18,"10,625.00",779.98,"8,300,081.80",78,-0.6,13.9,-0.08,1.79,-0.23,"1,120.00",670.00,,
2025/05/05,266,SICL,23.86,778.0,790.0,771.0,775.14,775.00,0.14,0.0,777.59,"9,347.00",779.38,"7,268,114.60",74,-4.24,19.0,-0.54,2.46,-0.32,"1,120.00",670.00,,
2025/05/06,265,SICL,27.07,775.0,783.0,760.0,760.88,760.00,0.88,0.0,766.80,"24,115.00",775.14,"18,491,406.00",169,-14.26,23.0,-1.84,3.03,-0.78,"1,120.00",670.00,,
2025/05/07,256,SICL,29.72,760.0,780.0,750.0,776.57,770.00,6.57,0.01,759.41,"38,685.00",760.88,"29,377,620.10",247,15.69,30.0,2.06,4.0,2.21,"1,120.00",672.00,,
2025/05/08,261,SICL,26.58,792.0,792.0,759.5,761.95,760.00,1.95,0.0,769.35,"20,029.00",776.57,"15,409,302.10",135,-14.62,32.5,-1.88,4.28,-0.97,"1,120.00",672.00,,
2025/05/11,248,SICL,25.74,763.2,770.0,758.1,759.21,759.90,-0.69,0.0,762.02,"16,863.00",761.95,"12,849,976.60",104,-2.74,11.9,-0.36,1.57,-0.37,"1,120.00",675.00,,
2025/05/13,262,SICL,25.54,763.0,765.0,755.0,757.28,761.00,-3.72,0.0,760.68,"11,425.00",759.21,"8,690,753.10",98,-1.93,10.0,-0.25,1.32,-0.45,"1,120.00",675.00,,
2025/05/14,265,SICL,25.04,756.0,763.0,750.1,760.24,760.20,0.04,0.0,758.23,"5,138.00",757.28,"3,895,768.80",70,2.96,12.9,0.39,1.72,0.26,"1,120.00",675.00,,
2025/03/24,273,SICL,21.81,765.0,785.0,765.0,779.26,777.70,1.56,0.0,774.77,"6,750.00",766.34,"5,229,696.90",96,12.92,20.0,1.69,2.61,0.58,"1,120.00",670.00,,
2025/03/25,271,SICL,25.33,770.0,794.0,756.0,759.42,759.00,0.42,0.0,767.30,"17,638.00",779.26,"13,533,580.80",178,-19.84,38.0,-2.55,5.03,-1.04,"1,120.00",670.00,,
2025/03/26,272,SICL,30.43,639.1,650.0,639.0,644.0,644.00,0.0,0.0,642.00,"11,244.00",652.10,"7,218,650.10",106,-8.1,11.0,-1.24,1.72,0.31,905.00,588.80,757.69,772.49
2025/03/27,256,SICL,38.16,794.0,794.0,774.2,781.69,782.00,-0.31,0.0,781.27,"8,512.00",780.20,"6,650,139.00",107,1.49,19.8,0.19,2.56,0.05,"1,120.00",670.00,,
2025/03/30,270,SICL,38.76,768.0,794.9,766.1,784.53,783.20,1.33,0.0,787.32,"13,337.00",781.69,"10,500,519.70",120,2.84,28.8,0.36,3.76,-0.36,"1,120.00",670.00,,
2025/04/01,267,SICL,36.12,795.0,795.0,776.0,779.83,781.00,-1.17,0.0,779.29,"8,060.00",784.53,"6,281,114.80",54,-4.70,19.00,-0.6,2.45,0.07,"1,120.00",670.00,,
2025/04/02,266,SICL,32.96,790.0,790.0,770.0,774.66,773.50,1.16,0.0,777.47,"9,372.00",779.83,"7,286,441.60",83,-5.17,20.00,-0.66,2.6,-0.36,"1,120.00",670.00,,
2025/04/03,272,SICL,35.51,773.0,790.1,773.0,775.98,779.90,-3.92,-0.01,778.72,"7,925.00",774.66,"6,171,342.00",94,1.32,17.1,0.17,2.21,-0.35,"1,120.00",670.00,,
2025/04/07,269,SICL,33.01,790.0,790.0,765.0,769.33,770.00,-0.67,0.0,769.83,"4,748.00",775.98,"3,655,132.70",67,-6.65,25.0,-0.86,3.27,-0.06,"1,120.00",670.00,,
2025/04/08,269,SICL,36.53,770.0,780.0,764.0,774.25,779.00,-4.75,-0.01,769.00,"10,203.00",769.33,"7,846,138.10",97,4.92,16.00,0.64,2.09,0.68,"1,120.00",670.00,,
2025/04/09,264,SICL,42.38,771.1,783.0,769.0,776.2,778.90,-2.7,0.0,773.01,"17,850.00",774.25,"13,798,219.90",103,1.95,14.00,0.25,1.82,0.41,"1,120.00",670.00,,
2025/04/10,269,SICL,36.3,770.0,780.0,770.0,771.41,770.00,1.41,0.0,771.68,"8,469.00",776.20,"6,535,394.50",68,-4.79,10.0,-0.62,1.3,-0.04,"1,120.00",670.00,,
2025/04/13,269,SICL,35.39,770.0,773.0,760.0,762.38,771.00,-8.62,-0.01,766.02,"14,456.00",771.41,"11,073,622.30",110,-9.03,13.0,-1.17,1.71,-0.48,"1,120.00",670.00,,
2025/04/15,268,SICL,34.0,775.0,777.0,763.6,771.86,773.00,-1.14,0.0,772.02,"5,061.00",762.38,"3,907,171.70",75,9.48,13.4,1.24,1.75,-0.02,"1,120.00",670.00,,
2025/04/16,277,SICL,34.75,787.2,787.2,771.9,772.3,772.00,0.3,0.0,776.79,"8,575.00",771.86,"6,660,937.10",75,0.44,15.3,0.06,1.98,-0.58,"1,120.00",670.00,,
2025/04/17,259,SICL,46.3,786.0,805.0,771.1,801.57,803.10,-1.53,0.0,793.39,"23,554.00",772.30,"18,687,447.40",200,29.27,33.9,3.79,4.4,1.02,"1,120.00",670.00,,
2025/02/25,260,SICL,45.25,770.1,780.0,770.0,777.6,777.60,0.0,0.0,772.66,"14,426.00",774.90,"11,146,457.00",125,2.7,10.00,0.35,1.3,0.63,"1,120.00",670.00,,
2025/02/27,248,SICL,48.77,777.6,791.0,768.0,784.9,784.90,0.0,0.0,780.27,"27,924.00",777.60,"21,788,169.30",162,7.30,23.00,0.94,2.99,0.59,"1,120.00",670.00,,
2025/03/02,250,SICL,50.34,788.9,824.0,788.9,820.1,820.10,0.0,0.0,812.24,"35,370.00",784.90,"28,728,810.10",266,35.20,35.10,4.48,4.45,0.96,"1,120.00",670.00,,
2025/03/03,248,SICL,51.9,825.0,849.1,825.0,845.0,845.00,0.0,0.0,837.18,"64,291.00",820.10,"53,823,207.90",365,24.90,24.10,3.04,2.92,0.93,"1,120.00",670.00,,
2025/03/04,265,SICL,48.61,845.0,850.0,831.0,832.9,832.90,0.0,0.0,840.56,"28,782.00",845.00,"24,193,060.80",164,-12.1,19.0,-1.43,2.29,-0.92,"1,120.00",670.00,,
2025/03/05,256,SICL,46.96,833.0,840.0,816.0,818.0,818.00,0.0,0.0,825.31,"19,117.00",832.90,"15,777,542.20",140,-14.9,24.0,-1.79,2.94,-0.89,"1,120.00",670.00,,
2025/03/06,258,SICL,51.44,811.1,891.0,810.0,861.0,861.00,0.0,0.0,840.08,"38,484.00",818.00,"32,329,625.90",292,43.00,81.00,5.26,10.0,2.43,"1,120.00",670.00,,
2025/03/09,263,SICL,49.5,855.0,860.0,829.0,837.2,837.20,0.0,0.0,839.91,"18,581.00",861.00,"15,606,438.80",159,-23.8,31.00,-2.76,3.74,-0.32,"1,120.00",670.00,,
2025/03/10,259,SICL,29.02,848.0,850.2,819.0,823.0,823.00,0.0,0.0,831.44,"12,784.00",837.20,"10,629,132.60",115,-14.2,31.2,-1.7,3.81,-1.03,"1,120.00",670.00,,
2025/03/11,251,SICL,29.0,815.1,825.0,807.0,810.0,810.00,0.0,0.0,814.53,"16,008.00",823.00,"13,039,033.60",140,-13.0,18.0,-1.58,2.23,-0.56,"1,120.00",670.00,,
2025/03/12,270,SICL,27.75,813.9,813.9,789.1,805.0,805.00,0.0,0.0,800.89,"14,109.00",810.00,"11,299,751.00",141,-5.0,24.8,-0.62,3.14,0.51,"1,120.00",670.00,,
2025/03/16,264,SICL,27.45,790.3,825.0,790.3,793.1,793.10,0.0,0.0,798.00,"21,138.00",805.00,"16,868,024.90",118,-11.9,34.70,-1.48,4.39,-0.62,"1,120.00",670.00,,
2025/03/17,279,SICL,23.64,790.0,803.0,788.2,796.0,796.00,0.0,0.0,794.21,"10,854.00",793.10,"8,620,331.50",98,2.9,14.8,0.37,1.88,0.23,"1,120.00",670.00,,
2025/03/18,260,SICL,24.58,799.9,800.0,783.0,793.5,793.50,0.0,0.0,790.75,"16,563.00",796.00,"13,097,159.00",84,-2.5,17.0,-0.31,2.17,0.35,"1,120.00",670.00,,
2025/03/19,258,SICL,22.12,794.0,794.0,782.5,783.0,783.00,0.0,0.0,788.03,"6,115.00",793.50,"4,818,827.70",67,-10.50,11.5,-1.32,1.47,-0.64,"1,120.00",670.00,,
2025/03/20,260,SICL,21.79,780.0,794.0,779.0,780.17,780.00,0.17,0.0,781.68,"5,507.00",783.00,"4,304,689.20",92,-2.83,15.0,-0.36,1.93,-0.19,"1,120.00",670.00,,
2025/01/28,272,SICL,28.65,791.0,805.0,790.0,795.2,795.20,0.0,0.0,796.43,"10,634.00",796.00,"8,469,212.30",87,-0.80,15.00,-0.1,1.9,-0.15,"1,120.00",670.00,,
2025/02/02,276,SICL,51.11,811.1,827.0,811.1,827.0,827.00,0.0,0.0,820.65,"31,387.00",795.20,"25,757,739.20",309,31.8,15.90,4.0,1.96,0.77,"1,120.00",670.00,,
2025/02/03,266,SICL,50.16,840.0,845.8,832.0,835.0,835.00,0.0,0.0,837.97,"23,913.00",827.00,"20,038,432.80",219,8.0,13.8,0.97,1.66,-0.36,"1,120.00",670.00,,
2025/02/04,261,SICL,49.02,848.8,850.0,835.1,837.0,837.00,0.0,0.0,841.30,"15,407.00",835.00,"12,961,840.00",165,2.0,14.90,0.24,1.78,-0.51,"1,120.00",670.00,,
2025/02/05,257,SICL,49.65,853.7,853.7,830.0,843.0,843.00,0.0,0.0,836.21,"19,389.00",837.00,"16,213,184.80",175,6.0,23.70,0.72,2.86,0.81,"1,120.00",670.00,,
2025/02/06,262,SICL,47.62,859.8,859.8,832.0,836.0,836.00,0.0,0.0,836.05,"12,231.00",843.00,"10,225,738.30",140,-7.0,27.8,-0.83,3.34,-0.01,"1,120.00",670.00,,
2025/02/09,252,SICL,38.02,840.0,841.0,825.0,828.0,828.00,0.0,0.0,833.25,"15,651.00",836.00,"13,041,172.10",180,-8.0,16.0,-0.96,1.94,-0.63,"1,120.00",670.00,,
2025/02/10,270,SICL,37.64,831.0,838.0,822.0,834.0,834.00,0.0,0.0,827.66,"20,434.00",828.00,"16,912,411.50",185,6.00,16.00,0.72,1.95,0.76,"1,120.00",670.00,,
2025/02/11,248,SICL,42.21,840.0,842.0,820.0,842.0,842.00,0.0,0.0,828.12,"50,805.00",834.00,"42,072,389.20",467,8.0,22.0,0.96,2.68,1.65,"1,120.00",670.00,,
2025/02/12,255,SICL,33.11,780.7,780.7,758.0,763.0,763.00,0.0,0.0,766.58,"22,480.00",765.45,"17,232,616.60",254,-2.45,22.70,-0.32,2.99,-0.47,"1,120.00",670.00,,
2025/02/13,272,SICL,30.43,639.1,650.0,639.0,644.0,644.00,0.0,0.0,642.00,"11,244.00",652.10,"7,218,650.10",106,-8.1,11.0,-1.24,1.72,0.31,905.00,588.80,757.69,772.49
2025/02/16,255,SICL,29.63,757.9,758.0,745.0,755.9,755.90,0.0,0.0,751.36,"14,422.00",754.90,"10,836,073.60",134,1.0,13.0,0.13,1.74,0.6,"1,120.00",670.00,,
2025/02/17,249,SICL,28.69,755.0,772.0,755.0,772.0,772.00,0.0,0.0,761.72,"18,130.00",755.90,"13,810,019.70",138,16.1,17.0,2.13,2.25,1.33,"1,120.00",670.00,,
2025/02/18,262,SICL,27.9,772.0,784.9,765.0,773.0,773.00,0.0,0.0,774.72,"14,794.00",772.00,"11,461,161.20",98,1.00,19.9,0.13,2.6,-0.22,"1,120.00",670.00,,
2025/02/20,257,SICL,41.68,770.0,790.0,770.0,772.2,772.20,0.0,0.0,779.24,"8,149.00",773.00,"6,350,044.30",90,-0.8,20.0,-0.1,2.6,-0.91,"1,120.00",670.00,,
2025/02/23,276,SICL,45.53,760.0,775.0,745.0,774.0,774.00,0.0,0.0,765.19,"12,285.00",772.20,"9,400,417.30",134,1.80,30.00,0.23,4.03,1.14,"1,120.00",670.00,,
2025/01/02,261,SICL,36.81,813.0,813.0,787.1,795.0,795.00,0.0,0.0,793.45,"4,020.00",798.00,"3,189,662.70",55,-3.0,25.90,-0.38,3.29,0.2,"1,120.00",670.00,,
2025/01/05,274,SICL,34.17,805.0,810.9,786.0,789.0,789.00,0.0,0.0,789.30,"8,660.00",795.00,"6,835,296.90",86,-6.0,24.9,-0.75,3.17,-0.04,"1,120.00",670.00,,
2025/01/06,259,SICL,35.76,784.1,799.0,781.0,789.1,789.10,0.0,0.0,791.49,"14,719.00",789.00,"11,650,005.40",123,0.1,18.00,0.01,2.3,-0.3,"1,120.00",670.00,,
2025/01/07,253,SICL,33.43,804.0,804.0,788.1,794.0,794.00,0.0,0.0,792.40,"6,398.00",789.10,"5,069,751.00",72,4.9,15.9,0.62,2.02,0.2,"1,120.00",670.00,,
2025/01/08,252,SICL,35.1,809.8,809.8,790.3,791.6,791.60,0.0,0.0,796.05,"6,786.00",794.00,"5,401,971.60",75,-2.4,19.50,-0.3,2.47,-0.56,"1,120.00",670.00,,
2025/01/09,256,SICL,45.49,807.4,807.4,791.5,796.0,796.00,0.0,0.0,793.38,"14,004.00",791.60,"11,110,525.80",103,4.4,15.9,0.56,2.01,0.33,"1,120.00",670.00,,
2025/01/12,249,SICL,42.87,811.9,811.9,790.0,799.9,799.90,0.0,0.0,793.52,"4,105.00",796.00,"3,257,380.10",50,3.9,21.9,0.49,2.77,0.8,"1,120.00",670.00,,
2025/01/13,270,SICL,43.92,801.0,812.9,789.0,793.0,793.00,0.0,0.0,791.23,"6,671.00",799.90,"5,278,310.40",64,-6.9,23.90,-0.86,3.03,0.22,"1,120.00",670.00,,
2025/01/15,247,SICL,41.38,780.1,800.0,780.1,793.5,793.50,0.0,0.0,793.10,"4,591.00",793.00,"3,641,109.60",54,0.5,19.9,0.06,2.55,0.05,"1,120.00",670.00,,
2025/01/16,245,SICL,34.79,782.2,795.9,782.2,789.9,789.90,0.0,0.0,790.63,"5,604.00",793.50,"4,430,670.80",69,-3.60,13.70,-0.45,1.75,-0.09,"1,120.00",670.00,,
2025/01/19,273,SICL,27.73,797.0,798.0,783.0,783.0,783.00,0.0,0.0,786.23,"7,978.00",789.90,"6,272,545.00",94,-6.90,15.00,-0.87,1.92,-0.41,"1,120.00",670.00,,
2025/01/20,259,SICL,36.09,785.0,794.9,775.0,788.0,788.00,0.0,0.0,783.25,"17,989.00",783.00,"14,089,797.80",159,5.0,19.90,0.64,2.57,0.6,"1,120.00",670.00,,
2025/01/21,258,SICL,48.28,780.0,810.0,780.0,803.9,803.90,0.0,0.0,799.43,"16,467.00",788.00,"13,164,264.60",146,15.9,30.0,2.02,3.85,0.56,"1,120.00",670.00,,
2025/01/22,270,SICL,45.2,814.9,815.0,807.0,811.0,811.00,0.0,0.0,810.31,"9,503.00",803.90,"7,700,357.70",103,7.1,8.0,0.88,0.99,0.09,"1,120.00",670.00,,
2025/01/23,265,SICL,44.25,810.0,811.0,804.2,808.0,808.00,0.0,0.0,806.52,"8,687.00",811.00,"7,006,209.40",92,-3.00,6.80,-0.37,0.85,0.18,"1,120.00",670.00,,
2025/01/26,264,SICL,48.65,818.0,818.0,802.3,803.6,803.60,0.0,0.0,803.55,"17,036.00",808.00,"13,689,212.20",122,-4.40,15.70,-0.54,1.96,0.01,"1,120.00",670.00,,
2024/12/05,255,SICL,31.07,834.0,838.0,818.0,819.8,819.80,0.0,0.0,827.34,"14,409.00",839.00,"11,921,191.00",134,-19.2,20.0,-2.29,2.44,-0.92,"1,120.00",670.00,,
2024/12/08,267,SICL,35.56,836.0,836.0,805.0,825.0,825.00,0.0,0.0,825.53,"23,380.00",819.80,"19,300,898.70",101,5.2,31.0,0.63,3.85,-0.06,"1,120.00",670.00,,
2024/12/09,265,SICL,30.95,828.0,828.0,810.0,816.0,816.00,0.0,0.0,816.09,"4,861.00",825.00,"3,967,025.40",61,-9.0,18.0,-1.09,2.22,-0.01,"1,120.00",670.00,,
2024/12/10,251,SICL,35.53,832.0,832.0,801.0,820.0,820.00,0.0,0.0,808.76,"6,526.00",816.00,"5,277,983.70",85,4.0,31.0,0.49,3.87,1.37,"1,120.00",670.00,,
2024/12/11,256,SICL,39.52,834.0,850.6,799.0,830.0,830.00,0.0,0.0,819.11,"9,340.00",820.00,"7,650,491.50",117,10.0,51.6,1.22,6.46,1.31,"1,120.00",670.00,,
2024/12/12,252,SICL,39.74,830.0,839.0,810.0,826.8,826.80,0.0,0.0,821.70,"4,559.00",830.00,"3,746,113.20",62,-3.2,29.0,-0.39,3.58,0.62,"1,120.00",670.00,,
2024/12/16,251,SICL,35.9,839.0,839.0,795.1,809.0,809.00,0.0,0.0,805.66,"6,134.00",826.80,"4,941,907.20",95,-17.8,43.9,-2.15,5.52,0.41,"1,120.00",670.00,,
2024/12/17,265,SICL,31.84,825.1,825.1,795.0,805.0,805.00,0.0,0.0,801.81,"4,393.00",809.00,"3,522,350.40",63,-4.0,30.1,-0.49,3.79,0.4,"1,120.00",670.00,,
2024/12/18,262,SICL,34.12,815.0,820.5,800.0,809.0,809.00,0.0,0.0,804.87,"7,360.00",805.00,"5,923,827.80",66,4.0,20.5,0.5,2.56,0.51,"1,120.00",670.00,,
2024/12/19,257,SICL,30.3,802.0,813.0,797.5,800.0,800.00,0.0,0.0,802.60,"5,511.00",809.00,"4,423,103.50",60,-9.0,15.5,-1.11,1.94,-0.32,"1,120.00",670.00,,
2024/12/22,266,SICL,26.78,792.0,802.0,790.0,793.0,793.00,0.0,0.0,793.63,"5,396.00",800.00,"4,282,454.30",64,-7.0,12.0,-0.88,1.52,-0.08,"1,120.00",670.00,,
2024/12/23,275,SICL,33.15,795.2,802.9,788.0,797.9,797.90,0.0,0.0,796.02,"6,112.00",793.00,"4,865,261.80",63,4.90,14.90,0.62,1.89,0.24,"1,120.00",670.00,,
2024/12/24,259,SICL,35.51,797.0,808.0,792.0,798.0,798.00,0.0,0.0,802.73,"6,240.00",797.90,"5,009,026.80",71,0.10,16.00,0.01,2.02,-0.59,"1,120.00",670.00,,
2024/12/26,257,SICL,31.86,790.0,801.0,790.0,795.0,795.00,0.0,0.0,795.00,"2,718.00",798.00,"2,160,798.80",53,-3.0,11.0,-0.38,1.39,0.0,"1,120.00",670.00,,
2024/12/29,264,SICL,42.16,786.0,801.0,786.0,799.0,799.00,0.0,0.0,797.09,"12,554.00",795.00,"10,006,705.90",79,4.0,15.0,0.5,1.91,0.24,"1,120.00",670.00,,
2024/12/31,255,SICL,39.2,785.0,800.0,785.0,799.0,799.00,0.0,0.0,793.25,"5,746.00",799.00,"4,557,998.50",90,0.00,15.00,0.0,1.91,0.72,"1,120.00",670.00,,
2024/11/11,250,SICL,-,900.0,900.0,877.0,890.0,890.00,0.0,0.0,890.15,"21,062.00",885.00,"18,748,442.50",210,5.0,23.0,0.56,2.62,-0.02,"1,120.00",670.00,,
2024/11/12,259,SICL,-,905.0,905.0,875.1,884.9,884.90,0.0,0.0,879.72,"18,394.00",890.00,"16,181,588.20",104,-5.1,29.9,-0.57,3.42,0.59,"1,120.00",670.00,,
2024/11/13,256,SICL,38.74,888.0,888.0,865.1,865.1,865.10,0.0,0.0,872.09,"7,858.00",884.90,"6,852,901.40",102,-19.8,22.9,-2.24,2.65,-0.81,"1,120.00",670.00,,
2024/11/14,268,SICL,43.58,865.1,870.0,857.0,868.0,868.00,0.0,0.0,863.51,"17,042.00",865.10,"14,715,865.00",159,2.9,13.00,0.34,1.52,0.52,"1,120.00",670.00,,
2024/11/17,273,SICL,33.98,875.0,875.0,862.1,863.0,863.00,0.0,0.0,867.55,"15,034.00",868.00,"13,042,765.70",143,-5.0,12.90,-0.58,1.5,-0.53,"1,120.00",670.00,,
2024/11/19,257,SICL,32.65,865.0,868.0,855.0,860.0,860.00,0.0,0.0,858.45,"18,397.00",863.00,"15,792,830.30",113,-3.0,13.0,-0.35,1.52,0.18,"1,120.00",670.00,,
2024/11/20,268,SICL,26.88,845.0,860.0,845.0,857.9,857.90,0.0,0.0,850.08,"4,754.00",860.00,"4,041,285.10",67,-2.1,15.0,-0.24,1.78,0.91,"1,120.00",670.00,,
2024/11/21,262,SICL,31.32,873.9,873.9,840.0,845.0,845.00,0.0,0.0,844.85,"11,089.00",857.90,"9,368,551.40",102,-12.9,33.9,-1.5,4.04,0.02,"1,120.00",670.00,,
2024/11/24,268,SICL,30.52,861.0,861.0,838.1,844.8,844.80,0.0,0.0,842.12,"9,758.00",845.00,"8,217,450.90",89,-0.2,22.9,-0.02,2.73,0.32,"1,120.00",670.00,,
2024/11/25,256,SICL,28.02,845.0,846.0,837.0,839.0,839.00,0.0,0.0,840.54,"4,952.00",844.80,"4,162,342.50",80,-5.8,9.00,-0.69,1.08,-0.18,"1,120.00",670.00,,
2024/11/26,260,SICL,27.22,855.0,870.0,843.0,845.1,845.10,0.0,0.0,851.47,"6,631.00",839.00,"5,646,108.50",87,6.1,27.0,0.73,3.2,-0.75,"1,120.00",670.00,,
2024/11/27,263,SICL,31.58,850.0,859.8,847.2,859.8,859.80,0.0,0.0,852.07,"5,840.00",845.10,"4,976,067.90",98,14.7,12.6,1.74,1.49,0.9,"1,120.00",670.00,,
2024/11/28,255,SICL,39.33,860.0,865.0,846.1,856.9,856.90,0.0,0.0,859.07,"11,571.00",859.80,"9,940,337.40",95,-2.9,18.9,-0.34,2.23,-0.25,"1,120.00",670.00,,
2024/12/01,261,SICL,41.1,850.8,850.8,840.1,844.0,844.00,0.0,0.0,844.50,"13,373.00",856.90,"11,293,545.40",116,-12.9,10.7,-1.51,1.27,-0.06,"1,120.00",670.00,,
2024/12/02,261,SICL,41.68,844.0,852.0,835.0,838.0,838.00,0.0,0.0,839.92,"13,431.00",844.00,"11,280,958.50",150,-6.0,17.0,-0.71,2.04,-0.23,"1,120.00",670.00,,
2024/12/03,255,SICL,36.46,841.0,841.0,835.1,837.0,837.00,0.0,0.0,838.75,"9,515.00",838.00,"7,980,717.92",95,-1.0,5.9,-0.12,0.71,-0.21,"1,120.00",670.00,,
2024/10/08,272,SICL,30.43,639.1,650.0,639.0,644.0,644.00,0.0,0.0,642.00,"11,244.00",652.10,"7,218,650.10",106,-8.1,11.0,-1.24,1.72,0.31,905.00,588.80,757.69,772.49
2024/10/09,243,SICL,-,848.0,849.6,843.1,846.0,846.00,0.0,0.0,845.22,"11,226.00",856.50,"9,488,458.00",92,-10.50,6.50,-1.23,0.77,0.09,"1,120.00",670.00,,
2024/10/15,254,SICL,-,862.0,862.0,836.2,855.0,855.00,0.0,0.0,853.63,"3,787.00",846.00,"3,232,703.00",57,9.00,25.80,1.06,3.09,0.16,"1,120.00",670.00,,
2024/10/16,267,SICL,-,866.0,870.0,856.0,865.0,865.00,0.0,0.0,864.32,"13,233.00",855.00,"11,437,567.30",97,10.0,14.00,1.17,1.64,0.08,"1,120.00",670.00,,
2024/10/17,264,SICL,-,880.0,880.0,866.0,871.0,871.00,0.0,0.0,874.11,"10,486.00",865.00,"9,165,968.40",110,6.0,14.0,0.69,1.62,-0.36,"1,120.00",670.00,,
2024/10/20,263,SICL,-,860.0,864.0,850.1,852.5,852.50,0.0,0.0,857.41,"15,241.00",871.00,"13,067,710.90",148,-18.5,13.90,-2.12,1.64,-0.58,"1,120.00",670.00,,
2024/10/21,265,SICL,-,842.0,845.0,828.0,828.0,828.00,0.0,0.0,833.33,"15,469.00",852.50,"12,890,810.80",160,-24.5,17.00,-2.87,2.05,-0.64,"1,120.00",670.00,,
2024/10/22,262,SICL,-,843.0,843.0,827.0,832.0,832.00,0.0,0.0,831.27,"10,557.00",828.00,"8,775,731.10",100,4.00,16.00,0.48,1.93,0.09,"1,120.00",670.00,,
2024/10/23,270,SICL,-,845.0,845.0,825.4,832.0,832.00,0.0,0.0,831.74,"6,228.00",832.00,"5,180,085.90",65,0.0,19.60,0.0,2.37,0.03,"1,120.00",670.00,,
2024/10/24,265,SICL,-,824.0,830.0,820.0,820.3,820.30,0.0,0.0,823.41,"3,784.00",832.00,"3,115,791.60",64,-11.7,10.00,-1.41,1.22,-0.38,"1,120.00",670.00,,
2024/10/27,268,SICL,-,825.0,825.0,810.0,819.0,819.00,0.0,0.0,816.01,"9,060.00",820.30,"7,393,047.80",80,-1.3,15.0,-0.16,1.85,0.37,"1,120.00",670.00,,
2024/10/28,255,SICL,-,828.0,829.0,820.0,824.0,824.00,0.0,0.0,823.27,"4,011.00",819.00,"3,302,124.40",61,5.0,9.0,0.61,1.1,0.09,"1,120.00",670.00,,
2024/10/29,267,SICL,-,840.0,865.0,823.2,860.0,860.00,0.0,0.0,850.40,"23,680.00",824.00,"20,137,441.40",172,36.0,41.8,4.37,5.08,1.12,"1,120.00",670.00,,
2024/10/30,253,SICL,-,865.0,872.0,862.0,865.0,865.00,0.0,0.0,867.22,"12,403.00",860.00,"10,756,163.50",105,5.0,10.0,0.58,1.16,-0.26,"1,120.00",670.00,,
2024/11/05,250,SICL,-,851.0,894.9,851.0,870.2,870.20,0.0,0.0,883.53,"15,874.00",865.00,"14,025,157.40",133,5.2,43.9,0.6,5.16,-1.53,"1,120.00",670.00,,
2024/11/06,267,SICL,-,870.0,875.0,854.5,858.0,858.00,0.0,0.0,861.69,"6,093.00",870.20,"5,250,296.20",79,-12.2,20.5,-1.4,2.4,-0.43,"1,120.00",670.00,,
2024/09/10,275,SICL,36.61,867.0,885.0,861.6,862.1,862.10,0.0,0.0,872.40,"19,009.00",867.00,"16,583,367.60",196,-4.9,23.40,-0.57,2.72,-1.19,"1,120.00",670.00,,
2024/09/11,266,SICL,33.21,865.0,870.0,855.0,855.0,855.00,0.0,0.0,860.36,"8,999.00",862.10,"7,742,362.60",131,-7.1,15.00,-0.82,1.75,-0.63,"1,120.00",670.00,,
2024/09/12,266,SICL,49.76,855.0,868.0,842.8,865.0,865.00,0.0,0.0,856.82,"19,605.00",855.00,"16,797,992.00",232,10.00,25.20,1.17,2.99,0.95,"1,120.00",670.00,,
2024/09/15,272,SICL,49.51,872.1,881.0,855.1,860.0,860.00,0.0,0.0,867.17,"22,189.00",865.00,"19,241,538.00",225,-5.00,25.9,-0.58,3.03,-0.83,"1,120.00",670.00,,
2024/09/16,259,SICL,44.57,850.0,860.0,835.0,835.0,835.00,0.0,0.0,843.35,"16,755.00",860.00,"14,130,268.00",160,-25.0,25.00,-2.91,2.99,-1.0,"1,120.00",670.00,,
2024/09/18,268,SICL,44.38,835.0,842.0,820.0,820.0,820.00,0.0,0.0,830.31,"16,930.00",835.00,"14,057,084.00",178,-15.0,22.0,-1.8,2.68,-1.26,"1,120.00",670.00,,
2024/09/22,271,SICL,42.49,836.4,845.0,816.0,818.0,818.00,0.0,0.0,824.63,"12,989.00",820.00,"10,711,057.60",145,-2.0,29.0,-0.24,3.55,-0.81,"1,120.00",670.00,,
2024/09/23,276,SICL,40.87,825.0,825.0,800.0,800.0,800.00,0.0,0.0,807.07,"19,446.00",818.00,"15,694,242.80",176,-18.0,25.00,-2.2,3.13,-0.88,"1,120.00",670.00,,
2024/09/24,255,SICL,43.08,788.0,832.0,785.0,790.9,790.90,0.0,0.0,792.62,"24,673.00",800.00,"19,556,333.00",187,-9.1,47.00,-1.14,5.99,-0.22,"1,120.00",670.00,,
2024/09/25,275,SICL,47.2,790.0,803.0,782.1,799.0,799.00,0.0,0.0,795.26,"21,549.00",790.90,"17,137,059.80",135,8.1,20.9,1.02,2.67,0.47,"1,120.00",670.00,,
2024/09/26,270,SICL,43.53,814.0,814.0,785.0,789.0,789.00,0.0,0.0,795.71,"18,756.00",799.00,"14,924,268.60",151,-10.0,29.0,-1.25,3.69,-0.85,"1,120.00",670.00,,
2024/09/29,274,SICL,44.67,781.0,798.9,775.0,787.1,787.10,0.0,0.0,785.13,"14,464.00",789.00,"11,356,171.80",118,-1.9,23.90,-0.24,3.08,0.25,"1,120.00",670.00,,
2024/09/30,266,SICL,47.38,787.0,805.0,771.5,801.9,801.90,0.0,0.0,794.76,"8,260.00",787.10,"6,564,711.30",91,14.8,33.5,1.88,4.34,0.89,"1,120.00",670.00,,
2024/10/01,255,SICL,54.54,816.0,846.0,810.1,846.0,846.00,0.0,0.0,827.58,"14,515.00",801.90,"12,012,296.00",189,44.1,35.90,5.5,4.43,2.18,"1,120.00",670.00,,
2024/10/02,256,SICL,55.95,846.1,858.0,830.0,839.9,839.90,0.0,0.0,840.87,"16,393.00",846.00,"13,784,426.10",149,-6.10,28.0,-0.72,3.37,-0.12,"1,120.00",670.00,,
2024/10/06,255,SICL,-,824.5,849.0,824.0,844.0,844.00,0.0,0.0,840.59,"11,559.00",839.90,"9,716,386.00",136,4.10,25.00,0.49,3.03,0.4,"1,120.00",670.00,,
2024/08/13,280,SICL,61.1,1043.4,1069.0,1000.0,1038.0,"1,038.00",0.0,0.0,"1,032.10","107,351.00","1,023.00","110,797,140.60",758,15.00,69.0,1.47,6.9,0.57,"1,069.00",670.00,,
2024/08/14,280,SICL,66.43,1058.7,1120.0,1021.0,1065.0,"1,065.00",0.0,0.0,"1,060.99","118,995.00","1,038.00","126,252,814.10",834,27.0,99.0,2.6,9.7,0.38,"1,120.00",670.00,,
2024/08/15,282,SICL,61.18,1080.0,1080.0,1035.0,1040.0,"1,040.00",0.0,0.0,"1,047.29","71,250.00","1,065.00","74,619,200.20",599,-25.00,45.00,-2.35,4.35,-0.7,"1,120.00",670.00,,
2024/08/18,277,SICL,56.34,1060.8,1060.8,999.0,1006.0,"1,006.00",0.0,0.0,"1,029.37","98,358.00","1,040.00","101,246,583.30",686,-34.00,61.80,-3.27,6.19,-2.32,"1,120.00",670.00,,
2024/08/21,284,SICL,51.77,1006.0,1045.0,990.0,993.0,993.00,0.0,0.0,"1,003.46","77,911.00","1,006.00","78,180,762.80",439,-13.00,55.00,-1.29,5.56,-1.05,"1,120.00",670.00,,
2024/08/22,280,SICL,50.41,993.0,1000.0,975.6,976.0,976.00,0.0,0.0,990.36,"68,814.00",993.00,"68,150,952.70",436,-17.0,24.40,-1.71,2.5,-1.47,"1,120.00",670.00,,
2024/08/25,281,SICL,48.08,976.0,990.0,961.0,968.0,968.00,0.0,0.0,973.60,"81,804.00",976.00,"79,644,253.40",533,-8.0,29.00,-0.82,3.02,-0.58,"1,120.00",670.00,,
2024/08/27,277,SICL,46.15,959.0,965.5,929.0,929.0,929.00,0.0,0.0,950.20,"74,292.00",968.00,"70,592,233.20",573,-39.0,36.50,-4.03,3.93,-2.28,"1,120.00",670.00,,
2024/08/28,274,SICL,43.07,929.0,966.4,902.0,910.0,910.00,0.0,0.0,924.29,"40,434.00",929.00,"37,372,749.00",383,-19.0,64.40,-2.05,7.14,-1.57,"1,120.00",670.00,,
2024/08/29,269,SICL,46.32,900.0,913.0,887.0,899.1,899.10,0.0,0.0,899.15,"82,159.00",910.00,"73,873,643.60",417,-10.9,26.0,-1.2,2.93,-0.01,"1,120.00",670.00,,
2024/09/01,284,SICL,40.52,899.1,907.0,880.0,881.9,881.90,0.0,0.0,887.50,"40,227.00",899.10,"35,701,421.90",342,-17.2,27.0,-1.91,3.07,-0.63,"1,120.00",670.00,,
2024/09/02,282,SICL,45.72,885.0,924.0,876.1,915.0,915.00,0.0,0.0,902.30,"46,243.00",881.90,"41,724,908.70",382,33.1,47.90,3.75,5.47,1.39,"1,120.00",670.00,,
2024/09/03,276,SICL,56.11,920.0,980.0,917.0,963.0,963.00,0.0,0.0,942.47,"55,820.00",915.00,"52,608,621.60",423,48.0,63.0,5.25,6.87,2.13,"1,120.00",670.00,,
2024/09/04,267,SICL,54.97,950.0,972.0,913.5,913.5,913.50,0.0,0.0,931.36,"56,853.00",963.00,"52,950,804.00",455,-49.5,58.50,-5.14,6.4,-1.96,"1,120.00",670.00,,
2024/09/05,263,SICL,55.26,896.1,915.0,890.1,910.0,910.00,0.0,0.0,899.59,"35,224.00",913.50,"31,687,094.60",302,-3.5,24.9,-0.38,2.8,1.14,"1,120.00",670.00,,
2024/09/08,276,SICL,36.9,915.0,925.0,885.0,885.1,885.10,0.0,0.0,896.99,"27,788.00",910.00,"24,925,465.00",276,-24.90,40.00,-2.74,4.52,-1.34,"1,120.00",670.00,,
2024/07/18,260,SICL,68.44,785.0,811.0,784.0,795.0,795.00,0.0,0.0,799.13,"62,627.00",780.00,"50,046,942.10",539,15.00,27.00,1.92,3.44,-0.52,889.00,670.00,,
2024/07/21,264,SICL,72.65,795.0,814.0,790.0,813.9,813.90,0.0,0.0,806.19,"51,605.00",795.00,"41,603,581.10",359,18.9,24.00,2.38,3.04,0.95,889.00,670.00,,
2024/07/22,258,SICL,65.38,827.0,829.0,798.0,815.0,815.00,0.0,0.0,810.20,"41,608.00",813.90,"33,710,847.60",397,1.10,31.00,0.14,3.88,0.59,889.00,670.00,,
2024/07/23,266,SICL,66.72,798.7,855.0,798.7,848.8,848.80,0.0,0.0,827.75,"47,949.00",815.00,"39,689,938.60",340,33.80,56.30,4.15,7.05,2.48,889.00,670.00,,
2024/07/24,259,SICL,62.87,850.0,860.0,831.0,844.9,844.90,0.0,0.0,844.94,"59,713.00",848.80,"50,453,768.90",492,-3.90,29.00,-0.46,3.49,0.0,878.00,670.00,,
2024/07/25,269,SICL,60.38,840.0,854.0,830.0,842.0,842.00,0.0,0.0,844.53,"49,081.00",844.90,"41,450,280.60",276,-2.90,24.00,-0.34,2.89,-0.3,864.90,670.00,,
2024/07/28,267,SICL,64.68,858.8,890.0,842.0,870.2,870.20,0.0,0.0,854.29,"54,979.00",842.00,"46,967,962.00",395,28.20,48.00,3.35,5.7,1.83,890.00,670.00,,
2024/07/29,273,SICL,60.11,870.2,885.0,856.1,861.0,861.00,0.0,0.0,873.27,"67,822.00",870.20,"59,227,103.00",550,-9.20,28.90,-1.06,3.38,-1.43,890.00,670.00,,
2024/07/30,278,SICL,61.21,861.0,870.0,830.1,857.0,857.00,0.0,0.0,845.76,"49,562.00",861.00,"41,917,453.50",497,-4.00,39.90,-0.46,4.81,1.31,890.00,670.00,,
2024/07/31,281,SICL,59.93,869.8,879.9,860.0,870.0,870.00,0.0,0.0,873.14,"51,777.00",857.00,"45,208,557.70",401,13.00,19.90,1.52,2.31,-0.36,890.00,670.00,,
2024/08/01,281,SICL,61.63,880.0,910.0,870.0,890.0,890.00,0.0,0.0,896.29,"94,528.00",870.00,"84,724,936.70",644,20.0,40.00,2.3,4.6,-0.71,910.00,670.00,,
2024/08/05,274,SICL,59.02,894.0,917.0,894.0,912.1,912.10,0.0,0.0,910.58,"57,996.00",890.00,"52,810,150.20",450,22.10,23.00,2.48,2.57,0.17,917.00,670.00,,
2024/08/06,270,SICL,59.86,905.0,930.3,870.0,880.0,880.00,0.0,0.0,903.21,"104,406.00",912.10,"94,300,341.10",786,-32.10,60.30,-3.52,6.93,-2.64,930.30,670.00,,
2024/08/07,278,SICL,61.29,897.6,902.7,872.0,902.0,902.00,0.0,0.0,889.88,"66,956.00",880.00,"59,582,717.70",469,22.00,30.70,2.5,3.52,1.34,930.30,670.00,,
2024/08/08,270,SICL,56.54,907.0,931.0,902.0,906.0,906.00,0.0,0.0,914.36,"67,888.00",902.00,"62,073,789.00",447,4.00,29.00,0.44,3.22,-0.92,931.00,670.00,,
2024/08/11,279,SICL,58.99,915.0,938.0,913.0,931.0,931.00,0.0,0.0,924.77,"62,590.00",906.00,"57,881,308.70",500,25.00,25.00,2.76,2.74,0.67,938.00,670.00,,
2024/06/25,267,SICL,43.3,688.0,697.0,685.3,687.1,687.10,0.0,0.0,687.99,"4,826.00",687.90,"3,320,257.40",66,-0.8,11.7,-0.12,1.71,-0.13,926.00,670.00,,
2024/06/26,254,SICL,48.06,689.6,690.0,682.3,683.0,683.00,0.0,0.0,684.55,"8,988.00",687.10,"6,152,726.40",89,-4.1,7.7,-0.6,1.13,-0.23,926.00,670.00,,
2024/06/27,282,SICL,42.77,685.0,685.0,681.5,681.5,681.50,0.0,0.0,682.38,"4,467.00",683.00,"3,048,186.70",74,-1.50,3.50,-0.22,0.51,-0.13,914.00,670.00,,
2024/06/30,269,SICL,45.28,691.9,691.9,676.0,679.2,679.20,0.0,0.0,679.20,"11,298.00",681.50,"7,673,629.30",127,-2.3,15.90,-0.34,2.35,0.0,900.00,670.00,,
2024/07/01,271,SICL,49.36,675.4,680.0,675.0,679.0,679.00,0.0,0.0,677.98,"13,406.00",679.20,"9,088,985.40",122,-0.20,5.0,-0.03,0.74,0.15,900.00,670.00,,
2024/07/02,262,SICL,59.36,692.5,719.0,685.0,694.4,694.40,0.0,0.0,695.40,"9,547.00",679.00,"6,639,013.80",116,15.40,34.0,2.27,4.96,-0.14,900.00,670.00,,
2024/07/03,262,SICL,54.1,708.2,708.2,681.1,690.0,690.00,0.0,0.0,689.64,"4,233.00",694.40,"2,919,242.80",54,-4.4,27.1,-0.63,3.98,0.05,889.00,670.00,,
2024/07/04,261,SICL,60.27,702.0,702.0,688.1,691.2,691.20,0.0,0.0,691.98,"14,035.00",690.00,"9,711,915.60",111,1.2,13.9,0.17,2.02,-0.11,889.00,670.00,,
2024/07/07,272,SICL,30.43,639.1,650.0,639.0,644.0,644.00,0.0,0.0,642.00,"11,244.00",652.10,"7,218,650.10",106,-8.1,11.0,-1.24,1.72,0.31,905.00,588.80,757.69,772.49
2024/07/08,270,SICL,57.77,709.0,709.0,697.0,701.0,701.00,0.0,0.0,701.97,"11,114.00",699.00,"7,801,719.30",104,2.0,12.0,0.29,1.72,-0.14,889.00,670.00,,
2024/07/09,263,SICL,62.74,695.1,706.7,695.1,705.0,705.00,0.0,0.0,701.73,"11,316.00",701.00,"7,940,805.50",100,4.0,11.6,0.57,1.67,0.46,889.00,670.00,,
2024/07/10,271,SICL,64.2,713.0,718.9,705.0,715.0,715.00,0.0,0.0,712.43,"18,805.00",705.00,"13,397,250.10",171,10.0,13.9,1.42,1.97,0.36,889.00,670.00,,
2024/07/11,279,SICL,66.26,719.0,723.0,715.0,719.9,719.90,0.0,0.0,719.78,"16,532.00",715.00,"11,899,321.90",167,4.9,8.00,0.69,1.12,0.02,889.00,670.00,,
2024/07/14,257,SICL,66.02,734.2,748.0,721.0,734.0,734.00,0.0,0.0,731.73,"13,925.00",719.90,"10,189,394.20",173,14.1,27.00,1.96,3.74,0.31,889.00,670.00,,
2024/07/15,270,SICL,64.61,747.6,748.0,720.1,723.0,723.00,0.0,0.0,729.86,"20,997.00",734.00,"15,324,920.20",206,-11.00,27.90,-1.5,3.87,-0.95,889.00,670.00,,
2024/07/16,264,SICL,67.45,730.0,743.0,720.0,739.5,739.50,0.0,0.0,731.08,"23,617.00",723.00,"17,265,932.70",173,16.5,23.00,2.28,3.19,1.14,889.00,670.00,,
2024/05/30,260,SICL,41.44,705.1,728.0,700.2,702.0,702.00,0.0,0.0,705.10,"7,146.00",715.00,"5,038,613.70",108,-13.00,27.80,-1.82,3.97,-0.44,926.00,670.00,,
2024/06/02,276,SICL,41.27,710.0,711.0,700.2,702.0,702.00,0.0,0.0,703.22,"6,388.00",702.00,"4,492,200.60",82,0.00,10.80,0.0,1.54,-0.17,926.00,670.00,,
2024/06/03,265,SICL,40.58,716.0,716.0,701.8,703.0,703.00,0.0,0.0,704.34,"6,524.00",702.00,"4,595,137.50",71,1.00,14.20,0.14,2.02,-0.19,926.00,670.00,,
2024/06/04,264,SICL,41.66,700.0,709.0,700.0,701.0,701.00,0.0,0.0,703.44,"7,404.00",703.00,"5,208,301.10",111,-2.00,9.00,-0.28,1.29,-0.35,926.00,670.00,,
2024/06/05,256,SICL,39.53,691.1,705.0,691.1,698.0,698.00,0.0,0.0,699.30,"6,698.00",701.00,"4,683,906.40",78,-3.00,13.90,-0.43,2.01,-0.19,926.00,670.00,,
2024/06/06,271,SICL,39.49,711.9,718.9,695.1,696.0,696.00,0.0,0.0,698.25,"6,658.00",698.00,"4,648,957.40",86,-2.0,23.80,-0.29,3.42,-0.32,926.00,670.00,,
2024/06/09,261,SICL,42.88,697.0,704.9,695.0,695.0,695.00,0.0,0.0,697.07,"8,933.00",696.00,"6,226,930.30",80,-1.0,9.90,-0.14,1.42,-0.3,926.00,670.00,,
2024/06/10,263,SICL,41.69,699.0,699.0,689.1,693.0,693.00,0.0,0.0,691.32,"7,710.00",695.00,"5,330,094.80",73,-2.0,9.90,-0.29,1.44,0.24,926.00,670.00,,
2024/06/11,260,SICL,59.71,693.0,723.0,693.0,710.0,710.00,0.0,0.0,706.14,"13,905.00",693.00,"9,818,858.40",116,17.0,30.00,2.45,4.33,0.54,926.00,670.00,,
2024/06/12,262,SICL,54.01,712.5,716.0,703.0,706.0,706.00,0.0,0.0,706.95,"5,898.00",710.00,"4,169,594.10",97,-4.0,13.0,-0.56,1.85,-0.13,926.00,670.00,,
2024/06/13,262,SICL,61.01,713.9,713.9,698.5,707.0,707.00,0.0,0.0,704.14,"12,581.00",706.00,"8,858,835.20",119,1.0,15.4,0.14,2.2,0.4,926.00,670.00,,
2024/06/16,266,SICL,56.82,694.1,714.0,694.1,705.5,705.50,0.0,0.0,708.46,"7,387.00",707.00,"5,233,426.20",68,-1.5,19.9,-0.21,2.87,-0.42,926.00,670.00,,
2024/06/18,268,SICL,42.14,707.0,707.9,700.0,700.0,700.00,0.0,0.0,702.40,"8,213.00",705.50,"5,768,786.40",94,-5.5,7.90,-0.78,1.13,-0.34,926.00,670.00,,
2024/06/19,257,SICL,56.74,695.0,712.9,688.2,700.9,700.90,0.0,0.0,690.51,"46,332.00",700.00,"31,992,733.70",282,0.9,24.7,0.13,3.59,1.48,926.00,670.00,,
2024/06/20,255,SICL,47.27,712.8,712.8,685.0,690.0,690.00,0.0,0.0,687.73,"15,386.00",700.90,"10,581,379.50",169,-10.9,27.80,-1.56,4.06,0.33,926.00,670.00,,
2024/06/23,266,SICL,43.17,695.0,695.0,684.0,690.0,690.00,0.0,0.0,688.07,"7,848.00",690.00,"5,399,963.50",96,0.0,11.0,0.0,1.61,0.28,926.00,670.00,,
2024/05/05,266,SICL,57.1,700.8,700.8,681.0,687.0,687.00,0.0,0.0,685.77,"12,248.00",688.00,"8,399,307.50",143,-1.0,19.8,-0.15,2.91,0.18,926.00,676.00,,
2024/05/06,260,SICL,52.16,683.0,688.8,670.0,683.0,683.00,0.0,0.0,678.42,"17,813.00",687.00,"12,084,774.80",205,-4.00,18.80,-0.58,2.81,0.67,926.00,670.00,,
2024/05/07,263,SICL,37.79,690.0,690.0,678.0,678.0,678.00,0.0,0.0,680.48,"4,261.00",683.00,"2,899,538.10",65,-5.00,12.0,-0.73,1.77,-0.37,926.00,670.00,,
2024/05/08,255,SICL,40.85,680.0,685.0,672.0,680.0,680.00,0.0,0.0,676.72,"5,245.00",678.00,"3,549,379.60",70,2.0,13.0,0.29,1.93,0.48,926.00,670.00,,
2024/05/09,261,SICL,39.19,693.6,693.6,675.1,680.0,680.00,0.0,0.0,679.46,"7,151.00",680.00,"4,858,818.80",76,0.0,18.50,0.0,2.74,0.08,926.00,670.00,,
2024/05/12,260,SICL,56.28,691.9,693.9,683.0,686.9,686.90,0.0,0.0,688.72,"11,266.00",680.00,"7,759,084.10",149,6.90,10.9,1.01,1.6,-0.26,926.00,670.00,,
2024/05/13,272,SICL,52.58,690.0,695.0,682.3,687.0,687.00,0.0,0.0,686.96,"5,285.00",686.90,"3,630,576.50",71,0.1,12.7,0.01,1.86,0.01,926.00,670.00,,
2024/05/14,271,SICL,59.89,695.0,696.7,683.1,690.0,690.00,0.0,0.0,691.41,"11,295.00",687.00,"7,809,507.50",115,3.0,13.6,0.44,1.99,-0.2,926.00,670.00,,
2024/05/15,264,SICL,58.61,699.9,702.0,686.0,688.0,688.00,0.0,0.0,696.11,"13,776.00",690.00,"9,589,542.90",136,-2.0,16.0,-0.29,2.33,-1.18,926.00,670.00,,
2024/05/16,264,SICL,52.75,690.0,699.5,690.0,690.0,690.00,0.0,0.0,694.32,"9,203.00",688.00,"6,389,864.90",88,2.0,9.5,0.29,1.38,-0.63,926.00,670.00,,
2024/05/19,272,SICL,65.07,703.8,725.5,691.1,723.0,723.00,0.0,0.0,714.59,"33,133.00",690.00,"23,676,425.50",333,33.0,34.4,4.78,4.98,1.16,926.00,670.00,,
2024/05/20,265,SICL,62.15,729.8,735.0,718.0,719.8,719.80,0.0,0.0,727.33,"15,822.00",723.00,"11,507,794.30",198,-3.2,17.0,-0.44,2.37,-1.05,926.00,670.00,,
2024/05/21,265,SICL,64.42,724.9,724.9,710.0,714.9,714.90,0.0,0.0,716.22,"8,086.00",719.80,"5,791,357.10",109,-4.90,14.9,-0.68,2.1,-0.18,926.00,670.00,,
2024/05/22,266,SICL,63.07,711.0,724.0,710.0,716.1,716.10,0.0,0.0,715.95,"15,943.00",714.90,"11,414,442.40",150,1.2,14.0,0.17,1.97,0.02,926.00,670.00,,
2024/05/26,264,SICL,47.21,730.0,730.0,715.5,715.5,715.50,0.0,0.0,716.52,"13,282.00",716.10,"9,516,790.00",93,-0.6,14.5,-0.08,2.03,-0.14,926.00,670.00,,
2024/05/27,266,SICL,46.98,715.5,720.0,710.0,718.0,718.00,0.0,0.0,714.36,"7,566.00",715.50,"5,404,810.20",83,2.5,10.0,0.35,1.41,0.51,926.00,670.00,,
2024/04/03,272,SICL,30.43,639.1,650.0,639.0,644.0,644.00,0.0,0.0,642.00,"11,244.00",652.10,"7,218,650.10",106,-8.1,11.0,-1.24,1.72,0.31,905.00,588.80,757.69,772.49
2024/04/04,253,SICL,36.91,693.0,695.0,686.0,690.0,690.00,0.0,0.0,689.22,"8,458.00",694.00,"5,829,464.20",128,-4.0,9.00,-0.58,1.31,0.11,926.00,676.00,,
2024/04/07,260,SICL,56.93,699.0,699.5,689.0,695.0,695.00,0.0,0.0,692.91,"11,276.00",690.00,"7,813,197.50",135,5.0,10.50,0.72,1.52,0.3,926.00,676.00,,
2024/04/09,272,SICL,30.43,639.1,650.0,639.0,644.0,644.00,0.0,0.0,642.00,"11,244.00",652.10,"7,218,650.10",106,-8.1,11.0,-1.24,1.72,0.31,905.00,588.80,757.69,772.49
2024/04/10,259,SICL,46.94,700.1,700.1,690.1,690.6,690.60,0.0,0.0,693.63,"8,953.00",699.80,"6,210,063.60",133,-9.2,10.00,-1.31,1.45,-0.44,926.00,676.00,,
2024/04/14,269,SICL,51.95,700.0,700.0,686.2,689.9,689.90,0.0,0.0,690.23,"7,696.00",690.60,"5,312,010.60",104,-0.7,13.8,-0.1,2.01,-0.05,926.00,676.00,,
2024/04/15,265,SICL,47.21,689.0,690.5,684.0,684.0,684.00,0.0,0.0,685.88,"8,566.00",689.90,"5,875,218.00",120,-5.90,6.5,-0.86,0.95,-0.27,926.00,676.00,,
2024/04/16,263,SICL,42.15,687.0,688.0,682.1,683.4,683.40,0.0,0.0,684.04,"6,177.00",684.00,"4,225,307.40",92,-0.6,5.9,-0.09,0.86,-0.09,926.00,676.00,,
2024/04/18,266,SICL,43.59,683.0,683.0,676.5,678.0,678.00,0.0,0.0,678.95,"8,813.00",683.40,"5,983,614.60",106,-5.4,6.5,-0.79,0.96,-0.14,926.00,676.00,,
2024/04/21,260,SICL,44.59,678.0,681.0,676.0,680.0,680.00,0.0,0.0,678.23,"6,990.00",678.00,"4,740,828.20",107,2.0,5.0,0.29,0.74,0.26,926.00,676.00,,
2024/04/22,269,SICL,42.88,680.0,692.0,680.0,681.0,681.00,0.0,0.0,683.19,"4,926.00",680.00,"3,365,377.40",73,1.0,12.0,0.15,1.76,-0.32,926.00,676.00,,
2024/04/24,263,SICL,46.99,690.0,690.0,684.0,685.9,685.90,0.0,0.0,685.89,"5,540.00",681.00,"3,799,814.30",77,4.9,6.0,0.72,0.88,0.0,926.00,676.00,,
2024/04/25,253,SICL,52.91,685.0,685.0,676.0,683.9,683.90,0.0,0.0,679.81,"12,061.00",685.90,"8,199,193.80",133,-2.0,9.0,-0.29,1.33,0.6,926.00,676.00,,
2024/04/28,258,SICL,52.7,696.0,696.0,682.2,685.0,685.00,0.0,0.0,685.06,"6,069.00",683.90,"4,157,644.10",84,1.1,13.8,0.16,2.02,-0.01,926.00,676.00,,
2024/04/29,266,SICL,48.45,695.0,697.0,683.0,683.5,683.50,0.0,0.0,685.04,"4,856.00",685.00,"3,326,565.50",65,-1.5,14.0,-0.22,2.05,-0.23,926.00,676.00,,
2024/04/30,270,SICL,58.14,696.8,696.8,683.1,690.1,690.10,0.0,0.0,691.24,"11,989.00",683.50,"8,287,305.60",115,6.60,13.70,0.97,2.01,-0.17,926.00,676.00,,
2024/03/07,259,SICL,50.1,713.4,713.4,695.0,704.0,704.00,0.0,0.0,702.08,"6,602.00",699.90,"4,635,122.20",93,4.1,18.40,0.59,2.65,0.27,926.00,676.00,,
2024/03/10,255,SICL,53.97,710.0,717.0,707.2,711.0,711.00,0.0,0.0,710.41,"11,810.00",704.00,"8,389,993.50",111,7.0,9.8,0.99,1.39,0.08,926.00,676.00,,
2024/03/12,256,SICL,60.79,725.0,736.0,715.0,735.0,735.00,0.0,0.0,723.77,"15,542.00",711.00,"11,248,814.60",176,24.00,21.0,3.38,2.94,1.53,926.00,676.00,,
2024/03/13,259,SICL,61.43,740.0,742.0,730.0,735.0,735.00,0.0,0.0,736.76,"18,317.00",735.00,"13,495,168.80",181,0.0,12.0,0.0,1.64,-0.24,926.00,676.00,,
2024/03/14,253,SICL,56.9,730.0,737.9,714.0,720.0,720.00,0.0,0.0,719.40,"10,098.00",735.00,"7,264,469.70",120,-15.0,23.9,-2.04,3.35,0.08,926.00,676.00,,
2024/03/17,254,SICL,56.07,725.0,727.0,718.0,720.0,720.00,0.0,0.0,720.43,"8,195.00",720.00,"5,903,911.70",78,0.0,9.0,0.0,1.25,-0.06,926.00,676.00,,
2024/03/18,254,SICL,39.32,714.0,722.0,710.0,716.0,716.00,0.0,0.0,717.56,"7,012.00",720.00,"5,031,503.50",76,-4.0,12.0,-0.56,1.69,-0.22,926.00,676.00,,
2024/03/19,258,SICL,42.92,719.0,728.0,710.0,710.0,710.00,0.0,0.0,715.48,"8,283.00",716.00,"5,926,354.20",119,-6.0,18.00,-0.84,2.54,-0.77,926.00,676.00,,
2024/03/20,255,SICL,41.38,723.9,737.9,710.0,715.0,715.00,0.0,0.0,714.99,"8,196.00",710.00,"5,860,050.90",113,5.00,27.90,0.7,3.93,0.0,926.00,676.00,,
2024/03/21,263,SICL,42.83,718.0,727.9,680.0,705.9,705.90,0.0,0.0,702.94,"18,842.00",715.00,"13,244,721.60",194,-9.10,47.90,-1.27,7.04,0.42,926.00,676.00,,
2024/03/25,254,SICL,38.01,705.0,711.0,702.0,702.0,702.00,0.0,0.0,704.87,"11,180.00",705.90,"7,880,464.60",111,-3.90,9.00,-0.55,1.28,-0.41,926.00,676.00,,
2024/03/26,260,SICL,41.49,699.0,710.0,691.0,700.0,700.00,0.0,0.0,698.03,"13,751.00",702.00,"9,598,557.70",117,-2.0,19.00,-0.28,2.75,0.28,926.00,676.00,,
2024/03/27,258,SICL,34.75,710.0,710.0,698.0,698.6,698.60,0.0,0.0,699.72,"3,280.00",700.00,"2,295,078.60",58,-1.4,12.00,-0.2,1.72,-0.16,926.00,676.00,,
2024/03/28,262,SICL,39.09,701.0,701.0,695.9,695.9,695.90,0.0,0.0,697.29,"11,088.00",698.60,"7,731,524.70",116,-2.7,5.1,-0.39,0.73,-0.2,926.00,676.00,,
2024/03/31,266,SICL,34.54,696.1,708.9,693.0,694.0,694.00,0.0,0.0,695.33,"4,960.00",695.90,"3,448,814.60",89,-1.90,15.90,-0.27,2.29,-0.19,926.00,676.00,,
2024/04/01,263,SICL,34.18,694.0,699.0,691.0,692.0,692.00,0.0,0.0,693.78,"8,008.00",694.00,"5,555,821.70",103,-2.0,8.0,-0.29,1.16,-0.26,926.00,676.00,,
2024/02/12,263,SICL,57.2,730.0,742.0,730.0,737.6,737.60,0.0,0.0,737.21,"12,677.00",728.00,"9,345,594.20",160,9.60,12.00,1.32,1.64,0.05,926.00,682.00,,
2024/02/13,254,SICL,48.79,748.9,748.9,726.0,726.9,726.90,0.0,0.0,729.86,"9,184.00",737.60,"6,703,043.40",122,-10.7,22.9,-1.45,3.15,-0.41,926.00,682.00,,
2024/02/14,251,SICL,50.22,722.1,730.0,722.1,730.0,730.00,0.0,0.0,727.74,"4,454.00",726.90,"3,241,372.90",74,3.1,7.9,0.43,1.09,0.31,926.00,682.00,,
2024/02/15,254,SICL,47.03,734.0,734.9,722.5,724.0,724.00,0.0,0.0,726.21,"6,471.00",730.00,"4,699,279.10",90,-6.0,12.4,-0.82,1.72,-0.3,926.00,682.00,,
2024/02/18,262,SICL,40.7,710.0,710.0,703.0,705.4,705.40,0.0,0.0,706.16,"33,981.00",724.00,"23,996,144.30",360,-18.6,7.0,-2.57,1.0,-0.11,926.00,682.00,,
2024/02/20,261,SICL,37.22,702.0,708.7,700.0,701.0,701.00,0.0,0.0,702.90,"12,294.00",705.40,"8,641,426.50",137,-4.40,8.7,-0.62,1.24,-0.27,926.00,682.00,,
2024/02/21,261,SICL,34.92,713.0,713.0,700.4,702.0,702.00,0.0,0.0,703.16,"5,916.00",701.00,"4,159,915.70",104,1.00,12.6,0.14,1.8,-0.17,926.00,682.00,,
2024/02/22,256,SICL,37.62,702.0,702.0,685.0,686.1,686.10,0.0,0.0,693.62,"16,319.00",702.00,"11,319,134.10",259,-15.90,17.0,-2.26,2.48,-1.1,926.00,682.00,,
2024/02/25,265,SICL,40.17,680.2,693.0,678.1,680.2,680.20,0.0,0.0,683.89,"15,405.00",686.10,"10,535,371.80",200,-5.90,14.90,-0.86,2.2,-0.54,926.00,678.10,,
2024/02/26,263,SICL,39.52,676.0,685.0,676.0,681.0,681.00,0.0,0.0,679.92,"6,619.00",680.20,"4,500,405.00",110,0.80,9.00,0.12,1.33,0.16,926.00,676.00,,
2024/02/27,256,SICL,44.46,690.0,703.0,690.0,699.9,699.90,0.0,0.0,696.32,"6,347.00",681.00,"4,419,556.20",96,18.90,13.00,2.78,1.88,0.51,926.00,676.00,,
2024/02/28,258,SICL,49.45,695.0,699.0,690.0,695.0,695.00,0.0,0.0,692.12,"7,374.00",699.90,"5,103,711.00",95,-4.90,9.00,-0.7,1.3,0.41,926.00,676.00,,
2024/02/29,259,SICL,49.31,682.1,705.0,682.1,690.0,690.00,0.0,0.0,690.66,"10,431.00",695.00,"7,204,235.50",120,-5.00,22.90,-0.72,3.36,-0.1,926.00,676.00,,
2024/03/03,257,SICL,41.84,685.5,698.5,681.9,683.0,683.00,0.0,0.0,686.13,"4,334.00",690.00,"2,973,672.00",88,-7.00,16.60,-1.01,2.43,-0.46,926.00,676.00,,
2024/03/04,195,SICL,40.64,696.6,696.6,696.6,696.6,696.60,0.0,0.0,696.60,20.00,683.00,"13,932.00",2,13.6,0.0,1.99,0.0,0.0,926.00,676.00,,
2024/03/05,264,SICL,49.32,710.5,715.0,694.0,695.0,695.00,0.0,0.0,699.96,"15,627.00",696.60,"10,938,199.10",175,-1.60,21.00,-0.23,3.03,-0.71,926.00,676.00,,
2024/01/18,248,SICL,59.41,766.0,766.0,751.0,760.0,760.00,0.0,0.0,760.69,"9,773.00",769.80,"7,434,256.10",131,-9.8,15.00,-1.27,2.0,-0.09,980.00,682.00,,
2024/01/21,257,SICL,52.33,751.1,759.0,740.0,741.0,741.00,0.0,0.0,747.05,"25,477.00",760.00,"19,032,699.10",256,-19.0,19.00,-2.5,2.57,-0.82,977.00,682.00,,
2024/01/22,257,SICL,48.01,741.0,753.9,732.2,734.5,734.50,0.0,0.0,738.67,"19,275.00",741.00,"14,237,793.70",202,-6.5,21.7,-0.88,2.96,-0.57,977.00,682.00,,
2024/01/23,259,SICL,46.71,749.0,749.0,727.6,730.0,730.00,0.0,0.0,732.07,"11,258.00",734.50,"8,241,637.90",152,-4.5,21.4,-0.61,2.94,-0.28,977.00,682.00,,
2024/01/24,261,SICL,46.03,741.0,741.0,718.2,725.0,725.00,0.0,0.0,725.50,"26,633.00",730.00,"19,322,289.50",260,-5.0,22.8,-0.68,3.17,-0.07,969.00,682.00,,
2024/01/25,254,SICL,50.9,722.1,733.8,718.4,729.8,729.80,0.0,0.0,721.70,"18,381.00",725.00,"13,265,583.40",157,4.8,15.40,0.66,2.14,1.11,969.00,682.00,,
2024/01/28,256,SICL,57.83,744.3,745.0,730.0,740.0,740.00,0.0,0.0,737.01,"14,901.00",729.80,"10,982,245.20",161,10.2,15.0,1.4,2.05,0.4,964.90,682.00,,
2024/01/29,261,SICL,57.09,740.0,748.9,737.0,737.0,737.00,0.0,0.0,740.76,"11,869.00",740.00,"8,792,101.80",141,-3.0,11.9,-0.41,1.61,-0.51,964.90,682.00,,
2024/01/30,257,SICL,58.07,749.0,749.0,734.0,734.1,734.10,0.0,0.0,739.24,"11,040.00",737.00,"8,161,244.20",131,-2.9,15.0,-0.39,2.04,-0.7,964.90,682.00,,
2024/01/31,260,SICL,50.43,743.7,743.7,730.0,730.0,730.00,0.0,0.0,733.16,"11,445.00",734.10,"8,391,003.70",161,-4.10,13.70,-0.56,1.88,-0.43,926.00,682.00,,
2024/02/01,257,SICL,38.78,738.9,738.9,711.0,721.0,721.00,0.0,0.0,720.97,"18,821.00",730.00,"13,569,303.80",198,-9.0,27.9,-1.23,3.92,0.0,926.00,682.00,,
2024/02/04,256,SICL,41.55,721.0,725.0,704.7,718.0,718.00,0.0,0.0,714.15,"22,157.00",721.00,"15,823,370.60",233,-3.0,20.3,-0.42,2.88,0.54,926.00,682.00,,
2024/02/05,258,SICL,36.14,718.0,729.0,715.0,720.9,720.90,0.0,0.0,722.43,"5,836.00",718.00,"4,216,085.10",92,2.9,14.0,0.4,1.96,-0.21,926.00,682.00,,
2024/02/06,265,SICL,48.71,728.0,730.0,717.0,728.0,728.00,0.0,0.0,727.23,"5,264.00",720.90,"3,828,147.40",95,7.1,13.0,0.98,1.81,0.11,926.00,682.00,,
2024/02/07,262,SICL,52.6,739.8,739.8,725.6,729.6,729.60,0.0,0.0,727.99,"5,686.00",728.00,"4,139,378.00",87,1.6,14.2,0.22,1.96,0.22,926.00,682.00,,
2024/02/08,265,SICL,50.77,727.0,730.0,725.0,725.4,725.40,0.0,0.0,726.74,"6,738.00",729.60,"4,896,773.00",115,-4.2,5.00,-0.58,0.69,-0.18,926.00,682.00,,
2023/12/20,257,SICL,63.46,802.0,802.0,790.0,796.0,796.00,0.0,0.0,796.14,"24,863.00",787.90,"19,794,327.70",222,8.10,12.00,1.03,1.52,-0.02,"1,010.00",682.00,,
2023/12/21,254,SICL,54.42,791.0,797.0,765.0,773.0,773.00,0.0,0.0,780.51,"18,571.00",796.00,"14,494,923.40",249,-23.00,32.00,-2.89,4.18,-0.97,"1,010.00",682.00,,
2023/12/24,258,SICL,47.29,788.4,788.4,768.0,768.0,768.00,0.0,0.0,777.41,"15,370.00",773.00,"11,948,778.20",201,-5.0,20.40,-0.65,2.66,-1.23,"1,010.00",682.00,,
2023/12/27,257,SICL,47.6,768.0,797.9,768.0,770.0,770.00,0.0,0.0,774.67,"11,415.00",768.00,"8,842,900.40",148,2.0,29.90,0.26,3.89,-0.61,"1,010.00",682.00,,
2023/12/28,251,SICL,55.4,757.0,790.0,757.0,763.0,763.00,0.0,0.0,770.96,"15,719.00",770.00,"12,118,793.50",183,-7.0,33.0,-0.91,4.36,-1.04,"1,010.00",682.00,,
2024/01/01,256,SICL,43.95,778.0,778.0,760.0,765.0,765.00,0.0,0.0,766.36,"12,861.00",763.00,"9,856,209.10",162,2.0,18.0,0.26,2.37,-0.18,"1,010.00",682.00,,
2024/01/02,256,SICL,43.94,752.2,765.0,733.0,745.0,745.00,0.0,0.0,745.98,"16,174.00",765.00,"12,065,534.00",184,-20.0,32.0,-2.61,4.37,-0.13,"1,010.00",682.00,,
2024/01/03,257,SICL,47.02,734.0,754.0,734.0,745.0,745.00,0.0,0.0,742.68,"22,101.00",745.00,"16,413,976.10",150,0.00,20.0,0.0,2.72,0.31,"1,010.00",682.00,,
2024/01/04,252,SICL,43.45,750.0,755.0,740.0,740.4,740.40,0.0,0.0,744.49,"14,074.00",745.00,"10,477,909.50",144,-4.60,15.00,-0.62,2.03,-0.55,"1,010.00",682.00,,
2024/01/07,254,SICL,42.36,734.0,745.0,730.0,731.1,731.10,0.0,0.0,735.53,"14,111.00",740.40,"10,379,000.80",181,-9.3,15.0,-1.26,2.05,-0.61,"1,010.00",682.00,,
2024/01/08,259,SICL,42.26,740.0,744.9,735.0,743.9,743.90,0.0,0.0,738.96,"11,573.00",731.10,"8,551,965.60",149,12.8,9.90,1.75,1.35,0.66,"1,010.00",682.00,,
2024/01/09,258,SICL,60.57,755.0,770.0,750.0,759.0,759.00,0.0,0.0,756.64,"18,734.00",743.90,"14,174,810.60",173,15.1,20.0,2.03,2.67,0.31,"1,010.00",682.00,,
2024/01/10,250,SICL,61.24,774.1,774.1,750.0,765.0,765.00,0.0,0.0,767.79,"14,865.00",759.00,"11,413,223.00",154,6.0,24.10,0.79,3.21,-0.36,"1,010.00",682.00,,
2024/01/11,254,SICL,59.53,770.0,770.0,755.3,758.0,758.00,0.0,0.0,762.06,"15,319.00",765.00,"11,673,951.50",108,-7.00,14.7,-0.92,1.95,-0.54,981.20,682.00,,
2024/01/14,263,SICL,59.52,760.0,763.1,756.0,757.5,757.50,0.0,0.0,758.07,"11,894.00",758.00,"9,016,503.30",127,-0.5,7.1,-0.07,0.94,-0.08,980.00,682.00,,
2024/01/16,254,SICL,65.35,760.0,770.0,760.0,765.5,765.50,0.0,0.0,765.11,"18,245.00",757.50,"13,959,378.60",194,8.0,10.0,1.06,1.32,0.05,980.00,682.00,,
2023/11/27,242,SICL,54.16,768.0,775.0,755.0,763.7,763.70,0.0,0.0,762.20,"5,171.00",755.00,"3,941,311.50",88,8.70,20.00,1.15,2.65,0.2,"1,010.00",682.00,,
2023/11/28,241,SICL,43.5,778.0,778.0,761.0,763.0,763.00,0.0,0.0,766.75,"2,284.00",763.70,"1,751,248.00",52,-0.7,17.0,-0.09,2.23,-0.49,"1,010.00",682.00,,
2023/11/29,239,SICL,48.61,763.0,775.0,740.0,752.0,752.00,0.0,0.0,749.37,"5,626.00",763.00,"4,215,961.50",61,-11.00,35.00,-1.44,4.73,0.35,"1,010.00",682.00,,
2023/11/30,241,SICL,36.94,750.1,750.1,739.0,741.0,741.00,0.0,0.0,740.95,"5,623.00",752.00,"4,166,348.20",67,-11.0,11.10,-1.46,1.5,0.01,"1,010.00",682.00,,
2023/12/03,244,SICL,39.01,731.0,739.0,725.0,730.0,730.00,0.0,0.0,731.03,"4,589.00",741.00,"3,354,717.10",70,-11.0,14.0,-1.48,1.93,-0.14,"1,010.00",682.00,,
2023/12/04,243,SICL,37.49,723.0,735.0,723.0,733.0,733.00,0.0,0.0,731.21,"4,616.00",730.00,"3,375,259.00",58,3.0,12.0,0.41,1.66,0.24,"1,010.00",682.00,,
2023/12/05,243,SICL,32.01,733.0,737.0,728.1,735.0,735.00,0.0,0.0,731.44,"1,097.00",733.00,"802,386.80",33,2.00,8.90,0.27,1.22,0.48,"1,010.00",682.00,,
2023/12/06,244,SICL,36.9,730.1,740.0,730.0,740.0,740.00,0.0,0.0,734.29,"4,365.00",735.00,"3,205,159.20",42,5.0,10.00,0.68,1.37,0.77,"1,010.00",682.00,,
2023/12/07,250,SICL,52.07,734.2,754.0,734.0,744.0,744.00,0.0,0.0,746.12,"7,591.00",740.00,"5,663,808.60",90,4.0,20.00,0.54,2.72,-0.29,"1,010.00",682.00,,
2023/12/10,200,SICL,50.88,758.8,788.0,758.8,779.0,779.00,0.0,0.0,772.31,"1,920.00",744.00,"1,482,827.00",8,35.00,29.2,4.7,3.85,0.86,"1,010.00",682.00,,
2023/12/11,252,SICL,57.71,794.5,794.5,760.0,775.0,775.00,0.0,0.0,778.08,"18,363.00",779.00,"14,287,893.70",216,-4.0,34.5,-0.51,4.54,-0.4,"1,010.00",682.00,,
2023/12/12,246,SICL,60.56,778.0,789.0,766.0,780.0,780.00,0.0,0.0,782.26,"11,802.00",775.00,"9,232,196.90",172,5.00,23.00,0.65,3.0,-0.29,"1,010.00",682.00,,
2023/12/13,243,SICL,57.73,795.6,795.6,772.0,778.0,778.00,0.0,0.0,783.11,"8,684.00",780.00,"6,800,501.80",136,-2.0,23.6,-0.26,3.06,-0.66,"1,010.00",682.00,,
2023/12/14,250,SICL,42.25,764.0,774.0,764.0,765.0,765.00,0.0,0.0,767.69,"6,080.00",778.00,"4,667,549.90",95,-13.0,10.0,-1.67,1.31,-0.35,"1,010.00",682.00,,
2023/12/17,245,SICL,50.57,749.7,768.0,706.0,766.0,766.00,0.0,0.0,752.85,"29,572.00",765.00,"22,263,195.90",248,1.0,62.00,0.13,8.78,1.72,"1,010.00",682.00,,
2023/12/18,254,SICL,51.78,770.0,787.0,766.0,773.8,773.80,0.0,0.0,777.70,"20,028.00",766.00,"15,575,801.90",192,7.80,21.00,1.02,2.74,-0.5,"1,010.00",682.00,,
2023/10/18,240,SICL,49.56,716.0,742.0,715.0,730.0,730.00,0.0,0.0,724.93,"5,695.00",714.90,"4,128,488.00",80,15.1,27.0,2.11,3.78,0.69,"1,010.00",682.00,,
2023/10/19,237,SICL,44.63,730.0,730.0,725.0,728.0,728.00,0.0,0.0,726.98,"2,394.00",730.00,"1,740,399.50",41,-2.0,5.0,-0.27,0.69,0.14,"1,010.00",682.00,,
2023/10/29,236,SICL,43.98,714.0,725.0,710.0,715.0,715.00,0.0,0.0,713.65,"2,907.00",728.00,"2,074,571.50",53,-13.0,15.0,-1.79,2.11,0.19,"1,010.00",682.00,,
2023/10/30,239,SICL,42.87,711.0,725.0,710.0,725.0,725.00,0.0,0.0,715.75,"2,091.00",715.00,"1,496,637.60",34,10.0,15.0,1.4,2.11,1.28,"1,010.00",682.00,,
2023/10/31,238,SICL,39.35,730.0,730.0,722.1,727.8,727.80,0.0,0.0,726.73,"3,294.00",725.00,"2,393,846.10",51,2.8,7.9,0.39,1.09,0.15,"1,010.00",682.00,,
2023/11/01,248,SICL,37.62,730.0,744.0,719.5,719.5,719.50,0.0,0.0,732.03,"2,672.00",727.80,"1,955,988.60",65,-8.3,24.5,-1.14,3.41,-1.74,"1,010.00",682.00,,
2023/11/02,235,SICL,42.04,711.0,725.1,711.0,719.0,719.00,0.0,0.0,717.57,"2,700.00",719.50,"1,937,438.00",56,-0.5,14.1,-0.07,1.98,0.2,"1,010.00",682.00,,
2023/11/05,242,SICL,36.72,710.0,722.0,708.0,713.0,713.00,0.0,0.0,711.28,"4,311.00",719.00,"3,066,349.00",75,-6.0,14.0,-0.83,1.98,0.24,"1,010.00",682.00,,
2023/11/06,236,SICL,45.73,727.2,741.0,713.5,730.0,730.00,0.0,0.0,723.29,"4,380.00",713.00,"3,168,010.00",80,17.0,27.5,2.38,3.85,0.92,"1,010.00",682.00,,
2023/11/07,236,SICL,42.47,734.0,735.0,727.0,734.0,734.00,0.0,0.0,732.12,"1,750.00",730.00,"1,281,206.10",38,4.0,8.0,0.55,1.1,0.26,"1,010.00",682.00,,
2023/11/08,240,SICL,43.45,730.0,734.5,722.1,729.9,729.90,0.0,0.0,729.92,"1,569.00",734.00,"1,145,242.70",35,-4.10,12.4,-0.56,1.72,0.0,"1,010.00",682.00,,
2023/11/09,235,SICL,43.64,725.0,738.5,723.8,723.8,723.80,0.0,0.0,726.97,"2,689.00",729.90,"1,954,818.50",46,-6.1,14.7,-0.84,2.03,-0.44,"1,010.00",682.00,,
2023/11/20,236,SICL,36.4,726.0,730.0,725.0,725.0,725.00,0.0,0.0,726.80,"3,028.00",723.80,"2,200,740.00",60,1.20,5.00,0.17,0.69,-0.25,"1,010.00",682.00,,
2023/11/21,238,SICL,30.08,725.0,725.0,710.0,720.0,720.00,0.0,0.0,716.19,"3,638.00",725.00,"2,605,516.50",55,-5.0,15.00,-0.69,2.11,0.53,"1,010.00",682.00,,
2023/11/22,245,SICL,34.63,726.0,741.0,710.0,730.0,730.00,0.0,0.0,733.27,"2,277.00",720.00,"1,669,649.60",38,10.0,31.00,1.39,4.37,-0.45,"1,010.00",682.00,,
2023/11/23,243,SICL,46.03,744.0,744.0,716.0,735.0,735.00,0.0,0.0,727.58,"1,811.00",730.00,"1,317,645.20",38,5.0,28.0,0.68,3.91,1.01,"1,010.00",682.00,,
2023/09/21,232,SICL,60.92,780.0,790.0,766.4,775.0,775.00,0.0,0.0,775.12,"19,480.00",765.00,"15,099,427.90",124,10.00,23.60,1.31,3.08,-0.02,"1,010.00",682.00,,
2023/09/24,239,SICL,49.74,765.0,780.0,763.0,765.0,765.00,0.0,0.0,770.87,"2,774.00",775.00,"2,138,400.50",67,-10.00,17.00,-1.29,2.23,-0.77,"1,010.00",682.00,,
2023/09/25,237,SICL,43.98,777.0,777.0,757.0,760.6,760.60,0.0,0.0,761.81,"4,839.00",765.00,"3,686,389.40",70,-4.4,20.0,-0.58,2.64,-0.16,"1,010.00",682.00,,
2023/09/26,239,SICL,53.53,775.0,782.0,763.0,765.1,765.10,0.0,0.0,773.62,"7,642.00",760.60,"5,912,042.10",69,4.5,19.00,0.59,2.49,-1.11,"1,010.00",682.00,,
2023/09/27,236,SICL,39.62,775.0,775.0,757.0,760.0,760.00,0.0,0.0,762.13,"7,217.00",765.10,"5,500,308.10",73,-5.1,18.0,-0.67,2.38,-0.28,"1,010.00",682.00,,
2023/10/01,237,SICL,36.21,750.0,760.0,747.0,747.0,747.00,0.0,0.0,751.18,"6,143.00",760.00,"4,614,513.60",87,-13.0,13.0,-1.71,1.74,-0.56,"1,010.00",682.00,,
2023/10/02,239,SICL,39.94,739.1,754.0,737.0,752.0,752.00,0.0,0.0,745.70,"3,874.00",747.00,"2,888,840.30",61,5.0,17.0,0.67,2.31,0.84,"1,010.00",682.00,,
2023/10/03,234,SICL,35.5,741.0,750.0,740.0,744.0,744.00,0.0,0.0,742.52,"4,179.00",752.00,"3,103,001.00",68,-8.0,10.0,-1.06,1.35,0.2,"1,010.00",682.00,,
2023/10/04,235,SICL,39.82,732.1,750.0,732.1,745.9,745.90,0.0,0.0,743.20,"6,343.00",744.00,"4,714,104.60",71,1.9,17.9,0.26,2.45,0.36,"1,010.00",682.00,,
2023/10/05,232,SICL,40.17,740.0,753.0,738.0,740.0,740.00,0.0,0.0,740.36,"25,443.00",745.90,"18,837,010.30",104,-5.9,15.0,-0.79,2.03,-0.05,"1,010.00",682.00,,
2023/10/08,241,SICL,33.44,754.8,754.8,729.2,730.0,730.00,0.0,0.0,733.27,"8,752.00",740.00,"6,417,595.00",130,-10.0,25.6,-1.35,3.51,-0.45,"1,010.00",682.00,,
2023/10/09,239,SICL,33.21,728.0,737.0,726.0,728.0,728.00,0.0,0.0,728.63,"4,634.00",730.00,"3,376,493.50",82,-2.0,11.0,-0.27,1.52,-0.09,"1,010.00",682.00,,
2023/10/10,235,SICL,30.97,721.0,742.3,720.5,722.0,722.00,0.0,0.0,723.46,"6,043.00",728.00,"4,371,849.40",97,-6.0,21.8,-0.82,3.03,-0.2,"1,010.00",682.00,,
2023/10/11,239,SICL,37.29,720.5,744.0,720.0,722.0,722.00,0.0,0.0,723.22,"10,550.00",722.00,"7,629,921.00",103,0.0,24.0,0.0,3.33,-0.17,"1,010.00",682.00,,
2023/10/12,245,SICL,38.42,721.0,723.0,715.6,715.6,715.60,0.0,0.0,717.60,"6,486.00",722.00,"4,654,322.10",100,-6.4,7.40,-0.89,1.03,-0.28,"1,010.00",682.00,,
2023/10/16,238,SICL,36.47,729.0,729.0,700.0,700.0,700.00,0.0,0.0,706.03,"14,044.00",715.60,"9,915,448.40",195,-15.6,29.00,-2.18,4.14,-0.86,"1,010.00",682.00,,
2023/08/23,228,SICL,52.74,781.2,795.0,775.2,794.0,794.00,0.0,0.0,786.95,"16,336.00",778.80,"12,855,639.00",161,15.2,19.8,1.95,2.55,0.89,"1,010.00",682.00,,
2023/08/24,231,SICL,47.42,808.0,808.0,770.0,782.0,782.00,0.0,0.0,783.20,"12,412.00",794.00,"9,721,093.60",155,-12.0,38.0,-1.51,4.94,-0.15,"1,010.00",682.00,,
2023/08/27,235,SICL,44.85,780.0,780.0,768.0,770.0,770.00,0.0,0.0,770.53,"13,794.00",782.00,"10,628,690.80",119,-12.0,12.00,-1.53,1.56,-0.07,"1,010.00",682.00,,
2023/08/28,234,SICL,38.03,780.0,780.0,763.5,770.0,770.00,0.0,0.0,769.38,"3,397.00",770.00,"2,613,586.40",55,0.0,16.5,0.0,2.16,0.08,"1,010.00",682.00,,
2023/08/29,233,SICL,31.31,782.0,782.0,765.0,768.0,768.00,0.0,0.0,768.64,"3,895.00",770.00,"2,993,850.50",72,-2.0,17.0,-0.26,2.22,-0.08,"1,010.00",682.00,,
2023/08/30,231,SICL,42.51,780.0,780.0,760.0,770.0,770.00,0.0,0.0,767.54,"8,649.00",768.00,"6,638,457.30",103,2.0,20.0,0.26,2.63,0.32,"1,010.00",682.00,,
2023/09/03,231,SICL,39.88,780.0,780.0,747.0,750.0,750.00,0.0,0.0,753.21,"16,498.00",770.00,"12,426,471.00",199,-20.0,33.0,-2.6,4.42,-0.43,"1,010.00",682.00,,
2023/09/04,226,SICL,37.27,763.0,763.0,739.0,742.0,742.00,0.0,0.0,744.25,"10,734.00",750.00,"7,988,818.70",124,-8.0,24.0,-1.07,3.25,-0.3,"1,010.00",682.00,,
2023/09/05,232,SICL,33.03,755.0,755.0,740.0,740.0,740.00,0.0,0.0,740.66,"5,969.00",742.00,"4,421,028.20",85,-2.0,15.0,-0.27,2.03,-0.09,"1,010.00",682.00,,
2023/09/07,232,SICL,33.0,749.0,749.0,730.0,733.0,733.00,0.0,0.0,734.15,"12,137.00",740.00,"8,910,412.80",141,-7.0,19.0,-0.95,2.6,-0.16,"1,010.00",682.00,,
2023/09/10,232,SICL,37.35,735.0,740.0,730.0,736.5,736.50,0.0,0.0,733.59,"4,707.00",733.00,"3,453,006.60",74,3.5,10.0,0.48,1.37,0.4,"1,010.00",682.00,,
2023/09/11,233,SICL,49.02,730.1,759.9,730.0,758.0,758.00,0.0,0.0,750.17,"4,744.00",736.50,"3,558,791.50",90,21.5,29.9,2.92,4.1,1.03,"1,010.00",682.00,,
2023/09/12,231,SICL,44.77,773.0,773.0,743.0,750.0,750.00,0.0,0.0,756.21,"5,907.00",758.00,"4,466,952.80",78,-8.0,30.0,-1.06,4.04,-0.83,"1,010.00",682.00,,
2023/09/13,230,SICL,51.85,755.0,769.7,745.0,765.0,765.00,0.0,0.0,759.75,"8,760.00",750.00,"6,655,378.00",115,15.0,24.7,2.0,3.32,0.69,"1,010.00",682.00,,
2023/09/17,233,SICL,46.83,757.0,767.0,751.0,753.0,753.00,0.0,0.0,755.76,"4,544.00",765.00,"3,434,172.00",73,-12.0,16.0,-1.57,2.13,-0.37,"1,010.00",682.00,,
2023/09/18,227,SICL,48.2,741.2,764.0,741.2,764.0,764.00,0.0,0.0,749.65,"2,688.00",753.00,"2,015,070.40",38,11.0,22.8,1.46,3.08,1.88,"1,010.00",682.00,,
2023/07/31,220,SICL,38.24,825.0,840.0,823.0,830.9,830.90,0.0,0.0,830.79,"11,693.00",827.00,"9,714,410.60",155,3.9,17.0,0.47,2.07,0.01,"1,010.00",682.00,,
2023/08/01,220,SICL,38.6,832.0,835.0,805.0,808.0,808.00,0.0,0.0,817.93,"17,579.00",830.90,"14,378,390.00",255,-22.90,30.00,-2.76,3.73,-1.23,"1,010.00",682.00,,
2023/08/02,225,SICL,34.29,810.0,815.0,795.0,814.9,814.90,0.0,0.0,803.60,"9,381.00",808.00,"7,538,606.20",152,6.9,20.00,0.85,2.52,1.39,"1,010.00",682.00,,
2023/08/03,221,SICL,32.46,829.0,830.0,810.0,814.9,814.90,0.0,0.0,816.56,"7,149.00",814.90,"5,837,606.00",123,0.0,20.0,0.0,2.47,-0.2,"1,010.00",682.00,,
2023/08/06,224,SICL,40.54,810.0,820.0,784.0,799.9,799.90,0.0,0.0,804.96,"20,713.00",814.90,"16,673,088.80",184,-15.0,36.00,-1.84,4.59,-0.63,"1,010.00",682.00,,
2023/08/07,223,SICL,44.64,784.0,810.0,784.0,797.0,797.00,0.0,0.0,796.34,"12,734.00",799.90,"10,140,571.60",158,-2.9,26.00,-0.36,3.32,0.08,"1,010.00",682.00,,
2023/08/08,223,SICL,39.22,810.0,810.0,781.0,789.0,789.00,0.0,0.0,789.63,"13,048.00",797.00,"10,303,110.50",162,-8.0,29.00,-1.0,3.71,-0.08,"1,010.00",682.00,,
2023/08/09,223,SICL,48.62,775.0,805.0,774.2,805.0,805.00,0.0,0.0,786.86,"22,403.00",789.00,"17,628,073.20",168,16.0,30.80,2.03,3.98,2.25,"1,010.00",682.00,,
2023/08/10,226,SICL,51.05,808.0,821.5,800.0,815.0,815.00,0.0,0.0,815.94,"8,321.00",805.00,"6,789,403.70",132,10.0,21.5,1.24,2.69,-0.11,"1,010.00",682.00,,
2023/08/13,226,SICL,51.01,801.2,819.0,801.2,819.0,819.00,0.0,0.0,815.64,"6,959.00",815.00,"5,676,006.80",102,4.00,17.80,0.49,2.22,0.41,"1,010.00",682.00,,
2023/08/14,233,SICL,50.73,819.0,824.0,811.0,818.0,818.00,0.0,0.0,817.37,"6,512.00",819.00,"5,322,741.10",77,-1.0,13.0,-0.12,1.6,0.08,"1,010.00",682.00,,
2023/08/15,233,SICL,48.76,816.0,824.0,801.0,814.5,814.50,0.0,0.0,812.35,"12,521.00",818.00,"10,171,430.80",166,-3.5,23.00,-0.43,2.87,0.26,"1,010.00",682.00,,
2023/08/16,224,SICL,44.2,805.1,807.0,788.0,789.0,789.00,0.0,0.0,795.15,"16,980.00",814.50,"13,501,727.40",179,-25.5,19.00,-3.13,2.41,-0.78,"1,010.00",682.00,,
2023/08/17,226,SICL,41.21,804.0,805.0,783.1,787.0,787.00,0.0,0.0,791.57,"13,002.00",789.00,"10,292,015.40",164,-2.0,21.90,-0.25,2.8,-0.58,"1,010.00",682.00,,
2023/08/20,224,SICL,38.46,781.0,789.9,775.0,778.0,778.00,0.0,0.0,780.29,"7,859.00",787.00,"6,132,260.40",118,-9.0,14.90,-1.14,1.92,-0.29,"1,010.00",682.00,,
2023/08/21,227,SICL,37.05,778.1,785.0,768.1,770.0,770.00,0.0,0.0,775.03,"9,340.00",778.00,"7,238,797.60",157,-8.0,16.9,-1.03,2.2,-0.65,"1,010.00",682.00,,
2023/07/06,272,SICL,30.43,639.1,650.0,639.0,644.0,644.00,0.0,0.0,642.00,"11,244.00",652.10,"7,218,650.10",106,-8.1,11.0,-1.24,1.72,0.31,905.00,588.80,757.69,772.49
2023/07/09,243,SICL,41.09,845.0,869.8,845.0,864.0,864.00,0.0,0.0,857.44,"18,487.00",829.00,"15,851,543.40",246,35.0,24.8,4.22,2.93,0.76,"1,010.00",682.00,,
2023/07/10,249,SICL,42.66,860.0,881.0,852.0,861.0,861.00,0.0,0.0,867.47,"34,428.00",864.00,"29,865,384.60",278,-3.00,29.00,-0.35,3.4,-0.75,"1,010.00",682.00,,
2023/07/11,239,SICL,43.04,874.0,874.0,858.0,867.0,867.00,0.0,0.0,865.08,"15,449.00",861.00,"13,364,676.50",150,6.0,16.00,0.7,1.86,0.22,"1,010.00",682.00,,
2023/07/12,246,SICL,49.64,865.0,878.9,840.1,856.0,856.00,0.0,0.0,849.59,"50,827.00",867.00,"43,181,975.20",294,-11.0,38.8,-1.27,4.62,0.75,"1,010.00",682.00,,
2023/07/13,251,SICL,34.96,873.0,873.0,843.0,846.0,846.00,0.0,0.0,854.96,"19,035.00",856.00,"16,274,242.90",198,-10.0,30.00,-1.17,3.56,-1.06,"1,010.00",682.00,,
2023/07/16,246,SICL,35.57,862.0,870.0,840.1,845.0,845.00,0.0,0.0,849.01,"20,265.00",846.00,"17,205,195.70",140,-1.00,29.90,-0.12,3.56,-0.47,"1,010.00",682.00,,
2023/07/17,216,SICL,38.82,842.0,869.0,842.0,865.0,865.00,0.0,0.0,857.94,"16,907.00",845.00,"14,505,196.70",184,20.0,27.00,2.37,3.21,0.82,"1,010.00",682.00,,
2023/07/18,214,SICL,50.16,881.0,889.0,874.0,875.0,875.00,0.0,0.0,881.29,"20,373.00",865.00,"17,954,565.90",270,10.00,15.00,1.16,1.72,-0.72,"1,010.00",682.00,,
2023/07/19,219,SICL,49.18,888.8,888.8,872.0,876.0,876.00,0.0,0.0,877.85,"13,551.00",875.00,"11,895,809.20",160,1.0,16.80,0.11,1.93,-0.21,"1,010.00",682.00,,
2023/07/20,223,SICL,46.21,884.0,884.0,865.0,870.0,870.00,0.0,0.0,870.19,"7,529.00",876.00,"6,551,648.50",130,-6.00,19.00,-0.68,2.2,-0.02,"1,010.00",682.00,,
2023/07/23,225,SICL,49.53,868.0,889.0,867.0,878.0,878.00,0.0,0.0,879.54,"16,780.00",870.00,"14,758,724.90",201,8.0,22.00,0.92,2.54,-0.18,"1,010.00",682.00,,
2023/07/24,224,SICL,48.26,862.0,878.0,854.0,860.0,860.00,0.0,0.0,864.80,"20,115.00",878.00,"17,395,535.50",218,-18.0,24.00,-2.05,2.81,-0.56,"1,010.00",682.00,,
2023/07/25,226,SICL,40.05,855.2,864.0,845.0,848.9,848.90,0.0,0.0,848.87,"15,882.00",860.00,"13,481,779.20",208,-11.10,19.00,-1.29,2.25,0.0,"1,010.00",682.00,,
2023/07/26,219,SICL,40.19,864.9,864.9,832.0,841.0,841.00,0.0,0.0,846.13,"11,703.00",848.90,"9,902,273.10",155,-7.90,32.90,-0.93,3.95,-0.61,"1,010.00",682.00,,
2023/07/27,229,SICL,35.38,857.0,857.0,826.0,835.4,835.40,0.0,0.0,838.85,"10,288.00",841.00,"8,630,115.20",133,-5.6,31.00,-0.67,3.75,-0.41,"1,010.00",682.00,,
2023/06/12,240,SICL,52.89,787.5,797.0,765.0,770.0,770.00,0.0,0.0,774.60,"34,440.00",772.10,"26,677,269.30",250,-2.10,32.00,-0.27,4.18,-0.6,"1,010.00",682.00,,
2023/06/13,226,SICL,59.05,772.0,799.0,757.0,788.0,788.00,0.0,0.0,789.79,"52,962.00",770.00,"41,828,806.40",536,18.00,42.00,2.34,5.55,-0.23,"1,010.00",682.00,,
2023/06/14,231,SICL,55.69,795.0,826.0,792.0,810.0,810.00,0.0,0.0,814.38,"50,058.00",788.00,"40,766,197.70",589,22.00,34.00,2.79,4.29,-0.54,"1,010.00",682.00,,
2023/06/15,226,SICL,50.95,826.2,826.2,808.0,815.0,815.00,0.0,0.0,815.57,"26,772.00",810.00,"21,834,512.70",310,5.0,18.20,0.62,2.25,-0.07,"1,010.00",682.00,,
2023/06/18,236,SICL,60.79,820.0,851.5,810.0,851.0,851.00,0.0,0.0,839.47,"53,483.00",815.00,"44,897,238.30",511,36.0,41.50,4.42,5.12,1.36,"1,010.00",682.00,,
2023/06/19,231,SICL,54.31,865.0,865.0,835.0,840.0,840.00,0.0,0.0,847.61,"39,145.00",851.00,"33,179,769.80",400,-11.00,30.00,-1.29,3.59,-0.91,"1,010.00",682.00,,
2023/06/20,224,SICL,46.35,844.0,860.0,812.0,812.0,812.00,0.0,0.0,833.06,"25,460.00",840.00,"21,209,678.00",354,-28.0,48.0,-3.33,5.91,-2.59,"1,010.00",682.00,,
2023/06/21,272,SICL,30.43,639.1,650.0,639.0,644.0,644.00,0.0,0.0,642.00,"11,244.00",652.10,"7,218,650.10",106,-8.1,11.0,-1.24,1.72,0.31,905.00,588.80,757.69,772.49
2023/06/22,272,SICL,30.43,639.1,650.0,639.0,644.0,644.00,0.0,0.0,642.00,"11,244.00",652.10,"7,218,650.10",106,-8.1,11.0,-1.24,1.72,0.31,905.00,588.80,757.69,772.49
2023/06/25,231,SICL,59.71,825.0,905.0,825.0,900.0,900.00,0.0,0.0,880.96,"80,576.00",822.80,"70,984,590.50",874,77.20,80.00,9.38,9.7,2.12,"1,010.00",682.00,,
2023/06/26,235,SICL,58.06,918.0,926.0,885.0,890.0,890.00,0.0,0.0,904.25,"50,093.00",900.00,"45,296,811.60",511,-10.0,41.0,-1.11,4.63,-1.6,"1,010.00",682.00,,
2023/06/27,231,SICL,57.23,890.0,910.0,882.0,900.0,900.00,0.0,0.0,897.53,"44,148.00",890.00,"39,623,965.50",365,10.00,28.00,1.12,3.17,0.27,"1,010.00",682.00,,
2023/06/28,236,SICL,53.31,900.0,914.0,880.0,890.0,890.00,0.0,0.0,893.90,"60,001.00",900.00,"53,634,788.70",533,-10.0,34.0,-1.11,3.86,-0.44,"1,010.00",682.00,,
2023/07/02,242,SICL,42.74,895.0,900.0,868.1,870.0,870.00,0.0,0.0,881.39,"34,184.00",890.00,"30,129,285.70",403,-20.0,31.9,-2.25,3.67,-1.31,"1,010.00",682.00,,
2023/07/03,230,SICL,40.04,870.0,880.0,845.0,850.0,850.00,0.0,0.0,864.62,"32,138.00",870.00,"27,787,245.70",444,-20.0,35.0,-2.3,4.14,-1.72,"1,010.00",682.00,,
2023/07/04,238,SICL,40.05,855.0,882.0,851.0,860.0,860.00,0.0,0.0,859.01,"19,170.00",850.00,"16,467,244.20",199,10.00,31.0,1.18,3.64,0.11,"1,010.00",682.00,,
2023/05/16,227,SICL,34.03,700.0,704.0,695.0,702.9,702.90,0.0,0.0,699.53,"4,732.00",698.00,"3,310,190.30",69,4.9,9.0,0.7,1.29,0.48,"1,122.00",682.00,,
2023/05/17,222,SICL,44.28,700.0,714.0,700.0,711.9,711.90,0.0,0.0,709.57,"5,483.00",702.90,"3,890,565.40",69,9.0,14.0,1.28,2.0,0.33,"1,122.00",682.00,,
2023/05/18,220,SICL,48.53,710.0,723.0,710.0,721.1,721.10,0.0,0.0,718.47,"8,176.00",711.90,"5,874,187.60",134,9.2,13.0,1.29,1.83,0.37,"1,102.00",682.00,,
2023/05/21,227,SICL,47.43,721.4,734.0,718.1,720.0,720.00,0.0,0.0,724.50,"7,877.00",721.10,"5,706,861.60",137,-1.10,15.90,-0.15,2.21,-0.62,"1,095.00",682.00,,
2023/05/22,227,SICL,51.23,733.9,736.0,717.0,732.0,732.00,0.0,0.0,726.13,"16,215.00",720.00,"11,774,160.20",112,12.00,19.00,1.67,2.65,0.8,"1,095.00",682.00,,
2023/05/23,226,SICL,54.77,742.0,754.4,734.0,752.0,752.00,0.0,0.0,748.74,"14,154.00",732.00,"10,597,623.40",154,20.00,20.40,2.73,2.78,0.43,"1,095.00",682.00,,
2023/05/24,225,SICL,55.36,755.0,760.0,740.0,760.0,760.00,0.0,0.0,752.87,"14,641.00",752.00,"11,022,742.30",157,8.00,20.00,1.06,2.7,0.94,"1,095.00",682.00,,
2023/05/28,223,SICL,58.66,760.0,770.0,737.0,739.0,739.00,0.0,0.0,762.11,"22,723.00",760.00,"17,317,395.70",225,-21.00,33.00,-2.76,4.48,-3.13,"1,095.00",682.00,,
2023/05/30,230,SICL,39.74,725.1,734.0,715.0,721.0,721.00,0.0,0.0,721.39,"18,670.00",739.00,"13,468,413.80",189,-18.0,19.00,-2.44,2.66,-0.05,"1,095.00",682.00,,
2023/05/31,218,SICL,37.41,706.6,722.1,700.0,710.0,710.00,0.0,0.0,711.16,"18,193.00",721.00,"12,938,130.60",170,-11.00,22.10,-1.53,3.16,-0.16,"1,069.50",682.00,,
2023/06/01,227,SICL,35.99,705.0,720.1,702.0,716.0,716.00,0.0,0.0,715.85,"9,138.00",710.00,"6,541,417.10",102,6.0,18.10,0.85,2.58,0.02,"1,020.00",682.00,,
2023/06/04,225,SICL,39.39,716.0,740.0,716.0,735.0,735.00,0.0,0.0,732.38,"11,480.00",716.00,"8,407,747.10",91,19.00,24.0,2.65,3.35,0.36,"1,010.00",682.00,,
2023/06/05,232,SICL,49.52,749.0,754.8,720.3,721.0,721.00,0.0,0.0,741.11,"12,271.00",735.00,"9,094,145.50",143,-14.0,34.50,-1.9,4.79,-2.79,"1,010.00",682.00,,
2023/06/06,224,SICL,52.12,735.4,748.0,726.1,748.0,748.00,0.0,0.0,740.33,"11,556.00",721.00,"8,555,284.10",134,27.0,21.90,3.74,3.02,1.03,"1,010.00",682.00,,
2023/06/07,217,SICL,51.17,760.0,761.0,741.0,741.0,741.00,0.0,0.0,752.15,"13,136.00",748.00,"9,880,252.10",153,-7.0,20.0,-0.94,2.7,-1.5,"1,010.00",682.00,,
2023/06/08,229,SICL,52.36,735.0,776.2,734.2,765.0,765.00,0.0,0.0,752.41,"26,738.00",741.00,"20,118,063.10",216,24.0,42.0,3.24,5.72,1.65,"1,010.00",682.00,,
2023/04/20,222,SICL,29.6,722.1,730.0,720.0,721.0,721.00,0.0,0.0,723.24,"5,446.00",725.00,"3,938,744.70",78,-4.0,10.00,-0.55,1.39,-0.31,"1,198.00",690.10,,
2023/04/23,220,SICL,35.98,725.0,725.0,715.7,720.0,720.00,0.0,0.0,718.65,"7,022.00",721.00,"5,046,361.90",95,-1.0,9.3,-0.14,1.3,0.19,"1,198.00",690.10,,
2023/04/24,224,SICL,35.12,715.0,724.8,714.0,718.3,718.30,0.0,0.0,719.76,"5,018.00",720.00,"3,611,762.80",71,-1.7,10.8,-0.24,1.51,-0.2,"1,198.00",690.10,,
2023/04/25,217,SICL,43.02,714.2,728.8,714.0,723.0,723.00,0.0,0.0,718.16,"11,933.00",718.30,"8,569,822.40",108,4.7,14.8,0.65,2.07,0.67,"1,198.00",690.10,,
2023/04/26,218,SICL,44.57,725.0,732.0,721.3,727.0,727.00,0.0,0.0,727.33,"6,319.00",723.00,"4,596,020.40",83,4.0,10.7,0.55,1.48,-0.05,"1,154.00",690.10,,
2023/04/27,224,SICL,42.44,721.0,727.0,715.0,725.0,725.00,0.0,0.0,721.21,"7,064.00",727.00,"5,094,632.60",96,-2.00,12.0,-0.28,1.68,0.52,"1,154.00",690.10,,
2023/04/30,226,SICL,41.41,730.0,730.0,715.4,730.0,730.00,0.0,0.0,721.32,"6,162.00",725.00,"4,444,748.20",87,5.0,14.6,0.69,2.04,1.19,"1,154.00",690.10,,
2023/05/02,226,SICL,34.5,729.0,736.9,719.6,725.0,725.00,0.0,0.0,729.07,"7,086.00",730.00,"5,166,192.00",77,-5.0,17.3,-0.68,2.4,-0.56,"1,154.00",690.10,,
2023/05/03,220,SICL,25.46,720.0,724.0,719.6,720.9,720.90,0.0,0.0,721.17,"6,521.00",725.00,"4,702,780.50",76,-4.1,4.4,-0.57,0.61,-0.04,"1,144.00",690.10,,
2023/05/04,230,SICL,29.74,734.9,734.9,720.8,724.3,724.30,0.0,0.0,722.40,"5,454.00",720.90,"3,939,947.00",81,3.4,14.1,0.47,1.96,0.26,"1,144.00",690.10,,
2023/05/07,219,SICL,22.41,721.1,730.0,718.0,722.0,722.00,0.0,0.0,721.97,"3,411.00",724.30,"2,462,640.00",67,-2.3,12.0,-0.32,1.67,0.0,"1,129.00",690.10,,
2023/05/08,226,SICL,28.23,720.0,722.0,705.0,708.0,708.00,0.0,0.0,713.23,"12,241.00",722.00,"8,730,681.10",173,-14.0,17.00,-1.94,2.41,-0.74,"1,129.00",690.10,,
2023/05/09,225,SICL,27.02,713.0,716.9,705.1,714.9,714.90,0.0,0.0,710.70,"6,873.00",708.00,"4,884,622.20",96,6.9,11.8,0.97,1.67,0.59,"1,129.00",690.10,,
2023/05/10,222,SICL,26.94,720.0,720.0,707.0,709.1,709.10,0.0,0.0,709.72,"8,552.00",714.90,"6,069,539.60",79,-5.8,13.0,-0.81,1.84,-0.09,"1,129.00",690.10,,
2023/05/11,216,SICL,35.83,701.5,708.0,701.4,708.0,708.00,0.0,0.0,705.53,"9,025.00",709.10,"6,367,441.00",106,-1.1,6.6,-0.16,0.94,0.35,"1,129.00",690.10,,
2023/05/14,219,SICL,34.95,710.0,710.0,699.2,699.2,699.20,0.0,0.0,700.73,"9,501.00",708.00,"6,657,663.20",144,-8.8,10.8,-1.24,1.54,-0.22,"1,122.00",690.10,,
2023/06/11,229,SICL,59.93,779.0,785.0,768.0,772.1,772.10,0.0,0.0,778.85,"20,307.00",765.00,"15,816,130.10",268,7.10,17.00,0.93,2.21,-0.87,"1,010.00",682.00,,
2023/07/05,233,SICL,36.51,870.0,870.1,829.0,829.0,829.00,0.0,0.0,841.81,"29,090.00",860.00,"24,488,254.60",360,-31.0,41.10,-3.6,4.96,-1.55,"1,010.00",682.00,,
2023/07/30,225,SICL,40.35,835.0,843.0,820.0,827.0,827.00,0.0,0.0,828.64,"14,072.00",835.40,"11,660,642.00",194,-8.4,23.00,-1.01,2.8,-0.2,"1,010.00",682.00,,
2023/08/22,232,SICL,40.44,775.0,779.9,768.6,778.8,778.80,0.0,0.0,774.18,"3,921.00",770.00,"3,035,569.40",87,8.8,11.3,1.14,1.47,0.59,"1,010.00",682.00,,
2023/09/19,230,SICL,48.15,751.1,770.0,750.0,765.0,765.00,0.0,0.0,762.76,"2,849.00",764.00,"2,173,103.50",48,1.0,20.0,0.13,2.67,0.29,"1,010.00",682.00,,
2023/10/17,242,SICL,38.48,714.0,735.0,706.5,714.9,714.90,0.0,0.0,715.49,"4,784.00",700.00,"3,422,913.70",77,14.9,28.5,2.13,4.03,-0.08,"1,010.00",682.00,,
2023/11/26,245,SICL,54.79,737.0,755.0,736.0,755.0,755.00,0.0,0.0,747.50,"6,598.00",735.00,"4,932,010.90",87,20.00,19.00,2.72,2.58,0.99,"1,010.00",682.00,,
2023/12/19,262,SICL,57.3,769.0,788.0,766.0,787.9,787.90,0.0,0.0,780.49,"18,382.00",773.80,"14,346,965.00",172,14.1,22.00,1.82,2.87,0.94,"1,010.00",682.00,,
2024/01/17,250,SICL,65.86,768.5,779.8,767.0,769.8,769.80,0.0,0.0,773.21,"31,670.00",765.50,"24,487,415.70",242,4.3,12.8,0.56,1.67,-0.44,980.00,682.00,,
2024/02/11,254,SICL,55.3,730.0,734.0,724.0,728.0,728.00,0.0,0.0,729.98,"14,498.00",725.40,"10,583,245.40",139,2.60,10.00,0.36,1.38,-0.27,926.00,682.00,,
2024/03/06,258,SICL,54.9,700.0,705.0,692.2,699.9,699.90,0.0,0.0,698.89,"14,229.00",695.00,"9,944,518.10",106,4.9,12.80,0.71,1.85,0.14,926.00,676.00,,
2024/04/02,264,SICL,37.45,696.0,696.0,690.0,693.0,693.00,0.0,0.0,691.30,"8,557.00",692.00,"5,915,491.00",97,1.0,6.0,0.14,0.87,0.24,926.00,676.00,,
2024/05/02,259,SICL,55.38,703.9,703.9,688.0,688.0,688.00,0.0,0.0,693.66,"9,209.00",690.10,"6,387,881.10",123,-2.1,15.9,-0.3,2.31,-0.82,926.00,676.00,,
2024/05/29,262,SICL,48.44,713.0,725.0,711.0,715.0,715.00,0.0,0.0,715.78,"11,210.00",718.00,"8,023,890.30",114,-3.00,14.00,-0.42,1.97,-0.11,926.00,670.00,,
2024/06/24,271,SICL,47.12,702.0,702.0,680.0,687.9,687.90,0.0,0.0,685.24,"5,469.00",690.00,"3,747,551.60",77,-2.1,22.00,-0.3,3.24,0.39,926.00,670.00,,
2023/03/28,216,SICL,41.32,775.0,775.0,745.0,752.0,752.00,0.0,0.0,753.39,"10,849.00",760.00,"8,173,474.50",227,-8.0,30.0,-1.05,4.03,-0.18,"1,380.00",690.10,,
2023/03/29,216,SICL,42.91,745.1,750.0,738.0,750.0,750.00,0.0,0.0,743.92,"4,323.00",752.00,"3,215,956.50",102,-2.0,12.0,-0.27,1.63,0.81,"1,358.00",690.10,,
2023/03/30,212,SICL,41.78,760.0,760.0,747.0,749.0,749.00,0.0,0.0,750.64,"4,473.00",750.00,"3,357,606.90",85,-1.0,13.0,-0.13,1.74,-0.22,"1,337.00",690.10,,
2023/04/02,272,SICL,30.43,639.1,650.0,639.0,644.0,644.00,0.0,0.0,642.00,"11,244.00",652.10,"7,218,650.10",106,-8.1,11.0,-1.24,1.72,0.31,905.00,588.80,757.69,772.49
2023/04/03,218,SICL,31.59,745.5,745.5,710.1,710.1,710.10,0.0,0.0,718.38,"15,788.00",731.00,"11,341,722.10",262,-20.9,35.4,-2.86,4.99,-1.17,"1,336.00",690.10,,
2023/04/04,220,SICL,27.74,711.0,720.0,708.0,714.9,714.90,0.0,0.0,714.50,"6,680.00",710.10,"4,772,866.20",106,4.8,12.0,0.68,1.69,0.06,"1,322.50",690.10,,
2023/04/05,219,SICL,33.68,716.0,716.0,700.0,705.1,705.10,0.0,0.0,703.73,"20,274.00",714.90,"14,267,377.90",275,-9.8,16.0,-1.37,2.29,0.19,"1,280.00",690.10,,
2023/04/06,226,SICL,25.92,710.0,713.9,704.0,709.9,709.90,0.0,0.0,709.74,"5,317.00",705.10,"3,773,702.50",100,4.8,9.9,0.68,1.41,0.02,"1,249.50",690.10,,
2023/04/09,225,SICL,34.06,710.0,714.9,700.0,702.0,702.00,0.0,0.0,702.14,"11,229.00",709.90,"7,884,345.80",157,-7.9,14.9,-1.11,2.13,-0.02,"1,249.50",690.10,,
2023/04/10,216,SICL,30.81,710.0,710.0,697.0,700.5,700.50,0.0,0.0,700.60,"8,667.00",702.00,"6,072,058.40",146,-1.5,13.0,-0.21,1.87,-0.01,"1,249.50",690.10,,
2023/04/11,217,SICL,44.09,702.0,718.0,700.0,715.0,715.00,0.0,0.0,707.35,"6,209.00",700.50,"4,391,947.20",113,14.50,18.00,2.07,2.57,1.07,"1,249.50",690.10,,
2023/04/12,223,SICL,51.81,728.0,753.0,721.0,753.0,753.00,0.0,0.0,733.54,"10,594.00",715.00,"7,771,148.60",200,38.00,32.00,5.31,4.44,2.58,"1,198.00",690.10,,
2023/04/13,272,SICL,30.43,639.1,650.0,639.0,644.0,644.00,0.0,0.0,642.00,"11,244.00",652.10,"7,218,650.10",106,-8.1,11.0,-1.24,1.72,0.31,905.00,588.80,757.69,772.49
2023/04/16,220,SICL,41.73,742.0,746.0,730.0,734.5,734.50,0.0,0.0,736.78,"4,334.00",733.00,"3,193,198.40",80,1.5,16.0,0.2,2.19,-0.31,"1,198.00",690.10,,
2023/04/17,222,SICL,41.06,730.0,732.0,720.0,724.0,724.00,0.0,0.0,726.60,"4,387.00",734.50,"3,187,613.10",80,-10.5,12.0,-1.43,1.67,-0.36,"1,198.00",690.10,,
2023/04/18,221,SICL,24.65,724.0,732.0,717.0,725.0,725.00,0.0,0.0,723.79,"2,268.00",724.00,"1,641,563.00",55,1.0,15.0,0.14,2.09,0.17,"1,198.00",690.10,,
2023/02/28,220,SICL,36.77,746.0,749.0,735.0,738.0,738.00,0.0,0.0,739.77,"6,081.00",750.00,"4,498,570.30",93,-12.0,14.0,-1.6,1.9,-0.24,"1,449.00",690.10,,
2023/03/01,216,SICL,38.55,752.7,752.7,730.0,730.0,730.00,0.0,0.0,733.15,"6,825.00",738.00,"5,003,775.00",112,-8.00,22.70,-1.08,3.11,-0.43,"1,449.00",690.10,,
2023/03/02,214,SICL,36.25,720.1,730.0,715.1,715.1,715.10,0.0,0.0,719.75,"8,813.00",730.00,"6,343,116.40",137,-14.9,14.9,-2.04,2.08,-0.65,"1,449.00",690.10,,
2023/03/05,216,SICL,29.0,720.0,720.0,709.0,711.1,711.10,0.0,0.0,712.17,"6,742.00",715.10,"4,801,447.50",93,-4.0,11.0,-0.56,1.55,-0.15,"1,449.00",690.10,,
2023/03/07,219,SICL,29.95,705.0,728.0,705.0,717.2,717.20,0.0,0.0,720.78,"3,770.00",711.10,"2,717,338.00",71,6.1,23.0,0.86,3.26,-0.5,"1,449.00",690.10,,
2023/03/09,219,SICL,41.27,731.5,746.0,722.0,729.0,729.00,0.0,0.0,729.20,"8,073.00",717.20,"5,886,851.00",96,11.8,24.0,1.65,3.32,-0.03,"1,449.00",690.10,,
2023/03/12,218,SICL,42.79,743.0,743.0,729.0,731.0,731.00,0.0,0.0,732.44,"7,938.00",729.00,"5,814,133.50",95,2.0,14.0,0.27,1.92,-0.2,"1,449.00",690.10,,
2023/03/13,214,SICL,38.27,721.0,729.0,717.0,725.0,725.00,0.0,0.0,723.39,"4,150.00",731.00,"3,002,071.00",66,-6.0,12.0,-0.82,1.67,0.22,"1,449.00",690.10,,
2023/03/14,213,SICL,45.36,721.0,745.2,719.0,745.0,745.00,0.0,0.0,737.73,"9,385.00",725.00,"6,923,576.00",105,20.0,26.2,2.76,3.64,0.98,"1,449.00",690.10,,
2023/03/15,272,SICL,30.43,639.1,650.0,639.0,644.0,644.00,0.0,0.0,642.00,"11,244.00",652.10,"7,218,650.10",106,-8.1,11.0,-1.24,1.72,0.31,905.00,588.80,757.69,772.49
2023/03/16,215,SICL,46.73,745.0,750.0,732.0,750.0,750.00,0.0,0.0,741.39,"7,270.00",749.00,"5,389,900.70",74,1.0,18.0,0.13,2.46,1.15,"1,428.00",690.10,,
2023/03/19,218,SICL,42.59,760.0,760.0,736.2,750.0,750.00,0.0,0.0,748.87,"5,202.00",750.00,"3,895,613.70",92,0.0,23.8,0.0,3.23,0.15,"1,428.00",690.10,,
2023/03/20,216,SICL,45.36,755.0,760.0,744.0,757.0,757.00,0.0,0.0,752.82,"7,411.00",750.00,"5,579,130.50",80,7.0,16.0,0.93,2.15,0.55,"1,428.00",690.10,,
2023/03/22,224,SICL,40.77,760.0,762.0,750.0,750.0,750.00,0.0,0.0,754.81,"5,777.00",757.00,"4,360,513.80",99,-7.0,12.0,-0.92,1.6,-0.64,"1,428.00",690.10,,
2023/03/23,219,SICL,25.47,750.0,750.1,737.0,740.0,740.00,0.0,0.0,741.94,"5,274.00",750.00,"3,912,965.40",79,-10.0,13.1,-1.33,1.78,-0.26,"1,428.00",690.10,,
2023/03/26,219,SICL,28.36,753.0,753.0,730.1,734.2,734.20,0.0,0.0,737.81,"9,324.00",740.00,"6,879,368.20",83,-5.8,22.9,-0.78,3.14,-0.49,"1,428.00",690.10,,
2023/02/01,220,SICL,36.93,794.5,794.5,764.1,769.0,769.00,0.0,0.0,769.13,"11,834.00",779.00,"9,101,938.90",171,-10.0,30.4,-1.28,3.98,-0.02,"2,035.00",690.10,,
2023/02/02,218,SICL,34.02,770.0,780.0,765.0,773.0,773.00,0.0,0.0,770.73,"12,582.00",769.00,"9,697,307.90",178,4.0,15.0,0.52,1.96,0.29,"2,030.00",690.10,,
2023/02/03,272,SICL,30.43,639.1,650.0,639.0,644.0,644.00,0.0,0.0,642.00,"11,244.00",652.10,"7,218,650.10",106,-8.1,11.0,-1.24,1.72,0.31,905.00,588.80,757.69,772.49
2023/02/05,219,SICL,32.33,784.0,785.0,765.2,765.4,765.40,0.0,0.0,770.37,"9,427.00",773.00,"7,262,323.50",131,-7.6,19.8,-0.98,2.59,-0.65,"1,650.00",690.10,,
2023/02/06,218,SICL,39.79,760.1,765.0,753.0,763.0,763.00,0.0,0.0,759.43,"6,018.00",765.40,"4,570,246.00",81,-2.4,12.0,-0.31,1.59,0.47,"1,650.00",690.10,,
2023/02/07,220,SICL,51.47,775.0,790.0,764.2,790.0,790.00,0.0,0.0,777.09,"22,485.00",763.00,"17,472,855.00",233,27.0,25.8,3.54,3.38,1.63,"1,647.00",690.10,,
2023/02/08,217,SICL,55.49,800.0,807.1,790.0,795.0,795.00,0.0,0.0,798.27,"18,605.00",790.00,"14,851,767.60",244,5.0,17.1,0.63,2.16,-0.41,"1,647.00",690.10,,
2023/02/09,217,SICL,49.46,788.0,798.6,779.3,794.0,794.00,0.0,0.0,786.61,"9,951.00",795.00,"7,827,534.20",104,-1.0,19.3,-0.13,2.48,0.93,"1,569.00",690.10,,
2023/02/12,214,SICL,48.68,790.0,790.0,761.0,769.0,769.00,0.0,0.0,766.99,"23,848.00",794.00,"18,291,063.30",218,-25.0,29.0,-3.15,3.81,0.26,"1,497.00",690.10,,
2023/02/14,216,SICL,41.13,760.0,767.0,757.1,762.0,762.00,0.0,0.0,759.97,"13,946.00",769.00,"10,598,520.10",140,-7.00,9.9,-0.91,1.31,0.27,"1,497.00",690.10,,
2023/02/15,215,SICL,38.66,777.0,777.0,758.0,759.9,759.90,0.0,0.0,762.23,"4,223.00",762.00,"3,218,877.30",90,-2.10,19.00,-0.28,2.51,-0.31,"1,497.00",690.10,,
2023/02/16,215,SICL,40.62,760.0,764.0,750.0,752.0,752.00,0.0,0.0,754.58,"9,730.00",759.90,"7,342,048.60",150,-7.90,14.00,-1.04,1.87,-0.34,"1,497.00",690.10,,
2023/02/20,218,SICL,38.94,745.0,750.0,740.0,750.0,750.00,0.0,0.0,744.01,"9,154.00",752.00,"6,810,672.70",132,-2.0,10.0,-0.27,1.35,0.8,"1,467.90",690.10,,
2023/02/22,229,SICL,37.95,750.0,764.0,745.0,753.0,753.00,0.0,0.0,754.75,"3,876.00",750.00,"2,925,394.50",88,3.0,19.0,0.4,2.55,-0.23,"1,458.00",690.10,,
2023/02/23,220,SICL,36.72,751.0,752.0,740.0,742.9,742.90,0.0,0.0,744.22,"7,066.00",753.00,"5,258,636.90",121,-10.1,12.0,-1.34,1.62,-0.18,"1,455.00",690.10,,
2023/02/26,222,SICL,40.63,735.0,742.0,706.0,738.0,738.00,0.0,0.0,725.57,"10,344.00",742.90,"7,505,312.50",161,-4.9,36.0,-0.66,5.1,1.68,"1,449.00",690.10,,
2023/01/03,219,SICL,52.82,890.0,902.0,880.0,884.0,884.00,0.0,0.0,890.26,"17,726.00",898.90,"15,780,770.30",235,-14.9,22.0,-1.66,2.5,-0.71,"2,157.00",690.10,,
2023/01/04,220,SICL,51.68,886.0,912.0,885.0,911.0,911.00,0.0,0.0,898.04,"25,692.00",884.00,"23,072,418.70",251,27.0,27.0,3.05,3.05,1.42,"2,157.00",690.10,,
2023/01/05,219,SICL,51.52,911.0,925.0,900.0,918.9,918.90,0.0,0.0,915.17,"23,286.00",911.00,"21,310,678.60",275,7.9,25.0,0.87,2.78,0.41,"2,157.00",690.10,,
2023/01/08,221,SICL,55.15,925.0,965.0,911.0,946.0,946.00,0.0,0.0,940.96,"35,371.00",918.90,"33,282,755.70",393,27.10,54.00,2.95,5.93,0.53,"2,157.00",690.10,,
2023/01/09,219,SICL,57.61,950.0,984.0,950.0,980.0,980.00,0.0,0.0,971.91,"33,721.00",946.00,"32,773,830.60",391,34.0,34.0,3.59,3.58,0.83,"2,157.00",690.10,,
2023/01/10,216,SICL,54.01,992.0,1010.0,933.0,944.0,944.00,0.0,0.0,977.39,"45,556.00",980.00,"44,526,047.10",544,-36.0,77.0,-3.67,8.25,-3.54,"2,157.00",690.10,,
2023/01/12,213,SICL,49.94,962.0,981.2,908.0,915.9,915.90,0.0,0.0,941.65,"37,481.00",944.00,"35,294,054.30",456,-28.1,73.2,-2.98,8.06,-2.81,"2,157.00",690.10,,
2023/01/17,213,SICL,45.95,914.0,942.0,914.0,941.0,941.00,0.0,0.0,930.69,"14,225.00",915.90,"13,239,121.60",201,25.1,28.0,2.74,3.06,1.1,"2,157.00",690.10,,
2023/01/18,210,SICL,47.32,959.8,974.0,950.5,964.5,964.50,0.0,0.0,963.07,"25,853.00",941.00,"24,898,292.20",366,23.5,23.5,2.5,2.47,0.15,"2,157.00",690.10,,
2023/01/19,209,SICL,46.53,970.0,980.0,960.0,964.0,964.00,0.0,0.0,965.23,"13,324.00",964.50,"12,860,720.50",182,-0.5,20.0,-0.05,2.08,-0.13,"2,157.00",690.10,,
2023/01/23,219,SICL,45.52,974.9,977.0,940.9,940.9,940.90,0.0,0.0,954.60,"19,910.00",964.00,"19,006,049.30",273,-23.1,36.1,-2.4,3.84,-1.46,"2,157.00",690.10,,
2023/01/24,210,SICL,40.3,950.0,950.0,922.1,935.0,935.00,0.0,0.0,929.12,"8,746.00",940.90,"8,126,077.50",156,-5.9,27.9,-0.63,3.03,0.63,"2,118.00",690.10,,
2023/01/25,221,SICL,43.06,952.0,959.0,940.0,948.0,948.00,0.0,0.0,949.90,"14,708.00",935.00,"13,971,157.40",183,13.0,19.0,1.39,2.02,-0.2,"2,118.00",690.10,,
2023/01/26,215,SICL,44.27,955.0,969.0,949.0,960.0,960.00,0.0,0.0,958.01,"15,080.00",948.00,"14,446,824.30",174,12.0,20.0,1.27,2.11,0.21,"2,118.00",690.10,,
2023/01/29,227,SICL,44.97,941.0,960.0,940.0,947.2,947.20,0.0,0.0,948.92,"19,240.00",960.00,"18,257,279.40",249,-12.8,20.0,-1.33,2.13,-0.18,"2,118.00",690.10,,
2023/01/30,216,SICL,45.53,950.0,964.9,936.0,938.0,938.00,0.0,0.0,940.97,"38,652.00",947.20,"36,370,293.90",508,-9.2,28.9,-0.97,3.09,-0.32,"2,118.00",690.10,,
2022/12/07,210,SICL,36.6,795.0,795.0,770.0,777.0,777.00,0.0,0.0,779.42,"4,920.00",780.00,"3,834,728.90",89,-3.0,25.0,-0.38,3.25,-0.31,"2,157.00",690.10,,
2022/12/11,214,SICL,33.12,772.0,775.0,745.0,755.0,755.00,0.0,0.0,759.81,"9,741.00",777.00,"7,401,294.40",159,-22.0,30.0,-2.83,4.03,-0.64,"2,157.00",690.10,,
2022/12/12,209,SICL,30.35,741.0,765.0,741.0,765.0,765.00,0.0,0.0,758.31,"2,921.00",755.00,"2,215,026.60",59,10.0,24.0,1.32,3.24,0.87,"2,157.00",690.10,,
2022/12/13,212,SICL,27.13,765.0,777.7,764.0,768.1,768.10,0.0,0.0,769.60,"2,431.00",765.00,"1,870,901.20",44,3.1,13.7,0.41,1.79,-0.2,"2,157.00",690.10,,
2022/12/14,209,SICL,27.32,780.0,780.0,760.0,770.0,770.00,0.0,0.0,764.30,"3,257.00",768.10,"2,489,320.60",80,1.9,20.0,0.25,2.63,0.74,"2,157.00",690.10,,
2022/12/15,217,SICL,30.88,770.0,770.0,759.0,759.0,759.00,0.0,0.0,761.18,"2,038.00",770.00,"1,551,276.90",53,-11.0,11.0,-1.43,1.45,-0.29,"2,157.00",690.10,,
2022/12/18,213,SICL,33.0,774.1,789.0,755.0,765.0,765.00,0.0,0.0,760.82,"9,989.00",759.00,"7,599,873.40",167,6.0,34.0,0.79,4.5,0.55,"2,157.00",690.10,,
2022/12/19,213,SICL,30.92,758.0,763.0,749.7,753.2,753.20,0.0,0.0,755.54,"11,344.00",765.00,"8,570,837.90",149,-11.8,13.3,-1.54,1.77,-0.31,"2,157.00",690.10,,
2022/12/20,219,SICL,30.45,763.8,765.0,755.0,763.1,763.10,0.0,0.0,762.54,"7,732.00",753.20,"5,895,946.60",98,9.9,10.0,1.31,1.32,0.07,"2,157.00",690.10,,
2022/12/21,214,SICL,37.75,763.0,767.9,758.0,758.0,758.00,0.0,0.0,764.07,"5,855.00",763.10,"4,473,629.60",98,-5.1,9.9,-0.67,1.31,-0.8,"2,157.00",690.10,,
2022/12/22,209,SICL,29.37,765.0,765.0,755.0,758.0,758.00,0.0,0.0,757.39,"9,286.00",758.00,"7,033,142.90",96,0.0,10.0,0.0,1.32,0.08,"2,157.00",690.10,,
2022/12/26,213,SICL,50.68,773.1,790.0,769.0,789.0,789.00,0.0,0.0,780.37,"16,105.00",758.00,"12,567,795.60",198,31.0,21.0,4.09,2.73,1.09,"2,157.00",690.10,,
2022/12/27,223,SICL,55.42,804.7,850.0,800.0,830.0,830.00,0.0,0.0,828.34,"23,329.00",789.00,"19,324,288.60",325,41.0,50.00,5.2,6.25,0.2,"2,157.00",690.10,,
2022/12/28,272,SICL,30.43,639.1,650.0,639.0,644.0,644.00,0.0,0.0,642.00,"11,244.00",652.10,"7,218,650.10",106,-8.1,11.0,-1.24,1.72,0.31,905.00,588.80,757.69,772.49
2022/12/29,219,SICL,55.04,825.0,872.0,821.0,872.0,872.00,0.0,0.0,847.61,"22,044.00",837.00,"18,684,676.30",284,35.0,51.0,4.18,6.21,2.8,"2,157.00",690.10,,
2023/01/01,223,SICL,55.45,885.0,915.0,881.0,891.0,891.00,0.0,0.0,898.40,"27,155.00",872.00,"24,396,047.40",367,19.0,34.00,2.18,3.86,-0.83,"2,157.00",690.10,,
2022/11/13,193,SICL,25.85,726.0,740.0,721.0,722.0,722.00,0.0,0.0,727.97,"2,804.00",726.00,"2,041,216.10",63,-4.0,19.0,-0.55,2.64,-0.83,"2,157.00",690.10,,
2022/11/14,194,SICL,29.22,720.0,739.7,717.1,738.0,738.00,0.0,0.0,733.51,"4,097.00",722.00,"3,005,170.90",50,16.0,22.6,2.22,3.15,0.61,"2,157.00",690.10,,
2022/11/15,195,SICL,31.65,740.0,752.9,730.0,736.0,736.00,0.0,0.0,740.56,"4,284.00",738.00,"3,172,545.00",80,-2.0,22.9,-0.27,3.14,-0.62,"2,157.00",690.10,,
2022/11/16,198,SICL,40.07,745.0,745.0,733.0,742.0,742.00,0.0,0.0,738.66,"4,846.00",736.00,"3,579,567.90",64,6.0,12.0,0.82,1.64,0.45,"2,157.00",690.10,,
2022/11/17,189,SICL,47.3,754.0,760.0,745.0,758.0,758.00,0.0,0.0,755.62,"8,197.00",742.00,"6,193,806.40",109,16.0,15.00,2.16,2.01,0.31,"2,157.00",690.10,,
2022/11/19,272,SICL,30.43,639.1,650.0,639.0,644.0,644.00,0.0,0.0,642.00,"11,244.00",652.10,"7,218,650.10",106,-8.1,11.0,-1.24,1.72,0.31,905.00,588.80,757.69,772.49
2022/11/22,195,SICL,42.27,773.0,775.0,755.0,765.0,765.00,0.0,0.0,764.99,"5,782.00",758.00,"4,423,196.40",103,7.00,20.0,0.92,2.65,0.0,"2,157.00",690.10,,
2022/11/23,190,SICL,40.14,779.0,779.0,755.0,756.0,756.00,0.0,0.0,758.16,"4,137.00",765.00,"3,136,516.50",81,-9.0,24.0,-1.18,3.18,-0.29,"2,157.00",690.10,,
2022/11/24,197,SICL,36.04,756.0,770.0,756.0,756.0,756.00,0.0,0.0,761.46,"3,115.00",756.00,"2,371,953.00",66,0.0,14.0,0.0,1.85,-0.72,"2,157.00",690.10,,
2022/11/27,199,SICL,42.29,756.0,775.0,756.0,773.5,773.50,0.0,0.0,767.34,"6,591.00",756.00,"5,057,524.10",85,17.5,19.0,2.31,2.51,0.8,"2,157.00",690.10,,
2022/11/28,201,SICL,42.44,780.0,780.0,765.0,765.0,765.00,0.0,0.0,773.59,"11,330.00",773.50,"8,764,751.20",110,-8.5,15.0,-1.1,1.96,-1.12,"2,157.00",690.10,,
2022/11/29,198,SICL,39.24,761.0,776.0,756.0,772.0,772.00,0.0,0.0,768.03,"3,338.00",765.00,"2,563,670.50",61,7.0,20.0,0.92,2.65,0.51,"2,157.00",690.10,,
2022/11/30,202,SICL,39.47,772.0,779.9,767.0,779.0,779.00,0.0,0.0,771.09,"4,373.00",772.00,"3,371,985.00",62,7.0,12.9,0.91,1.68,1.02,"2,157.00",690.10,,
2022/12/01,203,SICL,35.13,785.0,785.0,770.0,775.0,775.00,0.0,0.0,774.76,"5,706.00",779.00,"4,420,788.10",79,-4.0,15.0,-0.51,1.95,0.03,"2,157.00",690.10,,
2022/12/04,206,SICL,46.36,775.0,787.0,775.0,783.0,783.00,0.0,0.0,780.47,"8,297.00",775.00,"6,475,570.60",87,8.0,12.0,1.03,1.55,0.32,"2,157.00",690.10,,
2022/12/05,204,SICL,43.65,790.0,790.0,772.0,772.0,772.00,0.0,0.0,785.56,"32,779.00",783.00,"25,749,831.60",129,-11.0,18.0,-1.4,2.33,-1.76,"2,157.00",690.10,,
2022/10/11,196,SICL,37.46,708.0,715.0,708.0,708.0,708.00,0.0,0.0,710.52,"4,506.00",716.00,"3,201,613.40",74,-8.0,7.0,-1.12,0.99,-0.36,"2,157.00",690.10,,
2022/10/12,190,SICL,36.87,715.0,718.0,704.0,711.0,711.00,0.0,0.0,711.81,"4,209.00",708.00,"2,996,007.00",90,3.0,14.0,0.42,1.99,-0.11,"2,157.00",690.10,,
2022/10/13,190,SICL,38.92,711.0,724.2,705.0,710.0,710.00,0.0,0.0,711.53,"11,627.00",711.00,"8,272,904.10",135,-1.0,19.2,-0.14,2.72,-0.21,"2,157.00",690.10,,
2022/10/16,189,SICL,41.62,710.0,720.0,700.0,712.0,712.00,0.0,0.0,707.36,"11,878.00",710.00,"8,402,072.00",143,2.00,20.0,0.28,2.86,0.65,"2,157.00",690.10,,
2022/10/17,187,SICL,35.04,710.0,713.9,703.0,703.0,703.00,0.0,0.0,708.31,"3,296.00",712.00,"2,334,582.80",73,-9.0,10.9,-1.26,1.55,-0.76,"2,157.00",690.10,,
2022/10/19,183,SICL,33.25,705.0,709.0,699.0,702.0,702.00,0.0,0.0,700.93,"5,066.00",703.00,"3,550,928.20",90,-1.0,10.0,-0.14,1.43,0.15,"2,157.00",690.10,,
2022/10/20,187,SICL,35.44,703.0,706.0,699.0,703.0,703.00,0.0,0.0,702.28,"4,683.00",702.00,"3,288,756.80",92,1.0,7.0,0.14,1.0,0.1,"2,157.00",690.10,,
2022/10/23,189,SICL,38.41,707.5,714.0,705.0,710.0,710.00,0.0,0.0,708.58,"6,411.00",703.00,"4,542,675.40",89,7.0,9.0,1.0,1.28,0.2,"2,157.00",690.10,,
2022/10/31,190,SICL,44.81,715.0,720.0,709.0,714.0,714.00,0.0,0.0,712.13,"7,503.00",710.00,"5,343,124.50",84,4.0,11.0,0.56,1.55,0.26,"2,157.00",690.10,,
2022/11/01,197,SICL,49.03,714.0,738.0,710.0,734.0,734.00,0.0,0.0,725.39,"18,058.00",714.00,"13,099,182.60",133,20.0,28.0,2.8,3.94,1.17,"2,157.00",690.10,,
2022/11/02,194,SICL,50.52,735.0,760.0,732.0,746.0,746.00,0.0,0.0,747.32,"11,288.00",734.00,"8,435,749.30",127,12.0,28.0,1.63,3.83,-0.18,"2,157.00",690.10,,
2022/11/03,187,SICL,47.13,742.0,759.0,735.0,754.9,754.90,0.0,0.0,745.72,"6,570.00",746.00,"4,899,405.30",81,8.90,24.00,1.19,3.27,1.22,"2,157.00",690.10,,
2022/11/06,195,SICL,49.62,741.0,778.0,741.0,775.0,775.00,0.0,0.0,764.49,"12,111.00",754.90,"9,258,792.00",141,20.1,37.0,2.66,4.99,1.36,"2,157.00",690.10,,
2022/11/07,191,SICL,49.38,780.0,788.0,764.0,765.0,765.00,0.0,0.0,775.65,"14,775.00",775.00,"11,460,264.30",178,-10.0,24.0,-1.29,3.14,-1.39,"2,157.00",690.10,,
2022/11/08,193,SICL,43.78,765.0,780.0,760.0,768.0,768.00,0.0,0.0,769.88,"8,529.00",765.00,"6,566,339.60",87,3.0,20.0,0.39,2.63,-0.25,"2,157.00",690.10,,
2022/11/09,190,SICL,32.85,757.0,760.1,738.0,738.0,738.00,0.0,0.0,747.45,"7,192.00",768.00,"5,375,667.50",114,-30.0,22.1,-3.91,2.99,-1.28,"2,157.00",690.10,,
2022/09/08,192,SICL,34.21,765.0,779.0,757.0,757.0,757.00,0.0,0.0,764.07,"9,085.00",768.00,"6,941,602.00",142,-11.0,22.0,-1.43,2.91,-0.93,"2,157.00",696.00,,
2022/09/11,186,SICL,32.72,758.1,770.0,755.0,757.0,757.00,0.0,0.0,760.32,"6,207.00",757.00,"4,719,317.30",100,0.0,15.0,0.0,1.99,-0.44,"2,157.00",696.00,,
2022/09/12,189,SICL,34.54,770.0,770.0,743.0,745.0,745.00,0.0,0.0,748.57,"9,034.00",757.00,"6,762,588.90",149,-12.0,27.0,-1.59,3.63,-0.48,"2,157.00",696.00,,
2022/09/13,197,SICL,36.65,755.0,769.0,750.0,759.0,759.00,0.0,0.0,758.63,"6,963.00",745.00,"5,282,358.00",91,14.0,19.0,1.88,2.53,0.05,"2,157.00",696.00,,
2022/09/14,192,SICL,42.76,770.0,785.0,769.0,779.8,779.80,0.0,0.0,776.54,"4,936.00",759.00,"3,833,017.40",99,20.8,16.0,2.74,2.08,0.42,"2,157.00",696.00,,
2022/09/15,196,SICL,41.43,785.0,785.0,746.0,746.6,746.60,0.0,0.0,759.48,"15,912.00",779.80,"12,084,830.20",179,-33.2,39.0,-4.26,5.23,-1.73,"2,157.00",696.00,,
2022/09/16,186,SICL,38.47,733.1,745.0,718.0,740.0,740.00,0.0,0.0,732.10,"6,377.00",746.60,"4,668,632.20",117,-6.6,27.0,-0.88,3.76,1.07,"2,157.00",696.00,,
2022/09/18,196,SICL,29.72,740.0,740.0,720.0,726.0,726.00,0.0,0.0,728.31,"6,283.00",740.00,"4,575,981.00",138,-14.0,20.0,-1.89,2.78,-0.32,"2,157.00",696.00,,
2022/09/20,197,SICL,29.9,726.0,726.0,700.7,703.1,703.10,0.0,0.0,704.84,"14,139.00",726.00,"9,965,756.40",213,-22.9,25.3,-3.15,3.61,-0.25,"2,157.00",696.00,,
2022/09/21,193,SICL,33.07,692.0,724.8,690.1,703.1,703.10,0.0,0.0,704.41,"8,366.00",703.10,"5,893,113.50",131,0.0,34.7,0.0,5.03,-0.19,"2,157.00",690.10,,
2022/09/22,196,SICL,32.32,703.0,723.1,700.0,712.0,712.00,0.0,0.0,705.31,"8,833.00",703.10,"6,229,969.70",123,8.9,23.10,1.27,3.3,0.94,"2,157.00",690.10,,
2022/09/25,194,SICL,32.55,724.9,724.9,700.0,710.0,710.00,0.0,0.0,709.24,"9,017.00",712.00,"6,395,247.40",114,-2.0,24.9,-0.28,3.56,0.11,"2,157.00",690.10,,
2022/09/27,197,SICL,37.59,710.0,720.0,710.0,710.0,710.00,0.0,0.0,716.22,"4,651.00",710.00,"3,331,121.40",81,0.0,10.0,0.0,1.41,-0.88,"2,157.00",690.10,,
2022/09/28,187,SICL,36.97,718.9,719.0,706.0,709.0,709.00,0.0,0.0,710.02,"3,374.00",710.00,"2,395,616.80",58,-1.0,13.0,-0.14,1.84,-0.14,"2,157.00",690.10,,
2022/09/29,188,SICL,40.31,715.0,715.0,705.0,714.0,714.00,0.0,0.0,709.10,"10,236.00",709.00,"7,258,319.60",138,5.0,10.0,0.71,1.42,0.69,"2,157.00",690.10,,
2022/10/09,272,SICL,30.43,639.1,650.0,639.0,644.0,644.00,0.0,0.0,642.00,"11,244.00",652.10,"7,218,650.10",106,-8.1,11.0,-1.24,1.72,0.31,905.00,588.80,757.69,772.49
2022/08/18,187,SICL,43.7,835.0,835.0,820.0,834.0,834.00,0.0,0.0,828.91,"8,566.00",828.00,"7,100,404.70",101,6.0,15.0,0.72,1.83,0.61,"2,157.00",696.00,,
2022/08/21,272,SICL,30.43,639.1,650.0,639.0,644.0,644.00,0.0,0.0,642.00,"11,244.00",652.10,"7,218,650.10",106,-8.1,11.0,-1.24,1.72,0.31,905.00,588.80,757.69,772.49
2022/08/22,187,SICL,36.47,834.0,834.0,820.0,825.0,825.00,0.0,0.0,824.53,"3,992.00",832.00,"3,291,524.50",72,-7.0,14.0,-0.84,1.71,0.06,"2,157.00",696.00,,
2022/08/23,188,SICL,34.62,840.0,840.0,822.0,825.0,825.00,0.0,0.0,826.46,"2,940.00",825.00,"2,429,799.30",64,0.0,18.0,0.0,2.19,-0.18,"2,157.00",696.00,,
2022/08/24,189,SICL,32.92,826.0,830.0,816.0,823.0,823.00,0.0,0.0,823.40,"3,161.00",825.00,"2,602,766.30",58,-2.0,14.0,-0.24,1.72,-0.05,"2,157.00",696.00,,
2022/08/25,185,SICL,36.91,815.0,828.0,812.0,815.0,815.00,0.0,0.0,816.33,"4,228.00",823.00,"3,451,424.80",107,-8.0,16.0,-0.97,1.97,-0.16,"2,157.00",696.00,,
2022/08/26,180,SICL,34.71,815.0,817.0,809.2,809.2,809.20,0.0,0.0,811.39,"2,884.00",815.00,"2,340,037.10",60,-5.8,7.8,-0.71,0.96,-0.27,"2,157.00",696.00,,
2022/08/28,190,SICL,35.7,808.7,808.7,783.5,784.0,784.00,0.0,0.0,793.62,"13,885.00",809.20,"11,019,445.20",232,-25.2,25.2,-3.11,3.22,-1.23,"2,157.00",696.00,,
2022/08/29,187,SICL,31.47,773.0,784.0,769.0,781.1,781.10,0.0,0.0,777.05,"5,535.00",784.00,"4,300,997.80",120,-2.9,15.0,-0.37,1.95,0.52,"2,157.00",696.00,,
2022/08/30,193,SICL,31.26,794.0,794.0,771.1,773.1,773.10,0.0,0.0,776.86,"6,494.00",781.10,"5,044,896.70",120,-8.0,22.9,-1.02,2.97,-0.49,"2,157.00",696.00,,
2022/08/31,189,SICL,32.49,777.0,780.0,765.0,765.0,765.00,0.0,0.0,769.77,"9,107.00",773.10,"7,010,267.40",164,-8.1,15.0,-1.05,1.96,-0.62,"2,157.00",696.00,,
2022/09/01,188,SICL,37.54,770.0,793.9,758.0,774.0,774.00,0.0,0.0,767.11,"8,596.00",765.00,"6,594,044.30",129,9.0,35.9,1.18,4.74,0.89,"2,157.00",696.00,,
2022/09/02,184,SICL,33.45,774.0,787.0,771.5,775.0,775.00,0.0,0.0,778.32,"3,680.00",774.00,"2,864,223.50",60,1.0,15.5,0.13,2.01,-0.43,"2,157.00",696.00,,
2022/09/04,192,SICL,44.68,790.0,805.0,760.0,784.0,784.00,0.0,0.0,773.58,"10,732.00",775.00,"8,302,017.40",151,9.0,45.0,1.16,5.92,1.33,"2,157.00",696.00,,
2022/09/05,189,SICL,47.25,770.0,794.0,760.0,779.0,779.00,0.0,0.0,778.61,"17,284.00",784.00,"13,457,501.60",141,-5.0,34.0,-0.64,4.47,0.05,"2,157.00",696.00,,
2022/09/06,190,SICL,35.92,775.0,788.9,768.8,770.0,770.00,0.0,0.0,771.71,"5,755.00",779.00,"4,441,205.30",107,-9.0,20.1,-1.16,2.61,-0.22,"2,157.00",696.00,,
2022/07/28,188,SICL,37.28,860.0,894.0,860.0,870.0,870.00,0.0,0.0,879.95,"15,560.00",870.00,"13,691,984.70",227,0.0,34.00,0.0,3.95,-1.14,"2,157.00",696.00,,
2022/07/29,183,SICL,31.29,870.0,882.0,853.0,872.0,872.00,0.0,0.0,871.69,"8,314.00",870.00,"7,247,266.00",95,2.0,29.00,0.23,3.4,0.04,"2,157.00",696.00,,
2022/07/31,187,SICL,51.28,889.0,943.9,875.0,936.5,936.50,0.0,0.0,919.71,"63,851.00",872.00,"58,724,648.00",694,64.5,68.9,7.4,7.87,1.79,"2,157.00",696.00,,
2022/08/01,184,SICL,53.61,955.0,968.0,920.0,928.0,928.00,0.0,0.0,946.37,"23,314.00",936.50,"22,063,766.20",386,-8.5,48.0,-0.91,5.22,-1.98,"2,157.00",696.00,,
2022/08/02,183,SICL,49.56,945.0,945.0,920.0,931.0,931.00,0.0,0.0,928.28,"15,723.00",928.00,"14,595,408.60",209,3.0,25.0,0.32,2.72,0.29,"2,157.00",696.00,,
2022/08/03,187,SICL,46.1,931.0,933.0,911.0,911.2,911.20,0.0,0.0,923.02,"14,968.00",931.00,"13,815,722.70",248,-19.8,22.0,-2.13,2.41,-1.3,"2,157.00",696.00,,
2022/08/04,183,SICL,39.98,911.2,911.2,880.0,883.0,883.00,0.0,0.0,891.59,"27,193.00",911.20,"24,244,899.50",311,-28.2,31.2,-3.09,3.55,-0.97,"2,157.00",696.00,,
2022/08/05,182,SICL,34.85,880.0,885.0,863.4,863.4,863.40,0.0,0.0,871.36,"13,751.00",883.00,"11,982,121.80",188,-19.6,21.6,-2.22,2.5,-0.92,"2,157.00",696.00,,
2022/08/07,187,SICL,31.89,868.0,880.0,862.0,863.0,863.00,0.0,0.0,867.87,"11,847.00",863.40,"10,281,628.90",170,-0.4,18.0,-0.05,2.09,-0.56,"2,157.00",696.00,,
2022/08/08,181,SICL,35.07,865.0,870.0,850.0,853.0,853.00,0.0,0.0,863.71,"14,359.00",863.00,"12,402,072.30",195,-10.00,20.00,-1.16,2.35,-1.26,"2,157.00",696.00,,
2022/08/09,189,SICL,33.68,851.0,862.0,830.0,835.2,835.20,0.0,0.0,838.89,"15,855.00",853.00,"13,300,549.90",222,-17.8,32.0,-2.09,3.86,-0.44,"2,157.00",696.00,,
2022/08/10,186,SICL,31.76,850.0,850.0,820.0,828.0,828.00,0.0,0.0,826.45,"13,854.00",835.20,"11,449,574.90",193,-7.2,30.00,-0.86,3.66,0.19,"2,157.00",696.00,,
2022/08/11,189,SICL,27.24,844.4,844.4,817.0,818.0,818.00,0.0,0.0,826.53,"6,403.00",828.00,"5,292,290.10",144,-10.00,27.40,-1.21,3.35,-1.04,"2,157.00",696.00,,
2022/08/14,192,SICL,26.46,810.0,825.0,800.0,800.1,800.10,0.0,0.0,809.82,"9,131.00",818.00,"7,394,474.30",139,-17.9,25.0,-2.19,3.13,-1.21,"2,157.00",696.00,,
2022/08/15,182,SICL,46.18,816.1,836.0,812.0,833.1,833.10,0.0,0.0,828.01,"18,435.00",800.10,"15,264,425.40",249,33.0,24.0,4.12,2.96,0.61,"2,157.00",696.00,,
2022/08/16,188,SICL,42.13,849.0,854.0,829.1,830.0,830.00,0.0,0.0,840.84,"12,148.00",833.10,"10,214,512.20",182,-3.10,24.90,-0.37,3.0,-1.31,"2,157.00",696.00,,
2022/07/08,185,SICL,30.26,805.1,821.1,800.0,800.0,800.00,0.0,0.0,805.98,"8,804.00",819.00,"7,095,832.30",158,-19.0,21.1,-2.32,2.64,-0.75,"2,157.00",696.00,,
2022/07/11,193,SICL,33.24,784.0,784.0,750.8,757.0,757.00,0.0,0.0,763.48,"23,979.00",800.00,"18,307,510.60",364,-43.0,33.2,-5.38,4.42,-0.86,"2,157.00",696.00,,
2022/07/12,193,SICL,29.73,760.0,772.0,749.7,764.0,764.00,0.0,0.0,759.12,"16,357.00",757.00,"12,416,925.60",216,7.0,22.3,0.92,2.97,0.64,"2,157.00",696.00,,
2022/07/13,192,SICL,29.0,779.2,790.0,760.0,789.0,789.00,0.0,0.0,779.66,"9,018.00",764.00,"7,031,008.70",167,25.0,30.0,3.27,3.95,1.18,"2,157.00",696.00,,
2022/07/14,188,SICL,38.48,800.0,814.0,794.0,805.0,805.00,0.0,0.0,802.80,"15,558.00",789.00,"12,489,922.60",191,16.0,20.00,2.03,2.52,0.27,"2,157.00",696.00,,
2022/07/15,198,SICL,46.3,805.0,820.0,805.0,807.0,807.00,0.0,0.0,809.98,"9,888.00",805.00,"8,009,120.00",97,2.0,15.0,0.25,1.86,-0.37,"2,157.00",696.00,,
2022/07/17,178,SICL,41.12,820.0,820.0,791.0,810.0,810.00,0.0,0.0,811.40,"11,675.00",807.00,"9,473,048.90",140,3.0,29.0,0.37,3.67,-0.17,"2,157.00",696.00,,
2022/07/18,179,SICL,40.52,826.2,839.9,820.0,835.0,835.00,0.0,0.0,828.42,"24,470.00",810.00,"20,271,405.40",244,25.00,19.9,3.09,2.43,0.79,"2,157.00",696.00,,
2022/07/19,180,SICL,38.81,850.0,875.0,850.0,860.0,860.00,0.0,0.0,864.01,"16,166.00",835.00,"13,967,517.30",298,25.0,25.0,2.99,2.94,-0.47,"2,157.00",696.00,,
2022/07/20,182,SICL,44.46,877.0,880.0,850.0,878.0,878.00,0.0,0.0,869.23,"13,282.00",860.00,"11,545,156.30",199,18.0,30.0,2.09,3.53,1.0,"2,157.00",696.00,,
2022/07/21,192,SICL,44.27,885.0,885.0,864.0,870.0,870.00,0.0,0.0,873.09,"14,221.00",878.00,"12,416,185.10",184,-8.0,21.0,-0.91,2.43,-0.35,"2,157.00",696.00,,
2022/07/22,180,SICL,36.5,857.0,868.0,840.0,849.0,849.00,0.0,0.0,850.38,"10,702.00",870.00,"9,100,810.70",172,-21.0,28.0,-2.41,3.33,-0.16,"2,157.00",696.00,,
2022/07/23,272,SICL,30.43,639.1,650.0,639.0,644.0,644.00,0.0,0.0,642.00,"11,244.00",652.10,"7,218,650.10",106,-8.1,11.0,-1.24,1.72,0.31,905.00,588.80,757.69,772.49
2022/07/24,187,SICL,35.21,865.0,876.9,853.0,876.0,876.00,0.0,0.0,864.22,"10,139.00",849.00,"8,762,319.40",182,27.0,23.9,3.18,2.8,1.34,"2,157.00",696.00,,
2022/07/25,182,SICL,45.41,893.0,907.0,881.0,900.0,900.00,0.0,0.0,896.14,"20,796.00",876.00,"18,636,180.20",307,24.0,26.0,2.74,2.95,0.43,"2,157.00",696.00,,
2022/07/26,189,SICL,37.36,913.8,913.8,875.0,875.3,875.30,0.0,0.0,889.14,"14,247.00",900.00,"12,667,636.70",230,-24.7,38.8,-2.74,4.43,-1.58,"2,157.00",696.00,,
2022/06/19,189,SICL,33.64,776.0,776.0,758.2,761.0,761.00,0.0,0.0,764.10,"9,791.00",775.00,"7,481,298.00",194,-14.0,17.80,-1.81,2.35,-0.41,"2,170.00",755.00,,
2022/06/20,194,SICL,36.15,775.0,775.0,731.0,735.0,735.00,0.0,0.0,737.93,"16,333.00",761.00,"12,052,559.30",271,-26.0,44.00,-3.42,6.02,-0.4,"2,170.00",731.00,,
2022/06/21,194,SICL,37.89,735.0,770.0,730.0,746.0,746.00,0.0,0.0,742.35,"13,640.00",735.00,"10,125,624.90",182,11.0,40.00,1.5,5.48,0.49,"2,157.00",730.00,,
2022/06/22,193,SICL,31.58,760.8,760.8,729.0,735.0,735.00,0.0,0.0,733.88,"7,759.00",746.00,"5,694,148.70",165,-11.0,31.8,-1.47,4.36,0.15,"2,157.00",729.00,,
2022/06/23,199,SICL,33.44,724.0,725.0,710.0,712.0,712.00,0.0,0.0,714.17,"12,639.00",735.00,"9,026,339.20",230,-23.0,15.0,-3.13,2.11,-0.3,"2,157.00",710.00,,
2022/06/24,189,SICL,34.42,700.5,728.0,696.0,718.0,718.00,0.0,0.0,708.88,"7,605.00",712.00,"5,391,025.80",137,6.0,32.0,0.84,4.6,1.27,"2,157.00",696.00,,
2022/06/26,195,SICL,40.86,718.0,761.9,710.0,759.0,759.00,0.0,0.0,751.57,"18,495.00",718.00,"13,900,338.70",333,41.0,51.9,5.71,7.31,0.98,"2,157.00",696.00,,
2022/06/27,195,SICL,43.62,773.0,776.5,755.0,760.0,760.00,0.0,0.0,765.36,"17,578.00",759.00,"13,453,517.40",323,1.0,21.5,0.13,2.85,-0.71,"2,157.00",696.00,,
2022/06/28,194,SICL,44.43,750.0,770.0,743.0,743.0,743.00,0.0,0.0,748.07,"9,399.00",760.00,"7,031,153.30",156,-17.0,27.0,-2.24,3.63,-0.68,"2,157.00",696.00,,
2022/06/29,194,SICL,41.86,731.0,770.0,731.0,768.0,768.00,0.0,0.0,754.44,"9,889.00",743.00,"7,460,632.30",161,25.0,39.0,3.36,5.34,1.77,"2,157.00",696.00,,
2022/06/30,193,SICL,47.0,780.0,815.0,770.0,815.0,815.00,0.0,0.0,796.17,"21,757.00",768.00,"17,322,213.50",327,47.00,45.00,6.12,5.84,2.31,"2,157.00",696.00,,
2022/07/01,188,SICL,47.45,829.0,832.3,799.0,824.0,824.00,0.0,0.0,823.34,"12,950.00",815.00,"10,662,191.10",204,9.0,33.3,1.1,4.17,0.08,"2,157.00",696.00,,
2022/07/03,197,SICL,47.92,838.0,858.8,819.0,855.0,855.00,0.0,0.0,835.54,"15,733.00",824.00,"13,145,482.10",273,31.0,39.8,3.76,4.86,2.28,"2,157.00",696.00,,
2022/07/04,199,SICL,53.78,860.0,917.0,848.0,880.0,880.00,0.0,0.0,887.51,"34,074.00",855.00,"30,240,897.60",578,25.0,69.00,2.92,8.14,-0.85,"2,157.00",696.00,,
2022/07/05,195,SICL,47.43,880.0,895.0,843.0,848.0,848.00,0.0,0.0,858.18,"19,304.00",880.00,"16,566,339.70",366,-32.0,52.0,-3.64,6.17,-1.2,"2,157.00",696.00,,
2022/07/06,195,SICL,45.82,848.0,848.0,793.8,826.0,826.00,0.0,0.0,821.80,"19,857.00",848.00,"16,318,576.00",299,-22.0,54.2,-2.59,6.83,0.51,"2,157.00",696.00,,
2022/05/27,188,SICL,41.46,1071.0,1075.0,1055.1,1075.0,"1,075.00",0.0,0.0,"1,068.20","2,260.00","1,071.00","2,414,132.60",63,4.0,19.9,0.37,1.89,0.63,"2,300.00","1,020.00",,
2022/05/30,193,SICL,42.67,1095.0,1095.0,1052.0,1052.0,"1,052.00",0.0,0.0,"1,059.65","6,204.00","1,075.00","6,574,094.50",93,-23.0,43.0,-2.14,4.09,-0.73,"2,300.00","1,020.00",,
2022/05/31,194,SICL,34.01,1044.0,1069.5,1025.0,1027.0,"1,027.00",0.0,0.0,"1,034.26","4,538.00","1,052.00","4,693,478.40",115,-25.0,44.5,-2.38,4.34,-0.71,"2,300.00","1,020.00",,
2022/06/01,192,SICL,34.95,1010.0,1020.0,924.3,924.3,924.30,0.0,0.0,957.24,"39,573.00","1,027.00","37,880,820.50",758,-102.7,95.7,-10.0,10.35,-3.56,"2,300.00",924.30,,
2022/06/02,193,SICL,34.37,905.9,905.9,856.0,893.0,893.00,0.0,0.0,877.45,"32,880.00",924.30,"28,850,562.40",512,-31.3,49.9,-3.39,5.83,1.74,"2,300.00",856.00,,
2022/06/03,191,SICL,29.77,888.0,892.0,862.4,867.0,867.00,0.0,0.0,870.70,"14,657.00",893.00,"12,761,919.00",237,-26.0,29.6,-2.91,3.43,-0.43,"2,300.00",856.00,,
2022/06/06,192,SICL,28.46,870.0,902.0,867.0,888.0,888.00,0.0,0.0,880.50,"11,983.00",867.00,"10,550,974.00",160,21.0,35.0,2.42,4.04,0.85,"2,300.00",856.00,,
2022/06/07,198,SICL,35.19,888.0,890.0,874.0,877.0,877.00,0.0,0.0,880.91,"12,754.00",888.00,"11,235,137.50",158,-11.0,16.0,-1.24,1.83,-0.45,"2,300.00",856.00,,
2022/06/08,196,SICL,44.09,889.0,909.8,879.0,893.0,893.00,0.0,0.0,895.30,"14,832.00",877.00,"13,279,130.80",169,16.0,30.80,1.82,3.5,-0.26,"2,300.00",856.00,,
2022/06/09,194,SICL,48.86,909.7,923.5,885.0,887.0,887.00,0.0,0.0,901.26,"22,383.00",893.00,"20,172,985.30",263,-6.0,38.5,-0.67,4.35,-1.61,"2,300.00",856.00,,
2022/06/10,195,SICL,40.42,871.0,889.0,871.0,889.0,889.00,0.0,0.0,875.77,"9,374.00",887.00,"8,209,469.70",100,2.0,18.0,0.23,2.07,1.49,"2,300.00",856.00,,
2022/06/12,272,SICL,30.43,639.1,650.0,639.0,644.0,644.00,0.0,0.0,642.00,"11,244.00",652.10,"7,218,650.10",106,-8.1,11.0,-1.24,1.72,0.31,905.00,588.80,757.69,772.49
2022/06/13,196,SICL,39.65,890.0,890.0,865.0,870.0,870.00,0.0,0.0,874.54,"8,462.00",889.00,"7,400,324.60",135,-19.0,25.0,-2.14,2.89,-0.52,"2,300.00",856.00,,
2022/06/14,196,SICL,37.67,860.0,860.0,818.0,819.0,819.00,0.0,0.0,829.74,"30,048.00",870.00,"24,931,991.70",517,-51.0,42.0,-5.86,5.13,-1.31,"2,300.00",818.00,,
2022/06/15,194,SICL,37.7,803.0,810.0,772.3,776.0,776.00,0.0,0.0,780.63,"27,096.00",819.00,"21,151,991.50",497,-43.0,37.70,-5.25,4.88,-0.6,"2,250.00",772.30,,
2022/06/16,186,SICL,38.34,770.0,775.0,755.0,762.5,762.50,0.0,0.0,762.96,"30,276.00",776.00,"23,099,302.10",429,-13.5,20.0,-1.74,2.65,-0.06,"2,207.00",755.00,,
2022/05/02,195,SICL,37.61,1154.0,1154.0,1110.0,1124.0,"1,124.00",0.0,0.0,"1,118.47","4,414.00","1,132.00","4,936,932.80",92,-8.0,44.0,-0.71,3.96,0.49,"2,340.00","1,108.40",,
2022/05/04,198,SICL,37.75,1125.0,1144.0,1082.0,1103.2,"1,103.20",0.0,0.0,"1,102.81","6,451.00","1,124.00","7,114,257.10",127,-20.8,62.0,-1.85,5.73,0.03,"2,340.00","1,082.00",,
2022/05/05,198,SICL,33.98,1085.0,1122.0,1072.0,1077.0,"1,077.00",0.0,0.0,"1,091.40","6,248.00","1,103.20","6,819,065.60",120,-26.2,50.0,-2.37,4.66,-1.34,"2,340.00","1,072.00",,
2022/05/06,272,SICL,30.43,639.1,650.0,639.0,644.0,644.00,0.0,0.0,642.00,"11,244.00",652.10,"7,218,650.10",106,-8.1,11.0,-1.24,1.72,0.31,905.00,588.80,757.69,772.49
2022/05/08,198,SICL,36.88,1092.0,1092.0,1035.0,1060.0,"1,060.00",0.0,0.0,"1,054.77","9,365.00","1,077.00","9,877,956.00",153,-17.0,57.0,-1.58,5.51,0.49,"2,340.00","1,035.00",,
2022/05/09,189,SICL,33.59,1070.0,1078.0,1065.0,1078.0,"1,078.00",0.0,0.0,"1,073.82","4,863.00","1,060.00","5,221,973.50",121,18.0,13.0,1.7,1.22,0.39,"2,340.00","1,035.00",,
2022/05/10,193,SICL,39.48,1076.0,1077.0,1057.2,1077.0,"1,077.00",0.0,0.0,"1,068.18","10,296.00","1,078.00","10,997,999.80",144,-1.0,19.8,-0.09,1.87,0.82,"2,340.00","1,035.00",,
2022/05/11,195,SICL,47.0,1098.0,1110.0,1070.0,1107.0,"1,107.00",0.0,0.0,"1,091.33","7,126.00","1,077.00","7,776,830.70",127,30.0,40.0,2.79,3.74,1.42,"2,340.00","1,035.00",,
2022/05/12,194,SICL,45.11,1085.0,1129.0,1085.0,1114.0,"1,114.00",0.0,0.0,"1,113.08","5,493.00","1,107.00","6,114,167.40",90,7.0,44.0,0.63,4.06,0.08,"2,340.00","1,035.00",,
2022/05/17,187,SICL,43.58,1114.0,1122.0,1080.0,1081.0,"1,081.00",0.0,0.0,"1,095.59","5,557.00","1,114.00","6,088,204.80",133,-33.00,42.0,-2.96,3.89,-1.35,"2,340.00","1,035.00",,
2022/05/18,193,SICL,46.23,1102.0,1102.0,1068.0,1080.0,"1,080.00",0.0,0.0,"1,077.26","8,680.00","1,081.00","9,350,625.00",88,-1.0,34.0,-0.09,3.18,0.25,"2,300.00","1,035.00",,
2022/05/19,187,SICL,34.94,1100.0,1101.4,1075.0,1076.0,"1,076.00",0.0,0.0,"1,083.26","4,419.00","1,080.00","4,786,946.70",86,-4.0,26.4,-0.37,2.46,-0.68,"2,300.00","1,035.00",,
2022/05/20,189,SICL,26.82,1076.0,1076.0,1056.0,1056.0,"1,056.00",0.0,0.0,"1,062.65","2,559.00","1,076.00","2,719,329.50",73,-20.0,20.0,-1.86,1.89,-0.63,"2,300.00","1,035.00",,
2022/05/23,190,SICL,31.39,1056.1,1056.1,1035.0,1037.0,"1,037.00",0.0,0.0,"1,043.59","3,513.00","1,056.00","3,666,129.70",91,-19.0,21.1,-1.8,2.04,-0.64,"2,300.00","1,035.00",,
2022/05/24,190,SICL,31.3,1037.0,1048.0,1020.0,1043.0,"1,043.00",0.0,0.0,"1,039.04","2,300.00","1,037.00","2,389,791.40",65,6.0,28.00,0.58,2.75,0.38,"2,300.00","1,020.00",,
2022/05/25,192,SICL,38.54,1050.0,1069.0,1050.0,1066.0,"1,066.00",0.0,0.0,"1,063.96","4,175.00","1,043.00","4,442,053.00",93,23.0,19.0,2.21,1.81,0.19,"2,300.00","1,020.00",,
2022/04/04,193,SICL,40.74,1322.5,1322.5,1281.0,1290.0,"1,290.00",0.0,0.0,"1,293.85","9,617.00","1,297.00","12,442,978.00",141,-7.0,41.5,-0.54,3.24,-0.3,"2,340.00","1,281.00",,
2022/04/05,194,SICL,36.31,1275.0,1280.0,1237.1,1252.0,"1,252.00",0.0,0.0,"1,255.58","11,842.00","1,290.00","14,868,607.60",289,-38.0,42.90,-2.95,3.47,-0.29,"2,340.00","1,237.10",,
2022/04/06,191,SICL,37.49,1235.0,1240.0,1203.0,1205.0,"1,205.00",0.0,0.0,"1,217.76","14,819.00","1,252.00","18,045,930.90",266,-47.0,37.0,-3.75,3.08,-1.06,"2,340.00","1,203.00",,
2022/04/07,190,SICL,35.95,1205.0,1230.0,1200.0,1208.2,"1,208.20",0.0,0.0,"1,212.63","7,047.00","1,205.00","8,545,399.00",183,3.2,30.0,0.27,2.5,-0.37,"2,340.00","1,200.00",,
2022/04/11,198,SICL,36.28,1232.3,1249.5,1185.0,1185.6,"1,185.60",0.0,0.0,"1,201.82","11,689.00","1,208.20","14,048,021.60",219,-22.6,64.5,-1.87,5.44,-1.37,"2,340.00","1,185.00",,
2022/04/12,202,SICL,36.64,1185.6,1198.0,1155.0,1157.0,"1,157.00",0.0,0.0,"1,165.39","8,179.00","1,185.60","9,531,688.50",170,-28.6,43.0,-2.41,3.72,-0.72,"2,340.00","1,155.00",,
2022/04/13,194,SICL,40.91,1179.0,1179.0,1133.9,1170.0,"1,170.00",0.0,0.0,"1,161.73","8,407.00","1,157.00","9,766,623.20",158,13.00,45.1,1.12,3.98,0.71,"2,340.00","1,133.90",,
2022/04/17,198,SICL,39.26,1193.0,1193.0,1151.0,1160.0,"1,160.00",0.0,0.0,"1,162.19","6,780.00","1,170.00","7,879,643.80",132,-10.00,42.0,-0.85,3.65,-0.19,"2,340.00","1,133.90",,
2022/04/18,194,SICL,36.45,1150.0,1153.0,1135.0,1137.0,"1,137.00",0.0,0.0,"1,139.37","5,065.00","1,160.00","5,770,906.20",116,-23.0,18.00,-1.98,1.59,-0.21,"2,340.00","1,133.90",,
2022/04/19,193,SICL,39.27,1137.0,1144.0,1120.0,1131.0,"1,131.00",0.0,0.0,"1,132.04","6,974.00","1,137.00","7,894,874.00",130,-6.0,24.0,-0.53,2.14,-0.09,"2,340.00","1,120.00",,
2022/04/20,194,SICL,35.91,1108.4,1149.0,1108.4,1130.0,"1,130.00",0.0,0.0,"1,133.25","4,822.00","1,131.00","5,464,512.00",91,-1.0,40.6,-0.09,3.66,-0.29,"2,340.00","1,108.40",,
2022/04/21,197,SICL,38.09,1120.0,1140.0,1120.0,1135.0,"1,135.00",0.0,0.0,"1,123.49","5,037.00","1,130.00","5,659,000.80",130,5.0,20.00,0.44,1.79,1.01,"2,340.00","1,108.40",,
2022/04/24,205,SICL,45.2,1157.7,1158.0,1135.0,1154.0,"1,154.00",0.0,0.0,"1,150.02","9,537.00","1,135.00","10,967,740.20",179,19.00,23.00,1.67,2.03,0.34,"2,340.00","1,108.40",,
2022/04/25,204,SICL,45.09,1132.0,1198.0,1132.0,1147.0,"1,147.00",0.0,0.0,"1,150.95","10,170.00","1,154.00","11,705,117.00",159,-7.0,66.0,-0.61,5.83,-0.34,"2,340.00","1,108.40",,
2022/04/26,193,SICL,42.88,1125.0,1146.0,1125.0,1133.0,"1,133.00",0.0,0.0,"1,132.57","8,010.00","1,147.00","9,071,903.00",162,-14.0,21.0,-1.22,1.87,0.04,"2,340.00","1,108.40",,
2022/04/27,194,SICL,39.88,1120.1,1139.0,1118.0,1137.0,"1,137.00",0.0,0.0,"1,127.64","5,574.00","1,133.00","6,285,478.70",83,4.0,21.0,0.35,1.88,0.82,"2,340.00","1,108.40",,
2022/03/09,194,SICL,36.4,1387.2,1387.2,1350.2,1355.0,"1,355.00",0.0,0.0,"1,364.11","5,855.00","1,360.00","7,986,837.20",139,-5.0,37.0,-0.37,2.74,-0.67,"2,725.00","1,325.00",,
2022/03/10,192,SICL,41.93,1342.0,1366.0,1342.0,1364.8,"1,364.80",0.0,0.0,"1,357.42","5,726.00","1,355.00","7,772,580.90",141,9.8,24.0,0.72,1.79,0.54,"2,340.00","1,325.00",,
2022/03/13,192,SICL,52.01,1375.0,1440.0,1375.0,1428.2,"1,428.20",0.0,0.0,"1,416.90","14,987.00","1,364.80","21,235,043.50",291,63.40,65.00,4.65,4.73,0.79,"2,340.00","1,325.00",,
2022/03/14,188,SICL,48.59,1430.0,1449.0,1421.0,1425.0,"1,425.00",0.0,0.0,"1,428.08","3,863.00","1,428.20","5,516,670.80",68,-3.2,28.0,-0.22,1.97,-0.22,"2,340.00","1,325.00",,
2022/03/15,196,SICL,49.97,1425.0,1425.0,1404.0,1404.0,"1,404.00",0.0,0.0,"1,413.71","8,632.00","1,425.00","12,203,168.70",167,-21.0,21.0,-1.47,1.5,-0.69,"2,340.00","1,325.00",,
2022/03/16,195,SICL,47.17,1427.0,1427.0,1401.0,1410.0,"1,410.00",0.0,0.0,"1,407.78","4,590.00","1,404.00","6,461,724.00",86,6.0,26.0,0.43,1.86,0.16,"2,340.00","1,325.00",,
2022/03/20,189,SICL,38.28,1410.0,1427.0,1390.0,1395.0,"1,395.00",0.0,0.0,"1,399.09","8,108.00","1,410.00","11,343,830.00",137,-15.0,37.0,-1.06,2.66,-0.29,"2,340.00","1,325.00",,
2022/03/21,196,SICL,41.97,1400.0,1400.0,1371.0,1395.0,"1,395.00",0.0,0.0,"1,389.21","4,059.00","1,395.00","5,638,818.50",105,0.00,29.0,0.0,2.12,0.41,"2,340.00","1,325.00",,
2022/03/22,201,SICL,48.04,1400.0,1420.0,1392.0,1397.2,"1,397.20",0.0,0.0,"1,401.08","7,472.00","1,395.00","10,468,866.50",142,2.2,28.0,0.16,2.01,-0.28,"2,340.00","1,325.00",,
2022/03/23,191,SICL,41.34,1412.8,1412.9,1385.0,1395.0,"1,395.00",0.0,0.0,"1,395.65","2,636.00","1,397.20","3,678,935.50",63,-2.2,27.9,-0.16,2.01,-0.05,"2,340.00","1,325.00",,
2022/03/24,190,SICL,42.26,1414.0,1414.0,1380.0,1382.0,"1,382.00",0.0,0.0,"1,388.12","6,235.00","1,395.00","8,654,907.80",130,-13.0,34.0,-0.93,2.46,-0.44,"2,340.00","1,325.00",,
2022/03/27,272,SICL,30.43,639.1,650.0,639.0,644.0,644.00,0.0,0.0,642.00,"11,244.00",652.10,"7,218,650.10",106,-8.1,11.0,-1.24,1.72,0.31,905.00,588.80,757.69,772.49
2022/03/28,197,SICL,39.28,1380.0,1380.0,1325.0,1332.0,"1,332.00",0.0,0.0,"1,334.68","8,261.00","1,360.00","11,025,805.90",184,-28.0,55.0,-2.06,4.15,-0.2,"2,340.00","1,325.00",,
2022/03/29,192,SICL,35.0,1358.0,1358.0,1315.0,1315.0,"1,315.00",0.0,0.0,"1,324.27","4,764.00","1,332.00","6,308,802.50",138,-17.0,43.0,-1.28,3.27,-0.7,"2,340.00","1,315.00",,
2022/03/30,198,SICL,34.97,1315.1,1332.0,1305.0,1323.0,"1,323.00",0.0,0.0,"1,316.15","6,051.00","1,315.00","7,964,028.00",122,8.0,27.0,0.61,2.07,0.52,"2,340.00","1,305.00",,
2022/03/31,193,SICL,36.87,1323.0,1337.0,1300.0,1313.0,"1,313.00",0.0,0.0,"1,312.89","5,881.00","1,323.00","7,721,116.70",128,-10.0,37.0,-0.76,2.85,0.01,"2,340.00","1,300.00",,
2022/04/28,193,SICL,35.6,1149.0,1150.0,1132.0,1132.0,"1,132.00",0.0,0.0,"1,138.16","3,398.00","1,137.00","3,867,472.70",75,-5.0,18.0,-0.44,1.59,-0.54,"2,340.00","1,108.40",,
2022/05/26,187,SICL,41.12,1075.0,1083.0,1062.0,1071.0,"1,071.00",0.0,0.0,"1,072.33","2,418.00","1,066.00","2,592,884.10",49,5.0,21.0,0.47,1.98,-0.12,"2,300.00","1,020.00",,
2022/06/17,187,SICL,31.49,777.0,792.0,768.0,775.0,775.00,0.0,0.0,775.47,"6,354.00",762.50,"4,927,342.90",131,12.5,24.0,1.64,3.13,-0.06,"2,170.00",755.00,,
2022/07/07,194,SICL,40.45,842.5,874.0,819.0,819.0,819.00,0.0,0.0,833.91,"13,632.00",826.00,"11,367,884.70",198,-7.0,55.0,-0.85,6.72,-1.82,"2,157.00",696.00,,
2022/07/27,194,SICL,51.05,858.0,880.0,858.0,870.0,870.00,0.0,0.0,871.48,"11,381.00",875.30,"9,918,299.30",172,-5.3,22.0,-0.61,2.56,-0.17,"2,157.00",696.00,,
2022/08/17,186,SICL,37.58,830.0,841.0,818.0,828.0,828.00,0.0,0.0,826.24,"1,915.00",830.00,"1,582,250.50",55,-2.0,23.0,-0.24,2.81,0.21,"2,157.00",696.00,,
2022/09/07,190,SICL,31.17,770.0,778.0,765.0,768.0,768.00,0.0,0.0,767.89,"3,102.00",770.00,"2,382,004.60",64,-2.0,13.0,-0.26,1.7,0.01,"2,157.00",696.00,,
2022/10/10,198,SICL,44.63,730.0,730.0,715.0,716.0,716.00,0.0,0.0,721.62,"11,919.00",725.00,"8,601,024.70",128,-9.0,15.0,-1.24,2.1,-0.79,"2,157.00",690.10,,
2022/11/10,194,SICL,30.6,730.0,751.0,724.0,726.0,726.00,0.0,0.0,729.04,"6,418.00",738.00,"4,678,976.00",103,-12.0,27.0,-1.63,3.73,-0.42,"2,157.00",690.10,,
2022/12/06,202,SICL,39.68,765.0,780.0,758.0,780.0,780.00,0.0,0.0,770.92,"4,164.00",772.00,"3,210,094.70",74,8.0,22.0,1.04,2.9,1.16,"2,157.00",690.10,,
2023/01/02,215,SICL,51.61,880.0,902.0,880.0,898.9,898.90,0.0,0.0,895.75,"21,209.00",891.00,"18,997,943.50",221,7.9,22.0,0.89,2.5,0.35,"2,157.00",690.10,,
2023/01/31,219,SICL,39.12,810.0,820.0,775.0,779.0,779.00,0.0,0.0,781.19,"29,713.00",808.62,"23,211,376.50",427,-29.62,45.0,-3.66,5.81,-0.28,"2,058.80",690.10,,
2023/02/27,219,SICL,37.56,741.0,756.0,733.0,750.0,750.00,0.0,0.0,742.41,"5,593.00",738.00,"4,152,310.90",106,12.0,23.00,1.63,3.14,1.01,"1,449.00",690.10,,
2023/03/27,218,SICL,44.14,748.0,777.2,715.0,760.0,760.00,0.0,0.0,735.34,"9,972.00",734.20,"7,332,844.40",144,25.8,62.2,3.51,8.7,3.24,"1,428.00",690.10,,
2023/04/19,224,SICL,44.73,720.0,738.0,720.0,725.0,725.00,0.0,0.0,724.69,"12,199.00",725.00,"8,840,496.70",119,0.0,18.0,0.0,2.5,0.04,"1,198.00",690.10,,
2018/09/02,141,SICL,-,910.0,920.0,904.0,910.0,910.00,0.0,0.0,910.51,927.00,904.00,"844,044.00",20,6.0,16.0,0.66,1.77,-0.06,"2,040.00",850.00,,
2019/10/05,272,SICL,30.43,639.1,650.0,639.0,644.0,644.00,0.0,0.0,642.00,"11,244.00",652.10,"7,218,650.10",106,-8.1,11.0,-1.24,1.72,0.31,905.00,588.80,757.69,772.49
2021/02/14,172,SICL,51.13,2600.0,2703.0,2600.0,2643.0,"2,643.00",0.0,0.0,"2,653.99","48,009.00","2,679.00","127,415,594.00",495,-36.0,103.0,-1.34,3.96,-0.42,"2,760.00",725.00,,
2022/04/03,191,SICL,38.94,1335.0,1336.0,1297.0,1297.0,"1,297.00",0.0,0.0,"1,305.20","7,002.00","1,313.00","9,139,011.90",154,-16.0,39.0,-1.22,3.01,-0.63,"2,340.00","1,297.00",,
2023/05/15,222,SICL,34.97,691.0,701.9,682.0,698.0,698.00,0.0,0.0,692.43,"14,140.00",699.20,"9,790,945.30",164,-1.2,19.9,-0.17,2.92,0.8,"1,122.00",682.00,,
2024/07/17,272,SICL,30.43,639.1,650.0,639.0,644.0,644.00,0.0,0.0,642.00,"11,244.00",652.10,"7,218,650.10",106,-8.1,11.0,-1.24,1.72,0.31,905.00,588.80,757.69,772.49
2022/02/09,189,SICL,43.05,1560.0,1569.0,1522.0,1528.0,"1,528.00",0.0,0.0,"1,536.49","21,734.00","1,562.00","33,394,075.30",411,-34.0,47.0,-2.18,3.09,-0.56,"3,021.00","1,387.00",,
2022/02/10,193,SICL,45.97,1520.0,1530.0,1500.0,1509.0,"1,509.00",0.0,0.0,"1,510.04","21,953.00","1,528.00","33,149,918.60",440,-19.0,30.0,-1.24,2.0,-0.07,"3,021.00","1,387.00",,
2022/02/13,193,SICL,45.78,1490.0,1490.0,1425.0,1433.0,"1,433.00",0.0,0.0,"1,440.17","38,720.00","1,509.00","55,763,398.70",749,-76.0,65.0,-5.04,4.56,-0.5,"3,021.00","1,387.00",,
2022/02/14,193,SICL,39.45,1404.4,1460.0,1400.0,1450.0,"1,450.00",0.0,0.0,"1,437.16","19,759.00","1,433.00","28,396,924.50",339,17.0,60.0,1.19,4.29,0.89,"3,021.00","1,387.00",,
2022/02/15,272,SICL,30.43,639.1,650.0,639.0,644.0,644.00,0.0,0.0,642.00,"11,244.00",652.10,"7,218,650.10",106,-8.1,11.0,-1.24,1.72,0.31,905.00,588.80,757.69,772.49
2022/02/16,195,SICL,42.22,1497.0,1497.0,1451.0,1451.1,"1,451.10",0.0,0.0,"1,468.70","9,205.00","1,474.00","13,519,397.20",188,-22.9,46.0,-1.55,3.17,-1.21,"3,021.00","1,387.00",,
2022/02/17,193,SICL,44.64,1455.0,1465.0,1449.0,1455.0,"1,455.00",0.0,0.0,"1,453.05","9,030.00","1,451.10","13,121,049.70",174,3.9,16.0,0.27,1.1,0.13,"3,021.00","1,387.00",,
2022/02/20,194,SICL,41.99,1425.9,1453.0,1399.0,1427.0,"1,427.00",0.0,0.0,"1,427.71","11,486.00","1,455.00","16,398,641.60",247,-28.0,54.0,-1.92,3.86,-0.05,"3,021.00","1,387.00",,
2022/02/21,190,SICL,44.35,1450.0,1467.9,1426.0,1430.0,"1,430.00",0.0,0.0,"1,434.99","12,244.00","1,427.00","17,569,959.00",153,3.0,41.9,0.21,2.94,-0.35,"3,021.00","1,387.00",,
2022/02/22,194,SICL,47.14,1455.0,1458.0,1430.0,1449.0,"1,449.00",0.0,0.0,"1,447.65","7,886.00","1,430.00","11,416,203.00",172,19.0,28.0,1.33,1.96,0.09,"3,021.00","1,387.00",,
2022/02/23,194,SICL,41.99,1448.0,1455.0,1430.0,1440.0,"1,440.00",0.0,0.0,"1,443.44","5,145.00","1,449.00","7,426,515.00",106,-9.0,25.0,-0.62,1.75,-0.24,"3,021.00","1,387.00",,
2022/02/24,194,SICL,46.44,1430.0,1435.0,1390.0,1404.0,"1,404.00",0.0,0.0,"1,408.09","19,905.00","1,440.00","28,027,978.90",387,-36.0,45.0,-2.5,3.24,-0.29,"3,021.00","1,387.00",,
2022/02/27,189,SICL,42.63,1404.0,1431.0,1395.0,1396.1,"1,396.10",0.0,0.0,"1,406.70","9,837.00","1,404.00","13,837,710.70",185,-7.9,36.00,-0.56,2.58,-0.76,"3,021.00","1,387.00",,
2022/02/28,193,SICL,42.86,1423.0,1425.0,1387.0,1390.0,"1,390.00",0.0,0.0,"1,396.46","11,149.00","1,396.10","15,569,129.00",222,-6.1,38.00,-0.44,2.74,-0.46,"3,021.00","1,387.00",,
2022/03/02,194,SICL,41.85,1390.0,1390.0,1345.5,1347.0,"1,347.00",0.0,0.0,"1,358.22","13,633.00","1,390.00","18,516,648.50",272,-43.0,44.50,-3.09,3.31,-0.83,"2,885.00","1,345.50",,
2022/03/06,196,SICL,40.61,1347.0,1362.0,1325.0,1361.9,"1,361.90",0.0,0.0,"1,349.90","8,953.00","1,347.00","12,085,694.40",215,14.9,37.0,1.11,2.79,0.88,"2,885.00","1,325.00",,
2022/01/16,195,SICL,58.2,1858.4,1880.0,1835.0,1849.0,"1,849.00",0.0,0.0,"1,862.51","29,960.00","1,823.00","55,800,720.40",417,26.0,45.0,1.43,2.45,-0.73,"3,021.00","1,387.00",,
2022/01/17,190,SICL,61.16,1885.0,1917.0,1840.0,1914.0,"1,914.00",0.0,0.0,"1,877.35","42,110.00","1,849.00","79,055,344.50",436,65.0,77.0,3.52,4.18,1.91,"3,021.00","1,387.00",,
2022/01/18,191,SICL,61.49,1920.0,1954.0,1906.0,1914.0,"1,914.00",0.0,0.0,"1,937.20","41,479.00","1,914.00","80,353,316.60",552,0.0,48.0,0.0,2.52,-1.21,"3,021.00","1,387.00",,
2022/01/19,193,SICL,57.74,1920.0,1942.0,1900.0,1923.0,"1,923.00",0.0,0.0,"1,916.54","33,075.00","1,914.00","63,389,650.20",423,9.0,42.0,0.47,2.21,0.34,"3,021.00","1,387.00",,
2022/01/20,195,SICL,64.52,1925.0,2024.9,1911.0,2009.0,"2,009.00",0.0,0.0,"1,982.74","89,152.00","1,923.00","176,765,627.50","1,176",86.0,113.9,4.47,5.96,1.31,"3,021.00","1,387.00",,
2022/01/23,198,SICL,66.03,2049.1,2157.0,2036.0,2056.9,"2,056.90",0.0,0.0,"2,079.04","84,066.00","2,009.00","174,776,336.80","1,297",47.9,121.00,2.38,5.94,-1.08,"3,021.00","1,387.00",,
2022/01/24,193,SICL,62.35,2070.0,2070.0,1978.0,1984.0,"1,984.00",0.0,0.0,"2,007.06","82,920.00","2,056.90","166,425,256.20","1,300",-72.9,92.0,-3.54,4.65,-1.16,"3,021.00","1,387.00",,
2022/01/25,195,SICL,55.51,2000.0,2009.4,1930.0,1974.0,"1,974.00",0.0,0.0,"1,978.45","51,203.00","1,984.00","101,302,364.00",813,-10.0,79.40,-0.5,4.11,-0.23,"3,021.00","1,387.00",,
2022/01/26,198,SICL,46.76,2000.0,2000.0,1930.0,1936.2,"1,936.20",0.0,0.0,"1,938.56","40,311.00","1,974.00","78,145,450.30",547,-37.8,70.0,-1.91,3.63,-0.12,"3,021.00","1,387.00",,
2022/01/27,190,SICL,48.77,1974.9,2050.0,1970.5,1996.0,"1,996.00",0.0,0.0,"1,993.33","55,151.00","1,936.20","109,934,271.40","1,029",59.8,79.5,3.09,4.03,0.13,"3,021.00","1,387.00",,
2022/01/30,195,SICL,54.22,2035.9,2118.0,2030.0,2042.0,"2,042.00",0.0,0.0,"2,046.33","49,964.00","1,996.00","102,242,594.30",803,46.0,88.0,2.3,4.33,-0.21,"3,021.00","1,387.00",,
2022/01/31,191,SICL,54.48,2042.0,2058.8,1999.0,2000.0,"2,000.00",0.0,0.0,"2,016.60","47,626.00","2,042.00","96,042,825.50",718,-42.0,59.8,-2.06,2.99,-0.83,"3,021.00","1,387.00",,
2022/02/01,190,SICL,52.74,2034.0,2035.0,1990.0,1997.0,"1,997.00",0.0,0.0,"1,998.66","37,556.00","2,000.00","75,061,695.70",661,-3.0,45.0,-0.15,2.26,-0.08,"3,021.00","1,387.00",,
2022/02/03,190,SICL,52.36,2005.0,2030.0,1980.0,1986.0,"1,986.00",0.0,0.0,"1,993.78","134,452.00","1,997.00","268,068,044.70","2,235",-11.0,50.0,-0.55,2.53,-0.39,"3,021.00","1,387.00",,
2022/02/06,194,SICL,47.92,1581.7,1650.0,1581.7,1600.0,"1,600.00",0.0,0.0,"1,611.57","87,486.00","1,550.77","140,989,782.80","1,609",49.23,68.3,3.17,4.32,-0.72,"3,021.00","1,387.00",,
2022/02/07,190,SICL,40.82,1568.0,1630.0,1568.0,1584.0,"1,584.00",0.0,0.0,"1,599.30","20,634.00","1,600.00","33,000,018.80",458,-16.0,62.0,-1.0,3.95,-0.97,"3,021.00","1,387.00",,
2021/12/21,193,SICL,43.1,1471.0,1477.0,1460.0,1475.5,"1,475.50",0.0,0.0,"1,470.65","6,963.00","1,463.00","10,240,167.50",142,12.5,17.00,0.85,1.16,0.33,"3,021.00","1,387.00",,
2021/12/22,197,SICL,48.25,1480.0,1550.0,1480.0,1535.0,"1,535.00",0.0,0.0,"1,525.42","12,068.00","1,475.50","18,408,828.80",268,59.5,70.0,4.03,4.73,0.62,"3,021.00","1,387.00",,
2021/12/23,195,SICL,56.99,1564.1,1688.5,1537.0,1688.0,"1,688.00",0.0,0.0,"1,645.52","42,007.00","1,535.00","69,123,310.20",585,153.0,151.5,9.97,9.86,2.52,"3,021.00","1,387.00",,
2021/12/26,197,SICL,57.6,1721.7,1745.0,1659.0,1735.0,"1,735.00",0.0,0.0,"1,716.45","34,293.00","1,688.00","58,862,065.60",540,47.00,86.00,2.78,5.18,1.07,"3,021.00","1,387.00",,
2021/12/27,202,SICL,57.27,1769.7,1769.7,1650.0,1657.0,"1,657.00",0.0,0.0,"1,693.31","31,837.00","1,735.00","53,910,006.30",541,-78.0,119.70,-4.5,7.25,-2.19,"3,021.00","1,387.00",,
2021/12/28,195,SICL,52.04,1635.0,1668.0,1597.4,1650.0,"1,650.00",0.0,0.0,"1,640.99","11,810.00","1,657.00","19,380,043.40",243,-7.0,70.6,-0.42,4.42,0.55,"3,021.00","1,387.00",,
2021/12/29,193,SICL,35.82,1683.0,1683.0,1630.0,1657.5,"1,657.50",0.0,0.0,"1,654.67","6,887.00","1,650.00","11,395,716.00",140,7.5,53.00,0.45,3.25,0.17,"3,021.00","1,387.00",,
2022/01/02,206,SICL,40.04,1684.0,1705.0,1657.0,1702.0,"1,702.00",0.0,0.0,"1,689.92","15,041.00","1,657.50","25,418,045.70",237,44.50,48.00,2.68,2.9,0.71,"3,021.00","1,387.00",,
2022/01/03,197,SICL,62.02,1736.0,1770.0,1715.1,1750.0,"1,750.00",0.0,0.0,"1,739.33","38,932.00","1,702.00","67,715,449.70",481,48.0,54.90,2.82,3.2,0.61,"3,021.00","1,387.00",,
2022/01/04,200,SICL,55.95,1751.0,1755.0,1730.0,1736.0,"1,736.00",0.0,0.0,"1,744.97","15,126.00","1,750.00","26,394,442.60",257,-14.0,25.00,-0.8,1.45,-0.52,"3,021.00","1,387.00",,
2022/01/05,202,SICL,60.61,1745.0,1765.0,1722.0,1740.0,"1,740.00",0.0,0.0,"1,744.32","31,867.00","1,736.00","55,586,329.70",289,4.0,43.0,0.23,2.5,-0.25,"3,021.00","1,387.00",,
2022/01/06,272,SICL,30.43,639.1,650.0,639.0,644.0,644.00,0.0,0.0,642.00,"11,244.00",652.10,"7,218,650.10",106,-8.1,11.0,-1.24,1.72,0.31,905.00,588.80,757.69,772.49
2022/01/09,205,SICL,48.51,1755.0,1800.0,1755.0,1765.0,"1,765.00",0.0,0.0,"1,771.74","19,425.00","1,740.00","34,415,967.10",352,25.0,45.00,1.44,2.56,-0.38,"3,021.00","1,387.00",,
2022/01/10,203,SICL,53.2,1767.0,1797.0,1765.0,1777.0,"1,777.00",0.0,0.0,"1,779.34","22,040.00","1,765.00","39,216,658.40",247,12.0,32.00,0.68,1.81,-0.13,"3,021.00","1,387.00",,
2022/01/11,198,SICL,59.14,1778.0,1839.0,1778.0,1830.0,"1,830.00",0.0,0.0,"1,820.15","45,516.00","1,777.00","82,845,962.80",520,53.0,61.00,2.98,3.43,0.54,"3,021.00","1,387.00",,
2022/01/12,196,SICL,53.83,1834.0,1855.0,1780.0,1795.0,"1,795.00",0.0,0.0,"1,823.63","30,054.00","1,830.00","54,807,511.30",391,-35.0,75.00,-1.91,4.21,-1.6,"3,021.00","1,387.00",,
2021/11/25,198,SICL,44.27,1711.5,1725.0,1670.0,1717.0,"1,717.00",0.0,0.0,"1,702.92","10,788.00","1,709.90","18,371,113.40",170,7.1,55.0,0.42,3.29,0.82,"3,021.00","1,572.00",,
2021/11/28,200,SICL,45.94,1701.0,1710.0,1644.0,1650.0,"1,650.00",0.0,0.0,"1,663.85","19,694.00","1,717.00","32,767,932.70",327,-67.0,66.0,-3.9,4.01,-0.84,"3,021.00","1,572.00",,
2021/11/29,195,SICL,45.8,1630.0,1683.0,1619.0,1644.0,"1,644.00",0.0,0.0,"1,635.19","14,160.00","1,650.00","23,154,240.60",259,-6.0,64.0,-0.36,3.95,0.54,"3,021.00","1,572.00",,
2021/11/30,192,SICL,42.59,1650.0,1665.0,1634.0,1650.0,"1,650.00",0.0,0.0,"1,646.14","3,876.00","1,644.00","6,380,423.90",99,6.0,31.0,0.36,1.9,0.23,"3,021.00","1,572.00",,
2021/12/01,190,SICL,48.93,1660.0,1683.0,1646.0,1675.0,"1,675.00",0.0,0.0,"1,672.81","12,627.00","1,650.00","21,122,594.50",126,25.0,37.0,1.52,2.25,0.13,"3,021.00","1,572.00",,
2021/12/02,196,SICL,50.52,1675.0,1706.0,1651.0,1652.0,"1,652.00",0.0,0.0,"1,670.48","7,973.00","1,675.00","13,318,756.10",147,-23.0,55.0,-1.37,3.33,-1.12,"3,021.00","1,572.00",,
2021/12/05,192,SICL,49.95,1643.0,1643.0,1620.0,1635.0,"1,635.00",0.0,0.0,"1,627.13","15,166.00","1,652.00","24,677,051.70",213,-17.0,23.0,-1.03,1.42,0.48,"3,021.00","1,572.00",,
2021/12/06,192,SICL,48.95,1616.0,1650.0,1579.0,1636.0,"1,636.00",0.0,0.0,"1,614.80","11,674.00","1,635.00","18,851,183.20",239,1.0,71.00,0.06,4.5,1.3,"3,021.00","1,572.00",,
2021/12/07,197,SICL,43.01,1636.0,1660.0,1590.0,1619.0,"1,619.00",0.0,0.0,"1,629.48","8,529.00","1,636.00","13,897,868.90",155,-17.0,70.00,-1.04,4.4,-0.65,"3,021.00","1,572.00",,
2021/12/08,192,SICL,42.25,1587.0,1618.7,1579.9,1585.0,"1,585.00",0.0,0.0,"1,587.85","13,203.00","1,619.00","20,964,367.30",233,-34.0,38.80,-2.1,2.46,-0.18,"3,021.00","1,572.00",,
2021/12/09,197,SICL,39.66,1608.0,1608.0,1561.0,1586.0,"1,586.00",0.0,0.0,"1,574.26","9,241.00","1,585.00","14,547,702.60",182,1.0,47.0,0.06,3.01,0.74,"3,021.00","1,561.00",,
2021/12/12,195,SICL,35.88,1600.0,1600.0,1503.0,1508.0,"1,508.00",0.0,0.0,"1,544.01","15,041.00","1,586.00","23,223,528.20",288,-78.00,97.00,-4.92,6.45,-2.39,"3,021.00","1,503.00",,
2021/12/13,200,SICL,38.61,1478.0,1478.0,1387.0,1425.0,"1,425.00",0.0,0.0,"1,426.85","22,592.00","1,508.00","32,235,474.60",470,-83.00,91.00,-5.5,6.56,-0.13,"3,021.00","1,387.00",,
2021/12/14,188,SICL,39.53,1450.0,1500.0,1425.0,1498.9,"1,498.90",0.0,0.0,"1,479.36","7,539.00","1,425.00","11,152,862.60",140,73.90,75.00,5.19,5.26,1.3,"3,021.00","1,387.00",,
2021/12/15,194,SICL,43.65,1528.0,1585.0,1469.0,1525.0,"1,525.00",0.0,0.0,"1,516.01","20,683.00","1,498.90","31,355,726.00",312,26.1,116.0,1.74,7.9,0.59,"3,021.00","1,387.00",,
2021/12/16,191,SICL,43.1,1552.9,1553.0,1470.0,1497.0,"1,497.00",0.0,0.0,"1,483.07","6,895.00","1,525.00","10,225,755.50",147,-28.0,83.0,-1.84,5.65,0.93,"3,021.00","1,387.00",,
2021/10/28,190,SICL,56.23,1799.0,1808.0,1780.0,1793.0,"1,793.00",0.0,0.0,"1,793.91","9,321.00","1,801.00","16,721,075.10",187,-8.0,28.0,-0.44,1.57,-0.05,"3,021.00","1,334.00",,
2021/10/31,199,SICL,58.23,1815.0,1835.0,1790.0,1834.0,"1,834.00",0.0,0.0,"1,814.73","9,954.00","1,793.00","18,063,826.00",175,41.00,45.00,2.29,2.51,1.05,"3,021.00","1,372.00",,
2021/11/01,193,SICL,52.78,1870.0,1870.0,1820.0,1823.0,"1,823.00",0.0,0.0,"1,836.71","12,924.00","1,834.00","23,737,652.70",199,-11.0,50.0,-0.6,2.75,-0.75,"3,021.00","1,372.00",,
2021/11/02,198,SICL,54.38,1795.0,1826.0,1794.0,1825.0,"1,825.00",0.0,0.0,"1,809.12","11,842.00","1,823.00","21,423,607.50",167,2.0,32.0,0.11,1.78,0.87,"3,021.00","1,372.00",,
2021/11/03,197,SICL,55.28,1861.0,1861.0,1832.0,1846.0,"1,846.00",0.0,0.0,"1,847.00","9,177.00","1,825.00","16,949,910.00",153,21.0,29.0,1.15,1.58,-0.05,"3,021.00","1,372.00",,
2021/11/08,197,SICL,50.34,1846.1,1857.0,1800.0,1815.0,"1,815.00",0.0,0.0,"1,821.73","9,148.00","1,846.00","16,665,143.40",133,-31.0,57.0,-1.68,3.17,-0.37,"3,021.00","1,372.00",,
2021/11/09,192,SICL,47.35,1800.0,1800.0,1747.0,1765.2,"1,765.20",0.0,0.0,"1,766.28","13,448.00","1,815.00","23,752,873.80",267,-49.8,53.0,-2.74,3.03,-0.06,"3,021.00","1,401.00",,
2021/11/11,193,SICL,43.5,1743.0,1790.0,1700.0,1717.0,"1,717.00",0.0,0.0,"1,720.41","10,160.00","1,765.20","17,479,408.30",197,-48.2,90.0,-2.73,5.29,-0.2,"3,021.00","1,417.00",,
2021/11/14,198,SICL,41.76,1730.0,1740.0,1705.0,1729.1,"1,729.10",0.0,0.0,"1,727.25","8,269.00","1,717.00","14,282,611.30",127,12.10,35.00,0.7,2.05,0.11,"3,021.00","1,475.00",,
2021/11/15,197,SICL,50.02,1763.0,1763.0,1735.0,1750.0,"1,750.00",0.0,0.0,"1,743.51","6,627.00","1,729.10","11,554,259.00",108,20.90,28.00,1.21,1.61,0.37,"3,021.00","1,475.00",,
2021/11/16,195,SICL,42.89,1750.0,1756.9,1715.0,1735.0,"1,735.00",0.0,0.0,"1,738.36","9,486.00","1,750.00","16,490,085.00",163,-15.00,41.90,-0.86,2.44,-0.19,"3,021.00","1,475.00",,
2021/11/17,192,SICL,58.05,1750.0,1784.0,1750.0,1759.0,"1,759.00",0.0,0.0,"1,766.23","6,401.00","1,735.00","11,305,652.40",132,24.00,34.00,1.38,1.94,-0.41,"3,021.00","1,475.00",,
2021/11/18,191,SICL,49.55,1730.1,1764.0,1730.1,1736.0,"1,736.00",0.0,0.0,"1,743.92","8,037.00","1,759.00","14,015,851.50",137,-23.0,33.9,-1.31,1.96,-0.46,"3,021.00","1,475.00",,
2021/11/21,194,SICL,41.39,1760.0,1760.0,1730.0,1736.2,"1,736.20",0.0,0.0,"1,739.52","7,387.00","1,736.00","12,849,816.50",121,0.2,30.0,0.01,1.73,-0.19,"3,021.00","1,500.00",,
2021/11/22,194,SICL,44.95,1760.0,1760.0,1740.0,1740.0,"1,740.00",0.0,0.0,"1,749.76","6,531.00","1,736.20","11,427,678.50",118,3.8,20.0,0.22,1.15,-0.56,"3,021.00","1,500.00",,
2021/11/23,195,SICL,41.12,1730.0,1740.0,1713.0,1722.0,"1,722.00",0.0,0.0,"1,726.19","7,719.00","1,740.00","13,324,457.10",149,-18.0,27.0,-1.03,1.58,-0.24,"3,021.00","1,500.00",,
2021/09/29,195,SICL,45.46,1658.0,1689.1,1640.0,1689.0,"1,689.00",0.0,0.0,"1,660.48","16,051.00","1,659.90","26,652,382.40",275,29.1,49.1,1.75,2.99,1.69,"3,021.00","1,307.00",,
2021/09/30,191,SICL,44.81,1714.0,1720.0,1685.0,1692.0,"1,692.00",0.0,0.0,"1,702.52","14,066.00","1,689.00","23,947,693.60",252,3.0,35.0,0.18,2.08,-0.62,"3,021.00","1,307.00",,
2021/10/03,198,SICL,45.45,1692.0,1696.0,1646.0,1655.0,"1,655.00",0.0,0.0,"1,664.61","21,480.00","1,692.00","35,755,823.00",248,-37.0,50.0,-2.19,3.04,-0.58,"3,021.00","1,315.00",,
2021/10/04,196,SICL,46.72,1638.0,1684.0,1625.0,1662.0,"1,662.00",0.0,0.0,"1,653.74","11,190.00","1,655.00","18,505,354.50",187,7.0,59.0,0.42,3.63,0.5,"3,021.00","1,315.00",,
2021/10/05,191,SICL,55.39,1694.9,1734.0,1652.0,1727.0,"1,727.00",0.0,0.0,"1,700.98","25,871.00","1,662.00","44,006,058.60",238,65.0,82.0,3.91,4.96,1.51,"3,021.00","1,315.00",,
2021/10/06,196,SICL,55.27,1750.0,1800.0,1720.0,1800.0,"1,800.00",0.0,0.0,"1,749.29","17,557.00","1,727.00","30,712,369.30",295,73.0,80.0,4.23,4.65,2.82,"3,021.00","1,315.00",,
2021/10/10,187,SICL,55.54,1820.0,1840.0,1745.0,1750.0,"1,750.00",0.0,0.0,"1,776.33","23,971.00","1,800.00","42,580,494.30",349,-50.0,95.0,-2.78,5.44,-1.5,"3,021.00","1,315.00",,
2021/10/11,186,SICL,52.62,1730.0,1732.1,1700.0,1720.0,"1,720.00",0.0,0.0,"1,719.64","14,183.00","1,750.00","24,389,647.50",242,-30.0,32.1,-1.71,1.89,0.02,"3,021.00","1,315.00",,
2021/10/17,187,SICL,48.31,1754.0,1754.0,1700.0,1730.0,"1,730.00",0.0,0.0,"1,720.17","3,410.00","1,720.00","5,865,775.00",85,10.0,54.0,0.58,3.18,0.57,"3,021.00","1,319.00",,
2021/10/18,187,SICL,37.64,1700.0,1720.0,1670.0,1689.0,"1,689.00",0.0,0.0,"1,691.93","9,963.00","1,730.00","16,856,708.50",208,-41.0,50.0,-2.37,2.99,-0.17,"3,021.00","1,319.00",,
2021/10/19,272,SICL,30.43,639.1,650.0,639.0,644.0,644.00,0.0,0.0,642.00,"11,244.00",652.10,"7,218,650.10",106,-8.1,11.0,-1.24,1.72,0.31,905.00,588.80,757.69,772.49
2021/10/20,186,SICL,41.1,1667.7,1729.9,1650.0,1655.0,"1,655.00",0.0,0.0,"1,663.63","8,672.00","1,635.00","14,426,965.60",146,20.0,79.9,1.22,4.84,-0.52,"3,021.00","1,334.00",,
2021/10/21,185,SICL,41.35,1656.0,1675.0,1640.0,1660.0,"1,660.00",0.0,0.0,"1,656.57","17,409.00","1,655.00","28,839,237.60",185,5.00,35.0,0.3,2.13,0.21,"3,021.00","1,334.00",,
2021/10/24,193,SICL,41.39,1654.0,1670.0,1650.0,1668.0,"1,668.00",0.0,0.0,"1,662.32","7,803.00","1,660.00","12,971,061.50",132,8.0,20.0,0.48,1.21,0.34,"3,021.00","1,334.00",,
2021/10/25,196,SICL,52.68,1701.0,1722.5,1690.0,1721.0,"1,721.00",0.0,0.0,"1,714.13","8,634.00","1,668.00","14,799,796.20",211,53.0,32.5,3.18,1.92,0.4,"3,021.00","1,334.00",,
2021/10/26,196,SICL,57.13,1754.0,1800.0,1737.0,1794.0,"1,794.00",0.0,0.0,"1,781.22","14,477.00","1,721.00","25,786,747.90",264,73.0,63.0,4.24,3.63,0.71,"3,021.00","1,334.00",,
2021/09/06,193,SICL,56.9,1820.0,1910.0,1800.0,1910.0,"1,910.00",0.0,0.0,"1,860.04","21,508.00","1,811.50","40,005,687.70",449,98.5,110.0,5.44,6.11,2.62,"3,021.00","1,307.00",,
2021/09/07,190,SICL,50.28,1910.0,1945.0,1845.4,1889.0,"1,889.00",0.0,0.0,"1,888.95","14,460.00","1,910.00","27,314,198.00",288,-21.0,99.6,-1.1,5.4,0.0,"3,021.00","1,307.00",,
2021/09/08,192,SICL,48.94,1868.0,1885.0,1825.0,1829.0,"1,829.00",0.0,0.0,"1,844.73","20,139.00","1,889.00","37,151,057.50",373,-60.0,60.0,-3.18,3.29,-0.86,"3,021.00","1,307.00",,
2021/09/09,198,SICL,59.77,1829.0,1865.0,1800.0,1840.0,"1,840.00",0.0,0.0,"1,826.71","38,117.00","1,829.00","69,628,893.70",339,11.0,65.0,0.6,3.61,0.72,"3,021.00","1,307.00",,
2021/09/10,272,SICL,30.43,639.1,650.0,639.0,644.0,644.00,0.0,0.0,642.00,"11,244.00",652.10,"7,218,650.10",106,-8.1,11.0,-1.24,1.72,0.31,905.00,588.80,757.69,772.49
2021/09/12,199,SICL,50.01,1875.0,1911.0,1844.0,1859.0,"1,859.00",0.0,0.0,"1,859.30","20,151.00","1,840.00","37,466,788.50",343,19.00,67.00,1.03,3.63,-0.02,"3,021.00","1,307.00",,
2021/09/13,194,SICL,54.3,1895.0,1895.0,1866.0,1875.0,"1,875.00",0.0,0.0,"1,875.07","9,736.00","1,859.00","18,255,700.40",217,16.0,29.00,0.86,1.55,0.0,"3,021.00","1,307.00",,
2021/09/14,191,SICL,54.65,1875.0,1897.0,1845.0,1865.0,"1,865.00",0.0,0.0,"1,863.54","9,268.00","1,875.00","17,271,334.70",184,-10.00,52.0,-0.53,2.82,0.08,"3,021.00","1,307.00",,
2021/09/15,191,SICL,51.42,1860.0,1875.0,1835.0,1845.0,"1,845.00",0.0,0.0,"1,843.88","15,842.00","1,865.00","29,210,716.50",208,-20.00,40.0,-1.07,2.18,0.06,"3,021.00","1,307.00",,
2021/09/16,197,SICL,48.35,1841.5,1841.5,1788.5,1794.0,"1,794.00",0.0,0.0,"1,800.91","24,543.00","1,845.00","44,199,685.50",510,-51.0,53.0,-2.76,2.96,-0.39,"3,021.00","1,307.00",,
2021/09/20,193,SICL,44.26,1825.0,1825.0,1707.0,1725.0,"1,725.00",0.0,0.0,"1,743.02","32,225.00","1,794.00","56,168,667.20",590,-69.0,118.0,-3.85,6.91,-1.04,"3,021.00","1,307.00",,
2021/09/21,189,SICL,45.0,1705.0,1800.0,1667.0,1735.0,"1,735.00",0.0,0.0,"1,732.34","27,449.00","1,725.00","47,551,047.10",488,10.0,133.00,0.58,7.98,0.15,"3,021.00","1,307.00",,
2021/09/22,185,SICL,49.09,1769.0,1800.0,1745.0,1780.0,"1,780.00",0.0,0.0,"1,779.96","16,895.00","1,735.00","30,072,483.90",281,45.0,55.00,2.59,3.15,0.0,"3,021.00","1,307.00",,
2021/09/23,196,SICL,50.64,1815.0,1815.0,1781.0,1785.0,"1,785.00",0.0,0.0,"1,791.07","14,711.00","1,780.00","26,348,368.00",270,5.00,34.0,0.28,1.91,-0.34,"3,021.00","1,307.00",,
2021/09/26,202,SICL,50.43,1800.0,1800.0,1755.0,1755.0,"1,755.00",0.0,0.0,"1,777.61","10,823.00","1,785.00","19,239,099.20",184,-30.0,45.0,-1.68,2.56,-1.29,"3,021.00","1,307.00",,
2021/09/27,196,SICL,45.22,1755.0,1755.0,1692.0,1696.0,"1,696.00",0.0,0.0,"1,706.58","16,544.00","1,755.00","28,233,599.20",348,-59.0,63.0,-3.36,3.72,-0.62,"3,021.00","1,307.00",,
2021/08/09,190,SICL,55.41,2079.2,2079.2,2020.0,2040.0,"2,040.00",0.0,0.0,"2,038.41","24,640.00","2,038.50","50,226,479.50",402,1.5,59.2,0.07,2.93,0.08,"3,021.00","1,161.00",,
2021/08/10,191,SICL,59.17,2045.0,2065.0,2034.0,2050.0,"2,050.00",0.0,0.0,"2,047.68","23,635.00","2,040.00","48,396,833.50",360,10.0,31.0,0.49,1.52,0.11,"3,021.00","1,203.00",,
2021/08/11,195,SICL,57.89,2050.0,2063.0,2050.0,2057.0,"2,057.00",0.0,0.0,"2,056.80","20,727.00","2,050.00","42,631,250.30",326,7.00,13.0,0.34,0.63,0.01,"3,021.00","1,208.00",,
2021/08/12,190,SICL,57.79,2046.0,2065.0,2046.0,2051.0,"2,051.00",0.0,0.0,"2,054.70","24,011.00","2,057.00","49,335,302.20",373,-6.0,19.0,-0.29,0.93,-0.18,"3,021.00","1,208.00",,
2021/08/15,189,SICL,36.81,2051.0,2060.0,2020.0,2025.0,"2,025.00",0.0,0.0,"2,033.02","49,992.00","2,051.00","101,634,821.90",698,-26.0,40.00,-1.27,1.98,-0.4,"3,021.00","1,208.00",,
2021/08/16,191,SICL,53.56,2035.0,2040.0,1996.0,1998.0,"1,998.00",0.0,0.0,"2,013.66","38,683.00","2,025.00","77,894,397.80",600,-27.0,44.0,-1.33,2.2,-0.78,"3,021.00","1,208.00",,
2021/08/17,186,SICL,53.60,2019.0,2019.0,1980.0,1982.0,"1,982.00",0.0,0.0,"1,997.46","34,755.00","1,998.00","69,421,730.20",542,-16.0,39.0,-0.8,1.97,-0.78,"3,021.00","1,218.00",,
2021/08/18,194,SICL,51.86,1982.0,2000.0,1979.0,1979.0,"1,979.00",0.0,0.0,"1,986.21","26,318.00","1,982.00","52,272,954.20",483,-3.0,21.00,-0.15,1.06,-0.36,"3,021.00","1,220.00",,
2021/08/19,195,SICL,69.62,1975.0,2086.0,1970.0,2028.0,"2,028.00",0.0,0.0,"2,041.12","41,506.00","1,979.00","84,718,733.10",674,49.0,116.00,2.48,5.89,-0.65,"3,021.00","1,220.00",,
2021/08/24,193,SICL,64.88,2068.0,2089.5,2029.0,2030.0,"2,030.00",0.0,0.0,"2,047.02","20,502.00","2,028.00","41,968,103.50",427,2.0,60.5,0.1,2.98,-0.84,"3,021.00","1,231.00",,
2021/08/25,194,SICL,62.21,2030.0,2030.0,1995.0,1995.0,"1,995.00",0.0,0.0,"2,005.56","14,003.00","2,030.00","28,083,829.10",302,-35.0,35.0,-1.72,1.75,-0.53,"3,021.00","1,231.00",,
2021/08/26,199,SICL,61.04,1995.0,2020.0,1975.0,1980.0,"1,980.00",0.0,0.0,"1,985.91","23,861.00","1,995.00","47,385,747.20",457,-15.0,45.0,-0.75,2.28,-0.3,"3,021.00","1,235.00",,
2021/08/29,194,SICL,52.16,2013.0,2015.0,1955.0,1969.0,"1,969.00",0.0,0.0,"1,970.09","22,866.00","1,980.00","45,048,024.80",431,-11.0,60.0,-0.56,3.07,-0.06,"3,021.00","1,235.00",,
2021/08/31,194,SICL,45.06,1960.0,1975.0,1930.0,1930.0,"1,930.00",0.0,0.0,"1,939.50","18,220.00","1,969.00","35,337,713.20",381,-39.0,45.0,-1.98,2.33,-0.49,"3,021.00","1,246.00",,
2021/09/01,195,SICL,45.24,1930.0,1951.0,1910.0,1911.0,"1,911.00",0.0,0.0,"1,928.75","19,160.00","1,930.00","36,954,924.50",349,-19.0,41.0,-0.98,2.15,-0.93,"3,021.00","1,282.00",,
2021/09/02,197,SICL,47.46,1914.0,1925.0,1880.0,1881.0,"1,881.00",0.0,0.0,"1,898.67","24,633.00","1,911.00","46,769,932.30",464,-30.0,45.0,-1.57,2.39,-0.94,"3,021.00","1,282.00",,
2021/07/14,184,SICL,59.79,1975.0,1985.0,1950.0,1963.0,"1,963.00",0.0,0.0,"1,956.33","18,276.00","1,955.00","35,753,832.00",257,8.0,35.0,0.41,1.79,0.34,"3,021.00",999.00,,
2021/07/15,189,SICL,57.98,1966.0,1975.0,1947.0,1952.0,"1,952.00",0.0,0.0,"1,956.03","28,977.00","1,963.00","56,679,946.00",451,-11.0,28.0,-0.56,1.44,-0.21,"3,021.00","1,000.00",,
2021/07/18,187,SICL,71.69,1980.0,2020.0,1970.0,2020.0,"2,020.00",0.0,0.0,"1,998.89","30,566.00","1,952.00","61,098,222.50",439,68.0,50.0,3.48,2.54,1.04,"3,021.00","1,034.00",,
2021/07/19,186,SICL,69.57,2050.0,2094.0,2035.0,2062.9,"2,062.90",0.0,0.0,"2,061.48","33,682.00","2,020.00","69,434,653.30",439,42.9,59.0,2.12,2.9,0.07,"3,021.00","1,034.00",,
2021/07/20,187,SICL,67.76,2094.9,2094.9,2039.0,2048.0,"2,048.00",0.0,0.0,"2,053.65","26,457.00","2,062.90","54,333,331.50",399,-14.90,55.90,-0.72,2.74,-0.28,"3,021.00","1,034.00",,
2021/07/22,189,SICL,62.07,2085.0,2088.0,2035.2,2040.0,"2,040.00",0.0,0.0,"2,049.58","32,128.00","2,048.00","65,848,862.60",536,-8.0,52.80,-0.39,2.59,-0.47,"3,021.00","1,090.00",,
2021/07/25,190,SICL,75.98,2060.0,2078.0,2020.0,2029.8,"2,029.80",0.0,0.0,"2,040.99","42,093.00","2,040.00","85,911,192.30",598,-10.2,58.00,-0.5,2.87,-0.55,"3,021.00","1,161.00",,
2021/07/26,191,SICL,56.39,2036.0,2060.0,2028.5,2035.0,"2,035.00",0.0,0.0,"2,036.56","31,140.00","2,029.80","63,418,483.90",461,5.2,31.50,0.26,1.55,-0.08,"3,021.00","1,161.00",,
2021/07/27,192,SICL,54.58,2034.0,2048.0,2024.0,2028.0,"2,028.00",0.0,0.0,"2,034.72","30,316.00","2,035.00","61,684,711.20",424,-7.0,24.00,-0.34,1.19,-0.33,"3,021.00","1,161.00",,
2021/07/28,187,SICL,72.74,2058.0,2109.8,2035.0,2100.0,"2,100.00",0.0,0.0,"2,067.56","71,998.00","2,028.00","148,859,847.20",619,72.0,74.80,3.55,3.68,1.54,"3,021.00","1,161.00",,
2021/07/29,185,SICL,69.09,2142.0,2142.0,2080.0,2080.0,"2,080.00",0.0,0.0,"2,103.43","40,770.00","2,100.00","85,756,702.40",586,-20.0,62.0,-0.95,2.98,-1.13,"3,021.00","1,161.00",,
2021/08/01,191,SICL,64.75,2095.0,2099.0,2050.0,2055.0,"2,055.00",0.0,0.0,"2,068.35","33,869.00","2,080.00","70,053,010.00",454,-25.0,49.00,-1.2,2.39,-0.65,"3,021.00","1,161.00",,
2021/08/02,191,SICL,64.28,2089.0,2096.0,2040.0,2048.0,"2,048.00",0.0,0.0,"2,053.91","30,507.00","2,055.00","62,658,532.00",407,-7.0,56.0,-0.34,2.75,-0.29,"3,021.00","1,161.00",,
2021/08/03,188,SICL,55.27,2080.0,2080.0,2039.0,2042.0,"2,042.00",0.0,0.0,"2,047.56","29,911.00","2,048.00","61,244,624.50",366,-6.0,41.0,-0.29,2.01,-0.27,"3,021.00","1,161.00",,
2021/08/04,191,SICL,54.89,2075.0,2076.0,2036.0,2040.0,"2,040.00",0.0,0.0,"2,043.71","36,481.00","2,042.00","74,556,450.80",481,-2.0,40.0,-0.1,1.96,-0.18,"3,021.00","1,161.00",,
2021/08/05,191,SICL,53.85,2048.0,2052.0,2032.0,2041.0,"2,041.00",0.0,0.0,"2,041.13","27,470.00","2,040.00","56,069,798.40",482,1.0,20.0,0.05,0.98,-0.01,"3,021.00","1,161.00",,
2021/06/21,272,SICL,30.43,639.1,650.0,639.0,644.0,644.00,0.0,0.0,642.00,"11,244.00",652.10,"7,218,650.10",106,-8.1,11.0,-1.24,1.72,0.31,905.00,588.80,757.69,772.49
2021/06/22,192,SICL,49.26,2021.0,2120.0,2020.0,2078.0,"2,078.00",0.0,0.0,"2,065.54","33,157.00","2,018.00","68,487,148.00",653,60.0,100.0,2.97,4.95,0.6,"3,021.00",725.00,,
2021/06/23,186,SICL,45.79,2061.0,2098.0,2035.0,2040.0,"2,040.00",0.0,0.0,"2,053.39","31,090.00","2,078.00","63,839,923.00",531,-38.0,63.00,-1.83,3.1,-0.66,"3,021.00",725.00,,
2021/06/24,185,SICL,44.02,2062.0,2080.0,2011.0,2019.0,"2,019.00",0.0,0.0,"2,022.23","27,300.00","2,040.00","55,206,852.00",513,-21.00,69.0,-1.03,3.43,-0.16,"3,021.00",725.00,,
2021/06/27,193,SICL,53.65,2030.0,2060.0,1990.0,2015.0,"2,015.00",0.0,0.0,"2,016.08","18,388.00","2,019.00","37,071,755.00",433,-4.0,70.0,-0.2,3.52,-0.05,"3,021.00",725.00,,
2021/06/28,185,SICL,41.01,2043.0,2044.0,2010.0,2016.0,"2,016.00",0.0,0.0,"2,022.20","15,524.00","2,015.00","31,392,674.00",322,1.0,34.0,0.05,1.69,-0.31,"3,021.00",725.00,,
2021/06/29,191,SICL,43.41,2039.0,2039.0,2001.0,2004.0,"2,004.00",0.0,0.0,"2,009.93","18,232.00","2,016.00","36,645,109.00",324,-12.0,38.0,-0.6,1.9,-0.3,"3,021.00",725.00,,
2021/06/30,187,SICL,50.92,1992.0,2005.0,1981.0,1989.0,"1,989.00",0.0,0.0,"1,991.31","17,414.00","2,004.00","34,676,754.00",386,-15.0,24.0,-0.75,1.21,-0.12,"3,021.00",825.00,,
2021/07/01,190,SICL,53.99,1990.0,2015.0,1950.0,1985.0,"1,985.00",0.0,0.0,"1,989.58","24,585.00","1,989.00","48,913,898.00",494,-4.0,65.0,-0.2,3.33,-0.23,"3,021.00",887.00,,
2021/07/04,190,SICL,50.53,2010.0,2015.0,1975.0,1982.0,"1,982.00",0.0,0.0,"1,985.99","17,695.00","1,985.00","35,142,065.00",311,-3.0,40.0,-0.15,2.03,-0.2,"3,021.00",887.00,,
2021/07/05,192,SICL,52.41,2015.0,2015.0,1945.0,1960.0,"1,960.00",0.0,0.0,"1,963.20","26,942.00","1,982.00","52,892,558.00",518,-22.0,70.00,-1.11,3.6,-0.16,"3,021.00",887.00,,
2021/07/06,187,SICL,51.54,1961.0,1980.0,1950.0,1960.0,"1,960.00",0.0,0.0,"1,961.01","20,185.00","1,960.00","39,582,968.00",300,0.00,30.00,0.0,1.54,-0.05,"3,021.00",913.00,,
2021/07/07,190,SICL,50.23,1960.0,1960.0,1928.0,1935.0,"1,935.00",0.0,0.0,"1,941.68","21,545.00","1,960.00","41,833,563.00",411,-25.0,32.00,-1.28,1.66,-0.35,"3,021.00",965.00,,
2021/07/08,191,SICL,53.96,1940.0,1950.0,1925.0,1932.0,"1,932.00",0.0,0.0,"1,938.27","25,406.00","1,935.00","49,243,647.00",404,-3.00,25.0,-0.16,1.3,-0.32,"3,021.00",965.00,,
2021/07/11,193,SICL,64.63,2000.0,2000.0,1945.0,1989.0,"1,989.00",0.0,0.0,"1,967.76","37,895.00","1,932.00","74,568,213.00",560,57.0,55.0,2.95,2.83,1.07,"3,021.00",999.00,,
2021/07/12,194,SICL,60.86,2000.0,2020.0,1950.0,1969.0,"1,969.00",0.0,0.0,"1,981.90","40,044.00","1,989.00","79,363,129.00",627,-20.0,70.0,-1.01,3.59,-0.66,"3,021.00",999.00,,
2021/05/27,182,SICL,61.06,2119.0,2119.0,2051.0,2085.0,"2,085.00",0.0,0.0,"2,093.35","51,612.00","2,119.00","108,041,951.00","1,014",-34.00,68.00,-1.6,3.32,-0.4,"3,021.00",725.00,,
2021/05/30,185,SICL,61.22,2110.0,2125.0,2070.0,2070.0,"2,070.00",0.0,0.0,"2,087.28","46,163.00","2,085.00","96,354,973.00",791,-15.0,55.00,-0.72,2.66,-0.83,"3,021.00",725.00,,
2021/05/31,185,SICL,58.95,2080.0,2097.0,2035.0,2040.0,"2,040.00",0.0,0.0,"2,064.23","53,047.00","2,070.00","109,501,344.00",755,-30.00,62.00,-1.45,3.05,-1.19,"3,021.00",725.00,,
2021/06/01,184,SICL,56.83,2050.0,2050.0,2006.0,2019.0,"2,019.00",0.0,0.0,"2,022.99","41,556.00","2,040.00","84,067,562.00",791,-21.0,44.0,-1.03,2.19,-0.2,"3,021.00",725.00,,
2021/06/02,185,SICL,70.63,2100.0,2152.0,2030.0,2148.0,"2,148.00",0.0,0.0,"2,120.06","98,688.00","2,019.00","209,224,607.00","1,873",129.00,122.00,6.39,6.01,1.3,"3,021.00",725.00,,
2021/06/03,184,SICL,70.28,2160.0,2200.0,2150.0,2154.0,"2,154.00",0.0,0.0,"2,177.15","63,685.00","2,148.00","138,651,854.00","1,104",6.0,50.00,0.28,2.33,-1.07,"3,021.00",725.00,,
2021/06/06,185,SICL,63.37,2261.0,2261.0,2110.0,2110.0,"2,110.00",0.0,0.0,"2,122.85","35,966.00","2,154.00","76,350,273.00",697,-44.0,151.00,-2.04,7.16,-0.61,"3,021.00",725.00,,
2021/06/07,187,SICL,64.84,2100.0,2145.0,2088.0,2126.0,"2,126.00",0.0,0.0,"2,121.16","67,327.00","2,110.00","142,811,371.00",505,16.0,57.0,0.76,2.73,0.23,"3,021.00",725.00,,
2021/06/08,185,SICL,55.09,2168.0,2168.0,2115.0,2145.0,"2,145.00",0.0,0.0,"2,137.13","29,501.00","2,126.00","63,047,384.00",483,19.0,53.0,0.89,2.51,0.37,"3,021.00",725.00,,
2021/06/09,188,SICL,52.12,2170.0,2185.0,2125.0,2125.0,"2,125.00",0.0,0.0,"2,144.12","29,480.00","2,145.00","63,208,634.00",499,-20.0,60.0,-0.93,2.82,-0.9,"3,021.00",725.00,,
2021/06/10,187,SICL,55.86,2230.0,2230.0,2109.0,2114.0,"2,114.00",0.0,0.0,"2,119.57","26,919.00","2,125.00","57,056,825.00",542,-11.0,121.0,-0.52,5.74,-0.26,"3,021.00",725.00,,
2021/06/13,187,SICL,66.93,2114.0,2255.0,2114.0,2200.0,"2,200.00",0.0,0.0,"2,181.91","128,297.00","2,114.00","279,933,111.00","1,755",86.0,141.0,4.07,6.67,0.82,"3,021.00",725.00,,
2021/06/14,189,SICL,66.11,2300.0,2300.0,2205.0,2223.0,"2,223.00",0.0,0.0,"2,236.55","83,124.00","2,200.00","185,910,682.00","1,427",23.0,95.00,1.05,4.31,-0.61,"3,021.00",725.00,,
2021/06/15,192,SICL,69.59,2250.0,2250.0,2190.0,2199.0,"2,199.00",0.0,0.0,"2,216.08","39,207.00","2,223.00","86,885,824.00",738,-24.0,60.0,-1.08,2.74,-0.78,"3,021.00",725.00,,
2021/06/16,186,SICL,68.40,2200.0,2207.0,2137.0,2161.0,"2,161.00",0.0,0.0,"2,170.15","40,413.00","2,199.00","87,702,124.00",765,-38.0,70.00,-1.73,3.28,-0.42,"3,021.00",725.00,,
2021/06/17,189,SICL,51.42,2161.0,2161.0,2129.0,2129.0,"2,129.00",0.0,0.0,"2,141.27","39,950.00","2,161.00","85,543,862.00",708,-32.0,32.0,-1.48,1.5,-0.58,"3,021.00",725.00,,
2021/05/03,185,SICL,64.58,1980.0,1999.0,1909.0,1933.0,"1,933.00",0.0,0.0,"1,950.46","26,008.00","1,940.00","50,727,504.00",484,-7.0,90.0,-0.36,4.71,-0.9,"3,021.00",725.00,,
2021/05/04,181,SICL,64.43,1935.0,1949.0,1897.0,1921.0,"1,921.00",0.0,0.0,"1,919.64","10,811.00","1,933.00","20,753,273.00",228,-12.0,52.0,-0.62,2.74,0.07,"3,021.00",725.00,,
2021/05/05,185,SICL,61.45,1890.0,1929.0,1890.0,1911.0,"1,911.00",0.0,0.0,"1,920.04","9,076.00","1,921.00","17,426,325.00",170,-10.0,39.0,-0.52,2.06,-0.47,"3,021.00",725.00,,
2021/05/06,183,SICL,47.14,1902.0,1910.0,1884.0,1888.0,"1,888.00",0.0,0.0,"1,891.62","13,879.00","1,911.00","26,253,751.00",247,-23.0,26.00,-1.2,1.38,-0.19,"3,021.00",725.00,,
2021/05/09,185,SICL,47.06,1871.0,1890.0,1840.0,1860.0,"1,860.00",0.0,0.0,"1,872.28","11,868.00","1,888.00","22,220,207.00",221,-28.0,50.0,-1.48,2.72,-0.66,"3,021.00",725.00,,
2021/05/10,185,SICL,46.54,1840.0,1890.0,1840.0,1885.0,"1,885.00",0.0,0.0,"1,875.95","7,613.00","1,860.00","14,281,570.00",153,25.00,50.00,1.34,2.72,0.48,"3,021.00",725.00,,
2021/05/11,186,SICL,62.17,1880.0,1943.0,1880.0,1910.0,"1,910.00",0.0,0.0,"1,915.20","14,597.00","1,885.00","27,956,132.00",275,25.0,63.00,1.33,3.35,-0.27,"3,021.00",725.00,,
2021/05/12,183,SICL,65.77,1947.0,1947.0,1893.0,1902.0,"1,902.00",0.0,0.0,"1,901.88","12,888.00","1,910.00","24,511,400.00",230,-8.00,54.00,-0.42,2.85,0.01,"3,021.00",725.00,,
2021/05/13,184,SICL,68.96,1997.0,1997.0,1906.0,1935.0,"1,935.00",0.0,0.0,"1,936.28","30,959.00","1,902.00","59,945,325.00",646,33.0,91.00,1.74,4.77,-0.07,"3,021.00",725.00,,
2021/05/16,181,SICL,73.21,2031.0,2128.0,2011.0,2128.0,"2,128.00",0.0,0.0,"2,106.56","112,745.00","1,935.00","237,503,814.00","1,908",193.0,117.00,9.97,5.82,1.01,"3,021.00",725.00,,
2021/05/17,184,SICL,74.9,2234.0,2340.0,2181.0,2220.0,"2,220.00",0.0,0.0,"2,245.97","141,558.00","2,128.00","317,935,003.00","2,420",92.0,159.0,4.32,7.29,-1.17,"3,021.00",725.00,,
2021/05/18,181,SICL,72.29,2250.0,2250.0,2160.0,2199.0,"2,199.00",0.0,0.0,"2,201.83","49,183.00","2,220.00","108,292,529.00",943,-21.0,90.0,-0.95,4.17,-0.13,"3,021.00",725.00,,
2021/05/19,181,SICL,69.34,2200.0,2200.0,2132.0,2148.0,"2,148.00",0.0,0.0,"2,160.28","57,923.00","2,199.00","125,129,924.00","1,079",-51.0,68.0,-2.32,3.19,-0.57,"3,021.00",725.00,,
2021/05/20,181,SICL,57.72,2168.0,2170.0,2148.0,2149.0,"2,149.00",0.0,0.0,"2,152.56","34,188.00","2,148.00","73,591,735.00",601,1.0,22.0,0.05,1.02,-0.17,"3,021.00",725.00,,
2021/05/23,187,SICL,57.45,2100.0,2150.0,2080.0,2134.0,"2,134.00",0.0,0.0,"2,130.29","35,065.00","2,149.00","74,698,596.00",652,-15.0,70.0,-0.7,3.37,0.17,"3,021.00",725.00,,
2021/05/24,182,SICL,56.68,2040.0,2190.0,2040.0,2124.0,"2,124.00",0.0,0.0,"2,134.25","32,458.00","2,134.00","69,273,397.00",508,-10.0,150.00,-0.47,7.35,-0.48,"3,021.00",725.00,,
2021/04/06,181,SICL,59.95,2008.0,2008.0,1952.0,1957.0,"1,957.00",0.0,0.0,"1,960.42","20,822.00","1,969.00","40,819,923.00",332,-12.00,56.0,-0.61,2.87,-0.17,"3,021.00",725.00,,
2021/04/07,183,SICL,60.58,1990.0,1996.0,1920.0,1927.0,"1,927.00",0.0,0.0,"1,942.93","23,736.00","1,957.00","46,117,497.00",376,-30.0,76.0,-1.53,3.96,-0.83,"3,021.00",725.00,,
2021/04/08,176,SICL,60.35,1831.0,1978.0,1831.0,1933.0,"1,933.00",0.0,0.0,"1,940.76","20,929.00","1,927.00","40,618,232.00",322,6.0,147.0,0.31,8.03,-0.4,"3,021.00",725.00,,
2021/04/12,182,SICL,52.61,1950.0,1960.0,1912.0,1929.0,"1,929.00",0.0,0.0,"1,933.25","31,682.00","1,933.00","61,249,198.00",443,-4.0,48.0,-0.21,2.51,-0.22,"3,021.00",725.00,,
2021/04/13,175,SICL,49.28,1939.0,1950.0,1920.0,1920.0,"1,920.00",0.0,0.0,"1,927.72","14,475.00","1,929.00","27,903,792.00",274,-9.0,30.0,-0.47,1.56,-0.4,"3,021.00",725.00,,
2021/04/15,185,SICL,54.43,1920.0,1942.0,1915.0,1918.0,"1,918.00",0.0,0.0,"1,926.45","21,429.00","1,920.00","41,281,991.00",305,-2.0,27.0,-0.1,1.41,-0.44,"3,021.00",725.00,,
2021/04/18,175,SICL,49.34,1939.0,1940.0,1899.0,1901.0,"1,901.00",0.0,0.0,"1,908.87","18,021.00","1,918.00","34,399,811.00",313,-17.0,41.0,-0.89,2.16,-0.41,"3,021.00",725.00,,
2021/04/19,180,SICL,47.17,1899.0,1915.0,1881.0,1886.0,"1,886.00",0.0,0.0,"1,897.36","15,108.00","1,901.00","28,665,348.00",259,-15.0,34.0,-0.79,1.81,-0.6,"3,021.00",725.00,,
2021/04/20,181,SICL,50.56,1885.0,1900.0,1856.0,1878.0,"1,878.00",0.0,0.0,"1,880.76","19,879.00","1,886.00","37,387,671.00",290,-8.00,44.0,-0.42,2.37,-0.15,"3,021.00",725.00,,
2021/04/21,180,SICL,52.64,1870.0,1890.0,1845.0,1848.0,"1,848.00",0.0,0.0,"1,856.02","20,607.00","1,878.00","38,247,003.00",389,-30.00,45.0,-1.6,2.44,-0.43,"3,021.00",725.00,,
2021/04/22,181,SICL,55.76,1848.0,1850.0,1815.0,1843.0,"1,843.00",0.0,0.0,"1,835.64","20,662.00","1,848.00","37,927,943.00",386,-5.0,35.0,-0.27,1.93,0.4,"3,021.00",725.00,,
2021/04/25,182,SICL,54.56,1860.0,1860.0,1790.0,1791.0,"1,791.00",0.0,0.0,"1,802.05","39,759.00","1,843.00","71,647,646.00",684,-52.0,70.0,-2.82,3.91,-0.62,"3,021.00",725.00,,
2021/04/26,187,SICL,50.47,1766.0,1790.0,1745.0,1755.0,"1,755.00",0.0,0.0,"1,767.38","34,502.00","1,791.00","60,978,283.00",626,-36.0,45.0,-2.01,2.58,-0.71,"3,021.00",725.00,,
2021/04/27,184,SICL,59.73,1755.0,1820.0,1755.0,1819.0,"1,819.00",0.0,0.0,"1,796.17","25,450.00","1,755.00","45,712,400.00",422,64.0,65.0,3.65,3.7,1.26,"3,021.00",725.00,,
2021/04/28,181,SICL,54.72,1820.0,1858.0,1791.0,1832.0,"1,832.00",0.0,0.0,"1,833.84","10,849.00","1,819.00","19,895,335.00",239,13.00,67.0,0.71,3.74,-0.1,"3,021.00",725.00,,
2021/04/29,183,SICL,63.63,1828.0,1850.0,1821.0,1830.0,"1,830.00",0.0,0.0,"1,831.34","10,546.00","1,832.00","19,313,325.00",188,-2.0,29.0,-0.11,1.59,-0.07,"3,021.00",725.00,,
2021/03/14,176,SICL,42.33,2000.0,2000.0,1837.0,1841.0,"1,841.00",0.0,0.0,"1,872.94","58,602.00","1,970.00","109,757,779.00",940,-129.0,163.0,-6.55,8.87,-1.73,"3,021.00",725.00,,
2021/03/15,179,SICL,42.45,1830.0,1890.0,1777.0,1796.0,"1,796.00",0.0,0.0,"1,813.99","54,876.00","1,841.00","99,544,602.00",671,-45.0,113.00,-2.44,6.36,-1.0,"3,021.00",725.00,,
2021/03/16,184,SICL,41.37,1880.0,1880.0,1774.0,1798.0,"1,798.00",0.0,0.0,"1,794.37","27,426.00","1,796.00","49,212,496.00",409,2.00,106.00,0.11,5.98,0.2,"3,021.00",725.00,,
2021/03/17,179,SICL,48.68,1833.0,1890.0,1797.0,1868.0,"1,868.00",0.0,0.0,"1,830.92","23,490.00","1,798.00","43,008,423.00",358,70.0,93.0,3.89,5.18,1.98,"3,021.00",725.00,,
2021/03/18,180,SICL,56.3,1900.0,1950.0,1850.0,1897.0,"1,897.00",0.0,0.0,"1,904.03","49,329.00","1,868.00","93,923,784.00",627,29.0,100.0,1.55,5.41,-0.37,"3,021.00",725.00,,
2021/03/21,175,SICL,60.8,1934.0,1985.0,1905.0,1984.0,"1,984.00",0.0,0.0,"1,957.15","43,377.00","1,897.00","84,895,371.00",542,87.00,80.00,4.59,4.2,1.35,"3,021.00",725.00,,
2021/03/22,178,SICL,59.34,2083.0,2083.0,1962.0,1969.0,"1,969.00",0.0,0.0,"1,996.96","42,400.00","1,984.00","84,671,108.00",707,-15.0,121.0,-0.76,6.17,-1.42,"3,021.00",725.00,,
2021/03/23,175,SICL,61.37,2067.0,2067.0,1960.0,1996.0,"1,996.00",0.0,0.0,"1,999.23","53,828.00","1,969.00","107,614,336.00",722,27.00,107.00,1.37,5.46,-0.16,"3,021.00",725.00,,
2021/03/24,175,SICL,60.01,2034.0,2034.0,1986.0,1989.0,"1,989.00",0.0,0.0,"2,000.41","33,658.00","1,996.00","67,329,734.00",406,-7.00,48.00,-0.35,2.42,-0.57,"3,021.00",725.00,,
2021/03/25,176,SICL,53.68,1960.0,2024.0,1944.0,1948.0,"1,948.00",0.0,0.0,"1,972.76","28,237.00","1,989.00","55,704,949.00",537,-41.0,80.00,-2.06,4.12,-1.27,"3,021.00",725.00,,
2021/03/29,177,SICL,53.84,1950.0,1969.0,1928.0,1932.0,"1,932.00",0.0,0.0,"1,946.40","18,089.00","1,948.00","35,208,392.00",305,-16.0,41.00,-0.82,2.13,-0.75,"3,021.00",725.00,,
2021/03/30,176,SICL,58.24,1932.0,2038.0,1932.0,1965.0,"1,965.00",0.0,0.0,"1,973.07","32,338.00","1,932.00","63,805,135.00",396,33.0,106.0,1.71,5.49,-0.41,"3,021.00",725.00,,
2021/03/31,176,SICL,61.29,2063.0,2063.0,1965.0,1984.0,"1,984.00",0.0,0.0,"1,978.02","26,107.00","1,965.00","51,640,270.00",328,19.0,98.0,0.97,4.99,0.3,"3,021.00",725.00,,
2021/04/01,185,SICL,61.54,2083.0,2083.0,1955.0,1980.0,"1,980.00",0.0,0.0,"1,977.05","29,645.00","1,984.00","58,609,608.00",338,-4.00,128.00,-0.2,6.55,0.15,"3,021.00",725.00,,
2021/04/03,272,SICL,30.43,639.1,650.0,639.0,644.0,644.00,0.0,0.0,642.00,"11,244.00",652.10,"7,218,650.10",106,-8.1,11.0,-1.24,1.72,0.31,905.00,588.80,757.69,772.49
2021/04/04,180,SICL,63.48,1986.0,2000.0,1960.0,1975.0,"1,975.00",0.0,0.0,"1,983.12","35,933.00","1,980.00","71,259,514.00",534,-5.0,40.00,-0.25,2.04,-0.41,"3,021.00",725.00,,
2021/02/15,173,SICL,56.06,2695.0,2748.0,2651.0,2700.0,"2,700.00",0.0,0.0,"2,700.86","70,442.00","2,643.00","190,253,758.00",507,57.0,97.0,2.16,3.66,-0.03,"2,760.00",725.00,,
2021/02/16,177,SICL,55.62,2720.0,2802.0,2702.0,2770.0,"2,770.00",0.0,0.0,"2,752.65","111,131.00","2,700.00","305,904,345.00",935,70.0,100.0,2.59,3.7,0.63,"2,802.00",725.00,,
2021/02/17,172,SICL,53.22,2775.0,2800.0,2740.0,2765.0,"2,765.00",0.0,0.0,"2,766.12","54,115.00","2,770.00","149,688,508.00",493,-5.0,60.0,-0.18,2.19,-0.04,"2,802.00",725.00,,
2021/02/18,176,SICL,51.62,2765.0,2770.0,2725.0,2734.0,"2,734.00",0.0,0.0,"2,740.49","30,555.00","2,765.00","83,735,781.00",302,-31.0,45.0,-1.12,1.65,-0.24,"2,802.00",725.00,,
2021/02/21,272,SICL,30.43,639.1,650.0,639.0,644.0,644.00,0.0,0.0,642.00,"11,244.00",652.10,"7,218,650.10",106,-8.1,11.0,-1.24,1.72,0.31,905.00,588.80,757.69,772.49
2021/02/22,175,SICL,57.75,2840.0,2850.0,2769.0,2830.0,"2,830.00",0.0,0.0,"2,808.37","106,765.00","2,795.00","299,835,916.00",896,35.0,81.0,1.25,2.93,0.76,"2,850.00",725.00,,
2021/02/23,174,SICL,53.95,2850.0,2850.0,2730.0,2795.0,"2,795.00",0.0,0.0,"2,766.96","78,148.00","2,830.00","216,232,602.00",708,-35.00,120.0,-1.24,4.4,1.0,"2,850.00",725.00,,
2021/02/24,173,SICL,53.51,2800.0,2850.0,2770.0,2785.0,"2,785.00",0.0,0.0,"2,806.68","44,703.00","2,795.00","125,467,169.00",417,-10.0,80.0,-0.36,2.89,-0.78,"2,850.00",725.00,,
2021/02/25,175,SICL,45.88,2805.0,2805.0,2740.0,2747.0,"2,747.00",0.0,0.0,"2,764.22","37,735.00","2,785.00","104,307,841.00",428,-38.0,65.0,-1.36,2.37,-0.63,"2,850.00",725.00,,
2021/02/28,174,SICL,55.9,2884.0,3021.0,2817.0,2824.0,"2,824.00",0.0,0.0,"2,868.03","356,214.00","2,747.00","1,021,632,824.00","4,159",77.0,204.0,2.8,7.24,-1.56,"3,021.00",725.00,,
2021/03/01,176,SICL,55.93,2890.0,2890.0,2790.0,2830.0,"2,830.00",0.0,0.0,"2,835.16","106,096.00","2,824.00","300,799,097.00","1,362",6.0,100.0,0.21,3.58,-0.18,"3,021.00",725.00,,
2021/03/02,176,SICL,46.91,2850.0,2875.0,2685.0,2730.0,"2,730.00",0.0,0.0,"2,765.21","78,447.00","2,830.00","216,922,727.00","1,331",-100.0,190.0,-3.53,7.08,-1.29,"3,021.00",725.00,,
2021/03/03,178,SICL,49.06,2730.0,2730.0,2650.0,2650.0,"2,650.00",0.0,0.0,"2,673.28","90,821.00","2,730.00","242,790,054.00","1,200",-80.0,80.00,-2.93,3.02,-0.88,"3,021.00",725.00,,
2021/03/04,174,SICL,48.08,2782.0,2782.0,2675.0,2748.0,"2,748.00",0.0,0.0,"2,732.51","89,475.00","2,650.00","244,491,107.00",953,98.0,107.0,3.7,4.0,0.56,"3,021.00",725.00,,
2021/03/07,178,SICL,42.87,2885.0,2885.0,2675.0,2689.0,"2,689.00",0.0,0.0,"2,716.14","54,180.00","2,748.00","147,160,469.00",886,-59.00,210.0,-2.15,7.85,-1.01,"3,021.00",725.00,,
2021/03/09,178,SICL,49.23,2720.0,2725.0,2615.0,2622.0,"2,622.00",0.0,0.0,"2,647.99","246,807.00","2,689.00","653,541,887.00","3,171",-67.0,110.0,-2.49,4.21,-0.99,"3,021.00",725.00,,
2021/01/21,177,SICL,72.42,2122.0,2180.0,2058.0,2142.0,"2,142.00",0.0,0.0,"2,136.36","106,846.00","2,022.00","228,261,772.00","1,274",120.0,122.00,5.93,5.93,0.26,"2,180.00",725.00,,
2021/01/24,174,SICL,70.03,2249.0,2249.0,2100.0,2155.0,"2,155.00",0.0,0.0,"2,144.76","96,114.00","2,142.00","206,141,329.00",948,13.0,149.0,0.61,7.1,0.48,"2,249.00",725.00,,
2021/01/25,175,SICL,67.38,2161.0,2175.0,2122.0,2136.0,"2,136.00",0.0,0.0,"2,139.35","90,801.00","2,155.00","194,254,731.00",755,-19.00,53.00,-0.88,2.5,-0.16,"2,249.00",725.00,,
2021/01/26,176,SICL,62.96,2140.0,2210.0,2115.0,2210.0,"2,210.00",0.0,0.0,"2,153.28","107,645.00","2,136.00","231,789,569.00",945,74.0,95.00,3.46,4.49,2.57,"2,249.00",725.00,,
2021/01/27,176,SICL,62.81,2275.0,2389.0,2241.0,2389.0,"2,389.00",0.0,0.0,"2,319.07","105,904.00","2,210.00","245,598,692.00","1,366",179.0,148.0,8.1,6.6,2.93,"2,389.00",725.00,,
2021/01/28,176,SICL,63.7,2401.0,2565.0,2401.0,2523.0,"2,523.00",0.0,0.0,"2,527.37","108,086.00","2,389.00","273,173,160.00","1,288",134.0,164.00,5.61,6.83,-0.17,"2,565.00",725.00,,
2021/01/31,175,SICL,63.95,2600.0,2600.0,2436.0,2466.0,"2,466.00",0.0,0.0,"2,465.25","141,160.00","2,523.00","347,995,075.00","1,359",-57.0,164.0,-2.26,6.73,0.03,"2,600.00",725.00,,
2021/02/01,171,SICL,61.33,2500.0,2515.0,2450.0,2499.0,"2,499.00",0.0,0.0,"2,492.85","82,799.00","2,466.00","206,405,779.00",732,33.00,65.0,1.34,2.65,0.25,"2,600.00",725.00,,
2021/02/02,170,SICL,62.32,2525.0,2625.0,2499.0,2610.0,"2,610.00",0.0,0.0,"2,551.86","136,833.00","2,499.00","349,178,338.00","1,067",111.0,126.0,4.44,5.04,2.23,"2,625.00",725.00,,
2021/02/03,170,SICL,56.51,2670.0,2700.0,2550.0,2579.0,"2,579.00",0.0,0.0,"2,598.93","81,767.00","2,610.00","212,506,942.00",811,-31.0,150.0,-1.19,5.88,-0.77,"2,700.00",725.00,,
2021/02/04,171,SICL,55.21,2530.0,2600.0,2530.0,2570.0,"2,570.00",0.0,0.0,"2,566.47","44,703.00","2,579.00","114,728,844.00",569,-9.0,70.0,-0.35,2.77,0.14,"2,700.00",725.00,,
2021/02/07,172,SICL,60.07,2600.0,2750.0,2580.0,2729.0,"2,729.00",0.0,0.0,"2,659.97","118,303.00","2,570.00","314,682,973.00",988,159.0,170.0,6.19,6.59,2.53,"2,750.00",725.00,,
2021/02/08,174,SICL,54.97,2730.0,2749.0,2651.0,2681.0,"2,681.00",0.0,0.0,"2,695.18","50,870.00","2,729.00","137,104,027.00",578,-48.0,98.0,-1.76,3.7,-0.53,"2,750.00",725.00,,
2021/02/09,164,SICL,54.21,2696.0,2700.0,2600.0,2630.0,"2,630.00",0.0,0.0,"2,639.62","53,432.00","2,681.00","141,039,963.00",594,-51.0,100.0,-1.9,3.85,-0.37,"2,750.00",725.00,,
2021/02/10,162,SICL,59.59,2675.0,2750.0,2597.0,2750.0,"2,750.00",0.0,0.0,"2,695.67","123,874.00","2,630.00","333,923,453.00","1,075",120.0,153.0,4.56,5.89,1.98,"2,750.00",725.00,,
2021/02/11,174,SICL,52.42,2760.0,2760.0,2675.0,2679.0,"2,679.00",0.0,0.0,"2,711.80","68,932.00","2,750.00","186,929,986.00",586,-71.0,85.0,-2.58,3.18,-1.22,"2,760.00",725.00,,
2021/03/10,172,SICL,42.71,2150.0,2150.0,1970.0,1970.0,"1,970.00",0.0,0.0,"1,996.92","63,199.00","2,052.00","126,203,661.00",986,-82.0,180.00,-4.0,9.14,-1.37,"3,021.00",725.00,,
2021/04/05,179,SICL,59.0,1999.0,1999.0,1961.0,1969.0,"1,969.00",0.0,0.0,"1,972.32","20,698.00","1,975.00","40,823,172.00",341,-6.0,38.00,-0.3,1.94,-0.17,"3,021.00",725.00,,
2021/05/02,194,SICL,67.59,1840.0,1942.0,1840.0,1940.0,"1,940.00",0.0,0.0,"1,897.78","30,493.00","1,830.00","57,868,946.00",534,110.0,102.0,6.01,5.54,2.18,"3,021.00",725.00,,
2021/05/25,185,SICL,58.25,2124.0,2140.0,2108.0,2119.0,"2,119.00",0.0,0.0,"2,126.57","27,487.00","2,124.00","58,453,069.00",427,-5.00,32.00,-0.24,1.52,-0.36,"3,021.00",725.00,,
2021/06/20,198,SICL,49.88,2170.0,2170.0,2068.0,2085.0,"2,085.00",0.0,0.0,"2,100.85","42,122.00","2,129.00","88,491,910.00",844,-44.0,102.00,-2.07,4.93,-0.76,"3,021.00",725.00,,
2021/07/13,191,SICL,61.66,1970.0,2000.0,1950.0,1955.0,"1,955.00",0.0,0.0,"1,966.57","31,450.00","1,969.00","61,848,671.00",404,-14.0,50.0,-0.71,2.56,-0.59,"3,021.00",999.00,,
2021/08/08,192,SICL,55.88,2074.0,2115.0,2027.0,2038.5,"2,038.50",0.0,0.0,"2,047.71","32,208.00","2,041.00","65,952,748.90",549,-2.5,88.0,-0.12,4.34,-0.45,"3,021.00","1,161.00",,
2021/09/05,191,SICL,46.31,1885.0,1885.0,1783.0,1811.5,"1,811.50",0.0,0.0,"1,819.52","41,932.00","1,881.00","76,296,060.20",757,-69.5,102.0,-3.69,5.72,-0.44,"3,021.00","1,307.00",,
2021/09/28,186,SICL,44.25,1676.0,1690.0,1640.0,1659.9,"1,659.90",0.0,0.0,"1,658.47","26,437.00","1,696.00","43,845,021.00",431,-36.1,50.0,-2.13,3.05,0.09,"3,021.00","1,307.00",,
2021/10/27,196,SICL,61.41,1820.0,1829.0,1789.0,1801.0,"1,801.00",0.0,0.0,"1,810.25","24,536.00","1,794.00","44,416,413.50",338,7.00,40.0,0.39,2.24,-0.51,"3,021.00","1,334.00",,
2021/11/24,195,SICL,46.12,1735.0,1735.0,1690.0,1709.9,"1,709.90",0.0,0.0,"1,705.24","16,964.00","1,722.00","28,927,730.50",155,-12.10,45.0,-0.7,2.66,0.27,"3,021.00","1,524.00",,
2021/12/20,196,SICL,45.79,1475.2,1480.0,1445.0,1463.0,"1,463.00",0.0,0.0,"1,458.28","10,964.00","1,497.00","15,988,578.10",195,-34.0,35.0,-2.27,2.42,0.32,"3,021.00","1,387.00",,
2022/01/13,191,SICL,56.25,1819.0,1835.0,1802.0,1823.0,"1,823.00",0.0,0.0,"1,823.49","30,918.00","1,795.00","56,378,756.00",312,28.0,33.0,1.56,1.83,-0.03,"3,021.00","1,387.00",,
2022/02/08,195,SICL,42.03,1615.6,1647.0,1560.0,1562.0,"1,562.00",0.0,0.0,"1,583.07","23,862.00","1,584.00","37,775,129.20",465,-22.0,87.0,-1.39,5.58,-1.35,"3,021.00","1,387.00",,
2022/03/07,195,SICL,37.66,1385.9,1385.9,1360.0,1360.0,"1,360.00",0.0,0.0,"1,366.63","5,514.00","1,361.90","7,535,620.30",146,-1.9,25.9,-0.14,1.9,-0.49,"2,885.00","1,325.00",,
2020/12/28,185,SICL,45.83,1720.0,1720.0,1675.0,1698.0,"1,698.00",0.0,0.0,"1,697.71","38,157.00","1,704.00","64,779,676.00",335,-6.0,45.0,-0.35,2.69,0.02,"1,930.00",725.00,,
2020/12/29,178,SICL,45.33,1698.0,1700.0,1660.0,1678.0,"1,678.00",0.0,0.0,"1,674.17","26,294.00","1,698.00","44,020,726.00",262,-20.00,40.0,-1.18,2.41,0.23,"1,930.00",725.00,,
2020/12/30,176,SICL,43.91,1690.0,1720.0,1682.0,1700.0,"1,700.00",0.0,0.0,"1,699.25","25,815.00","1,678.00","43,866,158.00",166,22.0,38.00,1.31,2.26,0.04,"1,930.00",725.00,,
2020/12/31,176,SICL,45.62,1720.0,1768.0,1690.0,1696.0,"1,696.00",0.0,0.0,"1,703.59","39,974.00","1,700.00","68,099,166.00",280,-4.0,78.0,-0.24,4.62,-0.45,"1,930.00",725.00,,
2021/01/03,181,SICL,59.54,1720.0,1764.0,1717.0,1762.0,"1,762.00",0.0,0.0,"1,746.40","48,532.00","1,696.00","84,756,407.00",375,66.00,47.0,3.89,2.74,0.89,"1,930.00",725.00,,
2021/01/04,172,SICL,65.92,1797.0,1897.0,1779.0,1850.0,"1,850.00",0.0,0.0,"1,829.54","138,474.00","1,762.00","253,343,738.00",911,88.0,118.00,4.99,6.63,1.11,"1,930.00",725.00,,
2021/01/05,175,SICL,69.63,1942.0,1944.0,1855.0,1895.0,"1,895.00",0.0,0.0,"1,904.19","362,719.00","1,850.00","690,687,062.00","3,162",45.0,89.0,2.43,4.8,-0.49,"1,944.00",725.00,,
2021/01/06,173,SICL,66.73,1930.0,1932.0,1850.0,1860.0,"1,860.00",0.0,0.0,"1,867.43","107,218.00","1,895.00","200,221,780.00","1,315",-35.0,82.0,-1.85,4.43,-0.4,"1,944.00",725.00,,
2021/01/07,177,SICL,60.47,1865.0,1866.0,1831.0,1835.0,"1,835.00",0.0,0.0,"1,840.77","80,188.00","1,860.00","147,607,606.00",934,-25.0,35.0,-1.34,1.91,-0.31,"1,944.00",725.00,,
2021/01/10,176,SICL,50.27,1835.0,1845.0,1805.0,1811.0,"1,811.00",0.0,0.0,"1,821.22","68,659.00","1,835.00","125,043,114.00",796,-24.0,40.0,-1.31,2.22,-0.56,"1,944.00",725.00,,
2021/01/11,174,SICL,47.94,1830.0,1846.0,1805.0,1818.0,"1,818.00",0.0,0.0,"1,825.27","44,791.00","1,811.00","81,755,557.00",440,7.0,41.0,0.39,2.27,-0.4,"1,944.00",725.00,,
2021/01/12,170,SICL,45.07,1835.0,1840.0,1823.0,1830.0,"1,830.00",0.0,0.0,"1,829.25","23,983.00","1,818.00","43,870,994.00",295,12.0,17.0,0.66,0.93,0.04,"1,944.00",725.00,,
2021/01/13,272,SICL,30.43,639.1,650.0,639.0,644.0,644.00,0.0,0.0,642.00,"11,244.00",652.10,"7,218,650.10",106,-8.1,11.0,-1.24,1.72,0.31,905.00,588.80,757.69,772.49
2021/01/17,176,SICL,58.36,1853.0,1870.0,1842.0,1866.0,"1,866.00",0.0,0.0,"1,855.74","36,713.00","1,843.00","68,129,902.00",299,23.0,28.0,1.25,1.52,0.55,"1,944.00",725.00,,
2021/01/18,175,SICL,55.55,1920.0,1920.0,1870.0,1874.0,"1,874.00",0.0,0.0,"1,875.67","31,367.00","1,866.00","58,834,211.00",281,8.0,50.0,0.43,2.67,-0.09,"1,944.00",725.00,,
2021/01/19,173,SICL,56.15,1885.0,1890.0,1831.0,1862.0,"1,862.00",0.0,0.0,"1,865.09","42,497.00","1,874.00","79,260,737.00",467,-12.0,59.0,-0.64,3.22,-0.17,"1,944.00",725.00,,
2020/12/04,272,SICL,30.43,639.1,650.0,639.0,644.0,644.00,0.0,0.0,642.00,"11,244.00",652.10,"7,218,650.10",106,-8.1,11.0,-1.24,1.72,0.31,905.00,588.80,757.69,772.49
2020/12/06,169,SICL,48.24,1690.0,1690.0,1634.0,1635.0,"1,635.00",0.0,0.0,"1,652.92","63,921.00","1,693.00","105,656,325.00",387,-58.00,56.0,-3.43,3.43,-1.1,"1,806.00",725.00,,
2020/12/07,177,SICL,53.58,1630.0,1725.0,1590.0,1670.0,"1,670.00",0.0,0.0,"1,660.46","53,313.00","1,635.00","88,524,128.00",370,35.0,135.00,2.14,8.49,0.57,"1,806.00",725.00,,
2020/12/08,174,SICL,48.92,1700.0,1710.0,1641.0,1663.0,"1,663.00",0.0,0.0,"1,658.84","50,938.00","1,670.00","84,497,914.00",187,-7.00,69.00,-0.42,4.2,0.25,"1,806.00",725.00,,
2020/12/09,173,SICL,49.16,1650.0,1670.0,1627.0,1640.0,"1,640.00",0.0,0.0,"1,641.50","51,231.00","1,663.00","84,095,616.00",241,-23.0,43.0,-1.38,2.64,-0.09,"1,806.00",725.00,,
2020/12/10,176,SICL,49.92,1620.0,1675.0,1620.0,1650.0,"1,650.00",0.0,0.0,"1,651.42","25,939.00","1,640.00","42,836,184.00",177,10.0,55.0,0.61,3.4,-0.09,"1,806.00",725.00,,
2020/12/13,174,SICL,50.06,1665.0,1701.0,1655.0,1697.0,"1,697.00",0.0,0.0,"1,683.69","48,376.00","1,650.00","81,450,146.00",303,47.0,46.00,2.85,2.78,0.78,"1,806.00",725.00,,
2020/12/14,172,SICL,65.23,1750.0,1866.0,1706.0,1866.0,"1,866.00",0.0,0.0,"1,793.15","138,355.00","1,697.00","248,090,932.00",897,169.00,160.0,9.96,9.38,3.9,"1,866.00",725.00,,
2020/12/15,176,SICL,61.65,1900.0,1930.0,1795.0,1800.0,"1,800.00",0.0,0.0,"1,848.83","103,404.00","1,866.00","191,176,604.00",732,-66.0,135.0,-3.54,7.52,-2.71,"1,930.00",725.00,,
2020/12/16,170,SICL,62.7,1800.0,1830.0,1725.0,1740.0,"1,740.00",0.0,0.0,"1,772.05","83,318.00","1,800.00","147,644,047.00",653,-60.0,105.0,-3.33,6.09,-1.84,"1,930.00",725.00,,
2020/12/17,167,SICL,55.88,1774.0,1779.0,1685.0,1714.0,"1,714.00",0.0,0.0,"1,726.05","97,977.00","1,740.00","169,112,928.00",741,-26.0,94.0,-1.49,5.58,-0.7,"1,930.00",725.00,,
2020/12/20,168,SICL,48.54,1799.0,1799.0,1640.0,1652.0,"1,652.00",0.0,0.0,"1,674.19","84,037.00","1,714.00","140,693,566.00",561,-62.00,159.00,-3.62,9.7,-1.34,"1,930.00",725.00,,
2020/12/21,172,SICL,50.49,1620.0,1685.0,1572.0,1660.0,"1,660.00",0.0,0.0,"1,636.03","71,844.00","1,652.00","117,539,255.00",443,8.0,113.00,0.48,7.19,1.44,"1,930.00",725.00,,
2020/12/22,176,SICL,60.12,1693.0,1826.0,1660.0,1826.0,"1,826.00",0.0,0.0,"1,709.31","82,267.00","1,660.00","140,619,536.00",458,166.00,166.00,10.0,10.0,6.39,"1,930.00",725.00,,
2020/12/23,174,SICL,66.51,1900.0,1917.0,1780.0,1814.0,"1,814.00",0.0,0.0,"1,853.08","90,800.00","1,826.00","168,260,003.00",936,-12.0,137.00,-0.66,7.7,-2.15,"1,930.00",725.00,,
2020/12/24,176,SICL,64.43,1780.0,1844.0,1737.0,1759.0,"1,759.00",0.0,0.0,"1,763.02","79,130.00","1,814.00","139,507,620.00",556,-55.0,107.0,-3.03,6.16,-0.23,"1,930.00",725.00,,
2020/11/08,170,SICL,65.51,1372.0,1410.0,1372.0,1399.0,"1,399.00",0.0,0.0,"1,398.84","87,960.00","1,387.00","123,041,814.00",354,12.0,38.0,0.87,2.77,0.01,"1,415.00",725.00,,
2020/11/09,166,SICL,61.53,1410.0,1434.0,1401.0,1415.0,"1,415.00",0.0,0.0,"1,420.18","50,095.00","1,399.00","71,143,998.00",332,16.0,33.0,1.14,2.36,-0.37,"1,434.00",725.00,,
2020/11/10,168,SICL,60.31,1416.0,1427.0,1401.0,1415.0,"1,415.00",0.0,0.0,"1,415.62","23,639.00","1,415.00","33,463,830.00",162,0.00,26.0,0.0,1.86,-0.04,"1,434.00",725.00,,
2020/11/11,167,SICL,69.62,1430.0,1480.0,1417.0,1475.0,"1,475.00",0.0,0.0,"1,452.70","79,735.00","1,415.00","115,831,277.00",399,60.00,63.00,4.24,4.45,1.51,"1,480.00",725.00,,
2020/11/12,168,SICL,70.92,1476.0,1485.0,1451.0,1479.0,"1,479.00",0.0,0.0,"1,470.13","47,921.00","1,475.00","70,449,887.00",237,4.00,34.00,0.27,2.34,0.6,"1,485.00",725.00,,
2020/11/18,166,SICL,72.89,1475.0,1615.0,1475.0,1603.0,"1,603.00",0.0,0.0,"1,578.61","103,006.00","1,479.00","162,605,956.00",604,124.0,140.00,8.38,9.49,1.52,"1,615.00",725.00,,
2020/11/19,169,SICL,71.23,1605.0,1634.0,1575.0,1582.0,"1,582.00",0.0,0.0,"1,597.33","59,797.00","1,603.00","95,515,282.00",352,-21.00,59.00,-1.31,3.75,-0.97,"1,634.00",725.00,,
2020/11/22,171,SICL,62.49,1600.0,1600.0,1502.0,1529.0,"1,529.00",0.0,0.0,"1,542.45","80,215.00","1,582.00","123,727,632.00",494,-53.00,98.00,-3.35,6.52,-0.88,"1,634.00",725.00,,
2020/11/23,169,SICL,60.23,1529.0,1529.0,1500.0,1514.0,"1,514.00",0.0,0.0,"1,508.43","72,771.00","1,529.00","109,770,286.00",354,-15.00,29.00,-0.98,1.93,0.37,"1,634.00",725.00,,
2020/11/24,168,SICL,58.75,1543.0,1587.0,1524.0,1586.0,"1,586.00",0.0,0.0,"1,567.81","94,195.00","1,514.00","147,679,551.00",470,72.0,63.0,4.76,4.13,1.15,"1,634.00",725.00,,
2020/11/25,169,SICL,59.19,1617.0,1720.0,1616.0,1720.0,"1,720.00",0.0,0.0,"1,678.92","122,755.00","1,586.00","206,096,245.00",689,134.00,104.00,8.45,6.44,2.39,"1,720.00",725.00,,
2020/11/26,172,SICL,68.36,1806.0,1806.0,1689.0,1719.0,"1,719.00",0.0,0.0,"1,718.91","100,016.00","1,720.00","171,918,271.00",514,-1.0,117.00,-0.06,6.93,0.01,"1,806.00",725.00,,
2020/11/29,172,SICL,64.15,1719.0,1719.0,1660.0,1685.0,"1,685.00",0.0,0.0,"1,682.11","58,955.00","1,719.00","99,168,600.00",378,-34.0,59.00,-1.98,3.55,0.17,"1,806.00",725.00,,
2020/11/30,169,SICL,61.32,1710.0,1772.0,1672.0,1716.0,"1,716.00",0.0,0.0,"1,707.37","64,678.00","1,685.00","110,429,137.00",353,31.0,100.0,1.84,5.98,0.5,"1,806.00",725.00,,
2020/12/01,169,SICL,56.08,1748.0,1750.0,1672.0,1705.0,"1,705.00",0.0,0.0,"1,698.00","72,462.00","1,716.00","123,040,532.00",355,-11.0,78.0,-0.64,4.67,0.41,"1,806.00",725.00,,
2020/12/02,172,SICL,57.67,1700.0,1739.0,1659.0,1708.0,"1,708.00",0.0,0.0,"1,714.59","64,353.00","1,705.00","110,339,305.00",366,3.00,80.00,0.18,4.82,-0.39,"1,806.00",725.00,,
2020/10/12,164,SICL,46.65,1322.0,1340.0,1320.0,1326.0,"1,326.00",0.0,0.0,"1,327.24","12,588.00","1,322.00","16,707,349.00",92,4.0,20.0,0.3,1.52,-0.09,"1,415.00",705.00,,
2020/10/13,167,SICL,48.24,1328.0,1343.0,1323.0,1325.0,"1,325.00",0.0,0.0,"1,327.07","9,508.00","1,326.00","12,617,760.00",96,-1.0,20.0,-0.08,1.51,-0.16,"1,415.00",705.00,,
2020/10/14,168,SICL,47.19,1325.0,1327.0,1320.0,1320.0,"1,320.00",0.0,0.0,"1,323.54","3,547.00","1,325.00","4,694,588.00",69,-5.0,7.0,-0.38,0.53,-0.27,"1,415.00",705.00,,
2020/10/15,168,SICL,52.68,1340.0,1340.0,1315.0,1315.0,"1,315.00",0.0,0.0,"1,319.19","10,094.00","1,320.00","13,315,860.00",89,-5.0,25.0,-0.38,1.9,-0.32,"1,415.00",710.00,,
2020/10/18,160,SICL,56.18,1339.0,1341.0,1319.0,1331.0,"1,331.00",0.0,0.0,"1,330.92","18,210.00","1,315.00","24,235,988.00",104,16.0,22.0,1.22,1.67,0.01,"1,415.00",716.00,,
2020/10/19,164,SICL,61.23,1339.0,1344.0,1330.0,1344.0,"1,344.00",0.0,0.0,"1,332.51","22,027.00","1,331.00","29,351,193.00",54,13.0,14.0,0.98,1.05,0.85,"1,415.00",716.00,,
2020/10/20,167,SICL,61.17,1346.0,1348.0,1335.0,1343.0,"1,343.00",0.0,0.0,"1,337.73","20,920.00","1,344.00","27,985,240.00",96,-1.0,13.0,-0.07,0.97,0.39,"1,415.00",716.00,,
2020/10/21,166,SICL,54.97,1363.0,1363.0,1337.0,1342.0,"1,342.00",0.0,0.0,"1,343.64","2,813.00","1,343.00","3,779,667.00",61,-1.0,26.0,-0.07,1.94,-0.12,"1,415.00",718.00,,
2020/10/22,161,SICL,56.58,1340.0,1340.0,1336.0,1338.0,"1,338.00",0.0,0.0,"1,338.72","3,808.00","1,342.00","5,097,864.00",44,-4.0,4.0,-0.3,0.3,-0.05,"1,415.00",725.00,,
2020/10/25,272,SICL,30.43,639.1,650.0,639.0,644.0,644.00,0.0,0.0,642.00,"11,244.00",652.10,"7,218,650.10",106,-8.1,11.0,-1.24,1.72,0.31,905.00,588.80,757.69,772.49
2020/10/28,163,SICL,53.3,1339.0,1354.0,1334.0,1350.0,"1,350.00",0.0,0.0,"1,344.92","8,637.00","1,338.00","11,616,061.00",71,12.0,20.0,0.9,1.5,0.38,"1,415.00",725.00,,
2020/10/29,165,SICL,63.33,1373.0,1375.0,1350.0,1374.0,"1,374.00",0.0,0.0,"1,364.04","19,668.00","1,350.00","26,827,841.00",143,24.0,25.0,1.78,1.85,0.73,"1,415.00",725.00,,
2020/11/01,169,SICL,66.72,1380.0,1405.0,1380.0,1393.0,"1,393.00",0.0,0.0,"1,395.88","53,142.00","1,374.00","74,180,030.00",385,19.0,25.0,1.38,1.81,-0.21,"1,415.00",725.00,,
2020/11/02,168,SICL,61.6,1389.0,1390.0,1380.0,1380.0,"1,380.00",0.0,0.0,"1,382.20","13,279.00","1,393.00","18,354,283.00",103,-13.0,10.0,-0.93,0.72,-0.16,"1,415.00",725.00,,
2020/11/03,169,SICL,65.95,1380.0,1398.0,1375.0,1396.0,"1,396.00",0.0,0.0,"1,389.45","24,244.00","1,380.00","33,685,927.00",135,16.00,23.00,1.16,1.67,0.47,"1,415.00",725.00,,
2020/11/04,173,SICL,64.39,1381.0,1402.0,1376.0,1387.0,"1,387.00",0.0,0.0,"1,380.72","20,887.00","1,396.00","28,839,027.00",138,-9.0,26.0,-0.64,1.89,0.45,"1,415.00",725.00,,
2020/09/17,163,SICL,49.89,1368.0,1395.0,1366.0,1389.0,"1,389.00",0.0,0.0,"1,381.20","44,550.00","1,368.00","61,532,606.00",210,21.0,29.0,1.54,2.12,0.56,"1,415.00",700.00,,
2020/09/20,161,SICL,49.71,1380.0,1389.0,1371.0,1389.0,"1,389.00",0.0,0.0,"1,383.18","26,762.00","1,389.00","37,016,768.00",136,0.0,18.0,0.0,1.31,0.42,"1,415.00",700.00,,
2020/09/21,168,SICL,51.01,1388.0,1395.0,1375.0,1383.0,"1,383.00",0.0,0.0,"1,385.67","47,165.00","1,389.00","65,355,057.00",217,-6.0,20.0,-0.43,1.45,-0.19,"1,415.00",700.00,,
2020/09/22,272,SICL,30.43,639.1,650.0,639.0,644.0,644.00,0.0,0.0,642.00,"11,244.00",652.10,"7,218,650.10",106,-8.1,11.0,-1.24,1.72,0.31,905.00,588.80,757.69,772.49
2020/09/23,272,SICL,30.43,639.1,650.0,639.0,644.0,644.00,0.0,0.0,642.00,"11,244.00",652.10,"7,218,650.10",106,-8.1,11.0,-1.24,1.72,0.31,905.00,588.80,757.69,772.49
2020/09/24,165,SICL,46.72,1354.0,1355.0,1334.0,1335.0,"1,335.00",0.0,0.0,"1,337.93","35,048.00","1,349.00","46,891,813.00",156,-14.0,21.0,-1.04,1.57,-0.22,"1,415.00",700.00,,
2020/09/27,164,SICL,45.11,1331.0,1340.0,1320.0,1321.0,"1,321.00",0.0,0.0,"1,327.27","28,062.00","1,335.00","37,245,887.00",133,-14.00,20.00,-1.05,1.52,-0.47,"1,415.00",700.00,,
2020/09/28,164,SICL,44.85,1315.0,1334.0,1315.0,1320.0,"1,320.00",0.0,0.0,"1,322.12","25,947.00","1,321.00","34,305,001.00",146,-1.0,19.0,-0.08,1.44,-0.16,"1,415.00",700.00,,
2020/09/29,165,SICL,40.55,1322.0,1329.0,1318.0,1324.0,"1,324.00",0.0,0.0,"1,322.06","20,507.00","1,320.00","27,111,501.00",122,4.0,11.0,0.3,0.83,0.15,"1,415.00",700.00,,
2020/09/30,163,SICL,41.19,1307.0,1325.0,1307.0,1318.0,"1,318.00",0.0,0.0,"1,315.24","13,647.00","1,324.00","17,949,137.00",128,-6.0,18.0,-0.45,1.38,0.21,"1,415.00",705.00,,
2020/10/01,165,SICL,64.58,1329.0,1383.0,1319.0,1375.0,"1,375.00",0.0,0.0,"1,360.31","99,031.00","1,318.00","134,712,727.00",558,57.00,64.0,4.32,4.85,1.07,"1,415.00",705.00,,
2020/10/04,167,SICL,62.75,1380.0,1399.0,1357.0,1363.0,"1,363.00",0.0,0.0,"1,381.75","42,909.00","1,375.00","59,289,609.00",260,-12.0,42.0,-0.87,3.1,-1.38,"1,415.00",705.00,,
2020/10/05,166,SICL,58.32,1363.0,1379.0,1341.0,1344.0,"1,344.00",0.0,0.0,"1,355.28","15,207.00","1,363.00","20,609,757.00",129,-19.0,38.0,-1.39,2.83,-0.84,"1,415.00",705.00,,
2020/10/06,168,SICL,60.25,1355.0,1359.0,1338.0,1344.0,"1,344.00",0.0,0.0,"1,345.76","24,623.00","1,344.00","33,136,615.00",137,0.0,21.0,0.0,1.57,-0.13,"1,415.00",705.00,,
2020/10/07,168,SICL,44.44,1344.0,1348.0,1330.0,1336.0,"1,336.00",0.0,0.0,"1,338.18","17,039.00","1,344.00","22,801,200.00",123,-8.0,18.0,-0.6,1.35,-0.16,"1,415.00",705.00,,
2020/10/08,168,SICL,46.86,1348.0,1348.0,1330.0,1333.0,"1,333.00",0.0,0.0,"1,334.80","20,350.00","1,336.00","27,163,255.00",122,-3.0,18.0,-0.22,1.35,-0.14,"1,415.00",705.00,,
2020/08/24,155,SICL,55.93,1264.0,1288.0,1248.0,1248.0,"1,248.00",0.0,0.0,"1,257.51","19,767.00","1,240.00","24,857,252.00",184,8.0,40.0,0.65,3.21,-0.76,"1,370.00",700.00,,
2020/08/25,160,SICL,58.98,1248.0,1250.0,1231.0,1245.0,"1,245.00",0.0,0.0,"1,243.95","28,303.00","1,248.00","35,207,480.00",150,-3.0,19.0,-0.24,1.54,0.08,"1,370.00",700.00,,
2020/08/26,159,SICL,59.95,1254.0,1280.0,1243.0,1264.0,"1,264.00",0.0,0.0,"1,264.29","47,801.00","1,245.00","60,434,115.00",291,19.0,37.0,1.53,2.98,-0.02,"1,370.00",700.00,,
2020/08/27,161,SICL,49.53,1279.0,1279.0,1250.0,1250.0,"1,250.00",0.0,0.0,"1,258.73","14,709.00","1,264.00","18,514,607.00",139,-14.0,29.0,-1.11,2.32,-0.7,"1,370.00",700.00,,
2020/08/30,159,SICL,49.78,1250.0,1260.0,1235.0,1240.0,"1,240.00",0.0,0.0,"1,244.63","11,434.00","1,250.00","14,231,082.00",100,-10.0,25.0,-0.8,2.02,-0.37,"1,370.00",700.00,,
2020/08/31,162,SICL,60.32,1302.0,1329.0,1246.0,1280.0,"1,280.00",0.0,0.0,"1,275.07","48,226.00","1,240.00","61,491,746.00",339,40.0,83.0,3.23,6.66,0.38,"1,370.00",700.00,,
2020/09/02,159,SICL,59.91,1305.0,1356.0,1282.0,1295.0,"1,295.00",0.0,0.0,"1,319.02","134,591.00","1,280.00","177,528,502.00",948,15.0,74.0,1.17,5.77,-1.85,"1,370.00",700.00,,
2020/09/03,159,SICL,62.96,1305.0,1340.0,1290.0,1335.0,"1,335.00",0.0,0.0,"1,321.47","98,746.00","1,295.00","130,490,274.00",719,40.0,50.0,3.09,3.88,1.01,"1,370.00",700.00,,
2020/09/06,162,SICL,61.27,1401.0,1401.0,1335.0,1353.0,"1,353.00",0.0,0.0,"1,350.76","61,120.00","1,335.00","82,558,522.00",445,18.0,66.0,1.35,4.94,0.17,"1,401.00",700.00,,
2020/09/07,164,SICL,57.21,1350.0,1363.0,1334.0,1340.0,"1,340.00",0.0,0.0,"1,346.07","50,830.00","1,353.00","68,420,928.00",383,-13.0,29.0,-0.96,2.17,-0.45,"1,401.00",700.00,,
2020/09/08,161,SICL,57.47,1407.0,1407.0,1327.0,1341.0,"1,341.00",0.0,0.0,"1,338.71","27,212.00","1,340.00","36,428,844.00",229,1.0,80.0,0.07,6.03,0.17,"1,407.00",700.00,,
2020/09/09,167,SICL,57.58,1345.0,1375.0,1345.0,1370.0,"1,370.00",0.0,0.0,"1,359.35","56,841.00","1,341.00","77,266,647.00",386,29.00,30.0,2.16,2.23,0.78,"1,407.00",700.00,,
2020/09/10,161,SICL,54.91,1375.0,1409.0,1370.0,1388.0,"1,388.00",0.0,0.0,"1,387.76","46,525.00","1,370.00","64,565,499.00",369,18.00,39.0,1.31,2.85,0.02,"1,409.00",700.00,,
2020/09/13,272,SICL,30.43,639.1,650.0,639.0,644.0,644.00,0.0,0.0,642.00,"11,244.00",652.10,"7,218,650.10",106,-8.1,11.0,-1.24,1.72,0.31,905.00,588.80,757.69,772.49
2020/09/14,163,SICL,53.24,1400.0,1410.0,1361.0,1370.0,"1,370.00",0.0,0.0,"1,381.12","46,273.00","1,407.00","63,908,503.00",349,-37.00,49.00,-2.63,3.6,-0.81,"1,415.00",700.00,,
2020/09/15,166,SICL,50.33,1370.0,1385.0,1360.0,1374.0,"1,374.00",0.0,0.0,"1,371.35","48,089.00","1,370.00","65,946,865.00",219,4.0,25.0,0.29,1.84,0.19,"1,415.00",700.00,,
2020/07/29,160,SICL,48.52,1226.0,1245.0,1211.0,1215.0,"1,215.00",0.0,0.0,"1,226.38","30,624.00","1,243.00","37,556,688.00",257,-28.0,34.0,-2.25,2.81,-0.94,"1,370.00",700.00,,
2020/07/30,161,SICL,50.23,1223.0,1235.0,1202.0,1223.0,"1,223.00",0.0,0.0,"1,216.27","40,929.00","1,215.00","49,780,700.00",286,8.0,33.0,0.66,2.75,0.55,"1,370.00",700.00,,
2020/08/02,162,SICL,50.93,1201.0,1224.0,1191.0,1205.0,"1,205.00",0.0,0.0,"1,203.99","53,243.00","1,223.00","64,104,156.00",418,-18.0,33.0,-1.47,2.77,0.08,"1,370.00",700.00,,
2020/08/03,162,SICL,45.42,1189.0,1224.0,1189.0,1214.0,"1,214.00",0.0,0.0,"1,207.30","15,553.00","1,205.00","18,777,144.00",156,9.0,35.0,0.75,2.94,0.55,"1,370.00",700.00,,
2020/08/05,272,SICL,30.43,639.1,650.0,639.0,644.0,644.00,0.0,0.0,642.00,"11,244.00",652.10,"7,218,650.10",106,-8.1,11.0,-1.24,1.72,0.31,905.00,588.80,757.69,772.49
2020/08/06,161,SICL,43.67,1177.0,1190.0,1163.0,1180.0,"1,180.00",0.0,0.0,"1,177.60","17,336.00","1,177.00","20,414,904.00",128,3.0,27.0,0.25,2.32,0.2,"1,370.00",700.00,,
2020/08/09,161,SICL,43.9,1170.0,1200.0,1161.0,1200.0,"1,200.00",0.0,0.0,"1,184.45","19,753.00","1,180.00","23,396,486.00",115,20.0,39.0,1.69,3.36,1.3,"1,370.00",700.00,,
2020/08/10,162,SICL,45.21,1220.0,1260.0,1203.0,1248.0,"1,248.00",0.0,0.0,"1,235.54","27,006.00","1,200.00","33,366,888.00",285,48.0,57.0,4.0,4.74,1.0,"1,370.00",700.00,,
2020/08/11,162,SICL,48.38,1255.0,1268.0,1235.0,1245.0,"1,245.00",0.0,0.0,"1,247.58","18,440.00","1,248.00","23,005,324.00",176,-3.0,33.0,-0.24,2.67,-0.21,"1,370.00",700.00,,
2020/08/12,162,SICL,48.6,1245.0,1250.0,1227.0,1245.0,"1,245.00",0.0,0.0,"1,244.14","24,271.00","1,245.00","30,196,628.00",171,0.0,23.0,0.0,1.87,0.07,"1,370.00",700.00,,
2020/08/13,163,SICL,45.12,1235.0,1247.0,1229.0,1235.0,"1,235.00",0.0,0.0,"1,239.41","23,435.00","1,245.00","29,045,514.00",172,-10.0,18.0,-0.8,1.46,-0.36,"1,370.00",700.00,,
2020/08/16,158,SICL,39.81,1236.0,1236.0,1208.0,1217.0,"1,217.00",0.0,0.0,"1,221.61","16,016.00","1,235.00","19,565,249.00",133,-18.0,28.0,-1.46,2.32,-0.38,"1,370.00",700.00,,
2020/08/17,156,SICL,42.01,1225.0,1242.0,1218.0,1237.0,"1,237.00",0.0,0.0,"1,231.30","16,375.00","1,217.00","20,162,503.00",144,20.0,24.0,1.64,1.97,0.46,"1,370.00",700.00,,
2020/08/18,162,SICL,42.72,1260.0,1268.0,1238.0,1244.0,"1,244.00",0.0,0.0,"1,246.20","18,997.00","1,237.00","23,674,071.00",152,7.0,30.0,0.57,2.42,-0.18,"1,370.00",700.00,,
2020/08/19,159,SICL,39.56,1220.0,1244.0,1220.0,1225.0,"1,225.00",0.0,0.0,"1,227.99","14,212.00","1,244.00","17,452,154.00",133,-19.0,24.0,-1.53,1.97,-0.24,"1,370.00",700.00,,
2020/08/20,155,SICL,39.79,1248.0,1248.0,1223.0,1225.0,"1,225.00",0.0,0.0,"1,228.36","5,674.00","1,225.00","6,969,696.00",55,0.0,25.0,0.0,2.04,-0.27,"1,370.00",700.00,,
2020/07/06,151,SICL,47.6,917.0,991.0,913.0,990.0,990.00,0.0,0.0,950.93,"8,348.00",935.00,"7,938,345.00",88,55.0,78.0,5.88,8.54,3.95,"1,370.00",700.00,,
2020/07/07,153,SICL,53.18,973.0,1020.0,973.0,1007.0,"1,007.00",0.0,0.0,"1,008.11","25,441.00",990.00,"25,647,444.00",173,17.0,47.0,1.72,4.83,-0.11,"1,370.00",700.00,,
2020/07/08,153,SICL,55.47,1020.0,1028.0,965.0,1000.0,"1,000.00",0.0,0.0,"1,003.62","8,958.00","1,007.00","8,990,470.00",71,-7.0,63.0,-0.7,6.53,-0.36,"1,370.00",700.00,,
2020/07/09,150,SICL,50.87,990.0,1013.0,990.0,995.0,995.00,0.0,0.0,"1,000.85","7,121.00","1,000.00","7,127,029.00",55,-5.0,23.0,-0.5,2.32,-0.59,"1,370.00",700.00,,
2020/07/12,152,SICL,43.39,1014.0,1034.0,1005.0,1010.0,"1,010.00",0.0,0.0,"1,014.97","6,645.00",995.00,"6,744,454.00",67,15.0,29.0,1.51,2.89,-0.49,"1,370.00",700.00,,
2020/07/13,158,SICL,50.2,1000.0,1015.0,1000.0,1010.0,"1,010.00",0.0,0.0,"1,008.60","7,711.00","1,010.00","7,777,317.00",62,0.0,15.0,0.0,1.5,0.14,"1,370.00",700.00,,
2020/07/14,158,SICL,47.59,1011.0,1024.0,999.0,1010.0,"1,010.00",0.0,0.0,"1,013.88","12,455.00","1,010.00","12,627,823.00",78,0.0,25.0,0.0,2.5,-0.38,"1,370.00",700.00,,
2020/07/15,162,SICL,48.84,1010.0,1023.0,1000.0,1019.0,"1,019.00",0.0,0.0,"1,010.16","10,398.00","1,010.00","10,503,647.00",69,9.0,23.0,0.89,2.3,0.87,"1,370.00",700.00,,
2020/07/16,153,SICL,48.39,1021.0,1035.0,1010.0,1030.0,"1,030.00",0.0,0.0,"1,024.00","6,997.00","1,019.00","7,164,894.00",72,11.0,25.0,1.08,2.48,0.58,"1,370.00",700.00,,
2020/07/19,96,SICL,49.12,1050.0,1133.0,1050.0,1133.0,"1,133.00",0.0,0.0,"1,117.12",170.00,"1,030.00","189,910.00",6,103.0,83.0,10.0,7.9,1.4,"1,370.00",700.00,,
2020/07/20,154,SICL,53.98,1189.0,1212.0,1034.0,1070.0,"1,070.00",0.0,0.0,"1,104.47","18,540.00","1,133.00","20,476,964.00",197,-63.0,178.0,-5.56,17.21,-3.22,"1,370.00",700.00,,
2020/07/21,157,SICL,56.55,1070.0,1116.0,1060.0,1095.0,"1,095.00",0.0,0.0,"1,098.89","35,082.00","1,070.00","38,551,164.00",235,25.00,56.0,2.34,5.28,-0.36,"1,370.00",700.00,,
2020/07/22,154,SICL,57.86,1110.0,1154.0,1090.0,1134.0,"1,134.00",0.0,0.0,"1,127.68","43,037.00","1,095.00","48,531,784.00",291,39.0,64.0,3.56,5.87,0.56,"1,370.00",700.00,,
2020/07/23,160,SICL,58.23,1145.0,1217.0,1125.0,1210.0,"1,210.00",0.0,0.0,"1,184.89","67,955.00","1,134.00","80,518,896.00",489,76.0,92.0,6.7,8.18,2.08,"1,370.00",700.00,,
2020/07/26,162,SICL,62.08,1220.0,1288.0,1220.0,1280.0,"1,280.00",0.0,0.0,"1,261.17","68,007.00","1,210.00","85,768,128.00",612,70.0,68.0,5.79,5.57,1.47,"1,370.00",700.00,,
2020/07/27,159,SICL,55.3,1305.0,1308.0,1230.0,1250.0,"1,250.00",0.0,0.0,"1,268.05","45,043.00","1,280.00","57,116,720.00",407,-30.0,78.0,-2.34,6.34,-1.44,"1,370.00",700.00,,
2020/03/10,138,SICL,40.53,980.0,980.0,931.0,931.0,931.00,0.0,0.0,939.60,"9,965.00",979.00,"9,363,076.00",82,-48.0,49.0,-4.9,5.26,-0.92,"1,370.00",700.00,,
2020/03/11,154,SICL,51.6,949.0,1005.0,922.0,1005.0,"1,005.00",0.0,0.0,949.34,"48,165.00",931.00,"45,724,792.00",229,74.0,83.0,7.95,9.0,5.54,"1,370.00",700.00,,
2020/03/12,157,SICL,46.64,1011.0,1011.0,940.0,950.0,950.00,0.0,0.0,962.20,"28,232.00","1,005.00","27,164,724.00",247,-55.0,71.0,-5.47,7.55,-1.28,"1,370.00",700.00,,
2020/03/15,149,SICL,40.55,960.0,960.0,865.0,875.0,875.00,0.0,0.0,917.15,"24,398.00",950.00,"22,376,734.00",206,-75.0,95.0,-7.89,10.98,-4.82,"1,370.00",700.00,,
2020/03/16,154,SICL,46.1,875.0,897.0,845.0,875.0,875.00,0.0,0.0,872.70,"23,923.00",875.00,"20,877,636.00",154,0.00,52.0,0.0,6.15,0.26,"1,370.00",700.00,,
2020/03/17,150,SICL,36.38,890.0,890.0,841.0,855.0,855.00,0.0,0.0,852.00,"31,273.00",875.00,"26,644,508.00",206,-20.00,49.0,-2.29,5.83,0.35,"1,370.00",700.00,,
2020/03/18,148,SICL,40.75,840.0,852.0,805.0,828.0,828.00,0.0,0.0,819.08,"15,869.00",855.00,"12,997,993.00",142,-27.0,47.0,-3.16,5.84,1.08,"1,370.00",700.00,,
2020/03/19,149,SICL,44.96,828.0,866.0,799.0,842.0,842.00,0.0,0.0,826.22,"21,624.00",828.00,"17,866,166.00",194,14.0,67.0,1.69,8.39,1.87,"1,370.00",700.00,,
2020/03/22,106,SICL,37.05,845.0,846.0,830.0,845.0,845.00,0.0,0.0,836.00,410.00,842.00,"342,760.00",8,3.0,16.0,0.36,1.93,1.07,"1,370.00",700.00,,
2020/05/12,72,SICL,32.65,837.0,844.0,820.0,820.0,820.00,0.0,0.0,836.24,355.00,845.00,"296,865.00",6,-25.0,24.0,-2.96,2.93,-1.98,"1,370.00",700.00,,
2020/05/13,65,SICL,31.76,804.0,804.0,796.0,796.0,796.00,0.0,0.0,800.00,20.00,820.00,"16,000.00",2,-24.0,8.0,-2.93,1.01,-0.5,"1,370.00",700.00,,
2020/06/22,272,SICL,30.43,639.1,650.0,639.0,644.0,644.00,0.0,0.0,642.00,"11,244.00",652.10,"7,218,650.10",106,-8.1,11.0,-1.24,1.72,0.31,905.00,588.80,757.69,772.49
2020/06/29,123,SICL,30.29,781.0,795.0,725.0,825.0,770.00,55.0,0.07,766.09,"4,037.00",796.00,"3,092,699.00",65,-26.0,70.0,-3.27,9.66,7.14,"1,370.00",700.00,,
2020/06/30,114,SICL,45.79,825.0,907.0,825.0,907.0,907.00,0.0,0.0,895.33,"2,652.00",825.00,"2,374,411.00",20,82.00,82.0,9.94,9.94,1.29,"1,370.00",700.00,,
2020/07/01,117,SICL,50.03,925.0,997.0,925.0,997.0,997.00,0.0,0.0,992.39,"4,537.00",907.00,"4,502,478.00",42,90.0,72.0,9.92,7.78,0.46,"1,370.00",700.00,,
2020/07/02,121,SICL,45.48,1016.0,1020.0,914.0,923.0,923.00,0.0,0.0,959.34,"6,266.00",997.00,"6,011,209.00",54,-74.0,106.0,-7.42,11.6,-3.94,"1,370.00",700.00,,
2020/02/13,146,SICL,52.25,1146.0,1150.0,1130.0,1142.0,"1,142.00",0.0,0.0,"1,140.23","37,475.00","1,134.00","42,730,128.00",159,8.0,20.0,0.71,1.77,0.15,"1,189.00",700.00,,
2020/02/15,272,SICL,30.43,639.1,650.0,639.0,644.0,644.00,0.0,0.0,642.00,"11,244.00",652.10,"7,218,650.10",106,-8.1,11.0,-1.24,1.72,0.31,905.00,588.80,757.69,772.49
2020/02/16,149,SICL,58.51,1162.0,1230.0,1156.0,1230.0,"1,230.00",0.0,0.0,"1,191.29","56,988.00","1,142.00","67,889,264.00",356,88.0,74.0,7.71,6.4,3.15,"1,230.00",700.00,,
2020/02/17,149,SICL,63.22,1254.0,1299.0,1240.0,1249.0,"1,249.00",0.0,0.0,"1,263.46","88,801.00","1,230.00","112,196,376.00",512,19.0,59.0,1.54,4.76,-1.16,"1,299.00",700.00,,
2020/02/18,154,SICL,64.92,1230.0,1265.0,1225.0,1248.0,"1,248.00",0.0,0.0,"1,244.82","49,161.00","1,249.00","61,196,716.00",310,-1.0,40.00,-0.08,3.27,0.25,"1,299.00",700.00,,
2020/02/19,151,SICL,60.52,1270.0,1270.0,1225.0,1240.0,"1,240.00",0.0,0.0,"1,234.22","40,748.00","1,248.00","50,291,820.00",269,-8.0,45.0,-0.64,3.67,0.47,"1,299.00",700.00,,
2020/02/20,154,SICL,61.53,1256.0,1300.0,1242.0,1300.0,"1,300.00",0.0,0.0,"1,275.21","83,431.00","1,240.00","106,391,752.00",408,60.0,58.0,4.84,4.67,1.91,"1,300.00",700.00,,
2020/02/23,152,SICL,61.98,1320.0,1365.0,1312.0,1347.0,"1,347.00",0.0,0.0,"1,337.75","77,549.00","1,300.00","103,741,280.00",442,47.0,53.0,3.62,4.04,0.69,"1,365.00",700.00,,
2020/02/24,153,SICL,63.83,1365.0,1370.0,1335.0,1340.0,"1,340.00",0.0,0.0,"1,343.87","91,112.00","1,347.00","122,442,712.00",635,-7.0,35.0,-0.52,2.62,-0.29,"1,370.00",700.00,,
2020/02/25,152,SICL,56.6,1074.0,1159.0,1074.0,1159.0,"1,159.00",0.0,0.0,"1,145.56","92,998.00","1,053.85","106,534,360.00",618,105.00,85.00,9.98,7.91,1.16,"1,370.00",700.00,,
2020/02/26,153,SICL,50.92,1182.0,1230.0,1170.0,1180.0,"1,180.00",0.0,0.0,"1,200.79","39,515.00","1,159.00","47,449,388.00",296,21.00,60.00,1.81,5.13,-1.76,"1,370.00",700.00,,
2020/02/27,153,SICL,52.68,1174.0,1195.0,1127.0,1159.0,"1,159.00",0.0,0.0,"1,163.24","38,097.00","1,180.00","44,315,860.00",191,-21.00,68.00,-1.78,6.03,-0.37,"1,370.00",700.00,,
2020/03/01,155,SICL,51.08,1159.0,1173.0,1095.0,1109.0,"1,109.00",0.0,0.0,"1,109.43","38,626.00","1,159.00","42,852,912.00",297,-50.00,78.0,-4.31,7.12,-0.04,"1,370.00",700.00,,
2020/03/02,148,SICL,43.38,1105.0,1107.0,1000.0,1000.0,"1,000.00",0.0,0.0,"1,054.86","18,049.00","1,109.00","19,039,216.00",138,-109.0,107.00,-9.83,10.7,-5.49,"1,370.00",700.00,,
2020/03/03,154,SICL,50.06,980.0,1070.0,931.0,1035.0,"1,035.00",0.0,0.0,"1,025.43","44,514.00","1,000.00","45,645,904.00",291,35.0,139.00,3.5,14.93,0.92,"1,370.00",700.00,,
2020/03/04,149,SICL,46.43,1015.0,1035.0,961.0,990.0,990.00,0.0,0.0,990.03,"35,280.00","1,035.00","34,928,132.00",260,-45.0,74.0,-4.35,7.7,0.0,"1,370.00",700.00,,
2020/01/21,155,SICL,56.99,951.0,997.0,940.0,980.0,980.00,0.0,0.0,967.35,"16,974.00",957.00,"16,419,723.00",118,23.0,57.0,2.4,6.06,1.29,"1,002.00",700.00,,
2020/01/22,151,SICL,58.66,998.0,998.0,960.0,984.0,984.00,0.0,0.0,979.53,"11,972.00",980.00,"11,726,896.00",110,4.0,38.0,0.41,3.96,0.45,"1,002.00",700.00,,
2020/01/23,146,SICL,58.07,999.0,1025.0,985.0,1013.0,"1,013.00",0.0,0.0,"1,008.87","54,473.00",984.00,"54,956,356.00",329,29.0,40.0,2.95,4.06,0.41,"1,025.00",700.00,,
2020/01/26,146,SICL,53.03,1025.0,1025.0,978.0,980.0,980.00,0.0,0.0,989.63,"7,098.00","1,013.00","7,024,389.00",98,-33.0,47.0,-3.26,4.81,-0.98,"1,025.00",700.00,,
2020/01/27,152,SICL,52.1,990.0,999.0,1000.0,1000.0,"1,000.00",0.0,0.0,992.85,"10,319.00",980.00,"10,245,269.00",79,20.0,-1.0,2.04,-0.1,0.71,"1,025.00",700.00,,
2020/01/28,151,SICL,61.99,1019.0,1085.0,1000.0,1080.0,"1,080.00",0.0,0.0,"1,039.28","32,650.00","1,000.00","33,932,336.00",246,80.0,85.0,8.0,8.5,3.77,"1,085.00",700.00,,
2020/01/29,149,SICL,63.0,1091.0,1143.0,1091.0,1127.0,"1,127.00",0.0,0.0,"1,126.50","55,250.00","1,080.00","62,239,200.00",433,47.0,52.0,4.35,4.77,0.04,"1,143.00",700.00,,
2020/01/30,150,SICL,64.58,1135.0,1184.0,1123.0,1149.0,"1,149.00",0.0,0.0,"1,151.27","44,024.00","1,127.00","50,683,532.00",335,22.0,61.0,1.95,5.43,-0.2,"1,184.00",700.00,,
2020/02/02,147,SICL,63.04,1150.0,1189.0,1150.0,1165.0,"1,165.00",0.0,0.0,"1,168.25","35,925.00","1,149.00","41,969,500.00",217,16.0,39.0,1.39,3.39,-0.28,"1,189.00",700.00,,
2020/02/03,149,SICL,56.16,1166.0,1188.0,1151.0,1180.0,"1,180.00",0.0,0.0,"1,178.92","19,935.00","1,165.00","23,501,678.00",126,15.0,37.0,1.29,3.21,0.09,"1,189.00",700.00,,
2020/02/04,149,SICL,52.29,1178.0,1179.0,1141.0,1144.0,"1,144.00",0.0,0.0,"1,159.18","17,083.00","1,180.00","19,802,296.00",140,-36.0,38.0,-3.05,3.33,-1.33,"1,189.00",700.00,,
2020/02/05,150,SICL,48.25,1160.0,1166.0,1132.0,1148.0,"1,148.00",0.0,0.0,"1,140.93","10,931.00","1,144.00","12,471,512.00",112,4.0,34.0,0.35,3.0,0.62,"1,189.00",700.00,,
2020/02/06,149,SICL,45.86,1164.0,1164.0,1137.0,1149.0,"1,149.00",0.0,0.0,"1,142.79","7,739.00","1,148.00","8,844,018.00",59,1.0,27.0,0.09,2.37,0.54,"1,189.00",700.00,,
2020/02/09,147,SICL,40.71,1130.0,1149.0,1115.0,1125.0,"1,125.00",0.0,0.0,"1,128.97","7,567.00","1,149.00","8,542,933.00",66,-24.0,34.0,-2.09,3.05,-0.35,"1,189.00",700.00,,
2020/02/10,148,SICL,47.53,1130.0,1130.0,1109.0,1129.0,"1,129.00",0.0,0.0,"1,116.35","11,962.00","1,125.00","13,353,760.00",73,4.0,21.0,0.36,1.89,1.12,"1,189.00",700.00,,
2020/02/11,149,SICL,52.01,1151.0,1156.0,1137.0,1143.0,"1,143.00",0.0,0.0,"1,144.23","16,109.00","1,129.00","18,432,344.00",79,14.0,19.0,1.24,1.67,-0.11,"1,189.00",700.00,,
2019/12/29,156,SICL,42.22,852.0,852.0,850.0,850.0,850.00,0.0,0.0,850.11,"9,240.00",858.00,"7,855,056.00",12,-8.0,2.0,-0.93,0.24,-0.01,975.00,700.00,,
2019/12/30,151,SICL,38.97,850.0,864.0,850.0,856.0,856.00,0.0,0.0,861.01,"1,537.00",850.00,"1,323,378.00",15,6.0,14.0,0.71,1.65,-0.59,975.00,700.00,,
2019/12/31,151,SICL,39.13,873.0,873.0,854.0,860.0,860.00,0.0,0.0,859.18,"1,087.00",856.00,"933,925.00",14,4.0,19.0,0.47,2.22,0.1,975.00,700.00,,
2020/01/01,149,SICL,37.49,858.0,861.0,853.0,856.0,856.00,0.0,0.0,859.75,"1,520.00",860.00,"1,306,820.00",13,-4.0,8.0,-0.47,0.94,-0.44,975.00,700.00,,
2020/01/02,146,SICL,38.58,856.0,857.0,850.0,850.0,850.00,0.0,0.0,855.02,"2,009.00",856.00,"1,717,737.00",27,-6.0,7.0,-0.7,0.82,-0.59,975.00,700.00,,
2020/01/05,145,SICL,43.44,851.0,858.0,850.0,857.0,857.00,0.0,0.0,854.10,"3,619.00",850.00,"3,090,994.00",28,7.0,8.0,0.82,0.94,0.34,975.00,700.00,,
2020/01/06,150,SICL,45.78,856.0,868.0,855.0,864.0,864.00,0.0,0.0,858.00,"4,144.00",857.00,"3,555,556.00",47,7.0,13.0,0.82,1.52,0.69,975.00,700.00,,
2020/01/07,151,SICL,46.5,850.0,867.0,850.0,865.0,865.00,0.0,0.0,864.68,"3,286.00",864.00,"2,841,323.00",35,1.0,17.0,0.12,2.0,0.04,975.00,700.00,,
2020/01/08,146,SICL,49.62,882.0,882.0,850.0,860.0,860.00,0.0,0.0,856.55,"4,883.00",865.00,"4,182,535.00",47,-5.0,32.0,-0.58,3.76,0.4,975.00,700.00,,
2020/01/09,150,SICL,61.07,860.0,909.0,860.0,900.0,900.00,0.0,0.0,889.49,"10,388.00",860.00,"9,240,064.00",91,40.0,49.0,4.65,5.7,1.17,975.00,700.00,,
2020/01/12,151,SICL,67.6,910.0,977.0,910.0,977.0,977.00,0.0,0.0,943.21,"25,739.00",900.00,"24,277,216.00",220,77.0,67.0,8.56,7.36,3.46,977.00,700.00,,
2020/01/13,155,SICL,68.94,977.0,989.0,940.0,940.0,940.00,0.0,0.0,960.17,"29,909.00",977.00,"28,717,816.00",195,-37.0,49.0,-3.79,5.21,-2.15,989.00,700.00,,
2020/01/14,156,SICL,63.73,950.0,965.0,929.0,940.0,940.00,0.0,0.0,943.87,"10,107.00",940.00,"9,539,687.00",71,0.0,36.0,0.0,3.88,-0.41,989.00,700.00,,
2020/01/15,149,SICL,45.47,955.0,964.0,936.0,945.0,945.00,0.0,0.0,943.52,"6,078.00",940.00,"5,734,692.00",58,5.0,28.0,0.53,2.99,0.16,989.00,700.00,,
2020/01/16,154,SICL,57.75,960.0,960.0,932.0,945.0,945.00,0.0,0.0,948.93,"13,596.00",945.00,"12,901,652.00",77,0.0,28.0,0.0,3.0,-0.42,989.00,700.00,,
2020/01/19,151,SICL,52.53,942.0,999.0,1000.0,1000.0,"1,000.00",0.0,0.0,978.69,"48,299.00",945.00,"47,269,736.00",208,55.0,-1.0,5.82,-0.1,2.13,999.00,700.00,,
2019/12/04,143,SICL,46.35,736.0,789.0,736.0,750.0,750.00,0.0,0.0,749.27,"4,590.00",736.00,"3,439,148.00",23,14.0,53.0,1.9,7.2,0.1,975.00,700.00,,
2019/12/05,143,SICL,57.31,765.0,780.0,765.0,780.0,780.00,0.0,0.0,769.97,"3,181.00",750.00,"2,449,275.00",29,30.0,15.0,4.0,1.96,1.29,975.00,700.00,,
2019/12/08,145,SICL,55.16,782.0,782.0,773.0,779.0,779.00,0.0,0.0,777.40,"3,479.00",780.00,"2,704,579.00",25,-1.0,9.0,-0.13,1.16,0.21,975.00,700.00,,
2019/12/09,148,SICL,59.53,770.0,804.0,770.0,788.0,788.00,0.0,0.0,790.58,"6,061.00",779.00,"4,791,728.00",37,9.0,34.0,1.16,4.42,-0.33,975.00,700.00,,
2019/12/10,144,SICL,56.9,803.0,803.0,792.0,795.0,795.00,0.0,0.0,796.42,"3,626.00",788.00,"2,887,814.00",34,7.0,11.0,0.89,1.39,-0.18,975.00,700.00,,
2019/12/11,146,SICL,55.31,790.0,835.0,788.0,821.0,821.00,0.0,0.0,812.53,"5,019.00",795.00,"4,078,108.00",48,26.0,47.0,3.27,5.96,1.03,975.00,700.00,,
2019/12/12,141,SICL,65.49,828.0,880.0,825.0,870.0,870.00,0.0,0.0,849.94,"13,323.00",821.00,"11,323,697.00",107,49.0,55.0,5.97,6.67,2.31,975.00,700.00,,
2019/12/15,144,SICL,58.78,870.0,885.0,839.0,860.0,860.00,0.0,0.0,864.89,"6,967.00",870.00,"6,025,654.00",69,-10.0,46.0,-1.15,5.48,-0.57,975.00,700.00,,
2019/12/16,141,SICL,54.33,855.0,855.0,824.0,845.0,845.00,0.0,0.0,835.80,"3,368.00",860.00,"2,814,960.00",28,-15.0,31.0,-1.74,3.76,1.09,975.00,700.00,,
2019/12/17,142,SICL,54.92,844.0,862.0,840.0,860.0,860.00,0.0,0.0,850.69,"7,958.00",845.00,"6,769,830.00",41,15.0,22.0,1.78,2.62,1.08,975.00,700.00,,
2019/12/18,140,SICL,43.16,866.0,866.0,849.0,851.0,851.00,0.0,0.0,851.33,"1,220.00",860.00,"1,038,620.00",17,-9.0,17.0,-1.05,2.0,-0.04,975.00,700.00,,
2019/12/19,146,SICL,45.01,849.0,858.0,843.0,843.0,843.00,0.0,0.0,845.53,"2,523.00",851.00,"2,133,270.00",14,-8.0,15.0,-0.94,1.78,-0.3,975.00,700.00,,
2019/12/22,142,SICL,46.02,841.0,870.0,835.0,869.0,869.00,0.0,0.0,851.22,"4,031.00",843.00,"3,431,264.00",36,26.0,35.0,3.08,4.19,2.05,975.00,700.00,,
2019/12/23,149,SICL,47.62,870.0,872.0,850.0,868.0,868.00,0.0,0.0,860.71,"7,489.00",869.00,"6,445,820.00",53,-1.00,22.0,-0.12,2.59,0.84,975.00,700.00,,
2019/12/24,146,SICL,42.37,885.0,885.0,850.0,850.0,850.00,0.0,0.0,856.27,"3,989.00",868.00,"3,415,659.00",38,-18.0,35.0,-2.07,4.12,-0.74,975.00,700.00,,
2019/12/25,150,SICL,40.45,865.0,865.0,845.0,846.0,846.00,0.0,0.0,848.69,"3,024.00",850.00,"2,566,448.00",19,-4.0,20.0,-0.47,2.37,-0.32,975.00,700.00,,
2019/11/11,150,SICL,50.63,731.0,749.0,730.0,736.0,736.00,0.0,0.0,735.49,"2,724.00",735.00,"2,003,465.00",16,1.0,19.0,0.14,2.6,0.07,975.00,700.00,,
2019/11/12,139,SICL,41.08,734.0,743.0,732.0,743.0,743.00,0.0,0.0,734.07,"1,011.00",736.00,"742,140.00",9,7.0,11.0,0.95,1.5,1.2,975.00,700.00,,
2019/11/13,129,SICL,49.85,742.0,748.0,740.0,743.0,743.00,0.0,0.0,742.37,"3,829.00",743.00,"2,842,521.00",16,0.0,8.0,0.0,1.08,0.09,975.00,700.00,,
2019/11/14,138,SICL,38.83,742.0,742.0,737.0,738.0,738.00,0.0,0.0,739.59,572.00,743.00,"423,045.00",8,-5.0,5.0,-0.67,0.68,-0.22,975.00,700.00,,
2019/11/17,135,SICL,37.1,741.0,741.0,733.0,733.0,733.00,0.0,0.0,736.63,"1,329.00",738.00,"978,987.00",16,-5.0,8.0,-0.68,1.09,-0.5,975.00,700.00,,
2019/11/18,133,SICL,32.62,735.0,737.0,735.0,737.0,737.00,0.0,0.0,736.28,156.00,733.00,"114,860.00",4,4.0,2.0,0.55,0.27,0.1,975.00,700.00,,
2019/11/19,140,SICL,29.83,735.0,740.0,735.0,737.0,737.00,0.0,0.0,737.18,275.00,737.00,"202,725.00",7,0.0,5.0,0.0,0.68,-0.02,975.00,700.00,,
2019/11/20,272,SICL,30.43,639.1,650.0,639.0,644.0,644.00,0.0,0.0,642.00,"11,244.00",652.10,"7,218,650.10",106,-8.1,11.0,-1.24,1.72,0.31,905.00,588.80,757.69,772.49
2019/11/21,140,SICL,33.38,735.0,735.0,735.0,735.0,735.00,0.0,0.0,735.00,120.00,739.00,"88,200.00",2,-4.0,0.0,-0.54,0.0,0.0,975.00,700.00,,
2019/11/24,138,SICL,35.96,735.0,739.0,725.0,735.0,735.00,0.0,0.0,731.56,"1,407.00",735.00,"1,029,302.00",18,0.0,14.0,0.0,1.93,0.47,975.00,700.00,,
2019/11/25,142,SICL,35.84,726.0,735.0,726.0,735.0,735.00,0.0,0.0,730.63,445.00,735.00,"325,130.00",7,0.0,9.0,0.0,1.24,0.59,975.00,700.00,,
2019/11/26,139,SICL,36.16,737.0,738.0,736.0,738.0,738.00,0.0,0.0,737.91,"2,281.00",735.00,"1,683,169.00",13,3.0,2.0,0.41,0.27,0.01,975.00,700.00,,
2019/11/27,140,SICL,50.53,738.0,745.0,738.0,745.0,745.00,0.0,0.0,739.72,905.00,738.00,"669,450.00",4,7.0,7.0,0.95,0.95,0.71,975.00,700.00,,
2019/11/28,140,SICL,47.53,745.0,755.0,745.0,749.0,749.00,0.0,0.0,746.15,585.00,745.00,"436,500.00",11,4.0,10.0,0.54,1.34,0.38,975.00,700.00,,
2019/12/01,136,SICL,42.95,736.0,745.0,736.0,740.0,740.00,0.0,0.0,740.79,698.00,749.00,"517,071.00",11,-9.0,9.0,-1.2,1.22,-0.11,975.00,700.00,,
2019/12/02,138,SICL,35.71,735.0,740.0,731.0,732.0,732.00,0.0,0.0,736.22,"2,388.00",740.00,"1,758,090.00",26,-8.0,9.0,-1.08,1.23,-0.58,975.00,700.00,,
2019/10/10,103,SICL,45.12,715.0,715.0,715.0,715.0,715.00,0.0,0.0,715.00,100.00,715.00,"71,500.00",1,0.0,0.0,0.0,0.0,0.0,975.00,700.00,,
2019/10/14,130,SICL,43.64,729.0,729.0,705.0,710.0,710.00,0.0,0.0,713.15,"1,015.00",715.00,"723,844.00",9,-5.0,24.0,-0.7,3.4,-0.44,975.00,700.00,,
2019/10/15,129,SICL,49.95,710.0,724.0,710.0,724.0,724.00,0.0,0.0,714.72,817.00,710.00,"583,926.00",10,14.0,14.0,1.97,1.97,1.28,975.00,700.00,,
2019/10/16,132,SICL,48.39,728.0,728.0,722.0,724.0,724.00,0.0,0.0,725.44,609.00,724.00,"441,796.00",14,0.0,6.0,0.0,0.83,-0.2,975.00,700.00,,
2019/10/17,132,SICL,53.64,725.0,730.0,720.0,725.0,725.00,0.0,0.0,721.22,"4,272.00",724.00,"3,081,048.00",10,1.0,10.0,0.14,1.39,0.52,975.00,700.00,,
2019/10/20,110,SICL,46.54,720.0,720.0,716.0,720.0,720.00,0.0,0.0,719.18,414.00,725.00,"297,740.00",5,-5.0,4.0,-0.69,0.56,0.11,975.00,700.00,,
2019/10/21,124,SICL,37.53,720.0,732.0,718.0,721.0,721.00,0.0,0.0,719.82,"2,645.00",720.00,"1,903,934.00",18,1.0,14.0,0.14,1.95,0.16,975.00,700.00,,
2019/10/22,133,SICL,53.2,735.0,735.0,726.0,735.0,735.00,0.0,0.0,730.73,"1,694.00",721.00,"1,237,854.00",10,14.0,9.0,1.94,1.24,0.58,975.00,700.00,,
2019/10/23,131,SICL,54.46,735.0,740.0,735.0,735.0,735.00,0.0,0.0,736.44,"2,314.00",735.00,"1,704,124.00",24,0.0,5.0,0.0,0.68,-0.2,975.00,700.00,,
2019/10/24,132,SICL,52.89,744.0,744.0,735.0,739.0,739.00,0.0,0.0,736.41,"1,261.00",735.00,"928,617.00",9,4.0,9.0,0.54,1.22,0.35,975.00,700.00,,
2019/10/31,133,SICL,32.93,736.0,736.0,734.0,734.0,734.00,0.0,0.0,735.22,120.00,739.00,"88,226.00",5,-5.0,2.0,-0.68,0.27,-0.17,975.00,700.00,,
2019/11/03,139,SICL,33.88,733.0,734.0,727.0,731.0,731.00,0.0,0.0,729.69,765.00,734.00,"558,213.00",11,-3.0,7.0,-0.41,0.96,0.18,975.00,700.00,,
2019/11/04,140,SICL,42.21,735.0,735.0,727.0,733.0,733.00,0.0,0.0,729.17,"2,768.00",731.00,"2,018,345.00",24,2.0,8.0,0.27,1.1,0.52,975.00,700.00,,
2019/11/05,137,SICL,31.93,740.0,740.0,727.0,727.0,727.00,0.0,0.0,736.34,399.00,733.00,"293,801.00",6,-6.0,13.0,-0.82,1.79,-1.29,975.00,700.00,,
2019/11/06,136,SICL,35.89,735.0,735.0,730.0,735.0,735.00,0.0,0.0,732.21,410.00,727.00,"300,207.00",9,8.0,5.0,1.1,0.68,0.38,975.00,700.00,,
2019/11/07,137,SICL,38.23,737.0,737.0,731.0,731.0,731.00,0.0,0.0,733.46,"1,145.00",735.00,"839,815.00",20,-4.0,6.0,-0.54,0.82,-0.34,975.00,700.00,,
2019/09/12,146,SICL,35.95,738.0,740.0,726.0,730.0,730.00,0.0,0.0,734.44,"5,380.00",739.00,"3,951,287.00",37,-9.0,14.0,-1.22,1.93,-0.61,989.00,726.00,,
2019/09/15,138,SICL,27.31,730.0,730.0,722.0,725.0,725.00,0.0,0.0,724.43,700.00,730.00,"507,100.00",5,-5.0,8.0,-0.68,1.11,0.08,989.00,722.00,,
2019/09/16,143,SICL,34.31,720.0,725.0,706.0,709.0,709.00,0.0,0.0,710.64,"3,197.00",725.00,"2,271,902.00",31,-16.0,19.0,-2.21,2.69,-0.23,989.00,706.00,,
2019/09/17,146,SICL,39.45,709.0,732.0,709.0,726.0,726.00,0.0,0.0,725.52,589.00,709.00,"427,332.00",11,17.0,23.0,2.4,3.24,0.07,989.00,706.00,,
2019/09/18,145,SICL,50.53,740.0,753.0,725.0,750.0,750.00,0.0,0.0,740.69,"1,180.00",726.00,"874,010.00",15,24.0,28.0,3.31,3.86,1.24,984.00,706.00,,
2019/09/19,126,SICL,49.77,745.0,745.0,735.0,741.0,741.00,0.0,0.0,740.30,"1,720.00",750.00,"1,273,319.00",8,-9.0,10.0,-1.2,1.36,0.09,975.00,706.00,,
2019/09/22,142,SICL,41.93,725.0,730.0,706.0,706.0,706.00,0.0,0.0,714.53,"1,958.00",741.00,"1,399,040.00",22,-35.0,24.0,-4.72,3.4,-1.21,975.00,706.00,,
2019/09/23,144,SICL,34.59,710.0,714.0,710.0,714.0,714.00,0.0,0.0,711.05,570.00,706.00,"405,300.00",7,8.0,4.0,1.13,0.56,0.41,975.00,706.00,,
2019/09/24,147,SICL,29.12,706.0,715.0,706.0,715.0,715.00,0.0,0.0,712.69,521.00,714.00,"371,309.00",9,1.0,9.0,0.14,1.27,0.32,975.00,706.00,,
2019/09/25,140,SICL,28.48,702.0,716.0,702.0,708.0,708.00,0.0,0.0,708.04,280.00,715.00,"198,250.00",6,-7.0,14.0,-0.98,1.99,-0.01,975.00,702.00,,
2019/09/26,141,SICL,42.53,705.0,710.0,705.0,705.0,705.00,0.0,0.0,706.63,868.00,708.00,"613,357.00",12,-3.0,5.0,-0.42,0.71,-0.23,975.00,702.00,,
2019/09/29,133,SICL,31.64,700.0,702.0,700.0,701.0,701.00,0.0,0.0,700.48,196.00,705.00,"137,295.00",6,-4.0,2.0,-0.57,0.29,0.07,975.00,700.00,,
2019/09/30,132,SICL,36.43,706.0,710.0,706.0,706.0,706.00,0.0,0.0,707.07,308.00,701.00,"217,778.00",4,5.0,4.0,0.71,0.57,-0.15,975.00,700.00,,
2019/10/01,139,SICL,45.85,715.0,715.0,712.0,715.0,715.00,0.0,0.0,714.79,585.00,706.00,"418,155.00",6,9.0,3.0,1.27,0.42,0.03,975.00,700.00,,
2019/10/02,136,SICL,44.51,720.0,720.0,708.0,708.0,708.00,0.0,0.0,712.34,949.00,715.00,"676,011.00",18,-7.0,12.0,-0.98,1.69,-0.61,975.00,700.00,,
2019/10/03,130,SICL,50.68,712.0,715.0,712.0,715.0,715.00,0.0,0.0,714.93,"4,034.00",708.00,"2,884,010.00",2,7.00,3.00,0.99,0.42,0.01,975.00,700.00,,
2019/11/10,140,SICL,38.93,734.0,736.0,734.0,735.0,735.00,0.0,0.0,735.83,"1,261.00",731.00,"927,880.00",9,4.0,2.0,0.55,0.27,-0.11,975.00,700.00,,
2019/12/03,144,SICL,35.36,732.0,740.0,732.0,736.0,736.00,0.0,0.0,737.42,"1,389.00",732.00,"1,024,277.00",14,4.0,8.0,0.55,1.09,-0.19,975.00,700.00,,
2019/12/26,148,SICL,38.12,858.0,862.0,850.0,858.0,858.00,0.0,0.0,856.51,"2,794.00",846.00,"2,393,088.00",23,12.00,12.0,1.42,1.41,0.17,975.00,700.00,,
2020/01/20,155,SICL,58.98,1000.0,1002.0,942.0,957.0,957.00,0.0,0.0,968.22,"22,582.00","1,000.00","21,864,444.00",195,-43.0,60.0,-4.3,6.37,-1.17,"1,025.00",700.00,,
2020/02/12,146,SICL,48.54,1150.0,1150.0,1130.0,1134.0,"1,134.00",0.0,0.0,"1,136.33","13,354.00","1,143.00","15,174,565.00",94,-9.0,20.0,-0.79,1.77,-0.21,"1,189.00",700.00,,
2020/03/05,153,SICL,45.21,971.0,1010.0,953.0,979.0,979.00,0.0,0.0,976.57,"27,721.00",990.00,"27,071,594.00",167,-11.0,57.0,-1.11,5.98,0.25,"1,370.00",700.00,,
2020/07/05,147,SICL,47.26,905.0,940.0,887.0,935.0,935.00,0.0,0.0,923.47,"8,758.00",923.00,"8,087,771.00",78,12.0,53.0,1.3,5.98,1.23,"1,370.00",700.00,,
2020/07/28,157,SICL,52.6,1232.0,1267.0,1232.0,1243.0,"1,243.00",0.0,0.0,"1,248.22","24,116.00","1,250.00","30,102,144.00",197,-7.0,35.0,-0.56,2.84,-0.42,"1,370.00",700.00,,
2020/08/23,158,SICL,44.27,1244.0,1244.0,1221.0,1240.0,"1,240.00",0.0,0.0,"1,232.35","15,272.00","1,225.00","18,820,525.00",131,15.0,23.0,1.22,1.88,0.62,"1,370.00",700.00,,
2020/09/16,167,SICL,45.57,1382.0,1382.0,1362.0,1368.0,"1,368.00",0.0,0.0,"1,373.51","23,709.00","1,374.00","32,564,433.00",144,-6.0,20.0,-0.44,1.47,-0.4,"1,415.00",700.00,,
2020/10/11,167,SICL,49.24,1333.0,1339.0,1320.0,1322.0,"1,322.00",0.0,0.0,"1,325.75","13,230.00","1,333.00","17,539,660.00",117,-11.0,19.0,-0.83,1.44,-0.28,"1,415.00",705.00,,
2020/11/05,171,SICL,53.73,1382.0,1390.0,1377.0,1387.0,"1,387.00",0.0,0.0,"1,383.78","21,268.00","1,387.00","29,430,220.00",143,0.0,13.0,0.0,0.94,0.23,"1,415.00",725.00,,
2020/12/03,172,SICL,56.18,1720.0,1750.0,1692.0,1693.0,"1,693.00",0.0,0.0,"1,714.34","62,645.00","1,708.00","107,395,024.00",429,-15.0,58.00,-0.88,3.43,-1.26,"1,806.00",725.00,,
2020/12/27,175,SICL,60.68,1700.0,1803.0,1698.0,1704.0,"1,704.00",0.0,0.0,"1,720.33","44,994.00","1,759.00","77,404,709.00",440,-55.0,105.0,-3.13,6.18,-0.96,"1,930.00",725.00,,
2021/01/20,178,SICL,70.52,1955.0,2025.0,1861.0,2022.0,"2,022.00",0.0,0.0,"1,944.72","129,564.00","1,862.00","251,965,613.00","1,160",160.0,164.0,8.59,8.81,3.82,"2,025.00",725.00,,
2019/08/20,141,SICL,45.21,765.0,780.0,765.0,780.0,780.00,0.0,0.0,771.36,489.00,775.00,"377,193.00",12,5.0,15.0,0.65,1.96,1.11,989.00,726.00,,
2019/08/21,137,SICL,48.69,785.0,785.0,773.0,780.0,780.00,0.0,0.0,777.41,"2,919.00",780.00,"2,269,250.00",25,0.0,12.0,0.0,1.55,0.33,989.00,726.00,,
2019/08/22,146,SICL,44.07,775.0,776.0,767.0,767.0,767.00,0.0,0.0,770.65,824.00,780.00,"635,018.00",11,-13.0,9.0,-1.67,1.17,-0.48,989.00,726.00,,
2019/08/25,272,SICL,30.43,639.1,650.0,639.0,644.0,644.00,0.0,0.0,642.00,"11,244.00",652.10,"7,218,650.10",106,-8.1,11.0,-1.24,1.72,0.31,905.00,588.80,757.69,772.49
2019/08/26,143,SICL,38.68,761.0,769.0,756.0,769.0,769.00,0.0,0.0,758.44,541.00,767.00,"410,317.00",11,2.0,13.0,0.26,1.72,1.37,989.00,726.00,,
2019/08/27,142,SICL,33.18,765.0,774.0,760.0,765.0,765.00,0.0,0.0,764.10,342.00,769.00,"261,323.00",8,-4.0,14.0,-0.52,1.84,0.12,989.00,726.00,,
2019/08/28,144,SICL,37.18,760.0,760.0,750.0,751.0,751.00,0.0,0.0,752.63,"2,229.00",765.00,"1,677,614.00",23,-14.0,10.0,-1.83,1.33,-0.22,989.00,726.00,,
2019/08/29,144,SICL,39.5,766.0,778.0,755.0,755.0,755.00,0.0,0.0,763.62,"1,066.00",751.00,"814,016.00",8,4.0,23.0,0.53,3.05,-1.14,989.00,726.00,,
2019/09/01,143,SICL,39.3,750.0,755.0,750.0,754.0,754.00,0.0,0.0,753.78,"1,459.00",755.00,"1,099,772.00",11,-1.0,5.0,-0.13,0.67,0.03,989.00,726.00,,
2019/09/02,145,SICL,39.34,754.0,755.0,750.0,755.0,755.00,0.0,0.0,751.47,"1,033.00",754.00,"776,265.00",14,1.0,5.0,0.13,0.67,0.47,989.00,726.00,,
2019/09/03,146,SICL,55.05,754.0,770.0,746.0,770.0,770.00,0.0,0.0,756.15,"1,863.00",755.00,"1,408,700.00",13,15.0,24.0,1.99,3.22,1.8,989.00,726.00,,
2019/09/04,144,SICL,51.45,760.0,768.0,760.0,768.0,768.00,0.0,0.0,764.27,"1,293.00",770.00,"988,200.00",9,-2.0,8.0,-0.26,1.05,0.49,989.00,726.00,,
2019/09/05,143,SICL,55.95,768.0,780.0,765.0,780.0,780.00,0.0,0.0,765.29,"10,899.00",768.00,"8,340,888.00",17,12.0,15.0,1.56,1.96,1.89,989.00,726.00,,
2019/09/08,141,SICL,48.85,790.0,790.0,763.0,763.0,763.00,0.0,0.0,771.29,"1,620.00",780.00,"1,249,490.00",11,-17.0,27.0,-2.18,3.54,-1.09,989.00,726.00,,
2019/09/09,148,SICL,39.31,763.0,765.0,751.0,765.0,765.00,0.0,0.0,753.99,762.00,763.00,"574,539.00",15,2.0,14.0,0.26,1.86,1.44,989.00,726.00,,
2019/09/10,147,SICL,33.67,765.0,765.0,748.0,748.0,748.00,0.0,0.0,750.64,778.00,765.00,"583,996.00",7,-17.0,17.0,-2.22,2.27,-0.35,989.00,726.00,,
2019/07/28,145,SICL,48.24,810.0,810.0,798.0,800.0,800.00,0.0,0.0,803.14,"5,925.00",817.00,"4,758,578.00",44,-17.0,12.0,-2.08,1.5,-0.39,989.00,726.00,,
2019/07/29,141,SICL,40.43,800.0,800.0,792.0,799.0,799.00,0.0,0.0,796.67,"1,153.00",800.00,"918,558.00",17,-1.0,8.0,-0.13,1.01,0.29,989.00,726.00,,
2019/07/30,147,SICL,45.08,813.0,813.0,795.0,802.0,802.00,0.0,0.0,799.98,"8,665.00",799.00,"6,931,809.00",41,3.0,18.0,0.38,2.26,0.25,989.00,726.00,,
2019/07/31,143,SICL,41.86,800.0,801.0,800.0,800.0,800.00,0.0,0.0,800.01,"2,510.00",802.00,"2,008,030.00",13,-2.0,1.0,-0.25,0.13,0.0,989.00,726.00,,
2019/08/01,143,SICL,46.81,815.0,815.0,796.0,796.0,796.00,0.0,0.0,799.10,"8,633.00",800.00,"6,898,624.00",47,-4.0,19.0,-0.5,2.39,-0.39,989.00,726.00,,
2019/08/04,145,SICL,37.23,805.0,805.0,790.0,791.0,791.00,0.0,0.0,791.27,"2,682.00",796.00,"2,122,177.00",10,-5.0,15.0,-0.63,1.9,-0.03,989.00,726.00,,
2019/08/05,144,SICL,37.28,799.0,805.0,795.0,799.0,799.00,0.0,0.0,797.28,376.00,791.00,"299,776.00",8,8.0,10.0,1.01,1.26,0.22,989.00,726.00,,
2019/08/06,143,SICL,38.75,791.0,792.0,788.0,788.0,788.00,0.0,0.0,789.57,"4,245.00",799.00,"3,351,725.00",17,-11.0,4.0,-1.38,0.51,-0.2,989.00,726.00,,
2019/08/07,146,SICL,38.27,773.0,790.0,773.0,785.0,785.00,0.0,0.0,786.23,"2,351.00",788.00,"1,848,433.00",16,-3.0,17.0,-0.38,2.2,-0.16,989.00,726.00,,
2019/08/08,142,SICL,39.16,770.0,775.0,770.0,770.0,770.00,0.0,0.0,771.76,"3,457.00",785.00,"2,667,975.00",34,-15.0,5.0,-1.91,0.65,-0.23,989.00,726.00,,
2019/08/11,141,SICL,41.8,764.0,770.0,762.0,765.0,765.00,0.0,0.0,763.92,"1,166.00",770.00,"890,727.00",15,-5.0,8.0,-0.65,1.05,0.14,989.00,726.00,,
2019/08/12,147,SICL,33.01,765.0,776.0,765.0,775.0,775.00,0.0,0.0,770.93,"1,103.00",765.00,"850,340.00",19,10.0,11.0,1.31,1.44,0.52,989.00,726.00,,
2019/08/13,141,SICL,29.49,770.0,780.0,770.0,772.0,772.00,0.0,0.0,772.91,624.00,775.00,"482,296.00",11,-3.0,10.0,-0.39,1.3,-0.12,989.00,726.00,,
2019/08/14,145,SICL,45.91,771.0,775.0,770.0,770.0,770.00,0.0,0.0,771.15,"1,729.00",772.00,"1,333,322.00",18,-2.0,5.0,-0.26,0.65,-0.15,989.00,726.00,,
2019/08/15,133,SICL,48.45,785.0,785.0,773.0,773.0,773.00,0.0,0.0,774.93,980.00,770.00,"759,430.00",12,3.0,12.0,0.39,1.55,-0.25,989.00,726.00,,
2019/08/18,136,SICL,31.12,765.0,770.0,761.0,763.0,763.00,0.0,0.0,763.36,688.00,773.00,"525,189.00",9,-10.0,9.0,-1.29,1.18,-0.05,989.00,726.00,,
2019/07/03,148,SICL,55.0,775.0,775.0,759.0,761.0,761.00,0.0,0.0,763.05,"3,160.00",760.00,"2,411,231.00",41,1.0,16.0,0.13,2.11,-0.27,"1,000.00",726.00,,
2019/07/04,150,SICL,53.01,761.0,770.0,761.0,762.0,762.00,0.0,0.0,763.67,"2,616.00",761.00,"1,997,763.00",39,1.0,9.0,0.13,1.18,-0.22,"1,000.00",726.00,,
2019/07/07,147,SICL,50.22,756.0,767.0,756.0,767.0,767.00,0.0,0.0,759.03,"1,908.00",762.00,"1,448,224.00",16,5.0,11.0,0.66,1.46,1.04,"1,000.00",726.00,,
2019/07/08,147,SICL,51.27,766.0,769.0,765.0,765.0,765.00,0.0,0.0,766.71,"4,419.00",767.00,"3,388,084.00",26,-2.0,4.0,-0.26,0.52,-0.22,"1,000.00",726.00,,
2019/07/09,142,SICL,49.72,765.0,770.0,761.0,763.0,763.00,0.0,0.0,765.40,"3,008.00",765.00,"2,302,324.00",42,-2.0,9.0,-0.26,1.18,-0.31,989.00,726.00,,
2019/07/10,145,SICL,46.5,764.0,766.0,764.0,766.0,766.00,0.0,0.0,765.01,489.00,763.00,"374,091.00",10,3.0,2.0,0.39,0.26,0.13,989.00,726.00,,
2019/07/11,147,SICL,50.18,764.0,768.0,762.0,766.0,766.00,0.0,0.0,764.84,"4,063.00",766.00,"3,107,542.00",35,0.0,6.0,0.0,0.79,0.15,989.00,726.00,,
2019/07/14,135,SICL,45.0,766.0,770.0,765.0,765.0,765.00,0.0,0.0,765.90,"1,372.00",766.00,"1,050,820.00",17,-1.0,5.0,-0.13,0.65,-0.12,989.00,726.00,,
2019/07/15,146,SICL,47.71,770.0,771.0,769.0,771.0,771.00,0.0,0.0,769.47,496.00,765.00,"381,655.00",12,6.0,2.0,0.78,0.26,0.2,989.00,726.00,,
2019/07/16,139,SICL,46.89,809.0,809.0,770.0,771.0,771.00,0.0,0.0,772.75,683.00,771.00,"527,789.00",10,0.0,39.0,0.0,5.06,-0.23,989.00,726.00,,
2019/07/17,139,SICL,51.16,772.0,805.0,772.0,780.0,780.00,0.0,0.0,782.40,"1,311.00",771.00,"1,025,721.00",16,9.0,33.0,1.17,4.27,-0.31,989.00,726.00,,
2019/07/18,136,SICL,51.0,782.0,787.0,780.0,780.0,780.00,0.0,0.0,781.47,"1,090.00",780.00,"851,800.00",6,0.0,7.0,0.0,0.9,-0.19,989.00,726.00,,
2019/07/21,140,SICL,44.31,781.0,782.0,780.0,781.0,781.00,0.0,0.0,780.80,"1,055.00",780.00,"823,745.00",11,1.0,2.0,0.13,0.26,0.03,989.00,726.00,,
2019/07/22,142,SICL,55.96,783.0,793.0,783.0,789.0,789.00,0.0,0.0,786.24,"3,346.00",781.00,"2,630,746.00",31,8.0,10.0,1.02,1.28,0.35,989.00,726.00,,
2019/07/23,144,SICL,52.01,799.0,809.0,796.0,800.0,800.00,0.0,0.0,802.95,"2,239.00",789.00,"1,797,815.00",49,11.0,13.0,1.39,1.63,-0.37,989.00,726.00,,
2019/07/24,145,SICL,58.02,820.0,824.0,805.0,824.0,824.00,0.0,0.0,812.57,"5,974.00",800.00,"4,854,300.00",65,24.0,19.0,3.0,2.36,1.39,989.00,726.00,,
2019/06/10,148,SICL,-,835.0,835.0,825.0,830.0,830.00,0.0,0.0,828.55,"1,449.00",834.00,"1,200,569.00",24,-4.0,10.0,-0.48,1.21,0.17,"1,016.00",760.00,,
2019/06/11,149,SICL,-,829.0,832.0,825.0,825.0,825.00,0.0,0.0,827.66,"1,537.00",830.00,"1,272,111.00",18,-5.0,7.0,-0.6,0.85,-0.32,"1,016.00",760.00,,
2019/06/12,149,SICL,-,811.0,827.0,811.0,825.0,825.00,0.0,0.0,817.65,733.00,825.00,"599,334.00",10,0.0,16.0,0.0,1.97,0.89,"1,000.00",760.00,,
2019/06/13,146,SICL,-,818.0,825.0,818.0,825.0,825.00,0.0,0.0,819.41,"1,275.00",825.00,"1,044,745.00",14,0.0,7.0,0.0,0.86,0.68,"1,000.00",760.00,,
2019/06/16,149,SICL,-,813.0,820.0,808.0,808.0,808.00,0.0,0.0,814.42,"9,043.00",825.00,"7,364,773.00",29,-17.0,12.0,-2.06,1.49,-0.79,"1,000.00",760.00,,
2019/06/17,148,SICL,-,800.0,822.0,795.0,806.0,806.00,0.0,0.0,807.05,978.00,808.00,"789,293.00",22,-2.0,27.0,-0.25,3.4,-0.13,"1,000.00",760.00,,
2019/06/18,151,SICL,-,809.0,819.0,809.0,810.0,810.00,0.0,0.0,813.42,"1,653.00",806.00,"1,344,587.00",14,4.0,10.0,0.5,1.24,-0.42,"1,000.00",760.00,,
2019/06/19,144,SICL,40.89,812.0,814.0,802.0,802.0,802.00,0.0,0.0,807.52,"3,114.00",810.00,"2,514,628.00",25,-8.0,12.0,-0.99,1.5,-0.69,"1,000.00",760.00,,
2019/06/20,146,SICL,44.58,800.0,810.0,800.0,806.0,806.00,0.0,0.0,806.56,708.00,802.00,"571,048.00",10,4.0,10.0,0.5,1.25,-0.07,"1,000.00",760.00,,
2019/06/23,146,SICL,44.22,800.0,800.0,745.0,754.0,754.00,0.0,0.0,755.80,"17,352.00",806.00,"13,114,639.00",200,-52.0,55.0,-6.45,7.38,-0.24,"1,000.00",745.00,,
2019/06/24,148,SICL,40.94,767.0,769.0,761.0,768.0,768.00,0.0,0.0,764.36,"2,827.00",754.00,"2,160,856.00",27,14.0,8.0,1.86,1.05,0.47,"1,000.00",745.00,,
2019/06/25,149,SICL,41.3,765.0,773.0,760.0,760.0,760.00,0.0,0.0,764.49,"3,129.00",768.00,"2,392,079.00",31,-8.0,13.0,-1.04,1.71,-0.59,"1,000.00",745.00,,
2019/06/26,143,SICL,38.85,760.0,760.0,750.0,751.0,751.00,0.0,0.0,757.11,"2,745.00",760.00,"2,078,270.00",24,-9.0,10.0,-1.18,1.33,-0.81,"1,000.00",745.00,,
2019/06/27,147,SICL,48.02,755.0,755.0,740.0,740.0,740.00,0.0,0.0,748.01,"3,224.00",751.00,"2,411,585.00",33,-11.0,15.0,-1.46,2.03,-1.08,"1,000.00",740.00,,
2019/06/30,148,SICL,43.28,740.0,740.0,726.0,730.0,730.00,0.0,0.0,732.05,"4,331.00",740.00,"3,170,506.00",40,-10.0,14.0,-1.35,1.93,-0.28,"1,000.00",726.00,,
2019/07/01,144,SICL,47.71,735.0,745.0,726.0,735.0,735.00,0.0,0.0,734.03,"5,888.00",730.00,"4,321,986.00",39,5.0,19.0,0.68,2.62,0.13,"1,000.00",726.00,,
2019/05/14,147,SICL,-,911.0,911.0,882.0,895.0,895.00,0.0,0.0,894.52,"15,313.00",894.00,"13,697,735.00",82,1.00,29.0,0.11,3.29,0.05,"1,094.00",760.00,,
2019/05/15,147,SICL,-,885.0,889.0,878.0,878.0,878.00,0.0,0.0,884.29,"11,095.00",895.00,"9,811,237.00",49,-17.0,11.00,-1.9,1.25,-0.72,"1,094.00",760.00,,
2019/05/16,150,SICL,-,885.0,885.0,871.0,872.0,872.00,0.0,0.0,876.30,"3,815.00",878.00,"3,343,070.00",45,-6.0,14.00,-0.68,1.61,-0.49,"1,094.00",760.00,,
2019/05/19,148,SICL,-,865.0,870.0,861.0,870.0,870.00,0.0,0.0,866.22,"9,727.00",872.00,"8,425,724.00",61,-2.0,9.0,-0.23,1.05,0.43,"1,094.00",760.00,,
2019/05/20,149,SICL,-,870.0,870.0,855.0,857.0,857.00,0.0,0.0,859.25,"7,547.00",870.00,"6,484,796.00",58,-13.0,15.0,-1.49,1.75,-0.26,"1,094.00",760.00,,
2019/05/21,150,SICL,-,874.0,874.0,858.0,858.0,858.00,0.0,0.0,862.77,"2,248.00",857.00,"1,939,514.00",31,1.0,16.0,0.12,1.86,-0.56,"1,094.00",760.00,,
2019/05/22,147,SICL,-,875.0,875.0,861.0,865.0,865.00,0.0,0.0,865.41,"2,300.00",858.00,"1,990,444.00",24,7.0,14.0,0.82,1.63,-0.05,"1,094.00",760.00,,
2019/05/23,148,SICL,-,865.0,865.0,860.0,861.0,861.00,0.0,0.0,860.71,"3,866.00",865.00,"3,327,513.00",30,-4.0,5.0,-0.46,0.58,0.03,"1,094.00",760.00,,
2019/05/26,146,SICL,-,861.0,865.0,859.0,863.0,863.00,0.0,0.0,860.67,"4,702.00",861.00,"4,046,861.00",36,2.0,6.0,0.23,0.7,0.27,"1,094.00",760.00,,
2019/05/27,147,SICL,-,860.0,862.0,854.0,854.0,854.00,0.0,0.0,856.24,"4,346.00",863.00,"3,721,200.00",36,-9.0,8.0,-1.04,0.94,-0.26,"1,094.00",760.00,,
2019/05/28,143,SICL,-,855.0,856.0,847.0,850.0,850.00,0.0,0.0,851.17,"4,466.00",854.00,"3,801,317.00",49,-4.0,9.0,-0.47,1.06,-0.14,"1,094.00",760.00,,
2019/05/29,149,SICL,-,852.0,855.0,850.0,851.0,851.00,0.0,0.0,851.36,"5,760.00",850.00,"4,903,821.00",42,1.0,5.0,0.12,0.59,-0.04,"1,094.00",760.00,,
2019/05/30,151,SICL,-,860.0,868.0,850.0,850.0,850.00,0.0,0.0,858.45,"4,293.00",851.00,"3,685,320.00",45,-1.0,18.0,-0.12,2.12,-0.99,"1,094.00",760.00,,
2019/06/02,272,SICL,30.43,639.1,650.0,639.0,644.0,644.00,0.0,0.0,642.00,"11,244.00",652.10,"7,218,650.10",106,-8.1,11.0,-1.24,1.72,0.31,905.00,588.80,757.69,772.49
2019/06/03,147,SICL,-,848.0,850.0,840.0,840.0,840.00,0.0,0.0,844.41,"2,319.00",847.00,"1,958,189.00",33,-7.0,10.0,-0.83,1.19,-0.53,"1,043.00",760.00,,
2019/06/04,149,SICL,-,840.0,840.0,832.0,833.0,833.00,0.0,0.0,835.79,"1,440.00",840.00,"1,203,541.00",25,-7.0,8.0,-0.83,0.96,-0.34,"1,043.00",760.00,,
2019/04/18,146,SICL,-,885.0,895.0,875.0,888.0,888.00,0.0,0.0,889.59,"3,501.00",890.00,"3,114,450.00",14,-2.0,20.0,-0.22,2.29,-0.18,"1,215.00",760.00,,
2019/04/21,272,SICL,30.43,639.1,650.0,639.0,644.0,644.00,0.0,0.0,642.00,"11,244.00",652.10,"7,218,650.10",106,-8.1,11.0,-1.24,1.72,0.31,905.00,588.80,757.69,772.49
2019/04/22,146,SICL,-,895.0,912.0,890.0,895.0,895.00,0.0,0.0,898.32,"7,725.00",892.00,"6,939,522.00",54,3.0,22.0,0.34,2.47,-0.37,"1,215.00",760.00,,
2019/04/23,152,SICL,-,895.0,896.0,891.0,891.0,891.00,0.0,0.0,894.06,"10,105.00",895.00,"9,034,480.00",30,-4.0,5.0,-0.45,0.56,-0.34,"1,215.00",760.00,,
2019/04/24,150,SICL,-,895.0,903.0,891.0,891.0,891.00,0.0,0.0,896.29,"1,064.00",891.00,"953,652.00",11,0.0,12.0,0.0,1.35,-0.59,"1,170.00",760.00,,
2019/04/25,153,SICL,-,894.0,900.0,890.0,894.0,894.00,0.0,0.0,894.93,"7,657.00",891.00,"6,852,490.00",46,3.0,10.0,0.34,1.12,-0.1,"1,147.00",760.00,,
2019/04/28,152,SICL,-,911.0,975.0,911.0,935.0,935.00,0.0,0.0,937.89,"22,531.00",894.00,"21,131,496.00",133,41.0,64.0,4.59,7.03,-0.31,"1,135.00",760.00,,
2019/04/29,152,SICL,-,953.0,972.0,918.0,930.0,930.00,0.0,0.0,936.06,"9,777.00",935.00,"9,151,812.00",97,-5.0,54.0,-0.53,5.88,-0.65,"1,135.00",760.00,,
2019/04/30,154,SICL,-,930.0,930.0,897.0,915.0,915.00,0.0,0.0,909.30,"4,087.00",930.00,"3,716,295.00",34,-15.0,33.0,-1.61,3.68,0.62,"1,135.00",760.00,,
2019/05/02,149,SICL,-,897.0,910.0,897.0,905.0,905.00,0.0,0.0,903.34,"2,665.00",915.00,"2,407,407.00",26,-10.0,13.0,-1.09,1.45,0.18,"1,135.00",760.00,,
2019/05/05,153,SICL,-,910.0,910.0,890.0,909.0,909.00,0.0,0.0,894.92,"2,686.00",905.00,"2,403,754.00",37,4.0,20.0,0.44,2.25,1.55,"1,101.00",760.00,,
2019/05/06,151,SICL,-,891.0,900.0,890.0,900.0,900.00,0.0,0.0,898.52,"2,092.00",909.00,"1,879,711.00",11,-9.0,10.0,-0.99,1.12,0.16,"1,101.00",760.00,,
2019/05/07,153,SICL,-,900.0,900.0,895.0,895.0,895.00,0.0,0.0,897.35,"1,760.00",900.00,"1,579,335.00",24,-5.0,5.0,-0.56,0.56,-0.26,"1,094.00",760.00,,
2019/05/08,152,SICL,-,881.0,894.0,881.0,891.0,891.00,0.0,0.0,889.48,"1,373.00",895.00,"1,221,258.00",15,-4.0,13.0,-0.45,1.48,0.17,"1,094.00",760.00,,
2019/05/09,149,SICL,-,894.0,908.0,880.0,892.0,892.00,0.0,0.0,892.06,"2,246.00",891.00,"2,003,577.00",33,1.0,28.0,0.11,3.18,-0.01,"1,094.00",760.00,,
2019/05/12,147,SICL,-,895.0,897.0,890.0,893.0,893.00,0.0,0.0,893.16,"5,746.00",892.00,"5,132,070.00",51,1.0,7.0,0.11,0.79,-0.02,"1,094.00",760.00,,
2019/03/25,148,SICL,-,877.0,877.0,867.0,867.0,867.00,0.0,0.0,870.68,"2,234.00",866.00,"1,945,100.00",20,1.0,10.0,0.12,1.15,-0.42,"1,215.00",760.00,,
2019/03/26,149,SICL,-,870.0,875.0,870.0,870.0,870.00,0.0,0.0,870.36,346.00,867.00,"301,145.00",4,3.0,5.0,0.35,0.57,-0.04,"1,215.00",760.00,,
2019/03/27,144,SICL,-,871.0,871.0,870.0,870.0,870.00,0.0,0.0,870.49,300.00,870.00,"261,148.00",4,0.0,1.0,0.0,0.11,-0.06,"1,215.00",760.00,,
2019/03/28,147,SICL,-,875.0,880.0,874.0,880.0,880.00,0.0,0.0,876.72,767.00,870.00,"672,448.00",13,10.0,6.0,1.15,0.69,0.37,"1,215.00",760.00,,
2019/03/31,141,SICL,-,884.0,897.0,865.0,897.0,897.00,0.0,0.0,873.45,"1,881.00",880.00,"1,642,961.00",22,17.0,32.0,1.93,3.7,2.63,"1,215.00",760.00,,
2019/04/01,147,SICL,-,890.0,890.0,875.0,875.0,875.00,0.0,0.0,880.33,"1,211.00",897.00,"1,066,077.00",12,-22.0,15.0,-2.45,1.71,-0.61,"1,215.00",760.00,,
2019/04/02,148,SICL,-,878.0,879.0,873.0,875.0,875.00,0.0,0.0,876.34,"2,639.00",875.00,"2,312,664.00",28,0.0,6.0,0.0,0.69,-0.15,"1,215.00",760.00,,
2019/04/03,148,SICL,-,884.0,885.0,871.0,872.0,872.00,0.0,0.0,875.48,"2,435.00",875.00,"2,131,799.00",23,-3.0,14.0,-0.34,1.61,-0.4,"1,215.00",760.00,,
2019/04/04,149,SICL,-,866.0,877.0,866.0,866.0,866.00,0.0,0.0,871.86,"2,613.00",872.00,"2,278,162.00",23,-6.0,11.0,-0.69,1.27,-0.68,"1,215.00",760.00,,
2019/04/07,148,SICL,-,867.0,874.0,855.0,864.0,864.00,0.0,0.0,861.65,"2,415.00",866.00,"2,080,894.00",36,-2.0,19.0,-0.23,2.22,0.27,"1,215.00",760.00,,
2019/04/08,148,SICL,-,867.0,907.0,851.0,890.0,890.00,0.0,0.0,893.00,"7,078.00",864.00,"6,320,657.00",44,26.0,56.0,3.01,6.58,-0.34,"1,215.00",760.00,,
2019/04/09,147,SICL,-,899.0,899.0,881.0,881.0,881.00,0.0,0.0,887.75,"1,155.00",890.00,"1,025,357.00",7,-9.0,18.0,-1.01,2.04,-0.77,"1,215.00",760.00,,
2019/04/10,145,SICL,-,875.0,892.0,873.0,891.0,891.00,0.0,0.0,876.83,"1,857.00",881.00,"1,628,266.00",14,10.0,19.0,1.14,2.18,1.59,"1,215.00",760.00,,
2019/04/11,147,SICL,-,880.0,886.0,877.0,886.0,886.00,0.0,0.0,882.22,"1,552.00",891.00,"1,369,205.00",23,-5.0,9.0,-0.56,1.03,0.43,"1,215.00",760.00,,
2019/04/15,143,SICL,-,890.0,890.0,870.0,875.0,875.00,0.0,0.0,875.80,831.00,886.00,"727,792.00",12,-11.0,20.0,-1.24,2.3,-0.09,"1,215.00",760.00,,
2019/04/16,147,SICL,-,880.0,892.0,880.0,881.0,881.00,0.0,0.0,881.95,"10,923.00",875.00,"9,633,566.00",47,6.0,12.0,0.69,1.36,-0.11,"1,215.00",760.00,,
2019/02/25,145,SICL,-,870.0,870.0,853.0,870.0,870.00,0.0,0.0,863.81,"2,220.00",867.00,"1,917,648.00",24,3.0,17.0,0.35,1.99,0.71,"1,215.00",760.00,,
2019/02/26,144,SICL,-,861.0,870.0,861.0,870.0,870.00,0.0,0.0,862.75,510.00,870.00,"440,000.00",7,0.0,9.0,0.0,1.05,0.83,"1,215.00",760.00,,
2019/02/27,145,SICL,-,863.0,870.0,855.0,861.0,861.00,0.0,0.0,855.69,"15,903.00",870.00,"13,608,036.00",25,-9.0,15.00,-1.03,1.75,0.62,"1,215.00",760.00,,
2019/03/03,151,SICL,-,861.0,870.0,850.0,865.0,865.00,0.0,0.0,863.47,"3,260.00",861.00,"2,814,905.00",16,4.0,20.0,0.46,2.35,0.18,"1,215.00",760.00,,
2019/03/05,150,SICL,-,864.0,876.0,860.0,860.0,860.00,0.0,0.0,864.82,"6,774.00",865.00,"5,858,303.00",35,-5.0,16.0,-0.58,1.86,-0.56,"1,215.00",760.00,,
2019/03/06,147,SICL,-,855.0,875.0,855.0,875.0,875.00,0.0,0.0,870.23,"1,897.00",860.00,"1,650,828.00",24,15.0,20.0,1.74,2.34,0.55,"1,215.00",760.00,,
2019/03/07,152,SICL,-,880.0,885.0,872.0,881.0,881.00,0.0,0.0,877.78,"4,286.00",875.00,"3,762,147.00",42,6.0,13.0,0.69,1.49,0.37,"1,215.00",760.00,,
2019/03/10,272,SICL,30.43,639.1,650.0,639.0,644.0,644.00,0.0,0.0,642.00,"11,244.00",652.10,"7,218,650.10",106,-8.1,11.0,-1.24,1.72,0.31,905.00,588.80,757.69,772.49
2019/03/11,148,SICL,-,880.0,906.0,870.0,906.0,906.00,0.0,0.0,887.43,"6,009.00",895.00,"5,332,544.00",56,11.0,36.0,1.23,4.14,2.05,"1,215.00",760.00,,
2019/03/12,152,SICL,-,920.0,920.0,900.0,900.0,900.00,0.0,0.0,904.43,"8,058.00",906.00,"7,287,865.00",56,-6.0,20.0,-0.66,2.22,-0.49,"1,215.00",760.00,,
2019/03/13,149,SICL,-,902.0,902.0,891.0,891.0,891.00,0.0,0.0,898.48,"1,010.00",900.00,"907,460.00",9,-9.0,11.0,-1.0,1.23,-0.84,"1,215.00",760.00,,
2019/03/14,148,SICL,-,890.0,903.0,890.0,892.0,892.00,0.0,0.0,897.94,"1,938.00",891.00,"1,740,209.00",12,1.0,13.0,0.11,1.46,-0.67,"1,215.00",760.00,,
2019/03/17,148,SICL,-,909.0,912.0,895.0,897.0,897.00,0.0,0.0,902.04,"2,393.00",892.00,"2,158,579.00",35,5.0,17.0,0.56,1.9,-0.56,"1,215.00",760.00,,
2019/03/18,148,SICL,-,897.0,900.0,883.0,886.0,886.00,0.0,0.0,883.36,"10,628.00",897.00,"9,388,307.00",17,-11.0,17.0,-1.23,1.93,0.3,"1,215.00",760.00,,
2019/03/19,139,SICL,-,883.0,883.0,880.0,883.0,883.00,0.0,0.0,881.22,688.00,886.00,"606,280.00",11,-3.0,3.0,-0.34,0.34,0.2,"1,215.00",760.00,,
2019/03/21,151,SICL,-,887.0,887.0,875.0,875.0,875.00,0.0,0.0,877.23,"3,478.00",883.00,"3,050,994.00",20,-8.0,12.0,-0.91,1.37,-0.25,"1,215.00",760.00,,
2019/01/31,145,SICL,-,919.0,919.0,914.0,914.0,914.00,0.0,0.0,915.34,380.00,919.00,"347,831.00",8,-5.0,5.0,-0.54,0.55,-0.15,"1,238.00",760.00,,
2019/02/03,146,SICL,-,911.0,915.0,911.0,915.0,915.00,0.0,0.0,913.45,"4,471.00",914.00,"4,084,043.00",19,1.0,4.0,0.11,0.44,0.17,"1,238.00",760.00,,
2019/02/04,142,SICL,-,911.0,914.0,905.0,911.0,911.00,0.0,0.0,909.80,"1,488.00",915.00,"1,353,781.00",18,-4.0,9.0,-0.44,0.99,0.13,"1,238.00",760.00,,
2019/02/05,141,SICL,-,901.0,915.0,901.0,915.0,915.00,0.0,0.0,909.26,431.00,911.00,"391,889.00",7,4.0,14.0,0.44,1.55,0.63,"1,238.00",760.00,,
2019/02/06,143,SICL,-,906.0,910.0,905.0,905.0,905.00,0.0,0.0,905.74,470.00,915.00,"425,700.00",12,-10.0,5.0,-1.09,0.55,-0.08,"1,238.00",760.00,,
2019/02/07,144,SICL,-,906.0,906.0,890.0,890.0,890.00,0.0,0.0,895.53,"2,240.00",905.00,"2,005,980.00",31,-15.0,16.0,-1.66,1.8,-0.62,"1,238.00",760.00,,
2019/02/10,138,SICL,-,877.0,877.0,857.0,857.0,857.00,0.0,0.0,871.87,"3,123.00",890.00,"2,722,842.00",24,-33.0,20.0,-3.71,2.33,-1.73,"1,238.00",760.00,,
2019/02/11,144,SICL,-,850.0,880.0,850.0,869.0,869.00,0.0,0.0,858.24,"1,026.00",857.00,"880,554.00",16,12.0,30.0,1.4,3.53,1.24,"1,238.00",760.00,,
2019/02/12,144,SICL,-,875.0,878.0,870.0,877.0,877.00,0.0,0.0,874.90,"1,842.00",869.00,"1,611,568.00",20,8.0,8.0,0.92,0.92,0.24,"1,238.00",760.00,,
2019/02/13,149,SICL,-,877.0,877.0,864.0,864.0,864.00,0.0,0.0,868.46,"1,936.00",877.00,"1,681,346.00",31,-13.00,13.0,-1.48,1.5,-0.52,"1,238.00",760.00,,
2019/02/14,143,SICL,-,860.0,865.0,855.0,860.0,860.00,0.0,0.0,859.87,"1,404.00",864.00,"1,207,251.00",21,-4.0,10.0,-0.46,1.17,0.02,"1,238.00",760.00,,
2019/02/17,147,SICL,-,875.0,875.0,854.0,855.0,855.00,0.0,0.0,864.85,"2,004.00",860.00,"1,733,154.00",35,-5.0,21.0,-0.58,2.46,-1.15,"1,238.00",760.00,,
2019/02/18,138,SICL,-,855.0,860.0,850.0,860.0,860.00,0.0,0.0,857.56,"1,750.00",855.00,"1,500,736.00",20,5.0,10.0,0.58,1.18,0.28,"1,238.00",760.00,,
2019/02/19,145,SICL,-,873.0,891.0,870.0,870.0,870.00,0.0,0.0,875.90,729.00,860.00,"638,530.00",5,10.0,21.0,1.16,2.41,-0.68,"1,215.00",760.00,,
2019/02/20,139,SICL,-,871.0,871.0,853.0,860.0,860.00,0.0,0.0,864.04,"4,719.00",870.00,"4,077,404.00",27,-10.0,18.0,-1.15,2.11,-0.47,"1,215.00",760.00,,
2019/02/21,135,SICL,-,865.0,877.0,865.0,877.0,877.00,0.0,0.0,870.97,796.00,860.00,"693,293.00",10,17.0,12.0,1.98,1.39,0.69,"1,215.00",760.00,,
2019/01/08,137,SICL,-,930.0,930.0,912.0,912.0,912.00,0.0,0.0,918.00,"2,358.00",919.00,"2,164,650.00",8,-7.0,18.0,-0.76,1.97,-0.66,"1,238.00",760.00,,
2019/01/09,145,SICL,-,911.0,916.0,910.0,912.0,912.00,0.0,0.0,911.70,"1,327.00",912.00,"1,209,823.00",13,0.0,6.0,0.0,0.66,0.03,"1,238.00",760.00,,
2019/01/10,140,SICL,-,912.0,935.0,912.0,935.0,935.00,0.0,0.0,928.26,"1,905.00",912.00,"1,768,338.00",19,23.0,23.0,2.52,2.52,0.72,"1,238.00",760.00,,
2019/01/13,135,SICL,-,926.0,930.0,923.0,923.0,923.00,0.0,0.0,925.01,880.00,935.00,"814,010.00",13,-12.0,7.0,-1.28,0.76,-0.22,"1,238.00",760.00,,
2019/01/14,135,SICL,-,920.0,934.0,920.0,933.0,933.00,0.0,0.0,925.99,698.00,923.00,"646,341.00",13,10.0,14.0,1.08,1.52,0.75,"1,238.00",760.00,,
2019/01/15,137,SICL,-,940.0,960.0,940.0,960.0,960.00,0.0,0.0,949.33,"2,661.00",933.00,"2,526,154.00",38,27.0,20.0,2.89,2.13,1.11,"1,238.00",760.00,,
2019/01/16,147,SICL,-,945.0,960.0,941.0,941.0,941.00,0.0,0.0,944.99,"2,533.00",960.00,"2,393,666.00",38,-19.0,19.0,-1.98,2.02,-0.42,"1,238.00",760.00,,
2019/01/17,142,SICL,-,941.0,941.0,930.0,930.0,930.00,0.0,0.0,930.84,131.00,941.00,"121,940.00",4,-11.0,11.0,-1.17,1.18,-0.09,"1,238.00",760.00,,
2019/01/20,123,SICL,-,930.0,930.0,921.0,921.0,921.00,0.0,0.0,925.62,557.00,930.00,"515,569.00",7,-9.0,9.0,-0.97,0.98,-0.5,"1,238.00",760.00,,
2019/01/21,141,SICL,-,921.0,930.0,921.0,924.0,924.00,0.0,0.0,924.94,781.00,921.00,"722,376.00",14,3.0,9.0,0.33,0.98,-0.1,"1,238.00",760.00,,
2019/01/22,136,SICL,-,925.0,925.0,913.0,915.0,915.00,0.0,0.0,917.44,236.00,924.00,"216,516.00",5,-9.00,12.00,-0.97,1.31,-0.27,"1,238.00",760.00,,
2019/01/23,141,SICL,-,907.0,935.0,907.0,926.0,926.00,0.0,0.0,921.97,787.00,915.00,"725,588.00",14,11.0,28.0,1.2,3.09,0.44,"1,238.00",760.00,,
2019/01/24,139,SICL,-,924.0,933.0,924.0,930.0,930.00,0.0,0.0,926.14,"9,007.00",926.00,"8,341,716.00",29,4.0,9.00,0.43,0.97,0.42,"1,238.00",760.00,,
2019/01/27,139,SICL,-,916.0,920.0,912.0,912.0,912.00,0.0,0.0,915.41,"1,112.00",930.00,"1,017,936.00",16,-18.0,8.0,-1.94,0.88,-0.37,"1,238.00",760.00,,
2019/01/28,143,SICL,-,912.0,942.0,912.0,942.0,942.00,0.0,0.0,924.42,"1,011.00",912.00,"934,588.00",15,30.0,30.0,3.29,3.29,1.87,"1,238.00",760.00,,
2019/01/29,142,SICL,-,924.0,929.0,917.0,929.0,929.00,0.0,0.0,925.63,955.00,942.00,"883,972.00",14,-13.0,12.0,-1.38,1.31,0.36,"1,238.00",760.00,,
2018/12/16,138,SICL,-,805.0,830.0,805.0,830.0,830.00,0.0,0.0,822.47,"2,190.00",795.00,"1,801,205.00",22,35.0,25.0,4.4,3.11,0.91,"1,338.00",760.00,,
2018/12/17,139,SICL,-,845.0,870.0,841.0,865.0,865.00,0.0,0.0,853.79,"2,175.00",830.00,"1,856,990.00",17,35.0,29.0,4.22,3.45,1.3,"1,338.00",760.00,,
2018/12/18,139,SICL,-,870.0,877.0,845.0,850.0,850.00,0.0,0.0,857.44,"31,292.00",865.00,"26,831,044.00",41,-15.0,32.0,-1.73,3.79,-0.88,"1,310.00",760.00,,
2018/12/19,139,SICL,-,840.0,877.0,840.0,850.0,850.00,0.0,0.0,853.29,"5,842.00",850.00,"4,984,946.00",29,0.0,37.0,0.0,4.4,-0.39,"1,265.00",760.00,,
2018/12/20,142,SICL,-,850.0,860.0,846.0,860.0,860.00,0.0,0.0,847.51,"5,041.00",850.00,"4,272,276.00",14,10.0,14.0,1.18,1.65,1.45,"1,260.00",760.00,,
2018/12/23,141,SICL,-,877.0,901.0,877.0,901.0,901.00,0.0,0.0,888.65,"3,679.00",860.00,"3,269,358.00",30,41.0,24.0,4.77,2.74,1.37,"1,260.00",760.00,,
2018/12/24,145,SICL,-,919.0,924.0,885.0,900.0,900.00,0.0,0.0,907.33,"7,026.00",901.00,"6,374,878.00",60,-1.0,39.0,-0.11,4.41,-0.81,"1,260.00",760.00,,
2018/12/25,143,SICL,-,890.0,909.0,890.0,900.0,900.00,0.0,0.0,902.17,"6,203.00",900.00,"5,596,184.00",36,0.0,19.0,0.0,2.13,-0.24,"1,238.00",760.00,,
2018/12/26,150,SICL,-,918.0,936.0,918.0,931.0,931.00,0.0,0.0,926.08,"5,402.00",900.00,"5,002,672.00",45,31.0,18.0,3.44,1.96,0.53,"1,238.00",760.00,,
2018/12/27,151,SICL,-,949.0,975.0,945.0,945.0,945.00,0.0,0.0,957.92,"8,531.00",931.00,"8,171,979.00",73,14.0,30.0,1.5,3.17,-1.37,"1,238.00",760.00,,
2018/12/30,145,SICL,-,950.0,974.0,931.0,950.0,950.00,0.0,0.0,960.49,"6,060.00",945.00,"5,820,594.00",40,5.0,43.0,0.53,4.62,-1.1,"1,238.00",760.00,,
2018/12/31,145,SICL,-,940.0,940.0,925.0,925.0,925.00,0.0,0.0,931.95,"1,979.00",950.00,"1,844,338.00",19,-25.0,15.0,-2.63,1.62,-0.75,"1,238.00",760.00,,
2019/01/01,134,SICL,-,920.0,920.0,906.0,910.0,910.00,0.0,0.0,912.82,"1,270.00",925.00,"1,159,281.00",14,-15.0,14.0,-1.62,1.55,-0.31,"1,238.00",760.00,,
2019/01/02,131,SICL,-,910.0,915.0,909.0,915.0,915.00,0.0,0.0,910.41,"1,510.00",910.00,"1,374,725.00",11,5.0,6.0,0.55,0.66,0.5,"1,238.00",760.00,,
2019/01/03,137,SICL,-,920.0,925.0,915.0,920.0,920.00,0.0,0.0,918.75,523.00,915.00,"480,507.00",14,5.0,10.0,0.55,1.09,0.14,"1,238.00",760.00,,
2019/01/06,134,SICL,-,915.0,915.0,914.0,914.0,914.00,0.0,0.0,914.98,651.00,920.00,"595,652.00",8,-6.0,1.0,-0.65,0.11,-0.11,"1,238.00",760.00,,
2018/11/21,131,SICL,-,852.0,868.0,852.0,868.0,868.00,0.0,0.0,862.22,871.00,865.00,"750,990.00",12,3.0,16.0,0.35,1.88,0.67,"1,835.00",850.00,,
2018/11/22,123,SICL,-,861.0,869.0,855.0,869.0,869.00,0.0,0.0,861.94,808.00,868.00,"696,451.00",7,1.0,14.0,0.12,1.64,0.81,"1,835.00",850.00,,
2018/11/26,134,SICL,-,854.0,854.0,835.0,835.0,835.00,0.0,0.0,842.44,"1,515.00",869.00,"1,276,302.00",25,-34.0,19.0,-3.91,2.28,-0.89,"1,835.00",835.00,,
2018/11/27,135,SICL,-,834.0,834.0,834.0,834.0,834.00,0.0,0.0,834.00,72.00,835.00,"60,048.00",3,-1.0,0.0,-0.12,0.0,0.0,"1,835.00",834.00,,
2018/11/28,133,SICL,-,834.0,834.0,825.0,825.0,825.00,0.0,0.0,828.86,"1,075.00",834.00,"891,020.00",14,-9.0,9.0,-1.08,1.09,-0.47,"1,825.00",825.00,,
2018/11/29,140,SICL,-,828.0,828.0,795.0,795.0,795.00,0.0,0.0,809.51,388.00,825.00,"314,088.00",12,-30.0,33.0,-3.64,4.15,-1.82,"1,825.00",795.00,,
2018/12/02,136,SICL,-,785.0,785.0,767.0,770.0,770.00,0.0,0.0,774.24,"4,456.00",795.00,"3,450,031.00",39,-25.0,18.0,-3.14,2.35,-0.55,"1,825.00",767.00,,
2018/12/03,135,SICL,-,785.0,785.0,780.0,780.0,780.00,0.0,0.0,780.47,316.00,770.00,"246,630.00",9,10.0,5.0,1.3,0.64,-0.06,"1,825.00",767.00,,
2018/12/04,136,SICL,-,777.0,795.0,777.0,795.0,795.00,0.0,0.0,782.74,556.00,780.00,"435,201.00",9,15.0,18.0,1.92,2.32,1.54,"1,825.00",767.00,,
2018/12/05,136,SICL,-,780.0,785.0,760.0,770.0,770.00,0.0,0.0,773.18,"2,749.00",795.00,"2,125,459.00",32,-25.0,25.0,-3.14,3.29,-0.41,"1,795.00",760.00,,
2018/12/06,140,SICL,-,784.0,784.0,763.0,770.0,770.00,0.0,0.0,777.72,"3,315.00",770.00,"2,578,152.00",16,0.0,21.0,0.0,2.75,-1.0,"1,789.00",760.00,,
2018/12/09,135,SICL,-,785.0,785.0,770.0,775.0,775.00,0.0,0.0,781.28,506.00,770.00,"395,330.00",10,5.0,15.0,0.65,1.95,-0.81,"1,433.00",760.00,,
2018/12/10,142,SICL,-,780.0,782.0,771.0,771.0,771.00,0.0,0.0,777.40,"1,234.00",775.00,"959,310.00",21,-4.0,11.0,-0.52,1.43,-0.83,"1,433.00",760.00,,
2018/12/11,144,SICL,-,780.0,780.0,770.0,775.0,775.00,0.0,0.0,772.50,"1,848.00",771.00,"1,427,582.00",18,4.0,10.0,0.52,1.3,0.32,"1,375.00",760.00,,
2018/12/12,138,SICL,-,775.0,778.0,772.0,778.0,778.00,0.0,0.0,773.74,"1,263.00",775.00,"977,239.00",12,3.0,6.0,0.39,0.78,0.55,"1,360.00",760.00,,
2018/10/25,138,SICL,-,900.0,900.0,890.0,890.0,890.00,0.0,0.0,892.81,945.00,895.00,"843,705.00",14,-5.0,10.0,-0.56,1.12,-0.32,"1,970.00",850.00,,
2018/10/28,141,SICL,-,880.0,895.0,880.0,886.0,886.00,0.0,0.0,887.28,900.00,890.00,"798,550.00",13,-4.0,15.0,-0.45,1.7,-0.14,"1,970.00",850.00,,
2018/10/29,138,SICL,-,875.0,885.0,875.0,880.0,880.00,0.0,0.0,880.12,159.00,886.00,"139,939.00",8,-6.0,10.0,-0.68,1.14,-0.01,"1,970.00",850.00,,
2018/10/30,141,SICL,-,882.0,885.0,880.0,885.0,885.00,0.0,0.0,882.67,"1,061.00",880.00,"936,512.00",11,5.0,5.0,0.57,0.57,0.26,"1,970.00",850.00,,
2018/10/31,141,SICL,-,885.0,886.0,881.0,884.0,884.00,0.0,0.0,884.23,719.00,885.00,"635,760.00",10,-1.0,5.0,-0.11,0.57,-0.03,"1,970.00",850.00,,
2018/11/01,139,SICL,-,890.0,890.0,884.0,885.0,885.00,0.0,0.0,886.27,523.00,884.00,"463,520.00",7,1.0,6.0,0.11,0.68,-0.14,"1,900.00",850.00,,
2018/11/04,134,SICL,-,885.0,885.0,880.0,882.0,882.00,0.0,0.0,880.46,431.00,885.00,"379,480.00",9,-3.0,5.0,-0.34,0.57,0.17,"1,870.00",850.00,,
2018/11/05,135,SICL,-,885.0,885.0,885.0,885.0,885.00,0.0,0.0,885.00,241.00,882.00,"213,285.00",4,3.0,0.0,0.34,0.0,0.0,"1,870.00",850.00,,
2018/11/06,81,SICL,-,885.0,890.0,882.0,890.0,890.00,0.0,0.0,890.00,28.00,885.00,"24,920.00",1,5.0,8.0,0.56,0.91,0.0,"1,870.00",850.00,,
2018/11/11,108,SICL,-,890.0,891.0,880.0,880.0,880.00,0.0,0.0,884.90,100.00,890.00,"88,490.00",3,-10.0,11.0,-1.12,1.25,-0.56,"1,835.00",850.00,,
2018/11/12,112,SICL,-,880.0,880.0,870.0,870.0,870.00,0.0,0.0,870.53,688.00,880.00,"598,927.00",10,-10.0,10.0,-1.14,1.15,-0.06,"1,835.00",850.00,,
2018/11/13,129,SICL,-,860.0,877.0,860.0,870.0,870.00,0.0,0.0,870.37,717.00,870.00,"624,056.00",15,0.0,17.0,0.0,1.98,-0.04,"1,835.00",850.00,,
2018/11/14,127,SICL,-,887.0,890.0,866.0,884.0,884.00,0.0,0.0,877.08,"1,326.00",870.00,"1,163,007.00",21,14.0,24.0,1.61,2.77,0.78,"1,835.00",850.00,,
2018/11/15,137,SICL,-,868.0,870.0,867.0,870.0,870.00,0.0,0.0,868.28,286.00,884.00,"248,328.00",12,-14.0,3.0,-1.58,0.35,0.2,"1,835.00",850.00,,
2018/11/18,125,SICL,-,879.0,885.0,872.0,880.0,880.00,0.0,0.0,879.88,"2,833.00",870.00,"2,492,710.00",11,10.0,13.0,1.15,1.49,0.01,"1,835.00",850.00,,
2018/11/19,129,SICL,-,880.0,884.0,868.0,869.0,869.00,0.0,0.0,874.70,467.00,880.00,"408,486.00",9,-11.0,16.0,-1.25,1.84,-0.66,"1,835.00",850.00,,
2018/09/27,145,SICL,-,941.0,955.0,920.0,937.0,937.00,0.0,0.0,933.85,"3,880.00",940.00,"3,623,322.00",30,-3.0,35.0,-0.32,3.8,0.34,"2,020.00",850.00,,
2018/09/30,144,SICL,-,937.0,937.0,925.0,930.0,930.00,0.0,0.0,932.40,972.00,937.00,"906,292.00",15,-7.0,12.0,-0.75,1.3,-0.26,"2,020.00",850.00,,
2018/10/01,144,SICL,-,918.0,919.0,903.0,910.0,910.00,0.0,0.0,912.22,"1,921.00",930.00,"1,752,370.00",27,-20.0,16.0,-2.15,1.77,-0.24,"2,020.00",850.00,,
2018/10/02,150,SICL,-,910.0,924.0,906.0,924.0,924.00,0.0,0.0,909.86,"3,059.00",910.00,"2,783,276.00",28,14.0,18.0,1.54,1.99,1.53,"2,020.00",850.00,,
2018/10/03,144,SICL,-,910.0,910.0,904.0,909.0,909.00,0.0,0.0,906.06,"1,114.00",924.00,"1,009,348.00",19,-15.0,6.0,-1.62,0.66,0.32,"2,020.00",850.00,,
2018/10/04,145,SICL,-,910.0,910.0,900.0,901.0,901.00,0.0,0.0,902.14,"1,482.00",909.00,"1,336,965.00",19,-8.0,10.0,-0.88,1.11,-0.13,"2,020.00",850.00,,
2018/10/07,140,SICL,-,900.0,900.0,890.0,890.0,890.00,0.0,0.0,891.75,"4,920.00",901.00,"4,387,407.00",39,-11.0,10.0,-1.22,1.12,-0.2,"2,000.00",850.00,,
2018/10/08,140,SICL,-,900.0,900.0,890.0,893.0,893.00,0.0,0.0,894.20,"1,202.00",890.00,"1,074,828.00",23,3.0,10.0,0.34,1.12,-0.13,"2,000.00",850.00,,
2018/10/09,141,SICL,-,890.0,901.0,888.0,890.0,890.00,0.0,0.0,891.54,"3,064.00",893.00,"2,731,680.00",36,-3.0,13.0,-0.34,1.46,-0.17,"2,000.00",850.00,,
2018/10/10,139,SICL,-,886.0,895.0,885.0,891.0,891.00,0.0,0.0,888.39,233.00,890.00,"206,995.00",6,1.0,10.0,0.11,1.13,0.29,"2,000.00",850.00,,
2018/10/11,142,SICL,-,885.0,905.0,885.0,905.0,905.00,0.0,0.0,898.21,243.00,891.00,"218,265.00",5,14.0,20.0,1.57,2.26,0.75,"2,000.00",850.00,,
2018/10/14,140,SICL,-,895.0,912.0,892.0,912.0,912.00,0.0,0.0,897.79,422.00,905.00,"378,866.00",6,7.00,20.00,0.77,2.24,1.56,"2,000.00",850.00,,
2018/10/15,132,SICL,-,900.0,905.0,894.0,902.0,902.00,0.0,0.0,900.51,"1,925.00",912.00,"1,733,484.00",17,-10.0,11.0,-1.1,1.23,0.17,"2,000.00",850.00,,
2018/10/21,113,SICL,-,910.0,910.0,902.0,902.0,902.00,0.0,0.0,904.38,80.00,902.00,"72,350.00",3,0.0,8.0,0.0,0.89,-0.26,"1,999.00",850.00,,
2018/10/22,125,SICL,-,903.0,905.0,887.0,899.0,899.00,0.0,0.0,897.14,279.00,902.00,"250,303.00",9,-3.0,18.0,-0.33,2.03,0.21,"1,999.00",850.00,,
2018/10/23,134,SICL,-,895.0,900.0,890.0,892.0,892.00,0.0,0.0,893.35,"3,382.00",899.00,"3,021,325.00",15,-7.0,10.0,-0.78,1.12,-0.15,"1,999.00",850.00,,
2018/09/03,146,SICL,-,895.0,945.0,895.0,928.0,928.00,0.0,0.0,936.19,"2,089.00",910.00,"1,955,707.00",25,18.00,50.0,1.98,5.59,-0.88,"2,040.00",850.00,,
2018/09/04,149,SICL,-,930.0,950.0,916.0,940.0,940.00,0.0,0.0,942.97,"4,575.00",928.00,"4,314,107.00",44,12.0,34.0,1.29,3.71,-0.32,"2,040.00",850.00,,
2018/09/05,144,SICL,-,945.0,965.0,935.0,958.0,958.00,0.0,0.0,956.03,"5,065.00",940.00,"4,842,303.00",37,18.0,30.0,1.91,3.21,0.21,"2,020.00",850.00,,
2018/09/06,150,SICL,-,965.0,967.0,933.0,934.0,934.00,0.0,0.0,956.09,"2,168.00",958.00,"2,072,797.00",27,-24.0,34.0,-2.51,3.64,-2.36,"2,040.00",850.00,,
2018/09/09,145,SICL,-,925.0,925.0,913.0,913.0,913.00,0.0,0.0,918.37,480.00,934.00,"440,817.00",11,-21.0,12.0,-2.25,1.31,-0.59,"2,020.00",850.00,,
2018/09/10,142,SICL,-,910.0,915.0,910.0,915.0,915.00,0.0,0.0,912.67,504.00,913.00,"459,987.00",8,2.0,5.0,0.22,0.55,0.25,"2,020.00",850.00,,
2018/09/11,146,SICL,-,930.0,938.0,915.0,915.0,915.00,0.0,0.0,926.33,218.00,915.00,"201,939.00",4,0.0,23.00,0.0,2.51,-1.24,"2,020.00",850.00,,
2018/09/12,143,SICL,-,930.0,945.0,925.0,945.0,945.00,0.0,0.0,936.02,776.00,915.00,"726,350.00",15,30.0,20.0,3.28,2.16,0.95,"2,020.00",850.00,,
2018/09/13,151,SICL,-,932.0,945.0,931.0,945.0,945.00,0.0,0.0,941.67,600.00,945.00,"565,004.00",4,0.0,14.0,0.0,1.5,0.35,"2,020.00",850.00,,
2018/09/16,144,SICL,-,945.0,963.0,945.0,950.0,950.00,0.0,0.0,951.49,"2,406.00",945.00,"2,289,295.00",12,5.0,18.0,0.53,1.9,-0.16,"2,020.00",850.00,,
2018/09/17,144,SICL,-,951.0,989.0,944.0,965.0,965.00,0.0,0.0,964.32,"2,425.00",950.00,"2,338,475.00",26,15.0,45.0,1.58,4.77,0.07,"2,020.00",850.00,,
2018/09/18,146,SICL,-,965.0,984.0,951.0,965.0,965.00,0.0,0.0,964.32,"4,315.00",965.00,"4,161,037.00",46,0.0,33.0,0.0,3.47,0.07,"2,020.00",850.00,,
2018/09/19,272,SICL,30.43,639.1,650.0,639.0,644.0,644.00,0.0,0.0,642.00,"11,244.00",652.10,"7,218,650.10",106,-8.1,11.0,-1.24,1.72,0.31,905.00,588.80,757.69,772.49
2018/09/20,144,SICL,-,965.0,965.0,945.0,945.0,945.00,0.0,0.0,949.18,"2,135.00",965.00,"2,026,490.00",29,-20.0,20.0,-2.07,2.12,-0.44,"2,020.00",850.00,,
2018/09/23,144,SICL,-,945.0,945.0,940.0,940.0,940.00,0.0,0.0,941.61,430.00,945.00,"404,894.00",8,-5.0,5.0,-0.53,0.53,-0.17,"2,020.00",850.00,,
2018/09/25,150,SICL,-,940.0,958.0,940.0,955.0,955.00,0.0,0.0,947.52,"1,218.00",940.00,"1,154,083.00",16,15.0,18.0,1.6,1.91,0.78,"2,020.00",850.00,,
2018/08/08,141,SICL,-,925.0,925.0,908.0,909.0,909.00,0.0,0.0,911.40,"1,240.00",910.00,"1,130,132.00",17,-1.0,17.0,-0.11,1.87,-0.26,"2,195.00",850.00,,
2018/08/09,139,SICL,-,902.0,912.0,902.0,907.0,907.00,0.0,0.0,908.79,"2,451.00",909.00,"2,227,451.00",13,-2.0,10.0,-0.22,1.11,-0.2,"2,195.00",850.00,,
2018/08/12,140,SICL,-,902.0,902.0,893.0,893.0,893.00,0.0,0.0,897.69,"1,738.00",907.00,"1,560,180.00",28,-14.0,9.0,-1.54,1.01,-0.52,"2,145.00",850.00,,
2018/08/13,136,SICL,-,893.0,906.0,890.0,890.0,890.00,0.0,0.0,894.46,"4,286.00",893.00,"3,833,644.00",36,-3.0,16.0,-0.34,1.8,-0.5,"2,145.00",850.00,,
2018/08/14,141,SICL,-,899.0,904.0,892.0,903.0,903.00,0.0,0.0,898.79,560.00,890.00,"503,325.00",14,13.0,12.0,1.46,1.35,0.47,"2,145.00",850.00,,
2018/08/15,144,SICL,-,910.0,936.0,905.0,925.0,925.00,0.0,0.0,916.77,"6,293.00",903.00,"5,769,263.00",48,22.0,31.0,2.44,3.43,0.89,"2,145.00",850.00,,
2018/08/16,144,SICL,-,943.0,944.0,920.0,920.0,920.00,0.0,0.0,934.34,"4,563.00",925.00,"4,263,375.00",46,-5.00,24.0,-0.54,2.61,-1.56,"2,145.00",850.00,,
2018/08/19,138,SICL,-,910.0,910.0,905.0,905.0,905.00,0.0,0.0,907.47,"1,220.00",920.00,"1,107,118.00",19,-15.0,5.0,-1.63,0.55,-0.27,"2,145.00",850.00,,
2018/08/20,137,SICL,-,900.0,902.0,895.0,899.0,899.00,0.0,0.0,899.31,"1,055.00",905.00,"948,775.00",15,-6.0,7.0,-0.66,0.78,-0.03,"2,145.00",850.00,,
2018/08/21,139,SICL,-,892.0,910.0,892.0,903.0,903.00,0.0,0.0,895.98,"1,495.00",899.00,"1,339,495.00",5,4.0,18.0,0.44,2.02,0.78,"2,115.00",850.00,,
2018/08/22,131,SICL,-,913.0,913.0,904.0,908.0,908.00,0.0,0.0,911.74,"2,308.00",903.00,"2,104,293.00",9,5.0,9.0,0.55,1.0,-0.41,"2,115.00",850.00,,
2018/08/23,137,SICL,-,900.0,905.0,900.0,901.0,901.00,0.0,0.0,901.19,"1,570.00",908.00,"1,414,875.00",25,-7.0,5.0,-0.77,0.56,-0.02,"2,115.00",850.00,,
2018/08/26,128,SICL,-,891.0,905.0,891.0,905.0,905.00,0.0,0.0,903.25,"1,566.00",901.00,"1,414,495.00",8,4.0,14.0,0.44,1.57,0.19,"2,099.00",850.00,,
2018/08/28,134,SICL,-,900.0,900.0,890.0,892.0,892.00,0.0,0.0,893.99,749.00,905.00,"669,596.00",18,-13.0,10.0,-1.44,1.12,-0.22,"2,095.00",850.00,,
2018/08/29,140,SICL,-,898.0,902.0,898.0,898.0,898.00,0.0,0.0,898.89,"2,405.00",892.00,"2,161,840.00",15,6.0,4.0,0.67,0.45,-0.1,"2,070.00",850.00,,
2018/08/30,144,SICL,-,905.0,905.0,900.0,904.0,904.00,0.0,0.0,900.15,"2,396.00",898.00,"2,156,754.00",7,6.0,5.0,0.67,0.56,0.43,"2,040.00",850.00,,
2018/09/26,148,SICL,-,950.0,950.0,940.0,940.0,940.00,0.0,0.0,946.08,"2,129.00",955.00,"2,014,205.00",25,-15.0,10.0,-1.57,1.06,-0.65,"2,020.00",850.00,,
2018/10/24,131,SICL,-,895.0,895.0,895.0,895.0,895.00,0.0,0.0,895.00,100.00,892.00,"89,500.00",1,3.0,0.0,0.34,0.0,0.0,"1,999.00",850.00,,
2018/11/20,125,SICL,-,860.0,869.0,854.0,865.0,865.00,0.0,0.0,857.42,567.00,869.00,"486,155.00",8,-4.0,15.0,-0.46,1.76,0.88,"1,835.00",850.00,,
2018/12/13,272,SICL,30.43,639.1,650.0,639.0,644.0,644.00,0.0,0.0,642.00,"11,244.00",652.10,"7,218,650.10",106,-8.1,11.0,-1.24,1.72,0.31,905.00,588.80,757.69,772.49
2019/01/07,145,SICL,-,925.0,925.0,915.0,919.0,919.00,0.0,0.0,919.06,"2,350.00",914.00,"2,159,800.00",7,5.0,10.0,0.55,1.09,-0.01,"1,238.00",760.00,,
2019/01/30,143,SICL,-,917.0,925.0,916.0,919.0,919.00,0.0,0.0,919.72,"1,193.00",929.00,"1,097,220.00",11,-10.00,9.0,-1.08,0.98,-0.08,"1,238.00",760.00,,
2019/02/24,146,SICL,-,871.0,873.0,850.0,867.0,867.00,0.0,0.0,856.07,"12,106.00",877.00,"10,363,600.00",30,-10.0,23.0,-1.14,2.71,1.26,"1,215.00",760.00,,
2019/03/24,146,SICL,-,870.0,870.0,862.0,866.0,866.00,0.0,0.0,866.64,"2,183.00",875.00,"1,891,884.00",22,-9.0,8.0,-1.03,0.93,-0.07,"1,215.00",760.00,,
2019/04/17,150,SICL,-,882.0,899.0,882.0,890.0,890.00,0.0,0.0,887.91,"2,631.00",881.00,"2,336,079.00",27,9.0,17.0,1.02,1.93,0.24,"1,215.00",760.00,,
2019/05/13,146,SICL,-,900.0,901.0,885.0,894.0,894.00,0.0,0.0,892.47,"10,235.00",893.00,"9,134,477.00",42,1.0,16.0,0.11,1.81,0.17,"1,094.00",760.00,,
2019/06/06,148,SICL,-,835.0,835.0,830.0,834.0,834.00,0.0,0.0,832.65,"1,701.00",833.00,"1,416,335.00",27,1.0,5.0,0.12,0.6,0.16,"1,043.00",760.00,,
2019/07/02,147,SICL,46.49,735.0,760.0,735.0,760.0,760.00,0.0,0.0,743.51,"2,730.00",735.00,"2,029,778.00",27,25.0,25.0,3.4,3.4,2.17,"1,000.00",726.00,,
2019/07/25,146,SICL,51.3,829.0,830.0,817.0,817.0,817.00,0.0,0.0,821.10,"3,331.00",824.00,"2,735,069.00",36,-7.0,13.0,-0.85,1.59,-0.5,989.00,726.00,,
2019/08/19,272,SICL,30.43,639.1,650.0,639.0,644.0,644.00,0.0,0.0,642.00,"11,244.00",652.10,"7,218,650.10",106,-8.1,11.0,-1.24,1.72,0.31,905.00,588.80,757.69,772.49
2019/09/11,145,SICL,34.44,761.0,761.0,739.0,739.0,739.00,0.0,0.0,744.84,"1,315.00",748.00,"979,463.00",16,-9.0,22.0,-1.2,2.98,-0.79,989.00,726.00,,
2018/07/16,137,SICL,-,930.0,985.0,916.0,985.0,985.00,0.0,0.0,951.36,874.00,925.00,"831,489.00",13,60.0,69.0,6.49,7.53,3.42,"2,200.00",850.00,,
2018/07/17,134,SICL,-,970.0,970.0,933.0,938.0,938.00,0.0,0.0,945.62,"3,539.00",985.00,"3,346,562.00",24,-47.0,37.0,-4.77,3.97,-0.81,"2,200.00",850.00,,
2018/07/18,124,SICL,-,948.0,948.0,930.0,935.0,935.00,0.0,0.0,934.65,509.00,938.00,"475,735.00",9,-3.0,18.0,-0.32,1.94,0.04,"2,200.00",850.00,,
2018/07/19,140,SICL,-,935.0,935.0,920.0,932.0,932.00,0.0,0.0,926.83,"3,096.00",935.00,"2,869,468.00",27,-3.0,15.0,-0.32,1.63,0.55,"2,200.00",850.00,,
2018/07/22,141,SICL,-,921.0,921.0,915.0,916.0,916.00,0.0,0.0,917.85,875.00,932.00,"803,122.00",12,-16.0,6.0,-1.72,0.66,-0.2,"2,200.00",850.00,,
2018/07/23,137,SICL,-,900.0,941.0,900.0,941.0,941.00,0.0,0.0,908.96,324.00,916.00,"294,502.00",7,25.0,41.0,2.73,4.56,3.41,"2,200.00",850.00,,
2018/07/24,140,SICL,-,958.0,988.0,950.0,950.0,950.00,0.0,0.0,963.99,"3,844.00",941.00,"3,705,595.00",37,9.0,38.0,0.96,4.0,-1.47,"2,200.00",850.00,,
2018/07/25,148,SICL,-,945.0,949.0,934.0,940.0,940.00,0.0,0.0,939.00,"1,851.00",950.00,"1,738,089.00",17,-10.0,15.0,-1.05,1.61,0.11,"2,200.00",850.00,,
2018/07/26,142,SICL,-,926.0,958.0,926.0,930.0,930.00,0.0,0.0,939.13,402.00,940.00,"377,531.00",13,-10.0,32.0,-1.06,3.46,-0.98,"2,200.00",850.00,,
2018/07/29,132,SICL,-,935.0,935.0,929.0,930.0,930.00,0.0,0.0,930.65,546.00,930.00,"508,134.00",10,0.0,6.0,0.0,0.65,-0.07,"2,200.00",850.00,,
2018/07/30,147,SICL,-,925.0,945.0,925.0,945.0,945.00,0.0,0.0,929.35,"1,041.00",930.00,"967,452.00",19,15.0,20.0,1.61,2.16,1.66,"2,195.00",850.00,,
2018/07/31,143,SICL,-,930.0,940.0,930.0,940.0,940.00,0.0,0.0,934.42,495.00,945.00,"462,540.00",10,-5.0,10.0,-0.53,1.08,0.59,"2,195.00",850.00,,
2018/08/01,136,SICL,-,929.0,936.0,927.0,927.0,927.00,0.0,0.0,931.13,"2,262.00",940.00,"2,106,206.00",24,-13.0,9.0,-1.38,0.97,-0.45,"2,195.00",850.00,,
2018/08/02,143,SICL,-,928.0,928.0,920.0,925.0,925.00,0.0,0.0,924.14,"2,022.00",927.00,"1,868,604.00",28,-2.0,8.0,-0.22,0.87,0.09,"2,195.00",850.00,,
2018/08/05,142,SICL,-,922.0,928.0,917.0,917.0,917.00,0.0,0.0,922.22,"1,091.00",925.00,"1,006,143.00",17,-8.0,11.0,-0.86,1.2,-0.57,"2,195.00",850.00,,
2018/08/06,131,SICL,-,913.0,915.0,909.0,915.0,915.00,0.0,0.0,910.71,"4,972.00",917.00,"4,528,061.00",25,-2.0,6.0,-0.22,0.66,0.47,"2,195.00",850.00,,
2018/06/21,140,SICL,-,980.0,985.0,975.0,985.0,985.00,0.0,0.0,981.08,"1,462.00",980.00,"1,434,334.00",22,5.0,10.0,0.51,1.03,0.4,"2,200.00",850.00,,
2018/06/24,144,SICL,-,980.0,985.0,970.0,970.0,970.00,0.0,0.0,978.43,"2,690.00",985.00,"2,631,968.00",30,-15.0,15.0,-1.52,1.55,-0.87,"2,200.00",850.00,,
2018/06/25,136,SICL,-,989.0,989.0,962.0,965.0,965.00,0.0,0.0,965.84,"3,931.00",970.00,"3,796,720.00",17,-5.0,27.0,-0.52,2.81,-0.09,"2,200.00",850.00,,
2018/06/26,138,SICL,-,960.0,967.0,945.0,945.0,945.00,0.0,0.0,957.54,"4,197.00",965.00,"4,018,805.00",41,-20.0,22.0,-2.07,2.33,-1.33,"2,200.00",850.00,,
2018/06/27,135,SICL,-,950.0,965.0,935.0,950.0,950.00,0.0,0.0,953.42,"1,387.00",945.00,"1,322,387.00",21,5.0,30.0,0.53,3.21,-0.36,"2,200.00",850.00,,
2018/06/28,142,SICL,-,940.0,959.0,940.0,945.0,945.00,0.0,0.0,943.43,"2,662.00",950.00,"2,511,402.00",23,-5.0,19.0,-0.53,2.02,0.17,"2,200.00",850.00,,
2018/07/01,136,SICL,-,930.0,960.0,902.0,902.0,902.00,0.0,0.0,923.69,"3,968.00",945.00,"3,665,207.00",47,-43.0,58.0,-4.55,6.43,-2.4,"2,200.00",850.00,,
2018/07/02,138,SICL,-,905.0,915.0,900.0,906.0,906.00,0.0,0.0,908.03,"2,001.00",902.00,"1,816,966.00",18,4.0,15.0,0.44,1.67,-0.22,"2,200.00",850.00,,
2018/07/03,139,SICL,-,910.0,920.0,893.0,911.0,911.00,0.0,0.0,906.47,585.00,906.00,"530,285.00",12,5.0,27.0,0.55,3.02,0.5,"2,200.00",850.00,,
2018/07/04,146,SICL,-,920.0,930.0,908.0,919.0,919.00,0.0,0.0,917.53,"2,280.00",911.00,"2,091,958.00",22,8.0,22.0,0.88,2.42,0.16,"2,200.00",850.00,,
2018/07/05,144,SICL,-,935.0,979.0,929.0,979.0,979.00,0.0,0.0,954.79,"2,706.00",919.00,"2,583,675.00",28,60.00,50.0,6.53,5.38,2.47,"2,200.00",850.00,,
2018/07/08,143,SICL,-,998.0,1000.0,967.0,967.0,967.00,0.0,0.0,979.40,"4,499.00",979.00,"4,406,302.00",55,-12.0,33.0,-1.23,3.41,-1.28,"2,200.00",850.00,,
2018/07/09,144,SICL,-,960.0,960.0,941.0,945.0,945.00,0.0,0.0,948.86,"1,846.00",967.00,"1,751,601.00",22,-22.0,19.0,-2.28,2.02,-0.41,"2,200.00",850.00,,
2018/07/10,138,SICL,-,930.0,966.0,930.0,945.0,945.00,0.0,0.0,948.27,"1,193.00",945.00,"1,131,287.00",18,0.0,36.0,0.0,3.87,-0.35,"2,200.00",850.00,,
2018/07/11,150,SICL,-,931.0,966.0,931.0,945.0,945.00,0.0,0.0,952.04,"1,477.00",945.00,"1,406,160.00",26,0.0,35.0,0.0,3.76,-0.74,"2,200.00",850.00,,
2018/07/12,141,SICL,-,945.0,948.0,930.0,937.0,937.00,0.0,0.0,938.00,"2,315.00",945.00,"2,171,478.00",27,-8.0,18.0,-0.85,1.94,-0.11,"2,200.00",850.00,,
2018/05/28,146,SICL,-,990.0,1091.0,990.0,1091.0,"1,091.00",0.0,0.0,"1,024.21","7,567.00",995.00,"7,750,208.00",42,96.0,101.0,9.65,10.2,6.12,"2,200.00",850.00,,
2018/05/29,146,SICL,-,1090.0,1090.0,1050.0,1060.0,"1,060.00",0.0,0.0,"1,064.35","10,997.00","1,091.00","11,704,638.00",83,-31.0,40.0,-2.84,3.81,-0.41,"2,200.00",850.00,,
2018/05/30,144,SICL,-,1050.0,1094.0,1050.0,1056.0,"1,056.00",0.0,0.0,"1,064.81","9,929.00","1,060.00","10,572,454.00",60,-4.0,44.0,-0.38,4.19,-0.83,"2,200.00",850.00,,
2018/05/31,144,SICL,-,1070.0,1070.0,1044.0,1044.0,"1,044.00",0.0,0.0,"1,051.00","2,324.00","1,056.00","2,442,535.00",30,-12.0,26.0,-1.14,2.49,-0.67,"2,200.00",850.00,,
2018/06/03,134,SICL,-,1024.0,1024.0,1000.0,1000.0,"1,000.00",0.0,0.0,"1,009.37","5,033.00","1,044.00","5,080,174.00",52,-44.00,24.00,-4.21,2.4,-0.94,"2,200.00",850.00,,
2018/06/04,136,SICL,-,981.0,1029.0,980.0,984.0,984.00,0.0,0.0,987.22,"10,999.00","1,000.00","10,858,428.00",75,-16.0,49.00,-1.6,5.0,-0.33,"2,200.00",850.00,,
2018/06/06,120,SICL,-,1003.0,1043.0,1003.0,1015.0,"1,015.00",0.0,0.0,"1,020.50",999.00,984.00,"1,019,480.00",16,31.0,40.0,3.15,3.99,-0.54,"2,200.00",850.00,,
2018/06/07,144,SICL,-,1016.0,1016.0,980.0,983.0,983.00,0.0,0.0,994.90,"11,212.00","1,015.00","11,154,857.00",65,-32.0,36.0,-3.15,3.67,-1.21,"2,200.00",850.00,,
2018/06/10,140,SICL,-,985.0,986.0,960.0,960.0,960.00,0.0,0.0,969.39,"5,722.00",983.00,"5,546,862.00",58,-23.0,26.0,-2.34,2.71,-0.98,"2,200.00",850.00,,
2018/06/11,149,SICL,-,970.0,1016.0,960.0,990.0,990.00,0.0,0.0,980.26,"4,482.00",960.00,"4,393,508.00",45,30.0,56.0,3.13,5.83,0.98,"2,200.00",850.00,,
2018/06/12,139,SICL,-,1000.0,1000.0,975.0,978.0,978.00,0.0,0.0,989.27,"2,767.00",990.00,"2,737,303.00",30,-12.0,25.0,-1.21,2.56,-1.15,"2,200.00",850.00,,
2018/06/13,140,SICL,-,985.0,985.0,980.0,985.0,985.00,0.0,0.0,980.88,"1,380.00",978.00,"1,353,620.00",14,7.0,5.0,0.72,0.51,0.42,"2,200.00",850.00,,
2018/06/14,142,SICL,-,1000.0,1000.0,980.0,980.0,980.00,0.0,0.0,982.86,"1,587.00",985.00,"1,559,800.00",13,-5.00,20.0,-0.51,2.04,-0.29,"2,200.00",850.00,,
2018/06/17,135,SICL,-,981.0,989.0,975.0,985.0,985.00,0.0,0.0,977.81,"1,331.00",980.00,"1,301,466.00",11,5.0,14.0,0.51,1.44,0.73,"2,200.00",850.00,,
2018/06/18,133,SICL,-,985.0,997.0,970.0,997.0,997.00,0.0,0.0,988.95,"1,528.00",985.00,"1,511,109.00",17,12.0,27.0,1.22,2.78,0.81,"2,200.00",850.00,,
2018/06/19,141,SICL,-,980.0,990.0,980.0,981.0,981.00,0.0,0.0,985.23,482.00,997.00,"474,879.00",12,-16.0,10.0,-1.6,1.02,-0.43,"2,200.00",850.00,,
2018/05/02,137,SICL,-,1080.0,1092.0,1071.0,1092.0,"1,092.00",0.0,0.0,"1,083.42","1,949.00","1,092.00","2,111,578.00",18,0.0,21.0,0.0,1.96,0.79,"2,200.00",850.00,,
2018/05/03,149,SICL,-,1108.0,1135.0,1094.0,1094.0,"1,094.00",0.0,0.0,"1,103.01","6,987.00","1,092.00","7,706,697.00",44,2.0,41.0,0.18,3.75,-0.82,"2,200.00",850.00,,
2018/05/06,137,SICL,-,1101.0,1101.0,1060.0,1063.0,"1,063.00",0.0,0.0,"1,070.13","11,156.00","1,094.00","11,938,372.00",111,-31.0,41.0,-2.83,3.87,-0.67,"2,200.00",850.00,,
2018/05/07,137,SICL,-,1050.0,1060.0,1039.0,1040.0,"1,040.00",0.0,0.0,"1,047.34","10,403.00","1,063.00","10,895,519.00",91,-23.0,21.0,-2.16,2.02,-0.71,"2,200.00",850.00,,
2018/05/08,142,SICL,-,1040.0,1070.0,1040.0,1070.0,"1,070.00",0.0,0.0,"1,048.24","17,188.00","1,040.00","18,017,080.00",93,30.0,30.0,2.88,2.88,2.03,"2,200.00",850.00,,
2018/05/09,138,SICL,-,1070.0,1078.0,1049.0,1057.0,"1,057.00",0.0,0.0,"1,060.07","2,601.00","1,070.00","2,757,239.00",30,-13.0,29.0,-1.22,2.76,-0.29,"2,200.00",850.00,,
2018/05/10,139,SICL,-,1069.0,1069.0,1050.0,1055.0,"1,055.00",0.0,0.0,"1,052.03","5,227.00","1,057.00","5,498,986.00",33,-2.0,19.0,-0.19,1.81,0.28,"2,200.00",850.00,,
2018/05/14,141,SICL,-,1038.0,1050.0,1034.0,1037.0,"1,037.00",0.0,0.0,"1,039.41","6,247.00","1,055.00","6,493,174.00",55,-18.0,16.0,-1.71,1.55,-0.23,"2,200.00",850.00,,
2018/05/15,123,SICL,-,1057.0,1070.0,1036.0,1040.0,"1,040.00",0.0,0.0,"1,038.97","4,094.00","1,037.00","4,253,534.00",31,3.0,34.0,0.29,3.28,0.1,"2,200.00",850.00,,
2018/05/16,272,SICL,30.43,639.1,650.0,639.0,644.0,644.00,0.0,0.0,642.00,"11,244.00",652.10,"7,218,650.10",106,-8.1,11.0,-1.24,1.72,0.31,905.00,588.80,757.69,772.49
2018/05/17,133,SICL,-,1042.0,1045.0,1035.0,1035.0,"1,035.00",0.0,0.0,"1,039.83","3,200.00","1,036.00","3,327,442.00",37,-1.0,10.0,-0.1,0.97,-0.47,"2,200.00",850.00,,
2018/05/20,139,SICL,-,1055.0,1055.0,1035.0,1035.0,"1,035.00",0.0,0.0,"1,046.46","2,498.00","1,035.00","2,614,050.00",28,0.0,20.0,0.0,1.93,-1.11,"2,200.00",850.00,,
2018/05/21,142,SICL,-,1040.0,1048.0,1039.0,1040.0,"1,040.00",0.0,0.0,"1,040.38",877.00,"1,035.00","912,415.00",11,5.0,9.0,0.48,0.87,-0.04,"2,200.00",850.00,,
2018/05/22,139,SICL,-,1040.0,1040.0,1020.0,1030.0,"1,030.00",0.0,0.0,"1,028.92","4,020.00","1,040.00","4,136,273.00",35,-10.0,20.0,-0.96,1.96,0.1,"2,200.00",850.00,,
2018/05/23,141,SICL,-,1030.0,1030.0,1002.0,1025.0,"1,025.00",0.0,0.0,"1,014.53","1,930.00","1,030.00","1,958,051.00",32,-5.0,28.0,-0.49,2.79,1.02,"2,200.00",850.00,,
2018/05/24,142,SICL,-,1026.0,1034.0,1005.0,1005.0,"1,005.00",0.0,0.0,"1,012.69","1,875.00","1,025.00","1,898,803.00",29,-20.0,29.0,-1.95,2.89,-0.77,"2,200.00",850.00,,
2018/04/06,272,SICL,30.43,639.1,650.0,639.0,644.0,644.00,0.0,0.0,642.00,"11,244.00",652.10,"7,218,650.10",106,-8.1,11.0,-1.24,1.72,0.31,905.00,588.80,757.69,772.49
2018/04/08,154,SICL,-,999.0,1050.0,970.0,1044.0,"1,044.00",0.0,0.0,992.67,"21,711.00",980.00,"21,551,838.00",105,64.0,80.0,6.53,8.25,4.92,"2,346.00",850.00,,
2018/04/09,148,SICL,-,1050.0,1091.0,1020.0,1035.0,"1,035.00",0.0,0.0,"1,053.28","10,996.00","1,044.00","11,581,898.00",99,-9.0,71.0,-0.86,6.96,-1.77,"2,346.00",850.00,,
2018/04/10,139,SICL,-,1020.0,1030.0,991.0,991.0,991.00,0.0,0.0,"1,006.16","5,118.00","1,035.00","5,149,528.00",57,-44.00,39.00,-4.25,3.94,-1.53,"2,346.00",850.00,,
2018/04/11,137,SICL,-,980.0,1000.0,980.0,990.0,990.00,0.0,0.0,987.80,"5,073.00",991.00,"5,011,113.00",34,-1.0,20.0,-0.1,2.04,0.22,"2,295.00",850.00,,
2018/04/12,142,SICL,-,1000.0,1020.0,999.0,1013.0,"1,013.00",0.0,0.0,"1,004.50","3,259.00",990.00,"3,273,681.00",25,23.0,21.00,2.32,2.1,0.84,"2,295.00",850.00,,
2018/04/15,138,SICL,-,993.0,1040.0,993.0,1035.0,"1,035.00",0.0,0.0,"1,027.47","3,714.00","1,013.00","3,816,009.00",27,22.0,47.0,2.17,4.73,0.73,"2,295.00",850.00,,
2018/04/16,149,SICL,-,1040.0,1073.0,1020.0,1073.0,"1,073.00",0.0,0.0,"1,052.30","11,185.00","1,035.00","11,769,961.00",67,38.0,53.0,3.67,5.2,1.93,"2,295.00",850.00,,
2018/04/17,145,SICL,-,1090.0,1120.0,1080.0,1118.0,"1,118.00",0.0,0.0,"1,102.05","13,783.00","1,073.00","15,189,564.00",106,45.0,40.0,4.19,3.7,1.43,"2,295.00",850.00,,
2018/04/18,146,SICL,-,1124.0,1164.0,1105.0,1135.0,"1,135.00",0.0,0.0,"1,130.70","7,567.00","1,118.00","8,556,025.00",81,17.00,59.00,1.52,5.34,0.38,"2,295.00",850.00,,
2018/04/19,147,SICL,-,1130.0,1140.0,1100.0,1110.0,"1,110.00",0.0,0.0,"1,127.14","5,902.00","1,135.00","6,652,364.00",68,-25.0,40.00,-2.2,3.64,-1.54,"2,295.00",850.00,,
2018/04/22,147,SICL,-,1132.0,1173.0,1112.0,1170.0,"1,170.00",0.0,0.0,"1,142.84","8,375.00","1,110.00","9,571,269.00",65,60.00,61.00,5.41,5.49,2.32,"2,230.00",850.00,,
2018/04/23,149,SICL,-,1193.0,1215.0,1142.0,1148.0,"1,148.00",0.0,0.0,"1,176.82","13,603.00","1,170.00","16,008,325.00",107,-22.0,73.00,-1.88,6.39,-2.51,"2,200.00",850.00,,
2018/04/24,151,SICL,-,1170.0,1170.0,1101.0,1101.0,"1,101.00",0.0,0.0,"1,136.62","5,797.00","1,148.00","6,589,004.00",55,-47.0,69.0,-4.09,6.27,-3.24,"2,200.00",850.00,,
2018/04/25,140,SICL,-,1095.0,1135.0,1095.0,1106.0,"1,106.00",0.0,0.0,"1,114.96","4,358.00","1,101.00","4,858,995.00",40,5.0,40.0,0.45,3.65,-0.81,"2,200.00",850.00,,
2018/04/26,140,SICL,-,1087.0,1147.0,1087.0,1095.0,"1,095.00",0.0,0.0,"1,100.37","4,622.00","1,106.00","5,085,915.00",50,-11.0,60.0,-0.99,5.52,-0.49,"2,200.00",850.00,,
2018/03/13,135,SICL,-,1050.0,1055.0,1035.0,1045.0,"1,045.00",0.0,0.0,"1,039.63","1,466.00","1,042.00","1,524,096.00",16,3.0,20.0,0.29,1.93,0.51,"2,600.00","1,010.00",,
2018/03/14,134,SICL,-,1050.0,1051.0,1041.0,1041.0,"1,041.00",0.0,0.0,"1,048.57","1,369.00","1,045.00","1,435,499.00",17,-4.0,10.0,-0.38,0.96,-0.73,"2,600.00","1,010.00",,
2018/03/15,131,SICL,-,1061.0,1061.0,1056.0,1056.0,"1,056.00",0.0,0.0,"1,059.55",141.00,"1,041.00","149,396.00",2,15.0,5.0,1.44,0.47,-0.34,"2,600.00","1,010.00",,
2018/03/18,130,SICL,-,1060.0,1060.0,1050.0,1050.0,"1,050.00",0.0,0.0,"1,052.46","2,652.00","1,056.00","2,791,116.00",18,-6.0,10.0,-0.57,0.95,-0.23,"2,600.00","1,010.00",,
2018/03/19,135,SICL,-,1046.0,1050.0,1041.0,1050.0,"1,050.00",0.0,0.0,"1,045.17","2,600.00","1,050.00","2,717,450.00",23,0.0,9.0,0.0,0.86,0.46,"2,600.00","1,010.00",,
2018/03/20,140,SICL,-,1035.0,1036.0,995.0,1011.0,"1,011.00",0.0,0.0,"1,007.30","2,946.00","1,050.00","2,967,499.00",51,-39.0,41.0,-3.71,4.12,0.37,"2,600.00","1,010.00",,
2018/03/21,133,SICL,-,991.0,991.0,956.0,970.0,970.00,0.0,0.0,972.35,"4,454.00","1,011.00","4,330,844.00",58,-41.00,35.00,-4.06,3.66,-0.24,"2,600.00",995.00,,
2018/03/22,138,SICL,-,960.0,980.0,942.0,957.0,957.00,0.0,0.0,955.75,"3,186.00",970.00,"3,045,014.00",40,-13.0,38.0,-1.34,4.03,0.13,"2,600.00",956.00,,
2018/03/26,136,SICL,-,938.0,938.0,885.0,890.0,890.00,0.0,0.0,897.74,"3,865.00",957.00,"3,469,764.00",62,-67.00,53.00,-7.0,5.99,-0.87,"2,600.00",942.00,,
2018/03/27,147,SICL,-,880.0,950.0,850.0,935.0,935.00,0.0,0.0,882.57,"4,459.00",890.00,"3,935,360.00",45,45.0,100.00,5.06,11.76,5.61,"2,600.00",885.00,,
2018/03/28,141,SICL,-,953.0,953.0,917.0,925.0,925.00,0.0,0.0,936.77,"5,636.00",935.00,"5,279,620.00",62,-10.0,36.0,-1.07,3.93,-1.27,"2,600.00",850.00,,
2018/03/29,144,SICL,-,920.0,950.0,917.0,950.0,950.00,0.0,0.0,923.79,"1,521.00",925.00,"1,405,088.00",17,25.0,33.0,2.7,3.6,2.76,"2,600.00",850.00,,
2018/04/01,136,SICL,-,931.0,933.0,913.0,922.0,922.00,0.0,0.0,920.42,"2,144.00",950.00,"1,973,391.00",23,-28.0,20.0,-2.95,2.19,0.17,"2,600.00",850.00,,
2018/04/02,136,SICL,-,920.0,920.0,918.0,918.0,918.00,0.0,0.0,919.88,510.00,922.00,"469,140.00",6,-4.0,2.0,-0.43,0.22,-0.21,"2,400.00",850.00,,
2018/04/03,139,SICL,-,912.0,929.0,912.0,929.0,929.00,0.0,0.0,920.65,214.00,918.00,"197,020.00",6,11.0,17.0,1.2,1.86,0.9,"2,346.00",850.00,,
2018/04/04,143,SICL,-,930.0,960.0,922.0,955.0,955.00,0.0,0.0,938.93,"3,659.00",929.00,"3,435,540.00",34,26.0,38.0,2.8,4.12,1.68,"2,346.00",850.00,,
2018/02/12,135,SICL,-,1150.0,1150.0,1135.0,1135.0,"1,135.00",0.0,0.0,"1,142.84","2,098.00","1,150.00","2,397,677.00",27,-15.0,15.0,0.0,1.32,-0.69,0.0,0.0,,
2018/02/14,137,SICL,-,1135.0,1160.0,1125.0,1160.0,"1,160.00",0.0,0.0,"1,144.10","1,082.00","1,135.00","1,237,920.00",13,25.0,35.0,0.0,3.11,1.37,0.0,0.0,,
2018/02/15,145,SICL,-,1160.0,1235.0,1167.0,1225.0,"1,225.00",0.0,0.0,"1,204.85","4,234.00","1,160.00","5,101,356.00",42,65.0,68.0,0.0,5.83,1.64,0.0,0.0,,
2018/02/18,139,SICL,-,1230.0,1238.0,1190.0,1190.0,"1,190.00",0.0,0.0,"1,216.84","4,991.00","1,225.00","6,073,256.00",51,-35.0,48.0,-2.86,4.03,-2.26,"2,600.00","1,125.00",,
2018/02/20,142,SICL,-,1200.0,1200.0,1165.0,1165.0,"1,165.00",0.0,0.0,"1,177.01","1,864.00","1,190.00","2,193,955.00",23,-25.0,35.0,-2.1,3.0,-1.03,"2,600.00","1,125.00",,
2018/02/21,128,SICL,-,1150.0,1165.0,1150.0,1160.0,"1,160.00",0.0,0.0,"1,158.81",168.00,"1,165.00","194,680.00",8,-5.0,15.0,-0.43,1.3,0.1,"2,600.00","1,125.00",,
2018/02/22,139,SICL,-,1160.0,1176.0,1141.0,1141.0,"1,141.00",0.0,0.0,"1,156.37","2,518.00","1,160.00","2,911,740.00",27,-19.0,35.0,-1.64,3.07,-1.35,"2,600.00","1,125.00",,
2018/02/25,272,SICL,30.43,639.1,650.0,639.0,644.0,644.00,0.0,0.0,642.00,"11,244.00",652.10,"7,218,650.10",106,-8.1,11.0,-1.24,1.72,0.31,905.00,588.80,757.69,772.49
2018/02/26,131,SICL,-,1151.0,1162.0,1150.0,1150.0,"1,150.00",0.0,0.0,"1,154.11","1,511.00","1,160.00","1,743,864.00",22,-10.00,12.00,-0.86,1.04,-0.36,"2,600.00","1,125.00",,
2018/02/27,134,SICL,-,1140.0,1180.0,1112.0,1164.0,"1,164.00",0.0,0.0,"1,135.79","5,741.00","1,150.00","6,520,573.00",27,14.0,68.0,1.22,6.12,2.42,"2,600.00","1,125.00",,
2018/02/28,139,SICL,-,1160.0,1160.0,1113.0,1113.0,"1,113.00",0.0,0.0,"1,128.94","4,682.00","1,164.00","5,285,696.00",42,-51.0,47.0,-4.38,4.22,-1.43,"2,600.00","1,112.00",,
2018/03/04,133,SICL,-,1091.0,1092.0,1061.0,1090.0,"1,090.00",0.0,0.0,"1,074.02","4,008.00","1,113.00","4,304,692.00",45,-23.0,31.0,-2.07,2.92,1.47,"2,600.00","1,112.00",,
2018/03/05,135,SICL,-,1075.0,1075.0,1065.0,1068.0,"1,068.00",0.0,0.0,"1,070.08","3,297.00","1,090.00","3,528,040.00",27,-22.0,10.0,-2.02,0.94,-0.19,"2,600.00","1,061.00",,
2018/03/06,145,SICL,-,1065.0,1139.0,1010.0,1070.0,"1,070.00",0.0,0.0,"1,060.27","4,333.00","1,068.00","4,594,168.00",54,2.0,129.00,0.19,12.77,0.91,"2,600.00","1,061.00",,
2018/03/07,137,SICL,-,1089.0,1091.0,1060.0,1085.0,"1,085.00",0.0,0.0,"1,072.01","2,875.00","1,070.00","3,082,016.00",30,15.0,31.0,1.4,2.92,1.2,"2,600.00","1,010.00",,
2018/03/11,138,SICL,-,1085.0,1090.0,1034.0,1055.0,"1,055.00",0.0,0.0,"1,056.72","2,052.00","1,085.00","2,168,395.00",30,-30.0,56.0,-2.77,5.42,-0.16,"2,600.00","1,010.00",,
2018/01/16,137,SICL,-,1167.0,1185.0,1170.0,1170.0,"1,170.00",0.0,0.0,"1,172.61",426.00,"1,167.00","499,530.00",11,3.0,15.0,0.0,1.28,-0.22,0.0,0.0,,
2018/01/17,138,SICL,-,1170.0,1170.0,1165.0,1165.0,"1,165.00",0.0,0.0,"1,169.41",170.00,"1,170.00","198,800.00",3,-5.0,5.0,0.0,0.43,-0.38,0.0,0.0,,
2018/01/21,143,SICL,-,1165.0,1198.0,1160.0,1160.0,"1,160.00",0.0,0.0,"1,178.96","1,982.00","1,165.00","2,336,698.00",20,-5.0,38.0,0.0,3.28,-1.63,0.0,0.0,,
2018/01/22,142,SICL,-,1160.0,1165.0,1150.0,1165.0,"1,165.00",0.0,0.0,"1,154.32",865.00,"1,160.00","998,483.00",11,5.0,15.0,0.0,1.3,0.92,0.0,0.0,,
2018/01/23,135,SICL,-,1165.0,1165.0,1152.0,1155.0,"1,155.00",0.0,0.0,"1,156.24",362.00,"1,165.00","418,560.00",10,-10.0,13.0,0.0,1.13,-0.11,0.0,0.0,,
2018/01/24,137,SICL,-,1155.0,1159.0,1150.0,1155.0,"1,155.00",0.0,0.0,"1,155.99","1,088.00","1,155.00","1,257,720.00",17,0.0,9.0,0.0,0.78,-0.09,0.0,0.0,,
2018/01/25,141,SICL,-,1155.0,1164.0,1150.0,1164.0,"1,164.00",0.0,0.0,"1,155.88",714.00,"1,155.00","825,298.00",14,9.0,14.0,0.0,1.22,0.7,0.0,0.0,,
2018/01/28,140,SICL,-,1164.0,1192.0,1180.0,1184.0,"1,184.00",0.0,0.0,"1,187.06","1,564.00","1,164.00","1,856,565.00",11,20.0,12.0,0.0,1.02,-0.26,0.0,0.0,,
2018/01/29,142,SICL,-,1184.0,1190.0,1175.0,1175.0,"1,175.00",0.0,0.0,"1,181.87",748.00,"1,184.00","884,040.00",8,-9.0,15.0,0.0,1.28,-0.58,0.0,0.0,,
2018/01/31,139,SICL,-,1175.0,1180.0,1170.0,1174.0,"1,174.00",0.0,0.0,"1,173.92","1,656.00","1,175.00","1,944,004.00",32,-1.0,10.0,0.0,0.85,0.01,0.0,0.0,,
2018/02/01,138,SICL,-,1174.0,1179.0,1171.0,1179.0,"1,179.00",0.0,0.0,"1,172.28",746.00,"1,174.00","874,524.00",12,5.0,8.0,0.0,0.68,0.57,0.0,0.0,,
2018/02/04,141,SICL,-,1179.0,1189.0,1165.0,1180.0,"1,180.00",0.0,0.0,"1,181.33","1,434.00","1,179.00","1,694,022.00",20,1.0,24.0,0.0,2.06,-0.11,0.0,0.0,,
2018/02/05,135,SICL,-,1180.0,1199.0,1157.0,1165.0,"1,165.00",0.0,0.0,"1,178.14","1,667.00","1,180.00","1,963,964.00",18,-15.0,42.0,0.0,3.63,-1.13,0.0,0.0,,
2018/02/06,134,SICL,-,1165.0,1170.0,1165.0,1170.0,"1,170.00",0.0,0.0,"1,167.12",342.00,"1,165.00","399,155.00",9,5.0,5.0,0.0,0.43,0.25,0.0,0.0,,
2018/02/07,133,SICL,-,1170.0,1170.0,1162.0,1162.0,"1,162.00",0.0,0.0,"1,166.04","1,060.00","1,170.00","1,236,004.00",20,-8.0,8.0,0.0,0.69,-0.35,0.0,0.0,,
2018/02/08,132,SICL,-,1162.0,1170.0,1140.0,1164.0,"1,164.00",0.0,0.0,"1,150.63",891.00,"1,162.00","1,025,215.00",19,2.0,30.0,0.0,2.63,1.15,0.0,0.0,,
2017/12/19,143,SICL,-,1275.0,1265.0,1250.0,1250.0,"1,250.00",0.0,0.0,"1,253.95","5,954.00","1,275.00","7,466,034.00",60,-25.0,15.0,0.0,1.2,-0.32,0.0,0.0,,
2017/12/20,138,SICL,-,1250.0,1255.0,1246.0,1250.0,"1,250.00",0.0,0.0,"1,250.81","2,012.00","1,250.00","2,516,627.00",17,0.0,9.0,0.0,0.72,-0.06,0.0,0.0,,
2017/12/21,135,SICL,-,1250.0,1250.0,1235.0,1236.0,"1,236.00",0.0,0.0,"1,241.59","3,269.00","1,250.00","4,058,764.00",35,-14.0,15.0,0.0,1.21,-0.45,0.0,0.0,,
2017/12/24,139,SICL,-,1236.0,1260.0,1226.0,1232.0,"1,232.00",0.0,0.0,"1,233.66","2,355.00","1,236.00","2,905,270.00",28,-4.0,34.0,0.0,2.77,-0.13,0.0,0.0,,
2017/12/26,140,SICL,-,1232.0,1219.0,1205.0,1219.0,"1,219.00",0.0,0.0,"1,210.09",936.00,"1,232.00","1,132,645.00",17,-13.0,14.0,0.0,1.16,0.73,0.0,0.0,,
2017/12/27,138,SICL,-,1219.0,1205.0,1181.0,1183.0,"1,183.00",0.0,0.0,"1,194.57","2,155.00","1,219.00","2,574,305.00",31,-36.0,24.0,0.0,2.03,-0.98,0.0,0.0,,
2017/12/28,142,SICL,-,1183.0,1190.0,1164.0,1190.0,"1,190.00",0.0,0.0,"1,180.59","1,601.00","1,183.00","1,890,117.00",21,7.0,26.0,0.0,2.23,0.79,0.0,0.0,,
2017/12/31,139,SICL,-,1190.0,1175.0,1141.0,1152.0,"1,152.00",0.0,0.0,"1,164.40","4,741.00","1,190.00","5,520,444.00",35,-38.0,34.0,0.0,2.98,-1.08,0.0,0.0,,
2018/01/01,142,SICL,-,1152.0,1184.0,1158.0,1184.0,"1,184.00",0.0,0.0,"1,168.95","1,868.00","1,152.00","2,183,605.00",20,32.00,26.00,0.0,2.25,1.27,0.0,0.0,,
2018/01/02,146,SICL,-,1184.0,1207.0,1170.0,1182.0,"1,182.00",0.0,0.0,"1,193.74","3,731.00","1,184.00","4,453,841.00",40,-2.0,37.0,0.0,3.16,-0.99,0.0,0.0,,
2018/01/03,137,SICL,-,1182.0,1190.0,1163.0,1166.0,"1,166.00",0.0,0.0,"1,171.10","1,100.00","1,182.00","1,288,210.00",22,-16.0,27.0,0.0,2.32,-0.44,0.0,0.0,,
2018/01/04,139,SICL,-,1166.0,1175.0,1160.0,1175.0,"1,175.00",0.0,0.0,"1,167.12","1,049.00","1,166.00","1,224,309.00",18,9.0,15.0,0.0,1.29,0.67,0.0,0.0,,
2018/01/07,137,SICL,-,1175.0,1200.0,1185.0,1193.0,"1,193.00",0.0,0.0,"1,194.21","1,373.00","1,175.00","1,639,650.00",20,18.0,15.0,0.0,1.27,-0.1,0.0,0.0,,
2018/01/08,139,SICL,-,1193.0,1225.0,1200.0,1200.0,"1,200.00",0.0,0.0,"1,202.78","1,455.00","1,193.00","1,750,045.00",30,7.0,25.0,0.0,2.08,-0.23,0.0,0.0,,
2018/01/09,140,SICL,-,1200.0,1228.0,1191.0,1216.0,"1,216.00",0.0,0.0,"1,220.50","2,785.00","1,200.00","3,399,103.00",24,16.0,37.0,0.0,3.11,-0.37,0.0,0.0,,
2018/01/10,138,SICL,-,1216.0,1209.0,1192.0,1198.0,"1,198.00",0.0,0.0,"1,198.19",946.00,"1,216.00","1,133,490.00",12,-18.0,17.0,0.0,1.43,-0.02,0.0,0.0,,
2017/11/22,143,SICL,-,1753.0,1765.0,1741.0,1757.0,"1,757.00",0.0,0.0,"1,754.13",469.00,"1,753.00","822,687.00",23,4.0,24.0,0.0,1.38,0.16,0.0,0.0,,
2017/11/23,144,SICL,-,1757.0,1785.0,1767.0,1767.0,"1,767.00",0.0,0.0,"1,773.17",860.00,"1,757.00","1,524,926.00",12,10.0,18.0,0.0,1.02,-0.35,0.0,0.0,,
2017/11/26,135,SICL,-,1767.0,1802.0,1780.0,1800.0,"1,800.00",0.0,0.0,"1,798.12",554.00,"1,767.00","996,158.00",14,33.0,22.0,0.0,1.24,0.1,0.0,0.0,,
2017/11/27,140,SICL,-,1800.0,1835.0,1782.0,1790.0,"1,790.00",0.0,0.0,"1,809.69","1,472.00","1,800.00","2,663,870.00",19,-10.0,53.0,0.0,2.97,-1.1,0.0,0.0,,
2017/11/28,144,SICL,-,1790.0,1800.0,1788.0,1796.0,"1,796.00",0.0,0.0,"1,794.47",894.00,"1,790.00","1,604,258.00",13,6.0,12.0,0.0,0.67,0.09,0.0,0.0,,
2017/11/29,144,SICL,-,1796.0,1815.0,1770.0,1770.0,"1,770.00",0.0,0.0,"1,795.08","11,730.00","1,796.00","21,056,260.00",52,-26.0,45.0,0.0,2.54,-1.42,0.0,0.0,,
2017/11/30,144,SICL,-,1770.0,1795.0,1765.0,1783.0,"1,783.00",0.0,0.0,"1,777.22","4,474.00","1,770.00","7,951,300.00",35,13.0,30.0,0.0,1.7,0.32,0.0,0.0,,
2017/12/04,138,SICL,-,1783.0,1825.0,1770.0,1770.0,"1,770.00",0.0,0.0,"1,792.32","16,012.00","1,783.00","28,698,680.00",224,-13.0,55.0,0.0,3.11,-1.26,0.0,0.0,,
2017/12/05,143,SICL,-,1770.0,1795.0,1750.0,1750.0,"1,750.00",0.0,0.0,"1,758.49","22,652.00","1,770.00","39,833,412.00",208,-20.0,45.0,0.0,2.57,-0.49,0.0,0.0,,
2017/12/06,145,SICL,-,1750.0,1789.0,1752.0,1778.0,"1,778.00",0.0,0.0,"1,771.47","36,133.00","1,750.00","64,008,444.00",385,28.0,37.0,0.0,2.11,0.37,0.0,0.0,,
2017/12/10,141,SICL,-,1378.0,1433.0,1356.0,1360.0,"1,360.00",0.0,0.0,"1,381.19","3,645.00","1,378.00","5,034,420.00",46,-18.0,77.0,0.0,5.68,-1.56,0.0,0.0,,
2017/12/11,137,SICL,-,1360.0,1375.0,1360.0,1365.0,"1,365.00",0.0,0.0,"1,370.55",777.00,"1,360.00","1,064,915.00",21,5.0,15.0,0.0,1.1,-0.41,0.0,0.0,,
2017/12/12,138,SICL,-,1365.0,1360.0,1331.0,1331.0,"1,331.00",0.0,0.0,"1,340.56","1,295.00","1,365.00","1,736,030.00",21,-34.0,29.0,0.0,2.18,-0.72,0.0,0.0,,
2017/12/13,143,SICL,-,1331.0,1356.0,1331.0,1350.0,"1,350.00",0.0,0.0,"1,343.60","1,078.00","1,331.00","1,448,400.00",14,19.0,25.0,0.0,1.88,0.47,0.0,0.0,,
2017/12/14,136,SICL,-,1350.0,1351.0,1330.0,1336.0,"1,336.00",0.0,0.0,"1,343.99","1,530.00","1,350.00","2,056,310.00",21,-14.0,21.0,0.0,1.58,-0.6,0.0,0.0,,
2017/12/17,141,SICL,-,1336.0,1338.0,1310.0,1310.0,"1,310.00",0.0,0.0,"1,324.46","1,600.00","1,336.00","2,119,140.00",23,-26.0,28.0,0.0,2.14,-1.1,0.0,0.0,,
2017/10/30,138,SICL,-,1933.0,1940.0,1910.0,1929.0,"1,929.00",0.0,0.0,"1,915.72","4,890.00","1,933.00","9,367,895.00",16,-4.0,30.0,0.0,1.57,0.69,0.0,0.0,,
2017/10/31,140,SICL,-,1929.0,1970.0,1892.0,1900.0,"1,900.00",0.0,0.0,"1,919.09","7,997.00","1,929.00","15,346,999.00",113,-29.0,78.00,0.0,4.12,-1.0,0.0,0.0,,
2017/11/01,139,SICL,-,1900.0,1900.0,1860.0,1870.0,"1,870.00",0.0,0.0,"1,877.45","4,616.00","1,900.00","8,666,292.00",54,-30.0,40.0,0.0,2.15,-0.4,0.0,0.0,,
2017/11/02,136,SICL,-,1870.0,1870.0,1850.0,1850.0,"1,850.00",0.0,0.0,"1,855.80","1,834.00","1,870.00","3,403,534.00",39,-20.0,20.0,0.0,1.08,-0.31,0.0,0.0,,
2017/11/05,139,SICL,-,1850.0,1846.0,1815.0,1843.0,"1,843.00",0.0,0.0,"1,830.60","4,362.00","1,850.00","7,985,074.00",46,-7.0,31.0,0.0,1.71,0.67,0.0,0.0,,
2017/11/06,141,SICL,-,1843.0,1850.0,1807.0,1840.0,"1,840.00",0.0,0.0,"1,831.05","1,149.00","1,843.00","2,103,882.00",23,-3.0,43.0,0.0,2.38,0.49,0.0,0.0,,
2017/11/07,139,SICL,-,1840.0,1870.0,1820.0,1820.0,"1,820.00",0.0,0.0,"1,830.68","1,412.00","1,840.00","2,584,917.00",25,-20.0,50.0,0.0,2.75,-0.59,0.0,0.0,,
2017/11/08,140,SICL,-,1820.0,1802.0,1784.0,1784.0,"1,784.00",0.0,0.0,"1,792.90","2,228.00","1,820.00","3,994,585.00",35,-36.00,18.0,0.0,1.01,-0.5,0.0,0.0,,
2017/11/09,136,SICL,-,1784.0,1820.0,1750.0,1790.0,"1,790.00",0.0,0.0,"1,780.64","3,634.00","1,784.00","6,470,841.00",38,6.0,70.0,0.0,4.0,0.52,0.0,0.0,,
2017/11/12,139,SICL,-,1790.0,1779.0,1750.0,1779.0,"1,779.00",0.0,0.0,"1,765.29","7,318.00","1,790.00","12,918,386.00",45,-11.0,29.0,0.0,1.66,0.77,0.0,0.0,,
2017/11/13,138,SICL,-,1779.0,1811.0,1776.0,1783.0,"1,783.00",0.0,0.0,"1,781.36","2,857.00","1,779.00","5,089,345.00",44,4.0,35.00,0.0,1.97,0.09,0.0,0.0,,
2017/11/14,143,SICL,-,1783.0,1805.0,1770.0,1777.0,"1,777.00",0.0,0.0,"1,786.95","5,675.00","1,783.00","10,140,949.00",71,-6.0,35.0,0.0,1.98,-0.56,0.0,0.0,,
2017/11/15,137,SICL,-,1777.0,1790.0,1770.0,1776.0,"1,776.00",0.0,0.0,"1,777.59","2,152.00","1,777.00","3,825,372.00",27,-1.0,20.0,0.0,1.13,-0.09,0.0,0.0,,
2017/11/16,272,SICL,30.43,639.1,650.0,639.0,644.0,644.00,0.0,0.0,642.00,"11,244.00",652.10,"7,218,650.10",106,-8.1,11.0,-1.24,1.72,0.31,905.00,588.80,757.69,772.49
2017/11/19,138,SICL,-,1750.0,1750.0,1725.0,1725.0,"1,725.00",0.0,0.0,"1,727.84",457.00,"1,750.00","789,625.00",12,-25.0,25.0,0.0,1.45,-0.16,0.0,0.0,,
2017/11/20,141,SICL,-,1725.0,1759.0,1739.0,1739.0,"1,739.00",0.0,0.0,"1,743.32","1,053.00","1,725.00","1,835,714.00",16,14.0,20.0,0.0,1.15,-0.25,0.0,0.0,,
2017/10/03,105,SICL,-,1999.0,2010.0,2000.0,2010.0,"2,010.00",0.0,0.0,"2,003.63",758.00,"1,999.00","1,518,750.00",7,11.0,10.0,0.0,0.5,0.32,0.0,0.0,,
2017/10/04,126,SICL,-,2010.0,2020.0,2000.0,2000.0,"2,000.00",0.0,0.0,"2,013.24","1,983.00","2,010.00","3,992,260.00",10,-10.0,20.0,0.0,1.0,-0.66,0.0,0.0,,
2017/10/08,133,SICL,-,2000.0,1980.0,1926.0,1931.0,"1,931.00",0.0,0.0,"1,944.16","1,308.00","2,000.00","2,542,964.00",18,-69.0,54.0,0.0,2.8,-0.68,0.0,0.0,,
2017/10/09,132,SICL,-,1931.0,1920.0,1877.0,1901.0,"1,901.00",0.0,0.0,"1,905.27","2,498.00","1,931.00","4,759,364.00",28,-30.0,43.0,0.0,2.29,-0.22,0.0,0.0,,
2017/10/10,134,SICL,-,1901.0,1930.0,1900.0,1930.0,"1,930.00",0.0,0.0,"1,912.75","1,794.00","1,901.00","3,431,475.00",24,29.0,30.0,0.0,1.58,0.89,0.0,0.0,,
2017/10/11,142,SICL,-,1930.0,1932.0,1930.0,1932.0,"1,932.00",0.0,0.0,"1,931.81",165.00,"1,930.00","318,748.00",5,2.0,2.0,0.0,0.1,0.01,0.0,0.0,,
2017/10/12,135,SICL,-,1932.0,1935.0,1920.0,1926.0,"1,926.00",0.0,0.0,"1,928.28","1,365.00","1,932.00","2,632,104.00",16,-6.0,15.0,0.0,0.78,-0.12,0.0,0.0,,
2017/10/15,136,SICL,-,1926.0,1935.0,1910.0,1910.0,"1,910.00",0.0,0.0,"1,921.80",523.00,"1,926.00","1,005,100.00",9,-16.0,25.0,0.0,1.31,-0.62,0.0,0.0,,
2017/10/16,142,SICL,-,1910.0,1985.0,1948.0,1981.0,"1,981.00",0.0,0.0,"1,969.33","1,066.00","1,910.00","2,099,301.00",19,71.0,37.0,0.0,1.9,0.59,0.0,0.0,,
2017/10/17,142,SICL,-,1981.0,2000.0,1935.0,1970.0,"1,970.00",0.0,0.0,"1,980.03","4,270.00","1,981.00","8,454,745.00",31,-11.0,65.0,0.0,3.36,-0.51,0.0,0.0,,
2017/10/18,126,SICL,-,1970.0,1980.0,1960.0,1978.0,"1,978.00",0.0,0.0,"1,967.80",314.00,"1,970.00","617,888.00",20,8.0,20.0,0.0,1.02,0.52,0.0,0.0,,
2017/10/19,272,SICL,30.43,639.1,650.0,639.0,644.0,644.00,0.0,0.0,642.00,"11,244.00",652.10,"7,218,650.10",106,-8.1,11.0,-1.24,1.72,0.31,905.00,588.80,757.69,772.49
2017/10/22,126,SICL,-,1978.0,1980.0,1950.0,1965.0,"1,965.00",0.0,0.0,"1,962.64",399.00,"1,978.00","783,095.00",11,-13.0,30.0,0.0,1.54,0.12,0.0,0.0,,
2017/10/23,136,SICL,-,1965.0,1970.0,1955.0,1956.0,"1,956.00",0.0,0.0,"1,960.63",637.00,"1,965.00","1,248,923.00",12,-9.00,15.0,0.0,0.77,-0.24,0.0,0.0,,
2017/10/24,140,SICL,-,1956.0,1999.0,1960.0,1973.0,"1,973.00",0.0,0.0,"1,980.65",901.00,"1,956.00","1,784,565.00",17,17.0,39.0,0.0,1.99,-0.39,0.0,0.0,,
2017/10/25,138,SICL,-,1973.0,1960.0,1950.0,1950.0,"1,950.00",0.0,0.0,"1,951.08",439.00,"1,973.00","856,525.00",22,-23.0,10.0,0.0,0.51,-0.06,0.0,0.0,,
2017/08/28,136,SICL,-,2100.0,2099.0,2085.0,2086.0,"2,086.00",0.0,0.0,"2,088.44","1,782.00","2,100.00","3,721,604.00",11,-14.0,14.0,0.0,0.67,-0.12,0.0,0.0,,
2017/08/30,133,SICL,-,2086.0,2095.0,2045.0,2075.0,"2,075.00",0.0,0.0,"2,076.10",792.00,"2,086.00","1,644,272.00",20,-11.0,50.0,0.0,2.44,-0.05,0.0,0.0,,
2017/08/31,139,SICL,-,2075.0,2070.0,2027.0,2027.0,"2,027.00",0.0,0.0,"2,045.49","1,912.00","2,075.00","3,910,985.00",34,-48.0,43.0,0.0,2.12,-0.91,0.0,0.0,,
2017/09/04,132,SICL,-,2027.0,2040.0,1975.0,1995.0,"1,995.00",0.0,0.0,"2,005.65","4,710.00","2,027.00","9,446,622.00",38,-32.0,65.0,0.0,3.29,-0.53,0.0,0.0,,
2017/09/06,272,SICL,30.43,639.1,650.0,639.0,644.0,644.00,0.0,0.0,642.00,"11,244.00",652.10,"7,218,650.10",106,-8.1,11.0,-1.24,1.72,0.31,905.00,588.80,757.69,772.49
2017/09/07,136,SICL,-,2020.0,2000.0,1980.0,1980.0,"1,980.00",0.0,0.0,"1,987.11","1,913.00","2,020.00","3,801,343.00",31,-40.0,20.0,0.0,1.01,-0.36,0.0,0.0,,
2017/09/10,136,SICL,-,1980.0,1980.0,1916.0,1916.0,"1,916.00",0.0,0.0,"1,950.64","3,611.00","1,980.00","7,043,755.00",33,-64.00,64.0,0.0,3.34,-1.81,0.0,0.0,,
2017/09/11,138,SICL,-,1916.0,1975.0,1920.0,1945.0,"1,945.00",0.0,0.0,"1,942.11","1,718.00","1,916.00","3,336,542.00",26,29.0,55.0,0.0,2.86,0.15,0.0,0.0,,
2017/09/12,133,SICL,-,1945.0,1945.0,1900.0,1900.0,"1,900.00",0.0,0.0,"1,914.27","5,016.00","1,945.00","9,602,001.00",41,-45.0,45.0,0.0,2.37,-0.75,0.0,0.0,,
2017/09/13,139,SICL,-,1900.0,1940.0,1890.0,1930.0,"1,930.00",0.0,0.0,"1,909.93","3,049.00","1,900.00","5,823,390.00",33,30.0,50.0,0.0,2.65,1.04,0.0,0.0,,
2017/09/14,138,SICL,-,1930.0,1975.0,1900.0,1975.0,"1,975.00",0.0,0.0,"1,963.22","2,124.00","1,930.00","4,169,877.00",14,45.00,75.00,0.0,3.95,0.6,0.0,0.0,,
2017/09/17,138,SICL,-,1975.0,1999.0,1945.0,1960.0,"1,960.00",0.0,0.0,"1,957.90","5,361.00","1,975.00","10,496,300.00",38,-15.0,54.0,0.0,2.78,0.11,0.0,0.0,,
2017/09/18,140,SICL,-,1960.0,1969.0,1950.0,1965.0,"1,965.00",0.0,0.0,"1,956.79","1,561.00","1,960.00","3,054,546.00",34,5.0,19.0,0.0,0.97,0.42,0.0,0.0,,
2017/09/20,138,SICL,-,1965.0,1999.0,1950.0,1990.0,"1,990.00",0.0,0.0,"1,978.12","4,302.00","1,965.00","8,509,862.00",43,25.0,49.0,0.0,2.51,0.6,0.0,0.0,,
2017/09/24,130,SICL,-,1990.0,1994.0,1965.0,1994.0,"1,994.00",0.0,0.0,"1,972.62",703.00,"1,990.00","1,386,750.00",16,4.0,29.0,0.0,1.48,1.07,0.0,0.0,,
2017/09/25,134,SICL,-,1994.0,2005.0,1990.0,2005.0,"2,005.00",0.0,0.0,"1,996.88","1,849.00","1,994.00","3,692,238.00",22,11.0,15.0,0.0,0.75,0.4,0.0,0.0,,
2017/08/01,136,SICL,-,2175.0,2179.0,2145.0,2145.0,"2,145.00",0.0,0.0,"2,162.06","2,155.00","2,175.00","4,659,246.00",35,-30.0,34.0,0.0,1.59,-0.8,0.0,0.0,,
2017/08/02,136,SICL,-,2145.0,2150.0,2135.0,2135.0,"2,135.00",0.0,0.0,"2,142.30","3,131.00","2,145.00","6,707,550.00",33,-10.0,15.0,0.0,0.7,-0.34,0.0,0.0,,
2017/08/03,141,SICL,-,2135.0,2170.0,2106.0,2106.0,"2,106.00",0.0,0.0,"2,126.82","3,596.00","2,135.00","7,648,035.00",37,-29.0,64.0,0.0,3.04,-0.99,0.0,0.0,,
2017/08/06,137,SICL,-,2106.0,2100.0,2066.0,2084.0,"2,084.00",0.0,0.0,"2,082.06","3,834.00","2,106.00","7,982,601.00",41,-22.0,34.0,0.0,1.65,0.09,0.0,0.0,,
2017/08/07,136,SICL,-,2084.0,2110.0,2055.0,2105.0,"2,105.00",0.0,0.0,"2,081.17","2,677.00","2,084.00","5,571,291.00",51,21.0,55.0,0.0,2.68,1.13,0.0,0.0,,
2017/08/09,138,SICL,-,2105.0,2150.0,2099.0,2125.0,"2,125.00",0.0,0.0,"2,136.38","3,473.00","2,105.00","7,419,658.00",32,20.0,51.00,0.0,2.43,-0.54,0.0,0.0,,
2017/08/10,140,SICL,-,2125.0,2167.0,2115.0,2132.0,"2,132.00",0.0,0.0,"2,137.59","6,702.00","2,125.00","14,326,104.00",69,7.0,52.0,0.0,2.46,-0.26,0.0,0.0,,
2017/08/13,138,SICL,-,2132.0,2195.0,2122.0,2122.0,"2,122.00",0.0,0.0,"2,148.17","5,942.00","2,132.00","12,764,398.00",62,-10.0,73.0,0.0,3.44,-1.23,0.0,0.0,,
2017/08/15,139,SICL,-,2122.0,2110.0,2085.0,2085.0,"2,085.00",0.0,0.0,"2,096.30","1,514.00","2,122.00","3,173,805.00",27,-37.0,25.0,0.0,1.2,-0.54,0.0,0.0,,
2017/08/16,139,SICL,-,2085.0,2115.0,2062.0,2105.0,"2,105.00",0.0,0.0,"2,086.47","7,024.00","2,085.00","14,655,370.00",75,20.0,53.0,0.0,2.57,0.88,0.0,0.0,,
2017/08/17,143,SICL,-,2105.0,2115.0,2090.0,2100.0,"2,100.00",0.0,0.0,"2,098.46","9,276.00","2,105.00","19,465,330.00",74,-5.0,25.0,0.0,1.2,0.07,0.0,0.0,,
2017/08/20,136,SICL,-,2100.0,2130.0,2095.0,2096.0,"2,096.00",0.0,0.0,"2,110.99","3,942.00","2,100.00","8,321,542.00",29,-4.0,35.0,0.0,1.67,-0.72,0.0,0.0,,
2017/08/21,134,SICL,-,2096.0,2115.0,2090.0,2110.0,"2,110.00",0.0,0.0,"2,107.54","2,461.00","2,096.00","5,186,653.00",29,14.0,25.0,0.0,1.2,0.12,0.0,0.0,,
2017/08/22,138,SICL,-,2110.0,2145.0,2116.0,2123.0,"2,123.00",0.0,0.0,"2,129.65","4,993.00","2,110.00","10,633,359.00",45,13.0,29.0,0.0,1.37,-0.31,0.0,0.0,,
2017/08/23,139,SICL,-,2123.0,2115.0,2100.0,2100.0,"2,100.00",0.0,0.0,"2,107.96","2,917.00","2,123.00","6,148,919.00",33,-23.0,15.0,0.0,0.71,-0.38,0.0,0.0,,
2017/08/24,137,SICL,-,2100.0,2105.0,2090.0,2104.0,"2,104.00",0.0,0.0,"2,099.54","2,855.00","2,100.00","5,994,181.00",37,4.0,15.0,0.0,0.72,0.21,0.0,0.0,,
2017/07/09,126,SICL,-,1945.0,2022.0,1905.0,1955.0,"1,955.00",0.0,0.0,"1,963.43","6,107.00","1,945.00","11,990,677.00",60,10.0,117.0,0.0,6.14,-0.43,0.0,0.0,,
2017/07/10,127,SICL,-,1955.0,1975.0,1930.0,1930.0,"1,930.00",0.0,0.0,"1,951.88","5,070.00","1,955.00","9,896,010.00",48,-25.00,45.0,0.0,2.33,-1.13,0.0,0.0,,
2017/07/11,130,SICL,-,1930.0,1967.0,1930.0,1967.0,"1,967.00",0.0,0.0,"1,952.21","1,814.00","1,930.00","3,541,305.00",12,37.0,37.0,0.0,1.92,0.75,0.0,0.0,,
2017/07/12,131,SICL,-,1967.0,1975.0,1940.0,1955.0,"1,955.00",0.0,0.0,"1,950.96","1,672.00","1,967.00","3,262,004.00",36,-12.0,35.0,0.0,1.8,0.21,0.0,0.0,,
2017/07/13,130,SICL,-,1955.0,1960.0,1935.0,1941.0,"1,941.00",0.0,0.0,"1,945.34","3,348.00","1,955.00","6,512,986.00",31,-14.0,25.0,0.0,1.29,-0.22,0.0,0.0,,
2017/07/16,126,SICL,-,1941.0,1949.0,1917.0,1920.0,"1,920.00",0.0,0.0,"1,926.49","1,644.00","1,941.00","3,167,152.00",44,-21.0,32.0,0.0,1.67,-0.34,0.0,0.0,,
2017/07/17,134,SICL,-,1920.0,1990.0,1910.0,1990.0,"1,990.00",0.0,0.0,"1,976.89","1,483.00","1,920.00","2,931,731.00",26,70.0,80.0,0.0,4.19,0.66,0.0,0.0,,
2017/07/18,134,SICL,-,1990.0,2069.0,1995.0,2069.0,"2,069.00",0.0,0.0,"2,034.78","4,814.00","1,990.00","9,795,450.00",56,79.00,74.0,0.0,3.71,1.65,0.0,0.0,,
2017/07/19,135,SICL,-,2069.0,2110.0,2030.0,2048.0,"2,048.00",0.0,0.0,"2,072.17","6,807.00","2,069.00","14,105,267.00",118,-21.0,80.0,0.0,3.94,-1.18,0.0,0.0,,
2017/07/20,133,SICL,-,2048.0,2080.0,2048.0,2060.0,"2,060.00",0.0,0.0,"2,061.70","2,984.00","2,048.00","6,152,125.00",47,12.0,32.0,0.0,1.56,-0.08,0.0,0.0,,
2017/07/23,131,SICL,-,2060.0,2124.0,2090.0,2095.0,"2,095.00",0.0,0.0,"2,103.86","8,605.00","2,060.00","18,103,732.00",92,35.0,34.0,0.0,1.63,-0.42,0.0,0.0,,
2017/07/24,131,SICL,-,2095.0,2105.0,2073.0,2089.0,"2,089.00",0.0,0.0,"2,084.99","7,721.00","2,095.00","16,098,215.00",67,-6.00,32.00,0.0,1.54,0.19,0.0,0.0,,
2017/07/25,135,SICL,-,2089.0,2117.0,2080.0,2105.0,"2,105.00",0.0,0.0,"2,095.54","4,767.00","2,089.00","9,989,446.00",50,16.00,37.00,0.0,1.78,0.45,0.0,0.0,,
2017/07/26,136,SICL,-,2105.0,2200.0,2105.0,2149.0,"2,149.00",0.0,0.0,"2,141.31","8,895.00","2,105.00","19,046,942.00",82,44.00,95.00,0.0,4.51,0.36,0.0,0.0,,
2017/07/27,130,SICL,-,2149.0,2151.0,2110.0,2140.0,"2,140.00",0.0,0.0,"2,140.08","12,943.00","2,149.00","27,699,048.00",118,-9.00,41.00,0.0,1.94,0.0,0.0,0.0,,
2017/07/30,131,SICL,-,2140.0,2176.0,2100.0,2170.0,"2,170.00",0.0,0.0,"2,158.31","8,855.00","2,140.00","19,111,828.00",82,30.0,76.0,0.0,3.62,0.54,0.0,0.0,,
2017/06/12,272,SICL,30.43,639.1,650.0,639.0,644.0,644.00,0.0,0.0,642.00,"11,244.00",652.10,"7,218,650.10",106,-8.1,11.0,-1.24,1.72,0.31,905.00,588.80,757.69,772.49
2017/06/13,123,SICL,-,1924.0,1950.0,1900.0,1900.0,"1,900.00",0.0,0.0,"1,916.06","5,739.00","1,924.00","10,996,250.00",34,-24.0,50.0,0.0,2.63,-0.85,0.0,0.0,,
2017/06/14,125,SICL,-,1900.0,1925.0,1865.0,1925.0,"1,925.00",0.0,0.0,"1,907.23","3,279.00","1,900.00","6,253,795.00",35,25.0,60.0,0.0,3.22,0.92,0.0,0.0,,
2017/06/15,129,SICL,-,1925.0,1942.0,1910.0,1916.0,"1,916.00",0.0,0.0,"1,922.92","3,239.00","1,925.00","6,228,347.00",41,-9.0,32.0,0.0,1.68,-0.36,0.0,0.0,,
2017/06/18,122,SICL,-,1916.0,1925.0,1861.0,1890.0,"1,890.00",0.0,0.0,"1,906.42","2,378.00","1,916.00","4,533,474.00",31,-26.0,64.0,0.0,3.44,-0.87,0.0,0.0,,
2017/06/19,116,SICL,-,1890.0,1900.0,1850.0,1850.0,"1,850.00",0.0,0.0,"1,873.07","4,934.00","1,890.00","9,241,737.00",53,-40.0,50.0,0.0,2.7,-1.25,0.0,0.0,,
2017/06/20,119,SICL,-,1850.0,1899.0,1816.0,1860.0,"1,860.00",0.0,0.0,"1,853.39","3,132.00","1,850.00","5,804,831.00",49,10.0,83.0,0.0,4.57,0.36,0.0,0.0,,
2017/06/21,131,SICL,-,1860.0,1895.0,1854.0,1855.0,"1,855.00",0.0,0.0,"1,871.61","3,459.00","1,860.00","6,473,901.00",42,-5.0,41.0,0.0,2.21,-0.9,0.0,0.0,,
2017/06/22,119,SICL,-,1855.0,1910.0,1865.0,1870.0,"1,870.00",0.0,0.0,"1,880.17","3,023.00","1,855.00","5,683,746.00",58,15.0,45.0,0.0,2.41,-0.54,0.0,0.0,,
2017/06/25,126,SICL,-,1870.0,1882.0,1855.0,1856.0,"1,856.00",0.0,0.0,"1,871.22","3,625.00","1,870.00","6,783,168.00",55,-14.0,27.0,0.0,1.46,-0.82,0.0,0.0,,
2017/06/27,129,SICL,-,1856.0,1870.0,1850.0,1870.0,"1,870.00",0.0,0.0,"1,861.32","2,167.00","1,856.00","4,033,474.00",40,14.0,20.0,0.0,1.08,0.46,0.0,0.0,,
2017/06/28,120,SICL,-,1870.0,1917.0,1870.0,1885.0,"1,885.00",0.0,0.0,"1,883.90",923.00,"1,870.00","1,738,842.00",17,15.0,47.0,0.0,2.51,0.06,0.0,0.0,,
2017/07/02,127,SICL,-,1885.0,1900.0,1880.0,1880.0,"1,880.00",0.0,0.0,"1,891.11","2,424.00","1,885.00","4,584,042.00",29,-5.0,20.0,0.0,1.06,-0.59,0.0,0.0,,
2017/07/03,124,SICL,-,1880.0,1870.0,1835.0,1870.0,"1,870.00",0.0,0.0,"1,858.14","1,983.00","1,880.00","3,684,701.00",46,-10.0,35.0,0.0,1.91,0.63,0.0,0.0,,
2017/07/04,122,SICL,-,1870.0,1875.0,1850.0,1860.0,"1,860.00",0.0,0.0,"1,858.74","1,784.00","1,870.00","3,315,985.00",25,-10.0,25.0,0.0,1.35,0.07,0.0,0.0,,
2017/07/05,120,SICL,-,1860.0,1880.0,1852.0,1880.0,"1,880.00",0.0,0.0,"1,868.88","1,117.00","1,860.00","2,087,535.00",15,20.0,28.0,0.0,1.51,0.59,0.0,0.0,,
2017/02/20,119,SICL,-,1904.0,2019.0,1880.0,1948.0,"1,948.00",0.0,0.0,"1,959.88","16,175.00","1,904.00","31,701,040.00",154,44.0,139.00,0.0,7.39,-0.61,0.0,0.0,,
2017/03/20,123,SICL,-,1953.0,2125.0,1970.0,2125.0,"2,125.00",0.0,0.0,"2,060.56","23,862.00","1,953.00","49,169,168.00",315,172.0,155.0,0.0,7.87,3.03,0.0,0.0,,
2017/04/16,119,SICL,-,2255.0,2254.0,2166.0,2166.0,"2,166.00",0.0,0.0,"2,202.33","8,666.00","2,255.00","19,085,378.00",124,-89.00,88.00,0.0,4.06,-1.68,0.0,0.0,,
2017/05/15,123,SICL,-,2075.0,2160.0,2081.0,2125.0,"2,125.00",0.0,0.0,"2,135.24","3,527.00","2,075.00","7,530,981.00",46,50.0,79.0,0.0,3.8,-0.48,0.0,0.0,,
2017/06/11,124,SICL,-,1985.0,2019.0,1920.0,1950.0,"1,950.00",0.0,0.0,"1,958.57","8,710.00","1,985.00","17,059,168.00",80,-35.0,99.0,0.0,5.16,-0.44,0.0,0.0,,
2017/07/06,127,SICL,-,1880.0,1955.0,1902.0,1945.0,"1,945.00",0.0,0.0,"1,921.37","7,527.00","1,880.00","14,462,118.00",83,65.0,53.0,0.0,2.79,1.22,0.0,0.0,,
2017/07/31,131,SICL,-,2170.0,2200.0,2140.0,2175.0,"2,175.00",0.0,0.0,"2,180.83","4,444.00","2,170.00","9,691,628.00",48,5.0,60.00,0.0,2.8,-0.27,0.0,0.0,,
2017/08/27,139,SICL,-,2104.0,2115.0,2084.0,2100.0,"2,100.00",0.0,0.0,"2,094.32","2,265.00","2,104.00","4,743,642.00",28,-4.0,31.0,0.0,1.49,0.27,0.0,0.0,,
2017/09/26,133,SICL,-,2005.0,2020.0,1985.0,1999.0,"1,999.00",0.0,0.0,"1,998.71","4,186.00","2,005.00","8,366,617.00",25,-6.0,35.0,0.0,1.76,0.01,0.0,0.0,,
2017/10/29,139,SICL,-,1950.0,1945.0,1930.0,1933.0,"1,933.00",0.0,0.0,"1,932.76",525.00,"1,950.00","1,014,699.00",10,-17.0,15.0,0.0,0.78,0.01,0.0,0.0,,
2017/11/21,143,SICL,-,1739.0,1753.0,1735.0,1753.0,"1,753.00",0.0,0.0,"1,746.50",915.00,"1,739.00","1,598,045.00",14,14.0,18.0,0.0,1.04,0.37,0.0,0.0,,
2017/12/18,142,SICL,-,1310.0,1310.0,1275.0,1275.0,"1,275.00",0.0,0.0,"1,292.10","2,010.00","1,310.00","2,597,120.00",24,-35.0,35.0,0.0,2.75,-1.34,0.0,0.0,,
2018/01/14,134,SICL,-,1198.0,1189.0,1166.0,1167.0,"1,167.00",0.0,0.0,"1,178.10","1,663.00","1,198.00","1,959,172.00",23,-31.0,23.0,0.0,1.97,-0.95,0.0,0.0,,
2018/02/11,140,SICL,-,1164.0,1164.0,1150.0,1150.0,"1,150.00",0.0,0.0,"1,156.81","1,506.00","1,164.00","1,742,162.00",24,-14.0,14.0,0.0,1.22,-0.59,0.0,0.0,,
2018/03/12,134,SICL,-,1076.0,1076.0,1042.0,1042.0,"1,042.00",0.0,0.0,"1,049.64","2,755.00","1,055.00","2,891,756.00",16,-13.0,34.0,-1.23,3.26,-0.73,"2,600.00","1,010.00",,
2018/04/05,146,SICL,-,965.0,984.0,941.0,980.0,980.00,0.0,0.0,956.12,"12,087.00",955.00,"11,556,644.00",82,25.0,43.0,2.62,4.57,2.44,"2,346.00",850.00,,
2018/04/29,141,SICL,-,1075.0,1107.0,1074.0,1092.0,"1,092.00",0.0,0.0,"1,092.03","2,111.00","1,095.00","2,305,274.00",23,-3.0,33.0,-0.27,3.07,0.0,"2,200.00",850.00,,
2018/05/27,141,SICL,-,1005.0,1005.0,985.0,995.0,995.00,0.0,0.0,992.08,"3,450.00","1,005.00","3,422,667.00",32,-10.0,20.0,-1.0,2.03,0.29,"2,200.00",850.00,,
2018/06/20,136,SICL,-,963.0,981.0,962.0,980.0,980.00,0.0,0.0,970.22,780.00,981.00,"756,774.00",11,-1.0,19.0,-0.1,1.98,1.0,"2,200.00",850.00,,
2018/07/15,147,SICL,-,930.0,930.0,925.0,925.0,925.00,0.0,0.0,927.88,"1,143.00",937.00,"1,060,570.00",18,-12.0,5.0,-1.28,0.54,-0.31,"2,200.00",850.00,,
2018/08/07,135,SICL,-,924.0,924.0,910.0,910.0,910.00,0.0,0.0,913.03,876.00,915.00,"799,814.00",20,-5.0,14.0,-0.55,1.54,-0.33,"2,195.00",850.00,,
2017/05/16,122,SICL,-,2125.0,2120.0,2090.0,2100.0,"2,100.00",0.0,0.0,"2,099.17","4,533.00","2,125.00","9,515,524.00",43,-25.0,30.0,0.0,1.44,0.04,0.0,0.0,,
2017/05/17,123,SICL,-,2100.0,2115.0,2080.0,2115.0,"2,115.00",0.0,0.0,"2,108.41","1,608.00","2,100.00","3,390,319.00",37,15.0,35.0,0.0,1.68,0.31,0.0,0.0,,
2017/05/18,128,SICL,-,2115.0,2102.0,2073.0,2099.0,"2,099.00",0.0,0.0,"2,090.17","1,996.00","2,115.00","4,171,987.00",43,-16.0,29.0,0.0,1.4,0.42,0.0,0.0,,
2017/05/21,128,SICL,-,2099.0,2099.0,2041.0,2065.0,"2,065.00",0.0,0.0,"2,053.35","2,083.00","2,099.00","4,277,126.00",114,-34.0,58.0,0.0,2.84,0.56,0.0,0.0,,
2017/05/22,127,SICL,-,2065.0,2045.0,2025.0,2042.0,"2,042.00",0.0,0.0,"2,033.34","3,303.00","2,065.00","6,716,134.00",85,-23.0,20.0,0.0,0.99,0.42,0.0,0.0,,
2017/05/23,130,SICL,-,2042.0,2085.0,2040.0,2040.0,"2,040.00",0.0,0.0,"2,053.81","3,379.00","2,042.00","6,939,835.00",31,-2.0,45.0,0.0,2.21,-0.68,0.0,0.0,,
2017/05/24,129,SICL,-,2040.0,2090.0,2040.0,2090.0,"2,090.00",0.0,0.0,"2,050.75","1,396.00","2,040.00","2,862,849.00",50,50.0,50.0,0.0,2.45,1.88,0.0,0.0,,
2017/05/28,128,SICL,-,2090.0,2080.0,2050.0,2055.0,"2,055.00",0.0,0.0,"2,063.51","2,465.00","2,090.00","5,086,555.00",47,-35.0,30.0,0.0,1.46,-0.41,0.0,0.0,,
2017/05/30,128,SICL,-,2055.0,2030.0,1986.0,1986.0,"1,986.00",0.0,0.0,"2,001.18","9,450.00","2,055.00","18,911,140.00",126,-69.0,44.0,0.0,2.22,-0.76,0.0,0.0,,
2017/05/31,125,SICL,-,1986.0,1981.0,1950.0,1955.0,"1,955.00",0.0,0.0,"1,962.99","7,979.00","1,986.00","15,662,734.00",84,-31.0,31.0,0.0,1.59,-0.41,0.0,0.0,,
2017/06/01,128,SICL,-,1955.0,1990.0,1950.0,1961.0,"1,961.00",0.0,0.0,"1,965.03","4,575.00","1,955.00","8,989,992.00",61,6.0,40.0,0.0,2.05,-0.21,0.0,0.0,,
2017/06/04,124,SICL,-,1961.0,1999.0,1935.0,1936.0,"1,936.00",0.0,0.0,"1,950.15","4,346.00","1,961.00","8,475,363.00",76,-25.0,64.0,0.0,3.31,-0.73,0.0,0.0,,
2017/06/05,127,SICL,-,1936.0,1965.0,1930.0,1931.0,"1,931.00",0.0,0.0,"1,937.26","3,723.00","1,936.00","7,212,409.00",66,-5.0,35.0,0.0,1.81,-0.32,0.0,0.0,,
2017/06/06,126,SICL,-,1931.0,2032.0,1931.0,2030.0,"2,030.00",0.0,0.0,"2,006.20","8,750.00","1,931.00","17,554,272.00",119,99.0,101.0,0.0,5.23,1.17,0.0,0.0,,
2017/06/07,128,SICL,-,2030.0,2061.0,1980.0,1980.0,"1,980.00",0.0,0.0,"2,026.60","5,611.00","2,030.00","11,371,267.00",103,-50.0,81.0,0.0,4.09,-2.35,0.0,0.0,,
2017/06/08,127,SICL,-,1980.0,2010.0,1980.0,1985.0,"1,985.00",0.0,0.0,"1,995.41","3,333.00","1,980.00","6,650,708.00",31,5.0,30.0,0.0,1.52,-0.52,0.0,0.0,,
2017/04/18,123,SICL,-,2166.0,2150.0,2000.0,2000.0,"2,000.00",0.0,0.0,"2,088.22","17,011.00","2,166.00","35,522,724.00",207,-166.0,150.0,0.0,7.5,-4.41,0.0,0.0,,
2017/04/19,126,SICL,-,2000.0,2155.0,1981.0,2150.0,"2,150.00",0.0,0.0,"2,094.17","5,564.00","2,000.00","11,651,943.00",192,150.0,174.00,0.0,8.78,2.6,0.0,0.0,,
2017/04/20,125,SICL,-,2150.0,2236.0,2111.0,2130.0,"2,130.00",0.0,0.0,"2,178.33","2,789.00","2,150.00","6,075,360.00",83,-20.0,125.00,0.0,5.92,-2.27,0.0,0.0,,
2017/04/23,125,SICL,-,2130.0,2295.0,2172.0,2230.0,"2,230.00",0.0,0.0,"2,222.87","7,816.00","2,130.00","17,373,972.00",80,100.00,123.0,0.0,5.66,0.32,0.0,0.0,,
2017/04/24,126,SICL,-,2230.0,2230.0,2140.0,2175.0,"2,175.00",0.0,0.0,"2,181.60","7,248.00","2,230.00","15,812,201.00",213,-55.00,90.0,0.0,4.21,-0.3,0.0,0.0,,
2017/04/25,128,SICL,-,2175.0,2176.0,2134.0,2140.0,"2,140.00",0.0,0.0,"2,150.05","7,912.00","2,175.00","17,011,216.00",148,-35.00,42.0,0.0,1.97,-0.47,0.0,0.0,,
2017/04/26,126,SICL,-,2140.0,2150.0,2101.0,2130.0,"2,130.00",0.0,0.0,"2,130.94","5,838.00","2,140.00","12,440,446.00",48,-10.00,49.00,0.0,2.33,-0.04,0.0,0.0,,
2017/04/27,125,SICL,-,2130.0,2160.0,2095.0,2149.0,"2,149.00",0.0,0.0,"2,119.27","6,141.00","2,130.00","13,014,456.00",68,19.0,65.00,0.0,3.1,1.38,0.0,0.0,,
2017/04/30,272,SICL,30.43,639.1,650.0,639.0,644.0,644.00,0.0,0.0,642.00,"11,244.00",652.10,"7,218,650.10",106,-8.1,11.0,-1.24,1.72,0.31,905.00,588.80,757.69,772.49
2017/05/02,124,SICL,-,2110.0,2148.0,2071.0,2115.0,"2,115.00",0.0,0.0,"2,108.25","5,002.00","2,110.00","10,545,448.00",170,5.0,77.0,0.0,3.72,0.32,0.0,0.0,,
2017/05/03,126,SICL,-,2115.0,2200.0,2120.0,2130.0,"2,130.00",0.0,0.0,"2,136.43","3,849.00","2,115.00","8,223,120.00",56,15.0,80.0,0.0,3.77,-0.3,0.0,0.0,,
2017/05/04,128,SICL,-,2130.0,2125.0,2100.0,2113.0,"2,113.00",0.0,0.0,"2,108.44","10,878.00","2,130.00","22,935,656.00",194,-17.0,25.0,0.0,1.19,0.22,0.0,0.0,,
2017/05/07,125,SICL,-,2113.0,2150.0,2075.0,2075.0,"2,075.00",0.0,0.0,"2,091.31","2,369.00","2,113.00","4,954,319.00",52,-38.0,75.0,0.0,3.61,-0.79,0.0,0.0,,
2017/05/08,126,SICL,-,2075.0,2118.0,2075.0,2097.0,"2,097.00",0.0,0.0,"2,091.13","2,325.00","2,075.00","4,861,866.00",34,22.0,43.0,0.0,2.07,0.28,0.0,0.0,,
2017/05/09,126,SICL,-,2097.0,2100.0,2080.0,2080.0,"2,080.00",0.0,0.0,"2,092.08","3,408.00","2,097.00","7,129,807.00",38,-17.0,20.0,0.0,0.96,-0.58,0.0,0.0,,
2017/05/11,126,SICL,-,2080.0,2098.0,2038.0,2075.0,"2,075.00",0.0,0.0,"2,076.58","3,263.00","2,080.00","6,775,871.00",45,-5.0,60.0,0.0,2.94,-0.08,0.0,0.0,,
2017/03/21,128,SICL,-,2125.0,2200.0,2042.0,2165.0,"2,165.00",0.0,0.0,"2,139.60","20,125.00","2,125.00","43,059,528.00",191,40.0,158.0,0.0,7.74,1.17,0.0,0.0,,
2017/03/22,127,SICL,-,2165.0,2235.0,2130.0,2133.0,"2,133.00",0.0,0.0,"2,194.84","14,905.00","2,165.00","32,714,084.00",160,-32.0,105.0,0.0,4.93,-2.9,0.0,0.0,,
2017/03/23,123,SICL,-,2133.0,2179.0,2060.0,2160.0,"2,160.00",0.0,0.0,"2,143.19","11,325.00","2,133.00","24,271,672.00",155,27.0,119.0,0.0,5.78,0.78,0.0,0.0,,
2017/03/26,125,SICL,-,2160.0,2265.0,2166.0,2224.0,"2,224.00",0.0,0.0,"2,202.02","10,309.00","2,160.00","22,700,592.00",85,64.0,99.0,0.0,4.57,0.99,0.0,0.0,,
2017/03/28,125,SICL,-,2224.0,2355.0,2250.0,2327.0,"2,327.00",0.0,0.0,"2,307.79","9,953.00","2,224.00","22,969,408.00",83,103.00,105.0,0.0,4.67,0.83,0.0,0.0,,
2017/03/29,128,SICL,-,2327.0,2399.0,2265.0,2261.0,"2,261.00",0.0,0.0,"2,332.99","15,724.00","2,327.00","36,683,912.00",161,-43.00,134.00,0.0,5.92,-3.18,0.0,0.0,,
2017/03/30,120,SICL,-,2261.0,2329.0,2250.0,2290.0,"2,290.00",0.0,0.0,"2,272.45","8,710.00","2,261.00","19,793,060.00",131,29.0,79.0,0.0,3.51,0.77,0.0,0.0,,
2017/04/02,115,SICL,-,2290.0,2519.0,2330.0,2500.0,"2,500.00",0.0,0.0,"2,447.22","32,801.00","2,290.00","80,271,408.00",217,210.00,189.00,0.0,8.11,2.11,0.0,0.0,,
2017/04/03,124,SICL,-,2500.0,2600.0,2313.0,2400.0,"2,400.00",0.0,0.0,"2,469.06","30,814.00","2,500.00","76,081,488.00",190,-100.00,287.00,0.0,12.41,-2.88,0.0,0.0,,
2017/04/04,125,SICL,-,2400.0,2400.0,2294.0,2315.0,"2,315.00",0.0,0.0,"2,353.66","12,594.00","2,400.00","29,642,016.00",135,-85.00,106.00,0.0,4.62,-1.67,0.0,0.0,,
2017/04/06,124,SICL,-,2315.0,2320.0,2250.0,2271.0,"2,271.00",0.0,0.0,"2,283.46","9,153.00","2,315.00","20,900,488.00",138,-44.00,70.00,0.0,3.11,-0.55,0.0,0.0,,
2017/04/09,123,SICL,-,2271.0,2290.0,2231.0,2255.0,"2,255.00",0.0,0.0,"2,247.30","7,239.00","2,271.00","16,268,213.00",111,-16.0,59.00,0.0,2.64,0.34,0.0,0.0,,
2017/04/10,127,SICL,-,2255.0,2295.0,2199.0,2274.0,"2,274.00",0.0,0.0,"2,227.86","12,252.00","2,255.00","27,295,774.00",120,19.0,96.00,0.0,4.37,2.03,0.0,0.0,,
2017/04/11,127,SICL,-,2274.0,2319.0,2250.0,2300.0,"2,300.00",0.0,0.0,"2,283.71","11,501.00","2,274.00","26,264,916.00",190,26.0,69.0,0.0,3.07,0.71,0.0,0.0,,
2017/04/12,128,SICL,-,2300.0,2346.0,2215.0,2215.0,"2,215.00",0.0,0.0,"2,274.41","9,822.00","2,300.00","22,339,296.00",140,-85.0,131.0,0.0,5.91,-2.68,0.0,0.0,,
2017/04/13,127,SICL,-,2215.0,2295.0,2180.0,2255.0,"2,255.00",0.0,0.0,"2,226.88","6,784.00","2,215.00","15,107,145.00",132,40.0,115.00,0.0,5.28,1.25,0.0,0.0,,
2017/02/21,119,SICL,-,1948.0,2009.0,1866.0,1900.0,"1,900.00",0.0,0.0,"1,938.31","8,497.00","1,948.00","16,469,823.00",87,-48.0,143.0,0.0,7.66,-2.02,0.0,0.0,,
2017/02/22,116,SICL,-,1900.0,1938.0,1850.0,1870.0,"1,870.00",0.0,0.0,"1,866.52","7,874.00","1,900.00","14,696,996.00",62,-30.0,88.0,0.0,4.76,0.19,0.0,0.0,,
2017/02/23,114,SICL,-,1870.0,1871.0,1830.0,1860.0,"1,860.00",0.0,0.0,"1,857.38","2,017.00","1,870.00","3,746,326.00",26,-10.0,41.0,0.0,2.24,0.14,0.0,0.0,,
2017/02/26,114,SICL,-,1860.0,1825.0,1761.0,1761.0,"1,761.00",0.0,0.0,"1,792.59","6,127.00","1,860.00","10,983,216.00",75,-99.0,64.0,0.0,3.63,-1.79,0.0,0.0,,
2017/02/28,113,SICL,-,1761.0,1739.0,1680.0,1720.0,"1,720.00",0.0,0.0,"1,711.01","9,910.00","1,761.00","16,956,124.00",129,-41.0,59.0,0.0,3.51,0.52,0.0,0.0,,
2017/03/01,116,SICL,-,1720.0,1766.0,1720.0,1750.0,"1,750.00",0.0,0.0,"1,735.64","7,168.00","1,720.00","12,441,048.00",93,30.0,46.0,0.0,2.67,0.82,0.0,0.0,,
2017/03/02,116,SICL,-,1750.0,1790.0,1760.0,1790.0,"1,790.00",0.0,0.0,"1,774.82","5,510.00","1,750.00","9,779,255.00",69,40.0,30.0,0.0,1.7,0.85,0.0,0.0,,
2017/03/05,120,SICL,-,1790.0,1894.0,1791.0,1865.0,"1,865.00",0.0,0.0,"1,838.05","8,788.00","1,790.00","16,152,775.00",97,75.0,103.0,0.0,5.75,1.45,0.0,0.0,,
2017/03/06,120,SICL,-,1865.0,1895.0,1825.0,1848.0,"1,848.00",0.0,0.0,"1,874.44","13,721.00","1,865.00","25,719,140.00",114,-17.0,70.0,0.0,3.84,-1.43,0.0,0.0,,
2017/03/07,122,SICL,-,1848.0,1850.0,1776.0,1820.0,"1,820.00",0.0,0.0,"1,828.64","4,330.00","1,848.00","7,918,009.00",60,-28.0,74.0,0.0,4.17,-0.47,0.0,0.0,,
2017/03/09,120,SICL,-,1820.0,1850.0,1825.0,1825.0,"1,825.00",0.0,0.0,"1,836.32","2,624.00","1,820.00","4,818,516.00",30,5.0,25.0,0.0,1.37,-0.62,0.0,0.0,,
2017/03/13,114,SICL,-,1825.0,1881.0,1833.0,1863.0,"1,863.00",0.0,0.0,"1,853.11","9,037.00","1,825.00","16,746,516.00",57,38.0,48.0,0.0,2.62,0.53,0.0,0.0,,
2017/03/14,121,SICL,-,1863.0,1875.0,1841.0,1841.0,"1,841.00",0.0,0.0,"1,859.99","4,603.00","1,863.00","8,561,526.00",63,-22.0,34.0,0.0,1.85,-1.03,0.0,0.0,,
2017/03/15,110,SICL,-,1841.0,1870.0,1805.0,1869.0,"1,869.00",0.0,0.0,"1,855.75","2,853.00","1,841.00","5,294,458.00",37,28.0,65.0,0.0,3.6,0.71,0.0,0.0,,
2017/03/16,118,SICL,-,1869.0,1868.0,1840.0,1859.0,"1,859.00",0.0,0.0,"1,861.80","2,829.00","1,869.00","5,267,020.00",37,-10.0,28.0,0.0,1.52,-0.15,0.0,0.0,,
2017/03/19,118,SICL,-,1859.0,1963.0,1860.0,1953.0,"1,953.00",0.0,0.0,"1,904.18","9,049.00","1,859.00","17,230,940.00",102,94.0,103.0,0.0,5.54,2.5,0.0,0.0,,
2017/01/24,114,SICL,-,2087.0,2070.0,2046.0,2046.0,"2,046.00",0.0,0.0,"2,051.11","2,082.00","2,087.00","4,270,405.00",39,-41.0,24.0,0.0,1.17,-0.25,0.0,0.0,,
2017/01/25,117,SICL,-,2046.0,2030.0,1952.0,1960.0,"1,960.00",0.0,0.0,"1,979.11","7,943.00","2,046.00","15,720,090.00",74,-86.00,78.00,0.0,4.0,-0.98,0.0,0.0,,
2017/01/26,120,SICL,-,1960.0,2000.0,1885.0,1950.0,"1,950.00",0.0,0.0,"1,935.82","5,285.00","1,960.00","10,230,835.00",65,-10.0,115.0,0.0,6.1,0.73,0.0,0.0,,
2017/01/30,109,SICL,-,1950.0,1950.0,1755.0,1755.0,"1,755.00",0.0,0.0,"1,814.45","6,363.00","1,950.00","11,545,321.00",105,-195.0,195.0,0.0,11.11,-3.39,0.0,0.0,,
2017/01/31,117,SICL,-,1755.0,1801.0,1653.0,1770.0,"1,770.00",0.0,0.0,"1,724.96","6,295.00","1,755.00","10,858,627.00",76,15.0,148.0,0.0,8.95,2.54,0.0,0.0,,
2017/02/01,120,SICL,-,1770.0,1893.0,1785.0,1893.0,"1,893.00",0.0,0.0,"1,831.87","3,718.00","1,770.00","6,810,908.00",44,123.0,108.0,0.0,6.05,3.23,0.0,0.0,,
2017/02/02,119,SICL,-,1893.0,2005.0,1852.0,1860.0,"1,860.00",0.0,0.0,"1,935.52","6,307.00","1,893.00","12,207,326.00",69,-33.0,153.0,0.0,8.26,-4.06,0.0,0.0,,
2017/02/05,107,SICL,-,1860.0,1898.0,1825.0,1860.0,"1,860.00",0.0,0.0,"1,868.32","1,285.00","1,860.00","2,400,794.00",21,0.0,73.0,0.0,4.0,-0.45,0.0,0.0,,
2017/02/06,117,SICL,-,1860.0,1860.0,1790.0,1801.0,"1,801.00",0.0,0.0,"1,810.35","2,129.00","1,860.00","3,854,244.00",42,-59.0,70.0,0.0,3.91,-0.52,0.0,0.0,,
2017/02/07,116,SICL,-,1801.0,1785.0,1765.0,1785.0,"1,785.00",0.0,0.0,"1,776.25","2,094.00","1,801.00","3,719,469.00",30,-16.0,20.0,0.0,1.13,0.49,0.0,0.0,,
2017/02/08,120,SICL,-,1785.0,1769.0,1716.0,1730.0,"1,730.00",0.0,0.0,"1,732.99","4,591.00","1,785.00","7,956,141.00",65,-55.0,53.0,0.0,3.09,-0.17,0.0,0.0,,
2017/02/09,116,SICL,-,1730.0,1725.0,1635.0,1637.0,"1,637.00",0.0,0.0,"1,680.95","6,316.00","1,730.00","10,616,899.00",142,-93.0,90.0,0.0,5.5,-2.68,0.0,0.0,,
2017/02/12,115,SICL,-,1637.0,1648.0,1525.0,1530.0,"1,530.00",0.0,0.0,"1,571.39","7,822.00","1,637.00","12,291,425.00",108,-107.0,123.0,0.0,8.07,-2.71,0.0,0.0,,
2017/02/13,119,SICL,-,1530.0,1605.0,1478.0,1600.0,"1,600.00",0.0,0.0,"1,509.31","9,207.00","1,530.00","13,896,216.00",144,70.0,127.0,0.0,8.59,5.67,0.0,0.0,,
2017/02/14,120,SICL,-,1600.0,1620.0,1538.0,1600.0,"1,600.00",0.0,0.0,"1,590.83","9,077.00","1,600.00","14,439,978.00",130,0.0,82.0,0.0,5.33,0.57,0.0,0.0,,
2017/02/15,123,SICL,-,1600.0,1713.0,1588.0,1701.0,"1,701.00",0.0,0.0,"1,659.77","4,643.00","1,600.00","7,706,319.00",67,101.00,125.0,0.0,7.87,2.42,0.0,0.0,,
2017/02/16,129,SICL,-,1701.0,1820.0,1667.0,1820.0,"1,820.00",0.0,0.0,"1,767.00","10,751.00","1,701.00","18,997,008.00",119,119.0,153.0,0.0,9.18,2.91,0.0,0.0,,
2017/02/19,125,SICL,-,1820.0,1904.0,1767.0,1904.0,"1,904.00",0.0,0.0,"1,849.21","11,140.00","1,820.00","20,600,168.00",143,84.00,137.00,0.0,7.75,2.88,0.0,0.0,,
