Date,S.No,Symbol,Conf.,Open,High,Low,Close,LTP,Close - LTP,Close - LTP %,VWAP,Vol,Prev. Close,Turnover,Trans.,Diff,Range,Diff %,Range %,VWAP %,52 Weeks High,52 Weeks Low,120 Days,180 Days
2025/08/25,270,SJLIC,37.32,432.0,440.0,432.0,437.33,440.00,-2.67,-0.01,435.04,"20,054.00",434.59,"8,724,307.00",221,2.74,8.0,0.63,1.85,0.52,571.40,420.00,,
2025/08/26,276,SJLIC,34.56,435.0,442.5,435.0,439.19,440.00,-0.81,0.0,439.99,"8,931.00",437.33,"3,929,573.70",123,1.86,7.5,0.43,1.72,-0.18,555.00,420.00,,
2025/08/27,275,SJLIC,40.96,433.2,446.0,433.2,444.39,446.00,-1.61,0.0,442.05,"19,929.00",439.19,"8,809,567.90",263,5.20,12.8,1.18,2.95,0.53,555.00,420.00,,
2025/08/28,275,SJLIC,38.47,440.1,448.0,436.2,437.03,437.50,-0.47,0.0,441.49,"17,849.00",444.39,"7,880,130.90",219,-7.36,11.8,-1.66,2.71,-1.02,549.70,420.00,,
2025/08/31,275,SJLIC,35.13,443.0,443.0,431.0,432.64,434.00,-1.36,0.0,433.22,"18,953.00",437.03,"8,210,899.00",246,-4.39,12.0,-1.0,2.78,-0.14,549.70,420.00,,
2025/09/01,280,SJLIC,32.56,432.0,438.0,430.5,434.28,434.00,0.28,0.0,432.83,"10,547.00",432.64,"4,565,037.40",217,1.64,7.5,0.38,1.74,0.33,549.70,420.00,,
2025/09/02,278,SJLIC,30.51,431.1,439.0,431.1,433.64,434.00,-0.36,0.0,433.39,"9,682.00",434.28,"4,196,075.50",184,-0.64,7.9,-0.15,1.83,0.06,549.70,420.00,,
2025/09/03,280,SJLIC,27.85,425.0,435.0,425.0,431.62,432.00,-0.38,0.0,431.72,"12,249.00",433.64,"5,288,083.90",175,-2.02,10.0,-0.47,2.35,-0.02,549.70,420.00,,
2025/09/04,270,SJLIC,35.01,432.0,432.0,428.0,430.95,431.00,-0.05,0.0,430.37,"22,855.00",431.62,"9,836,051.20",239,-0.67,4.0,-0.16,0.93,0.14,549.70,420.00,,
2025/09/07,287,SJLIC,33.42,425.2,434.4,425.2,430.2,430.00,0.2,0.0,429.53,"13,354.00",430.95,"5,735,910.90",211,-0.75,9.2,-0.17,2.16,0.16,522.00,420.00,,
2025/09/08,274,SJLIC,30.39,430.0,430.0,425.0,426.25,426.10,0.15,0.0,426.77,"15,429.00",430.20,"6,584,642.90",172,-3.95,5.0,-0.92,1.18,-0.12,522.00,420.00,,
2025/09/18,202,SJLIC,18.83,418.0,418.0,395.0,397.0,397.00,0.0,0.0,399.68,"3,847.00",426.25,"1,537,587.70",38,-29.25,23.0,-6.86,5.82,-0.68,520.80,395.00,,
2025/09/21,283,SJLIC,31.32,390.0,420.4,390.0,417.93,420.40,-2.47,-0.01,407.02,"48,136.00",397.00,"19,592,471.40",426,20.93,30.40,5.27,7.79,2.61,520.80,390.00,,
2025/09/23,282,SJLIC,41.63,420.0,434.9,411.0,429.0,429.00,0.0,0.0,427.49,"21,740.00",417.93,"9,293,630.90",284,11.07,23.9,2.65,5.82,0.35,520.80,390.00,,
2025/09/24,271,SJLIC,36.57,424.0,434.0,424.0,424.0,424.00,0.0,0.0,428.01,"34,496.00",429.00,"14,764,725.40",188,-5.00,10.0,-1.17,2.36,-0.95,520.80,390.00,,
2025/09/25,280,SJLIC,34.65,419.3,434.0,419.1,426.4,426.40,0.0,0.0,427.36,"6,106.00",424.00,"2,609,486.00",98,2.4,14.9,0.57,3.56,-0.23,520.80,390.00,439.13,444.90
2025/07/30,281,SJLIC,32.36,472.0,475.0,458.0,459.49,458.00,1.49,0.0,463.79,"47,389.00",467.62,"21,978,623.50",455,-8.13,17.0,-1.74,3.71,-0.94,644.00,420.00,,
2025/07/31,272,SJLIC,32.95,455.1,467.0,455.0,456.74,455.00,1.74,0.0,460.76,"50,433.00",459.49,"23,237,418.40",461,-2.75,12.0,-0.6,2.64,-0.88,644.00,420.00,,
2025/08/03,274,SJLIC,30.0,450.1,459.0,450.1,451.63,451.60,0.03,0.0,453.20,"40,715.00",456.74,"18,451,915.10",491,-5.11,8.9,-1.12,1.98,-0.35,644.00,420.00,,
2025/08/04,278,SJLIC,29.2,442.6,458.0,442.6,452.68,452.00,0.68,0.0,450.22,"39,869.00",451.63,"17,949,698.10",472,1.05,15.4,0.23,3.48,0.54,644.00,420.00,,
2025/08/05,279,SJLIC,31.02,448.0,460.0,445.0,445.46,445.10,0.36,0.0,450.16,"39,037.00",452.68,"17,572,925.20",354,-7.22,15.0,-1.59,3.37,-1.06,644.00,420.00,,
2025/08/06,274,SJLIC,27.27,454.3,454.3,440.0,443.36,444.00,-0.64,0.0,443.78,"30,788.00",445.46,"13,662,997.20",329,-2.10,14.30,-0.47,3.25,-0.09,644.00,420.00,,
2025/08/07,272,SJLIC,22.59,444.0,448.0,443.0,445.62,446.00,-0.38,0.0,445.72,"15,975.00",443.36,"7,120,428.50",311,2.26,5.0,0.51,1.13,-0.02,644.00,420.00,,
2025/08/11,276,SJLIC,25.5,446.0,452.0,442.0,442.77,442.00,0.77,0.0,444.09,"28,557.00",445.62,"12,681,739.10",354,-2.85,10.0,-0.64,2.26,-0.3,644.00,420.00,,
2025/08/12,277,SJLIC,23.63,442.0,443.0,438.0,438.53,438.50,0.03,0.0,440.13,"25,932.00",442.77,"11,413,375.00",279,-4.24,5.0,-0.96,1.14,-0.36,644.00,420.00,,
2025/08/13,275,SJLIC,26.42,438.0,444.0,435.0,438.56,439.80,-1.24,0.0,438.36,"14,606.00",438.53,"6,402,644.60",227,0.03,9.0,0.01,2.07,0.05,644.00,420.00,,
2025/08/14,273,SJLIC,22.05,435.5,442.0,435.5,438.91,439.50,-0.59,0.0,438.57,"10,714.00",438.56,"4,698,816.70",202,0.35,6.5,0.08,1.49,0.08,620.00,420.00,,
2025/08/17,269,SJLIC,33.5,436.0,445.0,435.0,435.08,436.00,-0.92,0.0,439.18,"34,718.00",438.91,"15,247,368.70",352,-3.83,10.0,-0.87,2.3,-0.94,602.00,420.00,,
2025/08/18,275,SJLIC,30.3,426.4,440.0,426.4,436.45,437.00,-0.55,0.0,435.67,"17,016.00",435.08,"7,413,417.30",213,1.37,13.6,0.31,3.19,0.18,602.00,420.00,,
2025/08/19,269,SJLIC,33.41,435.0,445.0,435.0,437.15,438.10,-0.95,0.0,438.66,"17,469.00",436.45,"7,663,023.10",230,0.7,10.0,0.16,2.3,-0.35,588.00,420.00,,
2025/08/20,277,SJLIC,31.39,443.0,443.0,431.0,435.31,436.90,-1.59,0.0,435.25,"13,990.00",437.15,"6,089,195.30",170,-1.84,12.0,-0.42,2.78,0.01,588.00,420.00,,
2025/08/21,273,SJLIC,30.82,426.7,438.0,426.7,433.97,433.50,0.47,0.0,434.05,"13,911.00",435.31,"6,038,053.70",203,-1.34,11.3,-0.31,2.65,-0.02,588.00,420.00,,
2025/07/07,266,SJLIC,43.62,444.0,445.0,438.3,439.69,438.30,1.39,0.0,440.76,"21,678.00",446.03,"9,554,820.90",230,-6.34,6.7,-1.42,1.53,-0.24,644.00,400.00,,
2025/07/08,259,SJLIC,44.6,439.69,441.4,435.0,439.75,440.10,-0.35,0.0,438.71,"16,484.00",439.69,"7,231,736.10",188,0.06,6.4,0.01,1.47,0.24,644.00,400.00,,
2025/07/09,270,SJLIC,29.38,436.1,444.9,436.1,440.96,440.00,0.96,0.0,440.59,"20,589.00",439.75,"9,071,393.90",205,1.21,8.8,0.28,2.02,0.08,644.00,400.00,,
2025/07/10,266,SJLIC,32.36,440.2,446.0,440.2,443.82,443.00,0.82,0.0,444.29,"43,902.00",440.96,"19,505,251.90",315,2.86,5.8,0.65,1.32,-0.11,644.00,400.00,,
2025/07/13,265,SJLIC,38.87,452.6,456.8,446.2,448.45,448.90,-0.45,0.0,451.59,"50,940.00",443.82,"23,003,916.50",309,4.63,10.6,1.04,2.38,-0.7,644.00,420.00,,
2025/07/14,274,SJLIC,32.31,452.0,452.0,440.0,441.34,443.00,-1.66,0.0,441.70,"17,566.00",448.45,"7,758,853.90",191,-7.11,12.00,-1.59,2.73,-0.08,644.00,420.00,,
2025/07/15,271,SJLIC,37.98,435.0,445.9,435.0,444.47,442.60,1.87,0.0,442.66,"31,417.00",441.34,"13,906,962.70",243,3.13,10.90,0.71,2.51,0.41,644.00,420.00,,
2025/07/16,285,SJLIC,43.61,450.0,450.9,440.0,446.69,445.10,1.59,0.0,444.79,"97,441.00",444.47,"43,340,764.30",426,2.22,10.9,0.5,2.48,0.43,644.00,420.00,,
2025/07/17,265,SJLIC,46.66,455.0,464.0,455.0,462.0,462.00,0.0,0.0,461.50,"70,821.00",446.69,"32,683,669.00",557,15.31,9.00,3.43,1.98,0.11,644.00,420.00,,
2025/07/20,269,SJLIC,44.67,468.0,476.0,455.9,461.56,456.00,5.56,0.01,467.93,"79,871.00",462.00,"37,373,730.90",697,-0.44,20.1,-0.1,4.41,-1.38,644.00,420.00,,
2025/07/21,264,SJLIC,41.57,455.0,465.0,455.0,462.17,461.00,1.17,0.0,460.50,"45,360.00",461.56,"20,888,141.80",413,0.61,10.0,0.13,2.2,0.36,644.00,420.00,,
2025/07/22,272,SJLIC,48.82,462.0,488.0,462.0,484.15,483.10,1.05,0.0,478.17,"102,603.00",462.17,"49,062,097.10",962,21.98,26.0,4.76,5.63,1.23,644.00,420.00,,
2025/07/23,272,SJLIC,47.62,483.0,488.0,472.2,480.64,482.00,-1.36,0.0,478.96,"81,290.00",484.15,"38,934,870.80",667,-3.51,15.80,-0.72,3.35,0.35,644.00,420.00,,
2025/07/24,281,SJLIC,41.83,476.3,479.7,470.1,475.76,477.60,-1.84,0.0,475.42,"47,880.00",480.64,"22,763,142.30",510,-4.88,9.6,-1.02,2.04,0.07,644.00,420.00,,
2025/07/27,276,SJLIC,41.28,476.0,480.0,458.0,460.23,464.00,-3.77,-0.01,468.12,"148,900.00",475.76,"69,702,954.00",866,-15.53,22.0,-3.26,4.8,-1.71,644.00,420.00,,
2025/07/28,274,SJLIC,38.14,460.0,467.0,453.0,463.05,464.00,-0.95,0.0,459.25,"69,649.00",460.23,"31,986,044.50",620,2.82,14.0,0.61,3.09,0.82,644.00,420.00,,
2025/06/12,265,SJLIC,43.24,430.0,434.5,427.6,432.66,432.00,0.66,0.0,431.33,"26,334.00",430.43,"11,358,523.90",246,2.23,6.9,0.52,1.61,0.31,644.00,395.10,,
2025/06/15,264,SJLIC,40.84,438.9,438.9,430.0,430.27,430.00,0.27,0.0,430.99,"16,131.00",432.66,"6,952,263.00",221,-2.39,8.9,-0.55,2.07,-0.17,644.00,395.10,,
2025/06/16,273,SJLIC,35.17,427.0,435.0,427.0,429.4,429.00,0.4,0.0,430.29,"25,840.00",430.27,"11,118,707.10",289,-0.87,8.0,-0.2,1.87,-0.21,644.00,395.10,,
2025/06/17,260,SJLIC,27.09,427.0,430.0,427.0,427.6,428.00,-0.4,0.0,428.19,"17,325.00",429.40,"7,418,425.60",213,-1.8,3.0,-0.42,0.7,-0.14,644.00,395.10,,
2025/06/18,268,SJLIC,25.9,426.0,430.0,426.0,427.42,427.00,0.42,0.0,427.42,"17,712.00",427.60,"7,570,549.00",238,-0.18,4.0,-0.04,0.94,0.0,644.00,395.10,,
2025/06/19,269,SJLIC,29.12,425.6,430.0,425.0,425.18,425.00,0.18,0.0,426.13,"33,683.00",427.42,"14,353,212.90",306,-2.24,5.00,-0.52,1.18,-0.22,644.00,395.10,,
2025/06/22,265,SJLIC,32.84,425.18,429.9,422.8,423.32,425.00,-1.68,0.0,424.62,"21,392.00",425.18,"9,083,454.10",228,-1.86,7.10,-0.44,1.68,-0.31,644.00,395.10,,
2025/06/23,280,SJLIC,30.87,428.9,428.9,421.3,421.68,422.00,-0.32,0.0,422.54,"12,360.00",423.32,"5,222,602.30",208,-1.64,7.60,-0.39,1.8,-0.2,644.00,395.10,,
2025/06/24,270,SJLIC,33.56,421.6,427.0,420.3,421.43,422.00,-0.57,0.0,422.87,"22,207.00",421.68,"9,390,597.10",195,-0.25,6.70,-0.06,1.59,-0.34,644.00,395.10,,
2025/06/25,265,SJLIC,32.8,420.2,425.0,420.2,423.56,424.00,-0.44,0.0,422.07,"14,825.00",421.43,"6,257,234.70",182,2.13,4.8,0.51,1.14,0.35,644.00,395.10,,
2025/06/26,280,SJLIC,34.65,419.3,434.0,419.1,426.4,426.40,0.0,0.0,427.36,"6,106.00",424.00,"2,609,486.00",98,2.4,14.9,0.57,3.56,-0.23,520.80,390.00,439.13,444.90
2025/06/29,283,SJLIC,40.71,421.1,429.0,420.0,426.86,428.00,-1.14,0.0,422.71,"18,678.00",423.67,"7,895,440.20",268,3.19,9.0,0.75,2.14,0.97,644.00,395.10,,
2025/06/30,272,SJLIC,38.42,426.6,434.0,426.6,427.59,427.00,0.59,0.0,428.97,"11,095.00",426.86,"4,759,382.20",179,0.73,7.40,0.17,1.73,-0.32,644.00,395.10,,
2025/07/01,264,SJLIC,41.02,431.2,431.2,425.0,428.1,428.00,0.1,0.0,427.62,"16,280.00",427.59,"6,961,693.20",232,0.51,6.2,0.12,1.46,0.11,644.00,395.10,,
2025/07/02,272,SJLIC,45.27,428.0,447.0,425.5,445.11,445.00,0.11,0.0,441.16,"67,372.00",428.10,"29,722,084.80",499,17.01,21.5,3.97,5.05,0.89,644.00,400.00,,
2025/07/03,267,SJLIC,47.09,445.6,456.0,439.0,451.59,452.00,-0.41,0.0,450.51,"58,271.00",445.11,"26,251,887.30",413,6.48,17.0,1.46,3.87,0.24,644.00,400.00,,
2025/05/18,264,SJLIC,35.8,430.0,436.0,429.0,430.42,430.20,0.22,0.0,431.11,"24,060.00",431.59,"10,372,435.90",252,-1.17,7.0,-0.27,1.63,-0.16,644.00,395.10,,
2025/05/19,279,SJLIC,37.48,432.0,437.0,431.1,432.96,433.00,-0.04,0.0,434.72,"20,929.00",430.42,"9,098,339.80",205,2.54,5.90,0.59,1.37,-0.41,644.00,395.10,,
2025/05/20,266,SJLIC,42.15,435.0,441.7,430.3,440.21,441.00,-0.79,0.0,438.32,"22,625.00",432.96,"9,916,942.70",220,7.25,11.4,1.67,2.65,0.43,644.00,395.10,,
2025/05/21,280,SJLIC,34.65,419.3,434.0,419.1,426.4,426.40,0.0,0.0,427.36,"6,106.00",424.00,"2,609,486.00",98,2.4,14.9,0.57,3.56,-0.23,520.80,390.00,439.13,444.90
2025/05/22,269,SJLIC,39.14,435.1,447.8,435.1,443.19,443.00,0.19,0.0,442.12,"14,415.00",441.20,"6,373,206.90",188,1.99,12.70,0.45,2.92,0.24,644.00,395.10,,
2025/05/25,268,SJLIC,45.13,443.0,455.9,435.0,438.86,440.00,-1.14,0.0,443.48,"44,193.00",443.19,"19,598,841.40",326,-4.33,20.9,-0.98,4.8,-1.05,644.00,395.10,,
2025/05/26,291,SJLIC,42.11,447.1,447.6,440.4,442.87,442.00,0.87,0.0,443.98,"21,728.00",438.86,"9,646,774.80",228,4.01,7.2,0.91,1.63,-0.25,644.00,395.10,,
2025/05/27,273,SJLIC,27.05,435.0,446.0,435.0,437.72,436.00,1.72,0.0,440.40,"19,464.00",442.87,"8,571,934.30",213,-5.15,11.0,-1.16,2.53,-0.61,644.00,395.10,,
2025/05/28,277,SJLIC,27.75,433.5,439.0,430.1,436.85,437.00,-0.15,0.0,434.67,"26,273.00",437.72,"11,420,197.70",227,-0.87,8.9,-0.2,2.07,0.5,644.00,395.10,,
2025/06/02,267,SJLIC,27.57,437.4,443.8,435.0,436.18,437.00,-0.82,0.0,437.86,"30,833.00",436.85,"13,500,567.60",345,-0.67,8.80,-0.15,2.02,-0.39,644.00,395.10,,
2025/06/03,270,SJLIC,25.72,436.0,436.0,433.0,433.32,433.00,0.32,0.0,433.65,"21,776.00",436.18,"9,443,263.00",238,-2.86,3.0,-0.66,0.69,-0.08,644.00,395.10,,
2025/06/04,268,SJLIC,24.9,431.2,435.0,430.0,430.99,431.10,-0.11,0.0,431.88,"13,352.00",433.32,"5,766,418.20",187,-2.33,5.0,-0.54,1.16,-0.21,644.00,395.10,,
2025/06/05,266,SJLIC,29.57,431.0,433.0,425.0,428.71,429.10,-0.39,0.0,427.64,"33,042.00",430.99,"14,130,130.20",264,-2.28,8.0,-0.53,1.88,0.25,644.00,395.10,,
2025/06/08,268,SJLIC,24.78,426.0,432.0,426.0,427.26,428.00,-0.74,0.0,427.46,"12,393.00",428.71,"5,297,475.10",242,-1.45,6.0,-0.34,1.41,-0.05,644.00,395.10,,
2025/06/09,278,SJLIC,26.22,426.0,432.0,426.0,430.07,428.80,1.27,0.0,428.95,"17,863.00",427.26,"7,662,317.70",226,2.81,6.0,0.66,1.41,0.26,644.00,395.10,,
2025/06/10,265,SJLIC,32.3,437.0,438.0,430.1,431.64,431.00,0.64,0.0,431.73,"20,052.00",430.07,"8,657,131.20",230,1.57,7.9,0.37,1.84,-0.02,644.00,395.10,,
2024/08/12,293,SJLIC,68.97,563.0,607.2,563.0,607.2,607.20,0.0,0.0,591.75,"506,536.00",552.00,"299,743,363.80","3,473",55.2,44.20,10.0,7.85,2.54,637.70,395.10,,
2024/09/09,282,SJLIC,40.38,505.0,508.0,490.1,492.0,492.00,0.0,0.0,497.84,"81,692.00",505.50,"40,669,921.90",736,-13.50,17.9,-2.67,3.65,-1.19,644.00,395.10,,
2024/10/07,260,SJLIC,-,495.0,504.9,489.0,495.1,495.10,0.0,0.0,499.95,"45,002.00",492.00,"22,498,853.80",370,3.10,15.90,0.63,3.25,-0.98,644.00,395.10,,
2024/11/10,279,SJLIC,-,487.0,510.0,487.0,508.0,508.00,0.0,0.0,502.23,"72,908.00",489.90,"36,616,405.10",653,18.1,23.00,3.69,4.72,1.14,644.00,395.10,,
2024/12/04,275,SJLIC,51.23,513.0,513.0,501.3,506.0,506.00,0.0,0.0,505.97,"96,868.00",503.00,"49,011,881.10",719,3.0,11.7,0.6,2.33,0.01,644.00,395.10,,
2025/01/01,260,SJLIC,34.7,441.1,445.0,439.2,440.0,440.00,0.0,0.0,440.71,"27,779.00",440.10,"12,242,401.70",220,-0.1,5.8,-0.02,1.32,-0.16,644.00,395.10,,
2025/01/27,266,SJLIC,36.81,454.0,455.0,448.0,450.0,450.00,0.0,0.0,450.44,"22,112.00",454.00,"9,960,068.50",308,-4.00,7.00,-0.88,1.56,-0.1,644.00,395.10,,
2025/02/24,264,SJLIC,51.75,472.3,475.0,462.0,466.9,466.90,0.0,0.0,469.48,"93,437.00",466.90,"43,866,963.90",768,0.00,13.00,0.0,2.81,-0.55,644.00,395.10,,
2025/03/23,272,SJLIC,30.24,444.5,447.9,438.1,439.55,438.50,1.05,0.0,442.79,"42,544.00",446.50,"18,838,226.70",432,-6.95,9.8,-1.56,2.24,-0.74,644.00,395.10,,
2025/04/20,283,SJLIC,44.68,450.0,453.0,440.0,444.17,448.90,-4.73,-0.01,448.81,"35,191.00",448.47,"15,794,088.40",456,-4.30,13.0,-0.96,2.95,-1.04,644.00,395.10,,
2025/05/15,275,SJLIC,33.16,430.0,435.0,430.0,431.59,434.00,-2.41,-0.01,431.67,"26,583.00",433.02,"11,475,081.90",222,-1.43,5.0,-0.33,1.16,-0.02,644.00,395.10,,
2025/06/11,261,SJLIC,32.43,435.9,435.9,430.0,430.43,430.20,0.23,0.0,432.43,"15,840.00",431.64,"6,849,670.40",199,-1.21,5.90,-0.28,1.37,-0.46,644.00,395.10,,
2025/07/06,271,SJLIC,46.06,460.6,460.6,445.1,446.03,445.10,0.93,0.0,449.09,"34,357.00",451.59,"15,429,337.90",320,-5.56,15.5,-1.23,3.48,-0.69,644.00,400.00,,
2025/07/29,275,SJLIC,36.24,464.0,478.0,464.0,467.62,469.90,-2.28,0.0,472.73,"83,007.00",463.05,"39,239,782.90",677,4.57,14.00,0.99,3.02,-1.09,644.00,420.00,,
2025/08/24,276,SJLIC,35.19,431.2,436.0,431.2,434.59,433.10,1.49,0.0,434.37,"18,322.00",433.97,"7,958,475.00",194,0.62,4.8,0.14,1.11,0.05,571.40,420.00,,
2025/04/21,273,SJLIC,42.77,440.0,448.0,439.0,443.55,445.00,-1.45,0.0,442.64,"25,743.00",444.17,"11,394,771.20",286,-0.62,9.0,-0.14,2.05,0.21,644.00,395.10,,
2025/04/22,274,SJLIC,28.13,440.1,445.0,439.2,441.44,440.30,1.14,0.0,441.10,"23,935.00",443.55,"10,557,846.10",265,-2.11,5.8,-0.48,1.32,0.08,644.00,395.10,,
2025/04/23,263,SJLIC,29.35,440.0,445.9,438.0,439.31,438.00,1.31,0.0,440.75,"29,950.00",441.44,"13,200,388.60",281,-2.13,7.9,-0.48,1.8,-0.33,644.00,395.10,,
2025/04/24,263,SJLIC,31.16,436.0,439.6,433.2,438.02,439.30,-1.28,0.0,436.28,"31,588.00",439.31,"13,781,298.20",282,-1.29,6.4,-0.29,1.48,0.4,644.00,395.10,,
2025/04/27,268,SJLIC,29.92,440.0,443.0,436.0,436.93,440.00,-3.07,-0.01,438.32,"34,297.00",438.02,"15,033,133.90",316,-1.09,7.0,-0.25,1.61,-0.32,644.00,395.10,,
2025/04/28,281,SJLIC,30.76,435.0,439.9,431.0,436.1,436.00,0.1,0.0,435.45,"35,906.00",436.93,"15,635,355.80",288,-0.83,8.9,-0.19,2.06,0.15,644.00,395.10,,
2025/04/29,267,SJLIC,27.45,432.5,435.0,432.3,432.65,433.00,-0.35,0.0,433.35,"25,703.00",436.10,"11,138,387.10",215,-3.45,2.7,-0.79,0.62,-0.16,644.00,395.10,,
2025/04/30,270,SJLIC,29.81,433.0,436.9,429.0,430.29,430.00,0.29,0.0,430.64,"28,691.00",432.65,"12,355,381.70",229,-2.36,7.9,-0.55,1.84,-0.08,644.00,395.10,,
2025/05/04,277,SJLIC,34.28,429.0,432.0,427.0,428.44,428.00,0.44,0.0,428.49,"37,195.00",430.29,"15,937,619.70",313,-1.85,5.0,-0.43,1.17,-0.01,644.00,395.10,,
2025/05/05,274,SJLIC,31.3,425.0,433.5,425.0,428.87,429.00,-0.13,0.0,427.94,"19,972.00",428.44,"8,546,837.30",187,0.43,8.5,0.1,2.0,0.22,644.00,395.10,,
2025/05/06,272,SJLIC,32.89,429.0,435.0,429.0,430.06,430.00,0.06,0.0,431.55,"14,662.00",428.87,"6,327,356.70",175,1.19,6.0,0.28,1.4,-0.35,644.00,395.10,,
2025/05/07,263,SJLIC,43.42,427.0,443.0,427.0,441.68,443.00,-1.32,0.0,434.24,"28,970.00",430.06,"12,580,009.70",319,11.62,16.0,2.7,3.75,1.68,644.00,395.10,,
2025/05/08,268,SJLIC,41.03,436.0,442.9,435.3,438.14,437.30,0.84,0.0,437.98,"18,454.00",441.68,"8,082,458.70",220,-3.54,7.6,-0.8,1.75,0.04,644.00,395.10,,
2025/05/11,255,SJLIC,44.9,440.0,443.0,430.0,433.41,434.00,-0.59,0.0,434.12,"37,162.00",438.14,"16,132,792.10",303,-4.73,13.0,-1.08,3.02,-0.16,644.00,395.10,,
2025/05/13,269,SJLIC,41.49,438.0,445.0,430.1,435.67,435.50,0.17,0.0,438.21,"20,395.00",433.41,"8,937,285.40",282,2.26,14.9,0.52,3.46,-0.58,644.00,395.10,,
2025/05/14,271,SJLIC,25.93,433.3,438.0,432.0,433.02,432.00,1.02,0.0,434.10,"13,094.00",435.67,"5,684,124.30",220,-2.65,6.0,-0.61,1.39,-0.25,644.00,395.10,,
2025/03/24,280,SJLIC,30.99,437.1,448.0,436.5,444.55,445.00,-0.45,0.0,441.68,"28,456.00",439.55,"12,568,324.30",304,5.0,11.5,1.14,2.63,0.65,644.00,395.10,,
2025/03/25,278,SJLIC,30.08,440.0,446.9,433.0,433.52,433.00,0.52,0.0,435.70,"44,425.00",444.55,"19,355,762.70",371,-11.03,13.9,-2.48,3.21,-0.5,644.00,395.10,,
2025/03/26,280,SJLIC,34.65,419.3,434.0,419.1,426.4,426.40,0.0,0.0,427.36,"6,106.00",424.00,"2,609,486.00",98,2.4,14.9,0.57,3.56,-0.23,520.80,390.00,439.13,444.90
2025/03/27,263,SJLIC,30.13,437.4,445.0,437.4,443.12,443.20,-0.08,0.0,442.26,"11,134.00",439.35,"4,924,159.00",187,3.77,7.6,0.86,1.74,0.19,644.00,395.10,,
2025/03/30,277,SJLIC,37.72,441.0,450.9,441.0,447.21,447.00,0.21,0.0,448.30,"27,037.00",443.12,"12,120,558.10",330,4.09,9.9,0.92,2.24,-0.24,644.00,395.10,,
2025/04/01,274,SJLIC,37.87,441.0,449.9,441.0,443.3,443.20,0.1,0.0,444.99,"24,925.00",447.21,"11,091,261.90",244,-3.91,8.90,-0.87,2.02,-0.38,644.00,395.10,,
2025/04/02,273,SJLIC,39.2,444.9,452.0,441.1,448.1,447.30,0.8,0.0,446.97,"19,240.00",443.30,"8,599,647.10",275,4.80,10.90,1.08,2.47,0.25,644.00,395.10,,
2025/04/03,279,SJLIC,42.11,445.0,454.1,445.0,448.53,450.00,-1.47,0.0,450.18,"26,641.00",448.10,"11,993,203.30",260,0.43,9.1,0.1,2.04,-0.37,644.00,395.10,,
2025/04/07,276,SJLIC,35.24,450.0,450.0,442.5,442.9,442.50,0.4,0.0,443.74,"17,423.00",448.53,"7,731,289.70",245,-5.63,7.5,-1.26,1.69,-0.19,644.00,395.10,,
2025/04/08,276,SJLIC,36.06,442.5,444.6,437.0,442.24,441.00,1.24,0.0,440.08,"20,477.00",442.90,"9,011,611.80",250,-0.66,7.60,-0.15,1.74,0.49,644.00,395.10,,
2025/04/09,271,SJLIC,33.88,442.0,448.9,442.0,443.79,444.10,-0.31,0.0,443.77,"17,884.00",442.24,"7,936,451.30",228,1.55,6.90,0.35,1.56,0.0,644.00,395.10,,
2025/04/10,276,SJLIC,32.45,443.0,447.0,438.1,440.5,439.00,1.5,0.0,442.47,"22,231.00",443.79,"9,836,655.20",230,-3.29,8.9,-0.74,2.03,-0.45,644.00,395.10,,
2025/04/13,276,SJLIC,28.74,440.5,442.0,438.0,439.81,440.90,-1.09,0.0,439.50,"15,119.00",440.50,"6,644,778.60",244,-0.69,4.0,-0.16,0.91,0.07,644.00,395.10,,
2025/04/15,275,SJLIC,38.6,436.2,449.8,436.2,447.05,448.00,-0.95,0.0,445.82,"10,992.00",439.81,"4,900,505.60",192,7.24,13.6,1.65,3.12,0.27,644.00,395.10,,
2025/04/16,284,SJLIC,41.01,441.2,454.2,441.2,449.21,449.00,0.21,0.0,448.83,"15,486.00",447.05,"6,950,514.50",192,2.16,13.0,0.48,2.95,0.09,644.00,395.10,,
2025/04/17,266,SJLIC,44.51,451.8,454.8,444.0,448.47,449.00,-0.53,0.0,450.68,"32,433.00",449.21,"14,617,047.40",328,-0.74,10.8,-0.16,2.43,-0.49,644.00,395.10,,
2025/02/25,267,SJLIC,47.04,466.9,474.0,466.0,468.0,468.00,0.0,0.0,467.48,"42,750.00",466.90,"19,984,822.40",415,1.1,8.00,0.24,1.72,0.11,644.00,395.10,,
2025/02/27,255,SJLIC,36.71,469.0,475.0,465.0,469.0,469.00,0.0,0.0,468.93,"28,974.00",468.00,"13,586,665.10",454,1.00,10.00,0.21,2.15,0.02,644.00,395.10,,
2025/03/02,257,SJLIC,50.73,470.8,489.3,470.8,488.2,488.20,0.0,0.0,482.60,"96,365.00",469.00,"46,506,182.10",838,19.20,18.50,4.09,3.93,1.15,644.00,395.10,,
2025/03/03,255,SJLIC,51.28,488.0,504.0,483.0,485.0,485.00,0.0,0.0,493.00,"133,992.00",488.20,"66,058,187.90",963,-3.20,21.00,-0.66,4.35,-1.65,644.00,395.10,,
2025/03/04,272,SJLIC,46.7,483.2,492.3,476.0,477.0,477.00,0.0,0.0,483.26,"58,763.00",485.00,"28,397,744.50",568,-8.0,16.3,-1.65,3.42,-1.31,644.00,395.10,,
2025/03/05,263,SJLIC,45.01,477.0,480.0,468.7,470.5,470.50,0.0,0.0,473.10,"36,557.00",477.00,"17,295,152.80",398,-6.5,11.3,-1.36,2.41,-0.55,644.00,395.10,,
2025/03/06,265,SJLIC,47.58,470.0,478.0,468.0,470.0,470.00,0.0,0.0,470.06,"41,223.00",470.50,"19,377,257.80",416,-0.50,10.00,-0.11,2.14,-0.01,644.00,395.10,,
2025/03/09,270,SJLIC,32.07,470.0,470.1,461.0,462.0,462.00,0.0,0.0,464.76,"47,908.00",470.00,"22,265,813.30",407,-8.0,9.10,-1.7,1.97,-0.6,644.00,395.10,,
2025/03/10,265,SJLIC,28.42,458.3,467.0,458.3,462.7,462.70,0.0,0.0,461.42,"29,818.00",462.00,"13,758,684.30",344,0.7,8.7,0.15,1.9,0.28,644.00,395.10,,
2025/03/11,258,SJLIC,26.34,456.0,465.0,455.0,457.0,457.00,0.0,0.0,458.20,"22,301.00",462.70,"10,218,315.60",312,-5.7,10.0,-1.23,2.2,-0.26,644.00,395.10,,
2025/03/12,277,SJLIC,26.35,456.1,462.0,456.1,458.0,458.00,0.0,0.0,458.46,"23,030.00",457.00,"10,558,444.80",283,1.0,5.9,0.22,1.29,-0.1,644.00,395.10,,
2025/03/16,271,SJLIC,26.02,455.0,459.9,450.0,452.2,452.20,0.0,0.0,453.08,"36,340.00",458.00,"16,464,774.30",358,-5.8,9.90,-1.27,2.2,-0.19,644.00,395.10,,
2025/03/17,286,SJLIC,24.17,451.0,457.9,450.0,451.3,451.30,0.0,0.0,452.65,"28,095.00",452.20,"12,717,171.20",289,-0.9,7.9,-0.2,1.76,-0.3,644.00,395.10,,
2025/03/18,267,SJLIC,22.05,450.0,455.0,448.0,450.0,450.00,0.0,0.0,450.73,"22,624.00",451.30,"10,197,296.60",266,-1.3,7.0,-0.29,1.56,-0.16,644.00,395.10,,
2025/03/19,265,SJLIC,25.44,452.0,455.0,446.3,449.0,449.00,0.0,0.0,448.54,"32,881.00",450.00,"14,748,496.00",285,-1.00,8.7,-0.22,1.95,0.1,644.00,395.10,,
2025/03/20,267,SJLIC,24.34,445.4,449.0,445.2,446.5,446.90,-0.4,0.0,446.53,"19,271.00",449.00,"8,604,990.30",247,-2.5,3.8,-0.56,0.85,-0.01,644.00,395.10,,
2025/01/28,279,SJLIC,31.02,448.0,450.0,446.0,447.2,447.20,0.0,0.0,447.69,"43,130.00",450.00,"19,308,660.70",416,-2.80,4.00,-0.62,0.9,-0.11,644.00,395.10,,
2025/02/02,284,SJLIC,44.17,446.0,462.9,446.0,460.1,460.10,0.0,0.0,459.00,"52,635.00",447.20,"24,159,247.90",569,12.9,16.90,2.88,3.79,0.24,644.00,395.10,,
2025/02/03,273,SJLIC,51.3,450.9,481.0,450.9,471.0,471.00,0.0,0.0,473.89,"99,622.00",460.10,"47,209,728.80",740,10.9,30.1,2.37,6.68,-0.61,644.00,395.10,,
2025/02/04,269,SJLIC,51.43,471.0,477.6,469.0,469.0,469.00,0.0,0.0,471.97,"75,037.00",471.00,"35,415,012.90",727,-2.0,8.60,-0.42,1.83,-0.63,644.00,395.10,,
2025/02/05,264,SJLIC,48.96,470.0,479.0,466.4,477.6,477.60,0.0,0.0,474.29,"54,405.00",469.00,"25,803,878.50",506,8.6,12.60,1.83,2.7,0.69,644.00,395.10,,
2025/02/06,270,SJLIC,47.65,479.0,481.0,470.0,471.5,471.50,0.0,0.0,471.93,"38,595.00",477.60,"18,213,951.90",386,-6.1,11.0,-1.28,2.34,-0.09,644.00,395.10,,
2025/02/09,259,SJLIC,45.92,462.1,471.5,458.1,463.9,463.90,0.0,0.0,462.45,"68,806.00",471.50,"31,819,192.90",793,-7.6,13.4,-1.61,2.93,0.31,644.00,395.10,,
2025/02/10,276,SJLIC,30.78,454.7,465.0,454.7,460.0,460.00,0.0,0.0,458.57,"27,953.00",463.90,"12,818,465.40",340,-3.90,10.30,-0.84,2.27,0.31,644.00,395.10,,
2025/02/11,255,SJLIC,29.66,461.0,461.0,451.0,455.5,455.50,0.0,0.0,454.57,"28,331.00",460.00,"12,878,333.70",285,-4.5,10.0,-0.98,2.22,0.2,644.00,395.10,,
2025/02/12,262,SJLIC,29.3,455.0,464.6,451.1,451.1,451.10,0.0,0.0,454.86,"27,755.00",455.50,"12,624,580.10",337,-4.4,13.50,-0.97,2.99,-0.83,644.00,395.10,,
2025/02/13,280,SJLIC,34.65,419.3,434.0,419.1,426.4,426.40,0.0,0.0,427.36,"6,106.00",424.00,"2,609,486.00",98,2.4,14.9,0.57,3.56,-0.23,520.80,390.00,439.13,444.90
2025/02/16,262,SJLIC,29.46,455.9,455.9,446.6,447.0,447.00,0.0,0.0,447.78,"41,887.00",447.00,"18,756,341.00",434,0.0,9.3,0.0,2.08,-0.18,644.00,395.10,,
2025/02/17,256,SJLIC,28.62,447.0,459.0,447.0,453.0,453.00,0.0,0.0,452.56,"48,084.00",447.00,"21,760,894.10",419,6.0,12.0,1.34,2.68,0.1,644.00,395.10,,
2025/02/18,269,SJLIC,29.64,453.0,459.0,451.4,453.0,453.00,0.0,0.0,455.76,"50,961.00",453.00,"23,225,751.90",435,0.00,7.6,0.0,1.68,-0.61,644.00,395.10,,
2025/02/20,264,SJLIC,46.97,453.0,468.0,450.8,464.1,464.10,0.0,0.0,463.19,"62,545.00",453.00,"28,970,453.70",565,11.1,17.2,2.45,3.82,0.2,644.00,395.10,,
2025/02/23,283,SJLIC,49.82,460.0,469.5,447.1,466.9,466.90,0.0,0.0,463.81,"74,187.00",464.10,"34,408,875.60",505,2.80,22.40,0.6,5.01,0.66,644.00,395.10,,
2025/01/02,268,SJLIC,34.71,440.0,445.0,436.5,445.0,445.00,0.0,0.0,442.21,"22,302.00",440.00,"9,862,064.70",241,5.0,8.50,1.14,1.95,0.63,644.00,395.10,,
2025/01/05,281,SJLIC,33.13,440.0,448.0,440.0,445.1,445.10,0.0,0.0,444.63,"16,374.00",445.00,"7,280,327.20",255,0.1,8.0,0.02,1.82,0.11,644.00,395.10,,
2025/01/06,266,SJLIC,37.62,443.1,453.9,443.0,453.1,453.10,0.0,0.0,449.23,"24,856.00",445.10,"11,166,011.30",290,8.0,10.90,1.8,2.46,0.85,644.00,395.10,,
2025/01/07,260,SJLIC,38.8,453.0,458.0,448.1,457.7,457.70,0.0,0.0,453.22,"21,967.00",453.10,"9,955,840.70",301,4.6,9.9,1.02,2.21,0.98,644.00,395.10,,
2025/01/08,259,SJLIC,41.99,466.8,466.8,450.6,459.0,459.00,0.0,0.0,457.51,"30,159.00",457.70,"13,798,162.80",337,1.3,16.20,0.28,3.6,0.32,644.00,395.10,,
2025/01/09,263,SJLIC,42.87,459.0,463.0,450.1,455.0,455.00,0.0,0.0,455.09,"28,293.00",459.00,"12,875,940.40",261,-4.0,12.9,-0.87,2.87,-0.02,644.00,395.10,,
2025/01/12,256,SJLIC,41.23,464.1,464.1,448.0,449.0,449.00,0.0,0.0,449.94,"20,894.00",455.00,"9,401,008.80",194,-6.0,16.1,-1.32,3.59,-0.21,644.00,395.10,,
2025/01/13,277,SJLIC,33.25,449.0,456.0,442.5,444.0,444.00,0.0,0.0,445.84,"33,471.00",449.00,"14,922,720.60",270,-5.0,13.50,-1.11,3.05,-0.41,644.00,395.10,,
2025/01/15,254,SJLIC,25.54,443.0,452.0,441.1,446.0,446.00,0.0,0.0,446.74,"15,240.00",444.00,"6,808,333.80",246,2.0,10.9,0.45,2.47,-0.17,644.00,395.10,,
2025/01/16,251,SJLIC,23.82,446.0,448.0,443.1,445.0,445.00,0.0,0.0,444.62,"11,497.00",446.00,"5,111,802.10",215,-1.00,4.90,-0.22,1.11,0.09,644.00,395.10,,
2025/01/19,280,SJLIC,27.31,440.2,460.0,440.2,449.0,449.00,0.0,0.0,447.09,"15,939.00",445.00,"7,126,171.60",322,4.00,19.80,0.9,4.5,0.43,644.00,395.10,,
2025/01/20,266,SJLIC,39.67,445.0,452.9,445.0,448.0,448.00,0.0,0.0,448.64,"12,999.00",449.00,"5,831,911.20",215,-1.0,7.90,-0.22,1.78,-0.14,644.00,395.10,,
2025/01/21,265,SJLIC,44.63,444.1,455.0,444.1,451.0,451.00,0.0,0.0,451.50,"40,561.00",448.00,"18,313,176.10",373,3.0,10.9,0.67,2.45,-0.11,644.00,395.10,,
2025/01/22,277,SJLIC,46.6,452.0,463.9,446.1,459.5,459.50,0.0,0.0,457.77,"52,064.00",451.00,"23,833,357.10",511,8.5,17.8,1.88,3.99,0.38,644.00,395.10,,
2025/01/23,272,SJLIC,44.09,458.0,466.1,455.0,457.5,457.50,0.0,0.0,459.32,"30,043.00",459.50,"13,799,480.20",378,-2.00,11.10,-0.44,2.44,-0.4,644.00,395.10,,
2025/01/26,271,SJLIC,44.49,453.1,460.0,453.1,454.0,454.00,0.0,0.0,455.16,"22,257.00",457.50,"10,130,604.60",282,-3.50,6.90,-0.77,1.52,-0.26,644.00,395.10,,
2024/12/05,262,SJLIC,49.72,516.1,516.1,506.4,509.0,509.00,0.0,0.0,508.83,"128,705.00",506.00,"65,488,553.50",924,3.0,9.7,0.59,1.92,0.03,644.00,395.10,,
2024/12/08,274,SJLIC,33.14,518.9,518.9,474.0,475.0,475.00,0.0,0.0,481.05,"118,689.00",509.00,"57,095,641.30",779,-34.0,44.9,-6.68,9.47,-1.27,644.00,395.10,,
2024/12/09,272,SJLIC,29.94,475.0,480.0,465.0,468.0,468.00,0.0,0.0,468.36,"43,268.00",475.00,"20,265,125.80",372,-7.0,15.0,-1.47,3.23,-0.08,644.00,395.10,,
2024/12/10,258,SJLIC,30.06,463.1,470.0,459.0,462.0,462.00,0.0,0.0,462.55,"56,478.00",468.00,"26,123,769.10",450,-6.0,11.0,-1.28,2.4,-0.12,644.00,395.10,,
2024/12/11,263,SJLIC,28.4,457.0,466.3,457.0,466.1,466.10,0.0,0.0,460.68,"32,422.00",462.00,"14,936,089.20",298,4.1,9.3,0.89,2.04,1.16,644.00,395.10,,
2024/12/12,259,SJLIC,24.96,467.0,471.0,458.5,462.0,462.00,0.0,0.0,463.57,"28,018.00",466.10,"12,988,229.30",312,-4.1,12.5,-0.88,2.73,-0.34,644.00,395.10,,
2024/12/16,258,SJLIC,34.49,455.1,463.7,450.0,451.0,451.00,0.0,0.0,454.11,"64,464.00",462.00,"29,273,575.30",307,-11.0,13.7,-2.38,3.04,-0.69,644.00,395.10,,
2024/12/17,272,SJLIC,32.14,450.0,454.9,443.0,448.5,448.50,0.0,0.0,449.07,"39,409.00",451.00,"17,697,443.00",298,-2.5,11.9,-0.55,2.69,-0.13,644.00,395.10,,
2024/12/18,269,SJLIC,36.39,454.0,457.0,445.0,448.0,448.00,0.0,0.0,452.19,"118,154.00",448.50,"53,427,726.00",352,-0.5,12.0,-0.11,2.7,-0.93,644.00,395.10,,
2024/12/19,264,SJLIC,34.81,448.2,457.0,448.0,448.5,448.50,0.0,0.0,451.29,"92,692.00",448.00,"41,831,322.20",384,0.5,9.0,0.11,2.01,-0.62,644.00,395.10,,
2024/12/22,272,SJLIC,30.09,446.2,455.0,446.1,448.0,448.00,0.0,0.0,451.18,"44,509.00",448.50,"20,081,358.10",319,-0.5,8.9,-0.11,2.0,-0.71,644.00,395.10,,
2024/12/23,282,SJLIC,36.05,450.0,466.8,441.6,450.0,450.00,0.0,0.0,449.60,"45,434.00",448.00,"20,427,207.70",446,2.00,25.20,0.45,5.71,0.09,644.00,395.10,,
2024/12/24,266,SJLIC,39.8,459.0,459.0,450.0,452.0,452.00,0.0,0.0,452.12,"22,777.00",450.00,"10,297,824.80",302,2.00,9.00,0.44,2.0,-0.03,644.00,395.10,,
2024/12/26,264,SJLIC,34.17,452.0,455.0,448.0,450.0,450.00,0.0,0.0,450.47,"19,214.00",452.00,"8,655,244.30",264,-2.0,7.0,-0.44,1.56,-0.1,644.00,395.10,,
2024/12/29,271,SJLIC,33.49,450.0,456.0,446.1,447.9,447.90,0.0,0.0,448.85,"18,140.00",450.00,"8,142,076.30",309,-2.1,9.9,-0.47,2.22,-0.21,644.00,395.10,,
2024/12/31,262,SJLIC,35.8,455.0,455.0,439.1,440.1,440.10,0.0,0.0,441.96,"35,771.00",447.90,"15,809,402.70",351,-7.80,15.90,-1.74,3.62,-0.42,644.00,395.10,,
2024/11/11,257,SJLIC,-,518.1,520.8,500.0,509.0,509.00,0.0,0.0,513.39,"74,263.00",508.00,"38,126,189.40",607,1.0,20.8,0.2,4.16,-0.86,644.00,395.10,,
2024/11/12,266,SJLIC,-,517.9,517.9,502.2,504.0,504.00,0.0,0.0,507.51,"19,873.00",509.00,"10,085,828.00",368,-5.0,15.7,-0.98,3.13,-0.7,644.00,395.10,,
2024/11/13,263,SJLIC,45.1,495.5,508.5,492.0,497.0,497.00,0.0,0.0,499.24,"36,478.00",504.00,"18,211,317.90",353,-7.0,16.5,-1.39,3.35,-0.45,644.00,395.10,,
2024/11/14,275,SJLIC,45.62,491.1,506.0,491.1,497.0,497.00,0.0,0.0,501.83,"42,048.00",497.00,"21,100,854.00",416,0.0,14.90,0.0,3.03,-0.97,644.00,395.10,,
2024/11/17,280,SJLIC,36.63,506.9,506.9,491.0,492.0,492.00,0.0,0.0,497.02,"60,135.00",497.00,"29,888,030.40",542,-5.0,15.90,-1.01,3.24,-1.02,644.00,395.10,,
2024/11/19,264,SJLIC,33.26,483.0,497.0,478.0,481.0,481.00,0.0,0.0,483.90,"55,215.00",492.00,"26,718,697.80",479,-11.0,19.0,-2.24,3.97,-0.6,644.00,395.10,,
2024/11/20,275,SJLIC,29.4,479.0,490.0,479.0,481.0,481.00,0.0,0.0,482.40,"26,090.00",481.00,"12,585,755.90",316,0.0,11.0,0.0,2.3,-0.29,644.00,395.10,,
2024/11/21,269,SJLIC,32.59,483.0,490.6,475.0,478.0,478.00,0.0,0.0,478.00,"39,066.00",481.00,"18,673,682.00",358,-3.0,15.6,-0.62,3.28,0.0,644.00,395.10,,
2024/11/24,275,SJLIC,36.22,487.5,487.5,461.0,465.0,465.00,0.0,0.0,469.92,"72,926.00",478.00,"34,269,629.30",481,-13.0,26.5,-2.72,5.75,-1.06,644.00,395.10,,
2024/11/25,263,SJLIC,30.32,474.2,476.0,465.0,473.0,473.00,0.0,0.0,471.09,"23,190.00",465.00,"10,924,472.70",305,8.0,11.00,1.72,2.37,0.4,644.00,395.10,,
2024/11/26,267,SJLIC,29.4,482.4,482.4,471.0,480.0,480.00,0.0,0.0,475.59,"32,932.00",473.00,"15,661,982.10",326,7.0,11.4,1.48,2.42,0.92,644.00,395.10,,
2024/11/27,270,SJLIC,46.86,489.6,492.0,480.0,491.0,491.00,0.0,0.0,488.01,"44,710.00",480.00,"21,819,097.80",479,11.0,12.0,2.29,2.5,0.61,644.00,395.10,,
2024/11/28,262,SJLIC,44.03,495.0,499.1,481.3,489.0,489.00,0.0,0.0,488.07,"28,631.00",491.00,"13,973,984.10",354,-2.0,17.8,-0.41,3.7,0.19,644.00,395.10,,
2024/12/01,268,SJLIC,50.38,498.7,517.0,490.0,507.9,507.90,0.0,0.0,503.68,"220,919.00",489.00,"111,272,349.70","1,285",18.9,27.0,3.87,5.51,0.83,644.00,395.10,,
2024/12/02,268,SJLIC,49.28,518.0,518.0,502.2,506.0,506.00,0.0,0.0,506.14,"96,443.00",507.90,"48,813,541.10",732,-1.9,15.8,-0.37,3.15,-0.03,644.00,395.10,,
2024/12/03,262,SJLIC,48.28,511.0,511.0,501.0,503.0,503.00,0.0,0.0,503.15,"65,544.00",506.00,"32,978,376.90",499,-3.0,10.0,-0.59,2.0,-0.03,644.00,395.10,,
2024/10/08,280,SJLIC,34.65,419.3,434.0,419.1,426.4,426.40,0.0,0.0,427.36,"6,106.00",424.00,"2,609,486.00",98,2.4,14.9,0.57,3.56,-0.23,520.80,390.00,439.13,444.90
2024/10/09,249,SJLIC,-,490.0,499.7,481.1,485.2,485.20,0.0,0.0,487.40,"12,290.00",490.00,"5,990,166.70",144,-4.80,18.60,-0.98,3.87,-0.45,644.00,395.10,,
2024/10/15,261,SJLIC,-,481.1,494.1,481.1,492.0,492.00,0.0,0.0,489.64,"6,749.00",485.20,"3,304,596.40",164,6.80,13.00,1.4,2.7,0.48,644.00,395.10,,
2024/10/16,274,SJLIC,-,495.0,506.9,491.0,504.0,504.00,0.0,0.0,501.07,"35,619.00",492.00,"17,847,648.20",340,12.0,15.90,2.44,3.24,0.58,644.00,395.10,,
2024/10/17,271,SJLIC,-,500.1,513.9,500.0,507.6,507.60,0.0,0.0,506.91,"41,059.00",504.00,"20,813,144.80",389,3.6,13.9,0.71,2.78,0.14,644.00,395.10,,
2024/10/20,270,SJLIC,-,498.0,505.0,490.0,493.1,493.10,0.0,0.0,497.90,"48,154.00",507.60,"23,975,699.00",457,-14.5,15.00,-2.86,3.06,-0.97,644.00,395.10,,
2024/10/21,272,SJLIC,-,493.1,494.0,479.3,481.0,481.00,0.0,0.0,483.68,"36,453.00",493.10,"17,631,425.70",380,-12.1,14.70,-2.45,3.07,-0.56,644.00,395.10,,
2024/10/22,269,SJLIC,-,481.0,485.0,478.0,484.5,484.50,0.0,0.0,481.30,"20,967.00",481.00,"10,091,387.40",295,3.50,7.00,0.73,1.46,0.66,644.00,395.10,,
2024/10/23,277,SJLIC,-,487.0,487.0,474.3,477.0,477.00,0.0,0.0,478.27,"41,918.00",484.50,"20,048,214.10",381,-7.5,12.70,-1.55,2.68,-0.27,644.00,395.10,,
2024/10/24,272,SJLIC,-,477.0,480.0,468.0,476.0,476.00,0.0,0.0,472.50,"15,849.00",477.00,"7,488,702.40",258,-1.0,12.00,-0.21,2.56,0.73,644.00,395.10,,
2024/10/27,275,SJLIC,-,473.0,477.0,471.0,477.0,477.00,0.0,0.0,474.47,"15,777.00",476.00,"7,485,649.70",257,1.0,6.0,0.21,1.27,0.53,644.00,395.10,,
2024/10/28,262,SJLIC,-,475.0,484.5,473.5,482.0,482.00,0.0,0.0,479.77,"23,769.00",477.00,"11,403,557.00",268,5.0,11.0,1.05,2.32,0.46,644.00,395.10,,
2024/10/29,274,SJLIC,-,480.0,499.0,480.0,491.1,491.10,0.0,0.0,493.21,"28,786.00",482.00,"14,197,647.30",350,9.1,19.0,1.89,3.96,-0.43,644.00,395.10,,
2024/10/30,259,SJLIC,-,491.0,499.9,491.0,492.0,492.00,0.0,0.0,492.86,"17,126.00",491.10,"8,440,753.50",188,0.9,8.9,0.18,1.81,-0.18,644.00,395.10,,
2024/11/05,256,SJLIC,-,500.0,501.0,486.0,492.1,492.10,0.0,0.0,494.39,"20,677.00",492.00,"10,222,420.90",223,0.1,15.0,0.02,3.09,-0.46,644.00,395.10,,
2024/11/06,274,SJLIC,-,501.9,501.9,484.2,489.9,489.90,0.0,0.0,488.34,"23,238.00",492.10,"11,348,022.80",262,-2.2,17.7,-0.45,3.66,0.32,644.00,395.10,,
2024/09/10,282,SJLIC,37.79,500.0,505.0,487.0,489.0,489.00,0.0,0.0,494.24,"66,404.00",492.00,"32,819,565.50",613,-3.0,18.00,-0.61,3.7,-1.07,644.00,395.10,,
2024/09/11,272,SJLIC,39.57,490.0,498.0,482.1,485.0,485.00,0.0,0.0,486.38,"45,290.00",489.00,"22,028,135.50",483,-4.0,15.90,-0.82,3.3,-0.28,644.00,395.10,,
2024/09/12,273,SJLIC,53.72,487.0,499.0,481.0,499.0,499.00,0.0,0.0,488.95,"95,549.00",485.00,"46,718,428.70",748,14.00,18.00,2.89,3.74,2.01,644.00,395.10,,
2024/09/15,279,SJLIC,51.31,507.0,509.0,480.4,487.8,487.80,0.0,0.0,494.45,"94,618.00",499.00,"46,783,760.00",711,-11.20,28.6,-2.24,5.95,-1.36,644.00,395.10,,
2024/09/16,266,SJLIC,43.8,481.0,485.0,471.5,471.5,471.50,0.0,0.0,477.44,"47,171.00",487.80,"22,521,305.30",574,-16.3,13.50,-3.34,2.86,-1.26,644.00,395.10,,
2024/09/18,275,SJLIC,44.96,474.0,474.0,462.1,465.4,465.40,0.0,0.0,466.64,"60,718.00",471.50,"28,333,713.80",524,-6.1,11.9,-1.29,2.58,-0.27,644.00,395.10,,
2024/09/22,278,SJLIC,42.56,474.0,484.1,466.5,473.7,473.70,0.0,0.0,471.28,"41,810.00",465.40,"19,704,269.60",483,8.3,17.6,1.78,3.77,0.51,644.00,395.10,,
2024/09/23,283,SJLIC,40.02,470.0,470.0,461.0,461.3,461.30,0.0,0.0,463.65,"35,135.00",473.70,"16,290,464.90",377,-12.4,9.00,-2.62,1.95,-0.51,644.00,395.10,,
2024/09/24,262,SJLIC,43.09,455.1,464.0,451.2,453.5,453.50,0.0,0.0,455.18,"50,882.00",461.30,"23,160,296.30",504,-7.8,12.80,-1.69,2.84,-0.37,644.00,395.10,,
2024/09/25,282,SJLIC,49.15,451.0,465.0,446.1,463.0,463.00,0.0,0.0,454.87,"54,747.00",453.50,"24,902,676.40",558,9.5,18.9,2.09,4.24,1.76,644.00,395.10,,
2024/09/26,277,SJLIC,39.24,456.1,467.0,454.0,455.0,455.00,0.0,0.0,460.43,"21,332.00",463.00,"9,821,908.50",315,-8.0,13.0,-1.73,2.86,-1.19,644.00,395.10,,
2024/09/29,280,SJLIC,42.42,452.0,459.0,447.0,452.0,452.00,0.0,0.0,453.46,"23,948.00",455.00,"10,859,388.10",361,-3.0,12.00,-0.66,2.68,-0.32,644.00,395.10,,
2024/09/30,273,SJLIC,50.31,452.0,467.1,446.0,467.1,467.10,0.0,0.0,460.12,"26,450.00",452.00,"12,170,123.10",337,15.1,21.1,3.34,4.73,1.49,644.00,395.10,,
2024/10/01,262,SJLIC,56.98,466.0,492.0,465.1,488.0,488.00,0.0,0.0,481.31,"51,903.00",467.10,"24,981,649.50",601,20.9,26.90,4.47,5.78,1.37,644.00,395.10,,
2024/10/02,263,SJLIC,54.59,490.0,496.0,476.0,488.0,488.00,0.0,0.0,483.36,"31,366.00",488.00,"15,161,025.00",428,0.00,20.0,0.0,4.2,0.95,644.00,395.10,,
2024/10/06,262,SJLIC,-,490.0,492.9,480.0,492.0,492.00,0.0,0.0,486.47,"41,294.00",488.00,"20,088,470.50",428,4.00,12.90,0.82,2.69,1.12,644.00,395.10,,
2024/08/13,287,SJLIC,61.35,619.3,644.0,601.9,616.0,616.00,0.0,0.0,617.77,"262,414.00",607.20,"162,110,825.20","2,354",8.80,42.1,1.45,6.99,-0.29,644.00,395.10,,
2024/08/14,287,SJLIC,65.91,620.0,620.0,590.0,603.0,603.00,0.0,0.0,598.98,"243,593.00",616.00,"145,906,878.00","1,895",-13.0,30.0,-2.11,5.08,0.67,644.00,395.10,,
2024/08/15,289,SJLIC,60.26,615.0,615.0,590.0,591.1,591.10,0.0,0.0,596.93,"249,843.00",603.00,"149,137,902.90","2,114",-11.90,25.00,-1.97,4.24,-0.99,644.00,395.10,,
2024/08/18,284,SJLIC,53.18,591.0,602.0,563.0,563.0,563.00,0.0,0.0,582.19,"271,310.00",591.10,"157,955,317.40","2,229",-28.10,39.00,-4.75,6.93,-3.41,644.00,395.10,,
2024/08/21,291,SJLIC,48.93,563.0,588.0,563.0,565.1,565.10,0.0,0.0,569.64,"150,783.00",563.00,"85,891,529.20","1,681",2.10,25.00,0.37,4.44,-0.8,644.00,395.10,,
2024/08/22,287,SJLIC,49.03,576.4,580.0,564.0,566.0,566.00,0.0,0.0,568.72,"151,691.00",565.10,"86,269,659.90","1,689",0.9,16.00,0.16,2.84,-0.48,644.00,395.10,,
2024/08/25,288,SJLIC,46.09,568.0,571.4,550.0,551.0,551.00,0.0,0.0,555.60,"156,847.00",566.00,"87,144,688.90","1,543",-15.0,21.40,-2.65,3.89,-0.84,644.00,395.10,,
2024/08/27,284,SJLIC,44.91,550.0,555.0,519.1,521.0,521.00,0.0,0.0,533.24,"161,910.00",551.00,"86,336,080.60","1,783",-30.0,35.90,-5.44,6.92,-2.35,644.00,395.10,,
2024/08/28,281,SJLIC,44.5,530.0,540.0,501.1,514.0,514.00,0.0,0.0,521.34,"157,340.00",521.00,"82,026,947.30","1,373",-7.0,38.90,-1.34,7.76,-1.43,644.00,395.10,,
2024/08/29,276,SJLIC,43.49,514.0,518.0,495.0,508.1,508.10,0.0,0.0,505.84,"127,913.00",514.00,"64,703,576.60","1,195",-5.9,23.0,-1.15,4.65,0.44,644.00,395.10,,
2024/09/01,291,SJLIC,39.04,500.0,515.0,500.0,507.8,507.80,0.0,0.0,506.30,"72,802.00",508.10,"36,859,909.00",870,-0.3,15.0,-0.06,3.0,0.29,644.00,395.10,,
2024/09/02,289,SJLIC,52.94,500.0,533.9,500.0,531.0,531.00,0.0,0.0,519.75,"106,957.00",507.80,"55,590,827.30","1,234",23.2,33.90,4.57,6.78,2.12,644.00,395.10,,
2024/09/03,283,SJLIC,60.43,540.0,547.0,521.0,539.0,539.00,0.0,0.0,534.59,"163,459.00",531.00,"87,382,981.30","1,302",8.0,26.0,1.51,4.99,0.82,644.00,395.10,,
2024/09/04,274,SJLIC,56.46,549.7,549.7,513.1,515.1,515.10,0.0,0.0,524.99,"117,359.00",539.00,"61,612,861.60",899,-23.9,36.60,-4.43,7.13,-1.92,644.00,395.10,,
2024/09/05,270,SJLIC,54.23,525.4,525.4,502.2,514.0,514.00,0.0,0.0,508.17,"68,016.00",515.10,"34,563,558.50",632,-1.1,23.2,-0.21,4.62,1.13,644.00,395.10,,
2024/09/08,283,SJLIC,37.06,509.1,522.0,505.0,505.5,505.50,0.0,0.0,511.27,"73,202.00",514.00,"37,425,845.80",735,-8.50,17.00,-1.65,3.37,-1.14,644.00,395.10,,
2024/07/18,267,SJLIC,67.25,454.6,470.0,449.0,460.0,460.00,0.0,0.0,462.27,"128,071.00",454.50,"59,202,929.00","1,230",5.50,21.00,1.21,4.68,-0.49,640.20,395.10,,
2024/07/21,271,SJLIC,68.24,461.1,469.0,454.0,462.6,462.60,0.0,0.0,464.05,"103,317.00",460.00,"47,944,013.10","1,061",2.6,15.00,0.57,3.3,-0.31,637.70,395.10,,
2024/07/22,265,SJLIC,61.91,469.8,469.8,453.1,459.0,459.00,0.0,0.0,458.13,"113,897.00",462.60,"52,179,859.70",975,-3.60,16.70,-0.78,3.69,0.19,637.70,395.10,,
2024/07/23,273,SJLIC,67.75,456.0,482.8,455.0,481.5,481.50,0.0,0.0,469.74,"169,431.00",459.00,"79,589,296.00","1,485",22.50,27.80,4.9,6.11,2.44,637.70,395.10,,
2024/07/24,266,SJLIC,64.7,491.1,509.0,481.0,487.0,487.00,0.0,0.0,493.15,"202,255.00",481.50,"99,741,144.30","1,699",5.50,28.00,1.14,5.82,-1.26,637.70,395.10,,
2024/07/25,276,SJLIC,62.71,488.0,500.8,480.0,491.0,491.00,0.0,0.0,491.84,"153,386.00",487.00,"75,441,983.90","1,202",4.00,20.80,0.82,4.33,-0.17,637.70,395.10,,
2024/07/28,274,SJLIC,65.87,500.0,520.0,491.0,508.0,508.00,0.0,0.0,501.96,"126,437.00",491.00,"63,466,541.20","1,206",17.00,29.00,3.46,5.91,1.19,637.70,395.10,,
2024/07/29,280,SJLIC,59.53,505.0,513.0,490.0,491.0,491.00,0.0,0.0,500.34,"162,674.00",508.00,"81,391,774.50","1,257",-17.00,23.00,-3.35,4.69,-1.9,637.70,395.10,,
2024/07/30,285,SJLIC,60.86,491.0,499.0,481.0,492.0,492.00,0.0,0.0,488.85,"132,529.00",491.00,"64,786,772.70","1,268",1.00,18.00,0.2,3.74,0.64,637.70,395.10,,
2024/07/31,288,SJLIC,62.78,500.0,518.9,496.0,509.0,509.00,0.0,0.0,508.66,"226,716.00",492.00,"115,322,417.00","1,920",17.00,22.90,3.46,4.62,0.07,637.70,395.10,,
2024/08/01,288,SJLIC,62.81,519.0,550.0,500.1,528.0,528.00,0.0,0.0,530.10,"299,609.00",509.00,"158,821,538.60","2,448",19.0,49.90,3.73,9.98,-0.4,637.70,395.10,,
2024/08/05,281,SJLIC,61.32,528.0,545.0,520.2,532.0,532.00,0.0,0.0,535.67,"203,113.00",528.00,"108,801,780.10","1,938",4.00,24.80,0.76,4.77,-0.69,637.70,395.10,,
2024/08/06,277,SJLIC,57.0,533.1,542.1,499.8,500.9,500.90,0.0,0.0,518.35,"215,256.00",532.00,"111,578,024.20","1,863",-31.10,42.30,-5.85,8.46,-3.48,637.70,395.10,,
2024/08/07,285,SJLIC,59.03,501.0,520.2,496.1,520.0,520.00,0.0,0.0,509.37,"136,279.00",500.90,"69,415,803.70","1,657",19.10,24.10,3.81,4.86,2.05,637.70,395.10,,
2024/08/08,277,SJLIC,51.28,520.0,530.0,511.6,513.1,513.10,0.0,0.0,518.66,"116,286.00",520.00,"60,312,645.80","1,256",-6.90,18.40,-1.33,3.6,-1.08,637.70,395.10,,
2024/08/11,286,SJLIC,62.28,523.0,552.0,513.0,552.0,552.00,0.0,0.0,534.29,"269,578.00",513.10,"144,033,760.50","2,422",38.90,39.00,7.58,7.6,3.21,637.70,395.10,,
2024/06/25,274,SJLIC,47.19,411.9,411.9,404.0,405.0,405.00,0.0,0.0,404.86,"14,365.00",404.00,"5,815,790.70",184,1.0,7.9,0.25,1.96,0.03,646.00,400.00,,
2024/06/26,261,SJLIC,47.29,402.0,409.0,402.0,403.0,403.00,0.0,0.0,404.17,"12,455.00",405.00,"5,033,876.10",149,-2.0,7.0,-0.49,1.74,-0.29,646.00,400.00,,
2024/06/27,289,SJLIC,48.27,401.2,406.0,399.2,399.9,399.90,0.0,0.0,400.41,"30,450.00",403.00,"12,192,373.70",274,-3.10,6.80,-0.77,1.7,-0.13,645.20,399.20,,
2024/06/30,276,SJLIC,45.06,402.0,404.0,400.0,400.6,400.60,0.0,0.0,401.35,"21,416.00",399.90,"8,595,414.70",184,0.7,4.00,0.18,1.0,-0.19,645.20,399.20,,
2024/07/01,278,SJLIC,49.76,399.9,404.9,395.1,402.6,402.60,0.0,0.0,400.16,"25,356.00",400.60,"10,146,354.10",227,2.00,9.8,0.5,2.48,0.61,645.20,395.10,,
2024/07/02,269,SJLIC,62.75,410.6,429.0,405.2,408.1,408.10,0.0,0.0,410.73,"49,882.00",402.60,"20,488,155.30",475,5.50,23.8,1.37,5.87,-0.65,645.20,395.10,,
2024/07/03,269,SJLIC,58.72,408.0,408.0,400.1,405.0,405.00,0.0,0.0,403.34,"32,436.00",408.10,"13,082,652.90",366,-3.1,7.9,-0.76,1.97,0.41,642.60,395.10,,
2024/07/04,268,SJLIC,61.05,405.0,414.9,402.5,414.9,414.90,0.0,0.0,409.93,"44,638.00",405.00,"18,298,600.90",407,9.9,12.4,2.44,3.08,1.2,640.20,395.10,,
2024/07/07,280,SJLIC,34.65,419.3,434.0,419.1,426.4,426.40,0.0,0.0,427.36,"6,106.00",424.00,"2,609,486.00",98,2.4,14.9,0.57,3.56,-0.23,520.80,390.00,439.13,444.90
2024/07/08,277,SJLIC,57.37,425.0,425.0,412.7,413.6,413.60,0.0,0.0,414.94,"23,689.00",417.00,"9,829,617.50",451,-3.4,12.3,-0.82,2.98,-0.33,640.20,395.10,,
2024/07/09,270,SJLIC,63.6,407.6,415.7,407.6,413.0,413.00,0.0,0.0,411.55,"33,429.00",413.60,"13,757,788.20",476,-0.6,8.1,-0.15,1.99,0.35,640.20,395.10,,
2024/07/10,278,SJLIC,48.07,408.5,420.0,408.5,411.5,411.50,0.0,0.0,413.69,"52,666.00",413.00,"21,787,596.70",527,-1.5,11.5,-0.36,2.82,-0.53,640.20,395.10,,
2024/07/11,286,SJLIC,70.01,415.0,426.0,400.0,425.2,425.20,0.0,0.0,422.52,"108,606.00",411.50,"45,887,737.10",955,13.7,26.00,3.33,6.5,0.63,640.20,395.10,,
2024/07/14,264,SJLIC,70.18,433.7,443.7,425.2,430.2,430.20,0.0,0.0,433.20,"80,031.00",425.20,"34,669,285.00",871,5.0,18.50,1.18,4.35,-0.7,640.20,395.10,,
2024/07/15,277,SJLIC,65.24,438.8,440.0,427.0,429.9,429.90,0.0,0.0,431.72,"80,988.00",430.20,"34,964,163.10",708,-0.30,13.00,-0.07,3.04,-0.42,640.20,395.10,,
2024/07/16,271,SJLIC,68.5,426.1,442.0,425.0,441.0,441.00,0.0,0.0,434.67,"67,208.00",429.90,"29,213,591.60",791,11.1,17.00,2.58,4.0,1.43,640.20,395.10,,
2024/05/30,266,SJLIC,40.12,421.0,421.0,412.6,412.6,412.60,0.0,0.0,414.61,"15,535.00",418.00,"6,440,979.30",192,-5.40,8.40,-1.29,2.04,-0.49,646.00,400.00,,
2024/06/02,281,SJLIC,42.77,417.9,417.9,410.1,413.2,413.20,0.0,0.0,412.03,"23,378.00",412.60,"9,632,424.80",195,0.60,7.80,0.15,1.9,0.28,646.00,400.00,,
2024/06/03,272,SJLIC,40.19,413.0,416.0,411.4,415.0,415.00,0.0,0.0,413.71,"16,297.00",413.20,"6,742,291.20",191,1.80,4.60,0.44,1.12,0.31,646.00,400.00,,
2024/06/04,271,SJLIC,40.13,416.0,419.0,414.0,415.5,415.50,0.0,0.0,416.57,"13,976.00",415.00,"5,822,050.00",155,0.50,5.00,0.12,1.21,-0.26,646.00,400.00,,
2024/06/05,262,SJLIC,44.09,416.0,416.0,412.0,412.8,412.80,0.0,0.0,413.83,"17,893.00",415.50,"7,404,600.40",148,-2.70,4.00,-0.65,0.97,-0.25,646.00,400.00,,
2024/06/06,278,SJLIC,39.43,420.9,421.0,410.2,411.0,411.00,0.0,0.0,412.38,"15,679.00",412.80,"6,465,650.20",189,-1.8,10.80,-0.44,2.63,-0.33,646.00,400.00,,
2024/06/09,268,SJLIC,45.12,412.0,413.0,404.8,411.9,411.90,0.0,0.0,406.99,"58,267.00",411.00,"23,714,262.90",316,0.9,8.20,0.22,2.03,1.19,646.00,400.00,,
2024/06/10,270,SJLIC,43.27,417.0,417.0,403.7,409.0,409.00,0.0,0.0,409.15,"30,268.00",411.90,"12,384,061.20",243,-2.9,13.30,-0.7,3.29,-0.04,646.00,400.00,,
2024/06/11,266,SJLIC,60.02,415.0,416.9,408.0,415.0,415.00,0.0,0.0,412.49,"41,343.00",409.00,"17,053,756.90",326,6.0,8.90,1.47,2.18,0.6,646.00,400.00,,
2024/06/12,268,SJLIC,63.53,417.2,426.0,415.0,419.0,419.00,0.0,0.0,420.66,"50,506.00",415.00,"21,246,050.30",345,4.0,11.0,0.96,2.65,-0.4,646.00,400.00,,
2024/06/13,269,SJLIC,60.53,420.0,425.0,412.0,413.1,413.10,0.0,0.0,415.41,"26,501.00",419.00,"11,008,887.40",252,-5.9,13.0,-1.41,3.16,-0.56,646.00,400.00,,
2024/06/16,273,SJLIC,57.3,415.0,415.0,409.0,411.9,411.90,0.0,0.0,411.80,"19,135.00",413.10,"7,879,828.10",228,-1.2,6.0,-0.29,1.47,0.02,646.00,400.00,,
2024/06/18,274,SJLIC,42.53,420.0,420.0,405.4,407.0,407.00,0.0,0.0,408.14,"26,216.00",411.90,"10,699,925.10",261,-4.9,14.60,-1.19,3.6,-0.28,646.00,400.00,,
2024/06/19,264,SJLIC,40.66,408.0,415.0,405.0,408.0,408.00,0.0,0.0,408.84,"15,815.00",407.00,"6,465,866.80",180,1.0,10.0,0.25,2.47,-0.21,646.00,400.00,,
2024/06/20,262,SJLIC,48.62,410.9,410.9,404.0,405.2,405.20,0.0,0.0,405.53,"22,518.00",408.00,"9,131,632.90",237,-2.8,6.90,-0.69,1.71,-0.08,646.00,400.00,,
2024/06/23,273,SJLIC,51.74,413.3,413.3,400.1,403.8,403.80,0.0,0.0,403.78,"45,392.00",405.20,"18,328,474.90",323,-1.4,13.2,-0.35,3.3,0.0,646.00,400.00,,
2024/05/05,273,SJLIC,43.37,418.0,420.0,411.0,411.0,411.00,0.0,0.0,413.37,"26,022.00",416.00,"10,756,780.70",309,-5.0,9.0,-1.2,2.19,-0.58,646.00,407.10,,
2024/05/06,266,SJLIC,43.39,419.0,419.0,400.0,404.1,404.10,0.0,0.0,405.84,"49,539.00",411.00,"20,104,731.40",401,-6.90,19.00,-1.68,4.75,-0.43,646.00,400.00,,
2024/05/07,270,SJLIC,41.95,410.0,412.1,400.0,401.0,401.00,0.0,0.0,402.79,"24,040.00",404.10,"9,682,974.10",294,-3.10,12.1,-0.77,3.03,-0.45,646.00,400.00,,
2024/05/08,262,SJLIC,43.62,400.0,405.5,400.0,401.9,401.90,0.0,0.0,401.67,"20,859.00",401.00,"8,378,482.50",217,0.9,5.5,0.22,1.38,0.06,646.00,400.00,,
2024/05/09,269,SJLIC,45.35,402.0,406.0,400.0,401.9,401.90,0.0,0.0,401.92,"25,256.00",401.90,"10,150,978.30",248,0.0,6.00,0.0,1.5,-0.01,646.00,400.00,,
2024/05/12,266,SJLIC,47.11,404.0,414.0,403.3,410.8,410.80,0.0,0.0,409.95,"22,797.00",401.90,"9,345,602.90",251,8.90,10.7,2.21,2.65,0.21,646.00,400.00,,
2024/05/13,278,SJLIC,49.89,418.0,418.0,407.2,409.2,409.20,0.0,0.0,409.48,"30,020.00",410.80,"12,292,543.60",247,-1.6,10.8,-0.39,2.65,-0.07,646.00,400.00,,
2024/05/14,278,SJLIC,52.22,412.0,420.0,411.1,416.0,416.00,0.0,0.0,415.83,"16,538.00",409.20,"6,876,993.70",195,6.8,8.9,1.66,2.16,0.04,646.00,400.00,,
2024/05/15,271,SJLIC,52.8,422.8,423.0,414.0,414.0,414.00,0.0,0.0,416.98,"33,541.00",416.00,"13,985,802.80",237,-2.0,9.0,-0.48,2.17,-0.72,646.00,400.00,,
2024/05/16,271,SJLIC,47.48,412.0,416.9,405.9,405.9,405.90,0.0,0.0,409.68,"22,540.00",414.00,"9,234,250.80",282,-8.1,11.0,-1.96,2.71,-0.93,646.00,400.00,,
2024/05/19,278,SJLIC,59.46,405.0,429.0,405.0,421.6,421.60,0.0,0.0,421.94,"64,461.00",405.90,"27,198,818.10",485,15.7,24.0,3.87,5.93,-0.08,646.00,400.00,,
2024/05/20,271,SJLIC,62.62,430.0,439.0,427.1,432.0,432.00,0.0,0.0,433.72,"75,808.00",421.60,"32,879,222.70",616,10.4,11.9,2.47,2.79,-0.4,646.00,400.00,,
2024/05/21,272,SJLIC,56.21,435.0,435.0,425.8,435.0,435.00,0.0,0.0,431.12,"39,399.00",432.00,"16,985,789.90",258,3.00,9.2,0.69,2.16,0.89,646.00,400.00,,
2024/05/22,273,SJLIC,61.43,435.0,437.0,428.0,428.0,428.00,0.0,0.0,432.60,"39,053.00",435.00,"16,894,277.90",300,-7.0,9.0,-1.61,2.1,-1.07,646.00,400.00,,
2024/05/26,271,SJLIC,51.44,432.0,432.0,422.3,423.0,423.00,0.0,0.0,424.63,"24,350.00",428.00,"10,339,721.80",260,-5.0,9.7,-1.17,2.3,-0.39,646.00,400.00,,
2024/05/27,272,SJLIC,43.58,419.0,427.9,418.0,424.0,424.00,0.0,0.0,424.03,"19,964.00",423.00,"8,465,422.10",189,1.0,9.9,0.24,2.37,-0.01,646.00,400.00,,
2024/04/03,280,SJLIC,34.65,419.3,434.0,419.1,426.4,426.40,0.0,0.0,427.36,"6,106.00",424.00,"2,609,486.00",98,2.4,14.9,0.57,3.56,-0.23,520.80,390.00,439.13,444.90
2024/04/04,259,SJLIC,51.36,519.8,528.0,511.0,514.0,514.00,0.0,0.0,515.86,"120,778.00",518.00,"62,304,043.70","1,017",-4.0,17.00,-0.77,3.33,-0.36,646.00,407.10,,
2024/04/07,266,SJLIC,54.61,514.0,514.0,499.8,499.8,499.80,0.0,0.0,503.76,"224,272.00",514.00,"112,979,963.80","1,602",-14.2,14.20,-2.76,2.84,-0.79,646.00,407.10,,
2024/04/09,280,SJLIC,34.65,419.3,434.0,419.1,426.4,426.40,0.0,0.0,427.36,"6,106.00",424.00,"2,609,486.00",98,2.4,14.9,0.57,3.56,-0.23,520.80,390.00,439.13,444.90
2024/04/10,265,SJLIC,38.36,505.0,505.0,491.3,493.0,493.00,0.0,0.0,498.32,"155,563.00",499.10,"77,520,909.30",925,-6.1,13.70,-1.22,2.79,-1.08,646.00,407.10,,
2024/04/14,276,SJLIC,42.79,500.0,511.0,499.0,500.0,500.00,0.0,0.0,500.94,"178,223.00",493.00,"89,279,290.90","1,172",7.0,12.0,1.42,2.4,-0.19,646.00,407.10,,
2024/04/15,272,SJLIC,52.43,500.0,503.8,499.0,500.0,500.00,0.0,0.0,500.09,"130,175.00",500.00,"65,099,162.80",826,0.00,4.8,0.0,0.96,-0.02,646.00,407.10,,
2024/04/16,270,SJLIC,57.32,510.0,510.0,499.0,502.9,502.90,0.0,0.0,500.34,"148,605.00",500.00,"74,353,572.60",837,2.9,11.0,0.58,2.2,0.51,646.00,407.10,,
2024/04/18,273,SJLIC,56.35,508.9,508.9,501.9,504.7,504.70,0.0,0.0,504.73,"215,212.00",502.90,"108,622,896.20","1,637",1.8,7.0,0.36,1.39,0.0,646.00,407.10,,
2024/04/21,267,SJLIC,37.2,448.6,448.6,425.0,435.0,435.00,0.0,0.0,432.05,"100,419.00",457.74,"43,386,494.50",942,-22.74,23.6,-4.97,5.55,0.68,646.00,407.10,,
2024/04/22,276,SJLIC,31.81,440.0,440.0,422.2,423.1,423.10,0.0,0.0,426.66,"56,728.00",435.00,"24,203,413.70",445,-11.9,17.8,-2.74,4.22,-0.84,646.00,407.10,,
2024/04/24,270,SJLIC,31.85,423.1,427.1,412.5,413.3,413.30,0.0,0.0,415.50,"56,247.00",423.10,"23,370,774.60",465,-9.8,14.6,-2.32,3.54,-0.53,646.00,407.10,,
2024/04/25,260,SJLIC,29.33,420.0,427.0,416.0,416.0,416.00,0.0,0.0,419.20,"35,336.00",413.30,"14,812,777.70",384,2.7,11.0,0.65,2.64,-0.77,646.00,407.10,,
2024/04/28,265,SJLIC,40.58,424.0,425.0,417.0,418.1,418.10,0.0,0.0,419.76,"27,212.00",416.00,"11,422,616.80",256,2.1,8.0,0.5,1.92,-0.4,646.00,407.10,,
2024/04/29,273,SJLIC,40.51,419.1,425.0,417.0,418.0,418.00,0.0,0.0,418.45,"19,589.00",418.10,"8,197,109.20",199,-0.1,8.0,-0.02,1.92,-0.11,646.00,407.10,,
2024/04/30,277,SJLIC,49.91,418.0,426.0,416.0,420.0,420.00,0.0,0.0,419.80,"41,915.00",418.00,"17,595,722.30",385,2.00,10.00,0.48,2.4,0.05,646.00,407.10,,
2024/03/07,265,SJLIC,51.73,466.0,469.9,459.5,466.1,466.10,0.0,0.0,465.34,"26,840.00",456.90,"12,489,602.80",198,9.2,10.40,2.01,2.26,0.16,646.00,407.10,,
2024/03/10,261,SJLIC,54.96,475.4,494.9,470.0,486.2,486.20,0.0,0.0,483.77,"56,787.00",466.10,"27,471,565.30",479,20.1,24.9,4.31,5.3,0.5,646.00,407.10,,
2024/03/12,262,SJLIC,62.98,490.0,524.0,490.0,518.0,518.00,0.0,0.0,510.77,"69,873.00",486.20,"35,688,812.20",622,31.80,34.0,6.54,6.94,1.4,646.00,407.10,,
2024/03/13,266,SJLIC,63.48,528.3,538.0,506.0,526.9,526.90,0.0,0.0,528.23,"80,810.00",518.00,"42,686,332.60",608,8.9,32.0,1.72,6.32,-0.25,646.00,407.10,,
2024/03/14,259,SJLIC,59.76,527.0,527.0,511.0,515.9,515.90,0.0,0.0,514.35,"55,480.00",526.90,"28,536,405.80",453,-11.0,16.0,-2.09,3.13,0.3,646.00,407.10,,
2024/03/17,259,SJLIC,57.93,517.0,520.0,507.6,511.9,511.90,0.0,0.0,512.98,"38,728.00",515.90,"19,866,695.30",339,-4.0,12.4,-0.78,2.44,-0.21,646.00,407.10,,
2024/03/18,260,SJLIC,46.85,515.0,525.0,514.3,517.6,517.60,0.0,0.0,518.79,"53,308.00",511.90,"27,655,494.90",424,5.7,10.7,1.11,2.08,-0.23,646.00,407.10,,
2024/03/19,264,SJLIC,55.16,526.9,538.6,521.0,528.5,528.50,0.0,0.0,531.87,"120,600.00",517.60,"64,143,377.10",813,10.9,17.60,2.11,3.38,-0.64,646.00,407.10,,
2024/03/20,262,SJLIC,57.28,518.0,535.0,518.0,526.0,526.00,0.0,0.0,529.76,"69,477.00",528.50,"36,805,965.80",449,-2.50,17.00,-0.47,3.28,-0.71,646.00,407.10,,
2024/03/21,270,SJLIC,51.99,528.0,531.5,519.0,522.0,522.00,0.0,0.0,522.71,"36,864.00",526.00,"19,269,193.10",285,-4.00,12.50,-0.76,2.41,-0.14,646.00,407.10,,
2024/03/25,261,SJLIC,37.28,515.7,520.0,504.7,509.0,509.00,0.0,0.0,511.23,"35,692.00",522.00,"18,246,734.00",259,-13.00,15.30,-2.49,3.03,-0.44,646.00,407.10,,
2024/03/26,267,SJLIC,38.85,518.0,518.0,504.4,504.4,504.40,0.0,0.0,508.37,"33,417.00",509.00,"16,988,165.90",280,-4.6,13.60,-0.9,2.7,-0.79,646.00,407.10,,
2024/03/27,265,SJLIC,36.99,508.0,509.0,492.5,494.0,494.00,0.0,0.0,497.34,"39,413.00",504.40,"19,601,500.80",367,-10.4,16.50,-2.06,3.35,-0.68,646.00,407.10,,
2024/03/28,269,SJLIC,35.4,499.0,500.0,487.1,495.0,495.00,0.0,0.0,495.02,"24,513.00",494.00,"12,134,414.80",281,1.0,12.9,0.2,2.65,0.0,646.00,407.10,,
2024/03/31,273,SJLIC,35.65,490.1,495.0,484.0,484.0,484.00,0.0,0.0,488.63,"31,130.00",495.00,"15,211,087.60",334,-11.00,11.00,-2.22,2.27,-0.96,646.00,407.10,,
2024/04/01,270,SJLIC,36.08,484.1,486.0,474.2,479.2,479.20,0.0,0.0,477.13,"49,771.00",484.00,"23,747,175.40",351,-4.8,11.8,-0.99,2.49,0.43,646.00,407.10,,
2024/02/12,270,SJLIC,58.45,525.0,530.9,519.9,530.0,530.00,0.0,0.0,523.84,"42,014.00",529.00,"22,008,439.10",332,1.00,11.00,0.19,2.12,1.16,646.00,407.10,,
2024/02/13,261,SJLIC,49.51,519.4,528.9,506.1,508.2,508.20,0.0,0.0,512.55,"55,723.00",530.00,"28,560,576.60",529,-21.8,22.8,-4.11,4.51,-0.86,646.00,407.10,,
2024/02/14,258,SJLIC,43.69,505.0,517.9,500.2,510.0,510.00,0.0,0.0,510.58,"30,699.00",508.20,"15,674,431.30",230,1.8,17.7,0.35,3.54,-0.11,646.00,407.10,,
2024/02/15,261,SJLIC,37.69,504.3,517.9,504.3,508.5,508.50,0.0,0.0,509.62,"17,391.00",510.00,"8,862,771.30",241,-1.5,13.6,-0.29,2.7,-0.22,646.00,407.10,,
2024/02/18,269,SJLIC,36.74,518.5,518.5,502.0,502.9,502.90,0.0,0.0,504.46,"23,102.00",508.50,"11,654,034.10",296,-5.6,16.5,-1.1,3.29,-0.31,646.00,407.10,,
2024/02/20,268,SJLIC,46.17,510.0,510.0,500.0,505.0,505.00,0.0,0.0,502.76,"25,791.00",502.90,"12,966,596.60",253,2.10,10.0,0.42,2.0,0.44,646.00,407.10,,
2024/02/21,268,SJLIC,41.96,507.0,507.0,499.0,501.0,501.00,0.0,0.0,501.68,"25,569.00",505.00,"12,827,495.70",247,-4.00,8.0,-0.79,1.6,-0.14,646.00,407.10,,
2024/02/22,263,SJLIC,36.49,510.9,510.9,491.2,491.2,491.20,0.0,0.0,496.44,"19,675.00",501.00,"9,767,478.10",343,-9.80,19.7,-1.96,4.01,-1.07,646.00,407.10,,
2024/02/25,272,SJLIC,36.46,484.0,492.5,483.1,483.1,483.10,0.0,0.0,486.73,"32,262.00",491.20,"15,702,951.50",299,-8.10,9.40,-1.65,1.95,-0.75,646.00,407.10,,
2024/02/26,270,SJLIC,38.12,480.0,485.0,472.0,479.0,479.00,0.0,0.0,477.00,"35,987.00",483.10,"17,165,680.60",363,-4.10,13.00,-0.85,2.75,0.42,646.00,407.10,,
2024/02/27,262,SJLIC,36.76,469.5,480.0,466.1,470.0,470.00,0.0,0.0,470.96,"26,661.00",479.00,"12,556,322.60",315,-9.00,13.90,-1.88,2.98,-0.2,646.00,407.10,,
2024/02/28,264,SJLIC,39.25,465.6,473.0,465.0,465.0,465.00,0.0,0.0,468.24,"27,870.00",470.00,"13,049,823.20",293,-5.00,8.00,-1.06,1.72,-0.7,646.00,407.10,,
2024/02/29,265,SJLIC,35.5,466.0,467.0,457.0,457.0,457.00,0.0,0.0,462.55,"19,835.00",465.00,"9,174,655.20",256,-8.00,10.00,-1.72,2.19,-1.21,646.00,407.10,,
2024/03/03,263,SJLIC,38.34,458.0,458.0,437.4,439.0,439.00,0.0,0.0,445.11,"55,724.00",457.00,"24,803,354.40",405,-18.00,20.60,-3.94,4.71,-1.39,646.00,407.10,,
2024/03/04,200,SJLIC,50.12,447.7,481.0,447.7,481.0,481.00,0.0,0.0,465.81,"3,900.00",439.00,"1,816,672.00",26,42.0,33.3,9.57,7.44,3.16,646.00,407.10,,
2024/03/05,271,SJLIC,48.2,490.6,490.6,450.4,456.2,456.20,0.0,0.0,461.51,"59,221.00",481.00,"27,330,873.00",389,-24.80,40.20,-5.16,8.93,-1.16,646.00,407.10,,
2024/01/18,254,SJLIC,45.03,525.1,536.0,525.1,529.0,529.00,0.0,0.0,529.80,"64,462.00",535.20,"34,152,050.50",541,-6.2,10.90,-1.16,2.08,-0.15,646.00,379.00,,
2024/01/21,263,SJLIC,50.13,539.4,539.4,522.3,523.0,523.00,0.0,0.0,528.19,"43,937.00",529.00,"23,206,889.50",460,-6.0,17.10,-1.13,3.27,-0.99,646.00,379.00,,
2024/01/22,263,SJLIC,45.25,533.4,537.0,519.0,523.0,523.00,0.0,0.0,524.64,"43,481.00",523.00,"22,811,799.50",480,0.0,18.0,0.0,3.47,-0.31,646.00,379.00,,
2024/01/23,265,SJLIC,51.44,532.8,532.8,519.0,521.0,521.00,0.0,0.0,521.84,"28,387.00",523.00,"14,813,442.50",368,-2.0,13.8,-0.38,2.66,-0.16,646.00,379.00,,
2024/01/24,267,SJLIC,47.63,527.0,528.8,518.0,520.0,520.00,0.0,0.0,521.11,"22,179.00",521.00,"11,557,789.70",313,-1.0,10.8,-0.19,2.08,-0.21,646.00,379.00,,
2024/01/25,260,SJLIC,51.19,526.0,526.0,508.0,512.0,512.00,0.0,0.0,513.78,"37,182.00",520.00,"19,103,387.80",418,-8.0,18.00,-1.54,3.54,-0.35,646.00,379.00,,
2024/01/28,262,SJLIC,49.96,520.0,522.0,510.0,519.0,519.00,0.0,0.0,516.02,"24,914.00",512.00,"12,856,154.80",311,7.0,12.0,1.37,2.35,0.57,646.00,407.10,,
2024/01/29,267,SJLIC,52.63,525.0,526.0,518.0,520.0,520.00,0.0,0.0,520.47,"33,728.00",519.00,"17,554,360.00",356,1.0,8.0,0.19,1.54,-0.09,646.00,407.10,,
2024/01/30,263,SJLIC,58.87,524.5,532.0,521.0,525.0,525.00,0.0,0.0,525.56,"40,069.00",520.00,"21,058,728.70",462,5.0,11.0,0.96,2.11,-0.11,646.00,407.10,,
2024/01/31,267,SJLIC,52.08,534.0,535.0,511.0,514.0,514.00,0.0,0.0,524.19,"31,156.00",525.00,"16,331,723.60",370,-11.00,24.00,-2.1,4.7,-1.98,646.00,407.10,,
2024/02/01,263,SJLIC,41.57,510.0,520.0,510.0,510.1,510.10,0.0,0.0,512.00,"21,625.00",514.00,"11,071,995.90",305,-3.9,10.0,-0.76,1.96,-0.37,646.00,407.10,,
2024/02/04,262,SJLIC,41.31,504.0,512.0,500.0,501.3,501.30,0.0,0.0,504.06,"36,504.00",510.10,"18,400,302.70",375,-8.8,12.0,-1.73,2.4,-0.55,646.00,407.10,,
2024/02/05,265,SJLIC,38.59,511.0,520.9,510.0,512.9,512.90,0.0,0.0,512.45,"29,335.00",501.30,"15,032,644.50",369,11.6,10.9,2.31,2.14,0.09,646.00,407.10,,
2024/02/06,271,SJLIC,53.18,515.0,522.2,514.0,517.0,517.00,0.0,0.0,518.15,"15,945.00",512.90,"8,261,948.80",251,4.1,8.2,0.8,1.6,-0.22,646.00,407.10,,
2024/02/07,269,SJLIC,52.91,524.9,524.9,517.0,521.3,521.30,0.0,0.0,522.01,"14,897.00",517.00,"7,776,452.90",245,4.3,7.9,0.83,1.53,-0.14,646.00,407.10,,
2024/02/08,272,SJLIC,53.11,518.0,529.9,515.3,523.0,523.00,0.0,0.0,522.10,"21,432.00",521.30,"11,189,558.40",248,1.7,14.60,0.33,2.83,0.17,646.00,407.10,,
2023/12/20,263,SJLIC,66.97,577.0,626.4,567.0,626.4,626.40,0.0,0.0,587.34,"148,885.00",573.00,"87,445,390.40",900,30.00,59.40,5.24,10.48,6.24,646.00,379.00,,
2023/12/21,260,SJLIC,63.29,613.9,637.0,576.0,579.8,579.80,0.0,0.0,586.87,"142,338.00",626.40,"83,534,318.20","1,012",-46.60,61.00,-7.44,10.59,-1.22,646.00,379.00,,
2023/12/24,264,SJLIC,60.34,579.8,637.7,561.3,637.7,637.70,0.0,0.0,575.24,"155,555.00",579.80,"89,482,022.10",847,57.9,76.40,9.99,13.61,9.79,646.00,379.00,,
2023/12/27,263,SJLIC,57.04,625.0,625.0,574.0,575.1,575.10,0.0,0.0,582.47,"286,863.00",637.70,"167,088,811.20","1,450",-62.6,51.00,-9.82,8.89,-1.28,646.00,379.00,,
2023/12/28,257,SJLIC,45.39,586.6,586.6,558.7,561.0,561.00,0.0,0.0,564.87,"102,314.00",575.10,"57,793,700.60",781,-14.1,27.9,-2.45,4.99,-0.69,646.00,379.00,,
2024/01/01,262,SJLIC,43.72,561.0,573.2,547.0,550.2,550.20,0.0,0.0,556.79,"91,022.00",561.00,"50,680,517.50",634,-10.8,26.2,-1.93,4.79,-1.2,646.00,379.00,,
2024/01/02,262,SJLIC,41.82,550.0,550.0,532.0,533.0,533.00,0.0,0.0,537.19,"57,502.00",550.20,"30,889,736.30",544,-17.2,18.0,-3.13,3.38,-0.79,646.00,379.00,,
2024/01/03,263,SJLIC,43.37,534.1,542.0,526.4,539.0,539.00,0.0,0.0,534.37,"60,172.00",533.00,"32,154,335.90",447,6.00,15.6,1.13,2.96,0.86,646.00,379.00,,
2024/01/04,259,SJLIC,42.3,548.0,549.0,533.1,533.1,533.10,0.0,0.0,542.22,"73,879.00",539.00,"40,058,431.30",544,-5.90,15.90,-1.09,2.98,-1.71,646.00,379.00,,
2024/01/07,260,SJLIC,40.1,535.0,536.5,507.1,515.0,515.00,0.0,0.0,520.33,"57,286.00",533.10,"29,807,840.50",591,-18.1,29.4,-3.4,5.8,-1.04,646.00,379.00,,
2024/01/08,265,SJLIC,49.94,525.0,549.9,522.0,545.3,545.30,0.0,0.0,536.88,"66,346.00",515.00,"35,619,880.30",641,30.3,27.90,5.88,5.34,1.54,646.00,379.00,,
2024/01/09,264,SJLIC,50.48,555.5,565.9,551.2,553.0,553.00,0.0,0.0,558.93,"71,636.00",545.30,"40,039,371.60",643,7.7,14.7,1.41,2.67,-1.07,646.00,379.00,,
2024/01/10,256,SJLIC,58.29,563.0,564.0,542.0,547.0,547.00,0.0,0.0,553.21,"47,559.00",553.00,"26,310,268.00",399,-6.0,22.00,-1.08,4.06,-1.14,646.00,379.00,,
2024/01/11,260,SJLIC,54.55,548.0,552.0,534.2,537.0,537.00,0.0,0.0,539.02,"26,085.00",547.00,"14,060,233.10",350,-10.00,17.8,-1.83,3.33,-0.38,646.00,379.00,,
2024/01/14,269,SJLIC,41.07,547.7,547.7,533.0,540.0,540.00,0.0,0.0,538.14,"43,604.00",537.00,"23,465,003.00",383,3.0,14.7,0.56,2.76,0.34,646.00,379.00,,
2024/01/16,260,SJLIC,43.56,542.6,550.8,542.0,549.0,549.00,0.0,0.0,547.53,"31,479.00",540.00,"17,235,607.40",403,9.0,8.8,1.67,1.62,0.27,646.00,379.00,,
2023/11/27,248,SJLIC,54.11,527.3,527.3,506.6,514.0,514.00,0.0,0.0,513.48,"17,858.00",517.00,"9,169,673.10",216,-3.00,20.70,-0.58,4.09,0.1,646.00,379.00,,
2023/11/28,247,SJLIC,55.21,517.9,517.9,497.6,506.7,506.70,0.0,0.0,501.06,"31,690.00",514.00,"15,878,603.50",173,-7.3,20.3,-1.42,4.08,1.11,646.00,379.00,,
2023/11/29,245,SJLIC,51.01,502.0,512.0,494.0,496.4,496.40,0.0,0.0,499.04,"13,150.00",506.70,"6,562,329.40",138,-10.30,18.00,-2.03,3.64,-0.53,646.00,379.00,,
2023/11/30,247,SJLIC,33.88,492.0,496.9,487.0,495.0,495.00,0.0,0.0,490.31,"11,765.00",496.40,"5,768,555.00",148,-1.4,9.90,-0.28,2.03,0.95,646.00,379.00,,
2023/12/03,250,SJLIC,35.77,490.0,495.0,485.1,495.0,495.00,0.0,0.0,488.25,"9,740.00",495.00,"4,755,518.90",124,0.0,9.9,0.0,2.04,1.36,646.00,379.00,,
2023/12/04,249,SJLIC,36.34,495.0,504.0,488.0,499.0,499.00,0.0,0.0,498.82,"16,130.00",495.00,"8,045,922.70",158,4.0,16.0,0.81,3.28,0.04,646.00,379.00,,
2023/12/05,249,SJLIC,40.33,490.0,507.9,486.7,492.0,492.00,0.0,0.0,494.71,"23,778.00",499.00,"11,763,171.60",228,-7.00,21.20,-1.4,4.36,-0.55,646.00,379.00,,
2023/12/06,250,SJLIC,37.26,493.0,498.0,487.2,496.0,496.00,0.0,0.0,492.47,"13,854.00",492.00,"6,822,627.60",147,4.0,10.80,0.81,2.22,0.71,646.00,379.00,,
2023/12/07,256,SJLIC,50.11,487.1,511.0,487.1,507.0,507.00,0.0,0.0,504.65,"28,712.00",496.00,"14,489,560.20",236,11.0,23.90,2.22,4.91,0.46,646.00,379.00,,
2023/12/10,205,SJLIC,48.9,517.1,547.0,517.1,542.0,542.00,0.0,0.0,539.05,"6,573.00",507.00,"3,543,184.30",30,35.00,29.9,6.9,5.78,0.54,646.00,379.00,,
2023/12/11,258,SJLIC,57.99,550.0,550.0,520.0,542.0,542.00,0.0,0.0,531.51,"112,438.00",542.00,"59,762,382.60",609,0.0,30.0,0.0,5.77,1.93,646.00,379.00,,
2023/12/12,252,SJLIC,60.5,552.0,552.8,532.2,545.0,545.00,0.0,0.0,547.04,"80,529.00",542.00,"44,052,469.40",473,3.00,20.60,0.55,3.87,-0.37,646.00,379.00,,
2023/12/13,249,SJLIC,52.8,555.9,555.9,531.5,535.0,535.00,0.0,0.0,541.33,"44,435.00",545.00,"24,053,895.70",364,-10.0,24.4,-1.83,4.59,-1.18,646.00,379.00,,
2023/12/14,256,SJLIC,43.07,526.0,534.5,523.1,529.0,529.00,0.0,0.0,527.81,"40,145.00",535.00,"21,188,968.80",348,-6.0,11.4,-1.12,2.18,0.22,646.00,379.00,,
2023/12/17,251,SJLIC,46.31,518.5,527.0,502.1,527.0,527.00,0.0,0.0,521.14,"52,501.00",529.00,"27,360,132.80",416,-2.0,24.90,-0.38,4.96,1.11,646.00,379.00,,
2023/12/18,260,SJLIC,59.53,537.5,579.7,525.0,579.7,579.70,0.0,0.0,536.64,"111,286.00",527.00,"59,721,042.30",588,52.70,54.70,10.0,10.42,7.43,646.00,379.00,,
2023/10/18,246,SJLIC,50.79,506.9,517.0,491.0,517.0,517.00,0.0,0.0,510.40,"19,289.00",498.00,"9,845,156.70",156,19.0,26.0,3.82,5.3,1.28,646.00,379.00,,
2023/10/19,243,SJLIC,39.73,510.0,516.0,505.0,505.0,505.00,0.0,0.0,508.67,"5,618.00",517.00,"2,857,686.00",94,-12.0,11.0,-2.32,2.18,-0.73,646.00,379.00,,
2023/10/29,242,SJLIC,41.46,504.0,504.0,490.0,496.0,496.00,0.0,0.0,493.19,"7,162.00",505.00,"3,532,247.30",97,-9.0,14.0,-1.78,2.86,0.57,646.00,379.00,,
2023/10/30,245,SJLIC,39.28,486.3,499.9,482.0,499.8,499.80,0.0,0.0,489.60,"4,293.00",496.00,"2,101,865.30",106,3.8,17.9,0.77,3.71,2.04,646.00,379.00,,
2023/10/31,244,SJLIC,36.23,490.0,498.0,479.3,480.0,480.00,0.0,0.0,483.12,"35,212.00",499.80,"17,011,487.90",214,-19.8,18.7,-3.96,3.9,-0.65,646.00,379.00,,
2023/11/01,255,SJLIC,38.05,472.0,487.0,472.0,481.0,481.00,0.0,0.0,478.97,"15,338.00",480.00,"7,346,498.90",136,1.0,15.0,0.21,3.18,0.42,646.00,379.00,,
2023/11/02,241,SJLIC,42.6,481.0,481.0,469.0,477.0,477.00,0.0,0.0,474.00,"32,374.00",481.00,"15,345,200.00",175,-4.0,12.0,-0.83,2.56,0.63,646.00,379.00,,
2023/11/05,248,SJLIC,31.62,476.0,476.0,460.0,468.0,468.00,0.0,0.0,465.00,"7,426.00",477.00,"3,453,122.50",122,-9.0,16.0,-1.89,3.48,0.64,646.00,379.00,,
2023/11/06,242,SJLIC,39.96,468.0,480.0,468.0,477.0,477.00,0.0,0.0,473.92,"3,214.00",468.00,"1,523,179.60",102,9.0,12.0,1.92,2.56,0.65,646.00,379.00,,
2023/11/07,242,SJLIC,41.78,468.0,485.0,468.0,480.0,480.00,0.0,0.0,480.21,"12,041.00",477.00,"5,782,265.80",105,3.0,17.0,0.63,3.63,-0.04,646.00,379.00,,
2023/11/08,246,SJLIC,40.71,470.4,480.0,470.4,477.0,477.00,0.0,0.0,474.26,"5,714.00",480.00,"2,709,924.20",84,-3.00,9.6,-0.63,2.04,0.57,646.00,379.00,,
2023/11/09,241,SJLIC,39.29,470.0,479.6,465.0,468.0,468.00,0.0,0.0,468.53,"6,263.00",477.00,"2,934,406.20",109,-9.0,14.6,-1.89,3.14,-0.11,646.00,379.00,,
2023/11/20,242,SJLIC,42.08,470.0,476.4,468.0,474.0,474.00,0.0,0.0,470.27,"9,409.00",468.00,"4,424,809.80",139,6.00,8.40,1.28,1.79,0.79,646.00,379.00,,
2023/11/21,244,SJLIC,37.25,483.4,483.4,466.1,469.9,469.90,0.0,0.0,468.15,"9,082.00",474.00,"4,251,714.20",142,-4.1,17.30,-0.86,3.71,0.37,646.00,379.00,,
2023/11/22,251,SJLIC,43.81,465.0,475.9,465.0,475.8,475.80,0.0,0.0,470.03,"10,236.00",469.90,"4,811,276.60",126,5.9,10.90,1.26,2.34,1.21,646.00,379.00,,
2023/11/23,249,SJLIC,51.36,467.0,498.0,467.0,496.0,496.00,0.0,0.0,486.55,"15,648.00",475.80,"7,613,603.10",147,20.2,31.0,4.25,6.64,1.9,646.00,379.00,,
2023/09/21,238,SJLIC,61.31,544.7,566.2,536.0,559.0,559.00,0.0,0.0,555.13,"41,568.00",534.10,"23,075,471.80",347,24.90,30.20,4.66,5.63,0.69,646.00,379.00,,
2023/09/24,245,SJLIC,56.55,561.0,565.0,548.1,557.0,557.00,0.0,0.0,557.80,"37,227.00",559.00,"20,765,233.90",300,-2.00,16.90,-0.36,3.08,-0.14,646.00,379.00,,
2023/09/25,243,SJLIC,53.81,546.0,564.9,546.0,552.0,552.00,0.0,0.0,555.10,"24,837.00",557.00,"13,787,003.20",271,-5.0,18.9,-0.9,3.46,-0.56,646.00,379.00,,
2023/09/26,245,SJLIC,57.59,561.9,563.0,554.0,555.2,555.20,0.0,0.0,557.45,"21,309.00",552.00,"11,878,629.90",218,3.2,9.00,0.58,1.62,-0.4,646.00,379.00,,
2023/09/27,242,SJLIC,37.76,565.0,565.0,544.0,544.5,544.50,0.0,0.0,546.38,"17,287.00",555.20,"9,445,259.40",220,-10.7,21.0,-1.93,3.86,-0.35,646.00,379.00,,
2023/10/01,242,SJLIC,35.71,537.1,537.7,530.0,533.5,533.50,0.0,0.0,532.59,"17,303.00",544.50,"9,215,395.00",241,-11.0,7.7,-2.02,1.45,0.17,646.00,379.00,,
2023/10/02,245,SJLIC,37.28,525.0,542.9,524.0,539.4,539.40,0.0,0.0,532.86,"18,948.00",533.50,"10,096,716.10",244,5.9,18.9,1.11,3.61,1.21,646.00,379.00,,
2023/10/03,240,SJLIC,35.99,535.0,540.0,531.0,532.0,532.00,0.0,0.0,532.00,"15,132.00",539.40,"8,050,288.50",220,-7.4,9.0,-1.37,1.69,0.0,646.00,379.00,,
2023/10/04,241,SJLIC,32.77,528.0,543.0,528.0,539.0,539.00,0.0,0.0,535.44,"6,695.00",532.00,"3,584,799.80",158,7.0,15.0,1.32,2.84,0.66,646.00,379.00,,
2023/10/05,238,SJLIC,37.18,535.0,536.0,530.1,530.3,530.30,0.0,0.0,532.58,"27,690.00",539.00,"14,747,146.00",170,-8.7,5.9,-1.61,1.11,-0.43,646.00,379.00,,
2023/10/08,247,SJLIC,31.73,528.9,528.9,515.0,518.9,518.90,0.0,0.0,520.64,"19,025.00",530.30,"9,905,199.60",275,-11.4,13.9,-2.15,2.7,-0.34,646.00,379.00,,
2023/10/09,246,SJLIC,33.5,520.0,525.0,507.0,514.8,514.80,0.0,0.0,511.84,"18,814.00",518.90,"9,629,676.70",235,-4.1,18.0,-0.79,3.55,0.58,646.00,379.00,,
2023/10/10,241,SJLIC,30.43,514.8,517.9,500.3,508.0,508.00,0.0,0.0,506.94,"19,313.00",514.80,"9,790,589.90",209,-6.8,17.6,-1.32,3.52,0.21,646.00,379.00,,
2023/10/11,245,SJLIC,34.39,500.0,512.0,498.0,510.9,510.90,0.0,0.0,504.67,"20,094.00",508.00,"10,140,937.60",251,2.9,14.0,0.57,2.81,1.22,646.00,379.00,,
2023/10/12,251,SJLIC,35.14,505.7,507.9,500.7,504.9,504.90,0.0,0.0,502.26,"13,946.00",510.90,"7,004,483.90",194,-6.0,7.20,-1.17,1.44,0.52,646.00,379.00,,
2023/10/16,244,SJLIC,31.69,498.0,509.0,491.0,491.9,491.90,0.0,0.0,495.27,"15,405.00",504.90,"7,629,593.50",239,-13.0,18.00,-2.57,3.67,-0.68,646.00,379.00,,
2023/08/23,234,SJLIC,45.63,556.0,566.0,552.3,561.1,561.10,0.0,0.0,561.93,"25,125.00",545.10,"14,118,510.50",237,16.0,13.7,2.94,2.48,-0.15,646.00,379.00,,
2023/08/24,237,SJLIC,43.73,556.0,565.0,544.0,549.0,549.00,0.0,0.0,554.14,"34,643.00",561.10,"19,197,202.10",306,-12.1,21.0,-2.16,3.86,-0.94,646.00,379.00,,
2023/08/27,241,SJLIC,40.24,553.0,553.0,539.1,543.0,543.00,0.0,0.0,543.99,"25,074.00",549.00,"13,640,043.00",271,-6.0,13.90,-1.09,2.58,-0.18,646.00,379.00,,
2023/08/28,240,SJLIC,41.04,549.0,550.0,541.0,542.1,542.10,0.0,0.0,546.18,"19,672.00",543.00,"10,744,426.50",172,-0.9,9.0,-0.17,1.66,-0.75,646.00,379.00,,
2023/08/29,239,SJLIC,33.73,535.5,547.9,535.5,547.0,547.00,0.0,0.0,544.99,"15,655.00",542.10,"8,531,783.50",131,4.9,12.4,0.9,2.32,0.37,646.00,379.00,,
2023/08/30,236,SJLIC,44.46,547.0,554.0,542.0,546.0,546.00,0.0,0.0,544.71,"20,328.00",547.00,"11,072,824.00",204,-1.0,12.0,-0.18,2.21,0.24,646.00,379.00,,
2023/09/03,237,SJLIC,38.7,535.9,546.7,530.0,530.2,530.20,0.0,0.0,536.00,"25,530.00",546.00,"13,684,149.00",305,-15.8,16.7,-2.89,3.15,-1.09,646.00,379.00,,
2023/09/04,231,SJLIC,39.65,532.0,537.9,523.0,530.0,530.00,0.0,0.0,528.88,"26,996.00",530.20,"14,277,552.10",282,-0.2,14.9,-0.04,2.85,0.21,646.00,379.00,,
2023/09/05,238,SJLIC,32.34,536.9,539.0,520.1,523.0,523.00,0.0,0.0,524.34,"21,893.00",530.00,"11,479,275.70",269,-7.0,18.9,-1.32,3.63,-0.26,646.00,379.00,,
2023/09/07,237,SJLIC,30.27,520.0,525.0,514.0,514.0,514.00,0.0,0.0,515.24,"26,241.00",523.00,"13,520,409.10",207,-9.0,11.0,-1.72,2.14,-0.24,646.00,379.00,,
2023/09/10,237,SJLIC,38.63,517.0,525.0,517.0,518.2,518.20,0.0,0.0,519.61,"24,496.00",514.00,"12,728,372.40",165,4.2,8.0,0.82,1.55,-0.27,646.00,379.00,,
2023/09/11,239,SJLIC,48.69,517.0,542.0,517.0,536.0,536.00,0.0,0.0,532.03,"17,542.00",518.20,"9,332,829.00",245,17.8,25.0,3.43,4.84,0.74,646.00,379.00,,
2023/09/12,237,SJLIC,47.77,531.2,542.9,528.3,533.0,533.00,0.0,0.0,536.24,"26,699.00",536.00,"14,316,986.20",197,-3.0,14.6,-0.56,2.76,-0.61,646.00,379.00,,
2023/09/13,236,SJLIC,50.48,533.0,551.9,532.0,551.0,551.00,0.0,0.0,546.04,"19,979.00",533.00,"10,909,241.40",297,18.0,19.9,3.38,3.74,0.9,646.00,379.00,,
2023/09/17,239,SJLIC,50.17,546.0,546.0,528.0,528.0,528.00,0.0,0.0,535.15,"25,930.00",551.00,"13,876,318.30",241,-23.0,18.0,-4.17,3.41,-1.35,646.00,379.00,,
2023/09/18,233,SJLIC,41.45,525.0,535.0,525.0,530.0,530.00,0.0,0.0,530.76,"12,099.00",528.00,"6,421,628.70",151,2.0,10.0,0.38,1.9,-0.14,646.00,379.00,,
2023/07/31,226,SJLIC,39.63,580.1,600.0,580.0,590.0,590.00,0.0,0.0,591.65,"25,601.00",580.10,"15,146,939.50",337,9.9,20.0,1.71,3.45,-0.28,646.00,379.00,,
2023/08/01,226,SJLIC,37.44,599.5,610.9,568.0,574.0,574.00,0.0,0.0,582.95,"62,212.00",590.00,"36,266,230.80",337,-16.00,42.90,-2.71,7.55,-1.56,646.00,379.00,,
2023/08/02,231,SJLIC,38.47,580.0,584.0,567.1,584.0,584.00,0.0,0.0,576.01,"34,799.00",574.00,"20,044,622.40",298,10.0,16.90,1.74,2.98,1.37,646.00,379.00,,
2023/08/03,227,SJLIC,52.03,595.5,607.4,583.4,589.0,589.00,0.0,0.0,589.16,"48,895.00",584.00,"28,806,807.90",339,5.0,24.0,0.86,4.11,-0.03,646.00,379.00,,
2023/08/06,230,SJLIC,39.3,589.0,590.0,561.2,568.1,568.10,0.0,0.0,570.25,"47,743.00",589.00,"27,225,489.20",360,-20.9,28.80,-3.55,5.13,-0.38,646.00,379.00,,
2023/08/07,229,SJLIC,42.06,570.0,579.1,561.6,563.0,563.00,0.0,0.0,569.25,"23,362.00",568.10,"13,298,825.20",304,-5.1,17.50,-0.9,3.12,-1.11,646.00,379.00,,
2023/08/08,228,SJLIC,36.73,570.0,574.0,548.2,552.7,552.70,0.0,0.0,556.76,"47,564.00",563.00,"26,481,757.10",394,-10.3,25.80,-1.83,4.71,-0.73,646.00,379.00,,
2023/08/09,229,SJLIC,42.85,559.8,570.0,548.6,568.0,568.00,0.0,0.0,554.74,"46,538.00",552.70,"25,816,294.70",325,15.3,21.40,2.77,3.9,2.34,646.00,379.00,,
2023/08/10,232,SJLIC,47.82,575.0,580.0,565.0,571.0,571.00,0.0,0.0,574.83,"30,842.00",568.00,"17,728,828.00",315,3.0,15.0,0.53,2.65,-0.67,646.00,379.00,,
2023/08/13,232,SJLIC,54.97,568.0,591.6,567.3,584.0,584.00,0.0,0.0,579.32,"56,695.00",571.00,"32,844,714.10",386,13.00,24.30,2.28,4.28,0.8,646.00,379.00,,
2023/08/14,239,SJLIC,52.23,589.0,593.0,574.1,580.9,580.90,0.0,0.0,585.93,"37,485.00",584.00,"21,963,462.50",357,-3.1,18.9,-0.53,3.29,-0.87,646.00,379.00,,
2023/08/15,239,SJLIC,41.96,570.0,578.0,563.5,567.0,567.00,0.0,0.0,569.91,"21,265.00",580.90,"12,119,178.10",284,-13.9,14.50,-2.39,2.57,-0.51,646.00,379.00,,
2023/08/16,230,SJLIC,41.7,565.0,565.0,555.0,555.0,555.00,0.0,0.0,558.49,"29,520.00",567.00,"16,486,666.20",232,-12.0,10.00,-2.12,1.8,-0.63,646.00,379.00,,
2023/08/17,232,SJLIC,41.91,566.0,567.0,555.0,561.0,561.00,0.0,0.0,560.41,"51,580.00",555.00,"28,906,119.40",271,6.0,12.00,1.08,2.16,0.1,646.00,379.00,,
2023/08/20,230,SJLIC,38.72,560.0,566.0,550.0,552.0,552.00,0.0,0.0,553.64,"26,869.00",561.00,"14,875,818.20",205,-9.0,16.00,-1.6,2.91,-0.3,646.00,379.00,,
2023/08/21,233,SJLIC,40.69,548.0,558.9,546.1,546.1,546.10,0.0,0.0,550.41,"31,811.00",552.00,"17,509,075.20",225,-5.9,12.8,-1.07,2.34,-0.79,646.00,379.00,,
2023/07/06,280,SJLIC,34.65,419.3,434.0,419.1,426.4,426.40,0.0,0.0,427.36,"6,106.00",424.00,"2,609,486.00",98,2.4,14.9,0.57,3.56,-0.23,520.80,390.00,439.13,444.90
2023/07/09,249,SJLIC,39.15,613.5,624.0,607.0,621.0,621.00,0.0,0.0,615.84,"73,559.00",602.00,"45,300,396.40",564,19.0,17.0,3.16,2.8,0.83,646.00,379.00,,
2023/07/10,255,SJLIC,39.95,627.0,633.0,617.0,623.1,623.10,0.0,0.0,624.96,"83,233.00",621.00,"52,017,003.80",551,2.10,16.00,0.34,2.59,-0.3,646.00,379.00,,
2023/07/11,245,SJLIC,38.48,617.0,625.5,614.0,614.0,614.00,0.0,0.0,620.84,"59,519.00",623.10,"36,951,882.60",362,-9.1,11.50,-1.46,1.87,-1.11,646.00,379.00,,
2023/07/12,252,SJLIC,41.85,626.2,638.7,615.0,626.9,626.90,0.0,0.0,625.08,"66,632.00",614.00,"41,650,288.50",400,12.9,23.7,2.1,3.85,0.29,646.00,379.00,,
2023/07/13,257,SJLIC,37.37,630.0,637.0,611.6,611.6,611.60,0.0,0.0,623.53,"58,784.00",626.90,"36,653,762.10",468,-15.3,25.40,-2.44,4.15,-1.95,646.00,379.00,,
2023/07/16,252,SJLIC,34.81,623.8,627.9,604.7,610.0,610.00,0.0,0.0,614.14,"42,814.00",611.60,"26,293,965.30",371,-1.60,23.20,-0.26,3.84,-0.68,646.00,379.00,,
2023/07/17,222,SJLIC,44.02,610.0,625.0,609.0,622.0,622.00,0.0,0.0,618.17,"42,837.00",610.00,"26,480,422.10",409,12.0,16.00,1.97,2.63,0.62,646.00,379.00,,
2023/07/18,220,SJLIC,44.73,630.0,640.2,621.0,631.0,631.00,0.0,0.0,631.62,"109,534.00",622.00,"69,184,309.40",688,9.00,19.20,1.45,3.09,-0.1,646.00,379.00,,
2023/07/19,225,SJLIC,45.67,621.1,639.8,621.1,630.0,630.00,0.0,0.0,630.21,"54,187.00",631.00,"34,149,167.50",345,-1.0,18.70,-0.16,3.01,-0.03,646.00,379.00,,
2023/07/20,229,SJLIC,44.72,620.0,635.9,618.1,621.0,621.00,0.0,0.0,622.73,"49,922.00",630.00,"31,087,993.00",351,-9.00,17.80,-1.43,2.88,-0.28,646.00,379.00,,
2023/07/23,231,SJLIC,46.96,629.0,636.0,618.0,630.0,630.00,0.0,0.0,628.16,"48,763.00",621.00,"30,630,924.10",432,9.0,18.00,1.45,2.91,0.29,646.00,379.00,,
2023/07/24,230,SJLIC,40.79,630.0,633.0,620.0,624.0,624.00,0.0,0.0,625.92,"58,605.00",630.00,"36,682,227.50",338,-6.0,13.00,-0.95,2.1,-0.31,646.00,379.00,,
2023/07/25,232,SJLIC,39.09,629.0,629.0,608.3,609.0,609.00,0.0,0.0,614.20,"59,017.00",624.00,"36,248,005.10",421,-15.00,20.70,-2.4,3.4,-0.85,646.00,379.00,,
2023/07/26,225,SJLIC,37.71,608.1,617.9,604.1,608.0,608.00,0.0,0.0,610.09,"55,717.00",609.00,"33,992,565.10",359,-1.00,13.80,-0.16,2.28,-0.34,646.00,379.00,,
2023/07/27,235,SJLIC,38.14,608.0,615.0,592.0,594.0,594.00,0.0,0.0,600.18,"65,045.00",608.00,"39,038,465.30",520,-14.0,23.00,-2.3,3.89,-1.04,646.00,379.00,,
2023/06/12,246,SJLIC,50.82,500.0,500.0,483.0,490.0,490.00,0.0,0.0,490.73,"73,031.00",497.00,"35,838,680.60",502,-7.00,17.00,-1.41,3.52,-0.15,543.80,379.00,,
2023/06/13,232,SJLIC,56.72,483.1,511.0,483.1,500.0,500.00,0.0,0.0,502.57,"114,548.00",490.00,"57,568,193.00",633,10.00,27.90,2.04,5.78,-0.51,543.80,379.00,,
2023/06/14,237,SJLIC,54.21,510.0,533.4,504.0,514.0,514.00,0.0,0.0,520.04,"131,392.00",500.00,"68,329,091.80",876,14.00,29.40,2.8,5.83,-1.18,543.80,379.00,,
2023/06/15,232,SJLIC,52.37,510.0,559.1,506.0,545.0,545.00,0.0,0.0,527.92,"116,936.00",514.00,"61,732,738.80",805,31.0,53.10,6.03,10.49,3.13,559.10,379.00,,
2023/06/18,242,SJLIC,61.42,544.0,589.0,542.0,588.9,588.90,0.0,0.0,573.84,"171,616.00",545.00,"98,479,964.40","1,076",43.9,47.00,8.06,8.67,2.56,589.00,379.00,,
2023/06/19,237,SJLIC,56.74,600.6,600.6,565.0,567.0,567.00,0.0,0.0,577.51,"169,985.00",588.90,"98,167,450.00","1,081",-21.90,35.60,-3.72,6.3,-1.85,600.60,379.00,,
2023/06/20,230,SJLIC,52.73,567.0,580.0,543.0,551.0,551.00,0.0,0.0,559.48,"159,808.00",567.00,"89,408,610.30",914,-16.0,37.0,-2.82,6.81,-1.54,600.60,379.00,,
2023/06/21,280,SJLIC,34.65,419.3,434.0,419.1,426.4,426.40,0.0,0.0,427.36,"6,106.00",424.00,"2,609,486.00",98,2.4,14.9,0.57,3.56,-0.23,520.80,390.00,439.13,444.90
2023/06/22,280,SJLIC,34.65,419.3,434.0,419.1,426.4,426.40,0.0,0.0,427.36,"6,106.00",424.00,"2,609,486.00",98,2.4,14.9,0.57,3.56,-0.23,520.80,390.00,439.13,444.90
2023/06/25,237,SJLIC,59.21,591.6,630.0,590.0,626.0,626.00,0.0,0.0,619.37,"280,107.00",580.00,"173,489,853.70","1,865",46.00,40.00,7.93,6.78,1.06,630.00,379.00,,
2023/06/26,241,SJLIC,55.0,635.0,646.0,612.0,617.8,617.80,0.0,0.0,622.13,"160,253.00",626.00,"99,697,572.00","1,258",-8.2,34.0,-1.31,5.56,-0.7,646.00,379.00,,
2023/06/27,237,SJLIC,51.64,618.0,623.0,607.0,614.0,614.00,0.0,0.0,612.96,"100,341.00",617.80,"61,505,208.20",846,-3.80,16.00,-0.62,2.64,0.17,646.00,379.00,,
2023/06/28,242,SJLIC,49.43,620.0,637.0,603.1,620.7,620.70,0.0,0.0,621.84,"171,380.00",614.00,"106,571,208.90","1,020",6.7,33.9,1.09,5.62,-0.18,646.00,379.00,,
2023/07/02,248,SJLIC,49.33,625.0,645.2,615.0,627.0,627.00,0.0,0.0,636.14,"262,138.00",620.70,"166,757,292.40","1,508",6.3,30.2,1.01,4.91,-1.46,646.00,379.00,,
2023/07/03,236,SJLIC,44.91,625.0,642.6,618.0,623.0,623.00,0.0,0.0,629.80,"125,976.00",627.00,"79,339,760.40","1,049",-4.0,24.6,-0.64,3.98,-1.09,646.00,379.00,,
2023/07/04,244,SJLIC,44.64,623.1,635.0,614.0,624.0,624.00,0.0,0.0,621.47,"68,639.00",623.00,"42,656,793.80",562,1.00,21.0,0.16,3.42,0.41,646.00,379.00,,
2023/05/16,233,SJLIC,37.33,412.0,421.7,407.1,411.0,411.00,0.0,0.0,413.15,"12,355.00",414.00,"5,104,505.80",107,-3.0,14.6,-0.72,3.59,-0.52,543.80,379.00,,
2023/05/17,228,SJLIC,46.9,418.9,424.8,413.0,423.0,423.00,0.0,0.0,420.00,"16,646.00",411.00,"6,991,241.20",124,12.0,11.8,2.92,2.86,0.71,543.80,379.00,,
2023/05/18,226,SJLIC,52.32,423.0,435.9,423.0,434.0,434.00,0.0,0.0,430.63,"27,250.00",423.00,"11,734,620.30",227,11.0,12.9,2.6,3.05,0.78,543.80,379.00,,
2023/05/21,234,SJLIC,52.19,435.0,445.9,430.3,433.0,433.00,0.0,0.0,436.70,"36,575.00",434.00,"15,972,215.20",260,-1.00,15.60,-0.23,3.63,-0.85,543.80,379.00,,
2023/05/22,233,SJLIC,53.69,430.0,446.0,426.4,445.8,445.80,0.0,0.0,435.85,"56,040.00",433.00,"24,425,177.00",269,12.80,19.60,2.96,4.6,2.23,543.80,379.00,,
2023/05/23,232,SJLIC,56.98,449.9,468.0,445.0,464.5,464.50,0.0,0.0,458.77,"111,353.00",445.80,"51,085,490.10",507,18.70,23.00,4.19,5.17,1.23,543.80,379.00,,
2023/05/24,231,SJLIC,52.21,466.0,474.7,455.5,471.0,471.00,0.0,0.0,467.84,"26,524.00",464.50,"12,408,898.30",249,6.50,19.20,1.4,4.22,0.67,543.80,379.00,,
2023/05/28,229,SJLIC,56.56,479.8,480.3,460.0,460.9,460.90,0.0,0.0,466.60,"66,673.00",471.00,"31,109,827.90",358,-10.10,20.30,-2.14,4.41,-1.24,543.80,379.00,,
2023/05/30,236,SJLIC,42.22,452.0,455.0,438.0,444.0,444.00,0.0,0.0,443.74,"65,840.00",460.90,"29,215,612.70",410,-16.9,17.00,-3.67,3.88,0.06,543.80,379.00,,
2023/05/31,224,SJLIC,36.78,437.0,446.0,422.4,425.0,425.00,0.0,0.0,431.65,"60,660.00",444.00,"26,184,152.00",391,-19.00,23.60,-4.28,5.59,-1.57,543.80,379.00,,
2023/06/01,233,SJLIC,36.6,433.5,440.0,417.0,434.6,434.60,0.0,0.0,432.26,"33,276.00",425.00,"14,383,865.30",226,9.6,23.00,2.26,5.52,0.54,543.80,379.00,,
2023/06/04,231,SJLIC,39.85,443.0,460.0,443.0,454.0,454.00,0.0,0.0,453.73,"28,019.00",434.60,"12,713,063.80",219,19.40,17.0,4.46,3.84,0.06,543.80,379.00,,
2023/06/05,238,SJLIC,43.76,455.0,460.0,445.1,447.0,447.00,0.0,0.0,451.55,"39,404.00",454.00,"17,792,738.50",299,-7.0,14.90,-1.54,3.35,-1.02,543.80,379.00,,
2023/06/06,230,SJLIC,54.82,444.0,465.0,441.0,461.0,461.00,0.0,0.0,456.48,"53,478.00",447.00,"24,411,849.10",340,14.0,24.00,3.13,5.44,0.98,543.80,379.00,,
2023/06/07,223,SJLIC,49.97,468.8,469.0,456.8,464.0,464.00,0.0,0.0,463.32,"52,090.00",461.00,"24,134,564.00",417,3.0,12.2,0.65,2.67,0.15,543.80,379.00,,
2023/06/08,235,SJLIC,49.76,455.2,485.0,455.2,483.0,483.00,0.0,0.0,474.23,"74,260.00",464.00,"35,216,284.90",484,19.0,29.8,4.09,6.55,1.82,543.80,379.00,,
2023/04/20,227,SJLIC,29.46,431.0,435.0,427.0,429.0,429.00,0.0,0.0,428.56,"7,451.00",435.00,"3,193,190.20",105,-6.0,8.00,-1.38,1.87,0.1,543.80,379.00,,
2023/04/23,226,SJLIC,33.38,424.0,432.0,421.0,426.6,426.60,0.0,0.0,422.51,"12,449.00",429.00,"5,259,790.30",135,-2.4,11.0,-0.56,2.61,0.96,543.80,379.00,,
2023/04/24,230,SJLIC,42.48,427.0,429.9,421.0,426.0,426.00,0.0,0.0,423.33,"32,052.00",426.60,"13,568,523.20",133,-0.6,8.9,-0.14,2.11,0.63,543.80,379.00,,
2023/04/25,223,SJLIC,39.0,421.1,430.0,420.0,428.3,428.30,0.0,0.0,423.84,"25,233.00",426.00,"10,694,651.40",207,2.3,10.0,0.54,2.38,1.04,543.80,379.00,,
2023/04/26,224,SJLIC,32.11,425.1,432.4,425.0,425.1,425.10,0.0,0.0,426.81,"8,705.00",428.30,"3,715,375.10",163,-3.2,7.4,-0.75,1.74,-0.4,543.80,379.00,,
2023/04/27,230,SJLIC,35.24,425.1,427.9,420.0,422.0,422.00,0.0,0.0,421.88,"18,761.00",425.10,"7,914,831.40",181,-3.10,7.9,-0.73,1.88,0.03,543.80,379.00,,
2023/04/30,232,SJLIC,33.2,422.0,424.5,415.0,420.8,420.80,0.0,0.0,418.09,"14,085.00",422.00,"5,888,746.50",135,-1.2,9.5,-0.28,2.29,0.64,543.80,379.00,,
2023/05/02,232,SJLIC,27.93,423.9,424.9,416.1,420.0,420.00,0.0,0.0,418.77,"11,669.00",420.80,"4,886,571.60",140,-0.8,8.8,-0.19,2.11,0.29,543.80,379.00,,
2023/05/03,226,SJLIC,22.46,414.0,419.0,414.0,417.9,417.90,0.0,0.0,415.84,"6,099.00",420.00,"2,536,214.70",105,-2.1,5.0,-0.5,1.21,0.49,543.80,379.00,,
2023/05/04,236,SJLIC,36.79,423.0,434.7,417.1,420.2,420.20,0.0,0.0,425.13,"13,563.00",417.90,"5,766,087.70",143,2.3,17.6,0.55,4.22,-1.17,543.80,379.00,,
2023/05/07,225,SJLIC,31.03,415.0,422.8,415.0,418.0,418.00,0.0,0.0,416.51,"8,140.00",420.20,"3,390,427.00",119,-2.2,7.8,-0.52,1.88,0.36,543.80,379.00,,
2023/05/08,231,SJLIC,25.28,415.2,417.0,412.4,415.5,415.50,0.0,0.0,414.22,"12,442.00",418.00,"5,153,755.40",136,-2.5,4.60,-0.6,1.12,0.31,543.80,379.00,,
2023/05/09,231,SJLIC,35.95,411.2,423.0,411.2,417.0,417.00,0.0,0.0,417.50,"13,401.00",415.50,"5,594,955.80",112,1.5,11.8,0.36,2.87,-0.12,543.80,379.00,,
2023/05/10,228,SJLIC,23.18,415.0,418.0,414.1,414.1,414.10,0.0,0.0,415.34,"7,875.00",417.00,"3,270,781.10",87,-2.9,3.9,-0.7,0.94,-0.3,543.80,379.00,,
2023/05/11,222,SJLIC,35.02,408.1,418.0,408.0,414.9,414.90,0.0,0.0,414.07,"7,217.00",414.10,"2,988,374.80",83,0.8,10.0,0.19,2.45,0.2,543.80,379.00,,
2023/05/14,225,SJLIC,37.86,419.0,424.0,410.0,414.0,414.00,0.0,0.0,415.86,"15,570.00",414.90,"6,474,892.90",187,-0.9,14.0,-0.22,3.41,-0.45,543.80,379.00,,
2023/06/11,235,SJLIC,58.13,485.0,501.0,485.0,497.0,497.00,0.0,0.0,494.77,"78,546.00",483.00,"38,862,038.50",574,14.00,16.00,2.9,3.3,0.45,543.80,379.00,,
2023/07/05,239,SJLIC,38.90,619.0,627.0,601.0,603.0,603.00,0.0,0.0,609.48,"96,235.00",624.00,"58,653,522.10",715,-21.0,26.00,-3.37,4.33,-1.07,646.00,379.00,,
2023/07/30,231,SJLIC,44.19,604.0,605.8,579.2,580.1,580.10,0.0,0.0,586.58,"101,444.00",594.00,"59,505,442.30",705,-13.9,26.60,-2.34,4.59,-1.12,646.00,379.00,,
2023/08/22,238,SJLIC,42.94,557.0,559.9,539.0,545.1,545.10,0.0,0.0,544.95,"32,843.00",546.10,"17,897,879.30",278,-1.0,20.9,-0.18,3.88,0.03,646.00,379.00,,
2023/09/19,235,SJLIC,48.32,540.0,554.9,525.0,534.1,534.10,0.0,0.0,539.39,"21,071.00",530.00,"11,365,477.30",191,4.1,29.9,0.77,5.7,-0.99,646.00,379.00,,
2023/10/17,248,SJLIC,36.34,490.0,509.7,490.0,498.0,498.00,0.0,0.0,501.25,"10,296.00",491.90,"5,160,839.20",167,6.1,19.7,1.24,4.02,-0.65,646.00,379.00,,
2023/11/26,251,SJLIC,56.5,490.0,518.0,490.0,517.0,517.00,0.0,0.0,511.59,"33,278.00",496.00,"17,024,805.30",316,21.00,28.00,4.23,5.71,1.05,646.00,379.00,,
2023/12/19,268,SJLIC,62.61,568.2,575.0,540.0,573.0,573.00,0.0,0.0,558.15,"147,141.00",579.70,"82,126,464.00",829,-6.7,35.00,-1.16,6.48,2.59,646.00,379.00,,
2024/01/17,256,SJLIC,44.01,552.0,558.0,535.1,535.2,535.20,0.0,0.0,547.69,"46,671.00",549.00,"25,561,087.00",437,-13.8,22.9,-2.51,4.28,-2.33,646.00,379.00,,
2024/02/11,261,SJLIC,57.17,524.0,534.7,521.0,529.0,529.00,0.0,0.0,527.11,"61,553.00",523.00,"32,445,415.70",491,6.00,13.70,1.15,2.63,0.36,646.00,407.10,,
2024/03/06,264,SJLIC,50.95,456.0,470.0,451.3,456.9,456.90,0.0,0.0,460.22,"46,127.00",456.20,"21,228,702.00",296,0.7,18.70,0.15,4.14,-0.73,646.00,407.10,,
2024/04/02,270,SJLIC,41.98,480.0,502.5,480.0,485.3,485.30,0.0,0.0,492.83,"112,434.00",479.20,"55,411,107.20",615,6.1,22.5,1.27,4.69,-1.55,646.00,407.10,,
2024/05/02,266,SJLIC,48.09,425.0,428.0,415.6,416.0,416.00,0.0,0.0,421.61,"43,327.00",420.00,"18,267,084.90",341,-4.0,12.4,-0.95,2.98,-1.35,646.00,407.10,,
2024/05/29,269,SJLIC,41.62,432.0,433.0,414.3,418.0,418.00,0.0,0.0,419.93,"18,893.00",424.00,"7,933,815.80",225,-6.00,18.70,-1.42,4.51,-0.46,646.00,400.00,,
2024/06/24,278,SJLIC,51.55,400.1,409.0,400.1,404.0,404.00,0.0,0.0,406.33,"18,964.00",403.80,"7,705,709.40",202,0.2,8.90,0.05,2.22,-0.58,646.00,400.00,,
2023/03/28,222,SJLIC,44.78,443.1,450.9,443.0,448.0,448.00,0.0,0.0,447.59,"17,472.00",443.80,"7,820,230.50",169,4.2,7.9,0.95,1.78,0.09,543.80,379.00,,
2023/03/29,222,SJLIC,38.67,441.1,446.9,434.0,434.0,434.00,0.0,0.0,439.35,"23,434.00",448.00,"10,295,781.20",210,-14.0,12.9,-3.13,2.97,-1.23,543.80,379.00,,
2023/03/30,218,SJLIC,38.15,440.0,447.9,434.0,436.0,436.00,0.0,0.0,439.11,"16,104.00",434.00,"7,071,405.00",199,2.0,13.9,0.46,3.2,-0.71,543.80,379.00,,
2023/04/02,280,SJLIC,34.65,419.3,434.0,419.1,426.4,426.40,0.0,0.0,427.36,"6,106.00",424.00,"2,609,486.00",98,2.4,14.9,0.57,3.56,-0.23,520.80,390.00,439.13,444.90
2023/04/03,224,SJLIC,30.52,430.1,436.0,429.0,431.5,431.50,0.0,0.0,431.75,"12,510.00",436.90,"5,401,206.10",146,-5.4,7.0,-1.24,1.63,-0.06,543.80,379.00,,
2023/04/04,226,SJLIC,39.1,438.5,438.5,426.1,427.0,427.00,0.0,0.0,429.17,"26,860.00",431.50,"11,527,622.70",177,-4.5,12.4,-1.04,2.91,-0.51,543.80,379.00,,
2023/04/05,225,SJLIC,33.94,425.1,432.0,425.0,429.5,429.50,0.0,0.0,428.41,"10,607.00",427.00,"4,544,193.90",135,2.5,7.0,0.59,1.65,0.25,543.80,379.00,,
2023/04/06,232,SJLIC,33.24,435.0,435.0,428.7,429.0,429.00,0.0,0.0,430.83,"14,437.00",429.50,"6,219,858.70",157,-0.5,6.3,-0.12,1.47,-0.43,543.80,379.00,,
2023/04/09,231,SJLIC,33.12,422.0,430.4,416.1,420.0,420.00,0.0,0.0,420.56,"17,906.00",429.00,"7,530,628.30",196,-9.0,14.3,-2.1,3.44,-0.13,543.80,379.00,,
2023/04/10,222,SJLIC,36.21,422.0,424.9,418.1,421.0,421.00,0.0,0.0,421.59,"19,816.00",420.00,"8,354,150.00",140,1.0,6.8,0.24,1.63,-0.14,543.80,379.00,,
2023/04/11,223,SJLIC,35.61,429.3,429.3,419.1,420.0,420.00,0.0,0.0,422.22,"15,180.00",421.00,"6,409,323.60",228,-1.00,10.20,-0.24,2.43,-0.53,543.80,379.00,,
2023/04/12,229,SJLIC,52.43,425.0,442.0,425.0,442.0,442.00,0.0,0.0,437.20,"26,548.00",420.00,"11,606,705.10",233,22.00,17.00,5.24,4.0,1.09,543.80,379.00,,
2023/04/13,280,SJLIC,34.65,419.3,434.0,419.1,426.4,426.40,0.0,0.0,427.36,"6,106.00",424.00,"2,609,486.00",98,2.4,14.9,0.57,3.56,-0.23,520.80,390.00,439.13,444.90
2023/04/16,226,SJLIC,42.4,434.0,440.0,431.2,437.0,437.00,0.0,0.0,434.71,"9,753.00",434.00,"4,239,754.30",121,3.0,8.8,0.69,2.04,0.52,543.80,379.00,,
2023/04/17,228,SJLIC,42.81,440.0,440.0,427.0,430.0,430.00,0.0,0.0,430.66,"13,087.00",437.00,"5,636,052.10",134,-7.0,13.0,-1.6,3.04,-0.15,543.80,379.00,,
2023/04/18,227,SJLIC,26.97,433.0,433.0,424.3,426.0,426.00,0.0,0.0,426.09,"8,893.00",430.00,"3,789,184.10",128,-4.0,8.7,-0.93,2.05,-0.02,543.80,379.00,,
2023/02/28,227,SJLIC,25.0,493.0,493.0,481.3,485.0,485.00,0.0,0.0,487.99,"21,115.00",491.00,"10,303,848.50",191,-6.0,11.7,-1.22,2.43,-0.62,543.80,379.00,,
2023/03/01,222,SJLIC,31.22,484.0,487.0,477.2,477.2,477.20,0.0,0.0,480.45,"23,740.00",485.00,"11,405,793.20",207,-7.80,9.80,-1.61,2.05,-0.68,543.80,379.00,,
2023/03/02,220,SJLIC,30.84,471.0,476.0,467.0,467.0,467.00,0.0,0.0,469.27,"36,071.00",477.20,"16,927,049.20",244,-10.2,9.0,-2.14,1.93,-0.49,543.80,379.00,,
2023/03/05,222,SJLIC,27.96,471.0,475.7,461.3,462.0,462.00,0.0,0.0,464.35,"22,983.00",467.00,"10,672,185.20",235,-5.0,14.4,-1.07,3.12,-0.51,543.80,379.00,,
2023/03/07,225,SJLIC,29.73,462.0,472.0,460.0,467.0,467.00,0.0,0.0,467.24,"17,078.00",462.00,"7,979,467.70",137,5.0,12.0,1.08,2.61,-0.05,543.80,379.00,,
2023/03/09,225,SJLIC,40.71,474.0,479.9,470.1,478.8,478.80,0.0,0.0,474.38,"16,104.00",467.00,"7,639,464.40",190,11.8,9.8,2.53,2.08,0.92,543.80,379.00,,
2023/03/12,224,SJLIC,43.44,486.5,487.0,471.0,471.0,471.00,0.0,0.0,477.32,"32,283.00",478.80,"15,409,199.20",224,-7.8,16.0,-1.63,3.4,-1.34,543.80,379.00,,
2023/03/13,220,SJLIC,36.22,465.1,479.0,461.6,463.0,463.00,0.0,0.0,467.26,"18,443.00",471.00,"8,617,762.00",160,-8.0,17.4,-1.7,3.77,-0.92,543.80,379.00,,
2023/03/14,219,SJLIC,38.35,462.0,469.0,457.0,464.0,464.00,0.0,0.0,461.34,"24,178.00",463.00,"11,154,293.00",223,1.0,12.0,0.22,2.63,0.57,543.80,379.00,,
2023/03/15,280,SJLIC,34.65,419.3,434.0,419.1,426.4,426.40,0.0,0.0,427.36,"6,106.00",424.00,"2,609,486.00",98,2.4,14.9,0.57,3.56,-0.23,520.80,390.00,439.13,444.90
2023/03/16,221,SJLIC,35.1,443.1,456.0,443.1,451.0,451.00,0.0,0.0,450.55,"19,060.00",452.10,"8,587,511.20",257,-1.1,12.9,-0.24,2.91,0.1,543.80,379.00,,
2023/03/19,223,SJLIC,30.75,452.1,452.1,444.0,444.1,444.10,0.0,0.0,445.84,"14,015.00",451.00,"6,248,483.60",205,-6.9,8.1,-1.53,1.82,-0.39,543.80,379.00,,
2023/03/20,222,SJLIC,32.18,444.2,455.0,444.2,448.1,448.10,0.0,0.0,448.57,"17,402.00",444.10,"7,805,998.10",208,4.0,10.8,0.9,2.43,-0.1,543.80,379.00,,
2023/03/22,230,SJLIC,35.63,457.0,457.0,442.0,442.1,442.10,0.0,0.0,449.64,"25,796.00",448.10,"11,599,001.10",209,-6.0,15.0,-1.34,3.39,-1.71,543.80,379.00,,
2023/03/23,224,SJLIC,31.47,445.0,448.0,440.1,441.3,441.30,0.0,0.0,442.10,"12,334.00",442.10,"5,452,913.30",183,-0.8,7.9,-0.18,1.8,-0.18,543.80,379.00,,
2023/03/26,225,SJLIC,32.44,445.0,445.0,433.0,434.0,434.00,0.0,0.0,436.06,"14,276.00",441.30,"6,225,203.40",175,-7.3,12.0,-1.65,2.77,-0.47,543.80,379.00,,
2023/02/01,228,SJLIC,50.37,503.5,512.9,500.2,505.0,505.00,0.0,0.0,505.27,"38,506.00",509.10,"19,455,974.10",386,-4.1,12.7,-0.81,2.54,-0.05,543.80,379.00,,
2023/02/02,224,SJLIC,40.24,512.0,512.0,490.2,495.0,495.00,0.0,0.0,496.39,"53,653.00",505.00,"26,632,738.30",545,-10.0,21.8,-1.98,4.45,-0.28,543.80,379.00,,
2023/02/03,280,SJLIC,34.65,419.3,434.0,419.1,426.4,426.40,0.0,0.0,427.36,"6,106.00",424.00,"2,609,486.00",98,2.4,14.9,0.57,3.56,-0.23,520.80,390.00,439.13,444.90
2023/02/05,225,SJLIC,35.16,500.0,503.0,490.0,490.3,490.30,0.0,0.0,495.61,"45,585.00",495.00,"22,592,256.70",379,-4.7,13.0,-0.95,2.65,-1.08,543.80,379.00,,
2023/02/06,225,SJLIC,31.14,490.0,491.9,481.2,483.0,483.00,0.0,0.0,485.39,"28,038.00",490.30,"13,609,416.70",320,-7.3,10.7,-1.49,2.22,-0.5,543.80,379.00,,
2023/02/07,227,SJLIC,38.51,480.0,509.4,480.0,507.0,507.00,0.0,0.0,498.38,"50,596.00",483.00,"25,216,231.80",502,24.0,29.4,4.97,6.13,1.7,543.80,379.00,,
2023/02/08,224,SJLIC,43.94,517.1,519.0,503.8,503.8,503.80,0.0,0.0,510.97,"51,613.00",507.00,"26,372,943.10",423,-3.2,15.2,-0.63,3.02,-1.42,543.80,379.00,,
2023/02/09,223,SJLIC,39.09,500.0,509.0,500.0,506.0,506.00,0.0,0.0,503.15,"27,221.00",503.80,"13,696,291.40",291,2.2,9.0,0.44,1.8,0.56,543.80,379.00,,
2023/02/12,221,SJLIC,37.79,495.9,504.0,487.0,491.3,491.30,0.0,0.0,493.98,"40,248.00",506.00,"19,881,638.00",329,-14.7,17.0,-2.91,3.49,-0.55,543.80,379.00,,
2023/02/14,223,SJLIC,31.95,490.0,495.0,487.0,488.1,488.10,0.0,0.0,489.80,"36,181.00",491.30,"17,721,487.80",328,-3.20,8.0,-0.65,1.64,-0.35,543.80,379.00,,
2023/02/15,222,SJLIC,33.5,494.9,494.9,486.0,487.0,487.00,0.0,0.0,489.01,"28,795.00",488.10,"14,081,006.60",276,-1.10,8.90,-0.23,1.83,-0.41,543.80,379.00,,
2023/02/16,223,SJLIC,31.95,485.0,489.8,480.4,481.2,481.20,0.0,0.0,483.58,"28,057.00",487.00,"13,567,725.80",278,-5.80,9.40,-1.19,1.96,-0.49,543.80,379.00,,
2023/02/20,225,SJLIC,30.54,480.0,487.9,480.0,486.0,486.00,0.0,0.0,482.78,"23,780.00",481.20,"11,480,410.60",287,4.8,7.9,1.0,1.65,0.66,543.80,379.00,,
2023/02/22,235,SJLIC,35.44,493.0,503.8,485.1,496.2,496.20,0.0,0.0,494.59,"33,192.00",486.00,"16,416,565.30",321,10.2,18.7,2.1,3.85,0.32,543.80,379.00,,
2023/02/23,227,SJLIC,31.46,491.1,494.9,483.0,485.1,485.10,0.0,0.0,487.88,"36,749.00",496.20,"17,928,977.20",248,-11.1,11.9,-2.24,2.46,-0.57,543.80,379.00,,
2023/02/26,229,SJLIC,36.48,477.0,490.0,462.0,489.0,489.00,0.0,0.0,479.90,"49,016.00",485.10,"23,522,808.50",270,3.9,28.0,0.8,6.06,1.86,543.80,379.00,,
2023/01/25,229,SJLIC,46.11,379.0,408.7,379.0,408.7,408.70,0.0,0.0,407.37,"1,965.00",371.59,"800,489.60",86,37.11,29.7,9.99,7.84,0.32,408.70,379.00,,
2023/01/26,222,SJLIC,61.42,416.8,449.5,416.8,449.5,449.50,0.0,0.0,444.81,"1,160.00",408.70,"515,974.00",65,40.8,32.7,9.98,7.85,1.04,449.50,379.00,,
2023/01/29,234,SJLIC,57.87,458.4,494.4,458.4,494.4,494.40,0.0,0.0,492.65,"1,815.00",449.50,"894,162.10",112,44.9,36.0,9.99,7.85,0.35,494.40,379.00,,
2023/01/30,223,SJLIC,58.63,504.2,543.8,504.2,519.8,519.80,0.0,0.0,530.63,"332,697.00",494.40,"176,540,086.60","2,351",25.4,39.6,5.14,7.85,-2.08,543.80,379.00,,
2022/12/28,280,SJLIC,34.65,419.3,434.0,419.1,426.4,426.40,0.0,0.0,427.36,"6,106.00",424.00,"2,609,486.00",98,2.4,14.9,0.57,3.56,-0.23,520.80,390.00,439.13,444.90
2022/11/19,280,SJLIC,34.65,419.3,434.0,419.1,426.4,426.40,0.0,0.0,427.36,"6,106.00",424.00,"2,609,486.00",98,2.4,14.9,0.57,3.56,-0.23,520.80,390.00,439.13,444.90
2022/10/09,280,SJLIC,34.65,419.3,434.0,419.1,426.4,426.40,0.0,0.0,427.36,"6,106.00",424.00,"2,609,486.00",98,2.4,14.9,0.57,3.56,-0.23,520.80,390.00,439.13,444.90
2022/08/21,280,SJLIC,34.65,419.3,434.0,419.1,426.4,426.40,0.0,0.0,427.36,"6,106.00",424.00,"2,609,486.00",98,2.4,14.9,0.57,3.56,-0.23,520.80,390.00,439.13,444.90
2022/07/23,280,SJLIC,34.65,419.3,434.0,419.1,426.4,426.40,0.0,0.0,427.36,"6,106.00",424.00,"2,609,486.00",98,2.4,14.9,0.57,3.56,-0.23,520.80,390.00,439.13,444.90
2022/06/12,280,SJLIC,34.65,419.3,434.0,419.1,426.4,426.40,0.0,0.0,427.36,"6,106.00",424.00,"2,609,486.00",98,2.4,14.9,0.57,3.56,-0.23,520.80,390.00,439.13,444.90
2022/05/06,280,SJLIC,34.65,419.3,434.0,419.1,426.4,426.40,0.0,0.0,427.36,"6,106.00",424.00,"2,609,486.00",98,2.4,14.9,0.57,3.56,-0.23,520.80,390.00,439.13,444.90
2022/03/27,280,SJLIC,34.65,419.3,434.0,419.1,426.4,426.40,0.0,0.0,427.36,"6,106.00",424.00,"2,609,486.00",98,2.4,14.9,0.57,3.56,-0.23,520.80,390.00,439.13,444.90
2023/01/31,226,SJLIC,56.66,525.0,525.0,502.0,509.1,509.10,0.0,0.0,508.34,"132,067.00",519.80,"67,135,356.60",920,-10.7,23.0,-2.06,4.58,0.15,543.80,379.00,,
2023/02/27,226,SJLIC,31.14,493.0,493.0,477.6,491.0,491.00,0.0,0.0,484.42,"27,603.00",489.00,"13,371,533.90",228,2.0,15.40,0.41,3.22,1.34,543.80,379.00,,
2023/03/27,224,SJLIC,39.33,427.0,448.0,427.0,443.8,443.80,0.0,0.0,436.64,"15,945.00",434.00,"6,962,166.50",172,9.8,21.0,2.26,4.92,1.61,543.80,379.00,,
2023/04/19,230,SJLIC,47.46,425.1,435.0,425.1,435.0,435.00,0.0,0.0,431.91,"8,040.00",426.00,"3,472,550.60",144,9.0,9.9,2.11,2.33,0.71,543.80,379.00,,
2019/10/05,280,SJLIC,34.65,419.3,434.0,419.1,426.4,426.40,0.0,0.0,427.36,"6,106.00",424.00,"2,609,486.00",98,2.4,14.9,0.57,3.56,-0.23,520.80,390.00,439.13,444.90
2023/05/15,228,SJLIC,37.45,412.0,414.9,409.1,414.0,414.00,0.0,0.0,411.64,"15,168.00",414.00,"6,243,732.00",127,0.0,5.8,0.0,1.42,0.57,543.80,379.00,,
2024/07/17,280,SJLIC,34.65,419.3,434.0,419.1,426.4,426.40,0.0,0.0,427.36,"6,106.00",424.00,"2,609,486.00",98,2.4,14.9,0.57,3.56,-0.23,520.80,390.00,439.13,444.90
2022/02/15,280,SJLIC,34.65,419.3,434.0,419.1,426.4,426.40,0.0,0.0,427.36,"6,106.00",424.00,"2,609,486.00",98,2.4,14.9,0.57,3.56,-0.23,520.80,390.00,439.13,444.90
2022/01/06,280,SJLIC,34.65,419.3,434.0,419.1,426.4,426.40,0.0,0.0,427.36,"6,106.00",424.00,"2,609,486.00",98,2.4,14.9,0.57,3.56,-0.23,520.80,390.00,439.13,444.90
2021/10/19,280,SJLIC,34.65,419.3,434.0,419.1,426.4,426.40,0.0,0.0,427.36,"6,106.00",424.00,"2,609,486.00",98,2.4,14.9,0.57,3.56,-0.23,520.80,390.00,439.13,444.90
2021/09/10,280,SJLIC,34.65,419.3,434.0,419.1,426.4,426.40,0.0,0.0,427.36,"6,106.00",424.00,"2,609,486.00",98,2.4,14.9,0.57,3.56,-0.23,520.80,390.00,439.13,444.90
2021/06/21,280,SJLIC,34.65,419.3,434.0,419.1,426.4,426.40,0.0,0.0,427.36,"6,106.00",424.00,"2,609,486.00",98,2.4,14.9,0.57,3.56,-0.23,520.80,390.00,439.13,444.90
2021/04/03,280,SJLIC,34.65,419.3,434.0,419.1,426.4,426.40,0.0,0.0,427.36,"6,106.00",424.00,"2,609,486.00",98,2.4,14.9,0.57,3.56,-0.23,520.80,390.00,439.13,444.90
2021/02/21,280,SJLIC,34.65,419.3,434.0,419.1,426.4,426.40,0.0,0.0,427.36,"6,106.00",424.00,"2,609,486.00",98,2.4,14.9,0.57,3.56,-0.23,520.80,390.00,439.13,444.90
2021/01/13,280,SJLIC,34.65,419.3,434.0,419.1,426.4,426.40,0.0,0.0,427.36,"6,106.00",424.00,"2,609,486.00",98,2.4,14.9,0.57,3.56,-0.23,520.80,390.00,439.13,444.90
2020/12/04,280,SJLIC,34.65,419.3,434.0,419.1,426.4,426.40,0.0,0.0,427.36,"6,106.00",424.00,"2,609,486.00",98,2.4,14.9,0.57,3.56,-0.23,520.80,390.00,439.13,444.90
2020/10/25,280,SJLIC,34.65,419.3,434.0,419.1,426.4,426.40,0.0,0.0,427.36,"6,106.00",424.00,"2,609,486.00",98,2.4,14.9,0.57,3.56,-0.23,520.80,390.00,439.13,444.90
2020/09/22,280,SJLIC,34.65,419.3,434.0,419.1,426.4,426.40,0.0,0.0,427.36,"6,106.00",424.00,"2,609,486.00",98,2.4,14.9,0.57,3.56,-0.23,520.80,390.00,439.13,444.90
2020/09/23,280,SJLIC,34.65,419.3,434.0,419.1,426.4,426.40,0.0,0.0,427.36,"6,106.00",424.00,"2,609,486.00",98,2.4,14.9,0.57,3.56,-0.23,520.80,390.00,439.13,444.90
2020/09/13,280,SJLIC,34.65,419.3,434.0,419.1,426.4,426.40,0.0,0.0,427.36,"6,106.00",424.00,"2,609,486.00",98,2.4,14.9,0.57,3.56,-0.23,520.80,390.00,439.13,444.90
2020/08/05,280,SJLIC,34.65,419.3,434.0,419.1,426.4,426.40,0.0,0.0,427.36,"6,106.00",424.00,"2,609,486.00",98,2.4,14.9,0.57,3.56,-0.23,520.80,390.00,439.13,444.90
2020/06/22,280,SJLIC,34.65,419.3,434.0,419.1,426.4,426.40,0.0,0.0,427.36,"6,106.00",424.00,"2,609,486.00",98,2.4,14.9,0.57,3.56,-0.23,520.80,390.00,439.13,444.90
2020/02/15,280,SJLIC,34.65,419.3,434.0,419.1,426.4,426.40,0.0,0.0,427.36,"6,106.00",424.00,"2,609,486.00",98,2.4,14.9,0.57,3.56,-0.23,520.80,390.00,439.13,444.90
2019/11/20,280,SJLIC,34.65,419.3,434.0,419.1,426.4,426.40,0.0,0.0,427.36,"6,106.00",424.00,"2,609,486.00",98,2.4,14.9,0.57,3.56,-0.23,520.80,390.00,439.13,444.90
2019/08/25,280,SJLIC,34.65,419.3,434.0,419.1,426.4,426.40,0.0,0.0,427.36,"6,106.00",424.00,"2,609,486.00",98,2.4,14.9,0.57,3.56,-0.23,520.80,390.00,439.13,444.90
2019/06/02,280,SJLIC,34.65,419.3,434.0,419.1,426.4,426.40,0.0,0.0,427.36,"6,106.00",424.00,"2,609,486.00",98,2.4,14.9,0.57,3.56,-0.23,520.80,390.00,439.13,444.90
2019/04/21,280,SJLIC,34.65,419.3,434.0,419.1,426.4,426.40,0.0,0.0,427.36,"6,106.00",424.00,"2,609,486.00",98,2.4,14.9,0.57,3.56,-0.23,520.80,390.00,439.13,444.90
2019/03/10,280,SJLIC,34.65,419.3,434.0,419.1,426.4,426.40,0.0,0.0,427.36,"6,106.00",424.00,"2,609,486.00",98,2.4,14.9,0.57,3.56,-0.23,520.80,390.00,439.13,444.90
2018/09/19,280,SJLIC,34.65,419.3,434.0,419.1,426.4,426.40,0.0,0.0,427.36,"6,106.00",424.00,"2,609,486.00",98,2.4,14.9,0.57,3.56,-0.23,520.80,390.00,439.13,444.90
2018/12/13,280,SJLIC,34.65,419.3,434.0,419.1,426.4,426.40,0.0,0.0,427.36,"6,106.00",424.00,"2,609,486.00",98,2.4,14.9,0.57,3.56,-0.23,520.80,390.00,439.13,444.90
2019/08/19,280,SJLIC,34.65,419.3,434.0,419.1,426.4,426.40,0.0,0.0,427.36,"6,106.00",424.00,"2,609,486.00",98,2.4,14.9,0.57,3.56,-0.23,520.80,390.00,439.13,444.90
2018/05/16,280,SJLIC,34.65,419.3,434.0,419.1,426.4,426.40,0.0,0.0,427.36,"6,106.00",424.00,"2,609,486.00",98,2.4,14.9,0.57,3.56,-0.23,520.80,390.00,439.13,444.90
2018/04/06,280,SJLIC,34.65,419.3,434.0,419.1,426.4,426.40,0.0,0.0,427.36,"6,106.00",424.00,"2,609,486.00",98,2.4,14.9,0.57,3.56,-0.23,520.80,390.00,439.13,444.90
2018/02/25,280,SJLIC,34.65,419.3,434.0,419.1,426.4,426.40,0.0,0.0,427.36,"6,106.00",424.00,"2,609,486.00",98,2.4,14.9,0.57,3.56,-0.23,520.80,390.00,439.13,444.90
2017/11/16,280,SJLIC,34.65,419.3,434.0,419.1,426.4,426.40,0.0,0.0,427.36,"6,106.00",424.00,"2,609,486.00",98,2.4,14.9,0.57,3.56,-0.23,520.80,390.00,439.13,444.90
2017/10/19,280,SJLIC,34.65,419.3,434.0,419.1,426.4,426.40,0.0,0.0,427.36,"6,106.00",424.00,"2,609,486.00",98,2.4,14.9,0.57,3.56,-0.23,520.80,390.00,439.13,444.90
2017/09/06,280,SJLIC,34.65,419.3,434.0,419.1,426.4,426.40,0.0,0.0,427.36,"6,106.00",424.00,"2,609,486.00",98,2.4,14.9,0.57,3.56,-0.23,520.80,390.00,439.13,444.90
2017/06/12,280,SJLIC,34.65,419.3,434.0,419.1,426.4,426.40,0.0,0.0,427.36,"6,106.00",424.00,"2,609,486.00",98,2.4,14.9,0.57,3.56,-0.23,520.80,390.00,439.13,444.90
2017/04/30,280,SJLIC,34.65,419.3,434.0,419.1,426.4,426.40,0.0,0.0,427.36,"6,106.00",424.00,"2,609,486.00",98,2.4,14.9,0.57,3.56,-0.23,520.80,390.00,439.13,444.90
