Date,S.No,Symbol,Conf.,Open,High,Low,Close,LTP,Close - LTP,Close - LTP %,VWAP,Vol,Prev. Close,Turnover,Trans.,Diff,Range,Diff %,Range %,VWAP %,52 Weeks High,52 Weeks Low,120 Days,180 Days
2025/08/25,308,UNL,28.83,47200.0,47500.0,47200.0,47500.0,"47,500.00",0.0,0.0,"47,400.00",30.00,"47,200.00","1,422,000.00",3,300.0,300.0,0.64,0.64,0.21,"52,700.00","43,800.00",,
2025/08/26,313,UNL,36.67,47500.0,47500.0,47500.0,47500.0,"47,500.00",0.0,0.0,"47,500.00",20.00,"47,500.00","950,000.00",2,0.0,0.0,0.0,0.0,0.0,"52,700.00","43,800.00",,
2025/08/27,312,UNL,41.54,47999.0,48960.0,47999.0,48960.0,"48,960.00",0.0,0.0,"48,191.80",50.00,"47,500.00","2,409,590.00",4,"1,460.00",961.0,3.07,2.0,1.57,"52,700.00","43,800.00",,
2025/08/28,313,UNL,35.73,47980.8,47980.8,47980.8,47980.8,"47,980.80",0.0,0.0,"47,980.80",10.00,"48,960.00","479,808.00",1,-979.2,0.0,-2.0,0.0,0.0,"52,700.00","43,800.00",,
2025/08/31,312,UNL,41.12,47111.0,48000.0,47101.0,48000.0,"48,000.00",0.0,0.0,"47,553.00",40.00,"47,980.80","1,902,120.00",4,19.2,899.0,0.04,1.91,0.93,"52,700.00","43,800.00",,
2025/09/01,317,UNL,38.52,48000.0,48000.0,48000.0,48000.0,"48,000.00",0.0,0.0,"48,043.81",21.00,"48,000.00","1,008,920.00",3,0.0,0.0,0.0,0.0,-0.09,"52,700.00","43,800.00",,
2025/09/02,315,UNL,43.71,47600.0,48000.0,47500.0,47700.0,"47,700.00",0.0,0.0,"47,637.50",80.00,"48,000.00","3,811,000.00",7,-300.0,500.0,-0.63,1.05,0.13,"52,700.00","43,800.00",,
2025/09/03,317,UNL,28.21,47805.0,47805.0,47801.0,47801.0,"47,801.00",0.0,0.0,"47,802.40",50.00,"47,700.00","2,390,120.00",3,101.0,4.0,0.21,0.01,0.0,"52,700.00","43,800.00",,
2025/09/04,308,UNL,19.36,47801.0,47801.0,47801.0,47801.0,"47,801.00",0.0,0.0,"48,363.60",5.00,"47,801.00","241,818.00",3,0.0,0.0,0.0,0.0,-1.18,"52,700.00","43,800.00",,
2025/09/07,325,UNL,30.25,48499.8,48499.8,48000.0,48000.0,"48,000.00",0.0,0.0,"48,083.30",60.00,"47,801.00","2,884,998.00",6,199.0,499.8,0.42,1.04,-0.17,"52,700.00","43,800.00",,
2025/09/08,311,UNL,26.18,48000.0,48003.1,48000.0,48003.1,"48,003.10",0.0,0.0,"48,036.66",23.00,"48,000.00","1,104,843.20",4,3.1,3.1,0.01,0.01,-0.07,"52,700.00","43,800.00",,
2025/09/18,231,UNL,18.64,47043.1,47043.1,47043.1,47043.1,"47,043.10",0.0,0.0,"47,043.10",10.00,"48,003.10","470,431.00",1,-960.0,0.0,-2.0,0.0,0.0,"52,700.00","43,800.00",,
2025/09/21,320,UNL,26.57,46700.0,47800.0,46500.0,47800.0,"47,800.00",0.0,0.0,"47,039.80",100.00,"47,043.10","4,703,980.00",10,756.9,"1,300.00",1.61,2.8,1.59,"52,700.00","43,800.00",,
2025/09/23,319,UNL,21.75,47500.0,47790.0,47500.0,47790.0,"47,790.00",0.0,0.0,"47,645.00",20.00,"47,800.00","952,900.00",2,-10.00,290.0,-0.02,0.61,0.3,"52,700.00","43,800.00",,
2025/09/24,308,UNL,44.33,48745.0,49738.9,48745.0,49737.0,"49,737.00",0.0,0.0,"49,474.33",140.00,"47,790.00","6,926,406.00",12,"1,947.00",993.9,4.07,2.04,0.53,"52,700.00","43,800.00",,
2025/09/25,318,UNL,42.53,49737.0,49737.0,48743.0,48743.0,"48,743.00",0.0,0.0,"48,839.32",124.00,"49,737.00","6,056,075.30",15,-994.0,994.0,-2.0,2.04,-0.2,"52,700.00","43,800.00","46,878.82","46,697.07"
2025/07/30,318,UNL,33.33,49250.0,49250.0,49250.0,49250.0,"49,250.00",0.0,0.0,"49,250.00",10.00,"49,000.50","492,500.00",1,249.5,0.0,0.51,0.0,0.0,"54,100.00","43,800.00",,
2025/07/31,309,UNL,38.1,48265.0,48450.0,47500.0,48450.0,"48,450.00",0.0,0.0,"48,043.00",50.00,"49,250.00","2,402,150.00",5,-800.0,950.0,-1.62,2.0,0.84,"52,999.00","43,800.00",,
2025/08/04,316,UNL,29.97,48450.0,48450.0,47602.0,47900.5,"47,602.00",298.5,0.01,"48,098.57",46.00,"48,450.00","2,212,534.00",5,-549.5,848.0,-1.13,1.78,-0.41,"52,999.00","43,800.00",,
2025/08/05,316,UNL,28.72,47900.5,48000.0,47900.0,48000.0,"48,000.00",0.0,0.0,"47,976.19",21.00,"47,900.50","1,007,500.00",3,99.5,100.0,0.21,0.21,0.05,"52,999.00","43,800.00",,
2025/08/06,311,UNL,34.21,47050.0,47500.0,46105.1,46700.0,"46,700.00",0.0,0.0,"46,853.51",292.00,"48,000.00","13,681,223.90",29,"-1,300.00","1,394.90",-2.71,3.03,-0.33,"52,999.00","43,800.00",,
2025/08/07,309,UNL,30.48,47500.0,47600.0,46650.0,46705.0,"46,705.00",0.0,0.0,"47,037.04",111.00,"46,700.00","5,221,111.00",12,5.0,950.0,0.01,2.04,-0.71,"52,999.00","43,800.00",,
2025/08/11,315,UNL,29.31,46600.0,46600.0,46050.0,46050.0,"46,050.00",0.0,0.0,"46,257.63",80.00,"46,705.00","3,700,610.00",7,-655.0,550.0,-1.4,1.19,-0.45,"52,999.00","43,800.00",,
2025/08/12,314,UNL,26.19,46970.0,47900.0,46970.0,47000.0,"47,000.00",0.0,0.0,"47,162.20",50.00,"46,050.00","2,358,110.00",4,950.0,930.0,2.06,1.98,-0.35,"52,700.00","43,800.00",,
2025/08/13,312,UNL,36.09,47000.0,47000.0,46101.0,47000.0,"47,000.00",0.0,0.0,"46,500.62",50.00,"47,000.00","2,325,031.00",5,0.0,899.0,0.0,1.95,1.06,"52,700.00","43,800.00",,
2025/08/14,311,UNL,43.61,47100.0,47900.0,47100.0,47900.0,"47,900.00",0.0,0.0,"47,584.44",90.00,"47,000.00","4,282,600.00",7,900.0,800.0,1.91,1.7,0.66,"52,700.00","43,800.00",,
2025/08/17,308,UNL,41.39,48800.0,48840.0,47864.0,47864.0,"47,864.00",0.0,0.0,"48,501.33",30.00,"47,900.00","1,455,040.00",3,-36.0,976.0,-0.08,2.04,-1.33,"52,700.00","43,800.00",,
2025/08/19,307,UNL,36.24,47500.0,47500.0,47500.0,47500.0,"47,500.00",0.0,0.0,"47,500.00",10.00,"47,864.00","475,000.00",1,-364.0,0.0,-0.76,0.0,0.0,"52,700.00","43,800.00",,
2025/08/20,314,UNL,32.41,47500.0,47500.0,47500.0,47500.0,"47,500.00",0.0,0.0,"47,001.00",1.00,"47,500.00","47,001.00",1,0.0,0.0,0.0,0.0,1.05,"52,700.00","43,800.00",,
2025/08/21,310,UNL,19.3,47200.0,47200.0,47200.0,47200.0,"47,200.00",0.0,0.0,"47,200.00",10.00,"47,500.00","472,000.00",1,-300.0,0.0,-0.63,0.0,0.0,"52,700.00","43,800.00",,
2025/07/07,302,UNL,18.5,46010.0,46010.0,46010.0,46010.0,"46,010.00",0.0,0.0,"46,010.00",10.00,"45,994.33","460,100.00",1,15.67,0.0,0.03,0.0,0.0,"56,805.80","43,022.00",,
2025/07/08,295,UNL,38.16,46300.0,46300.0,46299.0,46299.0,"46,299.00",0.0,0.0,"46,299.50",20.00,"46,010.00","925,990.00",2,289.0,1.0,0.63,0.0,0.0,"56,805.80","43,022.00",,
2025/07/09,307,UNL,32.98,46888.0,46888.0,46888.0,46888.0,"46,888.00",0.0,0.0,"46,888.00",10.00,"46,299.00","468,880.00",1,589.0,0.0,1.27,0.0,0.0,"56,805.80","43,022.00",,
2025/07/10,303,UNL,27.34,46010.0,46010.0,46000.0,46000.0,"46,000.00",0.0,0.0,"46,002.60",50.00,"46,888.00","2,300,130.00",5,-888.0,10.0,-1.89,0.02,-0.01,"56,805.80","43,022.00",,
2025/07/13,301,UNL,39.77,46920.0,46950.0,46001.0,46001.0,"46,001.00",0.0,0.0,"46,295.38",110.00,"46,000.00","5,092,492.00",10,1.0,949.0,0.0,2.06,-0.64,"56,805.80","43,022.00",,
2025/07/14,311,UNL,35.31,46014.0,46014.0,46000.0,46000.0,"46,000.00",0.0,0.0,"46,008.20",50.00,"46,001.00","2,300,410.00",5,-1.0,14.00,0.0,0.03,-0.02,"56,805.80","43,022.00",,
2025/07/15,307,UNL,29.43,46000.0,46308.0,45201.0,45415.55,"45,201.00",214.55,0.0,"45,472.63",217.00,"46,000.00","9,867,561.70",17,-584.45,"1,107.00",-1.27,2.45,-0.13,"56,805.80","43,022.00",,
2025/07/16,321,UNL,23.22,46300.0,46887.0,46300.0,46340.0,"46,340.00",0.0,0.0,"46,456.75",40.00,"45,415.55","1,858,270.00",3,924.45,587.0,2.04,1.27,-0.25,"56,805.80","43,800.00",,
2025/07/17,302,UNL,41.0,47150.0,47150.0,46900.0,46900.0,"46,900.00",0.0,0.0,"47,012.50",40.00,"46,340.00","1,880,500.00",4,560.0,250.00,1.21,0.53,-0.24,"56,805.80","43,800.00",,
2025/07/20,307,UNL,42.31,46900.0,46900.0,46700.0,46700.0,"46,700.00",0.0,0.0,"46,820.00",50.00,"46,900.00","2,341,000.00",4,-200.0,200.0,-0.43,0.43,-0.26,"56,805.80","43,800.00",,
2025/07/21,302,UNL,41.23,46666.6,46666.6,46500.1,46500.1,"46,500.10",0.0,0.0,"46,568.91",70.00,"46,700.00","3,259,824.00",5,-199.9,166.5,-0.43,0.36,-0.15,"56,805.80","43,800.00",,
2025/07/22,310,UNL,44.52,46980.0,47430.1,46500.0,47430.1,"47,430.10",0.0,0.0,"46,973.37",60.00,"46,500.10","2,818,402.00",6,930.0,930.1,2.0,2.0,0.96,"56,668.00","43,800.00",,
2025/07/23,310,UNL,51.67,47430.1,48900.0,47430.1,48900.0,"48,900.00",0.0,0.0,"48,617.58",146.00,"47,430.10","7,098,167.00",12,"1,469.90","1,469.90",3.1,3.1,0.58,"56,181.60","43,800.00",,
2025/07/24,319,UNL,46.27,47926.0,48200.0,47926.0,48200.0,"48,200.00",0.0,0.0,"48,063.00",20.00,"48,900.00","961,260.00",2,-700.0,274.0,-1.43,0.57,0.28,"56,181.60","43,800.00",,
2025/07/27,314,UNL,48.7,47500.0,48450.0,47500.0,47800.0,"47,800.00",0.0,0.0,"47,924.83",60.00,"48,200.00","2,875,490.00",6,-400.0,950.0,-0.83,2.0,-0.26,"55,920.00","43,800.00",,
2025/07/28,312,UNL,46.85,48755.9,48756.0,48755.9,48755.96,"48,756.00",-0.04,0.0,"48,560.40",38.00,"47,800.00","1,845,295.10",6,955.96,0.1,2.0,0.0,0.4,"55,920.00","43,800.00",,
2025/06/12,302,UNL,43.38,46065.0,46800.0,46063.0,46800.0,"46,800.00",0.0,0.0,"46,331.83",60.00,"46,998.00","2,779,910.00",6,-198.0,737.0,-0.42,1.6,1.0,"56,805.80","43,022.00",,
2025/06/16,309,UNL,33.6,46002.1,46920.0,46002.1,46431.15,"46,401.00",30.15,0.0,"46,222.24",140.00,"46,800.00","6,471,112.90",17,-368.85,917.9,-0.79,2.0,0.45,"56,805.80","43,022.00",,
2025/06/17,297,UNL,39.33,46100.2,47031.0,46100.2,46121.27,"46,127.70",-6.43,0.0,"46,100.38",227.00,"46,431.15","10,464,785.60",27,-309.88,930.8,-0.67,2.02,0.05,"56,805.80","43,022.00",,
2025/06/18,304,UNL,27.08,47043.0,47043.0,46121.0,46121.0,"46,121.00",0.0,0.0,"46,327.52",66.00,"46,121.27","3,057,616.00",5,-0.27,922.0,0.0,2.0,-0.45,"56,805.80","43,022.00",,
2025/06/19,305,UNL,32.16,47043.4,47900.0,45990.0,46188.0,"46,250.00",-62.0,0.0,"46,382.62",440.00,"46,121.00","20,408,354.00",29,67.0,"1,910.00",0.15,4.15,-0.42,"56,805.80","43,022.00",,
2025/06/22,301,UNL,32.35,47100.0,47100.0,45700.0,46200.0,"46,200.00",0.0,0.0,"46,128.15",390.00,"46,188.00","17,989,980.00",21,12.0,"1,400.00",0.03,3.06,0.16,"56,805.80","43,022.00",,
2025/06/23,316,UNL,32.7,47100.0,47100.0,45000.0,45601.3,"45,601.30",0.0,0.0,"45,292.57","1,108.00","46,200.00","50,184,164.00",25,-598.7,"2,100.00",-1.3,4.67,0.68,"56,805.80","43,022.00",,
2025/06/24,307,UNL,40.28,45013.0,46716.0,45013.0,46716.0,"46,716.00",0.0,0.0,"45,843.00",30.00,"45,601.30","1,375,290.00",3,"1,114.70","1,703.00",2.44,3.78,1.87,"56,805.80","43,022.00",,
2025/06/25,302,UNL,33.73,46000.0,46000.0,45790.0,46000.0,"46,000.00",0.0,0.0,"45,952.27",44.00,"46,716.00","2,021,900.00",4,-716.0,210.0,-1.53,0.46,0.1,"56,805.80","43,022.00",,
2025/06/26,318,UNL,42.53,49737.0,49737.0,48743.0,48743.0,"48,743.00",0.0,0.0,"48,839.32",124.00,"49,737.00","6,056,075.30",15,-994.0,994.0,-2.0,2.04,-0.2,"52,700.00","43,800.00","46,878.82","46,697.07"
2025/06/29,319,UNL,28.16,45950.3,45950.3,45032.0,45250.0,"45,250.00",0.0,0.0,"45,623.04",50.00,"46,888.00","2,281,152.00",5,"-1,638.00",918.3,-3.49,2.04,-0.82,"56,805.80","43,022.00",,
2025/06/30,309,UNL,38.51,46155.0,47000.0,45450.0,47000.0,"47,000.00",0.0,0.0,"45,977.50",60.00,"45,250.00","2,758,650.00",6,"1,750.00","1,550.00",3.87,3.41,2.18,"56,805.80","43,022.00",,
2025/07/01,300,UNL,29.06,46060.0,46060.0,45500.0,46000.0,"46,000.00",0.0,0.0,"45,848.89",90.00,"47,000.00","4,126,400.00",9,"-1,000.00",560.0,-2.13,1.23,0.33,"56,805.80","43,022.00",,
2025/07/02,308,UNL,35.39,46790.0,46790.0,46001.0,46700.0,"46,700.00",0.0,0.0,"46,497.00",30.00,"46,000.00","1,394,910.00",3,700.0,789.0,1.52,1.72,0.43,"56,805.80","43,022.00",,
2025/05/18,300,UNL,36.35,47225.0,47225.0,46305.0,46305.0,"46,305.00",0.0,0.0,"46,676.67",30.00,"46,300.00","1,400,300.00",3,5.0,920.0,0.01,1.99,-0.8,"56,805.80","39,351.00",,
2025/05/19,315,UNL,44.49,47230.0,47980.0,46505.0,46505.0,"46,505.00",0.0,0.0,"47,023.18",66.00,"46,305.00","3,103,530.00",6,200.0,"1,475.00",0.43,3.17,-1.11,"56,805.80","39,351.00",,
2025/05/21,318,UNL,42.53,49737.0,49737.0,48743.0,48743.0,"48,743.00",0.0,0.0,"48,839.32",124.00,"49,737.00","6,056,075.30",15,-994.0,994.0,-2.0,2.04,-0.2,"52,700.00","43,800.00","46,878.82","46,697.07"
2025/05/22,305,UNL,43.6,48450.0,48450.0,46700.0,46700.25,"46,700.00",0.25,0.0,"47,122.17",60.00,"48,098.00","2,827,330.00",6,"-1,397.75","1,750.00",-2.91,3.75,-0.9,"56,805.80","39,351.00",,
2025/05/25,305,UNL,40.72,46717.0,46717.0,46714.0,46714.0,"46,714.00",0.0,0.0,"46,715.67",30.00,"46,700.25","1,401,470.00",3,13.75,3.0,0.03,0.01,0.0,"56,805.80","39,351.00",,
2025/05/26,328,UNL,42.78,47648.0,47648.0,46705.0,46706.0,"46,706.00",0.0,0.0,"46,941.50",40.00,"46,714.00","1,877,660.00",4,-8.0,943.0,-0.02,2.02,-0.5,"56,805.80","39,351.00",,
2025/05/27,309,UNL,47.79,47637.0,47637.0,46687.0,46687.0,"46,687.00",0.0,0.0,"46,827.29",70.00,"46,706.00","3,277,910.00",4,-19.0,950.0,-0.04,2.03,-0.3,"56,805.80","39,351.00",,
2025/05/28,313,UNL,23.18,47620.0,47620.0,47620.0,47620.0,"47,620.00",0.0,0.0,"47,620.00",10.00,"46,687.00","476,200.00",1,933.0,0.0,2.0,0.0,0.0,"56,805.80","40,138.00",,
2025/06/02,305,UNL,31.78,48572.0,48572.0,46730.0,46730.0,"46,730.00",0.0,0.0,"47,408.50",40.00,"47,620.00","1,896,340.00",4,-890.0,"1,842.00",-1.87,3.94,-1.45,"56,805.80","41,161.00",,
2025/06/03,306,UNL,31.35,46500.0,46500.0,46500.0,46500.0,"46,500.00",0.0,0.0,"46,500.00",20.00,"46,730.00","930,000.00",2,-230.0,0.0,-0.49,0.0,0.0,"56,805.80","41,161.00",,
2025/06/04,304,UNL,29.63,46201.0,46923.0,46003.0,46923.0,"46,923.00",0.0,0.0,"46,222.67",60.00,"46,500.00","2,773,360.00",6,423.0,920.0,0.91,2.0,1.49,"56,805.80","42,952.00",,
2025/06/05,302,UNL,27.2,46923.0,46923.0,46500.0,46500.0,"46,500.00",0.0,0.0,"46,711.50",40.00,"46,923.00","1,868,460.00",4,-423.0,423.0,-0.9,0.91,-0.45,"56,805.80","43,022.00",,
2025/06/08,304,UNL,22.48,47398.0,47398.0,47398.0,47398.0,"47,398.00",0.0,0.0,"47,398.00",10.00,"46,500.00","473,980.00",1,898.0,0.0,1.93,0.0,0.0,"56,805.80","43,022.00",,
2025/06/09,315,UNL,24.78,46455.1,46455.1,46455.1,46455.1,"46,455.10",0.0,0.0,"46,455.10",10.00,"47,398.00","464,551.00",1,-942.9,0.0,-1.99,0.0,0.0,"56,805.80","43,022.00",,
2025/06/10,302,UNL,32.95,46455.0,46455.0,46200.0,46200.0,"46,200.00",0.0,0.0,"46,342.35",85.00,"46,455.10","3,939,100.00",7,-255.1,255.0,-0.55,0.55,-0.31,"56,805.80","43,022.00",,
2024/08/12,329,UNL,56.73,51000.0,51000.0,49980.0,49999.0,"49,999.00",0.0,0.0,"50,059.00",500.00,"50,000.00","25,029,499.00",47,-1.0,"1,020.00",0.0,2.04,-0.12,"56,805.80","34,450.00",,
2024/09/09,318,UNL,59.06,51487.3,51487.3,51455.0,51455.0,"51,455.00",0.0,0.0,"51,459.61",70.00,"52,538.00","3,602,173.00",2,"-1,083.00",32.3,-2.06,0.06,-0.01,"56,805.80","34,450.00",,
2024/10/07,296,UNL,-,51646.0,51646.0,50020.1,50760.0,"50,760.00",0.0,0.0,"50,419.73",260.00,"52,700.00","13,109,131.00",20,"-1,940.00","1,625.90",-3.68,3.25,0.67,"56,805.80","34,674.00",,
2024/11/10,316,UNL,-,47600.0,48928.9,47600.0,48000.0,"48,000.00",0.0,0.0,"48,225.56",50.00,"48,000.00","2,411,278.00",5,0.0,"1,328.90",0.0,2.79,-0.47,"56,805.80","37,400.00",,
2024/12/04,311,UNL,35.74,46500.0,46800.0,46500.0,46800.0,"46,800.00",0.0,0.0,"46,650.00",20.00,"46,501.00","933,000.00",2,299.0,300.0,0.64,0.65,0.32,"56,805.80","37,400.00",,
2025/01/01,296,UNL,30.8,45000.0,45000.0,45000.0,45000.0,"45,000.00",0.0,0.0,"45,000.00",100.00,"45,500.00","4,500,000.00",9,-500.0,0.0,-1.1,0.0,0.0,"56,805.80","38,300.00",,
2025/01/27,303,UNL,38.91,46000.0,46000.0,46000.0,46000.0,"46,000.00",0.0,0.0,"46,000.00",110.00,"46,200.00","5,060,000.00",7,-200.00,0.00,-0.43,0.0,0.0,"56,805.80","38,300.00",,
2025/02/24,301,UNL,33.46,47000.0,47938.0,46500.0,46500.0,"46,500.00",0.0,0.0,"46,910.27",75.00,"46,500.00","3,518,270.00",6,0.00,"1,438.00",0.0,3.09,-0.88,"56,805.80","38,400.00",,
2025/03/23,308,UNL,38.56,46015.0,46900.0,46015.0,46900.0,"46,900.00",0.0,0.0,"46,478.57",21.00,"46,601.00","976,050.00",3,299.0,885.0,0.64,1.92,0.9,"56,805.80","38,400.00",,
2025/04/20,319,UNL,44.87,46502.0,47500.0,46502.0,47500.0,"47,500.00",0.0,0.0,"47,050.32",60.00,"47,300.00","2,823,019.00",6,200.00,998.0,0.42,2.15,0.95,"56,805.80","38,400.00",,
2025/05/15,311,UNL,27.36,46300.0,46300.0,46300.0,46300.0,"46,300.00",0.0,0.0,"46,300.00",37.00,"46,250.00","1,713,100.00",3,50.0,0.0,0.11,0.0,0.0,"56,805.80","39,000.00",,
2025/06/11,298,UNL,35.97,45285.4,46998.0,45285.1,46998.0,"46,998.00",0.0,0.0,"45,899.20",190.00,"46,200.00","8,720,848.00",19,798.0,"1,712.90",1.73,3.78,2.34,"56,805.80","43,022.00",,
2025/07/06,309,UNL,40.12,46050.0,46050.0,45990.0,45994.33,"45,990.00",4.33,0.0,"46,005.89",56.00,"46,700.00","2,576,330.00",5,-705.67,60.0,-1.51,0.13,-0.03,"56,805.80","43,022.00",,
2025/07/29,312,UNL,45.21,49731.0,50724.0,49000.0,49000.5,"49,000.00",0.5,0.0,"49,672.94",70.00,"48,755.96","3,477,106.00",7,244.54,"1,724.00",0.5,3.52,-1.37,"54,100.00","43,800.00",,
2025/04/21,310,UNL,42.44,47000.0,47398.0,46901.1,47000.0,"47,000.00",0.0,0.0,"47,074.78",40.00,"47,500.00","1,882,991.00",4,-500.0,496.9,-1.05,1.06,-0.16,"56,805.80","38,400.00",,
2025/04/22,310,UNL,41.99,46061.0,46500.0,46061.0,46500.0,"46,500.00",0.0,0.0,"46,280.50",20.00,"47,000.00","925,610.00",2,-500.0,439.0,-1.06,0.95,0.47,"56,805.80","38,400.00",,
2025/04/23,299,UNL,42.47,47348.0,47348.0,46403.0,46551.5,"46,403.00",148.5,0.0,"46,817.00",30.00,"46,500.00","1,404,510.00",3,51.5,945.0,0.11,2.04,-0.57,"56,805.80","38,400.00",,
2025/04/24,299,UNL,25.29,46551.5,46551.5,46551.5,46551.5,"46,551.50",0.0,0.0,"46,551.50",10.00,"46,551.50","465,515.00",1,0.0,0.0,0.0,0.0,0.0,"56,805.80","38,400.00",,
2025/04/27,305,UNL,29.93,46500.0,46990.0,46500.0,46990.0,"46,990.00",0.0,0.0,"46,581.67",60.00,"46,551.50","2,794,900.00",6,438.5,490.0,0.94,1.05,0.87,"56,805.80","38,400.00",,
2025/04/28,318,UNL,30.32,46500.0,46650.0,46500.0,46500.0,"46,500.00",0.0,0.0,"46,550.00",50.00,"46,990.00","2,327,500.00",5,-490.0,150.0,-1.04,0.32,-0.11,"56,805.80","38,400.00",,
2025/05/04,313,UNL,41.37,47420.0,47420.0,47325.0,47390.0,"47,390.00",0.0,0.0,"47,366.73",110.00,"46,500.00","5,210,340.00",6,890.0,95.0,1.91,0.2,0.05,"56,805.80","38,400.00",,
2025/05/05,310,UNL,25.23,46510.0,46510.0,46444.0,46444.0,"46,444.00",0.0,0.0,"46,484.67",30.00,"47,390.00","1,394,540.00",3,-946.0,66.0,-2.0,0.14,-0.09,"56,805.80","38,400.00",,
2025/05/06,309,UNL,33.35,46600.0,46600.0,46600.0,46600.0,"46,600.00",0.0,0.0,"46,600.00",10.00,"46,444.00","466,000.00",1,156.0,0.0,0.34,0.0,0.0,"56,805.80","38,400.00",,
2025/05/07,299,UNL,31.59,46500.0,46501.0,46500.0,46500.0,"46,500.00",0.0,0.0,"46,500.20",50.00,"46,600.00","2,325,010.00",3,-100.0,1.0,-0.21,0.0,0.0,"56,805.80","38,400.00",,
2025/05/08,305,UNL,40.2,47430.0,47430.0,46900.0,46900.0,"46,900.00",0.0,0.0,"47,165.00",20.00,"46,500.00","943,300.00",2,400.0,530.0,0.86,1.13,-0.57,"56,805.80","38,400.00",,
2025/05/11,291,UNL,27.65,46500.0,46900.0,46400.0,46400.0,"46,400.00",0.0,0.0,"46,516.67",60.00,"46,900.00","2,791,000.00",6,-500.0,500.0,-1.07,1.08,-0.25,"56,805.80","39,000.00",,
2025/05/13,305,UNL,27.35,46400.0,46400.0,46050.0,46250.0,"46,200.00",50.0,0.0,"46,200.00",50.00,"46,400.00","2,310,000.00",5,-150.0,350.0,-0.32,0.76,0.11,"56,805.80","39,000.00",,
2025/03/24,317,UNL,30.8,46500.0,46500.0,46500.0,46500.0,"46,500.00",0.0,0.0,"46,500.00",19.00,"46,900.00","883,500.00",1,-400.0,0.0,-0.85,0.0,0.0,"56,805.80","38,400.00",,
2025/03/25,316,UNL,39.78,45600.0,46200.0,45600.0,46200.0,"46,200.00",0.0,0.0,"45,966.67",30.00,"46,500.00","1,379,000.00",3,-300.0,600.0,-0.65,1.32,0.51,"56,805.80","38,400.00",,
2025/03/26,318,UNL,42.53,49737.0,49737.0,48743.0,48743.0,"48,743.00",0.0,0.0,"48,839.32",124.00,"49,737.00","6,056,075.30",15,-994.0,994.0,-2.0,2.04,-0.2,"52,700.00","43,800.00","46,878.82","46,697.07"
2025/03/27,300,UNL,25.17,45800.0,46002.0,45751.0,46002.0,"46,002.00",0.0,0.0,"45,830.60",50.00,"46,001.00","2,291,530.00",5,1.0,251.0,0.0,0.55,0.37,"56,805.80","38,400.00",,
2025/03/30,314,UNL,21.5,46000.0,46003.0,46000.0,46003.0,"46,003.00",0.0,0.0,"46,001.67",30.00,"46,002.00","1,380,050.00",3,1.0,3.0,0.0,0.01,0.0,"56,805.80","38,400.00",,
2025/04/01,310,UNL,40.83,46000.0,47480.0,46000.0,46550.0,"46,550.00",0.0,0.0,"46,762.00",50.00,"46,003.00","2,338,100.00",5,547.00,"1,480.00",1.19,3.22,-0.46,"56,805.80","38,400.00",,
2025/04/02,309,UNL,33.81,46500.0,46500.0,46005.0,46005.0,"46,005.00",0.0,0.0,"46,252.50",20.00,"46,550.00","925,050.00",2,-545.00,495.00,-1.17,1.08,-0.54,"56,805.80","38,400.00",,
2025/04/03,315,UNL,38.44,46350.0,46350.0,46350.0,46350.0,"46,350.00",0.0,0.0,"46,350.00",10.00,"46,005.00","463,500.00",1,345.00,0.0,0.75,0.0,0.0,"56,805.80","38,400.00",,
2025/04/07,313,UNL,45.55,46350.0,46350.0,46300.0,46300.0,"46,300.00",0.0,0.0,"46,330.00",50.00,"46,350.00","2,316,500.00",4,-50.0,50.0,-0.11,0.11,-0.06,"56,805.80","38,400.00",,
2025/04/08,312,UNL,40.02,46300.0,46600.0,46000.0,46600.0,"46,600.00",0.0,0.0,"46,487.50",80.00,"46,300.00","3,719,000.00",4,300.00,600.00,0.65,1.3,0.24,"56,805.80","38,400.00",,
2025/04/09,308,UNL,43.06,46600.0,46600.0,46200.0,46200.0,"46,200.00",0.0,0.0,"46,500.00",40.00,"46,600.00","1,860,000.00",3,-400.0,400.00,-0.86,0.87,-0.65,"56,805.80","38,400.00",,
2025/04/10,312,UNL,40.26,46200.0,46500.0,46200.0,46500.0,"46,500.00",0.0,0.0,"46,336.36",22.00,"46,200.00","1,019,400.00",2,300.0,300.0,0.65,0.65,0.35,"56,805.80","38,400.00",,
2025/04/13,313,UNL,33.45,46500.0,47100.0,46500.0,46603.1,"46,603.10",0.0,0.0,"46,701.28",40.00,"46,500.00","1,868,051.00",4,103.1,600.0,0.22,1.29,-0.21,"56,805.80","38,400.00",,
2025/04/15,311,UNL,25.02,46500.0,46500.0,46450.0,46450.0,"46,450.00",0.0,0.0,"46,475.00",20.00,"46,603.10","929,500.00",2,-153.1,50.0,-0.33,0.11,-0.05,"56,805.80","38,400.00",,
2025/04/16,320,UNL,32.6,45530.0,46500.2,45530.0,46500.2,"46,500.20",0.0,0.0,"46,010.40",30.00,"46,450.00","1,380,312.00",3,50.2,970.2,0.11,2.13,1.05,"56,805.80","38,400.00",,
2025/04/17,302,UNL,41.51,46500.0,47300.0,46500.0,47300.0,"47,300.00",0.0,0.0,"46,825.00",40.00,"46,500.20","1,873,000.00",4,799.8,800.0,1.72,1.72,1.0,"56,805.80","38,400.00",,
2025/02/25,303,UNL,40.64,45571.0,46010.0,45571.0,46002.1,"46,002.10",0.0,0.0,"45,869.86",65.00,"46,500.00","2,981,541.00",5,-497.9,439.00,-1.07,0.96,0.29,"56,805.80","38,400.00",,
2025/02/27,291,UNL,32.18,46921.0,46921.0,46500.0,46500.0,"46,500.00",0.0,0.0,"46,673.67",30.00,"46,002.10","1,400,210.00",3,497.90,421.00,1.08,0.91,-0.37,"56,805.80","38,400.00",,
2025/03/02,293,UNL,43.68,47000.0,47000.0,47000.0,47000.0,"47,000.00",0.0,0.0,"47,000.00",15.00,"46,500.00","705,000.00",2,500.00,0.00,1.08,0.0,0.0,"56,805.80","38,400.00",,
2025/03/03,291,UNL,48.29,47889.0,47889.0,47000.0,47000.0,"47,000.00",0.0,0.0,"47,149.20",60.00,"47,000.00","2,828,952.00",6,0.00,889.00,0.0,1.89,-0.32,"56,805.80","38,400.00",,
2025/03/04,309,UNL,41.54,46800.0,46800.0,46800.0,46800.0,"46,800.00",0.0,0.0,"46,800.00",10.00,"47,000.00","468,000.00",1,-200.0,0.0,-0.43,0.0,0.0,"56,805.80","38,400.00",,
2025/03/05,299,UNL,39.04,46800.0,46800.0,46800.0,46800.0,"46,800.00",0.0,0.0,"46,800.00",1.00,"46,800.00","46,800.00",1,0.0,0.0,0.0,0.0,0.0,"56,805.80","38,400.00",,
2025/03/06,301,UNL,37.93,47736.0,47736.0,46000.0,46500.0,"46,500.00",0.0,0.0,"46,486.73",100.00,"46,800.00","4,648,673.00",9,-300.00,"1,736.00",-0.64,3.77,0.03,"56,805.80","38,400.00",,
2025/03/09,306,UNL,40.62,46035.0,47000.0,46000.0,47000.0,"47,000.00",0.0,0.0,"46,452.60",94.00,"46,500.00","4,366,544.00",10,500.0,"1,000.00",1.08,2.17,1.16,"56,805.80","38,400.00",,
2025/03/10,302,UNL,35.99,46500.0,47244.0,46301.0,46301.0,"46,301.00",0.0,0.0,"46,533.07",114.00,"47,000.00","5,304,770.00",10,-699.0,943.0,-1.49,2.04,-0.5,"56,805.80","38,400.00",,
2025/03/11,294,UNL,27.59,45380.0,45380.0,45380.0,45380.0,"45,380.00",0.0,0.0,"45,380.00",10.00,"46,301.00","453,800.00",1,-921.0,0.0,-1.99,0.0,0.0,"56,805.80","38,400.00",,
2025/03/12,314,UNL,30.32,45380.0,45380.0,45011.0,45011.0,"45,011.00",0.0,0.0,"45,287.75",40.00,"45,380.00","1,811,510.00",3,-369.0,369.0,-0.81,0.82,-0.61,"56,805.80","38,400.00",,
2025/03/16,307,UNL,32.81,45911.2,46590.0,45152.0,45152.0,"45,152.00",0.0,0.0,"45,423.77",120.00,"45,011.00","5,450,852.00",9,141.0,"1,438.00",0.31,3.18,-0.6,"56,805.80","38,400.00",,
2025/03/17,322,UNL,31.21,46054.0,46054.0,46054.0,46054.0,"46,054.00",0.0,0.0,"46,054.00",10.00,"45,152.00","460,540.00",1,902.0,0.0,2.0,0.0,0.0,"56,805.80","38,400.00",,
2025/03/18,304,UNL,42.15,45800.2,45951.0,45750.0,45750.0,"45,750.00",0.0,0.0,"45,846.29",48.00,"46,054.00","2,200,622.00",4,-304.0,201.0,-0.66,0.44,-0.21,"56,805.80","38,400.00",,
2025/03/19,302,UNL,43.79,46660.0,46799.0,46649.0,46799.0,"46,799.00",0.0,0.0,"46,691.60",50.00,"45,750.00","2,334,580.00",5,"1,049.00",150.0,2.29,0.32,0.23,"56,805.80","38,400.00",,
2025/03/20,303,UNL,48.06,46750.0,47000.0,46400.0,46601.0,"46,601.00",0.0,0.0,"46,703.78",116.00,"46,799.00","5,417,639.00",11,-198.0,600.0,-0.42,1.29,-0.22,"56,805.80","38,400.00",,
2025/01/28,316,UNL,24.01,46000.0,46500.0,46000.0,46500.0,"46,500.00",0.0,0.0,"46,166.67",30.00,"46,000.00","1,385,000.00",3,500.00,500.00,1.09,1.09,0.72,"56,805.80","38,300.00",,
2025/02/02,321,UNL,38.79,45600.0,46920.0,45600.0,46920.0,"46,920.00",0.0,0.0,"46,312.54",63.00,"46,500.00","2,917,690.00",6,420.0,"1,320.00",0.9,2.89,1.29,"56,805.80","38,300.00",,
2025/02/03,310,UNL,40.15,46500.0,46918.0,46000.0,46918.0,"46,918.00",0.0,0.0,"46,692.33",60.00,"46,920.00","2,801,540.00",6,-2.0,918.0,0.0,2.0,0.48,"56,805.80","38,300.00",,
2025/02/04,306,UNL,30.04,46500.0,46500.0,46500.0,46500.0,"46,500.00",0.0,0.0,"46,500.00",20.00,"46,918.00","930,000.00",2,-418.0,0.00,-0.89,0.0,0.0,"56,805.80","38,300.00",,
2025/02/05,300,UNL,25.38,45701.0,46002.0,45701.0,46002.0,"46,002.00",0.0,0.0,"45,851.50",20.00,"46,500.00","917,030.00",2,-498.0,301.00,-1.07,0.66,0.33,"56,805.80","38,300.00",,
2025/02/06,306,UNL,29.47,46500.0,46500.0,46002.0,46002.0,"46,002.00",0.0,0.0,"46,312.98",51.00,"46,002.00","2,361,962.00",4,0.0,498.0,0.0,1.08,-0.68,"56,805.80","38,300.00",,
2025/02/09,296,UNL,32.71,46922.0,46922.0,46050.0,46799.0,"46,799.00",0.0,0.0,"46,673.25",40.00,"46,002.00","1,866,930.00",4,797.0,872.0,1.73,1.89,0.27,"56,805.80","38,300.00",,
2025/02/10,313,UNL,36.4,47000.0,47000.0,46999.0,47000.0,"47,000.00",0.0,0.0,"46,999.85",65.00,"46,799.00","3,054,990.00",6,201.00,1.00,0.43,0.0,0.0,"56,805.80","38,300.00",,
2025/02/12,298,UNL,40.35,47940.0,47940.0,46800.0,47000.0,"47,000.00",0.0,0.0,"47,148.00",50.00,"47,000.00","2,357,400.00",5,0.0,"1,140.00",0.0,2.44,-0.31,"56,805.80","38,300.00",,
2025/02/13,318,UNL,42.53,49737.0,49737.0,48743.0,48743.0,"48,743.00",0.0,0.0,"48,839.32",124.00,"49,737.00","6,056,075.30",15,-994.0,994.0,-2.0,2.04,-0.2,"52,700.00","43,800.00","46,878.82","46,697.07"
2025/02/16,300,UNL,34.55,47000.0,47001.0,46501.0,47000.0,"47,000.00",0.0,0.0,"46,900.40",50.00,"47,400.00","2,345,020.00",5,-400.0,500.0,-0.84,1.08,0.21,"56,805.80","38,300.00",,
2025/02/17,293,UNL,29.66,47500.0,47500.0,47000.0,47000.0,"47,000.00",0.0,0.0,"47,166.67",30.00,"47,000.00","1,415,000.00",3,0.0,500.0,0.0,1.06,-0.35,"56,805.80","38,300.00",,
2025/02/18,305,UNL,28.94,47100.0,47100.0,47000.0,47000.0,"47,000.00",0.0,0.0,"47,050.00",20.00,"47,000.00","941,000.00",2,0.00,100.0,0.0,0.21,-0.11,"56,805.80","38,300.00",,
2025/02/20,300,UNL,29.85,46950.0,47000.0,46500.0,46500.0,"46,500.00",0.0,0.0,"46,816.83",60.00,"47,000.00","2,809,010.00",5,-500.0,500.0,-1.06,1.08,-0.68,"56,805.80","38,300.00",,
2025/01/02,306,UNL,28.62,45000.0,45000.0,44500.0,45000.0,"45,000.00",0.0,0.0,"44,722.22",45.00,"45,000.00","2,012,500.00",4,0.0,500.00,0.0,1.12,0.62,"56,805.80","38,300.00",,
2025/01/05,318,UNL,28.16,44200.0,44982.0,44100.0,44982.0,"44,982.00",0.0,0.0,"44,296.60",50.00,"45,000.00","2,214,830.00",5,-18.0,882.0,-0.04,2.0,1.52,"56,805.80","38,300.00",,
2025/01/06,303,UNL,32.43,45090.0,46000.0,45090.0,45500.0,"45,500.00",0.0,0.0,"45,422.50",40.00,"44,982.00","1,816,900.00",4,518.0,910.00,1.15,2.02,0.17,"56,805.80","38,300.00",,
2025/01/07,296,UNL,28.05,45000.0,45000.0,45000.0,45000.0,"45,000.00",0.0,0.0,"45,000.00",30.00,"45,500.00","1,350,000.00",3,-500.0,0.0,-1.1,0.0,0.0,"56,805.80","38,300.00",,
2025/01/08,296,UNL,40.57,45000.0,45050.0,45000.0,45050.0,"45,050.00",0.0,0.0,"45,016.67",60.00,"45,000.00","2,701,000.00",6,50.0,50.00,0.11,0.11,0.07,"56,805.80","38,300.00",,
2025/01/09,299,UNL,39.21,45200.0,45200.0,45050.0,45050.0,"45,050.00",0.0,0.0,"45,162.50",40.00,"45,050.00","1,806,500.00",4,0.0,150.0,0.0,0.33,-0.25,"56,805.80","38,300.00",,
2025/01/12,292,UNL,34.75,45300.0,45300.0,44600.0,44600.0,"44,600.00",0.0,0.0,"45,066.67",30.00,"45,050.00","1,352,000.00",3,-450.0,700.0,-1.0,1.57,-1.05,"56,805.80","38,300.00",,
2025/01/13,313,UNL,43.43,45492.0,45492.0,43800.0,44900.0,"44,900.00",0.0,0.0,"44,187.27",429.00,"44,600.00","18,956,340.00",15,300.0,"1,692.00",0.67,3.86,1.59,"56,805.80","38,300.00",,
2025/01/15,290,UNL,43.84,45798.0,45798.0,45798.0,45798.0,"45,798.00",0.0,0.0,"45,798.00",10.00,"44,900.00","457,980.00",1,898.0,0.0,2.0,0.0,0.0,"56,805.80","38,300.00",,
2025/01/16,287,UNL,44.45,46699.0,46699.0,44925.0,45678.0,"45,678.00",0.0,0.0,"45,767.00",40.00,"45,798.00","1,830,680.00",4,-120.00,"1,774.00",-0.26,3.95,-0.19,"56,805.80","38,300.00",,
2025/01/19,316,UNL,42.7,46580.0,46650.0,44803.0,46000.0,"46,000.00",0.0,0.0,"46,006.60",50.00,"45,678.00","2,300,330.00",5,322.00,"1,847.00",0.7,4.12,-0.01,"56,805.80","38,300.00",,
2025/01/20,302,UNL,44.54,46918.0,47856.0,46898.9,46900.0,"46,900.00",0.0,0.0,"47,023.71",80.00,"46,000.00","3,761,897.00",8,900.0,957.10,1.96,2.04,-0.26,"56,805.80","38,300.00",,
2025/01/21,302,UNL,42.87,46900.0,46900.0,46800.0,46800.0,"46,800.00",0.0,0.0,"46,883.33",60.00,"46,900.00","2,813,000.00",3,-100.0,100.0,-0.21,0.21,-0.18,"56,805.80","38,300.00",,
2025/01/22,313,UNL,45.56,46489.0,46800.0,45865.1,46782.0,"46,782.00",0.0,0.0,"46,563.94",111.00,"46,800.00","5,168,597.10",8,-18.0,934.9,-0.04,2.04,0.47,"56,805.80","38,300.00",,
2025/01/23,309,UNL,37.37,47490.0,47490.0,46000.0,46000.0,"46,000.00",0.0,0.0,"46,642.60",40.00,"46,782.00","1,865,704.00",4,-782.00,"1,490.00",-1.67,3.24,-1.4,"56,805.80","38,300.00",,
2025/01/26,309,UNL,41.03,46200.0,46200.0,46200.0,46200.0,"46,200.00",0.0,0.0,"46,264.29",35.00,"46,000.00","1,619,250.00",4,200.00,0.00,0.43,0.0,-0.14,"56,805.80","38,300.00",,
2024/12/05,298,UNL,33.31,46500.0,46500.0,46165.0,46167.0,"46,167.00",0.0,0.0,"46,279.67",60.00,"46,800.00","2,776,780.00",6,-633.0,335.0,-1.35,0.73,-0.24,"56,805.80","37,400.00",,
2024/12/08,311,UNL,37.71,46000.0,46000.0,46000.0,46000.0,"46,000.00",0.0,0.0,"46,000.00",30.00,"46,167.00","1,380,000.00",3,-167.0,0.0,-0.36,0.0,0.0,"56,805.80","37,400.00",,
2024/12/10,294,UNL,39.62,46920.0,46920.0,46920.0,46920.0,"46,920.00",0.0,0.0,"46,920.00",10.00,"46,000.00","469,200.00",1,920.0,0.0,2.0,0.0,0.0,"56,805.80","37,400.00",,
2024/12/11,299,UNL,35.84,46800.0,46800.0,46800.0,46800.0,"46,800.00",0.0,0.0,"46,800.00",10.00,"46,920.00","468,000.00",1,-120.0,0.0,-0.26,0.0,0.0,"56,805.80","37,400.00",,
2024/12/12,295,UNL,38.07,47400.0,47400.0,47400.0,47400.0,"47,400.00",0.0,0.0,"47,400.00",10.00,"46,800.00","474,000.00",1,600.0,0.0,1.28,0.0,0.0,"56,805.80","37,400.00",,
2024/12/16,295,UNL,43.11,46452.0,46452.0,45552.0,46450.0,"46,450.00",0.0,0.0,"46,151.33",30.00,"47,400.00","1,384,540.00",3,-950.0,900.0,-2.0,1.98,0.64,"56,805.80","37,450.00",,
2024/12/17,309,UNL,26.63,45600.0,46001.0,45600.0,46000.0,"46,000.00",0.0,0.0,"45,900.25",40.00,"46,450.00","1,836,010.00",4,-450.0,401.0,-0.97,0.88,0.22,"56,805.80","37,450.00",,
2024/12/19,301,UNL,21.36,46500.0,46500.0,46500.0,46500.0,"46,500.00",0.0,0.0,"46,500.00",10.00,"46,000.00","465,000.00",1,500.0,0.0,1.09,0.0,0.0,"56,805.80","38,300.00",,
2024/12/22,308,UNL,36.6,46200.0,46200.0,45500.0,45998.0,"45,998.00",0.0,0.0,"45,806.33",60.00,"46,500.00","2,748,380.00",6,-502.0,700.0,-1.08,1.54,0.42,"56,805.80","38,300.00",,
2024/12/23,318,UNL,45.22,46000.0,50597.0,46000.0,49585.1,"49,585.10",0.0,0.0,"48,156.71",100.00,"45,998.00","4,815,671.00",10,"3,587.10","4,597.00",7.8,9.99,2.88,"56,805.80","38,300.00",,
2024/12/24,303,UNL,42.94,48593.4,48593.4,46000.0,46000.0,"46,000.00",0.0,0.0,"46,697.74",100.00,"49,585.10","4,669,774.00",10,"-3,585.10","2,593.40",-7.23,5.64,-1.52,"56,805.80","38,300.00",,
2024/12/26,301,UNL,32.39,46000.0,46000.0,46000.0,46000.0,"46,000.00",0.0,0.0,"46,000.00",120.00,"46,000.00","5,520,000.00",12,0.0,0.0,0.0,0.0,0.0,"56,805.80","38,300.00",,
2024/12/29,307,UNL,34.71,46000.0,46000.0,45750.0,45750.0,"45,750.00",0.0,0.0,"45,937.50",40.00,"46,000.00","1,837,500.00",4,-250.0,250.0,-0.54,0.55,-0.41,"56,805.80","38,300.00",,
2024/12/31,299,UNL,33.9,45001.0,45500.0,44900.0,45500.0,"45,500.00",0.0,0.0,"45,144.18",170.00,"45,750.00","7,674,510.00",15,-250.00,600.00,-0.55,1.34,0.78,"56,805.80","38,300.00",,
2024/11/11,293,UNL,-,48200.1,48530.0,48000.0,48000.0,"48,000.00",0.0,0.0,"48,164.11",100.00,"48,000.00","4,816,411.00",10,0.0,530.0,0.0,1.1,-0.34,"56,805.80","37,400.00",,
2024/11/12,303,UNL,-,48600.0,48750.0,48000.0,48000.0,"48,000.00",0.0,0.0,"48,165.10",100.00,"48,000.00","4,816,510.00",9,0.0,750.0,0.0,1.56,-0.34,"56,805.80","37,400.00",,
2024/11/13,299,UNL,42.17,47600.0,47980.8,47040.0,47300.0,"47,300.00",0.0,0.0,"47,281.08",316.00,"48,000.00","14,940,821.60",27,-700.0,940.8,-1.46,2.0,0.04,"56,805.80","37,400.00",,
2024/11/14,312,UNL,37.66,47000.0,47500.0,46411.0,47000.0,"47,000.00",0.0,0.0,"47,267.92",120.00,"47,300.00","5,672,150.00",11,-300.0,"1,089.00",-0.63,2.35,-0.57,"56,805.80","37,400.00",,
2024/11/17,317,UNL,36.01,47799.9,47799.9,46500.0,46600.0,"46,600.00",0.0,0.0,"46,754.41",172.00,"47,000.00","8,041,759.00",15,-400.0,"1,299.90",-0.85,2.8,-0.33,"56,805.80","37,400.00",,
2024/11/19,301,UNL,30.92,47200.0,47200.0,47174.9,47174.9,"47,174.90",0.0,0.0,"47,191.63",30.00,"46,600.00","1,415,749.00",3,574.9,25.1,1.23,0.05,-0.04,"56,805.80","37,400.00",,
2024/11/20,314,UNL,31.01,46996.7,46996.7,46700.0,46700.0,"46,700.00",0.0,0.0,"46,897.73",30.00,"47,174.90","1,406,932.00",3,-474.9,296.7,-1.01,0.64,-0.42,"56,805.80","37,400.00",,
2024/11/21,305,UNL,33.09,46700.0,46700.0,46000.0,46000.0,"46,000.00",0.0,0.0,"46,140.00",50.00,"46,700.00","2,307,000.00",3,-700.0,700.0,-1.5,1.52,-0.3,"56,805.80","37,400.00",,
2024/11/24,313,UNL,43.81,46890.0,47500.0,46890.0,46999.0,"46,999.00",0.0,0.0,"47,194.75",40.00,"46,000.00","1,887,790.00",4,999.0,610.0,2.17,1.3,-0.42,"56,805.80","37,400.00",,
2024/11/25,300,UNL,43.38,47938.6,47938.6,46250.0,46500.0,"46,500.00",0.0,0.0,"46,963.59",156.00,"46,999.00","7,326,319.60",12,-499.0,"1,688.60",-1.06,3.65,-1.0,"56,805.80","37,400.00",,
2024/11/26,303,UNL,35.5,46500.0,47000.0,46500.0,46800.0,"46,800.00",0.0,0.0,"46,871.41",70.00,"46,500.00","3,280,999.00",7,300.0,500.0,0.65,1.08,-0.15,"56,805.80","37,400.00",,
2024/11/27,307,UNL,47.5,47400.0,47500.0,46700.0,47000.0,"47,000.00",0.0,0.0,"46,961.62",130.00,"46,800.00","6,105,010.00",11,200.0,800.0,0.43,1.71,0.08,"56,805.80","37,400.00",,
2024/11/28,298,UNL,42.01,46710.0,46950.0,46600.0,46950.0,"46,950.00",0.0,0.0,"46,743.33",60.00,"47,000.00","2,804,600.00",5,-50.0,350.0,-0.11,0.75,0.44,"56,805.80","37,400.00",,
2024/12/01,305,UNL,33.16,46013.0,46013.0,45100.0,46010.0,"46,010.00",0.0,0.0,"45,511.77",130.00,"46,950.00","5,916,530.00",9,-940.0,913.0,-2.0,2.02,1.08,"56,805.80","37,400.00",,
2024/12/02,305,UNL,35.35,46500.0,46500.0,46500.0,46500.0,"46,500.00",0.0,0.0,"46,500.00",10.00,"46,010.00","465,000.00",1,490.0,0.0,1.06,0.0,0.0,"56,805.80","37,400.00",,
2024/12/03,298,UNL,36.18,46500.0,46900.0,46500.0,46501.0,"46,501.00",0.0,0.0,"46,680.20",50.00,"46,500.00","2,334,010.00",5,1.0,400.0,0.0,0.86,-0.39,"56,805.80","37,400.00",,
2024/10/08,318,UNL,42.53,49737.0,49737.0,48743.0,48743.0,"48,743.00",0.0,0.0,"48,839.32",124.00,"49,737.00","6,056,075.30",15,-994.0,994.0,-2.0,2.04,-0.2,"52,700.00","43,800.00","46,878.82","46,697.07"
2024/10/09,285,UNL,-,51306.0,52300.0,50000.0,52000.0,"52,000.00",0.0,0.0,"50,557.96",201.00,"50,300.00","10,162,150.00",15,"1,700.00","2,300.00",3.38,4.6,2.77,"56,805.80","34,900.00",,
2024/10/15,298,UNL,-,50960.0,51900.0,50000.0,50000.0,"50,000.00",0.0,0.0,"50,930.50",40.00,"52,000.00","2,037,220.00",4,"-2,000.00","1,900.00",-3.85,3.8,-1.86,"56,805.80","35,501.00",,
2024/10/16,311,UNL,-,50300.0,50300.0,49250.0,49250.0,"49,250.00",0.0,0.0,"49,725.58",131.00,"50,000.00","6,514,051.00",14,-750.0,"1,050.00",-1.5,2.13,-0.97,"56,805.80","35,501.00",,
2024/10/17,307,UNL,-,49499.9,49499.9,48850.0,48850.0,"48,850.00",0.0,0.0,"49,087.34",110.00,"49,250.00","5,399,607.00",10,-400.0,649.9,-0.81,1.33,-0.49,"56,805.80","35,501.00",,
2024/10/20,306,UNL,-,48265.0,49488.9,47873.0,48000.0,"48,000.00",0.0,0.0,"48,438.81",151.00,"48,850.00","7,314,259.90",14,-850.0,"1,615.90",-1.74,3.38,-0.91,"56,805.80","35,501.00",,
2024/10/21,310,UNL,-,48954.0,48954.0,47900.0,48344.0,"48,344.00",0.0,0.0,"48,253.41",80.00,"48,000.00","3,860,273.00",8,344.0,"1,054.00",0.72,2.2,0.19,"56,805.80","35,501.00",,
2024/10/22,305,UNL,-,49310.0,49800.0,48328.8,49800.0,"49,800.00",0.0,0.0,"49,204.87",70.00,"48,344.00","3,444,341.00",7,"1,456.00","1,471.20",3.01,3.04,1.2,"56,805.80","35,501.00",,
2024/10/23,315,UNL,-,48804.0,49800.0,48400.0,48870.0,"48,870.00",0.0,0.0,"48,802.35",230.00,"49,800.00","11,224,540.00",23,-930.0,"1,400.00",-1.87,2.89,0.14,"56,805.80","35,501.00",,
2024/10/24,308,UNL,-,48300.0,49845.0,48100.0,48200.0,"48,200.00",0.0,0.0,"48,337.39",230.00,"48,870.00","11,117,600.00",22,-670.0,"1,745.00",-1.37,3.63,-0.29,"56,805.80","35,501.00",,
2024/10/27,311,UNL,-,48800.0,48800.0,48150.0,48150.0,"48,150.00",0.0,0.0,"48,283.85",130.00,"48,200.00","6,276,900.00",13,-50.0,650.0,-0.1,1.35,-0.28,"56,805.80","35,501.00",,
2024/10/28,298,UNL,-,49000.0,49000.0,48100.0,48220.0,"48,220.00",0.0,0.0,"48,225.00",136.00,"48,150.00","6,558,600.00",13,70.0,900.0,0.15,1.87,-0.01,"56,805.80","35,501.00",,
2024/10/29,310,UNL,-,48300.0,48400.0,48300.0,48400.0,"48,400.00",0.0,0.0,"48,327.85",130.00,"48,220.00","6,282,620.00",13,180.0,100.0,0.37,0.21,0.15,"56,805.80","35,501.00",,
2024/10/30,296,UNL,-,48700.0,48720.0,48000.0,48000.0,"48,000.00",0.0,0.0,"48,355.25",40.00,"48,400.00","1,934,210.00",4,-400.0,720.0,-0.83,1.5,-0.74,"56,805.80","35,501.00",,
2024/11/05,293,UNL,-,48959.6,48959.6,48000.0,48000.0,"48,000.00",0.0,0.0,"48,124.15",182.00,"48,000.00","8,758,596.00",15,0.0,959.6,0.0,2.0,-0.26,"56,805.80","35,501.00",,
2024/11/06,311,UNL,-,48950.0,48950.0,47971.0,48000.0,"48,000.00",0.0,0.0,"48,055.94",170.00,"48,000.00","8,169,510.00",10,0.0,979.0,0.0,2.04,-0.12,"56,805.80","36,200.00",,
2024/09/10,319,UNL,54.96,51455.0,51455.0,50426.0,50500.0,"50,500.00",0.0,0.0,"50,793.67",30.00,"51,455.00","1,523,810.00",3,-955.0,"1,029.00",-1.86,2.04,-0.58,"56,805.80","34,450.00",,
2024/09/11,308,UNL,55.87,50000.0,50050.0,49750.1,49800.0,"49,800.00",0.0,0.0,"49,907.91",105.00,"50,500.00","5,240,331.00",9,-700.0,299.90,-1.39,0.6,-0.22,"56,805.80","34,450.00",,
2024/09/12,309,UNL,41.52,50790.0,51811.0,50790.0,51800.0,"51,800.00",0.0,0.0,"51,522.88",80.00,"49,800.00","4,121,830.00",8,"2,000.00","1,021.00",4.02,2.01,0.53,"56,805.80","34,450.00",,
2024/09/15,315,UNL,42.01,50801.0,51400.0,50800.0,50800.0,"50,800.00",0.0,0.0,"51,066.75",120.00,"51,800.00","6,128,010.00",11,"-1,000.00",600.0,-1.93,1.18,-0.53,"56,805.80","34,450.00",,
2024/09/16,302,UNL,36.69,50600.0,50600.0,49999.9,49999.9,"49,999.90",0.0,0.0,"50,299.95",20.00,"50,800.00","1,005,999.00",2,-800.1,600.10,-1.58,1.2,-0.6,"56,805.80","34,450.00",,
2024/09/18,311,UNL,51.93,49001.0,50000.0,49001.0,49999.0,"49,999.00",0.0,0.0,"49,796.00",50.00,"49,999.90","2,489,800.00",5,-0.9,999.0,0.0,2.04,0.41,"56,805.80","34,605.00",,
2024/09/22,316,UNL,39.39,50000.0,50000.0,49200.1,49200.1,"49,200.10",0.0,0.0,"49,910.79",90.00,"49,999.00","4,491,971.00",9,-798.9,799.9,-1.6,1.63,-1.44,"56,805.80","34,605.00",,
2024/09/23,320,UNL,33.76,50184.0,50200.0,50000.0,50200.0,"50,200.00",0.0,0.0,"50,113.60",50.00,"49,200.10","2,505,680.00",5,999.9,200.00,2.03,0.4,0.17,"56,805.80","34,605.00",,
2024/09/24,300,UNL,35.08,49201.0,49500.0,49196.0,49500.0,"49,500.00",0.0,0.0,"49,285.00",70.00,"50,200.00","3,449,950.00",7,-700.0,304.00,-1.39,0.62,0.43,"56,805.80","34,605.00",,
2024/09/25,318,UNL,48.68,49999.0,50398.9,49999.0,50398.9,"50,398.90",0.0,0.0,"50,099.48",40.00,"49,500.00","2,003,979.00",4,898.9,399.9,1.82,0.8,0.59,"56,805.80","34,605.00",,
2024/09/26,313,UNL,53.57,51340.0,51340.0,50500.0,50750.0,"50,750.00",0.0,0.0,"50,815.01",80.00,"50,398.90","4,065,201.00",8,351.1,840.0,0.7,1.66,-0.13,"56,805.80","34,605.00",,
2024/09/29,318,UNL,32.85,50052.0,50052.0,50000.0,50000.0,"50,000.00",0.0,0.0,"50,034.00",30.00,"50,750.00","1,501,020.00",3,-750.0,52.00,-1.48,0.1,-0.07,"56,805.80","34,605.00",,
2024/09/30,310,UNL,50.95,50900.0,50950.0,50490.0,50490.0,"50,490.00",0.0,0.0,"50,710.00",40.00,"50,000.00","2,028,400.00",4,490.0,460.0,0.98,0.91,-0.44,"56,805.80","34,605.00",,
2024/10/01,298,UNL,39.14,50500.0,50500.0,50020.0,50080.0,"50,080.00",0.0,0.0,"50,128.37",60.00,"50,490.00","3,007,702.00",6,-410.0,480.00,-0.81,0.96,-0.1,"56,805.80","34,605.00",,
2024/10/02,300,UNL,40.7,51000.0,51082.0,50600.0,50600.0,"50,600.00",0.0,0.0,"50,969.04",50.00,"50,080.00","2,548,452.00",5,520.00,482.0,1.04,0.95,-0.73,"56,805.80","34,605.00",,
2024/10/06,299,UNL,-,51612.0,52700.0,49700.0,52700.0,"52,700.00",0.0,0.0,"50,307.12",511.00,"50,600.00","25,706,938.10",49,"2,100.00","3,000.00",4.15,6.04,4.54,"56,805.80","34,674.00",,
2024/08/13,323,UNL,48.23,49999.0,50997.0,49999.0,50001.0,"50,001.00",0.0,0.0,"50,421.49",90.00,"49,999.00","4,537,934.00",9,2.00,998.0,0.0,2.0,-0.84,"56,805.80","34,450.00",,
2024/08/14,323,UNL,46.69,50000.0,50997.3,49999.0,50997.3,"50,997.30",0.0,0.0,"50,199.06",50.00,"50,001.00","2,509,953.00",5,996.3,998.3,1.99,2.0,1.57,"56,805.80","34,450.00",,
2024/08/15,325,UNL,52.56,50999.0,50999.0,50000.0,50001.0,"50,001.00",0.0,0.0,"50,734.30",115.00,"50,997.30","5,834,445.00",11,-996.30,999.00,-1.95,2.0,-1.47,"56,805.80","34,450.00",,
2024/08/18,321,UNL,52.56,50000.0,50110.0,49900.0,49900.0,"49,900.00",0.0,0.0,"50,000.14",140.00,"50,001.00","7,000,019.00",14,-101.00,210.00,-0.2,0.42,-0.2,"56,805.80","34,450.00",,
2024/08/21,328,UNL,56.33,50000.0,50000.0,49920.0,49920.0,"49,920.00",0.0,0.0,"49,980.00",40.00,"49,900.00","1,999,200.00",4,20.00,80.00,0.04,0.16,-0.12,"56,805.80","34,450.00",,
2024/08/22,324,UNL,54.99,49999.0,50000.0,49999.0,50000.0,"50,000.00",0.0,0.0,"49,999.26",81.00,"49,920.00","4,049,940.00",9,80.0,1.00,0.16,0.0,0.0,"56,805.80","34,450.00",,
2024/08/25,324,UNL,59.14,49999.0,50000.0,49500.0,49700.0,"49,700.00",0.0,0.0,"49,861.10",143.00,"50,000.00","7,130,137.00",14,-300.0,500.00,-0.6,1.01,-0.32,"56,805.80","34,450.00",,
2024/08/27,321,UNL,54.78,50000.0,50374.0,49000.0,49000.0,"49,000.00",0.0,0.0,"49,603.97",130.00,"49,700.00","6,448,516.00",11,-700.0,"1,374.00",-1.41,2.8,-1.23,"56,805.80","34,450.00",,
2024/08/28,317,UNL,55.4,49980.0,50960.0,49200.0,49700.0,"49,700.00",0.0,0.0,"50,347.50",100.00,"49,000.00","5,034,750.00",7,700.0,"1,760.00",1.43,3.58,-1.3,"56,805.80","34,450.00",,
2024/08/29,313,UNL,54.89,49998.5,49998.5,49000.0,49900.0,"49,900.00",0.0,0.0,"49,674.81",80.00,"49,700.00","3,973,985.00",8,200.0,998.5,0.4,2.04,0.45,"56,805.80","34,450.00",,
2024/09/01,327,UNL,47.36,49105.0,49105.0,49100.1,49100.1,"49,100.10",0.0,0.0,"49,101.73",30.00,"49,900.00","1,473,052.00",3,-799.9,4.9,-1.6,0.01,0.0,"56,805.80","34,450.00",,
2024/09/02,326,UNL,57.08,49500.0,49501.0,48994.0,49225.0,"49,225.00",0.0,0.0,"49,344.00",50.00,"49,100.10","2,467,200.00",5,124.9,507.00,0.25,1.03,-0.24,"56,805.80","34,450.00",,
2024/09/03,319,UNL,50.12,50000.0,50200.0,49400.0,49400.0,"49,400.00",0.0,0.0,"49,526.11",175.00,"49,225.00","8,667,070.00",11,175.0,800.0,0.36,1.62,-0.26,"56,805.80","34,450.00",,
2024/09/04,311,UNL,54.05,50388.0,50388.0,49000.0,49500.0,"49,500.00",0.0,0.0,"49,317.14",350.00,"49,400.00","17,260,999.00",24,100.0,"1,388.00",0.2,2.83,0.37,"56,805.80","34,450.00",,
2024/09/05,307,UNL,57.56,49500.0,49990.0,49500.0,49502.0,"49,502.00",0.0,0.0,"49,544.75",120.00,"49,500.00","5,945,370.00",8,2.0,490.0,0.0,0.99,-0.09,"56,805.80","34,450.00",,
2024/09/08,319,UNL,58.5,50487.0,52538.0,50487.0,52538.0,"52,538.00",0.0,0.0,"50,957.86",150.00,"49,502.00","7,643,679.00",12,"3,036.00","2,051.00",6.13,4.06,3.01,"56,805.80","34,450.00",,
2024/07/18,302,UNL,69.89,48000.0,52999.0,48000.0,52500.0,"52,500.00",0.0,0.0,"49,848.54",311.00,"48,794.70","15,502,895.00",30,"3,705.30","4,999.00",7.59,10.41,5.05,"52,999.00","32,819.30",,
2024/07/21,306,UNL,67.54,53550.0,56805.8,53400.0,53400.0,"53,400.00",0.0,0.0,"54,519.96",126.00,"52,500.00","6,869,515.00",12,900.0,"3,405.80",1.71,6.38,-2.1,"56,805.80","34,450.00",,
2024/07/22,300,UNL,62.76,54468.0,56668.0,52335.0,55000.0,"55,000.00",0.0,0.0,"54,715.85",82.00,"53,400.00","4,486,700.00",9,"1,600.00","4,333.00",3.0,8.28,0.52,"56,805.80","34,450.00",,
2024/07/23,308,UNL,69.77,53900.0,54000.0,51843.0,54000.0,"54,000.00",0.0,0.0,"52,520.46",270.00,"55,000.00","14,180,524.00",27,"-1,000.00","2,157.00",-1.82,4.16,2.74,"56,805.80","34,450.00",,
2024/07/24,302,UNL,58.41,55080.0,56181.6,51862.0,53800.0,"53,800.00",0.0,0.0,"53,068.09",214.00,"54,000.00","11,356,572.00",20,-200.00,"4,319.60",-0.37,8.33,1.36,"56,805.80","34,450.00",,
2024/07/25,311,UNL,54.63,54800.0,54800.0,51646.0,53750.0,"53,750.00",0.0,0.0,"53,104.87",150.00,"53,800.00","7,965,730.00",14,-50.00,"3,154.00",-0.09,6.11,1.2,"56,805.80","34,450.00",,
2024/07/28,309,UNL,49.97,54500.0,55920.0,52680.0,52680.0,"52,680.00",0.0,0.0,"54,418.21",90.00,"53,750.00","4,897,639.00",9,"-1,070.00","3,240.00",-1.99,6.15,-3.3,"56,805.80","34,450.00",,
2024/07/29,316,UNL,50.46,53732.0,53732.0,51800.0,52000.0,"52,000.00",0.0,0.0,"52,786.19",155.00,"52,680.00","8,181,860.00",14,-680.00,"1,932.00",-1.29,3.73,-1.51,"56,805.80","34,450.00",,
2024/07/30,320,UNL,50.66,53040.0,54100.0,50101.0,50101.0,"50,101.00",0.0,0.0,"51,593.40",100.00,"52,000.00","5,159,340.00",10,"-1,899.00","3,999.00",-3.65,7.98,-2.98,"56,805.80","34,450.00",,
2024/07/31,323,UNL,53.19,50101.0,52125.0,49980.0,52125.0,"52,125.00",0.0,0.0,"50,493.56",270.00,"50,101.00","13,633,261.00",24,"2,024.00","2,145.00",4.04,4.29,3.13,"56,805.80","34,450.00",,
2024/08/05,317,UNL,51.58,51082.5,51082.5,49050.0,50031.0,"50,031.00",0.0,0.0,"49,624.98",406.00,"52,125.00","20,147,743.00",34,"-2,094.00","2,032.50",-4.02,4.14,0.81,"56,805.80","34,450.00",,
2024/08/06,313,UNL,48.17,49030.4,51000.0,49030.4,49980.0,"49,980.00",0.0,0.0,"50,242.67",215.00,"50,031.00","10,802,174.00",16,-51.00,"1,969.60",-0.1,4.02,-0.53,"56,805.80","34,450.00",,
2024/08/07,321,UNL,54.56,50000.0,51998.0,49900.0,50000.1,"50,000.10",0.0,0.0,"50,726.17",150.00,"49,980.00","7,608,925.00",10,20.10,"2,098.00",0.04,4.2,-1.45,"56,805.80","34,450.00",,
2024/08/08,313,UNL,48.78,51000.0,52000.0,50000.0,52000.0,"52,000.00",0.0,0.0,"50,833.50",60.00,"50,000.10","3,050,010.00",6,"1,999.90","2,000.00",4.0,4.0,2.24,"56,805.80","34,450.00",,
2024/08/11,321,UNL,51.71,52999.0,52999.0,50000.0,50000.0,"50,000.00",0.0,0.0,"50,905.51",70.00,"52,000.00","3,563,386.00",7,"-2,000.00","2,999.00",-3.85,6.0,-1.81,"56,805.80","34,450.00",,
2024/06/25,310,UNL,42.87,44999.0,45287.0,44999.0,45287.0,"45,287.00",0.0,0.0,"45,117.67",45.00,"44,400.00","2,030,295.00",4,887.0,288.0,2.0,0.64,0.37,"49,250.00","31,010.00",,
2024/06/26,296,UNL,38.85,46190.0,46190.0,46190.0,46190.0,"46,190.00",0.0,0.0,"46,190.00",10.00,"45,287.00","461,900.00",1,903.0,0.0,1.99,0.0,0.0,"49,250.00","31,010.00",,
2024/06/27,324,UNL,39.84,46000.0,46000.0,44800.0,45000.0,"45,000.00",0.0,0.0,"45,176.67",60.00,"46,190.00","2,710,600.00",6,"-1,190.00","1,200.00",-2.58,2.68,-0.39,"49,250.00","31,010.00",,
2024/06/30,311,UNL,49.26,44115.0,45900.0,44100.5,45900.0,"45,900.00",0.0,0.0,"44,705.17",30.00,"45,000.00","1,341,155.00",3,900.0,"1,799.50",2.0,4.08,2.6,"49,250.00","31,010.00",,
2024/07/01,314,UNL,34.98,44982.0,44982.0,44350.0,44350.0,"44,350.00",0.0,0.0,"44,666.00",20.00,"45,900.00","893,320.00",2,"-1,550.00",632.0,-3.38,1.43,-0.71,"49,250.00","31,010.00",,
2024/07/02,306,UNL,41.47,45237.0,46100.0,45237.0,46100.0,"46,100.00",0.0,0.0,"45,668.50",20.00,"44,350.00","913,370.00",2,"1,750.00",863.0,3.95,1.91,0.94,"49,250.00","31,010.00",,
2024/07/03,305,UNL,51.91,45178.0,45350.0,44444.0,45350.0,"45,350.00",0.0,0.0,"44,802.37",60.00,"46,100.00","2,688,142.00",6,-750.0,906.0,-1.63,2.04,1.21,"49,250.00","31,010.00",,
2024/07/04,304,UNL,42.55,44470.0,45359.4,44470.0,45000.0,"45,000.00",0.0,0.0,"44,980.41",82.00,"45,350.00","3,688,394.00",7,-350.0,889.4,-0.77,2.0,0.04,"49,250.00","31,010.00",,
2024/07/07,318,UNL,42.53,49737.0,49737.0,48743.0,48743.0,"48,743.00",0.0,0.0,"48,839.32",124.00,"49,737.00","6,056,075.30",15,-994.0,994.0,-2.0,2.04,-0.2,"52,700.00","43,800.00","46,878.82","46,697.07"
2024/07/08,315,UNL,43.88,45499.9,45499.9,44900.0,45000.0,"45,000.00",0.0,0.0,"45,039.99",100.00,"45,000.00","4,503,999.00",5,0.0,599.9,0.0,1.34,-0.09,"49,250.00","31,270.00",,
2024/07/09,307,UNL,48.05,45100.0,45200.0,45100.0,45200.0,"45,200.00",0.0,0.0,"45,172.84",81.00,"45,000.00","3,659,000.00",4,200.0,100.0,0.44,0.22,0.06,"49,250.00","31,270.00",,
2024/07/10,313,UNL,58.58,46100.0,46100.0,45178.0,46000.0,"46,000.00",0.0,0.0,"45,835.60",50.00,"45,200.00","2,291,780.00",5,800.0,922.0,1.77,2.04,0.36,"49,250.00","31,300.00",,
2024/07/11,322,UNL,70.01,46899.9,47799.0,45850.0,45850.0,"45,850.00",0.0,0.0,"46,506.38","1,113.00","46,000.00","51,761,600.00",13,-150.0,"1,949.00",-0.33,4.25,-1.43,"49,250.00","31,310.00",,
2024/07/14,300,UNL,48.87,45950.0,45950.0,44933.0,44933.0,"44,933.00",0.0,0.0,"45,440.72",60.00,"45,850.00","2,726,443.00",6,-917.0,"1,017.00",-2.0,2.26,-1.13,"49,250.00","32,338.10",,
2024/07/15,313,UNL,66.84,44034.4,47328.0,43022.0,47328.0,"47,328.00",0.0,0.0,"44,365.09",712.00,"44,933.00","31,587,943.00",42,"2,395.00","4,306.00",5.33,10.01,6.26,"49,250.00","32,338.10",,
2024/07/16,306,UNL,57.82,48000.0,48000.0,46101.2,46900.0,"46,900.00",0.0,0.0,"47,226.80",90.00,"47,328.00","4,250,412.00",9,-428.0,"1,898.80",-0.9,4.12,-0.7,"49,250.00","32,338.10",,
2024/05/30,302,UNL,65.71,44150.0,47614.7,44150.0,47400.0,"47,400.00",0.0,0.0,"47,292.70",771.00,"43,286.10","36,462,668.00",72,"4,113.90","3,464.70",9.5,7.85,0.23,"47,614.70","29,700.00",,
2024/06/02,316,UNL,60.83,48348.0,49250.0,43663.0,43663.0,"43,663.00",0.0,0.0,"45,280.56",230.00,"47,400.00","10,414,528.00",23,"-3,737.00","5,587.00",-7.88,12.8,-3.7,"49,250.00","30,100.00",,
2024/06/03,307,UNL,61.47,43100.0,43643.0,41161.0,42110.0,"42,110.00",0.0,0.0,"42,446.48",410.00,"43,663.00","17,403,058.00",39,"-1,553.00","2,482.00",-3.56,6.03,-0.8,"49,250.00","30,100.00",,
2024/06/04,306,UNL,52.22,42952.0,46320.0,42952.0,44487.0,"44,487.00",0.0,0.0,"45,114.88",350.00,"42,110.00","15,790,208.00",31,"2,377.00","3,368.00",5.64,7.84,-1.41,"49,250.00","30,100.00",,
2024/06/05,297,UNL,42.61,45376.7,46900.0,44800.0,46000.0,"46,000.00",0.0,0.0,"45,810.51",180.00,"44,487.00","8,245,892.00",18,"1,513.00","2,100.00",3.4,4.69,0.41,"49,250.00","30,100.00",,
2024/06/06,313,UNL,48.26,46891.0,46900.0,45043.0,45043.0,"45,043.00",0.0,0.0,"45,966.94",80.00,"46,000.00","3,677,355.00",8,-957.0,"1,857.00",-2.08,4.12,-2.05,"49,250.00","30,200.00",,
2024/06/09,304,UNL,55.08,44145.0,45943.8,43500.0,45033.0,"45,033.00",0.0,0.0,"44,672.55",130.00,"45,043.00","5,807,432.00",13,-10.0,"2,443.80",-0.02,5.62,0.8,"49,250.00","30,200.00",,
2024/06/10,305,UNL,45.69,45700.0,45933.6,44160.0,44900.0,"44,900.00",0.0,0.0,"45,140.73",100.00,"45,033.00","4,514,073.00",10,-133.0,"1,773.60",-0.3,4.02,-0.54,"49,250.00","30,200.00",,
2024/06/11,302,UNL,40.1,44501.0,44501.0,44250.0,44250.0,"44,250.00",0.0,0.0,"44,390.20",50.00,"44,900.00","2,219,510.00",5,-650.0,251.00,-1.45,0.57,-0.32,"49,250.00","30,200.00",,
2024/06/12,303,UNL,47.24,45135.0,45828.0,44912.0,45000.0,"45,000.00",0.0,0.0,"45,310.54",130.00,"44,250.00","5,890,370.00",11,750.0,916.0,1.69,2.04,-0.69,"49,250.00","30,802.10",,
2024/06/13,304,UNL,45.04,44400.0,44500.0,44205.0,44500.0,"44,500.00",0.0,0.0,"44,391.33",120.00,"45,000.00","5,326,960.00",8,-500.0,295.0,-1.11,0.67,0.24,"49,250.00","30,802.10",,
2024/06/16,308,UNL,38.89,45350.0,45350.0,44443.0,44443.0,"44,443.00",0.0,0.0,"44,745.67",30.00,"44,500.00","1,342,370.00",3,-57.0,907.0,-0.13,2.04,-0.68,"49,250.00","31,010.00",,
2024/06/18,309,UNL,44.18,44000.0,45000.0,43800.0,44220.0,"44,220.00",0.0,0.0,"44,415.26",80.00,"44,443.00","3,553,221.00",8,-223.0,"1,200.00",-0.5,2.74,-0.44,"49,250.00","31,010.00",,
2024/06/19,299,UNL,37.71,45100.0,45100.0,44198.0,44198.0,"44,198.00",0.0,0.0,"44,649.00",20.00,"44,220.00","892,980.00",2,-22.0,902.0,-0.05,2.04,-1.02,"49,250.00","31,010.00",,
2024/06/20,297,UNL,41.05,45070.0,45070.0,44000.0,44500.0,"44,500.00",0.0,0.0,"44,517.48",40.00,"44,198.00","1,780,699.00",4,302.0,"1,070.00",0.68,2.43,-0.04,"49,250.00","31,010.00",,
2024/06/23,308,UNL,43.71,44999.9,45000.0,44888.0,44999.0,"44,999.00",0.0,0.0,"44,977.38",50.00,"44,500.00","2,248,869.00",5,499.0,112.0,1.12,0.25,0.05,"49,250.00","31,010.00",,
2024/05/05,307,UNL,39.48,39500.0,39500.0,39500.0,39500.0,"39,500.00",0.0,0.0,"39,500.00",11.00,"39,500.00","434,500.00",1,0.0,0.0,0.0,0.0,0.0,"45,151.00","23,300.00",,
2024/05/06,301,UNL,33.57,38711.0,38711.0,38710.0,38710.0,"38,710.00",0.0,0.0,"38,710.50",20.00,"39,500.00","774,210.00",2,-790.00,1.00,-2.0,0.0,0.0,"45,151.00","23,300.00",,
2024/05/07,305,UNL,33.51,38710.0,38710.0,38710.0,38710.0,"38,710.00",0.0,0.0,"38,710.00",10.00,"38,710.00","387,100.00",1,0.00,0.0,0.0,0.0,0.0,"45,151.00","23,300.00",,
2024/05/09,304,UNL,36.57,39000.0,39000.0,38400.0,38400.0,"38,400.00",0.0,0.0,"38,700.00",20.00,"38,710.00","774,000.00",2,-310.0,600.00,-0.8,1.56,-0.78,"45,151.00","23,766.00",,
2024/05/12,302,UNL,50.87,39100.0,39882.0,39000.0,39500.0,"39,500.00",0.0,0.0,"39,447.50",64.00,"38,400.00","2,524,640.00",6,"1,100.00",882.0,2.86,2.26,0.13,"45,151.00","24,210.00",,
2024/05/15,306,UNL,51.98,40290.0,40290.0,39484.2,39484.2,"39,484.20",0.0,0.0,"39,887.10",20.00,"39,500.00","797,742.00",2,-15.8,805.8,-0.04,2.04,-1.02,"45,151.00","24,210.00",,
2024/05/16,306,UNL,55.35,39000.0,39000.0,39000.0,39000.0,"39,000.00",0.0,0.0,"39,000.00",30.00,"39,484.20","1,170,000.00",3,-484.2,0.0,-1.23,0.0,0.0,"45,151.00","24,794.00",,
2024/05/19,313,UNL,57.55,39780.0,39780.0,39780.0,39780.0,"39,780.00",0.0,0.0,"39,780.00",20.00,"39,000.00","795,600.00",2,780.0,0.0,2.0,0.0,0.0,"45,151.00","24,810.00",,
2024/05/20,306,UNL,58.27,40200.0,40200.0,39800.0,39800.0,"39,800.00",0.0,0.0,"40,000.00",20.00,"39,780.00","800,000.00",2,20.0,400.0,0.05,1.01,-0.5,"45,151.00","24,810.00",,
2024/05/21,308,UNL,59.06,39800.0,40399.9,39800.0,40000.0,"40,000.00",0.0,0.0,"40,219.95",100.00,"39,800.00","4,021,995.00",6,200.00,599.9,0.5,1.51,-0.55,"45,151.00","24,810.00",,
2024/05/22,309,UNL,56.64,39800.0,39800.0,39800.0,39800.0,"39,800.00",0.0,0.0,"39,800.00",10.00,"40,000.00","398,000.00",1,-200.0,0.0,-0.5,0.0,0.0,"45,151.00","25,110.00",,
2024/05/26,306,UNL,51.44,39550.0,39550.0,39500.0,39500.0,"39,500.00",0.0,0.0,"39,516.67",30.00,"39,800.00","1,185,500.00",3,-300.0,50.0,-0.75,0.13,-0.04,"45,151.00","29,004.10",,
2024/05/27,308,UNL,46.08,39500.0,39500.0,39351.0,39351.0,"39,351.00",0.0,0.0,"39,425.75",40.00,"39,500.00","1,577,030.00",4,-149.0,149.0,-0.38,0.38,-0.19,"45,151.00","29,004.10",,
2024/04/03,318,UNL,42.53,49737.0,49737.0,48743.0,48743.0,"48,743.00",0.0,0.0,"48,839.32",124.00,"49,737.00","6,056,075.30",15,-994.0,994.0,-2.0,2.04,-0.2,"52,700.00","43,800.00","46,878.82","46,697.07"
2024/04/04,293,UNL,49.09,40595.9,40595.9,39500.0,39980.0,"39,980.00",0.0,0.0,"39,945.56",70.00,"40,000.00","2,796,189.00",7,-20.0,"1,095.90",-0.05,2.77,0.09,"45,151.00","21,500.00",,
2024/04/07,302,UNL,43.15,39181.0,40300.0,39181.0,40300.0,"40,300.00",0.0,0.0,"39,824.31",32.00,"39,980.00","1,274,378.00",3,320.0,"1,119.00",0.8,2.86,1.18,"45,151.00","21,650.00",,
2024/04/09,318,UNL,42.53,49737.0,49737.0,48743.0,48743.0,"48,743.00",0.0,0.0,"48,839.32",124.00,"49,737.00","6,056,075.30",15,-994.0,994.0,-2.0,2.04,-0.2,"52,700.00","43,800.00","46,878.82","46,697.07"
2024/04/10,299,UNL,47.58,39999.0,40450.0,39998.0,40450.0,"40,450.00",0.0,0.0,"40,056.70",200.00,"39,550.10","8,011,340.00",20,899.9,452.00,2.28,1.13,0.97,"45,151.00","22,000.00",,
2024/04/14,311,UNL,43.12,40450.0,40450.0,40450.0,40450.0,"40,450.00",0.0,0.0,"40,450.00",10.00,"40,450.00","404,500.00",1,0.0,0.0,0.0,0.0,0.0,"45,151.00","22,000.00",,
2024/04/21,301,UNL,30.69,39641.0,39641.0,39641.0,39641.0,"39,641.00",0.0,0.0,"39,641.00",10.00,"40,450.00","396,410.00",1,-809.0,0.0,-2.0,0.0,0.0,"45,151.00","22,100.00",,
2024/04/22,311,UNL,33.78,39005.0,39005.0,38850.0,39000.0,"39,000.00",0.0,0.0,"38,963.75",40.00,"39,641.00","1,558,550.00",4,-641.0,155.0,-1.62,0.4,0.09,"45,151.00","22,100.00",,
2024/04/24,304,UNL,27.93,39780.0,39780.0,39780.0,39780.0,"39,780.00",0.0,0.0,"39,780.00",10.00,"39,000.00","397,800.00",1,780.0,0.0,2.0,0.0,0.0,"45,151.00","22,100.00",,
2024/04/25,294,UNL,30.26,40199.0,40199.0,39500.0,39500.0,"39,500.00",0.0,0.0,"39,849.50",20.00,"39,780.00","796,990.00",2,-280.0,699.0,-0.7,1.77,-0.88,"45,151.00","22,100.00",,
2024/04/30,311,UNL,40.83,39295.0,39500.0,39295.0,39500.0,"39,500.00",0.0,0.0,"39,397.50",20.00,"39,500.00","787,950.00",2,0.00,205.00,0.0,0.52,0.26,"45,151.00","22,100.00",,
2024/03/07,300,UNL,41.9,39780.0,39780.0,38990.0,38990.0,"38,990.00",0.0,0.0,"39,294.02",50.00,"39,000.00","1,964,701.00",5,-10.0,790.00,-0.03,2.03,-0.78,"45,151.00","19,750.00",,
2024/03/12,296,UNL,61.89,39699.9,40494.0,39684.2,40000.0,"40,000.00",0.0,0.0,"39,928.85",130.00,"38,990.00","5,190,750.90",8,"1,010.00",809.8,2.59,2.04,0.18,"45,151.00","19,750.00",,
2024/03/13,301,UNL,61.3,40800.0,40800.0,40000.0,40000.0,"40,000.00",0.0,0.0,"40,092.31",104.00,"40,000.00","4,169,600.00",5,0.0,800.0,0.0,2.0,-0.23,"45,151.00","19,750.00",,
2024/03/14,294,UNL,57.67,39201.0,39898.0,39000.0,39898.0,"39,898.00",0.0,0.0,"39,587.21",111.00,"40,000.00","4,394,180.00",7,-102.0,898.0,-0.26,2.3,0.78,"45,151.00","19,750.00",,
2024/03/17,295,UNL,62.01,39850.0,39900.0,39850.0,39900.0,"39,900.00",0.0,0.0,"39,883.33",150.00,"39,898.00","5,982,500.00",4,2.0,50.0,0.01,0.13,0.04,"45,151.00","20,000.00",,
2024/03/18,294,UNL,46.77,39899.9,39900.0,39899.0,39900.0,"39,900.00",0.0,0.0,"39,899.93",311.00,"39,900.00","12,408,876.90",13,0.0,1.0,0.0,0.0,0.0,"45,151.00","20,000.00",,
2024/03/19,298,UNL,50.0,40500.0,40500.0,39500.0,39500.0,"39,500.00",0.0,0.0,"40,006.38",500.00,"39,900.00","20,003,190.00",28,-400.0,"1,000.00",-1.0,2.53,-1.28,"45,151.00","20,000.00",,
2024/03/20,296,UNL,40.77,39899.9,39899.9,39000.0,39000.0,"39,000.00",0.0,0.0,"39,534.66",47.00,"39,500.00","1,858,129.00",4,-500.00,899.90,-1.27,2.31,-1.37,"45,151.00","20,210.00",,
2024/03/21,306,UNL,39.4,39700.0,39700.0,39000.0,39000.0,"39,000.00",0.0,0.0,"39,162.51",80.00,"39,000.00","3,133,001.00",4,0.00,700.00,0.0,1.79,-0.42,"45,151.00","20,850.00",,
2024/03/25,295,UNL,41.41,39000.0,40400.0,39000.0,39445.0,"39,445.00",0.0,0.0,"39,314.62",288.00,"39,000.00","11,322,610.00",14,445.00,"1,400.00",1.14,3.59,0.33,"45,151.00","21,000.00",,
2024/03/26,301,UNL,43.64,40000.0,40000.0,39550.2,39550.2,"39,550.20",0.0,0.0,"39,754.65",22.00,"39,445.00","874,602.40",2,105.2,449.80,0.27,1.14,-0.52,"45,151.00","21,000.00",,
2024/03/27,301,UNL,49.24,40300.0,40600.0,39500.0,39500.0,"39,500.00",0.0,0.0,"40,372.50",200.00,"39,550.20","8,074,500.00",11,-50.2,"1,100.00",-0.13,2.78,-2.21,"45,151.00","21,325.00",,
2024/03/28,304,UNL,54.74,40200.0,40600.0,39800.1,39800.1,"39,800.10",0.0,0.0,"40,332.62",115.00,"39,500.00","4,638,251.00",8,300.1,799.9,0.76,2.01,-1.34,"45,151.00","21,450.00",,
2024/03/31,307,UNL,49.21,40100.0,40100.0,40100.0,40100.0,"40,100.00",0.0,0.0,"40,100.00",10.00,"39,800.10","401,000.00",1,299.90,0.00,0.75,0.0,0.0,"45,151.00","21,500.00",,
2024/04/01,306,UNL,44.88,40000.0,40000.0,40000.0,40000.0,"40,000.00",0.0,0.0,"40,000.00",10.00,"40,100.00","400,000.00",1,-100.0,0.0,-0.25,0.0,0.0,"45,151.00","21,500.00",,
2024/02/12,305,UNL,38.88,39000.0,40400.0,39000.0,40400.0,"40,400.00",0.0,0.0,"39,829.41",51.00,"38,350.00","2,031,300.00",5,"2,050.00","1,400.00",5.35,3.59,1.41,"45,151.00","19,010.00",,
2024/02/13,296,UNL,39.55,39592.0,40000.0,39501.0,40000.0,"40,000.00",0.0,0.0,"39,614.27",70.00,"40,400.00","2,772,999.00",6,-400.0,499.0,-0.99,1.26,0.96,"45,151.00","19,330.00",,
2024/02/14,293,UNL,35.73,39200.0,39983.0,39200.0,39983.0,"39,983.00",0.0,0.0,"39,591.50",20.00,"40,000.00","791,830.00",2,-17.0,783.0,-0.04,2.0,0.98,"45,151.00","19,330.00",,
2024/02/15,296,UNL,51.49,39183.4,39183.4,39100.0,39100.0,"39,100.00",0.0,0.0,"39,145.49",22.00,"39,983.00","861,200.80",2,-883.0,83.4,-2.21,0.21,-0.12,"45,151.00","19,610.00",,
2024/02/18,306,UNL,39.31,38500.0,38500.0,38318.0,38318.0,"38,318.00",0.0,0.0,"38,347.33",90.00,"39,100.00","3,451,260.00",5,-782.0,182.0,-2.0,0.47,-0.08,"45,151.00","19,610.00",,
2024/02/20,305,UNL,32.72,38350.0,38350.0,38300.0,38300.0,"38,300.00",0.0,0.0,"38,325.00",20.00,"38,318.00","766,500.00",2,-18.00,50.0,-0.05,0.13,-0.07,"45,151.00","19,610.00",,
2024/02/21,304,UNL,34.51,38320.1,39086.0,38320.0,39086.0,"39,086.00",0.0,0.0,"38,575.37",30.00,"38,300.00","1,157,261.00",3,786.00,766.0,2.05,2.0,1.31,"45,151.00","19,610.00",,
2024/02/22,300,UNL,52.0,39398.0,39788.9,39398.0,39500.0,"39,500.00",0.0,0.0,"39,497.18",50.00,"39,086.00","1,974,859.00",5,414.00,390.9,1.06,0.99,0.01,"45,151.00","19,610.00",,
2024/02/25,308,UNL,39.93,39600.0,40000.0,39600.0,40000.0,"40,000.00",0.0,0.0,"39,866.63",30.00,"39,500.00","1,195,999.00",3,500.00,400.00,1.27,1.01,0.33,"45,151.00","19,610.00",,
2024/02/26,305,UNL,53.33,39200.0,40443.0,39086.0,39500.0,"39,500.00",0.0,0.0,"39,590.35",81.00,"40,000.00","3,206,818.10",8,-500.00,"1,357.00",-1.25,3.47,-0.23,"45,151.00","19,610.00",,
2024/02/27,298,UNL,50.19,39500.0,39500.0,38750.0,39499.0,"39,499.00",0.0,0.0,"39,124.75",40.00,"39,500.00","1,564,990.00",4,-1.00,750.00,0.0,1.94,0.95,"45,151.00","19,610.00",,
2024/02/28,299,UNL,54.67,39000.0,42300.0,38950.0,41900.0,"41,900.00",0.0,0.0,"40,176.41",150.00,"39,499.00","6,026,461.00",13,"2,401.00","3,350.00",6.08,8.6,4.11,"45,151.00","19,750.00",,
2024/02/29,300,UNL,44.99,41100.0,41100.0,39500.0,39607.0,"39,607.00",0.0,0.0,"39,990.78",100.00,"41,900.00","3,999,078.00",10,"-2,293.00","1,600.00",-5.47,4.05,-0.97,"45,151.00","19,750.00",,
2024/03/03,299,UNL,43.99,38815.0,39900.0,38815.0,39093.0,"39,093.00",0.0,0.0,"39,270.10",100.00,"39,607.00","3,927,010.00",9,-514.00,"1,085.00",-1.3,2.8,-0.45,"45,151.00","19,750.00",,
2024/03/05,307,UNL,41.56,39500.0,39500.0,39000.0,39000.0,"39,000.00",0.0,0.0,"39,250.00",20.00,"39,093.00","785,000.00",2,-93.00,500.00,-0.24,1.28,-0.64,"45,151.00","19,750.00",,
2024/01/18,289,UNL,60.26,39105.0,40200.0,39105.0,40200.0,"40,200.00",0.0,0.0,"39,817.50",60.00,"39,700.00","2,389,050.00",5,500.0,"1,095.00",1.26,2.8,0.95,"45,151.00","18,200.00",,
2024/01/21,299,UNL,61.86,41000.0,41000.0,39400.0,40200.0,"40,200.00",0.0,0.0,"40,034.55",110.00,"40,200.00","4,403,801.00",10,0.0,"1,600.00",0.0,4.06,0.41,"45,151.00","18,200.00",,
2024/01/22,298,UNL,51.0,39800.0,40000.0,39700.0,39700.0,"39,700.00",0.0,0.0,"39,837.95",83.00,"40,200.00","3,306,550.00",8,-500.0,300.0,-1.24,0.76,-0.35,"45,151.00","18,200.00",,
2024/01/23,301,UNL,43.71,38906.0,39684.1,38906.0,39020.0,"39,020.00",0.0,0.0,"39,242.04",50.00,"39,700.00","1,962,102.00",5,-680.0,778.1,-1.71,2.0,-0.57,"45,151.00","18,200.00",,
2024/01/24,302,UNL,44.43,39800.0,39800.0,39300.0,39393.0,"39,393.00",0.0,0.0,"39,523.71",100.00,"39,020.00","3,952,371.00",8,373.0,500.0,0.96,1.27,-0.33,"45,151.00","18,200.00",,
2024/01/25,295,UNL,54.89,40099.9,40600.0,39450.0,40000.0,"40,000.00",0.0,0.0,"40,167.06",110.00,"39,393.00","4,418,377.00",9,607.0,"1,150.00",1.54,2.92,-0.42,"45,151.00","18,200.00",,
2024/01/28,297,UNL,48.98,39301.0,39301.0,39301.0,39301.0,"39,301.00",0.0,0.0,"39,301.00",10.00,"40,000.00","393,010.00",1,-699.0,0.0,-1.75,0.0,0.0,"45,151.00","18,200.00",,
2024/01/29,302,UNL,57.13,40000.0,40087.0,40000.0,40000.0,"40,000.00",0.0,0.0,"40,034.80",50.00,"39,301.00","2,001,740.00",5,699.0,87.0,1.78,0.22,-0.09,"45,151.00","18,200.00",,
2024/01/30,299,UNL,62.95,39600.0,40000.0,39600.0,39993.0,"39,993.00",0.0,0.0,"39,810.15",200.00,"40,000.00","7,962,030.00",7,-7.0,400.0,-0.02,1.01,0.46,"45,151.00","18,200.00",,
2024/01/31,304,UNL,61.81,40100.0,41604.6,39975.0,41604.6,"41,604.60",0.0,0.0,"40,612.12",180.00,"39,993.00","7,310,182.00",18,"1,611.60","1,629.60",4.03,4.08,2.39,"45,151.00","18,200.00",,
2024/02/01,300,UNL,52.27,41604.6,41604.6,40773.0,40773.0,"40,773.00",0.0,0.0,"41,050.87",30.00,"41,604.60","1,231,526.00",3,-831.6,831.6,-2.0,2.04,-0.68,"45,151.00","18,300.00",,
2024/02/04,298,UNL,54.25,41588.4,41588.4,41000.0,41000.0,"41,000.00",0.0,0.0,"41,196.13",30.00,"40,773.00","1,235,884.00",3,227.0,588.4,0.56,1.44,-0.48,"45,151.00","18,400.00",,
2024/02/05,301,UNL,44.0,40200.0,40200.0,40200.0,40200.0,"40,200.00",0.0,0.0,"40,200.00",10.00,"41,000.00","402,000.00",1,-800.0,0.0,-1.95,0.0,0.0,"45,151.00","18,400.00",,
2024/02/06,306,UNL,45.43,41004.0,41500.0,41000.0,41000.0,"41,000.00",0.0,0.0,"41,143.52",108.00,"40,200.00","4,443,500.00",10,800.0,500.0,1.99,1.22,-0.35,"45,151.00","18,450.00",,
2024/02/07,304,UNL,38.84,40210.0,40800.0,40210.0,40500.0,"40,500.00",0.0,0.0,"40,532.00",50.00,"41,000.00","2,026,600.00",5,-500.0,590.0,-1.22,1.47,-0.08,"45,151.00","18,500.00",,
2024/02/08,308,UNL,48.1,39700.0,41300.0,39700.0,41300.0,"41,300.00",0.0,0.0,"40,855.44",90.00,"40,500.00","3,676,990.00",8,800.0,"1,600.00",1.98,4.03,1.08,"45,151.00","18,500.00",,
2023/12/20,298,UNL,66.69,38998.8,42350.0,38900.0,41503.0,"41,503.00",0.0,0.0,"39,947.10",270.00,"38,500.00","10,785,717.00",26,"3,003.00","3,450.00",7.8,8.87,3.75,"45,151.00","18,000.00",,
2023/12/21,295,UNL,58.56,42200.0,44033.0,42200.0,44033.0,"44,033.00",0.0,0.0,"42,807.20",50.00,"41,503.00","2,140,360.00",5,"2,530.00","1,833.00",6.1,4.34,2.78,"45,151.00","18,000.00",,
2023/12/24,300,UNL,58.2,43152.4,43152.4,42289.4,43100.0,"43,100.00",0.0,0.0,"42,923.55",40.00,"44,033.00","1,716,942.00",4,-933.0,863.00,-2.12,2.04,0.41,"45,151.00","18,000.00",,
2023/12/27,298,UNL,67.59,42238.0,43500.0,38790.0,43500.0,"43,500.00",0.0,0.0,"39,666.63",302.00,"43,100.00","11,979,323.00",26,400.0,"4,710.00",0.93,12.14,8.81,"45,151.00","18,000.00",,
2023/12/28,294,UNL,58.61,42630.0,42630.0,42630.0,42630.0,"42,630.00",0.0,0.0,"42,630.00",10.00,"43,500.00","426,300.00",1,-870.0,0.0,-2.0,0.0,0.0,"45,151.00","18,000.00",,
2024/01/01,297,UNL,38.41,43000.0,43000.0,42140.0,42140.0,"42,140.00",0.0,0.0,"42,570.00",20.00,"42,630.00","851,400.00",2,-490.0,860.0,-1.15,2.04,-1.02,"45,151.00","18,000.00",,
2024/01/04,294,UNL,43.34,41297.2,41297.2,38868.7,40000.0,"40,000.00",0.0,0.0,"39,737.77",98.00,"42,140.00","3,894,301.20",10,"-2,140.00","2,428.50",-5.08,6.25,0.66,"45,151.00","18,130.00",,
2024/01/07,295,UNL,37.74,39200.0,39200.0,39001.0,39001.0,"39,001.00",0.0,0.0,"39,100.50",20.00,"40,000.00","782,010.00",2,-999.0,199.0,-2.5,0.51,-0.26,"45,151.00","18,130.00",,
2024/01/08,300,UNL,43.53,39781.0,39781.0,38320.0,39500.0,"39,500.00",0.0,0.0,"39,126.79",117.00,"39,001.00","4,577,834.00",11,499.0,"1,461.00",1.28,3.81,0.94,"45,151.00","18,130.00",,
2024/01/09,300,UNL,36.71,40000.0,40000.0,40000.0,40000.0,"40,000.00",0.0,0.0,"40,000.00",20.00,"39,500.00","800,000.00",2,500.0,0.0,1.27,0.0,0.0,"45,151.00","18,130.00",,
2024/01/10,292,UNL,48.14,39200.0,39984.0,38500.7,39984.0,"39,984.00",0.0,0.0,"39,140.85",80.00,"40,000.00","3,131,268.00",8,-16.0,"1,483.30",-0.04,3.85,2.11,"45,151.00","18,130.00",,
2024/01/11,298,UNL,41.18,39185.0,39185.0,38600.0,38750.0,"38,750.00",0.0,0.0,"38,922.50",60.00,"39,984.00","2,335,350.00",4,"-1,234.00",585.0,-3.09,1.52,-0.45,"45,151.00","18,130.00",,
2024/01/14,305,UNL,41.98,39525.0,39525.0,38900.0,38900.0,"38,900.00",0.0,0.0,"39,316.67",30.00,"38,750.00","1,179,500.00",3,150.0,625.0,0.39,1.61,-1.07,"45,151.00","18,150.00",,
2024/01/16,295,UNL,44.53,39678.0,40300.0,39500.1,39500.1,"39,500.10",0.0,0.0,"39,944.53",40.00,"38,900.00","1,597,781.00",4,600.1,799.9,1.54,2.03,-1.13,"45,151.00","18,150.00",,
2023/11/27,282,UNL,50.59,43399.0,45151.0,41401.0,41900.0,"41,900.00",0.0,0.0,"43,028.94",396.00,"42,900.00","17,039,460.00",33,"-1,000.00","3,750.00",-2.33,9.06,-2.69,"45,151.00","17,700.00",,
2023/11/28,282,UNL,39.14,42736.0,42736.0,41881.3,41881.3,"41,881.30",0.0,0.0,"42,252.91",23.00,"41,900.00","971,816.90",3,-18.7,854.7,-0.04,2.04,-0.89,"45,151.00","17,700.00",,
2023/11/29,278,UNL,36.35,41043.7,41043.7,39700.0,39749.9,"39,749.90",0.0,0.0,"40,088.49",120.00,"41,881.30","4,810,619.00",9,"-2,131.40","1,343.70",-5.09,3.38,-0.85,"45,151.00","17,700.00",,
2023/11/30,281,UNL,31.95,39749.0,41245.0,39749.0,40420.1,"40,420.10",0.0,0.0,"40,463.03",40.00,"39,749.90","1,618,521.00",4,670.2,"1,496.00",1.69,3.76,-0.11,"45,151.00","17,700.00",,
2023/12/03,285,UNL,35.05,41228.0,41485.0,40773.0,40773.0,"40,773.00",0.0,0.0,"41,064.78",40.00,"40,420.10","1,642,591.00",4,352.9,712.0,0.87,1.75,-0.72,"45,151.00","18,000.00",,
2023/12/04,284,UNL,31.52,41499.0,41499.0,41499.0,41499.0,"41,499.00",0.0,0.0,"41,499.00",10.00,"40,773.00","414,990.00",1,726.0,0.0,1.78,0.0,0.0,"45,151.00","18,000.00",,
2023/12/05,284,UNL,32.77,42328.0,42328.0,39000.0,39000.0,"39,000.00",0.0,0.0,"40,400.28",60.00,"41,499.00","2,424,017.00",6,"-2,499.00","3,328.00",-6.02,8.53,-3.59,"45,151.00","18,000.00",,
2023/12/06,285,UNL,33.25,39500.0,39500.0,38220.0,38220.0,"38,220.00",0.0,0.0,"38,517.81",160.00,"39,000.00","6,162,850.00",12,-780.0,"1,280.00",-2.0,3.35,-0.78,"45,151.00","18,000.00",,
2023/12/07,291,UNL,35.79,38000.0,39200.0,37500.1,38350.1,"38,350.10",0.0,0.0,"38,470.39",120.00,"38,220.00","4,616,447.00",12,130.1,"1,699.90",0.34,4.53,-0.31,"45,151.00","18,000.00",,
2023/12/10,237,UNL,31.62,39100.0,39882.0,39100.0,39882.0,"39,882.00",0.0,0.0,"39,360.67",30.00,"38,350.10","1,180,820.00",3,"1,531.90",782.0,3.99,2.0,1.31,"45,151.00","18,000.00",,
2023/12/11,295,UNL,43.63,39100.0,39250.0,39000.0,39250.0,"39,250.00",0.0,0.0,"39,104.31",130.00,"39,882.00","5,083,560.00",10,-632.0,250.0,-1.58,0.64,0.37,"45,151.00","18,000.00",,
2023/12/12,289,UNL,45.6,39000.0,39000.0,38000.0,38101.0,"38,101.00",0.0,0.0,"38,519.10",200.00,"39,250.00","7,703,820.00",14,"-1,149.00","1,000.00",-2.93,2.63,-1.1,"45,151.00","18,000.00",,
2023/12/13,284,UNL,36.83,38862.0,38862.0,38150.0,38150.0,"38,150.00",0.0,0.0,"38,344.40",50.00,"38,101.00","1,917,220.00",5,49.0,712.0,0.13,1.87,-0.51,"45,151.00","18,000.00",,
2023/12/14,292,UNL,37.97,37400.0,38199.0,37400.0,38199.0,"38,199.00",0.0,0.0,"37,741.40",55.00,"38,150.00","2,075,777.00",6,49.0,799.0,0.13,2.14,1.2,"45,151.00","18,000.00",,
2023/12/17,287,UNL,42.15,38800.0,38800.0,37450.0,37999.0,"37,999.00",0.0,0.0,"37,811.63",80.00,"38,199.00","3,024,930.00",6,-200.0,"1,350.00",-0.52,3.6,0.49,"45,151.00","18,000.00",,
2023/12/18,297,UNL,63.54,38700.0,39400.0,38000.0,39000.0,"39,000.00",0.0,0.0,"38,624.91",160.00,"37,999.00","6,179,985.00",16,"1,001.00","1,400.00",2.63,3.68,0.96,"45,151.00","18,000.00",,
2023/10/18,279,UNL,45.64,36350.0,36350.0,36350.0,36350.0,"36,350.00",0.0,0.0,"36,350.00",10.00,"36,000.00","363,500.00",1,350.0,0.0,0.97,0.0,0.0,"39,930.00","17,700.00",,
2023/10/19,276,UNL,46.73,37000.0,37000.0,36265.0,36265.0,"36,265.00",0.0,0.0,"36,590.82",60.00,"36,350.00","2,195,449.00",6,-85.0,735.0,-0.23,2.03,-0.9,"39,930.00","17,700.00",,
2023/10/29,275,UNL,39.81,36990.0,36990.0,36250.3,36250.3,"36,250.30",0.0,0.0,"36,620.15",20.00,"36,265.00","732,403.00",2,-14.7,739.7,-0.04,2.04,-1.02,"39,930.00","17,700.00",,
2023/10/30,279,UNL,29.29,35610.0,35610.0,35525.3,35600.0,"35,600.00",0.0,0.0,"35,594.02",41.00,"36,250.30","1,459,355.00",5,-650.3,84.7,-1.79,0.24,0.02,"39,930.00","17,700.00",,
2023/10/31,278,UNL,36.24,36000.0,36000.0,36000.0,36000.0,"36,000.00",0.0,0.0,"36,000.00",40.00,"35,600.00","1,440,000.00",4,400.0,0.0,1.12,0.0,0.0,"39,930.00","17,700.00",,
2023/11/02,274,UNL,25.04,36000.0,36000.0,36000.0,36000.0,"36,000.00",0.0,0.0,"36,000.00",10.00,"36,000.00","360,000.00",1,0.0,0.0,0.0,0.0,0.0,"39,930.00","17,700.00",,
2023/11/05,281,UNL,30.85,35525.0,36190.0,35501.0,35530.0,"35,530.00",0.0,0.0,"35,573.36",140.00,"36,000.00","4,980,271.00",7,-470.0,689.0,-1.31,1.94,-0.12,"39,930.00","17,700.00",,
2023/11/06,275,UNL,41.14,36200.0,36200.0,36200.0,36200.0,"36,200.00",0.0,0.0,"36,200.00",10.00,"35,530.00","362,000.00",1,670.0,0.0,1.89,0.0,0.0,"39,930.00","17,700.00",,
2023/11/07,277,UNL,47.75,36490.0,36900.0,36400.0,36900.0,"36,900.00",0.0,0.0,"36,594.09",110.00,"36,200.00","4,025,350.00",10,700.0,500.0,1.93,1.37,0.83,"39,930.00","17,700.00",,
2023/11/08,280,UNL,43.98,37490.0,37490.0,36740.2,37200.0,"37,200.00",0.0,0.0,"37,221.04",50.00,"36,900.00","1,861,052.00",5,300.00,749.8,0.81,2.04,-0.06,"39,930.00","17,700.00",,
2023/11/09,275,UNL,42.02,37944.0,37944.0,37944.0,37944.0,"37,944.00",0.0,0.0,"37,944.00",10.00,"37,200.00","379,440.00",1,744.0,0.0,2.0,0.0,0.0,"39,930.00","17,700.00",,
2023/11/20,276,UNL,48.45,38702.0,41000.0,38702.0,39400.0,"39,400.00",0.0,0.0,"39,886.14",70.00,"37,944.00","2,792,030.00",7,"1,456.00","2,298.00",3.84,5.94,-1.23,"41,000.00","17,700.00",,
2023/11/21,277,UNL,47.04,38900.0,39700.0,38500.0,39700.0,"39,700.00",0.0,0.0,"39,357.33",180.00,"39,400.00","7,084,320.00",14,300.0,"1,200.00",0.76,3.12,0.86,"41,000.00","17,700.00",,
2023/11/22,286,UNL,47.24,40000.0,40400.0,39400.0,40100.0,"40,100.00",0.0,0.0,"40,063.80",100.00,"39,700.00","4,006,380.00",10,400.0,"1,000.00",1.01,2.54,0.09,"41,000.00","17,700.00",,
2023/11/23,284,UNL,45.62,40902.0,40902.0,40084.0,40200.0,"40,200.00",0.0,0.0,"40,264.00",90.00,"40,100.00","3,623,760.00",9,100.0,818.0,0.25,2.04,-0.16,"41,000.00","17,700.00",,
2023/09/21,270,UNL,62.17,35777.0,37222.3,35777.0,37222.3,"37,222.30",0.0,0.0,"35,894.35",330.00,"35,590.00","11,845,137.00",9,"1,632.30","1,445.30",4.59,4.04,3.57,"39,930.00","17,300.00",,
2023/09/24,277,UNL,51.01,36477.89,36900.0,35770.0,35770.0,"35,770.00",0.0,0.0,"36,493.31",48.00,"37,222.30","1,751,678.90",4,"-1,452.30","1,130.00",-3.9,3.16,-2.02,"39,930.00","17,300.00",,
2023/09/25,276,UNL,48.36,36400.0,36400.0,35900.0,36000.0,"36,000.00",0.0,0.0,"36,100.00",30.00,"35,770.00","1,083,000.00",3,230.0,500.0,0.64,1.39,-0.28,"39,930.00","17,300.00",,
2023/09/26,278,UNL,41.09,36440.0,36440.0,35266.0,35266.0,"35,266.00",0.0,0.0,"35,654.32",50.00,"36,000.00","1,782,716.00",5,-734.0,"1,174.00",-2.04,3.33,-1.1,"39,930.00","17,300.00",,
2023/09/27,275,UNL,32.42,35444.0,35444.0,35444.0,35444.0,"35,444.00",0.0,0.0,"35,444.00",10.00,"35,266.00","354,440.00",1,178.0,0.0,0.5,0.0,0.0,"39,930.00","17,300.00",,
2023/10/01,276,UNL,35.25,35750.0,35750.0,35060.1,35060.1,"35,060.10",0.0,0.0,"35,336.70",30.00,"35,444.00","1,060,101.00",3,-383.9,689.9,-1.08,1.97,-0.79,"39,930.00","17,677.00",,
2023/10/02,278,UNL,36.84,35700.0,35700.0,35000.0,35100.0,"35,100.00",0.0,0.0,"35,160.22",50.00,"35,060.10","1,758,011.00",5,39.9,700.0,0.11,2.0,-0.17,"39,930.00","17,677.00",,
2023/10/04,277,UNL,44.29,35300.0,35300.0,35000.0,35000.0,"35,000.00",0.0,0.0,"35,081.28",160.00,"35,100.00","5,613,005.00",7,-100.0,300.0,-0.28,0.86,-0.23,"39,930.00","17,677.00",,
2023/10/05,272,UNL,32.75,35000.0,35500.0,34605.0,34605.0,"34,605.00",0.0,0.0,"35,035.02",60.00,"35,000.00","2,102,101.00",6,-395.0,895.0,-1.13,2.59,-1.24,"39,930.00","17,677.00",,
2023/10/08,282,UNL,26.75,35222.0,35222.0,34674.0,34674.0,"34,674.00",0.0,0.0,"34,948.00",20.00,"34,605.00","698,960.00",2,69.0,548.0,0.2,1.58,-0.79,"39,930.00","17,677.00",,
2023/10/09,279,UNL,50.44,35300.0,35300.0,34900.0,35200.0,"35,200.00",0.0,0.0,"35,099.88",80.00,"34,674.00","2,807,990.00",7,526.0,400.0,1.52,1.15,0.28,"39,930.00","17,677.00",,
2023/10/10,274,UNL,42.99,35299.0,35300.0,35299.0,35300.0,"35,300.00",0.0,0.0,"35,299.50",20.00,"35,200.00","705,990.00",2,100.0,1.0,0.28,0.0,0.0,"39,930.00","17,677.00",,
2023/10/11,278,UNL,53.27,35555.0,35555.0,35400.0,35400.0,"35,400.00",0.0,0.0,"35,452.39",180.00,"35,300.00","6,381,430.00",11,100.0,155.0,0.28,0.44,-0.15,"39,930.00","17,677.00",,
2023/10/12,284,UNL,49.26,36105.0,36600.0,35210.0,35210.0,"35,210.00",0.0,0.0,"36,025.86",90.00,"35,400.00","3,242,327.00",9,-190.0,"1,390.00",-0.54,3.95,-2.32,"39,930.00","17,677.00",,
2023/10/16,277,UNL,50.03,35900.0,38000.0,35850.0,35850.0,"35,850.00",0.0,0.0,"36,848.35",140.00,"35,210.00","5,158,769.00",13,640.0,"2,150.00",1.82,6.0,-2.78,"39,930.00","17,700.00",,
2023/08/23,265,UNL,44.19,36560.0,36560.0,35900.0,35900.0,"35,900.00",0.0,0.0,"36,085.50",60.00,"36,150.00","2,165,130.00",6,-250.0,660.0,-0.69,1.84,-0.52,"39,930.00","17,300.00",,
2023/08/24,267,UNL,36.68,35899.0,36000.0,35402.0,35888.0,"35,888.00",0.0,0.0,"35,692.23",90.00,"35,900.00","3,212,301.00",9,-12.0,598.0,-0.03,1.69,0.55,"39,930.00","17,300.00",,
2023/08/27,272,UNL,46.71,35200.0,36605.7,35200.0,36299.9,"36,299.90",0.0,0.0,"35,918.93",60.00,"35,888.00","2,155,136.00",6,411.9,"1,405.70",1.15,3.99,1.05,"39,930.00","17,300.00",,
2023/08/28,271,UNL,43.38,36399.9,36399.9,35672.0,36200.0,"36,200.00",0.0,0.0,"35,988.78",50.00,"36,299.90","1,799,439.00",5,-99.9,727.9,-0.28,2.04,0.58,"39,930.00","17,300.00",,
2023/08/29,270,UNL,41.48,36400.0,36400.0,35800.0,35800.0,"35,800.00",0.0,0.0,"36,286.35",184.00,"36,200.00","6,676,688.00",6,-400.0,600.0,-1.1,1.68,-1.36,"39,930.00","17,300.00",,
2023/08/30,267,UNL,42.84,35850.0,35900.0,35200.0,35260.0,"35,260.00",0.0,0.0,"35,495.02",633.00,"35,800.00","22,468,349.00",21,-540.0,700.0,-1.51,1.99,-0.67,"39,930.00","17,300.00",,
2023/09/03,268,UNL,34.33,35900.0,35900.0,35182.0,35182.0,"35,182.00",0.0,0.0,"35,604.54",260.00,"35,260.00","9,257,181.00",9,-78.0,718.0,-0.22,2.04,-1.2,"39,930.00","17,300.00",,
2023/09/04,262,UNL,34.74,35700.0,35700.0,35100.0,35100.0,"35,100.00",0.0,0.0,"35,671.43",210.00,"35,182.00","7,491,000.00",2,-82.0,600.0,-0.23,1.71,-1.63,"39,930.00","17,300.00",,
2023/09/05,269,UNL,33.37,35750.0,35750.0,35540.0,35540.0,"35,540.00",0.0,0.0,"35,645.00",20.00,"35,100.00","712,900.00",2,440.0,210.0,1.25,0.59,-0.3,"39,930.00","17,300.00",,
2023/09/07,268,UNL,36.52,34830.0,34830.0,34829.2,34829.2,"34,829.20",0.0,0.0,"34,829.80",40.00,"35,540.00","1,393,192.00",4,-710.8,0.8,-2.0,0.0,0.0,"39,930.00","17,300.00",,
2023/09/10,268,UNL,43.54,35500.0,35500.0,34610.0,35000.0,"35,000.00",0.0,0.0,"34,834.00",170.00,"34,829.20","5,921,780.00",11,170.8,890.0,0.49,2.57,0.47,"39,930.00","17,300.00",,
2023/09/11,270,UNL,42.52,35400.0,35500.0,35000.0,35000.0,"35,000.00",0.0,0.0,"35,349.98",40.00,"35,000.00","1,413,999.00",4,0.0,500.0,0.0,1.43,-1.0,"39,930.00","17,300.00",,
2023/09/12,268,UNL,33.56,34801.0,35001.0,34801.0,35001.0,"35,001.00",0.0,0.0,"34,901.00",20.00,"35,000.00","698,020.00",2,1.0,200.0,0.0,0.57,0.29,"39,930.00","17,300.00",,
2023/09/13,267,UNL,44.14,35490.0,35490.0,35002.0,35002.0,"35,002.00",0.0,0.0,"35,236.00",40.00,"35,001.00","1,409,440.00",4,1.0,488.0,0.0,1.39,-0.67,"39,930.00","17,300.00",,
2023/09/17,270,UNL,48.53,35003.0,35400.0,34450.0,35000.0,"35,000.00",0.0,0.0,"35,138.79",405.00,"35,002.00","14,231,210.00",12,-2.0,950.0,-0.01,2.76,-0.4,"39,930.00","17,300.00",,
2023/09/18,263,UNL,46.8,35500.0,35500.0,35500.0,35500.0,"35,500.00",0.0,0.0,"35,500.00",10.00,"35,000.00","355,000.00",1,500.0,0.0,1.43,0.0,0.0,"39,930.00","17,300.00",,
2023/07/31,256,UNL,35.76,37100.0,37100.0,36358.0,37100.0,"37,100.00",0.0,0.0,"36,711.60",50.00,"36,650.00","1,835,580.00",5,450.0,742.0,1.23,2.04,1.05,"39,930.00","17,300.00",,
2023/08/01,256,UNL,34.61,37800.0,37800.0,36029.0,36029.0,"36,029.00",0.0,0.0,"36,499.55",110.00,"37,100.00","4,014,950.00",11,"-1,071.00","1,771.00",-2.89,4.92,-1.31,"39,930.00","17,300.00",,
2023/08/02,263,UNL,39.75,36700.0,36700.0,35511.0,36221.0,"36,221.00",0.0,0.0,"36,145.64",110.00,"36,029.00","3,976,020.00",11,192.0,"1,189.00",0.53,3.35,0.21,"39,930.00","17,300.00",,
2023/08/03,256,UNL,32.87,36900.0,36900.0,36142.4,36142.4,"36,142.40",0.0,0.0,"36,521.10",40.00,"36,221.00","1,460,844.00",4,-78.6,757.6,-0.22,2.1,-1.05,"39,930.00","17,300.00",,
2023/08/06,259,UNL,31.81,36650.0,36650.0,35500.0,35999.0,"35,999.00",0.0,0.0,"35,816.93",75.00,"36,142.40","2,686,270.00",8,-143.4,"1,150.00",-0.4,3.24,0.51,"39,930.00","17,300.00",,
2023/08/07,260,UNL,38.17,36700.0,37420.0,36050.0,36050.0,"36,050.00",0.0,0.0,"36,727.54",90.00,"35,999.00","3,305,479.00",9,51.0,"1,370.00",0.14,3.8,-1.88,"39,930.00","17,300.00",,
2023/08/08,258,UNL,38.11,36771.0,37500.5,36250.0,36250.0,"36,250.00",0.0,0.0,"36,714.74",200.00,"36,050.00","7,342,947.00",13,200.0,"1,250.50",0.55,3.45,-1.28,"39,930.00","17,300.00",,
2023/08/09,258,UNL,36.82,36975.0,36975.0,36501.0,36501.0,"36,501.00",0.0,0.0,"36,750.25",40.00,"36,250.00","1,470,010.00",4,251.0,474.00,0.69,1.3,-0.68,"39,930.00","17,300.00",,
2023/08/10,262,UNL,39.53,37231.0,37850.0,37090.0,37090.0,"37,090.00",0.0,0.0,"37,276.00",60.00,"36,501.00","2,236,560.00",6,589.0,760.0,1.61,2.05,-0.5,"39,930.00","17,300.00",,
2023/08/13,263,UNL,45.24,37831.0,39349.0,36950.0,37300.0,"37,300.00",0.0,0.0,"37,636.79",140.00,"37,090.00","5,269,150.00",14,210.00,"2,399.00",0.57,6.49,-0.9,"39,930.00","17,300.00",,
2023/08/14,271,UNL,40.79,38040.0,38790.0,38014.2,38014.2,"38,014.20",0.0,0.0,"38,281.40",30.00,"37,300.00","1,148,442.00",3,714.2,775.8,1.91,2.04,-0.7,"39,930.00","17,300.00",,
2023/08/15,270,UNL,48.63,37300.0,38000.0,36496.0,37200.0,"37,200.00",0.0,0.0,"36,891.89",95.00,"38,014.20","3,504,730.00",8,-814.2,"1,504.00",-2.14,4.12,0.83,"39,930.00","17,300.00",,
2023/08/16,261,UNL,34.99,37944.0,37944.0,36502.0,36949.0,"36,949.00",0.0,0.0,"37,036.04",50.00,"37,200.00","1,851,802.00",5,-251.0,"1,442.00",-0.67,3.95,-0.24,"39,930.00","17,300.00",,
2023/08/17,263,UNL,39.59,37500.0,37500.0,36000.0,36000.0,"36,000.00",0.0,0.0,"36,381.31",130.00,"36,949.00","4,729,570.00",13,-949.0,"1,500.00",-2.57,4.17,-1.06,"39,930.00","17,300.00",,
2023/08/20,261,UNL,33.59,35500.0,36680.0,35500.0,36000.0,"36,000.00",0.0,0.0,"35,798.75",80.00,"36,000.00","2,863,900.00",4,0.0,"1,180.00",0.0,3.32,0.56,"39,930.00","17,300.00",,
2023/08/21,264,UNL,37.95,36000.0,36000.0,35311.0,35900.0,"35,900.00",0.0,0.0,"35,634.86",290.00,"36,000.00","10,334,110.00",8,-100.0,689.0,-0.28,1.95,0.74,"39,930.00","17,300.00",,
2023/07/06,318,UNL,42.53,49737.0,49737.0,48743.0,48743.0,"48,743.00",0.0,0.0,"48,839.32",124.00,"49,737.00","6,056,075.30",15,-994.0,994.0,-2.0,2.04,-0.2,"52,700.00","43,800.00","46,878.82","46,697.07"
2023/07/09,280,UNL,36.69,31270.0,31915.0,31270.0,31910.0,"31,910.00",0.0,0.0,"31,802.57",60.00,"31,900.00","1,908,154.00",4,10.0,645.0,0.03,2.06,0.34,"37,838.00","16,556.70",,
2023/07/10,286,UNL,54.7,31300.0,32595.0,31300.0,32595.0,"32,595.00",0.0,0.0,"32,249.13",220.00,"31,910.00","7,094,808.00",13,685.00,"1,295.00",2.15,4.14,1.06,"37,838.00","16,556.70",,
2023/07/11,276,UNL,48.55,31945.0,32574.9,31310.0,32574.9,"32,574.90",0.0,0.0,"32,068.20",50.00,"32,595.00","1,603,410.00",5,-20.1,"1,264.90",-0.06,4.04,1.56,"37,838.00","16,556.70",,
2023/07/12,282,UNL,52.14,33226.0,33226.0,32536.0,32536.0,"32,536.00",0.0,0.0,"32,993.06",90.00,"32,574.90","2,969,375.00",6,-38.9,690.0,-0.12,2.12,-1.4,"37,838.00","16,556.70",,
2023/07/13,289,UNL,53.58,32700.0,32700.0,31886.0,32500.0,"32,500.00",0.0,0.0,"32,235.09",110.00,"32,536.00","3,545,860.00",11,-36.0,814.00,-0.11,2.55,0.82,"37,838.00","16,556.70",,
2023/07/16,280,UNL,44.43,32890.0,32998.0,32890.0,32998.0,"32,998.00",0.0,0.0,"32,921.75",40.00,"32,500.00","1,316,870.00",4,498.00,108.00,1.53,0.33,0.23,"37,838.00","16,556.70",,
2023/07/17,251,UNL,59.44,32338.1,33657.9,32338.1,33489.0,"33,489.00",0.0,0.0,"33,117.03",338.00,"32,998.00","11,193,556.00",20,491.0,"1,319.80",1.49,4.08,1.11,"37,838.00","16,556.70",,
2023/07/18,249,UNL,61.19,32819.3,36499.9,32819.3,36300.0,"36,300.00",0.0,0.0,"34,302.52",816.00,"33,489.00","27,990,856.80",69,"2,811.00","3,680.60",8.39,11.21,5.5,"37,838.00","16,556.70",,
2023/07/19,254,UNL,62.46,37026.0,39930.0,36161.1,37230.0,"37,230.00",0.0,0.0,"37,433.36",470.00,"36,300.00","17,593,680.00",39,930.0,"3,768.90",2.56,10.42,-0.55,"39,930.00","16,556.70",,
2023/07/20,258,UNL,57.53,37974.0,39290.0,37684.3,38453.3,"38,453.30",0.0,0.0,"38,223.47",180.00,"37,230.00","6,880,225.00",18,"1,223.30","1,605.70",3.29,4.26,0.6,"39,930.00","16,556.70",,
2023/07/23,260,UNL,61.25,37684.3,38430.0,36950.0,37995.0,"37,995.00",0.0,0.0,"37,614.84",420.00,"38,453.30","15,798,233.00",38,-458.3,"1,480.00",-1.19,4.01,1.0,"39,930.00","16,556.70",,
2023/07/24,259,UNL,51.21,38754.0,38754.0,37000.0,37300.0,"37,300.00",0.0,0.0,"37,650.12",250.00,"37,995.00","9,412,529.00",22,-695.0,"1,754.00",-1.83,4.74,-0.94,"39,930.00","16,556.70",,
2023/07/25,261,UNL,47.91,37990.0,39500.0,37990.0,39500.0,"39,500.00",0.0,0.0,"38,573.10",40.00,"37,300.00","1,542,924.00",4,"2,200.00","1,510.00",5.9,3.97,2.35,"39,930.00","16,556.70",,
2023/07/26,254,UNL,44.15,39500.0,39500.0,36304.1,37000.0,"37,000.00",0.0,0.0,"36,746.38",420.00,"39,500.00","15,433,481.00",23,"-2,500.00","3,195.90",-6.33,8.8,0.69,"39,930.00","16,556.70",,
2023/07/27,265,UNL,39.16,37700.0,37700.0,36101.0,36101.0,"36,101.00",0.0,0.0,"36,592.14",180.00,"37,000.00","6,586,585.00",15,-899.0,"1,599.00",-2.43,4.43,-1.36,"39,930.00","16,556.70",,
2023/06/12,278,UNL,43.98,33286.0,35322.0,33219.0,34399.0,"34,399.00",0.0,0.0,"34,040.04",180.00,"32,634.00","6,127,208.00",18,"1,765.00","2,103.00",5.41,6.33,1.04,"35,322.00","16,556.70",,
2023/06/13,263,UNL,49.58,35086.9,37838.0,32850.0,33320.0,"33,320.00",0.0,0.0,"34,306.69",425.00,"34,399.00","14,580,342.00",31,"-1,079.00","4,988.00",-3.14,15.18,-2.96,"37,838.00","16,556.70",,
2023/06/14,268,UNL,45.69,32655.0,33900.0,31948.0,31948.0,"31,948.00",0.0,0.0,"32,712.15",242.00,"33,320.00","7,916,340.20",22,"-1,372.00","1,952.00",-4.12,6.11,-2.39,"37,838.00","16,556.70",,
2023/06/15,263,UNL,41.0,32586.9,33238.6,30802.1,32000.0,"32,000.00",0.0,0.0,"31,859.40",240.00,"31,948.00","7,646,256.00",23,52.0,"2,436.50",0.16,7.91,0.44,"37,838.00","16,556.70",,
2023/06/18,273,UNL,40.26,32399.0,32500.0,32380.0,32500.0,"32,500.00",0.0,0.0,"32,471.58",120.00,"32,000.00","3,896,590.00",8,500.0,120.00,1.56,0.37,0.09,"37,838.00","16,556.70",,
2023/06/19,269,UNL,41.26,31850.0,32808.0,31100.0,31301.0,"31,301.00",0.0,0.0,"31,601.58",320.00,"32,500.00","10,112,504.00",22,"-1,199.00","1,708.00",-3.69,5.49,-0.96,"37,838.00","16,556.70",,
2023/06/20,261,UNL,40.1,31301.0,31927.0,31301.0,31899.0,"31,899.00",0.0,0.0,"31,540.20",100.00,"31,301.00","3,154,020.00",8,598.0,626.0,1.91,2.0,1.12,"37,838.00","16,556.70",,
2023/06/21,318,UNL,42.53,49737.0,49737.0,48743.0,48743.0,"48,743.00",0.0,0.0,"48,839.32",124.00,"49,737.00","6,056,075.30",15,-994.0,994.0,-2.0,2.04,-0.2,"52,700.00","43,800.00","46,878.82","46,697.07"
2023/06/22,318,UNL,42.53,49737.0,49737.0,48743.0,48743.0,"48,743.00",0.0,0.0,"48,839.32",124.00,"49,737.00","6,056,075.30",15,-994.0,994.0,-2.0,2.04,-0.2,"52,700.00","43,800.00","46,878.82","46,697.07"
2023/06/25,268,UNL,55.42,32135.0,33333.3,32135.0,32790.0,"32,790.00",0.0,0.0,"32,759.00",40.00,"31,505.00","1,310,360.00",4,"1,285.00","1,198.30",4.08,3.73,0.09,"37,838.00","16,556.70",,
2023/06/26,272,UNL,53.47,33000.0,33000.0,32135.0,32777.7,"32,777.70",0.0,0.0,"32,637.57",30.00,"32,790.00","979,127.00",3,-12.3,865.0,-0.04,2.69,0.43,"37,838.00","16,556.70",,
2023/06/27,268,UNL,56.32,33199.0,33199.0,32535.1,32705.0,"32,705.00",0.0,0.0,"32,808.64",170.00,"32,777.70","5,577,469.00",14,-72.70,663.90,-0.22,2.04,-0.32,"37,838.00","16,556.70",,
2023/06/28,273,UNL,46.09,33359.0,33359.0,33330.0,33330.0,"33,330.00",0.0,0.0,"33,344.50",20.00,"32,705.00","666,890.00",2,625.0,29.0,1.91,0.09,-0.04,"37,838.00","16,556.70",,
2023/07/02,279,UNL,42.83,32664.0,32664.0,32010.8,32585.0,"32,585.00",0.0,0.0,"32,161.16",175.00,"33,330.00","5,628,203.00",12,-745.0,653.2,-2.24,2.04,1.3,"37,838.00","16,556.70",,
2023/07/03,268,UNL,36.07,32700.0,32700.0,32046.0,32046.0,"32,046.00",0.0,0.0,"32,142.29",70.00,"32,585.00","2,249,960.00",4,-539.0,654.0,-1.65,2.04,-0.3,"37,838.00","16,556.70",,
2023/07/04,275,UNL,36.88,31650.0,32130.0,31500.0,32130.0,"32,130.00",0.0,0.0,"31,804.00",50.00,"32,046.00","1,590,200.00",5,84.00,630.0,0.26,2.0,1.01,"37,838.00","16,556.70",,
2023/05/16,262,UNL,41.74,25000.0,25350.0,25000.0,25350.0,"25,350.00",0.0,0.0,"25,183.08",195.00,"24,990.00","4,910,700.00",14,360.0,350.0,1.44,1.4,0.66,"25,350.00","16,556.70",,
2023/05/17,259,UNL,35.61,24843.0,25300.0,24843.0,25300.0,"25,300.00",0.0,0.0,"25,156.85",91.00,"25,350.00","2,289,273.00",8,-50.0,457.0,-0.2,1.84,0.57,"25,350.00","16,556.70",,
2023/05/18,257,UNL,40.22,24794.0,25600.0,24794.0,25205.0,"25,205.00",0.0,0.0,"25,328.03",235.00,"25,300.00","5,952,086.00",19,-95.0,806.0,-0.38,3.25,-0.49,"25,600.00","16,556.70",,
2023/05/21,266,UNL,39.05,24810.0,25400.0,24810.0,24950.0,"24,950.00",0.0,0.0,"25,112.90",300.00,"25,205.00","7,533,871.00",23,-255.00,590.00,-1.01,2.38,-0.65,"25,600.00","16,556.70",,
2023/05/22,265,UNL,46.93,25449.0,26700.0,25110.0,26700.0,"26,700.00",0.0,0.0,"25,870.55",600.00,"24,950.00","15,522,330.00",38,"1,750.00","1,590.00",7.01,6.33,3.11,"26,700.00","16,556.70",,
2023/05/23,264,UNL,52.86,26510.0,29370.0,26510.0,28000.0,"28,000.00",0.0,0.0,"28,505.08","1,640.00","26,700.00","46,748,329.00",62,"1,300.00","2,860.00",4.87,10.79,-1.8,"29,370.00","16,556.70",,
2023/05/24,263,UNL,54.75,27440.0,30800.0,27440.0,30790.0,"30,790.00",0.0,0.0,"29,264.15",675.00,"28,000.00","19,753,302.00",47,"2,790.00","3,360.00",9.96,12.24,4.96,"30,800.00","16,556.70",,
2023/05/28,261,UNL,53.67,31400.0,33869.0,29004.1,33000.0,"33,000.00",0.0,0.0,"31,457.03",440.00,"30,790.00","13,841,093.00",33,"2,210.00","4,864.90",7.18,16.77,4.68,"33,869.00","16,556.70",,
2023/05/30,268,UNL,49.06,32340.0,33427.0,29700.0,33427.0,"33,427.00",0.0,0.0,"30,874.58",384.00,"33,000.00","11,855,840.00",27,427.0,"3,727.00",1.29,12.55,7.64,"33,869.00","16,556.70",,
2023/05/31,255,UNL,41.78,32758.5,32758.5,30084.3,30084.3,"30,084.30",0.0,0.0,"30,486.72",310.00,"33,427.00","9,450,884.00",27,"-3,342.70","2,674.20",-10.0,8.89,-1.34,"33,869.00","16,556.70",,
2023/06/01,265,UNL,38.02,30084.0,31140.0,30000.0,30700.0,"30,700.00",0.0,0.0,"30,378.67",120.00,"30,084.30","3,645,440.00",12,615.7,"1,140.00",2.05,3.8,1.05,"33,869.00","16,556.70",,
2023/06/04,263,UNL,36.79,31300.0,31925.0,31300.0,31925.0,"31,925.00",0.0,0.0,"31,781.26",80.00,"30,700.00","2,542,501.00",8,"1,225.00",625.0,3.99,2.0,0.45,"33,869.00","16,556.70",,
2023/06/05,270,UNL,32.51,31300.0,31400.0,30100.0,31000.0,"31,000.00",0.0,0.0,"30,983.45",110.00,"31,925.00","3,408,180.00",10,-925.0,"1,300.00",-2.9,4.32,0.05,"33,869.00","16,556.70",,
2023/06/06,262,UNL,37.92,30400.0,31742.0,30400.0,31200.0,"31,200.00",0.0,0.0,"31,253.00",130.00,"31,000.00","4,062,890.00",12,200.0,"1,342.00",0.65,4.41,-0.17,"33,869.00","16,556.70",,
2023/06/07,254,UNL,37.24,31800.0,31925.0,31300.0,31300.0,"31,300.00",0.0,0.0,"31,401.05",152.00,"31,200.00","4,772,960.00",13,100.0,625.0,0.32,2.0,-0.32,"33,869.00","16,556.70",,
2023/06/08,266,UNL,28.76,31000.0,31000.0,30674.0,30674.0,"30,674.00",0.0,0.0,"30,783.67",30.00,"31,300.00","923,510.00",3,-626.0,326.0,-2.0,1.06,-0.36,"33,869.00","16,556.70",,
2023/04/20,260,UNL,34.73,22010.0,23024.0,22000.0,22674.0,"22,674.00",0.0,0.0,"22,151.16",380.00,"22,410.00","8,417,440.00",13,264.0,"1,024.00",1.18,4.65,2.31,"25,200.00","16,556.70",,
2023/04/23,258,UNL,29.4,23127.0,23127.0,23127.0,23127.0,"23,127.00",0.0,0.0,"23,127.00",20.00,"22,674.00","462,540.00",2,453.0,0.0,2.0,0.0,0.0,"25,200.00","16,556.70",,
2023/04/24,263,UNL,30.52,22690.0,23500.0,22690.0,23100.0,"23,100.00",0.0,0.0,"23,092.76",50.00,"23,127.00","1,154,638.00",5,-27.0,810.0,-0.12,3.57,0.03,"25,200.00","16,556.70",,
2023/04/25,257,UNL,38.1,23101.0,23750.0,23101.0,23750.0,"23,750.00",0.0,0.0,"23,466.67",30.00,"23,100.00","704,000.00",3,650.0,649.0,2.81,2.81,1.19,"25,200.00","16,556.70",,
2023/04/26,257,UNL,35.23,24225.0,24225.0,23560.0,23560.0,"23,560.00",0.0,0.0,"23,773.75",40.00,"23,750.00","950,950.00",3,-190.0,665.0,-0.8,2.82,-0.91,"25,200.00","16,556.70",,
2023/04/27,262,UNL,22.42,23088.8,23088.8,22200.0,22200.0,"22,200.00",0.0,0.0,"22,638.63",30.00,"23,560.00","679,159.00",3,"-1,360.00",888.8,-5.77,4.0,-1.98,"25,200.00","16,556.70",,
2023/04/30,264,UNL,18.37,22100.0,22100.0,22100.0,22100.0,"22,100.00",0.0,0.0,"22,100.00",10.00,"22,200.00","221,000.00",1,-100.0,0.0,-0.45,0.0,0.0,"25,200.00","16,556.70",,
2023/05/02,263,UNL,21.18,22542.0,22542.0,22542.0,22542.0,"22,542.00",0.0,0.0,"22,542.00",10.00,"22,100.00","225,420.00",1,442.0,0.0,2.0,0.0,0.0,"25,200.00","16,556.70",,
2023/05/03,258,UNL,25.65,22992.8,23200.0,22900.0,23200.0,"23,200.00",0.0,0.0,"23,023.20",40.00,"22,542.00","920,928.00",4,658.0,300.0,2.92,1.31,0.76,"25,200.00","16,556.70",,
2023/05/04,269,UNL,40.81,23600.0,23664.0,23401.0,23401.0,"23,401.00",0.0,0.0,"23,595.20",50.00,"23,200.00","1,179,760.00",5,201.0,263.0,0.87,1.12,-0.83,"25,200.00","16,556.70",,
2023/05/07,256,UNL,34.29,23400.0,23400.0,23400.0,23400.0,"23,400.00",0.0,0.0,"23,400.00",10.00,"23,401.00","234,000.00",1,-1.0,0.0,0.0,0.0,0.0,"25,200.00","16,556.70",,
2023/05/08,263,UNL,38.6,23868.0,24750.0,23300.0,23300.0,"23,300.00",0.0,0.0,"24,191.21",110.00,"23,400.00","2,661,033.00",10,-100.0,"1,450.00",-0.43,6.22,-3.82,"25,200.00","16,556.70",,
2023/05/09,263,UNL,37.68,23766.0,24241.0,23766.0,24241.0,"24,241.00",0.0,0.0,"23,845.17",60.00,"23,300.00","1,430,710.00",3,941.0,475.0,4.04,2.0,1.63,"25,200.00","16,556.70",,
2023/05/10,258,UNL,39.52,23816.0,24480.0,23815.0,24480.0,"24,480.00",0.0,0.0,"23,985.20",50.00,"24,241.00","1,199,260.00",4,239.0,665.0,0.99,2.79,2.02,"25,200.00","16,556.70",,
2023/05/11,253,UNL,40.23,24889.0,24895.0,24889.0,24895.0,"24,895.00",0.0,0.0,"24,764.00",35.00,"24,480.00","866,740.00",4,415.0,6.0,1.7,0.02,0.53,"25,200.00","16,556.70",,
2023/05/14,256,UNL,45.18,25100.0,25195.0,24501.0,25000.0,"25,000.00",0.0,0.0,"24,879.05",231.00,"24,895.00","5,747,061.00",20,105.0,694.0,0.42,2.83,0.48,"25,200.00","16,556.70",,
2023/06/11,268,UNL,47.56,30200.0,33342.7,30200.0,32634.0,"32,634.00",0.0,0.0,"32,400.41",404.00,"30,674.00","13,089,766.00",31,"1,960.00","3,142.70",6.39,10.41,0.72,"33,869.00","16,556.70",,
2023/07/05,270,UNL,34.02,31487.4,32262.8,31010.0,31701.0,"31,701.00",0.0,0.0,"31,801.49",70.00,"32,130.00","2,226,104.00",7,-429.0,"1,252.80",-1.34,4.04,-0.32,"37,838.00","16,556.70",,
2023/07/30,260,UNL,40.31,35500.0,36700.0,35500.0,36650.0,"36,650.00",0.0,0.0,"36,245.63",70.00,"36,101.00","2,537,194.00",7,549.0,"1,200.00",1.52,3.38,1.1,"39,930.00","17,300.00",,
2023/08/22,269,UNL,38.65,36615.0,36615.0,36150.0,36150.0,"36,150.00",0.0,0.0,"36,382.50",20.00,"35,900.00","727,650.00",2,250.0,465.0,0.7,1.29,-0.64,"39,930.00","17,300.00",,
2023/09/19,265,UNL,47.39,35500.0,35590.0,35499.9,35590.0,"35,590.00",0.0,0.0,"35,529.97",30.00,"35,500.00","1,065,899.00",3,90.0,90.1,0.25,0.25,0.17,"39,930.00","17,300.00",,
2023/10/17,281,UNL,46.24,36500.0,36564.9,36000.0,36000.0,"36,000.00",0.0,0.0,"36,429.43",90.00,"35,850.00","3,278,649.00",9,150.0,564.9,0.42,1.57,-1.19,"39,930.00","17,700.00",,
2023/11/26,286,UNL,52.99,41000.0,44209.0,40474.0,42900.0,"42,900.00",0.0,0.0,"42,380.59",550.00,"40,200.00","23,309,326.00",51,"2,700.00","3,735.00",6.72,9.23,1.21,"44,209.00","17,700.00",,
2023/12/19,305,UNL,59.34,39740.0,39740.0,38500.0,38500.0,"38,500.00",0.0,0.0,"38,935.03",40.00,"39,000.00","1,557,401.00",4,-500.0,"1,240.00",-1.28,3.22,-1.13,"45,151.00","18,000.00",,
2024/01/17,291,UNL,44.51,39100.0,39882.0,39100.0,39700.0,"39,700.00",0.0,0.0,"39,627.33",45.00,"39,500.10","1,783,230.00",4,199.9,782.0,0.51,2.0,0.18,"45,151.00","18,150.00",,
2024/02/11,296,UNL,37.68,40474.0,40474.0,38350.0,38350.0,"38,350.00",0.0,0.0,"39,338.50",60.00,"41,300.00","2,360,310.00",6,"-2,950.00","2,124.00",-7.14,5.54,-2.58,"45,151.00","19,010.00",,
2024/03/06,299,UNL,34.75,39500.0,39500.0,39000.0,39000.0,"39,000.00",0.0,0.0,"39,166.70",30.00,"39,000.00","1,175,001.00",3,0.0,500.00,0.0,1.28,-0.43,"45,151.00","19,750.00",,
2024/05/29,305,UNL,66.43,40138.0,43286.1,40138.0,43286.1,"43,286.10",0.0,0.0,"43,166.24","1,100.00","39,351.00","47,482,869.00",87,"3,935.10","3,148.10",10.0,7.84,0.28,"45,151.00","29,700.00",,
2024/06/24,313,UNL,45.52,44201.0,45300.0,44201.0,44400.0,"44,400.00",0.0,0.0,"44,472.43",70.00,"44,999.00","3,113,070.00",6,-599.0,"1,099.00",-1.33,2.49,-0.16,"49,250.00","31,010.00",,
2023/03/28,251,UNL,42.98,21455.0,21500.0,21450.0,21500.0,"21,500.00",0.0,0.0,"21,481.54",65.00,"21,400.00","1,396,300.00",6,100.0,50.0,0.47,0.23,0.09,"22,000.00","16,556.70",,
2023/03/29,251,UNL,39.15,21500.0,21550.0,21500.0,21550.0,"21,550.00",0.0,0.0,"21,520.71",140.00,"21,500.00","3,012,900.00",10,50.0,50.0,0.23,0.23,0.14,"22,000.00","16,556.70",,
2023/03/30,247,UNL,35.88,21590.0,21700.0,21590.0,21600.0,"21,600.00",0.0,0.0,"21,644.29",140.00,"21,550.00","3,030,200.00",9,50.0,110.0,0.23,0.51,-0.21,"22,000.00","16,556.70",,
2023/04/02,318,UNL,42.53,49737.0,49737.0,48743.0,48743.0,"48,743.00",0.0,0.0,"48,839.32",124.00,"49,737.00","6,056,075.30",15,-994.0,994.0,-2.0,2.04,-0.2,"52,700.00","43,800.00","46,878.82","46,697.07"
2023/04/03,253,UNL,26.14,21500.0,21500.0,21500.0,21500.0,"21,500.00",0.0,0.0,"21,500.00",10.00,"21,600.00","215,000.00",1,-100.0,0.0,-0.46,0.0,0.0,"22,000.00","16,556.70",,
2023/04/04,257,UNL,35.89,21500.0,21550.0,21500.0,21500.0,"21,500.00",0.0,0.0,"21,501.85",270.00,"21,500.00","5,805,500.00",11,0.0,50.0,0.0,0.23,-0.01,"22,000.00","16,556.70",,
2023/04/05,255,UNL,33.81,21502.0,21503.0,21502.0,21503.0,"21,503.00",0.0,0.0,"21,502.89",170.00,"21,500.00","3,655,491.00",5,3.0,1.0,0.01,0.0,0.0,"22,000.00","16,556.70",,
2023/04/06,262,UNL,30.04,21510.0,21650.0,21510.0,21650.0,"21,650.00",0.0,0.0,"21,592.11",95.00,"21,503.00","2,051,250.00",5,147.0,140.0,0.68,0.65,0.27,"22,000.00","16,556.70",,
2023/04/09,261,UNL,37.01,21650.0,22083.0,21650.0,22000.0,"22,000.00",0.0,0.0,"21,894.63",263.00,"21,650.00","5,758,289.00",14,350.0,433.0,1.62,2.0,0.48,"22,083.00","16,556.70",,
2023/04/10,254,UNL,41.15,22200.0,22748.0,22200.0,22310.0,"22,310.00",0.0,0.0,"22,381.95",430.00,"22,000.00","9,624,240.00",20,310.0,548.0,1.41,2.47,-0.32,"22,748.00","16,556.70",,
2023/04/11,255,UNL,46.94,22756.0,23868.0,22756.0,23800.0,"23,800.00",0.0,0.0,"22,885.47",380.00,"22,310.00","8,696,480.00",10,"1,490.00","1,112.00",6.68,4.89,3.84,"23,868.00","16,556.70",,
2023/04/12,260,UNL,47.73,23899.0,25000.0,23899.0,25000.0,"25,000.00",0.0,0.0,"24,323.50",120.00,"23,800.00","2,918,820.00",12,"1,200.00","1,101.00",5.04,4.61,2.71,"25,000.00","16,556.70",,
2023/04/13,318,UNL,42.53,49737.0,49737.0,48743.0,48743.0,"48,743.00",0.0,0.0,"48,839.32",124.00,"49,737.00","6,056,075.30",15,-994.0,994.0,-2.0,2.04,-0.2,"52,700.00","43,800.00","46,878.82","46,697.07"
2023/04/16,258,UNL,34.45,23529.8,23529.8,23059.3,23059.3,"23,059.30",0.0,0.0,"23,150.83",71.00,"24,010.00","1,643,709.00",7,-950.7,470.5,-3.96,2.04,-0.4,"25,200.00","16,556.70",,
2023/04/17,260,UNL,28.51,23000.0,23052.0,22600.0,23000.0,"23,000.00",0.0,0.0,"22,835.48",210.00,"23,059.30","4,795,450.00",16,-59.3,452.0,-0.26,2.0,0.72,"25,200.00","16,556.70",,
2023/04/18,259,UNL,24.69,22902.0,22902.0,22800.0,22800.0,"22,800.00",0.0,0.0,"22,861.20",50.00,"23,000.00","1,143,060.00",5,-200.0,102.0,-0.87,0.45,-0.27,"25,200.00","16,556.70",,
2023/02/28,255,UNL,24.93,20000.0,20229.0,20000.0,20000.0,"20,000.00",0.0,0.0,"20,047.80",50.00,"20,000.00","1,002,390.00",5,0.0,229.0,0.0,1.15,-0.24,"22,000.00","16,556.70",,
2023/03/01,250,UNL,30.39,20240.0,20240.0,20240.0,20240.0,"20,240.00",0.0,0.0,"20,240.00",10.00,"20,000.00","202,400.00",1,240.00,0.00,1.2,0.0,0.0,"22,000.00","16,556.70",,
2023/03/02,249,UNL,27.09,20000.0,20000.0,19840.0,19840.0,"19,840.00",0.0,0.0,"19,936.88",80.00,"20,240.00","1,594,950.00",6,-400.0,160.0,-1.98,0.81,-0.49,"22,000.00","16,556.70",,
2023/03/05,252,UNL,25.3,20000.0,20000.0,19900.0,19900.0,"19,900.00",0.0,0.0,"19,966.67",30.00,"19,840.00","599,000.00",3,60.0,100.0,0.3,0.5,-0.34,"22,000.00","16,556.70",,
2023/03/09,255,UNL,29.51,20000.0,20000.0,19900.0,19900.0,"19,900.00",0.0,0.0,"19,960.00",50.00,"19,900.00","998,000.00",5,0.0,100.0,0.0,0.5,-0.3,"22,000.00","16,556.70",,
2023/03/12,253,UNL,27.03,20297.9,20300.0,19900.0,19900.0,"19,900.00",0.0,0.0,"20,068.99",160.00,"19,900.00","3,211,039.00",13,0.0,400.0,0.0,2.01,-0.85,"22,000.00","16,556.70",,
2023/03/13,249,UNL,24.18,19951.0,19951.0,19900.0,19900.0,"19,900.00",0.0,0.0,"19,912.75",40.00,"19,900.00","796,510.00",4,0.0,51.0,0.0,0.26,-0.06,"22,000.00","16,556.70",,
2023/03/14,248,UNL,23.88,19900.0,19900.0,19750.0,19750.0,"19,750.00",0.0,0.0,"19,800.33",30.00,"19,900.00","594,010.00",3,-150.0,150.0,-0.75,0.76,-0.25,"22,000.00","16,556.70",,
2023/03/15,318,UNL,42.53,49737.0,49737.0,48743.0,48743.0,"48,743.00",0.0,0.0,"48,839.32",124.00,"49,737.00","6,056,075.30",15,-994.0,994.0,-2.0,2.04,-0.2,"52,700.00","43,800.00","46,878.82","46,697.07"
2023/03/16,251,UNL,32.71,20145.0,20145.0,20145.0,20145.0,"20,145.00",0.0,0.0,"20,145.00",50.00,"20,145.00","1,007,250.00",4,0.0,0.0,0.0,0.0,0.0,"22,000.00","16,556.70",,
2023/03/19,253,UNL,35.52,20145.0,20210.0,20000.0,20210.0,"20,210.00",0.0,0.0,"20,063.21",140.00,"20,145.00","2,808,850.00",11,65.0,210.0,0.32,1.05,0.73,"22,000.00","16,556.70",,
2023/03/20,251,UNL,41.37,20210.0,20500.0,20210.0,20500.0,"20,500.00",0.0,0.0,"20,343.43",166.00,"20,210.00","3,377,010.00",12,290.0,290.0,1.43,1.43,0.76,"22,000.00","16,556.70",,
2023/03/22,259,UNL,45.48,20850.0,20910.0,20850.0,20910.0,"20,910.00",0.0,0.0,"20,899.77",220.00,"20,500.00","4,597,950.00",15,410.0,60.0,2.0,0.29,0.05,"22,000.00","16,556.70",,
2023/03/23,252,UNL,42.92,21199.0,21320.0,21000.0,21000.0,"21,000.00",0.0,0.0,"21,263.17",120.00,"20,910.00","2,551,580.00",8,90.0,320.0,0.43,1.52,-1.25,"22,000.00","16,556.70",,
2023/03/26,252,UNL,47.83,21000.0,21300.0,21000.0,21300.0,"21,300.00",0.0,0.0,"21,131.54",240.00,"21,000.00","5,071,570.00",14,300.0,300.0,1.43,1.43,0.79,"22,000.00","16,556.70",,
2023/02/01,255,UNL,50.5,18350.0,18450.0,18350.0,18450.0,"18,450.00",0.0,0.0,"18,383.33",30.00,"18,220.00","551,500.00",3,230.0,100.0,1.26,0.54,0.36,"20,600.00","16,556.70",,
2023/02/02,251,UNL,30.87,18450.0,18450.0,18300.0,18300.0,"18,300.00",0.0,0.0,"18,350.00",30.00,"18,450.00","550,500.00",2,-150.0,150.0,-0.81,0.82,-0.27,"20,600.00","16,556.70",,
2023/02/03,318,UNL,42.53,49737.0,49737.0,48743.0,48743.0,"48,743.00",0.0,0.0,"48,839.32",124.00,"49,737.00","6,056,075.30",15,-994.0,994.0,-2.0,2.04,-0.2,"52,700.00","43,800.00","46,878.82","46,697.07"
2023/02/05,252,UNL,43.01,18400.0,18500.0,18400.0,18400.0,"18,400.00",0.0,0.0,"18,453.33",75.00,"18,300.00","1,384,000.00",7,100.0,100.0,0.55,0.54,-0.29,"20,600.00","16,556.70",,
2023/02/06,253,UNL,45.44,18450.0,18450.0,18450.0,18450.0,"18,450.00",0.0,0.0,"18,450.00",20.00,"18,400.00","369,000.00",1,50.0,0.0,0.27,0.0,0.0,"20,600.00","16,556.70",,
2023/02/07,254,UNL,41.76,18500.0,18500.0,18500.0,18500.0,"18,500.00",0.0,0.0,"18,500.00",40.00,"18,450.00","740,000.00",4,50.0,0.0,0.27,0.0,0.0,"20,600.00","16,556.70",,
2023/02/08,251,UNL,57.26,18500.0,18800.0,18500.0,18750.0,"18,750.00",0.0,0.0,"18,695.11",270.00,"18,500.00","5,047,680.00",22,250.0,300.0,1.35,1.62,0.29,"20,600.00","16,556.70",,
2023/02/09,251,UNL,56.91,18750.0,19000.0,18750.0,19000.0,"19,000.00",0.0,0.0,"18,887.40",181.00,"18,750.00","3,418,620.00",17,250.0,250.0,1.33,1.33,0.59,"20,600.00","16,556.70",,
2023/02/12,248,UNL,56.34,19074.0,19844.5,19010.0,19100.0,"19,100.00",0.0,0.0,"19,399.05",445.00,"19,000.00","8,632,576.50",36,100.0,834.5,0.53,4.39,-1.57,"20,600.00","16,556.70",,
2023/02/14,250,UNL,55.63,19482.0,20269.0,19330.0,20269.0,"20,269.00",0.0,0.0,"19,883.14",876.00,"19,100.00","17,417,627.00",73,"1,169.00",939.0,6.12,4.86,1.9,"20,600.00","16,556.70",,
2023/02/15,250,UNL,57.29,20599.0,22000.0,20500.0,22000.0,"22,000.00",0.0,0.0,"20,918.09",707.00,"20,269.00","14,789,091.00",64,"1,731.00","1,500.00",8.54,7.32,4.92,"22,000.00","16,556.70",,
2023/02/16,250,UNL,51.33,21560.0,21560.0,20500.0,20700.0,"20,700.00",0.0,0.0,"20,820.90",210.00,"22,000.00","4,372,390.00",20,"-1,300.00","1,060.00",-5.91,5.17,-0.58,"22,000.00","16,556.70",,
2023/02/20,252,UNL,42.39,20700.0,20700.0,20000.0,20000.0,"20,000.00",0.0,0.0,"20,406.70",200.00,"20,700.00","4,081,340.00",16,-700.0,700.0,-3.38,3.5,-2.03,"22,000.00","16,556.70",,
2023/02/22,263,UNL,35.5,20346.0,20346.0,20000.0,20340.0,"20,340.00",0.0,0.0,"20,276.61",140.00,"20,000.00","2,838,725.00",11,340.0,346.0,1.7,1.73,0.31,"22,000.00","16,556.70",,
2023/02/23,254,UNL,29.65,20300.0,20300.0,19800.0,19800.0,"19,800.00",0.0,0.0,"20,095.26",191.00,"20,340.00","3,838,194.00",9,-540.0,500.0,-2.65,2.53,-1.49,"22,000.00","16,556.70",,
2023/02/26,256,UNL,25.92,20000.0,20100.0,19950.0,19950.0,"19,950.00",0.0,0.0,"20,009.60",50.00,"19,800.00","1,000,480.00",5,150.0,150.0,0.76,0.75,-0.3,"22,000.00","16,556.70",,
2023/01/03,251,UNL,46.12,18250.0,18499.0,18000.0,18100.0,"18,100.00",0.0,0.0,"18,285.80",150.00,"18,350.00","2,742,870.00",8,-250.0,499.0,-1.36,2.77,-1.03,"20,600.00","16,556.70",,
2023/01/04,252,UNL,37.98,18250.0,18350.0,18250.0,18350.0,"18,350.00",0.0,0.0,"18,321.43",70.00,"18,100.00","1,282,500.00",3,250.0,100.0,1.38,0.55,0.16,"20,600.00","16,556.70",,
2023/01/05,253,UNL,38.32,18717.0,18717.0,18300.0,18300.0,"18,300.00",0.0,0.0,"18,450.40",50.00,"18,350.00","922,520.00",5,-50.0,417.0,-0.27,2.28,-0.82,"20,600.00","16,556.70",,
2023/01/08,253,UNL,41.76,18300.0,18300.0,18150.0,18250.2,"18,250.20",0.0,0.0,"18,235.74",70.00,"18,300.00","1,276,502.00",7,-49.80,150.00,-0.27,0.83,0.08,"20,600.00","16,556.70",,
2023/01/09,251,UNL,62.21,18250.0,19050.0,18250.0,18670.0,"18,670.00",0.0,0.0,"18,549.48",230.00,"18,250.20","4,266,380.00",21,419.8,800.0,2.3,4.38,0.65,"20,600.00","16,556.70",,
2023/01/10,248,UNL,59.42,18995.0,18995.0,18500.0,18500.0,"18,500.00",0.0,0.0,"18,571.44",135.00,"18,670.00","2,507,145.00",10,-170.0,495.0,-0.91,2.68,-0.39,"20,600.00","16,556.70",,
2023/01/12,246,UNL,53.01,18500.0,18500.0,18130.0,18150.0,"18,150.00",0.0,0.0,"18,215.30",270.00,"18,500.00","4,918,130.00",19,-350.0,370.0,-1.89,2.04,-0.36,"20,600.00","16,556.70",,
2023/01/17,244,UNL,42.17,18150.0,18150.0,18150.0,18150.0,"18,150.00",0.0,0.0,"18,150.00",10.00,"18,150.00","181,500.00",1,0.0,0.0,0.0,0.0,0.0,"20,600.00","16,556.70",,
2023/01/18,242,UNL,46.58,18500.0,18559.0,18300.0,18300.0,"18,300.00",0.0,0.0,"18,450.75",280.00,"18,150.00","5,166,210.00",20,150.0,259.0,0.83,1.42,-0.82,"20,600.00","16,556.70",,
2023/01/23,251,UNL,36.7,18350.0,18350.0,18200.0,18200.0,"18,200.00",0.0,0.0,"18,275.00",60.00,"18,300.00","1,096,500.00",5,-100.0,150.0,-0.55,0.82,-0.41,"20,600.00","16,556.70",,
2023/01/25,255,UNL,53.27,18300.0,18450.0,18300.0,18450.0,"18,450.00",0.0,0.0,"18,375.00",20.00,"18,200.00","367,500.00",2,250.0,150.0,1.37,0.82,0.41,"20,600.00","16,556.70",,
2023/01/26,248,UNL,53.41,18450.0,18450.0,18302.0,18320.0,"18,320.00",0.0,0.0,"18,380.50",40.00,"18,450.00","735,220.00",4,-130.0,148.0,-0.7,0.81,-0.33,"20,600.00","16,556.70",,
2023/01/29,261,UNL,53.1,18325.0,18400.0,18321.0,18400.0,"18,400.00",0.0,0.0,"18,349.27",55.00,"18,320.00","1,009,210.00",4,80.0,79.0,0.44,0.43,0.28,"20,600.00","16,556.70",,
2023/01/30,250,UNL,55.25,18450.0,18500.0,18450.0,18500.0,"18,500.00",0.0,0.0,"18,491.82",110.00,"18,400.00","2,034,100.00",7,100.0,50.0,0.54,0.27,0.04,"20,600.00","16,556.70",,
2022/12/07,240,UNL,41.41,18500.0,18500.0,18360.1,18360.1,"18,360.10",0.0,0.0,"18,440.03",80.00,"18,600.00","1,475,202.00",4,-239.9,139.9,-1.29,0.76,-0.44,"20,600.00","16,556.70",,
2022/12/11,247,UNL,42.28,18727.0,19050.0,18424.0,18600.0,"18,600.00",0.0,0.0,"18,720.20",50.00,"18,360.10","936,010.00",5,239.9,626.0,1.31,3.4,-0.65,"20,600.00","16,556.70",,
2022/12/12,239,UNL,42.33,18590.0,18599.0,18590.0,18599.0,"18,599.00",0.0,0.0,"18,597.50",60.00,"18,600.00","1,115,850.00",2,-1.0,9.0,-0.01,0.05,0.01,"20,600.00","16,556.70",,
2022/12/14,240,UNL,39.75,18965.0,18965.0,18965.0,18965.0,"18,965.00",0.0,0.0,"18,965.00",20.00,"18,599.00","379,300.00",2,366.0,0.0,1.97,0.0,0.0,"20,600.00","16,556.70",,
2022/12/15,248,UNL,46.42,18940.0,18940.0,18849.0,18849.0,"18,849.00",0.0,0.0,"18,917.25",120.00,"18,965.00","2,270,070.00",2,-116.0,91.0,-0.61,0.48,-0.36,"20,600.00","16,556.70",,
2022/12/19,245,UNL,34.97,18480.0,18480.0,18475.0,18475.0,"18,475.00",0.0,0.0,"18,476.25",40.00,"18,849.00","739,050.00",3,-374.0,5.0,-1.98,0.03,-0.01,"20,600.00","16,556.70",,
2022/12/20,251,UNL,45.18,18600.0,18797.0,18600.0,18797.0,"18,797.00",0.0,0.0,"18,736.38",65.00,"18,475.00","1,217,865.00",3,322.0,197.0,1.74,1.06,0.32,"20,600.00","16,556.70",,
2022/12/21,246,UNL,34.9,18500.0,18550.0,18500.0,18500.0,"18,500.00",0.0,0.0,"18,529.88",80.00,"18,797.00","1,482,390.00",6,-297.0,50.0,-1.58,0.27,-0.16,"20,600.00","16,556.70",,
2022/12/22,241,UNL,38.59,18865.0,18865.0,18500.0,18500.0,"18,500.00",0.0,0.0,"18,739.61",230.00,"18,500.00","4,310,110.00",9,0.0,365.0,0.0,1.97,-1.3,"20,600.00","16,556.70",,
2022/12/27,255,UNL,40.9,18370.0,18725.0,18200.0,18245.0,"18,245.00",0.0,0.0,"18,315.84",590.00,"18,500.00","10,806,345.00",17,-255.0,525.00,-1.38,2.88,-0.39,"20,600.00","16,556.70",,
2022/12/28,318,UNL,42.53,49737.0,49737.0,48743.0,48743.0,"48,743.00",0.0,0.0,"48,839.32",124.00,"49,737.00","6,056,075.30",15,-994.0,994.0,-2.0,2.04,-0.2,"52,700.00","43,800.00","46,878.82","46,697.07"
2022/12/29,251,UNL,52.09,18300.0,18768.0,18300.0,18675.0,"18,675.00",0.0,0.0,"18,554.16",202.00,"18,400.00","3,747,940.00",12,275.0,468.0,1.49,2.56,0.65,"20,600.00","16,556.70",,
2023/01/01,255,UNL,40.07,18900.0,18900.0,18300.0,18350.0,"18,350.00",0.0,0.0,"18,426.76",170.00,"18,675.00","3,132,550.00",13,-325.0,600.00,-1.74,3.28,-0.42,"20,600.00","16,556.70",,
2022/11/13,220,UNL,23.97,19100.0,19200.0,19100.0,19200.0,"19,200.00",0.0,0.0,"19,150.00",20.00,"19,480.00","383,000.00",2,-280.0,100.0,-1.44,0.52,0.26,"20,600.00","16,556.70",,
2022/11/15,223,UNL,36.05,19583.0,19600.0,19505.0,19600.0,"19,600.00",0.0,0.0,"19,569.82",85.00,"19,200.00","1,663,435.00",7,400.0,95.0,2.08,0.49,0.15,"20,600.00","16,556.70",,
2022/11/16,226,UNL,37.4,19992.0,19998.8,19891.0,19891.0,"19,891.00",0.0,0.0,"19,936.14",95.00,"19,600.00","1,893,933.00",8,291.0,107.8,1.48,0.54,-0.23,"20,600.00","16,556.70",,
2022/11/17,217,UNL,38.73,20000.0,20200.0,19600.0,19700.0,"19,700.00",0.0,0.0,"19,979.89",370.00,"19,891.00","7,392,560.00",33,-191.0,600.00,-0.96,3.06,-1.42,"20,600.00","16,556.70",,
2022/11/19,318,UNL,42.53,49737.0,49737.0,48743.0,48743.0,"48,743.00",0.0,0.0,"48,839.32",124.00,"49,737.00","6,056,075.30",15,-994.0,994.0,-2.0,2.04,-0.2,"52,700.00","43,800.00","46,878.82","46,697.07"
2022/11/22,222,UNL,31.24,19306.0,19306.0,18601.0,18601.0,"18,601.00",0.0,0.0,"18,828.91",115.00,"19,700.00","2,165,325.00",7,"-1,099.00",705.0,-5.58,3.79,-1.23,"20,600.00","16,556.70",,
2022/11/23,217,UNL,27.32,18600.0,18600.0,18600.0,18600.0,"18,600.00",0.0,0.0,"18,600.00",20.00,"18,601.00","372,000.00",2,-1.0,0.0,-0.01,0.0,0.0,"20,600.00","16,556.70",,
2022/11/24,226,UNL,26.22,18600.0,18600.0,18600.0,18600.0,"18,600.00",0.0,0.0,"18,600.00",10.00,"18,600.00","186,000.00",1,0.0,0.0,0.0,0.0,0.0,"20,600.00","16,556.70",,
2022/11/27,228,UNL,37.74,18940.0,18972.0,18600.0,18700.0,"18,700.00",0.0,0.0,"18,859.70",200.00,"18,600.00","3,771,940.00",9,100.0,372.0,0.54,2.0,-0.85,"20,600.00","16,556.70",,
2022/11/28,230,UNL,30.94,18600.0,18600.0,18500.0,18500.0,"18,500.00",0.0,0.0,"18,565.52",29.00,"18,700.00","538,400.00",2,-200.0,100.0,-1.07,0.54,-0.35,"20,600.00","16,556.70",,
2022/11/29,228,UNL,35.09,18130.0,18555.0,17836.0,18184.0,"18,184.00",0.0,0.0,"18,211.27",110.00,"18,500.00","2,003,240.00",9,-316.0,719.0,-1.71,4.03,-0.15,"20,600.00","16,556.70",,
2022/11/30,232,UNL,34.59,18001.0,18360.0,17700.0,17700.0,"17,700.00",0.0,0.0,"17,896.58",280.00,"18,184.00","5,011,041.00",18,-484.0,660.0,-2.66,3.73,-1.11,"20,600.00","16,556.70",,
2022/12/01,235,UNL,27.29,18054.0,18415.0,18054.0,18415.0,"18,415.00",0.0,0.0,"18,294.67",30.00,"17,700.00","548,840.00",3,715.0,361.0,4.04,2.0,0.65,"20,600.00","16,556.70",,
2022/12/04,237,UNL,33.6,18421.0,18500.0,18416.0,18500.0,"18,500.00",0.0,0.0,"18,467.50",60.00,"18,415.00","1,108,050.00",6,85.0,84.0,0.46,0.46,0.18,"20,600.00","16,556.70",,
2022/12/05,234,UNL,46.8,18870.0,18870.0,18600.0,18600.0,"18,600.00",0.0,0.0,"18,734.44",45.00,"18,500.00","843,050.00",4,100.0,270.0,0.54,1.45,-0.72,"20,600.00","16,556.70",,
2022/10/11,223,UNL,41.85,17900.0,17900.0,17900.0,17900.0,"17,900.00",0.0,0.0,"17,900.00",30.00,"17,900.00","537,000.00",3,0.0,0.0,0.0,0.0,0.0,"20,600.00","16,556.70",,
2022/10/12,217,UNL,37.51,17677.0,18000.0,17677.0,18000.0,"18,000.00",0.0,0.0,"17,838.50",20.00,"17,900.00","356,770.00",2,100.0,323.0,0.56,1.83,0.9,"20,600.00","16,556.70",,
2022/10/13,216,UNL,45.85,18360.0,18360.0,18350.0,18350.0,"18,350.00",0.0,0.0,"18,352.75",40.00,"18,000.00","734,110.00",4,350.0,10.0,1.94,0.05,-0.01,"20,600.00","16,556.70",,
2022/10/16,215,UNL,49.97,18000.0,18360.0,18000.0,18120.0,"18,120.00",0.0,0.0,"18,111.30",228.00,"18,350.00","4,129,377.00",12,-230.00,360.0,-1.25,2.0,0.05,"20,600.00","16,556.70",,
2022/10/19,210,UNL,42.73,18120.0,18120.0,18120.0,18120.0,"18,120.00",0.0,0.0,"18,120.00",30.00,"18,120.00","543,600.00",3,0.0,0.0,0.0,0.0,0.0,"20,600.00","16,556.70",,
2022/10/20,214,UNL,43.71,18100.0,18150.0,18100.0,18150.0,"18,150.00",0.0,0.0,"18,133.33",30.00,"18,120.00","544,000.00",2,30.0,50.0,0.17,0.28,0.09,"20,600.00","16,556.70",,
2022/10/23,216,UNL,32.9,18000.0,18100.0,18000.0,18000.0,"18,000.00",0.0,0.0,"18,046.74",145.00,"18,150.00","2,616,777.00",6,-150.0,100.0,-0.83,0.56,-0.26,"20,600.00","16,556.70",,
2022/10/31,217,UNL,26.15,18000.0,18000.0,18000.0,18000.0,"18,000.00",0.0,0.0,"18,000.00",20.00,"18,000.00","360,000.00",2,0.0,0.0,0.0,0.0,0.0,"20,600.00","16,556.70",,
2022/11/01,225,UNL,25.59,18300.0,18300.0,18004.0,18004.0,"18,004.00",0.0,0.0,"18,152.00",20.00,"18,000.00","363,040.00",2,4.0,296.0,0.02,1.64,-0.82,"20,600.00","16,556.70",,
2022/11/02,221,UNL,49.23,18100.0,18364.0,18100.0,18300.0,"18,300.00",0.0,0.0,"18,304.67",60.00,"18,004.00","1,098,280.00",6,296.0,264.0,1.64,1.46,-0.03,"20,600.00","16,556.70",,
2022/11/03,214,UNL,53.36,18666.0,19999.0,18666.0,19500.0,"19,500.00",0.0,0.0,"19,480.43",380.00,"18,300.00","7,402,563.00",30,"1,200.00","1,333.00",6.56,7.14,0.1,"20,600.00","16,556.70",,
2022/11/06,222,UNL,52.6,19890.0,20499.0,19890.0,20000.0,"20,000.00",0.0,0.0,"20,171.38",640.00,"19,500.00","12,909,680.00",46,500.0,609.0,2.56,3.06,-0.86,"20,600.00","16,556.70",,
2022/11/07,218,UNL,49.43,20010.0,20300.0,19612.0,19999.9,"19,999.90",0.0,0.0,"20,024.83",160.00,"20,000.00","3,203,973.00",13,-0.1,688.0,0.0,3.51,-0.12,"20,600.00","16,556.70",,
2022/11/08,220,UNL,47.22,19600.0,19690.0,19600.0,19600.0,"19,600.00",0.0,0.0,"19,623.33",60.00,"19,999.90","1,177,400.00",6,-399.9,90.0,-2.0,0.46,-0.12,"20,600.00","16,556.70",,
2022/11/09,217,UNL,35.69,19208.0,19490.0,18826.1,19490.0,"19,490.00",0.0,0.0,"19,118.82",50.00,"19,600.00","955,941.00",5,-110.0,663.9,-0.56,3.53,1.9,"20,600.00","16,556.70",,
2022/09/08,221,UNL,32.27,18200.0,18200.0,18100.0,18100.0,"18,100.00",0.0,0.0,"18,150.00",20.00,"18,150.00","363,000.00",2,-50.0,100.0,-0.28,0.55,-0.28,"20,800.00","16,556.70",,
2022/09/11,215,UNL,34.81,18399.9,18399.9,18399.9,18399.9,"18,399.90",0.0,0.0,"18,399.90",10.00,"18,100.00","183,999.00",1,299.9,0.0,1.66,0.0,0.0,"20,600.00","16,556.70",,
2022/09/12,219,UNL,31.91,18100.0,18100.0,18100.0,18100.0,"18,100.00",0.0,0.0,"18,100.00",20.00,"18,399.90","362,000.00",2,-299.9,0.0,-1.63,0.0,0.0,"20,600.00","16,556.70",,
2022/09/13,225,UNL,28.42,18050.0,18100.0,18050.0,18100.0,"18,100.00",0.0,0.0,"18,080.00",50.00,"18,100.00","904,000.00",4,0.0,50.0,0.0,0.28,0.11,"20,600.00","16,556.70",,
2022/09/14,221,UNL,39.12,18421.0,18421.0,18400.0,18400.0,"18,400.00",0.0,0.0,"18,410.50",20.00,"18,100.00","368,210.00",2,300.0,21.0,1.66,0.11,-0.06,"20,600.00","16,556.70",,
2022/09/15,226,UNL,29.74,18400.0,18400.0,18000.0,18000.0,"18,000.00",0.0,0.0,"18,111.33",90.00,"18,400.00","1,630,020.00",9,-400.0,400.0,-2.17,2.22,-0.62,"20,600.00","16,556.70",,
2022/09/18,223,UNL,22.32,17688.0,17688.0,17641.0,17641.0,"17,641.00",0.0,0.0,"17,652.78",40.00,"18,000.00","706,111.00",4,-359.0,47.0,-1.99,0.27,-0.07,"20,600.00","16,556.70",,
2022/09/20,225,UNL,29.85,17700.0,17701.0,17600.0,17700.0,"17,700.00",0.0,0.0,"17,687.63",80.00,"17,641.00","1,415,010.00",7,59.0,101.0,0.33,0.57,0.07,"20,600.00","16,556.70",,
2022/09/21,220,UNL,25.4,17401.0,17750.0,17401.0,17750.0,"17,750.00",0.0,0.0,"17,600.33",30.00,"17,700.00","528,010.00",3,50.0,349.0,0.28,2.01,0.84,"20,600.00","16,556.70",,
2022/09/25,222,UNL,29.66,18000.0,18197.8,17500.0,17500.0,"17,500.00",0.0,0.0,"17,769.01",135.00,"17,750.00","2,398,816.50",13,-250.0,697.8,-1.41,3.99,-1.54,"20,600.00","16,556.70",,
2022/09/27,223,UNL,27.36,17400.0,17400.0,17400.0,17400.0,"17,400.00",0.0,0.0,"17,400.00",10.00,"17,500.00","174,000.00",1,-100.0,0.0,-0.57,0.0,0.0,"20,600.00","16,556.70",,
2022/09/28,215,UNL,33.46,17300.0,17646.0,17300.0,17646.0,"17,646.00",0.0,0.0,"17,398.86",35.00,"17,400.00","608,960.00",2,246.0,346.0,1.41,2.0,1.4,"20,600.00","16,556.70",,
2022/09/29,217,UNL,36.53,17900.0,17998.0,17900.0,17998.0,"17,998.00",0.0,0.0,"17,949.00",20.00,"17,646.00","358,980.00",2,352.0,98.0,1.99,0.55,0.27,"20,600.00","16,556.70",,
2022/10/09,318,UNL,42.53,49737.0,49737.0,48743.0,48743.0,"48,743.00",0.0,0.0,"48,839.32",124.00,"49,737.00","6,056,075.30",15,-994.0,994.0,-2.0,2.04,-0.2,"52,700.00","43,800.00","46,878.82","46,697.07"
2022/08/21,318,UNL,42.53,49737.0,49737.0,48743.0,48743.0,"48,743.00",0.0,0.0,"48,839.32",124.00,"49,737.00","6,056,075.30",15,-994.0,994.0,-2.0,2.04,-0.2,"52,700.00","43,800.00","46,878.82","46,697.07"
2022/08/22,216,UNL,25.65,18500.0,18500.0,18344.0,18344.0,"18,344.00",0.0,0.0,"18,440.67",60.00,"18,690.00","1,106,440.00",6,-346.0,156.0,-1.85,0.85,-0.53,"20,800.00","16,556.70",,
2022/08/23,216,UNL,38.67,18710.8,18720.0,18500.0,18500.0,"18,500.00",0.0,0.0,"18,650.96",71.00,"18,344.00","1,324,218.00",7,156.0,220.0,0.85,1.19,-0.82,"20,800.00","16,556.70",,
2022/08/24,217,UNL,34.42,18850.0,19000.0,18650.0,18850.0,"18,850.00",0.0,0.0,"18,787.65",85.00,"18,500.00","1,596,950.00",8,350.0,350.0,1.89,1.88,0.33,"20,800.00","16,556.70",,
2022/08/25,213,UNL,24.03,18600.0,18600.0,18550.0,18550.0,"18,550.00",0.0,0.0,"18,575.00",20.00,"18,850.00","371,500.00",2,-300.0,50.0,-1.59,0.27,-0.13,"20,800.00","16,556.70",,
2022/08/26,207,UNL,30.82,18400.0,18500.0,18400.0,18500.0,"18,500.00",0.0,0.0,"18,450.00",20.00,"18,550.00","369,000.00",2,-50.0,100.0,-0.27,0.54,0.27,"20,800.00","16,556.70",,
2022/08/28,218,UNL,33.91,18250.0,18575.0,18201.0,18575.0,"18,575.00",0.0,0.0,"18,313.67",180.00,"18,500.00","3,296,460.00",10,75.0,374.0,0.41,2.05,1.41,"20,800.00","16,556.70",,
2022/08/29,216,UNL,26.37,18880.0,18880.0,18300.0,18799.0,"18,799.00",0.0,0.0,"18,577.71",70.00,"18,575.00","1,300,440.00",7,224.0,580.0,1.21,3.17,1.18,"20,800.00","16,556.70",,
2022/08/31,218,UNL,29.66,18600.0,18800.0,18600.0,18800.0,"18,800.00",0.0,0.0,"18,733.00",30.00,"18,799.00","561,990.00",3,1.0,200.0,0.01,1.08,0.36,"20,800.00","16,556.70",,
2022/09/01,219,UNL,25.1,18784.0,18784.0,18421.0,18485.0,"18,485.00",0.0,0.0,"18,617.00",50.00,"18,800.00","930,850.00",5,-315.0,363.0,-1.68,1.97,-0.71,"20,800.00","16,556.70",,
2022/09/02,213,UNL,35.78,18550.0,18550.0,18000.0,18000.0,"18,000.00",0.0,0.0,"18,047.91",865.00,"18,485.00","15,611,443.50",25,-485.0,550.0,-2.62,3.06,-0.27,"20,800.00","16,556.70",,
2022/09/04,221,UNL,20.94,18360.0,18400.0,18100.0,18100.0,"18,100.00",0.0,0.0,"18,297.14",70.00,"18,000.00","1,280,800.00",6,100.0,300.0,0.56,1.66,-1.09,"20,800.00","16,556.70",,
2022/09/05,218,UNL,19.38,18225.0,18225.0,18225.0,18225.0,"18,225.00",0.0,0.0,"18,225.00",10.00,"18,100.00","182,250.00",1,125.0,0.0,0.69,0.0,0.0,"20,800.00","16,556.70",,
2022/09/06,221,UNL,31.43,18300.0,18400.0,18100.0,18100.0,"18,100.00",0.0,0.0,"18,226.00",100.00,"18,225.00","1,822,600.00",8,-125.0,300.0,-0.69,1.66,-0.7,"20,800.00","16,556.70",,
2022/07/28,216,UNL,40.45,18000.0,18000.0,16556.7,17545.0,"17,545.00",0.0,0.0,"17,503.52",290.00,"18,000.00","5,076,021.00",25,-455.0,"1,443.30",-2.53,8.72,0.24,"21,200.00","16,556.70",,
2022/07/29,210,UNL,31.51,17650.0,17650.0,17650.0,17650.0,"17,650.00",0.0,0.0,"17,650.00",10.00,"17,545.00","176,500.00",1,105.0,0.00,0.6,0.0,0.0,"21,200.00","16,556.70",,
2022/07/31,215,UNL,51.72,17751.0,18000.0,17751.0,18000.0,"18,000.00",0.0,0.0,"17,887.68",220.00,"17,650.00","3,935,290.00",8,350.0,249.0,1.98,1.4,0.62,"21,200.00","16,556.70",,
2022/08/01,212,UNL,54.67,17905.0,18100.0,17900.0,18100.0,"18,100.00",0.0,0.0,"17,956.56",70.00,"18,000.00","1,256,959.00",7,100.0,200.0,0.56,1.12,0.79,"21,200.00","16,556.70",,
2022/08/02,212,UNL,52.89,17950.0,17999.8,17950.0,17999.8,"17,999.80",0.0,0.0,"17,966.60",30.00,"18,100.00","538,998.00",2,-100.2,49.8,-0.55,0.28,0.18,"21,200.00","16,556.70",,
2022/08/03,213,UNL,51.07,18000.0,18000.0,18000.0,18000.0,"18,000.00",0.0,0.0,"18,000.00",10.00,"17,999.80","180,000.00",1,0.2,0.0,0.0,0.0,0.0,"21,200.00","16,556.70",,
2022/08/04,210,UNL,42.3,17900.0,17900.0,17900.0,17900.0,"17,900.00",0.0,0.0,"17,900.00",10.00,"18,000.00","179,000.00",1,-100.0,0.0,-0.56,0.0,0.0,"21,200.00","16,556.70",,
2022/08/05,208,UNL,31.5,18000.0,18000.0,18000.0,18000.0,"18,000.00",0.0,0.0,"18,000.00",20.00,"17,900.00","360,000.00",2,100.0,0.0,0.56,0.0,0.0,"21,200.00","16,556.70",,
2022/08/07,214,UNL,36.56,17641.0,17993.8,17641.0,17993.8,"17,993.80",0.0,0.0,"17,758.60",30.00,"18,000.00","532,758.00",3,-6.2,352.8,-0.03,2.0,1.31,"21,200.00","16,556.70",,
2022/08/08,209,UNL,58.31,18353.6,19793.1,18353.6,19000.0,"19,000.00",0.0,0.0,"19,664.74","2,131.00","17,993.80","41,905,556.10",86,"1,006.20","1,439.50",5.59,7.84,-3.5,"21,200.00","16,556.70",,
2022/08/09,217,UNL,51.8,19380.0,19750.0,19380.0,19750.0,"19,750.00",0.0,0.0,"19,530.21",330.00,"19,000.00","6,444,970.00",17,750.0,370.0,3.95,1.91,1.11,"21,200.00","16,556.70",,
2022/08/10,213,UNL,54.97,20100.0,20600.0,19500.0,20600.0,"20,600.00",0.0,0.0,"19,692.45","1,030.00","19,750.00","20,283,228.00",23,850.0,"1,100.00",4.3,5.64,4.41,"21,200.00","16,556.70",,
2022/08/11,218,UNL,50.76,20250.0,20250.0,18868.0,18905.0,"18,905.00",0.0,0.0,"19,238.54",860.00,"20,600.00","16,545,143.00",57,"-1,695.00","1,382.00",-8.23,7.32,-1.76,"21,200.00","16,556.70",,
2022/08/14,222,UNL,26.42,18600.0,18897.5,18527.0,18897.5,"18,897.50",0.0,0.0,"18,600.75",115.00,"18,905.00","2,139,086.00",10,-7.5,370.5,-0.04,2.0,1.57,"21,200.00","16,556.70",,
2022/08/15,210,UNL,31.79,19275.0,19275.4,19275.0,19275.0,"19,275.00",0.0,0.0,"19,275.04",90.00,"18,897.50","1,734,754.00",6,377.5,0.4,2.0,0.0,0.0,"21,200.00","16,556.70",,
2022/08/16,216,UNL,28.7,19660.5,19660.5,18135.0,18191.0,"18,191.00",0.0,0.0,"18,462.63",175.00,"19,275.00","3,230,960.50",16,"-1,084.00","1,525.50",-5.62,8.41,-1.49,"20,800.00","16,556.70",,
2022/07/11,222,UNL,31.5,18180.0,18180.0,17817.0,18005.0,"18,005.00",0.0,0.0,"18,000.67",30.00,"18,005.00","540,020.00",3,0.0,363.0,0.0,2.04,0.02,"21,200.00","17,386.00",,
2022/07/12,221,UNL,24.44,18005.0,18005.0,18005.0,18005.0,"18,005.00",0.0,0.0,"18,005.00",10.00,"18,005.00","180,050.00",1,0.0,0.0,0.0,0.0,0.0,"21,200.00","17,386.00",,
2022/07/13,220,UNL,29.0,18005.0,18005.0,17700.0,17700.0,"17,700.00",0.0,0.0,"17,852.50",20.00,"18,005.00","357,050.00",2,-305.0,305.0,-1.69,1.72,-0.86,"21,200.00","17,386.00",,
2022/07/14,215,UNL,47.35,18000.0,18180.0,18000.0,18000.0,"18,000.00",0.0,0.0,"18,072.00",50.00,"17,700.00","903,600.00",5,300.0,180.00,1.69,1.0,-0.4,"21,200.00","17,386.00",,
2022/07/15,227,UNL,44.45,18360.0,18360.0,18360.0,18360.0,"18,360.00",0.0,0.0,"18,360.00",10.00,"18,000.00","183,600.00",1,360.0,0.0,2.0,0.0,0.0,"21,200.00","17,386.00",,
2022/07/17,205,UNL,43.54,18400.0,18551.0,18400.0,18551.0,"18,551.00",0.0,0.0,"18,475.50",20.00,"18,360.00","369,510.00",2,191.0,151.0,1.04,0.82,0.41,"21,200.00","17,386.00",,
2022/07/19,208,UNL,41.49,18799.0,18799.0,18799.0,18799.0,"18,799.00",0.0,0.0,"18,799.00",10.00,"18,551.00","187,990.00",1,248.0,0.0,1.34,0.0,0.0,"21,200.00","17,386.00",,
2022/07/21,220,UNL,47.49,18950.0,18950.0,18571.0,18571.0,"18,571.00",0.0,0.0,"18,760.50",20.00,"18,799.00","375,210.00",2,-228.0,379.0,-1.21,2.04,-1.02,"21,200.00","17,386.00",,
2022/07/23,318,UNL,42.53,49737.0,49737.0,48743.0,48743.0,"48,743.00",0.0,0.0,"48,839.32",124.00,"49,737.00","6,056,075.30",15,-994.0,994.0,-2.0,2.04,-0.2,"52,700.00","43,800.00","46,878.82","46,697.07"
2022/07/24,214,UNL,40.64,18200.0,18500.0,18200.0,18500.0,"18,500.00",0.0,0.0,"18,262.00",50.00,"18,571.00","913,100.00",5,-71.0,300.0,-0.38,1.65,1.29,"21,200.00","17,386.00",,
2022/07/25,209,UNL,40.84,18300.0,18300.0,18230.2,18300.0,"18,300.00",0.0,0.0,"18,250.79",160.00,"18,500.00","2,920,126.00",7,-200.0,69.8,-1.08,0.38,0.27,"21,200.00","17,386.00",,
2022/07/26,217,UNL,35.63,18666.0,18666.0,18000.0,18000.0,"18,000.00",0.0,0.0,"18,309.43",70.00,"18,300.00","1,281,660.00",6,-300.0,666.0,-1.64,3.7,-1.72,"21,200.00","17,386.00",,
2022/06/19,218,UNL,25.85,17900.0,17910.0,17900.0,17910.0,"17,910.00",0.0,0.0,"17,905.00",20.00,"18,100.00","358,100.00",2,-190.0,10.00,-1.05,0.06,0.03,"21,200.00","17,386.00",,
2022/06/20,225,UNL,33.98,17950.0,17950.0,17751.0,17751.0,"17,751.00",0.0,0.0,"17,840.50",40.00,"17,910.00","713,620.00",4,-159.0,199.00,-0.89,1.12,-0.5,"21,200.00","17,386.00",,
2022/06/21,226,UNL,39.4,18106.0,18106.0,18106.0,18106.0,"18,106.00",0.0,0.0,"18,106.00",10.00,"17,751.00","181,060.00",1,355.0,0.00,2.0,0.0,0.0,"21,200.00","17,386.00",,
2022/06/23,232,UNL,37.33,18200.0,18200.0,18200.0,18200.0,"18,200.00",0.0,0.0,"18,200.00",10.00,"18,106.00","182,000.00",1,94.0,0.0,0.52,0.0,0.0,"21,200.00","17,386.00",,
2022/06/26,225,UNL,47.17,18400.0,18749.0,18033.0,18700.0,"18,700.00",0.0,0.0,"18,578.87",150.00,"18,200.00","2,786,830.00",10,500.0,716.0,2.75,3.97,0.65,"21,200.00","17,386.00",,
2022/06/28,223,UNL,44.07,18400.0,18400.0,18400.0,18400.0,"18,400.00",0.0,0.0,"18,400.00",10.00,"18,700.00","184,000.00",1,-300.0,0.0,-1.6,0.0,0.0,"21,200.00","17,386.00",,
2022/06/29,223,UNL,41.78,18400.0,18400.0,18350.0,18350.0,"18,350.00",0.0,0.0,"18,375.00",20.00,"18,400.00","367,500.00",2,-50.0,50.0,-0.27,0.27,-0.14,"21,200.00","17,386.00",,
2022/06/30,222,UNL,42.6,18350.0,18700.0,18350.0,18700.0,"18,700.00",0.0,0.0,"18,525.00",20.00,"18,350.00","370,500.00",2,350.00,350.00,1.91,1.91,0.94,"21,200.00","17,386.00",,
2022/07/03,226,UNL,28.37,18335.0,18335.0,18335.0,18335.0,"18,335.00",0.0,0.0,"18,335.00",10.00,"18,700.00","183,350.00",1,-365.0,0.0,-1.95,0.0,0.0,"21,200.00","17,386.00",,
2022/07/04,229,UNL,36.15,18500.0,18500.0,18400.0,18400.0,"18,400.00",0.0,0.0,"18,450.00",20.00,"18,335.00","369,000.00",2,65.0,100.00,0.35,0.54,-0.27,"21,200.00","17,386.00",,
2022/07/05,224,UNL,35.98,18300.0,18300.0,18300.0,18300.0,"18,300.00",0.0,0.0,"18,300.00",20.00,"18,400.00","366,000.00",2,-100.0,0.0,-0.54,0.0,0.0,"21,200.00","17,386.00",,
2022/05/27,218,UNL,41.94,19000.0,19000.0,19000.0,19000.0,"19,000.00",0.0,0.0,"19,000.00",10.00,"19,089.90","190,000.00",1,-89.9,0.0,-0.47,0.0,0.0,"21,200.00","18,050.00",,
2022/05/31,224,UNL,48.05,18620.0,18620.0,18247.6,18611.9,"18,611.90",0.0,0.0,"18,401.84",80.00,"19,000.00","1,472,147.00",7,-388.1,372.4,-2.04,2.04,1.13,"21,200.00","18,050.00",,
2022/06/01,222,UNL,37.45,18600.0,18600.0,18599.0,18599.0,"18,599.00",0.0,0.0,"18,599.50",20.00,"18,611.90","371,990.00",2,-12.9,1.0,-0.07,0.01,0.0,"21,200.00","18,050.00",,
2022/06/03,221,UNL,30.44,18227.1,18227.1,17864.0,17864.0,"17,864.00",0.0,0.0,"18,106.07",30.00,"18,599.00","543,182.00",3,-735.0,363.1,-3.95,2.03,-1.36,"21,200.00","17,864.00",,
2022/06/06,223,UNL,28.5,18200.0,18499.0,18200.0,18499.0,"18,499.00",0.0,0.0,"18,349.50",20.00,"17,864.00","366,990.00",2,635.0,299.0,3.55,1.64,0.81,"21,200.00","17,864.00",,
2022/06/07,229,UNL,26.16,18129.6,18129.6,18129.6,18129.6,"18,129.60",0.0,0.0,"18,129.60",10.00,"18,499.00","181,296.00",1,-369.4,0.0,-2.0,0.0,0.0,"21,200.00","17,864.00",,
2022/06/08,226,UNL,35.97,18100.0,18499.0,18100.0,18499.0,"18,499.00",0.0,0.0,"18,266.33",30.00,"18,129.60","547,990.00",3,369.4,399.00,2.04,2.2,1.26,"21,200.00","17,864.00",,
2022/06/09,224,UNL,49.21,18499.0,18499.0,18350.0,18350.0,"18,350.00",0.0,0.0,"18,461.75",40.00,"18,499.00","738,470.00",3,-149.0,149.0,-0.81,0.81,-0.61,"21,200.00","17,864.00",,
2022/06/10,224,UNL,34.6,18000.0,18100.0,17386.0,17387.0,"17,387.00",0.0,0.0,"17,714.00",70.00,"18,350.00","1,239,980.00",6,-963.0,714.0,-5.25,4.11,-1.88,"21,200.00","17,386.00",,
2022/06/12,318,UNL,42.53,49737.0,49737.0,48743.0,48743.0,"48,743.00",0.0,0.0,"48,839.32",124.00,"49,737.00","6,056,075.30",15,-994.0,994.0,-2.0,2.04,-0.2,"52,700.00","43,800.00","46,878.82","46,697.07"
2022/06/13,225,UNL,45.63,17734.7,18100.0,17734.7,18100.0,"18,100.00",0.0,0.0,"17,881.28",110.00,"17,387.00","1,966,941.00",10,713.0,365.3,4.1,2.06,1.21,"21,200.00","17,386.00",,
2022/06/14,227,UNL,34.95,18461.0,18461.0,18461.0,18461.0,"18,461.00",0.0,0.0,"18,461.00",10.00,"18,100.00","184,610.00",1,361.0,0.0,1.99,0.0,0.0,"21,200.00","17,386.00",,
2022/06/15,224,UNL,29.74,18100.0,18100.0,18000.0,18000.0,"18,000.00",0.0,0.0,"18,050.00",20.00,"18,461.00","361,000.00",2,-461.0,100.00,-2.5,0.56,-0.28,"21,200.00","17,386.00",,
2022/06/16,216,UNL,46.13,18000.0,18000.0,17999.0,17999.0,"17,999.00",0.0,0.0,"17,999.67",30.00,"18,000.00","539,990.00",2,-1.0,1.0,-0.01,0.01,0.0,"21,200.00","17,386.00",,
2022/05/04,228,UNL,40.45,18950.0,18950.0,18950.0,18950.0,"18,950.00",0.0,0.0,"18,950.00",10.00,"18,950.00","189,500.00",1,0.0,0.0,0.0,0.0,0.0,"23,180.00","18,050.00",,
2022/05/05,227,UNL,22.9,18600.0,18600.0,18600.0,18600.0,"18,600.00",0.0,0.0,"18,600.00",10.00,"18,950.00","186,000.00",1,-350.0,0.0,-1.85,0.0,0.0,"23,180.00","18,050.00",,
2022/05/06,318,UNL,42.53,49737.0,49737.0,48743.0,48743.0,"48,743.00",0.0,0.0,"48,839.32",124.00,"49,737.00","6,056,075.30",15,-994.0,994.0,-2.0,2.04,-0.2,"52,700.00","43,800.00","46,878.82","46,697.07"
2022/05/09,217,UNL,26.41,18600.0,18600.0,18500.0,18500.0,"18,500.00",0.0,0.0,"18,550.00",20.00,"18,600.00","371,000.00",2,-100.0,100.0,-0.54,0.54,-0.27,"23,180.00","18,050.00",,
2022/05/11,224,UNL,30.5,18300.0,18600.0,18300.0,18600.0,"18,600.00",0.0,0.0,"18,400.00",30.00,"18,500.00","552,000.00",2,100.0,300.0,0.54,1.64,1.08,"23,180.00","18,050.00",,
2022/05/18,223,UNL,29.93,18750.0,18750.0,18750.0,18750.0,"18,750.00",0.0,0.0,"18,750.00",10.00,"18,600.00","187,500.00",1,150.0,0.0,0.81,0.0,0.0,"21,200.00","18,050.00",,
2022/05/20,218,UNL,28.7,18600.0,18600.0,18450.0,18450.0,"18,450.00",0.0,0.0,"18,525.00",20.00,"18,750.00","370,500.00",2,-300.0,150.0,-1.6,0.81,-0.41,"21,200.00","18,050.00",,
2022/05/23,219,UNL,38.54,18490.0,18490.0,18300.0,18300.0,"18,300.00",0.0,0.0,"18,363.33",30.00,"18,450.00","550,900.00",2,-150.0,190.0,-0.81,1.04,-0.35,"21,200.00","18,050.00",,
2022/05/24,219,UNL,34.2,18350.0,18350.0,18350.0,18350.0,"18,350.00",0.0,0.0,"18,350.00",10.00,"18,300.00","183,500.00",1,50.0,0.00,0.27,0.0,0.0,"21,200.00","18,050.00",,
2022/05/25,221,UNL,36.94,18717.0,18717.0,18717.0,18717.0,"18,717.00",0.0,0.0,"18,717.00",10.00,"18,350.00","187,170.00",1,367.0,0.0,2.0,0.0,0.0,"21,200.00","18,050.00",,
2022/04/05,223,UNL,32.06,18800.0,19100.0,18800.0,19100.0,"19,100.00",0.0,0.0,"18,968.00",40.00,"18,502.00","758,720.00",4,598.0,300.00,3.23,1.6,0.69,"23,180.00","18,050.00",,
2022/04/06,221,UNL,44.94,19100.0,19377.0,19100.0,19377.0,"19,377.00",0.0,0.0,"19,195.52",29.00,"19,100.00","556,670.00",2,277.0,277.0,1.45,1.45,0.94,"23,180.00","18,050.00",,
2022/04/07,219,UNL,47.07,19377.0,19398.0,19377.0,19398.0,"19,398.00",0.0,0.0,"19,380.50",60.00,"19,377.00","1,162,830.00",6,21.0,21.0,0.11,0.11,0.09,"23,180.00","18,050.00",,
2022/04/11,228,UNL,53.36,19398.0,19398.0,19100.0,19100.0,"19,100.00",0.0,0.0,"19,368.36",110.00,"19,398.00","2,130,520.00",6,-298.0,298.0,-1.54,1.56,-1.41,"23,180.00","18,050.00",,
2022/04/12,232,UNL,31.55,18718.0,18772.0,18404.0,18772.0,"18,772.00",0.0,0.0,"18,574.50",40.00,"19,100.00","742,980.00",3,-328.0,368.0,-1.72,2.0,1.05,"23,180.00","18,050.00",,
2022/04/13,224,UNL,30.27,19000.0,19147.0,19000.0,19147.0,"19,147.00",0.0,0.0,"19,049.00",30.00,"18,772.00","571,470.00",3,375.00,147.0,2.0,0.77,0.51,"23,180.00","18,050.00",,
2022/04/17,228,UNL,32.25,19140.0,19140.0,19100.0,19100.0,"19,100.00",0.0,0.0,"19,120.00",40.00,"19,147.00","764,800.00",3,-47.00,40.0,-0.25,0.21,-0.1,"23,180.00","18,050.00",,
2022/04/18,224,UNL,27.55,18800.0,18800.0,18800.0,18800.0,"18,800.00",0.0,0.0,"18,800.00",20.00,"19,100.00","376,000.00",2,-300.0,0.00,-1.57,0.0,0.0,"23,180.00","18,050.00",,
2022/04/19,224,UNL,26.43,18424.0,18700.0,18424.0,18700.0,"18,700.00",0.0,0.0,"18,562.00",20.00,"18,800.00","371,240.00",2,-100.0,276.0,-0.53,1.5,0.74,"23,180.00","18,050.00",,
2022/04/21,226,UNL,28.52,18700.0,18700.0,18402.0,18402.0,"18,402.00",0.0,0.0,"18,501.67",30.00,"18,700.00","555,050.00",3,-298.0,298.00,-1.59,1.62,-0.54,"23,180.00","18,050.00",,
2022/04/25,234,UNL,27.2,18700.0,18700.0,18700.0,18700.0,"18,700.00",0.0,0.0,"18,700.00",10.00,"18,402.00","187,000.00",1,298.0,0.0,1.62,0.0,0.0,"23,180.00","18,050.00",,
2022/04/26,223,UNL,42.07,19000.0,19000.0,19000.0,19000.0,"19,000.00",0.0,0.0,"19,000.00",10.00,"18,700.00","190,000.00",1,300.0,0.0,1.6,0.0,0.0,"23,180.00","18,050.00",,
2022/04/27,223,UNL,40.65,19299.0,19299.0,19299.0,19299.0,"19,299.00",0.0,0.0,"19,299.00",10.00,"19,000.00","192,990.00",1,299.0,0.0,1.57,0.0,0.0,"23,180.00","18,050.00",,
2022/03/09,224,UNL,36.17,18600.0,18600.0,18600.0,18600.0,"18,600.00",0.0,0.0,"18,600.00",10.00,"18,463.00","186,000.00",1,137.0,0.0,0.74,0.0,0.0,"23,180.00","18,050.00",,
2022/03/10,221,UNL,53.16,18798.0,19173.9,18798.0,19173.9,"19,173.90",0.0,0.0,"18,845.74",80.00,"18,600.00","1,507,659.00",5,573.9,375.9,3.09,2.0,1.71,"23,180.00","18,050.00",,
2022/03/13,223,UNL,57.05,19173.9,19449.0,18800.0,19380.0,"19,380.00",0.0,0.0,"19,209.59",80.00,"19,173.90","1,536,767.00",8,206.10,649.00,1.07,3.45,0.88,"23,180.00","18,050.00",,
2022/03/14,216,UNL,51.82,19500.0,19500.0,19500.0,19500.0,"19,500.00",0.0,0.0,"19,500.00",10.00,"19,380.00","195,000.00",1,120.0,0.0,0.62,0.0,0.0,"23,180.00","18,050.00",,
2022/03/16,226,UNL,53.91,19800.0,19800.0,19500.0,19500.0,"19,500.00",0.0,0.0,"19,633.33",45.00,"19,500.00","883,500.00",4,0.0,300.0,0.0,1.54,-0.68,"23,180.00","18,050.00",,
2022/03/20,219,UNL,51.95,19500.0,19500.0,19450.0,19450.0,"19,450.00",0.0,0.0,"19,483.33",30.00,"19,500.00","584,500.00",3,-50.0,50.0,-0.26,0.26,-0.17,"23,180.00","18,050.00",,
2022/03/23,221,UNL,43.24,19105.0,19105.0,19100.0,19100.0,"19,100.00",0.0,0.0,"19,103.88",80.00,"19,450.00","1,528,310.00",5,-350.0,5.0,-1.8,0.03,-0.02,"23,180.00","18,050.00",,
2022/03/24,219,UNL,42.13,19200.0,19200.0,19000.0,19000.0,"19,000.00",0.0,0.0,"19,100.00",20.00,"19,100.00","382,000.00",2,-100.0,200.0,-0.52,1.05,-0.53,"23,180.00","18,050.00",,
2022/03/27,318,UNL,42.53,49737.0,49737.0,48743.0,48743.0,"48,743.00",0.0,0.0,"48,839.32",124.00,"49,737.00","6,056,075.30",15,-994.0,994.0,-2.0,2.04,-0.2,"52,700.00","43,800.00","46,878.82","46,697.07"
2022/03/30,227,UNL,32.15,19002.0,19002.0,19002.0,19002.0,"19,002.00",0.0,0.0,"19,002.00",10.00,"19,379.90","190,020.00",1,-377.9,0.0,-1.95,0.0,0.0,"23,180.00","18,050.00",,
2022/03/31,223,UNL,34.9,19100.0,19100.0,19100.0,19100.0,"19,100.00",0.0,0.0,"19,100.00",10.00,"19,002.00","191,000.00",1,98.0,0.0,0.52,0.0,0.0,"23,180.00","18,050.00",,
2022/04/28,221,UNL,46.54,18914.0,18950.0,18600.0,18950.0,"18,950.00",0.0,0.0,"18,869.00",60.00,"19,299.00","1,132,140.00",6,-349.0,350.0,-1.81,1.88,0.43,"23,180.00","18,050.00",,
2022/05/26,217,UNL,41.64,19089.9,19089.9,19089.9,19089.9,"19,089.90",0.0,0.0,"19,089.90",10.00,"18,717.00","190,899.00",1,372.9,0.0,1.99,0.0,0.0,"21,200.00","18,050.00",,
2022/06/17,215,UNL,36.77,18100.0,18100.0,18100.0,18100.0,"18,100.00",0.0,0.0,"18,100.00",10.00,"17,999.00","181,000.00",1,101.0,0.0,0.56,0.0,0.0,"21,200.00","17,386.00",,
2022/07/07,224,UNL,33.67,18005.0,18300.0,18005.0,18005.0,"18,005.00",0.0,0.0,"18,127.50",40.00,"18,300.00","725,100.00",4,-295.0,295.0,-1.61,1.64,-0.68,"21,200.00","17,386.00",,
2022/07/27,222,UNL,35.05,18000.0,18000.0,18000.0,18000.0,"18,000.00",0.0,0.0,"18,000.00",20.00,"18,000.00","360,000.00",2,0.0,0.0,0.0,0.0,0.0,"21,200.00","17,386.00",,
2022/08/17,214,UNL,22.55,18554.8,18600.0,18554.8,18600.0,"18,600.00",0.0,0.0,"18,577.40",20.00,"18,191.00","371,548.00",2,409.0,45.2,2.25,0.24,0.12,"20,800.00","16,556.70",,
2022/09/07,218,UNL,35.17,18200.0,18200.0,18050.0,18150.0,"18,150.00",0.0,0.0,"18,137.50",40.00,"18,100.00","725,500.00",4,50.0,150.0,0.28,0.83,0.07,"20,800.00","16,556.70",,
2022/10/10,226,UNL,43.63,18000.0,18091.0,17900.0,17900.0,"17,900.00",0.0,0.0,"17,997.10",31.00,"17,800.00","557,910.00",3,100.0,191.0,0.56,1.07,-0.54,"20,600.00","16,556.70",,
2022/11/10,220,UNL,30.22,19103.1,19480.0,19103.1,19480.0,"19,480.00",0.0,0.0,"19,261.03",30.00,"19,490.00","577,831.00",3,-10.0,376.9,-0.05,1.97,1.12,"20,600.00","16,556.70",,
2022/12/06,232,UNL,46.24,18450.0,18600.0,18450.0,18600.0,"18,600.00",0.0,0.0,"18,541.47",60.00,"18,600.00","1,112,488.00",5,0.0,150.0,0.0,0.81,0.31,"20,600.00","16,556.70",,
2023/01/31,253,UNL,34.56,18300.0,18300.0,18200.0,18220.0,"18,220.00",0.0,0.0,"18,252.54",59.00,"18,500.00","1,076,900.00",5,-280.0,100.0,-1.51,0.55,-0.18,"20,600.00","16,556.70",,
2023/02/27,253,UNL,33.64,19995.0,20349.0,19610.0,20000.0,"20,000.00",0.0,0.0,"20,014.95",195.00,"19,950.00","3,902,916.00",16,50.0,739.00,0.25,3.77,-0.07,"22,000.00","16,556.70",,
2023/03/27,254,UNL,47.84,21325.0,21726.0,21325.0,21400.0,"21,400.00",0.0,0.0,"21,419.20",175.00,"21,300.00","3,748,360.00",13,100.0,401.0,0.47,1.88,-0.09,"22,000.00","16,556.70",,
2023/04/19,266,UNL,37.3,22610.0,23200.0,22410.0,22410.0,"22,410.00",0.0,0.0,"22,710.33",210.00,"22,800.00","4,769,170.00",14,-390.0,790.0,-1.71,3.53,-1.34,"25,200.00","16,556.70",,
2019/10/05,318,UNL,42.53,49737.0,49737.0,48743.0,48743.0,"48,743.00",0.0,0.0,"48,839.32",124.00,"49,737.00","6,056,075.30",15,-994.0,994.0,-2.0,2.04,-0.2,"52,700.00","43,800.00","46,878.82","46,697.07"
2021/02/14,198,UNL,49.87,19500.0,19500.0,19251.0,19500.0,"19,500.00",0.0,0.0,"19,468.88",80.00,"19,700.00","1,557,510.00",6,-200.0,249.0,-1.02,1.29,0.16,"23,378.00","17,421.00",,
2022/04/03,220,UNL,32.54,18718.0,18718.0,18502.0,18502.0,"18,502.00",0.0,0.0,"18,610.00",20.00,"19,100.00","372,200.00",2,-598.0,216.0,-3.13,1.17,-0.58,"23,180.00","18,050.00",,
2023/05/15,259,UNL,41.54,24510.0,24990.0,24210.0,24990.0,"24,990.00",0.0,0.0,"24,556.23",300.00,"25,000.00","7,366,870.00",19,-10.0,780.0,-0.04,3.22,1.74,"25,200.00","16,556.70",,
2024/07/17,318,UNL,42.53,49737.0,49737.0,48743.0,48743.0,"48,743.00",0.0,0.0,"48,839.32",124.00,"49,737.00","6,056,075.30",15,-994.0,994.0,-2.0,2.04,-0.2,"52,700.00","43,800.00","46,878.82","46,697.07"
2022/02/09,218,UNL,49.56,19050.0,19100.0,19050.0,19100.0,"19,100.00",0.0,0.0,"19,075.00",20.00,"19,382.00","381,500.00",2,-282.0,50.0,-1.45,0.26,0.13,"23,180.00","18,050.00",,
2022/02/10,222,UNL,53.6,19200.0,19200.0,19200.0,19200.0,"19,200.00",0.0,0.0,"19,200.00",10.00,"19,100.00","192,000.00",1,100.0,0.0,0.52,0.0,0.0,"23,180.00","18,050.00",,
2022/02/13,222,UNL,49.66,19000.0,19000.0,19000.0,19000.0,"19,000.00",0.0,0.0,"19,000.00",20.00,"19,200.00","380,000.00",2,-200.0,0.0,-1.04,0.0,0.0,"23,180.00","18,050.00",,
2022/02/14,222,UNL,30.54,19000.0,19000.0,19000.0,19000.0,"19,000.00",0.0,0.0,"19,000.00",10.00,"19,000.00","190,000.00",1,0.0,0.0,0.0,0.0,0.0,"23,180.00","18,050.00",,
2022/02/15,318,UNL,42.53,49737.0,49737.0,48743.0,48743.0,"48,743.00",0.0,0.0,"48,839.32",124.00,"49,737.00","6,056,075.30",15,-994.0,994.0,-2.0,2.04,-0.2,"52,700.00","43,800.00","46,878.82","46,697.07"
2022/02/16,226,UNL,32.6,19000.0,19000.0,19000.0,19000.0,"19,000.00",0.0,0.0,"19,000.00",10.00,"19,000.00","190,000.00",1,0.0,0.0,0.0,0.0,0.0,"23,180.00","18,050.00",,
2022/02/17,222,UNL,46.51,19000.0,19000.0,19000.0,19000.0,"19,000.00",0.0,0.0,"19,000.00",20.00,"19,000.00","380,000.00",2,0.0,0.0,0.0,0.0,0.0,"23,180.00","18,050.00",,
2022/02/20,225,UNL,37.93,19000.0,19000.0,18700.0,18700.0,"18,700.00",0.0,0.0,"18,850.00",20.00,"19,000.00","377,000.00",2,-300.0,300.0,-1.58,1.6,-0.8,"23,180.00","18,050.00",,
2022/02/21,219,UNL,48.44,18900.0,19000.0,18900.0,19000.0,"19,000.00",0.0,0.0,"18,966.67",30.00,"18,700.00","569,000.00",3,300.0,100.0,1.6,0.53,0.18,"23,180.00","18,050.00",,
2022/02/22,223,UNL,46.96,19000.0,19000.0,19000.0,19000.0,"19,000.00",0.0,0.0,"19,000.00",10.00,"19,000.00","190,000.00",1,0.0,0.0,0.0,0.0,0.0,"23,180.00","18,050.00",,
2022/02/23,223,UNL,39.89,19000.0,19000.0,18632.0,18632.0,"18,632.00",0.0,0.0,"18,693.33",60.00,"19,000.00","1,121,600.00",2,-368.0,368.0,-1.94,1.98,-0.33,"23,180.00","18,050.00",,
2022/02/24,224,UNL,49.61,19000.0,19000.0,18650.0,18650.0,"18,650.00",0.0,0.0,"18,859.80",50.00,"18,632.00","942,990.00",5,18.0,350.0,0.1,1.88,-1.12,"23,180.00","18,050.00",,
2022/02/27,219,UNL,48.4,18995.0,19000.0,18995.0,19000.0,"19,000.00",0.0,0.0,"18,998.33",30.00,"18,650.00","569,950.00",3,350.0,5.00,1.88,0.03,0.01,"23,180.00","18,050.00",,
2022/02/28,222,UNL,33.18,18700.0,18700.0,18700.0,18700.0,"18,700.00",0.0,0.0,"18,700.00",10.00,"19,000.00","187,000.00",1,-300.0,0.00,-1.58,0.0,0.0,"23,180.00","18,050.00",,
2022/03/02,223,UNL,40.23,18500.0,18500.0,18331.0,18331.0,"18,331.00",0.0,0.0,"18,443.67",30.00,"18,700.00","553,310.00",2,-369.0,169.00,-1.97,0.92,-0.61,"23,180.00","18,050.00",,
2022/03/06,225,UNL,37.27,18500.0,18500.0,18101.0,18101.0,"18,101.00",0.0,0.0,"18,267.00",30.00,"18,331.00","548,010.00",3,-230.0,399.0,-1.25,2.2,-0.92,"23,180.00","18,050.00",,
2022/01/16,225,UNL,65.21,19207.0,19500.0,19203.0,19500.0,"19,500.00",0.0,0.0,"19,362.00",50.00,"19,500.00","968,100.00",5,0.0,297.0,0.0,1.55,0.71,"23,180.00","18,050.00",,
2022/01/17,220,UNL,55.69,19205.0,19400.0,19012.0,19012.0,"19,012.00",0.0,0.0,"19,132.68",170.00,"19,500.00","3,252,556.00",11,-488.0,388.0,-2.5,2.04,-0.63,"23,180.00","18,050.00",,
2022/01/18,220,UNL,55.58,19392.1,19600.0,19200.0,19200.0,"19,200.00",0.0,0.0,"19,441.73",140.00,"19,012.00","2,721,842.00",12,188.0,400.0,0.99,2.08,-1.26,"23,180.00","18,050.00",,
2022/01/19,223,UNL,48.82,19100.0,19100.0,19050.0,19100.0,"19,100.00",0.0,0.0,"19,080.00",50.00,"19,200.00","954,000.00",3,-100.0,50.0,-0.52,0.26,0.1,"23,180.00","18,050.00",,
2022/01/20,225,UNL,47.55,19125.0,19125.0,19125.0,19125.0,"19,125.00",0.0,0.0,"19,125.00",20.00,"19,100.00","382,500.00",1,25.0,0.0,0.13,0.0,0.0,"23,180.00","18,050.00",,
2022/01/23,227,UNL,65.39,19300.0,19500.0,19125.0,19125.0,"19,125.00",0.0,0.0,"19,308.33",30.00,"19,125.00","579,250.00",3,0.0,375.00,0.0,1.96,-0.96,"23,180.00","18,050.00",,
2022/01/24,223,UNL,52.59,19125.0,19125.0,18803.0,19000.0,"19,000.00",0.0,0.0,"18,939.19",110.00,"19,125.00","2,083,311.00",10,-125.0,322.0,-0.65,1.71,0.32,"23,180.00","18,050.00",,
2022/01/27,219,UNL,38.72,19000.0,19000.0,19000.0,19000.0,"19,000.00",0.0,0.0,"19,000.00",10.00,"19,000.00","190,000.00",1,0.0,0.0,0.0,0.0,0.0,"23,180.00","18,050.00",,
2022/01/30,226,UNL,46.15,18702.0,19050.0,18702.0,19050.0,"19,050.00",0.0,0.0,"18,958.67",60.00,"19,000.00","1,137,520.00",6,50.0,348.0,0.26,1.86,0.48,"23,180.00","18,050.00",,
2022/02/03,219,UNL,39.34,19100.0,19100.0,19002.0,19002.0,"19,002.00",0.0,0.0,"19,051.00",20.00,"19,050.00","381,020.00",2,-48.0,98.0,-0.25,0.52,-0.26,"23,180.00","18,050.00",,
2022/02/06,223,UNL,52.49,19050.0,19050.0,19002.0,19002.0,"19,002.00",0.0,0.0,"19,026.00",20.00,"19,002.00","380,520.00",2,0.00,48.0,0.0,0.25,-0.13,"23,180.00","18,050.00",,
2021/12/21,222,UNL,36.73,19227.0,19227.0,19000.0,19000.0,"19,000.00",0.0,0.0,"19,075.67",30.00,"18,850.00","572,270.00",3,150.0,227.00,0.8,1.19,-0.4,"23,180.00","18,050.00",,
2021/12/22,229,UNL,51.67,19000.0,19000.0,19000.0,19000.0,"19,000.00",0.0,0.0,"19,000.00",40.00,"19,000.00","760,000.00",2,0.0,0.0,0.0,0.0,0.0,"23,180.00","18,050.00",,
2021/12/23,225,UNL,54.9,19000.0,19150.0,18900.0,18900.0,"18,900.00",0.0,0.0,"19,055.00",60.00,"19,000.00","1,143,300.00",4,-100.0,250.0,-0.53,1.32,-0.82,"23,180.00","18,050.00",,
2021/12/26,227,UNL,54.53,19000.0,19110.0,19000.0,19100.0,"19,100.00",0.0,0.0,"19,072.31",65.00,"18,900.00","1,239,700.00",4,200.00,110.00,1.06,0.58,0.14,"23,180.00","18,050.00",,
2021/12/27,234,UNL,51.6,19200.0,19480.0,19000.0,19000.0,"19,000.00",0.0,0.0,"19,223.57",70.00,"19,100.00","1,345,650.00",6,-100.0,480.00,-0.52,2.53,-1.18,"23,180.00","18,050.00",,
2021/12/28,226,UNL,38.61,18900.0,18900.0,18800.0,18800.0,"18,800.00",0.0,0.0,"18,850.00",20.00,"19,000.00","377,000.00",2,-200.0,100.0,-1.05,0.53,-0.27,"23,180.00","18,050.00",,
2021/12/29,224,UNL,54.35,19175.0,19176.0,19000.0,19096.0,"19,096.00",0.0,0.0,"19,124.60",50.00,"18,800.00","956,230.00",5,296.0,176.00,1.57,0.93,-0.15,"23,180.00","18,050.00",,
2022/01/02,236,UNL,42.76,19000.0,19200.0,19000.0,19050.0,"19,050.00",0.0,0.0,"19,110.00",50.00,"19,096.00","955,500.00",4,-46.00,200.00,-0.24,1.05,-0.31,"23,180.00","18,050.00",,
2022/01/03,226,UNL,52.04,18815.0,19400.0,18815.0,19100.0,"19,100.00",0.0,0.0,"19,178.61",120.00,"19,050.00","2,301,433.00",9,50.0,585.00,0.26,3.11,-0.41,"23,180.00","18,050.00",,
2022/01/04,230,UNL,51.09,19100.3,19409.0,19100.0,19100.0,"19,100.00",0.0,0.0,"19,254.55",60.00,"19,100.00","1,155,273.00",6,0.0,309.00,0.0,1.62,-0.81,"23,180.00","18,050.00",,
2022/01/05,232,UNL,44.78,19050.0,19075.0,19050.0,19075.0,"19,075.00",0.0,0.0,"19,064.26",70.00,"19,100.00","1,334,498.00",4,-25.0,25.0,-0.13,0.13,0.06,"23,180.00","18,050.00",,
2022/01/06,318,UNL,42.53,49737.0,49737.0,48743.0,48743.0,"48,743.00",0.0,0.0,"48,839.32",124.00,"49,737.00","6,056,075.30",15,-994.0,994.0,-2.0,2.04,-0.2,"52,700.00","43,800.00","46,878.82","46,697.07"
2022/01/09,235,UNL,53.17,19200.0,19533.0,19160.0,19300.0,"19,300.00",0.0,0.0,"19,270.14",80.00,"19,150.10","1,541,611.00",8,149.9,373.00,0.78,1.95,0.15,"23,180.00","18,050.00",,
2022/01/10,232,UNL,51.61,19112.0,19162.0,19112.0,19162.0,"19,162.00",0.0,0.0,"19,147.71",70.00,"19,300.00","1,340,340.00",3,-138.0,50.00,-0.72,0.26,0.07,"23,180.00","18,050.00",,
2022/01/11,228,UNL,57.56,19250.0,19450.0,19250.0,19400.0,"19,400.00",0.0,0.0,"19,411.24",80.00,"19,162.00","1,552,899.00",7,238.0,200.00,1.24,1.04,-0.06,"23,180.00","18,050.00",,
2022/01/12,225,UNL,56.22,19500.0,19500.0,19500.0,19500.0,"19,500.00",0.0,0.0,"19,500.00",60.00,"19,400.00","1,170,000.00",2,100.0,0.00,0.52,0.0,0.0,"23,180.00","18,050.00",,
2021/11/25,229,UNL,47.7,19001.0,19295.0,19001.0,19295.0,"19,295.00",0.0,0.0,"19,235.20",50.00,"19,001.00","961,760.00",3,294.0,294.0,1.55,1.55,0.31,"23,378.00","18,200.00",,
2021/11/28,230,UNL,42.81,18950.0,19000.0,18910.0,19000.0,"19,000.00",0.0,0.0,"18,931.25",80.00,"19,295.00","1,514,500.00",4,-295.0,90.0,-1.53,0.48,0.36,"23,378.00","18,200.00",,
2021/11/29,224,UNL,42.43,18900.0,18900.0,18625.0,18625.0,"18,625.00",0.0,0.0,"18,839.63",82.00,"19,000.00","1,544,850.00",5,-375.0,275.0,-1.97,1.48,-1.15,"23,378.00","18,200.00",,
2021/11/30,221,UNL,37.06,18300.0,18300.0,18300.0,18300.0,"18,300.00",0.0,0.0,"18,300.00",10.00,"18,625.00","183,000.00",1,-325.0,0.0,-1.74,0.0,0.0,"23,180.00","18,200.00",,
2021/12/02,227,UNL,39.92,18666.0,19000.0,18251.0,18251.0,"18,251.00",0.0,0.0,"18,748.00",70.00,"18,300.00","1,312,360.00",7,-49.0,749.0,-0.27,4.1,-2.72,"23,180.00","18,200.00",,
2021/12/05,222,UNL,38.77,18616.0,18900.0,18616.0,18900.0,"18,900.00",0.0,0.0,"18,758.00",20.00,"18,251.00","375,160.00",2,649.0,284.0,3.56,1.53,0.75,"23,180.00","18,200.00",,
2021/12/06,223,UNL,43.66,18550.0,18550.0,18400.0,18400.0,"18,400.00",0.0,0.0,"18,487.50",40.00,"18,900.00","739,500.00",4,-500.0,150.00,-2.65,0.82,-0.48,"23,180.00","18,200.00",,
2021/12/07,227,UNL,47.33,18768.0,18768.0,18401.0,18401.0,"18,401.00",0.0,0.0,"18,584.50",20.00,"18,400.00","371,690.00",2,1.0,367.00,0.01,1.99,-1.0,"23,180.00","18,200.00",,
2021/12/08,222,UNL,47.72,18150.0,18400.0,18050.0,18155.0,"18,155.00",0.0,0.0,"18,166.86",70.00,"18,401.00","1,271,680.00",7,-246.0,350.00,-1.34,1.94,-0.07,"23,180.00","18,050.00",,
2021/12/09,227,UNL,33.14,18250.0,18250.0,18200.0,18200.0,"18,200.00",0.0,0.0,"18,225.00",20.00,"18,155.00","364,500.00",2,45.0,50.0,0.25,0.27,-0.14,"23,180.00","18,050.00",,
2021/12/12,224,UNL,43.5,18564.0,18564.0,18564.0,18564.0,"18,564.00",0.0,0.0,"18,564.00",20.00,"18,200.00","371,280.00",1,364.00,0.00,2.0,0.0,0.0,"23,180.00","18,050.00",,
2021/12/13,229,UNL,51.12,18500.0,19312.0,18201.0,19312.0,"19,312.00",0.0,0.0,"18,540.77",110.00,"18,564.00","2,039,485.00",11,748.00,"1,111.00",4.03,6.1,3.99,"23,180.00","18,050.00",,
2021/12/15,224,UNL,46.95,19000.0,19000.0,18700.0,18700.0,"18,700.00",0.0,0.0,"18,893.95",40.00,"19,312.00","755,758.00",4,-612.0,300.0,-3.17,1.6,-1.04,"23,180.00","18,050.00",,
2021/12/16,220,UNL,46.52,18900.0,18900.0,18700.0,18700.0,"18,700.00",0.0,0.0,"18,833.33",30.00,"18,700.00","565,000.00",3,0.0,200.0,0.0,1.07,-0.71,"23,180.00","18,050.00",,
2021/10/28,218,UNL,38.16,19012.0,19012.0,19012.0,19012.0,"19,012.00",0.0,0.0,"19,012.00",20.00,"19,400.00","380,240.00",2,-388.0,0.0,-2.0,0.0,0.0,"23,378.00","17,701.00",,
2021/10/31,228,UNL,61.74,19350.0,19736.0,19350.0,19710.0,"19,710.00",0.0,0.0,"19,666.86",70.00,"19,012.00","1,376,680.00",5,698.00,386.00,3.67,1.99,0.22,"23,378.00","17,701.00",,
2021/11/01,222,UNL,60.94,19600.0,19600.0,19550.0,19550.0,"19,550.00",0.0,0.0,"19,583.33",30.00,"19,710.00","587,500.00",2,-160.0,50.0,-0.81,0.26,-0.17,"23,378.00","17,701.00",,
2021/11/03,225,UNL,45.32,19159.0,19159.0,18800.0,18800.0,"18,800.00",0.0,0.0,"18,953.00",30.00,"19,550.00","568,590.00",3,-750.0,359.0,-3.84,1.91,-0.81,"23,378.00","17,701.00",,
2021/11/08,226,UNL,60.03,19175.0,19558.0,19167.0,19167.0,"19,167.00",0.0,0.0,"19,269.00",40.00,"18,800.00","770,760.00",4,367.0,391.0,1.95,2.04,-0.53,"23,378.00","17,701.00",,
2021/11/09,221,UNL,45.86,19490.0,19499.0,19200.0,19499.0,"19,499.00",0.0,0.0,"19,419.75",40.00,"19,167.00","776,790.00",3,332.0,299.0,1.73,1.56,0.41,"23,378.00","17,701.00",,
2021/11/11,221,UNL,55.19,19109.1,19880.0,19109.1,19880.0,"19,880.00",0.0,0.0,"19,455.65",80.00,"19,499.00","1,556,452.00",7,381.0,770.9,1.95,4.03,2.13,"23,378.00","17,701.00",,
2021/11/16,223,UNL,65.99,19482.4,20277.6,19092.8,19999.0,"19,999.00",0.0,0.0,"19,798.85",285.00,"19,880.00","5,642,671.00",23,119.00,"1,184.80",0.6,6.21,1.0,"23,378.00","18,140.00",,
2021/11/17,220,UNL,61.51,20000.0,20000.0,19600.0,19600.0,"19,600.00",0.0,0.0,"19,668.75",80.00,"19,999.00","1,573,500.00",6,-399.00,400.00,-2.0,2.04,-0.35,"23,378.00","18,140.00",,
2021/11/18,220,UNL,42.79,19700.0,19700.0,19308.1,19308.1,"19,308.10",0.0,0.0,"19,504.05",20.00,"19,600.00","390,081.00",2,-291.9,391.9,-1.49,2.03,-1.01,"23,378.00","18,140.00",,
2021/11/21,221,UNL,40.63,19599.0,19599.0,19200.0,19200.0,"19,200.00",0.0,0.0,"19,351.60",40.00,"19,308.10","774,064.00",4,-108.1,399.0,-0.56,2.08,-0.79,"23,378.00","18,200.00",,
2021/11/23,223,UNL,43.11,19100.0,19100.0,19005.0,19005.0,"19,005.00",0.0,0.0,"19,021.52",60.00,"19,200.00","1,141,291.00",6,-195.0,95.0,-1.02,0.5,-0.09,"23,378.00","18,200.00",,
2021/09/29,225,UNL,34.98,19100.0,19100.0,18800.0,18800.0,"18,800.00",0.0,0.0,"18,950.00",20.00,"19,399.00","379,000.00",2,-599.0,300.0,-3.09,1.6,-0.8,"23,378.00","17,421.00",,
2021/09/30,221,UNL,39.73,19176.0,19176.0,18800.0,18800.0,"18,800.00",0.0,0.0,"19,025.60",50.00,"18,800.00","951,280.00",4,0.0,376.0,0.0,2.0,-1.2,"23,378.00","17,421.00",,
2021/10/03,228,UNL,34.81,19100.0,19100.0,18660.0,18660.0,"18,660.00",0.0,0.0,"18,799.57",70.00,"18,800.00","1,315,970.00",5,-140.0,440.0,-0.74,2.36,-0.75,"23,378.00","17,421.00",,
2021/10/04,223,UNL,30.29,18750.0,18750.0,18750.0,18750.0,"18,750.00",0.0,0.0,"18,750.00",20.00,"18,660.00","375,000.00",2,90.0,0.0,0.48,0.0,0.0,"23,378.00","17,421.00",,
2021/10/05,219,UNL,47.17,19000.0,19000.0,19000.0,19000.0,"19,000.00",0.0,0.0,"19,000.00",20.00,"18,750.00","380,000.00",1,250.0,0.0,1.33,0.0,0.0,"23,378.00","17,421.00",,
2021/10/06,223,UNL,55.26,19000.0,19686.0,19000.0,19324.0,"19,324.00",0.0,0.0,"19,344.64",94.00,"19,000.00","1,818,396.00",9,324.0,686.0,1.71,3.61,-0.11,"23,378.00","17,421.00",,
2021/10/10,216,UNL,55.0,19710.0,20101.0,19590.0,19750.0,"19,750.00",0.0,0.0,"19,867.85",195.00,"19,324.00","3,874,231.00",19,426.0,511.0,2.2,2.61,-0.6,"23,378.00","17,421.00",,
2021/10/11,215,UNL,48.53,19355.0,19355.0,18914.0,18914.0,"18,914.00",0.0,0.0,"19,120.75",40.00,"19,750.00","764,830.00",3,-836.0,441.0,-4.23,2.33,-1.09,"23,378.00","17,421.00",,
2021/10/18,214,UNL,46.44,18650.0,18999.0,18650.0,18999.0,"18,999.00",0.0,0.0,"18,783.00",30.00,"18,914.00","563,490.00",3,85.0,349.0,0.45,1.87,1.14,"23,378.00","17,450.00",,
2021/10/19,318,UNL,42.53,49737.0,49737.0,48743.0,48743.0,"48,743.00",0.0,0.0,"48,839.32",124.00,"49,737.00","6,056,075.30",15,-994.0,994.0,-2.0,2.04,-0.2,"52,700.00","43,800.00","46,878.82","46,697.07"
2021/10/20,213,UNL,34.52,18700.0,18700.0,18700.0,18700.0,"18,700.00",0.0,0.0,"18,700.00",30.00,"18,798.00","561,000.00",2,-98.0,0.0,-0.52,0.0,0.0,"23,378.00","17,515.00",,
2021/10/21,212,UNL,46.05,19000.0,19000.0,18750.2,18750.2,"18,750.20",0.0,0.0,"18,950.04",50.00,"18,700.00","947,502.00",5,50.20,249.8,0.27,1.33,-1.07,"23,378.00","17,515.00",,
2021/10/24,221,UNL,57.21,18775.0,19533.5,18775.0,19533.5,"19,533.50",0.0,0.0,"19,304.00",100.00,"18,750.20","1,930,400.00",9,783.3,758.5,4.18,4.04,1.17,"23,378.00","17,701.00",,
2021/10/25,225,UNL,52.42,19142.9,19142.9,19142.8,19142.9,"19,142.90",0.0,0.0,"19,142.87",30.00,"19,533.50","574,286.00",3,-390.6,0.1,-2.0,0.0,0.0,"23,378.00","17,701.00",,
2021/10/26,223,UNL,52.73,19500.0,19500.0,19200.0,19200.0,"19,200.00",0.0,0.0,"19,350.00",20.00,"19,142.90","387,000.00",2,57.1,300.0,0.3,1.56,-0.78,"23,378.00","17,701.00",,
2021/09/06,220,UNL,49.24,19000.0,19500.0,19000.0,19500.0,"19,500.00",0.0,0.0,"19,329.25",80.00,"19,265.00","1,546,340.00",7,235.0,500.0,1.22,2.63,0.88,"23,378.00","17,421.00",,
2021/09/07,218,UNL,65.36,19890.0,20699.0,19890.0,20480.0,"20,480.00",0.0,0.0,"20,215.50",645.00,"19,500.00","13,038,998.00",47,980.0,809.0,5.03,4.07,1.29,"23,378.00","17,421.00",,
2021/09/08,221,UNL,63.05,20800.0,20800.0,20070.4,20070.4,"20,070.40",0.0,0.0,"20,421.73",265.00,"20,480.00","5,411,758.00",16,-409.6,729.6,-2.0,3.64,-1.75,"23,378.00","17,421.00",,
2021/09/09,226,UNL,57.65,20100.0,20100.0,19500.0,19500.0,"19,500.00",0.0,0.0,"19,699.00",60.00,"20,070.40","1,181,940.00",4,-570.4,600.0,-2.84,3.08,-1.02,"23,378.00","17,421.00",,
2021/09/10,318,UNL,42.53,49737.0,49737.0,48743.0,48743.0,"48,743.00",0.0,0.0,"48,839.32",124.00,"49,737.00","6,056,075.30",15,-994.0,994.0,-2.0,2.04,-0.2,"52,700.00","43,800.00","46,878.82","46,697.07"
2021/09/12,227,UNL,57.76,19400.0,20300.0,18995.0,19400.4,"19,400.40",0.0,0.0,"19,195.80",370.00,"19,500.00","7,102,446.00",26,-99.60,"1,305.00",-0.51,6.87,1.05,"23,378.00","17,421.00",,
2021/09/13,222,UNL,49.85,19100.0,19630.0,18850.0,19630.0,"19,630.00",0.0,0.0,"19,327.63",320.00,"19,400.40","6,184,842.50",21,229.6,780.00,1.18,4.14,1.54,"23,378.00","17,421.00",,
2021/09/14,218,UNL,41.02,20000.0,20022.4,19650.0,19650.0,"19,650.00",0.0,0.0,"19,923.70",40.00,"19,630.00","796,948.00",4,20.00,372.4,0.1,1.9,-1.39,"23,378.00","17,421.00",,
2021/09/15,218,UNL,55.51,19650.0,19650.0,19400.0,19550.0,"19,550.00",0.0,0.0,"19,557.14",70.00,"19,650.00","1,369,000.00",5,-100.00,250.0,-0.51,1.29,-0.04,"23,378.00","17,421.00",,
2021/09/16,225,UNL,51.68,19350.0,19700.0,19159.0,19400.0,"19,400.00",0.0,0.0,"19,329.13",80.00,"19,550.00","1,546,330.00",7,-150.0,541.0,-0.77,2.82,0.37,"23,378.00","17,421.00",,
2021/09/20,221,UNL,44.94,19050.0,19200.0,19012.0,19012.0,"19,012.00",0.0,0.0,"19,084.08",130.00,"19,400.00","2,480,930.00",9,-388.0,188.0,-2.0,0.99,-0.38,"23,378.00","17,421.00",,
2021/09/21,219,UNL,41.48,18700.0,19074.0,18631.0,19074.0,"19,074.00",0.0,0.0,"18,715.98",80.00,"19,012.00","1,497,278.00",7,62.0,443.00,0.33,2.38,1.88,"23,378.00","17,421.00",,
2021/09/22,213,UNL,51.72,19200.0,19500.0,19200.0,19498.0,"19,498.00",0.0,0.0,"19,415.89",90.00,"19,074.00","1,747,430.00",8,424.0,300.00,2.22,1.56,0.42,"23,378.00","17,421.00",,
2021/09/23,224,UNL,48.76,19200.0,19380.0,19000.0,19380.0,"19,380.00",0.0,0.0,"19,246.67",60.00,"19,498.00","1,154,800.00",6,-118.00,380.0,-0.61,2.0,0.69,"23,378.00","17,421.00",,
2021/09/26,229,UNL,47.84,19650.0,19650.0,19650.0,19650.0,"19,650.00",0.0,0.0,"19,650.00",10.00,"19,380.00","196,500.00",1,270.0,0.0,1.39,0.0,0.0,"23,378.00","17,421.00",,
2021/08/09,219,UNL,66.05,19982.0,19982.0,19982.0,19982.0,"19,982.00",0.0,0.0,"19,982.00",10.00,"19,590.20","199,820.00",1,391.8,0.0,2.0,0.0,0.0,"23,378.00","17,421.00",,
2021/08/10,220,UNL,66.02,20380.0,20380.0,19972.4,20360.0,"20,360.00",0.0,0.0,"20,231.11",210.00,"19,982.00","4,248,534.00",20,378.0,407.6,1.89,2.04,0.63,"23,378.00","17,421.00",,
2021/08/11,225,UNL,69.53,20360.0,20400.0,19953.0,19953.0,"19,953.00",0.0,0.0,"20,166.00",60.00,"20,360.00","1,209,960.00",6,-407.00,447.0,-2.0,2.24,-1.07,"23,378.00","17,421.00",,
2021/08/12,220,UNL,64.78,19560.0,19951.2,19560.0,19597.0,"19,597.00",0.0,0.0,"19,650.87",60.00,"19,953.00","1,179,052.00",4,-356.0,391.2,-1.78,2.0,-0.27,"23,378.00","17,421.00",,
2021/08/15,217,UNL,49.64,19988.9,21200.0,19988.9,20400.0,"20,400.00",0.0,0.0,"20,539.45",254.00,"19,597.00","5,217,020.00",22,803.0,"1,211.10",4.1,6.06,-0.68,"23,378.00","17,421.00",,
2021/08/16,222,UNL,56.57,20000.0,20344.0,19992.0,20344.0,"20,344.00",0.0,0.0,"20,070.71",70.00,"20,400.00","1,404,950.00",6,-56.0,352.0,-0.27,1.76,1.34,"23,378.00","17,421.00",,
2021/08/17,215,UNL,61.73,20500.0,20500.0,20090.0,20090.0,"20,090.00",0.0,0.0,"20,211.43",70.00,"20,344.00","1,414,800.00",4,-254.0,410.0,-1.25,2.04,-0.6,"23,378.00","17,421.00",,
2021/08/18,222,UNL,72.05,20200.0,20250.0,20000.0,20000.0,"20,000.00",0.0,0.0,"20,139.59",110.00,"20,090.00","2,215,355.00",10,-90.0,250.00,-0.45,1.25,-0.7,"23,378.00","17,421.00",,
2021/08/19,223,UNL,53.18,19801.0,20000.0,19800.0,19960.0,"19,960.00",0.0,0.0,"19,874.67",90.00,"20,000.00","1,788,720.00",8,-40.0,200.00,-0.2,1.01,0.43,"23,378.00","17,421.00",,
2021/08/24,220,UNL,49.71,20000.0,20000.0,19580.0,19580.0,"19,580.00",0.0,0.0,"19,863.14",70.00,"19,960.00","1,390,420.00",7,-380.0,420.0,-1.9,2.15,-1.45,"23,378.00","17,421.00",,
2021/08/26,227,UNL,49.68,19581.0,19620.0,19580.0,19580.0,"19,580.00",0.0,0.0,"19,595.25",80.00,"19,580.00","1,567,620.00",7,0.0,40.0,0.0,0.2,-0.08,"23,378.00","17,421.00",,
2021/08/29,222,UNL,44.69,19600.0,19600.0,19501.0,19501.0,"19,501.00",0.0,0.0,"19,550.50",20.00,"19,580.00","391,010.00",2,-79.0,99.0,-0.4,0.51,-0.25,"23,378.00","17,421.00",,
2021/08/31,222,UNL,46.28,19700.0,19800.0,19565.0,19700.0,"19,700.00",0.0,0.0,"19,677.50",60.00,"19,501.00","1,180,650.00",5,199.0,235.0,1.02,1.2,0.11,"23,378.00","17,421.00",,
2021/09/01,222,UNL,57.01,19700.0,19850.0,19700.0,19850.0,"19,850.00",0.0,0.0,"19,750.00",30.00,"19,700.00","592,500.00",3,150.0,150.0,0.76,0.76,0.5,"23,378.00","17,421.00",,
2021/09/02,226,UNL,48.49,19466.0,19466.0,19466.0,19466.0,"19,466.00",0.0,0.0,"19,466.00",10.00,"19,850.00","194,660.00",1,-384.0,0.0,-1.93,0.0,0.0,"23,378.00","17,421.00",,
2021/07/15,218,UNL,52.65,19441.0,19441.0,19395.0,19395.0,"19,395.00",0.0,0.0,"19,401.72",180.00,"19,790.00","3,492,310.00",8,-395.0,46.0,-2.0,0.24,-0.03,"23,378.00","17,421.00",,
2021/07/18,215,UNL,53.03,19780.0,19800.0,19780.0,19790.0,"19,790.00",0.0,0.0,"19,790.00",30.00,"19,395.00","593,700.00",3,395.0,20.0,2.04,0.1,0.0,"23,378.00","17,421.00",,
2021/07/19,214,UNL,57.16,19700.0,20185.0,19600.0,19600.0,"19,600.00",0.0,0.0,"19,947.39",230.00,"19,790.00","4,587,900.00",17,-190.0,585.0,-0.96,2.98,-1.77,"23,378.00","17,421.00",,
2021/07/20,214,UNL,57.11,19992.0,20349.8,19900.0,19900.0,"19,900.00",0.0,0.0,"20,135.45",40.00,"19,600.00","805,418.00",4,300.00,449.80,1.53,2.26,-1.18,"23,378.00","17,421.00",,
2021/07/22,217,UNL,68.48,20298.0,20298.0,19989.7,19989.7,"19,989.70",0.0,0.0,"20,220.93",40.00,"19,900.00","808,837.00",3,89.7,308.30,0.45,1.54,-1.16,"23,378.00","17,421.00",,
2021/07/25,218,UNL,77.08,20387.5,20388.0,19981.0,20200.0,"20,200.00",0.0,0.0,"20,231.59",110.00,"19,989.70","2,225,475.00",11,210.3,407.00,1.05,2.04,-0.16,"23,378.00","17,421.00",,
2021/07/26,218,UNL,72.21,20300.0,20300.0,20200.0,20250.0,"20,250.00",0.0,0.0,"20,269.40",50.00,"20,200.00","1,013,470.00",4,50.0,100.00,0.25,0.5,-0.1,"23,378.00","17,421.00",,
2021/07/27,220,UNL,66.75,20449.8,20449.8,20100.0,20100.0,"20,100.00",0.0,0.0,"20,274.90",20.00,"20,250.00","405,498.00",2,-150.0,349.80,-0.74,1.74,-0.87,"23,378.00","17,421.00",,
2021/07/28,214,UNL,63.85,20500.0,20500.0,20100.1,20100.1,"20,100.10",0.0,0.0,"20,288.49",75.00,"20,100.00","1,521,636.50",7,0.1,399.90,0.0,1.99,-0.94,"23,378.00","17,421.00",,
2021/07/29,212,UNL,49.31,19698.1,19698.1,19698.1,19698.1,"19,698.10",0.0,0.0,"19,698.10",10.00,"20,100.10","196,981.00",1,-402.0,0.0,-2.0,0.0,0.0,"23,378.00","17,421.00",,
2021/08/01,220,UNL,57.31,20092.0,20493.0,20092.0,20175.0,"20,175.00",0.0,0.0,"20,260.89",90.00,"19,698.10","1,823,480.00",8,476.9,401.00,2.42,2.0,-0.43,"23,378.00","17,421.00",,
2021/08/02,221,UNL,56.84,20375.0,20375.0,20375.0,20375.0,"20,375.00",0.0,0.0,"20,375.00",10.00,"20,175.00","203,750.00",1,200.0,0.0,0.99,0.0,0.0,"23,378.00","17,421.00",,
2021/08/03,218,UNL,57.94,20000.0,20000.0,19602.0,19602.0,"19,602.00",0.0,0.0,"19,897.78",100.00,"20,375.00","1,989,778.00",9,-773.0,398.0,-3.79,2.03,-1.51,"23,378.00","17,421.00",,
2021/08/04,220,UNL,71.02,19901.0,20298.0,19900.0,20298.0,"20,298.00",0.0,0.0,"20,132.33",60.00,"19,602.00","1,207,940.00",6,696.0,398.0,3.55,2.0,0.82,"23,378.00","17,421.00",,
2021/08/05,221,UNL,56.23,20000.0,20000.0,19608.0,19608.0,"19,608.00",0.0,0.0,"19,646.26",110.00,"20,298.00","2,161,089.00",10,-690.0,392.0,-3.4,2.0,-0.2,"23,378.00","17,421.00",,
2021/06/21,318,UNL,42.53,49737.0,49737.0,48743.0,48743.0,"48,743.00",0.0,0.0,"48,839.32",124.00,"49,737.00","6,056,075.30",15,-994.0,994.0,-2.0,2.04,-0.2,"52,700.00","43,800.00","46,878.82","46,697.07"
2021/06/22,220,UNL,65.56,19605.0,19997.0,19605.0,19990.0,"19,990.00",0.0,0.0,"19,914.40",50.00,"19,221.00","995,720.00",5,769.0,392.0,4.0,2.0,0.38,"23,378.00","17,421.00",,
2021/06/23,213,UNL,62.73,19990.0,20300.0,19900.0,20139.0,"20,139.00",0.0,0.0,"20,101.60",50.00,"19,990.00","1,005,080.00",5,149.0,400.00,0.75,2.01,0.19,"23,378.00","17,421.00",,
2021/06/24,213,UNL,59.48,19750.0,20130.0,19737.0,20130.0,"20,130.00",0.0,0.0,"19,872.33",30.00,"20,139.00","596,170.00",3,-9.00,393.0,-0.04,1.99,1.28,"23,378.00","17,421.00",,
2021/06/27,222,UNL,62.74,20500.0,20500.0,19700.0,20089.0,"20,089.00",0.0,0.0,"20,038.17",60.00,"20,130.00","1,202,290.00",6,-41.0,800.0,-0.2,4.06,0.25,"23,378.00","17,421.00",,
2021/06/28,214,UNL,47.71,20000.0,20000.0,19700.0,19700.0,"19,700.00",0.0,0.0,"19,922.50",40.00,"20,089.00","796,900.00",4,-389.0,300.0,-1.94,1.52,-1.13,"23,378.00","17,421.00",,
2021/06/29,218,UNL,47.74,20000.0,20090.0,19800.0,19900.0,"19,900.00",0.0,0.0,"19,970.46",65.00,"19,700.00","1,298,080.00",6,200.0,290.0,1.02,1.46,-0.35,"23,378.00","17,421.00",,
2021/06/30,215,UNL,42.00,20000.0,20000.0,19995.0,19995.0,"19,995.00",0.0,0.0,"19,998.33",30.00,"19,900.00","599,950.00",3,95.0,5.0,0.48,0.03,-0.02,"23,378.00","17,421.00",,
2021/07/01,219,UNL,42.58,19800.0,19800.0,19600.0,19650.0,"19,650.00",0.0,0.0,"19,683.33",30.00,"19,995.00","590,500.00",3,-345.0,200.0,-1.73,1.02,-0.17,"23,378.00","17,421.00",,
2021/07/04,219,UNL,41.24,19350.0,19350.0,19350.0,19350.0,"19,350.00",0.0,0.0,"19,350.00",20.00,"19,650.00","387,000.00",2,-300.0,0.0,-1.53,0.0,0.0,"23,378.00","17,421.00",,
2021/07/05,219,UNL,39.36,19700.0,19700.0,19700.0,19700.0,"19,700.00",0.0,0.0,"19,700.00",10.00,"19,350.00","197,000.00",1,350.0,0.00,1.81,0.0,0.0,"23,378.00","17,421.00",,
2021/07/06,215,UNL,44.68,19700.0,19700.0,19306.0,19700.0,"19,700.00",0.0,0.0,"19,552.19",54.00,"19,700.00","1,055,818.00",5,0.00,394.00,0.0,2.04,0.75,"23,378.00","17,421.00",,
2021/07/07,217,UNL,45.67,19351.0,19351.0,19315.0,19315.0,"19,315.00",0.0,0.0,"19,339.33",60.00,"19,700.00","1,160,360.00",5,-385.0,36.00,-1.95,0.19,-0.13,"23,378.00","17,421.00",,
2021/07/08,218,UNL,63.22,19700.0,19800.0,19698.0,19800.0,"19,800.00",0.0,0.0,"19,724.75",40.00,"19,315.00","788,990.00",4,485.00,102.0,2.51,0.52,0.38,"23,378.00","17,421.00",,
2021/07/11,220,UNL,59.62,19980.0,19980.0,19980.0,19980.0,"19,980.00",0.0,0.0,"19,980.00",10.00,"19,800.00","199,800.00",1,180.0,0.0,0.91,0.0,0.0,"23,378.00","17,421.00",,
2021/07/12,224,UNL,57.34,19900.0,19900.0,19900.0,19900.0,"19,900.00",0.0,0.0,"19,900.00",10.00,"19,980.00","199,000.00",1,-80.0,0.0,-0.4,0.0,0.0,"23,378.00","17,421.00",,
2021/05/27,210,UNL,55.15,19700.0,20400.0,19676.0,20000.0,"20,000.00",0.0,0.0,"20,136.21",145.00,"20,000.00","2,919,750.00",13,0.00,724.00,0.0,3.68,-0.68,"23,378.00","17,421.00",,
2021/05/30,214,UNL,62.91,20000.0,20800.0,20000.0,20200.0,"20,200.00",0.0,0.0,"20,464.90",255.00,"20,000.00","5,218,550.00",20,200.0,800.00,1.0,4.0,-1.31,"23,378.00","17,421.00",,
2021/05/31,213,UNL,56.50,20001.0,20300.0,20000.0,20300.0,"20,300.00",0.0,0.0,"20,124.88",80.00,"20,200.00","1,609,990.00",8,100.00,300.00,0.5,1.5,0.86,"23,378.00","17,421.00",,
2021/06/01,211,UNL,50.72,20000.0,20000.0,19894.0,19894.0,"19,894.00",0.0,0.0,"19,968.80",50.00,"20,300.00","998,440.00",5,-406.0,106.0,-2.0,0.53,-0.38,"23,378.00","17,421.00",,
2021/06/02,214,UNL,53.53,19600.0,20000.0,19501.0,20000.0,"20,000.00",0.0,0.0,"19,806.82",55.00,"19,894.00","1,089,375.00",4,106.00,499.00,0.53,2.56,0.97,"23,378.00","17,421.00",,
2021/06/03,213,UNL,52.44,20200.0,20200.0,19826.0,19826.0,"19,826.00",0.0,0.0,"19,975.47",95.00,"20,000.00","1,897,670.00",9,-174.0,374.00,-0.87,1.89,-0.75,"23,378.00","17,421.00",,
2021/06/06,213,UNL,53.53,20000.0,20000.0,19600.0,19600.0,"19,600.00",0.0,0.0,"19,741.33",90.00,"19,826.00","1,776,720.00",9,-226.0,400.00,-1.14,2.04,-0.72,"23,378.00","17,421.00",,
2021/06/07,216,UNL,50.95,19700.0,19810.0,19700.0,19725.0,"19,725.00",0.0,0.0,"19,755.28",90.00,"19,600.00","1,777,975.00",6,125.0,110.0,0.64,0.56,-0.15,"23,378.00","17,421.00",,
2021/06/08,213,UNL,50.84,19930.0,20050.0,19610.0,19610.0,"19,610.00",0.0,0.0,"19,857.78",90.00,"19,725.00","1,787,200.00",8,-115.0,440.0,-0.58,2.24,-1.26,"23,378.00","17,421.00",,
2021/06/09,216,UNL,47.49,19320.0,19320.0,19310.0,19310.0,"19,310.00",0.0,0.0,"19,314.44",45.00,"19,610.00","869,150.00",4,-300.0,10.0,-1.53,0.05,-0.02,"23,378.00","17,421.00",,
2021/06/10,215,UNL,59.23,19696.0,19696.0,19412.0,19412.0,"19,412.00",0.0,0.0,"19,507.00",30.00,"19,310.00","585,210.00",3,102.0,284.0,0.53,1.46,-0.49,"23,378.00","17,421.00",,
2021/06/13,215,UNL,67.50,19451.0,19740.0,19451.0,19740.0,"19,740.00",0.0,0.0,"19,673.88",80.00,"19,412.00","1,573,910.00",8,328.0,289.0,1.69,1.49,0.33,"23,378.00","17,421.00",,
2021/06/14,216,UNL,66.68,19600.0,20000.0,19600.0,19998.0,"19,998.00",0.0,0.0,"19,861.45",141.00,"19,740.00","2,800,464.00",12,258.0,400.00,1.31,2.04,0.68,"23,378.00","17,421.00",,
2021/06/15,221,UNL,68.86,19900.0,19998.0,19816.0,19998.0,"19,998.00",0.0,0.0,"19,866.00",60.00,"19,998.00","1,191,960.00",5,0.0,182.0,0.0,0.92,0.66,"23,378.00","17,421.00",,
2021/06/16,214,UNL,68.66,20397.0,20397.0,19700.0,19700.0,"19,700.00",0.0,0.0,"20,021.89",90.00,"19,998.00","1,801,970.00",9,-298.0,697.00,-1.49,3.54,-1.63,"23,378.00","17,421.00",,
2021/06/17,217,UNL,67.43,20093.0,20094.0,19800.0,20000.0,"20,000.00",0.0,0.0,"19,926.71",70.00,"19,700.00","1,394,870.00",7,300.0,294.0,1.52,1.48,0.37,"23,378.00","17,421.00",,
2021/05/03,211,UNL,53.26,18901.0,19279.0,18901.0,18902.0,"18,902.00",0.0,0.0,"19,072.20",50.00,"19,000.00","953,610.00",5,-98.0,378.0,-0.52,2.0,-0.9,"23,378.00","17,421.00",,
2021/05/04,208,UNL,58.56,18903.0,18903.0,18625.0,18851.0,"18,851.00",0.0,0.0,"18,802.31",61.00,"18,902.00","1,146,941.00",6,-51.0,278.0,-0.27,1.49,0.26,"23,378.00","17,421.00",,
2021/05/05,213,UNL,61.02,18852.0,19100.0,18705.0,18705.0,"18,705.00",0.0,0.0,"18,880.33",90.00,"18,851.00","1,699,230.00",7,-146.0,395.0,-0.77,2.11,-0.94,"23,378.00","17,421.00",,
2021/05/06,211,UNL,60.72,19079.0,19079.0,19079.0,19079.0,"19,079.00",0.0,0.0,"19,079.00",10.00,"18,705.00","190,790.00",1,374.0,0.00,2.0,0.0,0.0,"23,378.00","17,421.00",,
2021/05/09,214,UNL,62.07,19079.0,19079.0,19079.0,19079.0,"19,079.00",0.0,0.0,"19,079.00",10.00,"19,079.00","190,790.00",1,0.0,0.0,0.0,0.0,0.0,"23,378.00","17,421.00",,
2021/05/11,215,UNL,72.73,19079.0,19550.0,19079.0,19550.0,"19,550.00",0.0,0.0,"19,416.12",116.00,"19,079.00","2,252,270.00",11,471.0,471.00,2.47,2.47,0.68,"23,378.00","17,421.00",,
2021/05/12,210,UNL,72.9,19550.0,21505.0,19159.0,21430.0,"21,430.00",0.0,0.0,"20,508.57",875.00,"19,550.00","17,944,995.00",55,"1,880.00","2,346.00",9.62,12.24,4.3,"23,378.00","17,421.00",,
2021/05/13,213,UNL,71.3,21858.0,23180.0,20993.0,21100.0,"21,100.00",0.0,0.0,"21,984.39",330.00,"21,430.00","7,254,850.00",32,-330.0,"2,187.00",-1.54,10.42,-4.19,"23,378.00","17,421.00",,
2021/05/16,209,UNL,67.86,21250.0,21350.0,20950.0,21300.0,"21,300.00",0.0,0.0,"21,182.50",160.00,"21,100.00","3,389,200.00",15,200.0,400.00,0.95,1.91,0.55,"23,378.00","17,421.00",,
2021/05/17,213,UNL,68.57,21650.0,21650.0,20900.0,21030.0,"21,030.00",0.0,0.0,"21,055.22",115.00,"21,300.00","2,421,350.00",10,-270.0,750.0,-1.27,3.59,-0.12,"23,378.00","17,421.00",,
2021/05/18,210,UNL,55.53,21100.0,21100.0,20613.0,21070.0,"21,070.00",0.0,0.0,"20,871.60",150.00,"21,030.00","3,130,740.00",15,40.0,487.0,0.19,2.36,0.94,"23,378.00","17,421.00",,
2021/05/19,209,UNL,53.99,20710.0,20899.0,20651.0,20899.0,"20,899.00",0.0,0.0,"20,751.17",60.00,"21,070.00","1,245,070.00",6,-171.0,248.0,-0.81,1.2,0.71,"23,378.00","17,421.00",,
2021/05/20,209,UNL,52.08,21130.0,21130.0,20483.0,20483.0,"20,483.00",0.0,0.0,"20,581.11",95.00,"20,899.00","1,955,205.00",9,-416.0,647.0,-1.99,3.16,-0.48,"23,378.00","17,421.00",,
2021/05/23,215,UNL,52.21,20400.0,20400.0,20150.0,20150.0,"20,150.00",0.0,0.0,"20,300.00",40.00,"20,483.00","812,000.00",4,-333.0,250.0,-1.63,1.24,-0.74,"23,378.00","17,421.00",,
2021/05/24,211,UNL,53.37,20552.0,20552.0,20141.0,20150.0,"20,150.00",0.0,0.0,"20,216.88",80.00,"20,150.00","1,617,350.00",6,0.0,411.00,0.0,2.04,-0.33,"23,378.00","17,421.00",,
2021/04/06,208,UNL,54.29,20182.0,20182.0,20000.0,20000.0,"20,000.00",0.0,0.0,"20,045.50",40.00,"19,787.00","801,820.00",3,213.00,182.0,1.08,0.91,-0.23,"23,378.00","17,421.00",,
2021/04/07,210,UNL,49.82,19601.0,19601.0,19601.0,19601.0,"19,601.00",0.0,0.0,"19,601.00",10.00,"20,000.00","196,010.00",1,-399.0,0.0,-2.0,0.0,0.0,"23,378.00","17,421.00",,
2021/04/12,211,UNL,50.03,19600.0,19897.0,19600.0,19897.0,"19,897.00",0.0,0.0,"19,748.50",20.00,"19,601.00","394,970.00",2,296.0,297.0,1.51,1.52,0.75,"23,378.00","17,421.00",,
2021/04/13,204,UNL,55.27,19500.0,20049.0,19287.0,19287.0,"19,287.00",0.0,0.0,"19,804.10",100.00,"19,897.00","1,980,410.00",9,-610.0,762.0,-3.07,3.95,-2.68,"23,378.00","17,421.00",,
2021/04/15,213,UNL,55.92,19150.0,19500.0,19150.0,19500.0,"19,500.00",0.0,0.0,"19,281.38",80.00,"19,287.00","1,542,510.00",7,213.0,350.0,1.1,1.83,1.12,"23,378.00","17,421.00",,
2021/04/18,202,UNL,46.89,19300.0,19300.0,19300.0,19300.0,"19,300.00",0.0,0.0,"19,300.00",10.00,"19,500.00","193,000.00",1,-200.0,0.0,-1.03,0.0,0.0,"23,378.00","17,421.00",,
2021/04/19,208,UNL,50.22,19300.0,19300.0,19201.0,19201.0,"19,201.00",0.0,0.0,"19,221.20",50.00,"19,300.00","961,060.00",4,-99.0,99.0,-0.51,0.52,-0.11,"23,378.00","17,421.00",,
2021/04/20,210,UNL,64.56,18916.0,19294.0,18916.0,19294.0,"19,294.00",0.0,0.0,"19,167.67",30.00,"19,201.00","575,030.00",3,93.00,378.0,0.48,2.0,0.65,"23,378.00","17,421.00",,
2021/04/21,209,UNL,50.21,19300.0,19500.0,19260.0,19300.0,"19,300.00",0.0,0.0,"19,332.00",50.00,"19,294.00","966,600.00",5,6.00,240.0,0.03,1.25,-0.17,"23,378.00","17,421.00",,
2021/04/22,209,UNL,62.98,19440.0,19440.0,19440.0,19440.0,"19,440.00",0.0,0.0,"19,440.00",10.00,"19,300.00","194,400.00",1,140.0,0.0,0.73,0.0,0.0,"23,378.00","17,421.00",,
2021/04/25,210,UNL,53.37,19052.0,19433.0,19045.0,19045.0,"19,045.00",0.0,0.0,"19,176.67",30.00,"19,440.00","575,300.00",3,-395.0,388.0,-2.03,2.04,-0.69,"23,378.00","17,421.00",,
2021/04/26,214,UNL,44.6,19045.0,19095.0,19000.0,19095.0,"19,095.00",0.0,0.0,"19,058.75",40.00,"19,045.00","762,350.00",4,50.0,95.0,0.26,0.5,0.19,"23,378.00","17,421.00",,
2021/04/27,211,UNL,63.42,19400.0,19476.0,19400.0,19476.0,"19,476.00",0.0,0.0,"19,438.00",20.00,"19,095.00","388,760.00",2,381.0,76.0,2.0,0.39,0.2,"23,378.00","17,421.00",,
2021/04/28,210,UNL,58.08,19500.0,19600.0,19450.0,19450.0,"19,450.00",0.0,0.0,"19,516.67",30.00,"19,476.00","585,500.00",3,-26.00,150.0,-0.13,0.77,-0.34,"23,378.00","17,421.00",,
2021/04/29,212,UNL,58.98,19061.0,19062.0,19061.0,19062.0,"19,062.00",0.0,0.0,"19,061.50",20.00,"19,450.00","381,230.00",2,-388.0,1.0,-1.99,0.01,0.0,"23,378.00","17,421.00",,
2021/03/14,206,UNL,59.19,19000.0,19000.0,18620.0,18900.0,"18,900.00",0.0,0.0,"18,825.00",50.00,"19,184.00","941,250.00",5,-284.0,380.0,-1.48,2.04,0.4,"23,378.00","17,421.00",,
2021/03/15,208,UNL,56.77,18900.0,19200.0,18900.0,19200.0,"19,200.00",0.0,0.0,"19,050.00",20.00,"18,900.00","381,000.00",2,300.0,300.00,1.59,1.59,0.78,"23,378.00","17,421.00",,
2021/03/16,212,UNL,59.01,19584.0,19584.0,19400.0,19400.0,"19,400.00",0.0,0.0,"19,522.67",30.00,"19,200.00","585,680.00",3,200.00,184.00,1.04,0.95,-0.63,"23,378.00","17,421.00",,
2021/03/17,208,UNL,57.88,19700.0,19700.0,19350.0,19350.0,"19,350.00",0.0,0.0,"19,467.00",30.00,"19,400.00","584,010.00",3,-50.0,350.0,-0.26,1.81,-0.6,"23,378.00","17,421.00",,
2021/03/18,209,UNL,57.37,19000.0,19000.0,18965.0,18965.0,"18,965.00",0.0,0.0,"18,974.25",40.00,"19,350.00","758,970.00",3,-385.0,35.0,-1.99,0.18,-0.05,"23,378.00","17,421.00",,
2021/03/21,202,UNL,60.58,19341.0,19727.0,19341.0,19500.0,"19,500.00",0.0,0.0,"19,522.67",30.00,"18,965.00","585,680.00",3,535.00,386.00,2.82,2.0,-0.12,"23,378.00","17,421.00",,
2021/03/22,206,UNL,55.29,19600.0,19600.0,19600.0,19600.0,"19,600.00",0.0,0.0,"19,600.00",10.00,"19,500.00","196,000.00",1,100.0,0.0,0.51,0.0,0.0,"23,378.00","17,421.00",,
2021/03/23,203,UNL,44.49,19210.0,19210.0,19210.0,19210.0,"19,210.00",0.0,0.0,"19,210.00",10.00,"19,600.00","192,100.00",1,-390.00,0.00,-1.99,0.0,0.0,"23,378.00","17,421.00",,
2021/03/24,203,UNL,66.72,19500.0,19869.0,19400.0,19869.0,"19,869.00",0.0,0.0,"19,575.29",121.00,"19,210.00","2,368,610.00",12,659.00,469.00,3.43,2.42,1.48,"23,378.00","17,421.00",,
2021/03/25,203,UNL,62.94,19900.0,19990.0,19600.0,19900.0,"19,900.00",0.0,0.0,"19,876.00",50.00,"19,869.00","993,800.00",5,31.0,390.00,0.16,1.99,0.12,"23,378.00","17,421.00",,
2021/03/29,204,UNL,64.48,20199.0,20199.0,19800.0,20100.0,"20,100.00",0.0,0.0,"19,929.90",100.00,"19,900.00","1,992,990.00",10,200.0,399.00,1.01,2.02,0.85,"23,378.00","17,421.00",,
2021/03/30,204,UNL,64.2,20100.0,20400.0,20100.0,20400.0,"20,400.00",0.0,0.0,"20,250.00",20.00,"20,100.00","405,000.00",2,300.0,300.0,1.49,1.49,0.74,"23,378.00","17,421.00",,
2021/03/31,204,UNL,65.45,19992.0,20200.0,19992.0,20200.0,"20,200.00",0.0,0.0,"20,165.33",60.00,"20,400.00","1,209,920.00",4,-200.0,208.0,-0.98,1.04,0.17,"23,378.00","17,421.00",,
2021/04/01,213,UNL,68.49,20200.0,20300.0,19797.0,20300.0,"20,300.00",0.0,0.0,"20,096.07",140.00,"20,200.00","2,813,450.00",10,100.00,503.00,0.5,2.54,1.0,"23,378.00","17,421.00",,
2021/04/03,318,UNL,42.53,49737.0,49737.0,48743.0,48743.0,"48,743.00",0.0,0.0,"48,839.32",124.00,"49,737.00","6,056,075.30",15,-994.0,994.0,-2.0,2.04,-0.2,"52,700.00","43,800.00","46,878.82","46,697.07"
2021/04/04,207,UNL,57.01,20000.0,20190.0,19905.0,20190.0,"20,190.00",0.0,0.0,"20,001.00",50.00,"20,300.00","1,000,050.00",5,-110.0,285.00,-0.54,1.43,0.94,"23,378.00","17,421.00",,
2021/02/15,201,UNL,49.06,19500.0,19600.0,19500.0,19600.0,"19,600.00",0.0,0.0,"19,533.33",30.00,"19,500.00","586,000.00",3,100.0,100.0,0.51,0.51,0.34,"23,378.00","17,421.00",,
2021/02/16,204,UNL,51.32,19650.0,19700.0,19570.0,19570.0,"19,570.00",0.0,0.0,"19,644.00",50.00,"19,600.00","982,200.00",5,-30.0,130.0,-0.15,0.66,-0.38,"23,378.00","17,421.00",,
2021/02/17,199,UNL,58.41,19185.0,19690.0,19185.0,19510.0,"19,510.00",0.0,0.0,"19,457.88",80.00,"19,570.00","1,556,630.00",7,-60.0,505.0,-0.31,2.63,0.27,"23,378.00","17,421.00",,
2021/02/18,202,UNL,67.97,19500.0,19899.0,19500.0,19899.0,"19,899.00",0.0,0.0,"19,767.18",110.00,"19,510.00","2,174,390.00",9,389.0,399.0,1.99,2.05,0.66,"23,378.00","17,421.00",,
2021/02/21,318,UNL,42.53,49737.0,49737.0,48743.0,48743.0,"48,743.00",0.0,0.0,"48,839.32",124.00,"49,737.00","6,056,075.30",15,-994.0,994.0,-2.0,2.04,-0.2,"52,700.00","43,800.00","46,878.82","46,697.07"
2021/02/22,203,UNL,68.34,19905.0,20296.0,19905.0,20275.0,"20,275.00",0.0,0.0,"20,080.11",90.00,"19,899.00","1,807,210.00",9,376.0,391.0,1.89,1.96,0.96,"23,378.00","17,421.00",,
2021/02/23,201,UNL,59.14,19870.0,19870.0,19204.0,19204.0,"19,204.00",0.0,0.0,"19,483.17",145.00,"20,275.00","2,825,060.00",14,"-1,071.00",666.0,-5.28,3.47,-1.45,"23,378.00","17,421.00",,
2021/02/24,200,UNL,69.22,18900.0,19750.0,18900.0,19700.0,"19,700.00",0.0,0.0,"19,546.36",110.00,"19,204.00","2,150,100.00",8,496.0,850.0,2.58,4.5,0.78,"23,378.00","17,421.00",,
2021/02/28,203,UNL,52.81,19610.0,19610.0,19000.0,19380.0,"19,380.00",0.0,0.0,"19,295.90",200.00,"19,700.00","3,859,180.00",12,-320.0,610.0,-1.62,3.21,0.43,"23,378.00","17,421.00",,
2021/03/01,205,UNL,47.16,19759.0,19759.0,19500.0,19500.0,"19,500.00",0.0,0.0,"19,672.67",30.00,"19,380.00","590,180.00",2,120.0,259.0,0.62,1.33,-0.89,"23,378.00","17,421.00",,
2021/03/02,204,UNL,48.67,19121.0,19121.0,18728.0,18728.0,"18,728.00",0.0,0.0,"18,893.71",70.00,"19,500.00","1,322,560.00",5,-772.0,393.0,-3.96,2.1,-0.88,"23,378.00","17,421.00",,
2021/03/03,208,UNL,44.51,18728.0,18728.0,18728.0,18728.0,"18,728.00",0.0,0.0,"18,728.00",20.00,"18,728.00","374,560.00",2,0.0,0.00,0.0,0.0,0.0,"23,378.00","17,421.00",,
2021/03/04,202,UNL,46.72,19101.0,19101.0,18722.0,18722.0,"18,722.00",0.0,0.0,"18,911.50",20.00,"18,728.00","378,230.00",2,-6.0,379.0,-0.03,2.02,-1.01,"23,378.00","17,421.00",,
2021/03/07,207,UNL,38.25,18450.0,18450.0,18450.0,18450.0,"18,450.00",0.0,0.0,"18,450.00",10.00,"18,722.00","184,500.00",1,-272.00,0.0,-1.45,0.0,0.0,"23,378.00","17,421.00",,
2021/03/09,206,UNL,47.45,18450.0,18450.0,18450.0,18450.0,"18,450.00",0.0,0.0,"18,450.00",10.00,"18,450.00","184,500.00",1,0.0,0.0,0.0,0.0,0.0,"23,378.00","17,421.00",,
2021/01/21,205,UNL,71.37,20550.0,20550.0,20139.0,20450.0,"20,450.00",0.0,0.0,"20,362.23",220.00,"20,300.00","4,479,690.00",15,150.0,411.00,0.74,2.04,0.43,"23,378.00","17,421.00",,
2021/01/24,203,UNL,60.78,20500.0,20500.0,20190.0,20440.0,"20,440.00",0.0,0.0,"20,341.00",200.00,"20,450.00","4,068,200.00",16,-10.0,310.0,-0.05,1.54,0.48,"23,378.00","17,421.00",,
2021/01/25,204,UNL,55.45,20440.0,20440.0,20110.0,20150.0,"20,150.00",0.0,0.0,"20,154.32",185.00,"20,440.00","3,728,550.00",9,-290.00,330.00,-1.42,1.64,-0.02,"23,378.00","17,421.00",,
2021/01/26,203,UNL,52.39,20160.0,20160.0,20000.0,20001.0,"20,001.00",0.0,0.0,"20,035.11",90.00,"20,150.00","1,803,160.00",7,-149.0,160.00,-0.74,0.8,-0.17,"23,378.00","17,421.00",,
2021/01/27,204,UNL,52.79,20000.0,20080.0,19750.0,19750.0,"19,750.00",0.0,0.0,"19,825.25",80.00,"20,001.00","1,586,020.00",6,-251.0,330.0,-1.25,1.67,-0.38,"23,378.00","17,421.00",,
2021/01/28,205,UNL,56.01,19750.0,20250.0,19750.0,20250.0,"20,250.00",0.0,0.0,"20,021.62",130.00,"19,750.00","2,602,810.00",11,500.0,500.00,2.53,2.53,1.13,"23,378.00","17,421.00",,
2021/01/31,202,UNL,49.31,20250.0,20250.0,19450.0,19460.0,"19,460.00",0.0,0.0,"19,651.00",60.00,"20,250.00","1,179,060.00",6,-790.0,800.0,-3.9,4.11,-0.98,"23,378.00","17,421.00",,
2021/02/01,199,UNL,55.12,19849.0,20245.0,19849.0,20001.0,"20,001.00",0.0,0.0,"20,102.59",79.00,"19,460.00","1,588,105.00",7,541.00,396.0,2.78,2.0,-0.51,"23,378.00","17,421.00",,
2021/02/02,196,UNL,57.89,20000.0,20200.0,19605.0,20000.0,"20,000.00",0.0,0.0,"19,933.67",60.00,"20,001.00","1,196,020.00",6,-1.0,595.0,0.0,3.03,0.33,"23,378.00","17,421.00",,
2021/02/03,198,UNL,47.79,19700.0,19700.0,19600.0,19600.0,"19,600.00",0.0,0.0,"19,675.00",40.00,"20,000.00","787,000.00",4,-400.0,100.0,-2.0,0.51,-0.38,"23,378.00","17,421.00",,
2021/02/04,197,UNL,60.54,19650.0,19800.0,19401.0,19800.0,"19,800.00",0.0,0.0,"19,544.56",90.00,"19,600.00","1,759,010.00",7,200.0,399.0,1.02,2.06,1.29,"23,378.00","17,421.00",,
2021/02/07,198,UNL,54.97,20000.0,20430.0,20000.0,20022.0,"20,022.00",0.0,0.0,"20,177.35",98.00,"19,800.00","1,977,380.00",9,222.0,430.0,1.12,2.15,-0.78,"23,378.00","17,421.00",,
2021/02/08,202,UNL,52.97,20000.0,20000.0,19985.0,19990.0,"19,990.00",0.0,0.0,"19,995.83",60.00,"20,022.00","1,199,750.00",6,-32.0,15.0,-0.16,0.08,-0.03,"23,378.00","17,421.00",,
2021/02/09,191,UNL,62.05,20000.0,20150.0,20000.0,20150.0,"20,150.00",0.0,0.0,"20,075.00",20.00,"19,990.00","401,500.00",2,160.0,150.0,0.8,0.75,0.37,"23,378.00","17,421.00",,
2021/02/10,188,UNL,57.74,20149.0,20149.0,19900.0,20100.0,"20,100.00",0.0,0.0,"20,049.80",50.00,"20,150.00","1,002,490.00",5,-50.0,249.0,-0.25,1.25,0.25,"23,378.00","17,421.00",,
2021/02/11,202,UNL,50.18,19700.0,20000.0,19700.0,19700.0,"19,700.00",0.0,0.0,"19,800.00",90.00,"20,100.00","1,782,000.00",9,-400.0,300.0,-1.99,1.52,-0.51,"23,378.00","17,421.00",,
2021/03/10,201,UNL,59.83,18800.0,19184.0,18800.0,19184.0,"19,184.00",0.0,0.0,"18,900.50",40.00,"18,450.00","756,020.00",4,734.0,384.00,3.98,2.04,1.48,"23,378.00","17,421.00",,
2021/04/05,207,UNL,51.93,19790.0,19790.0,19787.0,19787.0,"19,787.00",0.0,0.0,"19,787.60",50.00,"20,190.00","989,380.00",5,-403.0,3.00,-2.0,0.02,0.0,"23,378.00","17,421.00",,
2021/05/02,221,UNL,61.77,19430.0,19430.0,19000.0,19000.0,"19,000.00",0.0,0.0,"19,172.20",50.00,"19,062.00","958,610.00",5,-62.0,430.0,-0.33,2.26,-0.91,"23,378.00","17,421.00",,
2021/05/25,214,UNL,56.69,20552.0,20552.0,19900.0,20000.0,"20,000.00",0.0,0.0,"20,096.27",110.00,"20,150.00","2,210,590.00",9,-150.00,652.00,-0.74,3.28,-0.48,"23,378.00","17,421.00",,
2021/06/20,226,UNL,52.37,19604.0,19604.0,19604.0,19604.0,"19,604.00",0.0,0.0,"19,604.00",40.00,"20,000.00","784,160.00",3,-396.0,0.00,-1.98,0.0,0.0,"23,378.00","17,421.00",,
2021/07/13,218,UNL,63.94,19510.0,19790.0,19503.0,19790.0,"19,790.00",0.0,0.0,"19,638.25",40.00,"19,900.00","785,530.00",4,-110.0,287.0,-0.55,1.47,0.77,"23,378.00","17,421.00",,
2021/08/08,222,UNL,54.32,19900.0,19990.0,19590.2,19590.2,"19,590.20",0.0,0.0,"19,875.04",78.00,"19,608.00","1,550,253.00",6,-17.8,399.8,-0.09,2.04,-1.45,"23,378.00","17,421.00",,
2021/09/05,219,UNL,52.29,19700.0,19700.0,19257.0,19265.0,"19,265.00",0.0,0.0,"19,454.75",80.00,"19,466.00","1,556,380.00",7,-201.0,443.0,-1.03,2.3,-0.98,"23,378.00","17,421.00",,
2021/09/28,214,UNL,47.24,19650.0,19650.0,19399.0,19399.0,"19,399.00",0.0,0.0,"19,524.50",20.00,"19,650.00","390,490.00",2,-251.0,251.0,-1.28,1.29,-0.65,"23,378.00","17,421.00",,
2021/10/27,224,UNL,58.56,19100.0,19400.0,19100.0,19400.0,"19,400.00",0.0,0.0,"19,270.00",50.00,"19,200.00","963,500.00",5,200.00,300.0,1.04,1.57,0.67,"23,378.00","17,701.00",,
2021/11/24,223,UNL,40.1,19005.0,19005.0,19001.0,19001.0,"19,001.00",0.0,0.0,"19,002.74",23.00,"19,005.00","437,063.00",2,-4.00,4.0,-0.02,0.02,-0.01,"23,378.00","18,200.00",,
2021/12/20,227,UNL,41.75,18850.0,18850.0,18850.0,18850.0,"18,850.00",0.0,0.0,"18,850.00",10.00,"18,700.00","188,500.00",1,150.0,0.0,0.8,0.0,0.0,"23,180.00","18,050.00",,
2022/02/08,225,UNL,56.52,19381.0,19382.0,19381.0,19382.0,"19,382.00",0.0,0.0,"19,381.50",20.00,"19,002.00","387,630.00",2,380.0,1.0,2.0,0.01,0.0,"23,180.00","18,050.00",,
2022/03/07,225,UNL,33.04,18400.0,18463.0,18400.0,18463.0,"18,463.00",0.0,0.0,"18,421.00",30.00,"18,101.00","552,630.00",2,362.0,63.0,2.0,0.34,0.23,"23,180.00","18,050.00",,
2020/12/28,210,UNL,62.07,18701.0,18800.0,18700.0,18750.0,"18,750.00",0.0,0.0,"18,716.73",150.00,"18,700.00","2,807,510.00",14,50.0,100.0,0.27,0.53,0.18,"23,378.00","17,421.00",,
2020/12/29,205,UNL,56.45,18800.0,18940.0,18800.0,18800.0,"18,800.00",0.0,0.0,"18,875.71",70.00,"18,750.00","1,321,300.00",6,50.00,140.0,0.27,0.74,-0.4,"23,378.00","17,421.00",,
2020/12/30,204,UNL,51.22,18425.0,18850.0,18425.0,18850.0,"18,850.00",0.0,0.0,"18,706.81",47.00,"18,800.00","879,220.00",4,50.0,425.00,0.27,2.31,0.76,"23,378.00","17,421.00",,
2020/12/31,203,UNL,59.02,19125.0,19506.0,19125.0,19150.0,"19,150.00",0.0,0.0,"19,260.33",30.00,"18,850.00","577,810.00",3,300.0,381.0,1.59,1.99,-0.58,"23,378.00","17,421.00",,
2021/01/03,208,UNL,61.98,19500.0,19600.0,19110.0,19110.0,"19,110.00",0.0,0.0,"19,369.50",60.00,"19,150.00","1,162,170.00",6,-40.00,490.0,-0.21,2.56,-1.36,"23,378.00","17,421.00",,
2021/01/04,198,UNL,63.31,18910.0,19200.0,18900.0,19000.0,"19,000.00",0.0,0.0,"19,001.43",70.00,"19,110.00","1,330,100.00",7,-110.0,300.00,-0.58,1.59,-0.01,"23,378.00","17,421.00",,
2021/01/05,202,UNL,55.9,18890.0,18890.0,18889.0,18889.0,"18,889.00",0.0,0.0,"18,889.33",30.00,"19,000.00","566,680.00",3,-111.0,1.0,-0.58,0.01,0.0,"23,378.00","17,421.00",,
2021/01/06,201,UNL,47.73,18888.0,19000.0,18669.0,18780.0,"18,780.00",0.0,0.0,"18,826.00",60.00,"18,889.00","1,129,560.00",5,-109.0,331.0,-0.58,1.77,-0.24,"23,378.00","17,421.00",,
2021/01/07,204,UNL,57.13,19000.0,19100.0,18802.0,18802.0,"18,802.00",0.0,0.0,"18,931.73",110.00,"18,780.00","2,082,490.00",10,22.0,298.0,0.12,1.58,-0.69,"23,378.00","17,421.00",,
2021/01/10,203,UNL,61.16,19178.0,19561.0,19178.0,19300.0,"19,300.00",0.0,0.0,"19,360.14",140.00,"18,802.00","2,710,420.00",13,498.0,383.0,2.65,2.0,-0.31,"23,378.00","17,421.00",,
2021/01/11,204,UNL,61.41,19592.0,19593.0,19589.0,19589.0,"19,589.00",0.0,0.0,"19,591.33",30.00,"19,300.00","587,740.00",3,289.0,4.0,1.5,0.02,-0.01,"23,378.00","17,421.00",,
2021/01/12,198,UNL,63.23,19550.0,19550.0,19300.0,19310.0,"19,310.00",0.0,0.0,"19,402.50",40.00,"19,589.00","776,100.00",4,-279.0,250.0,-1.42,1.3,-0.48,"23,378.00","17,421.00",,
2021/01/13,318,UNL,42.53,49737.0,49737.0,48743.0,48743.0,"48,743.00",0.0,0.0,"48,839.32",124.00,"49,737.00","6,056,075.30",15,-994.0,994.0,-2.0,2.04,-0.2,"52,700.00","43,800.00","46,878.82","46,697.07"
2021/01/17,204,UNL,70.44,19850.0,20081.0,19800.0,19802.0,"19,802.00",0.0,0.0,"19,906.83",120.00,"19,688.00","2,388,820.00",11,114.0,281.0,0.58,1.42,-0.53,"23,378.00","17,421.00",,
2021/01/18,203,UNL,67.04,20050.0,20502.0,20050.0,20489.0,"20,489.00",0.0,0.0,"20,293.67",90.00,"19,802.00","1,826,430.00",9,687.0,452.0,3.47,2.25,0.95,"23,378.00","17,421.00",,
2021/01/19,202,UNL,71.4,20490.0,20800.0,20106.0,20700.0,"20,700.00",0.0,0.0,"20,493.24",275.00,"20,489.00","5,635,640.00",24,211.0,694.0,1.03,3.45,1.0,"23,378.00","17,421.00",,
2020/12/04,318,UNL,42.53,49737.0,49737.0,48743.0,48743.0,"48,743.00",0.0,0.0,"48,839.32",124.00,"49,737.00","6,056,075.30",15,-994.0,994.0,-2.0,2.04,-0.2,"52,700.00","43,800.00","46,878.82","46,697.07"
2020/12/06,193,UNL,44.98,19406.0,19555.0,19406.0,19406.0,"19,406.00",0.0,0.0,"19,450.19",160.00,"19,799.00","3,112,030.00",12,-393.00,149.0,-1.98,0.77,-0.23,"23,378.00","17,185.00",,
2020/12/07,202,UNL,44.48,19794.0,20189.0,19794.0,20189.0,"20,189.00",0.0,0.0,"20,057.33",30.00,"19,406.00","601,720.00",3,783.0,395.00,4.03,2.0,0.65,"23,378.00","17,185.00",,
2020/12/08,198,UNL,43.47,20592.0,20592.0,18973.0,18973.0,"18,973.00",0.0,0.0,"19,953.71",104.00,"20,189.00","2,075,186.00",9,"-1,216.00","1,619.00",-6.02,8.53,-5.17,"23,378.00","17,185.00",,
2020/12/09,197,UNL,48.47,19300.0,19999.0,19300.0,19600.0,"19,600.00",0.0,0.0,"19,668.54",131.00,"18,973.00","2,576,579.00",7,627.0,699.0,3.3,3.62,-0.35,"23,378.00","17,185.00",,
2020/12/10,200,UNL,47.95,19325.0,19325.0,18800.0,19300.0,"19,300.00",0.0,0.0,"19,095.44",103.00,"19,600.00","1,966,830.00",9,-300.0,525.0,-1.53,2.79,1.06,"23,378.00","17,185.00",,
2020/12/13,199,UNL,45.09,19489.0,20200.0,19101.0,20200.0,"20,200.00",0.0,0.0,"19,576.43",70.00,"19,300.00","1,370,350.00",7,900.0,"1,099.00",4.66,5.75,3.09,"23,378.00","17,185.00",,
2020/12/14,197,UNL,54.59,19900.0,19900.0,19200.0,19200.0,"19,200.00",0.0,0.0,"19,641.00",60.00,"20,200.00","1,178,460.00",6,"-1,000.00",700.0,-4.95,3.65,-2.3,"23,378.00","17,185.00",,
2020/12/15,201,UNL,45.97,19250.0,19580.0,19200.0,19220.0,"19,220.00",0.0,0.0,"19,373.85",135.00,"19,200.00","2,615,470.00",12,20.0,380.0,0.1,1.98,-0.8,"23,378.00","17,185.00",,
2020/12/16,195,UNL,47.92,19220.0,19600.0,19200.0,19250.0,"19,250.00",0.0,0.0,"19,378.08",120.00,"19,220.00","2,325,370.00",9,30.0,400.0,0.16,2.08,-0.67,"23,378.00","17,185.00",,
2020/12/17,191,UNL,44.48,19250.0,19500.0,19200.0,19200.0,"19,200.00",0.0,0.0,"19,313.00",100.00,"19,250.00","1,931,300.00",10,-50.0,300.0,-0.26,1.56,-0.59,"23,378.00","17,185.00",,
2020/12/20,194,UNL,49.48,18816.0,19074.0,18620.0,18620.0,"18,620.00",0.0,0.0,"18,781.14",140.00,"19,200.00","2,629,360.00",14,-580.00,454.00,-3.02,2.44,-0.87,"23,378.00","17,421.00",,
2020/12/21,198,UNL,57.11,18400.0,18990.0,18200.0,18700.0,"18,700.00",0.0,0.0,"18,664.86",140.00,"18,620.00","2,613,080.00",14,80.0,790.00,0.43,4.34,0.19,"23,378.00","17,421.00",,
2020/12/22,201,UNL,59.53,19074.0,19559.0,18800.0,19168.0,"19,168.00",0.0,0.0,"19,254.62",130.00,"18,700.00","2,503,100.00",11,468.00,759.00,2.5,4.04,-0.45,"23,378.00","17,421.00",,
2020/12/23,199,UNL,58.45,19551.0,19551.0,19551.0,19551.0,"19,551.00",0.0,0.0,"19,551.00",40.00,"19,168.00","782,040.00",3,383.0,0.00,2.0,0.0,0.0,"23,378.00","17,421.00",,
2020/11/08,194,UNL,68.23,18006.0,18006.0,18000.0,18000.0,"18,000.00",0.0,0.0,"18,000.22",540.00,"18,200.00","9,720,120.00",5,-200.0,6.0,-1.1,0.03,0.0,"23,345.00","17,185.00",,
2020/11/09,191,UNL,55.06,17901.0,17901.0,17801.0,17801.0,"17,801.00",0.0,0.0,"17,852.90","1,050.00","18,000.00","18,745,550.00",3,-199.0,100.0,-1.11,0.56,-0.29,"23,345.00","17,185.00",,
2020/11/10,192,UNL,49.59,18000.0,18000.0,17800.0,17800.0,"17,800.00",0.0,0.0,"17,890.40",150.00,"17,801.00","2,683,560.00",10,-1.00,200.0,-0.01,1.12,-0.51,"23,345.00","17,185.00",,
2020/11/11,191,UNL,68.43,17702.0,18460.0,17701.0,18460.0,"18,460.00",0.0,0.0,"18,124.12",330.00,"17,800.00","5,980,960.00",26,660.00,759.00,3.71,4.29,1.82,"23,345.00","17,185.00",,
2020/11/12,194,UNL,69.73,18360.0,18500.0,18100.0,18500.0,"18,500.00",0.0,0.0,"18,305.50",100.00,"18,460.00","1,830,550.00",10,40.00,400.00,0.22,2.21,1.05,"23,345.00","17,185.00",,
2020/11/18,190,UNL,69.67,18140.0,18500.0,18140.0,18495.0,"18,495.00",0.0,0.0,"18,471.14",210.00,"18,500.00","3,878,940.00",15,-5.0,360.00,-0.03,1.98,0.13,"23,345.00","17,185.00",,
2020/11/19,194,UNL,76.86,18650.0,20344.0,18650.0,20344.0,"20,344.00",0.0,0.0,"19,871.68","1,440.00","18,495.00","28,615,220.00",66,"1,849.00","1,694.00",10.0,9.08,2.32,"23,345.00","17,185.00",,
2020/11/22,197,UNL,73.56,20750.0,22378.0,19700.0,19700.0,"19,700.00",0.0,0.0,"20,986.20","1,020.00","20,344.00","21,405,920.00",50,-644.00,"2,678.00",-3.17,13.59,-6.53,"23,345.00","17,185.00",,
2020/11/23,195,UNL,65.64,20094.0,21000.0,20094.0,20700.0,"20,700.00",0.0,0.0,"20,640.86",140.00,"19,700.00","2,889,720.00",14,"1,000.00",906.00,5.08,4.51,0.29,"23,345.00","17,185.00",,
2020/11/24,192,UNL,63.69,20287.0,20287.0,20286.0,20286.0,"20,286.00",0.0,0.0,"20,286.50",20.00,"20,700.00","405,730.00",2,-414.0,1.0,-2.0,0.0,0.0,"23,345.00","17,185.00",,
2020/11/25,194,UNL,64.13,19881.0,21900.0,19881.0,21700.0,"21,700.00",0.0,0.0,"21,059.28",390.00,"20,286.00","8,213,120.00",39,"1,414.00","2,019.00",6.97,10.16,2.95,"23,345.00","17,185.00",,
2020/11/26,197,UNL,70.52,22100.0,22950.0,21400.0,21400.0,"21,400.00",0.0,0.0,"22,455.03",858.00,"21,700.00","19,266,420.00",66,-300.0,"1,550.00",-1.38,7.24,-4.93,"23,345.00","17,185.00",,
2020/11/29,196,UNL,62.9,21600.0,23378.0,21592.0,21592.0,"21,592.00",0.0,0.0,"22,364.45",642.00,"21,400.00","14,357,979.00",56,192.0,"1,786.00",0.9,8.27,-3.58,"23,378.00","17,185.00",,
2020/11/30,194,UNL,56.07,21609.0,21800.0,21200.0,21200.0,"21,200.00",0.0,0.0,"21,474.96",115.00,"21,592.00","2,469,620.00",11,-392.0,600.0,-1.82,2.83,-1.3,"23,378.00","17,185.00",,
2020/12/01,193,UNL,50.47,21300.0,21300.0,20874.0,21200.0,"21,200.00",0.0,0.0,"21,003.36",140.00,"21,200.00","2,940,470.00",13,0.0,426.0,0.0,2.04,0.93,"23,378.00","17,185.00",,
2020/12/02,197,UNL,52.12,20777.0,21184.0,20010.0,20100.0,"20,100.00",0.0,0.0,"20,481.92",245.00,"21,200.00","5,018,070.00",17,"-1,100.00","1,174.00",-5.19,5.87,-1.9,"23,378.00","17,185.00",,
2020/10/13,189,UNL,62.02,18000.0,18350.0,18000.0,18350.0,"18,350.00",0.0,0.0,"18,058.33",60.00,"17,800.00","1,083,500.00",2,550.0,350.0,3.09,1.94,1.59,"23,345.00","17,185.00",,
2020/10/14,191,UNL,58.8,18717.0,18717.0,18129.0,18129.0,"18,129.00",0.0,0.0,"18,422.00",40.00,"18,350.00","736,880.00",4,-221.0,588.0,-1.2,3.24,-1.62,"23,345.00","17,185.00",,
2020/10/15,192,UNL,58.95,18129.0,18129.0,17421.0,17501.0,"17,501.00",0.0,0.0,"17,618.72",250.00,"18,129.00","4,404,680.00",17,-628.0,708.0,-3.46,4.06,-0.67,"23,345.00","17,185.00",,
2020/10/18,183,UNL,58.8,17550.0,17560.0,17450.0,17453.0,"17,453.00",0.0,0.0,"17,475.26",270.00,"17,501.00","4,718,320.00",11,-48.0,110.0,-0.27,0.63,-0.13,"23,345.00","17,185.00",,
2020/10/20,189,UNL,50.87,17802.0,17802.0,17800.0,17800.0,"17,800.00",0.0,0.0,"17,801.33",30.00,"17,453.00","534,040.00",2,347.0,2.0,1.99,0.01,-0.01,"23,345.00","17,185.00",,
2020/10/21,188,UNL,50.52,17515.0,17515.0,17515.0,17515.0,"17,515.00",0.0,0.0,"17,515.00",10.00,"17,800.00","175,150.00",1,-285.0,0.0,-1.6,0.0,0.0,"23,345.00","17,185.00",,
2020/10/22,183,UNL,62.99,17850.0,18000.0,17850.0,18000.0,"18,000.00",0.0,0.0,"17,899.29",70.00,"17,515.00","1,252,950.00",4,485.0,150.0,2.77,0.84,0.56,"23,345.00","17,185.00",,
2020/10/25,318,UNL,42.53,49737.0,49737.0,48743.0,48743.0,"48,743.00",0.0,0.0,"48,839.32",124.00,"49,737.00","6,056,075.30",15,-994.0,994.0,-2.0,2.04,-0.2,"52,700.00","43,800.00","46,878.82","46,697.07"
2020/10/28,185,UNL,64.01,18000.0,18101.0,18000.0,18100.0,"18,100.00",0.0,0.0,"18,040.20",50.00,"18,000.00","902,010.00",5,100.0,101.0,0.56,0.56,0.33,"23,345.00","17,185.00",,
2020/10/29,188,UNL,58.03,18100.0,18100.0,18100.0,18100.0,"18,100.00",0.0,0.0,"18,100.00",10.00,"18,100.00","181,000.00",1,0.0,0.0,0.0,0.0,0.0,"23,345.00","17,185.00",,
2020/11/02,193,UNL,57.91,18000.0,18000.0,18000.0,18000.0,"18,000.00",0.0,0.0,"18,000.00",10.00,"18,100.00","180,000.00",1,-100.0,0.0,-0.55,0.0,0.0,"23,345.00","17,185.00",,
2020/11/03,194,UNL,61.36,18360.0,18360.0,18300.0,18300.0,"18,300.00",0.0,0.0,"18,336.67",30.00,"18,000.00","550,100.00",3,300.00,60.00,1.67,0.33,-0.2,"23,345.00","17,185.00",,
2020/11/04,198,UNL,66.06,18560.0,18565.0,18300.0,18540.0,"18,540.00",0.0,0.0,"18,510.87",150.00,"18,300.00","2,776,630.00",5,240.0,265.0,1.31,1.45,0.16,"23,345.00","17,185.00",,
2020/09/17,187,UNL,59.63,19502.0,19502.0,19502.0,19502.0,"19,502.00",0.0,0.0,"19,502.00",10.00,"19,900.00","195,020.00",1,-398.0,0.0,-2.0,0.0,0.0,"23,345.00","17,185.00",,
2020/09/20,184,UNL,47.91,19889.0,19889.0,19889.0,19889.0,"19,889.00",0.0,0.0,"19,889.00",20.00,"19,502.00","397,780.00",2,387.0,0.0,1.98,0.0,0.0,"23,345.00","17,185.00",,
2020/09/21,191,UNL,43.42,19800.0,19800.0,19800.0,19800.0,"19,800.00",0.0,0.0,"19,800.00",15.00,"19,889.00","297,000.00",1,-89.0,0.0,-0.45,0.0,0.0,"23,345.00","17,185.00",,
2020/09/22,318,UNL,42.53,49737.0,49737.0,48743.0,48743.0,"48,743.00",0.0,0.0,"48,839.32",124.00,"49,737.00","6,056,075.30",15,-994.0,994.0,-2.0,2.04,-0.2,"52,700.00","43,800.00","46,878.82","46,697.07"
2020/09/23,318,UNL,42.53,49737.0,49737.0,48743.0,48743.0,"48,743.00",0.0,0.0,"48,839.32",124.00,"49,737.00","6,056,075.30",15,-994.0,994.0,-2.0,2.04,-0.2,"52,700.00","43,800.00","46,878.82","46,697.07"
2020/09/24,189,UNL,49.16,19800.0,19800.0,19404.0,19404.0,"19,404.00",0.0,0.0,"19,503.00",40.00,"19,800.00","780,120.00",3,-396.0,396.0,-2.0,2.04,-0.51,"23,345.00","17,185.00",,
2020/09/27,187,UNL,51.78,19016.0,19074.0,17850.0,18025.0,"18,025.00",0.0,0.0,"18,275.59",220.00,"19,404.00","4,020,630.00",19,"-1,379.00","1,224.00",-7.11,6.86,-1.39,"23,345.00","17,185.00",,
2020/09/28,187,UNL,50.78,18100.0,18200.0,17800.0,17901.0,"17,901.00",0.0,0.0,"17,970.34",236.00,"18,025.00","4,241,000.00",18,-124.0,400.0,-0.69,2.25,-0.39,"23,345.00","17,185.00",,
2020/09/29,188,UNL,45.27,18200.0,18259.0,17895.0,17895.0,"17,895.00",0.0,0.0,"18,077.33",60.00,"17,901.00","1,084,640.00",6,-6.0,364.0,-0.03,2.03,-1.02,"23,345.00","17,185.00",,
2020/09/30,186,UNL,44.57,18200.0,18200.0,18200.0,18200.0,"18,200.00",0.0,0.0,"18,200.00",10.00,"17,895.00","182,000.00",1,305.0,0.0,1.7,0.0,0.0,"23,345.00","17,185.00",,
2020/10/01,189,UNL,55.28,18200.0,18200.0,17880.0,17900.0,"17,900.00",0.0,0.0,"17,960.22",45.00,"18,200.00","808,210.00",4,-300.00,320.0,-1.65,1.79,-0.34,"23,345.00","17,185.00",,
2020/10/04,191,UNL,63.75,17900.0,18050.0,17900.0,18050.0,"18,050.00",0.0,0.0,"18,010.00",50.00,"17,900.00","900,500.00",5,150.0,150.0,0.84,0.84,0.22,"23,345.00","17,185.00",,
2020/10/05,189,UNL,57.64,18100.0,18100.0,18100.0,18100.0,"18,100.00",0.0,0.0,"18,100.00",10.00,"18,050.00","181,000.00",1,50.0,0.0,0.28,0.0,0.0,"23,345.00","17,185.00",,
2020/10/06,191,UNL,59.57,18100.0,18100.0,18100.0,18100.0,"18,100.00",0.0,0.0,"18,100.00",100.00,"18,100.00","1,810,000.00",4,0.0,0.0,0.0,0.0,0.0,"23,345.00","17,185.00",,
2020/10/07,191,UNL,65.18,18252.0,18252.0,18150.0,18150.0,"18,150.00",0.0,0.0,"18,170.40",50.00,"18,100.00","908,520.00",5,50.0,102.0,0.28,0.56,-0.11,"23,345.00","17,185.00",,
2020/08/24,178,UNL,53.13,18800.0,18800.0,18800.0,18800.0,"18,800.00",0.0,0.0,"18,800.00",10.00,"18,492.00","188,000.00",1,308.0,0.0,1.67,0.0,0.0,"23,345.00","17,185.00",,
2020/08/25,185,UNL,52.57,19000.0,19000.0,19000.0,19000.0,"19,000.00",0.0,0.0,"19,000.00",10.00,"18,800.00","190,000.00",1,200.0,0.0,1.06,0.0,0.0,"23,345.00","17,185.00",,
2020/08/26,182,UNL,55.66,19000.0,19098.0,19000.0,19098.0,"19,098.00",0.0,0.0,"19,049.00",20.00,"19,000.00","380,980.00",2,98.0,98.0,0.52,0.52,0.26,"23,345.00","17,185.00",,
2020/08/27,184,UNL,53.55,18717.0,18717.0,18717.0,18717.0,"18,717.00",0.0,0.0,"18,717.00",10.00,"19,098.00","187,170.00",1,-381.0,0.0,-1.99,0.0,0.0,"23,345.00","17,185.00",,
2020/08/31,184,UNL,57.55,18500.0,18870.0,18500.0,18870.0,"18,870.00",0.0,0.0,"18,685.00",20.00,"18,717.00","373,700.00",2,153.0,370.0,0.82,2.0,0.98,"23,345.00","17,185.00",,
2020/09/06,186,UNL,61.69,19247.0,19247.0,19010.0,19150.0,"19,150.00",0.0,0.0,"19,135.67",30.00,"18,870.00","574,070.00",3,280.0,237.0,1.48,1.25,0.07,"23,345.00","17,185.00",,
2020/09/10,184,UNL,63.8,19500.0,19890.0,19500.0,19890.0,"19,890.00",0.0,0.0,"19,638.00",50.00,"19,150.00","981,900.00",5,740.00,390.0,3.86,2.0,1.27,"23,345.00","17,185.00",,
2020/09/13,318,UNL,42.53,49737.0,49737.0,48743.0,48743.0,"48,743.00",0.0,0.0,"48,839.32",124.00,"49,737.00","6,056,075.30",15,-994.0,994.0,-2.0,2.04,-0.2,"52,700.00","43,800.00","46,878.82","46,697.07"
2020/09/14,186,UNL,61.43,20000.0,20000.0,19900.0,19900.0,"19,900.00",0.0,0.0,"19,933.33",30.00,"19,900.00","598,000.00",3,0.00,100.00,0.0,0.5,-0.17,"23,345.00","17,185.00",,
2020/07/29,183,UNL,37.43,19210.0,19210.0,19210.0,19210.0,"19,210.00",0.0,0.0,"19,210.00",10.00,"19,210.00","192,100.00",1,0.0,0.0,0.0,0.0,0.0,"23,345.00","17,185.00",,
2020/07/30,185,UNL,51.61,19210.0,19210.0,19210.0,19210.0,"19,210.00",0.0,0.0,"19,210.00",20.00,"19,210.00","384,200.00",1,0.0,0.0,0.0,0.0,0.0,"23,345.00","17,185.00",,
2020/08/02,185,UNL,50.97,19210.0,19210.0,19210.0,19210.0,"19,210.00",0.0,0.0,"19,210.00",16.00,"19,210.00","307,360.00",1,0.0,0.0,0.0,0.0,0.0,"23,345.00","17,185.00",,
2020/08/03,186,UNL,56.66,19210.0,19210.0,19210.0,19210.0,"19,210.00",0.0,0.0,"19,210.00",30.00,"19,210.00","576,300.00",2,0.0,0.0,0.0,0.0,0.0,"23,345.00","17,185.00",,
2020/08/05,318,UNL,42.53,49737.0,49737.0,48743.0,48743.0,"48,743.00",0.0,0.0,"48,839.32",124.00,"49,737.00","6,056,075.30",15,-994.0,994.0,-2.0,2.04,-0.2,"52,700.00","43,800.00","46,878.82","46,697.07"
2020/08/10,185,UNL,51.03,19000.0,19000.0,19000.0,19000.0,"19,000.00",0.0,0.0,"19,000.00",20.00,"19,210.00","380,000.00",2,-210.0,0.0,-1.09,0.0,0.0,"23,345.00","17,185.00",,
2020/08/11,186,UNL,54.56,19000.0,19000.0,19000.0,19000.0,"19,000.00",0.0,0.0,"19,000.00",70.00,"19,000.00","1,330,000.00",4,0.0,0.0,0.0,0.0,0.0,"23,345.00","17,185.00",,
2020/08/13,187,UNL,43.72,19000.0,19000.0,19000.0,19000.0,"19,000.00",0.0,0.0,"19,000.00",56.00,"19,000.00","1,064,000.00",2,0.0,0.0,0.0,0.0,0.0,"23,345.00","17,185.00",,
2020/08/16,181,UNL,46.52,18620.0,18620.0,17884.0,18200.0,"18,200.00",0.0,0.0,"18,096.18",170.00,"19,000.00","3,076,350.00",14,-800.0,736.0,-4.21,4.12,0.57,"23,345.00","17,185.00",,
2020/08/17,179,UNL,40.82,18300.0,18300.0,18300.0,18300.0,"18,300.00",0.0,0.0,"18,300.00",21.00,"18,200.00","384,300.00",2,100.0,0.0,0.55,0.0,0.0,"23,345.00","17,185.00",,
2020/08/18,185,UNL,40.56,18300.0,18300.0,18300.0,18300.0,"18,300.00",0.0,0.0,"18,300.00",31.00,"18,300.00","567,300.00",3,0.0,0.0,0.0,0.0,0.0,"23,345.00","17,185.00",,
2020/08/20,178,UNL,41.67,18500.0,18500.0,18130.0,18130.0,"18,130.00",0.0,0.0,"18,315.00",20.00,"18,300.00","366,300.00",2,-170.0,370.0,-0.93,2.04,-1.02,"23,345.00","17,185.00",,
2020/07/08,176,UNL,42.06,18810.0,19186.0,18810.0,19186.0,"19,186.00",0.0,0.0,"18,904.00",40.00,"19,193.00","756,160.00",3,-7.0,376.0,-0.04,2.0,1.47,"23,345.00","17,185.00",,
2020/07/09,174,UNL,45.27,19569.0,19569.0,19569.0,19569.0,"19,569.00",0.0,0.0,"19,569.00",10.00,"19,186.00","195,690.00",1,383.0,0.0,2.0,0.0,0.0,"23,345.00","17,185.00",,
2020/07/12,175,UNL,37.4,19500.0,19500.0,19500.0,19500.0,"19,500.00",0.0,0.0,"19,500.00",20.00,"19,569.00","390,000.00",1,-69.0,0.0,-0.35,0.0,0.0,"23,345.00","17,185.00",,
2020/07/14,182,UNL,35.95,19111.0,19111.0,19111.0,19111.0,"19,111.00",0.0,0.0,"19,111.00",10.00,"19,500.00","191,110.00",1,-389.0,0.0,-1.99,0.0,0.0,"23,345.00","17,185.00",,
2020/07/15,185,UNL,42.8,18729.0,18800.0,18457.0,18800.0,"18,800.00",0.0,0.0,"18,652.20",50.00,"19,111.00","932,610.00",4,-311.0,343.0,-1.63,1.86,0.79,"23,345.00","17,185.00",,
2020/07/21,181,UNL,58.15,19020.0,19975.0,19020.0,19975.0,"19,975.00",0.0,0.0,"19,359.80",50.00,"18,800.00","967,990.00",5,"1,175.00",955.0,6.25,5.02,3.08,"23,345.00","17,185.00",,
2020/07/22,179,UNL,59.46,19576.0,19966.0,19576.0,19966.0,"19,966.00",0.0,0.0,"19,771.00",20.00,"19,975.00","395,420.00",2,-9.0,390.0,-0.05,1.99,0.98,"23,345.00","17,185.00",,
2020/07/26,186,UNL,59.48,20360.0,20360.0,19554.0,19554.0,"19,554.00",0.0,0.0,"19,795.00",50.00,"19,966.00","989,750.00",4,-412.0,806.0,-2.06,4.12,-1.23,"23,345.00","17,185.00",,
2020/07/27,183,UNL,55.61,19554.0,19600.0,19554.0,19600.0,"19,600.00",0.0,0.0,"19,584.67",30.00,"19,554.00","587,540.00",2,46.0,46.0,0.24,0.24,0.08,"23,345.00","17,185.00",,
2020/03/16,176,UNL,40.35,21122.0,21122.0,20286.0,20286.0,"20,286.00",0.0,0.0,"20,702.67",30.00,"21,553.00","621,080.00",3,"-1,267.00",836.0,-5.88,4.12,-2.05,"23,345.00","17,185.00",,
2020/03/17,172,UNL,33.35,19881.0,19881.0,19095.0,19200.0,"19,200.00",0.0,0.0,"19,415.00",40.00,"20,286.00","776,600.00",4,"-1,086.00",786.0,-5.35,4.12,-1.12,"23,345.00","17,185.00",,
2020/06/22,318,UNL,42.53,49737.0,49737.0,48743.0,48743.0,"48,743.00",0.0,0.0,"48,839.32",124.00,"49,737.00","6,056,075.30",15,-994.0,994.0,-2.0,2.04,-0.2,"52,700.00","43,800.00","46,878.82","46,697.07"
2020/07/01,132,UNL,29.85,19584.0,19584.0,19584.0,19584.0,"19,584.00",0.0,0.0,"19,584.00",10.00,"19,200.00","195,840.00",1,384.0,0.0,2.0,0.0,0.0,"23,345.00","17,185.00",,
2020/02/15,318,UNL,42.53,49737.0,49737.0,48743.0,48743.0,"48,743.00",0.0,0.0,"48,839.32",124.00,"49,737.00","6,056,075.30",15,-994.0,994.0,-2.0,2.04,-0.2,"52,700.00","43,800.00","46,878.82","46,697.07"
2020/02/16,172,UNL,41.78,18213.0,18213.0,18213.0,18213.0,"18,213.00",0.0,0.0,"18,213.00",10.00,"18,584.00","182,130.00",1,-371.0,0.0,-2.0,0.0,0.0,"21,117.00","17,185.00",,
2020/02/18,177,UNL,47.16,17849.0,17849.0,17849.0,17849.0,"17,849.00",0.0,0.0,"17,849.00",10.00,"18,213.00","178,490.00",1,-364.0,0.00,-2.0,0.0,0.0,"21,117.00","17,185.00",,
2020/02/25,176,UNL,67.38,18205.0,19633.0,18205.0,19633.0,"19,633.00",0.0,0.0,"19,062.50",80.00,"17,849.00","1,525,000.00",8,"1,784.00","1,428.00",9.99,7.84,2.91,"21,117.00","17,185.00",,
2020/02/26,176,UNL,73.06,20025.0,21596.0,20025.0,21596.0,"21,596.00",0.0,0.0,"21,453.33",270.00,"19,633.00","5,792,400.00",18,"1,963.00","1,571.00",10.0,7.85,0.66,"21,596.00","17,185.00",,
2020/02/27,176,UNL,73.45,22000.0,23345.0,22000.0,23330.0,"23,330.00",0.0,0.0,"22,788.23",130.00,"21,596.00","2,962,470.00",13,"1,734.00","1,345.00",8.03,6.11,2.32,"23,345.00","17,185.00",,
2020/03/01,179,UNL,69.6,22865.0,22865.0,21959.0,22000.0,"22,000.00",0.0,0.0,"22,361.00",110.00,"23,330.00","2,459,710.00",9,"-1,330.00",906.0,-5.7,4.13,-1.64,"23,345.00","17,185.00",,
2020/03/03,177,UNL,63.88,22440.0,22440.0,22440.0,22440.0,"22,440.00",0.0,0.0,"22,440.00",10.00,"22,000.00","224,400.00",1,440.0,0.00,2.0,0.0,0.0,"23,345.00","17,185.00",,
2020/01/21,179,UNL,66.77,19300.0,19300.0,19300.0,19300.0,"19,300.00",0.0,0.0,"19,300.00",20.00,"19,300.00","386,000.00",2,0.0,0.0,0.0,0.0,0.0,"23,350.00","17,185.00",,
2020/01/26,170,UNL,44.76,18914.0,18914.0,18914.0,18914.0,"18,914.00",0.0,0.0,"18,914.00",10.00,"19,300.00","189,140.00",1,-386.0,0.0,-2.0,0.0,0.0,"21,117.00","17,185.00",,
2020/01/27,176,UNL,43.83,18914.0,18914.0,18914.0,18914.0,"18,914.00",0.0,0.0,"18,914.00",10.00,"18,914.00","189,140.00",1,0.0,0.0,0.0,0.0,0.0,"21,117.00","17,185.00",,
2020/01/30,174,UNL,47.7,18536.0,18536.0,18536.0,18536.0,"18,536.00",0.0,0.0,"18,536.00",10.00,"18,914.00","185,360.00",1,-378.0,0.0,-2.0,0.0,0.0,"21,117.00","17,185.00",,
2020/02/02,171,UNL,46.16,18906.0,19050.0,18906.0,19050.0,"19,050.00",0.0,0.0,"18,978.00",20.00,"18,536.00","379,560.00",2,514.0,144.0,2.77,0.76,0.38,"21,117.00","17,185.00",,
2020/02/03,173,UNL,61.12,19350.0,19350.0,19350.0,19350.0,"19,350.00",0.0,0.0,"19,350.00",10.00,"19,050.00","193,500.00",1,300.0,0.0,1.57,0.0,0.0,"21,117.00","17,185.00",,
2020/02/10,171,UNL,58.09,18963.0,18963.0,18963.0,18963.0,"18,963.00",0.0,0.0,"18,963.00",10.00,"19,350.00","189,630.00",1,-387.0,0.0,-2.0,0.0,0.0,"21,117.00","17,185.00",,
2020/01/06,174,UNL,56.27,18941.0,19000.0,18941.0,19000.0,"19,000.00",0.0,0.0,"18,970.50",20.00,"18,941.00","379,410.00",2,59.0,59.0,0.31,0.31,0.16,"23,350.00","17,185.00",,
2020/01/07,175,UNL,54.49,19050.0,19050.0,19050.0,19050.0,"19,050.00",0.0,0.0,"19,050.00",10.00,"19,000.00","190,500.00",1,50.0,0.0,0.26,0.0,0.0,"23,350.00","17,185.00",,
2020/01/12,175,UNL,64.76,19050.0,19050.0,19050.0,19050.0,"19,050.00",0.0,0.0,"19,050.00",50.00,"19,050.00","952,500.00",1,0.0,0.0,0.0,0.0,0.0,"23,350.00","17,185.00",,
2020/01/13,179,UNL,59.62,19100.0,19100.0,19100.0,19100.0,"19,100.00",0.0,0.0,"19,100.00",10.00,"19,050.00","191,000.00",1,50.0,0.0,0.26,0.0,0.0,"23,350.00","17,185.00",,
2020/01/15,173,UNL,66.18,19000.0,19300.0,19000.0,19300.0,"19,300.00",0.0,0.0,"19,217.50",40.00,"19,100.00","768,700.00",4,200.0,300.0,1.05,1.58,0.43,"23,350.00","17,185.00",,
2019/12/11,170,UNL,38.7,18633.0,18633.0,18261.0,18261.0,"18,261.00",0.0,0.0,"18,447.00",20.00,"19,013.00","368,940.00",2,-752.0,372.0,-3.96,2.04,-1.02,"23,350.00","17,803.00",,
2019/12/12,165,UNL,40.23,17900.0,17900.0,17542.0,17542.0,"17,542.00",0.0,0.0,"17,721.00",20.00,"18,261.00","354,420.00",2,-719.0,358.0,-3.94,2.04,-1.02,"23,350.00","17,542.00",,
2019/12/15,169,UNL,37.03,17892.0,17892.0,17892.0,17892.0,"17,892.00",0.0,0.0,"17,892.00",10.00,"17,542.00","178,920.00",1,350.0,0.0,2.0,0.0,0.0,"23,350.00","17,542.00",,
2019/12/16,163,UNL,40.47,17892.0,17892.0,17892.0,17892.0,"17,892.00",0.0,0.0,"17,892.00",20.00,"17,892.00","357,840.00",1,0.0,0.0,0.0,0.0,0.0,"23,350.00","17,542.00",,
2019/12/17,164,UNL,47.52,17535.0,17535.0,17185.0,17500.0,"17,500.00",0.0,0.0,"17,406.67",30.00,"17,892.00","522,200.00",3,-392.0,350.0,-2.19,2.04,0.53,"23,350.00","17,185.00",,
2019/12/23,174,UNL,56.89,17850.0,18571.0,17850.0,18571.0,"18,571.00",0.0,0.0,"18,209.33",30.00,"17,500.00","546,280.00",3,"1,071.00",721.0,6.12,4.04,1.95,"23,350.00","17,185.00",,
2019/12/24,168,UNL,51.4,18941.0,18941.0,18941.0,18941.0,"18,941.00",0.0,0.0,"18,941.00",10.00,"18,571.00","189,410.00",1,370.0,0.0,1.99,0.0,0.0,"23,350.00","17,185.00",,
2019/11/17,160,UNL,49.7,19796.0,19796.0,19796.0,19796.0,"19,796.00",0.0,0.0,"19,796.00",10.00,"20,200.00","197,960.00",1,-404.0,0.0,-2.0,0.0,0.0,"23,889.00","17,803.00",,
2019/11/18,156,UNL,52.33,19401.0,19401.0,19401.0,19401.0,"19,401.00",0.0,0.0,"19,401.00",10.00,"19,796.00","194,010.00",1,-395.0,0.0,-2.0,0.0,0.0,"23,889.00","17,803.00",,
2019/11/20,318,UNL,42.53,49737.0,49737.0,48743.0,48743.0,"48,743.00",0.0,0.0,"48,839.32",124.00,"49,737.00","6,056,075.30",15,-994.0,994.0,-2.0,2.04,-0.2,"52,700.00","43,800.00","46,878.82","46,697.07"
2019/11/21,164,UNL,39.32,19015.0,19015.0,19013.0,19013.0,"19,013.00",0.0,0.0,"19,013.40",50.00,"19,401.00","950,670.00",4,-388.0,2.0,-2.0,0.01,0.0,"23,889.00","17,803.00",,
2019/10/10,120,UNL,51.86,20000.0,20200.0,20000.0,20200.0,"20,200.00",0.0,0.0,"20,100.00",20.00,"20,185.00","402,000.00",2,15.0,200.0,0.07,1.0,0.5,"23,899.00","17,803.00",,
2019/09/17,168,UNL,52.62,19206.0,19206.0,19206.0,19206.0,"19,206.00",0.0,0.0,"19,206.00",80.00,"19,400.00","1,536,480.00",1,-194.0,0.0,-1.0,0.0,0.0,"24,799.00","17,803.00",,
2019/09/18,167,UNL,36.33,19200.0,19200.0,19200.0,19200.0,"19,200.00",0.0,0.0,"19,200.00",20.00,"19,206.00","384,000.00",2,-6.0,0.0,-0.03,0.0,0.0,"24,799.00","17,803.00",,
2019/09/22,163,UNL,29.15,19000.0,19000.0,19000.0,19000.0,"19,000.00",0.0,0.0,"19,000.00",10.00,"19,200.00","190,000.00",1,-200.0,0.0,-1.04,0.0,0.0,"24,304.00","17,803.00",,
2019/09/23,167,UNL,30.31,18621.0,18621.0,18621.0,18621.0,"18,621.00",0.0,0.0,"18,621.00",10.00,"19,000.00","186,210.00",1,-379.0,0.0,-1.99,0.0,0.0,"24,304.00","17,803.00",,
2019/09/26,163,UNL,32.6,18350.0,18350.0,18350.0,18350.0,"18,350.00",0.0,0.0,"18,350.00",10.00,"18,621.00","183,500.00",1,-271.0,0.0,-1.46,0.0,0.0,"24,304.00","17,803.00",,
2019/10/03,150,UNL,53.75,18717.0,20185.0,18717.0,20185.0,"20,185.00",0.0,0.0,"19,531.17",60.00,"18,350.00","1,171,870.00",5,"1,835.00","1,468.00",10.0,7.84,3.24,"23,899.00","17,803.00",,
2020/02/12,169,UNL,63.06,18590.0,18590.0,18584.0,18584.0,"18,584.00",0.0,0.0,"18,586.33",30.00,"18,963.00","557,590.00",3,-379.0,6.0,-2.0,0.03,-0.01,"21,117.00","17,185.00",,
2020/03/05,175,UNL,49.62,21992.0,21992.0,21553.0,21553.0,"21,553.00",0.0,0.0,"21,772.50",20.00,"22,440.00","435,450.00",2,-887.0,439.0,-3.95,2.04,-1.02,"23,345.00","17,185.00",,
2020/07/05,169,UNL,28.44,19193.0,19193.0,19193.0,19193.0,"19,193.00",0.0,0.0,"19,193.00",20.00,"19,584.00","383,860.00",2,-391.0,0.0,-2.0,0.0,0.0,"23,345.00","17,185.00",,
2020/07/28,181,UNL,45.6,19600.0,19600.0,19210.0,19210.0,"19,210.00",0.0,0.0,"19,470.00",60.00,"19,600.00","1,168,200.00",4,-390.0,390.0,-1.99,2.03,-1.35,"23,345.00","17,185.00",,
2020/08/23,180,UNL,56.25,18492.0,18492.0,18492.0,18492.0,"18,492.00",0.0,0.0,"18,492.00",20.00,"18,130.00","369,840.00",2,362.0,0.0,2.0,0.0,0.0,"23,345.00","17,185.00",,
2020/10/11,189,UNL,58.36,18000.0,18000.0,17787.0,17800.0,"17,800.00",0.0,0.0,"17,951.92",130.00,"18,150.00","2,333,750.00",9,-350.0,213.0,-1.93,1.2,-0.85,"23,345.00","17,185.00",,
2020/11/05,196,UNL,59.07,18650.0,18650.0,18200.0,18200.0,"18,200.00",0.0,0.0,"18,404.50",60.00,"18,540.00","1,104,270.00",6,-340.0,450.0,-1.83,2.47,-1.12,"23,345.00","17,185.00",,
2020/12/03,196,UNL,48.52,20502.0,20912.0,19689.0,19799.0,"19,799.00",0.0,0.0,"20,180.63",190.00,"20,100.00","3,834,320.00",17,-301.0,"1,223.00",-1.5,6.21,-1.93,"23,378.00","17,185.00",,
2020/12/27,200,UNL,55.43,19160.0,19160.0,18650.0,18700.0,"18,700.00",0.0,0.0,"18,776.25",80.00,"19,551.00","1,502,100.00",8,-851.0,510.0,-4.35,2.73,-0.41,"23,378.00","17,421.00",,
2021/01/20,207,UNL,60.89,20310.0,20310.0,20300.0,20300.0,"20,300.00",0.0,0.0,"20,303.33",30.00,"20,700.00","609,100.00",3,-400.0,10.0,-1.93,0.05,-0.02,"23,378.00","17,421.00",,
2019/08/25,318,UNL,42.53,49737.0,49737.0,48743.0,48743.0,"48,743.00",0.0,0.0,"48,839.32",124.00,"49,737.00","6,056,075.30",15,-994.0,994.0,-2.0,2.04,-0.2,"52,700.00","43,800.00","46,878.82","46,697.07"
2019/08/26,167,UNL,36.08,20000.0,20000.0,19600.0,19600.0,"19,600.00",0.0,0.0,"19,800.00",20.00,"20,000.00","396,000.00",2,-400.0,400.0,-2.0,2.04,-1.02,"24,799.00","17,803.00",,
2019/08/29,166,UNL,34.76,19208.0,19208.0,19208.0,19208.0,"19,208.00",0.0,0.0,"19,208.00",20.00,"19,600.00","384,160.00",2,-392.0,0.0,-2.0,0.0,0.0,"24,799.00","17,803.00",,
2019/09/02,167,UNL,31.34,19500.0,19500.0,19500.0,19500.0,"19,500.00",0.0,0.0,"19,500.00",10.00,"19,208.00","195,000.00",1,292.0,0.0,1.52,0.0,0.0,"24,799.00","17,803.00",,
2019/09/05,162,UNL,37.62,19400.0,19400.0,19400.0,19400.0,"19,400.00",0.0,0.0,"19,400.00",40.00,"19,500.00","776,000.00",4,-100.0,0.0,-0.51,0.0,0.0,"24,799.00","17,803.00",,
2019/09/09,170,UNL,30.8,19400.0,19400.0,19400.0,19400.0,"19,400.00",0.0,0.0,"19,400.00",10.00,"19,400.00","194,000.00",1,0.0,0.0,0.0,0.0,0.0,"24,799.00","17,803.00",,
2019/07/31,165,UNL,41.24,20195.0,20195.0,20195.0,20195.0,"20,195.00",0.0,0.0,"20,195.00",10.00,"20,000.00","201,950.00",1,195.0,0.0,0.98,0.0,0.0,"24,799.00","17,803.00",,
2019/08/06,165,UNL,33.76,19792.0,19792.0,19792.0,19792.0,"19,792.00",0.0,0.0,"19,792.00",10.00,"20,195.00","197,920.00",1,-403.0,0.0,-2.0,0.0,0.0,"24,799.00","17,803.00",,
2019/07/03,170,UNL,51.81,20035.0,20035.0,20035.0,20035.0,"20,035.00",0.0,0.0,"20,035.00",10.00,"19,649.00","200,350.00",1,386.0,0.0,1.96,0.0,0.0,"26,450.00","17,803.00",,
2019/07/07,168,UNL,49.37,20250.0,20250.0,20250.0,20250.0,"20,250.00",0.0,0.0,"20,250.00",10.00,"20,035.00","202,500.00",1,215.0,0.0,1.07,0.0,0.0,"25,800.00","17,803.00",,
2019/07/14,157,UNL,50.17,20250.0,20250.0,20250.0,20250.0,"20,250.00",0.0,0.0,"20,250.00",10.00,"20,250.00","202,500.00",1,0.0,0.0,0.0,0.0,0.0,"25,450.00","17,803.00",,
2019/07/17,161,UNL,50.28,20400.0,20400.0,20400.0,20400.0,"20,400.00",0.0,0.0,"20,400.00",10.00,"20,250.00","204,000.00",1,150.0,0.0,0.74,0.0,0.0,"25,450.00","17,803.00",,
2019/07/21,162,UNL,37.02,20000.0,20000.0,20000.0,20000.0,"20,000.00",0.0,0.0,"20,000.00",10.00,"20,400.00","200,000.00",1,-400.0,0.0,-1.96,0.0,0.0,"25,450.00","17,803.00",,
2019/07/24,166,UNL,46.76,20000.0,20000.0,20000.0,20000.0,"20,000.00",0.0,0.0,"20,000.00",10.00,"20,000.00","200,000.00",1,0.0,0.0,0.0,0.0,0.0,"25,450.00","17,803.00",,
2019/06/10,169,UNL,-,19590.0,19590.0,19590.0,19590.0,"19,590.00",0.0,0.0,"19,590.00",10.00,"19,210.00","195,900.00",1,380.0,0.0,1.98,0.0,0.0,"27,570.00","17,803.00",,
2019/06/11,170,UNL,-,19600.0,19700.0,19600.0,19700.0,"19,700.00",0.0,0.0,"19,650.00",20.00,"19,590.00","393,000.00",2,110.0,100.0,0.56,0.51,0.25,"27,570.00","17,803.00",,
2019/06/12,170,UNL,-,19700.0,19700.0,19310.0,19696.0,"19,696.00",0.0,0.0,"19,439.56",90.00,"19,700.00","1,749,560.00",5,-4.0,390.0,-0.02,2.02,1.3,"27,570.00","17,803.00",,
2019/06/13,167,UNL,-,19304.0,19304.0,19304.0,19304.0,"19,304.00",0.0,0.0,"19,304.00",10.00,"19,696.00","193,040.00",1,-392.0,0.0,-1.99,0.0,0.0,"27,570.00","17,803.00",,
2019/06/16,169,UNL,-,19680.0,19680.0,19680.0,19680.0,"19,680.00",0.0,0.0,"19,680.00",10.00,"19,304.00","196,800.00",1,376.0,0.0,1.95,0.0,0.0,"27,500.00","17,803.00",,
2019/06/18,173,UNL,-,19287.0,19287.0,19287.0,19287.0,"19,287.00",0.0,0.0,"19,287.00",90.00,"19,680.00","1,735,830.00",1,-393.0,0.0,-2.0,0.0,0.0,"27,500.00","17,803.00",,
2019/06/19,165,UNL,45.81,19672.0,19672.0,19672.0,19672.0,"19,672.00",0.0,0.0,"19,672.00",10.00,"19,287.00","196,720.00",1,385.0,0.0,2.0,0.0,0.0,"27,500.00","17,803.00",,
2019/06/20,167,UNL,46.25,19279.0,19279.0,19279.0,19279.0,"19,279.00",0.0,0.0,"19,279.00",10.00,"19,672.00","192,790.00",1,-393.0,0.0,-2.0,0.0,0.0,"27,500.00","17,803.00",,
2019/06/23,167,UNL,35.33,18894.0,18894.0,18894.0,18894.0,"18,894.00",0.0,0.0,"18,894.00",10.00,"19,279.00","188,940.00",1,-385.0,0.0,-2.0,0.0,0.0,"27,500.00","17,803.00",,
2019/06/24,170,UNL,36.57,18517.0,18517.0,18517.0,18517.0,"18,517.00",0.0,0.0,"18,517.00",10.00,"18,894.00","185,170.00",1,-377.0,0.0,-2.0,0.0,0.0,"27,500.00","17,803.00",,
2019/06/25,170,UNL,39.21,18887.0,19264.0,18887.0,19264.0,"19,264.00",0.0,0.0,"19,075.50",20.00,"18,517.00","381,510.00",2,747.0,377.0,4.03,2.0,0.98,"26,479.00","17,803.00",,
2019/06/30,167,UNL,48.38,19649.0,19649.0,19649.0,19649.0,"19,649.00",0.0,0.0,"19,649.00",10.00,"19,264.00","196,490.00",1,385.0,0.0,2.0,0.0,0.0,"26,450.00","17,803.00",,
2019/05/14,167,UNL,-,19796.0,19796.0,19796.0,19796.0,"19,796.00",0.0,0.0,"19,796.00",20.00,"20,200.00","395,920.00",1,-404.00,0.0,-2.0,0.0,0.0,"27,570.00","17,803.00",,
2019/05/15,168,UNL,-,20000.0,20000.0,20000.0,20000.0,"20,000.00",0.0,0.0,"20,000.00",10.00,"19,796.00","200,000.00",1,204.0,0.00,1.03,0.0,0.0,"27,570.00","17,803.00",,
2019/05/19,167,UNL,-,20000.0,20000.0,20000.0,20000.0,"20,000.00",0.0,0.0,"20,000.00",20.00,"20,000.00","400,000.00",1,0.0,0.0,0.0,0.0,0.0,"27,570.00","17,803.00",,
2019/05/20,169,UNL,-,20000.0,20000.0,20000.0,20000.0,"20,000.00",0.0,0.0,"20,000.00",10.00,"20,000.00","200,000.00",1,0.0,0.0,0.0,0.0,0.0,"27,570.00","17,803.00",,
2019/05/23,166,UNL,-,20400.0,20400.0,20000.0,20000.0,"20,000.00",0.0,0.0,"20,133.33",30.00,"20,000.00","604,000.00",2,0.0,400.0,0.0,2.0,-0.67,"27,570.00","17,803.00",,
2019/05/27,166,UNL,-,19600.0,19600.0,19600.0,19600.0,"19,600.00",0.0,0.0,"19,600.00",10.00,"20,000.00","196,000.00",1,-400.0,0.0,-2.0,0.0,0.0,"27,570.00","17,803.00",,
2019/05/28,161,UNL,-,19250.0,19250.0,19250.0,19250.0,"19,250.00",0.0,0.0,"19,250.00",10.00,"19,600.00","192,500.00",1,-350.0,0.0,-1.79,0.0,0.0,"27,570.00","17,803.00",,
2019/05/29,169,UNL,-,19250.0,19630.0,19250.0,19630.0,"19,630.00",0.0,0.0,"19,440.00",20.00,"19,250.00","388,800.00",2,380.0,380.0,1.97,1.97,0.97,"27,570.00","17,803.00",,
2019/05/30,170,UNL,-,20000.0,20000.0,20000.0,20000.0,"20,000.00",0.0,0.0,"20,000.00",10.00,"19,630.00","200,000.00",1,370.0,0.0,1.88,0.0,0.0,"27,570.00","17,803.00",,
2019/06/02,318,UNL,42.53,49737.0,49737.0,48743.0,48743.0,"48,743.00",0.0,0.0,"48,839.32",124.00,"49,737.00","6,056,075.30",15,-994.0,994.0,-2.0,2.04,-0.2,"52,700.00","43,800.00","46,878.82","46,697.07"
2019/06/03,167,UNL,-,19600.0,19600.0,19600.0,19600.0,"19,600.00",0.0,0.0,"19,600.00",10.00,"20,000.00","196,000.00",1,-400.0,0.0,-2.0,0.0,0.0,"27,570.00","17,803.00",,
2019/04/21,318,UNL,42.53,49737.0,49737.0,48743.0,48743.0,"48,743.00",0.0,0.0,"48,839.32",124.00,"49,737.00","6,056,075.30",15,-994.0,994.0,-2.0,2.04,-0.2,"52,700.00","43,800.00","46,878.82","46,697.07"
2019/04/22,165,UNL,-,18605.0,18977.0,18605.0,18977.0,"18,977.00",0.0,0.0,"18,853.00",30.00,"18,241.00","565,590.00",3,736.0,372.0,4.03,2.0,0.65,"27,570.00","17,803.00",,
2019/04/23,171,UNL,-,19356.0,19743.0,19356.0,19743.0,"19,743.00",0.0,0.0,"19,613.67",30.00,"18,977.00","588,410.00",3,766.0,387.0,4.04,2.0,0.66,"27,570.00","17,803.00",,
2019/04/24,167,UNL,-,19900.0,19900.0,19900.0,19900.0,"19,900.00",0.0,0.0,"19,900.00",10.00,"19,743.00","199,000.00",1,157.0,0.0,0.8,0.0,0.0,"27,570.00","17,803.00",,
2019/04/25,172,UNL,-,19900.0,20298.0,19900.0,20298.0,"20,298.00",0.0,0.0,"20,059.20",25.00,"19,900.00","501,480.00",3,398.0,398.0,2.0,2.0,1.18,"27,570.00","17,803.00",,
2019/04/28,173,UNL,-,20703.0,20703.0,20703.0,20703.0,"20,703.00",0.0,0.0,"20,703.00",20.00,"20,298.00","414,060.00",2,405.0,0.0,2.0,0.0,0.0,"27,570.00","17,803.00",,
2019/04/29,170,UNL,-,21117.0,21117.0,21117.0,21117.0,"21,117.00",0.0,0.0,"21,117.00",10.00,"20,703.00","211,170.00",1,414.0,0.0,2.0,0.0,0.0,"27,570.00","17,803.00",,
2019/04/30,173,UNL,-,20695.0,20695.0,20695.0,20695.0,"20,695.00",0.0,0.0,"20,695.00",10.00,"21,117.00","206,950.00",1,-422.0,0.0,-2.0,0.0,0.0,"27,570.00","17,803.00",,
2019/05/02,166,UNL,-,20282.0,20282.0,20282.0,20282.0,"20,282.00",0.0,0.0,"20,282.00",10.00,"20,695.00","202,820.00",1,-413.0,0.0,-2.0,0.0,0.0,"27,570.00","17,803.00",,
2019/05/05,172,UNL,-,20282.0,20282.0,20282.0,20282.0,"20,282.00",0.0,0.0,"20,282.00",10.00,"20,282.00","202,820.00",1,0.0,0.0,0.0,0.0,0.0,"27,570.00","17,803.00",,
2019/05/08,172,UNL,-,20500.0,20500.0,20500.0,20500.0,"20,500.00",0.0,0.0,"20,500.00",10.00,"20,282.00","205,000.00",1,218.0,0.0,1.07,0.0,0.0,"27,570.00","17,803.00",,
2019/05/09,171,UNL,-,20090.0,20090.0,20000.0,20000.0,"20,000.00",0.0,0.0,"20,045.00",20.00,"20,500.00","400,900.00",2,-500.0,90.0,-2.44,0.45,-0.23,"27,570.00","17,803.00",,
2019/05/12,167,UNL,-,20200.0,20200.0,20200.0,20200.0,"20,200.00",0.0,0.0,"20,200.00",10.00,"20,000.00","202,000.00",1,200.0,0.0,1.0,0.0,0.0,"27,570.00","17,803.00",,
2019/03/25,166,UNL,-,19000.0,19000.0,19000.0,19000.0,"19,000.00",0.0,0.0,"19,000.00",90.00,"19,380.00","1,710,000.00",3,-380.0,0.0,-1.96,0.0,0.0,"27,570.00","17,803.00",,
2019/03/26,168,UNL,-,19300.0,19300.0,19300.0,19300.0,"19,300.00",0.0,0.0,"19,300.00",10.00,"19,000.00","193,000.00",1,300.0,0.0,1.58,0.0,0.0,"27,570.00","17,803.00",,
2019/03/27,163,UNL,-,19686.0,19686.0,19293.0,19293.0,"19,293.00",0.0,0.0,"19,489.50",20.00,"19,300.00","389,790.00",2,-7.0,393.0,-0.04,2.04,-1.02,"27,570.00","17,803.00",,
2019/03/28,165,UNL,-,19000.0,19379.0,19000.0,19379.0,"19,379.00",0.0,0.0,"19,189.50",20.00,"19,293.00","383,790.00",2,86.0,379.0,0.45,1.99,0.98,"27,570.00","17,803.00",,
2019/03/31,161,UNL,-,19379.0,19700.0,19379.0,19700.0,"19,700.00",0.0,0.0,"19,539.50",20.00,"19,379.00","390,790.00",2,321.0,321.0,1.66,1.66,0.81,"27,570.00","17,803.00",,
2019/04/09,167,UNL,-,19306.0,19306.0,18925.0,19000.0,"19,000.00",0.0,0.0,"19,168.60",50.00,"19,700.00","958,430.00",4,-700.0,381.0,-3.55,2.01,-0.89,"27,570.00","17,803.00",,
2019/04/10,165,UNL,-,18620.0,18992.0,18620.0,18992.0,"18,992.00",0.0,0.0,"18,673.14",70.00,"19,000.00","1,307,120.00",2,-8.0,372.0,-0.04,2.0,1.68,"27,570.00","17,803.00",,
2019/04/11,167,UNL,-,18613.0,18613.0,18241.0,18241.0,"18,241.00",0.0,0.0,"18,447.67",90.00,"18,992.00","1,660,290.00",2,-751.0,372.0,-3.95,2.04,-1.13,"27,570.00","17,803.00",,
2019/02/27,165,UNL,-,20013.0,20413.0,19229.0,19500.0,"19,500.00",0.0,0.0,"19,644.92",130.00,"19,621.00","2,553,840.00",9,-121.0,"1,184.00",-0.62,6.16,-0.74,"27,800.00","17,803.00",,
2019/03/03,171,UNL,-,19110.0,19110.0,19110.0,19110.0,"19,110.00",0.0,0.0,"19,110.00",10.00,"19,500.00","191,100.00",1,-390.0,0.0,-2.0,0.0,0.0,"27,570.00","17,803.00",,
2019/03/05,171,UNL,-,19492.0,19492.0,19492.0,19492.0,"19,492.00",0.0,0.0,"19,492.00",10.00,"19,110.00","194,920.00",1,382.0,0.0,2.0,0.0,0.0,"27,570.00","17,803.00",,
2019/03/07,172,UNL,-,19105.0,19105.0,19105.0,19105.0,"19,105.00",0.0,0.0,"19,105.00",80.00,"19,492.00","1,528,400.00",4,-387.0,0.0,-1.99,0.0,0.0,"27,570.00","17,803.00",,
2019/03/10,318,UNL,42.53,49737.0,49737.0,48743.0,48743.0,"48,743.00",0.0,0.0,"48,839.32",124.00,"49,737.00","6,056,075.30",15,-994.0,994.0,-2.0,2.04,-0.2,"52,700.00","43,800.00","46,878.82","46,697.07"
2019/03/11,168,UNL,-,19000.0,19000.0,19000.0,19000.0,"19,000.00",0.0,0.0,"19,000.00",10.00,"19,000.00","190,000.00",1,0.0,0.0,0.0,0.0,0.0,"27,570.00","17,803.00",,
2019/03/12,173,UNL,-,19380.0,19380.0,19380.0,19380.0,"19,380.00",0.0,0.0,"19,380.00",10.00,"19,000.00","193,800.00",1,380.0,0.0,2.0,0.0,0.0,"27,570.00","17,803.00",,
2019/03/13,170,UNL,-,19390.0,19390.0,19000.0,19000.0,"19,000.00",0.0,0.0,"19,234.62",130.00,"19,380.00","2,500,500.00",4,-380.0,390.0,-1.96,2.05,-1.23,"27,570.00","17,803.00",,
2019/03/14,169,UNL,-,19000.0,19000.0,19000.0,19000.0,"19,000.00",0.0,0.0,"19,000.00",10.00,"19,000.00","190,000.00",1,0.0,0.0,0.0,0.0,0.0,"27,570.00","17,803.00",,
2019/03/17,169,UNL,-,19380.0,19380.0,19380.0,19380.0,"19,380.00",0.0,0.0,"19,380.00",10.00,"19,000.00","193,800.00",1,380.0,0.0,2.0,0.0,0.0,"27,570.00","17,803.00",,
2019/01/31,165,UNL,-,19657.0,19657.0,19657.0,19657.0,"19,657.00",0.0,0.0,"19,657.00",50.00,"19,272.00","982,850.00",3,385.0,0.0,2.0,0.0,0.0,"28,000.00","19,272.00",,
2019/02/03,165,UNL,-,19264.0,19300.0,19264.0,19300.0,"19,300.00",0.0,0.0,"19,285.60",50.00,"19,657.00","964,280.00",4,-357.0,36.0,-1.82,0.19,0.07,"28,000.00","19,264.00",,
2019/02/04,159,UNL,-,18914.0,18914.0,18914.0,18914.0,"18,914.00",0.0,0.0,"18,914.00",10.00,"19,300.00","189,140.00",1,-386.0,0.0,-2.0,0.0,0.0,"28,000.00","18,914.00",,
2019/02/05,160,UNL,-,18541.0,18541.0,18536.0,18536.0,"18,536.00",0.0,0.0,"18,539.00",30.00,"18,914.00","556,170.00",3,-378.0,5.0,-2.0,0.03,-0.02,"28,000.00","18,536.00",,
2019/02/06,163,UNL,-,18300.0,18300.0,18166.0,18166.0,"18,166.00",0.0,0.0,"18,222.00",30.00,"18,536.00","546,660.00",3,-370.0,134.0,-2.0,0.74,-0.31,"28,000.00","18,166.00",,
2019/02/11,164,UNL,-,17803.0,17803.0,17803.0,17803.0,"17,803.00",0.0,0.0,"17,803.00",20.00,"18,166.00","356,060.00",2,-363.0,0.0,-2.0,0.0,0.0,"28,000.00","17,803.00",,
2019/02/13,170,UNL,-,18150.0,18870.0,18150.0,18870.0,"18,870.00",0.0,0.0,"18,506.67",30.00,"17,803.00","555,200.00",3,"1,067.00",720.0,5.99,3.97,1.93,"28,000.00","17,803.00",,
2019/02/17,166,UNL,-,19247.0,19247.0,19247.0,19247.0,"19,247.00",0.0,0.0,"19,247.00",10.00,"18,870.00","192,470.00",1,377.0,0.0,2.0,0.0,0.0,"28,000.00","17,803.00",,
2019/02/18,157,UNL,-,18863.0,18863.0,18863.0,18863.0,"18,863.00",0.0,0.0,"18,863.00",10.00,"19,247.00","188,630.00",1,-384.0,0.0,-2.0,0.0,0.0,"28,000.00","17,803.00",,
2019/02/19,163,UNL,-,18860.0,18860.0,18860.0,18860.0,"18,860.00",0.0,0.0,"18,860.00",10.00,"18,863.00","188,600.00",1,-3.0,0.0,-0.02,0.0,0.0,"28,000.00","17,803.00",,
2019/01/21,162,UNL,-,23350.0,23350.0,22883.0,22883.0,"22,883.00",0.0,0.0,"23,272.17",60.00,"23,402.00","1,396,330.00",2,-519.0,467.0,-2.22,2.04,-1.7,"28,311.00","21,649.00",,
2019/01/22,153,UNL,-,22426.0,22426.0,21109.0,21109.0,"21,109.00",0.0,0.0,"21,654.31",130.00,"22,883.00","2,815,060.00",9,"-1,774.00","1,317.00",-7.75,6.24,-2.58,"28,000.00","21,109.00",,
2019/01/23,160,UNL,-,20687.0,20687.0,20274.0,20500.0,"20,500.00",0.0,0.0,"20,446.13",75.00,"21,109.00","1,533,460.00",5,-609.0,413.0,-2.89,2.04,0.26,"28,000.00","20,274.00",,
2019/01/24,159,UNL,-,20090.0,20892.0,19689.0,20892.0,"20,892.00",0.0,0.0,"20,366.50",120.00,"20,500.00","2,443,980.00",7,392.0,"1,203.00",1.91,6.11,2.52,"28,000.00","19,689.00",,
2019/01/27,160,UNL,-,20500.0,20500.0,20475.0,20475.0,"20,475.00",0.0,0.0,"20,483.33",30.00,"20,892.00","614,500.00",2,-417.0,25.0,-2.0,0.12,-0.04,"28,000.00","19,689.00",,
2018/11/25,151,UNL,-,23889.0,23889.0,22944.0,23402.0,"23,402.00",0.0,0.0,"23,318.20",50.00,"24,376.00","1,165,910.00",5,-974.0,945.0,-4.0,4.12,0.36,"29,300.00","21,649.00",,
2018/10/25,154,UNL,-,22972.0,23431.0,22972.0,23431.0,"23,431.00",0.0,0.0,"23,201.50",20.00,"22,522.00","464,030.00",2,909.0,459.0,4.04,2.0,0.98,"30,000.00","21,649.00",,
2018/10/31,161,UNL,-,23899.0,23899.0,23899.0,23899.0,"23,899.00",0.0,0.0,"23,899.00",10.00,"23,431.00","238,990.00",1,468.0,0.0,2.0,0.0,0.0,"30,000.00","21,649.00",,
2018/11/06,95,UNL,-,23899.0,23899.0,23899.0,24376.0,"24,376.00",0.0,0.0,"24,376.00",10.00,"23,899.00","243,760.00",1,477.0,0.0,2.0,0.0,0.0,"30,000.00","21,649.00",,
2018/09/30,164,UNL,-,24304.0,24304.0,24304.0,24304.0,"24,304.00",0.0,0.0,"24,304.00",10.00,"24,799.00","243,040.00",1,-495.0,0.0,-2.0,0.0,0.0,"30,000.00","22,151.00",,
2018/10/14,156,UNL,-,23818.0,23818.0,22090.0,22531.0,"22,531.00",0.0,0.0,"23,012.64",110.00,"24,304.00","2,531,390.00",7,"-1,773.00","1,728.00",-7.3,7.82,-2.14,"30,000.00","22,090.00",,
2018/10/15,150,UNL,-,22500.0,23000.0,22500.0,23000.0,"23,000.00",0.0,0.0,"22,931.82",110.00,"22,531.00","2,522,500.00",3,469.0,500.0,2.08,2.22,0.3,"30,000.00","22,090.00",,
2018/10/21,123,UNL,-,22540.0,22540.0,22540.0,22540.0,"22,540.00",0.0,0.0,"22,540.00",10.00,"23,000.00","225,400.00",1,-460.0,0.0,-2.0,0.0,0.0,"30,000.00","22,090.00",,
2018/10/22,140,UNL,-,22090.0,22090.0,21649.0,21649.0,"21,649.00",0.0,0.0,"21,796.33",30.00,"22,540.00","653,890.00",3,-891.0,441.0,-3.95,2.04,-0.68,"30,000.00","21,649.00",,
2018/10/23,153,UNL,-,22081.0,22081.0,22081.0,22081.0,"22,081.00",0.0,0.0,"22,081.00",10.00,"21,649.00","220,810.00",1,432.0,0.0,2.0,0.0,0.0,"30,000.00","21,649.00",,
2018/09/03,166,UNL,-,23024.0,24000.0,23024.0,24000.0,"24,000.00",0.0,0.0,"23,592.20",50.00,"22,573.00","1,179,610.00",5,"1,427.00",976.0,6.32,4.24,1.7,"30,600.00","22,151.00",,
2018/09/05,164,UNL,-,23600.0,23600.0,23050.0,23050.0,"23,050.00",0.0,0.0,"23,270.50",60.00,"24,000.00","1,396,230.00",6,-950.0,550.0,-3.96,2.39,-0.96,"30,600.00","22,151.00",,
2018/09/06,171,UNL,-,23511.0,24200.0,23511.0,23716.0,"23,716.00",0.0,0.0,"23,776.71",70.00,"23,050.00","1,664,370.00",6,666.0,689.0,2.89,2.93,-0.26,"30,600.00","22,151.00",,
2018/09/10,159,UNL,-,24190.0,24190.0,24190.0,24190.0,"24,190.00",0.0,0.0,"24,190.00",40.00,"23,716.00","967,600.00",2,474.0,0.0,2.0,0.0,0.0,"30,600.00","22,151.00",,
2018/09/11,165,UNL,-,24673.0,24673.0,24180.0,24663.0,"24,663.00",0.0,0.0,"24,424.00",40.00,"24,190.00","976,960.00",3,473.0,493.00,1.96,2.04,0.97,"30,600.00","22,151.00",,
2018/09/19,318,UNL,42.53,49737.0,49737.0,48743.0,48743.0,"48,743.00",0.0,0.0,"48,839.32",124.00,"49,737.00","6,056,075.30",15,-994.0,994.0,-2.0,2.04,-0.2,"52,700.00","43,800.00","46,878.82","46,697.07"
2018/09/20,164,UNL,-,24799.0,24799.0,24799.0,24799.0,"24,799.00",0.0,0.0,"24,799.00",10.00,"24,663.00","247,990.00",1,136.0,0.0,0.55,0.0,0.0,"30,000.00","22,151.00",,
2018/08/08,160,UNL,-,23530.0,23530.0,23530.0,23530.0,"24,010.00",-480.0,-0.02,"23,530.00",2.00,"24,010.00","47,060.00",1,-480.0,0.0,-1.99,0.0,0.0,"30,702.00","24,010.00",,
2018/08/12,160,UNL,-,23530.0,23530.0,23060.0,23060.0,"23,060.00",0.0,0.0,"23,295.00",20.00,"24,010.00","465,900.00",2,-950.0,470.0,-3.96,2.04,-1.02,"30,702.00","23,530.00",,
2018/08/14,158,UNL,-,22599.0,22599.0,22151.0,22594.0,"22,594.00",0.0,0.0,"22,448.00",30.00,"23,060.00","673,440.00",3,-466.0,448.0,-2.02,2.02,0.65,"30,702.00","23,060.00",,
2018/08/16,163,UNL,-,23045.0,23975.0,23045.0,23975.0,"23,975.00",0.0,0.0,"23,508.33",30.00,"22,594.00","705,250.00",3,"1,381.00",930.0,6.11,4.04,1.95,"30,702.00","22,151.00",,
2018/08/19,157,UNL,-,23501.0,23501.0,23496.0,23496.0,"23,496.00",0.0,0.0,"23,498.50",40.00,"23,975.00","939,940.00",4,-479.0,5.0,-2.0,0.02,-0.01,"30,702.00","22,151.00",,
2018/08/20,157,UNL,-,23965.0,23965.0,23965.0,23965.0,"23,965.00",0.0,0.0,"23,965.00",10.00,"23,496.00","239,650.00",1,469.0,0.0,2.0,0.0,0.0,"30,702.00","22,151.00",,
2018/08/21,158,UNL,-,23501.0,23501.0,23501.0,23501.0,"23,501.00",0.0,0.0,"23,501.00",10.00,"23,965.00","235,010.00",1,-464.0,0.0,-1.94,0.0,0.0,"30,702.00","22,151.00",,
2018/08/23,156,UNL,-,23031.0,23031.0,22573.0,22573.0,"22,573.00",0.0,0.0,"22,802.00",20.00,"23,501.00","456,040.00",2,-928.0,458.0,-3.95,2.03,-1.01,"30,702.00","22,151.00",,
2018/10/24,150,UNL,-,22522.0,22522.0,22522.0,22522.0,"22,522.00",0.0,0.0,"22,522.00",10.00,"22,081.00","225,220.00",1,441.0,0.0,2.0,0.0,0.0,"30,000.00","21,649.00",,
2018/12/13,318,UNL,42.53,49737.0,49737.0,48743.0,48743.0,"48,743.00",0.0,0.0,"48,839.32",124.00,"49,737.00","6,056,075.30",15,-994.0,994.0,-2.0,2.04,-0.2,"52,700.00","43,800.00","46,878.82","46,697.07"
2019/01/30,164,UNL,-,20077.0,20077.0,19272.0,19272.0,"19,272.00",0.0,0.0,"19,602.67",120.00,"20,475.00","2,352,320.00",8,"-1,203.00",805.0,-5.88,4.18,-1.72,"28,000.00","19,272.00",,
2019/02/24,163,UNL,-,19237.0,19621.0,19237.0,19621.0,"19,621.00",0.0,0.0,"19,429.00",20.00,"18,860.00","388,580.00",2,761.0,384.0,4.03,2.0,0.98,"28,000.00","17,803.00",,
2019/05/13,165,UNL,-,20200.0,20200.0,20200.0,20200.0,"20,200.00",0.0,0.0,"20,200.00",20.00,"20,200.00","404,000.00",2,0.0,0.0,0.0,0.0,0.0,"27,570.00","17,803.00",,
2019/06/06,168,UNL,-,19210.0,19210.0,19210.0,19210.0,"19,210.00",0.0,0.0,"19,210.00",50.00,"19,600.00","960,500.00",1,-390.0,0.0,-1.99,0.0,0.0,"27,570.00","17,803.00",,
2019/08/19,318,UNL,42.53,49737.0,49737.0,48743.0,48743.0,"48,743.00",0.0,0.0,"48,839.32",124.00,"49,737.00","6,056,075.30",15,-994.0,994.0,-2.0,2.04,-0.2,"52,700.00","43,800.00","46,878.82","46,697.07"
2018/07/29,151,UNL,-,25450.0,25450.0,25000.0,25000.0,"25,000.00",0.0,0.0,"25,225.00",20.00,"25,000.00","504,500.00",2,0.0,450.0,0.0,1.8,-0.9,"30,702.00","24,425.30",,
2018/07/30,167,UNL,-,25000.0,25000.0,25000.0,25000.0,"25,000.00",0.0,0.0,"25,000.00",10.00,"25,000.00","250,000.00",1,0.0,0.0,0.0,0.0,0.0,"30,702.00","24,425.30",,
2018/08/05,157,UNL,-,24500.0,24500.0,24500.0,24500.0,"24,500.00",0.0,0.0,"24,500.00",10.00,"25,000.00","245,000.00",1,-500.0,0.0,-2.0,0.0,0.0,"30,702.00","24,425.30",,
2018/06/24,163,UNL,-,27500.0,27500.0,27500.0,27500.0,"27,019.00",481.0,0.02,"27,500.00",5.00,"27,019.00","137,500.00",1,481.0,0.0,1.78,0.0,0.0,"30,702.00","24,425.30",,
2018/06/26,158,UNL,-,26479.0,26479.0,26479.0,26479.0,"26,479.00",0.0,0.0,"26,479.00",10.00,"27,019.00","264,790.00",1,-540.0,0.0,-2.0,0.0,0.0,"30,702.00","24,425.30",,
2018/06/27,155,UNL,-,25950.0,25950.0,25950.0,25950.0,"25,950.00",0.0,0.0,"25,950.00",10.00,"26,479.00","259,500.00",1,-529.0,0.0,-2.0,0.0,0.0,"30,702.00","24,425.30",,
2018/06/28,162,UNL,-,25431.0,25900.0,25431.0,25900.0,"25,900.00",0.0,0.0,"25,538.40",50.00,"25,950.00","1,276,920.00",3,-50.0,469.0,-0.19,1.84,1.4,"30,702.00","24,425.30",,
2018/07/02,157,UNL,-,26000.0,26000.0,26000.0,26000.0,"26,000.00",0.0,0.0,"26,000.00",10.00,"25,900.00","260,000.00",1,100.0,0.0,0.39,0.0,0.0,"30,702.00","24,425.30",,
2018/07/03,159,UNL,-,26450.0,26450.0,26400.0,26450.0,"26,450.00",0.0,0.0,"26,425.00",20.00,"26,000.00","528,500.00",2,450.0,50.0,1.73,0.19,0.09,"30,702.00","24,425.30",,
2018/07/05,165,UNL,-,25921.0,25921.0,25403.0,25403.0,"25,403.00",0.0,0.0,"25,662.00",20.00,"26,450.00","513,240.00",2,"-1,047.00",518.0,-3.96,2.04,-1.02,"30,702.00","24,425.30",,
2018/07/08,164,UNL,-,24895.0,25800.0,24895.0,25800.0,"25,800.00",0.0,0.0,"25,362.33",30.00,"25,403.00","760,870.00",3,397.0,905.0,1.56,3.64,1.7,"30,702.00","24,425.30",,
2018/07/10,157,UNL,-,25284.0,25500.0,25000.0,25000.0,"25,000.00",0.0,0.0,"25,261.33",30.00,"25,800.00","757,840.00",3,-800.0,500.0,-3.1,2.0,-1.05,"30,702.00","24,425.30",,
2018/05/28,165,UNL,-,25989.0,25989.0,25989.0,25989.0,"25,989.00",0.0,0.0,"25,989.00",50.00,"25,480.00","1,299,450.00",1,509.0,0.0,2.0,0.0,0.0,"30,702.00","24,425.30",,
2018/05/31,161,UNL,-,25472.0,25472.0,25472.0,25472.0,"25,472.00",0.0,0.0,"25,472.00",20.00,"25,989.00","509,440.00",1,-517.0,0.0,-1.99,0.0,0.0,"30,702.00","24,425.30",,
2018/06/03,152,UNL,-,25981.0,26500.0,25981.0,26500.0,"26,500.00",0.0,0.0,"26,240.50",20.00,"25,472.00","524,810.00",2,"1,028.00",519.00,4.04,2.0,0.98,"30,702.00","24,425.30",,
2018/06/07,163,UNL,-,26500.0,26500.0,26500.0,26500.0,"26,500.00",0.0,0.0,"26,500.00",40.00,"26,500.00","1,060,000.00",2,0.0,0.0,0.0,0.0,0.0,"30,702.00","24,425.30",,
2018/06/14,161,UNL,-,27030.0,27570.0,27030.0,27570.0,"27,570.00",0.0,0.0,"27,300.00",20.00,"26,500.00","546,000.00",2,"1,070.00",540.0,4.04,2.0,0.98,"30,702.00","24,425.30",,
2018/06/17,156,UNL,-,27019.0,27019.0,27019.0,27019.0,"27,019.00",0.0,0.0,"27,019.00",10.00,"27,570.00","270,190.00",1,-551.0,0.0,-2.0,0.0,0.0,"30,702.00","24,425.30",,
2018/05/02,156,UNL,-,26200.0,26200.0,26200.0,26200.0,"26,200.00",0.0,0.0,"26,200.00",10.00,"26,692.00","262,000.00",1,-492.0,0.0,-1.84,0.0,0.0,"30,702.00","24,425.30",,
2018/05/03,167,UNL,-,26500.0,26500.0,26000.0,26000.0,"26,000.00",0.0,0.0,"26,333.33",30.00,"26,200.00","790,000.00",2,-200.0,500.0,-0.76,1.92,-1.28,"30,702.00","24,425.30",,
2018/05/08,162,UNL,-,26000.0,26000.0,26000.0,26000.0,"26,000.00",0.0,0.0,"26,000.00",30.00,"26,000.00","780,000.00",1,0.0,0.0,0.0,0.0,0.0,"30,702.00","24,425.30",,
2018/05/16,318,UNL,42.53,49737.0,49737.0,48743.0,48743.0,"48,743.00",0.0,0.0,"48,839.32",124.00,"49,737.00","6,056,075.30",15,-994.0,994.0,-2.0,2.04,-0.2,"52,700.00","43,800.00","46,878.82","46,697.07"
2018/04/06,318,UNL,42.53,49737.0,49737.0,48743.0,48743.0,"48,743.00",0.0,0.0,"48,839.32",124.00,"49,737.00","6,056,075.30",15,-994.0,994.0,-2.0,2.04,-0.2,"52,700.00","43,800.00","46,878.82","46,697.07"
2018/04/10,157,UNL,-,26200.0,26200.0,25163.0,25163.0,"25,163.00",0.0,0.0,"26,157.81",370.00,"26,500.00","9,678,390.00",3,"-1,337.00","1,037.00",-5.05,4.12,-3.95,"30,702.00","24,425.30",,
2018/04/11,156,UNL,-,25666.0,25666.0,25666.0,25666.0,"25,666.00",0.0,0.0,"25,666.00",30.00,"25,163.00","769,980.00",1,503.0,0.0,2.0,0.0,0.0,"30,702.00","24,425.30",,
2018/04/12,161,UNL,-,25153.0,26169.0,25153.0,26169.0,"26,169.00",0.0,0.0,"25,659.33",30.00,"25,666.00","769,780.00",3,503.0,"1,016.00",1.96,4.04,1.95,"30,702.00","24,425.30",,
2018/04/17,163,UNL,-,26692.0,26692.0,26692.0,26692.0,"26,692.00",0.0,0.0,"26,692.00",10.00,"26,169.00","266,920.00",1,523.0,0.0,2.0,0.0,0.0,"30,702.00","24,425.30",,
2018/03/13,153,UNL,-,26264.0,26264.0,26200.0,26200.0,"26,200.00",0.0,0.0,"26,262.72",500.00,"26,800.00","13,131,360.00",2,-600.0,64.0,-2.24,0.24,-0.24,"30,702.00","24,425.30",,
2018/03/14,152,UNL,-,26200.0,26200.0,26200.0,26200.0,"26,200.00",0.0,0.0,"26,200.00",20.00,"26,200.00","524,000.00",1,0.0,0.0,0.0,0.0,0.0,"30,702.00","24,425.30",,
2018/03/15,148,UNL,-,25676.0,25676.0,25676.0,25676.0,"25,676.00",0.0,0.0,"25,676.00",20.00,"26,200.00","513,520.00",1,-524.0,0.0,-2.0,0.0,0.0,"30,702.00","24,425.30",,
2018/03/18,150,UNL,-,25163.0,25163.0,25163.0,25163.0,"25,163.00",0.0,0.0,"25,163.00",10.00,"25,676.00","251,630.00",1,-513.0,0.0,-2.0,0.0,0.0,"30,702.00","24,425.30",,
2018/03/20,157,UNL,-,24701.0,24701.0,24701.0,24701.0,"24,701.00",0.0,0.0,"24,701.00",10.00,"25,163.00","247,010.00",1,-462.0,0.0,-1.84,0.0,0.0,"30,702.00","24,425.30",,
2018/03/21,150,UNL,-,25195.0,26211.0,25195.0,26211.0,"26,211.00",0.0,0.0,"25,701.33",30.00,"24,701.00","771,040.00",3,"1,510.00","1,016.00",6.11,4.03,1.94,"30,702.00","24,425.30",,
2018/03/22,155,UNL,-,25687.0,25687.0,25174.0,25677.0,"25,677.00",0.0,0.0,"25,512.67",30.00,"26,211.00","765,380.00",3,-534.0,513.0,-2.04,2.04,0.64,"30,702.00","24,425.30",,
2018/03/26,153,UNL,-,25164.0,25667.0,24651.0,24651.0,"24,651.00",0.0,0.0,"25,159.00",40.00,"25,677.00","1,006,360.00",4,"-1,026.00","1,016.00",-4.0,4.12,-2.06,"30,702.00","24,425.30",,
2018/03/28,158,UNL,-,24651.0,25145.0,24651.0,25145.0,"25,145.00",0.0,0.0,"25,135.41","1,030.00","24,651.00","25,889,470.00",4,494.0,494.0,2.0,2.0,0.04,"30,702.00","24,425.30",,
2018/04/01,154,UNL,-,25145.0,25647.0,25145.0,25145.0,"25,145.00",0.0,0.0,"25,154.84",510.00,"25,145.00","12,828,970.00",3,0.0,502.0,0.0,2.0,-0.04,"30,702.00","24,425.30",,
2018/04/02,153,UNL,-,24643.0,24643.0,24643.0,24643.0,"24,643.00",0.0,0.0,"24,643.00",10.00,"25,145.00","246,430.00",1,-502.0,0.0,-2.0,0.0,0.0,"30,702.00","24,425.30",,
2018/04/03,157,UNL,-,25135.0,25637.0,25135.0,25637.0,"25,637.00",0.0,0.0,"25,386.00",20.00,"24,643.00","507,720.00",2,994.0,502.0,4.03,2.0,0.98,"30,702.00","24,425.30",,
2018/04/04,159,UNL,-,26000.0,26000.0,26000.0,26000.0,"26,000.00",0.0,0.0,"26,000.00",20.00,"25,637.00","520,000.00",1,363.0,0.0,1.42,0.0,0.0,"30,702.00","24,425.30",,
2018/02/12,153,UNL,-,28000.0,27440.0,27440.0,27440.0,"27,440.00",0.0,0.0,"27,440.00",20.00,"28,000.00","548,800.00",1,-560.0,0.0,0.0,0.0,0.0,0.0,0.0,,
2018/02/15,162,UNL,-,27440.0,27988.0,27988.0,27988.0,"27,988.00",0.0,0.0,"27,988.00",100.00,"27,440.00","2,798,800.00",1,548.0,0.0,0.0,0.0,0.0,0.0,0.0,,
2018/02/18,156,UNL,-,27429.0,27977.0,27429.0,27977.0,"27,977.00",0.0,0.0,"27,611.67",30.00,"27,988.00","828,350.00",2,-11.0,548.0,-0.04,2.0,1.31,"30,702.00","24,425.30",,
2018/02/20,157,UNL,-,27418.0,27418.0,27418.0,27418.0,"27,418.00",0.0,0.0,"27,418.00",10.00,"27,977.00","274,180.00",1,-559.0,0.0,-2.0,0.0,0.0,"30,702.00","24,425.30",,
2018/02/22,155,UNL,-,27966.0,27966.0,27966.0,27966.0,"27,966.00",0.0,0.0,"27,966.00",10.00,"27,418.00","279,660.00",1,548.0,0.0,2.0,0.0,0.0,"30,702.00","24,425.30",,
2018/02/25,318,UNL,42.53,49737.0,49737.0,48743.0,48743.0,"48,743.00",0.0,0.0,"48,839.32",124.00,"49,737.00","6,056,075.30",15,-994.0,994.0,-2.0,2.04,-0.2,"52,700.00","43,800.00","46,878.82","46,697.07"
2018/02/26,147,UNL,-,28000.0,28000.0,27440.0,27440.0,"27,440.00",0.0,0.0,"27,720.00",20.00,"27,966.00","554,400.00",2,-526.00,560.00,-1.88,2.04,-1.02,"30,702.00","24,425.30",,
2018/02/28,157,UNL,-,27800.0,27800.0,27800.0,27800.0,"27,800.00",0.0,0.0,"27,800.00",10.00,"27,440.00","278,000.00",1,360.0,0.0,1.31,0.0,0.0,"30,702.00","24,425.30",,
2018/03/07,155,UNL,-,27244.0,27244.0,27244.0,27244.0,"27,244.00",0.0,0.0,"27,244.00",10.00,"27,800.00","272,440.00",1,-556.0,0.0,-2.0,0.0,0.0,"30,702.00","24,425.30",,
2018/03/11,155,UNL,-,26700.0,26700.0,26700.0,26700.0,"26,700.00",0.0,0.0,"26,700.00",10.00,"27,244.00","267,000.00",1,-544.0,0.0,-2.0,0.0,0.0,"30,702.00","24,425.30",,
2018/01/17,155,UNL,-,27756.0,27756.0,27756.0,27756.0,"27,756.00",0.0,0.0,"27,756.00",200.00,"27,756.00","5,551,200.00",5,0.0,0.0,0.0,0.0,0.0,0.0,0.0,,
2018/01/21,162,UNL,-,27756.0,28311.0,28311.0,28311.0,"28,311.00",0.0,0.0,"28,311.00",10.00,"27,756.00","283,110.00",1,555.0,0.0,0.0,0.0,0.0,0.0,0.0,,
2018/01/23,152,UNL,-,28311.0,28000.0,28000.0,28311.0,"28,311.00",0.0,0.0,"25,457.74",848.00,"28,311.00","21,588,164.00",3,0.0,0.0,0.0,0.0,10.08,0.0,0.0,,
2018/01/28,155,UNL,-,28311.0,28000.0,28000.0,28000.0,"28,000.00",0.0,0.0,"28,000.00",190.00,"28,311.00","5,320,000.00",3,-311.0,0.0,0.0,0.0,0.0,0.0,0.0,,
2018/02/08,149,UNL,-,28000.0,28000.0,28000.0,28000.0,"28,000.00",0.0,0.0,"28,000.00",30.00,"28,000.00","840,000.00",1,0.0,0.0,0.0,0.0,0.0,0.0,0.0,,
2017/12/19,162,UNL,-,28600.0,28800.0,28800.0,28800.0,"28,800.00",0.0,0.0,"28,800.00",10.00,"28,600.00","288,000.00",1,200.0,0.0,0.0,0.0,0.0,0.0,0.0,,
2017/12/24,156,UNL,-,28800.0,28224.0,28200.0,28200.0,"28,200.00",0.0,0.0,"28,212.00",20.00,"28,800.00","564,240.00",2,-600.0,24.0,0.0,0.09,-0.04,0.0,0.0,,
2017/12/28,159,UNL,-,28200.0,28200.0,28200.0,28200.0,"28,200.00",0.0,0.0,"28,200.00",30.00,"28,200.00","846,000.00",1,0.0,0.0,0.0,0.0,0.0,0.0,0.0,,
2017/12/31,155,UNL,-,28200.0,28500.0,28500.0,28500.0,"28,500.00",0.0,0.0,"28,500.00",10.00,"28,200.00","285,000.00",1,300.0,0.0,0.0,0.0,0.0,0.0,0.0,,
2018/01/01,160,UNL,-,28500.0,29070.0,28501.0,28501.0,"28,501.00",0.0,0.0,"28,785.50",20.00,"28,500.00","575,710.00",2,1.00,569.00,0.0,2.0,-1.0,0.0,0.0,,
2018/01/03,152,UNL,-,28501.0,29300.0,28900.0,28900.0,"28,900.00",0.0,0.0,"28,995.92",245.00,"28,501.00","7,104,000.00",7,399.0,400.0,0.0,1.38,-0.33,0.0,0.0,,
2018/01/10,154,UNL,-,28900.0,28322.0,28322.0,28322.0,"28,322.00",0.0,0.0,"28,322.00",20.00,"28,900.00","566,440.00",1,-578.0,0.0,0.0,0.0,0.0,0.0,0.0,,
2017/11/23,161,UNL,-,28700.0,29000.0,29000.0,29000.0,"29,000.00",0.0,0.0,"29,000.00",40.00,"28,700.00","1,160,000.00",2,300.0,0.0,0.0,0.0,0.0,0.0,0.0,,
2017/11/28,160,UNL,-,29000.0,28700.0,28700.0,28700.0,"28,700.00",0.0,0.0,"28,700.00",30.00,"29,000.00","861,000.00",1,-300.0,0.0,0.0,0.0,0.0,0.0,0.0,,
2017/11/30,161,UNL,-,28700.0,28800.0,28701.0,28701.0,"28,701.00",0.0,0.0,"28,750.50",20.00,"28,700.00","575,010.00",2,1.0,99.0,0.0,0.34,-0.17,0.0,0.0,,
2017/12/12,154,UNL,-,28701.0,29000.0,28500.0,28500.0,"28,500.00",0.0,0.0,"28,550.00",100.00,"28,701.00","2,855,000.00",2,-201.0,500.0,0.0,1.75,-0.18,0.0,0.0,,
2017/12/13,160,UNL,-,28500.0,28600.0,28500.0,28600.0,"28,600.00",0.0,0.0,"28,550.00",20.00,"28,500.00","571,000.00",2,100.0,100.0,0.0,0.35,0.17,0.0,0.0,,
2017/11/01,156,UNL,-,28000.0,28560.0,28560.0,28560.0,"28,560.00",0.0,0.0,"28,560.00",10.00,"28,000.00","285,600.00",1,560.0,0.0,0.0,0.0,0.0,0.0,0.0,,
2017/11/05,156,UNL,-,28560.0,27990.0,27990.0,27990.0,"27,990.00",0.0,0.0,"27,990.00",20.00,"28,560.00","559,800.00",2,-570.0,0.0,0.0,0.0,0.0,0.0,0.0,,
2017/11/08,157,UNL,-,27990.0,29001.0,28549.0,29001.0,"29,001.00",0.0,0.0,"28,850.33",30.00,"27,990.00","865,510.00",2,"1,011.00",452.0,0.0,1.58,0.52,0.0,0.0,,
2017/11/12,156,UNL,-,29001.0,29001.0,28450.0,29001.0,"29,001.00",0.0,0.0,"28,634.00",30.00,"29,001.00","859,020.00",3,0.0,551.0,0.0,1.94,1.27,0.0,0.0,,
2017/11/14,161,UNL,-,29001.0,30000.0,29090.0,30000.0,"30,000.00",0.0,0.0,"29,450.40",150.00,"29,001.00","4,417,560.00",7,999.0,910.0,0.0,3.13,1.83,0.0,0.0,,
2017/11/16,318,UNL,42.53,49737.0,49737.0,48743.0,48743.0,"48,743.00",0.0,0.0,"48,839.32",124.00,"49,737.00","6,056,075.30",15,-994.0,994.0,-2.0,2.04,-0.2,"52,700.00","43,800.00","46,878.82","46,697.07"
2017/11/19,153,UNL,-,29000.0,28988.0,28420.0,28988.0,"28,988.00",0.0,0.0,"28,921.80",100.00,"29,000.00","2,892,180.00",4,-12.0,568.0,0.0,2.0,0.23,0.0,0.0,,
2017/10/19,318,UNL,42.53,49737.0,49737.0,48743.0,48743.0,"48,743.00",0.0,0.0,"48,839.32",124.00,"49,737.00","6,056,075.30",15,-994.0,994.0,-2.0,2.04,-0.2,"52,700.00","43,800.00","46,878.82","46,697.07"
2017/10/23,153,UNL,-,30500.0,30000.0,29400.0,29400.0,"29,400.00",0.0,0.0,"29,700.00",20.00,"30,500.00","594,000.00",2,"-1,100.00",600.0,0.0,2.04,-1.02,0.0,0.0,,
2017/10/25,156,UNL,-,29400.0,28812.0,28812.0,28812.0,"28,812.00",0.0,0.0,"28,812.00",10.00,"29,400.00","288,120.00",1,-588.0,0.0,0.0,0.0,0.0,0.0,0.0,,
2017/08/28,156,UNL,-,30000.0,30200.0,30100.0,30100.0,"30,100.00",0.0,0.0,"30,102.04",500.00,"30,000.00","15,051,020.00",10,100.0,100.0,0.0,0.33,-0.01,0.0,0.0,,
2017/08/30,151,UNL,-,30100.0,30702.0,30702.0,30702.0,"30,702.00",0.0,0.0,"30,702.00",10.00,"30,100.00","307,020.00",1,602.0,0.0,0.0,0.0,0.0,0.0,0.0,,
2017/09/06,318,UNL,42.53,49737.0,49737.0,48743.0,48743.0,"48,743.00",0.0,0.0,"48,839.32",124.00,"49,737.00","6,056,075.30",15,-994.0,994.0,-2.0,2.04,-0.2,"52,700.00","43,800.00","46,878.82","46,697.07"
2017/09/11,158,UNL,-,30088.0,30088.0,30000.0,30000.0,"30,000.00",0.0,0.0,"30,044.00",20.00,"30,088.00","600,880.00",2,-88.0,88.0,0.0,0.29,-0.15,0.0,0.0,,
2017/09/12,151,UNL,-,30000.0,30001.0,30000.0,30000.0,"30,000.00",0.0,0.0,"30,000.17",180.00,"30,000.00","5,400,030.00",5,0.0,1.0,0.0,0.0,0.0,0.0,0.0,,
2017/09/13,157,UNL,-,30000.0,30000.0,30000.0,30000.0,"30,000.00",0.0,0.0,"30,000.00",180.00,"30,000.00","5,400,000.00",3,0.0,0.0,0.0,0.0,0.0,0.0,0.0,,
2017/09/14,157,UNL,-,30000.0,30600.0,30450.0,30500.0,"30,500.00",0.0,0.0,"30,516.67",30.00,"30,000.00","915,500.00",3,500.00,150.00,0.0,0.49,-0.05,0.0,0.0,,
2017/08/01,155,UNL,-,30000.0,30000.0,30000.0,30000.0,"30,000.00",0.0,0.0,"30,000.00",10.00,"30,000.00","300,000.00",1,0.0,0.0,0.0,0.0,0.0,0.0,0.0,,
2017/08/07,155,UNL,-,30000.0,30001.0,30001.0,30001.0,"30,001.00",0.0,0.0,"30,001.00",10.00,"30,000.00","300,010.00",1,1.0,0.0,0.0,0.0,0.0,0.0,0.0,,
2017/08/13,157,UNL,-,30001.0,30001.0,30001.0,30001.0,"30,001.00",0.0,0.0,"30,001.00",30.00,"30,001.00","900,030.00",2,0.0,0.0,0.0,0.0,0.0,0.0,0.0,,
2017/08/17,162,UNL,-,30001.0,29950.0,29950.0,29950.0,"29,950.00",0.0,0.0,"29,950.00",30.00,"30,001.00","898,500.00",1,-51.0,0.0,0.0,0.0,0.0,0.0,0.0,,
2017/08/22,158,UNL,-,29950.0,29950.0,29950.0,29950.0,"29,950.00",0.0,0.0,"29,950.00",10.00,"29,950.00","299,500.00",1,0.0,0.0,0.0,0.0,0.0,0.0,0.0,,
2017/07/09,145,UNL,-,29000.0,29000.0,29000.0,29000.0,"29,000.00",0.0,0.0,"29,000.00",170.00,"29,000.00","4,930,000.00",2,0.0,0.0,0.0,0.0,0.0,0.0,0.0,,
2017/07/10,146,UNL,-,29000.0,30069.0,29480.0,30069.0,"30,069.00",0.0,0.0,"30,023.69",390.00,"29,000.00","11,709,240.00",2,"1,069.00",589.0,0.0,2.0,0.15,0.0,0.0,,
2017/07/13,147,UNL,-,30069.0,29800.0,29204.0,29204.0,"29,204.00",0.0,0.0,"29,502.00",40.00,"30,069.00","1,180,080.00",2,-865.0,596.0,0.0,2.04,-1.02,0.0,0.0,,
2017/07/16,146,UNL,-,29204.0,29200.0,29200.0,29200.0,"29,200.00",0.0,0.0,"29,200.00",10.00,"29,204.00","292,000.00",1,-4.0,0.0,0.0,0.0,0.0,0.0,0.0,,
2017/07/17,151,UNL,-,29200.0,29201.0,29200.0,29200.0,"29,200.00",0.0,0.0,"29,200.43",35.00,"29,200.00","1,022,015.00",3,0.0,1.0,0.0,0.0,0.0,0.0,0.0,,
2017/07/19,152,UNL,-,29200.0,28700.0,28700.0,28700.0,"28,700.00",0.0,0.0,"28,700.00",10.00,"29,200.00","287,000.00",1,-500.0,0.0,0.0,0.0,0.0,0.0,0.0,,
2017/07/20,152,UNL,-,28700.0,29000.0,29000.0,29000.0,"29,000.00",0.0,0.0,"29,000.00",100.00,"28,700.00","2,900,000.00",2,300.0,0.0,0.0,0.0,0.0,0.0,0.0,,
2017/07/24,150,UNL,-,29000.0,29000.0,29000.0,29000.0,"29,000.00",0.0,0.0,"29,000.00",110.00,"29,000.00","3,190,000.00",2,0.00,0.00,0.0,0.0,0.0,0.0,0.0,,
2017/07/25,153,UNL,-,29000.0,29300.0,29300.0,29300.0,"29,300.00",0.0,0.0,"29,300.00",150.00,"29,000.00","4,395,000.00",4,300.00,0.00,0.0,0.0,0.0,0.0,0.0,,
2017/07/27,147,UNL,-,29300.0,29886.0,29886.0,29886.0,"29,886.00",0.0,0.0,"29,886.00",80.00,"29,300.00","2,390,880.00",2,586.00,0.00,0.0,0.0,0.0,0.0,0.0,,
2017/06/12,318,UNL,42.53,49737.0,49737.0,48743.0,48743.0,"48,743.00",0.0,0.0,"48,839.32",124.00,"49,737.00","6,056,075.30",15,-994.0,994.0,-2.0,2.04,-0.2,"52,700.00","43,800.00","46,878.82","46,697.07"
2017/06/14,145,UNL,-,30000.0,29400.0,29400.0,29400.0,"29,400.00",0.0,0.0,"29,400.00",10.00,"30,000.00","294,000.00",1,-600.0,0.0,0.0,0.0,0.0,0.0,0.0,,
2017/07/02,145,UNL,-,29400.0,29000.0,29000.0,29000.0,"29,000.00",0.0,0.0,"29,000.00",10.00,"29,400.00","290,000.00",1,-400.0,0.0,0.0,0.0,0.0,0.0,0.0,,
2017/04/16,133,UNL,-,29976.0,30000.0,28812.0,28812.0,"28,812.00",0.0,0.0,"29,642.40",50.00,"29,976.00","1,482,120.00",3,"-1,164.00","1,188.00",0.0,4.12,-2.88,0.0,0.0,,
2017/06/11,143,UNL,-,30000.0,30000.0,30000.0,30000.0,"30,000.00",0.0,0.0,"30,000.00",15.00,"30,000.00","450,000.00",1,0.0,0.0,0.0,0.0,0.0,0.0,0.0,,
2017/07/31,151,UNL,-,29886.0,30000.0,30000.0,30000.0,"30,000.00",0.0,0.0,"30,000.00",10.00,"29,886.00","300,000.00",1,114.0,0.00,0.0,0.0,0.0,0.0,0.0,,
2017/08/27,160,UNL,-,29950.0,30000.0,30000.0,30000.0,"30,000.00",0.0,0.0,"30,000.00",10.00,"29,950.00","300,000.00",1,50.0,0.0,0.0,0.0,0.0,0.0,0.0,,
2017/10/29,156,UNL,-,28812.0,28240.0,28000.0,28000.0,"28,000.00",0.0,0.0,"28,120.00",20.00,"28,812.00","562,400.00",2,-812.0,240.0,0.0,0.86,-0.43,0.0,0.0,,
2017/11/21,156,UNL,-,28988.0,28700.0,28700.0,28700.0,"28,700.00",0.0,0.0,"28,700.00",10.00,"28,988.00","287,000.00",1,-288.0,0.0,0.0,0.0,0.0,0.0,0.0,,
2018/01/14,149,UNL,-,28322.0,27756.0,27756.0,27756.0,"27,756.00",0.0,0.0,"27,756.00",20.00,"28,322.00","555,120.00",1,-566.0,0.0,0.0,0.0,0.0,0.0,0.0,,
2018/03/12,151,UNL,-,26900.0,26900.0,26800.0,26800.0,"26,800.00",0.0,0.0,"26,893.75",160.00,"26,700.00","4,303,000.00",3,100.0,100.0,0.37,0.37,-0.35,"30,702.00","24,425.30",,
2018/04/05,165,UNL,-,26500.0,26500.0,26500.0,26500.0,"26,500.00",0.0,0.0,"26,500.00",10.00,"26,000.00","265,000.00",1,500.0,0.0,1.92,0.0,0.0,"30,702.00","24,425.30",,
2018/08/07,155,UNL,-,24300.0,24300.0,24010.0,24010.0,"24,010.00",0.0,0.0,"24,155.00",20.00,"24,500.00","483,100.00",2,-490.0,290.0,-2.0,1.21,-0.6,"30,702.00","24,425.30",,
2017/05/18,144,UNL,-,29580.0,29580.0,29580.0,29580.0,"29,580.00",0.0,0.0,"29,580.00",15.00,"29,580.00","443,700.00",1,0.0,0.0,0.0,0.0,0.0,0.0,0.0,,
2017/05/28,145,UNL,-,29580.0,29580.0,29580.0,29580.0,"29,580.00",0.0,0.0,"29,580.00",20.00,"29,580.00","591,600.00",2,0.0,0.0,0.0,0.0,0.0,0.0,0.0,,
2017/06/05,146,UNL,-,29580.0,30170.0,30170.0,30170.0,"30,170.00",0.0,0.0,"30,170.00",10.00,"29,580.00","301,700.00",1,590.0,0.0,0.0,0.0,0.0,0.0,0.0,,
2017/06/08,146,UNL,-,30170.0,30000.0,30000.0,30000.0,"30,000.00",0.0,0.0,"30,000.00",15.00,"30,170.00","450,000.00",1,-170.0,0.0,0.0,0.0,0.0,0.0,0.0,,
2017/04/18,139,UNL,-,28812.0,29000.0,28224.0,29000.0,"29,000.00",0.0,0.0,"28,816.86",280.00,"28,812.00","8,068,720.00",7,188.0,776.0,0.0,2.75,0.63,0.0,0.0,,
2017/04/20,141,UNL,-,29000.0,29000.0,29000.0,29000.0,"29,000.00",0.0,0.0,"29,000.00",100.00,"29,000.00","2,900,000.00",1,0.0,0.00,0.0,0.0,0.0,0.0,0.0,,
2017/04/23,140,UNL,-,29000.0,29580.0,29580.0,29580.0,"29,580.00",0.0,0.0,"29,580.00",10.00,"29,000.00","295,800.00",1,580.00,0.0,0.0,0.0,0.0,0.0,0.0,,
2017/04/26,143,UNL,-,29580.0,29000.0,29000.0,29000.0,"29,000.00",0.0,0.0,"29,000.00",130.00,"29,580.00","3,770,000.00",3,-580.00,0.00,0.0,0.0,0.0,0.0,0.0,,
2017/04/30,318,UNL,42.53,49737.0,49737.0,48743.0,48743.0,"48,743.00",0.0,0.0,"48,839.32",124.00,"49,737.00","6,056,075.30",15,-994.0,994.0,-2.0,2.04,-0.2,"52,700.00","43,800.00","46,878.82","46,697.07"
2017/05/02,141,UNL,-,29580.0,29580.0,29580.0,29580.0,"29,580.00",0.0,0.0,"29,580.00",10.00,"29,580.00","295,800.00",1,0.0,0.0,0.0,0.0,0.0,0.0,0.0,,
2017/03/30,137,UNL,-,30200.0,30000.0,29400.0,29988.0,"29,988.00",0.0,0.0,"29,698.00",60.00,"30,200.00","1,781,880.00",3,-212.0,600.0,0.0,2.04,0.97,0.0,0.0,,
2017/04/02,130,UNL,-,29988.0,30587.0,30587.0,30587.0,"30,587.00",0.0,0.0,"30,587.00",10.00,"29,988.00","305,870.00",1,599.00,0.00,0.0,0.0,0.0,0.0,0.0,,
2017/04/09,139,UNL,-,30587.0,29976.0,29976.0,29976.0,"29,976.00",0.0,0.0,"29,976.00",30.00,"30,587.00","899,280.00",1,-611.0,0.00,0.0,0.0,0.0,0.0,0.0,,
2017/02/22,132,UNL,-,29000.0,29000.0,29000.0,29000.0,"29,000.00",0.0,0.0,"29,000.00",10.00,"29,000.00","290,000.00",1,0.0,0.0,0.0,0.0,0.0,0.0,0.0,,
2017/02/28,128,UNL,-,29000.0,29000.0,29000.0,29000.0,"29,000.00",0.0,0.0,"29,000.00",10.00,"29,000.00","290,000.00",1,0.0,0.0,0.0,0.0,0.0,0.0,0.0,,
2017/03/01,132,UNL,-,29000.0,29580.0,29000.0,29580.0,"29,580.00",0.0,0.0,"29,290.00",20.00,"29,000.00","585,800.00",2,580.0,580.0,0.0,2.0,0.98,0.0,0.0,,
2017/03/05,137,UNL,-,29580.0,30000.0,29580.0,30000.0,"30,000.00",0.0,0.0,"29,626.67",90.00,"29,580.00","2,666,400.00",3,420.0,420.0,0.0,1.42,1.24,0.0,0.0,,
2017/03/06,136,UNL,-,30000.0,30200.0,30200.0,30200.0,"30,200.00",0.0,0.0,"30,200.00",10.00,"30,000.00","302,000.00",1,200.0,0.0,0.0,0.0,0.0,0.0,0.0,,
2017/03/13,129,UNL,-,30200.0,30200.0,30200.0,30200.0,"30,200.00",0.0,0.0,"30,200.00",50.00,"30,200.00","1,510,000.00",2,0.0,0.0,0.0,0.0,0.0,0.0,0.0,,
2017/01/25,130,UNL,-,28090.0,28651.0,28651.0,28651.0,"28,651.00",0.0,0.0,"28,651.00",20.00,"28,090.00","573,020.00",1,561.00,0.00,0.0,0.0,0.0,0.0,0.0,,
2017/01/31,132,UNL,-,28651.0,29000.0,29000.0,29000.0,"29,000.00",0.0,0.0,"29,000.00",10.00,"28,651.00","290,000.00",1,349.0,0.0,0.0,0.0,0.0,0.0,0.0,,
